ID,Nome,Email,CPF,Telefone,Cidade,Estado,Data_Cadastro,Data_Hora_Geracao
C00001,Rafael Lima,rafael.lima1@gmail.com,350.328.242-23,(97) 989352424,Brasília,DF,2025-04-24,2026-09-23 16:55:35
C00002,Isadora Teixeira,isadora.teixeira2@gmail.com,195.323.338-74,(88) 904344257,São Paulo,SP,2025-08-23,2026-09-23 16:55:35
C00003,Lorena Rodrigues,lorena.rodrigues3@live.com,559.703.384-10,(31) 969246574,Florianópolis,SC,2023-07-24,2026-09-23 16:55:35
C00004,Yasmin Nunes,yasmin.nunes4@yahoo.com,204.194.489-22,(56) 956355333,Recife,PE,2022-03-30,2026-09-23 16:55:35
C00005,Maria Eduarda Lopes,maria.eduarda.lopes5@bol.com.br,487.180.665-47,(91) 959254150,Belo Horizonte,MG,2025-12-13,2026-09-23 16:55:35
C00006,Igor Martins,igor.martins6@gmail.com,891.396.181-39,(23) 962275554,Florianópolis,SC,2024-07-17,2026-09-23 16:55:35
C00007,Amanda Braga,amanda.braga7outlook.com,463.314.786-44,(98) 911693803,Fortaleza,CE,2024-12-29,2026-09-23 16:55:35
C00008,Leonardo Pinto,leonardo.pinto8@outlook.com,488.376.755-98,(82) 935986313,Uberlândia,MG,2022-04-25,2026-09-23 16:55:35
C00009,João Pedro Batista,joao.pedro.batista9@gmx.com,924.423.510-44,(19) 934566155,Poços de Caldas,MG,2023-03-12,2026-09-23 16:55:35
C00010,Pedro Henrique Souza,pedro.henrique.souza10@live.com,246.371.242-41,(82) 988305304,Uberlândia,MG,2025-04-12,2026-09-23 16:55:35
C00011,Isadora Teixeira,isadora.teixeira11@fastmail.com,508.470.324-27,(76) 980852489,Londrina,PR,2022-04-07,2026-09-23 16:55:35
C00012,Rafael Lima,rafael.lima12@outlook.com,911.796.532-86,(19) 963047252,Curitiba,PR,2025-05-05,2026-09-23 16:55:35
C00013,Enzo Barbosa,enzo.barbosa13@bol.com.br,666.981.111-97,(25) 987975371,Brasília,DF,2025-08-05,2026-09-23 16:55:35
C00014,Xênia Brandão,xenia.brandao14@hotmail.com,545.261.564-10,(44) 982013927,Salvador,,2024-11-05,2026-09-23 16:55:35
C00015,Patricia Carvalho,patricia.carvalho15@gmx.com,961.754.619-87,(36) 925047126,Salvador,BA,2022-11-27,2026-09-23 16:55:35
C00016,Lorena Rodrigues,lorena.rodrigues16@mail.com,100.713.431-72,(13) 918326947,Santos,SP,2023-09-22,2026-09-23 16:55:35
C00017,Karina Lopes,karina.lopes17@gmail.com,999.680.180-20,(73) 911339727,Florianópolis,SC,2022-09-15,2026-09-23 16:55:35
C00018,Thiago Mendes,thiago.mendes18@globo.com,662.269.371-77,(88)969324470,Sorocaba,SP,2025-01-09,2026-09-23 16:55:35
C00019,Felipe Moreira,felipe.moreira19@zoho.com,508.787.765-57,(67) 984798397,Salvador,BA,2022-09-05,2026-09-23 16:55:35
C00020,Leonardo Pinto,leonardo.pinto20@yahoo.com,446.121.702-80,(40) 996414608,Campinas,SP,2022-01-15,2026-09-23 16:55:35
C00021,Juliana Ferreira,juliana.ferreira21@zoho.com,334.169.132-52 ,(20) 984234899,Poços de Caldas,MG,2023-07-25,2026-09-23 16:55:35
C00022,Valentina Dias,valentina.dias22@yahoo.com,235.840.684-83,(71) 939818749,Juiz de Fora,MG,20240413,2026-09-23 16:55:35
C00023,Elisa Pacheco,elisa.pacheco23@hotmail.com,774.541.462-64,(63) 976511887,Belo Horizonte,MG,2025-10-11,2026-09-23 16:55:35
C00024,Nicolas Ribeiro,nicolas.ribeiro24@gmail.com,845.447.919-23,(42) 931394116,Goiânia,GO,2025-01-03,2026-09-23 16:55:35
C00025,João Victor Alves,joao.victor.alves25@outlook.com,287.385.573-41,(20) 972602604,Ribeirão Preto,SP,2022-04-14,2026-09-23 16:55:35
C00026,Lorena Rodrigues,lorena.rodrigues26@gmx.com,195.871.969-40,(32) 966588956,São Paulo,SP,2024-09-12,2026-09-23 16:55:35
C00027,Henrique Duarte,henrique.duarte27@gmx.com,160.268.488-10,(60) 943458454,Goiânia,GO,2023-08-08,2026-09-23 16:55:35
C00028,Isadora Teixeira,isadora.teixeira28@zoho.com,777.835.598-29,(35) 948614566,Juiz de Fora,MG,2022-04-30,2026-09-23 16:55:35
C00029,Lorena Rodrigues,lorena.rodrigues29@gmail.com,158.151.698-71,(75) 987013579,Recife,PE,2022-04-27,2026-09-23 16:55:35
C00030,Miguel Santos,miguel.santos30@hotmail.com,170.709.169-96,(41) 966152964,Curitiba,PR,2025-03-12,2026-09-23 16:55:35
C00031,Leonardo Pinto,leonardo.pinto31@terra.com.br,140.734.183-63,(95) 995629565,Maringá,PR,2023-10-10,2026-09-23 16:55:35
C00032,Nathan Vieira,nathan.vieira32@yahoo.com,344.371.505-26,(96) 949158491,Recife,PE,2023-10-10,2026-09-23 16:55:35
C00033,JULIANA FERREIRA,juliana.ferreira33@gmail.com,736.676.202-19,55(79)934929288,Uberlândia,MG,2023-06-28,2026-09-23 16:55:35
C00034,Thiago Mendes,thiago.mendes34@fastmail.com,170.350.478-46,(31) 971799900,Fortaleza,CE,2025-12-11,2026-09-23 16:55:35
C00035,Sabrina   Melo,sabrina.melo35@terra.com.br,108.783.936-80,55(49)916973200,Santos,SP,2023-06-26,2026-09-23 16:55:35
C00036,Rafael Lima,rafael.lima36@fastmail.com,860.666.259-44,(47) 999094450,Belo Horizonte,MG,2023-12-04,2026-09-23 16:55:35
C00037,Giovana Freitas,giovana.freitas37@globo.com,617.600.357-16,(22) 969395533,Brasília,DF,2022-04-01,2026-09-23 16:55:35
C00038,Ana Silva,ana..silva38@icloud.com,752.368.265-66,(81) 970071158,Rio de Janeiro,RJ,2022-08-18,2026-09-23 16:55:35
C00039,Juliana Ferreira,juliana.ferreira39@fastmail.com,658.136.954-57,(85) 990523426,Rio de Janeiro,RJ,2024-05-30,2026-09-23 16:55:35
C00040,Thiago Mendes,thiago.mendes40@gmail.com,473.915.981-15,(56) 934415088,Salvador,BA,2025-09-27,2026-09-23 16:55:35
C00041,Patricia Carvalho,patricia.carvalho41@icloud.com,995.516.735-29,(41) 926623900,Juiz de Fora,MG,2024-04-24,2026-09-23 16:55:35
C00042,Daniela Santos,daniela.santos42@outlook.com,901.521.921-95,(42) 943713608,Recife,PE,2025-12-07,2026-09-23 16:55:35
C00043,Patricia Carvalho,patricia.carvalho43@live.com,979.581.327-35,(69) 957286000,Poços de Caldas,MG,2023-04-12,2026-09-23 16:55:35
C00044,Isabela Campos,isabela.campos44@gmail.com,508.436.385-18,(46) 957539346,Porto Alegre,RS,2024-03-29,2026-09-23 16:55:35
C00045,Samuel Pereira  ,samuel.pereira45@icloud.com,218.998.367-32,(85) 943491626,São Paulo,SP,2022-08-11,2026-09-23 16:55:35
C00046,Matheus Rocha,matheus.rocha46@icloud.com,546.720.623-24,(60) 994464114,Recife,PE,2023-06-06,2026-09-23 16:55:35
C00047,Fernanda Costa,fernanda.costa47@zoho.com,101.632.925-78,(98) 932286967,Ribeirão Preto,SP,2024-06-02,2026-09-23 16:55:35
C00048,Igor Martins,igor.martins48@globo.com,738.421.779-25,(49) 983086067,Recife,PE,2025-09-27,2026-09-23 16:55:35
C00049,Laura Fernandes,laura.fernandes49@icloud.com,813.402.667-26,(35) 968887211,Goiânia,GO,2025-10-19,2026-09-23 16:55:35
C00050,Camila Azevedo,camila.azevedo50@terra.com.br,408.515.661-10,(49) 947004443, Londrina,PR,2024-05-30,2026-09-23 16:55:35
C00051,Vitor Hugo Rezende,vitor.hugo.rezende51@uol.com.br,552.791.318-75,(71) 927802389,Uberlândia,MG,2023-08-05,2026-09-23 16:55:35
C00052,Miguel Santos,miguel.santos52@globo.com,443.195.938-40,(97) 950854680,Maringá,PR,2023-02-12,2026-09-23 16:55:35
C00053,Wesley Castro,wesley.castro53@gmail.com,350.586.725-19,(69) 967904185,Poços de Caldas,MG,2025-11-27,2026-09-23 16:55:35
C00054,Davi Lucca Amaral,davi.lucca.amaral54@uol.com.br,349.251.771-98,(11) 917467965,Goiânia,GO,2023-03-25,2026-09-23 16:55:35
C00055,Camila Azevedo,camila.azevedo55@mail.com,575.151.670-41,(26) 974783184,Santos,SP,2024-08-09,2026-09-23 16:55:35
C00056,Rafaela Almeida,rafaela.almeida56@bol.com.br,424.873.553-88,(75) 969919976,Maringá,PR,2024-07-02,2026-09-23 16:55:35
C00057,Alice Monteiro,alice.monteiro57@zoho.com,560.365.869-41,(92) 945439540,Sorocaba,SP,2024-09-19,2026-09-23 16:55:35
C00058,KARINA LOPES,karina.lopes58@protonmail.com,179.830.392-40,(45) 955026238,Uberlândia,MG,2025-01-11,2026-09-23 16:55:35
C00059,Lucas Gomes,lucas.gomes59@outlook.com,336.492.810-29,(38) 910527797,Rio de Janeiro,RJ,2024-04-14 ,2026-09-23 16:55:35
C00060,Wagner Siqueira,wagner.siqueira60@bol.com.br,525.163.311-63,(60) 995691320,Uberlândia,SP,2025-03-25,2026-09-23 16:55:35
C00061,Cecília Novaes,cecilia.novaes61@uol.com.br,460.405.871-59,(64) 988189947,São Paulo,SP,2025-05-20,2026-09-23 16:55:35
C00062,Isabela Campos,isabela.campos62@uol.com.br,379.546.597-13,(60) 955077624,Florianópolis,SC,2022-12-05,2026-09-23 16:55:35
C00063,Enzo Barbosa,enzo.barbosa63@fastmail.com,737.646.127-60,55(86)992461444,Rio de Janeiro,RJ,2022-06-21,2026-09-23 16:55:35
C00064,Isadora Teixeira,isadora.teixeira64@outlook.com,286.151.366-58,(52) 934678449,Uberlândia,MG,2023-11-01,2026-09-23 16:55:35
C00065,Xênia Brandão,xenia.brandao65@mail.com,384.870.951-63,(43) 913418705,Goiânia,GO,2022-02-09,2026-09-23 16:55:35
C00066,Lorena Rodrigues,lorena.rodrigues66@gmail.com,329.765.170-93,(16) 905085051,Fortaleza,CE,2023-02-13,2026-09-23 16:55:35
C00067,Carlos Oliveira,carlos.oliveira67@terra.com.br,344.229.584-95,(25) 992404571,Rio de Janeiro,RJ,2024-08-10,2026-09-23 16:55:35
C00068,Manuela Correia,manuela.correia68@mail.com,271.720.721-24,(31) 950962771,Fortaleza,CE,2025-03-31,2026-09-23 16:55:35
C00069, Daniela Santos,daniela.santos69@fastmail.com,689.793.484-60,(36) 912454978,Salvador,BA,2022-07-28,2026-09-23 16:55:35
C00070,Sabrina Melo,sabrina.melo70@gmx.com,924.223.915-82,(16) 956889728,Maringá,PR,,2026-09-23 16:55:35
C00071,Benício Salgado,benicio.salgado71@hotmail.com,763.449.112-63,(73) 917298102,Santos,SP,2024-01-12,2026-09-23 16:55:35
C00072,Maria Eduarda Lopes,maria.eduarda.lopes72@zoho.com,545.280.851-76,(94) 944259817,Rio de Janeiro,RJ,2024-09-17,2026-09-23 16:55:35
C00073,Enzo Barbosa,enzo.barbosa73@live.com,374.430.972-41,(22) 945698385,Londrina,PR,2023-05-15,2026-09-23 16:55:35
C00074,Enzo Barbosa,enzo.barbosa74@terra.com.br,784.488.444-13,(74) 953253979,Maringá,PR,2024-09-25,2026-09-23 16:55:35
C00075,Henrique Duarte,henrique.duarte75@icloud.com,448.386.710-99,(46) 991061166,Brasília,DF,2024-11-24,2026-09-23 16:55:35
C00076,Elisa Pacheco,elisa.pacheco76@hotmail.com,837.516.600-81,(41) 978009041,Florianópolis,SC,2024-07-06,2026-09-23 16:55:35
C00077, Carlos Oliveira,carlos.oliveira77@hotmail.com,326.514.808-41,(50) 995287046,Salvador,BA,2024-08-27,2026-09-23 16:55:35
C00078,Henrique Martins,henrique.martins78@bol.com.br,535.863.663-52,(56) 974345438,Fortaleza,CE,2023-09-20,2026-09-23 16:55:35
C00079,Manuela Correia,manuela.correia79@yahoo.com,838.297.423-25,(79) 930334138,Belo Horizonte,MG,2023-03-20,2026-09-23 16:55:35
C00080,Arthur Costa,arthur.costa80@protonmail.com,878.637.711-46,(23) 931805853,Londrina,PR,2023-04-11,2026-09-23 16:55:35
C00081,Amanda Braga,amanda.braga81@outlook.com,114.825.646-26,(46) 907451893,Salvador,BA,2025-02-07,2026-09-23 16:55:35
C00082,Ricardo Fonseca,ricardo.fonseca82@zoho.com,753.989.870-72,(24) 902005658,Rio de Janeiro,RJ,2024-08-19,2026-09-23 16:55:35
C00083,ARTHUR COSTA,arthur.costa83uol.com.br,288.152.358-71,(25) 910707565,Recife,PE,2024-10-04,2026-09-23 16:55:35
C00084,Juliana Ferreira,juliana.ferreira84@terra.com.br,255.252.930-82,(49) 913955066,Poços de Caldas,MG,2022-08-31,2026-09-23 16:55:35
C00085,Gustavo Ramos,gustavo.ramos85@terra.com.br,909.733.331-76,(59) 973818253,MARINGÁ,PR,2023-09-01,2026-09-23 16:55:35
C00086,Isadora Teixeira,isadora.teixeira86@protonmail.com,735.161.724-22,(37) 934575335,Londrina,PR,2025-09-14,2026-09-23 16:55:35
C00087,Lucas Gomes,lucas.gomes87@outlook.com,277.665.176-30,(11) 966938381,Florianópolis,SC,2025-11-12,2026-09-23 16:55:35
C00088,Clara Ribeiro,clara.ribeiro88@protonmail.com,337.395.823-46,(69) 911664824,Poços de Caldas,MG,2023-06-26,2026-09-23 16:55:35
C00089,Felipe Moreira,felipe.moreira89@live.com,657.330.763-29,(45) 923302169,Belo Horizonte,MG,2022-05-03,2026-09-23 16:55:35
C00090,Bernardo Teixeira,bernardo.teixeira90@mail.com,709.866.944-82,(47) 971953037,Salvador,BA,2024-08-17,2026-09-23 16:55:35
C00091,Sabrina Melo,sabrina.melo91@zoho.com,378.612.652-73,(67) 913171653,Goiânia,GO,2024-06-03,2026-09-23 16:55:35
C00092,Vitor Hugo Rezende,vitor.hugo.rezende92@terra.com.br,126.193.334-96,(84) 996191339,Brasília,DF,2025-10-08,2026-09-23 16:55:35
C00093,Olivia Machado,olivia.machado93@terra.com.br,881.874.279-70,(77) 972455557,Poços de Caldas,MG,2023-01-07,2026-09-23 16:55:35
C00094,Matheus Rocha,matheus.rocha94@globo.com,193.581.456-62,(53) 952602713,Sorocaba,SP,2022-11-26,2026-09-23 16:55:35
C00095,Wagner Siqueira,wagner.siqueira95@live.com,395.778.510-80,(15) 974512442,Sorocaba,SP,2023-10-07,2026-09-23 16:55:35
C00096,Manuela Correia,manuela.correia96@icloud.com,891.513.985-75,(11) 988898569,Belo Horizonte,MG,2024-04-26,2026-09-23 16:55:35
C00097,Gabriel Almeida,gabriel.almeida97 @yahoo.com,470.737.874-73,(91) 972421845,Santos,SP,2023-02-21,2026-09-23 16:55:35
C00098,Olivia Machado,olivia.machado98@bol.com.br,394.548.815-72,55(26)904724920,Rio de Janeiro,RJ,2025/12/24,2026-09-23 16:55:35
C00099,Alice Monteiro,alice.monteiro99@protonmail.com,114.665.517-21,(39) 918588560,Juiz de Fora,MG,2022-08-29,2026-09-23 16:55:35
C00100,Yasmin Nunes,yasmin.nunes100@uol.com.br,621.822.379-63,(72) 977364993,Salvador,BA,2024-07-24,2026-09-23 16:55:35
C00101,Henrique Martins,henrique.martins101@outlook.com,295.713.620-27,(19) 945267798,Goiânia,GO,2023-11-28,2026-09-23 16:55:35
C00102,Lívia Oliveira,livia.oliveira102@protonmail.com,389.843.405-85,(85) 980223434,São Paulo,SP,2024-07-03,2026-09-23 16:55:35
C00103,Samuel Pereira,samuel.pereira103@uol.com.br,440.665.881-79,59 974606272,Fortaleza,CE,2023-01-22,2026-09-23 16:55:35
C00104,Karina Lopes,karina.lopes104@terra.com.br,339.976.894-62,(16) 952138749,Goiânia,GO,2025-12-15,2026-09-23 16:55:35
C00105,Cecília Novaes,cecilia.novaes105@live.com,607.137.229-74,(86) 954392644,Rio de Janeiro ,RJ,2024-06-20,2026-09-23 16:55:35
C00106,Nicolas Ribeiro,nicolas.ribeiro106@bol.com.br,115.839.247-62,(94) 925292225,Uberlândia,MG,2024-08-19,2026-09-23 16:55:35
C00107,Nathan Vieira,nathan.vieira107@icloud.com,809.507.765-20,(53) 987427226,Maringá,PR,2023-10-11,2026-09-23 16:55:35
C00108,Valentina Dias,valentina.dias108@gmx.com,136.732.170-40,(91) 947084727,Juiz de Fora,MG,2022-07-05,2026-09-23 16:55:35
C00109,matheus rocha,matheus.rocha109@hotmail.com,554.270.810-48,(14) 907536314,Belo Horizonte,,2022-04-25,2026-09-23 16:55:35
C00110,Ricardo Fonseca,ricardo.fonseca110@icloud.com,541.249.350-77,(63) 992723950,Fortaleza,CE,2022-12-15,2026-09-23 16:55:35
C00111,Camila Azevedo,camila.azevedo111@hotmail.com,991.491.734-97,(41) 981533344,Maringá,PR,2023-04-21,2026-09-23 16:55:35
C00112,Enzo Barbosa,enzo.barbosa112@globo.com,570.361.782-11,55(70)947129955,Brasília,DF,2022-11-20,2026-09-23 16:55:35
C00113,Juliana Ferreira,juliana.ferreira113@uol.com.br,701.406.754-64,(99) 940978484,Fortaleza,CE,2023-09-11,2026-09-23 16:55:35
C00114,Felipe Moreira,felipe.moreira114@live.com,209.342.490-83,(56) 994175847,Sorocaba,SP,,2026-09-23 16:55:35
C00115,Ricardo Fonseca,ricardo.fonseca115@gmail.com,381.108.679-97,(17) 999359138,Goiânia,GO,2023-08-10,2026-09-23 16:55:35
C00116,joão pedro batista,joao.pedro.batista116@terra.com.br,324.751.294-89,(43) 922402591,Fortaleza,CE,2025-07-09,2026-09-23 16:55:35
C00117,Fernanda Costa,fernanda.costa117@protonmail.com,134.693.473-26,(22) 948356352,Uberlândia,MG,2024-04-30,2026-09-23 16:55:35
C00118,Camila Azevedo ,camila.azevedo118@yahoo.com,905 652 997-56,(78) 982215465,Rio de Janeiro,RJ,2022-12-03,2026-09-23 16:55:35
C00119,Manuela Correia,manuela.correia119@fastmail.com,925.402.864-53,(25) 976732233, Sorocaba,SP,2022-10-16,2026-09-23 16:55:35
C00120,Isabela Campos,isabela.campos120@gmx.com,966.923.670-56,(22) 964641228,Goiânia,GO,2023-06-26,2026-09-23 16:55:35
C00121,Samuel Pereira,samuel.pereira121@hotmail.com,477.788.866-96,(44) 995777242,Uberlândia,MG,2025-07-31,2026-09-23 16:55:35
C00122,Benício Salgado,benicio.salgado122@hotmail.com,582.125.734-81,(52) 999954626,Florianópolis,SC,2025-08-19,2026-09-23 16:55:35
C00123,Igor Martins,igor.martins123@globo.com,817.409.764-62,(25) 922901742,Uberlândia,MG,2022-03-18,2026-09-23 16:55:35
C00124,Sabrina Melo,sabrina.melo124@uol.com.br,199.340.650-27,(60) 974327078,Belo Horizonte,MG,2025-10-05,2026-09-23 16:55:35
C00125,Lorena Rodrigues,lorena.rodrigues125@live.com,860.844.258-63,(94) 916229017,Londrina,PR,2025-06-14,2026-09-23 16:55:35
C00126,Laura Fernandes,laura.fernandes126@protonmail.com,806.479.322-66,(67) 938686942,Poços de Caldas,MG,2022-07-23,2026-09-23 16:55:35
C00127,Benício Salgado,benicio.salgado127@bol.com.br,162.507.382-34,(26) 974502501,Fortaleza,CE,2025-09-19,2026-09-23 16:55:35
C00128,Henrique Duarte,henrique.duarte128@globo.com,121.151.905-52,(42) 920634362,Maringá,PR,2022-05-21,2026-09-23 16:55:35
C00129,Henrique Martins,henrique.martins129@yahoo.com,321.932.990-39,(53) 924171046,Londrina,PR,2023-07-22,2026-09-23 16:55:35
C00130,Wesley Castro,wesley.castro130@outlook.com,356.917.278-24,(95) 904223159,Juiz de Fora,MG,2022-01-31,2026-09-23 16:55:35
C00131,Zélia Figueiredo,zelia.figueiredo131@mail.com,702.431.116-32,(44) 908583076,Florianópolis,SC,2024-05-12,2026-09-23 16:55:35
C00132,Rafaela Almeida,rafaela.almeida132@hotmail.com,587.559.896-56,(76) 997262786,Campinas,SP,2024-07-14,2026-09-23 16:55:35
C00133,Lívia Oliveira,livia.oliveira133@yahoo.com,144.844.902-94,(77) 949418504,Maringá,PR,2025-08-10,2026-09-23 16:55:35
C00134,Daniela Santos,daniela.santos134@gmail.com,967.511.536-97,(24) 980328267,Sorocaba,SP,2022-05-31,2026-09-23 16:55:35
C00135,Lucas Gomes,lucas.gomes135@icloud.com,251.167.229-45,(90) 995909984,Maringá,PR,2025-12-29,2026-09-23 16:55:35
C00136,Vitor Hugo Rezende,vitor.hugo.rezende136@live.com,643.401.564-74,(88) 970482624,Maringá,PR,2025-12-08,2026-09-23 16:55:35
C00137,Rafael Lima,rafael.lima137@gmx.com,838.986.320-65,(68) 937437779,Juiz de Fora,MG,2023-11-26,2026-09-23 16:55:35
C00138,Maria Eduarda Lopes,maria.eduarda.lopes138@live.com,847.197.420-64,(51) 941767132,Ribeirão Preto,SP,2022-11-09,2026-09-23 16:55:35
C00139,Clara Ribeiro,clara.ribeiro139@hotmail.com,951.187.195-65,(23) 961053131,Campinas,SP,2025-02-13,2026-09-23 16:55:35
C00140,Helena Rodrigues,helena.rodrigues140@terra.com.br,675.437.786-25,(63) 957937929,Juiz de Fora,MG,2022-04-16,2026-09-23 16:55:35
C00141,Queila Andrade,queila.andrade141@terra.com.br,460.206.691-74,(38) 925358900,Salvador,BA,2023-04-05,2026-09-23 16:55:35
C00142,Patricia Carvalho,patricia.carvalho142@icloud.com,476.217.880-45,(84) 937058030,Juiz de Fora,MG,2025-02-22,2026-09-23 16:55:35
C00143,Daniela Santos,daniela.santos143@terra.com.br,129.284.379-99,(50) 955676751,Brasília,DF,2022-01-13,2026-09-23 16:55:35
C00144,Diego Cardoso,diego.cardoso144@gmx.com,679.773.510-18,(29) 905022503,Rio de Janeiro,RJ,2024-12-22,2026-09-23 16:55:35
C00145,Henrique Duarte,henrique.duarte145@live.com,564.449.261-57,(50) 953142391,Ribeirão Preto,SP,2022-04-18,2026-09-23 16:55:35
C00146,Yasmin Nunes,yasmin.nunes146@outlook.com,150.790.183-44,(67) 969478957,Maringá,PR,2025-05-28,2026-09-23 16:55:35
C00147,Letícia Cardoso,leticia.cardoso147@live.com,320.873.624-24,(55) 970432816,Brasília,DF,2023-08-04,2026-09-23 16:55:35
C00148,Valentina Dias,valentina.dias148@bol.com.br,146.325.504-86,(18) 901254349,Salvador,BA,2023-09-10,2026-09-23 16:55:35
C00149,Henrique Duarte  ,henrique.duarte149@mail.com,882.361.396-51,(26) 901269149,Rio de Janeiro,RJ,2024-05-31,2026-09-23 16:55:35
C00150,Camila Azevedo,camila.azevedo150@outlook.com ,645.820.335-74,(82) 958022180,Goiânia,GO,2024-03-24,2026-09-23 16:55:35
C00151,Fernanda Costa,fernanda.costa151@live.com,570.179.982-50,(84) 970337626,São Paulo,SP,2025-12-24,2026-09-23 16:55:35
C00152,Gustavo Ramos,gustavo.ramos152@protonmail.com,514.121.432-31,(90) 975386928,Belo Horizonte,MG,2022-06-30,2026-09-23 16:55:35
C00153,Matheus Rocha,matheus.rocha153@gmx.com,349.546.703-61,(78) 912887484,Belo Horizonte,MG,2023-09-28,2026-09-23 16:55:35
C00154,Xênia Brandão,xenia.brandao154@yahoo.com,897.272.178-75,(92) 918689693,Recife,PE,2024-11-10,2026-09-23 16:55:35
C00155,Elisa Pacheco,elisa.pacheco155@fastmail.com,459.844.938-92,(29) 938712684,Fortaleza,CE,2022-10-27,2026-09-23 16:55:35
C00156,Manuela Correia,manuela.correia156@yahoo.com,716.256.878-93,(20) 929029095,Curitiba,PR ,2024-08-08,2026-09-23 16:55:35
C00157,JOÃO VICTOR ALVES,joao.victor.alves157@globo.com,758.750.739-51,(91) 951793473,Londrina,PR,2024-06-19,2026-09-23 16:55:35
C00158,Igor Martins,igor.martins158 @uol.com.br,746.410.915-45,(86) 909206766,Uberlândia,MG ,2024-11-05,2026-09-23 16:55:35
C00159,Juliana Ferreira,juliana.ferreira159@protonmail.com,562.138.158-57,(47) 912572479,Uberlândia,MG,2025-06-13,2026-09-23 16:55:35
C00160,Lívia Oliveira,livia.oliveira160@live.con,694.667.910-15,(68) 993664084,Uberlândia,MG,2023-10-21,2026-09-23 16:55:35
C00161,Clara Ribeiro,clara.ribeiro161@bol.com.br,163.561.205-53,(21) 982663827,Rio de Janeiro,RJ,2022-03-22,2026-09-23 16:55:35
C00162,Leonardo Pinto,leonardo.pinto162@zoho.com,549.636.635-88,(31) 959627108,Uberlândia,MG,2023-08-03,2026-09-23 16:55:35
C00163,Davi Lucca Amaral,davi.lucca.amaral163@live.com,795.712.153-90,93 954822079,Recife,PE,2023-11-07,2026-09-23 16:55:35
C00164,Nicolas Ribeiro,nicolas.ribeiro164@bol.com.br,390.358.841-94,(88) 924636461,Goiânia,GO,2022-06-16,2026-09-23 16:55:35
C00165,Wesley Castro,wesley.castro165 @fastmail.com,417.771.815-94,(61) 921122388,Fortaleza,CE,2023-09-27,2026-09-23 16:55:35
C00166,Cecília Novaes,cecilia.novaes166@globo.com,932.230.786-99,(98) 986242531,Recife,PE,2025-08-16,2026-09-23 16:55:35
C00167,Isadora Teixeira,isadora.teixeira167@bol.com.br,118.471.416-33,(38) 955988967,Fortaleza,CE,2023-01-29,2026-09-23 16:55:35
C00168,Isabela Campos,isabela.campos168@outlook.com,179.402.964-22,(75) 988439626,Rio de Janeiro,RJ,2022-03-19,2026-09-23 16:55:35
C00169,Xênia Brandão,xenia.brandao169@fastmail.com,234.711.485-29,(31) 929623712,Maringá,PR,2024-06-15,2026-09-23 16:55:35
C00170,Fernanda Costa,fernanda.costa170@live.com,792.836.343-66,(89) 946688355,Fortaleza,CE,2023-04-25,2026-09-23 16:55:35
C00171,Samuel Pereira,samuel.pereira171@yahoo.com,928.903.580-34,(58) 993458218,Salvador,BA,2024-08-03,2026-09-23 16:55:35
C00172,Queila Andrade,queila.andrade172@mail.com,614.640.528-30,(36) 999063267,Goiânia,GO,2023-05-28,2026-09-23 16:55:35
C00173,Gabriel Almeida,gabriel.almeida173@globo.com,995.480.667-23,(77) 920425670,Sorocaba,SP,2022-06-21,2026-09-23 16:55:35
C00174,Alice Monteiro,alice.monteiro174@protonmail.com,625.250.950-65,(22) 936378391,Uberlândia,MG,2023-12-17,2026-09-23 16:55:35
C00175,Daniela Santos,daniela.santos175@live.com,505.614.482-40,(60) 913377142,Poços de Caldas,MG,2023-04-05,2026-09-23 16:55:35
C00176,Daniela Santos,daniela.santos176@icloud.com,959.831.765-52,(29) 922541627,Belo Horizonte,MG,2023-08-11,2026-09-23 16:55:35
C00177,Clara Ribeiro,clara.ribeiro177@zoho.com,877.822.580-67,(89) 900862298,Rio de Janeiro,RJ,2022-02-08,2026-09-23 16:55:35
C00178,Manuela Correia,manuela.correia178@yahoo.com,661.844.723-77,(65) 918215720,Rio de Janeiro,rj,2023-05-02,2026-09-23 16:55:35
C00179,Sabrina Melo,sabrina.melo179@hotmail.com,344.529.754-89,55(69)910292816,Poços de Caldas,MG,2024-10-20,2026-09-23 16:55:35
C00180,Samuel Pereira,samuel.pereira180@gmail.com,688.347.835-28,(48) 970321025,Santos,SP,2025-06-13,2026-09-23 16:55:35
C00181,Zélia Figueiredo,zelia.figueiredo181@yahoo.com,526.291.780-95,(21) 985766908,Londrina,PR,2022-05-19,2026-09-23 16:55:35
C00182,Rafaela Almeida,rafaela.almeida182@bol.com.br,905.619.667-12,(60) 977021713,Santos,SP ,2025-07-25,2026-09-23 16:55:35
C00183,Davi Lucca Amaral,davi.lucca.amaral183@icloud.com,86511646518,(55) 939502698,Brasília,DF,2025-04-06,2026-09-23 16:55:35
C00184,Wagner Siqueira,wagner.siqueira184@outlook.com,460.659.446-92,(33) 976128840,Poços de Caldas,MG,2025-07-17,2026-09-23 16:55:35
C00185,Diego Cardoso,diego.cardoso185@mail.com,164.833.894-68,(15) 948074302,Rio de Janeiro,RJ,2022-03-31,2026-09-23 16:55:35
C00186,Felipe Moreira,felipe.moreira186@fastmail.com,423.417.627-60,(80) 977565150,Poços de Caldas,,2022-03-16,2026-09-23 16:55:35
C00187,Elisa Pacheco,elisa.pacheco187@protonmail.com,982.899.148-93,(53) 944763039,Fortaleza,CE,2024-01-24,2026-09-23 16:55:35
C00188,Matheus Rocha,matheus.rocha188@fastmail.com,861.550.495-53,(34) 981299151,Goiânia,GO ,2024-01-23,2026-09-23 16:55:35
C00189,Manuela   Silva,manuela.silva189@protonmail.com,844.534.180-65,(88) 929569937,Campinas,SP,2023-08-25,2026-09-23 16:55:35
C00190,Vitor Hugo Rezende,vitor.hugo.rezende190@hotmail.com,435.776.402-49,(68) 998737981,Campinas,SP,2022-12-08,2026-09-23 16:55:35
C00191,Letícia Cardoso,leticia.cardoso191@icloud.com,143.844.990-55,(89) 971265498,Uberlândia,MG,2025-08-02,2026-09-23 16:55:35
C00192,Helena Rodrigues,helena.rodrigues192@hotmail.com,472.625.920-96,(31) 905103339,Goiânia,GO,2025-05-29,2026-09-23 16:55:35
C00193,Letícia Cardoso,leticia.cardoso193@gmail.com,168.341.897-92,(57) 959337272,Rio de Janeiro,RJ,2025/03/07,2026-09-23 16:55:35
C00194,Eduardo Pereira,eduardo.pereira194@terra.com.br,795.560.479-57,(67) 912593255,Rio de Janeiro,RJ,2024-12-20,2026-09-23 16:55:35
C00195,Amanda Braga,amanda.braga195@live.com,765.385.355-24,(14) 930489176,Recife,PE,2024/11/26,2026-09-23 16:55:35
C00196,Davi Lucca Amaral,davi.lucca.amaral196@fastmail.com,220.368.893-43 ,(68) 935155678,Juiz de Fora,MG,2025-11-22,2026-09-23 16:55:35
C00197,Valentina Dias,valentina.dias197@yahoo.com,238.973.175-67,(33) 972922438,Belo Horizonte,MG,2025-10-28,2026-09-23 16:55:35
C00198,Ursula Peixoto,ursula.peixoto198 @globo.com,826.166.663-79,(48) 949143580,Fortaleza,CE,2025-12-28,2026-09-23 16:55:35
C00199,Camila Azevedo,camila.azevedo199@mail.com,620.329.224-35,(28) 938789094,Fortaleza,CE,2022-02-23,2026-09-23 16:55:35
C00200,Amanda Braga,amanda.braga200@bol.com.br,477.578.922-80,(27) 914122077,Londrina,PR,2023-09-26 ,2026-09-23 16:55:35
C00201,Beatriz Martins,beatriz.martins201@zoho.com,638.520.887-62,(84) 912083053,SOROCABA,SP,2023-10-12,2026-09-23 16:55:35
C00202,Juliana Ferreira,juliana.ferreira202@uol.com.br,796.629.452-26,(81) 996303981,Uberlândia,MG,2022-09-22,2026-09-23 16:55:35
C00203,Matheus Rocha,matheus.rocha203@bol.com.br,951.227.630-29,,Poços de Caldas,,2023-10-23,2026-09-23 16:55:35
C00204,Isabela Campos,isabela.campos204@icloud.com,390.966.180-42,(36) 990245496,Santos,SP,2022-09-14,2026-09-23 16:55:35
C00205,Sabrina Melo,sabrina.melo205@terra.com.br,195.614.756-31,(86) 995133526,Juiz de Fora,MG,2022-12-17,2026-09-23 16:55:35
C00206,Xênia Brandão,xenia.brandao206@gmx.com,142.945.984-13,(21) 907445336,Londrina,PR,2025-08-26,2026-09-23 16:55:35
C00207,Giovana Freitas,giovana.freitas207@mail.com,526.732.754-13,(74) 989385745, Londrina,PR,2025-08-07,2026-09-23 16:55:35
C00208,Sabrina Melo,sabrina.melo208@uol.com.br,924.926.801-61,55(49)974302195,Florianópolis,SC,2025-11-11,2026-09-23 16:55:35
C00209,Helena Rodrigues,helena.rodrigues209@outlook.com,525.595.575-36,(54) 999393353,Uberlândia,MG,2023-10-03,2026-09-23 16:55:35
C00210,Ursula Peixoto,ursula.peixoto210@zoho.com,508.233.878-57,(76) 992022739,Fortaleza,CE,2023-10-16,2026-09-23 16:55:35
C00211,Karina Lopes,karina.lopes211@uol.com.br,373.560.353-28,,Belo Horizonte,MG,2024-02-26,2026-09-23 16:55:35
C00212,Gustavo Ramos,gustavo.ramos212@yahoo.com,933.435.691-50,(35) 926109163,Curitiba,PR,2024-11-20,2026-09-23 16:55:35
C00213,Enzo Barbosa,enzo.barbosa213@uol.com.br,609.123.192-60,(75) 974914944,Salvador,BA,2023-03-17,2026-09-23 16:55:35
C00214, Zélia Figueiredo,zelia.figueiredo214@gmail.com,388.606.711-93,(97) 977105681,Poços de Caldas,MG,2025-01-04,2026-09-23 16:55:35
C00215,Bruno Souza,bruno.souza215@gmx.com,541.237.370-56,(62) 959951741,Belo Horizonte,MG,2024-03-31,2026-09-23 16:55:35
C00216,Gabriel Almeida,gabriel.almeida216@terra.com.br,299.471.666-46,(20) 963299261,Juiz de Fora,MG,,2026-09-23 16:55:35
C00217,Henrique Martins,henrique.martins217@protonmail.com,796.725.221-26,(23) 964537114,Maringá,PR,2023-11-26,2026-09-23 16:55:35
C00218,Amanda Braga,amanda.braga218@mail.com,303.716.621-61,(75) 906591742,Rio de Janeiro,RJ,2022-03-21,2026-09-23 16:55:35
C00219,Vanessa Dias,vanessa.dias219@zoho.com,923.585.631-68,(30) 999329446,Recife,PE,2022-10-14,2026-09-23 16:55:35
C00220,Vitor Hugo Rezende,vitor.hugo.rezende220@fastmail.com,426.266.502-88,(49) 997276511,Maringá,PR,2024-11-04,2026-09-23 16:55:35
C00221,Miguel Santos,miguel.santos221@bol.com.br,825.676.406-70,(13) 960356427,Sorocaba,SP,2025-10-11,2026-09-23 16:55:35
C00222,Rafael Lima,rafael.lima222@live.com,415.915.842-98,(91) 904368775,Londrina,PR,2023-06-28,2026-09-23 16:55:35
C00223,João Pedro Batista,joao.pedro.batista223@zoho.com,697.591.274-77,(91) 962293421,Poços de Caldas,MG,2025-10-26,2026-09-23 16:55:35
C00224,Leonardo Pinto,leonardo.pinto224@gmail.com,817.212.295-12,(67) 951397861,Londrina,,2022-11-07,2026-09-23 16:55:35
C00225,Laura Fernandes,laura.fernandes225@zoho.com,520.613.893-88,(71) 910203262,Porto Alegre,RS,2024-11-28,2026-09-23 16:55:35
C00226,Giovana Freitas,giovana.freitas226@bol.com.br,778.589.638-58,(51) 928378531,Recife,PE,2024-12-27,2026-09-23 16:55:35
C00227,XÊNIA BRANDÃO,xenia.brandao227@bol.com.br,792.890.988-97,(93) 943318932,Fortaleza,CE,2023-01-29,2026-09-23 16:55:35
C00228,Leonardo Pinto,leonardo.pinto228@protonmail.com,405.330.404-46,(37) 980116194,Juiz de Fora,MG,2024-09-09,2026-09-23 16:55:35
C00229,Yuri Amorim,yuri.amorim229@bol.com.br,394.224.687-96,(80) 962207464,Brasília,DF,2023-12-08,2026-09-23 16:55:35
C00230,Wesley Castro,wesley.castro230@protonmail.com,394.831.180-54,(67) 942018849,Poços de Caldas,MG,2023-03-15,2026-09-23 16:55:35
C00231,Felipe   Moreira,felipe.moreira231@gmx.com,377.675.812-44,(28) 917894920,Juiz de Fora,MG,2023-05-12,2026-09-23 16:55:35
C00232,Gabriel Almeida,gabriel.almeida232@globo.com,331.753.338-16,(23) 967716411,SANTOS,SP,2024-08-25,2026-09-23 16:55:35
C00233,Nicolas Ribeiro,nicolas.ribeiro233@globo.com,105.663.261-62,(94) 977938822,Rio de Janeiro,RJ,2025-08-25,2026-09-23 16:55:35
C00234,Felipe Moreira,felipe.moreira234@mail.com,428.392.761-17,(22) 994064804,Salvador,BA,2024-12-31,2026-09-23 16:55:35
C00235,Eduardo Pereira,eduardo.pereira235@fastmail.com,527.957.280-14,(61) 981164052,Curitiba,PR,2023-08-16,2026-09-23 16:55:35
C00236,Eduardo Pereira,EDUARDO.PEREIRA236@GMAIL.COM,681.717.209-52,(47) 974449901,Salvador,BA,2024-12-09,2026-09-23 16:55:35
C00237,Pedro Henrique Souza ,pedro.henrique.souza237@fastmail.com,971.616.579-44,(35) 918456417,Rio de Janeiro,RJ,2022-11-29,2026-09-23 16:55:35
C00238,Maria Eduarda Lopes,maria.eduarda.lopes238@globo.com,83529011453,(48) 993024164,Brasília,DF,2022-12-26,2026-09-23 16:55:35
C00239,caio mendes,caio.mendes239@gmx.com,627.435.188-61,(96) 915624027,Ribeirão Preto,SP,2022-10-15,2026-09-23 16:55:35
C00240,Arthur Costa,arthur.costa240@icloud.com,106.367.492-40,(68) 943746400,Florianópolis,SC,2023-09-11,2026-09-23 16:55:35
C00241,Bruno Souza,bruno.souza241@protonmail.com,809.341.163-95,(26) 976256026,Fortaleza,CE,2022-11-24,2026-09-23 16:55:35
C00242,Caio Mendes,caio.mendes242@globo.com,820.888.418-98,(26) 948337021,Santos,SP,2025-06-12,2026-09-23 16:55:35
C00243,Isabela Campos,isabela.campos243@yahoo.com,589.256.565-87,(58) 968139998,Rio de Janeiro,RJ,2024-08-22,2026-09-23 16:55:35
C00244,Samuel Pereira,samuel.pereira244@mail.com,880.353.796-86,(21) 986098319,Porto Alegre,SP,2024-12-17 ,2026-09-23 16:55:35
C00245,Amanda Braga,amanda.braga245@hotmail.com,214.163.948-80,(75) 933129792,Londrina,PR,2022-11-03,2026-09-23 16:55:35
C00246,Bernardo Teixeira,bernardo.teixeira246@icloud.com,552.219.796-36,(85) 980082489,Santos,SP,2024-11-11,2026-09-23 16:55:35
C00247,João Victor Alves,joao.victor.alves247@mail.com,564.235.625-63,(69) 992391945,Poços de Caldas,MG,2025-02-18,2026-09-23 16:55:35
C00248,Enzo Barbosa,enzo.barbosa248@globo.com,840.122.505-42,(11) 935702196, Salvador,BA,2022-04-03,2026-09-23 16:55:35
C00249,Isadora Teixeira,isadora.teixeira249@icloud.com,654.161.170-70,(15) 947037698,Campinas,SP,2023-01-04,2026-09-23 16:55:35
C00250,Vanessa Dias,vanessa.dias250@mail.com,483.491.559-58,(59) 913149835,Ribeirão Preto,SP,2022-09-30,2026-09-23 16:55:35
C00251,Yuri Amorim,YURI.AMORIM251@HOTMAIL.COM,650.502.641-26,(39) 900561372,Curitiba,PR,2023-09-04,2026-09-23 16:55:35
C00252,Enzo Barbosa,enzo.barbosa252@globo.com,534.644.488-39,(42) 975466671,Juiz de Fora ,mg,2022-11-14,2026-09-23 16:55:35
C00253,Paulo Henrique Tavares,paulo.henrique.tavares253@yahoo.com,132.928.776-63,(89) 902564943,Belo Horizonte,MG,2023-02-27,2026-09-23 16:55:35
C00254,Igor Martins,igor.martins254@hotmail.com,134.557.712-96,(17) 940091724,Maringá,PR,2024-04-03,2026-09-23 16:55:35
C00255,Letícia Cardoso,leticia.cardoso255@yahoo.com,322.872.984-17,55(28)982555739,Juiz de Fora,MG,2023-04-25,2026-09-23 16:55:35
C00256,Ursula Peixoto,ursula.peixoto256@terra.com.br,891.788.938-51,(41) 949443347,Maringá,PR,2025-09-14,2026-09-23 16:55:35
C00257,Manuela Silva,manuela.silva257@yahoo.com,407.381.162-81,(86) 928697999,Ribeirão Preto,SP,2025-02-12,2026-09-23 16:55:35
C00258,Pedro Henrique Souza,pedro.henrique.souza258@gmail.com,758.787.490-77,(51) 968217688,Fortaleza,CE,2022-11-02,2026-09-23 16:55:35
C00259,Sabrina Melo,sabrina.melo259@live.com,872.650.584-40,(39) 949273365,Curitiba,PR,2024-08-06,2026-09-23 16:55:35
C00260,Helena Rodrigues,HELENA.RODRIGUES260@BOL.COM.BR,526.670.642-27,(60) 939785177,Ribeirão Preto,SP,2023-02-21,2026-09-23 16:55:35
C00261,Wagner Siqueira,wagner.siqueira261@globo.com,560.967.479-21,(79) 931201844,Campinas,SP,2023-07-04,2026-09-23 16:55:35
C00262,Cecília Novaes,cecilia.novaes262@globo.com,717.140.994-19,(35) 996264555,Maringá,PR,2024-09-08,2026-09-23 16:55:35
C00263,Giovana Freitas,giovana.freitas263@gmx.com,410.115.316-34,(26) 978464974,Recife,PE,2025-11-25,2026-09-23 16:55:35
C00264,Giovana Freitas,giovana.freitas264@live.com,665.429.894-46,,Florianópolis,SC,2025-08-21,2026-09-23 16:55:35
C00265,Zélia Figueiredo,zelia.figueiredo265@protonmail.com,468.625.609-69,(23) 976926246,Brasília,DF,2023-02-21,2026-09-23 16:55:35
C00266,Benício Salgado,benicio.salgado266@icloud.com,146.676.984-38,(29) 902655272,Ribeirão Preto,SP,2025-02-07,2026-09-23 16:55:35
C00267,Gustavo Ramos,gustavo.ramos267@protonmail.com,300.437.335-58,(83) 940269180,Rio de Janeiro,RJ,2025-02-01,2026-09-23 16:55:35
C00268,Xênia Brandão,xenia.brandao268@protonmail.com,840.757.857-72,(69) 927566770,Sorocaba,SP,2022-12-13,2026-09-23 16:55:35
C00269,Vanessa Dias,vanessa.dias269@zoho.com,600.288.655-92,(18) 985841554,Juiz de Fora,MG,2022-06-02,2026-09-23 16:55:35
C00270,Gabriel Almeida,gabriel.almeida270@mail.com,522.240.962-90,(40) 911133474,São Paulo,SP,2022-01-19,2026-09-23 16:55:35
C00271,Henrique Duarte,henrique.duarte271@bol.com.br,482.161.732-91,(96) 979168993,Uberlândia,MG,2022-02-02,2026-09-23 16:55:35
C00272,ANA SILVA,ana.silva272@bol.com.br,521.112.117-77,(46) 987775697,Juiz de Fora,MG,2022-02-05,2026-09-23 16:55:35
C00273,Lívia Oliveira,livia.oliveira273@gmx.com,925.283.209-22,(78) 924394948,Ribeirão Preto,SP,2023-01-29,2026-09-23 16:55:35
C00274,Rafaela Almeida,RAFAELA.ALMEIDA274@PROTONMAIL.COM,373.914.506-20,(58) 966528520,Fortaleza,CE,2025-03-03,2026-09-23 16:55:35
C00275,Leonardo Pinto,leonardo.pinto275@zoho.com,407.800.947-20,(94) 905192531,Florianópolis,SC,2024-04-10,2026-09-23 16:55:35
C00276,Cecília Novaes,cecilia.novaes276@live.com,587.157.752-11,(32) 913549189,Juiz de Fora,MG,2024-06-07,2026-09-23 16:55:35
C00277,Wagner Siqueira,wagner.siqueira277@terra.com.br,64014333537,(99) 992868790,Belo Horizonte,MG,2023-07-10,2026-09-23 16:55:35
C00278,Fernanda Costa,fernanda.costa278@fastmail.com,800.387.656-82,(95) 905393938,Campinas,SP,2023/10/07,2026-09-23 16:55:35
C00279,Carlos Oliveira,carlos.oliveira279@yahoo.com,247.870.940-60,(20) 949033661,Londrina,PR,2025-02-28,2026-09-23 16:55:35
C00280,Karina Lopes,karina.lopes280@terra.com.br ,793.653.439-59,(28) 912849204,Goiânia,GO,2023-12-10,2026-09-23 16:55:35
C00281,Gabriel Almeida,gabriel.almeida281@hotmail.com,337.958.177-53,(88) 997587499,Ribeirão Preto,SP,2023-10-31,2026-09-23 16:55:35
C00282, Daniela Santos,daniela.santos282@globo.com,902.561.602-39,(56) 990607150,Brasília,DF,2024-06-03,2026-09-23 16:55:35
C00283,Diego Cardoso,diego.cardoso283@globo.com,776.489.187-89,(48) 940372204,Londrina,PR,2022-06-18,2026-09-23 16:55:35
C00284,Olivia Machado,olivia.machado284@outlook.com,828.902.749-29,(60) 951886909,Goiânia,GO,2022-08-07,2026-09-23 16:55:35
C00285,Mariana Barbosa,mariana.barbosa285@gmail.com,555.468.879-44,(24) 921702430,Salvador,BA,2023-01-19,2026-09-23 16:55:35
C00286,Matheus Rocha,matheus.rocha286@uol.com.br,668.624.517-23,(14) 914686798,Juiz de Fora,MG,2025-02-09,2026-09-23 16:55:35
C00287,Mariana Barbosa,mariana.barbosa287@terra.com.br,903.432.984-59,(12) 947817779,Maringá,PR,20240305,2026-09-23 16:55:35
C00288,Lucas Gomes,lucas.gomes288@zoho.com,348.685.633-31,(98) 962373777,Juiz de Fora,SP,2022-10-12,2026-09-23 16:55:35
C00289,Olivia Machado,olivia.machado289@protonmail.com,604.249.164-31,(66) 945217899,Brasília,DF,2023-09-06,2026-09-23 16:55:35
C00290,Arthur Costa,arthur.costa290@mail.com ,469.357.352-90,(74) 997284203,Campinas,SP,2024-07-26,2026-09-23 16:55:35
C00291,Patricia Carvalho,patricia.carvalho291@outlook.com,106.505.440-89,(59) 953998212,Salvador,BA,2023/11/17,2026-09-23 16:55:35
C00292,Matheus Rocha,matheus.rocha292@gmx.com,239.407.428-87,(99) 932908848,Maringá,PR,2023-10-06,2026-09-23 16:55:35
C00293,Camila Azevedo,camila.azevedo293@live.com,398.852.811-91,(73) 994354971,Recife,PE,2023-10-30,2026-09-23 16:55:35
C00294,Cecília Novaes,cecilia.novaes294@protonmail.com ,473.216.677-35,(86) 989393947,Goiânia,GO,2025-10-28,2026-09-23 16:55:35
C00295,Henrique Martins,henrique.martins295@gmail.com,825.314.548-47,(99) 911337703,Uberlândia,MG,2025-10-10,2026-09-23 16:55:35
C00296,Pedro Henrique Souza,pedro.henrique.souza296@outlook.com,347.358.774-29,(65) 961762211,Salvador,BA,2024-07-08,2026-09-23 16:55:35
C00297,Arthur Costa,arthur.costa297@terra.com.br,647.618.990-98,(64) 989071602,Goiânia,GO,2024-01-07,2026-09-23 16:55:35
C00298,Samuel Pereira,samuel.pereira298@terra.com.br,211.887.354-94,(96) 958163725,Campinas,SP,2025-08-18,2026-09-23 16:55:35
C00299,Fernanda Costa,fernanda.costa299@terra.com.br,870.439.915-65,(24) 901722615,Goiânia,GO,2023-06-14,2026-09-23 16:55:35
C00300,Isabela Campos,isabela.campos300@bol.com.br,671.694.804-83,55(39)973037129,Santos,SP,2024-03-12,2026-09-23 16:55:35
C00301,Enzo Barbosa,enzo.barbosa301@mail.com,807.612.254-54,(14) 979092712,Londrina,pr,2023-08-29,2026-09-23 16:55:35
C00302,Gustavo Ramos,gustavo.ramos302@fastmail.com,218.951.847-28,(55) 951106620,Campinas,SP,2024-07-21,2026-09-23 16:55:35
C00303,Giovana Freitas,giovana.freitas303@bol.com.br,456.587.199-66,(68) 952252100,Sorocaba,SP,2023-09-07,2026-09-23 16:55:35
C00304,Fernanda Costa,fernanda.costa304@mail.com,123.969.451-92,(24) 926924996,Belo Horizonte,MG,2024-11-22,2026-09-23 16:55:35
C00305,Camila Azevedo,camila.azevedo305@bol.com.br,438.673.536-69,(40) 966364022,Curitiba,PR,2023-01-17,2026-09-23 16:55:35
C00306,Matheus Rocha,matheus.rocha306@live.com,855.728.302-67,(86) 970377370,São Paulo,SP,2022-01-10,2026-09-23 16:55:35
C00307,Henrique Duarte,henrique.duarte307@yahoo.com,870.820.928-18,,Brasília,DF,2023-01-18,2026-09-23 16:55:35
C00308,Amanda Braga,amanda.braga308@icloud.com,568.216.368-95,(73) 986466134,Porto Alegre,RS,2025-05-07,2026-09-23 16:55:35
C00309,Davi Lucca Amaral,davi.lucca.amaral309@terra.com.br,701.216.456-55,(69) 928265873,Goiânia,GO,2025-06-12,2026-09-23 16:55:35
C00310,Lucas Gomes,lucas.gomes310@globo.com,420.220.344-49,(25) 929997116,Rio de Janeiro,RJ,2025-11-21,2026-09-23 16:55:35
C00311,Wesley Castro,wesley.castro311@bol.com.br,528.710.241-83,(60) 969314043,Goiânia,GO,2024-09-23,2026-09-23 16:55:35
C00312,Samuel Pereira,samuel.pereira312@zoho.com,668.270.601-46,(28) 930656154,Curitiba,PR,2024-07-12,2026-09-23 16:55:35
C00313,Gabriel Almeida,gabriel.almeida313@gmx.com,109.596.239-34,(60) 992009281,Fortaleza,CE,2025-08-30,2026-09-23 16:55:35
C00314,Pedro Henrique Souza,pedro.henrique.souza314@live.com,525.827.960-66,(73) 927402354,Sorocaba,SP,2025-03-03,2026-09-23 16:55:35
C00315,Daniela Santos,daniela.santos315@mail.com,399.133.381-38,(79) 947293755,Florianópolis,SC,2024-07-25,2026-09-23 16:55:35
C00316,Pedro Henrique Souza,pedro.henrique.souza316@bol.com.br,215.686.216-44,(80) 960109880,Santos,SP,2022-03-27,2026-09-23 16:55:35
C00317,Letícia Cardoso,leticia.cardoso317@bol.com.br,535.204.853-93,(42) 948771528,Porto Alegre,RS,2024-07-10,2026-09-23 16:55:35
C00318,Nathan Vieira,nathan.vieira318@icloud.com,549.986.220-40,(37) 996326744,Campinas,SP,2025-12-26,2026-09-23 16:55:35
C00319,Isadora Teixeira,isadora.teixeira319@outlook.com,242.903.311-36,(18) 993406747,Maringá,PR,2024-12-26,2026-09-23 16:55:35
C00320,Paulo Henrique Tavares,paulo.henrique.tavares320@terra.com.br,272.431.820-47,(48) 993835380,Juiz de Fora,MG,2024-11-19,2026-09-23 16:55:35
C00321,NICOLAS RIBEIRO,nicolas.ribeiro321@outlook.com,160.383.987-93,(27) 921745090,Ribeirão Preto,SP,2022-10-27,2026-09-23 16:55:35
C00322,Vitor Hugo Rezende,vitor.hugo.rezende322@gmx.com,879.963.792-60,(73) 923295402,Florianópolis,SC,2025-07-09,2026-09-23 16:55:35
C00323,Gustavo Ramos,gustavo.ramos323@live.com,177.748.913-21,(62) 984475558,Uberlândia,MG,2025-11-23,2026-09-23 16:55:35
C00324,Benício Salgado,benicio.salgado324@uol.con.br,435.695.102-21,(69) 958692037,Sorocaba,SP,2024-12-30,2026-09-23 16:55:35
C00325,Beatriz Martins,beatriz.martins325@yahoo.com,944.316.606-44,(52) 946466533,Ribeirão Preto,SP,2025-01-25,2026-09-23 16:55:35
C00326,Thiago Mendes,thiago.mendes326@terra.com.br,907.451.798-16,(16) 916318529,Sorocaba,SP,2022-02-03,2026-09-23 16:55:35
C00327,Sofia Rocha,sofia.rocha327@fastmail.com,551.567.100-64,(36) 921615945,Curitiba,PR,2022-11-22,2026-09-23 16:55:35
C00328,Paulo Henrique Tavares,paulo.henrique.tavares328@hotmail.com,356.184.480-95,,Fortaleza,CE,2024-03-22,2026-09-23 16:55:35
C00329,Tomás Guimarães,tomas.guimaraes329@zoho.com,539.771.193-22,(11) 934968812,Florianópolis,SC,2022-06-09,2026-09-23 16:55:35
C00330,Thiago Mendes,thiago.mendes330@terra.com.br,631.796.555-11,(12) 956292975,Florianópolis,SC,2024-05-14,2026-09-23 16:55:35
C00331,Thiago Mendes,thiago.mendes331@uol.com.br,334.492.191-23,(24) 951337022,Campinas,SP,2023-09-05,2026-09-23 16:55:35
C00332,Vanessa Dias,vanessa.dias332@live.com ,756.793.246-18,(78) 992281138,Rio de Janeiro,RJ,2025-06-03,2026-09-23 16:55:35
C00333,Bernardo Teixeira,bernardo.teixeira333@uol.com.br,839.318.743-29,(63) 972484559,Fortaleza,CE,2022-06-27,2026-09-23 16:55:35
C00334,Nicolas Ribeiro,nicolas.ribeiro334@outlook.com,703.847.493-54,(65) 951523290,Belo Horizonte,MG,2023-05-23,2026-09-23 16:55:35
C00335,Paulo Henrique Tavares,paulo.henrique.tavares335@globo.com,354.666.715-86,(88) 946681439,Campinas,SP,2025-09-10,2026-09-23 16:55:35
C00336,Sabrina Melo,sabrina.melo336@yahoo.com,721.621.293-60,(48) 908944921,Santos,SP,2024-10-10,2026-09-23 16:55:35
C00337,Davi Lucca Amaral,davi.lucca.amaral337@hotmail.com,611.753.708-19,(78) 901976916,Florianópolis,SC,2023-10-11,2026-09-23 16:55:35
C00338,Thiago Mendes,thiago.mendes338@live.com,530.474.659-97,(33) 977172195,Londrina,PR,2022-02-04,2026-09-23 16:55:35
C00339,Igor Martins,igor.martins339@gmail.com,320.140.161-60,(75) 946939209,Brasília,DF,2024-04-30,2026-09-23 16:55:35
C00340,Isadora Teixeira,isadora.teixeira340@zoho.com,184.755.649-78,(89) 925015546,Goiânia,GO,2022-06-21,2026-09-23 16:55:35
C00341,Tomás Guimarães,tomas.guimaraes341@hotmail.com,308.927.259-78,(52) 964012083,Santos,SP,2023-09-28,2026-09-23 16:55:35
C00342,Matheus Rocha,matheus.rocha342@zoho.com,159.350.188-65,(25) 974281901,Florianópolis,SC,2023-09-26,2026-09-23 16:55:35
C00343,Camila Azevedo,camila.azevedo343@hotmail.com,82424081811,(31) 981336680,São Paulo,SP,20241207,2026-09-23 16:55:35
C00344,Manuela Silva,manuela.silva344@mail.com,270.480.229-44,(26) 904806488,Brasília,DF,2024-05-29,2026-09-23 16:55:35
C00345,Olivia Machado,olivia.machado345@bol.com.br,369.829.690-90,(20) 981288457,Campinas,SP,2024-11-12,2026-09-23 16:55:35
C00346,Amanda Braga,amanda.braga346@gmail.com,979.680.270-57,(31) 941792685,Sorocaba,SP,2025-03-21,2026-09-23 16:55:35
C00347,Rafael Lima,rafael.lima347@yahoo.com,102.145.979-11,(42) 907538729,Santos,SP,2024-01-16,2026-09-23 16:55:35
C00348,Davi Lucca Amaral,davi.lucca.amaral348@fastmail.com,283.978.136-80,(94) 968704678,Rio de Janeiro,RJ,2023-10-22,2026-09-23 16:55:35
C00349,Leonardo Pinto,leonardo.pinto349@live.com,377.945.179-83,(58) 919569225,Recife,PE,2025-10-10,2026-09-23 16:55:35
C00350,Gabriel Almeida,gabriel.almeida350@outlook.com,923.628.147-61,(19) 976205625,Florianópolis,SC,2023-09-29,2026-09-23 16:55:35
C00351,Vitor Hugo Rezende,vitor.hugo.rezende351@hotmail.com,567.108.477-35,(48) 992375979,Juiz de Fora,MG,2025-06-29,2026-09-23 16:55:35
C00352,Leonardo Pinto,leonardo.pinto352@uol.com.br,705.605.891-35,(80) 940163466,Fortaleza,CE,2022-01-14,2026-09-23 16:55:35
C00353,Laura Fernandes,laura.fernandes353@gmail.com,654.454.751-98,(12) 954881023,Florianópolis,SC,2025-09-08,2026-09-23 16:55:35
C00354,Cecília Novaes,cecilia.novaes354@gmx.com,206.310.642-40,(64) 980611981,Salvador,BA,2022-10-19,2026-09-23 16:55:35
C00355,Paulo Henrique Tavares,paulo.henrique.tavares355@hotmail.com,337.965.632-62,(58) 975112391,Poços de Caldas,MG,2025-04-04,2026-09-23 16:55:35
C00356,Nicolas Ribeiro,nicolas.ribeiro356@bol.com.br,75293950319,(86) 993032020, Rio de Janeiro,RJ,2024-06-09,2026-09-23 16:55:35
C00357,Thiago Mendes,thiago.mendes357@yahoo.com,367.971.422-60,(52) 952118417,Salvador,BA,2023-07-11,2026-09-23 16:55:35
C00358,João Pedro Batista,joao.pedro.batista358hotmail.com,239.898.888-84,(24) 925462731,Porto Alegre,RS,2022-12-03,2026-09-23 16:55:35
C00359,João Victor Alves,joao.victor.alves359@uol.com.br,516.223.648-55,(37) 974046051,Recife,PE,2024-08-06,2026-09-23 16:55:35
C00360,Nathan Vieira,nathan.vieira360@gmx.com,192.261.926-97,(49) 998841660,Belo Horizonte,MG,2023-03-17,2026-09-23 16:55:35
C00361,Vitor Hugo Rezende,vitor.hugo.rezende361@outlook.com,828.354.464-60,(76) 908025896,Campinas,SP,2023-06-17,2026-09-23 16:55:35
C00362,Camila Azevedo,camila.azevedo362@gmail.com,975.563.669-80,(42) 915518570,Goiânia,GO,2022-07-28,2026-09-23 16:55:35
C00363,Vanessa Dias,vanessa.dias363@hotmail.com,163.950.899-38,(27) 932467563,São Paulo,SP,2024-02-02,2026-09-23 16:55:35
C00364,Lucas Gomes,lucas.gomes364 @terra.com.br,365.932.176-12,(19) 932398265,Londrina,PR,2022-09-21,2026-09-23 16:55:35
C00365,Mariana Barbosa,mariana.barbosa365@fastmail.com,225.143.572-16,(32) 994028096,Recife,PE,2024-03-19,2026-09-23 16:55:35
C00366,Pedro Henrique Souza,pedro.henrique.souza366@gmail.com,799.536.276-55,(38) 930665505,Goiânia,GO,2023-07-28,2026-09-23 16:55:35
C00367,João Victor Alves,joao.victor.alves367@fastmail.com,135.728.734-88,(42) 948359173,Rio de Janeiro,RJ,2024-04-23,2026-09-23 16:55:35
C00368,Henrique Martins,henrique.martins368@uol.com.br,189.386.492-27,(64) 932679614,Poços de Caldas,MG,2023-05-26,2026-09-23 16:55:35
C00369,Lorena Rodrigues,lorena.rodrigues369 @mail.com,491.900.830-55,(72) 989218940,São Paulo,SP,2023-12-06,2026-09-23 16:55:35
C00370,Lívia Oliveira,livia.oliveira370@icloud.com,376.284.126-50,(87) 935881480,Goiânia,GO,2023-07-30,2026-09-23 16:55:35
C00371,Helena Rodrigues,helena.rodrigues371@mail.com,642.466.885-84,(40) 926152640,Sorocaba,SP,2023-05-23,2026-09-23 16:55:35
C00372,Karina Lopes,karina.lopes372@protonmail.com ,935.910.854-17,(39) 994327363,Juiz de Fora,MG,2023-12-28,2026-09-23 16:55:35
C00373,Camila Azevedo,camila.azevedo373@outlook.com,706.425.925-99,(56) 996921462,Florianópolis,SC,2025-12-11,2026-09-23 16:55:35
C00374, Zélia Figueiredo,zelia.figueiredo374@terra.com.br,245.676.292-73,(80) 950633876,Londrina,PR,2024-10-01,2026-09-23 16:55:35
C00375,Eduardo Pereira,eduardo.pereira375@hotmail.com,338.716.324-12,(78) 978311011,Poços de Caldas,MG,2023-11-11,2026-09-23 16:55:35
C00376,Felipe Moreira,felipe.moreira376@mail.com,448.834.281-51,(18) 903593420,Rio de Janeiro,RJ,2025-04-16,2026-09-23 16:55:35
C00377,Wesley Castro,wesley.castro377@mail.com,966.638.981-56,(20) 961207481,Belo Horizonte,MG,2025-04-15,2026-09-23 16:55:35
C00378,Nicolas Ribeiro,nicolas.ribeiro378@icloud.com,430.239.261-65,(92) 979826198,Salvador,BA,2022-12-23,2026-09-23 16:55:35
C00379,Zélia Figueiredo,zelia.figueiredo379@yahoo.com,934.279.487-49,(99) 948253086,Londrina,PR,2022-12-30,2026-09-23 16:55:35
C00380,Ana Silva,ana.silva380@zoho.com,500 971 889-82,(15) 929836213,Londrina,PR,2025-06-06,2026-09-23 16:55:35
C00381,Isabela Campos,isabela.campos381@globo.com,206.608.244-52,(20) 938996682,Londrina,PR,2023-10-17,2026-09-23 16:55:35
C00382,Bernardo Teixeira,bernardo.teixeira382@globo.com,941.825.786-91,(53) 973171186,Campinas,SP,2023-06-28,2026-09-23 16:55:35
C00383,Giovana Freitas,giovana.freitas383@yahoo.com,458.362.905-23,(11) 907887323,Campinas,SP,2024-06-16,2026-09-23 16:55:35
C00384,Gustavo Ramos,gustavo.ramos384@outlook.com,604.487.459-79,(59) 916618855,Ribeirão Preto,SP,2025-03-29,2026-09-23 16:55:35
C00385,Isabela Campos,isabela.campos385@outlook.com,175.918.966-14,(48) 903286221,Uberlândia,MG,2023-06-19,2026-09-23 16:55:35
C00386,Patricia Carvalho,patricia.carvalho386@hotmail.com,274.484.264-19,(81) 915256536,Recife,PE,2025-05-01,2026-09-23 16:55:35
C00387,Arthur Costa,arthur.costa387@zoho.com,541.769.268-87,(66) 925731877,São Paulo,SP,2022-07-27,2026-09-23 16:55:35
C00388,Wagner Siqueira,wagner.siqueira388@yahoo.com,519.813.667-79,(44) 946125872,Porto Alegre,RS,2023-05-02,2026-09-23 16:55:35
C00389,Nicolas Ribeiro,nicolas.ribeiro389@gmail.com,685.662.960-72,(30) 908936911,Goiânia,GO,2022-01-08,2026-09-23 16:55:35
C00390,Isadora Teixeira ,isadora.teixeira390@hotmail.com,943.777.740-86,(72) 932712589,Salvador,BA,2022-02-22,2026-09-23 16:55:35
C00391,Giovana Freitas,giovana.freitas391@outlook.com,183.584.964-24,(50) 965128715,Salvador,BA,2024-09-28,2026-09-23 16:55:35
C00392,Nathan Vieira,nathan.vieira392@hotmail.com,496.289.479-58,(58) 930568303,Juiz de Fora,MG,2022-04-02,2026-09-23 16:55:35
C00393,Nathan Vieira,nathan.vieira393@uol.com.br,369.331.957-44,(83) 910093476,Uberlândia,MG,2025-11-27,2026-09-23 16:55:35
C00394,Nicolas Ribeiro,nicolas.ribeiro394@hotmail.com,927.654.523-85,(40) 990701999,Fortaleza,CE,2024-03-03,2026-09-23 16:55:35
C00395,Manuela Silva,manuela.silva395@live.com,803.987.586-83,(41) 978035896,Juiz de Fora,MG,2022-06-11,2026-09-23 16:55:35
C00396,Beatriz Martins,beatriz.martins396@fastmail.com,614.684.629-83,(97) 924152970,Poços de Caldas,MG,2024-07-08,2026-09-23 16:55:35
C00397,Camila Azevedo,camila.azevedo397@outlook.com,927.297.229-15,(65) 912838133,Porto Alegre,RS,2023-02-18,2026-09-23 16:55:35
C00398,Wesley Castro,wesley.castro398@gmx.com,364.427.844-18,(22) 963587510,Maringá,PR,2025-02-04,2026-09-23 16:55:35
C00399,Vitor   Hugo Rezende,vitor.hugo.rezende399@gmx.com,632.569.994-11,(90) 996269561,Brasília,DF,2024-05-09,2026-09-23 16:55:35
C00400,Rafael Lima,rafael.lima400@live.com,251.680.702-84,(23) 917302654,Rio de Janeiro,RJ,2023-08-09,2026-09-23 16:55:35
C00401,Samuel Pereira,samuel.pereira401@fastmail.com,998.520.370-59,(94) 979558750,Fortaleza,CE,2022-03-18,2026-09-23 16:55:35
C00402,Camila Azevedo,camila.azevedo402@protonmail.com,247.733.723-97,(99) 965811635,Goiânia,GO,2024-03-21,2026-09-23 16:55:35
C00403,Wagner Siqueira,wagner.siqueira403@zoho.com,150.863.586-44,(58)903316535,Florianópolis,SC,2023-09-13,2026-09-23 16:55:35
C00404,Tomás Guimarães,tomas.guimaraes404@protonmail.com,978.812.801-22,(40) 922015923,Sorocaba,SP,2024-06-26,2026-09-23 16:55:35
C00405,Vitor Hugo Rezende,vitor.hugo.rezende405@protonmail.com,719.761.191-34,(67) 934637671,Ribeirão Preto,SP,2024-09-19,2026-09-23 16:55:35
C00406,Manuela Silva,manuela.silva406@gmx.com,940.157.627-30,(19) 950979303,Fortaleza,CE,2024-04-06,2026-09-23 16:55:35
C00407,Vanessa Dias,vanessa.dias407@mail.con,682.129.277-34,(36) 909445087,Santos,SP,2022-03-09,2026-09-23 16:55:35
C00408,Maria Eduarda Lopes,maria.eduarda.lopes408@gmail.com,821.303.380-57,(70) 982757503,Fortaleza,CE,2025-07-25,2026-09-23 16:55:35
C00409,Sofia Rocha,sofia.rocha409@globo.com,347.481.600-86,(68) 929098775,São Paulo,SP,2025/04/16,2026-09-23 16:55:35
C00410,Henrique Martins,henrique.martins410@icloud.com,267.957.364-98,(22) 946701449,Fortaleza,CE,2024-03-02,2026-09-23 16:55:35
C00411,Gabriel Almeida,gabriel.almeida411@outlook.com,898.319.977-38,(93) 936884387,Londrina,PR,2023-07-06,2026-09-23 16:55:35
C00412,Laura Fernandes,laura..fernandes412@bol.com.br,985.899.885-97,(12) 977673167,São Paulo ,SP,2025-08-18,2026-09-23 16:55:35
C00413,Camila Azevedo,camila.azevedo413@terra.com.br,329.358.722-49,(93) 945117943,São Paulo,SP,2024-02-11,2026-09-23 16:55:35
C00414,Yuri Amorim,yuri.amorim414@uol.com.br,,(77) 965062676,Brasília,DF,2022-01-16,2026-09-23 16:55:35
C00415,Miguel Santos,miguel.santos415@globo.com,674.762.708-87,(47) 948902771,Fortaleza,CE,2024-09-13,2026-09-23 16:55:35
C00416,Igor Martins,igor.martins416@icloud.com,755.432.982-45,(44) 948954086,Brasília,DF,2022-11-04,2026-09-23 16:55:35
C00417,Manuela Silva,manuela.silva417@mail.com,158.924.977-86,(62) 952363292,Florianópolis,SC,2022-02-22,2026-09-23 16:55:35
C00418,Pedro Henrique Souza,pedro.henrique.souza418@protonmail.com,528.514.497-14,(85) 993724111,Brasília,DF,2023-12-04,2026-09-23 16:55:35
C00419,Isabela Campos,isabela.campos419@globo.com,753.903.587-95,(56) 983115918,Juiz de Fora,MG,2022-12-15,2026-09-23 16:55:35
C00420,Diego Cardoso,diego.cardoso420@protonmail.com,582.231.858-43,(82) 929996499,Belo Horizonte,MG,2025-09-02,2026-09-23 16:55:35
C00421,Mariana Barbosa,mariana.barbosa421@yahoo.com,328.862.992-49,(64) 954287089,Fortaleza,CE,2023-06-18,2026-09-23 16:55:35
C00422,Ricardo Fonseca,ricardo.fonseca422@uol.com.br,581.154.987-91,(85) 995072166,Belo Horizonte,MG,2024-08-25,2026-09-23 16:55:35
C00423,Elisa Pacheco,elisa.pacheco423@bol.com.br,988.797.490-77,(49) 967681885,Belo Horizonte,MG,2022-11-05,2026-09-23 16:55:35
C00424,Vanessa Dias,vanessa.dias424@yahoo.com,519.683.568-28,(51) 929542324,Recife,PE,2024-09-25,2026-09-23 16:55:35
C00425,Wagner Siqueira,wagner.siqueira425@globo.com,420.749.159-10,(68) 944814430,Curitiba,PR,20221212,2026-09-23 16:55:35
C00426,alice monteiro,alice.monteiro426@uol.com.br,232.729.544-91,(65) 966098029,CAMPINAS,SP,2024-09-04,2026-09-23 16:55:35
C00427,Davi Lucca Amaral,davi.lucca.amaral427@gmail.com,646.304.848-57,(12) 952799700,Poços de Caldas,MG,2023-01-26,2026-09-23 16:55:35
C00428,Carlos Oliveira,carlos.oliveira428@globo.com,741.851.354-38,(99) 956416113,São Paulo,SP,2022-09-22,2026-09-23 16:55:35
C00429,Patricia Carvalho,patricia.carvalho429@live.com,702.413.271-18,(16) 948855764,Santos,SP,2024-07-22,2026-09-23 16:55:35
C00430,Manuela Silva,manuela.silva430@terra.com.br,445.544.803-27,(54) 980316885,Santos,SP,2023-01-21,2026-09-23 16:55:35
C00431,Bernardo Teixeira,bernardo.teixeira431@fastmail.com,119.333.329-26,(38) 903599267,Goiânia,GO,2022-12-13,2026-09-23 16:55:35
C00432,Sofia Rocha,sofia.rocha432@icloud.com,484.997.755-42,(79) 907961785,Poços de Caldas,MG,2025-09-17,2026-09-23 16:55:35
C00433,Patricia Carvalho,PATRICIA.CARVALHO433@GLOBO.COM,149.806.218-63,(67) 962303024,São Paulo,SP,2025-01-25,2026-09-23 16:55:35
C00434,Manuela Correia,manuela.correia434@uol.com.br,310.811.802-90,(12) 949337895,Rio de Janeiro,RJ,2025-09-17,2026-09-23 16:55:35
C00435,Nicolas Ribeiro,nicolas.ribeiro435@globo.com,376.737.720-99,(28) 968622718,Santos,SP,2024-11-13,2026-09-23 16:55:35
C00436,Sofia Rocha,sofia.rocha436@protonmail.com,903.208.609-35,(88) 932725308,Belo Horizonte,MG,2024-12-07,2026-09-23 16:55:35
C00437,Felipe Moreira,felipe.moreira437@icloud.com,402.264.140-80,(74) 934028875,Ribeirão Preto,SP,20231109,2026-09-23 16:55:35
C00438,Karina Lopes,karina.lopes438@gmail.com,787.191.213-83,(96) 980953443,São Paulo,SP,2022-07-04,2026-09-23 16:55:35
C00439,Miguel Santos,miguel.santos439@hotmail.com,362.759.336-68 ,(48) 943278606,Belo Horizonte,MG,2022-04-13,2026-09-23 16:55:35
C00440,Nicolas Ribeiro,nicolas.ribeiro440@gmx.com,995.140.972-47,(57) 951237979,Curitiba,PR,2022-08-26,2026-09-23 16:55:35
C00441,Nicolas Ribeiro,nicolas.ribeiro441@gmx.com,109.972.241-94,(93) 927936384,Poços de Caldas,MG,2024-01-03,2026-09-23 16:55:35
C00442,Letícia Cardoso,leticia.cardoso442@terra.com.br,999.850.195-57,(54) 929962865,Brasília,DF,2024-03-31,2026-09-23 16:55:35
C00443,Caio Mendes,caio.mendes443@uol.com.br,955.494.806-71,(64) 927322852,Brasília,DF,2022-09-29,2026-09-23 16:55:35
C00444,Helena Rodrigues,helena.rodrigues444@gmx.com,206.526.704-71,(83) 971783969, Curitiba,PR,2025-06-05,2026-09-23 16:55:35
C00445,Cecília Novaes,cecilia.novaes445@mail.com,726.129.983-97,(27) 979148997,Fortaleza,CE,2022-08-20,2026-09-23 16:55:35
C00446,Laura Fernandes,laura.fernandes446@uol.com.br,164.367.770-50,(12) 985984669,Poços de Caldas,MG,2025-10-03,2026-09-23 16:55:35
C00447,Xênia Brandão,xenia.brandao447@bol.com.br,804.817.733-22,(66) 940728895,Santos,SP,2023-12-10,2026-09-23 16:55:35
C00448,Davi Lucca Amaral,davi.lucca.amaral448@outlook.com,727.155.111-92 ,(31) 982838688,Juiz de Fora,MG,2024-10-12,2026-09-23 16:55:35
C00449,Bernardo Teixeira,bernardo.teixeira449@hotmail.com,428.346.438-45,(17) 983054648,Sorocaba,SP,2025-02-01,2026-09-23 16:55:35
C00450,Cecília Novaes,cecilia.novaes450@live.com,180.570.554-83,(68) 914429166,Florianópolis,SC,2024-07-04,2026-09-23 16:55:35
C00451,Ursula Peixoto,ursula.peixoto451@hotmail.com,863.769.118-23,(62)967551587,Sorocaba,SP,2025-02-15,2026-09-23 16:55:35
C00452,Henrique Martins,henrique.martins452@gmail.com,910.718.733-91,(49) 983284389,Campinas,SP,2025-09-02,2026-09-23 16:55:35
C00453,Maria Eduarda Lopes,maria.eduarda.lopes453@icloud.com,945.155.936-38,(69) 954398751, Fortaleza,CE,2025-09-07,2026-09-23 16:55:35
C00454,Amanda Braga,amanda.braga454@zoho.com,216.199.877-94,(39) 900356592,Uberlândia,MG,2023-12-29,2026-09-23 16:55:35
C00455,Ricardo Fonseca,ricardo.fonseca455@bol.com.br,482.818.208-15,(32) 980673301,Santos,SP,2024-04-18,2026-09-23 16:55:35
C00456,Patricia Carvalho,patricia.carvalho456@protonmail.com,300.292.223-60,(38) 974884122,Maringá,PR,2023-11-24,2026-09-23 16:55:35
C00457,Patricia Carvalho,patricia.carvalho457@mail.com,147.748.957-96,(86) 920188381,Ribeirão Preto,SP,2024-07-25,2026-09-23 16:55:35
C00458,Lívia Oliveira,livia.oliveira458@outlook.com,104.643.853-16,(81) 970918912,Sorocaba,SP,2024-11-07,2026-09-23 16:55:35
C00459,Camila Azevedo,camila.azevedo459@zoho.com,277.848.934-26,(24) 963476273,Londrina,PR,2024-10-29,2026-09-23 16:55:35
C00460,Davi Lucca Amaral ,davi.lucca.amaral460@live.com,809.880.354-45,(61) 956175819,Maringá,PR,2024/07/16,2026-09-23 16:55:35
C00461,Vanessa Dias,vanessa.dias461@outlook.com,716.816.866-75,(49) 989756143,Ribeirão Preto,SP,2025-12-28,2026-09-23 16:55:35
C00462,Henrique Martins,henrique.martins462@globo.com,305.314.739-47,(98) 956573173,Porto Alegre,RS,2025-12-25,2026-09-23 16:55:35
C00463,Camila Azevedo,camila.azevedo463@bol.com.br,810.752.430-24,(56) 992128870,Juiz de Fora,MG,2025-04-08,2026-09-23 16:55:35
C00464,Gustavo Ramos,gustavo.ramos464@globo.com,392.998.967-64,(12) 985642744,Juiz de Fora,MG,2022-02-21,2026-09-23 16:55:35
C00465,Cecília Novaes,cecilia.novaes465@outlook.com,786.157.304-44,(31) 946955105,Poços de Caldas,MG,2022-10-27,2026-09-23 16:55:35
C00466,Helena Rodrigues,helena.rodrigues466@zoho.com,308.871.654-14,(56) 974152679,Salvador,BA,2025-06-15,2026-09-23 16:55:35
C00467,Isabela Campos,isabela.campos467@zoho.com,498.343.623-99,(47) 907697251,Juiz de Fora,MG,2024-03-04,2026-09-23 16:55:35
C00468,Gustavo Ramos,gustavo.ramos468@mail.com,665.155.113-42,(36) 972594695,Recife,PE,2025-07-21,2026-09-23 16:55:35
C00469,Benício Salgado,benicio.salgado469@mail.com,659.856.717-35,(35) 948198353,Londrina,PR,2022-12-30,2026-09-23 16:55:35
C00470,Juliana Ferreira,juliana.ferreira470@outlook.com,852.626.222-58,(16) 970205572,Curitiba,PR,2025-02-13,2026-09-23 16:55:35
C00471,Nathan Vieira,nathan.vieira471@outlook.com,698.966.361-10,(53) 976403536,Curitiba,PR,2022-03-23,2026-09-23 16:55:35
C00472,Yasmin Nunes,yasmin.nunes472@fastmail.com,711.152.892-90,(89) 949349037,Recife,PE,2025-03-18,2026-09-23 16:55:35
C00473,Henrique Martins,henrique.martins473@icloud.com,902.824.425-77,(39) 930129529,Campinas,SP,2022-05-20,2026-09-23 16:55:35
C00474,Lívia Oliveira,livia.oliveira474@outlook.com,656.649.513-21,(55) 936244495,Ribeirão Preto,SP,2025-09-20,2026-09-23 16:55:35
C00475,Wagner Siqueira,wagner.siqueira475@icloud.com,400.323.870-89,(78) 977801144,Fortaleza,CE,2022-08-23,2026-09-23 16:55:35
C00476,Yuri Amorim,yuri.amorim476@uol.com.br,757.728.736-41,(16) 952587248, Florianópolis,SC,2022-08-21,2026-09-23 16:55:35
C00477,Davi Lucca Amaral,davi.lucca.amaral477@protonmail.com,841.389.125-76,(58) 984269335,Juiz de Fora,MG,2024-07-01,2026-09-23 16:55:35
C00478,Valentina Dias,valentina.dias478@gmail.com,767.297.428-75,(21) 915723742,Salvador,BA,2025-01-06,2026-09-23 16:55:35
C00479,Samuel Pereira,samuel.pereira479@gmail.com,315.786.744-37,(98) 969502702,Campinas,SP,2023-02-26,2026-09-23 16:55:35
C00480,Samuel Pereira,samuel.pereira480@gmx.com,762.936.173-97,(30) 903898523,Ribeirão Preto,SP,2023-11-11,2026-09-23 16:55:35
C00481,Eduardo Pereira,eduardo.pereira481@hotmail.com,155.282.913-42,(82) 911544729,Campinas,SP,2023-06-14,2026-09-23 16:55:35
C00482,Laura Fernandes,laura.fernandes482@live.com,745.514.543-50,(13) 963812938,Uberlândia,MG,2024-12-31,2026-09-23 16:55:35
C00483,Ana Silva ,ana.silva483@globo.com,164.874.863-84,(16) 911896860,Maringá,PR,2024-10-26,2026-09-23 16:55:35
C00484,Patricia Carvalho,patricia.carvalho484@protonmail.com,721.188.388-66,(59) 964731504,Salvador,BA,2024-08-28,2026-09-23 16:55:35
C00485,Alice Monteiro,alice.monteiro485@bol.con.br,239.864.500-79,(48) 923605883,Florianópolis,SC,2025-10-19,2026-09-23 16:55:35
C00486,Benício Salgado,benicio.salgado486@gmail.com,995.668.244-25,(16) 900827456,Juiz de Fora,MG,2025/01/05,2026-09-23 16:55:35
C00487,Henrique Martins,henrique.martins487@hotmail.com,315.866.859-54,(38) 967609397,Salvador,BA,2022-10-19,2026-09-23 16:55:35
C00488,Alice Monteiro,alice.monteiro488@outlook.com,731.954.358-34,(25) 929711891,Florianópolis,SC,2025-01-29,2026-09-23 16:55:35
C00489,Enzo Barbosa,enzo.barbosa489@globo.com,174.397.787-18,(43) 916084234,Juiz de Fora,MG,2025-04-04,2026-09-23 16:55:35
C00490,Valentina Dias,valentina.dias490@icloud.com,231.787.771-40,(23) 946712143,Fortaleza,CE,2023-02-01,2026-09-23 16:55:35
C00491,Ursula Peixoto,ursula.peixoto491@uol.com.br,436.731.775-49,(99) 995713496,Uberlândia,MG,2025-03-04,2026-09-23 16:55:35
C00492,Amanda Braga,amanda.braga492@mail.com,538.272.104-50,(42) 936298145,Recife,PE,2023-07-21,2026-09-23 16:55:35
C00493,AMANDA BRAGA,amanda.braga493@outlook.com,998.591.573-67,(56) 950048978,Recife,PE,2025-02-03,2026-09-23 16:55:35
C00494,Patricia Carvalho,patricia.carvalho494@outlook.com,183.961.387-27,(79) 932185312,Maringá,PR,2025-07-07,2026-09-23 16:55:35
C00495,Juliana Ferreira,juliana.ferreira495@zoho.com,119.969.619-90,(14) 995337637, Campinas,SP,2025-04-23,2026-09-23 16:55:35
C00496,Henrique Duarte,henrique.duarte496@fastmail.com,664.366.656-79,(71) 924356993,Poços de Caldas,MG,2024-03-14,2026-09-23 16:55:35
C00497,Isabela Campos,isabela.campos497@fastmail.com ,850.977.397-27,(70) 982109362,Londrina,PR,2022-07-05,2026-09-23 16:55:35
C00498,Beatriz Martins,beatriz.martins498@icloud.com,110.778.344-88,(98) 927179423,Santos,SP,2022-10-15,2026-09-23 16:55:35
C00499,João Victor Alves,joao.victor.alves499@outlook.com,679.679.775-28,(72) 958781662,Curitiba,PR,2023-03-25,2026-09-23 16:55:35
C00500,Valentina Dias,valentina.dias500@yahoo.com,370.478.339-15,(96) 933879485,Campinas,SP,2024-01-10,2026-09-23 16:55:35
C00501,Davi Lucca Amaral,davi.lucca.amaral501@uol.com.br,147.140.764-51,(24) 985425480,Uberlândia,MG,20230624,2026-09-23 16:55:35
C00502,Lorena Rodrigues,lorena.rodrigues502@terra.com.br ,48576948756,(86) 912759465,Curitiba,PR,2023-05-31,2026-09-23 16:55:35
C00503,Cecília Novaes,cecilia.novaes503@fastmail.com,628.515.461-54,(73) 978981108,Florianópolis,SC,2024-10-24,2026-09-23 16:55:35
C00504,Vanessa Dias,vanessa.dias504@uol.com.br,335.178.626-92,(46) 934653461,Curitiba,PR,2023-01-18,2026-09-23 16:55:35
C00505,ALICE MONTEIRO,alice.monteiro505@icloud.com,834.936.221-94,(40) 967936410,maringá,PR,2022-08-21,2026-09-23 16:55:35
C00506,Arthur Costa,arthur.costa506@globo.com,590.315.704-30,(93) 967321367,Sorocaba,SP,2023-05-15,2026-09-23 16:55:35
C00507,Fernanda Costa,fernanda.costa507@outlook.com,706.264.237-90,(76) 906423406,Londrina,PR,2022-04-25,2026-09-23 16:55:35
C00508,Bernardo Teixeira,bernardo.teixeira508@protonmail.com,629.515.713-82,(92) 903055644,Curitiba,PR,2022-06-25,2026-09-23 16:55:35
C00509,Henrique Duarte,henrique.duarte509@uol.com.br,582.988.593-31,(39) 967303338,Maringá,PR,2025-04-08,2026-09-23 16:55:35
C00510,Diego Cardoso,diego.cardoso510@terra.com.br,370.271.841-97,(54) 974292127,Santos,SP,2023-04-16,2026-09-23 16:55:35
C00511,Cecília Novaes,cecilia.novaes511@live.com,211.116.307-76,(75) 968773450,Rio de Janeiro,RJ,2025-05-25,2026-09-23 16:55:35
C00512,Nicolas Ribeiro,nicolas.ribeiro512@outlook.com,729.714.139-78,(75) 919252526,Sorocaba,SP,2024-09-14,2026-09-23 16:55:35
C00513,Thiago Mendes,thiago.mendes513@fastmail.com,652.947.101-96,(94) 970699553,Maringá,MG,2024-05-11,2026-09-23 16:55:35
C00514,Benício Salgado,benicio.salgado514@gmx.com,814.642.539-39,(72) 962466742,Poços de Caldas,MG,2025-04-21,2026-09-23 16:55:35
C00515,Nicolas Ribeiro,nicolas.ribeiro515@live.com,360.588.884-39,(21) 946419908,Rio de Janeiro,RJ,2024-04-16,2026-09-23 16:55:35
C00516,Manuela Correia,manuela.correia516@yahoo.com,826.861.908-10,(84) 985612930,São Paulo,SP,2024-11-30,2026-09-23 16:55:35
C00517,Ana Silva,ana.silva517@live.com,804.923.423-62,(57) 917463535,Porto Alegre,RS,2024-05-22,2026-09-23 16:55:35
C00518,Manuela Correia,manuela.correia518@protonmail.com,533.678.474-88,(46) 965114337,Juiz de Fora,MG,2024-04-26,2026-09-23 16:55:35
C00519,Henrique Martins,henrique.martins519@mail.com,594.283.479-81 ,(82) 979255157,juiz de fora,MG,2023-09-21,2026-09-23 16:55:35
C00520,Yuri Amorim,yuri.amorim520 @mail.com,853.241.975-94,(26) 937648317,Goiânia,GO,2025-12-03,2026-09-23 16:55:35
C00521,Alice Monteiro,alice.monteiro521@hotmail.com,620.510.904-53,(81) 908523633,Porto Alegre,RS,2024-03-07,2026-09-23 16:55:35
C00522,Ana Silva,ana.silva522@mail.com,943.248.582-86,(66) 914442049, Campinas,SP,2023-06-23,2026-09-23 16:55:35
C00523,Isabela Campos,isabela.campos523@icloud.com,723.138.841-59,(62) 985365693,Campinas,SP,2025-12-28,2026-09-23 16:55:35
C00524,Helena Rodrigues,helena.rodrigues524@mail.com,755 606 549-11,(36) 984895685,Curitiba,PR,2023-02-03,2026-09-23 16:55:35
C00525,Eduardo Pereira  ,eduardo.pereira525@mail.com,622.628.815-39,(89) 927761590,Maringá,PR,2024-01-07,2026-09-23 16:55:35
C00526,Karina Lopes,karina.lopes526@globo.com,261.188.382-61,(56) 964747642,São Paulo,MG,2025-04-15,2026-09-23 16:55:35
C00527,Felipe Moreira,felipe.moreira527@bol.com.br,854.820.170-21,(81) 946616703,São Paulo,SP,2023-12-13,2026-09-23 16:55:35
C00528,Paulo Henrique Tavares,paulo.henrique.tavares528@yahoo.com,299.565.513-83,(11) 942773867,Maringá,PR,2024-04-13,2026-09-23 16:55:35
C00529,Lívia Oliveira,livia.oliveira529@hotmail.com,174.615.401-53,(25) 984095222,Juiz de Fora,MG,2025-01-06,2026-09-23 16:55:35
C00530,Manuela Correia ,manuela.correia530@zoho.com,486.676.595-41,(54) 975178548,Uberlândia,MG,2025-04-16,2026-09-23 16:55:35
C00531,Daniela Santos,daniela.santos531@uol.com.br,364.169.491-91,(39) 937676172,Belo Horizonte,MG,2024-04-24,2026-09-23 16:55:35
C00532,Zélia Figueiredo,zelia.figueiredo532@bol.com.br,109.817.952-43,(42) 947062523,Juiz de Fora,MG,2024-03-28,2026-09-23 16:55:35
C00533,Xênia Brandão,xenia.brandao533@hotmail.com,282.587.421-55,(38) 993995408,Juiz de Fora,MG,2023-01-10,2026-09-23 16:55:35
C00534,Elisa Pacheco,elisa.pacheco534@uol.com.br,340.853.347-43,(37) 937554322,Porto Alegre,RS,2023-05-27,2026-09-23 16:55:35
C00535,Zélia Figueiredo,zelia.figueiredo535@outlook.com,222.180.792-94,(74) 901089871,Belo Horizonte,MG,2022-03-28,2026-09-23 16:55:35
C00536,Arthur Costa,arthur.costa536@icloud.com,422.604.688-45,(73) 929969374,Maringá,PR,2023-07-28,2026-09-23 16:55:35
C00537, Beatriz Martins,beatriz.martins537@yahoo.com,231.155.638-64,(72) 988591533,Londrina,PR,2024-10-26,2026-09-23 16:55:35
C00538,Yuri Amorim,yuri.amorim538 @live.com,568.223.815-76 ,(69) 951711137,Curitiba,PR,2022-01-25,2026-09-23 16:55:35
C00539,Giovana Freitas,giovana.freitas539@live.com,203.433.470-88,(44) 930669987,Londrina,PR,2023-06-23,2026-09-23 16:55:35
C00540,Karina Lopes,karina.lopes540@protonmail.com,727.451.474-33,(74) 969454449,Sorocaba,SP,2024-05-08,2026-09-23 16:55:35
C00541,Benício Salgado,benicio.salgado541@icloud.com,386.561.284-83,(27) 994354744,Goiânia,GO,2022-07-24,2026-09-23 16:55:35
C00542,Olivia Machado,olivia.machado542@mail.com,668.542.976-58,(36) 923893450,Florianópolis,SC,2024-08-26,2026-09-23 16:55:35
C00543,Bruno Souza,bruno.souza543@outlook.com,611.237.969-90,(77) 987486172,Ribeirão Preto,SP,2024-09-23,2026-09-23 16:55:35
C00544,SABRINA MELO,sabrina.melo544@protonmail.com,97968114860,(23) 926761983,Juiz de Fora,MG,2023-03-18,2026-09-23 16:55:35
C00545,Manuela Correia,manuela.correia545@uol.com.br,560.862.442-43,(57) 959035222,Belo Horizonte,MG,2023-12-06,2026-09-23 16:55:35
C00546,CARLOS OLIVEIRA,carlos.oliveira546@live.com,459.988.795-87,(36) 994519821,Belo Horizonte,MG,2022-12-24,2026-09-23 16:55:35
C00547,Queila Andrade,queila.andrade547@icloud.com,,(21) 962435694,Recife,PE,2024-08-07 ,2026-09-23 16:55:35
C00548,Wesley Castro,wesley.castro548@gmx.com,755.927.445-63,(91) 993657631,Curitiba,PR,2022-05-27,2026-09-23 16:55:35
C00549,Lucas Gomes,lucas.gomes549@outlook.com,333.421.424-93,(48) 943827479,Recife,PE,,2026-09-23 16:55:35
C00550,Letícia Cardoso,leticia.cardoso550@mail.com,865.701.633-67,(63) 927414012,Fortaleza,CE,2022-02-17,2026-09-23 16:55:35
C00551,Thiago Mendes,thiago.mendes551@zoho.com,777.357.861-99,(21) 934503734,Florianópolis,SC,2024-03-24,2026-09-23 16:55:35
C00552,Patricia Carvalho,patricia.carvalho552@hotmail.com,999.584.661-16,(14) 965049584,Campinas,SP,2022-06-20,2026-09-23 16:55:35
C00553,Patricia Carvalho,patricia.carvalho553@protonmail.com,259.186.770-59,(50) 937575053,Maringá,PR,2023-08-05,2026-09-23 16:55:35
C00554,Letícia Cardoso,leticia.cardoso554@globo.com,234.639.958-31,(14) 905756846,Rio de Janeiro,RJ,2023-10-29,2026-09-23 16:55:35
C00555,Clara Ribeiro,clara.ribeiro555@uol.com.br,378.661.555-27,(80) 929008480,Juiz de Fora,MG,2025-07-16,2026-09-23 16:55:35
C00556,Matheus Rocha,matheus.rocha556@bol.com.br,417.455.593-79,(40) 914678239,Juiz de Fora,MG,2023-09-23 ,2026-09-23 16:55:35
C00557,Amanda Braga,amanda.braga557@live.com,259.410.110-10,(77) 922336634,Brasília,DF,2023-08-11,2026-09-23 16:55:35
C00558,Clara Ribeiro,clara.ribeiro558@bol.com.br,804.603.873-71,(49) 901498052,São Paulo,SP,2023-08-23,2026-09-23 16:55:35
C00559,João Pedro Batista,joao.pedro.batista559@mail.com,661.482.293-62,(82) 971617467,São Paulo,SP,2023-05-27,2026-09-23 16:55:35
C00560,Alice Monteiro,alice.monteiro560@zoho.com,948.487.325-43,(21) 969174924,Goiânia,GO,2024-11-24,2026-09-23 16:55:35
C00561,Olivia Machado,olivia.machado561@protonmail.com,928.375.522-34,(19) 929883238,Juiz de Fora,MG,2023-08-17,2026-09-23 16:55:35
C00562,Rafael Lima,rafael.lima562@globo.com,732.563.378-99,(90) 980604076,Uberlândia,MG,2023-10-19,2026-09-23 16:55:35
C00563,Carlos Oliveira,carlos.oliveira563@outlook.con,647.122.290-23,(47) 944103048,Poços de Caldas,MG,2024-06-16,2026-09-23 16:55:35
C00564,Bruno Souza,bruno.souza564@yahoo.com,254.115.605-37,(54) 968856104,Campinas,SP,2024-10-17,2026-09-23 16:55:35
C00565,Benício Salgado,benicio.salgado565@uol.com.br,438.182.963-28,(18) 943667429,Poços de Caldas,MG,2022-05-27,2026-09-23 16:55:35
C00566,Lorena Rodrigues,lorena.rodrigues566@uol.com.br,296.961.356-58,(12) 919985078,Curitiba,MG,2024-02-28,2026-09-23 16:55:35
C00567,Letícia Cardoso,leticia.cardoso567@yahoo.com,303.571.852-22,(77) 934158746,Poços de Caldas,MG,2024-03-07,2026-09-23 16:55:35
C00568,Tomás Guimarães,tomas.guimaraes568@fastmail.com,262.744.845-15,(81) 985343001,Recife,PE,2023-06-03,2026-09-23 16:55:35
C00569,Arthur Costa,arthur.costa569@globo.com,303.469.153-95,(38) 918504866,Salvador,BA,2025-07-20,2026-09-23 16:55:35
C00570,Matheus Rocha,matheus.rocha570@icloud.com,271.913.382-84,(26) 964844982,São Paulo,SP,2022-01-19,2026-09-23 16:55:35
C00571,Fernanda Costa,fernanda.costa571@terra.com.br,804.710.258-57,(22) 940753583,Sorocaba,SP,2024-10-20,2026-09-23 16:55:35
C00572,Mariana Barbosa,mariana.barbosa572@globo.com,446.877.740-17,(18) 958243521,Maringá,PR,2025-12-07,2026-09-23 16:55:35
C00573,Samuel Pereira,samuel.pereira573@mail.com,228.599.338-50,(82) 956908187,Belo Horizonte,MG,2023-01-31,2026-09-23 16:55:35
C00574,Carlos Oliveira,carlos.oliveira574@zoho.com,466.841.237-42,16 979518168,Goiânia,GO,2025-02-18,2026-09-23 16:55:35
C00575,Ricardo Fonseca,ricardo.fonseca575@bol.com.br,294.680.291-79,(55) 953038674,Sorocaba,SP,2023-07-18,2026-09-23 16:55:35
C00576,Henrique Martins,henrique.martins576@outlook.com,643.258.560-47,(44) 988737014,Campinas,SP,2024-07-18,2026-09-23 16:55:35
C00577,Ana Silva,ana.silva577@mail.com,488.851.289-12,(90) 959654912,Santos,SP,2023-10-19,2026-09-23 16:55:35
C00578,Igor Martins,igor.martins578@globo.com,938.496.294-77,(98) 981513525, Juiz de Fora,MG,2025-06-09,2026-09-23 16:55:35
C00579,Queila Andrade,queila.andrade579@icloud.com,756.429.213-22,(77) 910921717,Ribeirão Preto,SP,2022-09-23 ,2026-09-23 16:55:35
C00580,Camila Azevedo,camila.azevedo580@gmx.com,306.209.597-34,(23) 905217366,Poços de Caldas,MG,2025-09-09,2026-09-23 16:55:35
C00581,Valentina Dias,valentina.dias581@bol.com.br,818.704.362-16,(57) 936162161,Maringá,PR,2022-01-27,2026-09-23 16:55:35
C00582,Giovana Freitas,giovana.freitas582@globo.com,952.181.579-91,(18) 959137814,Sorocaba,SP,2024-01-26,2026-09-23 16:55:35
C00583,Helena Rodrigues,helena..rodrigues583@gmx.com,37264114119,(49) 912764537,Maringá,PR,2024-11-29,2026-09-23 16:55:35
C00584,Nicolas Ribeiro,nicolas.ribeiro584@hotmail.com,644.494.294-34,(78) 940753931,Florianópolis,SC,2025-02-17,2026-09-23 16:55:35
C00585,Gustavo Ramos,gustavo.ramos585@zoho.com,884.753.690-55,(97) 975157997,Belo Horizonte,MG,2022-08-02,2026-09-23 16:55:35
C00586,Bernardo Teixeira ,bernardo.teixeira586@mail.com,663.511.616-53,(95) 925919747,Curitiba,PR,2025-05-13,2026-09-23 16:55:35
C00587,Letícia Cardoso,leticia.cardoso587@fastmail.com,422.663.432-57,(63) 970546299,Fortaleza,CE,2025-05-31,2026-09-23 16:55:35
C00588,Karina Lopes,karina.lopes588@terra.com.br,319.484.884-80,(43) 958988412,Juiz de Fora,MG,2024-07-05,2026-09-23 16:55:35
C00589,Beatriz Martins,beatriz.martins589@gmail.com,391.710.116-76,(28) 949451107,Poços de Caldas,MG,2023-09-08,2026-09-23 16:55:35
C00590,Isabela Campos,isabela.campos590@yahoo.com,122.890.941-98,(46) 990719376,Recife,PE,2025-02-13,2026-09-23 16:55:35
C00591,Yasmin Nunes,yasmin.nunes591@hotmail.com,571.464.259-27,(44) 960145093,Poços de Caldas,MG,2023-04-23,2026-09-23 16:55:35
C00592,Manuela Correia,manuela.correia592@mail.com,194.684.509-82,(38) 912646319,Salvador,BA,2024/09/15,2026-09-23 16:55:35
C00593,Camila Azevedo,camila.azevedo593@uol.com.br,939.197.709-92,(49) 906127251,Londrina,PR,2022-06-10,2026-09-23 16:55:35
C00594,Helena Rodrigues,helena.rodrigues594@fastmail.com,456.936.544-63,(26) 937141187,Recife,PE,2025-07-22,2026-09-23 16:55:35
C00595,Cecília Novaes,cecilia.novaes595@gmail.com,636.142.426-79,(83) 924506354,Salvador,BA,2024-10-25,2026-09-23 16:55:35
C00596,Isabela Campos,isabela.campos596@outlook.com,789.849.502-67,(87) 994249269,Poços de Caldas,MG,2022-07-04,2026-09-23 16:55:35
C00597,Isabela Campos,isabela.campos597@live.com,905.503.251-26,(54) 913528796,Salvador,BA,2025-03-16,2026-09-23 16:55:35
C00598,Gabriel Almeida,gabriel.almeida598@bol.com.br,368.187.508-74,(66) 921363209,Goiânia,SP,2024-09-11,2026-09-23 16:55:35
C00599,Felipe Moreira,felipe.moreira599@uol.com.br,767.685.300-81,(89) 985895034,Goiânia,GO,,2026-09-23 16:55:35
C00600,Juliana Ferreira,juliana.ferreira600@protonmail.com,431.801.689-21,(25) 967767939,Ribeirão Preto,SP,2024-01-19,2026-09-23 16:55:35
C00601,Yuri Amorim,yuri.amorim601@yahoo.com,452.708.771-13,(50) 927736729,Recife,PE,2025-06-16,2026-09-23 16:55:35
C00602,Letícia Cardoso,leticia.cardoso602@terra.com.br,551.145.937-39,55(36)961243555,Rio de Janeiro,RJ,2022-06-25,2026-09-23 16:55:35
C00603,Rafael Lima,rafael.lima603@zoho.com,348.735.251-46 ,(12) 956242823,Poços de Caldas,MG,2023-09-17,2026-09-23 16:55:35
C00604,João Victor Alves,joao.victor.alves604@uol.com.br,439.314.857-78,(38) 933399952,São Paulo,SP,2024-12-07,2026-09-23 16:55:35
C00605,Nathan Vieira,nathan.vieira605@bol.com.br,737.847.244-98,(96)903017170,Sorocaba,SP,2025-04-08,2026-09-23 16:55:35
C00606,Rafaela Almeida,rafaela.almeida606@gmail.com,274.161.390-35,(90) 944441869,Brasília,DF,2024-08-10,2026-09-23 16:55:35
C00607,Bruno Souza,bruno.souza607@hotmail.com ,776.377.778-94,(57) 917671312,Goiânia,GO,2023-08-23 ,2026-09-23 16:55:35
C00608,Davi Lucca Amaral,davi.lucca.amaral608@yahoo.com,620.826.201-50,(73) 997829709,Goiânia,GO,2022-06-30,2026-09-23 16:55:35
C00609,Diego Cardoso,diego.cardoso609@yahoo.com,568.674.829-12,(16) 940539673,Santos,SP,2023-09-17,2026-09-23 16:55:35
C00610,Wagner Siqueira,wagner.siqueira610@uol.com.br,862.260.118-54,(98) 957656822,Goiânia,GO,2025-07-04,2026-09-23 16:55:35
C00611,Sabrina Melo,sabrina.melo611@yahoo.com,,(43) 963431482,Santos,SP,2025-02-10,2026-09-23 16:55:35
C00612,Paulo Henrique Tavares,paulo.henrique.tavares612@yahoo.com,449.502.772-27,(22) 962629531,Rio de Janeiro,RJ,2025-10-20,2026-09-23 16:55:35
C00613,João Pedro Batista,joao.pedro.batista613@live.com,686.256.536-49,(88) 953958359,Florianópolis,SC,2025-01-15,2026-09-23 16:55:35
C00614,Thiago Mendes,thiago.mendes614@yahoo.com,694.654.800-35,,Rio de Janeiro,RJ,2022-10-04,2026-09-23 16:55:35
C00615,Matheus Rocha,matheus.rocha615@fastmail.com,771.678.261-50,(19) 991319732,Rio de Janeiro,RJ,2022-08-31,2026-09-23 16:55:35
C00616,Diego Cardoso,diego.cardoso616@icloud.com,844.130.883-50,(63) 967375970,Rio de Janeiro,RJ,2024-06-26,2026-09-23 16:55:35
C00617,Paulo Henrique Tavares,paulo.henrique.tavares617@outlook.com,209.234.289-13,(89) 943724783,Porto Alegre,RS,2025-05-06,2026-09-23 16:55:35
C00618,João Pedro Batista,joao.pedro.batista618@yahoo.com,467.181.804-71,(28) 982308680,São Paulo,SP,2025-12-29,2026-09-23 16:55:35
C00619,Benício Salgado,benicio.salgado619@outlook.com,603.585.240-30,(35) 937071528,Goiânia,GO,2024-04-16,2026-09-23 16:55:35
C00620,Bruno Souza,bruno.souza620@fastmail.com,522.327.860-95,(36) 933512083,Brasília,DF,2022-12-29,2026-09-23 16:55:35
C00621,Letícia Cardoso,leticia.cardoso621@gmx.com,601.804.432-68,(42) 970057633,Maringá,PR,2022-03-27,2026-09-23 16:55:35
C00622,cecília novaes,cecilia.novaes622@zoho.com,503.726.860-83,(87) 987849605,Recife,PE,2025-08-06,2026-09-23 16:55:35
C00623,Eduardo Pereira,eduardo.pereira623@bol.com.br,562.567.946-15,(42) 984989812,Belo Horizonte,MG,2024-03-21,2026-09-23 16:55:35
C00624,Fernanda Costa,FERNANDA.COSTA624@BOL.COM.BR,628.883.745-16,,Goiânia,GO,2024-03-26,2026-09-23 16:55:35
C00625,Sabrina Melo,sabrina.melo625@mail.com,572.270.532-47,(89) 908939470,Salvador,BA,2022-10-19,2026-09-23 16:55:35
C00626,Enzo Barbosa,enzo.barbosa626@gmx.com,192.839.612-24,(34) 995919952,Uberlândia,MG,2022-10-05,2026-09-23 16:55:35
C00627,Beatriz Martins,beatriz.martins627@live.com,561.125.283-68,(86) 933088449,Recife,PE,2022-07-04,2026-09-23 16:55:35
C00628,Manuela Correia,manuela.correia628@icloud.com,835.850.226-21,(25) 973626946,Curitiba,PR,2022-06-24,2026-09-23 16:55:35
C00629,Rafaela Almeida,rafaela.almeida629@zoho.com,844.910.623-88,(31) 962047235,Goiânia,GO,2022-03-31,2026-09-23 16:55:35
C00630,Bernardo Teixeira,bernardo.teixeira630@fastmail.com,679.992.775-29,(31) 923693930,Recife,PE,2025-12-29,2026-09-23 16:55:35
C00631,Gabriel Almeida,gabriel.almeida631live.com,416.847.887-67,(47) 929602926,Salvador,BA,2022-09-27,2026-09-23 16:55:35
C00632,Felipe Moreira,felipe.moreira632@gmail.com,883.359.112-68,(74) 981699904,Maringá,PR,2022-01-12,2026-09-23 16:55:35
C00633,Pedro Henrique Souza,pedro.henrique.souza633@yahoo.com,702.775.587-68,(63) 972392300,PORTO ALEGRE,RS,2025-05-16,2026-09-23 16:55:35
C00634,Ana Silva,ana.silva634@yahoo.com,384.734.743-81,(37) 908014028,Juiz de Fora,MG,2022-10-31,2026-09-23 16:55:35
C00635,Helena Rodrigues,helena.rodrigues635@globo.com,137.248.974-14,(96) 994715889,Fortaleza,CE,2023-11-10,2026-09-23 16:55:35
C00636,Mariana Barbosa,mariana.barbosa636@gmail.com,526.282.265-96,(47) 997473906,Belo Horizonte ,MG,2024-07-21,2026-09-23 16:55:35
C00637,Amanda Braga,amanda.braga637@fastmail.com,195.886.406-51,(58) 962082108,poços de caldas,MG,2024-05-25,2026-09-23 16:55:35
C00638,Henrique Martins,henrique.martins638@hotmail.com,582.237.224-98,(46) 953939635,Salvador,BA,2024-04-27,2026-09-23 16:55:35
C00639,Rafaela Almeida ,rafaela.almeida639@yahoo.com,726.159.211-83,(91) 986662436, Porto Alegre,RS,2024-09-17,2026-09-23 16:55:35
C00640,Queila Andrade,queila.andrade640@live.com,968.424.365-77,(84) 957973125,Maringá,PR,2025-06-12,2026-09-23 16:55:35
C00641,Pedro Henrique Souza,pedro.henrique.souza641@bol.com.br,604.927.284-88,(40) 947594171,Sorocaba,SP,2022-01-04,2026-09-23 16:55:35
C00642,Sofia Rocha,sofia.rocha642@gmail.com,740.915.220-36,(89) 967937783,Uberlândia,MG,2022-04-04,2026-09-23 16:55:35
C00643,Wagner Siqueira,wagner.siqueira643@icloud.com,925.752.317-11,(92) 932965614,Juiz de Fora,MG,2023-06-06,2026-09-23 16:55:35
C00644,Igor Martins,igor.martins644@protonmail.com,618.663.431-10,(25) 954606592,Salvador,BA,2024-03-22,2026-09-23 16:55:35
C00645,Daniela Santos,daniela.santos645@gmx.com,298.438.953-53,(97) 978498774,Curitiba,,2022-03-14,2026-09-23 16:55:35
C00646,Vanessa Dias,vanessa.dias646@uol.com.br,742.571.985-78,(53) 975777782,Rio de Janeiro,RJ,2022-04-25,2026-09-23 16:55:35
C00647,Manuela Silva,manuela.silva647@protonmail.com,842.794.423-81,(79) 903064412,Londrina,PR,2025-03-28,2026-09-23 16:55:35
C00648,Wagner   Siqueira,wagner.siqueira648@mail.com,167.252.387-13,(54) 961479753,Fortaleza,CE,2022-12-06,2026-09-23 16:55:35
C00649,Davi Lucca Amaral,davi.lucca.amaral649@outlook.com,219.985.901-49,(51) 905185448,Maringá,PR,2024-04-27,2026-09-23 16:55:35
C00650,Mariana Barbosa,mariana.barbosa650@uol.com.br,480.562.949-48,(38) 986035953,Florianópolis,SC,2022-12-25,2026-09-23 16:55:35
C00651,Rafael Lima,rafael.lima651@icloud.com,896.306.194-66,(75) 904088907,Poços de Caldas,MG,2024-10-21,2026-09-23 16:55:35
C00652,Yasmin Nunes,yasmin.nunes652@yahoo.com,595.850.994-77,(50) 953633347,Recife,PE,2022-07-21,2026-09-23 16:55:35
C00653,Manuela Silva  ,manuela.silva653@globo.com,310.841.137-68,(60) 985582897,Rio de Janeiro,RJ,2022-01-09,2026-09-23 16:55:35
C00654,Tomás Guimarães,tomas.guimaraes654@fastmail.com,803.968.708-21,(53) 976491755,Poços de Caldas,MG,2022-07-31,2026-09-23 16:55:35
C00655,Manuela Silva,manuela.silva655@mail.com,123 691 876-49,(92) 934386257,Salvador,BA,2023-02-15,2026-09-23 16:55:35
C00656,Elisa Pacheco,elisa.pacheco656@protonmail.com,645.426.891-66,(96) 919275467,Brasília,DF,2022-11-02,2026-09-23 16:55:35
C00657,Alice Monteiro,alice.monteiro657@protonmail.com,115.737.673-75,(24) 933849888,Belo Horizonte,MG,2023-12-19,2026-09-23 16:55:35
C00658,Henrique Martins,henrique.martins658@icloud.com,244.821.923-46,(84) 940113806,Brasília,DF,2022-05-26,2026-09-23 16:55:35
C00659,Tomás Guimarães,tomas.guimaraes659@terra.com.br,653.554.151-26,(14) 977121826,Recife,PE,2022-08-05,2026-09-23 16:55:35
C00660,Davi Lucca Amaral,davi.lucca.amaral660@gmail.com,536.501.283-86,(86) 973046826,Campinas,SP,2023-10-02,2026-09-23 16:55:35
C00661,Wagner Siqueira,wagner.siqueira661@gmx.com,830.876.786-78,(21) 976293159,Porto Alegre,RS,2022-07-10,2026-09-23 16:55:35
C00662,Enzo Barbosa,enzo.barbosa662@hotmail.com,417.800.759-69,(71) 937964666,Uberlândia,MG,2022-10-22,2026-09-23 16:55:35
C00663,Nathan Vieira,nathan.vieira663@fastmail.com,501.287.816-95 ,(53) 953208426,Fortaleza,CE,2024-09-25,2026-09-23 16:55:35
C00664,Daniela Santos,daniela.santos664@hotmail.com,215.459.590-69,(32) 946246711,Sorocaba,SP,2025-05-22,2026-09-23 16:55:35
C00665,Thiago Mendes,thiago.mendes665@bol.com.br,515.937.831-23,(52) 991112162,Belo Horizonte,MG,2023-09-11,2026-09-23 16:55:35
C00666,Samuel Pereira,samuel.pereira666@uol.com.br,704.523.344-89,(42) 989773605,Goiânia,GO,2024-09-14,2026-09-23 16:55:35
C00667,Davi Lucca Amaral,davi.lucca.amaral667@hotmail.com,313.933.810-85,(66) 971326606,Recife,PE,2025-01-20,2026-09-23 16:55:35
C00668,Karina Lopes,karina.lopes668@outlook.com,857.828.687-72,(25) 997028584,campinas,SP,2023-10-29,2026-09-23 16:55:35
C00669,Nicolas Ribeiro,nicolas.ribeiro669@gmx.com,280.415.515-18,(87) 917817208,Uberlândia,MG,2023-11-02,2026-09-23 16:55:35
C00670,Pedro Henrique Souza,pedro.henrique.souza670@globo.com,192.322.936-27,(85) 900033403,Poços de Caldas,MG,2025-09-15,2026-09-23 16:55:35
C00671,Yasmin Nunes,yasmin.nunes671@uol.com.br,398.499.730-83,(68) 932054369,Juiz de Fora,MG,2025-10-27,2026-09-23 16:55:35
C00672,Ursula Peixoto,ursula.peixoto672@protonmail.com,913.795.411-65,(55) 914621133,Londrina,PR,2025-06-06,2026-09-23 16:55:35
C00673,Miguel Santos,miguel.santos673@live.com,972.401.163-57,(81) 908701013,Rio de Janeiro,RJ,2025-12-11,2026-09-23 16:55:35
C00674,Zélia Figueiredo,zelia.figueiredo674@hotmail.com,986.131.340-65,(86) 964596212,Salvador,BA,2025-12-28,2026-09-23 16:55:35
C00675,Cecília Novaes,cecilia.novaes675@live.com,545.658.316-94,(33) 977803278, Goiânia,GO,2023-01-21,2026-09-23 16:55:35
C00676,Davi Lucca Amaral,davi.lucca.amaral676@gmx.com,960.527.257-46,(96) 920563200,Fortaleza,CE,2022-01-24,2026-09-23 16:55:35
C00677,Juliana Ferreira,juliana.ferreira677@globo.com,247.838.598-94,(66) 922242387,São Paulo,SP,2022-10-09,2026-09-23 16:55:35
C00678,Gustavo Ramos,gustavo.ramos678@gmx.com,907.812.718-64,(90) 929458444,uberlândia,MG,2024-11-09,2026-09-23 16:55:35
C00679,Isadora Teixeira,isadora.teixeira679@bol.com.br,493.463.331-33,(65) 999051121,Uberlândia ,MG,2025-03-29,2026-09-23 16:55:35
C00680,Pedro Henrique Souza,pedro.henrique.souza680@gmx.com,829.613.375-62,(80) 994427012,Florianópolis,SC,2022-03-10,2026-09-23 16:55:35
C00681,Eduardo Pereira,eduardo.pereira681@terra.com.br,821.477.215-84,(72) 913113327,Sorocaba,SP,2024-12-14,2026-09-23 16:55:35
C00682,Paulo Henrique Tavares,paulo.henrique.tavares682@uol.com.br ,180.635.724-21,(42) 977402279,Santos,SP,2025-11-01,2026-09-23 16:55:35
C00683,Lorena Rodrigues,lorena.rodrigues683@mail.com,419.727.154-53,(79) 901768681,Londrina,PR,2024-07-18,2026-09-23 16:55:35
C00684,Miguel Santos,miguel.santos684@fastmail.com,687.851.439-63,(56) 948275738,Sorocaba,SP,2022-12-10,2026-09-23 16:55:35
C00685,Eduardo Pereira,eduardo.pereira685@zoho.com,867.411.844-82,,Maringá,PR,2025-03-30,2026-09-23 16:55:35
C00686,Bernardo Teixeira,bernardo.teixeira686@terra.com.br,772.398.928-89,(14) 946998942,Poços de Caldas,MG,2022-06-18,2026-09-23 16:55:35
C00687,Thiago Mendes,thiago.mendes687@bol.com.br,971.902.384-42,(27) 946035509,Campinas,SP,2023-06-11,2026-09-23 16:55:35
C00688,Bruno Souza,bruno.souza688@zoho.com,718.278.705-29,(95) 973177058,Belo Horizonte,MG,2022-12-26,2026-09-23 16:55:35
C00689,Nathan Vieira,nathan.vieira689@mail.com,596.285.918-77,(15) 956172382,Florianópolis,SC,2022-10-25,2026-09-23 16:55:35
C00690,Yasmin Nunes,yasmin.nunes690@gmx.com,870.522.888-59,(41) 972113740,Sorocaba,SP,2023-03-08,2026-09-23 16:55:35
C00691,Yuri Amorim,yuri.amorim691@gmail.com,873.939.218-16,(32) 976027533,Brasília,DF,2024-09-02,2026-09-23 16:55:35
C00692,Sabrina Melo,sabrina.melo692@uol.com.br,339.488.799-59,(71) 943023378,Juiz de Fora,MG,2024-12-22,2026-09-23 16:55:35
C00693,Matheus Rocha,matheus.rocha693@gmail.com,916.559.491-96,(51) 986871672,Salvador,BA,2022-07-19,2026-09-23 16:55:35
C00694,Samuel Pereira,samuel.pereira694@globo.com,964.542.725-93,(45) 954885429,Fortaleza,CE,2023-07-01,2026-09-23 16:55:35
C00695,Nicolas Ribeiro,nicolas.ribeiro695@protonmail.com,500.572.891-96,41 996454193,Londrina,PR,2024-11-30,2026-09-23 16:55:35
C00696, Xênia Brandão,xenia.brandao696@globo.com,420.660.110-96,(12) 911131195,Curitiba,PR,2024-04-22,2026-09-23 16:55:35
C00697,Nicolas Ribeiro,nicolas.ribeiro697@bol.com.br,801.556.459-38,(47) 941274163,Belo Horizonte,MG,2022-03-11,2026-09-23 16:55:35
C00698,Daniela Santos,daniela.santos698@terra.com.br,158.708.772-37,(87) 919952965,Campinas,SP,2022-06-26,2026-09-23 16:55:35
C00699,Thiago Mendes,thiago.mendes699@live.com,922.289.213-99,(34) 941505826,Londrina,PR,2024-08-14,2026-09-23 16:55:35
C00700,Juliana Ferreira,juliana.ferreira700@globo.com,383.887.537-98,(96) 952985216,Uberlândia,MG,2022-11-28,2026-09-23 16:55:35
C00701,Juliana Ferreira,juliana.ferreira701@protonmail.com,491.497.440-17,(44) 943363915,Poços de Caldas,MG,2024-06-21,2026-09-23 16:55:35
C00702,Igor Martins,igor.martins702@uol.com.br,724.502.282-92,(73) 917763357,Porto Alegre,RS,2025-01-12,2026-09-23 16:55:35
C00703,Matheus Rocha,matheus.rocha703@yahoo.com,758.208.552-43,(24) 905712194,Maringá,PR,2022-05-25,2026-09-23 16:55:35
C00704,Manuela Correia,manuela.correia704@mail.com,119.609.252-93,(92) 900141619,Uberlândia,MG,2025-09-23,2026-09-23 16:55:35
C00705,Davi Lucca Amaral,davi.lucca.amaral705@protonmail.com,816.437.500-83,(11) 984449039,Rio de Janeiro,RJ,2024-09-06,2026-09-23 16:55:35
C00706,Matheus Rocha,matheus.rocha706@live.com,653.331.103-59,(99) 978982985,Campinas,SP,2025-03-07,2026-09-23 16:55:35
C00707,Samuel Pereira,samuel.pereira707@fastmail.com,441.798.410-61,(18) 914856985,Fortaleza,CE,2024-12-30,2026-09-23 16:55:35
C00708,Xênia Brandão,xenia.brandao708@hotmail.com,878.884.396-92,(36) 928931644,Uberlândia,MG,2024-02-26,2026-09-23 16:55:35
C00709,Elisa Pacheco,elisa.pacheco709@protonmail.com,209.745.805-55,(73) 913908175,Goiânia,GO,2023-01-24,2026-09-23 16:55:35
C00710,Vanessa Dias,vanessa.dias710@gmail.com,125.837.707-40,(73) 963692032, Porto Alegre,RS,2025-01-12,2026-09-23 16:55:35
C00711,Tomás Guimarães,tomas.guimaraes711@uol.com.br,954.931.560-12,(15) 955581918,Juiz de Fora,MG,2023-11-23,2026-09-23 16:55:35
C00712,Fernanda Costa,fernanda.costa712@live.com,316.926.769-95,(77) 975099791,Belo Horizonte,MG,2022-11-02,2026-09-23 16:55:35
C00713,João Pedro Batista,joao.pedro.batista713@fastmail.com,137.853.244-72,(94) 903128720,Campinas,SP,2025-06-20,2026-09-23 16:55:35
C00714,Fernanda Costa,fernanda.costa714@yahoo.com,114.276.747-16,(50) 915948474,Rio de Janeiro,RJ,2025-06-05,2026-09-23 16:55:35
C00715,Bernardo Teixeira,bernardo.teixeira715@gmx.com,165.937.937-23,(25) 981454613,Londrina,PR,2022-05-10,2026-09-23 16:55:35
C00716,Felipe Moreira,felipe.moreira716@live.com,930.955.855-96,(62) 953122979,Recife,PE,2025-11-02,2026-09-23 16:55:35
C00717,Lorena Rodrigues,lorena.rodrigues717@outlook.com,956.912.318-15,(86) 928416496,Recife,PE,2022-05-10,2026-09-23 16:55:35
C00718,Sofia Rocha,sofia.rocha718@protonmail.com,875.525.272-99,(58) 990673703,Rio de Janeiro,RJ,2024-06-17,2026-09-23 16:55:35
C00719,Leonardo Pinto,leonardo.pinto719@fastmail.com,141.236.202-90,(89) 961623584,Londrina,PR,2022-02-02,2026-09-23 16:55:35
C00720,Valentina Dias,valentina.dias720@hotmail.com,107.283.191-93,(86) 946487819,São Paulo,SP,2025-11-21,2026-09-23 16:55:35
C00721, Clara Ribeiro,clara.ribeiro721@zoho.com,311.246.755-44,(77) 973797750,Rio de Janeiro,RJ,2023-05-05,2026-09-23 16:55:35
C00722,Camila Azevedo,camila.azevedo722@terra.com.br,710.284.834-73,(89) 914425934,Poços de Caldas,MG,2023-12-14,2026-09-23 16:55:35
C00723, Gustavo Ramos,gustavo.ramos723@gmail.com,341.296.220-77,(23) 959299842,Juiz de Fora,MG,2024-11-05,2026-09-23 16:55:35
C00724,Isabela Campos,isabela.campos724@uol.com.br,383.154.298-24,(30) 977729151,Porto Alegre,RS,2022-12-28,2026-09-23 16:55:35
C00725,Alice Monteiro,alice.monteiro725@globo.com,155.760.472-46,(37) 971215118,Poços de Caldas,MG,2023/11/16,2026-09-23 16:55:35
C00726,Maria Eduarda Lopes,maria.eduarda.lopes726@gmail.com,858.153.650-32,(31) 904768947,Belo Horizonte,MG,2024-11-20,2026-09-23 16:55:35
C00727,Rafael Lima,rafael.lima727@hotmail.com,838.555.706-84,(52) 968654256,Florianópolis,SC,2025-10-18,2026-09-23 16:55:35
C00728,VITOR HUGO REZENDE,vitor.hugo.rezende728@yahoo.com,433.333.200-40,(63) 932767152,Belo Horizonte,MG,2023-03-28,2026-09-23 16:55:35
C00729,Juliana Ferreira,juliana.ferreira729@uol.com.br,596.155.546-28,(38) 999848454,LONDRINA,PR,2022-12-31,2026-09-23 16:55:35
C00730,Davi Lucca Amaral,davi.lucca.amaral730@icloud.com,568.837.298-90,(56) 944184313,Rio de Janeiro,RJ,2023-11-19,2026-09-23 16:55:35
C00731,Thiago Mendes,thiago.mendes731@gmail.com,161.387.239-24,(70) 975137852,Londrina,PR,2022-12-17,2026-09-23 16:55:35
C00732,Xênia Brandão,xenia.brandao732@yahoo.com,718.260.908-91,(89) 927844763,Salvador,MG,2022-06-27,2026-09-23 16:55:35
C00733,Laura Fernandes,laura.fernandes733@gmx.com,600.982.321-85,(71) 975815573,Santos,SP,2022-01-30,2026-09-23 16:55:35
C00734,Isadora Teixeira ,isadora.teixeira734@zoho.com,353.435.544-84,(39) 996953440,Florianópolis,SC,2025-03-20,2026-09-23 16:55:35
C00735,Ana Silva,ana.silva735@live.com,141.581.851-74,(15) 969749701,Poços de Caldas,MG,2024-03-18,2026-09-23 16:55:35
C00736,Arthur Costa,arthur.costa736@mail.com,563.607.346-20,(82) 902037662,Belo Horizonte,MG,2023-03-23,2026-09-23 16:55:35
C00737,Thiago Mendes,thiago.mendes737@icloud.com,344.763.192-12,(72) 949943650,Salvador,BA,2025-12-11,2026-09-23 16:55:35
C00738,Maria Eduarda Lopes,maria.eduarda.lopes738@gmx.com,865.697.124-68,(70) 922717641,Londrina,PR,2023-01-14,2026-09-23 16:55:35
C00739,Benício Salgado,benicio.salgado739@globo.com,820.748.101-90,(20) 963056454,Uberlândia,MG,,2026-09-23 16:55:35
C00740,Eduardo Pereira,eduardo.pereira740@protonmail.com,870.376.814-88,(80) 994244393,Ribeirão Preto,SP,2025-11-03,2026-09-23 16:55:35
C00741,lucas gomes,lucas.gomes741@terra.com.br,853.156.627-96,(57) 908442818,Recife,PE,2024-02-24,2026-09-23 16:55:35
C00742,Amanda Braga,amanda.braga742@uol.com.br,141.474.475-32,(93)991552097,Maringá,PR,2025-02-22,2026-09-23 16:55:35
C00743,Giovana Freitas,giovana.freitas743@outlook.com,344.652.216-93,(72) 995044437,Recife,PE,2023-04-07,2026-09-23 16:55:35
C00744,Vitor Hugo Rezende,vitor.hugo.rezende744@icloud.com,615.796.533-45,17 910387108,Brasília,DF,2023-12-09,2026-09-23 16:55:35
C00745,João Victor Alves,joao.victor.alves745@uol.com.br,639.949.225-70,(79) 987305788,Santos,SP,2024-07-14,2026-09-23 16:55:35
C00746,Benício Salgado,benicio.salgado746@mail.com,292.568.189-20,(61) 929295724,Campinas,SP,2022-06-07,2026-09-23 16:55:35
C00747,Patricia Carvalho,patricia.carvalho747@outlook.com,214.813.251-73,(30) 933469530,Brasília,DF,2025-07-08,2026-09-23 16:55:35
C00748,Carlos Oliveira,carlos.oliveira748@protonmail.com,798.654.235-70,(55) 968838272,Ribeirão Preto,SP,2025-08-13,2026-09-23 16:55:35
C00749,Carlos Oliveira,carlos.oliveira749@protonmail.com,164.122.992-39,(77) 955037745,Porto Alegre,RS,2025-03-31,2026-09-23 16:55:35
C00750,Xênia Brandão,xenia.brandao750@globo.com,597.707.781-99,(78) 989868295,Recife,PE,2024-07-26,2026-09-23 16:55:35
C00751,Sabrina Melo,sabrina.melo751@terra.com.br,908.413.275-43,(40) 979337093,Rio de Janeiro,RJ,2023-08-14,2026-09-23 16:55:35
C00752,Gabriel Almeida,GABRIEL.ALMEIDA752@OUTLOOK.COM,391.566.270-89,(31) 987705673,Fortaleza,CE,2023-01-09,2026-09-23 16:55:35
C00753,Camila Azevedo,camila.azevedo753@gmx.com,265.343.219-15,(51) 994133072,Rio de Janeiro,RJ,2024-06-21,2026-09-23 16:55:35
C00754,Nathan Vieira,nathan..vieira754@icloud.com,310.675.824-14,(96) 951926633,Curitiba,PR,2022-10-30,2026-09-23 16:55:35
C00755,Benício Salgado,benicio.salgado755@uol.com.br,266.646.408-25,(14) 966289182,Juiz de Fora,MG,2022-10-25,2026-09-23 16:55:35
C00756,Maria Eduarda Lopes,maria.eduarda.lopes756@fastmail.com,259.104.856-79,(75) 954275842,Recife,PE,2024/08/28,2026-09-23 16:55:35
C00757,Ricardo Fonseca,ricardo.fonseca757@mail.com,782.250.918-82,(67) 955492840,Londrina,PR,2024-09-07 ,2026-09-23 16:55:35
C00758,Fernanda Costa,fernanda.costa758@outlook.com,219.415.125-61,(90) 936108306,Juiz de Fora,MG,2024-01-02,2026-09-23 16:55:35
C00759,Mariana Barbosa,mariana.barbosa759@icloud.com,722.756.299-84,(78) 936395553,Poços de Caldas,MG,2023/02/05,2026-09-23 16:55:35
C00760,Carlos Oliveira,carlos.oliveira760@hotmail.com,969.556.793-95,(22) 983857462,Juiz de Fora,MG,2023-02-03,2026-09-23 16:55:35
C00761,Valentina Dias,valentina.dias761@icloud.com,719.623.157-95,(57) 965133423,Maringá,PR,2024-05-25,2026-09-23 16:55:35
C00762,Benício Salgado,benicio.salgado762@live.com,112.391.453-54,(50) 973002435,Fortaleza,CE,2023-03-18,2026-09-23 16:55:35
C00763,Letícia Cardoso,leticia.cardoso763@zoho.com,922.553.395-30,(65) 967863286, Ribeirão Preto,SP,2025-04-17,2026-09-23 16:55:35
C00764,Mariana Barbosa,mariana.barbosa764@outlook.com,410.586.988-77,(53) 910837156,Porto Alegre,RS,2022-07-01,2026-09-23 16:55:35
C00765,Ana Silva,ana.silva765@live.com,524.279.669-69,(83) 922434264,Brasília,DF,2023-01-16,2026-09-23 16:55:35
C00766,cecília novaes,cecilia.novaes766@protonmail.com,602.143.942-48,85 949799095,Juiz de Fora,MG,2025-02-19,2026-09-23 16:55:35
C00767,Enzo Barbosa,enzo.barbosa767@yahoo.com,910.102.257-43,(49) 977423034,SÃO PAULO,SP,2025-09-01,2026-09-23 16:55:35
C00768,Queila Andrade,queila.andrade768@live.com,603.804.760-41,(14)919555541,Curitiba,PR,2024-10-06,2026-09-23 16:55:35
C00769,Igor Martins,igor.martins769@terra.com.br,695.592.679-65,(44) 977992959,Fortaleza,CE,2024-02-04,2026-09-23 16:55:35
C00770,Miguel Santos,miguel.santos770@zoho.com,117.965.365-30,(85) 909583394,Londrina,PR,2023-10-17,2026-09-23 16:55:35
C00771,Enzo Barbosa,enzo.barbosa771@fastmail.com,465.267.154-44,(57) 968736832,Rio de Janeiro,RJ,2022-04-10,2026-09-23 16:55:35
C00772,Ricardo Fonseca,ricardo.fonseca772@protonmail.com,754.178.626-34,(91) 930022548,Santos,SP,2025-05-11,2026-09-23 16:55:35
C00773,Bernardo Teixeira,bernardo.teixeira773@bol.com.br,993.423.946-97,(49) 944476939,Recife,PE,2022-07-16,2026-09-23 16:55:35
C00774,Samuel Pereira,samuel.pereira774@terra.com.br,943.247.113-27,(77) 946107111,Fortaleza,CE,2024-09-20,2026-09-23 16:55:35
C00775,Laura Fernandes,laura.fernandes775@icloud.com,204.323.258-74,(39) 930879612,Curitiba,PR,2024-12-25,2026-09-23 16:55:35
C00776,Henrique Martins,henrique.martins776@zoho.com,527.571.178-24,(27) 902848856,Belo Horizonte,MG,2023-12-15,2026-09-23 16:55:35
C00777,Tomás Guimarães,tomas.guimaraes777@zoho.com,242.936.552-86,(77) 956043821,Fortaleza,CE,2025-12-24,2026-09-23 16:55:35
C00778,Sabrina Melo,sabrina.melo778@gmail.com,327.231.977-98,(29) 937126036,Belo Horizonte,MG,2022-09-14,2026-09-23 16:55:35
C00779,Giovana Freitas,giovana.freitas779@outlook.com,535.807.881-24,(20) 903088934,Campinas,SP,2024-06-02,2026-09-23 16:55:35
C00780,Fernanda Costa,fernanda.costa780@yahoo.com,133.912.775-75,(86) 909718685,Belo Horizonte,MG,2022-09-01,2026-09-23 16:55:35
C00781,Manuela Correia,manuela.correia781@gmail.com,408.783.110-22,(26) 998594365,Campinas,SP,2025-04-18,2026-09-23 16:55:35
C00782,Felipe Moreira,felipe.moreira782@outlook.com,129.192.249-45,(85) 956986770,Fortaleza,CE,2022-11-25,2026-09-23 16:55:35
C00783,Lívia Oliveira,livia.oliveira783@mail.com,347.617.683-18,(23) 994721229,Maringá,PR,2024-12-19,2026-09-23 16:55:35
C00784,Henrique Duarte,henrique.duarte784@zoho.com,388.275.872-78,(11) 916164506,Porto Alegre,RS,2024-10-29,2026-09-23 16:55:35
C00785,Clara Ribeiro,clara.ribeiro785@icloud.com,289.550.789-23,(34) 958137219,Londrina,PR,2024-05-18,2026-09-23 16:55:35
C00786,Henrique Duarte,henrique.duarte786@bol.con.br,517.215.879-50,55(26)976332807,Florianópolis,SC,2024-11-30,2026-09-23 16:55:35
C00787,Vanessa Dias,vanessa.dias787@uol.com.br,821.395.670-15,(21) 953759088,Fortaleza,CE,2022-08-25,2026-09-23 16:55:35
C00788,Davi Lucca Amaral,davi.lucca.amaral788@protonmail.com,714.853.419-97,(67) 937007672,Uberlândia,MG,2023-08-19,2026-09-23 16:55:35
C00789,Isadora   Teixeira,isadora.teixeira789@yahoo.con,961.921.587-96,(58) 929371209,Campinas,SP,2025-10-12,2026-09-23 16:55:35
C00790,Valentina Dias,valentina.dias790@globo.com,505.548.635-94,(97) 913922953,Belo Horizonte,MG,2022-10-21,2026-09-23 16:55:35
C00791,Beatriz Martins,beatriz.martins791@live.com,204.859.272-18,(57)932616548,Londrina,PR,2023-02-15,2026-09-23 16:55:35
C00792,Caio Mendes,caio.mendes792@hotmail.com,958.534.842-73,(46) 995345472,Florianópolis,SC,2025-08-11,2026-09-23 16:55:35
C00793,Caio Mendes,caio.mendes793@icloud.com,782.717.514-72,(76) 945693414,Sorocaba,SP,2024-07-20,2026-09-23 16:55:35
C00794,Patricia Carvalho,patricia.carvalho794@hotmail.com,601.609.336-90,(28) 904862631,Brasília,DF,2022-04-19,2026-09-23 16:55:35
C00795,Igor Martins,igor.martins795@uol.com.br,283.491.719-96,(52) 925025960,São Paulo,SP,2025-06-27,2026-09-23 16:55:35
C00796,Nicolas Ribeiro,nicolas.ribeiro796@mail.com,776.869.632-73,(70) 933085809,Campinas,SP,2025-09-17,2026-09-23 16:55:35
C00797,Pedro Henrique Souza,pedro.henrique.souza797@uol.com.br,367.655.451-79,(80) 902891517,Santos,SP,2024-05-31,2026-09-23 16:55:35
C00798,Sofia Rocha,sofia.rocha798@live.com,422.973.485-66,(69) 905891538,Uberlândia,MG,2022-12-29,2026-09-23 16:55:35
C00799,Sabrina   Melo,sabrina.melo799@fastmail.com,603.541.237-49,(60) 979862792,Curitiba,PR,2025-03-11,2026-09-23 16:55:35
C00800,Valentina Dias,valentina.dias800@globo.com,801.652.685-70,(71) 992113560,Juiz de Fora,MG,2024-11-03,2026-09-23 16:55:35
