ID_Produto,Produto,Preco_Unitario,Satisfacao_Media,Material,Data_Fabricacao
P001,Camiseta Básica,59.9,4.5,Algodão,2024-03-16
P002,Camiseta Estampada,79.9,4.2,Algodão,2024-07-11
P003,Calça Jeans,149.9,4.6,Sarja,2021-08-03
P004,Calça Cargo,169.9,4.1,Sarja,2026-05-05
P005,Jaqueta Jeans,229.9,4.7,Denim,2024-05-27
P006,Moletom,189.9,4.8,Algodão/Poliéster,2026-08-25
P007,Vestido Casual,139.9,4.4,Viscose,2024-10-19
P008,Vestido Social,219.9,4.3,Viscose,2021-01-21
P009,Saia Midi,119.9,4.0,Poliéster,2022-03-08
P010,Shorts Jeans,99.9,4.2,Algodão,2026-07-06
P011,Tênis Casual,249.9,4.6,Sintético,2024-03-03
P012,Tênis Esportivo,299.9,4.5,Sintético,2021-09-10
P013,Boné,49.9,3.9,Algodão,2021-06-03
P014,Bolsa Transversal,129.9,4.3,Couro sintético,2024-01-16
P015,Cinto de Couro,89.9,4.1,Couro,2024-05-14
P0016,Calça Sarja Cinza 16,158.68,4.2,Sarja,2022-05-25
P0017,Conjunto Moletom Amarela 17,299.42,4.8,Algodão/Poliéster,2022-02-08
P0018,Camisa Flanela Amarela 18,155.47,3.8,Algodão,2024-06-08
P0019,Bermuda Jeans Rosa 19,329.13,4.1,Sarja,2023-06-21
P0020,Bermuda Jeans Verde 20,100.64,4.9,Sarja,2021-03-18
P0021,Calça Sarja Rosa 21,74.49,4.2,Sarja,2021-04-30
P0022,Blazer Casual Branca 22,93.78,4.5,Poliéster,2022-05-09
P0023,Jaqueta Puffer Amarela 23,185.17,4.4,Poliéster,2024-03-13
P0024,Regata Canelada Rosa 24,186.05,3.7,Algodão,2022-09-14
P0025,Jaqueta Jeans Azul 25,193.39,4.0,Denim,2021-01-31
P0026,Blusa Canelada Branca 26,327.14,4.5,Viscose,2026-03-10
P0027,Blusa Básica Preta 27,205.64,4.2,Viscose,2024-12-05
P0028,Vestido Floral Marrom 28,191.23,4.3,Viscose,2024-04-22
P0029,Jaqueta Bomber Vermelha 29,81.4,4.9,Poliéster,2022-05-21
P0030,Calça Social Cinza 30,151.06,4.8,Sarja,2025-01-05
P0031,Blazer Casual Cinza 31,105.31,4.4,Poliéster,2026-05-12
P0032,Calça Cargo Preta 32,96.97,3.9,Sarja,2024-10-30
P0033,Camiseta Polo Rosa 33,330.62,4.0,Algodão,2022-09-04
P0034,Moletom Com Capuz Amarela 34,270.33,4.4,Algodão/Poliéster,2023-03-23
P0035,Camiseta Básica Preta 35,90.4,3.9,Algodão,2026-04-07
P0036,Regata Esportiva Bege 36,150.12,3.5,Algodão,2021-01-30
P0037,Blusa Básica Verde 37,245.96,4.0,Viscose,2022-04-03
P0038,Camisa Manga Curta Verde 38,358.43,5.0,Algodão,2021-08-10
P0039,Saia Plissada Bege 39,288.53,4.7,Poliéster,2024-08-19
P0040,Camiseta Polo Cinza 40,51.79,3.9,Algodão,2023-08-08
P0041,Blazer Slim Rosa 41,111.6,4.5,Poliéster,2021-10-03
P0042,Camisa Manga Curta Verde 42,243.32,3.4,Algodão,2026-05-02
P0043,Blusa Manga Longa Branca 43,357.68,3.5,Viscose,2024-02-16
P0044,Camisa Linho Azul 44,244.85,4.0,Algodão,2022-05-30
P0045,Camiseta Polo Amarela 45,207.64,4.5,Algodão,2026-05-11
P0046,Camiseta Estampada Cinza 46,165.82,4.4,Algodão,2024-12-15
P0047,Saia Midi Bege 47,147.8,4.5,Poliéster,2021-09-26
P0048,Calça Jogger Amarela 48,144.29,3.4,Sarja,2025-09-07
P0049,Camisa Linho Amarela 49,181.55,4.1,Algodão,2021-05-03
P0050,Moletom Estampado Bege 50,129.18,5.0,Algodão/Poliéster,2026-02-20
P0051,Moletom Canguru Verde 51,295.15,4.1,Algodão/Poliéster,2023-03-26
P0052,Calça Jogger Amarela 52,83.57,3.7,Sarja,2022-08-31
P0053,Jaqueta Corta-Vento Verde 53,139.18,4.0,Nylon,2021-04-21
P0054,Blusa Social Vermelha 54,246.87,4.2,Viscose,2026-04-11
P0055,Camiseta Slim Marrom 55,101.58,4.7,Algodão,2024-03-03
P0056,Jaqueta Jeans Amarela 56,158.05,3.7,Denim,2024-06-11
P0057,Blusa Canelada Amarela 57,280.74,4.5,Viscose,2025-10-26
P0058,Regata Canelada Marrom 58,249.65,4.4,Algodão,2023-11-18
P0059,Bermuda Jeans Preta 59,399.07,4.2,Sarja,2022-08-23
P0060,Camisa Manga Curta Azul 60,61.93,4.7,Algodão,2025-05-30
P0061,Camiseta Oversized Cinza 61,148.39,5.0,Algodão,2024-01-02
P0062,Regata Esportiva Vermelha 62,143.24,4.1,Algodão,2022-05-09
P0063,Vestido Floral Amarela 63,87.39,3.8,Viscose,2025-10-14
P0064,Bermuda Jeans Vermelha 64,43.56,4.1,Sarja,2025-08-09
P0065,Moletom Estampado Branca 65,93.32,4.8,Algodão/Poliéster,2022-05-27
P0066,Camisa Flanela Amarela 66,59.56,5.0,Algodão,2024-09-06
P0067,Vestido Casual Azul 67,320.26,4.4,Viscose,2026-03-21
P0068,Jaqueta Puffer Cinza 68,348.95,4.6,Poliéster,2025-07-12
P0069,Camisa Manga Curta Vermelha 69,158.98,3.8,Algodão,2022-02-16
P0070,Vestido Floral Preta 70,239.84,3.5,Viscose,2025-11-06
P0071,Camisa Flanela Branca 71,133.89,4.6,Algodão,2021-04-27
P0072,Vestido Longo Vermelha 72,133.27,4.0,Viscose,2024-07-01
P0073,Calça Jeans Vermelha 73,376.34,4.6,Sarja,2023-11-25
P0074,Regata Esportiva Preta 74,358.51,4.2,Algodão,2021-03-18
P0075,Saia Midi Azul 75,51.95,4.5,Poliéster,2025-02-11
P0076,Jaqueta Corta-Vento Verde 76,204.61,4.4,Nylon,2022-09-09
P0077,Conjunto Moletom Preta 77,148.35,4.7,Algodão/Poliéster,2025-10-30
P0078,Conjunto Esportivo Amarela 78,189.55,4.2,Poliéster,2025-12-22
P0079,Conjunto Esportivo Marrom 79,339.13,3.6,Poliéster,2024-05-06
P0080,Camiseta Slim Cinza 80,295.77,4.7,Algodão,2024-07-21
P0081,Moletom Estampado Amarela 81,385.23,3.9,Algodão/Poliéster,2021-04-18
P0082,Bermuda Jeans Rosa 82,197.64,4.1,Sarja,2026-01-16
P0083,Jaqueta Jeans Verde 83,114.72,4.7,Denim,2024-11-11
P0084,Vestido Casual Azul 84,122.12,4.5,Viscose,2023-03-07
P0085,Camiseta Estampada Azul 85,333.32,3.4,Algodão,2021-06-27
P0086,Camisa Linho Bege 86,180.6,4.6,Algodão,2023-11-11
P0087,Blazer Slim Vermelha 87,112.28,4.9,Poliéster,2026-02-07
P0088,Regata Básica Amarela 88,325.45,4.3,Algodão,2025-11-20
P0089,Vestido Floral Amarela 89,396.84,4.3,Viscose,2021-07-24
P0090,Jaqueta Corta-Vento Preta 90,122.6,4.3,Nylon,2025-04-26
P0091,Blusa Básica Branca 91,304.16,4.6,Viscose,2021-06-19
P0092,Calça Social Rosa 92,171.37,4.4,Sarja,2023-02-21
P0093,Saia Midi Rosa 93,259.38,3.8,Poliéster,2023-07-15
P0094,Vestido Longo Vermelha 94,363.41,4.6,Viscose,2021-02-16
P0095,Vestido Midi Preta 95,68.07,4.4,Viscose,2021-10-12
P0096,Bermuda Cargo Amarela 96,240.11,4.2,Sarja,2025-12-27
P0097,Jaqueta Jeans Vermelha 97,137.41,4.8,Denim,2024-07-26
P0098,Bermuda Jeans Azul 98,234.37,3.2,Sarja,2025-06-15
P0099,Camisa Social Branca 99,203.42,4.5,Algodão,2024-03-28
P0100,Bermuda Cargo Azul 100,145.26,4.4,Sarja,2023-07-19
P0101,Blazer Social Verde 101,277.7,4.1,Poliéster,2021-02-07
P0102,Regata Esportiva Branca 102,339.31,3.6,Algodão,2024-02-05
P0103,Blusa Social Verde 103,188.91,4.3,Viscose,2025-05-14
P0104,Camisa Flanela Verde 104,57.92,3.9,Algodão,2022-02-27
P0105,Regata Esportiva Azul 105,323.8,4.7,Algodão,2023-10-13
P0106,Blusa Canelada Cinza 106,221.98,4.5,Viscose,2023-05-03
P0107,Vestido Casual Amarela 107,321.4,4.1,Viscose,2025-12-07
P0108,Vestido Floral Bege 108,312.87,4.2,Viscose,2021-12-04
P0109,Regata Canelada Azul 109,380.88,4.6,Algodão,2021-08-06
P0110,Blusa Canelada Vermelha 110,202.39,4.3,Viscose,2022-03-12
P0111,Bermuda Jeans Azul 111,70.33,4.1,Sarja,2021-11-20
P0112,Camiseta Básica Marrom 112,204.74,3.9,Algodão,2025-10-18
P0113,Vestido Floral Amarela 113,57.9,4.2,Viscose,2022-06-24
P0114,Calça Social Preta 114,350.56,3.6,Sarja,2023-01-20
P0115,Conjunto Moletom Amarela 115,94.28,4.3,Algodão/Poliéster,2022-06-17
P0116,Calça Sarja Amarela 116,262.11,4.2,Sarja,2025-08-13
P0117,Vestido Casual Rosa 117,76.63,4.0,Viscose,2024-10-05
P0118,Bermuda Cargo Rosa 118,380.22,4.2,Sarja,2023-09-08
P0119,Regata Esportiva Azul 119,98.78,3.9,Algodão,2025-07-11
P0120,Vestido Longo Azul 120,91.86,3.9,Viscose,2021-05-27
P0121,Vestido Longo Amarela 121,356.37,4.6,Viscose,2024-11-04
P0122,Saia Midi Vermelha 122,306.31,4.8,Poliéster,2023-01-18
P0123,Jaqueta Corta-Vento Verde 123,145.89,4.3,Nylon,2023-02-24
P0124,Blusa Manga Longa Verde 124,220.69,3.7,Viscose,2021-11-24
P0125,Camisa Linho Preta 125,137.45,4.2,Algodão,2021-07-20
P0126,Camiseta Estampada Preta 126,349.57,3.9,Algodão,2024-12-06
P0127,Regata Canelada Cinza 127,65.59,4.0,Algodão,2025-10-25
P0128,Vestido Midi Rosa 128,218.76,3.6,Viscose,2026-03-01
P0129,Saia Casual Vermelha 129,97.48,3.6,Poliéster,2022-05-19
P0130,Camisa Linho Bege 130,123.84,4.7,Algodão,2025-04-28
P0131,Blusa Social Azul 131,97.51,5.0,Viscose,2021-08-19
P0132,Vestido Midi Preta 132,190.51,4.6,Viscose,2025-05-30
P0133,Calça Cargo Amarela 133,88.08,4.0,Sarja,2024-03-17
P0134,Conjunto Esportivo Amarela 134,300.95,4.6,Poliéster,2025-11-19
P0135,Calça Jeans Cinza 135,372.56,4.8,Sarja,2021-05-20
P0136,Saia Midi Preta 136,94.49,3.9,Poliéster,2025-05-26
P0137,Blazer Casual Bege 137,123.63,4.9,Poliéster,2023-08-25
P0138,Jaqueta Puffer Azul 138,272.37,4.5,Poliéster,2024-03-22
P0139,Moletom Canguru Preta 139,195.23,4.8,Algodão/Poliéster,2024-01-21
P0140,Calça Jogger Verde 140,264.36,4.9,Sarja,2025-01-17
P0141,Vestido Casual Vermelha 141,113.61,4.4,Viscose,2024-05-24
P0142,Calça Cargo Marrom 142,313.6,4.6,Sarja,2023-05-11
P0143,Regata Básica Azul 143,63.02,4.3,Algodão,2023-06-20
P0144,Conjunto Moletom Azul 144,346.08,5.0,Algodão/Poliéster,2021-05-27
P0145,Calça Jogger Verde 145,223.99,4.7,Sarja,2025-02-07
P0146,Calça Jogger Marrom 146,95.22,3.8,Sarja,2024-12-30
P0147,Blusa Básica Verde 147,361.61,4.4,Viscose,2024-03-19
P0148,Calça Sarja Branca 148,231.0,4.2,Sarja,2025-02-02
P0149,Saia Plissada Verde 149,309.93,4.8,Poliéster,2022-07-11
P0150,Conjunto Moletom Preta 150,325.96,4.7,Algodão/Poliéster,2022-04-08
P0151,Blusa Básica Marrom 151,212.86,5.0,Viscose,2026-03-29
P0152,Vestido Longo Bege 152,269.51,4.1,Viscose,2026-05-28
P0153,Blazer Social Branca 153,254.39,5.0,Poliéster,2025-10-31
P0154,Blazer Slim Vermelha 154,146.53,4.5,Poliéster,2021-04-19
P0155,Blazer Social Azul 155,104.36,4.8,Poliéster,2024-02-10
P0156,Jaqueta Corta-Vento Preta 156,149.93,4.6,Nylon,2025-03-03
P0157,Camisa Linho Marrom 157,118.0,4.4,Algodão,2021-03-18
P0158,Calça Jogger Rosa 158,377.46,4.8,Sarja,2026-06-27
P0159,Blazer Slim Branca 159,209.48,4.0,Poliéster,2025-06-17
P0160,Camisa Manga Curta Azul 160,337.04,3.7,Algodão,2022-10-02
P0161,Camisa Linho Amarela 161,288.54,4.6,Algodão,2023-11-14
P0162,Calça Cargo Marrom 162,291.29,4.7,Sarja,2026-03-03
P0163,Camiseta Estampada Bege 163,191.91,4.6,Algodão,2025-11-02
P0164,Camiseta Estampada Preta 164,62.36,4.1,Algodão,2025-09-06
P0165,Bermuda Moletom Vermelha 165,235.73,4.5,Sarja,2026-07-29
P0166,Jaqueta Jeans Preta 166,155.74,5.0,Denim,2025-03-20
P0167,Moletom Canguru Marrom 167,363.59,4.5,Algodão/Poliéster,2026-04-20
P0168,Regata Canelada Preta 168,376.61,4.0,Algodão,2026-05-28
P0169,Saia Midi Amarela 169,316.13,4.2,Poliéster,2021-02-10
P0170,Camiseta Básica Rosa 170,183.22,4.2,Algodão,2024-09-15
P0171,Blusa Básica Vermelha 171,348.71,4.0,Viscose,2022-11-22
P0172,Bermuda Cargo Marrom 172,259.29,3.7,Sarja,2023-10-21
P0173,Jaqueta Corta-Vento Rosa 173,186.6,4.8,Nylon,2021-12-14
P0174,Blazer Slim Marrom 174,160.94,4.7,Poliéster,2024-10-29
P0175,Regata Esportiva Azul 175,183.05,4.7,Algodão,2025-09-24
P0176,Calça Cargo Bege 176,238.67,4.5,Sarja,2023-05-03
P0177,Calça Cargo Azul 177,278.88,4.2,Sarja,2024-12-15
P0178,Bermuda Cargo Vermelha 178,297.98,4.6,Sarja,2022-11-04
P0179,Regata Canelada Vermelha 179,165.66,4.8,Algodão,2025-03-31
P0180,Bermuda Esportiva Amarela 180,302.1,4.7,Sarja,2021-06-20
P0181,Blazer Casual Preta 181,186.08,4.4,Poliéster,2025-12-26
P0182,Blusa Básica Bege 182,74.09,5.0,Viscose,2023-02-22
P0183,Blazer Social Amarela 183,100.04,4.5,Poliéster,2023-11-11
P0184,Conjunto Casual Marrom 184,76.06,4.0,Algodão,2025-07-20
P0185,Calça Sarja Azul 185,208.05,4.0,Sarja,2021-03-03
P0186,Blusa Básica Branca 186,205.73,4.0,Viscose,2026-05-11
P0187,Camisa Manga Curta Amarela 187,347.06,4.2,Algodão,2024-06-25
P0188,Conjunto Moletom Marrom 188,289.3,3.9,Algodão/Poliéster,2026-07-11
P0189,Blazer Casual Preta 189,396.54,4.7,Poliéster,2024-02-15
P0190,Blazer Slim Bege 190,175.57,4.0,Poliéster,2022-03-04
P0191,Regata Esportiva Azul 191,260.09,3.5,Algodão,2024-04-19
P0192,Vestido Casual Azul 192,156.42,4.4,Viscose,2024-03-28
P0193,Camisa Flanela Cinza 193,157.31,4.8,Algodão,2026-03-20
P0194,Camisa Linho Bege 194,266.08,4.7,Algodão,2024-04-06
P0195,Moletom Canguru Amarela 195,350.1,4.3,Algodão/Poliéster,2023-04-21
P0196,Camiseta Oversized Verde 196,265.76,4.6,Algodão,2021-12-31
P0197,Saia Plissada Branca 197,315.11,4.7,Poliéster,2022-11-06
P0198,Camisa Manga Curta Rosa 198,47.67,5.0,Algodão,2024-04-18
P0199,Blusa Social Rosa 199,131.67,4.3,Viscose,2023-02-03
P0200,Vestido Longo Bege 200,139.19,4.5,Viscose,2023-01-21
P0201,Camisa Linho Branca 201,187.84,4.2,Algodão,2021-01-31
P0202,Jaqueta Bomber Rosa 202,226.74,4.0,Poliéster,2026-05-04
P0203,Blazer Casual Marrom 203,330.93,4.0,Poliéster,2025-09-28
P0204,Calça Social Verde 204,319.41,3.9,Sarja,2022-06-13
P0205,Vestido Casual Amarela 205,99.9,4.2,Viscose,2021-10-12
P0206,Conjunto Casual Bege 206,355.2,4.1,Algodão,2025-09-24
P0207,Camiseta Estampada Bege 207,90.13,4.5,Algodão,2025-09-28
P0208,Blusa Manga Longa Bege 208,183.98,3.3,Viscose,2026-01-30
P0209,Camiseta Slim Azul 209,137.3,3.9,Algodão,2024-02-07
P0210,Moletom Com Capuz Marrom 210,77.47,4.4,Algodão/Poliéster,2025-03-03
P0211,Regata Canelada Marrom 211,108.28,4.8,Algodão,2025-02-18
P0212,Conjunto Moletom Cinza 212,213.59,4.0,Algodão/Poliéster,2022-03-21
P0213,Jaqueta Puffer Verde 213,339.93,3.8,Poliéster,2023-12-21
P0214,Blazer Slim Marrom 214,165.05,4.6,Poliéster,2022-06-23
P0215,Bermuda Esportiva Cinza 215,369.37,4.2,Sarja,2025-04-09
P0216,Camiseta Básica Vermelha 216,56.43,4.0,Algodão,2026-07-03
P0217,Conjunto Esportivo Branca 217,253.08,4.6,Poliéster,2021-06-08
P0218,Camisa Linho Vermelha 218,46.12,4.7,Algodão,2021-06-06
P0219,Moletom Básico Marrom 219,133.88,4.2,Algodão/Poliéster,2022-07-01
P0220,Camisa Flanela Rosa 220,392.25,3.8,Algodão,2021-08-31
P0221,Moletom Estampado Rosa 221,244.91,3.4,Algodão/Poliéster,2021-01-19
P0222,Regata Esportiva Preta 222,275.21,4.0,Algodão,2026-07-18
P0223,Conjunto Moletom Preta 223,80.58,4.2,Algodão/Poliéster,2024-04-20
P0224,Jaqueta Puffer Cinza 224,359.78,4.5,Poliéster,2025-05-27
P0225,Moletom Com Capuz Verde 225,87.25,4.5,Algodão/Poliéster,2024-03-17
P0226,Camisa Social Bege 226,214.12,3.7,Algodão,2025-03-25
P0227,Regata Esportiva Cinza 227,99.24,3.3,Algodão,2024-11-20
P0228,Camiseta Oversized Azul 228,323.36,4.5,Algodão,2021-11-28
P0229,Vestido Floral Rosa 229,89.19,4.5,Viscose,2021-11-08
P0230,Saia Midi Azul 230,377.92,4.5,Poliéster,2023-10-09
P0231,Vestido Midi Vermelha 231,375.37,4.8,Viscose,2023-02-07
P0232,Conjunto Casual Verde 232,198.15,4.8,Algodão,2025-10-06
P0233,Blusa Básica Verde 233,234.73,4.3,Viscose,2022-09-26
P0234,Conjunto Esportivo Cinza 234,254.92,3.9,Poliéster,2022-11-12
P0235,Calça Cargo Marrom 235,120.98,4.0,Sarja,2023-12-31
P0236,Camiseta Oversized Branca 236,388.9,4.1,Algodão,2022-02-03
P0237,Jaqueta Jeans Azul 237,292.45,5.0,Denim,2025-11-12
P0238,Camisa Social Preta 238,306.67,3.7,Algodão,2021-01-23
P0239,Calça Jeans Rosa 239,125.16,4.7,Sarja,2025-10-20
P0240,Conjunto Moletom Rosa 240,217.98,3.9,Algodão/Poliéster,2024-07-12
P0241,Conjunto Casual Vermelha 241,262.19,4.4,Algodão,2026-01-12
P0242,Regata Esportiva Cinza 242,239.39,4.5,Algodão,2022-08-31
P0243,Moletom Canguru Cinza 243,90.28,4.8,Algodão/Poliéster,2026-02-06
P0244,Vestido Casual Bege 244,81.54,3.7,Viscose,2025-11-22
P0245,Camisa Social Rosa 245,63.86,4.2,Algodão,2023-08-03
P0246,Vestido Casual Marrom 246,346.5,4.6,Viscose,2022-08-10
P0247,Calça Jogger Rosa 247,203.38,4.4,Sarja,2022-02-12
P0248,Moletom Estampado Vermelha 248,315.19,4.0,Algodão/Poliéster,2021-11-10
P0249,Bermuda Moletom Rosa 249,354.48,3.9,Sarja,2024-04-21
P0250,Blazer Casual Verde 250,80.27,4.4,Poliéster,2026-06-11
P0251,Vestido Longo Amarela 251,205.31,3.8,Viscose,2024-03-16
P0252,Moletom Com Capuz Amarela 252,113.04,4.0,Algodão/Poliéster,2026-06-20
P0253,Regata Básica Vermelha 253,110.18,4.7,Algodão,2025-04-13
P0254,Regata Básica Bege 254,69.83,4.4,Algodão,2024-11-18
P0255,Jaqueta Corta-Vento Bege 255,376.98,3.6,Nylon,2025-02-08
P0256,Regata Esportiva Marrom 256,232.48,4.7,Algodão,2026-04-05
P0257,Calça Jogger Azul 257,212.67,5.0,Sarja,2025-11-11
P0258,Blusa Canelada Preta 258,142.59,4.0,Viscose,2021-12-01
P0259,Conjunto Moletom Cinza 259,105.25,4.2,Algodão/Poliéster,2024-04-25
P0260,Blusa Social Bege 260,157.52,3.7,Viscose,2023-08-11
P0261,Blazer Slim Rosa 261,332.28,3.4,Poliéster,2025-12-25
P0262,Regata Básica Branca 262,224.18,4.5,Algodão,2022-02-27
P0263,Conjunto Esportivo Vermelha 263,145.21,3.9,Poliéster,2025-08-24
P0264,Saia Casual Branca 264,304.58,3.8,Poliéster,2023-09-18
P0265,Bermuda Esportiva Amarela 265,375.47,4.4,Sarja,2026-04-13
P0266,Moletom Canguru Vermelha 266,332.81,4.7,Algodão/Poliéster,2025-06-25
P0267,Moletom Estampado Bege 267,134.22,4.7,Algodão/Poliéster,2022-12-15
P0268,Vestido Casual Amarela 268,251.42,4.2,Viscose,2025-10-15
P0269,Camiseta Básica Preta 269,231.52,4.2,Algodão,2022-01-23
P0270,Regata Esportiva Rosa 270,121.94,5.0,Algodão,2021-01-09
P0271,Conjunto Casual Cinza 271,98.84,4.4,Algodão,2023-11-15
P0272,Blazer Slim Marrom 272,253.9,4.1,Poliéster,2023-03-17
P0273,Moletom Canguru Verde 273,180.25,3.9,Algodão/Poliéster,2021-09-18
P0274,Blazer Casual Marrom 274,147.01,4.3,Poliéster,2026-08-19
P0275,Conjunto Casual Rosa 275,249.72,3.3,Algodão,2021-03-22
P0276,Blusa Canelada Marrom 276,367.8,3.7,Viscose,2024-05-04
P0277,Blusa Social Amarela 277,165.37,4.8,Viscose,2022-06-25
P0278,Regata Básica Marrom 278,306.98,4.3,Algodão,2022-09-05
P0279,Bermuda Jeans Rosa 279,308.17,4.1,Sarja,2022-03-13
P0280,Blusa Manga Longa Azul 280,147.63,3.6,Viscose,2023-03-16
P0281,Blusa Manga Longa Rosa 281,45.08,4.1,Viscose,2024-10-12
P0282,Vestido Longo Verde 282,373.06,4.5,Viscose,2022-10-30
P0283,Jaqueta Puffer Rosa 283,313.7,3.5,Poliéster,2025-02-02
P0284,Bermuda Esportiva Marrom 284,77.63,4.4,Sarja,2023-07-16
P0285,Camiseta Estampada Marrom 285,220.9,4.5,Algodão,2025-06-13
P0286,Saia Jeans Branca 286,248.02,3.2,Poliéster,2023-07-09
P0287,Regata Básica Verde 287,380.19,3.4,Algodão,2023-01-27
P0288,Vestido Casual Preta 288,305.54,3.5,Viscose,2023-11-15
P0289,Blazer Casual Azul 289,339.92,3.6,Poliéster,2024-11-21
P0290,Blusa Básica Amarela 290,56.82,4.0,Viscose,2023-08-20
P0291,Saia Casual Amarela 291,114.68,4.8,Poliéster,2026-02-18
P0292,Vestido Casual Cinza 292,307.92,4.2,Viscose,2023-12-04
P0293,Blazer Social Preta 293,316.67,4.2,Poliéster,2022-09-05
P0294,Conjunto Esportivo Vermelha 294,85.45,3.7,Poliéster,2021-02-27
P0295,Calça Jeans Amarela 295,126.71,4.7,Sarja,2023-03-24
P0296,Camisa Social Preta 296,129.4,4.4,Algodão,2021-04-23
P0297,Camisa Manga Curta Verde 297,88.28,4.1,Algodão,2021-03-15
P0298,Vestido Longo Branca 298,127.51,3.7,Viscose,2023-02-07
P0299,Blazer Casual Cinza 299,337.39,4.5,Poliéster,2022-08-24
P0300,Calça Sarja Branca 300,55.28,3.8,Sarja,2026-01-05
P0301,Moletom Canguru Rosa 301,114.27,5.0,Algodão/Poliéster,2025-02-19
P0302,Calça Jogger Marrom 302,218.53,3.9,Sarja,2025-06-25
P0303,Blusa Manga Longa Vermelha 303,288.37,4.6,Viscose,2024-02-03
P0304,Regata Canelada Amarela 304,184.24,4.3,Algodão,2021-08-16
P0305,Camisa Social Preta 305,265.49,4.7,Algodão,2025-10-27
P0306,Regata Esportiva Bege 306,72.43,4.0,Algodão,2023-10-21
P0307,Conjunto Moletom Branca 307,274.14,4.0,Algodão/Poliéster,2023-06-07
P0308,Saia Casual Vermelha 308,250.42,3.9,Poliéster,2024-06-04
P0309,Calça Jeans Bege 309,144.36,4.1,Sarja,2021-12-05
P0310,Saia Jeans Azul 310,341.69,4.7,Poliéster,2023-09-23
P0311,Bermuda Esportiva Preta 311,347.79,4.0,Sarja,2024-06-07
P0312,Regata Canelada Bege 312,398.74,4.0,Algodão,2024-12-14
P0313,Vestido Midi Verde 313,103.65,3.9,Viscose,2023-11-01
P0314,Calça Social Verde 314,132.21,4.5,Sarja,2026-08-26
P0315,Calça Jeans Branca 315,264.34,3.6,Sarja,2026-08-11
P0316,Blazer Social Cinza 316,268.36,4.4,Poliéster,2021-07-19
P0317,Conjunto Esportivo Bege 317,338.06,4.8,Poliéster,2021-06-21
P0318,Camiseta Polo Branca 318,53.39,4.0,Algodão,2023-12-03
P0319,Bermuda Esportiva Vermelha 319,42.88,3.8,Sarja,2025-09-09
P0320,Bermuda Esportiva Bege 320,114.97,4.8,Sarja,2023-11-27
P0321,Calça Jogger Verde 321,283.42,4.9,Sarja,2022-03-26
P0322,Blusa Manga Longa Marrom 322,311.69,4.3,Viscose,2024-03-09
P0323,Jaqueta Jeans Amarela 323,188.13,4.6,Denim,2026-05-06
P0324,Camiseta Oversized Rosa 324,184.67,3.9,Algodão,2021-12-12
P0325,Conjunto Casual Preta 325,244.98,3.4,Algodão,2023-07-11
P0326,Bermuda Moletom Amarela 326,223.19,4.3,Sarja,2024-08-13
P0327,Vestido Casual Vermelha 327,339.12,3.3,Viscose,2023-03-25
P0328,Vestido Floral Azul 328,344.41,4.5,Viscose,2021-04-02
P0329,Jaqueta Jeans Bege 329,330.08,4.5,Denim,2024-10-17
P0330,Regata Básica Branca 330,312.62,4.7,Algodão,2025-03-14
P0331,Blazer Slim Vermelha 331,149.72,3.5,Poliéster,2024-09-17
P0332,Jaqueta Jeans Marrom 332,217.53,3.8,Denim,2024-10-04
P0333,Blazer Social Marrom 333,119.98,4.1,Poliéster,2024-09-20
P0334,Jaqueta Corta-Vento Bege 334,142.13,4.2,Nylon,2022-11-15
P0335,Moletom Básico Vermelha 335,298.19,4.3,Algodão/Poliéster,2021-02-04
P0336,Camisa Social Amarela 336,368.63,4.6,Algodão,2026-08-09
P0337,Regata Canelada Bege 337,388.86,4.1,Algodão,2022-02-28
P0338,Bermuda Cargo Bege 338,87.87,4.2,Sarja,2025-09-11
P0339,Camiseta Polo Branca 339,275.78,4.5,Algodão,2024-01-24
P0340,Bermuda Cargo Branca 340,259.94,4.2,Sarja,2024-01-22
P0341,Blusa Canelada Preta 341,136.57,3.8,Viscose,2021-02-13
P0342,Moletom Básico Preta 342,60.27,4.0,Algodão/Poliéster,2026-08-12
P0343,Blazer Social Branca 343,243.31,3.6,Poliéster,2023-12-30
P0344,Bermuda Moletom Cinza 344,399.12,4.3,Sarja,2025-09-14
P0345,Calça Jeans Amarela 345,213.68,4.8,Sarja,2025-05-29
P0346,Camisa Linho Branca 346,383.61,4.5,Algodão,2021-10-13
P0347,Moletom Estampado Preta 347,251.36,4.1,Algodão/Poliéster,2026-05-15
P0348,Blazer Casual Rosa 348,94.27,4.0,Poliéster,2024-05-07
P0349,Camisa Manga Curta Vermelha 349,105.9,4.5,Algodão,2022-01-19
P0350,Vestido Casual Rosa 350,343.01,4.3,Viscose,2024-04-16
P0351,Camiseta Polo Vermelha 351,101.96,4.0,Algodão,2024-06-29
P0352,Calça Jeans Marrom 352,338.14,4.5,Sarja,2024-09-12
P0353,Saia Casual Branca 353,287.42,4.3,Poliéster,2022-10-28
P0354,Jaqueta Jeans Rosa 354,44.22,3.8,Denim,2026-05-01
P0355,Conjunto Moletom Preta 355,376.23,4.1,Algodão/Poliéster,2022-05-06
P0356,Bermuda Jeans Preta 356,253.94,4.3,Sarja,2023-10-16
P0357,Saia Midi Branca 357,245.55,3.9,Poliéster,2025-10-02
P0358,Jaqueta Puffer Marrom 358,249.92,4.8,Poliéster,2021-06-10
P0359,Camisa Linho Preta 359,61.48,4.3,Algodão,2023-04-15
P0360,Blusa Canelada Azul 360,159.97,4.6,Viscose,2023-09-19
P0361,Camiseta Oversized Vermelha 361,261.42,3.1,Algodão,2025-05-19
P0362,Calça Cargo Preta 362,275.47,4.3,Sarja,2025-06-18
P0363,Jaqueta Puffer Amarela 363,54.75,4.4,Poliéster,2025-07-07
P0364,Regata Esportiva Branca 364,275.73,4.0,Algodão,2023-01-12
P0365,Camiseta Polo Cinza 365,353.15,4.3,Algodão,2023-10-15
P0366,Blazer Social Bege 366,325.14,4.5,Poliéster,2021-02-26
P0367,Bermuda Jeans Rosa 367,340.22,4.2,Sarja,2025-08-30
P0368,Blusa Social Verde 368,128.06,5.0,Viscose,2022-09-20
P0369,Jaqueta Bomber Verde 369,348.36,4.7,Poliéster,2023-08-26
P0370,Bermuda Cargo Cinza 370,91.82,4.2,Sarja,2024-11-12
P0371,Vestido Midi Vermelha 371,367.99,4.2,Viscose,2025-05-26
P0372,Moletom Básico Azul 372,383.47,4.8,Algodão/Poliéster,2021-06-27
P0373,Camiseta Slim Verde 373,149.73,3.9,Algodão,2025-05-07
P0374,Blusa Básica Azul 374,175.2,4.9,Viscose,2023-02-17
P0375,Saia Plissada Cinza 375,73.87,4.3,Poliéster,2023-05-15
P0376,Bermuda Esportiva Bege 376,68.31,3.4,Sarja,2021-10-03
P0377,Blazer Casual Preta 377,389.28,4.4,Poliéster,2025-01-23
P0378,Conjunto Moletom Verde 378,381.19,4.4,Algodão/Poliéster,2023-09-12
P0379,Regata Esportiva Branca 379,177.52,3.9,Algodão,2021-08-03
P0380,Bermuda Jeans Branca 380,246.89,5.0,Sarja,2021-10-20
P0381,Regata Canelada Branca 381,101.36,5.0,Algodão,2025-02-01
P0382,Saia Casual Verde 382,303.6,4.6,Poliéster,2021-08-14
P0383,Moletom Estampado Marrom 383,193.97,3.4,Algodão/Poliéster,2023-12-15
P0384,Regata Canelada Bege 384,85.58,2.6,Algodão,2024-12-14
P0385,Camiseta Slim Marrom 385,136.82,4.6,Algodão,2026-03-02
P0386,Blusa Social Preta 386,223.92,4.4,Viscose,2021-11-23
P0387,Regata Básica Amarela 387,79.33,5.0,Algodão,2022-09-05
P0388,Camiseta Oversized Verde 388,263.0,4.1,Algodão,2021-11-17
P0389,Moletom Básico Preta 389,185.22,4.2,Algodão/Poliéster,2025-12-26
P0390,Blazer Casual Marrom 390,375.88,4.4,Poliéster,2024-05-10
P0391,Jaqueta Puffer Amarela 391,386.2,3.2,Poliéster,2026-07-28
P0392,Conjunto Moletom Vermelha 392,322.65,4.6,Algodão/Poliéster,2021-04-01
P0393,Moletom Estampado Verde 393,201.56,4.2,Algodão/Poliéster,2024-12-31
P0394,Camiseta Slim Azul 394,82.12,3.8,Algodão,2021-03-10
P0395,Vestido Longo Bege 395,107.4,4.0,Viscose,2021-08-14
P0396,Blazer Slim Azul 396,63.63,4.6,Poliéster,2023-06-12
P0397,Blusa Canelada Preta 397,169.24,4.9,Viscose,2023-01-29
P0398,Vestido Casual Vermelha 398,313.99,4.3,Viscose,2023-01-26
P0399,Regata Canelada Bege 399,129.42,4.3,Algodão,2021-05-21
P0400,Moletom Estampado Rosa 400,126.04,4.3,Algodão/Poliéster,2024-02-01
P0401,Regata Canelada Amarela 401,316.42,4.3,Algodão,2022-12-06
P0402,Camisa Social Branca 402,130.66,4.2,Algodão,2026-08-18
P0403,Camisa Social Bege 403,244.28,4.3,Algodão,2025-06-22
P0404,Blazer Casual Azul 404,335.24,4.6,Poliéster,2023-06-19
P0405,Blusa Básica Amarela 405,56.0,4.7,Viscose,2025-05-03
P0406,Camiseta Slim Cinza 406,147.97,5.0,Algodão,2024-04-06
P0407,Regata Esportiva Rosa 407,399.89,4.2,Algodão,2023-10-22
P0408,Saia Midi Preta 408,58.14,5.0,Poliéster,2026-03-17
P0409,Camisa Linho Vermelha 409,129.55,3.9,Algodão,2024-04-30
P0410,Calça Jeans Vermelha 410,383.01,4.4,Sarja,2023-09-27
P0411,Calça Jogger Branca 411,278.28,4.4,Sarja,2024-03-18
P0412,Regata Canelada Cinza 412,289.85,4.1,Algodão,2025-06-05
P0413,Camisa Linho Azul 413,390.1,4.5,Algodão,2025-03-15
P0414,Jaqueta Bomber Preta 414,64.53,4.5,Poliéster,2024-02-10
P0415,Moletom Estampado Bege 415,50.69,5.0,Algodão/Poliéster,2022-01-01
P0416,Vestido Floral Amarela 416,258.5,4.2,Viscose,2024-08-11
P0417,Blazer Social Bege 417,195.4,4.8,Poliéster,2023-06-10
P0418,Bermuda Jeans Branca 418,60.98,4.9,Sarja,2026-04-14
P0419,Blazer Slim Azul 419,294.18,5.0,Poliéster,2026-02-23
P0420,Regata Básica Marrom 420,94.69,4.5,Algodão,2021-01-02
P0421,Blusa Social Preta 421,93.65,4.5,Viscose,2026-08-30
P0422,Saia Midi Preta 422,231.02,4.1,Poliéster,2026-02-08
P0423,Moletom Com Capuz Azul 423,208.22,4.2,Algodão/Poliéster,2026-02-20
P0424,Vestido Midi Bege 424,152.07,4.6,Viscose,2023-10-27
P0425,Blusa Manga Longa Preta 425,145.98,4.2,Viscose,2022-07-14
P0426,Bermuda Jeans Marrom 426,382.05,3.9,Sarja,2024-06-09
P0427,Regata Básica Bege 427,377.68,4.1,Algodão,2026-01-02
P0428,Conjunto Moletom Cinza 428,164.44,4.9,Algodão/Poliéster,2023-07-21
P0429,Saia Jeans Preta 429,61.8,4.3,Poliéster,2026-08-01
P0430,Camisa Flanela Vermelha 430,59.84,4.2,Algodão,2022-06-24
P0431,Calça Cargo Marrom 431,127.13,4.3,Sarja,2025-10-31
P0432,Bermuda Esportiva Branca 432,50.56,4.1,Sarja,2021-05-17
P0433,Bermuda Cargo Azul 433,244.31,3.5,Sarja,2025-10-03
P0434,Conjunto Esportivo Branca 434,166.21,4.7,Poliéster,2026-05-10
P0435,Moletom Com Capuz Preta 435,219.09,4.7,Algodão/Poliéster,2024-12-24
P0436,Saia Casual Cinza 436,120.68,4.6,Poliéster,2024-07-14
P0437,Moletom Com Capuz Bege 437,301.05,3.4,Algodão/Poliéster,2023-05-02
P0438,Moletom Canguru Azul 438,392.15,4.0,Algodão/Poliéster,2025-12-13
P0439,Conjunto Esportivo Bege 439,336.98,4.4,Poliéster,2021-09-19
P0440,Camiseta Básica Amarela 440,71.62,4.3,Algodão,2022-08-25
P0441,Blazer Casual Vermelha 441,386.95,4.7,Poliéster,2021-09-29
P0442,Moletom Estampado Azul 442,133.31,3.6,Algodão/Poliéster,2022-07-30
P0443,Calça Social Bege 443,232.41,5.0,Sarja,2023-12-19
P0444,Bermuda Moletom Branca 444,309.7,4.6,Sarja,2022-11-26
P0445,Bermuda Esportiva Rosa 445,395.17,4.6,Sarja,2023-05-21
P0446,Regata Esportiva Bege 446,293.19,3.9,Algodão,2022-04-24
P0447,Blazer Social Azul 447,348.03,4.5,Poliéster,2022-12-31
P0448,Moletom Básico Amarela 448,356.46,4.6,Algodão/Poliéster,2023-10-28
P0449,Regata Esportiva Marrom 449,348.15,3.9,Algodão,2022-03-19
P0450,Moletom Com Capuz Rosa 450,208.05,4.5,Algodão/Poliéster,2026-04-22
P0451,Camiseta Estampada Cinza 451,45.32,4.4,Algodão,2026-01-31
P0452,Saia Jeans Marrom 452,149.09,2.9,Poliéster,2025-12-18
P0453,Bermuda Cargo Vermelha 453,152.65,3.7,Sarja,2021-01-04
P0454,Moletom Canguru Verde 454,59.21,4.1,Algodão/Poliéster,2023-10-22
P0455,Saia Midi Branca 455,94.19,3.3,Poliéster,2025-07-04
P0456,Vestido Floral Verde 456,257.56,4.3,Viscose,2022-12-23
P0457,Moletom Canguru Preta 457,389.06,4.0,Algodão/Poliéster,2022-04-25
P0458,Conjunto Casual Verde 458,328.27,4.1,Algodão,2024-06-19
P0459,Calça Jeans Amarela 459,217.4,4.1,Sarja,2021-01-06
P0460,Jaqueta Jeans Marrom 460,92.73,4.3,Denim,2024-06-20
P0461,Saia Midi Verde 461,121.03,5.0,Poliéster,2023-07-24
P0462,Conjunto Casual Verde 462,220.06,4.8,Algodão,2024-11-15
P0463,Blazer Slim Marrom 463,225.95,3.6,Poliéster,2024-11-13
P0464,Camisa Manga Curta Marrom 464,48.25,4.0,Algodão,2024-01-14
P0465,Camiseta Polo Branca 465,333.86,4.4,Algodão,2024-04-22
P0466,Camiseta Estampada Branca 466,97.86,4.5,Algodão,2021-02-25
P0467,Conjunto Casual Verde 467,69.51,4.0,Algodão,2026-07-24
P0468,Blazer Slim Vermelha 468,350.65,4.6,Poliéster,2021-06-07
P0469,Moletom Estampado Preta 469,336.47,4.6,Algodão/Poliéster,2026-07-14
P0470,Jaqueta Puffer Azul 470,76.07,4.1,Poliéster,2026-07-08
P0471,Saia Jeans Preta 471,112.85,3.3,Poliéster,2025-01-25
P0472,Camiseta Estampada Branca 472,253.98,3.7,Algodão,2025-03-24
P0473,Camisa Social Branca 473,72.11,4.1,Algodão,2021-03-04
P0474,Moletom Básico Preta 474,115.45,4.7,Algodão/Poliéster,2026-05-16
P0475,Calça Cargo Branca 475,309.98,4.0,Sarja,2023-12-30
P0476,Blusa Manga Longa Amarela 476,336.05,4.3,Viscose,2022-12-04
P0477,Camiseta Básica Bege 477,358.18,3.7,Algodão,2024-10-17
P0478,Bermuda Moletom Amarela 478,391.9,5.0,Sarja,2024-01-12
P0479,Moletom Básico Amarela 479,273.19,4.2,Algodão/Poliéster,2023-01-19
P0480,Conjunto Esportivo Marrom 480,158.22,4.2,Poliéster,2022-10-29
P0481,Calça Jeans Vermelha 481,384.85,4.3,Sarja,2021-09-02
P0482,Vestido Midi Cinza 482,230.74,4.2,Viscose,2026-02-24
P0483,Bermuda Esportiva Marrom 483,307.98,4.2,Sarja,2024-10-09
P0484,Blusa Canelada Rosa 484,255.45,4.6,Viscose,2022-08-19
P0485,Calça Social Branca 485,193.53,4.4,Sarja,2025-02-05
P0486,Regata Canelada Marrom 486,79.88,3.3,Algodão,2024-12-06
P0487,Bermuda Cargo Vermelha 487,283.56,3.4,Sarja,2021-10-17
P0488,Camisa Manga Curta Verde 488,213.1,4.3,Algodão,2021-12-29
P0489,Blusa Social Vermelha 489,54.41,3.7,Viscose,2022-04-23
P0490,Saia Jeans Preta 490,105.44,4.2,Poliéster,2021-08-06
P0491,Blazer Casual Marrom 491,171.78,4.3,Poliéster,2025-08-30
P0492,Vestido Floral Marrom 492,51.23,4.4,Viscose,2021-11-19
P0493,Moletom Canguru Azul 493,116.68,4.6,Algodão/Poliéster,2025-08-06
P0494,Saia Midi Azul 494,389.2,4.7,Poliéster,2024-01-01
P0495,Saia Casual Marrom 495,166.77,4.7,Poliéster,2021-08-30
P0496,Blusa Social Bege 496,279.8,5.0,Viscose,2025-10-14
P0497,Conjunto Casual Cinza 497,63.77,4.4,Algodão,2021-12-25
P0498,Camisa Social Vermelha 498,248.0,5.0,Algodão,2026-08-30
P0499,Blazer Casual Azul 499,72.1,4.1,Poliéster,2021-01-30
P0500,Camiseta Básica Bege 500,361.97,4.4,Algodão,2024-07-12
P0501,Camiseta Oversized Preta 501,118.23,3.9,Algodão,2022-10-11
P0502,Vestido Casual Marrom 502,315.96,4.5,Viscose,2024-01-10
P0503,Jaqueta Jeans Amarela 503,233.65,4.1,Denim,2025-10-04
P0504,Jaqueta Corta-Vento Verde 504,234.96,4.2,Nylon,2025-06-17
P0505,Camiseta Básica Verde 505,368.53,4.4,Algodão,2022-08-06
P0506,Blazer Social Amarela 506,331.27,4.3,Poliéster,2021-05-12
P0507,Jaqueta Jeans Azul 507,76.24,4.3,Denim,2022-08-10
P0508,Calça Social Rosa 508,298.99,4.3,Sarja,2025-08-02
P0509,Saia Plissada Bege 509,296.55,3.5,Poliéster,2023-12-03
P0510,Jaqueta Corta-Vento Amarela 510,350.4,4.3,Nylon,2025-04-19
P0511,Calça Jeans Cinza 511,46.05,4.8,Sarja,2023-10-21
P0512,Calça Jogger Rosa 512,191.32,4.3,Sarja,2024-01-01
P0513,Regata Canelada Bege 513,347.89,4.0,Algodão,2021-05-14
P0514,Calça Jogger Rosa 514,128.74,3.9,Sarja,2021-02-17
P0515,Calça Cargo Marrom 515,317.25,4.9,Sarja,2024-12-26
P0516,Blusa Básica Cinza 516,330.48,4.7,Viscose,2022-02-23
P0517,Camisa Manga Curta Marrom 517,75.35,4.7,Algodão,2023-01-17
P0518,Vestido Longo Azul 518,175.4,4.4,Viscose,2023-02-04
P0519,Conjunto Casual Rosa 519,97.78,4.2,Algodão,2024-08-02
P0520,Blazer Social Preta 520,95.16,4.4,Poliéster,2026-05-02
P0521,Blazer Social Verde 521,192.13,3.8,Poliéster,2025-04-17
P0522,Blusa Básica Azul 522,53.1,4.4,Viscose,2024-08-14
P0523,Blusa Canelada Preta 523,337.59,4.3,Viscose,2025-09-24
P0524,Blusa Manga Longa Cinza 524,178.24,4.2,Viscose,2023-11-22
P0525,Regata Canelada Vermelha 525,213.12,4.9,Algodão,2021-10-28
P0526,Blazer Slim Vermelha 526,75.07,3.7,Poliéster,2023-10-08
P0527,Regata Básica Azul 527,359.82,5.0,Algodão,2026-07-17
P0528,Moletom Básico Verde 528,221.07,4.0,Algodão/Poliéster,2025-06-02
P0529,Bermuda Esportiva Preta 529,98.22,4.7,Sarja,2022-12-25
P0530,Bermuda Moletom Verde 530,317.31,3.8,Sarja,2022-11-01
P0531,Bermuda Esportiva Azul 531,239.7,4.6,Sarja,2026-03-15
P0532,Moletom Básico Rosa 532,189.88,4.2,Algodão/Poliéster,2021-07-15
P0533,Conjunto Esportivo Vermelha 533,91.67,4.3,Poliéster,2026-04-14
P0534,Calça Cargo Cinza 534,114.87,3.3,Sarja,2024-11-01
P0535,Blusa Básica Azul 535,168.83,3.9,Viscose,2025-07-30
P0536,Bermuda Cargo Marrom 536,195.15,3.7,Sarja,2022-11-12
P0537,Camiseta Oversized Preta 537,326.94,4.2,Algodão,2024-09-03
P0538,Regata Canelada Bege 538,252.78,4.3,Algodão,2022-11-05
P0539,Vestido Longo Vermelha 539,133.39,4.4,Viscose,2021-02-05
P0540,Vestido Casual Marrom 540,379.59,4.1,Viscose,2023-07-30
P0541,Jaqueta Puffer Branca 541,384.42,4.1,Poliéster,2026-07-21
P0542,Vestido Floral Bege 542,382.46,4.3,Viscose,2022-05-18
P0543,Conjunto Casual Cinza 543,188.04,3.9,Algodão,2021-12-02
P0544,Camiseta Oversized Marrom 544,254.24,3.6,Algodão,2026-03-23
P0545,Vestido Longo Azul 545,196.98,4.4,Viscose,2026-02-27
P0546,Calça Sarja Preta 546,126.75,4.3,Sarja,2025-10-19
P0547,Bermuda Esportiva Vermelha 547,349.61,3.9,Sarja,2026-07-14
P0548,Blazer Slim Rosa 548,302.21,4.5,Poliéster,2026-08-13
P0549,Bermuda Cargo Rosa 549,77.08,4.9,Sarja,2026-03-16
P0550,Calça Social Cinza 550,274.35,3.6,Sarja,2026-06-19
P0551,Blusa Manga Longa Bege 551,99.08,4.3,Viscose,2025-03-21
P0552,Moletom Canguru Amarela 552,357.79,4.0,Algodão/Poliéster,2022-10-13
P0553,Regata Esportiva Amarela 553,239.15,4.5,Algodão,2023-08-07
P0554,Camiseta Polo Azul 554,378.3,4.8,Algodão,2023-02-27
P0555,Camiseta Estampada Amarela 555,348.23,3.3,Algodão,2023-11-21
P0556,Bermuda Cargo Preta 556,363.36,4.2,Sarja,2024-12-15
P0557,Camisa Social Branca 557,398.78,2.8,Algodão,2022-05-16
P0558,Moletom Canguru Bege 558,136.61,4.3,Algodão/Poliéster,2021-02-02
P0559,Regata Básica Branca 559,202.11,4.1,Algodão,2024-06-01
P0560,Camiseta Estampada Branca 560,183.92,4.6,Algodão,2026-08-19
P0561,Camiseta Polo Preta 561,378.79,5.0,Algodão,2025-11-19
P0562,Moletom Canguru Vermelha 562,106.41,4.4,Algodão/Poliéster,2021-01-23
P0563,Moletom Estampado Amarela 563,120.5,4.0,Algodão/Poliéster,2024-05-23
P0564,Calça Social Azul 564,242.65,4.3,Sarja,2024-01-05
P0565,Jaqueta Jeans Marrom 565,119.93,3.8,Denim,2023-05-30
P0566,Camisa Social Bege 566,312.14,4.2,Algodão,2024-10-15
P0567,Vestido Longo Branca 567,291.5,4.4,Viscose,2023-06-02
P0568,Jaqueta Corta-Vento Azul 568,206.23,4.7,Nylon,2026-03-07
P0569,Bermuda Jeans Azul 569,362.03,4.9,Sarja,2026-02-22
P0570,Calça Social Vermelha 570,165.2,5.0,Sarja,2024-08-25
P0571,Camisa Manga Curta Preta 571,85.06,4.6,Algodão,2023-08-07
P0572,Saia Casual Rosa 572,182.15,4.1,Poliéster,2024-05-20
P0573,Bermuda Moletom Cinza 573,391.7,4.5,Sarja,2026-02-06
P0574,Camisa Manga Curta Verde 574,264.33,3.9,Algodão,2022-09-14
P0575,Blusa Manga Longa Marrom 575,349.2,3.9,Viscose,2025-12-03
P0576,Saia Plissada Preta 576,190.63,3.8,Poliéster,2024-05-07
P0577,Saia Jeans Azul 577,55.95,4.3,Poliéster,2021-05-12
P0578,Camiseta Básica Amarela 578,385.44,4.6,Algodão,2025-04-01
P0579,Bermuda Cargo Branca 579,365.38,3.7,Sarja,2022-02-23
P0580,Moletom Canguru Amarela 580,51.63,4.2,Algodão/Poliéster,2023-12-03
P0581,Camiseta Slim Vermelha 581,102.31,4.8,Algodão,2026-05-21
P0582,Bermuda Moletom Vermelha 582,128.92,4.8,Sarja,2025-06-02
P0583,Jaqueta Bomber Branca 583,54.57,5.0,Poliéster,2024-12-18
P0584,Vestido Longo Cinza 584,347.16,4.8,Viscose,2021-05-25
P0585,Blazer Slim Cinza 585,142.02,4.5,Poliéster,2025-11-13
P0586,Blazer Casual Preta 586,121.27,3.8,Poliéster,2022-11-25
P0587,Regata Canelada Verde 587,290.15,4.6,Algodão,2021-04-14
P0588,Jaqueta Corta-Vento Vermelha 588,109.29,4.7,Nylon,2026-06-09
P0589,Saia Midi Amarela 589,193.53,5.0,Poliéster,2022-01-30
P0590,Camiseta Slim Preta 590,164.76,4.2,Algodão,2022-11-01
P0591,Conjunto Moletom Branca 591,85.38,3.7,Algodão/Poliéster,2021-10-22
P0592,Moletom Com Capuz Branca 592,98.11,3.8,Algodão/Poliéster,2024-07-10
P0593,Vestido Floral Cinza 593,366.66,4.0,Viscose,2025-12-01
P0594,Camisa Flanela Preta 594,82.35,4.3,Algodão,2023-12-12
P0595,Jaqueta Jeans Rosa 595,205.42,4.8,Denim,2025-12-04
P0596,Camisa Linho Verde 596,97.52,4.6,Algodão,2026-04-22
P0597,Camisa Linho Branca 597,243.79,4.0,Algodão,2025-12-11
P0598,Blusa Social Amarela 598,394.85,4.4,Viscose,2021-12-03
P0599,Saia Casual Branca 599,292.98,4.4,Poliéster,2022-03-03
P0600,Calça Social Cinza 600,123.46,3.4,Sarja,2022-09-12
P0601,Moletom Estampado Cinza 601,94.31,4.9,Algodão/Poliéster,2024-08-13
P0602,Regata Canelada Bege 602,130.57,5.0,Algodão,2025-11-20
P0603,Blazer Slim Amarela 603,193.16,4.8,Poliéster,2022-10-10
P0604,Blusa Canelada Preta 604,41.52,3.7,Viscose,2024-10-10
P0605,Regata Esportiva Cinza 605,354.74,3.9,Algodão,2022-01-23
P0606,Moletom Básico Vermelha 606,99.74,4.6,Algodão/Poliéster,2024-01-29
P0607,Jaqueta Bomber Cinza 607,43.48,4.5,Poliéster,2025-06-02
P0608,Calça Jogger Vermelha 608,299.03,4.6,Sarja,2023-03-29
P0609,Calça Jogger Vermelha 609,279.73,4.7,Sarja,2021-12-04
P0610,Camiseta Slim Rosa 610,214.54,3.7,Algodão,2023-05-02
P0611,Moletom Estampado Amarela 611,390.48,3.9,Algodão/Poliéster,2025-04-26
P0612,Vestido Longo Azul 612,95.1,4.7,Viscose,2026-04-19
P0613,Blazer Social Cinza 613,292.05,4.6,Poliéster,2024-06-28
P0614,Regata Básica Amarela 614,104.82,4.3,Algodão,2024-10-20
P0615,Regata Esportiva Rosa 615,54.82,4.2,Algodão,2023-05-18
P0616,Blusa Básica Amarela 616,111.28,4.3,Viscose,2026-04-07
P0617,Bermuda Esportiva Cinza 617,74.2,4.6,Sarja,2025-12-05
P0618,Camisa Social Azul 618,162.41,4.1,Algodão,2026-07-05
P0619,Saia Plissada Preta 619,357.93,3.6,Poliéster,2025-11-22
P0620,Vestido Longo Marrom 620,230.85,4.5,Viscose,2024-02-06
P0621,Vestido Floral Rosa 621,88.49,3.8,Viscose,2026-06-11
P0622,Bermuda Jeans Marrom 622,135.71,3.6,Sarja,2024-06-15
P0623,Bermuda Moletom Verde 623,372.53,4.3,Sarja,2024-05-29
P0624,Conjunto Esportivo Cinza 624,68.76,4.0,Poliéster,2024-09-20
P0625,Bermuda Cargo Azul 625,352.95,4.1,Sarja,2022-01-20
P0626,Camiseta Básica Marrom 626,105.91,4.2,Algodão,2025-10-03
P0627,Conjunto Esportivo Azul 627,312.4,3.6,Poliéster,2023-01-21
P0628,Moletom Estampado Azul 628,238.79,4.5,Algodão/Poliéster,2024-09-25
P0629,Bermuda Jeans Branca 629,346.29,5.0,Sarja,2025-10-13
P0630,Bermuda Cargo Vermelha 630,371.84,4.7,Sarja,2021-08-26
P0631,Bermuda Jeans Preta 631,257.87,4.6,Sarja,2022-09-15
P0632,Conjunto Esportivo Bege 632,101.19,4.2,Poliéster,2026-05-04
P0633,Saia Casual Preta 633,134.32,4.1,Poliéster,2023-01-18
P0634,Vestido Casual Amarela 634,169.97,4.3,Viscose,2024-09-29
P0635,Moletom Básico Preta 635,298.08,4.4,Algodão/Poliéster,2024-03-08
P0636,Camisa Social Preta 636,305.34,4.5,Algodão,2025-12-05
P0637,Vestido Midi Marrom 637,262.81,4.4,Viscose,2023-11-22
P0638,Bermuda Cargo Verde 638,340.99,5.0,Sarja,2023-05-29
P0639,Jaqueta Puffer Preta 639,290.04,4.9,Poliéster,2021-02-04
P0640,Saia Jeans Marrom 640,91.58,4.1,Poliéster,2023-09-10
P0641,Saia Plissada Bege 641,79.82,4.3,Poliéster,2024-04-25
P0642,Conjunto Casual Bege 642,339.04,5.0,Algodão,2024-11-26
P0643,Bermuda Esportiva Verde 643,118.52,4.7,Sarja,2025-06-03
P0644,Regata Canelada Cinza 644,43.62,4.0,Algodão,2025-05-26
P0645,Bermuda Cargo Verde 645,192.42,4.1,Sarja,2023-08-09
P0646,Blusa Básica Azul 646,348.56,4.1,Viscose,2021-06-12
P0647,Jaqueta Puffer Branca 647,44.38,4.0,Poliéster,2022-06-11
P0648,Camisa Linho Verde 648,296.42,4.6,Algodão,2023-04-23
P0649,Jaqueta Jeans Bege 649,165.53,4.2,Denim,2026-07-19
P0650,Moletom Básico Vermelha 650,205.42,3.6,Algodão/Poliéster,2025-05-12
P0651,Saia Plissada Rosa 651,382.27,4.4,Poliéster,2026-01-25
P0652,Camiseta Oversized Vermelha 652,324.31,4.0,Algodão,2026-08-15
P0653,Camiseta Polo Bege 653,331.09,4.1,Algodão,2021-10-03
P0654,Blusa Social Cinza 654,75.93,4.2,Viscose,2021-01-25
P0655,Calça Social Amarela 655,261.48,4.2,Sarja,2024-04-02
P0656,Jaqueta Corta-Vento Verde 656,290.94,4.5,Nylon,2022-07-02
P0657,Regata Básica Rosa 657,150.65,4.3,Algodão,2025-12-03
P0658,Moletom Básico Rosa 658,100.46,4.2,Algodão/Poliéster,2023-08-20
P0659,Vestido Midi Marrom 659,336.51,4.7,Viscose,2021-01-20
P0660,Camisa Linho Rosa 660,245.2,4.5,Algodão,2022-04-07
P0661,Moletom Com Capuz Vermelha 661,176.16,4.2,Algodão/Poliéster,2022-12-08
P0662,Bermuda Esportiva Marrom 662,244.32,4.2,Sarja,2021-02-25
P0663,Jaqueta Puffer Verde 663,62.66,4.7,Poliéster,2022-10-19
P0664,Camiseta Básica Amarela 664,161.91,3.8,Algodão,2024-01-22
P0665,Vestido Floral Verde 665,102.68,4.2,Viscose,2026-01-23
P0666,Saia Plissada Vermelha 666,155.56,4.2,Poliéster,2024-09-05
P0667,Camiseta Slim Vermelha 667,211.6,4.2,Algodão,2021-07-12
P0668,Calça Jogger Bege 668,57.87,3.6,Sarja,2023-05-11
P0669,Saia Jeans Verde 669,119.87,4.3,Poliéster,2025-05-10
P0670,Regata Canelada Verde 670,139.19,3.8,Algodão,2023-02-05
P0671,Saia Jeans Marrom 671,310.78,4.4,Poliéster,2024-03-11
P0672,Conjunto Esportivo Bege 672,132.21,3.8,Poliéster,2026-08-02
P0673,Conjunto Esportivo Vermelha 673,185.39,4.5,Poliéster,2021-10-13
P0674,Calça Jogger Verde 674,357.52,4.6,Sarja,2023-09-16
P0675,Regata Canelada Amarela 675,245.55,4.5,Algodão,2024-06-15
P0676,Camiseta Estampada Rosa 676,211.04,4.1,Algodão,2025-07-10
P0677,Calça Jeans Marrom 677,150.8,3.7,Sarja,2025-09-28
P0678,Camiseta Oversized Marrom 678,178.52,4.2,Algodão,2022-08-18
P0679,Saia Casual Preta 679,161.39,4.6,Poliéster,2023-08-24
P0680,Camiseta Estampada Vermelha 680,199.81,4.8,Algodão,2025-09-14
P0681,Jaqueta Corta-Vento Preta 681,182.59,3.9,Nylon,2025-10-02
P0682,Conjunto Esportivo Vermelha 682,47.91,3.7,Poliéster,2025-09-01
P0683,Calça Sarja Azul 683,105.79,4.6,Sarja,2024-10-13
P0684,Bermuda Esportiva Bege 684,359.53,3.7,Sarja,2022-07-08
P0685,Moletom Básico Amarela 685,45.71,4.3,Algodão/Poliéster,2023-02-01
P0686,Regata Esportiva Marrom 686,272.84,4.0,Algodão,2024-09-18
P0687,Vestido Casual Bege 687,209.36,4.4,Viscose,2022-06-11
P0688,Jaqueta Puffer Vermelha 688,149.58,4.5,Poliéster,2024-11-12
P0689,Blazer Casual Marrom 689,312.04,3.6,Poliéster,2023-12-02
P0690,Saia Jeans Cinza 690,327.48,3.7,Poliéster,2023-07-05
P0691,Conjunto Casual Verde 691,245.46,3.6,Algodão,2023-01-06
P0692,Bermuda Jeans Rosa 692,61.03,3.9,Sarja,2025-05-20
P0693,Blazer Slim Marrom 693,351.05,3.8,Poliéster,2023-08-22
P0694,Conjunto Casual Rosa 694,50.61,4.0,Algodão,2022-09-27
P0695,Camiseta Básica Bege 695,314.58,4.4,Algodão,2023-03-06
P0696,Camisa Social Rosa 696,108.9,4.5,Algodão,2023-09-29
P0697,Regata Canelada Branca 697,282.15,3.7,Algodão,2024-07-01
P0698,Camisa Flanela Rosa 698,83.1,4.6,Algodão,2026-08-11
P0699,Jaqueta Corta-Vento Rosa 699,72.46,4.8,Nylon,2022-12-06
P0700,Blazer Slim Marrom 700,192.14,4.5,Poliéster,2022-01-05
P0701,Bermuda Esportiva Amarela 701,145.0,3.7,Sarja,2026-07-17
P0702,Camiseta Estampada Amarela 702,232.7,4.6,Algodão,2021-11-02
P0703,Calça Cargo Cinza 703,148.8,4.2,Sarja,2026-02-13
P0704,Conjunto Casual Preta 704,80.56,3.9,Algodão,2021-10-22
P0705,Saia Casual Preta 705,397.7,4.7,Poliéster,2023-01-23
P0706,Camisa Flanela Branca 706,261.99,4.5,Algodão,2026-08-28
P0707,Camiseta Polo Verde 707,398.54,3.8,Algodão,2021-12-09
P0708,Regata Básica Verde 708,123.42,4.9,Algodão,2021-11-27
P0709,Moletom Canguru Preta 709,290.95,3.9,Algodão/Poliéster,2024-06-14
P0710,Blazer Casual Branca 710,207.63,3.8,Poliéster,2022-01-29
P0711,Regata Básica Bege 711,268.15,4.1,Algodão,2021-02-20
P0712,Conjunto Esportivo Vermelha 712,283.91,3.9,Poliéster,2024-12-08
P0713,Camisa Social Branca 713,176.56,4.8,Algodão,2026-06-08
P0714,Moletom Canguru Marrom 714,73.44,5.0,Algodão/Poliéster,2025-04-21
P0715,Camiseta Básica Rosa 715,59.48,4.3,Algodão,2026-06-19
P0716,Camisa Flanela Bege 716,266.99,5.0,Algodão,2023-12-27
P0717,Jaqueta Jeans Marrom 717,266.38,4.5,Denim,2024-06-24
P0718,Camiseta Slim Branca 718,203.43,3.8,Algodão,2026-07-27
P0719,Camisa Manga Curta Marrom 719,102.49,4.6,Algodão,2023-11-09
P0720,Moletom Com Capuz Marrom 720,157.35,4.9,Algodão/Poliéster,2021-03-22
P0721,Camiseta Oversized Azul 721,225.78,4.0,Algodão,2022-05-10
P0722,Conjunto Casual Cinza 722,382.41,4.5,Algodão,2024-07-08
P0723,Conjunto Esportivo Branca 723,66.99,4.8,Poliéster,2025-11-09
P0724,Regata Básica Bege 724,377.24,4.0,Algodão,2024-06-08
P0725,Saia Jeans Azul 725,327.83,3.6,Poliéster,2023-04-20
P0726,Saia Casual Azul 726,45.5,4.5,Poliéster,2022-10-27
P0727,Camiseta Estampada Amarela 727,83.12,4.3,Algodão,2024-11-14
P0728,Camiseta Estampada Bege 728,109.96,4.5,Algodão,2026-02-04
P0729,Moletom Canguru Cinza 729,329.0,4.0,Algodão/Poliéster,2022-07-30
P0730,Saia Midi Verde 730,160.14,3.4,Poliéster,2024-02-18
P0731,Blusa Manga Longa Branca 731,104.21,4.1,Viscose,2023-06-04
P0732,Blazer Casual Verde 732,331.68,4.5,Poliéster,2022-05-25
P0733,Bermuda Moletom Vermelha 733,186.72,4.1,Sarja,2023-04-19
P0734,Camiseta Slim Branca 734,377.86,4.4,Algodão,2021-07-02
P0735,Vestido Midi Preta 735,105.65,4.5,Viscose,2024-01-02
P0736,Moletom Estampado Bege 736,336.15,4.4,Algodão/Poliéster,2021-08-10
P0737,Camisa Manga Curta Rosa 737,40.18,4.2,Algodão,2023-09-08
P0738,Moletom Canguru Bege 738,154.47,4.8,Algodão/Poliéster,2026-01-31
P0739,Moletom Básico Cinza 739,167.65,3.5,Algodão/Poliéster,2021-10-29
P0740,Blazer Social Verde 740,220.34,4.7,Poliéster,2022-06-02
P0741,Blusa Social Verde 741,284.58,4.5,Viscose,2025-01-31
P0742,Jaqueta Puffer Verde 742,342.44,4.7,Poliéster,2026-02-20
P0743,Calça Jogger Amarela 743,202.54,3.9,Sarja,2026-06-01
P0744,Blusa Canelada Marrom 744,172.9,4.7,Viscose,2021-09-06
P0745,Bermuda Cargo Azul 745,123.0,4.1,Sarja,2022-05-10
P0746,Camiseta Oversized Bege 746,330.35,3.8,Algodão,2026-07-29
P0747,Regata Esportiva Verde 747,250.61,3.9,Algodão,2023-11-13
P0748,Bermuda Moletom Amarela 748,151.65,4.7,Sarja,2025-09-21
P0749,Conjunto Moletom Azul 749,309.36,3.2,Algodão/Poliéster,2021-01-30
P0750,Moletom Canguru Amarela 750,228.7,4.7,Algodão/Poliéster,2021-08-29
P0751,Camisa Flanela Preta 751,178.08,5.0,Algodão,2022-02-27
P0752,Saia Jeans Rosa 752,381.41,3.8,Poliéster,2021-06-28
P0753,Jaqueta Bomber Bege 753,259.6,4.1,Poliéster,2026-01-18
P0754,Camisa Flanela Amarela 754,369.23,3.4,Algodão,2025-07-21
P0755,Regata Básica Vermelha 755,155.32,3.6,Algodão,2023-03-19
P0756,Regata Canelada Rosa 756,351.36,3.8,Algodão,2021-06-11
P0757,Blazer Social Rosa 757,259.83,4.6,Poliéster,2021-08-08
P0758,Vestido Floral Preta 758,148.3,4.3,Viscose,2022-06-27
P0759,Camiseta Slim Verde 759,362.18,4.8,Algodão,2025-02-13
P0760,Jaqueta Jeans Cinza 760,111.95,4.0,Denim,2025-07-16
P0761,Camisa Social Azul 761,396.68,4.2,Algodão,2024-01-21
P0762,Saia Jeans Preta 762,41.49,4.6,Poliéster,2026-02-21
P0763,Conjunto Casual Rosa 763,374.68,4.4,Algodão,2026-04-05
P0764,Bermuda Jeans Verde 764,306.73,3.8,Sarja,2025-05-08
P0765,Moletom Básico Vermelha 765,148.09,3.5,Algodão/Poliéster,2021-06-12
P0766,Camiseta Estampada Marrom 766,332.05,4.0,Algodão,2026-01-16
P0767,Conjunto Casual Rosa 767,87.56,4.3,Algodão,2026-02-23
P0768,Camisa Manga Curta Cinza 768,339.72,4.1,Algodão,2024-03-04
P0769,Conjunto Casual Azul 769,146.77,4.4,Algodão,2024-05-24
P0770,Camiseta Polo Amarela 770,388.96,4.2,Algodão,2025-06-02
P0771,Bermuda Cargo Cinza 771,339.29,4.1,Sarja,2024-05-10
P0772,Camiseta Slim Rosa 772,397.5,3.3,Algodão,2022-12-14
P0773,Calça Sarja Verde 773,241.03,4.7,Sarja,2024-12-13
P0774,Camisa Manga Curta Azul 774,369.43,3.1,Algodão,2025-06-13
P0775,Regata Básica Cinza 775,184.73,3.7,Algodão,2021-10-20
P0776,Bermuda Jeans Branca 776,210.49,3.8,Sarja,2024-11-07
P0777,Camiseta Oversized Amarela 777,186.96,4.7,Algodão,2021-12-25
P0778,Calça Sarja Bege 778,245.77,4.5,Sarja,2024-04-04
P0779,Conjunto Casual Verde 779,345.75,4.2,Algodão,2021-08-12
P0780,Camiseta Polo Vermelha 780,326.24,4.1,Algodão,2026-08-16
P0781,Blazer Slim Cinza 781,121.09,4.6,Poliéster,2024-10-13
P0782,Calça Cargo Rosa 782,277.67,4.1,Sarja,2023-08-30
P0783,Camiseta Básica Rosa 783,216.37,4.7,Algodão,2023-11-09
P0784,Jaqueta Corta-Vento Branca 784,218.58,4.4,Nylon,2024-07-05
P0785,Saia Jeans Amarela 785,314.15,4.2,Poliéster,2021-09-15
P0786,Bermuda Jeans Azul 786,290.1,4.6,Sarja,2023-11-21
P0787,Camisa Social Amarela 787,111.28,3.6,Algodão,2025-01-21
P0788,Blusa Canelada Vermelha 788,205.36,4.5,Viscose,2022-06-23
P0789,Moletom Com Capuz Verde 789,344.69,4.9,Algodão/Poliéster,2023-09-19
P0790,Moletom Básico Verde 790,217.52,5.0,Algodão/Poliéster,2022-11-15
P0791,Regata Esportiva Azul 791,318.71,4.4,Algodão,2021-11-30
P0792,Vestido Casual Preta 792,288.96,3.9,Viscose,2026-07-19
P0793,Camisa Social Rosa 793,266.65,4.3,Algodão,2024-05-11
P0794,Blazer Casual Cinza 794,72.24,3.9,Poliéster,2023-03-23
P0795,Bermuda Moletom Branca 795,136.37,3.2,Sarja,2022-12-01
P0796,Saia Midi Verde 796,53.23,4.5,Poliéster,2024-11-06
P0797,Vestido Casual Cinza 797,164.57,3.7,Viscose,2021-08-12
P0798,Blazer Slim Branca 798,155.45,4.4,Poliéster,2024-03-19
P0799,Blazer Casual Bege 799,280.77,3.9,Poliéster,2022-04-22
P0800,Jaqueta Jeans Bege 800,56.78,3.7,Denim,2026-01-16
P0801,Camiseta Polo Preta 801,251.52,4.3,Algodão,2025-06-11
P0802,Camiseta Polo Cinza 802,361.3,4.5,Algodão,2025-04-17
P0803,Camiseta Estampada Amarela 803,372.22,4.5,Algodão,2021-10-29
P0804,Blazer Casual Azul 804,104.06,4.3,Poliéster,2021-06-16
P0805,Jaqueta Puffer Bege 805,316.72,4.2,Poliéster,2023-08-07
P0806,Blazer Casual Preta 806,125.78,3.7,Poliéster,2023-01-06
P0807,Regata Esportiva Verde 807,266.1,4.9,Algodão,2025-02-07
P0808,Blazer Casual Preta 808,277.53,4.2,Poliéster,2025-01-12
P0809,Saia Plissada Azul 809,258.81,4.2,Poliéster,2023-04-02
P0810,Vestido Casual Bege 810,141.59,3.7,Viscose,2021-11-30
P0811,Jaqueta Corta-Vento Cinza 811,299.4,4.5,Nylon,2022-11-02
P0812,Bermuda Cargo Preta 812,375.61,3.9,Sarja,2023-11-08
P0813,Moletom Básico Marrom 813,366.74,3.9,Algodão/Poliéster,2022-06-09
P0814,Camiseta Oversized Rosa 814,55.23,4.1,Algodão,2022-10-20
P0815,Blusa Manga Longa Amarela 815,100.45,3.6,Viscose,2022-05-14
P0816,Conjunto Casual Branca 816,255.71,3.8,Algodão,2021-05-14
P0817,Blazer Casual Verde 817,351.53,3.9,Poliéster,2024-05-28
P0818,Calça Jeans Vermelha 818,284.97,4.9,Sarja,2026-08-26
P0819,Saia Jeans Branca 819,160.6,3.8,Poliéster,2026-05-24
P0820,Moletom Com Capuz Marrom 820,56.84,4.5,Algodão/Poliéster,2026-04-07
P0821,Bermuda Jeans Branca 821,253.74,4.6,Sarja,2024-09-25
P0822,Saia Jeans Verde 822,397.81,4.5,Poliéster,2025-03-27
P0823,Bermuda Cargo Preta 823,152.77,3.6,Sarja,2021-05-13
P0824,Camisa Manga Curta Preta 824,211.28,4.7,Algodão,2022-02-20
P0825,Moletom Com Capuz Rosa 825,301.41,4.1,Algodão/Poliéster,2025-01-01
P0826,Camiseta Slim Azul 826,370.57,4.4,Algodão,2026-08-08
P0827,Calça Jogger Bege 827,308.42,4.1,Sarja,2026-02-23
P0828,Camisa Linho Vermelha 828,247.47,3.5,Algodão,2024-07-29
P0829,Saia Casual Azul 829,354.1,4.6,Poliéster,2021-08-14
P0830,Bermuda Cargo Cinza 830,293.02,3.3,Sarja,2026-06-22
P0831,Vestido Midi Preta 831,89.53,3.8,Viscose,2022-10-20
P0832,Saia Jeans Marrom 832,148.33,4.6,Poliéster,2021-03-30
P0833,Regata Esportiva Preta 833,117.69,4.6,Algodão,2025-05-09
P0834,Saia Casual Preta 834,158.93,4.4,Poliéster,2021-12-25
P0835,Camiseta Oversized Bege 835,125.83,3.8,Algodão,2022-09-17
P0836,Camiseta Polo Preta 836,86.44,3.6,Algodão,2024-11-02
P0837,Conjunto Casual Bege 837,135.65,4.1,Algodão,2026-06-21
P0838,Camiseta Slim Marrom 838,251.5,4.6,Algodão,2026-02-20
P0839,Camiseta Slim Branca 839,395.74,4.3,Algodão,2021-12-05
P0840,Camiseta Estampada Preta 840,91.44,4.7,Algodão,2021-12-30
P0841,Vestido Midi Vermelha 841,316.16,4.7,Viscose,2025-08-01
P0842,Blusa Social Amarela 842,208.2,4.0,Viscose,2022-10-19
P0843,Calça Sarja Azul 843,388.8,4.1,Sarja,2021-06-11
P0844,Camiseta Básica Amarela 844,297.88,4.0,Algodão,2024-05-01
P0845,Blusa Social Rosa 845,376.3,4.4,Viscose,2024-09-21
P0846,Conjunto Esportivo Verde 846,331.98,4.8,Poliéster,2026-08-31
P0847,Bermuda Jeans Cinza 847,142.8,4.2,Sarja,2023-10-04
P0848,Regata Canelada Verde 848,289.55,4.5,Algodão,2025-07-13
P0849,Calça Jeans Marrom 849,45.76,4.1,Sarja,2024-01-11
P0850,Regata Básica Marrom 850,254.19,4.0,Algodão,2026-03-26
P0851,Jaqueta Bomber Verde 851,314.25,4.6,Poliéster,2023-10-06
P0852,Saia Casual Azul 852,352.0,3.7,Poliéster,2024-10-28
P0853,Bermuda Jeans Rosa 853,261.85,3.9,Sarja,2026-06-16
P0854,Camiseta Polo Bege 854,176.66,4.3,Algodão,2025-12-21
P0855,Calça Social Azul 855,151.35,5.0,Sarja,2023-04-10
P0856,Saia Jeans Rosa 856,43.67,3.6,Poliéster,2023-11-16
P0857,Saia Casual Preta 857,87.09,4.5,Poliéster,2024-05-11
P0858,Vestido Casual Cinza 858,221.33,4.7,Viscose,2021-09-14
P0859,Jaqueta Jeans Branca 859,198.74,4.3,Denim,2022-04-28
P0860,Conjunto Casual Branca 860,192.24,4.4,Algodão,2025-01-08
P0861,Camiseta Polo Marrom 861,198.31,3.9,Algodão,2021-05-29
P0862,Camiseta Polo Azul 862,104.43,4.2,Algodão,2024-05-29
P0863,Camisa Linho Verde 863,199.14,4.5,Algodão,2023-10-01
P0864,Moletom Básico Bege 864,388.61,4.2,Algodão/Poliéster,2023-10-02
P0865,Calça Jogger Rosa 865,249.97,3.8,Sarja,2025-10-17
P0866,Vestido Floral Branca 866,246.06,4.2,Viscose,2022-07-23
P0867,Regata Canelada Amarela 867,231.25,3.5,Algodão,2025-06-25
P0868,Saia Plissada Bege 868,248.97,3.8,Poliéster,2025-06-11
P0869,Calça Sarja Vermelha 869,110.03,4.4,Sarja,2026-08-16
P0870,Vestido Floral Verde 870,265.69,3.8,Viscose,2025-08-25
P0871,Camiseta Polo Rosa 871,57.6,4.1,Algodão,2023-11-15
P0872,Bermuda Cargo Rosa 872,345.02,4.3,Sarja,2023-01-24
P0873,Moletom Canguru Preta 873,329.96,4.1,Algodão/Poliéster,2025-06-05
P0874,Calça Sarja Azul 874,98.92,3.9,Sarja,2026-04-04
P0875,Jaqueta Corta-Vento Vermelha 875,346.01,4.0,Nylon,2022-08-04
P0876,Bermuda Esportiva Vermelha 876,322.91,4.6,Sarja,2023-02-04
P0877,Saia Plissada Verde 877,54.27,4.7,Poliéster,2023-10-26
P0878,Regata Básica Cinza 878,126.33,4.5,Algodão,2021-08-11
P0879,Blusa Básica Amarela 879,349.31,4.6,Viscose,2022-10-13
P0880,Conjunto Moletom Verde 880,99.42,3.9,Algodão/Poliéster,2021-12-11
P0881,Blazer Slim Vermelha 881,299.43,4.3,Poliéster,2025-05-18
P0882,Vestido Midi Preta 882,89.1,4.2,Viscose,2023-10-21
P0883,Calça Jogger Preta 883,63.39,4.2,Sarja,2024-06-03
P0884,Camisa Flanela Vermelha 884,313.91,4.4,Algodão,2021-06-15
P0885,Bermuda Cargo Verde 885,217.97,4.6,Sarja,2024-04-01
P0886,Calça Sarja Amarela 886,229.0,4.3,Sarja,2025-01-26
P0887,Conjunto Esportivo Cinza 887,335.06,4.2,Poliéster,2024-11-27
P0888,Calça Jogger Verde 888,288.32,4.6,Sarja,2025-07-04
P0889,Blusa Social Bege 889,244.52,4.6,Viscose,2021-08-24
P0890,Camisa Social Vermelha 890,238.3,4.3,Algodão,2024-02-11
P0891,Blazer Social Verde 891,394.39,4.4,Poliéster,2023-09-25
P0892,Jaqueta Corta-Vento Azul 892,318.34,3.7,Nylon,2026-01-23
P0893,Bermuda Cargo Rosa 893,201.68,4.5,Sarja,2024-11-29
P0894,Blusa Canelada Vermelha 894,378.02,3.6,Viscose,2026-05-29
P0895,Blazer Slim Bege 895,184.55,4.6,Poliéster,2021-02-22
P0896,Moletom Estampado Preta 896,373.08,4.0,Algodão/Poliéster,2023-07-16
P0897,Vestido Casual Vermelha 897,176.14,4.4,Viscose,2024-12-26
P0898,Camiseta Polo Amarela 898,152.65,3.7,Algodão,2021-07-04
P0899,Bermuda Moletom Branca 899,301.95,3.7,Sarja,2024-09-09
P0900,Camiseta Oversized Verde 900,301.95,4.6,Algodão,2022-04-24
P0901,Camiseta Oversized Rosa 901,321.24,4.6,Algodão,2021-06-03
P0902,Vestido Midi Bege 902,203.14,4.6,Viscose,2024-09-22
P0903,Camiseta Oversized Azul 903,44.87,4.7,Algodão,2023-06-02
P0904,Camiseta Estampada Bege 904,108.63,3.0,Algodão,2023-04-20
P0905,Conjunto Esportivo Verde 905,380.41,4.2,Poliéster,2022-11-05
P0906,Blazer Slim Verde 906,246.42,4.2,Poliéster,2024-11-18
P0907,Conjunto Casual Vermelha 907,77.52,4.9,Algodão,2024-07-04
P0908,Jaqueta Puffer Amarela 908,341.81,4.0,Poliéster,2024-10-11
P0909,Camisa Social Verde 909,255.45,3.4,Algodão,2025-06-18
P0910,Blazer Casual Bege 910,52.28,4.2,Poliéster,2024-06-06
P0911,Vestido Casual Verde 911,254.9,3.3,Viscose,2021-06-04
P0912,Conjunto Moletom Azul 912,336.38,4.3,Algodão/Poliéster,2021-11-23
P0913,Jaqueta Corta-Vento Azul 913,308.21,3.8,Nylon,2026-08-14
P0914,Camisa Linho Bege 914,76.41,4.8,Algodão,2022-08-15
P0915,Camisa Social Branca 915,158.54,4.7,Algodão,2023-06-04
P0916,Moletom Com Capuz Vermelha 916,130.43,4.4,Algodão/Poliéster,2023-02-21
P0917,Conjunto Esportivo Bege 917,306.77,4.3,Poliéster,2026-08-11
P0918,Bermuda Cargo Vermelha 918,333.88,4.9,Sarja,2025-09-02
P0919,Moletom Estampado Verde 919,102.04,4.1,Algodão/Poliéster,2023-09-28
P0920,Conjunto Moletom Cinza 920,183.07,3.7,Algodão/Poliéster,2024-11-12
P0921,Blusa Manga Longa Marrom 921,318.67,4.4,Viscose,2024-02-16
P0922,Regata Básica Azul 922,113.71,3.7,Algodão,2024-08-27
P0923,Blusa Manga Longa Cinza 923,276.52,4.2,Viscose,2026-05-28
P0924,Moletom Básico Bege 924,227.88,4.1,Algodão/Poliéster,2024-10-22
P0925,Blazer Slim Verde 925,247.09,4.4,Poliéster,2021-08-22
P0926,Vestido Floral Verde 926,208.21,4.9,Viscose,2023-11-08
P0927,Moletom Estampado Preta 927,310.99,4.2,Algodão/Poliéster,2025-08-23
P0928,Vestido Floral Rosa 928,264.37,3.5,Viscose,2021-03-23
P0929,Jaqueta Corta-Vento Preta 929,348.17,3.9,Nylon,2023-01-09
P0930,Blusa Canelada Vermelha 930,182.09,4.9,Viscose,2022-02-21
P0931,Camiseta Slim Azul 931,190.09,4.8,Algodão,2025-01-31
P0932,Saia Casual Azul 932,42.57,3.9,Poliéster,2021-10-18
P0933,Vestido Floral Marrom 933,186.19,4.5,Viscose,2024-07-15
P0934,Moletom Com Capuz Rosa 934,279.48,3.8,Algodão/Poliéster,2021-05-13
P0935,Vestido Longo Rosa 935,166.64,4.2,Viscose,2026-03-27
P0936,Bermuda Moletom Rosa 936,195.04,4.4,Sarja,2022-10-23
P0937,Regata Esportiva Cinza 937,227.47,4.3,Algodão,2023-04-24
P0938,Saia Midi Verde 938,285.89,4.0,Poliéster,2025-06-18
P0939,Vestido Longo Cinza 939,78.24,4.6,Viscose,2023-02-25
P0940,Bermuda Moletom Verde 940,133.5,4.3,Sarja,2021-08-27
P0941,Blusa Social Preta 941,91.64,3.7,Viscose,2026-02-16
P0942,Jaqueta Corta-Vento Marrom 942,186.25,3.8,Nylon,2021-08-19
P0943,Regata Básica Cinza 943,335.31,4.1,Algodão,2023-10-26
P0944,Camiseta Básica Rosa 944,47.06,4.3,Algodão,2021-09-15
P0945,Camisa Linho Verde 945,95.3,4.5,Algodão,2024-12-14
P0946,Jaqueta Puffer Preta 946,102.31,4.4,Poliéster,2022-07-13
P0947,Camiseta Slim Amarela 947,304.82,3.9,Algodão,2026-04-13
P0948,Jaqueta Jeans Amarela 948,319.57,4.2,Denim,2022-02-23
P0949,Moletom Básico Amarela 949,317.16,4.4,Algodão/Poliéster,2024-10-17
P0950,Conjunto Moletom Amarela 950,211.13,3.4,Algodão/Poliéster,2021-01-29
P0951,Camisa Manga Curta Azul 951,342.55,4.3,Algodão,2021-08-23
P0952,Vestido Midi Marrom 952,136.64,4.4,Viscose,2022-07-27
P0953,Moletom Básico Verde 953,154.3,4.7,Algodão/Poliéster,2026-01-03
P0954,Camiseta Oversized Vermelha 954,167.32,4.3,Algodão,2026-08-24
P0955,Blusa Social Marrom 955,390.43,3.5,Viscose,2024-06-23
P0956,Camiseta Slim Cinza 956,219.28,4.0,Algodão,2022-11-28
P0957,Moletom Básico Cinza 957,250.31,4.0,Algodão/Poliéster,2022-10-08
P0958,Conjunto Casual Preta 958,90.43,4.3,Algodão,2022-03-14
P0959,Blazer Casual Verde 959,137.2,4.2,Poliéster,2022-12-06
P0960,Conjunto Moletom Vermelha 960,388.9,3.9,Algodão/Poliéster,2023-10-23
P0961,Bermuda Moletom Marrom 961,140.83,4.7,Sarja,2024-11-18
P0962,Camiseta Oversized Vermelha 962,343.88,4.4,Algodão,2022-04-20
P0963,Camisa Manga Curta Rosa 963,209.52,4.5,Algodão,2021-03-16
P0964,Regata Esportiva Rosa 964,170.43,3.5,Algodão,2024-03-03
P0965,Conjunto Esportivo Branca 965,224.75,5.0,Poliéster,2022-05-18
P0966,Saia Plissada Marrom 966,299.69,4.4,Poliéster,2023-04-09
P0967,Blazer Slim Amarela 967,155.1,4.8,Poliéster,2025-01-12
P0968,Conjunto Casual Bege 968,290.58,4.4,Algodão,2026-01-30
P0969,Camisa Manga Curta Azul 969,127.99,3.9,Algodão,2024-01-11
P0970,Jaqueta Corta-Vento Bege 970,51.11,3.8,Nylon,2026-04-04
P0971,Saia Plissada Azul 971,205.23,3.7,Poliéster,2022-07-11
P0972,Blusa Social Marrom 972,115.42,4.5,Viscose,2025-01-15
P0973,Blazer Slim Bege 973,184.93,3.9,Poliéster,2026-07-20
P0974,Camisa Flanela Branca 974,173.65,4.8,Algodão,2022-03-23
P0975,Calça Social Marrom 975,220.13,4.2,Sarja,2025-03-08
P0976,Moletom Canguru Bege 976,336.3,4.5,Algodão/Poliéster,2023-09-08
P0977,Saia Jeans Bege 977,373.93,3.7,Poliéster,2025-12-28
P0978,Jaqueta Corta-Vento Rosa 978,300.88,4.3,Nylon,2022-09-24
P0979,Blusa Manga Longa Azul 979,358.11,4.8,Viscose,2026-06-11
P0980,Jaqueta Puffer Amarela 980,60.28,4.0,Poliéster,2025-07-10
P0981,Saia Plissada Verde 981,354.15,3.5,Poliéster,2024-12-29
P0982,Blazer Casual Rosa 982,59.93,4.5,Poliéster,2021-03-02
P0983,Blusa Básica Amarela 983,156.17,4.0,Viscose,2021-06-21
P0984,Moletom Básico Rosa 984,191.36,4.1,Algodão/Poliéster,2024-10-02
P0985,Regata Básica Marrom 985,234.58,4.5,Algodão,2023-09-18
P0986,Conjunto Moletom Rosa 986,309.52,4.1,Algodão/Poliéster,2022-10-31
P0987,Camisa Social Cinza 987,217.78,4.3,Algodão,2025-10-08
P0988,Camiseta Slim Amarela 988,148.8,3.6,Algodão,2023-09-23
P0989,Blazer Casual Bege 989,100.25,4.2,Poliéster,2023-08-08
P0990,Regata Básica Marrom 990,134.79,3.8,Algodão,2022-10-31
P0991,Regata Básica Azul 991,385.31,4.2,Algodão,2026-07-24
P0992,Conjunto Esportivo Bege 992,68.44,4.3,Poliéster,2023-01-25
P0993,Calça Cargo Branca 993,376.74,4.7,Sarja,2022-06-21
P0994,Conjunto Casual Preta 994,267.43,4.2,Algodão,2024-10-27
P0995,Regata Básica Azul 995,374.12,4.4,Algodão,2021-03-12
P0996,Conjunto Casual Marrom 996,271.59,4.7,Algodão,2024-05-17
P0997,Calça Sarja Azul 997,333.47,3.6,Sarja,2024-03-14
P0998,Camiseta Oversized Preta 998,369.45,3.7,Algodão,2022-05-21
P0999,Camisa Social Branca 999,56.85,4.7,Algodão,2025-05-11
P1000,Camisa Flanela Vermelha 1000,213.08,4.6,Algodão,2021-04-01
P1001,Saia Midi Vermelha 1001,138.86,4.7,Poliéster,2026-07-25
P1002,Blazer Casual Bege 1002,277.99,3.9,Poliéster,2025-11-07
P1003,Camiseta Estampada Cinza 1003,55.83,3.9,Algodão,2021-12-29
P1004,Blusa Social Rosa 1004,223.87,3.8,Viscose,2023-10-16
P1005,Blazer Slim Vermelha 1005,161.69,4.5,Poliéster,2022-02-12
P1006,Blazer Social Preta 1006,328.03,3.6,Poliéster,2024-07-04
P1007,Bermuda Cargo Branca 1007,156.15,4.5,Sarja,2022-12-31
P1008,Vestido Casual Cinza 1008,198.29,4.6,Viscose,2023-10-08
P1009,Conjunto Moletom Marrom 1009,212.14,4.0,Algodão/Poliéster,2026-06-03
P1010,Camisa Flanela Marrom 1010,138.49,4.4,Algodão,2024-07-04
P1011,Moletom Com Capuz Marrom 1011,233.36,3.9,Algodão/Poliéster,2025-11-30
P1012,Calça Jeans Verde 1012,62.9,5.0,Sarja,2024-07-21
P1013,Conjunto Casual Branca 1013,310.82,3.5,Algodão,2023-09-09
P1014,Jaqueta Bomber Preta 1014,111.34,3.8,Poliéster,2021-02-01
P1015,Vestido Floral Marrom 1015,256.53,4.1,Viscose,2021-07-04
P1016,Blazer Slim Amarela 1016,269.89,4.6,Poliéster,2024-01-09
P1017,Blusa Manga Longa Azul 1017,123.46,3.9,Viscose,2023-11-09
P1018,Moletom Com Capuz Cinza 1018,193.39,4.1,Algodão/Poliéster,2023-11-05
P1019,Blusa Social Preta 1019,369.29,4.7,Viscose,2025-10-16
P1020,Jaqueta Puffer Bege 1020,383.26,4.3,Poliéster,2021-07-18
P1021,Jaqueta Corta-Vento Amarela 1021,154.85,4.1,Nylon,2024-09-24
P1022,Jaqueta Puffer Marrom 1022,278.19,4.5,Poliéster,2025-03-24
P1023,Blusa Social Rosa 1023,294.21,3.9,Viscose,2024-08-28
P1024,Bermuda Cargo Rosa 1024,123.97,3.1,Sarja,2022-05-03
P1025,Blazer Slim Preta 1025,89.11,4.2,Poliéster,2023-04-21
P1026,Calça Jogger Marrom 1026,172.48,4.1,Sarja,2021-04-23
P1027,Bermuda Cargo Vermelha 1027,102.92,3.9,Sarja,2022-01-02
P1028,Calça Social Cinza 1028,64.73,3.8,Sarja,2025-07-20
P1029,Regata Básica Amarela 1029,195.73,4.9,Algodão,2024-07-01
P1030,Saia Jeans Rosa 1030,367.64,4.0,Poliéster,2025-11-25
P1031,Blusa Social Bege 1031,103.51,5.0,Viscose,2024-12-02
P1032,Calça Jogger Amarela 1032,168.33,4.2,Sarja,2022-05-13
P1033,Conjunto Esportivo Verde 1033,306.56,4.4,Poliéster,2025-08-10
P1034,Camisa Social Bege 1034,62.81,4.3,Algodão,2024-11-23
P1035,Bermuda Cargo Branca 1035,224.8,4.3,Sarja,2022-02-01
P1036,Calça Social Amarela 1036,238.55,3.6,Sarja,2021-01-11
P1037,Calça Cargo Verde 1037,341.5,3.4,Sarja,2025-04-30
P1038,Conjunto Esportivo Bege 1038,291.56,4.8,Poliéster,2025-02-01
P1039,Regata Básica Rosa 1039,331.81,4.5,Algodão,2021-07-05
P1040,Moletom Básico Azul 1040,252.84,4.2,Algodão/Poliéster,2023-08-20
P1041,Saia Plissada Vermelha 1041,389.49,4.0,Poliéster,2026-03-06
P1042,Camiseta Estampada Bege 1042,386.13,3.5,Algodão,2025-06-28
P1043,Blazer Slim Amarela 1043,301.26,3.4,Poliéster,2025-08-18
P1044,Camisa Manga Curta Azul 1044,81.87,4.6,Algodão,2023-03-25
P1045,Blusa Básica Branca 1045,255.82,4.0,Viscose,2021-09-08
P1046,Saia Casual Bege 1046,196.68,4.5,Poliéster,2022-12-28
P1047,Vestido Floral Vermelha 1047,139.94,4.4,Viscose,2024-11-22
P1048,Camiseta Estampada Azul 1048,88.01,4.1,Algodão,2025-10-06
P1049,Camisa Social Branca 1049,363.77,3.9,Algodão,2024-08-25
P1050,Jaqueta Puffer Bege 1050,239.24,4.7,Poliéster,2021-03-21
P1051,Camisa Social Branca 1051,210.67,3.9,Algodão,2024-05-06
P1052,Blusa Manga Longa Cinza 1052,93.8,4.0,Viscose,2022-01-23
P1053,Calça Jogger Verde 1053,49.58,5.0,Sarja,2024-06-15
P1054,Bermuda Cargo Vermelha 1054,319.57,4.0,Sarja,2023-05-03
P1055,Saia Plissada Bege 1055,357.31,4.7,Poliéster,2024-01-08
P1056,Bermuda Esportiva Preta 1056,79.52,3.9,Sarja,2024-05-18
P1057,Bermuda Esportiva Vermelha 1057,63.83,4.6,Sarja,2024-08-13
P1058,Camisa Linho Bege 1058,361.61,4.0,Algodão,2021-01-11
P1059,Bermuda Cargo Rosa 1059,286.61,3.9,Sarja,2026-06-23
P1060,Saia Plissada Branca 1060,147.41,4.6,Poliéster,2024-04-04
P1061,Regata Esportiva Preta 1061,390.11,4.3,Algodão,2023-11-16
P1062,Blazer Social Cinza 1062,62.78,4.2,Poliéster,2023-02-23
P1063,Moletom Com Capuz Verde 1063,354.9,3.9,Algodão/Poliéster,2021-08-05
P1064,Saia Casual Azul 1064,104.9,4.5,Poliéster,2024-07-27
P1065,Camiseta Polo Rosa 1065,311.71,4.1,Algodão,2023-01-22
P1066,Jaqueta Jeans Verde 1066,372.95,4.1,Denim,2026-02-20
P1067,Blazer Slim Cinza 1067,287.09,5.0,Poliéster,2024-09-23
P1068,Moletom Canguru Azul 1068,168.64,4.8,Algodão/Poliéster,2023-07-02
P1069,Camisa Manga Curta Marrom 1069,226.04,4.7,Algodão,2021-03-07
P1070,Camisa Linho Vermelha 1070,62.77,4.3,Algodão,2024-02-22
P1071,Camiseta Slim Cinza 1071,142.65,4.2,Algodão,2025-10-15
P1072,Blusa Básica Bege 1072,192.87,4.1,Viscose,2023-08-16
P1073,Regata Esportiva Marrom 1073,58.48,4.2,Algodão,2024-09-07
P1074,Calça Sarja Rosa 1074,387.31,4.5,Sarja,2021-09-03
P1075,Calça Jogger Branca 1075,377.69,4.4,Sarja,2023-04-22
P1076,Moletom Canguru Bege 1076,213.2,3.7,Algodão/Poliéster,2025-06-29
P1077,Camiseta Oversized Marrom 1077,67.84,4.6,Algodão,2023-05-27
P1078,Blusa Manga Longa Preta 1078,261.35,3.8,Viscose,2026-01-06
P1079,Saia Plissada Azul 1079,158.94,4.6,Poliéster,2023-04-28
P1080,Blusa Manga Longa Bege 1080,271.13,4.2,Viscose,2025-08-06
P1081,Saia Midi Vermelha 1081,372.72,4.2,Poliéster,2024-08-25
P1082,Blazer Slim Cinza 1082,379.04,4.6,Poliéster,2026-05-15
P1083,Camiseta Oversized Preta 1083,58.91,4.9,Algodão,2024-01-08
P1084,Jaqueta Jeans Azul 1084,385.12,3.9,Denim,2023-08-27
P1085,Conjunto Casual Cinza 1085,367.48,4.4,Algodão,2023-01-02
P1086,Camiseta Polo Azul 1086,100.45,4.2,Algodão,2024-09-11
P1087,Bermuda Jeans Bege 1087,187.09,4.0,Sarja,2026-07-21
P1088,Camiseta Básica Cinza 1088,67.04,4.0,Algodão,2021-12-15
P1089,Bermuda Jeans Branca 1089,393.82,4.8,Sarja,2026-04-22
P1090,Saia Casual Vermelha 1090,113.99,4.2,Poliéster,2026-07-15
P1091,Bermuda Cargo Verde 1091,53.35,4.0,Sarja,2025-05-11
P1092,Vestido Midi Amarela 1092,86.88,4.2,Viscose,2024-04-16
P1093,Saia Midi Preta 1093,74.32,4.1,Poliéster,2025-11-21
P1094,Conjunto Casual Amarela 1094,312.6,4.4,Algodão,2022-06-26
P1095,Jaqueta Bomber Marrom 1095,150.33,4.1,Poliéster,2024-08-04
P1096,Jaqueta Jeans Vermelha 1096,121.92,4.4,Denim,2025-07-25
P1097,Saia Jeans Vermelha 1097,96.9,4.5,Poliéster,2025-07-25
P1098,Blazer Casual Verde 1098,160.69,4.7,Poliéster,2024-04-28
P1099,Vestido Midi Vermelha 1099,149.44,3.7,Viscose,2023-03-09
P1100,Regata Esportiva Verde 1100,318.01,4.1,Algodão,2026-05-19
P1101,Camiseta Estampada Verde 1101,250.01,4.7,Algodão,2024-10-25
P1102,Saia Casual Vermelha 1102,136.24,4.2,Poliéster,2025-05-13
P1103,Camisa Linho Vermelha 1103,197.32,3.5,Algodão,2024-07-13
P1104,Blusa Básica Vermelha 1104,139.52,3.7,Viscose,2025-12-21
P1105,Vestido Midi Amarela 1105,209.78,4.0,Viscose,2023-09-16
P1106,Jaqueta Bomber Bege 1106,340.44,4.8,Poliéster,2024-02-06
P1107,Saia Casual Cinza 1107,332.97,4.6,Poliéster,2025-07-22
P1108,Camisa Social Verde 1108,215.55,5.0,Algodão,2023-12-07
P1109,Vestido Midi Marrom 1109,61.71,3.6,Viscose,2022-05-22
P1110,Saia Casual Verde 1110,77.78,2.9,Poliéster,2025-04-16
P1111,Jaqueta Corta-Vento Bege 1111,345.54,4.5,Nylon,2023-02-16
P1112,Blazer Social Azul 1112,143.78,2.9,Poliéster,2021-08-06
P1113,Moletom Estampado Bege 1113,298.98,4.8,Algodão/Poliéster,2023-02-11
P1114,Conjunto Moletom Cinza 1114,114.92,3.6,Algodão/Poliéster,2021-04-22
P1115,Saia Midi Amarela 1115,238.42,3.9,Poliéster,2025-12-23
P1116,Vestido Midi Azul 1116,144.17,4.8,Viscose,2026-07-29
P1117,Saia Casual Amarela 1117,94.16,3.8,Poliéster,2022-07-06
P1118,Calça Jogger Rosa 1118,69.35,3.7,Sarja,2026-03-11
P1119,Blazer Social Vermelha 1119,308.08,3.6,Poliéster,2025-01-11
P1120,Regata Básica Cinza 1120,137.62,4.6,Algodão,2026-06-01
P1121,Regata Esportiva Marrom 1121,309.57,4.1,Algodão,2021-12-03
P1122,Jaqueta Jeans Bege 1122,322.43,3.8,Denim,2021-05-10
P1123,Moletom Estampado Amarela 1123,269.91,4.6,Algodão/Poliéster,2026-03-20
P1124,Camisa Social Bege 1124,74.53,4.7,Algodão,2022-07-12
P1125,Regata Básica Branca 1125,181.61,3.7,Algodão,2024-05-18
P1126,Regata Canelada Vermelha 1126,289.97,4.5,Algodão,2026-02-09
P1127,Blusa Canelada Rosa 1127,86.99,4.4,Viscose,2022-12-11
P1128,Camiseta Oversized Azul 1128,318.91,4.4,Algodão,2021-07-05
P1129,Moletom Estampado Rosa 1129,385.11,3.2,Algodão/Poliéster,2025-06-26
P1130,Blazer Slim Marrom 1130,362.55,4.0,Poliéster,2023-07-24
P1131,Jaqueta Jeans Azul 1131,392.42,4.5,Denim,2021-02-16
P1132,Moletom Estampado Vermelha 1132,253.08,4.0,Algodão/Poliéster,2022-12-08
P1133,Saia Midi Cinza 1133,271.18,5.0,Poliéster,2024-01-02
P1134,Bermuda Cargo Bege 1134,343.18,4.0,Sarja,2025-12-26
P1135,Jaqueta Corta-Vento Amarela 1135,79.1,5.0,Nylon,2022-04-14
P1136,Bermuda Moletom Preta 1136,117.38,4.4,Sarja,2023-12-08
P1137,Conjunto Moletom Branca 1137,105.25,3.9,Algodão/Poliéster,2022-01-11
P1138,Saia Casual Verde 1138,244.08,4.6,Poliéster,2022-08-24
P1139,Conjunto Moletom Bege 1139,285.39,4.5,Algodão/Poliéster,2022-06-30
P1140,Regata Básica Vermelha 1140,158.21,4.2,Algodão,2023-12-21
P1141,Saia Jeans Azul 1141,165.87,4.2,Poliéster,2024-10-04
P1142,Camisa Social Branca 1142,184.39,4.1,Algodão,2021-08-21
P1143,Moletom Básico Branca 1143,109.99,3.7,Algodão/Poliéster,2021-06-06
P1144,Jaqueta Bomber Verde 1144,117.46,4.7,Poliéster,2025-02-21
P1145,Blusa Canelada Verde 1145,231.95,4.0,Viscose,2022-09-01
P1146,Calça Jogger Preta 1146,337.09,3.6,Sarja,2024-07-03
P1147,Calça Jeans Branca 1147,351.29,4.1,Sarja,2021-06-08
P1148,Blusa Canelada Preta 1148,66.51,4.2,Viscose,2024-05-27
P1149,Calça Social Preta 1149,391.02,4.8,Sarja,2026-02-25
P1150,Camisa Social Preta 1150,57.02,3.9,Algodão,2023-06-25
P1151,Bermuda Jeans Azul 1151,230.57,5.0,Sarja,2024-04-10
P1152,Saia Casual Branca 1152,185.41,4.1,Poliéster,2022-09-01
P1153,Calça Sarja Amarela 1153,54.14,4.2,Sarja,2022-08-15
P1154,Moletom Canguru Branca 1154,383.62,4.3,Algodão/Poliéster,2021-05-16
P1155,Blazer Social Verde 1155,239.17,3.9,Poliéster,2023-09-19
P1156,Bermuda Jeans Vermelha 1156,154.83,4.4,Sarja,2026-05-14
P1157,Blusa Manga Longa Rosa 1157,341.34,4.3,Viscose,2021-08-29
P1158,Camisa Social Vermelha 1158,371.38,4.1,Algodão,2023-05-12
P1159,Blusa Manga Longa Branca 1159,324.56,4.4,Viscose,2025-09-28
P1160,Calça Cargo Azul 1160,321.67,4.8,Sarja,2023-10-24
P1161,Camiseta Estampada Verde 1161,366.14,4.6,Algodão,2025-04-23
P1162,Conjunto Moletom Azul 1162,389.33,3.4,Algodão/Poliéster,2023-02-17
P1163,Calça Jogger Branca 1163,82.82,4.1,Sarja,2024-05-31
P1164,Regata Esportiva Verde 1164,154.06,5.0,Algodão,2026-08-06
P1165,Calça Sarja Vermelha 1165,389.01,3.7,Sarja,2024-05-22
P1166,Blusa Social Rosa 1166,176.9,4.4,Viscose,2025-07-06
P1167,Calça Cargo Marrom 1167,323.8,4.0,Sarja,2024-12-06
P1168,Calça Jeans Rosa 1168,148.5,4.9,Sarja,2021-07-18
P1169,Saia Jeans Amarela 1169,399.45,4.1,Poliéster,2021-11-28
P1170,Bermuda Cargo Azul 1170,82.73,4.2,Sarja,2024-06-12
P1171,Blazer Slim Branca 1171,371.13,4.4,Poliéster,2022-12-22
P1172,Jaqueta Bomber Preta 1172,187.85,3.6,Poliéster,2023-09-30
P1173,Bermuda Esportiva Branca 1173,186.25,3.2,Sarja,2023-09-28
P1174,Moletom Com Capuz Cinza 1174,100.1,3.9,Algodão/Poliéster,2025-06-30
P1175,Blusa Social Branca 1175,40.63,4.9,Viscose,2026-08-13
P1176,Conjunto Esportivo Verde 1176,215.06,4.6,Poliéster,2026-08-26
P1177,Blusa Social Marrom 1177,229.16,3.3,Viscose,2021-06-14
P1178,Vestido Floral Bege 1178,257.52,3.0,Viscose,2025-03-20
P1179,Camisa Flanela Preta 1179,50.93,4.2,Algodão,2025-02-09
P1180,Calça Sarja Cinza 1180,195.67,3.9,Sarja,2025-11-25
P1181,Saia Midi Cinza 1181,170.96,4.8,Poliéster,2023-06-02
P1182,Regata Esportiva Azul 1182,346.53,4.5,Algodão,2023-11-06
P1183,Calça Social Azul 1183,180.2,4.8,Sarja,2023-07-24
P1184,Bermuda Moletom Bege 1184,172.0,4.2,Sarja,2023-02-12
P1185,Blusa Manga Longa Preta 1185,69.78,5.0,Viscose,2022-05-26
P1186,Conjunto Esportivo Branca 1186,341.88,5.0,Poliéster,2024-08-23
P1187,Regata Canelada Bege 1187,349.91,4.3,Algodão,2021-02-04
P1188,Moletom Básico Marrom 1188,200.13,4.6,Algodão/Poliéster,2025-03-31
P1189,Camiseta Oversized Bege 1189,234.84,3.4,Algodão,2025-10-08
P1190,Camiseta Polo Branca 1190,214.81,4.2,Algodão,2022-04-16
P1191,Saia Midi Vermelha 1191,220.44,4.2,Poliéster,2022-03-18
P1192,Calça Jeans Cinza 1192,353.17,4.1,Sarja,2023-11-08
P1193,Bermuda Cargo Azul 1193,102.9,4.0,Sarja,2025-10-18
P1194,Bermuda Moletom Preta 1194,232.88,3.4,Sarja,2021-08-24
P1195,Regata Básica Cinza 1195,399.87,4.4,Algodão,2023-06-13
P1196,Camisa Linho Preta 1196,40.36,4.9,Algodão,2022-03-24
P1197,Regata Esportiva Rosa 1197,257.82,4.6,Algodão,2025-10-29
P1198,Calça Cargo Cinza 1198,360.27,4.4,Sarja,2025-12-30
P1199,Jaqueta Bomber Preta 1199,337.28,4.4,Poliéster,2021-06-24
P1200,Vestido Midi Cinza 1200,388.09,5.0,Viscose,2021-10-27
P1201,Bermuda Cargo Preta 1201,324.86,3.9,Sarja,2021-11-22
P1202,Saia Plissada Branca 1202,270.14,4.6,Poliéster,2025-08-06
P1203,Blusa Manga Longa Amarela 1203,313.2,4.1,Viscose,2026-02-07
P1204,Regata Básica Preta 1204,85.85,3.4,Algodão,2023-02-10
P1205,Camiseta Polo Branca 1205,263.84,4.0,Algodão,2021-11-22
P1206,Blazer Social Vermelha 1206,148.36,3.6,Poliéster,2024-10-04
P1207,Bermuda Jeans Verde 1207,143.55,3.7,Sarja,2026-01-17
P1208,Regata Esportiva Rosa 1208,143.52,4.4,Algodão,2026-02-27
P1209,Camiseta Estampada Branca 1209,270.86,4.1,Algodão,2023-07-10
P1210,Conjunto Casual Amarela 1210,120.28,3.7,Algodão,2025-06-04
P1211,Blusa Manga Longa Vermelha 1211,207.18,4.7,Viscose,2026-06-01
P1212,Camisa Social Azul 1212,74.94,4.5,Algodão,2025-09-05
P1213,Blazer Social Verde 1213,375.12,3.7,Poliéster,2023-09-10
P1214,Jaqueta Puffer Amarela 1214,247.16,4.1,Poliéster,2022-06-25
P1215,Vestido Longo Rosa 1215,322.23,4.6,Viscose,2023-02-09
P1216,Camisa Linho Preta 1216,236.0,4.1,Algodão,2023-01-19
P1217,Blazer Slim Bege 1217,256.89,4.8,Poliéster,2026-08-06
P1218,Saia Jeans Verde 1218,169.24,4.6,Poliéster,2025-02-25
P1219,Regata Esportiva Preta 1219,175.71,4.8,Algodão,2025-11-12
P1220,Blazer Slim Bege 1220,159.26,3.9,Poliéster,2025-05-28
P1221,Moletom Com Capuz Rosa 1221,361.62,4.3,Algodão/Poliéster,2023-09-13
P1222,Calça Social Cinza 1222,91.7,3.4,Sarja,2025-06-23
P1223,Saia Jeans Verde 1223,251.49,4.8,Poliéster,2024-08-17
P1224,Regata Básica Azul 1224,168.68,3.9,Algodão,2025-03-12
P1225,Jaqueta Puffer Bege 1225,261.65,3.8,Poliéster,2022-09-15
P1226,Bermuda Esportiva Verde 1226,136.87,3.4,Sarja,2022-04-25
P1227,Bermuda Moletom Preta 1227,231.24,4.5,Sarja,2022-01-08
P1228,Conjunto Moletom Vermelha 1228,307.72,4.5,Algodão/Poliéster,2022-08-22
P1229,Moletom Básico Preta 1229,138.51,4.1,Algodão/Poliéster,2026-07-18
P1230,Blusa Canelada Verde 1230,79.72,4.1,Viscose,2026-05-04
P1231,Saia Jeans Cinza 1231,232.35,4.5,Poliéster,2021-10-30
P1232,Vestido Floral Verde 1232,344.4,4.2,Viscose,2024-02-20
P1233,Bermuda Esportiva Amarela 1233,331.14,4.2,Sarja,2026-04-30
P1234,Camiseta Estampada Verde 1234,99.14,3.9,Algodão,2025-04-10
P1235,Jaqueta Corta-Vento Azul 1235,263.31,4.3,Nylon,2024-06-20
P1236,Vestido Longo Cinza 1236,105.16,4.3,Viscose,2024-05-24
P1237,Conjunto Casual Azul 1237,229.03,4.4,Algodão,2022-11-06
P1238,Jaqueta Jeans Verde 1238,47.19,4.5,Denim,2026-03-28
P1239,Saia Midi Amarela 1239,255.93,3.7,Poliéster,2021-06-21
P1240,Blusa Canelada Branca 1240,214.63,4.8,Viscose,2025-12-03
P1241,Bermuda Jeans Verde 1241,71.22,4.1,Sarja,2025-12-08
P1242,Blusa Canelada Branca 1242,169.21,4.3,Viscose,2022-06-25
P1243,Saia Casual Amarela 1243,115.47,4.5,Poliéster,2023-11-26
P1244,Camiseta Oversized Vermelha 1244,394.93,4.6,Algodão,2026-01-05
P1245,Jaqueta Jeans Vermelha 1245,250.99,3.6,Denim,2023-09-09
P1246,Regata Básica Verde 1246,231.29,4.6,Algodão,2022-09-13
P1247,Bermuda Cargo Preta 1247,190.38,4.1,Sarja,2021-05-25
P1248,Conjunto Casual Preta 1248,78.15,4.3,Algodão,2023-07-02
P1249,Vestido Midi Rosa 1249,257.41,4.6,Viscose,2022-07-29
P1250,Calça Sarja Preta 1250,40.64,4.1,Sarja,2025-10-28
P1251,Camisa Linho Bege 1251,75.7,4.0,Algodão,2025-11-17
P1252,Bermuda Cargo Cinza 1252,175.47,4.2,Sarja,2022-11-02
P1253,Blusa Manga Longa Marrom 1253,306.29,3.9,Viscose,2022-03-12
P1254,Vestido Longo Preta 1254,301.65,3.7,Viscose,2022-08-25
P1255,Bermuda Cargo Preta 1255,142.74,3.9,Sarja,2023-04-12
P1256,Vestido Midi Azul 1256,307.34,4.6,Viscose,2024-10-15
P1257,Conjunto Esportivo Rosa 1257,369.68,4.5,Poliéster,2021-11-12
P1258,Regata Básica Verde 1258,159.24,4.1,Algodão,2026-08-31
P1259,Jaqueta Puffer Preta 1259,321.55,5.0,Poliéster,2024-12-19
P1260,Calça Sarja Verde 1260,380.09,3.8,Sarja,2021-09-29
P1261,Blazer Slim Branca 1261,281.13,4.8,Poliéster,2022-10-14
P1262,Blusa Básica Bege 1262,296.04,4.0,Viscose,2024-12-21
P1263,Conjunto Esportivo Bege 1263,63.98,4.6,Poliéster,2023-11-09
P1264,Camiseta Slim Azul 1264,239.26,4.5,Algodão,2023-12-27
P1265,Blusa Manga Longa Bege 1265,278.29,3.7,Viscose,2021-03-27
P1266,Blazer Casual Preta 1266,96.02,4.3,Poliéster,2023-04-30
P1267,Saia Casual Marrom 1267,284.61,4.9,Poliéster,2024-06-25
P1268,Blusa Manga Longa Bege 1268,266.41,3.8,Viscose,2025-04-01
P1269,Vestido Midi Azul 1269,94.32,4.3,Viscose,2023-07-14
P1270,Conjunto Esportivo Branca 1270,233.99,4.1,Poliéster,2024-02-22
P1271,Bermuda Esportiva Marrom 1271,299.27,4.2,Sarja,2022-04-05
P1272,Conjunto Casual Cinza 1272,188.97,4.4,Algodão,2025-07-09
P1273,Moletom Canguru Amarela 1273,152.06,4.2,Algodão/Poliéster,2024-12-14
P1274,Camiseta Básica Preta 1274,377.93,4.3,Algodão,2025-03-20
P1275,Jaqueta Corta-Vento Vermelha 1275,292.99,5.0,Nylon,2024-10-14
P1276,Calça Cargo Azul 1276,133.38,3.9,Sarja,2026-08-01
P1277,Regata Esportiva Bege 1277,260.44,4.8,Algodão,2025-12-26
P1278,Bermuda Esportiva Marrom 1278,296.8,4.8,Sarja,2025-08-05
P1279,Jaqueta Puffer Bege 1279,163.2,4.6,Poliéster,2022-11-25
P1280,Calça Jogger Vermelha 1280,370.87,4.4,Sarja,2021-05-19
P1281,Moletom Básico Bege 1281,329.28,4.4,Algodão/Poliéster,2021-01-02
P1282,Bermuda Esportiva Bege 1282,145.32,3.4,Sarja,2025-06-01
P1283,Jaqueta Bomber Branca 1283,329.87,4.6,Poliéster,2026-02-04
P1284,Blusa Canelada Verde 1284,153.63,3.6,Viscose,2024-09-06
P1285,Jaqueta Puffer Cinza 1285,282.05,5.0,Poliéster,2025-01-31
P1286,Vestido Floral Amarela 1286,208.83,3.8,Viscose,2021-07-05
P1287,Regata Esportiva Amarela 1287,193.21,4.5,Algodão,2024-03-15
P1288,Bermuda Moletom Amarela 1288,143.57,4.1,Sarja,2024-06-06
P1289,Moletom Estampado Azul 1289,153.26,4.4,Algodão/Poliéster,2021-11-21
P1290,Saia Midi Amarela 1290,190.67,3.5,Poliéster,2025-04-03
P1291,Calça Cargo Preta 1291,351.79,4.9,Sarja,2022-11-25
P1292,Bermuda Esportiva Bege 1292,295.85,4.7,Sarja,2022-02-12
P1293,Blazer Social Preta 1293,260.9,5.0,Poliéster,2024-12-10
P1294,Camisa Flanela Verde 1294,286.43,4.2,Algodão,2023-06-19
P1295,Bermuda Jeans Verde 1295,197.25,4.5,Sarja,2024-01-15
P1296,Conjunto Esportivo Preta 1296,106.88,4.3,Poliéster,2024-01-28
P1297,Blusa Básica Marrom 1297,394.13,3.9,Viscose,2024-07-12
P1298,Blazer Casual Preta 1298,143.17,4.0,Poliéster,2023-05-05
P1299,Camisa Manga Curta Azul 1299,174.39,4.7,Algodão,2025-08-13
P1300,Regata Esportiva Preta 1300,205.12,4.4,Algodão,2025-12-18
P1301,Regata Básica Branca 1301,145.24,4.9,Algodão,2023-09-28
P1302,Regata Canelada Azul 1302,318.6,4.5,Algodão,2021-12-16
P1303,Bermuda Jeans Amarela 1303,291.44,4.9,Sarja,2022-08-01
P1304,Moletom Com Capuz Branca 1304,298.3,3.9,Algodão/Poliéster,2025-05-16
P1305,Blazer Social Preta 1305,182.25,4.5,Poliéster,2022-06-15
P1306,Saia Midi Azul 1306,345.43,4.4,Poliéster,2025-05-29
P1307,Saia Midi Preta 1307,80.52,3.5,Poliéster,2024-10-01
P1308,Bermuda Cargo Preta 1308,335.71,4.8,Sarja,2023-07-16
P1309,Blazer Casual Marrom 1309,145.08,3.5,Poliéster,2021-09-19
P1310,Moletom Canguru Bege 1310,334.06,4.4,Algodão/Poliéster,2024-01-22
P1311,Jaqueta Corta-Vento Vermelha 1311,192.13,3.4,Nylon,2024-12-04
P1312,Blusa Básica Preta 1312,380.82,3.2,Viscose,2021-11-14
P1313,Blazer Casual Amarela 1313,185.87,4.2,Poliéster,2025-09-03
P1314,Blazer Casual Branca 1314,290.93,3.6,Poliéster,2022-02-08
P1315,Conjunto Casual Verde 1315,258.27,4.8,Algodão,2023-05-04
P1316,Moletom Estampado Amarela 1316,87.81,3.8,Algodão/Poliéster,2024-01-06
P1317,Saia Plissada Amarela 1317,297.37,4.1,Poliéster,2025-03-10
P1318,Camiseta Básica Vermelha 1318,92.31,3.7,Algodão,2022-04-10
P1319,Calça Sarja Vermelha 1319,174.61,3.7,Sarja,2022-11-26
P1320,Conjunto Moletom Branca 1320,78.88,4.0,Algodão/Poliéster,2025-07-27
P1321,Blusa Social Marrom 1321,297.44,4.6,Viscose,2022-11-13
P1322,Blazer Casual Preta 1322,234.62,5.0,Poliéster,2024-06-28
P1323,Blazer Casual Amarela 1323,269.91,4.6,Poliéster,2023-04-04
P1324,Blazer Casual Preta 1324,142.8,4.1,Poliéster,2021-04-28
P1325,Camiseta Polo Vermelha 1325,62.89,4.1,Algodão,2023-12-01
P1326,Saia Casual Marrom 1326,162.27,3.9,Poliéster,2023-01-11
P1327,Jaqueta Jeans Verde 1327,225.32,3.5,Denim,2022-07-03
P1328,Jaqueta Puffer Verde 1328,204.81,4.2,Poliéster,2025-11-12
P1329,Camiseta Slim Preta 1329,77.02,4.4,Algodão,2025-05-21
P1330,Saia Plissada Bege 1330,141.36,4.9,Poliéster,2022-07-29
P1331,Blusa Social Preta 1331,72.74,4.8,Viscose,2023-12-20
P1332,Camisa Social Azul 1332,359.79,4.4,Algodão,2025-01-29
P1333,Saia Midi Rosa 1333,292.52,3.6,Poliéster,2021-04-21
P1334,Saia Jeans Branca 1334,171.59,4.7,Poliéster,2021-07-14
P1335,Regata Esportiva Branca 1335,70.57,4.0,Algodão,2024-01-23
P1336,Camisa Manga Curta Bege 1336,197.77,3.6,Algodão,2026-04-10
P1337,Jaqueta Corta-Vento Azul 1337,188.88,3.9,Nylon,2026-04-03
P1338,Blusa Manga Longa Cinza 1338,351.24,3.6,Viscose,2023-07-19
P1339,Jaqueta Bomber Vermelha 1339,131.91,5.0,Poliéster,2024-12-27
P1340,Conjunto Casual Branca 1340,251.6,3.8,Algodão,2023-10-15
P1341,Bermuda Moletom Vermelha 1341,171.21,4.5,Sarja,2026-02-15
P1342,Jaqueta Corta-Vento Amarela 1342,276.11,4.3,Nylon,2024-03-24
P1343,Moletom Canguru Bege 1343,183.96,3.7,Algodão/Poliéster,2026-01-19
P1344,Bermuda Jeans Rosa 1344,365.85,4.1,Sarja,2023-01-22
P1345,Camiseta Básica Cinza 1345,234.09,3.9,Algodão,2026-04-11
P1346,Moletom Estampado Bege 1346,237.2,4.0,Algodão/Poliéster,2025-02-09
P1347,Jaqueta Jeans Azul 1347,323.83,4.1,Denim,2025-05-08
P1348,Vestido Midi Azul 1348,364.24,3.8,Viscose,2021-01-31
P1349,Saia Casual Amarela 1349,241.56,4.4,Poliéster,2025-07-27
P1350,Conjunto Moletom Verde 1350,153.9,3.7,Algodão/Poliéster,2021-12-02
P1351,Blazer Slim Azul 1351,155.08,3.6,Poliéster,2026-04-22
P1352,Regata Esportiva Verde 1352,193.43,4.3,Algodão,2022-01-26
P1353,Regata Esportiva Vermelha 1353,378.8,4.2,Algodão,2025-09-05
P1354,Camiseta Slim Amarela 1354,372.49,4.8,Algodão,2024-08-07
P1355,Camiseta Oversized Vermelha 1355,239.91,4.8,Algodão,2023-03-24
P1356,Blazer Slim Rosa 1356,325.51,3.3,Poliéster,2026-01-17
P1357,Calça Jeans Marrom 1357,145.2,4.4,Sarja,2023-03-15
P1358,Vestido Midi Rosa 1358,274.79,4.5,Viscose,2021-05-12
P1359,Camisa Social Preta 1359,199.23,4.1,Algodão,2021-06-06
P1360,Calça Cargo Branca 1360,57.2,4.8,Sarja,2025-10-30
P1361,Bermuda Cargo Verde 1361,282.95,4.9,Sarja,2023-03-07
P1362,Blusa Canelada Preta 1362,165.47,3.8,Viscose,2025-08-23
P1363,Blazer Casual Rosa 1363,394.66,3.5,Poliéster,2021-02-11
P1364,Calça Sarja Bege 1364,376.38,4.0,Sarja,2021-06-08
P1365,Blusa Manga Longa Bege 1365,171.22,3.7,Viscose,2026-08-07
P1366,Camisa Manga Curta Cinza 1366,317.78,3.8,Algodão,2021-10-24
P1367,Moletom Básico Amarela 1367,259.28,4.5,Algodão/Poliéster,2024-11-23
P1368,Conjunto Esportivo Marrom 1368,347.59,4.5,Poliéster,2022-12-26
P1369,Camiseta Básica Amarela 1369,296.72,5.0,Algodão,2023-11-01
P1370,Bermuda Cargo Verde 1370,380.09,4.7,Sarja,2021-08-26
P1371,Blazer Social Vermelha 1371,320.82,4.2,Poliéster,2022-07-07
P1372,Camisa Flanela Azul 1372,85.69,4.4,Algodão,2025-04-18
P1373,Moletom Canguru Amarela 1373,293.13,4.3,Algodão/Poliéster,2024-01-14
P1374,Blusa Manga Longa Cinza 1374,289.48,3.9,Viscose,2023-11-09
P1375,Camiseta Básica Cinza 1375,217.32,4.3,Algodão,2026-05-09
P1376,Conjunto Casual Branca 1376,69.64,4.4,Algodão,2023-04-30
P1377,Blazer Slim Preta 1377,64.83,4.2,Poliéster,2025-07-21
P1378,Blazer Slim Bege 1378,43.11,4.0,Poliéster,2025-02-08
P1379,Vestido Midi Verde 1379,343.99,4.2,Viscose,2023-08-12
P1380,Vestido Floral Marrom 1380,370.56,4.4,Viscose,2022-08-30
P1381,Regata Canelada Vermelha 1381,168.84,4.6,Algodão,2023-01-03
P1382,Calça Sarja Azul 1382,78.71,3.8,Sarja,2025-12-09
P1383,Calça Jogger Bege 1383,127.19,4.0,Sarja,2022-09-25
P1384,Blazer Casual Bege 1384,394.48,4.0,Poliéster,2024-09-15
P1385,Jaqueta Corta-Vento Preta 1385,355.47,4.5,Nylon,2021-09-15
P1386,Calça Social Azul 1386,334.12,3.9,Sarja,2022-12-18
P1387,Regata Básica Verde 1387,181.32,4.5,Algodão,2026-04-18
P1388,Vestido Longo Amarela 1388,364.49,4.8,Viscose,2024-01-22
P1389,Bermuda Moletom Preta 1389,54.08,4.2,Sarja,2025-08-29
P1390,Camiseta Estampada Preta 1390,236.5,4.2,Algodão,2022-06-21
P1391,Conjunto Casual Bege 1391,324.27,4.1,Algodão,2025-04-24
P1392,Vestido Casual Amarela 1392,48.57,4.3,Viscose,2026-07-31
P1393,Bermuda Esportiva Branca 1393,184.13,3.9,Sarja,2026-03-30
P1394,Conjunto Moletom Preta 1394,356.38,4.2,Algodão/Poliéster,2023-06-21
P1395,Jaqueta Bomber Bege 1395,344.11,4.0,Poliéster,2024-11-11
P1396,Jaqueta Puffer Amarela 1396,296.5,4.4,Poliéster,2026-01-30
P1397,Camiseta Básica Preta 1397,60.37,4.0,Algodão,2025-08-11
P1398,Camiseta Slim Preta 1398,229.38,4.0,Algodão,2026-07-17
P1399,Regata Esportiva Marrom 1399,80.92,4.1,Algodão,2021-03-06
P1400,Camiseta Polo Marrom 1400,388.08,4.5,Algodão,2024-01-14
P1401,Jaqueta Bomber Verde 1401,63.11,4.8,Poliéster,2025-06-26
P1402,Regata Canelada Azul 1402,264.9,5.0,Algodão,2025-02-19
P1403,Camiseta Polo Vermelha 1403,267.91,4.5,Algodão,2021-11-14
P1404,Saia Casual Branca 1404,127.18,4.0,Poliéster,2024-03-29
P1405,Conjunto Moletom Marrom 1405,323.89,4.4,Algodão/Poliéster,2021-12-09
P1406,Calça Cargo Azul 1406,282.68,4.1,Sarja,2021-07-09
P1407,Camisa Linho Rosa 1407,361.79,4.3,Algodão,2021-08-19
P1408,Moletom Estampado Preta 1408,353.75,4.5,Algodão/Poliéster,2026-05-25
P1409,Calça Jeans Cinza 1409,285.02,4.1,Sarja,2022-07-17
P1410,Jaqueta Corta-Vento Preta 1410,350.23,3.3,Nylon,2023-08-03
P1411,Camisa Manga Curta Amarela 1411,221.28,4.7,Algodão,2022-06-15
P1412,Bermuda Jeans Marrom 1412,250.33,4.5,Sarja,2026-01-24
P1413,Conjunto Esportivo Amarela 1413,123.7,4.5,Poliéster,2026-01-14
P1414,Saia Plissada Preta 1414,312.59,4.9,Poliéster,2024-09-18
P1415,Saia Casual Branca 1415,223.17,4.7,Poliéster,2025-09-11
P1416,Blusa Básica Azul 1416,276.85,3.2,Viscose,2021-08-06
P1417,Saia Midi Bege 1417,236.01,3.9,Poliéster,2026-08-31
P1418,Conjunto Casual Cinza 1418,48.75,4.2,Algodão,2023-05-13
P1419,Conjunto Moletom Rosa 1419,372.65,3.8,Algodão/Poliéster,2023-04-09
P1420,Bermuda Cargo Azul 1420,192.94,3.8,Sarja,2022-02-10
P1421,Blazer Casual Preta 1421,245.06,4.5,Poliéster,2025-12-20
P1422,Blazer Slim Rosa 1422,271.59,4.6,Poliéster,2021-12-18
P1423,Vestido Midi Azul 1423,238.01,4.5,Viscose,2025-11-11
P1424,Conjunto Casual Marrom 1424,388.18,4.6,Algodão,2025-01-19
P1425,Camisa Flanela Cinza 1425,243.52,4.3,Algodão,2025-05-17
P1426,Calça Cargo Cinza 1426,162.8,3.8,Sarja,2021-03-04
P1427,Saia Plissada Amarela 1427,340.84,4.3,Poliéster,2025-03-08
P1428,Saia Plissada Preta 1428,237.56,4.5,Poliéster,2026-06-22
P1429,Blazer Casual Preta 1429,154.05,4.8,Poliéster,2023-03-27
P1430,Calça Jogger Branca 1430,318.25,5.0,Sarja,2023-07-20
P1431,Saia Plissada Rosa 1431,238.42,4.9,Poliéster,2021-08-20
P1432,Jaqueta Jeans Azul 1432,252.38,4.6,Denim,2023-10-11
P1433,Saia Plissada Branca 1433,232.28,4.1,Poliéster,2024-10-25
P1434,Blusa Manga Longa Branca 1434,342.84,4.1,Viscose,2022-09-12
P1435,Camiseta Polo Preta 1435,41.47,4.7,Algodão,2025-03-14
P1436,Camisa Flanela Verde 1436,137.02,4.2,Algodão,2021-06-27
P1437,Blusa Básica Cinza 1437,270.1,4.0,Viscose,2024-10-26
P1438,Camiseta Estampada Preta 1438,318.52,4.2,Algodão,2024-05-02
P1439,Calça Cargo Cinza 1439,268.0,4.2,Sarja,2022-04-21
P1440,Calça Sarja Bege 1440,340.72,4.6,Sarja,2022-12-15
P1441,Camisa Social Bege 1441,278.06,4.3,Algodão,2022-05-12
P1442,Camisa Linho Azul 1442,398.27,4.7,Algodão,2024-07-15
P1443,Saia Midi Branca 1443,268.14,5.0,Poliéster,2024-08-10
P1444,Camiseta Oversized Azul 1444,359.02,5.0,Algodão,2024-02-24
P1445,Conjunto Moletom Preta 1445,378.45,4.3,Algodão/Poliéster,2022-02-06
P1446,Moletom Canguru Bege 1446,274.33,3.9,Algodão/Poliéster,2022-03-25
P1447,Camisa Manga Curta Cinza 1447,126.02,4.4,Algodão,2025-08-05
P1448,Blazer Casual Verde 1448,397.79,4.1,Poliéster,2023-08-14
P1449,Blazer Slim Verde 1449,149.73,3.9,Poliéster,2023-06-21
P1450,Conjunto Casual Cinza 1450,364.36,3.8,Algodão,2022-09-30
P1451,Moletom Básico Bege 1451,235.29,3.4,Algodão/Poliéster,2026-04-09
P1452,Blusa Canelada Cinza 1452,272.44,4.2,Viscose,2022-05-11
P1453,Moletom Com Capuz Branca 1453,140.95,4.7,Algodão/Poliéster,2025-05-10
P1454,Conjunto Esportivo Marrom 1454,390.97,4.0,Poliéster,2025-05-12
P1455,Regata Básica Verde 1455,222.3,3.9,Algodão,2022-05-19
P1456,Moletom Canguru Cinza 1456,275.67,4.8,Algodão/Poliéster,2021-01-25
P1457,Saia Casual Vermelha 1457,196.2,4.0,Poliéster,2022-06-02
P1458,Saia Plissada Marrom 1458,152.65,4.8,Poliéster,2022-07-11
P1459,Blusa Básica Cinza 1459,228.73,5.0,Viscose,2025-03-22
P1460,Camiseta Slim Amarela 1460,144.56,4.8,Algodão,2024-01-04
P1461,Saia Midi Verde 1461,148.18,5.0,Poliéster,2023-06-10
P1462,Blazer Social Amarela 1462,288.48,4.3,Poliéster,2023-09-13
P1463,Camiseta Polo Cinza 1463,327.8,4.2,Algodão,2026-05-26
P1464,Vestido Casual Amarela 1464,102.85,4.2,Viscose,2026-04-30
P1465,Blazer Slim Preta 1465,204.74,4.7,Poliéster,2021-02-22
P1466,Moletom Canguru Amarela 1466,312.96,3.6,Algodão/Poliéster,2025-10-12
P1467,Blusa Canelada Rosa 1467,366.41,4.0,Viscose,2023-01-18
P1468,Camisa Linho Verde 1468,268.48,4.8,Algodão,2025-04-05
P1469,Conjunto Moletom Vermelha 1469,242.3,3.9,Algodão/Poliéster,2026-07-31
P1470,Camiseta Básica Bege 1470,89.47,3.9,Algodão,2023-11-30
P1471,Vestido Casual Azul 1471,287.99,4.1,Viscose,2024-07-15
P1472,Conjunto Moletom Verde 1472,397.18,4.5,Algodão/Poliéster,2023-06-07
P1473,Regata Básica Verde 1473,115.4,4.3,Algodão,2021-06-04
P1474,Jaqueta Jeans Azul 1474,367.09,3.6,Denim,2021-03-17
P1475,Conjunto Casual Vermelha 1475,336.67,3.8,Algodão,2023-01-16
P1476,Blusa Social Vermelha 1476,68.22,4.1,Viscose,2025-08-28
P1477,Calça Cargo Vermelha 1477,276.36,3.3,Sarja,2022-12-08
P1478,Camisa Social Verde 1478,397.65,4.5,Algodão,2023-06-11
P1479,Blusa Social Azul 1479,238.39,4.6,Viscose,2024-01-05
P1480,Conjunto Esportivo Azul 1480,330.1,3.9,Poliéster,2022-10-27
P1481,Regata Esportiva Rosa 1481,120.34,4.8,Algodão,2023-10-11
P1482,Jaqueta Bomber Cinza 1482,145.22,4.6,Poliéster,2024-06-09
P1483,Saia Jeans Amarela 1483,336.47,4.2,Poliéster,2025-10-28
P1484,Conjunto Moletom Amarela 1484,123.47,4.7,Algodão/Poliéster,2025-04-10
P1485,Moletom Com Capuz Cinza 1485,152.46,4.5,Algodão/Poliéster,2025-08-19
P1486,Conjunto Moletom Rosa 1486,291.37,4.7,Algodão/Poliéster,2023-12-19
P1487,Blusa Canelada Marrom 1487,344.17,4.0,Viscose,2024-12-16
P1488,Saia Casual Vermelha 1488,128.98,4.2,Poliéster,2021-11-06
P1489,Bermuda Jeans Cinza 1489,338.86,4.5,Sarja,2021-11-02
P1490,Vestido Floral Azul 1490,313.88,4.2,Viscose,2026-03-22
P1491,Saia Jeans Marrom 1491,132.61,4.5,Poliéster,2024-06-03
P1492,Calça Sarja Rosa 1492,181.11,4.9,Sarja,2021-08-22
P1493,Camiseta Oversized Amarela 1493,124.15,4.3,Algodão,2023-04-24
P1494,Camisa Manga Curta Vermelha 1494,47.16,4.8,Algodão,2026-06-30
P1495,Camisa Linho Branca 1495,196.8,3.4,Algodão,2021-02-13
P1496,Blusa Manga Longa Verde 1496,160.71,4.1,Viscose,2023-07-05
P1497,Camisa Flanela Azul 1497,369.08,3.6,Algodão,2025-09-28
P1498,Blazer Casual Bege 1498,198.56,4.2,Poliéster,2026-05-13
P1499,Bermuda Cargo Verde 1499,321.29,4.1,Sarja,2023-02-02
P1500,Regata Canelada Marrom 1500,384.52,4.1,Algodão,2026-03-08
P1501,Calça Jogger Azul 1501,60.49,4.6,Sarja,2025-01-21
P1502,Vestido Midi Bege 1502,147.1,4.9,Viscose,2023-04-21
P1503,Regata Básica Vermelha 1503,78.44,4.4,Algodão,2025-06-01
P1504,Moletom Canguru Rosa 1504,170.15,3.9,Algodão/Poliéster,2025-07-14
P1505,Bermuda Jeans Branca 1505,298.5,4.6,Sarja,2022-07-24
P1506,Moletom Básico Verde 1506,266.24,4.3,Algodão/Poliéster,2021-07-05
P1507,Blazer Slim Verde 1507,129.44,4.4,Poliéster,2025-06-04
P1508,Camisa Linho Vermelha 1508,369.43,4.4,Algodão,2021-06-21
P1509,Conjunto Moletom Amarela 1509,214.07,4.3,Algodão/Poliéster,2025-05-30
P1510,Calça Jeans Cinza 1510,45.59,4.6,Sarja,2023-01-07
P1511,Conjunto Esportivo Amarela 1511,85.44,4.7,Poliéster,2024-12-25
P1512,Vestido Casual Rosa 1512,116.81,4.4,Viscose,2024-06-15
P1513,Saia Midi Amarela 1513,69.92,4.4,Poliéster,2021-03-21
P1514,Camiseta Slim Rosa 1514,122.19,4.1,Algodão,2021-01-20
P1515,Camisa Flanela Bege 1515,244.09,4.1,Algodão,2024-07-26
P1516,Calça Jogger Rosa 1516,118.32,3.5,Sarja,2023-12-02
P1517,Calça Jeans Cinza 1517,89.19,4.4,Sarja,2021-04-01
P1518,Regata Canelada Rosa 1518,215.34,3.9,Algodão,2026-07-12
P1519,Camisa Social Cinza 1519,350.72,4.4,Algodão,2022-05-09
P1520,Camiseta Polo Verde 1520,154.31,5.0,Algodão,2025-11-12
P1521,Camiseta Estampada Bege 1521,307.16,4.3,Algodão,2021-08-30
P1522,Regata Básica Marrom 1522,217.87,3.5,Algodão,2022-04-26
P1523,Blazer Social Cinza 1523,356.88,3.6,Poliéster,2023-12-31
P1524,Bermuda Moletom Marrom 1524,183.82,4.3,Sarja,2023-12-29
P1525,Conjunto Moletom Verde 1525,42.96,4.1,Algodão/Poliéster,2024-06-03
P1526,Blazer Slim Verde 1526,186.81,4.0,Poliéster,2021-12-21
P1527,Moletom Básico Marrom 1527,295.85,3.6,Algodão/Poliéster,2022-07-01
P1528,Bermuda Cargo Bege 1528,234.91,4.4,Sarja,2022-06-29
P1529,Jaqueta Corta-Vento Rosa 1529,102.01,4.4,Nylon,2023-07-01
P1530,Camiseta Polo Branca 1530,127.63,4.2,Algodão,2026-03-25
P1531,Regata Esportiva Azul 1531,93.5,4.4,Algodão,2023-08-15
P1532,Calça Cargo Marrom 1532,276.61,4.6,Sarja,2026-08-27
P1533,Bermuda Jeans Marrom 1533,306.38,5.0,Sarja,2022-06-05
P1534,Conjunto Casual Branca 1534,357.23,4.0,Algodão,2022-05-17
P1535,Blazer Casual Bege 1535,119.91,3.8,Poliéster,2021-07-29
P1536,Camiseta Estampada Marrom 1536,243.42,4.2,Algodão,2022-03-15
P1537,Blazer Social Vermelha 1537,305.68,4.1,Poliéster,2022-10-07
P1538,Camisa Social Rosa 1538,309.57,3.9,Algodão,2023-03-06
P1539,Blusa Básica Rosa 1539,106.21,4.0,Viscose,2025-01-16
P1540,Camiseta Básica Cinza 1540,86.48,4.2,Algodão,2023-07-12
P1541,Camiseta Oversized Preta 1541,204.33,5.0,Algodão,2024-11-20
P1542,Saia Midi Verde 1542,241.73,4.3,Poliéster,2021-07-04
P1543,Conjunto Casual Marrom 1543,341.56,4.2,Algodão,2026-05-14
P1544,Vestido Casual Azul 1544,117.91,4.7,Viscose,2021-11-02
P1545,Calça Sarja Branca 1545,263.9,4.3,Sarja,2021-03-11
P1546,Conjunto Esportivo Cinza 1546,133.34,3.8,Poliéster,2023-05-29
P1547,Bermuda Esportiva Cinza 1547,161.74,4.7,Sarja,2024-09-09
P1548,Calça Sarja Azul 1548,203.17,3.9,Sarja,2022-05-03
P1549,Blusa Manga Longa Marrom 1549,220.07,4.3,Viscose,2021-12-04
P1550,Bermuda Esportiva Vermelha 1550,250.38,4.1,Sarja,2025-10-15
P1551,Saia Casual Rosa 1551,235.71,4.4,Poliéster,2025-09-03
P1552,Camiseta Polo Cinza 1552,217.89,4.0,Algodão,2025-04-04
P1553,Regata Esportiva Verde 1553,336.24,4.3,Algodão,2022-04-02
P1554,Camiseta Estampada Azul 1554,118.17,3.8,Algodão,2024-01-15
P1555,Moletom Estampado Branca 1555,148.59,3.7,Algodão/Poliéster,2024-11-27
P1556,Saia Casual Azul 1556,217.83,4.3,Poliéster,2023-06-15
P1557,Moletom Básico Branca 1557,329.89,4.6,Algodão/Poliéster,2022-01-06
P1558,Saia Jeans Verde 1558,102.58,4.0,Poliéster,2025-09-16
P1559,Moletom Canguru Branca 1559,256.25,3.9,Algodão/Poliéster,2026-04-26
P1560,Regata Canelada Bege 1560,114.5,4.6,Algodão,2021-12-10
P1561,Camiseta Polo Bege 1561,152.65,4.1,Algodão,2024-12-25
P1562,Regata Canelada Bege 1562,253.44,5.0,Algodão,2026-01-11
P1563,Jaqueta Puffer Marrom 1563,241.04,3.7,Poliéster,2024-01-25
P1564,Jaqueta Jeans Preta 1564,140.09,4.4,Denim,2021-04-12
P1565,Conjunto Moletom Bege 1565,302.32,4.9,Algodão/Poliéster,2024-11-29
P1566,Blazer Slim Cinza 1566,247.5,4.7,Poliéster,2026-03-26
P1567,Blazer Casual Branca 1567,277.98,5.0,Poliéster,2022-06-26
P1568,Bermuda Esportiva Preta 1568,177.89,4.0,Sarja,2021-10-15
P1569,Camiseta Polo Preta 1569,175.66,4.0,Algodão,2022-06-07
P1570,Conjunto Moletom Amarela 1570,73.81,4.0,Algodão/Poliéster,2025-08-08
P1571,Regata Básica Verde 1571,212.63,4.2,Algodão,2024-02-27
P1572,Regata Básica Preta 1572,71.4,4.8,Algodão,2021-02-07
P1573,Saia Jeans Rosa 1573,160.38,4.7,Poliéster,2024-04-30
P1574,Blusa Social Amarela 1574,211.64,4.1,Viscose,2025-08-14
P1575,Camisa Social Cinza 1575,97.94,4.9,Algodão,2022-01-19
P1576,Bermuda Jeans Rosa 1576,84.63,4.1,Sarja,2024-04-23
P1577,Vestido Floral Cinza 1577,225.94,5.0,Viscose,2022-04-19
P1578,Calça Sarja Amarela 1578,232.33,5.0,Sarja,2021-02-09
P1579,Camiseta Oversized Branca 1579,217.21,4.9,Algodão,2023-04-09
P1580,Conjunto Casual Cinza 1580,186.2,4.3,Algodão,2025-05-21
P1581,Jaqueta Jeans Azul 1581,254.6,5.0,Denim,2024-10-16
P1582,Vestido Longo Rosa 1582,334.37,4.2,Viscose,2021-07-30
P1583,Calça Social Amarela 1583,149.73,3.5,Sarja,2022-01-20
P1584,Saia Midi Rosa 1584,368.89,4.1,Poliéster,2024-01-23
P1585,Jaqueta Jeans Bege 1585,230.84,4.2,Denim,2022-10-26
P1586,Bermuda Jeans Branca 1586,314.8,4.2,Sarja,2022-11-18
P1587,Calça Social Rosa 1587,165.2,4.2,Sarja,2023-06-22
P1588,Conjunto Casual Azul 1588,81.27,4.5,Algodão,2025-04-20
P1589,Jaqueta Puffer Branca 1589,328.74,5.0,Poliéster,2024-04-06
P1590,Jaqueta Jeans Rosa 1590,260.91,3.9,Denim,2025-11-01
P1591,Camiseta Básica Verde 1591,288.03,4.2,Algodão,2021-07-31
P1592,Camiseta Estampada Rosa 1592,282.02,3.6,Algodão,2023-08-19
P1593,Vestido Longo Marrom 1593,120.87,3.8,Viscose,2024-02-13
P1594,Blazer Social Vermelha 1594,284.73,4.7,Poliéster,2025-04-18
P1595,Calça Cargo Rosa 1595,346.12,4.0,Sarja,2023-12-03
P1596,Blazer Slim Amarela 1596,267.46,4.5,Poliéster,2026-03-12
P1597,Vestido Casual Rosa 1597,331.04,4.6,Viscose,2025-09-30
P1598,Calça Sarja Azul 1598,156.06,4.4,Sarja,2024-11-26
P1599,Blazer Social Rosa 1599,352.25,4.1,Poliéster,2023-04-03
P1600,Bermuda Jeans Azul 1600,294.3,4.1,Sarja,2022-10-29
P1601,Blazer Casual Bege 1601,123.88,4.3,Poliéster,2024-01-09
P1602,Camisa Linho Cinza 1602,132.85,4.6,Algodão,2023-08-17
P1603,Regata Esportiva Cinza 1603,124.05,3.6,Algodão,2021-03-02
P1604,Vestido Floral Vermelha 1604,319.25,4.2,Viscose,2022-04-21
P1605,Blusa Básica Marrom 1605,278.03,4.2,Viscose,2025-09-25
P1606,Vestido Casual Amarela 1606,194.21,4.0,Viscose,2023-08-07
P1607,Camisa Manga Curta Azul 1607,266.57,3.9,Algodão,2026-05-19
P1608,Blazer Slim Marrom 1608,394.6,3.6,Poliéster,2022-05-24
P1609,Blazer Slim Rosa 1609,213.94,3.7,Poliéster,2026-06-26
P1610,Jaqueta Bomber Branca 1610,190.57,4.1,Poliéster,2025-07-29
P1611,Jaqueta Corta-Vento Amarela 1611,209.27,4.2,Nylon,2023-01-12
P1612,Saia Casual Preta 1612,212.06,4.6,Poliéster,2024-06-15
P1613,Jaqueta Bomber Preta 1613,294.18,4.6,Poliéster,2026-08-07
P1614,Bermuda Moletom Azul 1614,274.06,3.8,Sarja,2024-08-03
P1615,Moletom Básico Amarela 1615,228.98,3.7,Algodão/Poliéster,2026-04-12
P1616,Blazer Slim Preta 1616,188.15,4.5,Poliéster,2021-08-17
P1617,Jaqueta Puffer Cinza 1617,150.97,4.1,Poliéster,2021-12-05
P1618,Camiseta Básica Marrom 1618,75.86,4.3,Algodão,2021-01-04
P1619,Bermuda Moletom Marrom 1619,354.04,3.9,Sarja,2022-11-05
P1620,Moletom Canguru Preta 1620,96.54,4.1,Algodão/Poliéster,2025-06-21
P1621,Vestido Casual Amarela 1621,150.65,5.0,Viscose,2026-06-18
P1622,Saia Plissada Branca 1622,82.39,4.2,Poliéster,2024-01-28
P1623,Calça Jogger Bege 1623,396.19,3.8,Sarja,2023-05-25
P1624,Camiseta Slim Amarela 1624,142.5,4.1,Algodão,2026-04-12
P1625,Camisa Social Vermelha 1625,208.18,4.6,Algodão,2024-05-02
P1626,Vestido Longo Azul 1626,147.93,4.2,Viscose,2024-01-17
P1627,Conjunto Casual Preta 1627,222.99,4.4,Algodão,2021-06-25
P1628,Bermuda Esportiva Branca 1628,280.16,4.3,Sarja,2022-03-21
P1629,Conjunto Moletom Cinza 1629,177.9,4.1,Algodão/Poliéster,2024-12-14
P1630,Camisa Linho Azul 1630,309.67,4.0,Algodão,2024-12-16
P1631,Conjunto Moletom Vermelha 1631,212.8,4.1,Algodão/Poliéster,2023-10-24
P1632,Blazer Social Bege 1632,249.81,4.7,Poliéster,2024-12-21
P1633,Bermuda Cargo Amarela 1633,164.81,4.1,Sarja,2024-12-01
P1634,Jaqueta Puffer Branca 1634,244.63,4.4,Poliéster,2021-05-16
P1635,Regata Básica Amarela 1635,283.55,4.3,Algodão,2025-09-24
P1636,Camisa Flanela Verde 1636,85.55,3.7,Algodão,2024-12-06
P1637,Moletom Básico Bege 1637,192.77,3.5,Algodão/Poliéster,2022-03-30
P1638,Bermuda Cargo Verde 1638,187.54,4.4,Sarja,2022-03-16
P1639,Regata Canelada Amarela 1639,122.73,4.6,Algodão,2026-06-06
P1640,Jaqueta Bomber Vermelha 1640,210.05,5.0,Poliéster,2022-06-11
P1641,Regata Esportiva Bege 1641,364.81,4.9,Algodão,2021-03-08
P1642,Moletom Básico Marrom 1642,196.38,4.5,Algodão/Poliéster,2021-03-06
P1643,Bermuda Moletom Vermelha 1643,301.79,3.5,Sarja,2022-04-18
P1644,Bermuda Esportiva Amarela 1644,380.0,3.9,Sarja,2024-07-22
P1645,Blusa Social Vermelha 1645,162.31,4.1,Viscose,2023-08-03
P1646,Camiseta Slim Cinza 1646,98.61,4.3,Algodão,2025-02-22
P1647,Regata Canelada Cinza 1647,259.06,3.7,Algodão,2022-04-26
P1648,Blusa Manga Longa Vermelha 1648,244.85,4.5,Viscose,2022-04-22
P1649,Saia Plissada Cinza 1649,115.33,3.7,Poliéster,2023-04-17
P1650,Camisa Social Rosa 1650,185.65,4.7,Algodão,2025-06-28
P1651,Regata Canelada Vermelha 1651,41.53,4.4,Algodão,2023-11-07
P1652,Camisa Linho Verde 1652,88.99,3.8,Algodão,2025-04-26
P1653,Moletom Com Capuz Amarela 1653,272.12,4.2,Algodão/Poliéster,2021-07-13
P1654,Conjunto Esportivo Marrom 1654,386.53,3.7,Poliéster,2023-04-28
P1655,Camisa Linho Rosa 1655,45.8,4.5,Algodão,2023-06-24
P1656,Blazer Slim Rosa 1656,292.0,4.3,Poliéster,2021-05-22
P1657,Saia Jeans Branca 1657,344.56,4.2,Poliéster,2022-10-13
P1658,Camisa Manga Curta Branca 1658,68.99,4.6,Algodão,2022-08-03
P1659,Regata Esportiva Rosa 1659,76.85,4.2,Algodão,2023-08-01
P1660,Saia Casual Cinza 1660,190.68,4.2,Poliéster,2021-12-09
P1661,Vestido Casual Marrom 1661,301.97,4.2,Viscose,2022-07-12
P1662,Saia Jeans Branca 1662,178.27,4.1,Poliéster,2026-06-07
P1663,Blazer Casual Azul 1663,113.49,4.0,Poliéster,2021-10-23
P1664,Blazer Slim Cinza 1664,259.75,3.9,Poliéster,2025-08-19
P1665,Regata Esportiva Preta 1665,357.76,3.9,Algodão,2024-01-29
P1666,Moletom Com Capuz Preta 1666,272.36,4.3,Algodão/Poliéster,2021-06-12
P1667,Blazer Casual Vermelha 1667,214.31,3.8,Poliéster,2023-04-10
P1668,Moletom Básico Azul 1668,336.84,4.2,Algodão/Poliéster,2023-11-29
P1669,Bermuda Esportiva Branca 1669,209.69,3.9,Sarja,2022-07-28
P1670,Blazer Casual Amarela 1670,100.31,4.0,Poliéster,2022-07-07
P1671,Moletom Básico Azul 1671,158.86,4.7,Algodão/Poliéster,2025-01-13
P1672,Conjunto Moletom Marrom 1672,156.44,4.1,Algodão/Poliéster,2021-03-08
P1673,Blazer Slim Bege 1673,354.74,3.7,Poliéster,2026-04-05
P1674,Moletom Básico Bege 1674,313.71,4.3,Algodão/Poliéster,2022-10-29
P1675,Camisa Flanela Bege 1675,349.3,4.9,Algodão,2023-03-01
P1676,Camiseta Oversized Vermelha 1676,156.21,4.2,Algodão,2021-09-21
P1677,Calça Jeans Branca 1677,345.96,4.3,Sarja,2025-12-28
P1678,Bermuda Esportiva Marrom 1678,248.02,4.1,Sarja,2022-04-06
P1679,Camisa Flanela Preta 1679,313.17,4.1,Algodão,2025-07-21
P1680,Conjunto Casual Cinza 1680,92.97,4.7,Algodão,2022-11-07
P1681,Blusa Social Marrom 1681,175.28,3.7,Viscose,2021-03-07
P1682,Blusa Manga Longa Vermelha 1682,179.32,4.1,Viscose,2023-04-26
P1683,Jaqueta Puffer Vermelha 1683,131.24,4.3,Poliéster,2023-12-19
P1684,Conjunto Esportivo Vermelha 1684,266.29,4.2,Poliéster,2023-08-28
P1685,Camisa Manga Curta Vermelha 1685,123.65,4.8,Algodão,2026-08-05
P1686,Regata Básica Azul 1686,110.52,3.8,Algodão,2023-12-13
P1687,Calça Social Preta 1687,201.36,4.7,Sarja,2025-05-31
P1688,Jaqueta Jeans Rosa 1688,148.42,4.6,Denim,2023-02-05
P1689,Saia Midi Bege 1689,360.37,3.9,Poliéster,2021-10-27
P1690,Saia Midi Bege 1690,199.92,4.2,Poliéster,2023-10-29
P1691,Camisa Manga Curta Rosa 1691,135.29,4.4,Algodão,2024-03-04
P1692,Blusa Social Amarela 1692,138.04,4.2,Viscose,2023-05-15
P1693,Moletom Com Capuz Azul 1693,251.38,4.6,Algodão/Poliéster,2025-05-06
P1694,Jaqueta Puffer Rosa 1694,323.3,4.9,Poliéster,2026-06-19
P1695,Jaqueta Puffer Bege 1695,207.56,3.6,Poliéster,2021-06-17
P1696,Regata Esportiva Verde 1696,48.91,4.3,Algodão,2021-05-20
P1697,Blusa Básica Rosa 1697,167.59,4.2,Viscose,2022-07-21
P1698,Moletom Estampado Cinza 1698,111.8,4.6,Algodão/Poliéster,2024-04-27
P1699,Blusa Canelada Vermelha 1699,61.28,4.5,Viscose,2021-03-29
P1700,Camisa Social Preta 1700,271.51,5.0,Algodão,2022-02-05
P1701,Blazer Slim Bege 1701,174.04,4.5,Poliéster,2023-04-27
P1702,Vestido Midi Vermelha 1702,308.05,4.2,Viscose,2023-02-16
P1703,Regata Esportiva Bege 1703,171.46,3.8,Algodão,2025-10-18
P1704,Vestido Midi Vermelha 1704,351.27,4.6,Viscose,2024-02-05
P1705,Camiseta Básica Preta 1705,133.58,4.6,Algodão,2025-12-10
P1706,Camiseta Slim Branca 1706,65.15,4.2,Algodão,2025-04-22
P1707,Camisa Linho Bege 1707,67.91,3.4,Algodão,2023-05-07
P1708,Camisa Manga Curta Cinza 1708,397.6,4.4,Algodão,2026-07-16
P1709,Vestido Midi Rosa 1709,323.42,4.4,Viscose,2025-10-12
P1710,Moletom Estampado Bege 1710,67.44,4.2,Algodão/Poliéster,2023-10-19
P1711,Saia Jeans Marrom 1711,271.32,3.7,Poliéster,2025-10-26
P1712,Conjunto Esportivo Marrom 1712,215.17,5.0,Poliéster,2022-06-16
P1713,Blazer Casual Bege 1713,183.86,4.3,Poliéster,2022-03-07
P1714,Conjunto Esportivo Marrom 1714,358.66,4.2,Poliéster,2025-06-26
P1715,Vestido Midi Cinza 1715,185.38,4.2,Viscose,2025-06-21
P1716,Camisa Linho Preta 1716,229.53,4.0,Algodão,2022-04-04
P1717,Bermuda Cargo Vermelha 1717,41.2,4.0,Sarja,2025-04-09
P1718,Bermuda Cargo Rosa 1718,192.11,4.2,Sarja,2023-11-17
P1719,Moletom Estampado Vermelha 1719,264.23,4.3,Algodão/Poliéster,2024-03-01
P1720,Saia Midi Azul 1720,64.05,4.4,Poliéster,2025-10-18
P1721,Calça Sarja Bege 1721,175.29,4.3,Sarja,2021-11-28
P1722,Moletom Estampado Verde 1722,202.28,4.3,Algodão/Poliéster,2023-04-16
P1723,Calça Jogger Rosa 1723,303.86,4.8,Sarja,2022-08-23
P1724,Regata Esportiva Azul 1724,133.91,4.1,Algodão,2024-02-27
P1725,Bermuda Jeans Vermelha 1725,157.73,4.6,Sarja,2021-11-23
P1726,Moletom Com Capuz Branca 1726,45.91,5.0,Algodão/Poliéster,2021-09-05
P1727,Bermuda Cargo Marrom 1727,213.01,3.7,Sarja,2024-12-11
P1728,Jaqueta Bomber Branca 1728,233.32,4.2,Poliéster,2021-04-26
P1729,Saia Casual Verde 1729,373.14,3.6,Poliéster,2023-05-14
P1730,Blusa Básica Verde 1730,74.28,4.5,Viscose,2026-08-03
P1731,Vestido Casual Marrom 1731,282.65,4.4,Viscose,2026-08-29
P1732,Camiseta Estampada Cinza 1732,224.98,4.6,Algodão,2022-01-06
P1733,Saia Plissada Marrom 1733,333.2,5.0,Poliéster,2026-04-03
P1734,Vestido Midi Amarela 1734,376.74,4.3,Viscose,2022-11-26
P1735,Bermuda Jeans Rosa 1735,238.04,3.8,Sarja,2022-02-15
P1736,Vestido Longo Amarela 1736,330.32,4.8,Viscose,2023-11-11
P1737,Moletom Básico Azul 1737,389.51,4.5,Algodão/Poliéster,2023-10-08
P1738,Regata Esportiva Cinza 1738,169.86,3.3,Algodão,2023-02-14
P1739,Calça Social Rosa 1739,164.16,4.1,Sarja,2023-06-03
P1740,Camisa Flanela Vermelha 1740,233.59,4.4,Algodão,2021-07-21
P1741,Jaqueta Bomber Marrom 1741,314.29,4.2,Poliéster,2022-06-30
P1742,Camisa Social Marrom 1742,360.85,4.3,Algodão,2022-02-12
P1743,Jaqueta Jeans Verde 1743,351.71,3.5,Denim,2026-04-13
P1744,Jaqueta Bomber Azul 1744,293.19,4.5,Poliéster,2023-10-18
P1745,Bermuda Jeans Amarela 1745,355.37,4.2,Sarja,2024-02-05
P1746,Camisa Manga Curta Vermelha 1746,392.01,4.7,Algodão,2023-06-27
P1747,Blazer Slim Azul 1747,62.69,3.5,Poliéster,2026-01-05
P1748,Vestido Midi Rosa 1748,365.56,3.9,Viscose,2025-07-10
P1749,Moletom Estampado Branca 1749,110.69,5.0,Algodão/Poliéster,2024-11-27
P1750,Calça Jogger Cinza 1750,170.38,4.9,Sarja,2022-10-08
P1751,Vestido Midi Preta 1751,108.23,3.3,Viscose,2022-10-01
P1752,Moletom Com Capuz Preta 1752,201.82,3.6,Algodão/Poliéster,2026-04-30
P1753,Calça Jeans Amarela 1753,399.83,4.1,Sarja,2026-04-09
P1754,Blazer Social Cinza 1754,260.91,4.0,Poliéster,2022-08-09
P1755,Vestido Floral Bege 1755,306.81,5.0,Viscose,2022-11-28
P1756,Blazer Social Vermelha 1756,309.65,3.8,Poliéster,2022-11-17
P1757,Moletom Básico Marrom 1757,307.01,5.0,Algodão/Poliéster,2025-06-11
P1758,Bermuda Jeans Azul 1758,186.28,3.5,Sarja,2026-05-19
P1759,Moletom Com Capuz Azul 1759,59.73,3.6,Algodão/Poliéster,2026-01-11
P1760,Moletom Básico Amarela 1760,370.15,4.3,Algodão/Poliéster,2025-10-05
P1761,Calça Social Bege 1761,288.31,4.2,Sarja,2022-12-22
P1762,Calça Jeans Preta 1762,362.16,4.9,Sarja,2022-10-18
P1763,Blazer Casual Azul 1763,97.51,3.7,Poliéster,2026-01-14
P1764,Moletom Canguru Branca 1764,185.52,4.8,Algodão/Poliéster,2023-03-29
P1765,Bermuda Cargo Branca 1765,267.72,4.9,Sarja,2022-03-22
P1766,Blusa Social Bege 1766,101.28,4.4,Viscose,2025-10-09
P1767,Camisa Manga Curta Azul 1767,50.87,3.4,Algodão,2023-09-20
P1768,Jaqueta Bomber Rosa 1768,246.16,4.4,Poliéster,2021-06-28
P1769,Camiseta Básica Cinza 1769,244.63,4.2,Algodão,2026-01-29
P1770,Bermuda Moletom Rosa 1770,86.52,4.7,Sarja,2022-09-02
P1771,Camiseta Estampada Azul 1771,92.38,4.7,Algodão,2022-10-02
P1772,Camiseta Oversized Verde 1772,241.09,3.7,Algodão,2024-01-05
P1773,Moletom Canguru Marrom 1773,206.61,3.8,Algodão/Poliéster,2022-07-14
P1774,Calça Cargo Amarela 1774,165.77,4.2,Sarja,2025-09-12
P1775,Blazer Slim Cinza 1775,283.58,4.5,Poliéster,2024-12-02
P1776,Regata Canelada Preta 1776,294.24,4.6,Algodão,2024-03-14
P1777,Regata Esportiva Preta 1777,330.06,4.8,Algodão,2022-02-18
P1778,Camiseta Polo Marrom 1778,50.22,4.5,Algodão,2023-10-11
P1779,Moletom Básico Bege 1779,321.84,3.4,Algodão/Poliéster,2022-07-18
P1780,Moletom Estampado Verde 1780,202.32,4.5,Algodão/Poliéster,2026-06-14
P1781,Camisa Linho Preta 1781,298.39,3.6,Algodão,2025-06-29
P1782,Camiseta Polo Branca 1782,268.34,4.8,Algodão,2021-08-29
P1783,Vestido Floral Bege 1783,386.56,4.1,Viscose,2023-12-29
P1784,Moletom Canguru Preta 1784,73.66,3.8,Algodão/Poliéster,2025-06-02
P1785,Vestido Floral Azul 1785,119.3,4.7,Viscose,2023-12-19
P1786,Regata Esportiva Marrom 1786,223.02,3.5,Algodão,2021-09-20
P1787,Saia Plissada Bege 1787,290.91,4.2,Poliéster,2021-10-17
P1788,Camisa Flanela Branca 1788,114.06,4.2,Algodão,2025-02-25
P1789,Conjunto Moletom Azul 1789,343.5,4.1,Algodão/Poliéster,2023-12-21
P1790,Camiseta Básica Branca 1790,327.67,4.6,Algodão,2024-01-29
P1791,Camiseta Polo Rosa 1791,338.95,3.8,Algodão,2022-07-13
P1792,Moletom Estampado Branca 1792,311.22,4.0,Algodão/Poliéster,2022-07-02
P1793,Camiseta Estampada Cinza 1793,83.55,4.0,Algodão,2023-04-23
P1794,Blazer Casual Verde 1794,348.36,3.5,Poliéster,2024-01-30
P1795,Vestido Midi Marrom 1795,100.56,4.1,Viscose,2023-08-28
P1796,Blazer Casual Verde 1796,150.79,3.6,Poliéster,2025-12-25
P1797,Moletom Estampado Amarela 1797,303.09,3.8,Algodão/Poliéster,2022-01-27
P1798,Vestido Midi Verde 1798,198.48,3.7,Viscose,2023-09-04
P1799,Calça Social Rosa 1799,117.32,4.0,Sarja,2022-05-02
P1800,Camiseta Slim Cinza 1800,302.24,4.8,Algodão,2021-01-14
P1801,Blusa Manga Longa Marrom 1801,132.01,4.8,Viscose,2023-05-09
P1802,Regata Canelada Bege 1802,333.19,3.5,Algodão,2021-04-28
P1803,Vestido Floral Azul 1803,253.38,4.1,Viscose,2023-02-09
P1804,Bermuda Moletom Marrom 1804,278.78,4.4,Sarja,2024-08-01
P1805,Bermuda Jeans Branca 1805,229.6,4.1,Sarja,2023-02-17
P1806,Bermuda Cargo Cinza 1806,115.38,3.8,Sarja,2024-11-03
P1807,Vestido Floral Marrom 1807,301.8,4.5,Viscose,2022-09-03
P1808,Conjunto Esportivo Rosa 1808,366.29,3.9,Poliéster,2023-04-12
P1809,Camisa Manga Curta Verde 1809,156.52,3.8,Algodão,2025-12-16
P1810,Regata Básica Rosa 1810,390.38,4.2,Algodão,2022-05-18
P1811,Camisa Manga Curta Cinza 1811,92.66,3.7,Algodão,2023-11-03
P1812,Jaqueta Bomber Vermelha 1812,69.12,3.3,Poliéster,2025-01-21
P1813,Conjunto Casual Cinza 1813,255.79,4.4,Algodão,2023-01-20
P1814,Bermuda Esportiva Verde 1814,233.38,3.9,Sarja,2022-09-22
P1815,Conjunto Moletom Verde 1815,389.36,4.3,Algodão/Poliéster,2024-12-14
P1816,Saia Midi Bege 1816,199.65,4.3,Poliéster,2021-06-03
P1817,Conjunto Moletom Amarela 1817,262.67,3.4,Algodão/Poliéster,2022-07-04
P1818,Saia Plissada Cinza 1818,120.55,3.9,Poliéster,2023-04-28
P1819,Vestido Casual Cinza 1819,320.21,4.0,Viscose,2022-03-26
P1820,Saia Plissada Branca 1820,260.0,3.7,Poliéster,2024-01-21
P1821,Jaqueta Jeans Preta 1821,243.56,4.5,Denim,2024-07-05
P1822,Jaqueta Bomber Marrom 1822,334.44,4.5,Poliéster,2026-06-21
P1823,Jaqueta Jeans Branca 1823,313.0,4.3,Denim,2024-05-29
P1824,Vestido Floral Azul 1824,102.02,4.2,Viscose,2024-05-10
P1825,Moletom Canguru Verde 1825,317.93,4.5,Algodão/Poliéster,2025-02-10
P1826,Camisa Flanela Rosa 1826,177.27,3.7,Algodão,2022-03-08
P1827,Regata Esportiva Bege 1827,275.67,4.1,Algodão,2023-09-01
P1828,Camiseta Básica Marrom 1828,389.4,4.1,Algodão,2025-09-18
P1829,Jaqueta Bomber Marrom 1829,41.7,5.0,Poliéster,2021-12-30
P1830,Vestido Midi Rosa 1830,309.09,3.6,Viscose,2022-08-27
P1831,Saia Casual Rosa 1831,77.46,4.9,Poliéster,2022-04-01
P1832,Vestido Longo Verde 1832,138.02,4.6,Viscose,2026-06-08
P1833,Camisa Flanela Bege 1833,54.63,4.0,Algodão,2023-01-03
P1834,Saia Casual Verde 1834,375.2,4.5,Poliéster,2022-11-05
P1835,Blazer Slim Rosa 1835,88.87,3.8,Poliéster,2025-08-14
P1836,Conjunto Esportivo Vermelha 1836,182.13,4.0,Poliéster,2026-02-25
P1837,Camisa Social Branca 1837,255.65,3.5,Algodão,2021-01-11
P1838,Bermuda Moletom Bege 1838,199.9,3.8,Sarja,2025-12-24
P1839,Regata Esportiva Preta 1839,101.36,3.8,Algodão,2025-01-03
P1840,Calça Jogger Cinza 1840,300.06,4.6,Sarja,2025-11-23
P1841,Conjunto Moletom Marrom 1841,128.42,3.7,Algodão/Poliéster,2021-06-29
P1842,Camiseta Oversized Rosa 1842,162.37,4.1,Algodão,2021-03-23
P1843,Bermuda Esportiva Azul 1843,189.94,4.5,Sarja,2022-11-26
P1844,Jaqueta Bomber Bege 1844,211.87,3.9,Poliéster,2025-10-25
P1845,Saia Jeans Rosa 1845,241.92,4.2,Poliéster,2023-10-29
P1846,Camiseta Oversized Cinza 1846,69.49,4.4,Algodão,2025-02-01
P1847,Camisa Social Amarela 1847,221.65,3.7,Algodão,2022-05-23
P1848,Blusa Básica Cinza 1848,173.22,4.6,Viscose,2022-11-23
P1849,Moletom Com Capuz Branca 1849,325.55,4.8,Algodão/Poliéster,2025-12-22
P1850,Camisa Flanela Cinza 1850,114.06,5.0,Algodão,2023-10-12
P1851,Camisa Flanela Marrom 1851,313.26,4.8,Algodão,2025-06-02
P1852,Jaqueta Bomber Amarela 1852,211.21,3.8,Poliéster,2024-08-16
P1853,Saia Plissada Amarela 1853,363.14,4.4,Poliéster,2021-12-30
P1854,Blusa Manga Longa Cinza 1854,157.31,4.2,Viscose,2026-05-07
P1855,Blazer Slim Verde 1855,120.06,3.9,Poliéster,2026-05-12
P1856,Saia Casual Rosa 1856,76.57,4.8,Poliéster,2025-06-02
P1857,Bermuda Cargo Preta 1857,338.72,3.6,Sarja,2023-08-30
P1858,Moletom Básico Rosa 1858,185.67,4.6,Algodão/Poliéster,2023-06-06
P1859,Calça Jogger Vermelha 1859,169.48,4.1,Sarja,2022-09-08
P1860,Blusa Básica Branca 1860,397.78,4.1,Viscose,2024-08-28
P1861,Vestido Longo Rosa 1861,203.65,4.1,Viscose,2022-10-04
P1862,Jaqueta Bomber Amarela 1862,385.84,4.3,Poliéster,2022-01-20
P1863,Conjunto Esportivo Marrom 1863,214.05,4.4,Poliéster,2021-05-06
P1864,Bermuda Moletom Cinza 1864,208.49,3.8,Sarja,2023-05-28
P1865,Calça Cargo Cinza 1865,137.23,4.2,Sarja,2025-08-14
P1866,Blazer Casual Rosa 1866,151.15,3.9,Poliéster,2025-06-26
P1867,Conjunto Esportivo Rosa 1867,116.94,4.5,Poliéster,2025-10-24
P1868,Conjunto Esportivo Azul 1868,125.5,4.5,Poliéster,2024-06-09
P1869,Vestido Longo Marrom 1869,46.26,4.6,Viscose,2025-12-01
P1870,Conjunto Casual Amarela 1870,322.77,4.5,Algodão,2025-06-09
P1871,Camisa Linho Rosa 1871,170.27,3.8,Algodão,2025-07-28
P1872,Regata Básica Bege 1872,184.78,4.8,Algodão,2023-11-21
P1873,Regata Esportiva Branca 1873,319.51,5.0,Algodão,2021-06-26
P1874,Saia Midi Vermelha 1874,116.73,4.2,Poliéster,2023-02-26
P1875,Conjunto Esportivo Rosa 1875,40.58,3.5,Poliéster,2025-10-19
P1876,Camiseta Oversized Branca 1876,130.48,4.8,Algodão,2025-03-17
P1877,Blusa Manga Longa Verde 1877,302.53,2.8,Viscose,2021-01-26
P1878,Blusa Básica Vermelha 1878,390.61,4.5,Viscose,2021-07-13
P1879,Vestido Longo Preta 1879,226.45,4.5,Viscose,2024-09-24
P1880,Jaqueta Puffer Verde 1880,174.13,4.3,Poliéster,2026-07-18
P1881,Blusa Manga Longa Vermelha 1881,258.95,4.1,Viscose,2025-02-22
P1882,Saia Jeans Preta 1882,67.92,3.9,Poliéster,2026-05-17
P1883,Conjunto Moletom Branca 1883,197.7,4.8,Algodão/Poliéster,2021-05-18
P1884,Camiseta Oversized Rosa 1884,246.1,3.9,Algodão,2025-12-27
P1885,Blusa Básica Amarela 1885,104.02,3.8,Viscose,2021-09-23
P1886,Regata Esportiva Cinza 1886,284.67,3.7,Algodão,2026-01-04
P1887,Calça Jogger Amarela 1887,331.65,4.7,Sarja,2026-07-09
P1888,Jaqueta Puffer Rosa 1888,184.55,4.3,Poliéster,2023-11-24
P1889,Saia Casual Vermelha 1889,172.39,5.0,Poliéster,2024-01-07
P1890,Conjunto Esportivo Marrom 1890,253.86,4.4,Poliéster,2023-10-28
P1891,Bermuda Cargo Marrom 1891,233.7,4.3,Sarja,2024-02-19
P1892,Moletom Básico Vermelha 1892,122.87,4.1,Algodão/Poliéster,2025-08-24
P1893,Jaqueta Jeans Branca 1893,137.86,4.4,Denim,2022-08-06
P1894,Camiseta Slim Rosa 1894,367.78,4.1,Algodão,2022-08-10
P1895,Moletom Canguru Bege 1895,185.77,4.7,Algodão/Poliéster,2026-06-27
P1896,Conjunto Moletom Cinza 1896,212.62,4.3,Algodão/Poliéster,2025-10-25
P1897,Blusa Manga Longa Verde 1897,227.16,3.7,Viscose,2024-01-23
P1898,Camiseta Estampada Preta 1898,279.01,4.8,Algodão,2022-02-20
P1899,Jaqueta Bomber Bege 1899,343.55,3.9,Poliéster,2026-05-31
P1900,Regata Básica Bege 1900,336.67,3.0,Algodão,2025-12-24
P1901,Vestido Midi Bege 1901,125.32,4.1,Viscose,2022-11-11
P1902,Blazer Social Amarela 1902,380.45,4.0,Poliéster,2024-01-25
P1903,Bermuda Esportiva Bege 1903,377.93,3.5,Sarja,2023-05-18
P1904,Calça Jeans Azul 1904,281.9,5.0,Sarja,2025-10-11
P1905,Bermuda Jeans Verde 1905,265.48,4.0,Sarja,2024-11-22
P1906,Bermuda Moletom Azul 1906,329.74,4.4,Sarja,2023-10-18
P1907,Blusa Canelada Cinza 1907,331.5,4.4,Viscose,2026-06-26
P1908,Moletom Estampado Cinza 1908,202.44,4.2,Algodão/Poliéster,2024-06-12
P1909,Saia Plissada Vermelha 1909,105.01,4.9,Poliéster,2023-09-29
P1910,Conjunto Esportivo Verde 1910,143.01,4.7,Poliéster,2026-04-02
P1911,Blazer Casual Cinza 1911,70.62,4.5,Poliéster,2023-07-20
P1912,Saia Casual Vermelha 1912,223.94,4.7,Poliéster,2023-05-16
P1913,Camiseta Estampada Marrom 1913,337.09,4.3,Algodão,2023-03-15
P1914,Conjunto Casual Branca 1914,288.31,4.4,Algodão,2022-04-01
P1915,Blazer Social Marrom 1915,148.23,5.0,Poliéster,2022-08-01
P1916,Calça Sarja Verde 1916,350.2,4.6,Sarja,2021-07-08
P1917,Conjunto Moletom Azul 1917,49.94,4.1,Algodão/Poliéster,2025-02-15
P1918,Calça Jogger Marrom 1918,127.68,4.3,Sarja,2024-05-05
P1919,Camiseta Básica Branca 1919,106.35,4.6,Algodão,2026-04-14
P1920,Bermuda Cargo Bege 1920,44.01,4.8,Sarja,2024-06-18
P1921,Saia Plissada Rosa 1921,366.76,4.3,Poliéster,2021-06-16
P1922,Camiseta Slim Preta 1922,396.8,4.0,Algodão,2024-07-08
P1923,Calça Sarja Vermelha 1923,319.07,3.8,Sarja,2021-12-29
P1924,Saia Midi Amarela 1924,174.24,3.6,Poliéster,2021-03-18
P1925,Blazer Slim Bege 1925,106.7,4.3,Poliéster,2024-10-02
P1926,Calça Social Azul 1926,54.95,3.4,Sarja,2021-02-26
P1927,Saia Jeans Verde 1927,76.97,4.0,Poliéster,2023-04-27
P1928,Saia Midi Preta 1928,121.33,4.4,Poliéster,2026-01-27
P1929,Moletom Com Capuz Bege 1929,132.31,4.0,Algodão/Poliéster,2022-06-14
P1930,Saia Casual Verde 1930,79.21,3.9,Poliéster,2024-12-09
P1931,Vestido Midi Amarela 1931,285.32,4.0,Viscose,2023-02-19
P1932,Saia Plissada Amarela 1932,51.85,3.6,Poliéster,2021-08-23
P1933,Blusa Manga Longa Vermelha 1933,147.31,4.0,Viscose,2022-02-12
P1934,Vestido Casual Amarela 1934,202.13,4.8,Viscose,2021-06-04
P1935,Blazer Social Marrom 1935,246.49,4.4,Poliéster,2021-11-09
P1936,Jaqueta Puffer Marrom 1936,91.09,3.4,Poliéster,2021-12-01
P1937,Blusa Social Azul 1937,82.33,5.0,Viscose,2026-01-02
P1938,Vestido Midi Branca 1938,255.31,4.0,Viscose,2025-07-28
P1939,Bermuda Moletom Azul 1939,184.45,3.9,Sarja,2023-01-02
P1940,Camiseta Estampada Azul 1940,80.61,3.3,Algodão,2025-02-05
P1941,Camiseta Slim Marrom 1941,203.88,3.8,Algodão,2022-02-27
P1942,Moletom Básico Azul 1942,351.24,4.5,Algodão/Poliéster,2024-08-14
P1943,Vestido Midi Marrom 1943,337.82,4.1,Viscose,2022-02-23
P1944,Jaqueta Jeans Preta 1944,186.87,3.4,Denim,2024-08-18
P1945,Vestido Casual Rosa 1945,152.04,4.5,Viscose,2023-01-10
P1946,Moletom Estampado Amarela 1946,118.26,4.1,Algodão/Poliéster,2025-11-13
P1947,Camiseta Estampada Branca 1947,149.43,3.9,Algodão,2025-09-24
P1948,Calça Cargo Marrom 1948,127.94,4.6,Sarja,2022-11-21
P1949,Regata Canelada Amarela 1949,294.25,4.5,Algodão,2021-03-27
P1950,Camisa Social Vermelha 1950,161.89,4.3,Algodão,2022-10-29
P1951,Calça Social Rosa 1951,69.22,3.6,Sarja,2022-08-07
P1952,Blusa Manga Longa Vermelha 1952,51.66,3.8,Viscose,2023-05-31
P1953,Camiseta Slim Verde 1953,66.44,4.5,Algodão,2024-04-03
P1954,Moletom Estampado Preta 1954,158.69,4.6,Algodão/Poliéster,2026-08-10
P1955,Jaqueta Bomber Vermelha 1955,125.96,4.2,Poliéster,2021-05-10
P1956,Saia Plissada Branca 1956,312.08,3.4,Poliéster,2024-02-23
P1957,Blusa Básica Bege 1957,348.68,4.5,Viscose,2021-12-22
P1958,Camiseta Oversized Verde 1958,120.7,3.7,Algodão,2024-02-06
P1959,Blazer Casual Rosa 1959,283.38,5.0,Poliéster,2024-08-10
P1960,Conjunto Moletom Branca 1960,269.96,3.9,Algodão/Poliéster,2025-08-03
P1961,Jaqueta Corta-Vento Azul 1961,135.01,4.3,Nylon,2024-03-04
P1962,Saia Casual Cinza 1962,368.37,5.0,Poliéster,2022-01-04
P1963,Moletom Com Capuz Branca 1963,320.51,4.2,Algodão/Poliéster,2026-03-06
P1964,Moletom Com Capuz Marrom 1964,349.06,3.7,Algodão/Poliéster,2023-04-19
P1965,Blusa Canelada Branca 1965,234.8,3.9,Viscose,2023-09-20
P1966,Vestido Floral Preta 1966,348.22,4.4,Viscose,2024-08-19
P1967,Camiseta Oversized Amarela 1967,320.5,4.0,Algodão,2022-07-03
P1968,Camisa Linho Amarela 1968,298.42,4.1,Algodão,2026-08-07
P1969,Calça Jeans Branca 1969,58.34,4.7,Sarja,2021-04-03
P1970,Camisa Manga Curta Bege 1970,150.3,3.9,Algodão,2021-11-16
P1971,Blazer Social Bege 1971,162.81,4.4,Poliéster,2026-08-11
P1972,Bermuda Esportiva Azul 1972,99.81,4.1,Sarja,2023-07-25
P1973,Regata Esportiva Verde 1973,379.48,4.0,Algodão,2026-01-23
P1974,Conjunto Moletom Vermelha 1974,248.69,4.0,Algodão/Poliéster,2026-02-17
P1975,Conjunto Esportivo Marrom 1975,348.88,4.0,Poliéster,2026-08-12
P1976,Blazer Social Preta 1976,343.33,3.8,Poliéster,2025-02-10
P1977,Camisa Flanela Bege 1977,64.26,4.7,Algodão,2024-11-14
P1978,Regata Básica Bege 1978,321.34,3.6,Algodão,2024-06-23
P1979,Blusa Básica Rosa 1979,197.95,4.3,Viscose,2024-11-14
P1980,Vestido Floral Preta 1980,312.37,4.4,Viscose,2022-06-16
P1981,Saia Midi Bege 1981,120.12,4.8,Poliéster,2025-08-14
P1982,Blusa Canelada Rosa 1982,65.01,4.3,Viscose,2022-01-23
P1983,Blusa Canelada Cinza 1983,84.25,4.1,Viscose,2023-09-20
P1984,Regata Canelada Bege 1984,101.96,4.2,Algodão,2023-02-14
P1985,Regata Canelada Azul 1985,143.37,4.2,Algodão,2025-04-25
P1986,Bermuda Cargo Vermelha 1986,286.29,4.3,Sarja,2022-06-12
P1987,Bermuda Cargo Amarela 1987,252.08,4.1,Sarja,2022-03-04
P1988,Jaqueta Bomber Verde 1988,176.37,4.4,Poliéster,2025-07-31
P1989,Camiseta Oversized Amarela 1989,394.47,3.4,Algodão,2023-10-05
P1990,Moletom Canguru Preta 1990,183.48,4.1,Algodão/Poliéster,2025-01-31
P1991,Vestido Floral Marrom 1991,356.68,4.4,Viscose,2025-12-24
P1992,Vestido Midi Amarela 1992,149.89,4.5,Viscose,2025-09-25
P1993,Blusa Manga Longa Preta 1993,322.67,4.6,Viscose,2023-04-08
P1994,Moletom Com Capuz Marrom 1994,358.78,3.9,Algodão/Poliéster,2021-12-20
P1995,Blusa Social Vermelha 1995,78.29,4.1,Viscose,2026-06-10
P1996,Camisa Social Verde 1996,99.92,4.0,Algodão,2022-10-04
P1997,Bermuda Jeans Cinza 1997,129.03,4.6,Sarja,2025-05-11
P1998,Blusa Básica Verde 1998,389.32,3.7,Viscose,2025-05-10
P1999,Blusa Básica Marrom 1999,230.71,4.9,Viscose,2023-07-05
P2000,Blusa Básica Preta 2000,284.24,4.9,Viscose,2021-12-05
P2001,Regata Canelada Vermelha 2001,153.59,4.8,Algodão,2023-09-04
P2002,Calça Sarja Azul 2002,181.88,3.9,Sarja,2021-10-29
P2003,Moletom Canguru Bege 2003,365.69,4.2,Algodão/Poliéster,2022-12-30
P2004,Regata Básica Cinza 2004,147.75,4.5,Algodão,2023-03-04
P2005,Regata Canelada Amarela 2005,223.55,3.3,Algodão,2023-12-09
P2006,Bermuda Cargo Rosa 2006,174.35,4.2,Sarja,2022-01-21
P2007,Bermuda Cargo Marrom 2007,218.69,3.7,Sarja,2025-10-17
P2008,Jaqueta Bomber Bege 2008,338.23,4.0,Poliéster,2021-06-13
P2009,Camisa Social Bege 2009,238.87,4.3,Algodão,2026-08-02
P2010,Blazer Casual Preta 2010,378.46,4.7,Poliéster,2022-10-10
P2011,Calça Jogger Verde 2011,50.35,4.9,Sarja,2023-10-10
P2012,Blusa Manga Longa Vermelha 2012,53.09,3.8,Viscose,2025-12-17
P2013,Conjunto Moletom Verde 2013,399.89,4.5,Algodão/Poliéster,2024-09-15
P2014,Blazer Social Cinza 2014,348.98,3.5,Poliéster,2021-04-27
P2015,Camiseta Polo Preta 2015,40.18,4.7,Algodão,2024-06-03
P2016,Saia Jeans Rosa 2016,167.86,4.7,Poliéster,2024-03-17
P2017,Bermuda Cargo Vermelha 2017,103.01,3.9,Sarja,2026-04-14
P2018,Calça Jogger Azul 2018,225.89,5.0,Sarja,2024-03-10
P2019,Conjunto Casual Cinza 2019,98.11,4.7,Algodão,2026-08-15
P2020,Camiseta Oversized Rosa 2020,289.27,4.6,Algodão,2024-01-04
P2021,Saia Midi Vermelha 2021,124.92,4.6,Poliéster,2022-02-02
P2022,Jaqueta Puffer Verde 2022,324.33,4.6,Poliéster,2023-11-12
P2023,Blazer Social Bege 2023,301.1,4.6,Poliéster,2026-03-14
P2024,Blusa Manga Longa Cinza 2024,165.63,4.1,Viscose,2021-02-05
P2025,Jaqueta Jeans Preta 2025,143.54,4.3,Denim,2023-04-06
P2026,Bermuda Moletom Amarela 2026,154.62,4.0,Sarja,2021-04-09
P2027,Jaqueta Puffer Bege 2027,325.51,4.1,Poliéster,2025-10-08
P2028,Camiseta Slim Cinza 2028,100.05,4.1,Algodão,2023-11-24
P2029,Bermuda Cargo Verde 2029,57.83,3.9,Sarja,2025-01-21
P2030,Conjunto Esportivo Cinza 2030,346.08,4.3,Poliéster,2026-06-27
P2031,Camiseta Oversized Rosa 2031,322.77,4.6,Algodão,2025-09-18
P2032,Saia Midi Branca 2032,103.95,3.5,Poliéster,2023-04-25
P2033,Calça Sarja Azul 2033,209.73,4.1,Sarja,2026-04-19
P2034,Saia Casual Verde 2034,76.12,3.0,Poliéster,2023-09-05
P2035,Regata Canelada Preta 2035,276.98,4.8,Algodão,2026-07-18
P2036,Vestido Midi Rosa 2036,229.53,3.6,Viscose,2026-07-25
P2037,Bermuda Cargo Vermelha 2037,44.77,4.0,Sarja,2022-04-04
P2038,Blazer Slim Rosa 2038,290.97,4.3,Poliéster,2025-05-31
P2039,Camiseta Polo Azul 2039,399.89,5.0,Algodão,2024-12-14
P2040,Camiseta Slim Azul 2040,206.27,4.5,Algodão,2025-05-13
P2041,Blazer Slim Vermelha 2041,149.14,3.4,Poliéster,2021-12-14
P2042,Calça Jeans Cinza 2042,88.94,4.5,Sarja,2023-11-11
P2043,Regata Canelada Azul 2043,251.42,4.9,Algodão,2021-11-10
P2044,Blazer Casual Branca 2044,242.28,3.9,Poliéster,2026-02-01
P2045,Saia Midi Preta 2045,94.05,3.9,Poliéster,2025-12-12
P2046,Moletom Básico Azul 2046,341.22,4.5,Algodão/Poliéster,2024-04-17
P2047,Jaqueta Corta-Vento Azul 2047,318.92,3.8,Nylon,2021-09-26
P2048,Saia Plissada Bege 2048,250.13,4.0,Poliéster,2024-09-20
P2049,Blazer Slim Rosa 2049,308.2,3.3,Poliéster,2023-06-28
P2050,Moletom Básico Branca 2050,352.6,4.5,Algodão/Poliéster,2025-06-18
P2051,Camiseta Polo Verde 2051,147.52,5.0,Algodão,2021-07-25
P2052,Blazer Casual Marrom 2052,354.07,4.4,Poliéster,2023-04-22
P2053,Camiseta Estampada Bege 2053,120.04,4.4,Algodão,2023-01-19
P2054,Moletom Com Capuz Rosa 2054,305.7,3.6,Algodão/Poliéster,2026-05-27
P2055,Conjunto Casual Marrom 2055,281.42,4.9,Algodão,2022-09-10
P2056,Regata Básica Amarela 2056,315.08,4.3,Algodão,2026-08-07
P2057,Conjunto Casual Amarela 2057,307.36,4.3,Algodão,2026-03-23
P2058,Calça Jeans Bege 2058,136.23,4.1,Sarja,2024-04-29
P2059,Blusa Canelada Marrom 2059,320.2,4.1,Viscose,2021-12-28
P2060,Moletom Básico Amarela 2060,240.32,4.6,Algodão/Poliéster,2022-04-05
P2061,Camiseta Oversized Cinza 2061,66.48,4.4,Algodão,2021-02-05
P2062,Vestido Floral Azul 2062,291.15,4.2,Viscose,2025-05-23
P2063,Camiseta Slim Branca 2063,336.5,4.4,Algodão,2025-02-10
P2064,Jaqueta Puffer Marrom 2064,92.49,3.4,Poliéster,2022-10-29
P2065,Saia Jeans Verde 2065,399.89,4.6,Poliéster,2025-02-22
P2066,Camiseta Oversized Vermelha 2066,362.92,4.1,Algodão,2024-04-09
P2067,Jaqueta Bomber Vermelha 2067,65.89,3.3,Poliéster,2025-08-17
P2068,Blusa Social Verde 2068,290.48,4.4,Viscose,2021-06-29
P2069,Blazer Social Branca 2069,259.96,5.0,Poliéster,2022-02-16
P2070,Bermuda Moletom Verde 2070,131.13,4.4,Sarja,2025-07-29
P2071,Camiseta Estampada Rosa 2071,296.71,3.4,Algodão,2023-02-04
P2072,Regata Esportiva Branca 2072,187.15,3.7,Algodão,2026-06-08
P2073,Vestido Floral Verde 2073,212.98,5.0,Viscose,2025-12-28
P2074,Blusa Social Bege 2074,154.7,3.9,Viscose,2021-07-14
P2075,Moletom Canguru Amarela 2075,285.79,4.1,Algodão/Poliéster,2023-04-16
P2076,Vestido Midi Marrom 2076,123.56,4.4,Viscose,2025-02-22
P2077,Moletom Com Capuz Vermelha 2077,166.22,4.2,Algodão/Poliéster,2021-10-10
P2078,Moletom Canguru Verde 2078,56.63,4.1,Algodão/Poliéster,2025-11-17
P2079,Moletom Estampado Rosa 2079,354.81,3.2,Algodão/Poliéster,2021-07-23
P2080,Conjunto Casual Branca 2080,259.35,3.6,Algodão,2021-08-15
P2081,Blusa Manga Longa Vermelha 2081,280.64,4.0,Viscose,2024-01-30
P2082,Jaqueta Corta-Vento Vermelha 2082,324.02,4.0,Nylon,2022-05-26
P2083,Blusa Manga Longa Marrom 2083,317.87,4.3,Viscose,2024-08-15
P2084,Moletom Com Capuz Preta 2084,252.64,4.2,Algodão/Poliéster,2023-03-22
P2085,Calça Sarja Verde 2085,371.98,3.9,Sarja,2022-07-15
P2086,Jaqueta Bomber Verde 2086,60.06,4.7,Poliéster,2025-09-28
P2087,Moletom Canguru Amarela 2087,364.85,4.2,Algodão/Poliéster,2021-11-26
P2088,Bermuda Cargo Azul 2088,336.18,4.1,Sarja,2023-10-18
P2089,Camiseta Estampada Marrom 2089,260.66,4.2,Algodão,2021-12-15
P2090,Regata Esportiva Preta 2090,351.61,4.0,Algodão,2021-10-11
P2091,Camiseta Polo Rosa 2091,54.98,4.0,Algodão,2022-03-01
P2092,Jaqueta Bomber Branca 2092,173.85,3.9,Poliéster,2022-06-15
P2093,Conjunto Esportivo Vermelha 2093,271.01,4.2,Poliéster,2023-05-03
P2094,Regata Básica Cinza 2094,196.31,3.7,Algodão,2023-08-26
P2095,Moletom Estampado Amarela 2095,308.89,3.7,Algodão/Poliéster,2021-10-15
P2096,Saia Jeans Azul 2096,64.72,4.1,Poliéster,2021-03-23
P2097,Conjunto Esportivo Marrom 2097,174.06,4.2,Poliéster,2021-07-15
P2098,Blusa Manga Longa Bege 2098,167.53,3.6,Viscose,2024-07-29
P2099,Camiseta Básica Preta 2099,369.52,4.1,Algodão,2026-07-09
P2100,Blusa Manga Longa Azul 2100,152.48,3.7,Viscose,2021-02-22
P2101,Moletom Com Capuz Preta 2101,256.38,4.2,Algodão/Poliéster,2021-03-13
P2102,Moletom Estampado Rosa 2102,136.33,4.4,Algodão/Poliéster,2025-06-04
P2103,Jaqueta Bomber Branca 2103,195.39,4.1,Poliéster,2025-02-08
P2104,Cinto de Couro 2104,91.51,4.1,Couro,2025-02-27
P2105,Blazer Social Vermelha 2105,298.42,4.7,Poliéster,2021-12-24
P2106,Blusa Social Amarela 2106,237.16,3.8,Viscose,2025-11-26
P2107,Camiseta Polo Bege 2107,154.48,4.0,Algodão,2024-07-14
P2108,Saia Plissada Bege 2108,140.24,4.9,Poliéster,2021-11-23
P2109,Camiseta Básica Rosa 2109,52.03,4.3,Algodão,2021-08-28
P2110,Camisa Manga Curta Amarela 2110,236.27,4.5,Algodão,2024-05-31
P2111,Camiseta Estampada Amarela 2111,340.41,3.3,Algodão,2025-05-31
P2112,Regata Canelada Bege 2112,253.53,4.9,Algodão,2025-06-04
P2113,Blazer Social Azul 2113,145.75,2.9,Poliéster,2024-04-30
P2114,Bermuda Cargo Vermelha 2114,342.34,4.9,Sarja,2023-12-04
P2115,Calça Jeans Verde 2115,56.93,5.0,Sarja,2024-12-09
P2116,Saia Casual Verde 2116,217.73,4.7,Poliéster,2021-09-28
P2117,Saia Midi Azul 2117,48.72,4.6,Poliéster,2023-01-25
P2118,Blusa Manga Longa Azul 2118,137.66,3.7,Viscose,2021-07-24
P2119,Blazer Casual Marrom 2119,164.04,4.3,Poliéster,2025-10-02
P2120,Saia Midi Azul 2120,394.71,4.8,Poliéster,2024-06-07
P2121,Conjunto Moletom Verde 2121,98.24,3.8,Algodão/Poliéster,2025-05-28
P2122,Jaqueta Corta-Vento Azul 2122,191.48,3.8,Nylon,2023-10-27
P2123,Blazer Casual Marrom 2123,132.65,3.6,Poliéster,2026-04-08
P2124,Regata Básica Cinza 2124,324.47,4.2,Algodão,2026-04-08
P2125,Saia Jeans Marrom 2125,282.47,3.8,Poliéster,2024-06-29
P2126,Jaqueta Jeans Azul 2126,399.89,4.6,Denim,2025-09-22
P2127,Blazer Slim Branca 2127,198.86,3.7,Poliéster,2024-09-26
P2128,Camiseta Polo Branca 2128,129.07,4.4,Algodão,2025-02-06
P2129,Camisa Social Preta 2129,65.8,3.9,Algodão,2022-05-27
P2130,Conjunto Esportivo Branca 2130,233.7,4.2,Poliéster,2026-07-26
P2131,Jaqueta Jeans Azul 2131,373.38,4.3,Denim,2022-01-17
P2132,Camisa Social Verde 2132,212.93,5.0,Algodão,2024-12-08
P2133,Blusa Básica Bege 2133,74.57,4.9,Viscose,2024-06-09
P2134,Blazer Social Vermelha 2134,304.82,3.7,Poliéster,2021-07-11
P2135,Jaqueta Jeans Rosa 2135,260.34,3.9,Denim,2025-05-22
P2136,Calça Jogger Vermelha 2136,268.82,4.6,Sarja,2021-06-10
P2137,Blazer Social Vermelha 2137,138.36,3.5,Poliéster,2023-11-21
P2138,Regata Esportiva Vermelha 2138,141.74,4.1,Algodão,2025-08-16
P2139,Camiseta Básica Bege 2139,310.94,4.4,Algodão,2021-09-17
P2140,Calça Sarja Azul 2140,95.0,4.0,Sarja,2023-01-17
P2141,Vestido Floral Preta 2141,343.91,4.5,Viscose,2023-11-18
P2142,Camisa Flanela Vermelha 2142,60.1,4.2,Algodão,2026-03-28
P2143,Camiseta Polo Azul 2143,399.89,4.6,Algodão,2023-03-02
P2144,Calça Jeans Vermelha 2144,282.99,4.9,Sarja,2021-09-02
P2145,Bermuda Cargo Vermelha 2145,294.29,4.6,Sarja,2021-09-29
P2146,Camisa Linho Bege 2146,65.34,3.6,Algodão,2022-02-16
P2147,Vestido Floral Preta 2147,249.44,3.1,Viscose,2025-11-29
P2148,Blazer Slim Vermelha 2148,359.87,4.6,Poliéster,2025-05-19
P2149,Bermuda Esportiva Amarela 2149,399.89,4.0,Sarja,2023-05-15
P2150,Vestido Casual Rosa 2150,80.46,4.0,Viscose,2025-10-20
P2151,Conjunto Esportivo Marrom 2151,224.04,4.9,Poliéster,2026-03-16
P2152,Moletom Estampado Amarela 2152,119.67,4.0,Algodão/Poliéster,2025-11-30
P2153,Conjunto Esportivo Vermelha 2153,185.25,4.1,Poliéster,2021-01-10
P2154,Jaqueta Corta-Vento Vermelha 2154,117.43,4.6,Nylon,2021-07-25
P2155,Calça Sarja Vermelha 2155,105.01,4.5,Sarja,2025-02-10
P2156,Blazer Casual Preta 2156,136.52,4.1,Poliéster,2023-03-01
P2157,Regata Básica Vermelha 2157,111.58,4.6,Algodão,2021-11-25
P2158,Saia Midi Amarela 2158,245.35,4.0,Poliéster,2024-08-30
P2159,Moletom Com Capuz Marrom 2159,219.9,3.7,Algodão/Poliéster,2023-01-06
P2160,Bermuda Esportiva Preta 2160,176.96,3.9,Sarja,2026-03-16
P2161,Blusa Manga Longa Preta 2161,320.55,4.5,Viscose,2024-04-08
P2162,Camiseta Slim Preta 2162,65.08,4.7,Algodão,2022-05-10
P2163,Saia Jeans Branca 2163,158.13,3.7,Poliéster,2026-04-18
P2164,Moletom Básico Marrom 2164,362.7,3.6,Algodão/Poliéster,2024-05-27
P2165,Camiseta Polo Preta 2165,85.47,3.5,Algodão,2022-09-06
P2166,Conjunto Moletom Cinza 2166,195.53,4.2,Algodão/Poliéster,2021-10-24
P2167,Bermuda Esportiva Verde 2167,108.43,4.8,Sarja,2024-02-23
P2168,Jaqueta Corta-Vento Bege 2168,133.93,4.5,Nylon,2025-03-27
P2169,Saia Jeans Verde 2169,97.95,4.5,Poliéster,2025-09-26
P2170,Camiseta Estampada Cinza 2170,160.24,4.4,Algodão,2021-09-21
P2171,Jaqueta Puffer Verde 2171,330.52,3.7,Poliéster,2023-06-14
P2172,Blazer Casual Preta 2172,179.44,4.6,Poliéster,2026-08-31
P2173,Vestido Casual Azul 2173,127.05,4.7,Viscose,2024-09-29
P2174,Conjunto Moletom Preta 2174,399.89,4.2,Algodão/Poliéster,2021-07-10
P2175,Conjunto Moletom Preta 2175,358.32,4.1,Algodão/Poliéster,2026-03-13
P2176,Moletom Básico Bege 2176,221.97,3.9,Algodão/Poliéster,2024-11-18
P2177,Camiseta Polo Preta 2177,44.45,4.6,Algodão,2023-08-11
P2178,Jaqueta Jeans Amarela 2178,187.87,4.6,Denim,2025-05-27
P2179,Regata Canelada Bege 2179,314.11,3.6,Algodão,2024-09-03
P2180,Camiseta Estampada Cinza 2180,49.12,3.9,Algodão,2022-06-18
P2181,Blusa Manga Longa Verde 2181,293.18,2.6,Viscose,2025-07-06
P2182,Camisa Social Preta 2182,279.51,4.5,Algodão,2022-06-12
P2183,Regata Básica Azul 2183,399.89,4.4,Algodão,2022-04-19
P2184,Bermuda Esportiva Branca 2184,184.92,3.9,Sarja,2024-05-18
P2185,Conjunto Esportivo Bege 2185,64.77,4.2,Poliéster,2021-02-08
P2186,Bermuda Cargo Rosa 2186,184.95,4.4,Sarja,2024-07-28
P2187,Blazer Social Marrom 2187,124.62,4.1,Poliéster,2024-02-14
P2188,Conjunto Casual Rosa 2188,328.4,4.6,Algodão,2025-01-30
P2189,Bermuda Moletom Amarela 2189,399.89,4.9,Sarja,2021-11-26
P2190,Blusa Canelada Preta 2190,43.9,3.7,Viscose,2024-04-15
P2191,Conjunto Esportivo Marrom 2191,358.21,4.6,Poliéster,2023-07-03
P2192,Blazer Slim Branca 2192,276.81,4.7,Poliéster,2021-12-27
P2193,Vestido Longo Rosa 2193,334.97,4.6,Viscose,2023-07-25
P2194,Regata Básica Bege 2194,381.75,4.0,Algodão,2026-03-28
P2195,Bermuda Cargo Bege 2195,41.61,4.6,Sarja,2025-09-02
P2196,Calça Cargo Bege 2196,269.58,4.5,Sarja,2021-12-11
P2197,Regata Esportiva Marrom 2197,266.12,4.0,Algodão,2025-10-18
P2198,Jaqueta Jeans Azul 2198,308.33,5.0,Denim,2024-03-15
P2199,Camiseta Oversized Marrom 2199,148.3,4.1,Algodão,2021-04-08
P2200,Saia Midi Amarela 2200,189.81,3.6,Poliéster,2026-03-19
P2201,Bermuda Moletom Vermelha 2201,205.92,4.3,Sarja,2023-12-25
P2202,Saia Plissada Cinza 2202,120.8,4.1,Poliéster,2026-03-04
P2203,Regata Básica Azul 2203,399.89,4.4,Algodão,2021-07-23
P2204,Camiseta Polo Marrom 2204,399.89,4.4,Algodão,2021-12-14
P2205,Camisa Social Branca 2205,151.41,4.8,Algodão,2026-02-10
P2206,Moletom Básico Rosa 2206,197.15,4.1,Algodão/Poliéster,2022-05-09
P2207,Jaqueta Corta-Vento Rosa 2207,96.24,4.4,Nylon,2024-02-11
P2208,Bermuda Moletom Azul 2208,176.59,3.8,Sarja,2024-05-30
P2209,Moletom Básico Verde 2209,238.51,3.8,Algodão/Poliéster,2026-05-17
P2210,Saia Jeans Verde 2210,109.58,4.0,Poliéster,2022-11-29
P2211,Blusa Canelada Preta 2211,320.9,4.4,Viscose,2025-04-09
P2212,Blusa Manga Longa Branca 2212,325.24,4.1,Viscose,2025-02-21
P2213,Camiseta Oversized Branca 2213,207.39,4.9,Algodão,2024-12-21
P2214,Bermuda Moletom Branca 2214,317.44,3.7,Sarja,2023-12-17
P2215,Jaqueta Jeans Azul 2215,341.39,3.6,Denim,2021-05-28
P2216,Vestido Longo Azul 2216,201.9,4.5,Viscose,2022-07-05
P2217,Blazer Slim Branca 2217,220.43,4.0,Poliéster,2024-03-06
P2218,Camisa Flanela Cinza 2218,156.34,4.8,Algodão,2023-05-01
P2219,Blazer Slim Bege 2219,197.6,4.8,Poliéster,2022-01-17
P2220,Bermuda Cargo Cinza 2220,112.92,3.8,Sarja,2024-11-30
P2221,Regata Esportiva Marrom 2221,229.0,4.7,Algodão,2023-08-13
P2222,Conjunto Moletom Azul 2222,313.37,4.3,Algodão/Poliéster,2025-06-13
P2223,Calça Jeans Cinza 2223,305.31,4.1,Sarja,2024-02-09
P2224,Blusa Básica Amarela 2224,53.0,4.6,Viscose,2023-02-04
P2225,Camiseta Oversized Azul 2225,367.81,5.0,Algodão,2021-08-14
P2226,Vestido Longo Azul 2226,94.63,4.6,Viscose,2021-08-06
P2227,Camiseta Básica Marrom 2227,70.27,4.3,Algodão,2023-11-16
P2228,Blusa Manga Longa Branca 2228,310.72,4.3,Viscose,2023-01-01
P2229,Conjunto Casual Amarela 2229,342.86,4.4,Algodão,2025-01-25
P2230,Jaqueta Jeans Rosa 2230,44.84,3.9,Denim,2024-07-28
P2231,Moletom Estampado Preta 2231,289.02,4.2,Algodão/Poliéster,2022-08-12
P2232,Conjunto Esportivo Marrom 2232,366.33,4.0,Poliéster,2025-04-22
P2233,Camiseta Polo Cinza 2233,51.26,4.0,Algodão,2024-03-16
P2234,Regata Canelada Rosa 2234,267.41,3.9,Algodão,2025-12-26
P2235,Conjunto Moletom Rosa 2235,315.7,4.0,Algodão/Poliéster,2026-05-26
P2236,Calça Cargo Cinza 2236,260.86,4.3,Sarja,2026-06-14
P2237,Jaqueta Jeans Verde 2237,247.72,3.3,Denim,2021-09-20
P2238,Calça Jogger Rosa 2238,217.76,3.9,Sarja,2024-01-01
P2239,Camisa Social Azul 2239,163.48,4.1,Algodão,2021-03-01
P2240,Bermuda Cargo Preta 2240,162.67,3.6,Sarja,2025-12-27
P2241,Blusa Manga Longa Rosa 2241,44.71,4.1,Viscose,2024-12-24
P2242,Saia Jeans Amarela 2242,350.98,4.1,Poliéster,2022-06-27
P2243,Blazer Slim Bege 2243,170.7,3.9,Poliéster,2024-06-10
P2244,Regata Esportiva Preta 2244,226.0,4.3,Algodão,2024-03-03
P2245,Regata Básica Verde 2245,163.43,4.1,Algodão,2024-01-30
P2246,Saia Midi Amarela 2246,297.57,4.1,Poliéster,2024-01-21
P2247,Camisa Flanela Bege 2247,232.38,3.9,Algodão,2026-07-30
P2248,Saia Jeans Marrom 2248,142.52,4.8,Poliéster,2025-05-10
P2249,Blusa Social Amarela 2249,216.99,4.1,Viscose,2023-04-13
P2250,Vestido Casual Azul 2250,133.56,4.4,Viscose,2025-05-19
P2251,Camisa Linho Preta 2251,66.01,4.2,Algodão,2021-10-19
P2252,Camiseta Slim Amarela 2252,153.55,3.7,Algodão,2022-08-14
P2253,Blazer Casual Preta 2253,352.99,4.2,Poliéster,2021-08-31
P2254,Camisa Linho Rosa 2254,222.41,4.5,Algodão,2026-01-07
P2255,Blazer Casual Preta 2255,243.38,4.9,Poliéster,2021-02-19
P2256,Blusa Básica Amarela 2256,51.47,3.9,Viscose,2026-01-19
P2257,Blazer Slim Rosa 2257,320.37,3.2,Poliéster,2025-09-18
P2258,Camiseta Estampada Bege 2258,92.05,4.4,Algodão,2026-05-16
P2259,Camiseta Polo Vermelha 2259,93.84,4.0,Algodão,2025-05-04
P2260,Conjunto Esportivo Verde 2260,199.64,4.6,Poliéster,2023-08-05
P2261,Calça Social Rosa 2261,164.11,4.1,Sarja,2025-08-07
P2262,Moletom Básico Preta 2262,62.39,4.0,Algodão/Poliéster,2026-08-05
P2263,Calça Social Cinza 2263,132.63,3.5,Sarja,2026-01-21
P2264,Camisa Flanela Marrom 2264,326.57,4.6,Algodão,2025-06-12
P2265,Vestido Floral Preta 2265,313.98,4.4,Viscose,2025-05-06
P2266,Calça Jogger Branca 2266,78.49,4.0,Sarja,2024-09-13
P2267,Blazer Slim Bege 2267,170.72,4.5,Poliéster,2026-01-20
P2268,Conjunto Casual Rosa 2268,48.8,4.0,Algodão,2023-06-14
P2269,Jaqueta Puffer Bege 2269,269.16,3.7,Poliéster,2023-11-03
P2270,Regata Esportiva Azul 2270,354.7,4.4,Algodão,2025-10-09
P2271,Camiseta Slim Preta 2271,140.54,4.4,Algodão,2022-06-28
P2272,Camiseta Estampada Cinza 2272,156.7,4.5,Algodão,2025-05-01
P2273,Blusa Manga Longa Vermelha 2273,312.68,4.4,Viscose,2021-08-17
P2274,Calça Jogger Marrom 2274,128.39,4.1,Sarja,2024-04-26
P2275,Conjunto Casual Bege 2275,122.19,4.2,Algodão,2021-03-14
P2276,Conjunto Esportivo Branca 2276,261.81,5.0,Poliéster,2026-08-26
P2277,Vestido Longo Rosa 2277,166.3,4.4,Viscose,2025-10-09
P2278,Blazer Slim Cinza 2278,254.16,4.8,Poliéster,2022-06-01
P2279,Camisa Linho Bege 2279,127.3,4.7,Algodão,2021-11-07
P2280,Jaqueta Jeans Preta 2280,151.73,4.9,Denim,2024-08-20
P2281,Moletom Canguru Amarela 2281,339.57,4.1,Algodão/Poliéster,2026-02-09
P2282,Camisa Flanela Branca 2282,199.44,4.6,Algodão,2022-10-27
P2283,Moletom Canguru Bege 2283,196.88,3.9,Algodão/Poliéster,2026-06-13
P2284,Blazer Casual Rosa 2284,63.38,4.6,Poliéster,2023-08-06
P2285,Calça Jogger Preta 2285,65.95,4.1,Sarja,2023-07-03
P2286,Camiseta Oversized Branca 2286,121.32,4.9,Algodão,2022-12-03
P2287,Jaqueta Jeans Amarela 2287,204.95,4.9,Denim,2022-07-15
P2288,Jaqueta Bomber Verde 2288,110.53,4.7,Poliéster,2022-11-24
P2289,Conjunto Casual Cinza 2289,374.77,4.5,Algodão,2021-12-24
P2290,Camiseta Slim Amarela 2290,269.84,3.8,Algodão,2023-02-19
P2291,Blazer Slim Preta 2291,161.27,4.5,Poliéster,2022-08-23
P2292,Calça Cargo Cinza 2292,117.43,3.1,Sarja,2021-04-28
P2293,Moletom Estampado Cinza 2293,190.97,4.2,Algodão/Poliéster,2023-01-21
P2294,Camiseta Básica Amarela 2294,139.37,3.8,Algodão,2021-03-24
P2295,Bermuda Cargo Verde 2295,55.37,4.2,Sarja,2022-01-10
P2296,Camiseta Estampada Bege 2296,399.89,3.3,Algodão,2025-02-08
P2297,Camisa Social Preta 2297,297.92,5.0,Algodão,2021-02-22
P2298,Regata Básica Cinza 2298,124.05,4.7,Algodão,2022-10-06
P2299,Calça Social Vermelha 2299,165.3,5.0,Sarja,2024-11-16
P2300,Camisa Linho Azul 2300,260.06,4.0,Algodão,2021-02-13
P2301,Camiseta Estampada Bege 2301,118.6,4.4,Algodão,2025-03-06
P2302,Moletom Com Capuz Amarela 2302,265.58,4.1,Algodão/Poliéster,2021-06-18
P2303,Bermuda Jeans Verde 2303,100.88,4.7,Sarja,2021-04-25
P2304,Camiseta Estampada Cinza 2304,85.31,3.9,Algodão,2022-02-10
P2305,Camiseta Polo Azul 2305,104.34,4.1,Algodão,2025-11-16
P2306,Blusa Manga Longa Rosa 2306,44.66,4.1,Viscose,2021-04-10
P2307,Regata Esportiva Cinza 2307,351.76,3.8,Algodão,2021-07-24
P2308,Vestido Midi Marrom 2308,67.67,3.5,Viscose,2026-05-12
P2309,Conjunto Esportivo Bege 2309,109.76,4.1,Poliéster,2024-06-16
P2310,Camisa Linho Vermelha 2310,47.66,4.7,Algodão,2024-03-21
P2311,Camisa Social Azul 2311,399.89,4.3,Algodão,2021-03-25
P2312,Camiseta Básica Cinza 2312,227.76,3.8,Algodão,2023-03-27
P2313,Camisa Social Preta 2313,341.51,3.7,Algodão,2024-04-07
P2314,Moletom Estampado Amarela 2314,125.08,4.1,Algodão/Poliéster,2024-01-08
P2315,Camisa Manga Curta Verde 2315,261.89,4.3,Algodão,2023-12-15
P2316,Calça Sarja Vermelha 2316,160.03,3.6,Sarja,2021-08-22
P2317,Saia Midi Verde 2317,141.03,5.0,Poliéster,2026-08-09
P2318,Conjunto Esportivo Marrom 2318,399.89,3.8,Poliéster,2024-12-23
P2319,Blusa Básica Vermelha 2319,399.89,4.5,Viscose,2022-05-15
P2320,Camisa Social Rosa 2320,351.83,3.9,Algodão,2026-06-30
P2321,Conjunto Casual Bege 2321,323.18,4.9,Algodão,2022-09-16
P2322,Camiseta Básica Vermelha 2322,60.0,3.9,Algodão,2021-09-28
P2323,Blusa Canelada Verde 2323,86.21,4.1,Viscose,2026-01-22
P2324,Camisa Flanela Bege 2324,57.32,4.1,Algodão,2021-11-12
P2325,Calça Social Rosa 2325,64.56,3.7,Sarja,2021-05-06
P2326,Saia Midi Verde 2326,132.96,4.9,Poliéster,2024-07-24
P2327,Camisa Social Branca 2327,78.32,4.0,Algodão,2022-07-01
P2328,Saia Midi Azul 2328,54.13,4.4,Poliéster,2021-11-11
P2329,Jaqueta Puffer Rosa 2329,318.19,3.6,Poliéster,2021-07-31
P2330,Saia Casual Verde 2330,79.01,2.9,Poliéster,2021-09-18
P2331,Conjunto Casual Amarela 2331,310.88,4.4,Algodão,2026-06-12
P2332,Jaqueta Puffer Verde 2332,357.8,4.8,Poliéster,2024-10-19
P2333,Vestido Longo Marrom 2333,231.35,4.4,Viscose,2025-10-10
P2334,Saia Casual Cinza 2334,179.35,4.4,Poliéster,2024-07-04
P2335,Blusa Manga Longa Marrom 2335,295.28,4.4,Viscose,2024-01-30
P2336,Jaqueta Puffer Cinza 2336,143.02,4.0,Poliéster,2022-03-27
P2337,Saia Jeans Verde 2337,78.17,4.0,Poliéster,2026-06-25
P2338,Moletom Básico Preta 2338,297.52,4.5,Algodão/Poliéster,2025-08-31
P2339,Camiseta Slim Cinza 2339,150.2,4.9,Algodão,2023-12-30
P2340,Bermuda Moletom Azul 2340,341.3,4.5,Sarja,2021-08-06
P2341,Conjunto Esportivo Branca 2341,223.71,4.0,Poliéster,2025-04-22
P2342,Bermuda Moletom Vermelha 2342,142.15,4.7,Sarja,2022-11-20
P2343,Camiseta Oversized Vermelha 2343,387.53,4.7,Algodão,2022-03-09
P2344,Blusa Social Bege 2344,100.37,4.9,Viscose,2025-03-09
P2345,Jaqueta Bomber Vermelha 2345,71.45,3.4,Poliéster,2025-09-29
P2346,Calça Jogger Rosa 2346,166.72,4.3,Sarja,2024-06-24
P2347,Blusa Canelada Cinza 2347,79.59,4.0,Viscose,2021-06-03
P2348,Regata Esportiva Branca 2348,341.45,5.0,Algodão,2024-05-26
P2349,Calça Cargo Preta 2349,241.97,4.2,Sarja,2026-03-17
P2350,Regata Básica Branca 2350,337.08,4.7,Algodão,2024-11-20
P2351,Blazer Slim Cinza 2351,317.46,5.0,Poliéster,2022-07-04
P2352,Jaqueta Corta-Vento Preta 2352,119.43,4.3,Nylon,2024-08-30
P2353,Blusa Social Amarela 2353,399.89,4.5,Viscose,2022-05-31
P2354,Camiseta Polo Rosa 2354,62.11,4.1,Algodão,2025-12-14
P2355,Bermuda Moletom Azul 2355,178.42,3.9,Sarja,2025-10-16
P2356,Regata Canelada Azul 2356,152.08,4.2,Algodão,2024-03-22
P2357,Regata Canelada Amarela 2357,175.58,4.2,Algodão,2021-10-07
P2358,Moletom Canguru Preta 2358,71.2,3.8,Algodão/Poliéster,2023-04-11
P2359,Blusa Básica Bege 2359,69.94,5.0,Viscose,2021-09-07
P2360,Blazer Casual Bege 2360,203.32,4.1,Poliéster,2025-05-05
P2361,Blusa Social Amarela 2361,149.23,4.3,Viscose,2024-11-09
P2362,Camiseta Polo Branca 2362,264.88,4.8,Algodão,2022-06-21
P2363,Blazer Social Azul 2363,317.06,4.5,Poliéster,2025-11-07
P2364,Saia Plissada Bege 2364,268.86,4.4,Poliéster,2025-04-21
P2365,Conjunto Casual Verde 2365,203.62,4.6,Algodão,2026-04-22
P2366,Conjunto Esportivo Bege 2366,329.2,5.0,Poliéster,2022-08-03
P2367,Bermuda Moletom Verde 2367,137.18,4.2,Sarja,2021-12-28
P2368,Conjunto Esportivo Bege 2368,98.45,4.2,Poliéster,2023-09-21
P2369,Camiseta Polo Amarela 2369,218.78,4.4,Algodão,2022-07-03
P2370,Calça Sarja Branca 2370,259.48,4.2,Sarja,2025-03-10
P2371,Conjunto Esportivo Bege 2371,128.71,4.0,Poliéster,2023-05-31
P2372,Blazer Casual Preta 2372,133.22,4.3,Poliéster,2024-07-22
P2373,Bermuda Jeans Branca 2373,278.76,4.6,Sarja,2021-12-22
P2374,Bermuda Moletom Amarela 2374,124.7,4.7,Sarja,2021-06-27
P2375,Moletom Canguru Marrom 2375,218.15,3.8,Algodão/Poliéster,2026-04-24
P2376,Blazer Casual Preta 2376,383.67,4.9,Poliéster,2023-07-13
P2377,Jaqueta Jeans Azul 2377,356.55,3.3,Denim,2021-10-16
P2378,Camisa Manga Curta Vermelha 2378,52.75,4.8,Algodão,2025-08-07
P2379,Jaqueta Jeans Cinza 2379,106.35,3.9,Denim,2021-10-02
P2380,Regata Canelada Vermelha 2380,202.97,4.6,Algodão,2026-08-25
P2381,Tênis Casual 2381,247.62,4.6,Sintético,2023-03-10
P2382,Saia Midi Vermelha 2382,120.11,4.4,Poliéster,2023-08-24
P2383,Conjunto Moletom Cinza 2383,206.04,4.2,Algodão/Poliéster,2022-06-21
P2384,Vestido Midi Cinza 2384,205.32,4.3,Viscose,2021-06-27
P2385,Bermuda Jeans Vermelha 2385,40.92,4.2,Sarja,2023-04-26
P2386,Vestido Casual Marrom 2386,377.58,4.6,Viscose,2023-01-28
P2387,Saia Midi Preta 2387,94.98,3.9,Poliéster,2023-07-17
P2388,Blazer Casual Azul 2388,117.07,3.8,Poliéster,2023-10-11
P2389,Moletom Canguru Preta 2389,72.31,3.7,Algodão/Poliéster,2024-07-28
P2390,Conjunto Moletom Branca 2390,261.48,4.1,Algodão/Poliéster,2021-06-01
P2391,Camisa Manga Curta Vermelha 2391,52.7,4.8,Algodão,2023-01-21
P2392,Camisa Linho Preta 2392,60.67,4.3,Algodão,2025-11-24
P2393,Vestido Midi Preta 2393,102.37,4.5,Viscose,2026-05-24
P2394,Jaqueta Bomber Preta 2394,363.16,4.7,Poliéster,2024-01-20
P2395,Calça Sarja Bege 2395,323.49,4.5,Sarja,2023-01-28
P2396,Calça Jogger Cinza 2396,163.29,5.0,Sarja,2023-05-11
P2397,Jaqueta Corta-Vento Preta 2397,122.69,4.3,Nylon,2025-06-07
P2398,Moletom Estampado Verde 2398,201.56,4.4,Algodão/Poliéster,2023-04-02
P2399,Moletom Canguru Vermelha 2399,108.34,4.3,Algodão/Poliéster,2026-05-10
P2400,Vestido Floral Rosa 2400,101.45,3.8,Viscose,2021-02-28
P2401,Bermuda Jeans Cinza 2401,132.07,4.6,Sarja,2024-06-07
P2402,Moletom Estampado Branca 2402,123.86,3.7,Algodão/Poliéster,2023-12-10
P2403,Saia Plissada Bege 2403,81.64,4.4,Poliéster,2023-07-24
P2404,Jaqueta Jeans Preta 2404,187.37,3.4,Denim,2023-09-11
P2405,Camisa Social Branca 2405,57.02,4.8,Algodão,2021-11-25
P2406,Blazer Casual Bege 2406,282.78,3.8,Poliéster,2022-12-17
P2407,Saia Plissada Bege 2407,248.47,3.7,Poliéster,2023-01-02
P2408,Vestido Casual Preta 2408,304.41,3.5,Viscose,2024-09-24
P2409,Vestido Longo Marrom 2409,48.25,4.6,Viscose,2024-05-22
P2410,Vestido Floral Marrom 2410,183.97,4.3,Viscose,2023-05-01
P2411,Camisa Manga Curta Vermelha 2411,98.87,4.4,Algodão,2023-12-07
P2412,Jaqueta Jeans Marrom 2412,112.36,4.4,Denim,2024-03-28
P2413,Regata Básica Branca 2413,191.98,4.1,Algodão,2021-04-08
P2414,Saia Casual Branca 2414,306.72,4.0,Poliéster,2026-01-06
P2415,Regata Esportiva Bege 2415,134.4,3.5,Algodão,2026-01-21
P2416,Blazer Slim Rosa 2416,328.16,3.4,Poliéster,2023-01-23
P2417,Bermuda Moletom Azul 2417,172.4,4.0,Sarja,2025-04-24
P2418,Vestido Casual Bege 2418,79.01,3.6,Viscose,2023-04-04
P2419,Camisa Flanela Preta 2419,88.37,4.3,Algodão,2021-05-20
P2420,Conjunto Casual Branca 2420,321.09,3.7,Algodão,2025-11-27
P2421,Saia Casual Rosa 2421,79.62,4.8,Poliéster,2022-07-08
P2422,Bermuda Moletom Preta 2422,47.37,4.3,Sarja,2023-01-11
P2423,Bermuda Jeans Marrom 2423,345.78,5.0,Sarja,2024-04-06
P2424,Calça Jogger Branca 2424,75.91,4.1,Sarja,2023-06-29
P2425,Camiseta Oversized Bege 2425,139.29,3.8,Algodão,2022-07-04
P2426,Moletom Estampado Rosa 2426,135.05,4.4,Algodão/Poliéster,2025-07-15
P2427,Saia Casual Verde 2427,388.22,3.7,Poliéster,2023-01-07
P2428,Blazer Slim Rosa 2428,201.14,3.5,Poliéster,2024-05-09
P2429,Moletom Canguru Verde 2429,298.28,4.1,Algodão/Poliéster,2024-10-08
P2430,Saia Plissada Rosa 2430,230.56,4.9,Poliéster,2026-04-17
P2431,Saia Midi Amarela 2431,316.77,4.2,Poliéster,2023-09-18
P2432,Camisa Social Verde 2432,390.69,4.7,Algodão,2023-09-01
P2433,Camisa Linho Verde 2433,76.29,3.7,Algodão,2026-03-05
P2434,Conjunto Esportivo Vermelha 2434,156.61,3.7,Poliéster,2023-09-19
P2435,Saia Plissada Bege 2435,247.56,3.9,Poliéster,2022-09-09
P2436,Moletom Estampado Vermelha 2436,304.49,3.8,Algodão/Poliéster,2021-03-30
P2437,Jaqueta Corta-Vento Amarela 2437,76.0,4.8,Nylon,2022-11-04
P2438,Saia Casual Rosa 2438,78.49,4.9,Poliéster,2022-02-13
P2439,Calça Cargo Marrom 2439,273.07,4.7,Sarja,2022-09-23
P2440,Saia Midi Verde 2440,44.83,4.6,Poliéster,2024-01-23
P2441,Camiseta Estampada Branca 2441,153.69,3.8,Algodão,2023-12-22
P2442,Regata Canelada Bege 2442,135.31,4.8,Algodão,2022-01-23
P2443,Bermuda Esportiva Amarela 2443,370.22,4.3,Sarja,2023-08-19
P2444,Jaqueta Corta-Vento Rosa 2444,276.7,4.3,Nylon,2023-07-28
P2445,Blusa Manga Longa Azul 2445,124.23,3.7,Viscose,2021-03-30
P2446,Saia Casual Marrom 2446,145.63,3.9,Poliéster,2022-08-10
P2447,Moletom Estampado Azul 2447,221.62,4.4,Algodão/Poliéster,2025-02-04
P2448,Saia Casual Vermelha 2448,212.17,4.7,Poliéster,2021-02-13
P2449,Blazer Slim Amarela 2449,319.06,3.4,Poliéster,2022-09-15
P2450,Bermuda Moletom Cinza 2450,381.76,4.5,Sarja,2023-09-11
P2451,Saia Plissada Rosa 2451,355.26,4.4,Poliéster,2021-12-11
P2452,Camisa Flanela Cinza 2452,129.67,5.0,Algodão,2024-08-30
P2453,Camisa Social Branca 2453,58.25,4.7,Algodão,2025-01-20
P2454,Moletom Estampado Bege 2454,132.25,5.0,Algodão/Poliéster,2022-12-01
P2455,Bermuda Moletom Preta 2455,226.85,3.1,Sarja,2022-04-22
P2456,Jaqueta Corta-Vento Bege 2456,331.12,4.6,Nylon,2025-05-26
P2457,Camisa Manga Curta Verde 2457,74.77,4.1,Algodão,2022-03-21
P2458,Blusa Manga Longa Bege 2458,284.48,3.9,Viscose,2021-10-30
P2459,Blusa Manga Longa Vermelha 2459,184.95,3.9,Viscose,2021-03-10
P2460,Conjunto Moletom Cinza 2460,210.91,4.0,Algodão/Poliéster,2021-07-08
P2461,Camisa Manga Curta Cinza 2461,124.81,4.3,Algodão,2025-12-09
P2462,Blusa Manga Longa Rosa 2462,47.4,4.2,Viscose,2026-04-19
P2463,Blazer Casual Bege 2463,176.95,4.0,Poliéster,2024-02-04
P2464,Camiseta Slim Branca 2464,379.4,4.2,Algodão,2026-03-22
P2465,Bolsa Transversal 2465,119.57,4.4,Couro sintético,2025-01-02
P2466,Blusa Manga Longa Vermelha 2466,165.58,3.9,Viscose,2023-04-22
P2467,Jaqueta Jeans Marrom 2467,230.86,3.7,Denim,2025-01-15
P2468,Bermuda Cargo Azul 2468,87.03,4.1,Sarja,2023-05-19
P2469,Jaqueta Puffer Amarela 2469,48.95,4.5,Poliéster,2026-06-14
P2470,Conjunto Esportivo Rosa 2470,115.86,4.6,Poliéster,2025-10-27
P2471,Calça Cargo Vermelha 2471,267.22,3.4,Sarja,2025-10-14
P2472,Blazer Slim Rosa 2472,194.11,3.7,Poliéster,2024-01-03
P2473,Calça Jogger Rosa 2473,284.0,3.8,Sarja,2023-12-09
P2474,Vestido Longo Rosa 2474,170.29,4.1,Viscose,2021-08-31
P2475,Vestido Midi Azul 2475,97.45,4.3,Viscose,2024-09-12
P2476,Conjunto Moletom Amarela 2476,70.23,3.9,Algodão/Poliéster,2021-08-26
P2477,Jaqueta Puffer Rosa 2477,339.65,4.8,Poliéster,2024-01-24
P2478,Regata Esportiva Bege 2478,146.12,3.6,Algodão,2021-09-29
P2479,Jaqueta Puffer Verde 2479,200.75,4.3,Poliéster,2023-09-12
P2480,Moletom Básico Marrom 2480,139.61,4.2,Algodão/Poliéster,2025-06-04
P2481,Saia Plissada Preta 2481,168.89,4.0,Poliéster,2022-10-01
P2482,Regata Esportiva Rosa 2482,85.44,4.1,Algodão,2024-05-30
P2483,Vestido Casual Marrom 2483,319.99,4.3,Viscose,2022-06-22
P2484,Blazer Social Vermelha 2484,310.26,4.8,Poliéster,2022-09-13
P2485,Moletom Estampado Preta 2485,287.58,4.1,Algodão/Poliéster,2022-01-14
P2486,Camiseta Estampada Branca 2486,91.54,4.5,Algodão,2021-12-02
P2487,Saia Jeans Verde 2487,110.12,4.1,Poliéster,2023-02-09
P2488,Blazer Social Cinza 2488,63.88,4.1,Poliéster,2021-09-13
P2489,Regata Esportiva Azul 2489,93.93,4.2,Algodão,2026-01-19
P2490,Blazer Social Verde 2490,362.93,3.6,Poliéster,2025-03-14
P2491,Conjunto Esportivo Rosa 2491,108.64,4.5,Poliéster,2022-04-04
P2492,Vestido Longo Amarela 2492,301.03,4.8,Viscose,2026-01-07
P2493,Blazer Slim Verde 2493,129.0,4.5,Poliéster,2023-01-26
P2494,Bermuda Jeans Verde 2494,138.87,3.8,Sarja,2024-01-04
P2495,Moletom Canguru Amarela 2495,49.15,4.0,Algodão/Poliéster,2024-12-17
P2496,Camiseta Slim Azul 2496,399.89,4.5,Algodão,2025-05-18
P2497,Camisa Social Preta 2497,304.9,3.7,Algodão,2021-01-17
P2498,Conjunto Moletom Azul 2498,336.86,3.2,Algodão/Poliéster,2022-08-09
P2499,Saia Plissada Amarela 2499,349.58,4.4,Poliéster,2022-11-28
P2500,Saia Casual Azul 2500,358.03,3.7,Poliéster,2024-04-26
P2501,Camiseta Oversized Azul 2501,322.1,4.4,Algodão,2025-12-11
P2502,Moletom Com Capuz Branca 2502,262.85,3.9,Algodão/Poliéster,2023-06-26
P2503,Calça Social Azul 2503,60.44,3.5,Sarja,2023-08-17
P2504,Bermuda Jeans Rosa 2504,235.79,3.7,Sarja,2021-07-01
P2505,Bermuda Cargo Rosa 2505,81.11,4.8,Sarja,2023-12-25
P2506,Jaqueta Puffer Amarela 2506,323.82,4.0,Poliéster,2023-10-06
P2507,Moletom Com Capuz Verde 2507,350.8,3.8,Algodão/Poliéster,2024-08-10
P2508,Blusa Social Bege 2508,262.82,4.8,Viscose,2025-10-19
P2509,Regata Canelada Bege 2509,274.65,4.3,Algodão,2024-03-19
P2510,Moletom Básico Preta 2510,117.97,4.9,Algodão/Poliéster,2021-04-18
P2511,Moletom Canguru Preta 2511,188.19,4.1,Algodão/Poliéster,2025-08-18
P2512,Camiseta Oversized Amarela 2512,135.95,4.3,Algodão,2023-09-15
P2513,Blusa Manga Longa Vermelha 2513,193.83,3.8,Viscose,2023-10-04
P2514,Jaqueta Puffer Branca 2514,257.74,4.5,Poliéster,2025-12-12
P2515,Camiseta Básica Branca 2515,95.77,4.6,Algodão,2024-05-05
P2516,Regata Canelada Marrom 2516,103.01,4.7,Algodão,2025-06-23
P2517,Moletom Canguru Branca 2517,172.48,4.8,Algodão/Poliéster,2025-12-26
P2518,Conjunto Esportivo Amarela 2518,316.28,4.6,Poliéster,2023-10-18
P2519,Camisa Manga Curta Azul 2519,346.64,4.2,Algodão,2026-07-26
P2520,Camiseta Oversized Bege 2520,211.98,3.4,Algodão,2021-12-21
P2521,Camisa Flanela Bege 2521,263.46,5.0,Algodão,2025-12-08
P2522,Blazer Social Preta 2522,283.55,4.2,Poliéster,2025-10-22
P2523,Camiseta Slim Marrom 2523,136.31,4.5,Algodão,2021-07-26
P2524,Camisa Social Rosa 2524,164.14,4.7,Algodão,2021-11-13
P2525,Bermuda Cargo Verde 2525,353.61,5.0,Sarja,2021-03-18
P2526,Vestido Floral Rosa 2526,90.83,3.7,Viscose,2022-07-27
P2527,Camisa Social Amarela 2527,251.25,3.8,Algodão,2026-08-14
P2528,Vestido Casual Preta 2528,323.67,3.4,Viscose,2021-09-15
P2529,Saia Casual Rosa 2529,75.17,4.9,Poliéster,2021-03-11
P2530,Camiseta Oversized Rosa 2530,171.67,4.0,Algodão,2023-08-08
P2531,Calça Cargo Cinza 2531,325.02,4.3,Sarja,2023-01-02
P2532,Jaqueta Jeans Marrom 2532,202.87,4.0,Denim,2024-07-25
P2533,Regata Canelada Bege 2533,399.89,3.8,Algodão,2024-06-08
P2534,Calça Social Vermelha 2534,140.24,5.0,Sarja,2025-09-08
P2535,Blazer Social Verde 2535,238.55,4.1,Poliéster,2023-05-09
P2536,Saia Casual Vermelha 2536,232.54,4.0,Poliéster,2023-08-13
P2537,Conjunto Moletom Azul 2537,338.77,4.1,Algodão/Poliéster,2021-02-16
P2538,Vestido Midi Vermelha 2538,347.05,4.6,Viscose,2026-07-02
P2539,Saia Midi Vermelha 2539,383.79,4.1,Poliéster,2022-03-18
P2540,Blusa Manga Longa Branca 2540,358.16,3.5,Viscose,2024-05-17
P2541,Conjunto Moletom Rosa 2541,399.89,3.8,Algodão/Poliéster,2025-12-28
P2542,Bermuda Jeans Azul 2542,70.36,3.9,Sarja,2024-06-04
P2543,Blazer Casual Marrom 2543,355.66,4.3,Poliéster,2024-07-17
P2544,Vestido Casual Rosa 2544,337.08,4.2,Viscose,2021-12-29
P2545,Saia Jeans Branca 2545,161.5,4.1,Poliéster,2025-01-06
P2546,Vestido Casual Amarela 2546,330.54,4.3,Viscose,2022-01-29
P2547,Jaqueta Jeans Branca 2547,206.95,4.2,Denim,2024-12-02
P2548,Calça Social Azul 2548,211.35,4.7,Sarja,2024-04-08
P2549,Calça Jogger Amarela 2549,161.0,4.1,Sarja,2023-10-10
P2550,Blusa Canelada Preta 2550,162.37,3.9,Viscose,2025-01-31
P2551,Camisa Manga Curta Azul 2551,255.83,3.9,Algodão,2025-01-29
P2552,Blusa Canelada Vermelha 2552,208.41,4.4,Viscose,2022-02-28
P2553,Saia Jeans Branca 2553,353.77,4.2,Poliéster,2023-02-17
P2554,Camisa Social Preta 2554,304.2,4.4,Algodão,2023-09-29
P2555,Calça Jeans Branca 2555,62.78,4.7,Sarja,2021-11-10
P2556,Camisa Flanela Marrom 2556,132.51,4.7,Algodão,2023-01-07
P2557,Regata Básica Verde 2557,123.37,4.4,Algodão,2021-03-27
P2558,Vestido Midi Preta 2558,112.31,3.3,Viscose,2023-06-27
P2559,Bermuda Jeans Branca 2559,314.53,4.1,Sarja,2022-03-02
P2560,Regata Esportiva Bege 2560,167.68,3.6,Algodão,2022-04-05
P2561,Calça Sarja Rosa 2561,399.89,4.6,Sarja,2025-08-21
P2562,Blazer Slim Vermelha 2562,105.86,5.0,Poliéster,2021-10-19
P2563,Camisa Social Cinza 2563,222.32,4.2,Algodão,2021-09-07
P2564,Jaqueta Puffer Amarela 2564,51.87,4.5,Poliéster,2022-10-26
P2565,Moletom Básico Bege 2565,362.07,3.4,Algodão/Poliéster,2021-02-18
P2566,Moletom Básico Preta 2566,122.62,4.8,Algodão/Poliéster,2025-12-03
P2567,Moletom Canguru Preta 2567,370.59,4.0,Algodão/Poliéster,2026-08-04
P2568,Blazer Casual Azul 2568,74.69,4.1,Poliéster,2025-07-25
P2569,Vestido Floral Amarela 2569,212.6,3.7,Viscose,2025-07-12
P2570,Moletom Básico Branca 2570,106.01,3.7,Algodão/Poliéster,2021-07-30
P2571,Camiseta Estampada Preta 2571,293.82,4.9,Algodão,2024-02-22
P2572,Regata Esportiva Preta 2572,120.9,4.5,Algodão,2021-07-01
P2573,Jaqueta Jeans Marrom 2573,121.74,3.9,Denim,2022-09-15
P2574,Camisa Social Branca 2574,202.82,4.4,Algodão,2023-10-17
P2575,Cinto de Couro 2575,92.61,4.2,Couro,2024-11-11
P2576,Bermuda Moletom Amarela 2576,154.09,4.7,Sarja,2022-07-28
P2577,Jaqueta Bomber Amarela 2577,212.08,3.7,Poliéster,2022-06-15
P2578,Camiseta Estampada Azul 2578,84.06,4.1,Algodão,2025-08-31
P2579,Camisa Flanela Branca 2579,127.58,4.3,Algodão,2022-04-09
P2580,Calça Social Verde 2580,295.92,3.7,Sarja,2023-10-03
P2581,Camisa Manga Curta Amarela 2581,357.45,4.1,Algodão,2022-08-17
P2582,Blazer Casual Vermelha 2582,209.51,3.8,Poliéster,2025-10-31
P2583,Blazer Slim Marrom 2583,185.38,4.9,Poliéster,2024-01-12
P2584,Camisa Flanela Verde 2584,54.26,3.8,Algodão,2021-08-12
P2585,Saia Plissada Azul 2585,245.49,4.3,Poliéster,2021-11-03
P2586,Camisa Flanela Cinza 2586,106.32,5.0,Algodão,2026-07-01
P2587,Vestido Midi Verde 2587,351.78,4.1,Viscose,2026-04-30
P2588,Blusa Social Rosa 2588,119.01,4.3,Viscose,2025-05-07
P2589,Camisa Flanela Bege 2589,337.6,4.8,Algodão,2021-06-10
P2590,Jaqueta Jeans Rosa 2590,126.06,4.6,Denim,2025-02-23
P2591,Camisa Linho Cinza 2591,135.09,4.4,Algodão,2024-09-29
P2592,Bermuda Cargo Cinza 2592,111.34,3.8,Sarja,2026-04-30
P2593,Conjunto Esportivo Marrom 2593,141.74,4.3,Poliéster,2023-10-04
P2594,Conjunto Moletom Branca 2594,290.47,3.9,Algodão/Poliéster,2023-09-01
P2595,Conjunto Casual Bege 2595,308.01,5.0,Algodão,2024-08-01
P2596,Blusa Básica Marrom 2596,293.54,4.3,Viscose,2021-11-05
P2597,Blusa Manga Longa Branca 2597,308.63,4.4,Viscose,2025-03-23
P2598,Moletom Canguru Branca 2598,284.98,3.8,Algodão/Poliéster,2023-10-26
P2599,Vestido Midi Azul 2599,323.47,4.5,Viscose,2022-01-24
P2600,Jaqueta Puffer Cinza 2600,262.15,4.8,Poliéster,2025-08-14
P2601,Bermuda Esportiva Amarela 2601,309.88,4.2,Sarja,2022-07-02
P2602,Saia Jeans Verde 2602,106.93,4.0,Poliéster,2025-11-14
P2603,Blusa Social Azul 2603,234.01,4.8,Viscose,2022-07-19
P2604,Regata Esportiva Rosa 2604,120.49,5.0,Algodão,2023-10-08
P2605,Moletom Com Capuz Amarela 2605,296.35,4.1,Algodão/Poliéster,2023-06-23
P2606,Regata Esportiva Marrom 2606,55.42,4.0,Algodão,2025-02-24
P2607,Jaqueta Puffer Branca 2607,44.66,4.0,Poliéster,2022-01-21
P2608,Regata Básica Amarela 2608,208.81,5.0,Algodão,2022-05-26
P2609,Vestido Casual Amarela 2609,213.58,4.8,Viscose,2022-02-03
P2610,Camisa Linho Preta 2610,226.97,4.1,Algodão,2022-04-23
P2611,Moletom Básico Azul 2611,330.03,4.2,Algodão/Poliéster,2023-07-27
P2612,Vestido Floral Verde 2612,182.87,5.0,Viscose,2024-04-27
P2613,Camiseta Polo Preta 2613,162.67,3.8,Algodão,2025-11-22
P2614,Bermuda Cargo Cinza 2614,346.85,4.3,Sarja,2023-05-23
P2615,Moletom Canguru Amarela 2615,290.3,4.2,Algodão/Poliéster,2023-04-29
P2616,Calça Jogger Vermelha 2616,372.82,4.5,Sarja,2021-11-30
P2617,Camiseta Básica Bege 2617,388.3,4.4,Algodão,2021-07-24
P2618,Conjunto Esportivo Vermelha 2618,84.05,4.3,Poliéster,2025-04-25
P2619,Jaqueta Corta-Vento Verde 2619,143.48,4.3,Nylon,2024-08-02
P2620,Blusa Manga Longa Azul 2620,149.58,3.6,Viscose,2024-01-07
P2621,Saia Plissada Bege 2621,236.7,3.9,Poliéster,2023-07-08
P2622,Camiseta Slim Cinza 2622,241.25,4.1,Algodão,2023-12-13
P2623,Blazer Slim Vermelha 2623,159.24,3.7,Poliéster,2025-10-16
P2624,Saia Casual Preta 2624,162.16,4.4,Poliéster,2022-01-27
P2625,Camiseta Estampada Branca 2625,304.88,4.3,Algodão,2023-10-29
P2626,Camiseta Estampada Branca 2626,87.59,4.5,Algodão,2022-05-14
P2627,Calça Jeans Marrom 2627,150.72,3.8,Sarja,2021-08-06
P2628,Moletom Estampado Bege 2628,344.77,4.5,Algodão/Poliéster,2024-12-04
P2629,Moletom Com Capuz Marrom 2629,218.42,3.8,Algodão/Poliéster,2024-12-29
P2630,Bermuda Moletom Vermelha 2630,190.65,4.1,Sarja,2025-10-29
P2631,Jaqueta Jeans Azul 2631,338.65,3.7,Denim,2021-02-14
P2632,Calça Social Amarela 2632,274.12,4.2,Sarja,2022-01-02
P2633,Saia Plissada Bege 2633,267.41,3.8,Poliéster,2024-04-03
P2634,Camiseta Slim Verde 2634,369.08,4.9,Algodão,2025-08-08
P2635,Blazer Social Bege 2635,282.97,4.5,Poliéster,2026-04-29
P2636,Camisa Flanela Azul 2636,79.89,4.0,Algodão,2025-06-19
P2637,Saia Jeans Preta 2637,117.31,3.5,Poliéster,2026-02-16
P2638,Camisa Flanela Preta 2638,82.47,4.3,Algodão,2025-08-14
P2639,Bermuda Jeans Branca 2639,255.43,4.1,Sarja,2022-10-16
P2640,Camiseta Estampada Preta 2640,303.28,4.7,Algodão,2024-04-18
P2641,Jaqueta Corta-Vento Amarela 2641,278.75,4.3,Nylon,2024-08-07
P2642,Camisa Flanela Bege 2642,51.5,3.9,Algodão,2022-12-29
P2643,Vestido Midi Rosa 2643,345.95,4.3,Viscose,2026-01-07
P2644,Camiseta Oversized Vermelha 2644,327.57,4.3,Algodão,2025-05-15
P2645,Camiseta Oversized Preta 2645,194.48,5.0,Algodão,2023-12-06
P2646,Regata Básica Rosa 2646,154.43,4.5,Algodão,2023-09-21
P2647,Blusa Manga Longa Marrom 2647,358.4,4.5,Viscose,2025-06-28
P2648,Camiseta Slim Cinza 2648,158.86,4.3,Algodão,2022-04-05
P2649,Saia Plissada Rosa 2649,375.99,4.3,Poliéster,2022-03-29
P2650,Moletom Estampado Cinza 2650,115.42,4.6,Algodão/Poliéster,2023-04-13
P2651,Blusa Manga Longa Azul 2651,377.95,4.9,Viscose,2021-09-21
P2652,Saia Midi Azul 2652,315.04,4.3,Poliéster,2023-08-06
P2653,Blusa Básica Amarela 2653,58.53,4.6,Viscose,2023-06-14
P2654,Blazer Slim Rosa 2654,202.95,3.8,Poliéster,2023-11-12
P2655,Saia Casual Cinza 2655,340.39,4.7,Poliéster,2023-08-13
P2656,Jaqueta Jeans Verde 2656,367.01,4.1,Denim,2026-02-01
P2657,Bermuda Jeans Marrom 2657,317.13,4.9,Sarja,2022-07-22
P2658,Blazer Casual Preta 2658,96.81,4.3,Poliéster,2023-05-01
P2659,Calça Jogger Verde 2659,175.81,4.5,Sarja,2025-03-08
P2660,Saia Jeans Azul 2660,56.65,4.3,Poliéster,2022-08-13
P2661,Jaqueta Jeans Rosa 2661,46.21,3.8,Denim,2024-09-20
P2662,Camiseta Básica Bege 2662,92.26,3.9,Algodão,2026-06-15
P2663,Camisa Flanela Branca 2663,132.93,4.6,Algodão,2023-02-16
P2664,Blusa Básica Amarela 2664,62.44,4.8,Viscose,2022-05-16
P2665,Regata Básica Cinza 2665,399.89,4.4,Algodão,2022-01-29
P2666,Camiseta Estampada Preta 2666,243.75,4.1,Algodão,2021-01-23
P2667,Bermuda Cargo Branca 2667,167.57,4.5,Sarja,2022-08-11
P2668,Moletom Estampado Verde 2668,207.41,4.3,Algodão/Poliéster,2025-10-25
P2669,Bermuda Moletom Bege 2669,187.33,4.0,Sarja,2022-06-12
P2670,Bermuda Esportiva Amarela 2670,311.38,4.4,Sarja,2026-05-29
P2671,Bermuda Moletom Azul 2671,318.73,4.5,Sarja,2026-05-26
P2672,Moletom Básico Preta 2672,145.89,4.2,Algodão/Poliéster,2024-11-12
P2673,Moletom Canguru Amarela 2673,148.3,4.2,Algodão/Poliéster,2026-07-23
P2674,Regata Esportiva Azul 2674,274.68,3.6,Algodão,2023-04-24
P2675,Camiseta Oversized Vermelha 2675,399.04,4.7,Algodão,2026-06-02
P2676,Blusa Canelada Cinza 2676,297.0,4.4,Viscose,2024-01-31
P2677,Conjunto Moletom Azul 2677,381.28,3.5,Algodão/Poliéster,2021-06-17
P2678,Saia Midi Amarela 2678,326.48,4.5,Poliéster,2025-09-18
P2679,Vestido Floral Vermelha 2679,144.9,4.3,Viscose,2026-05-21
P2680,Regata Básica Bege 2680,204.2,5.0,Algodão,2026-01-06
P2681,Camisa Manga Curta Cinza 2681,110.97,4.5,Algodão,2023-05-13
P2682,Conjunto Casual Rosa 2682,241.71,3.5,Algodão,2021-08-01
P2683,Bermuda Cargo Bege 2683,46.62,4.8,Sarja,2024-04-26
P2684,Calça Jogger Marrom 2684,141.5,4.4,Sarja,2025-12-01
P2685,Camiseta Polo Branca 2685,280.41,4.7,Algodão,2025-10-06
P2686,Camisa Linho Cinza 2686,130.13,4.5,Algodão,2024-07-01
P2687,Camiseta Oversized Rosa 2687,58.16,4.1,Algodão,2025-06-15
P2688,Moletom Básico Marrom 2688,212.3,4.3,Algodão/Poliéster,2021-03-08
P2689,Blazer Social Verde 2689,384.46,4.4,Poliéster,2024-07-13
P2690,Blazer Slim Cinza 2690,253.22,4.6,Poliéster,2021-08-13
P2691,Moletom Com Capuz Marrom 2691,388.43,3.9,Algodão/Poliéster,2025-03-31
P2692,Camiseta Básica Verde 2692,326.15,4.6,Algodão,2021-04-05
P2693,Conjunto Esportivo Marrom 2693,225.18,4.6,Poliéster,2024-05-15
P2694,Jaqueta Jeans Branca 2694,138.29,4.2,Denim,2026-05-17
P2695,Blazer Casual Preta 2695,185.38,4.5,Poliéster,2021-08-20
P2696,Jaqueta Jeans Azul 2696,79.21,4.4,Denim,2023-06-02
P2697,Camiseta Oversized Azul 2697,356.11,5.0,Algodão,2021-03-26
P2698,Saia Midi Cinza 2698,173.23,4.8,Poliéster,2025-01-20
P2699,Blazer Social Verde 2699,257.14,4.1,Poliéster,2026-03-30
P2700,Regata Esportiva Azul 2700,283.7,3.3,Algodão,2021-01-04
P2701,Camiseta Estampada Bege 2701,355.31,3.4,Algodão,2024-02-04
P2702,Bermuda Esportiva Amarela 2702,321.12,4.2,Sarja,2025-06-30
P2703,Camisa Social Amarela 2703,371.15,4.6,Algodão,2021-02-22
P2704,Blazer Social Branca 2704,277.22,3.5,Poliéster,2023-09-25
P2705,Conjunto Moletom Cinza 2705,102.14,4.1,Algodão/Poliéster,2021-09-24
P2706,Blazer Slim Marrom 2706,345.65,4.0,Poliéster,2026-03-26
P2707,Calça Sarja Cinza 2707,152.56,4.3,Sarja,2023-11-21
P2708,Blusa Canelada Verde 2708,258.88,4.0,Viscose,2023-12-14
P2709,Vestido Midi Marrom 2709,109.74,4.6,Viscose,2026-08-26
P2710,Saia Casual Azul 2710,40.18,3.8,Poliéster,2025-06-21
P2711,Camisa Social Preta 2711,237.32,4.1,Algodão,2022-10-12
P2712,Saia Casual Bege 2712,204.82,4.5,Poliéster,2024-07-26
P2713,Moletom Canguru Cinza 2713,254.33,4.9,Algodão/Poliéster,2022-09-07
P2714,Bermuda Cargo Bege 2714,234.22,4.3,Sarja,2023-12-13
P2715,Conjunto Moletom Marrom 2715,129.03,3.9,Algodão/Poliéster,2025-08-08
P2716,Blazer Social Rosa 2716,373.11,3.9,Poliéster,2026-05-16
P2717,Calça Social Amarela 2717,269.27,3.8,Sarja,2026-05-23
P2718,Regata Básica Marrom 2718,240.96,4.5,Algodão,2023-10-23
P2719,Camiseta Estampada Branca 2719,244.38,3.8,Algodão,2026-01-26
P2720,Vestido Midi Cinza 2720,399.89,5.0,Viscose,2026-01-21
P2721,Bermuda Jeans Rosa 2721,293.11,4.2,Sarja,2024-02-05
P2722,Conjunto Esportivo Marrom 2722,198.57,4.3,Poliéster,2021-03-16
P2723,Camisa Manga Curta Rosa 2723,118.62,4.5,Algodão,2021-09-04
P2724,Conjunto Moletom Rosa 2724,194.1,4.1,Algodão/Poliéster,2024-09-22
P2725,Regata Básica Preta 2725,66.92,4.7,Algodão,2025-09-15
P2726,Calça Cargo Marrom 2726,111.01,4.3,Sarja,2026-03-02
P2727,Saia Midi Branca 2727,274.02,5.0,Poliéster,2022-05-19
P2728,Calça Cargo Bege 2728,218.63,4.4,Sarja,2026-02-04
P2729,Saia Jeans Bege 2729,291.64,3.6,Poliéster,2025-09-07
P2730,Moletom Estampado Amarela 2730,81.39,3.8,Algodão/Poliéster,2023-10-01
P2731,Saia Plissada Marrom 2731,147.61,4.6,Poliéster,2023-02-13
P2732,Camiseta Slim Marrom 2732,240.84,4.6,Algodão,2023-09-04
P2733,Jaqueta Bomber Bege 2733,234.41,3.9,Poliéster,2024-10-29
P2734,Blusa Manga Longa Marrom 2734,210.62,4.2,Viscose,2025-08-04
P2735,Blazer Social Bege 2735,207.45,4.9,Poliéster,2021-12-22
P2736,Moletom Canguru Bege 2736,183.72,3.7,Algodão/Poliéster,2022-11-25
P2737,Blazer Social Amarela 2737,287.63,4.2,Poliéster,2021-09-06
P2738,Calça Jogger Bege 2738,54.49,3.6,Sarja,2026-04-23
P2739,Calça Cargo Vermelha 2739,275.22,3.3,Sarja,2023-04-23
P2740,Moletom Estampado Amarela 2740,286.86,3.8,Algodão/Poliéster,2022-06-03
P2741,Regata Básica Amarela 2741,286.92,4.2,Algodão,2022-02-25
P2742,Blazer Slim Verde 2742,183.72,4.0,Poliéster,2021-06-03
P2743,Vestido Midi Azul 2743,88.08,4.3,Viscose,2023-09-03
P2744,Vestido Floral Bege 2744,399.89,4.2,Viscose,2025-05-17
P2745,Camiseta Básica Verde 2745,296.64,4.2,Algodão,2022-10-31
P2746,Moletom Canguru Cinza 2746,318.68,4.1,Algodão/Poliéster,2023-04-18
P2747,Camiseta Polo Rosa 2747,314.88,4.2,Algodão,2024-08-09
P2748,Bermuda Jeans Branca 2748,344.26,5.0,Sarja,2023-01-07
P2749,Conjunto Esportivo Azul 2749,293.43,3.7,Poliéster,2025-03-10
P2750,Blazer Social Cinza 2750,269.68,4.3,Poliéster,2022-10-26
P2751,Calça Sarja Vermelha 2751,305.2,3.7,Sarja,2023-07-13
P2752,Camisa Social Preta 2752,120.84,4.4,Algodão,2026-07-22
P2753,Jaqueta Corta-Vento Rosa 2753,165.4,5.0,Nylon,2025-09-27
P2754,Regata Esportiva Branca 2754,311.49,5.0,Algodão,2024-03-28
P2755,Jaqueta Corta-Vento Bege 2755,359.25,4.5,Nylon,2023-03-22
P2756,Bermuda Esportiva Vermelha 2756,307.21,4.8,Sarja,2026-08-15
P2757,Conjunto Casual Vermelha 2757,396.08,3.8,Algodão,2023-08-16
P2758,Conjunto Casual Rosa 2758,92.99,4.6,Algodão,2022-12-12
P2759,Regata Esportiva Marrom 2759,253.71,4.6,Algodão,2024-05-18
P2760,Camiseta Slim Amarela 2760,152.61,4.7,Algodão,2023-05-07
P2761,Calça Jeans Marrom 2761,382.0,4.5,Sarja,2026-01-15
P2762,Jaqueta Bomber Bege 2762,321.69,4.8,Poliéster,2022-03-15
P2763,Jaqueta Bomber Bege 2763,281.97,3.8,Poliéster,2021-04-14
P2764,Regata Esportiva Branca 2764,309.53,5.0,Algodão,2023-06-10
P2765,Conjunto Casual Cinza 2765,397.35,4.5,Algodão,2026-05-17
P2766,Camiseta Polo Bege 2766,154.27,4.2,Algodão,2021-05-09
P2767,Bermuda Esportiva Verde 2767,139.51,3.3,Sarja,2025-07-31
P2768,Blazer Casual Verde 2768,149.89,4.1,Poliéster,2021-01-02
P2769,Blusa Manga Longa Azul 2769,151.58,3.7,Viscose,2024-02-28
P2770,Jaqueta Bomber Bege 2770,274.12,3.9,Poliéster,2023-07-27
P2771,Moletom Com Capuz Branca 2771,278.68,3.8,Algodão/Poliéster,2021-11-27
P2772,Conjunto Moletom Vermelha 2772,229.62,4.0,Algodão/Poliéster,2025-03-24
P2773,Shorts Jeans 2773,111.19,4.4,Algodão,2021-12-29
P2774,Camisa Flanela Verde 2774,137.99,4.2,Algodão,2023-06-24
P2775,Moletom Com Capuz Azul 2775,240.41,4.6,Algodão/Poliéster,2024-03-01
P2776,Bermuda Esportiva Bege 2776,361.49,3.5,Sarja,2023-12-08
P2777,Regata Canelada Verde 2777,276.39,4.7,Algodão,2021-03-07
P2778,Jaqueta Jeans Azul 2778,277.94,4.8,Denim,2023-07-11
P2779,Vestido Floral Bege 2779,348.11,4.4,Viscose,2024-09-16
P2780,Vestido Midi Vermelha 2780,275.7,4.2,Viscose,2023-12-26
P2781,Blazer Social Vermelha 2781,305.42,3.9,Poliéster,2025-02-19
P2782,Jaqueta Corta-Vento Vermelha 2782,280.83,4.9,Nylon,2025-05-24
P2783,Vestido Casual Marrom 2783,373.35,4.6,Viscose,2022-01-07
P2784,Vestido Casual Bege 2784,83.21,3.7,Viscose,2025-07-22
P2785,Moletom Básico Cinza 2785,254.96,3.9,Algodão/Poliéster,2026-01-26
P2786,Blusa Social Marrom 2786,217.24,3.1,Viscose,2025-09-30
P2787,Moletom Estampado Branca 2787,92.53,4.7,Algodão/Poliéster,2025-10-28
P2788,Moletom Canguru Amarela 2788,300.54,4.3,Algodão/Poliéster,2022-03-16
P2789,Saia Casual Vermelha 2789,119.7,4.1,Poliéster,2024-09-11
P2790,Jaqueta Jeans Azul 2790,192.12,4.0,Denim,2023-08-06
P2791,Vestido Casual Azul 2791,168.24,4.2,Viscose,2026-07-30
P2792,Camisa Social Verde 2792,255.59,3.4,Algodão,2025-09-16
P2793,Moletom Canguru Bege 2793,289.56,4.0,Algodão/Poliéster,2021-12-01
P2794,Regata Canelada Vermelha 2794,40.18,4.5,Algodão,2026-05-03
P2795,Camisa Linho Verde 2795,173.87,4.5,Algodão,2024-12-13
P2796,Conjunto Moletom Branca 2796,86.98,3.7,Algodão/Poliéster,2024-01-29
P2797,Blusa Social Azul 2797,86.51,4.9,Viscose,2023-07-12
P2798,Bermuda Cargo Vermelha 2798,347.33,5.0,Sarja,2023-10-18
P2799,Bermuda Jeans Preta 2799,265.49,4.8,Sarja,2025-05-15
P2800,Bermuda Cargo Verde 2800,212.65,4.6,Sarja,2025-05-01
P2801,Jaqueta Jeans Azul 2801,182.47,4.3,Denim,2024-02-17
P2802,Blusa Canelada Preta 2802,43.12,3.6,Viscose,2026-08-14
P2803,Calça Jogger Amarela 2803,173.35,4.0,Sarja,2022-04-26
P2804,Camisa Social Branca 2804,245.61,3.4,Algodão,2023-06-01
P2805,Calça Cargo Vermelha 2805,297.82,3.3,Sarja,2024-05-23
P2806,Jaqueta Puffer Marrom 2806,226.14,4.0,Poliéster,2021-12-08
P2807,Saia Casual Vermelha 2807,109.33,4.2,Poliéster,2023-10-30
P2808,Regata Esportiva Preta 2808,306.74,3.9,Algodão,2025-09-23
P2809,Calça Cargo Rosa 2809,294.55,4.0,Sarja,2024-10-29
P2810,Blusa Social Vermelha 2810,76.33,4.2,Viscose,2025-01-09
P2811,Vestido Floral Amarela 2811,399.89,4.4,Viscose,2021-12-01
P2812,Moletom Com Capuz Azul 2812,60.38,3.5,Algodão/Poliéster,2021-10-28
P2813,Camiseta Básica Amarela 2813,239.69,4.8,Algodão,2023-07-04
P2814,Jaqueta Corta-Vento Azul 2814,193.14,4.6,Nylon,2022-11-01
P2815,Saia Casual Azul 2815,217.05,4.5,Poliéster,2021-01-21
P2816,Moletom Básico Bege 2816,305.88,4.4,Algodão/Poliéster,2024-02-19
P2817,Blazer Slim Vermelha 2817,114.22,4.9,Poliéster,2025-04-10
P2818,Jaqueta Puffer Verde 2818,366.81,4.0,Poliéster,2025-02-22
P2819,Camisa Social Azul 2819,351.69,4.6,Algodão,2021-08-02
P2820,Blusa Básica Marrom 2820,213.63,4.9,Viscose,2025-06-04
P2821,Calça Jogger Amarela 2821,147.57,3.4,Sarja,2023-02-27
P2822,Camisa Social Azul 2822,351.56,4.3,Algodão,2021-11-19
P2823,Blazer Casual Marrom 2823,145.4,4.3,Poliéster,2023-09-04
P2824,Regata Básica Branca 2824,142.27,4.7,Algodão,2022-03-25
P2825,Bermuda Cargo Preta 2825,220.26,3.9,Sarja,2024-10-24
P2826,Blazer Casual Preta 2826,156.89,4.2,Poliéster,2025-03-20
P2827,Blusa Canelada Preta 2827,160.97,3.9,Viscose,2025-02-10
P2828,Vestido Midi Marrom 2828,100.53,3.9,Viscose,2021-08-29
P2829,Bermuda Cargo Marrom 2829,201.36,3.9,Sarja,2022-12-23
P2830,Regata Canelada Marrom 2830,265.37,4.3,Algodão,2023-10-28
P2831,Vestido Floral Marrom 2831,54.15,4.6,Viscose,2026-07-31
P2832,Vestido Midi Cinza 2832,229.97,4.2,Viscose,2024-02-04
P2833,Conjunto Casual Vermelha 2833,76.05,4.7,Algodão,2024-09-13
P2834,Regata Básica Verde 2834,377.21,3.6,Algodão,2022-12-04
P2835,Vestido Midi Rosa 2835,321.05,4.6,Viscose,2022-09-04
P2836,Camiseta Estampada Azul 2836,117.52,3.7,Algodão,2025-07-06
P2837,Jaqueta Puffer Cinza 2837,148.98,4.1,Poliéster,2025-09-23
P2838,Blusa Canelada Preta 2838,172.23,4.8,Viscose,2021-04-25
P2839,Calça Social Cinza 2839,159.02,4.8,Sarja,2024-01-20
P2840,Jaqueta Bomber Marrom 2840,305.64,4.5,Poliéster,2025-05-28
P2841,Camiseta Básica Amarela 2841,357.09,4.6,Algodão,2021-11-23
P2842,Blazer Casual Amarela 2842,163.12,4.0,Poliéster,2024-08-29
P2843,Vestido Casual Cinza 2843,339.63,3.9,Viscose,2023-09-07
P2844,Calça Jeans Vermelha 2844,382.93,4.7,Sarja,2023-11-16
P2845,Tênis Casual 2845,258.74,4.6,Sintético,2024-05-13
P2846,Tênis Casual 2846,224.89,4.6,Sintético,2025-12-10
P2847,Vestido Midi Verde 2847,116.6,3.8,Viscose,2021-06-29
P2848,Camisa Flanela Verde 2848,55.45,3.8,Algodão,2022-02-23
P2849,Jaqueta Bomber Vermelha 2849,212.52,5.0,Poliéster,2022-12-15
P2850,Camisa Social Azul 2850,79.42,4.4,Algodão,2025-07-15
P2851,Jaqueta Corta-Vento Azul 2851,125.68,4.4,Nylon,2024-05-10
P2852,Regata Esportiva Cinza 2852,119.31,3.6,Algodão,2022-01-24
P2853,Saia Jeans Verde 2853,77.94,4.0,Poliéster,2021-02-18
P2854,Bermuda Moletom Amarela 2854,399.89,4.9,Sarja,2026-08-12
P2855,Saia Plissada Preta 2855,194.65,3.8,Poliéster,2021-10-12
P2856,Blusa Canelada Vermelha 2856,68.17,4.5,Viscose,2021-03-09
P2857,Saia Jeans Preta 2857,114.34,4.1,Poliéster,2023-04-22
P2858,Conjunto Moletom Amarela 2858,96.71,4.3,Algodão/Poliéster,2024-02-19
P2859,Jaqueta Bomber Vermelha 2859,122.78,5.0,Poliéster,2022-06-20
P2860,Camisa Linho Cinza 2860,142.71,4.9,Algodão,2021-12-14
P2861,Blusa Social Azul 2861,73.7,5.0,Viscose,2021-06-29
P2862,Saia Casual Rosa 2862,85.15,4.6,Poliéster,2023-04-25
P2863,Conjunto Casual Vermelha 2863,265.86,4.5,Algodão,2026-05-24
P2864,Calça Sarja Branca 2864,214.94,4.3,Sarja,2021-11-03
P2865,Moletom Com Capuz Azul 2865,245.39,4.8,Algodão/Poliéster,2024-03-31
P2866,Camiseta Básica Preta 2866,63.13,4.2,Algodão,2022-02-06
P2867,Jaqueta Bomber Vermelha 2867,206.56,4.9,Poliéster,2024-10-25
P2868,Camiseta Oversized Vermelha 2868,164.03,4.3,Algodão,2021-05-07
P2869,Blusa Canelada Vermelha 2869,355.53,3.5,Viscose,2022-02-25
P2870,Moletom Estampado Amarela 2870,350.01,3.9,Algodão/Poliéster,2021-01-17
P2871,Jaqueta Corta-Vento Azul 2871,306.67,3.9,Nylon,2024-09-03
P2872,Blazer Casual Azul 2872,335.98,4.7,Poliéster,2025-01-28
P2873,Camiseta Oversized Azul 2873,315.47,4.6,Algodão,2021-12-21
P2874,Blazer Casual Verde 2874,87.17,4.4,Poliéster,2023-07-28
P2875,Jaqueta Bomber Bege 2875,323.63,4.3,Poliéster,2022-08-30
P2876,Camisa Flanela Marrom 2876,141.53,4.4,Algodão,2021-04-05
P2877,Blusa Manga Longa Bege 2877,272.42,4.0,Viscose,2021-03-19
P2878,Saia Jeans Marrom 2878,118.16,4.3,Poliéster,2026-04-27
P2879,Saia Jeans Vermelha 2879,87.95,4.7,Poliéster,2024-09-01
P2880,Blazer Slim Branca 2880,281.36,4.8,Poliéster,2024-10-09
P2881,Jaqueta Corta-Vento Rosa 2881,212.48,4.8,Nylon,2022-09-04
P2882,Regata Esportiva Bege 2882,178.41,3.7,Algodão,2022-07-01
P2883,Camiseta Polo Amarela 2883,134.21,3.6,Algodão,2025-07-03
P2884,Bermuda Esportiva Preta 2884,272.06,3.9,Sarja,2023-06-27
P2885,Conjunto Casual Preta 2885,234.43,4.5,Algodão,2021-07-31
P2886,Camiseta Básica Bege 2886,88.87,3.9,Algodão,2023-10-10
P2887,Vestido Casual Amarela 2887,347.08,4.2,Viscose,2023-12-16
P2888,Regata Básica Amarela 2888,74.44,5.0,Algodão,2024-03-25
P2889,Calça Cargo Preta 2889,99.35,3.8,Sarja,2024-01-16
P2890,Vestido Floral Bege 2890,399.89,4.1,Viscose,2025-11-10
P2891,Vestido Longo Bege 2891,134.83,4.3,Viscose,2022-05-21
P2892,Bermuda Cargo Azul 2892,187.19,4.2,Sarja,2024-05-05
P2893,Saia Casual Bege 2893,197.03,4.7,Poliéster,2026-01-11
P2894,Jaqueta Corta-Vento Azul 2894,140.14,4.5,Nylon,2026-07-18
P2895,Bermuda Cargo Verde 2895,320.97,4.0,Sarja,2026-06-20
P2896,Regata Básica Azul 2896,180.18,3.9,Algodão,2025-02-12
P2897,Blusa Social Preta 2897,357.35,4.6,Viscose,2021-08-09
P2898,Blusa Canelada Vermelha 2898,183.57,4.1,Viscose,2026-08-08
P2899,Vestido Casual Vermelha 2899,129.33,4.3,Viscose,2021-03-08
P2900,Bermuda Esportiva Amarela 2900,317.12,4.4,Sarja,2024-02-14
P2901,Saia Midi 2901,115.13,4.1,Poliéster,2023-07-14
P2902,Camiseta Estampada Azul 2902,331.78,3.3,Algodão,2024-11-04
P2903,Conjunto Esportivo Bege 2903,338.56,4.4,Poliéster,2025-06-08
P2904,Camiseta Básica Cinza 2904,238.01,4.3,Algodão,2025-03-07
P2905,Bermuda Cargo Vermelha 2905,333.47,4.8,Sarja,2022-04-15
P2906,Bermuda Cargo Azul 2906,192.4,3.8,Sarja,2025-04-11
P2907,Camisa Manga Curta Preta 2907,213.87,4.7,Algodão,2025-04-17
P2908,Moletom Estampado Preta 2908,209.88,4.1,Algodão/Poliéster,2021-02-20
P2909,Calça Jogger Amarela 2909,229.21,3.9,Sarja,2024-08-11
P2910,Conjunto Casual Marrom 2910,75.28,3.9,Algodão,2021-09-21
P2911,Camiseta Oversized Preta 2911,212.63,4.9,Algodão,2024-03-08
P2912,Blusa Social Verde 2912,115.71,4.9,Viscose,2022-04-17
P2913,Jaqueta Bomber Bege 2913,251.04,3.9,Poliéster,2023-01-12
P2914,Jaqueta Corta-Vento Azul 2914,128.66,4.3,Nylon,2022-07-16
P2915,Bermuda Moletom Bege 2915,189.7,4.3,Sarja,2025-11-19
P2916,Bermuda Cargo Vermelha 2916,320.19,4.7,Sarja,2026-02-17
P2917,Bermuda Jeans Bege 2917,197.02,4.0,Sarja,2025-07-10
P2918,Camiseta Polo Preta 2918,167.66,4.1,Algodão,2025-02-04
P2919,Saia Plissada Bege 2919,287.15,3.3,Poliéster,2023-01-22
P2920,Moletom Canguru Amarela 2920,149.45,4.2,Algodão/Poliéster,2021-10-24
P2921,Camisa Manga Curta Vermelha 2921,399.89,4.9,Algodão,2024-03-21
P2922,Blusa Canelada Verde 2922,201.27,4.1,Viscose,2023-06-02
P2923,Blusa Canelada Vermelha 2923,343.21,3.4,Viscose,2022-08-08
P2924,Saia Casual Amarela 2924,99.05,4.9,Poliéster,2022-05-19
P2925,Conjunto Casual Cinza 2925,58.92,4.3,Algodão,2021-11-29
P2926,Jaqueta Jeans Branca 2926,130.03,4.5,Denim,2025-09-13
P2927,Camiseta Oversized Preta 2927,52.25,4.8,Algodão,2022-10-27
P2928,Blazer Slim Amarela 2928,183.23,4.8,Poliéster,2026-03-14
P2929,Conjunto Casual Bege 2929,116.52,4.0,Algodão,2024-10-17
P2930,Blusa Manga Longa Rosa 2930,317.02,4.3,Viscose,2021-12-06
P2931,Moletom Canguru Bege 2931,231.12,3.6,Algodão/Poliéster,2021-05-10
P2932,Camiseta Polo Marrom 2932,399.04,4.5,Algodão,2023-05-12
P2933,Calça Cargo Marrom 2933,321.41,4.8,Sarja,2021-06-18
P2934,Camisa Manga Curta Azul 2934,162.15,4.8,Algodão,2026-05-26
P2935,Calça Sarja Amarela 2935,204.38,4.3,Sarja,2026-02-21
P2936,Saia Jeans Preta 2936,62.5,3.7,Poliéster,2024-09-21
P2937,Blazer Social Cinza 2937,267.55,4.5,Poliéster,2022-08-30
P2938,Camisa Manga Curta Verde 2938,93.64,4.1,Algodão,2025-12-02
P2939,Moletom Básico Bege 2939,242.27,4.1,Algodão/Poliéster,2024-08-31
P2940,Blusa Manga Longa Azul 2940,128.91,4.0,Viscose,2023-01-11
P2941,Calça Sarja Azul 2941,74.65,3.8,Sarja,2025-12-26
P2942,Saia Plissada Azul 2942,259.25,4.3,Poliéster,2022-03-10
P2943,Camiseta Básica Marrom 2943,380.64,4.1,Algodão,2024-03-20
P2944,Moletom Básico Amarela 2944,312.69,4.5,Algodão/Poliéster,2024-12-01
P2945,Conjunto Moletom Cinza 2945,120.26,4.2,Algodão/Poliéster,2026-02-22
P2946,Calça Jeans Rosa 2946,109.72,4.8,Sarja,2021-10-12
P2947,Camiseta Estampada Branca 2947,146.98,3.9,Algodão,2022-08-19
P2948,Camiseta Básica Preta 2948,251.16,4.3,Algodão,2025-10-04
P2949,Conjunto Moletom Cinza 2949,190.8,4.4,Algodão/Poliéster,2023-10-31
P2950,Camisa Social Branca 2950,380.81,2.7,Algodão,2025-04-11
P2951,Camisa Manga Curta Amarela 2951,334.21,4.1,Algodão,2025-05-20
P2952,Camiseta Slim Rosa 2952,211.19,3.7,Algodão,2022-09-23
P2953,Blusa Canelada Verde 2953,70.81,4.0,Viscose,2022-11-17
P2954,Saia Jeans Rosa 2954,45.49,3.5,Poliéster,2023-10-29
P2955,Regata Básica Preta 2955,74.73,4.5,Algodão,2021-02-27
P2956,Calça Social Cinza 2956,94.96,3.2,Sarja,2025-07-12
P2957,Camiseta Polo Cinza 2957,339.29,4.7,Algodão,2021-08-27
P2958,Conjunto Esportivo Branca 2958,235.41,4.0,Poliéster,2026-04-19
P2959,Vestido Midi Marrom 2959,316.55,4.3,Viscose,2025-05-31
P2960,Camisa Manga Curta Preta 2960,206.36,4.7,Algodão,2022-12-30
P2961,Conjunto Moletom Branca 2961,315.46,4.0,Algodão/Poliéster,2021-05-30
P2962,Calça Jeans Vermelha 2962,286.88,4.7,Sarja,2025-06-23
P2963,Blusa Social Marrom 2963,160.71,3.7,Viscose,2023-07-18
P2964,Saia Casual Cinza 2964,122.2,4.8,Poliéster,2022-02-07
P2965,Jaqueta Bomber Bege 2965,311.04,4.1,Poliéster,2023-06-08
P2966,Blusa Social Marrom 2966,209.93,3.3,Viscose,2026-02-13
P2967,Regata Básica Preta 2967,79.59,3.3,Algodão,2024-11-25
P2968,Moletom Básico Preta 2968,288.81,4.3,Algodão/Poliéster,2024-11-20
P2969,Conjunto Moletom Marrom 2969,136.84,3.6,Algodão/Poliéster,2023-12-01
P2970,Calça Jeans Vermelha 2970,391.58,4.8,Sarja,2021-11-13
P2971,Blusa Social Amarela 2971,399.89,4.6,Viscose,2026-05-19
P2972,Conjunto Casual Bege 2972,125.22,4.1,Algodão,2025-03-11
P2973,Blusa Social Marrom 2973,375.64,3.5,Viscose,2023-12-02
P2974,Moletom Básico Amarela 2974,323.2,4.6,Algodão/Poliéster,2025-02-07
P2975,Camisa Social Preta 2975,123.71,4.3,Algodão,2023-01-21
P2976,Saia Jeans Marrom 2976,146.18,2.9,Poliéster,2025-03-16
P2977,Regata Esportiva Azul 2977,268.13,3.6,Algodão,2026-06-26
P2978,Blusa Canelada Verde 2978,226.29,3.9,Viscose,2022-12-15
P2979,Camiseta Estampada Amarela 2979,236.38,4.5,Algodão,2021-01-18
P2980,Moletom Estampado Vermelha 2980,281.3,3.9,Algodão/Poliéster,2025-03-11
P2981,Calça Sarja Cinza 2981,193.32,4.1,Sarja,2025-10-29
P2982,Conjunto Moletom Marrom 2982,350.63,4.6,Algodão/Poliéster,2025-09-07
P2983,Jaqueta Bomber Marrom 2983,156.22,4.1,Poliéster,2026-07-11
P2984,Conjunto Esportivo Preta 2984,95.9,4.3,Poliéster,2022-12-20
P2985,Blusa Social Branca 2985,40.18,4.8,Viscose,2026-03-15
P2986,Blazer Social Preta 2986,171.62,4.5,Poliéster,2022-03-07
P2987,Camiseta Estampada Verde 2987,93.21,3.8,Algodão,2024-04-29
P2988,Saia Casual Preta 2988,133.47,4.1,Poliéster,2026-01-12
P2989,Moletom Canguru Azul 2989,121.7,4.6,Algodão/Poliéster,2026-03-09
P2990,Camisa Social Cinza 2990,106.55,4.9,Algodão,2024-07-08
P2991,Regata Esportiva Marrom 2991,278.73,4.0,Algodão,2024-02-04
P2992,Vestido Midi Vermelha 2992,144.78,3.7,Viscose,2023-08-11
P2993,Camiseta Slim Azul 2993,70.15,3.8,Algodão,2025-11-30
P2994,Camisa Linho Verde 2994,200.12,4.4,Algodão,2025-12-26
P2995,Saia Plissada Branca 2995,147.68,4.7,Poliéster,2022-05-11
P2996,Blusa Manga Longa Marrom 2996,310.21,3.7,Viscose,2021-10-09
P2997,Calça Jogger Verde 2997,56.89,5.0,Sarja,2025-08-12
P2998,Conjunto Casual Cinza 2998,399.89,4.5,Algodão,2025-08-05
P2999,Saia Midi Amarela 2999,183.82,3.7,Poliéster,2021-07-26
P3000,Calça Jogger Marrom 3000,160.86,4.2,Sarja,2023-10-13
P3001,Jaqueta Puffer Cinza 3001,145.55,4.0,Poliéster,2023-11-14
P3002,Jaqueta Jeans Azul 3002,364.65,3.5,Denim,2021-03-29
P3003,Saia Casual Amarela 3003,89.05,3.7,Poliéster,2024-10-05
P3004,Moletom Canguru Marrom 3004,213.85,3.8,Algodão/Poliéster,2026-07-06
P3005,Calça Jogger Azul 3005,217.98,5.0,Sarja,2022-03-14
P3006,Bermuda Esportiva Azul 3006,175.47,4.4,Sarja,2025-05-29
P3007,Blazer Slim Bege 3007,188.62,4.6,Poliéster,2021-06-17
P3008,Vestido Casual Cinza 3008,199.71,4.3,Viscose,2022-03-21
P3009,Blusa Canelada Rosa 3009,322.06,4.0,Viscose,2024-03-15
P3010,Saia Plissada Vermelha 3010,388.09,4.1,Poliéster,2026-03-27
P3011,Regata Canelada Bege 3011,257.76,4.3,Algodão,2026-01-06
P3012,Bermuda Jeans Azul 3012,314.34,4.0,Sarja,2026-04-20
P3013,Vestido Floral Marrom 3013,50.02,4.3,Viscose,2026-08-06
P3014,Bermuda Jeans Branca 3014,366.36,4.6,Sarja,2025-07-15
P3015,Regata Básica Rosa 3015,336.16,4.4,Algodão,2023-01-22
P3016,Camisa Flanela Bege 3016,317.15,5.0,Algodão,2021-09-21
P3017,Camisa Manga Curta Cinza 3017,306.07,4.0,Algodão,2025-08-29
P3018,Blazer Casual Bege 3018,108.13,4.1,Poliéster,2022-01-21
P3019,Vestido Casual Azul 3019,132.34,4.2,Viscose,2023-12-14
P3020,Conjunto Casual Verde 3020,202.63,4.6,Algodão,2025-04-10
P3021,Camiseta Básica Marrom 3021,226.18,4.0,Algodão,2021-03-13
P3022,Calça Jogger Verde 3022,240.56,4.8,Sarja,2026-03-06
P3023,Regata Esportiva Cinza 3023,177.99,3.1,Algodão,2022-09-20
P3024,Conjunto Esportivo Vermelha 3024,249.3,4.1,Poliéster,2022-03-21
P3025,Bermuda Esportiva Amarela 3025,399.89,3.9,Sarja,2023-02-09
P3026,Camiseta Básica Marrom 3026,212.43,3.8,Algodão,2023-08-12
P3027,Jaqueta Corta-Vento Preta 3027,145.88,4.4,Nylon,2023-07-30
P3028,Moletom Canguru Vermelha 3028,101.43,4.4,Algodão/Poliéster,2021-11-17
P3029,Jaqueta Jeans Azul 3029,399.47,4.6,Denim,2022-01-27
P3030,Saia Jeans Verde 3030,105.85,4.4,Poliéster,2023-09-16
P3031,Moletom Canguru Bege 3031,352.77,4.6,Algodão/Poliéster,2022-04-14
P3032,Camisa Linho Branca 3032,358.0,4.3,Algodão,2024-08-22
P3033,Blazer Social Amarela 3033,295.96,4.3,Poliéster,2026-02-04
P3034,Moletom Estampado Azul 3034,230.07,4.5,Algodão/Poliéster,2021-02-08
P3035,Conjunto Esportivo Amarela 3035,295.38,4.6,Poliéster,2021-03-16
P3036,Conjunto Moletom Rosa 3036,275.93,4.7,Algodão/Poliéster,2024-08-23
P3037,Bermuda Cargo Cinza 3037,114.08,3.7,Sarja,2021-03-01
P3038,Calça Social Cinza 3038,171.04,4.4,Sarja,2024-08-16
P3039,Calça Sarja Azul 3039,108.51,4.0,Sarja,2023-10-12
P3040,Camisa Linho Rosa 3040,46.94,4.5,Algodão,2023-07-31
P3041,Conjunto Esportivo Amarela 3041,123.48,4.3,Poliéster,2024-06-08
P3042,Conjunto Esportivo Marrom 3042,379.85,4.3,Poliéster,2026-01-27
P3043,Vestido Midi Preta 3043,96.61,3.7,Viscose,2021-09-21
P3044,Bermuda Cargo Azul 3044,115.86,4.0,Sarja,2021-10-06
P3045,Conjunto Moletom Rosa 3045,370.63,3.7,Algodão/Poliéster,2024-12-12
P3046,Saia Casual Vermelha 3046,218.48,4.0,Poliéster,2021-04-17
P3047,Moletom Básico Amarela 3047,294.67,4.1,Algodão/Poliéster,2023-06-07
P3048,Saia Plissada Branca 3048,309.19,4.5,Poliéster,2023-10-23
P3049,Jaqueta Corta-Vento Azul 3049,189.94,4.0,Nylon,2023-03-22
P3050,Conjunto Moletom Rosa 3050,185.56,3.9,Algodão/Poliéster,2024-01-08
P3051,Blusa Manga Longa Azul 3051,128.72,3.9,Viscose,2021-08-23
P3052,Saia Midi Verde 3052,150.01,3.5,Poliéster,2022-07-06
P3053,Blusa Social Rosa 3053,213.47,3.7,Viscose,2021-01-11
P3054,Conjunto Moletom Azul 3054,52.13,4.0,Algodão/Poliéster,2026-06-13
P3055,Blazer Slim Vermelha 3055,149.14,4.5,Poliéster,2025-09-18
P3056,Vestido Floral Marrom 3056,344.49,4.2,Viscose,2022-06-09
P3057,Camiseta Oversized Verde 3057,288.22,4.6,Algodão,2021-03-17
P3058,Calça Sarja Branca 3058,266.22,4.2,Sarja,2022-07-13
P3059,Calça Jeans Marrom 3059,44.45,4.2,Sarja,2026-06-02
P3060,Bermuda Jeans Marrom 3060,125.17,3.7,Sarja,2025-08-05
P3061,Saia Midi Verde 3061,236.1,4.3,Poliéster,2024-09-25
P3062,Conjunto Casual Branca 3062,71.3,4.2,Algodão,2026-03-25
P3063,Blazer Casual Azul 3063,335.68,3.6,Poliéster,2022-01-01
P3064,Camisa Manga Curta Amarela 3064,199.39,4.6,Algodão,2024-01-15
P3065,Blazer Slim Verde 3065,138.4,4.4,Poliéster,2025-07-01
P3066,Bermuda Jeans Branca 3066,170.14,3.5,Sarja,2021-02-09
P3067,Jaqueta Bomber Amarela 3067,204.61,3.6,Poliéster,2023-06-20
P3068,Bermuda Esportiva Bege 3068,139.01,3.5,Sarja,2023-01-06
P3069,Calça Jogger Bege 3069,58.47,3.6,Sarja,2022-01-01
P3070,Blazer Casual Branca 3070,97.47,4.5,Poliéster,2022-04-09
P3071,Conjunto Moletom Verde 3071,166.04,3.6,Algodão/Poliéster,2026-06-27
P3072,Blazer Slim Azul 3072,279.51,4.9,Poliéster,2023-11-24
P3073,Camiseta Slim Rosa 3073,127.21,4.1,Algodão,2021-06-18
P3074,Camisa Social Branca 3074,213.56,3.9,Algodão,2024-11-13
P3075,Moletom Com Capuz Rosa 3075,246.0,4.0,Algodão/Poliéster,2024-05-08
P3076,Vestido Floral Azul 3076,390.23,4.5,Viscose,2023-03-23
P3077,Conjunto Casual Marrom 3077,349.08,4.6,Algodão,2023-04-02
P3078,Jaqueta Jeans Marrom 3078,223.92,3.6,Denim,2024-01-17
P3079,Camiseta Polo Preta 3079,88.8,3.6,Algodão,2026-04-06
P3080,Blazer Slim Bege 3080,361.58,3.7,Poliéster,2025-04-22
P3081,Conjunto Moletom Marrom 3081,123.97,3.7,Algodão/Poliéster,2023-04-09
P3082,Blusa Básica Rosa 3082,209.41,4.2,Viscose,2022-05-25
P3083,Conjunto Moletom Azul 3083,44.49,4.1,Algodão/Poliéster,2021-08-13
P3084,Blazer Social Azul 3084,143.12,3.1,Poliéster,2022-02-10
P3085,Regata Canelada Amarela 3085,303.93,4.3,Algodão,2021-10-12
P3086,Camisa Flanela Preta 3086,298.32,4.2,Algodão,2025-07-25
P3087,Vestido Floral Vermelha 3087,328.83,4.3,Viscose,2024-04-06
P3088,Saia Midi Bege 3088,129.18,4.9,Poliéster,2021-03-18
P3089,Regata Canelada Azul 3089,310.94,4.4,Algodão,2026-04-01
P3090,Bermuda Esportiva Marrom 3090,81.87,4.4,Sarja,2021-11-08
P3091,Blazer Social Preta 3091,329.17,3.6,Poliéster,2024-08-28
P3092,Vestido Casual Vermelha 3092,165.13,4.5,Viscose,2021-01-26
P3093,Regata Básica Azul 3093,108.52,3.9,Algodão,2024-05-03
P3094,Bermuda Jeans Azul 3094,284.02,4.6,Sarja,2024-02-24
P3095,Moletom Básico Rosa 3095,95.56,4.3,Algodão/Poliéster,2026-02-24
P3096,Camisa Linho Amarela 3096,297.19,4.5,Algodão,2024-05-26
P3097,Moletom Básico Azul 3097,161.47,4.8,Algodão/Poliéster,2023-10-10
P3098,Conjunto Esportivo Amarela 3098,75.93,4.8,Poliéster,2024-01-04
P3099,Jaqueta Jeans Verde 3099,101.46,4.8,Denim,2024-08-03
P3100,Saia Plissada Bege 3100,256.37,3.8,Poliéster,2023-05-08
P3101,Conjunto Moletom Vermelha 3101,366.71,4.0,Algodão/Poliéster,2025-01-16
P3102,Vestido Longo Cinza 3102,79.89,4.5,Viscose,2023-12-31
P3103,Bermuda Moletom Bege 3103,210.83,3.8,Sarja,2026-06-29
P3104,Calça Jogger Marrom 3104,199.09,3.9,Sarja,2022-02-06
P3105,Blazer Social Cinza 3105,263.19,4.4,Poliéster,2025-02-17
P3106,Calça Cargo Preta 3106,307.76,4.4,Sarja,2025-09-06
P3107,Blusa Social Vermelha 3107,55.75,3.6,Viscose,2025-01-25
P3108,Conjunto Moletom Verde 3108,377.93,4.2,Algodão/Poliéster,2026-07-23
P3109,Saia Jeans Preta 3109,63.48,3.9,Poliéster,2023-06-18
P3110,Jaqueta Corta-Vento Preta 3110,118.22,4.2,Nylon,2024-01-24
P3111,Blusa Manga Longa Bege 3111,255.1,3.7,Viscose,2021-11-15
P3112,Camiseta Estampada Branca 3112,103.91,4.5,Algodão,2023-02-14
P3113,Blusa Social Preta 3113,211.74,4.3,Viscose,2021-11-27
P3114,Blazer Slim Cinza 3114,152.89,4.6,Poliéster,2025-06-27
P3115,Moletom Básico Preta 3115,180.03,4.1,Algodão/Poliéster,2025-06-07
P3116,Saia Plissada Verde 3116,328.28,3.8,Poliéster,2022-02-04
P3117,Vestido Midi Amarela 3117,145.42,4.5,Viscose,2025-07-20
P3118,Bermuda Esportiva Branca 3118,152.04,3.1,Sarja,2022-10-26
P3119,Camisa Manga Curta Cinza 3119,124.95,4.3,Algodão,2025-02-18
P3120,Camisa Social Cinza 3120,215.19,4.4,Algodão,2026-04-29
P3121,Vestido Floral Marrom 3121,202.27,4.3,Viscose,2025-09-13
P3122,Saia Midi Amarela 3122,274.39,4.0,Poliéster,2022-01-21
P3123,Regata Canelada Bege 3123,273.34,4.4,Algodão,2022-01-08
P3124,Camisa Manga Curta Verde 3124,225.34,4.3,Algodão,2021-08-20
P3125,Blusa Manga Longa Vermelha 3125,195.04,4.2,Viscose,2025-10-09
P3126,Jaqueta Jeans Rosa 3126,147.87,4.7,Denim,2024-02-05
P3127,Vestido Midi Rosa 3127,346.37,4.4,Viscose,2021-11-19
P3128,Calça Cargo Azul 3128,119.64,4.2,Sarja,2024-04-30
P3129,Moletom Estampado Bege 3129,313.9,4.6,Algodão/Poliéster,2024-01-02
P3130,Camisa Manga Curta Azul 3130,164.98,4.6,Algodão,2024-05-20
P3131,Camiseta Oversized Rosa 3131,48.85,4.1,Algodão,2024-08-06
P3132,Bermuda Moletom Vermelha 3132,157.74,4.8,Sarja,2021-12-07
P3133,Jaqueta Puffer Branca 3133,328.87,5.0,Poliéster,2023-03-13
P3134,Blazer Slim Verde 3134,176.03,4.2,Poliéster,2025-02-01
P3135,Conjunto Moletom Vermelha 3135,315.82,4.4,Algodão/Poliéster,2026-02-24
P3136,Vestido Casual Rosa 3136,66.93,3.9,Viscose,2022-05-17
P3137,Conjunto Casual Cinza 3137,310.11,3.7,Algodão,2024-03-27
P3138,Camiseta Slim Branca 3138,399.89,4.3,Algodão,2026-05-16
P3139,Saia Casual Vermelha 3139,137.14,4.4,Poliéster,2024-05-28
P3140,Blusa Manga Longa Bege 3140,251.22,4.2,Viscose,2022-04-17
P3141,Blazer Casual Azul 3141,97.49,3.7,Poliéster,2024-04-22
P3142,Calça Jeans Marrom 3142,161.56,3.8,Sarja,2021-02-05
P3143,Conjunto Esportivo Marrom 3143,220.33,4.2,Poliéster,2023-10-09
P3144,Saia Midi Bege 3144,364.11,3.9,Poliéster,2024-03-20
P3145,Jaqueta Puffer Verde 3145,67.46,4.6,Poliéster,2021-04-27
P3146,Saia Plissada Marrom 3146,284.36,4.4,Poliéster,2022-02-24
P3147,Moletom Com Capuz Verde 3147,355.67,3.8,Algodão/Poliéster,2026-08-08
P3148,Camisa Social Rosa 3148,309.18,3.8,Algodão,2024-07-24
P3149,Vestido Midi Verde 3149,337.42,4.2,Viscose,2023-08-07
P3150,Camiseta Básica Preta 3150,129.94,4.6,Algodão,2022-04-20
P3151,Blazer Social Verde 3151,221.46,4.7,Poliéster,2021-09-14
P3152,Camisa Flanela Marrom 3152,138.82,4.4,Algodão,2023-06-05
P3153,Camiseta Polo Azul 3153,96.77,4.1,Algodão,2024-02-03
P3154,Saia Plissada Branca 3154,274.59,3.8,Poliéster,2022-01-07
P3155,Camiseta Slim Rosa 3155,199.88,3.7,Algodão,2025-07-16
P3156,Blusa Social Branca 3156,40.18,4.8,Viscose,2023-06-07
P3157,Conjunto Casual Vermelha 3157,256.77,4.3,Algodão,2021-04-26
P3158,Blazer Slim Bege 3158,178.4,4.5,Poliéster,2021-10-10
P3159,Conjunto Casual Azul 3159,125.0,4.6,Algodão,2025-11-18
P3160,Conjunto Esportivo Vermelha 3160,50.9,3.7,Poliéster,2022-12-01
P3161,Blusa Social Rosa 3161,168.52,4.3,Viscose,2023-02-11
P3162,Camiseta Oversized Preta 3162,399.89,3.8,Algodão,2022-02-16
P3163,Regata Esportiva Verde 3163,47.27,4.2,Algodão,2025-07-30
P3164,Moletom Com Capuz Verde 3164,353.69,3.9,Algodão/Poliéster,2025-08-16
P3165,Camisa Social Bege 3165,71.22,4.2,Algodão,2022-05-17
P3166,Moletom Com Capuz Marrom 3166,75.97,4.6,Algodão/Poliéster,2025-02-18
P3167,Camisa Linho Azul 3167,266.08,3.9,Algodão,2023-07-25
P3168,Blazer Slim Branca 3168,155.87,4.6,Poliéster,2021-12-12
P3169,Bermuda Jeans Cinza 3169,132.78,4.5,Sarja,2025-07-05
P3170,Blazer Slim Rosa 3170,89.31,3.8,Poliéster,2021-06-21
P3171,Regata Básica Verde 3171,168.69,4.3,Algodão,2025-12-15
P3172,Blusa Básica Bege 3172,281.83,4.0,Viscose,2021-02-23
P3173,Jaqueta Corta-Vento Branca 3173,203.52,4.7,Nylon,2022-10-31
P3174,Bermuda Jeans Preta 3174,242.59,4.3,Sarja,2022-04-14
P3175,Camisa Flanela Amarela 3175,156.56,3.8,Algodão,2022-05-02
P3176,Camiseta Oversized Marrom 3176,175.76,4.4,Algodão,2023-09-21
P3177,Saia Casual Preta 3177,141.0,3.9,Poliéster,2025-04-05
P3178,Regata Canelada Bege 3178,93.4,2.6,Algodão,2023-04-08
P3179,Conjunto Casual Rosa 3179,91.1,4.1,Algodão,2023-12-04
P3180,Moletom Estampado Bege 3180,122.54,5.0,Algodão/Poliéster,2026-07-04
P3181,Camisa Linho Preta 3181,212.27,3.9,Algodão,2023-10-28
P3182,Blazer Slim Verde 3182,137.12,4.0,Poliéster,2025-06-28
P3183,Calça Sarja Azul 3183,80.39,3.9,Sarja,2023-03-08
P3184,Vestido Casual Vermelha 3184,182.06,4.6,Viscose,2021-06-11
P3185,Vestido Midi Vermelha 3185,286.5,4.8,Viscose,2022-06-14
P3186,Blusa Básica Amarela 3186,111.27,4.3,Viscose,2021-11-25
P3187,Camiseta Estampada Marrom 3187,228.77,4.7,Algodão,2026-02-20
P3188,Regata Esportiva Rosa 3188,253.26,4.7,Algodão,2021-02-25
P3189,Bermuda Cargo Bege 3189,369.02,3.9,Sarja,2025-08-29
P3190,Cinto de Couro 3190,104.45,4.0,Couro,2021-10-13
P3191,Saia Jeans Marrom 3191,138.5,4.5,Poliéster,2021-11-08
P3192,Camisa Social Branca 3192,370.25,2.8,Algodão,2024-01-01
P3193,Blusa Canelada Preta 3193,128.18,3.8,Viscose,2021-06-17
P3194,Camisa Linho Rosa 3194,399.89,4.0,Algodão,2021-06-08
P3195,Blusa Manga Longa Cinza 3195,100.64,4.0,Viscose,2025-05-24
P3196,Blusa Manga Longa Bege 3196,263.88,3.8,Viscose,2021-05-04
P3197,Saia Plissada Amarela 3197,341.71,4.4,Poliéster,2024-05-20
P3198,Moletom Com Capuz Marrom 3198,329.11,3.9,Algodão/Poliéster,2021-09-02
P3199,Vestido Casual Amarela 3199,206.31,4.0,Viscose,2021-06-27
P3200,Bermuda Jeans Verde 3200,69.33,4.0,Sarja,2024-10-17
P3201,Moletom Com Capuz Azul 3201,58.64,3.4,Algodão/Poliéster,2023-03-23
P3202,Camiseta Slim Cinza 3202,228.62,4.1,Algodão,2021-02-10
P3203,Camisa Manga Curta Bege 3203,148.32,3.8,Algodão,2024-11-11
P3204,Blazer Social Cinza 3204,351.01,3.7,Poliéster,2026-06-30
P3205,Regata Canelada Azul 3205,318.84,4.7,Algodão,2024-03-06
P3206,Vestido Floral Marrom 3206,318.6,4.3,Viscose,2023-02-27
P3207,Blusa Social Bege 3207,115.44,5.0,Viscose,2025-10-12
P3208,Camisa Linho Azul 3208,399.89,4.9,Algodão,2022-11-28
P3209,Calça Social Vermelha 3209,174.49,5.0,Sarja,2024-06-22
P3210,Saia Jeans Verde 3210,75.89,3.7,Poliéster,2023-09-10
P3211,Bermuda Cargo Preta 3211,180.95,4.0,Sarja,2025-02-11
P3212,Conjunto Moletom Bege 3212,316.16,4.7,Algodão/Poliéster,2023-12-08
P3213,Regata Básica Azul 3213,115.07,3.8,Algodão,2023-09-24
P3214,Vestido Midi Amarela 3214,339.22,4.3,Viscose,2023-05-20
P3215,Saia Plissada Verde 3215,302.81,4.5,Poliéster,2022-09-05
P3216,Vestido Floral Rosa 3216,88.67,4.5,Viscose,2023-10-04
P3217,Vestido Floral Marrom 3217,247.36,4.2,Viscose,2021-05-06
P3218,Blazer Slim Preta 3218,225.98,4.7,Poliéster,2022-12-04
P3219,Bermuda Moletom Marrom 3219,365.93,3.9,Sarja,2021-06-08
P3220,Blazer Slim Vermelha 3220,328.21,4.3,Poliéster,2022-10-29
P3221,Regata Esportiva Preta 3221,208.9,4.3,Algodão,2022-12-29
P3222,Saia Casual Cinza 3222,334.87,4.6,Poliéster,2021-02-26
P3223,Saia Midi Amarela 3223,162.82,3.6,Poliéster,2022-09-05
P3224,Blazer Casual Marrom 3224,145.2,3.6,Poliéster,2024-10-21
P3225,Saia Casual Preta 3225,159.08,4.5,Poliéster,2026-06-30
P3226,Camiseta Estampada Azul 3226,72.9,3.3,Algodão,2024-07-01
P3227,Bermuda Esportiva Cinza 3227,355.42,4.3,Sarja,2025-01-13
P3228,Camisa Manga Curta Bege 3228,146.9,3.9,Algodão,2024-10-15
P3229,Calça Jeans Bege 3229,148.54,3.9,Sarja,2026-05-09
P3230,Saia Jeans Azul 3230,57.76,4.4,Poliéster,2026-05-02
P3231,Bermuda Moletom Vermelha 3231,289.51,3.5,Sarja,2021-08-25
P3232,Camisa Linho Verde 3232,277.29,4.9,Algodão,2023-09-06
P3233,Camiseta Slim Marrom 3233,201.28,3.6,Algodão,2026-02-22
P3234,Regata Canelada Marrom 3234,307.28,4.3,Algodão,2025-12-30
P3235,Jaqueta Corta-Vento Vermelha 3235,283.05,5.0,Nylon,2024-01-11
P3236,Blazer Slim Marrom 3236,377.56,3.8,Poliéster,2023-07-08
P3237,Shorts Jeans 3237,88.14,4.1,Algodão,2021-05-01
P3238,Moletom Estampado Vermelha 3238,317.68,4.1,Algodão/Poliéster,2023-09-16
P3239,Camisa Linho Verde 3239,108.34,4.5,Algodão,2023-11-14
P3240,Bermuda Jeans Rosa 3240,187.12,4.4,Sarja,2024-08-02
P3241,Blusa Manga Longa Azul 3241,123.48,3.8,Viscose,2023-12-16
P3242,Moletom Estampado Branca 3242,135.03,3.9,Algodão/Poliéster,2022-03-23
P3243,Saia Jeans Verde 3243,85.74,4.0,Poliéster,2026-06-27
P3244,Jaqueta Puffer Amarela 3244,59.93,4.2,Poliéster,2022-03-26
P3245,Vestido Midi Preta 3245,108.58,3.2,Viscose,2023-03-03
P3246,Bermuda Esportiva Azul 3246,109.27,4.1,Sarja,2023-11-21
P3247,Saia Midi Azul 3247,67.02,4.5,Poliéster,2022-08-30
P3248,Blusa Canelada Vermelha 3248,170.93,5.0,Viscose,2021-05-22
P3249,Saia Plissada Rosa 3249,364.95,4.5,Poliéster,2024-06-18
P3250,Saia Plissada Branca 3250,322.89,3.3,Poliéster,2022-05-05
P3251,Blusa Canelada Rosa 3251,244.29,4.6,Viscose,2025-12-24
P3252,Camisa Manga Curta Preta 3252,179.97,4.8,Algodão,2025-06-30
P3253,Saia Plissada Verde 3253,308.77,4.7,Poliéster,2023-06-05
P3254,Conjunto Casual Azul 3254,72.85,4.6,Algodão,2023-08-18
P3255,Regata Esportiva Preta 3255,228.33,4.4,Algodão,2026-05-20
P3256,Camiseta Básica Rosa 3256,185.49,4.2,Algodão,2021-02-25
P3257,Bermuda Moletom Branca 3257,290.08,4.6,Sarja,2023-02-23
P3258,Jaqueta Corta-Vento Bege 3258,328.64,4.4,Nylon,2021-05-06
P3259,Saia Midi Vermelha 3259,323.42,4.2,Poliéster,2021-10-14
P3260,Blusa Básica Marrom 3260,256.63,4.2,Viscose,2026-03-18
P3261,Conjunto Esportivo Vermelha 3261,98.19,4.3,Poliéster,2021-07-29
P3262,Camisa Flanela Cinza 3262,131.88,5.0,Algodão,2026-06-03
P3263,Blusa Social Bege 3263,256.95,4.7,Viscose,2025-06-10
P3264,Camiseta Slim Cinza 3264,97.97,4.3,Algodão,2024-08-19
P3265,Camiseta Básica Bege 3265,347.35,3.6,Algodão,2025-03-16
P3266,Regata Esportiva Preta 3266,334.51,4.1,Algodão,2022-01-18
P3267,Bermuda Jeans Azul 3267,80.47,4.3,Sarja,2021-08-31
P3268,Camiseta Oversized Bege 3268,325.99,3.7,Algodão,2023-02-01
P3269,Blusa Canelada Cinza 3269,380.59,4.4,Viscose,2025-05-01
P3270,Bermuda Jeans Azul 3270,257.23,3.2,Sarja,2022-09-25
P3271,Moletom Canguru Bege 3271,135.65,4.8,Algodão/Poliéster,2021-12-30
P3272,Moletom Básico Marrom 3272,127.64,4.1,Algodão/Poliéster,2025-06-13
P3273,Bermuda Moletom Cinza 3273,198.73,3.7,Sarja,2024-08-04
P3274,Blazer Slim Azul 3274,154.21,3.5,Poliéster,2024-01-17
P3275,Blazer Slim Verde 3275,186.02,3.9,Poliéster,2023-05-04
P3276,Saia Plissada Amarela 3276,399.89,4.5,Poliéster,2025-06-02
P3277,Conjunto Casual Verde 3277,238.79,4.8,Algodão,2025-02-28
P3278,Calça Sarja Azul 3278,206.43,3.8,Sarja,2023-01-16
P3279,Conjunto Moletom Amarela 3279,312.34,4.8,Algodão/Poliéster,2021-09-26
P3280,Vestido Casual Marrom 3280,282.62,4.5,Viscose,2025-12-05
P3281,Conjunto Esportivo Azul 3281,332.65,3.9,Poliéster,2021-10-11
P3282,Blusa Social Azul 3282,220.95,4.7,Viscose,2023-06-07
P3283,Camisa Social Amarela 3283,112.11,3.4,Algodão,2026-01-28
P3284,Camisa Linho Cinza 3284,137.61,4.7,Algodão,2023-05-14
P3285,Bermuda Jeans Verde 3285,313.76,3.8,Sarja,2025-09-16
P3286,Bermuda Jeans Azul 3286,243.72,3.2,Sarja,2023-10-09
P3287,Saia Midi Bege 3287,219.39,4.2,Poliéster,2025-03-22
P3288,Jaqueta Puffer Azul 3288,81.06,4.0,Poliéster,2024-05-09
P3289,Calça Social Verde 3289,321.0,3.7,Sarja,2022-08-03
P3290,Camiseta Oversized Vermelha 3290,362.54,4.5,Algodão,2026-01-24
P3291,Blazer Slim Vermelha 3291,335.92,4.7,Poliéster,2023-08-26
P3292,Bermuda Cargo Vermelha 3292,40.57,3.9,Sarja,2023-08-06
P3293,Calça Jogger Verde 3293,293.41,4.4,Sarja,2024-09-24
P3294,Shorts Jeans 3294,96.56,4.1,Algodão,2026-04-09
P3295,Calça Jeans Azul 3295,263.44,5.0,Sarja,2025-12-09
P3296,Saia Jeans Rosa 3296,337.06,4.0,Poliéster,2023-03-26
P3297,Blazer Slim Vermelha 3297,66.39,3.7,Poliéster,2022-04-24
P3298,Camiseta Oversized Vermelha 3298,235.96,4.9,Algodão,2022-11-03
P3299,Blazer Social Cinza 3299,56.32,4.3,Poliéster,2022-06-28
P3300,Camisa Manga Curta Azul 3300,57.59,4.9,Algodão,2022-09-03
P3301,Camiseta Polo Verde 3301,150.06,4.8,Algodão,2023-06-11
P3302,Camiseta Estampada Amarela 3302,337.41,4.4,Algodão,2021-02-13
P3303,Camiseta Polo Marrom 3303,398.4,4.6,Algodão,2024-01-08
P3304,Moletom Estampado Branca 3304,327.35,3.9,Algodão/Poliéster,2025-10-23
P3305,Calça Social Cinza 3305,88.17,3.5,Sarja,2023-06-10
P3306,Bermuda Jeans Rosa 3306,354.66,4.1,Sarja,2021-06-13
P3307,Jaqueta Corta-Vento Amarela 3307,363.58,4.5,Nylon,2023-03-18
P3308,Blusa Manga Longa Amarela 3308,319.25,4.4,Viscose,2022-11-23
P3309,Vestido Midi Preta 3309,84.62,3.9,Viscose,2024-05-14
P3310,Camiseta Slim Branca 3310,70.61,4.2,Algodão,2022-06-03
P3311,Camisa Social Branca 3311,386.28,3.9,Algodão,2022-09-15
P3312,Regata Canelada Branca 3312,294.03,3.7,Algodão,2025-03-21
P3313,Regata Canelada Bege 3313,121.92,4.4,Algodão,2021-12-30
P3314,Camisa Linho Bege 3314,58.51,3.6,Algodão,2026-04-14
P3315,Bermuda Cargo Cinza 3315,126.31,3.9,Sarja,2022-09-08
P3316,Blusa Social Amarela 3316,399.89,4.4,Viscose,2025-08-17
P3317,Bermuda Cargo Azul 3317,206.59,4.0,Sarja,2021-06-19
P3318,Saia Midi Cinza 3318,175.59,4.7,Poliéster,2022-10-25
P3319,Camiseta Polo Amarela 3319,153.17,3.5,Algodão,2023-02-20
P3320,Blazer Casual Cinza 3320,70.85,4.0,Poliéster,2023-08-01
P3321,Saia Midi Azul 3321,387.63,4.3,Poliéster,2021-07-10
P3322,Calça Social Cinza 3322,268.36,3.6,Sarja,2022-05-27
P3323,Regata Esportiva Verde 3323,337.33,4.1,Algodão,2025-12-20
P3324,Calça Cargo Amarela 3324,147.36,4.2,Sarja,2026-03-27
P3325,Saia Plissada Marrom 3325,320.57,5.0,Poliéster,2023-07-02
P3326,Bermuda Esportiva Bege 3326,78.09,3.5,Sarja,2021-09-03
P3327,Camisa Social Preta 3327,190.5,4.2,Algodão,2022-07-25
P3328,Camiseta Básica Rosa 3328,180.16,4.1,Algodão,2026-05-24
P3329,Blazer Slim Azul 3329,145.5,3.6,Poliéster,2026-03-17
P3330,Bermuda Esportiva Bege 3330,367.98,3.5,Sarja,2025-08-11
P3331,Camiseta Oversized Verde 3331,286.39,4.8,Algodão,2025-11-21
P3332,Camisa Flanela Verde 3332,135.24,4.0,Algodão,2025-01-12
P3333,Regata Básica Marrom 3333,269.29,4.0,Algodão,2024-07-13
P3334,Moletom Básico Amarela 3334,217.78,3.5,Algodão/Poliéster,2025-05-21
P3335,Moletom Canguru Azul 3335,177.95,4.7,Algodão/Poliéster,2024-08-30
P3336,Blusa Básica Verde 3336,399.89,3.7,Viscose,2022-12-04
P3337,Regata Esportiva Bege 3337,279.67,4.7,Algodão,2024-08-19
P3338,Vestido Floral Cinza 3338,370.27,4.1,Viscose,2022-09-05
P3339,Saia Casual Rosa 3339,289.19,4.4,Poliéster,2024-07-17
P3340,Conjunto Casual Branca 3340,274.59,3.7,Algodão,2023-03-01
P3341,Camisa Manga Curta Marrom 3341,231.18,4.7,Algodão,2023-10-06
P3342,Blazer Casual Marrom 3342,138.0,4.4,Poliéster,2022-01-11
P3343,Calça Jeans Rosa 3343,124.31,4.8,Sarja,2026-06-04
P3344,Camisa Social Preta 3344,62.71,3.8,Algodão,2025-03-25
P3345,Blusa Básica Azul 3345,196.17,4.8,Viscose,2021-08-10
P3346,Camisa Social Verde 3346,110.26,4.1,Algodão,2023-09-10
P3347,Conjunto Esportivo Marrom 3347,227.0,5.0,Poliéster,2023-07-29
P3348,Regata Canelada Azul 3348,241.62,4.9,Algodão,2026-01-07
P3349,Camiseta Básica Bege 3349,92.52,4.0,Algodão,2025-04-12
P3350,Saia Midi Vermelha 3350,201.28,4.1,Poliéster,2025-12-23
P3351,Vestido Longo Amarela 3351,319.26,4.8,Viscose,2023-08-24
P3352,Saia Jeans Amarela 3352,319.41,4.3,Poliéster,2021-11-19
P3353,Conjunto Esportivo Bege 3353,70.95,4.2,Poliéster,2025-02-01
P3354,Saia Casual Rosa 3354,82.36,4.8,Poliéster,2022-03-29
P3355,Conjunto Esportivo Bege 3355,348.71,4.3,Poliéster,2024-08-10
P3356,Conjunto Casual Preta 3356,277.38,4.2,Algodão,2023-04-30
P3357,Blazer Casual Marrom 3357,290.53,3.6,Poliéster,2022-12-25
P3358,Camiseta Básica Preta 3358,229.82,4.1,Algodão,2021-09-03
P3359,Camiseta Estampada Bege 3359,80.62,4.3,Algodão,2025-07-14
P3360,Blusa Manga Longa Branca 3360,89.6,4.2,Viscose,2024-11-27
P3361,Bermuda Moletom Vermelha 3361,247.95,4.5,Sarja,2022-12-09
P3362,Calça Jeans Cinza 3362,352.92,4.8,Sarja,2025-03-07
P3363,Camiseta Estampada Amarela 3363,246.91,4.6,Algodão,2026-08-03
P3364,Blazer Casual Azul 3364,361.25,4.5,Poliéster,2025-02-01
P3365,Saia Casual Verde 3365,74.41,2.9,Poliéster,2026-05-19
P3366,Regata Esportiva Bege 3366,156.32,3.8,Algodão,2023-08-31
P3367,Blusa Canelada Preta 3367,40.18,3.8,Viscose,2023-02-19
P3368,Conjunto Casual Vermelha 3368,67.5,4.9,Algodão,2025-10-11
P3369,Saia Jeans Verde 3369,77.63,3.9,Poliéster,2024-10-03
P3370,Conjunto Esportivo Branca 3370,226.28,3.8,Poliéster,2024-06-07
P3371,Calça Jeans Preta 3371,351.0,5.0,Sarja,2024-08-21
P3372,Vestido Casual Bege 3372,238.31,4.5,Viscose,2026-08-18
P3373,Camiseta Oversized Verde 3373,269.7,4.5,Algodão,2024-11-23
P3374,Vestido Midi Vermelha 3374,324.63,4.5,Viscose,2025-08-15
P3375,Blazer Slim Cinza 3375,263.83,4.4,Poliéster,2021-03-16
P3376,Camiseta Básica Branca 3376,113.11,4.7,Algodão,2025-02-03
P3377,Blazer Slim Bege 3377,108.93,4.3,Poliéster,2022-10-20
P3378,Moletom Canguru Rosa 3378,174.67,4.0,Algodão/Poliéster,2021-09-13
P3379,Bermuda Cargo Branca 3379,145.82,4.5,Sarja,2022-07-26
P3380,Blazer Slim Cinza 3380,358.73,4.7,Poliéster,2025-09-19
P3381,Saia Casual Cinza 3381,392.28,5.0,Poliéster,2025-08-19
P3382,Calça Social Vermelha 3382,185.68,5.0,Sarja,2022-09-25
P3383,Conjunto Casual Rosa 3383,52.31,3.7,Algodão,2022-02-02
P3384,Blazer Casual Verde 3384,326.48,3.4,Poliéster,2023-05-17
P3385,Calça Sarja Verde 3385,246.75,4.7,Sarja,2022-11-18
P3386,Saia Jeans Preta 3386,132.03,3.4,Poliéster,2023-08-16
P3387,Regata Esportiva Marrom 3387,311.79,4.3,Algodão,2025-06-11
P3388,Saia Plissada Rosa 3388,399.89,4.4,Poliéster,2022-11-17
P3389,Camiseta Polo Branca 3389,254.43,4.7,Algodão,2021-12-25
P3390,Vestido Casual Cinza 3390,319.27,3.8,Viscose,2021-08-13
P3391,Blazer Social Cinza 3391,304.72,4.7,Poliéster,2024-11-18
P3392,Saia Plissada Branca 3392,151.51,4.5,Poliéster,2022-02-17
P3393,Camisa Linho Amarela 3393,282.41,4.5,Algodão,2022-03-31
P3394,Moletom Com Capuz Cinza 3394,143.82,4.4,Algodão/Poliéster,2025-07-21
P3395,Bermuda Esportiva Branca 3395,54.06,4.4,Sarja,2021-07-12
P3396,Regata Esportiva Azul 3396,375.43,4.6,Algodão,2024-09-11
P3397,Blusa Canelada Branca 3397,237.35,4.7,Viscose,2021-01-24
P3398,Saia Midi Preta 3398,90.69,3.5,Poliéster,2026-05-05
P3399,Moletom Canguru Verde 3399,297.93,4.2,Algodão/Poliéster,2025-01-16
P3400,Saia Casual Branca 3400,286.6,4.4,Poliéster,2025-08-26
P3401,Moletom Estampado Bege 3401,73.82,4.3,Algodão/Poliéster,2024-10-10
P3402,Bermuda Esportiva Marrom 3402,323.35,4.3,Sarja,2023-04-13
P3403,Calça Social Cinza 3403,114.97,3.5,Sarja,2026-08-22
P3404,Bermuda Cargo Verde 3404,178.5,4.1,Sarja,2025-06-15
P3405,Conjunto Moletom Preta 3405,389.19,4.0,Algodão/Poliéster,2021-07-03
P3406,Bermuda Esportiva Preta 3406,343.47,4.0,Sarja,2024-04-07
P3407,Camiseta Básica Bege 3407,314.0,4.4,Algodão,2024-01-28
P3408,Moletom Estampado Branca 3408,119.0,4.8,Algodão/Poliéster,2022-08-16
P3409,Calça Cargo 3409,178.93,4.1,Sarja,2023-08-02
P3410,Vestido Longo Branca 3410,318.64,4.4,Viscose,2026-07-11
P3411,Saia Midi Vermelha 3411,264.89,4.6,Poliéster,2021-06-29
P3412,Moletom Estampado Amarela 3412,274.7,4.6,Algodão/Poliéster,2026-04-06
P3413,Vestido Casual Marrom 3413,331.32,4.5,Viscose,2024-12-20
P3414,Saia Midi Rosa 3414,329.47,4.3,Poliéster,2021-08-21
P3415,Blazer Slim Branca 3415,354.12,4.4,Poliéster,2022-09-24
P3416,Bermuda Esportiva Preta 3416,167.42,4.1,Sarja,2025-10-03
P3417,Conjunto Esportivo Branca 3417,234.35,4.1,Poliéster,2024-12-26
P3418,Saia Plissada Verde 3418,60.45,4.5,Poliéster,2021-06-10
P3419,Moletom Estampado Verde 3419,230.92,4.4,Algodão/Poliéster,2021-11-02
P3420,Moletom Básico Verde 3420,145.5,4.6,Algodão/Poliéster,2026-04-06
P3421,Regata Básica Bege 3421,349.08,3.0,Algodão,2021-11-23
P3422,Moletom Canguru Preta 3422,190.66,4.0,Algodão/Poliéster,2024-07-15
P3423,Camisa Flanela Preta 3423,52.31,4.2,Algodão,2026-08-22
P3424,Conjunto Moletom Verde 3424,158.2,3.8,Algodão/Poliéster,2021-12-11
P3425,Calça Jogger Rosa 3425,195.39,4.4,Sarja,2021-04-02
P3426,Camisa Linho Azul 3426,346.25,4.2,Algodão,2025-08-18
P3427,Bermuda Jeans Rosa 3427,394.08,4.3,Sarja,2026-05-20
P3428,Bermuda Cargo Cinza 3428,106.82,3.6,Sarja,2023-12-04
P3429,Blusa Básica Azul 3429,178.23,3.8,Viscose,2022-04-28
P3430,Bermuda Jeans Rosa 3430,89.92,3.9,Sarja,2021-05-04
P3431,Blusa Social Preta 3431,93.66,3.8,Viscose,2026-03-01
P3432,Vestido Midi Vermelha 3432,397.13,4.1,Viscose,2025-07-10
P3433,Blazer Social Branca 3433,246.51,3.5,Poliéster,2026-01-29
P3434,Regata Básica Branca 3434,184.16,3.7,Algodão,2025-06-20
P3435,Jaqueta Puffer Preta 3435,292.5,4.9,Poliéster,2023-06-15
P3436,Calça Social Verde 3436,274.28,3.7,Sarja,2023-09-25
P3437,Calça Social Azul 3437,150.5,4.8,Sarja,2023-03-03
P3438,Saia Midi Azul 3438,329.27,4.4,Poliéster,2025-02-21
P3439,Bermuda Cargo Verde 3439,312.67,5.0,Sarja,2021-07-27
P3440,Blazer Casual Cinza 3440,77.71,4.5,Poliéster,2021-03-25
P3441,Regata Canelada Bege 3441,118.54,4.5,Algodão,2026-06-12
P3442,Calça Jogger Marrom 3442,172.12,3.8,Sarja,2022-10-21
P3443,Conjunto Casual Amarela 3443,310.01,4.6,Algodão,2021-03-13
P3444,Vestido Floral Branca 3444,251.16,4.1,Viscose,2024-10-24
P3445,Blusa Manga Longa Azul 3445,157.88,3.5,Viscose,2023-04-06
P3446,Vestido Longo Vermelha 3446,125.56,3.8,Viscose,2022-04-23
P3447,Blusa Manga Longa Verde 3447,302.43,2.6,Viscose,2023-06-19
P3448,Bermuda Cargo Bege 3448,46.68,4.7,Sarja,2023-07-21
P3449,Blusa Social Azul 3449,206.08,4.6,Viscose,2024-06-20
P3450,Camiseta Estampada Bege 3450,89.77,4.4,Algodão,2026-04-13
P3451,Jaqueta Corta-Vento Vermelha 3451,106.01,4.7,Nylon,2025-12-28
P3452,Jaqueta Jeans Verde 3452,113.65,4.7,Denim,2025-09-07
P3453,Blusa Social Verde 3453,182.28,4.6,Viscose,2023-10-16
P3454,Moletom Canguru Azul 3454,117.8,4.4,Algodão/Poliéster,2024-02-29
P3455,Blusa Canelada Verde 3455,263.18,4.0,Viscose,2021-10-01
P3456,Vestido Midi Preta 3456,186.19,4.6,Viscose,2024-04-08
P3457,Camisa Manga Curta Bege 3457,153.37,3.8,Algodão,2024-10-21
P3458,Vestido Casual Verde 3458,290.49,3.3,Viscose,2026-01-10
P3459,Moletom Básico Verde 3459,212.56,4.1,Algodão/Poliéster,2021-04-06
P3460,Conjunto Esportivo Verde 3460,345.5,4.4,Poliéster,2025-11-21
P3461,Jaqueta Jeans Azul 3461,254.69,5.0,Denim,2023-12-09
P3462,Camiseta Básica Marrom 3462,119.12,3.9,Algodão,2021-07-02
P3463,Bermuda Cargo Amarela 3463,252.72,4.1,Sarja,2026-08-22
P3464,Regata Esportiva Branca 3464,346.6,3.8,Algodão,2023-08-22
P3465,Vestido Midi Vermelha 3465,349.66,4.7,Viscose,2023-05-02
P3466,Jaqueta Puffer Cinza 3466,344.06,4.6,Poliéster,2022-01-30
P3467,Conjunto Casual Cinza 3467,189.97,4.5,Algodão,2021-06-01
P3468,Camiseta Polo Amarela 3468,399.89,4.0,Algodão,2021-06-22
P3469,Saia Casual Azul 3469,217.63,4.4,Poliéster,2022-07-07
P3470,Saia Midi Vermelha 3470,299.52,4.9,Poliéster,2022-08-28
P3471,Blazer Casual Verde 3471,148.14,3.5,Poliéster,2023-08-17
P3472,Camiseta Básica Preta 3472,64.56,4.3,Algodão,2024-06-17
P3473,Bermuda Moletom Branca 3473,327.85,3.7,Sarja,2026-08-15
P3474,Moletom Estampado Bege 3474,48.32,4.7,Algodão/Poliéster,2025-07-02
P3475,Jaqueta Bomber Vermelha 3475,120.06,4.2,Poliéster,2023-10-03
P3476,Regata Esportiva Cinza 3476,364.16,3.8,Algodão,2026-03-03
P3477,Blazer Casual Rosa 3477,66.34,4.6,Poliéster,2024-02-29
P3478,Moletom Com Capuz Verde 3478,372.34,5.0,Algodão/Poliéster,2023-05-26
P3479,Conjunto Casual Verde 3479,200.78,4.7,Algodão,2022-03-26
P3480,Saia Casual Preta 3480,155.99,4.6,Poliéster,2023-05-24
P3481,Blusa Manga Longa Vermelha 3481,269.58,4.7,Viscose,2021-03-26
P3482,Calça Cargo 3482,166.72,4.0,Sarja,2021-11-14
P3483,Moletom Canguru Amarela 3483,57.43,4.2,Algodão/Poliéster,2026-05-10
P3484,Moletom Com Capuz Verde 3484,78.56,4.6,Algodão/Poliéster,2022-02-08
P3485,Bermuda Cargo Cinza 3485,259.81,3.3,Sarja,2024-03-19
P3486,Moletom Com Capuz Branca 3486,43.25,5.0,Algodão/Poliéster,2021-08-01
P3487,Bermuda Moletom Amarela 3487,227.68,4.3,Sarja,2024-05-28
P3488,Calça Jeans 3488,156.41,4.5,Sarja,2026-07-13
P3489,Conjunto Moletom Preta 3489,83.05,3.9,Algodão/Poliéster,2023-08-06
P3490,Blusa Manga Longa Azul 3490,133.62,3.9,Viscose,2021-09-21
P3491,Calça Social Cinza 3491,240.49,3.4,Sarja,2021-02-17
P3492,Jaqueta Puffer Amarela 3492,65.29,3.9,Poliéster,2025-04-15
P3493,Bermuda Jeans Preta 3493,390.35,4.0,Sarja,2021-08-02
P3494,Camiseta Slim Vermelha 3494,222.43,4.0,Algodão,2022-10-20
P3495,Bermuda Jeans Branca 3495,230.23,4.7,Sarja,2025-10-11
P3496,Camisa Linho Verde 3496,199.21,4.5,Algodão,2024-01-17
P3497,Camisa Linho Vermelha 3497,200.58,3.5,Algodão,2025-12-12
P3498,Regata Canelada Bege 3498,273.94,4.8,Algodão,2025-12-11
P3499,Vestido Longo Rosa 3499,148.15,4.1,Viscose,2024-09-30
P3500,Jaqueta Puffer Vermelha 3500,131.52,4.3,Poliéster,2026-04-21
P3501,Saia Plissada Branca 3501,136.21,4.6,Poliéster,2021-03-17
P3502,Blazer Social Verde 3502,198.93,3.9,Poliéster,2022-05-13
P3503,Calça Jeans Amarela 3503,229.23,4.2,Sarja,2022-07-28
P3504,Bermuda Cargo Verde 3504,209.76,4.1,Sarja,2026-03-01
P3505,Regata Básica Cinza 3505,384.89,4.2,Algodão,2024-07-10
P3506,Calça Social Branca 3506,206.09,4.3,Sarja,2022-06-06
P3507,Jaqueta Bomber Marrom 3507,45.67,5.0,Poliéster,2022-03-08
P3508,Conjunto Moletom Vermelha 3508,344.17,3.8,Algodão/Poliéster,2025-07-24
P3509,Bermuda Cargo Marrom 3509,222.14,3.6,Sarja,2025-11-13
P3510,Moletom Básico Amarela 3510,276.68,4.5,Algodão/Poliéster,2021-02-01
P3511,Camiseta Slim Vermelha 3511,207.77,4.5,Algodão,2023-01-26
P3512,Moletom Canguru Preta 3512,356.09,3.9,Algodão/Poliéster,2024-01-13
P3513,Saia Casual Vermelha 3513,137.49,4.2,Poliéster,2022-05-02
P3514,Bermuda Esportiva Marrom 3514,223.81,4.0,Sarja,2025-02-10
P3515,Saia Midi Azul 3515,384.34,4.8,Poliéster,2025-04-18
P3516,Vestido Longo Rosa 3516,203.08,4.2,Viscose,2025-10-02
P3517,Saia Plissada Marrom 3517,314.7,4.5,Poliéster,2025-06-15
P3518,Bermuda Jeans Azul 3518,224.09,3.4,Sarja,2025-10-07
P3519,Regata Básica Marrom 3519,128.33,3.7,Algodão,2023-01-27
P3520,Regata Básica Azul 3520,114.5,3.7,Algodão,2022-09-11
P3521,Jaqueta Bomber Branca 3521,249.76,4.4,Poliéster,2022-10-16
P3522,Conjunto Casual Marrom 3522,399.89,4.7,Algodão,2025-11-01
P3523,Moletom Estampado Marrom 3523,173.5,3.1,Algodão/Poliéster,2024-09-05
P3524,Moletom Canguru Rosa 3524,116.79,5.0,Algodão/Poliéster,2022-11-01
P3525,Regata Esportiva Rosa 3525,132.6,4.3,Algodão,2025-02-01
P3526,Vestido Midi Preta 3526,72.92,4.5,Viscose,2022-04-29
P3527,Jaqueta Puffer Preta 3527,270.98,4.9,Poliéster,2022-07-06
P3528,Blusa Social Amarela 3528,157.56,4.6,Viscose,2021-01-04
P3529,Camisa Manga Curta Verde 3529,233.28,3.4,Algodão,2026-06-23
P3530,Bermuda Moletom Bege 3530,198.83,3.8,Sarja,2022-05-03
P3531,Bermuda Esportiva Amarela 3531,308.93,4.7,Sarja,2025-04-06
P3532,Bermuda Jeans Rosa 3532,340.27,4.2,Sarja,2021-09-03
P3533,Blazer Casual Rosa 3533,151.09,4.1,Poliéster,2021-03-16
P3534,Blazer Casual Preta 3534,353.04,4.4,Poliéster,2024-10-28
P3535,Jaqueta Puffer Branca 3535,257.09,4.4,Poliéster,2021-07-23
P3536,Vestido Floral Amarela 3536,87.07,3.9,Viscose,2021-10-27
P3537,Saia Casual Vermelha 3537,270.78,4.2,Poliéster,2022-11-15
P3538,Regata Esportiva Preta 3538,261.58,4.1,Algodão,2024-04-26
P3539,Conjunto Esportivo Amarela 3539,109.83,4.5,Poliéster,2021-02-07
P3540,Bermuda Jeans Verde 3540,71.05,4.2,Sarja,2021-09-19
P3541,Vestido Midi Marrom 3541,149.04,4.4,Viscose,2022-12-01
P3542,Blusa Canelada Rosa 3542,258.33,4.6,Viscose,2024-12-28
P3543,Bermuda Cargo Vermelha 3543,293.82,4.9,Sarja,2021-07-21
P3544,Conjunto Moletom Bege 3544,268.0,4.4,Algodão/Poliéster,2022-08-14
P3545,Conjunto Casual Verde 3545,247.14,4.9,Algodão,2022-02-04
P3546,Saia Midi Cinza 3546,158.64,4.8,Poliéster,2022-10-01
P3547,Camiseta Básica Cinza 3547,206.29,4.1,Algodão,2022-06-18
P3548,Blusa Canelada Vermelha 3548,63.73,4.5,Viscose,2024-08-17
P3549,Camiseta Slim Amarela 3549,129.47,3.5,Algodão,2021-05-20
P3550,Shorts Jeans 3550,108.81,4.3,Algodão,2026-04-27
P3551,Moletom Canguru Vermelha 3551,111.06,4.4,Algodão/Poliéster,2022-05-21
P3552,Camisa Linho Bege 3552,72.18,3.3,Algodão,2026-08-14
P3553,Blazer Slim Cinza 3553,298.31,5.0,Poliéster,2025-02-17
P3554,Saia Midi Amarela 3554,253.04,3.8,Poliéster,2023-01-10
P3555,Moletom Com Capuz Vermelha 3555,120.72,4.6,Algodão/Poliéster,2022-09-18
P3556,Bermuda Moletom Amarela 3556,221.0,4.3,Sarja,2026-05-12
P3557,Blazer Casual Verde 3557,324.58,3.5,Poliéster,2026-08-24
P3558,Conjunto Esportivo Cinza 3558,137.88,3.9,Poliéster,2024-06-20
P3559,Vestido Floral Marrom 3559,376.82,4.3,Viscose,2021-04-08
P3560,Saia Jeans Marrom 3560,299.37,3.7,Poliéster,2026-02-19
P3561,Jaqueta Bomber Branca 3561,55.99,5.0,Poliéster,2023-09-14
P3562,Saia Plissada Bege 3562,315.74,3.3,Poliéster,2021-02-27
P3563,Conjunto Casual Cinza 3563,62.44,4.4,Algodão,2025-07-18
P3564,Bermuda Moletom Bege 3564,193.21,3.7,Sarja,2021-03-10
P3565,Conjunto Moletom Cinza 3565,118.73,3.6,Algodão/Poliéster,2023-02-09
P3566,Camisa Social Verde 3566,248.54,3.4,Algodão,2021-06-04
P3567,Blusa Social Azul 3567,83.88,5.0,Viscose,2023-06-24
P3568,Bermuda Jeans Verde 3568,132.89,3.6,Sarja,2025-07-23
P3569,Vestido Casual Cinza 3569,300.45,4.0,Viscose,2021-09-25
P3570,Camisa Manga Curta Bege 3570,156.99,3.8,Algodão,2021-10-13
P3571,Blazer Slim Branca 3571,222.48,3.9,Poliéster,2026-06-03
P3572,Regata Básica Bege 3572,351.21,3.9,Algodão,2022-01-01
P3573,Conjunto Moletom Vermelha 3573,253.67,3.9,Algodão/Poliéster,2021-08-21
P3574,Conjunto Casual Preta 3574,214.67,4.5,Algodão,2024-04-26
P3575,Camisa Manga Curta Verde 3575,88.38,4.1,Algodão,2022-07-27
P3576,Vestido Midi Marrom 3576,288.88,4.3,Viscose,2026-06-04
P3577,Saia Jeans Vermelha 3577,102.38,4.7,Poliéster,2021-12-05
P3578,Blazer Social Rosa 3578,371.87,4.2,Poliéster,2024-03-19
P3579,Camisa Social Bege 3579,242.73,3.6,Algodão,2026-03-21
P3580,Saia Plissada Branca 3580,256.83,4.7,Poliéster,2025-02-24
P3581,Vestido Floral Cinza 3581,341.36,4.0,Viscose,2021-03-01
P3582,Bermuda Cargo Azul 3582,231.96,3.5,Sarja,2022-01-24
P3583,Blusa Social Bege 3583,101.67,5.0,Viscose,2021-09-17
P3584,Saia Casual Azul 3584,295.74,4.6,Poliéster,2026-03-07
P3585,Conjunto Casual Cinza 3585,186.23,4.5,Algodão,2022-02-22
P3586,Camisa Social Preta 3586,293.7,4.5,Algodão,2021-04-26
P3587,Regata Canelada Cinza 3587,273.27,3.7,Algodão,2023-03-03
P3588,Camisa Linho Marrom 3588,120.91,4.2,Algodão,2022-08-09
P3589,Regata Esportiva Azul 3589,128.28,4.2,Algodão,2021-12-05
P3590,Camisa Manga Curta Azul 3590,64.49,4.7,Algodão,2023-07-28
P3591,Conjunto Moletom Verde 3591,399.89,4.6,Algodão/Poliéster,2026-02-07
P3592,Blazer Slim Marrom 3592,332.16,3.9,Poliéster,2022-04-13
P3593,Conjunto Casual Rosa 3593,84.54,4.3,Algodão,2026-07-24
P3594,Saia Plissada Bege 3594,243.58,4.8,Poliéster,2024-10-05
P3595,Conjunto Moletom Marrom 3595,299.16,4.4,Algodão/Poliéster,2023-03-02
P3596,Blazer Slim Vermelha 3596,141.94,3.5,Poliéster,2024-11-05
P3597,Calça Sarja Vermelha 3597,175.52,3.7,Sarja,2022-12-22
P3598,Moletom Básico Bege 3598,219.72,3.6,Algodão/Poliéster,2022-03-15
P3599,Camisa Manga Curta Rosa 3599,130.43,4.3,Algodão,2022-05-01
P3600,Saia Midi Bege 3600,215.77,3.9,Poliéster,2021-01-18
P3601,Blusa Canelada Preta 3601,42.02,3.6,Viscose,2024-09-03
P3602,Camisa Social Verde 3602,399.89,4.6,Algodão,2021-06-03
P3603,Camisa Linho Verde 3603,91.5,3.7,Algodão,2022-02-15
P3604,Moletom Básico Preta 3604,298.34,4.3,Algodão/Poliéster,2021-01-01
P3605,Bermuda Moletom Rosa 3605,316.24,3.8,Sarja,2021-05-15
P3606,Camisa Linho Preta 3606,285.44,3.6,Algodão,2026-02-17
P3607,Camisa Social Preta 3607,125.71,4.2,Algodão,2021-02-19
P3608,Moletom Básico Marrom 3608,194.48,4.3,Algodão/Poliéster,2024-07-10
P3609,Camisa Social Branca 3609,72.49,4.2,Algodão,2022-11-10
P3610,Regata Básica Vermelha 3610,121.17,4.4,Algodão,2021-10-14
P3611,Regata Esportiva Verde 3611,355.35,4.4,Algodão,2022-09-13
P3612,Vestido Casual Preta 3612,284.42,3.7,Viscose,2021-07-11
P3613,Bermuda Moletom Vermelha 3613,179.34,4.5,Sarja,2022-10-10
P3614,Regata Básica Verde 3614,189.45,4.7,Algodão,2025-08-19
P3615,Vestido Longo Amarela 3615,336.26,4.6,Viscose,2024-07-07
P3616,Camisa Linho Branca 3616,399.89,4.7,Algodão,2025-08-06
P3617,Jaqueta Puffer Branca 3617,325.05,4.9,Poliéster,2024-12-12
P3618,Vestido Floral Marrom 3618,231.21,3.8,Viscose,2026-04-03
P3619,Moletom Canguru Cinza 3619,93.16,4.8,Algodão/Poliéster,2021-08-12
P3620,Regata Canelada Bege 3620,103.51,4.4,Algodão,2021-11-26
P3621,Bermuda Moletom Verde 3621,312.25,3.9,Sarja,2023-05-02
P3622,Saia Midi 3622,119.59,3.9,Poliéster,2023-12-17
P3623,Moletom Com Capuz Branca 3623,309.16,4.8,Algodão/Poliéster,2025-06-11
P3624,Moletom Com Capuz Amarela 3624,281.88,4.5,Algodão/Poliéster,2021-09-09
P3625,Saia Casual Cinza 3625,331.96,4.6,Poliéster,2021-08-17
P3626,Bermuda Cargo Amarela 3626,255.02,4.4,Sarja,2025-07-05
P3627,Bermuda Jeans Vermelha 3627,158.7,4.3,Sarja,2024-02-11
P3628,Bermuda Cargo Azul 3628,76.04,4.3,Sarja,2023-05-04
P3629,Camiseta Oversized Amarela 3629,175.26,4.8,Algodão,2022-04-05
P3630,Regata Básica Bege 3630,59.03,4.3,Algodão,2024-12-10
P3631,Calça Jogger Preta 3631,350.42,3.5,Sarja,2025-07-18
P3632,Vestido Midi Marrom 3632,92.03,4.2,Viscose,2021-03-04
P3633,Blazer Social Amarela 3633,100.97,4.5,Poliéster,2021-04-22
P3634,Calça Social Bege 3634,295.8,4.2,Sarja,2025-05-29
P3635,Vestido Midi Preta 3635,93.31,3.6,Viscose,2026-01-03
P3636,Regata Esportiva Marrom 3636,53.55,4.3,Algodão,2022-04-20
P3637,Blazer Slim Vermelha 3637,149.04,3.5,Poliéster,2024-12-31
P3638,Camiseta Oversized Vermelha 3638,399.89,4.6,Algodão,2025-10-10
P3639,Camiseta Polo Cinza 3639,395.53,4.3,Algodão,2021-08-23
P3640,Bermuda Esportiva Vermelha 3640,373.77,3.9,Sarja,2022-01-20
P3641,Camiseta Oversized Azul 3641,367.5,4.9,Algodão,2021-09-27
P3642,Regata Esportiva Branca 3642,315.44,3.6,Algodão,2025-06-23
P3643,Blazer Slim Bege 3643,193.83,4.5,Poliéster,2025-05-15
P3644,Camiseta Polo Branca 3644,212.43,4.5,Algodão,2021-10-05
P3645,Bermuda Esportiva Amarela 3645,390.2,4.5,Sarja,2021-12-27
P3646,Camiseta Slim Preta 3646,157.46,4.1,Algodão,2024-10-04
P3647,Jaqueta Puffer Vermelha 3647,147.77,4.7,Poliéster,2026-01-31
P3648,Jaqueta Puffer Verde 3648,207.16,4.1,Poliéster,2025-06-01
P3649,Moletom Estampado Preta 3649,161.43,4.6,Algodão/Poliéster,2021-12-13
P3650,Blazer Slim Bege 3650,367.0,3.8,Poliéster,2023-03-11
P3651,Bermuda Jeans Branca 3651,236.88,4.8,Sarja,2021-05-18
P3652,Blusa Básica Verde 3652,222.83,4.0,Viscose,2022-05-21
P3653,Camisa Flanela Verde 3653,64.51,3.8,Algodão,2024-03-11
P3654,Calça Jeans Cinza 3654,399.89,4.1,Sarja,2022-12-14
P3655,Vestido Midi Verde 3655,106.9,3.9,Viscose,2024-06-09
P3656,Blazer Slim Marrom 3656,205.01,3.6,Poliéster,2022-09-06
P3657,Jaqueta Puffer Bege 3657,196.33,3.6,Poliéster,2024-03-11
P3658,Vestido Midi Rosa 3658,378.59,4.0,Viscose,2024-08-02
P3659,Camisa Flanela Preta 3659,342.57,4.1,Algodão,2022-02-07
P3660,Calça Social Rosa 3660,273.61,4.3,Sarja,2021-04-03
P3661,Blusa Canelada Branca 3661,212.76,4.8,Viscose,2022-12-01
P3662,Calça Social Cinza 3662,92.96,3.6,Sarja,2021-03-27
P3663,Vestido Midi Vermelha 3663,390.26,4.2,Viscose,2021-11-26
P3664,Camisa Social Verde 3664,210.37,4.9,Algodão,2022-08-19
P3665,Camisa Social Branca 3665,187.61,3.7,Algodão,2022-12-01
P3666,Camisa Social Rosa 3666,278.24,4.1,Algodão,2022-07-28
P3667,Moletom Canguru Rosa 3667,183.55,3.8,Algodão/Poliéster,2021-04-21
P3668,Blazer Slim Rosa 3668,323.63,3.3,Poliéster,2022-01-02
P3669,Jaqueta Jeans Verde 3669,383.53,4.0,Denim,2025-12-31
P3670,Blusa Canelada Cinza 3670,263.39,4.2,Viscose,2025-01-23
P3671,Moletom Básico Marrom 3671,278.33,3.5,Algodão/Poliéster,2023-07-09
P3672,Bermuda Cargo Bege 3672,367.84,3.9,Sarja,2021-02-19
P3673,Bermuda Cargo Marrom 3673,200.44,3.8,Sarja,2023-01-11
P3674,Calça Jeans Cinza 3674,92.25,4.6,Sarja,2026-03-28
P3675,Camisa Flanela Verde 3675,151.43,4.1,Algodão,2025-08-03
P3676,Camiseta Oversized Amarela 3676,296.83,4.0,Algodão,2025-04-17
P3677,Calça Sarja Branca 3677,53.14,3.6,Sarja,2022-05-30
P3678,Camiseta Slim Branca 3678,399.89,4.1,Algodão,2023-04-14
P3679,Moletom Com Capuz Branca 3679,312.69,4.7,Algodão/Poliéster,2021-03-01
P3680,Saia Jeans Rosa 3680,387.79,4.1,Poliéster,2025-11-13
P3681,Regata Esportiva Cinza 3681,280.94,3.6,Algodão,2021-08-22
P3682,Jaqueta Jeans Azul 3682,179.95,3.9,Denim,2024-07-02
P3683,Camisa Flanela Branca 3683,134.51,4.6,Algodão,2022-08-07
P3684,Vestido Longo Marrom 3684,122.31,3.8,Viscose,2024-03-25
P3685,Jaqueta Jeans Marrom 3685,283.81,4.4,Denim,2025-09-08
P3686,Saia Plissada Vermelha 3686,399.89,4.2,Poliéster,2022-10-10
P3687,Saia Casual Preta 3687,89.9,4.5,Poliéster,2021-02-04
P3688,Conjunto Casual Branca 3688,261.44,3.8,Algodão,2024-10-03
P3689,Vestido Longo Preta 3689,223.47,4.5,Viscose,2024-01-06
P3690,Blazer Casual Preta 3690,376.66,4.8,Poliéster,2021-10-17
P3691,Calça Sarja Branca 3691,269.24,4.4,Sarja,2021-04-11
P3692,Moletom Estampado Verde 3692,197.6,4.7,Algodão/Poliéster,2023-12-23
P3693,Conjunto Casual Verde 3693,288.82,4.7,Algodão,2024-06-22
P3694,Regata Esportiva Azul 3694,348.65,4.5,Algodão,2021-08-29
P3695,Calça Jogger Verde 3695,295.98,5.0,Sarja,2024-05-24
P3696,Camisa Manga Curta Cinza 3696,326.2,3.9,Algodão,2023-07-11
P3697,Saia Midi Verde 3697,284.13,4.0,Poliéster,2021-10-11
P3698,Blazer Casual Cinza 3698,307.61,4.5,Poliéster,2024-06-29
P3699,Moletom Com Capuz Marrom 3699,154.97,5.0,Algodão/Poliéster,2024-08-28
P3700,Saia Midi Amarela 3700,175.48,3.7,Poliéster,2021-11-18
P3701,Bermuda Esportiva Azul 3701,243.55,4.8,Sarja,2024-10-25
P3702,Saia Midi Branca 3702,253.62,3.9,Poliéster,2022-04-05
P3703,Calça Sarja Bege 3703,399.89,4.0,Sarja,2024-05-20
P3704,Moletom Estampado Rosa 3704,119.93,4.0,Algodão/Poliéster,2025-08-10
P3705,Calça Jogger Cinza 3705,285.71,4.4,Sarja,2026-04-24
P3706,Bermuda Cargo Rosa 3706,211.62,4.2,Sarja,2022-06-14
P3707,Camisa Linho Amarela 3707,314.53,4.0,Algodão,2022-12-02
P3708,Camisa Flanela Rosa 3708,172.42,3.8,Algodão,2021-07-17
P3709,Camisa Manga Curta Verde 3709,211.5,4.1,Algodão,2026-06-29
P3710,Blusa Manga Longa Preta 3710,144.93,4.1,Viscose,2022-11-16
P3711,Regata Esportiva Marrom 3711,273.44,3.9,Algodão,2025-07-18
P3712,Bermuda Moletom Verde 3712,137.92,4.4,Sarja,2026-04-19
P3713,Moletom Básico Amarela 3713,399.89,4.2,Algodão/Poliéster,2023-09-12
P3714,Blusa Canelada Rosa 3714,371.28,4.1,Viscose,2024-12-06
P3715,Moletom Estampado Azul 3715,160.37,4.4,Algodão/Poliéster,2023-09-05
P3716,Moletom Básico Marrom 3716,270.77,5.0,Algodão/Poliéster,2024-04-05
P3717,Bermuda Esportiva Bege 3717,285.81,4.8,Sarja,2022-06-01
P3718,Camiseta Slim Verde 3718,393.33,4.8,Algodão,2025-10-05
P3719,Calça Jogger Bege 3719,317.11,3.9,Sarja,2021-09-12
P3720,Bermuda Cargo Branca 3720,155.73,4.3,Sarja,2024-09-27
P3721,Bermuda Cargo Vermelha 3721,312.04,4.6,Sarja,2026-03-19
P3722,Conjunto Moletom Amarela 3722,140.05,4.7,Algodão/Poliéster,2025-08-06
P3723,Saia Midi Azul 3723,297.17,4.3,Poliéster,2025-04-19
P3724,Camiseta Polo Cinza 3724,362.66,4.3,Algodão,2024-09-21
P3725,Moletom Canguru Azul 3725,135.92,4.8,Algodão/Poliéster,2026-05-11
P3726,Blazer Slim Cinza 3726,263.75,4.6,Poliéster,2025-11-24
P3727,Regata Básica Bege 3727,336.47,2.9,Algodão,2022-07-23
P3728,Regata Básica Vermelha 3728,132.18,4.4,Algodão,2024-07-15
P3729,Blusa Social Bege 3729,252.16,4.7,Viscose,2023-06-06
P3730,Moletom Com Capuz Marrom 3730,83.71,4.5,Algodão/Poliéster,2022-07-03
P3731,Saia Jeans Verde 3731,105.19,3.9,Poliéster,2025-08-20
P3732,Conjunto Esportivo Rosa 3732,381.29,3.8,Poliéster,2021-03-27
P3733,Regata Esportiva Marrom 3733,78.59,4.0,Algodão,2021-09-23
P3734,Camiseta Estampada Cinza 3734,195.67,4.6,Algodão,2021-08-06
P3735,Calça Jogger Rosa 3735,318.58,4.8,Sarja,2022-02-22
P3736,Vestido Casual Rosa 3736,371.59,4.5,Viscose,2023-11-27
P3737,Blazer Social Preta 3737,353.97,3.6,Poliéster,2026-05-04
P3738,Vestido Longo Bege 3738,119.82,4.4,Viscose,2026-07-04
P3739,Vestido Casual 3739,125.06,4.4,Viscose,2026-02-06
P3740,Camisa Linho Vermelha 3740,121.88,4.0,Algodão,2025-04-21
P3741,Camisa Linho Verde 3741,176.93,4.3,Algodão,2023-08-10
P3742,Saia Casual Vermelha 3742,129.38,4.2,Poliéster,2025-05-24
P3743,Conjunto Moletom Azul 3743,345.64,4.5,Algodão/Poliéster,2022-07-09
P3744,Saia Midi Bege 3744,133.0,4.5,Poliéster,2024-10-05
P3745,Blusa Social Preta 3745,98.74,4.4,Viscose,2021-01-18
P3746,Blazer Casual Rosa 3746,295.3,5.0,Poliéster,2026-02-13
P3747,Camisa Flanela Bege 3747,61.79,4.6,Algodão,2026-07-04
P3748,Regata Básica Vermelha 3748,153.44,3.6,Algodão,2025-03-02
P3749,Jaqueta Bomber Branca 3749,164.56,4.0,Poliéster,2021-12-28
P3750,Calça Cargo Cinza 3750,261.77,4.0,Sarja,2022-06-19
P3751,Conjunto Esportivo Marrom 3751,214.16,4.4,Poliéster,2025-03-11
P3752,Regata Canelada Preta 3752,297.72,4.4,Algodão,2023-10-31
P3753,Regata Básica Verde 3753,163.46,4.1,Algodão,2024-02-07
P3754,Moletom Básico Verde 3754,221.24,5.0,Algodão/Poliéster,2023-04-17
P3755,Vestido Longo Preta 3755,296.07,3.9,Viscose,2025-09-26
P3756,Jaqueta Puffer Preta 3756,295.85,4.9,Poliéster,2021-12-09
P3757,Regata Canelada Branca 3757,301.94,3.8,Algodão,2023-07-04
P3758,Saia Jeans Verde 3758,168.11,4.6,Poliéster,2022-04-06
P3759,Moletom Básico Branca 3759,112.44,3.7,Algodão/Poliéster,2024-12-02
P3760,Conjunto Moletom Azul 3760,384.26,3.2,Algodão/Poliéster,2022-08-13
P3761,Camiseta Polo Amarela 3761,371.35,4.4,Algodão,2022-09-12
P3762,Saia Jeans Branca 3762,166.48,3.7,Poliéster,2021-12-26
P3763,Calça Sarja Rosa 3763,71.59,4.4,Sarja,2025-11-22
P3764,Regata Básica Preta 3764,88.17,3.5,Algodão,2022-03-26
P3765,Saia Casual Branca 3765,185.78,4.0,Poliéster,2025-12-03
P3766,Camisa Linho Rosa 3766,166.65,3.8,Algodão,2026-03-12
P3767,Conjunto Moletom Marrom 3767,207.27,4.3,Algodão/Poliéster,2026-06-18
P3768,Bermuda Moletom Rosa 3768,188.1,4.6,Sarja,2022-12-12
P3769,Saia Midi Preta 3769,83.6,3.8,Poliéster,2024-09-16
P3770,Camiseta Slim Azul 3770,84.32,3.7,Algodão,2025-09-09
P3771,Calça Jeans Marrom 3771,153.24,3.7,Sarja,2021-06-12
P3772,Regata Básica Vermelha 3772,164.56,3.6,Algodão,2021-05-14
P3773,Saia Casual Azul 3773,43.81,4.6,Poliéster,2022-03-05
P3774,Moletom Com Capuz Verde 3774,390.42,5.0,Algodão/Poliéster,2026-07-25
P3775,Camisa Social Rosa 3775,301.34,3.7,Algodão,2021-07-05
P3776,Conjunto Esportivo Vermelha 3776,136.31,4.0,Poliéster,2025-05-02
P3777,Vestido Floral Verde 3777,95.54,4.2,Viscose,2025-10-02
P3778,Bermuda Moletom Amarela 3778,196.1,4.3,Sarja,2026-02-19
P3779,Blusa Básica Amarela 3779,123.22,4.3,Viscose,2023-12-30
P3780,Bermuda Cargo Verde 3780,399.89,4.8,Sarja,2023-12-25
P3781,Vestido Longo Vermelha 3781,378.69,4.7,Viscose,2025-03-16
P3782,Saia Casual Preta 3782,151.27,4.5,Poliéster,2024-08-05
P3783,Calça Jogger Amarela 3783,162.58,3.4,Sarja,2025-06-16
P3784,Conjunto Esportivo Verde 3784,139.49,4.6,Poliéster,2023-01-17
P3785,Regata Básica Verde 3785,218.11,3.7,Algodão,2026-04-16
P3786,Camisa Manga Curta Verde 3786,234.54,4.3,Algodão,2023-06-13
P3787,Blusa Canelada Preta 3787,177.05,5.0,Viscose,2022-05-29
P3788,Camisa Manga Curta Rosa 3788,55.01,4.8,Algodão,2025-04-03
P3789,Jaqueta Puffer Preta 3789,104.09,4.4,Poliéster,2024-07-08
P3790,Camisa Linho Vermelha 3790,359.16,4.4,Algodão,2021-04-14
P3791,Saia Jeans Amarela 3791,382.34,4.1,Poliéster,2021-12-11
P3792,Blazer Casual Azul 3792,84.9,3.6,Poliéster,2021-03-17
P3793,Jaqueta Puffer Vermelha 3793,146.66,4.3,Poliéster,2024-04-06
P3794,Camisa Social Branca 3794,399.89,2.6,Algodão,2025-12-16
P3795,Moletom Básico Cinza 3795,260.8,4.2,Algodão/Poliéster,2022-10-30
P3796,Blusa Básica Amarela 3796,56.08,4.6,Viscose,2021-08-16
P3797,Blusa Manga Longa Vermelha 3797,48.06,3.7,Viscose,2025-10-28
P3798,Moletom Básico Azul 3798,389.56,5.0,Algodão/Poliéster,2025-01-31
P3799,Conjunto Casual Preta 3799,96.84,4.2,Algodão,2024-02-02
P3800,Blusa Básica Branca 3800,263.53,4.0,Viscose,2022-02-17
P3801,Conjunto Moletom Amarela 3801,95.38,4.4,Algodão/Poliéster,2024-10-22
P3802,Regata Esportiva Cinza 3802,214.78,4.4,Algodão,2023-01-28
P3803,Blazer Casual Bege 3803,55.45,4.0,Poliéster,2022-05-23
P3804,Conjunto Casual Rosa 3804,76.34,4.1,Algodão,2022-08-31
P3805,Regata Esportiva Marrom 3805,238.71,4.7,Algodão,2021-05-08
P3806,Blusa Básica Branca 3806,358.89,4.8,Viscose,2023-10-12
P3807,Camisa Flanela Amarela 3807,139.05,3.7,Algodão,2025-04-08
P3808,Camisa Manga Curta Rosa 3808,205.98,4.4,Algodão,2025-09-07
P3809,Bermuda Esportiva Amarela 3809,301.93,4.8,Sarja,2025-02-07
P3810,Camiseta Básica Branca 3810,102.91,4.7,Algodão,2025-12-17
P3811,Saia Jeans Preta 3811,113.09,4.3,Poliéster,2026-06-17
P3812,Saia Midi Azul 3812,356.85,4.3,Poliéster,2022-04-05
P3813,Jaqueta Jeans Azul 3813,327.28,4.0,Denim,2023-06-16
P3814,Conjunto Esportivo Bege 3814,72.26,4.3,Poliéster,2022-11-30
P3815,Jaqueta Bomber Rosa 3815,246.45,4.6,Poliéster,2024-11-17
P3816,Regata Esportiva Preta 3816,336.47,4.0,Algodão,2025-09-28
P3817,Moletom Estampado Preta 3817,340.03,4.6,Algodão/Poliéster,2026-01-16
P3818,Camiseta Básica Verde 3818,373.57,4.3,Algodão,2021-07-05
P3819,Conjunto Casual Cinza 3819,87.01,4.6,Algodão,2023-12-02
P3820,Camiseta Slim Preta 3820,158.49,4.2,Algodão,2021-08-30
P3821,Camiseta Básica Marrom 3821,114.42,4.3,Algodão,2022-11-14
P3822,Camiseta Polo Branca 3822,115.7,4.2,Algodão,2023-09-20
P3823,Blusa Canelada Preta 3823,40.18,3.7,Viscose,2024-07-06
P3824,Blazer Social Cinza 3824,261.5,3.8,Poliéster,2025-06-23
P3825,Conjunto Esportivo Cinza 3825,146.13,3.5,Poliéster,2026-08-20
P3826,Bermuda Moletom Marrom 3826,279.61,4.6,Sarja,2022-11-27
P3827,Regata Canelada Marrom 3827,105.73,4.8,Algodão,2024-03-03
P3828,Camisa Manga Curta Bege 3828,130.75,3.9,Algodão,2021-05-24
P3829,Conjunto Moletom Vermelha 3829,317.46,4.4,Algodão/Poliéster,2021-08-19
P3830,Blusa Canelada Branca 3830,245.67,3.8,Viscose,2026-06-26
P3831,Blazer Casual Branca 3831,181.73,3.9,Poliéster,2026-04-26
P3832,Bermuda Moletom Azul 3832,355.93,4.6,Sarja,2026-04-27
P3833,Vestido Floral Bege 3833,271.32,2.9,Viscose,2022-06-26
P3834,Conjunto Moletom Azul 3834,373.51,5.0,Algodão/Poliéster,2024-09-10
P3835,Bermuda Jeans Branca 3835,264.1,4.6,Sarja,2022-04-19
P3836,Blusa Canelada Marrom 3836,384.63,3.7,Viscose,2024-11-11
P3837,Conjunto Moletom Branca 3837,204.91,5.0,Algodão/Poliéster,2023-09-30
P3838,Calça Jogger Vermelha 3838,296.74,4.6,Sarja,2026-04-16
P3839,Bermuda Esportiva Rosa 3839,344.86,4.7,Sarja,2023-02-13
P3840,Jaqueta Bomber Bege 3840,304.67,4.8,Poliéster,2024-08-25
P3841,Jaqueta Bomber Verde 3841,298.06,4.6,Poliéster,2024-09-25
P3842,Camisa Linho Bege 3842,263.66,4.9,Algodão,2025-06-20
P3843,Bermuda Cargo Amarela 3843,169.29,4.1,Sarja,2021-04-18
P3844,Blusa Social Amarela 3844,141.18,4.2,Viscose,2023-08-18
P3845,Conjunto Moletom Rosa 3845,314.15,4.9,Algodão/Poliéster,2023-07-25
P3846,Camiseta Estampada Verde 3846,107.11,4.0,Algodão,2022-04-17
P3847,Blazer Casual Preta 3847,118.1,3.8,Poliéster,2025-07-23
P3848,Conjunto Casual Cinza 3848,373.62,3.9,Algodão,2025-09-19
P3849,Camiseta Estampada Bege 3849,363.21,3.6,Algodão,2021-06-18
P3850,Blazer Slim Vermelha 3850,147.75,3.5,Poliéster,2024-11-16
P3851,Camiseta Estampada Preta 3851,63.76,4.1,Algodão,2025-11-18
P3852,Jaqueta Jeans Azul 3852,58.05,4.4,Denim,2022-08-23
P3853,Camisa Social Verde 3853,298.57,3.4,Algodão,2024-07-31
P3854,Calça Jogger Verde 3854,294.66,5.0,Sarja,2024-07-13
P3855,Blazer Slim Marrom 3855,158.17,4.6,Poliéster,2021-02-08
P3856,Vestido Midi Vermelha 3856,398.66,4.8,Viscose,2025-08-17
P3857,Moletom Canguru Amarela 3857,223.14,4.8,Algodão/Poliéster,2025-04-02
P3858,Saia Jeans Amarela 3858,399.89,4.2,Poliéster,2022-07-14
P3859,Camisa Social Branca 3859,351.37,4.0,Algodão,2022-10-12
P3860,Vestido Casual Azul 3860,321.29,4.2,Viscose,2025-05-09
P3861,Conjunto Esportivo Azul 3861,327.67,4.0,Poliéster,2025-07-17
P3862,Vestido Floral Cinza 3862,370.5,4.0,Viscose,2021-05-30
P3863,Regata Esportiva Verde 3863,53.03,4.4,Algodão,2023-01-13
P3864,Calça Jogger Amarela 3864,210.84,3.9,Sarja,2024-07-17
P3865,Moletom Básico Azul 3865,158.26,4.9,Algodão/Poliéster,2021-09-21
P3866,Vestido Casual Bege 3866,152.6,3.8,Viscose,2026-08-29
P3867,Regata Esportiva Preta 3867,324.11,3.9,Algodão,2022-03-09
P3868,Camiseta Estampada Bege 3868,313.98,4.6,Algodão,2025-11-28
P3869,Camiseta Oversized Cinza 3869,149.6,4.7,Algodão,2021-05-14
P3870,Calça Sarja Branca 3870,267.05,4.4,Sarja,2025-12-17
P3871,Blazer Slim Vermelha 3871,122.58,4.8,Poliéster,2021-03-24
P3872,Jaqueta Bomber Preta 3872,61.82,4.7,Poliéster,2024-11-08
P3873,Bermuda Jeans Verde 3873,140.75,3.7,Sarja,2023-01-16
P3874,Camiseta Oversized Rosa 3874,219.61,3.8,Algodão,2023-08-13
P3875,Blazer Casual Verde 3875,322.4,3.9,Poliéster,2021-08-13
P3876,Regata Esportiva Cinza 3876,230.71,4.4,Algodão,2024-11-02
P3877,Camiseta Estampada Branca 3877,97.48,4.5,Algodão,2024-07-11
P3878,Camiseta Estampada Cinza 3878,93.9,4.0,Algodão,2022-10-27
P3879,Conjunto Esportivo Marrom 3879,399.89,3.9,Poliéster,2023-09-04
P3880,Camisa Linho Branca 3880,175.85,4.2,Algodão,2024-02-18
P3881,Camiseta Polo Amarela 3881,369.14,4.2,Algodão,2024-11-24
P3882,Bermuda Moletom Verde 3882,347.85,3.7,Sarja,2024-01-22
P3883,Bermuda Jeans Preta 3883,273.97,4.1,Sarja,2021-05-03
P3884,Moletom Com Capuz Azul 3884,251.88,4.6,Algodão/Poliéster,2024-01-30
P3885,Vestido Longo Cinza 3885,101.9,4.4,Viscose,2022-12-23
P3886,Camisa Linho Preta 3886,66.32,4.4,Algodão,2023-05-03
P3887,Regata Canelada Azul 3887,296.45,4.6,Algodão,2023-02-07
P3888,Camisa Linho Vermelha 3888,254.26,3.7,Algodão,2022-12-31
P3889,Jaqueta Corta-Vento Verde 3889,169.1,4.4,Nylon,2022-05-04
P3890,Camiseta Oversized Verde 3890,306.29,4.9,Algodão,2022-11-15
P3891,Vestido Midi Vermelha 3891,348.01,4.6,Viscose,2025-01-13
P3892,Blazer Casual Marrom 3892,176.71,4.1,Poliéster,2022-04-10
P3893,Bermuda Jeans Azul 3893,180.15,3.2,Sarja,2025-04-20
P3894,Blazer Casual Preta 3894,221.15,4.5,Poliéster,2023-06-27
P3895,Camiseta Básica Preta 3895,242.88,4.3,Algodão,2024-06-17
P3896,Regata Esportiva Bege 3896,184.88,3.8,Algodão,2021-09-01
P3897,Calça Social Preta 3897,382.51,4.9,Sarja,2022-03-05
P3898,Calça Jogger Cinza 3898,165.88,4.9,Sarja,2026-02-09
P3899,Camisa Linho Branca 3899,183.55,3.3,Algodão,2025-09-16
P3900,Saia Casual Preta 3900,159.7,4.5,Poliéster,2021-05-25
P3901,Camisa Linho Vermelha 3901,60.3,4.3,Algodão,2026-02-13
P3902,Blazer Social Cinza 3902,58.34,4.3,Poliéster,2025-09-29
P3903,Calça Sarja Bege 3903,385.85,4.5,Sarja,2021-10-11
P3904,Conjunto Casual Cinza 3904,65.85,4.4,Algodão,2022-05-15
P3905,Camiseta Slim Vermelha 3905,220.08,4.3,Algodão,2022-01-03
P3906,Saia Jeans Preta 3906,111.96,4.2,Poliéster,2025-11-01
P3907,Vestido Floral Cinza 3907,386.45,4.1,Viscose,2025-11-02
P3908,Jaqueta Jeans Amarela 3908,182.69,4.5,Denim,2025-01-30
P3909,Regata Esportiva Preta 3909,365.35,4.1,Algodão,2022-06-02
P3910,Blusa Manga Longa Vermelha 3910,254.07,4.1,Viscose,2026-03-21
P3911,Saia Plissada Verde 3911,319.44,4.8,Poliéster,2025-10-20
P3912,Regata Canelada Preta 3912,301.28,4.5,Algodão,2025-12-06
P3913,Vestido Casual 3913,136.15,4.6,Viscose,2023-01-15
P3914,Moletom Estampado Branca 3914,134.76,3.9,Algodão/Poliéster,2024-12-21
P3915,Regata Básica Rosa 3915,152.19,4.2,Algodão,2024-10-29
P3916,Calça Social Amarela 3916,235.14,3.8,Sarja,2021-11-10
P3917,Jaqueta Jeans Marrom 3917,104.06,3.5,Denim,2024-04-20
P3918,Blazer Casual Rosa 3918,62.06,4.6,Poliéster,2024-02-10
P3919,Camiseta Estampada Bege 3919,115.97,2.9,Algodão,2024-04-24
P3920,Saia Plissada Branca 3920,173.5,4.7,Poliéster,2022-12-05
P3921,Camisa Social Amarela 3921,108.23,3.5,Algodão,2024-10-16
P3922,Calça Sarja Rosa 3922,372.7,4.5,Sarja,2026-01-07
P3923,Regata Canelada Vermelha 3923,40.18,4.3,Algodão,2024-06-04
P3924,Vestido Floral Verde 3924,269.57,3.8,Viscose,2025-12-10
P3925,Conjunto Esportivo Branca 3925,67.94,5.0,Poliéster,2025-05-16
P3926,Saia Casual Branca 3926,287.28,3.8,Poliéster,2022-10-12
P3927,Moletom Com Capuz Marrom 3927,155.42,5.0,Algodão/Poliéster,2025-03-03
P3928,Moletom Com Capuz Amarela 3928,97.38,4.0,Algodão/Poliéster,2024-10-21
P3929,Blazer Social Bege 3929,346.22,4.7,Poliéster,2026-05-07
P3930,Bermuda Jeans Verde 3930,251.16,3.8,Sarja,2022-12-01
P3931,Regata Canelada Vermelha 3931,165.26,4.8,Algodão,2021-12-05
P3932,Conjunto Esportivo Branca 3932,202.3,4.9,Poliéster,2024-11-04
P3933,Bermuda Esportiva Branca 3933,201.14,4.1,Sarja,2024-08-01
P3934,Blusa Canelada Cinza 3934,325.01,4.4,Viscose,2024-06-24
P3935,Conjunto Esportivo Vermelha 3935,85.38,3.4,Poliéster,2025-03-11
P3936,Vestido Floral Azul 3936,355.98,4.3,Viscose,2023-11-24
P3937,Camiseta Oversized Bege 3937,363.63,3.7,Algodão,2021-03-04
P3938,Vestido Midi Marrom 3938,64.88,3.7,Viscose,2025-12-23
P3939,Bermuda Cargo Bege 3939,46.97,4.9,Sarja,2022-07-28
P3940,Vestido Floral Amarela 3940,284.67,4.2,Viscose,2022-05-25
P3941,Jaqueta Jeans Bege 3941,343.24,4.4,Denim,2025-08-12
P3942,Jaqueta Jeans Azul 3942,76.04,4.4,Denim,2025-07-08
P3943,Moletom Estampado Branca 3943,118.51,4.9,Algodão/Poliéster,2023-11-12
P3944,Camiseta Oversized Cinza 3944,159.54,5.0,Algodão,2024-11-27
P3945,Camisa Social Azul 3945,399.89,4.2,Algodão,2021-06-17
P3946,Camisa Social Preta 3946,275.44,3.7,Algodão,2022-08-05
P3947,Calça Jeans Branca 3947,248.77,3.6,Sarja,2022-05-18
P3948,Saia Casual Verde 3948,367.98,4.5,Poliéster,2023-05-23
P3949,Calça Cargo 3949,179.17,4.2,Sarja,2023-01-10
P3950,Regata Canelada Cinza 3950,43.55,3.8,Algodão,2021-05-23
P3951,Saia Casual Rosa 3951,83.62,5.0,Poliéster,2024-11-25
P3952,Blazer Slim Bege 3952,280.54,4.9,Poliéster,2024-05-21
P3953,Conjunto Moletom Azul 3953,375.13,5.0,Algodão/Poliéster,2023-02-24
P3954,Camiseta Slim Azul 3954,206.13,4.9,Algodão,2026-01-12
P3955,Moletom Básico Azul 3955,325.74,4.5,Algodão/Poliéster,2023-01-17
P3956,Camiseta Polo Preta 3956,260.02,4.4,Algodão,2021-09-01
P3957,Camisa Linho Bege 3957,346.23,4.0,Algodão,2025-10-21
P3958,Saia Casual Azul 3958,92.79,4.4,Poliéster,2021-10-01
P3959,Blusa Social Marrom 3959,291.45,4.7,Viscose,2021-05-28
P3960,Saia Plissada Cinza 3960,80.72,4.1,Poliéster,2023-09-09
P3961,Conjunto Casual Cinza 3961,95.97,4.7,Algodão,2024-04-13
P3962,Regata Básica Bege 3962,366.73,3.6,Algodão,2022-08-05
P3963,Saia Jeans Branca 3963,251.1,3.1,Poliéster,2025-10-03
P3964,Moletom Básico Bege 3964,225.8,3.5,Algodão/Poliéster,2022-07-27
P3965,Jaqueta Puffer Branca 3965,247.67,4.3,Poliéster,2026-06-17
P3966,Conjunto Moletom Amarela 3966,123.66,4.8,Algodão/Poliéster,2024-08-14
P3967,Jaqueta Puffer Verde 3967,311.77,4.7,Poliéster,2022-01-17
P3968,Saia Midi Verde 3968,308.11,3.9,Poliéster,2023-04-29
P3969,Camisa Flanela Preta 3969,302.16,4.3,Algodão,2021-06-07
P3970,Regata Esportiva Bege 3970,69.15,4.0,Algodão,2025-10-14
P3971,Camisa Manga Curta Branca 3971,75.18,4.7,Algodão,2024-09-02
P3972,Camiseta Oversized Rosa 3972,175.53,4.3,Algodão,2023-06-07
P3973,Calça Sarja Bege 3973,399.89,4.2,Sarja,2024-11-05
P3974,Calça Sarja Azul 3974,103.11,4.7,Sarja,2024-06-27
P3975,Blazer Social Vermelha 3975,306.98,3.6,Poliéster,2024-05-26
P3976,Blazer Social Verde 3976,276.54,3.9,Poliéster,2023-04-04
P3977,Bermuda Moletom Cinza 3977,219.91,3.8,Sarja,2022-12-29
P3978,Moletom Básico Amarela 3978,50.68,4.4,Algodão/Poliéster,2022-06-14
P3979,Conjunto Moletom Amarela 3979,96.71,4.3,Algodão/Poliéster,2025-06-16
P3980,Jaqueta Puffer Branca 3980,374.19,4.6,Poliéster,2023-09-03
P3981,Moletom Estampado Amarela 3981,93.32,3.9,Algodão/Poliéster,2023-08-29
P3982,Regata Básica Verde 3982,227.49,4.7,Algodão,2025-01-30
P3983,Regata Canelada Azul 3983,399.89,4.6,Algodão,2024-01-04
P3984,Vestido Midi Bege 3984,164.67,5.0,Viscose,2026-05-26
P3985,Jaqueta Corta-Vento Vermelha 3985,333.97,5.0,Nylon,2022-05-13
P3986,Conjunto Casual Azul 3986,88.02,4.4,Algodão,2021-03-29
P3987,Camisa Linho Rosa 3987,45.88,4.7,Algodão,2023-05-22
P3988,Vestido Midi Bege 3988,149.76,4.4,Viscose,2024-01-06
P3989,Saia Midi Preta 3989,240.34,4.1,Poliéster,2025-08-27
P3990,Blusa Básica Cinza 3990,193.52,4.6,Viscose,2024-08-08
P3991,Moletom Com Capuz Verde 3991,365.68,3.8,Algodão/Poliéster,2026-04-28
P3992,Bermuda Esportiva Vermelha 3992,333.18,4.6,Sarja,2021-06-27
P3993,Blusa Manga Longa Marrom 3993,350.46,4.1,Viscose,2024-01-17
P3994,Jaqueta Puffer Bege 3994,159.45,4.7,Poliéster,2025-09-12
P3995,Camisa Linho Vermelha 3995,365.24,4.5,Algodão,2023-11-05
P3996,Jaqueta Jeans 3996,232.08,4.5,Denim,2022-07-25
P3997,Jaqueta Bomber Bege 3997,381.38,4.6,Poliéster,2025-05-10
P3998,Bermuda Cargo Amarela 3998,247.85,4.1,Sarja,2025-12-16
P3999,Moletom Canguru Vermelha 3999,106.8,4.4,Algodão/Poliéster,2022-06-21
P4000,Moletom Canguru Vermelha 4000,99.96,4.3,Algodão/Poliéster,2024-02-18
P4001,Moletom Básico Marrom 4001,322.41,5.0,Algodão/Poliéster,2025-07-23
P4002,Camisa Linho Preta 4002,150.6,4.2,Algodão,2021-11-11
P4003,Saia Midi Verde 4003,59.28,4.6,Poliéster,2021-01-23
P4004,Conjunto Esportivo Bege 4004,311.14,4.4,Poliéster,2025-03-10
P4005,Blazer Slim Amarela 4005,278.21,4.5,Poliéster,2025-04-06
P4006,Conjunto Moletom Cinza 4006,104.12,4.5,Algodão/Poliéster,2021-11-22
P4007,Calça Sarja Vermelha 4007,114.1,4.3,Sarja,2024-05-20
P4008,Camisa Social Preta 4008,271.32,4.6,Algodão,2025-01-30
P4009,Bermuda Jeans Rosa 4009,84.98,4.0,Sarja,2026-06-16
P4010,Blusa Manga Longa Bege 4010,280.97,3.9,Viscose,2025-07-31
P4011,Conjunto Casual Preta 4011,275.89,4.3,Algodão,2022-03-31
P4012,Bermuda Jeans Azul 4012,284.13,4.5,Sarja,2024-04-05
P4013,Conjunto Moletom Branca 4013,269.49,3.9,Algodão/Poliéster,2025-02-25
P4014,Jaqueta Bomber Bege 4014,237.19,4.1,Poliéster,2022-07-15
P4015,Conjunto Esportivo Preta 4015,127.16,4.3,Poliéster,2021-12-03
P4016,Jaqueta Puffer Preta 4016,265.59,5.0,Poliéster,2023-06-24
P4017,Camisa Linho Vermelha 4017,225.65,3.5,Algodão,2025-01-28
P4018,Moletom Com Capuz Branca 4018,131.51,4.8,Algodão/Poliéster,2023-12-29
P4019,Calça Sarja Bege 4019,338.26,4.6,Sarja,2024-06-04
P4020,Blusa Manga Longa Cinza 4020,293.86,4.1,Viscose,2024-10-09
P4021,Moletom Básico Vermelha 4021,103.87,4.6,Algodão/Poliéster,2026-06-01
P4022,Conjunto Moletom Branca 4022,79.83,3.9,Algodão/Poliéster,2024-08-04
P4023,Saia Plissada Amarela 4023,308.38,4.2,Poliéster,2021-10-07
P4024,Vestido Midi Cinza 4024,369.29,5.0,Viscose,2023-04-09
P4025,Calça Jogger Marrom 4025,93.59,3.9,Sarja,2021-12-18
P4026,Jaqueta Puffer Preta 4026,102.17,4.5,Poliéster,2025-04-18
P4027,Conjunto Moletom Vermelha 4027,273.6,4.5,Algodão/Poliéster,2026-08-26
P4028,Vestido Midi Bege 4028,115.13,4.3,Viscose,2025-05-16
P4029,Blusa Manga Longa Cinza 4029,86.44,4.1,Viscose,2022-05-24
P4030,Regata Esportiva Marrom 4030,287.43,4.2,Algodão,2024-12-11
P4031,Blazer Social Azul 4031,146.25,3.1,Poliéster,2021-02-13
P4032,Conjunto Moletom Preta 4032,392.32,4.1,Algodão/Poliéster,2022-07-18
P4033,Blusa Básica Bege 4033,64.55,5.0,Viscose,2022-09-20
P4034,Calça Jeans Marrom 4034,130.12,4.5,Sarja,2023-08-30
P4035,Regata Esportiva Verde 4035,397.1,3.9,Algodão,2022-10-26
P4036,Moletom Com Capuz Azul 4036,202.48,4.5,Algodão/Poliéster,2023-06-15
P4037,Calça Jeans Rosa 4037,161.23,4.7,Sarja,2021-01-21
P4038,Moletom Estampado Amarela 4038,336.06,3.9,Algodão/Poliéster,2025-08-17
P4039,Blazer Social Preta 4039,363.6,3.8,Poliéster,2023-03-30
P4040,Camiseta Oversized Verde 4040,283.17,4.4,Algodão,2025-07-31
P4041,Moletom Canguru Amarela 4041,55.42,4.2,Algodão/Poliéster,2021-04-30
P4042,Vestido Floral Azul 4042,146.09,4.7,Viscose,2025-11-27
P4043,Camiseta Oversized Amarela 4043,104.39,4.4,Algodão,2024-07-20
P4044,Regata Canelada Marrom 4044,399.89,4.3,Algodão,2022-04-24
P4045,Bermuda Cargo Preta 4045,317.37,4.3,Sarja,2025-04-07
P4046,Regata Canelada Bege 4046,105.01,4.1,Algodão,2025-03-29
P4047,Blazer Slim Verde 4047,242.85,4.3,Poliéster,2025-02-11
P4048,Moletom Com Capuz Verde 4048,358.12,3.9,Algodão/Poliéster,2025-12-06
P4049,Vestido Midi Bege 4049,137.71,4.9,Viscose,2026-05-28
P4050,Conjunto Moletom Branca 4050,83.19,3.9,Algodão/Poliéster,2021-12-11
P4051,Calça Jeans Amarela 4051,192.02,4.7,Sarja,2022-08-08
P4052,Regata Esportiva Cinza 4052,385.57,3.9,Algodão,2021-03-24
P4053,Conjunto Esportivo Branca 4053,65.07,4.9,Poliéster,2021-05-18
P4054,Conjunto Moletom Cinza 4054,191.74,4.4,Algodão/Poliéster,2021-08-07
P4055,Calça Jogger Branca 4055,353.78,5.0,Sarja,2024-12-02
P4056,Bermuda Moletom Vermelha 4056,185.84,4.2,Sarja,2024-06-08
P4057,Camiseta Básica Bege 4057,101.42,4.0,Algodão,2021-03-13
P4058,Camisa Social Verde 4058,399.89,4.5,Algodão,2023-05-23
P4059,Moletom Com Capuz Verde 4059,325.43,4.8,Algodão/Poliéster,2021-08-17
P4060,Regata Esportiva Verde 4060,264.52,4.8,Algodão,2022-02-08
P4061,Conjunto Moletom Azul 4061,346.41,4.0,Algodão/Poliéster,2021-04-25
P4062,Camisa Social Bege 4062,82.49,4.4,Algodão,2023-12-30
P4063,Calça Sarja Branca 4063,56.97,3.7,Sarja,2021-06-18
P4064,Calça Sarja Bege 4064,344.92,4.8,Sarja,2025-06-14
P4065,Calça Sarja Cinza 4065,192.93,3.9,Sarja,2026-04-13
P4066,Moletom Com Capuz Cinza 4066,192.71,4.1,Algodão/Poliéster,2025-11-06
P4067,Moletom Básico Bege 4067,256.78,3.4,Algodão/Poliéster,2025-09-01
P4068,Conjunto Moletom Verde 4068,389.46,4.1,Algodão/Poliéster,2025-04-05
P4069,Moletom Com Capuz Vermelha 4069,171.29,4.2,Algodão/Poliéster,2026-02-28
P4070,Camiseta Slim Branca 4070,380.1,4.5,Algodão,2026-01-07
P4071,Regata Esportiva Branca 4071,170.64,3.9,Algodão,2022-03-24
P4072,Bermuda Jeans Verde 4072,177.89,4.3,Sarja,2024-06-04
P4073,Blazer Casual Preta 4073,119.17,3.7,Poliéster,2022-09-26
P4074,Moletom Básico Amarela 4074,50.5,4.5,Algodão/Poliéster,2025-09-28
P4075,Conjunto Moletom Preta 4075,351.23,4.2,Algodão/Poliéster,2021-01-22
P4076,Blazer Casual Verde 4076,368.86,3.7,Poliéster,2023-05-14
P4077,Jaqueta Corta-Vento Preta 4077,287.76,4.2,Nylon,2023-02-24
P4078,Blazer Slim Vermelha 4078,311.34,4.1,Poliéster,2025-10-30
P4079,Vestido Longo Azul 4079,173.42,4.4,Viscose,2022-09-02
P4080,Moletom Com Capuz Amarela 4080,109.23,3.9,Algodão/Poliéster,2026-01-28
P4081,Camisa Linho Rosa 4081,46.38,4.4,Algodão,2023-10-24
P4082,Conjunto Casual Marrom 4082,73.42,3.9,Algodão,2024-11-21
P4083,Moletom Básico Vermelha 4083,174.88,3.7,Algodão/Poliéster,2024-01-04
P4084,Regata Esportiva Branca 4084,75.13,4.2,Algodão,2023-06-11
P4085,Conjunto Esportivo Vermelha 4085,147.68,3.9,Poliéster,2022-09-22
P4086,Blusa Básica Preta 4086,372.45,3.1,Viscose,2022-08-06
P4087,Blusa Canelada Rosa 4087,341.63,4.1,Viscose,2024-08-17
P4088,Saia Casual Marrom 4088,145.57,4.0,Poliéster,2022-11-04
P4089,Moletom Estampado Amarela 4089,396.6,3.9,Algodão/Poliéster,2025-11-23
P4090,Camiseta Polo Cinza 4090,57.64,3.9,Algodão,2021-10-01
P4091,Blazer Slim Cinza 4091,287.61,4.5,Poliéster,2022-03-22
P4092,Blusa Social Cinza 4092,68.58,4.2,Viscose,2021-04-08
P4093,Jaqueta Corta-Vento Amarela 4093,212.57,4.2,Nylon,2025-11-22
P4094,Blazer Slim Azul 4094,63.39,4.7,Poliéster,2023-05-08
P4095,Conjunto Casual Preta 4095,259.8,3.7,Algodão,2021-03-14
P4096,Moletom Básico Branca 4096,343.9,4.6,Algodão/Poliéster,2021-03-30
P4097,Jaqueta Puffer Verde 4097,137.74,4.3,Poliéster,2026-03-15
P4098,Moletom Estampado Verde 4098,210.0,4.3,Algodão/Poliéster,2025-12-27
P4099,Regata Básica Vermelha 4099,72.93,4.3,Algodão,2022-07-27
P4100,Saia Midi Azul 4100,350.47,4.8,Poliéster,2024-09-06
P4101,Regata Esportiva Bege 4101,272.03,4.2,Algodão,2022-06-07
P4102,Camisa Manga Curta Bege 4102,203.46,3.5,Algodão,2025-10-12
P4103,Calça Jeans Amarela 4103,189.14,4.9,Sarja,2025-01-20
P4104,Conjunto Moletom Cinza 4104,110.44,4.2,Algodão/Poliéster,2023-07-09
P4105,Jaqueta Jeans Verde 4105,370.5,3.4,Denim,2026-04-06
P4106,Blusa Manga Longa Bege 4106,99.41,4.3,Viscose,2022-04-09
P4107,Calça Cargo Marrom 4107,259.81,4.6,Sarja,2026-08-25
P4108,Regata Básica Marrom 4108,285.93,4.4,Algodão,2022-08-24
P4109,Moletom Canguru Vermelha 4109,114.05,4.5,Algodão/Poliéster,2026-01-13
P4110,Jaqueta Corta-Vento Azul 4110,184.41,4.7,Nylon,2025-11-04
P4111,Moletom Estampado Amarela 4111,129.48,3.9,Algodão/Poliéster,2024-03-10
P4112,Conjunto Moletom Verde 4112,152.12,3.7,Algodão/Poliéster,2021-09-10
P4113,Jaqueta Bomber Marrom 4113,41.42,5.0,Poliéster,2025-04-04
P4114,Jaqueta Jeans Preta 4114,214.44,4.6,Denim,2024-12-15
P4115,Conjunto Moletom Amarela 4115,122.2,4.7,Algodão/Poliéster,2025-11-26
P4116,Camiseta Slim Cinza 4116,154.33,5.0,Algodão,2022-04-12
P4117,Camiseta Slim Preta 4117,359.68,4.1,Algodão,2022-05-11
P4118,Conjunto Casual Cinza 4118,380.31,4.3,Algodão,2023-01-01
P4119,Vestido Midi Amarela 4119,87.42,4.5,Viscose,2023-02-03
P4120,Camiseta Polo Vermelha 4120,255.84,4.6,Algodão,2021-01-07
P4121,Blusa Básica Rosa 4121,112.56,3.9,Viscose,2021-11-14
P4122,Bermuda Moletom Azul 4122,278.91,4.4,Sarja,2023-09-19
P4123,Calça Sarja Vermelha 4123,398.45,3.8,Sarja,2026-06-24
P4124,Moletom Com Capuz Rosa 4124,399.89,4.3,Algodão/Poliéster,2021-09-23
P4125,Calça Sarja Rosa 4125,199.37,4.7,Sarja,2022-05-14
P4126,Calça Jeans Cinza 4126,47.31,4.7,Sarja,2025-11-14
P4127,Blusa Básica Amarela 4127,108.93,4.4,Viscose,2021-03-23
P4128,Camisa Linho Bege 4128,72.33,3.8,Algodão,2021-07-22
P4129,Saia Casual Vermelha 4129,95.41,3.4,Poliéster,2026-01-16
P4130,Saia Plissada Bege 4130,82.86,4.4,Poliéster,2022-06-03
P4131,Camisa Flanela Verde 4131,129.28,4.2,Algodão,2022-09-30
P4132,Camiseta Slim Verde 4132,69.96,4.4,Algodão,2021-01-31
P4133,Regata Básica Rosa 4133,381.36,4.4,Algodão,2023-04-21
P4134,Jaqueta Jeans Bege 4134,56.53,3.5,Denim,2026-08-17
P4135,Blazer Slim Vermelha 4135,271.25,4.4,Poliéster,2026-08-01
P4136,Blazer Social Vermelha 4136,290.62,4.1,Poliéster,2024-08-20
P4137,Bermuda Jeans Branca 4137,399.89,4.7,Sarja,2024-10-28
P4138,Saia Midi Bege 4138,147.18,4.5,Poliéster,2024-08-24
P4139,Saia Plissada Azul 4139,168.7,4.6,Poliéster,2024-12-08
P4140,Camiseta Polo Preta 4140,242.12,4.2,Algodão,2023-12-10
P4141,Regata Canelada Azul 4141,280.3,4.8,Algodão,2022-03-02
P4142,Vestido Midi Preta 4142,107.03,3.3,Viscose,2025-12-02
P4143,Blazer Slim Bege 4143,101.23,4.3,Poliéster,2025-12-25
P4144,Moletom Com Capuz Rosa 4144,351.47,4.2,Algodão/Poliéster,2021-10-26
P4145,Saia Casual Azul 4145,41.69,4.4,Poliéster,2021-07-15
P4146,Calça Jogger Verde 4146,328.47,4.6,Sarja,2025-06-29
P4147,Saia Casual Branca 4147,285.48,4.4,Poliéster,2021-04-09
P4148,Regata Básica Bege 4148,193.12,4.8,Algodão,2025-07-28
P4149,Jaqueta Puffer Bege 4149,199.76,3.8,Poliéster,2026-07-25
P4150,Camisa Manga Curta Cinza 4150,368.32,4.5,Algodão,2021-03-16
P4151,Regata Básica Rosa 4151,148.18,4.3,Algodão,2025-07-12
P4152,Bermuda Cargo Verde 4152,207.25,4.2,Sarja,2021-10-02
P4153,Conjunto Esportivo Marrom 4153,345.59,4.2,Poliéster,2022-08-24
P4154,Saia Casual Vermelha 4154,107.04,4.2,Poliéster,2024-02-07
P4155,Jaqueta Corta-Vento Preta 4155,354.04,3.5,Nylon,2024-11-08
P4156,Jaqueta Puffer Amarela 4156,62.39,3.9,Poliéster,2021-07-06
P4157,Calça Sarja Amarela 4157,255.33,4.3,Sarja,2021-08-15
P4158,Blusa Manga Longa Bege 4158,285.18,3.8,Viscose,2022-08-08
P4159,Vestido Longo Azul 4159,154.6,4.2,Viscose,2024-11-11
P4160,Saia Jeans Verde 4160,125.91,4.3,Poliéster,2023-04-16
P4161,Bermuda Moletom Marrom 4161,325.47,3.7,Sarja,2022-07-25
P4162,Blusa Social Vermelha 4162,50.74,3.4,Viscose,2021-11-22
P4163,Blazer Casual Preta 4163,116.24,3.9,Poliéster,2026-06-27
P4164,Camisa Flanela Rosa 4164,160.74,3.7,Algodão,2024-12-27
P4165,Saia Plissada Vermelha 4165,110.86,4.8,Poliéster,2026-08-02
P4166,Blusa Básica Cinza 4166,176.74,4.6,Viscose,2023-10-22
P4167,Saia Casual Preta 4167,135.07,4.0,Poliéster,2025-08-21
P4168,Calça Social Preta 4168,164.82,4.7,Sarja,2024-08-16
P4169,Regata Esportiva Branca 4169,365.48,4.9,Algodão,2023-12-23
P4170,Blusa Básica Bege 4170,326.85,4.3,Viscose,2023-09-09
P4171,Camisa Manga Curta Verde 4171,278.27,3.1,Algodão,2023-11-01
P4172,Vestido Floral Azul 4172,282.04,4.0,Viscose,2023-05-04
P4173,Moletom Com Capuz Marrom 4173,338.38,4.0,Algodão/Poliéster,2024-08-17
P4174,Camiseta Polo Branca 4174,107.95,4.1,Algodão,2023-10-16
P4175,Conjunto Casual Verde 4175,71.27,4.1,Algodão,2026-07-02
P4176,Blazer Slim Verde 4176,172.41,4.1,Poliéster,2026-02-05
P4177,Regata Canelada Marrom 4177,100.15,4.8,Algodão,2023-08-19
P4178,Camiseta Oversized Vermelha 4178,310.84,4.4,Algodão,2023-03-31
P4179,Blusa Manga Longa Marrom 4179,322.96,3.9,Viscose,2025-04-20
P4180,Jaqueta Corta-Vento Azul 4180,323.56,3.8,Nylon,2024-08-21
P4181,Camiseta Polo Marrom 4181,399.89,4.6,Algodão,2022-04-25
P4182,Calça Jeans Vermelha 4182,366.38,4.5,Sarja,2025-09-22
P4183,Blazer Social Verde 4183,380.87,3.9,Poliéster,2024-11-12
P4184,Saia Midi Amarela 4184,173.46,3.2,Poliéster,2024-07-09
P4185,Blusa Manga Longa Bege 4185,260.16,3.7,Viscose,2025-06-07
P4186,Bermuda Cargo Branca 4186,352.11,3.7,Sarja,2022-04-13
P4187,Moletom Estampado Amarela 4187,399.89,4.0,Algodão/Poliéster,2025-07-14
P4188,Blusa Básica Cinza 4188,354.01,4.5,Viscose,2021-09-10
P4189,Moletom Básico Bege 4189,243.69,3.9,Algodão/Poliéster,2025-06-30
P4190,Jaqueta Bomber Preta 4190,176.77,3.8,Poliéster,2024-05-07
P4191,Saia Casual Azul 4191,48.68,4.4,Poliéster,2024-04-19
P4192,Moletom Com Capuz Marrom 4192,56.66,4.3,Algodão/Poliéster,2025-02-13
P4193,Bermuda Moletom Cinza 4193,382.8,4.4,Sarja,2022-10-05
P4194,Moletom Canguru Azul 4194,372.7,4.0,Algodão/Poliéster,2025-05-10
P4195,Conjunto Casual Verde 4195,248.15,4.7,Algodão,2021-02-22
P4196,Bermuda Cargo Amarela 4196,184.91,4.1,Sarja,2024-12-06
P4197,Bermuda Moletom Vermelha 4197,131.69,4.7,Sarja,2025-07-02
P4198,Moletom Estampado Verde 4198,204.75,4.1,Algodão/Poliéster,2021-01-08
P4199,Camisa Social Branca 4199,181.01,4.3,Algodão,2024-12-08
P4200,Camisa Social Amarela 4200,399.89,4.6,Algodão,2025-05-21
P4201,Blazer Casual Verde 4201,361.98,4.5,Poliéster,2023-12-17
P4202,Calça Sarja Cinza 4202,150.67,4.1,Sarja,2024-06-04
P4203,Conjunto Esportivo Marrom 4203,332.63,3.8,Poliéster,2021-05-03
P4204,Conjunto Esportivo Vermelha 4204,182.61,4.6,Poliéster,2026-08-07
P4205,Camisa Social Verde 4205,258.06,3.5,Algodão,2026-06-24
P4206,Blazer Slim Amarela 4206,254.33,4.4,Poliéster,2025-05-01
P4207,Camiseta Básica Preta 4207,238.63,4.2,Algodão,2021-02-01
P4208,Camisa Flanela Preta 4208,345.0,4.1,Algodão,2023-06-10
P4209,Jaqueta Puffer Azul 4209,69.08,4.0,Poliéster,2025-08-20
P4210,Blusa Social Amarela 4210,152.31,4.8,Viscose,2024-10-30
P4211,Camiseta Polo Marrom 4211,374.95,4.4,Algodão,2026-02-15
P4212,Blusa Manga Longa Marrom 4212,213.34,4.3,Viscose,2024-06-28
P4213,Conjunto Casual Amarela 4213,137.11,3.5,Algodão,2025-01-16
P4214,Conjunto Casual Verde 4214,212.04,4.9,Algodão,2022-11-30
P4215,Vestido Midi Vermelha 4215,399.89,4.8,Viscose,2025-08-09
P4216,Blazer Slim Cinza 4216,118.85,4.6,Poliéster,2024-01-09
P4217,Vestido Midi Bege 4217,199.07,4.7,Viscose,2025-07-14
P4218,Blusa Básica Verde 4218,349.76,3.7,Viscose,2022-02-27
P4219,Bermuda Moletom Cinza 4219,399.89,4.4,Sarja,2022-07-09
P4220,Blusa Social Preta 4220,231.62,4.5,Viscose,2021-07-01
P4221,Moletom Básico Vermelha 4221,133.93,4.2,Algodão/Poliéster,2024-10-28
P4222,Saia Casual Vermelha 4222,246.72,3.8,Poliéster,2025-02-25
P4223,Jaqueta Corta-Vento Verde 4223,137.8,3.9,Nylon,2022-08-10
P4224,Conjunto Esportivo Verde 4224,335.93,4.8,Poliéster,2023-03-06
P4225,Camiseta Estampada Amarela 4225,395.46,4.4,Algodão,2024-03-24
P4226,Blusa Canelada Branca 4226,192.54,5.0,Viscose,2025-04-13
P4227,Blazer Social Vermelha 4227,325.6,3.8,Poliéster,2022-09-19
P4228,Blazer Casual Rosa 4228,150.93,3.9,Poliéster,2023-10-08
P4229,Moletom Canguru Amarela 4229,47.8,4.1,Algodão/Poliéster,2022-01-19
P4230,Saia Casual Cinza 4230,314.62,5.0,Poliéster,2025-08-03
P4231,Blazer Casual Preta 4231,95.1,4.2,Poliéster,2025-12-13
P4232,Calça Jogger Verde 4232,291.15,4.8,Sarja,2025-03-11
P4233,Blusa Manga Longa Verde 4233,337.99,2.9,Viscose,2025-08-15
P4234,Blusa Canelada Marrom 4234,376.95,3.7,Viscose,2025-04-30
P4235,Vestido Floral Bege 4235,292.89,2.7,Viscose,2025-09-26
P4236,Vestido Longo Rosa 4236,333.36,4.2,Viscose,2023-06-08
P4237,Blazer Casual Azul 4237,76.91,4.1,Poliéster,2022-03-02
P4238,Vestido Floral Bege 4238,370.38,4.3,Viscose,2026-06-12
P4239,Moletom Básico Verde 4239,148.74,4.7,Algodão/Poliéster,2021-01-05
P4240,Bermuda Moletom Rosa 4240,82.42,4.5,Sarja,2023-04-19
P4241,Moletom Básico Amarela 4241,305.05,4.3,Algodão/Poliéster,2025-02-11
P4242,Jaqueta Jeans Verde 4242,245.62,3.4,Denim,2025-06-30
P4243,Blazer Slim Verde 4243,235.35,4.2,Poliéster,2024-11-19
P4244,Jaqueta Puffer Cinza 4244,339.6,4.1,Poliéster,2023-10-10
P4245,Blazer Slim Rosa 4245,249.16,4.5,Poliéster,2026-03-24
P4246,Moletom Com Capuz Preta 4246,268.46,4.1,Algodão/Poliéster,2022-05-02
P4247,Saia Casual Branca 4247,208.3,4.1,Poliéster,2021-10-21
P4248,Saia Casual Branca 4248,329.55,4.5,Poliéster,2024-07-25
P4249,Regata Canelada Bege 4249,352.38,4.0,Algodão,2022-10-26
P4250,Bermuda Jeans Cinza 4250,139.26,4.2,Sarja,2023-08-29
P4251,Conjunto Casual Branca 4251,288.32,3.6,Algodão,2023-08-04
P4252,Vestido Midi Amarela 4252,224.29,4.0,Viscose,2022-07-01
P4253,Camisa Manga Curta Verde 4253,217.38,4.3,Algodão,2026-08-28
P4254,Blazer Casual Bege 4254,265.6,4.0,Poliéster,2023-03-03
P4255,Conjunto Moletom Branca 4255,85.81,3.8,Algodão/Poliéster,2024-10-19
P4256,Moletom Canguru Amarela 4256,283.33,4.3,Algodão/Poliéster,2021-11-27
P4257,Vestido Longo Marrom 4257,134.53,3.8,Viscose,2026-08-13
P4258,Saia Midi Azul 4258,358.66,4.4,Poliéster,2026-08-05
P4259,Calça Jeans 4259,156.93,4.7,Sarja,2021-05-23
P4260,Regata Canelada Azul 4260,116.61,4.2,Algodão,2024-08-23
P4261,Calça Jogger Amarela 4261,143.62,3.5,Sarja,2024-05-15
P4262,Blusa Básica Marrom 4262,264.35,4.8,Viscose,2021-12-26
P4263,Bermuda Jeans Vermelha 4263,47.6,4.3,Sarja,2025-05-11
P4264,Conjunto Esportivo Verde 4264,266.92,4.5,Poliéster,2025-05-01
P4265,Conjunto Moletom Cinza 4265,208.9,3.9,Algodão/Poliéster,2025-10-13
P4266,Regata Esportiva Azul 4266,238.21,3.6,Algodão,2024-05-30
P4267,Moletom Básico Amarela 4267,290.34,4.4,Algodão/Poliéster,2025-01-03
P4268,Moletom Canguru Cinza 4268,280.38,4.8,Algodão/Poliéster,2025-02-03
P4269,Jaqueta Jeans Azul 4269,276.73,4.9,Denim,2025-05-07
P4270,Moletom Estampado Preta 4270,159.07,4.6,Algodão/Poliéster,2024-04-24
P4271,Saia Plissada Bege 4271,65.25,4.4,Poliéster,2025-03-21
P4272,Vestido Midi Marrom 4272,242.85,4.5,Viscose,2021-05-06
P4273,Camisa Flanela Preta 4273,82.56,4.2,Algodão,2024-07-01
P4274,Blusa Manga Longa Cinza 4274,292.89,4.1,Viscose,2022-02-25
P4275,Bermuda Jeans Preta 4275,219.43,4.3,Sarja,2023-04-23
P4276,Regata Básica Marrom 4276,247.41,4.0,Algodão,2025-05-10
P4277,Regata Básica Marrom 4277,101.38,4.4,Algodão,2021-08-24
P4278,Blusa Social Verde 4278,169.72,4.5,Viscose,2025-04-10
P4279,Moletom Canguru Bege 4279,156.95,4.9,Algodão/Poliéster,2022-06-22
P4280,Camiseta Básica Cinza 4280,235.17,3.8,Algodão,2025-04-09
P4281,Moletom Básico Marrom 4281,331.35,3.5,Algodão/Poliéster,2025-05-06
P4282,Camiseta Polo Verde 4282,392.12,3.8,Algodão,2021-02-01
P4283,Camisa Linho Verde 4283,292.86,4.6,Algodão,2022-04-29
P4284,Camisa Social Cinza 4284,103.8,5.0,Algodão,2025-07-24
P4285,Blazer Casual Rosa 4285,358.02,3.6,Poliéster,2022-12-09
P4286,Regata Esportiva Preta 4286,352.23,3.9,Algodão,2023-06-28
P4287,Conjunto Casual Cinza 4287,247.63,4.5,Algodão,2021-02-02
P4288,Bermuda Moletom Vermelha 4288,298.86,3.6,Sarja,2024-12-06
P4289,Regata Esportiva Branca 4289,338.49,5.0,Algodão,2021-07-13
P4290,Saia Casual Preta 4290,165.1,4.4,Poliéster,2022-07-17
P4291,Moletom Básico Verde 4291,206.12,5.0,Algodão/Poliéster,2023-09-14
P4292,Regata Canelada Cinza 4292,44.04,4.1,Algodão,2025-05-12
P4293,Saia Jeans Preta 4293,124.62,3.2,Poliéster,2023-10-28
P4294,Blazer Casual Bege 4294,187.0,4.1,Poliéster,2026-07-26
P4295,Blazer Casual Preta 4295,155.62,4.8,Poliéster,2023-12-17
P4296,Regata Esportiva Cinza 4296,122.37,3.5,Algodão,2022-06-09
P4297,Moletom Básico Vermelha 4297,296.87,4.1,Algodão/Poliéster,2022-01-30
P4298,Blusa Básica Amarela 4298,138.34,4.1,Viscose,2025-06-11
P4299,Bermuda Moletom Branca 4299,340.28,4.6,Sarja,2023-08-09
P4300,Saia Plissada Bege 4300,275.14,4.0,Poliéster,2024-06-05
P4301,Blusa Básica Azul 4301,180.96,3.9,Viscose,2023-02-05
P4302,Vestido Casual Preta 4302,292.25,3.5,Viscose,2022-07-20
P4303,Regata Básica Vermelha 4303,151.28,4.2,Algodão,2024-05-26
P4304,Moletom Com Capuz Azul 4304,64.8,3.5,Algodão/Poliéster,2022-09-02
P4305,Vestido Longo Verde 4305,147.62,4.4,Viscose,2026-08-31
P4306,Camisa Flanela Cinza 4306,159.61,4.9,Algodão,2025-02-22
P4307,Camiseta Oversized Vermelha 4307,341.59,3.8,Algodão,2025-08-23
P4308,Saia Casual Vermelha 4308,245.36,3.9,Poliéster,2022-08-12
P4309,Blusa Básica Amarela 4309,111.21,4.3,Viscose,2021-03-02
P4310,Moletom Canguru Azul 4310,160.83,4.8,Algodão/Poliéster,2021-04-09
P4311,Moletom Canguru Vermelha 4311,113.14,4.4,Algodão/Poliéster,2025-11-13
P4312,Saia Midi Preta 4312,89.9,4.1,Poliéster,2025-12-14
P4313,Jaqueta Corta-Vento Amarela 4313,170.95,3.9,Nylon,2024-11-06
P4314,Blusa Canelada Cinza 4314,217.07,4.6,Viscose,2024-05-03
P4315,Moletom Canguru Verde 4315,59.3,3.8,Algodão/Poliéster,2022-03-09
P4316,Camiseta Estampada 4316,84.14,4.4,Algodão,2025-04-19
P4317,Blazer Slim Marrom 4317,161.21,4.5,Poliéster,2023-12-05
P4318,Moletom Canguru Preta 4318,323.08,4.4,Algodão/Poliéster,2024-06-02
P4319,Vestido Midi Vermelha 4319,307.4,4.2,Viscose,2021-02-19
P4320,Bermuda Esportiva Vermelha 4320,266.05,4.3,Sarja,2023-12-05
P4321,Camisa Manga Curta Rosa 4321,45.46,5.0,Algodão,2024-12-06
P4322,Vestido Floral Preta 4322,237.72,3.4,Viscose,2025-05-13
P4323,Calça Jeans Marrom 4323,150.91,3.7,Sarja,2021-10-28
P4324,Blazer Social Preta 4324,193.28,4.4,Poliéster,2021-03-08
P4325,Camisa Manga Curta Vermelha 4325,46.83,4.9,Algodão,2025-11-06
P4326,Regata Canelada Cinza 4326,291.85,3.6,Algodão,2022-10-08
P4327,Moletom Básico Amarela 4327,45.21,4.2,Algodão/Poliéster,2023-09-06
P4328,Regata Canelada Bege 4328,382.39,4.2,Algodão,2024-07-22
P4329,Jaqueta Corta-Vento Verde 4329,137.51,3.9,Nylon,2023-10-14
P4330,Conjunto Esportivo Vermelha 4330,77.57,3.7,Poliéster,2026-05-08
P4331,Blusa Social Azul 4331,90.43,5.0,Viscose,2025-10-09
P4332,Moletom Estampado Verde 4332,194.77,4.2,Algodão/Poliéster,2023-03-26
P4333,Camiseta Oversized Preta 4333,352.93,4.1,Algodão,2022-01-31
P4334,Regata Canelada Cinza 4334,258.46,3.9,Algodão,2026-07-11
P4335,Saia Casual Cinza 4335,321.67,4.6,Poliéster,2025-01-05
P4336,Blusa Manga Longa Preta 4336,283.79,3.8,Viscose,2025-04-12
P4337,Blazer Casual Bege 4337,57.96,4.2,Poliéster,2023-08-19
P4338,Regata Canelada Amarela 4338,133.52,4.7,Algodão,2023-10-01
P4339,Blazer Slim Vermelha 4339,105.58,4.8,Poliéster,2022-01-12
P4340,Blusa Básica Branca 4340,198.6,4.1,Viscose,2023-06-07
P4341,Bermuda Jeans Cinza 4341,160.93,4.2,Sarja,2024-01-28
P4342,Moletom Com Capuz Verde 4342,350.51,4.7,Algodão/Poliéster,2021-09-25
P4343,Vestido Midi Amarela 4343,85.25,4.4,Viscose,2024-08-07
P4344,Blusa Social Vermelha 4344,71.65,4.3,Viscose,2024-06-26
P4345,Conjunto Esportivo Verde 4345,230.22,4.5,Poliéster,2025-10-06
P4346,Calça Cargo Marrom 4346,304.56,4.8,Sarja,2021-04-19
P4347,Calça Social Amarela 4347,265.5,4.2,Sarja,2022-04-12
P4348,Bermuda Jeans Branca 4348,317.86,4.4,Sarja,2023-06-07
P4349,Camisa Social Bege 4349,224.44,4.5,Algodão,2025-12-26
P4350,Conjunto Moletom Marrom 4350,212.32,3.9,Algodão/Poliéster,2022-05-07
P4351,Blusa Manga Longa Preta 4351,240.96,4.0,Viscose,2026-07-05
P4352,Calça Jogger Azul 4352,56.33,4.5,Sarja,2026-06-02
P4353,Blazer Casual Preta 4353,147.98,4.8,Poliéster,2021-07-16
P4354,Blusa Canelada Vermelha 4354,188.17,5.0,Viscose,2023-01-22
P4355,Saia Plissada Preta 4355,349.86,3.6,Poliéster,2022-06-20
P4356,Moletom Estampado Bege 4356,320.89,4.4,Algodão/Poliéster,2023-10-10
P4357,Camisa Manga Curta Preta 4357,212.04,4.8,Algodão,2026-03-28
P4358,Conjunto Esportivo Bege 4358,309.92,4.3,Poliéster,2023-02-16
P4359,Camisa Linho Bege 4359,77.97,3.8,Algodão,2024-10-03
P4360,Blazer Social Bege 4360,210.88,4.6,Poliéster,2021-10-11
P4361,Blazer Casual Preta 4361,142.38,4.1,Poliéster,2024-03-25
P4362,Regata Básica Vermelha 4362,77.33,4.4,Algodão,2022-12-31
P4363,Saia Midi Amarela 4363,178.79,3.7,Poliéster,2026-03-14
P4364,Camisa Social Preta 4364,263.13,3.7,Algodão,2025-05-31
P4365,Camiseta Polo Verde 4365,160.11,4.8,Algodão,2022-03-22
P4366,Bermuda Cargo Marrom 4366,315.59,3.4,Sarja,2024-07-09
P4367,Regata Canelada Amarela 4367,243.44,4.8,Algodão,2022-12-09
P4368,Saia Casual Branca 4368,285.02,4.4,Poliéster,2023-06-25
P4369,Conjunto Casual Preta 4369,257.73,3.4,Algodão,2023-08-16
P4370,Camiseta Polo Vermelha 4370,113.7,4.0,Algodão,2025-08-25
P4371,Regata Básica Amarela 4371,347.66,4.1,Algodão,2022-08-24
P4372,Regata Canelada Cinza 4372,219.97,3.6,Algodão,2021-01-09
P4373,Jaqueta Corta-Vento Verde 4373,151.64,4.5,Nylon,2022-02-04
P4374,Blazer Slim Branca 4374,183.44,4.5,Poliéster,2025-09-07
P4375,Regata Esportiva Marrom 4375,84.45,4.0,Algodão,2022-09-06
P4376,Saia Midi Bege 4376,110.41,4.7,Poliéster,2021-05-04
P4377,Camisa Manga Curta Cinza 4377,399.89,4.3,Algodão,2023-04-09
P4378,Conjunto Casual Rosa 4378,227.33,3.3,Algodão,2025-12-06
P4379,Blazer Social Preta 4379,372.96,4.0,Poliéster,2025-12-12
P4380,Bermuda Cargo Preta 4380,313.25,4.8,Sarja,2026-05-15
P4381,Blusa Canelada Azul 4381,160.8,4.5,Viscose,2024-11-15
P4382,Camiseta Polo Amarela 4382,143.48,3.7,Algodão,2025-08-22
P4383,Conjunto Esportivo Vermelha 4383,175.16,4.0,Poliéster,2025-05-19
P4384,Bermuda Jeans Azul 4384,320.28,4.4,Sarja,2021-02-10
P4385,Blusa Social Verde 4385,128.99,5.0,Viscose,2023-05-15
P4386,Vestido Midi Preta 4386,103.99,3.4,Viscose,2023-12-25
P4387,Bermuda Moletom Azul 4387,303.31,4.4,Sarja,2023-08-18
P4388,Blusa Manga Longa Vermelha 4388,44.89,3.7,Viscose,2025-09-11
P4389,Saia Casual Vermelha 4389,204.33,4.6,Poliéster,2026-07-26
P4390,Camisa Manga Curta Vermelha 4390,395.08,4.5,Algodão,2024-02-02
P4391,Camisa Social Verde 4391,272.98,3.4,Algodão,2021-07-19
P4392,Camiseta Slim Marrom 4392,131.45,4.6,Algodão,2023-01-15
P4393,Jaqueta Corta-Vento Azul 4393,292.26,4.2,Nylon,2022-02-14
P4394,Moletom Estampado Azul 4394,126.61,3.8,Algodão/Poliéster,2023-09-01
P4395,Camiseta Slim Amarela 4395,299.74,4.0,Algodão,2022-04-30
P4396,Blazer Casual Amarela 4396,171.82,4.0,Poliéster,2021-06-16
P4397,Camiseta Slim Rosa 4397,393.29,3.9,Algodão,2021-12-21
P4398,Bermuda Cargo Branca 4398,399.89,3.6,Sarja,2023-10-24
P4399,Jaqueta Corta-Vento Verde 4399,205.98,4.4,Nylon,2021-10-20
P4400,Camiseta Básica Bege 4400,87.3,4.0,Algodão,2021-02-27
P4401,Boné 4401,54.32,4.1,Algodão,2022-08-04
P4402,Saia Midi Cinza 4402,243.71,5.0,Poliéster,2024-08-25
P4403,Calça Sarja Rosa 4403,188.29,4.9,Sarja,2024-07-29
P4404,Saia Casual Vermelha 4404,147.89,4.1,Poliéster,2023-03-19
P4405,Camisa Manga Curta Cinza 4405,341.58,4.1,Algodão,2024-10-04
P4406,Camisa Manga Curta Branca 4406,71.65,4.6,Algodão,2022-01-31
P4407,Calça Jogger Amarela 4407,227.51,3.9,Sarja,2025-02-03
P4408,Blazer Slim Rosa 4408,308.63,4.8,Poliéster,2021-02-05
P4409,Jaqueta Corta-Vento Preta 4409,346.66,3.9,Nylon,2021-10-07
P4410,Blusa Social Vermelha 4410,237.67,4.4,Viscose,2026-03-23
P4411,Blazer Social Cinza 4411,58.74,4.0,Poliéster,2023-08-26
P4412,Camisa Social Branca 4412,217.33,4.8,Algodão,2024-02-26
P4413,Jaqueta Bomber Amarela 4413,348.79,4.3,Poliéster,2023-04-03
P4414,Regata Básica Preta 4414,84.33,3.5,Algodão,2024-08-31
P4415,Bermuda Cargo Azul 4415,123.88,4.2,Sarja,2025-03-28
P4416,Blazer Slim Bege 4416,178.42,3.8,Poliéster,2025-06-01
P4417,Saia Midi Amarela 4417,260.94,3.8,Poliéster,2022-05-31
P4418,Blazer Social Verde 4418,226.62,3.9,Poliéster,2024-07-20
P4419,Saia Jeans Azul 4419,55.47,4.2,Poliéster,2025-06-11
P4420,Camiseta Slim Marrom 4420,243.83,4.5,Algodão,2023-05-05
P4421,Vestido Longo Azul 4421,187.87,4.4,Viscose,2023-03-02
P4422,Calça Jogger Rosa 4422,120.3,3.5,Sarja,2024-07-22
P4423,Blusa Manga Longa Bege 4423,202.52,3.5,Viscose,2024-04-02
P4424,Conjunto Esportivo Marrom 4424,390.99,3.8,Poliéster,2022-06-07
P4425,Camisa Flanela Rosa 4425,81.65,4.6,Algodão,2026-06-05
P4426,Moletom Estampado Amarela 4426,236.21,4.7,Algodão/Poliéster,2024-03-07
P4427,Blazer Social Cinza 4427,237.93,4.2,Poliéster,2024-03-13
P4428,Bermuda Cargo Cinza 4428,295.69,4.0,Sarja,2022-03-02
P4429,Calça Jeans Cinza 4429,46.8,4.6,Sarja,2024-10-29
P4430,Vestido Floral Bege 4430,345.99,4.4,Viscose,2026-03-14
P4431,Bermuda Esportiva Amarela 4431,399.89,4.4,Sarja,2025-02-11
P4432,Camisa Manga Curta Azul 4432,82.04,4.8,Algodão,2023-11-21
P4433,Conjunto Casual Preta 4433,240.79,3.5,Algodão,2024-08-10
P4434,Bermuda Cargo Vermelha 4434,349.88,4.6,Sarja,2022-04-29
P4435,Camiseta Oversized Rosa 4435,335.23,4.6,Algodão,2021-05-06
P4436,Moletom Estampado Rosa 4436,363.42,3.2,Algodão/Poliéster,2024-08-16
P4437,Jaqueta Puffer Bege 4437,151.94,4.5,Poliéster,2022-01-12
P4438,Camiseta Slim Amarela 4438,399.89,5.0,Algodão,2021-07-06
P4439,Saia Midi Bege 4439,369.32,3.8,Poliéster,2025-05-23
P4440,Calça Cargo Amarela 4440,86.63,4.0,Sarja,2023-06-17
P4441,Saia Jeans Azul 4441,342.55,3.7,Poliéster,2025-11-01
P4442,Calça Jeans 4442,149.99,4.6,Sarja,2025-11-27
P4443,Bermuda Jeans Rosa 4443,337.95,4.0,Sarja,2021-09-12
P4444,Blusa Manga Longa Preta 4444,137.63,4.2,Viscose,2025-05-08
P4445,Regata Esportiva Rosa 4445,295.19,4.7,Algodão,2022-11-24
P4446,Camiseta Básica Branca 4446,314.38,4.5,Algodão,2024-12-26
P4447,Calça Sarja Azul 4447,225.3,3.8,Sarja,2021-04-02
P4448,Blazer Social Preta 4448,257.45,5.0,Poliéster,2023-09-01
P4449,Moletom Básico Branca 4449,348.53,4.6,Algodão/Poliéster,2024-07-24
P4450,Bermuda Moletom Cinza 4450,399.89,4.4,Sarja,2023-07-14
P4451,Conjunto Casual Cinza 4451,100.43,4.8,Algodão,2024-02-16
P4452,Camisa Linho Preta 4452,280.83,3.9,Algodão,2021-01-24
P4453,Regata Esportiva Azul 4453,279.67,3.6,Algodão,2021-01-16
P4454,Bermuda Moletom Verde 4454,150.75,4.2,Sarja,2024-05-26
P4455,Vestido Casual Marrom 4455,296.5,4.3,Viscose,2023-05-11
P4456,Moletom Básico Verde 4456,154.67,4.6,Algodão/Poliéster,2024-04-08
P4457,Blusa Social Marrom 4457,168.86,3.6,Viscose,2023-01-14
P4458,Regata Básica Bege 4458,180.3,4.6,Algodão,2021-01-11
P4459,Conjunto Moletom Amarela 4459,236.42,3.4,Algodão/Poliéster,2024-12-19
P4460,Regata Esportiva Azul 4460,91.84,4.0,Algodão,2021-10-11
P4461,Jaqueta Corta-Vento Preta 4461,170.55,3.9,Nylon,2025-06-13
P4462,Calça Cargo Marrom 4462,141.47,4.2,Sarja,2021-01-26
P4463,Moletom Básico Amarela 4463,331.03,4.2,Algodão/Poliéster,2026-04-06
P4464,Jaqueta Bomber Preta 4464,215.73,3.9,Poliéster,2022-06-08
P4465,Vestido Floral Rosa 4465,256.03,3.5,Viscose,2026-01-21
P4466,Jaqueta Puffer Amarela 4466,389.61,3.1,Poliéster,2021-01-08
P4467,Blazer Slim Amarela 4467,184.23,4.9,Poliéster,2023-07-21
P4468,Calça Cargo Branca 4468,57.77,5.0,Sarja,2023-05-14
P4469,Blusa Social Vermelha 4469,216.21,4.3,Viscose,2021-12-06
P4470,Saia Jeans Preta 4470,64.76,4.0,Poliéster,2023-09-13
P4471,Vestido Floral Azul 4471,122.0,5.0,Viscose,2022-03-22
P4472,Blusa Social Rosa 4472,131.14,4.1,Viscose,2023-06-24
P4473,Bermuda Cargo Cinza 4473,285.01,3.3,Sarja,2023-02-15
P4474,Jaqueta Bomber Preta 4474,60.49,4.4,Poliéster,2022-02-17
P4475,Moletom Com Capuz Marrom 4475,81.42,4.3,Algodão/Poliéster,2025-06-20
P4476,Conjunto Esportivo Verde 4476,304.77,4.8,Poliéster,2023-12-20
P4477,Blazer Slim Amarela 4477,312.05,3.2,Poliéster,2025-10-01
P4478,Saia Casual Branca 4478,329.16,4.3,Poliéster,2025-08-12
P4479,Jaqueta Corta-Vento Preta 4479,165.52,4.7,Nylon,2022-06-28
P4480,Regata Esportiva Rosa 4480,109.09,4.9,Algodão,2022-08-26
P4481,Moletom Com Capuz Branca 4481,287.09,3.7,Algodão/Poliéster,2026-05-23
P4482,Calça Sarja Bege 4482,180.46,4.3,Sarja,2022-10-09
P4483,Camiseta Oversized Vermelha 4483,260.13,3.1,Algodão,2021-07-16
P4484,Saia Plissada Bege 4484,72.0,4.2,Poliéster,2024-01-29
P4485,Jaqueta Puffer Vermelha 4485,153.61,4.4,Poliéster,2026-06-24
P4486,Conjunto Casual Cinza 4486,382.14,4.6,Algodão,2022-04-29
P4487,Blusa Social Vermelha 4487,61.7,3.8,Viscose,2024-08-12
P4488,Bermuda Jeans Azul 4488,69.08,4.0,Sarja,2022-11-30
P4489,Camisa Social Branca 4489,227.89,3.8,Algodão,2023-03-08
P4490,Camiseta Básica Rosa 4490,54.2,4.3,Algodão,2023-07-26
P4491,Moletom Básico Amarela 4491,42.42,4.2,Algodão/Poliéster,2021-10-24
P4492,Bermuda Moletom Verde 4492,333.34,3.8,Sarja,2023-03-11
P4493,Calça Jogger Vermelha 4493,182.34,4.3,Sarja,2022-07-19
P4494,Moletom Com Capuz Rosa 4494,337.39,4.3,Algodão/Poliéster,2025-08-20
P4495,Camiseta Slim Marrom 4495,251.92,4.5,Algodão,2022-04-17
P4496,Calça Jogger Branca 4496,251.37,4.4,Sarja,2025-10-23
P4497,Regata Esportiva Cinza 4497,122.48,3.6,Algodão,2021-02-04
P4498,Regata Esportiva Preta 4498,349.4,4.8,Algodão,2023-04-14
P4499,Moletom Estampado Branca 4499,90.48,4.9,Algodão/Poliéster,2022-07-10
P4500,Blusa Básica Branca 4500,390.85,4.2,Viscose,2023-07-16
P4501,Regata Esportiva Marrom 4501,74.52,4.1,Algodão,2025-05-15
P4502,Vestido Longo Bege 4502,132.87,4.5,Viscose,2026-06-03
P4503,Blazer Slim Verde 4503,145.37,4.6,Poliéster,2025-02-15
P4504,Bermuda Esportiva Cinza 4504,371.26,4.3,Sarja,2023-11-07
P4505,Regata Esportiva Branca 4505,315.5,3.7,Algodão,2023-11-27
P4506,Vestido Midi Vermelha 4506,367.1,4.8,Viscose,2026-08-17
P4507,Conjunto Moletom Cinza 4507,162.6,3.6,Algodão/Poliéster,2026-08-14
P4508,Blusa Canelada Branca 4508,199.39,4.9,Viscose,2025-04-28
P4509,Blusa Manga Longa Amarela 4509,110.02,3.6,Viscose,2021-12-06
P4510,Vestido Casual Bege 4510,80.73,3.6,Viscose,2022-07-01
P4511,Regata Canelada Bege 4511,146.55,4.3,Algodão,2022-07-18
P4512,Camiseta Básica Preta 4512,132.69,4.5,Algodão,2022-04-19
P4513,Calça Social Azul 4513,54.81,3.5,Sarja,2026-06-26
P4514,Conjunto Moletom Amarela 4514,223.67,4.4,Algodão/Poliéster,2021-11-26
P4515,Camiseta Estampada Bege 4515,73.27,4.5,Algodão,2025-10-31
P4516,Jaqueta Bomber Vermelha 4516,213.06,5.0,Poliéster,2025-07-26
P4517,Blazer Casual Bege 4517,393.13,3.9,Poliéster,2023-12-30
P4518,Calça Jogger Verde 4518,54.74,4.7,Sarja,2022-09-27
P4519,Regata Básica Verde 4519,399.89,3.2,Algodão,2022-07-04
P4520,Moletom Com Capuz Marrom 4520,330.31,3.8,Algodão/Poliéster,2024-10-30
P4521,Calça Sarja Amarela 4521,248.91,4.2,Sarja,2024-10-20
P4522,Vestido Floral Amarela 4522,389.55,4.3,Viscose,2024-01-23
P4523,Regata Básica Marrom 4523,88.7,4.6,Algodão,2024-03-22
P4524,Camiseta Estampada Amarela 4524,377.36,4.5,Algodão,2025-09-05
P4525,Camisa Linho Preta 4525,135.5,4.4,Algodão,2025-04-11
P4526,Camisa Linho Verde 4526,328.34,4.5,Algodão,2025-04-03
P4527,Regata Esportiva Cinza 4527,232.89,4.3,Algodão,2022-08-04
P4528,Camiseta Estampada Preta 4528,283.03,4.8,Algodão,2021-05-12
P4529,Jaqueta Corta-Vento Rosa 4529,198.36,4.9,Nylon,2023-08-07
P4530,Moletom Canguru Branca 4530,399.89,4.3,Algodão/Poliéster,2022-12-02
P4531,Vestido Longo Verde 4531,145.59,4.6,Viscose,2022-11-24
P4532,Jaqueta Bomber Preta 4532,323.41,4.4,Poliéster,2023-12-13
P4533,Camisa Flanela Cinza 4533,118.92,4.9,Algodão,2026-03-30
P4534,Blusa Canelada Preta 4534,138.17,3.9,Viscose,2025-07-21
P4535,Regata Esportiva Cinza 4535,134.81,3.4,Algodão,2024-10-28
P4536,Camiseta Oversized Verde 4536,119.93,3.9,Algodão,2025-01-17
P4537,Camiseta Polo Bege 4537,331.86,4.2,Algodão,2023-05-07
P4538,Camiseta Oversized Preta 4538,399.89,3.6,Algodão,2024-02-11
P4539,Blazer Social Cinza 4539,69.91,4.1,Poliéster,2023-06-17
P4540,Camiseta Slim Amarela 4540,148.71,3.8,Algodão,2025-07-31
P4541,Moletom Canguru Amarela 4541,49.99,4.4,Algodão/Poliéster,2026-08-11
P4542,Moletom Básico Azul 4542,387.21,4.5,Algodão/Poliéster,2023-06-19
P4543,Camiseta Estampada Marrom 4543,355.98,4.3,Algodão,2025-01-31
P4544,Saia Jeans Preta 4544,42.41,4.5,Poliéster,2021-04-26
P4545,Jaqueta Corta-Vento Amarela 4545,204.55,4.2,Nylon,2023-04-12
P4546,Saia Midi Verde 4546,54.47,4.4,Poliéster,2025-12-07
P4547,Jaqueta Jeans Rosa 4547,260.51,3.9,Denim,2024-11-21
P4548,Bermuda Cargo Azul 4548,78.88,4.4,Sarja,2023-12-26
P4549,Blusa Social Preta 4549,92.47,3.7,Viscose,2022-03-19
P4550,Calça Jogger Azul 4550,216.62,4.9,Sarja,2025-07-31
P4551,Moletom Canguru Bege 4551,325.28,4.2,Algodão/Poliéster,2026-07-02
P4552,Bermuda Esportiva Verde 4552,126.02,4.7,Sarja,2023-03-23
P4553,Conjunto Esportivo Branca 4553,181.21,4.6,Poliéster,2025-08-02
P4554,Regata Básica Amarela 4554,84.72,5.0,Algodão,2024-05-02
P4555,Moletom Com Capuz Marrom 4555,342.31,3.5,Algodão/Poliéster,2023-04-03
P4556,Camiseta Estampada Bege 4556,94.9,4.6,Algodão,2022-11-17
P4557,Calça Sarja Azul 4557,156.91,4.3,Sarja,2023-11-07
P4558,Saia Plissada Marrom 4558,304.38,5.0,Poliéster,2023-04-28
P4559,Vestido Floral Amarela 4559,91.51,3.8,Viscose,2024-06-30
P4560,Camisa Flanela Preta 4560,51.45,4.4,Algodão,2021-11-01
P4561,Blazer Social Verde 4561,282.59,3.9,Poliéster,2023-09-15
P4562,Camiseta Slim Branca 4562,224.18,4.0,Algodão,2025-03-15
P4563,Saia Jeans Branca 4563,180.13,4.8,Poliéster,2025-10-15
P4564,Calça Jeans Vermelha 4564,289.94,5.0,Sarja,2022-08-03
P4565,Conjunto Moletom Verde 4565,100.56,3.9,Algodão/Poliéster,2024-05-26
P4566,Moletom Básico Bege 4566,361.31,4.2,Algodão/Poliéster,2022-09-17
P4567,Camisa Linho Cinza 4567,116.68,4.7,Algodão,2025-06-23
P4568,Saia Casual Marrom 4568,267.23,5.0,Poliéster,2023-01-03
P4569,Camiseta Slim Verde 4569,360.97,4.9,Algodão,2024-10-25
P4570,Blusa Manga Longa Cinza 4570,134.12,4.2,Viscose,2023-06-14
P4571,Blusa Básica Marrom 4571,267.44,4.2,Viscose,2022-07-07
P4572,Blazer Casual Rosa 4572,148.53,4.0,Poliéster,2024-04-07
P4573,Blazer Social Amarela 4573,284.13,4.5,Poliéster,2024-07-14
P4574,Camiseta Básica Rosa 4574,206.35,4.6,Algodão,2024-11-13
P4575,Conjunto Esportivo Cinza 4575,130.15,3.7,Poliéster,2025-06-26
P4576,Vestido Midi Marrom 4576,377.12,4.6,Viscose,2024-10-30
P4577,Vestido Floral Bege 4577,399.89,4.4,Viscose,2025-10-28
P4578,Camiseta Oversized Azul 4578,43.11,4.6,Algodão,2023-05-27
P4579,Bermuda Moletom Azul 4579,183.57,4.0,Sarja,2023-11-19
P4580,Bermuda Moletom Preta 4580,117.15,4.5,Sarja,2023-09-25
P4581,Camisa Manga Curta Cinza 4581,321.46,4.0,Algodão,2024-04-11
P4582,Moletom Básico Bege 4582,215.61,4.3,Algodão/Poliéster,2021-10-18
P4583,Jaqueta Bomber Branca 4583,58.43,4.8,Poliéster,2025-11-03
P4584,Camiseta Básica Vermelha 4584,89.6,3.9,Algodão,2023-12-15
P4585,Bermuda Esportiva Amarela 4585,133.89,3.7,Sarja,2024-02-20
P4586,Vestido Midi Marrom 4586,61.52,3.4,Viscose,2025-12-20
P4587,Blazer Social Verde 4587,222.16,4.9,Poliéster,2023-08-20
P4588,Conjunto Casual Bege 4588,292.22,5.0,Algodão,2023-08-11
P4589,Camiseta Slim Marrom 4589,203.3,3.7,Algodão,2024-03-15
P4590,Bermuda Jeans Rosa 4590,64.74,3.8,Sarja,2026-04-25
P4591,Calça Cargo Marrom 4591,323.51,4.4,Sarja,2022-06-09
P4592,Vestido Floral Preta 4592,171.45,4.6,Viscose,2021-11-19
P4593,Camiseta Polo Rosa 4593,339.01,4.0,Algodão,2021-08-12
P4594,Blazer Slim Bege 4594,193.38,3.8,Poliéster,2025-03-05
P4595,Vestido Longo Azul 4595,113.74,4.7,Viscose,2021-01-23
P4596,Blazer Social Marrom 4596,126.35,3.9,Poliéster,2025-01-04
P4597,Blazer Casual Bege 4597,281.16,3.8,Poliéster,2026-01-04
P4598,Camisa Manga Curta Cinza 4598,134.61,4.5,Algodão,2024-11-11
P4599,Blusa Social Azul 4599,79.11,5.0,Viscose,2021-12-19
P4600,Conjunto Casual Verde 4600,348.36,4.2,Algodão,2024-10-03
P4601,Bermuda Cargo Marrom 4601,203.35,3.7,Sarja,2023-07-06
P4602,Camisa Flanela Vermelha 4602,61.51,4.1,Algodão,2021-02-16
P4603,Camiseta Polo Bege 4603,145.68,4.1,Algodão,2022-02-13
P4604,Regata Canelada Vermelha 4604,276.03,4.4,Algodão,2025-03-16
P4605,Calça Jeans Cinza 4605,91.77,4.3,Sarja,2024-03-06
P4606,Vestido Casual Rosa 4606,115.68,4.3,Viscose,2023-10-31
P4607,Camiseta Polo Rosa 4607,269.65,4.0,Algodão,2025-05-26
P4608,Calça Cargo Marrom 4608,284.93,5.0,Sarja,2023-12-21
P4609,Calça Jogger Verde 4609,45.6,5.0,Sarja,2026-06-27
P4610,Conjunto Esportivo Marrom 4610,362.64,3.6,Poliéster,2021-04-16
P4611,Moletom Básico Azul 4611,361.43,4.4,Algodão/Poliéster,2022-08-16
P4612,Saia Casual Rosa 4612,77.74,4.8,Poliéster,2022-01-25
P4613,Jaqueta Puffer Amarela 4613,58.83,4.7,Poliéster,2023-05-07
P4614,Regata Básica Cinza 4614,399.89,4.3,Algodão,2026-02-28
P4615,Moletom Com Capuz Marrom 4615,83.28,4.4,Algodão/Poliéster,2023-04-27
P4616,Blusa Manga Longa Cinza 4616,366.2,3.6,Viscose,2022-10-15
P4617,Regata Canelada Azul 4617,145.47,4.2,Algodão,2021-06-24
P4618,Blusa Canelada Cinza 4618,239.06,4.4,Viscose,2023-03-26
P4619,Blazer Casual Branca 4619,309.65,3.7,Poliéster,2022-04-19
P4620,Moletom Básico Vermelha 4620,126.1,4.2,Algodão/Poliéster,2022-01-27
P4621,Jaqueta Puffer Bege 4621,226.03,3.7,Poliéster,2021-10-04
P4622,Saia Jeans Amarela 4622,262.56,4.3,Poliéster,2024-08-01
P4623,Blusa Manga Longa Bege 4623,180.24,3.4,Viscose,2025-01-06
P4624,Blusa Básica Cinza 4624,169.51,4.8,Viscose,2025-03-13
P4625,Bermuda Esportiva Azul 4625,205.27,4.7,Sarja,2021-04-21
P4626,Camisa Social Vermelha 4626,399.89,4.4,Algodão,2026-03-22
P4627,Camiseta Oversized Verde 4627,108.45,3.8,Algodão,2023-11-16
P4628,Shorts Jeans 4628,109.77,4.1,Algodão,2024-03-08
P4629,Camiseta Estampada Verde 4629,91.01,4.0,Algodão,2025-12-21
P4630,Conjunto Esportivo Amarela 4630,174.41,4.3,Poliéster,2022-07-25
P4631,Regata Básica Bege 4631,181.75,5.0,Algodão,2023-11-08
P4632,Bermuda Cargo Verde 4632,276.65,4.8,Sarja,2021-05-27
P4633,Regata Esportiva Bege 4633,245.6,4.2,Algodão,2023-10-16
P4634,Regata Canelada Vermelha 4634,303.16,4.4,Algodão,2022-07-05
P4635,Moletom Canguru Marrom 4635,380.88,4.6,Algodão/Poliéster,2022-01-13
P4636,Blusa Social Vermelha 4636,265.08,4.2,Viscose,2024-07-03
P4637,Conjunto Esportivo Bege 4637,128.2,3.9,Poliéster,2021-09-27
P4638,Blusa Canelada Marrom 4638,343.22,3.8,Viscose,2026-07-09
P4639,Blusa Manga Longa Vermelha 4639,287.76,4.7,Viscose,2022-04-27
P4640,Camiseta Básica Preta 4640,149.36,4.6,Algodão,2021-06-13
P4641,Moletom Básico Amarela 4641,218.99,4.2,Algodão/Poliéster,2023-07-14
P4642,Calça Cargo Branca 4642,351.5,4.9,Sarja,2023-03-15
P4643,Regata Esportiva Rosa 4643,399.89,4.2,Algodão,2024-09-23
P4644,Saia Casual Azul 4644,40.18,3.9,Poliéster,2024-10-12
P4645,Conjunto Esportivo Verde 4645,373.53,4.2,Poliéster,2024-05-10
P4646,Tênis Casual 4646,247.69,4.6,Sintético,2024-04-03
P4647,Bermuda Moletom Preta 4647,111.98,4.7,Sarja,2025-05-27
P4648,Blusa Social Amarela 4648,212.6,4.1,Viscose,2024-09-10
P4649,Regata Esportiva Branca 4649,333.56,4.9,Algodão,2021-10-16
P4650,Bermuda Esportiva Marrom 4650,240.28,4.4,Sarja,2023-08-17
P4651,Calça Jeans Preta 4651,350.67,4.9,Sarja,2024-11-23
P4652,Bermuda Jeans Azul 4652,184.12,3.3,Sarja,2022-07-07
P4653,Camisa Flanela Bege 4653,64.23,4.6,Algodão,2025-11-22
P4654,Regata Esportiva Verde 4654,220.08,3.8,Algodão,2023-09-26
P4655,Vestido Midi Vermelha 4655,318.0,4.0,Viscose,2022-10-27
P4656,Jaqueta Jeans Azul 4656,380.03,4.5,Denim,2023-03-01
P4657,Vestido Casual Rosa 4657,83.4,4.0,Viscose,2024-07-05
P4658,Jaqueta Puffer Branca 4658,399.89,4.2,Poliéster,2025-01-07
P4659,Camiseta Básica Cinza 4659,253.26,4.0,Algodão,2022-06-14
P4660,Blusa Manga Longa Marrom 4660,289.63,4.4,Viscose,2021-12-22
P4661,Vestido Floral Verde 4661,258.78,3.7,Viscose,2021-07-09
P4662,Bermuda Esportiva Vermelha 4662,228.6,4.2,Sarja,2023-10-24
P4663,Calça Sarja Branca 4663,52.55,4.0,Sarja,2026-04-03
P4664,Conjunto Casual Preta 4664,290.87,4.2,Algodão,2026-06-08
P4665,Camisa Flanela Vermelha 4665,66.07,4.3,Algodão,2024-03-04
P4666,Regata Esportiva Marrom 4666,53.78,4.0,Algodão,2024-01-06
P4667,Vestido Midi Cinza 4667,223.34,4.3,Viscose,2023-11-08
P4668,Vestido Midi Amarela 4668,283.8,4.2,Viscose,2022-05-06
P4669,Blazer Slim Vermelha 4669,152.54,4.5,Poliéster,2023-05-11
P4670,Saia Midi Preta 4670,106.38,4.3,Poliéster,2026-04-21
P4671,Saia Midi Rosa 4671,327.5,4.1,Poliéster,2024-06-28
P4672,Conjunto Esportivo Marrom 4672,222.54,4.9,Poliéster,2022-05-21
P4673,Vestido Midi Vermelha 4673,303.35,4.6,Viscose,2021-07-01
P4674,Bermuda Esportiva Bege 4674,66.17,3.5,Sarja,2025-04-04
P4675,Conjunto Esportivo Marrom 4675,216.48,4.4,Poliéster,2026-02-12
P4676,Camiseta Oversized Bege 4676,241.67,3.5,Algodão,2021-08-15
P4677,Blazer Slim Bege 4677,105.64,4.3,Poliéster,2023-02-16
P4678,Moletom Básico Marrom 4678,299.15,4.9,Algodão/Poliéster,2025-10-29
P4679,Calça Cargo Azul 4679,340.69,4.7,Sarja,2022-06-08
P4680,Conjunto Moletom Azul 4680,315.54,3.1,Algodão/Poliéster,2022-01-09
P4681,Calça Cargo Marrom 4681,115.5,4.0,Sarja,2023-03-27
P4682,Blazer Casual Marrom 4682,331.8,4.2,Poliéster,2023-03-27
P4683,Camiseta Polo Vermelha 4683,334.99,4.3,Algodão,2023-09-24
P4684,Saia Plissada Branca 4684,92.3,4.3,Poliéster,2026-06-21
P4685,Moletom Com Capuz Marrom 4685,246.2,3.9,Algodão/Poliéster,2026-07-06
P4686,Regata Esportiva Rosa 4686,184.92,3.3,Algodão,2024-04-13
P4687,Blusa Social Vermelha 4687,52.08,3.7,Viscose,2021-06-05
P4688,Moletom Estampado Rosa 4688,370.98,3.1,Algodão/Poliéster,2022-07-01
P4689,Regata Esportiva Bege 4689,256.15,5.0,Algodão,2022-01-09
P4690,Blusa Canelada Branca 4690,232.44,3.7,Viscose,2021-01-02
P4691,Blusa Básica Cinza 4691,212.59,5.0,Viscose,2023-03-03
P4692,Vestido Longo Rosa 4692,350.78,4.5,Viscose,2021-01-15
P4693,Jaqueta Jeans Preta 4693,258.62,4.5,Denim,2024-04-03
P4694,Regata Básica Marrom 4694,248.75,4.1,Algodão,2022-07-23
P4695,Conjunto Casual Amarela 4695,337.27,4.6,Algodão,2025-02-08
P4696,Blazer Social Verde 4696,223.78,4.7,Poliéster,2023-12-27
P4697,Regata Esportiva Marrom 4697,244.19,4.8,Algodão,2026-05-22
P4698,Camiseta Polo Preta 4698,78.31,3.5,Algodão,2023-10-01
P4699,Blusa Canelada Preta 4699,141.14,4.0,Viscose,2021-11-20
P4700,Jaqueta Jeans Azul 4700,291.26,5.0,Denim,2026-03-23
P4701,Blazer Casual Azul 4701,101.77,3.7,Poliéster,2022-10-02
P4702,Jaqueta Jeans Rosa 4702,249.43,3.8,Denim,2025-04-30
P4703,Calça Social Bege 4703,191.74,5.0,Sarja,2025-06-08
P4704,Camiseta Oversized Vermelha 4704,144.38,4.3,Algodão,2026-03-29
P4705,Jaqueta Puffer Azul 4705,271.21,4.4,Poliéster,2024-08-17
P4706,Bermuda Jeans Azul 4706,363.65,4.8,Sarja,2023-11-25
P4707,Conjunto Esportivo Amarela 4707,138.28,4.6,Poliéster,2023-03-08
P4708,Calça Jogger Vermelha 4708,311.23,4.5,Sarja,2023-07-14
P4709,Blazer Social Amarela 4709,290.13,4.1,Poliéster,2025-06-03
P4710,Moletom Estampado Branca 4710,110.44,5.0,Algodão/Poliéster,2024-03-17
P4711,Calça Cargo Amarela 4711,94.89,3.9,Sarja,2021-04-12
P4712,Calça Jogger Amarela 4712,138.33,3.4,Sarja,2023-02-09
P4713,Blusa Manga Longa Vermelha 4713,256.41,4.0,Viscose,2026-03-07
P4714,Saia Plissada Vermelha 4714,359.79,4.0,Poliéster,2022-03-13
P4715,Conjunto Casual Branca 4715,341.69,3.4,Algodão,2023-09-05
P4716,Vestido Floral Rosa 4716,271.63,3.6,Viscose,2025-09-28
P4717,Saia Plissada Bege 4717,236.64,3.8,Poliéster,2022-08-24
P4718,Regata Canelada Vermelha 4718,167.49,4.7,Algodão,2024-11-09
P4719,Calça Cargo Azul 4719,333.15,4.7,Sarja,2025-06-13
P4720,Vestido Casual Vermelha 4720,333.17,3.6,Viscose,2022-11-05
P4721,Vestido Longo Preta 4721,290.36,3.5,Viscose,2026-01-28
P4722,Jaqueta Corta-Vento Azul 4722,180.23,3.7,Nylon,2023-07-13
P4723,Camiseta Oversized Azul 4723,331.03,4.7,Algodão,2022-09-05
P4724,Camisa Flanela Amarela 4724,359.98,3.5,Algodão,2022-04-12
P4725,Vestido Longo Rosa 4725,323.75,4.2,Viscose,2022-07-06
P4726,Jaqueta Jeans Verde 4726,42.78,4.6,Denim,2024-03-10
P4727,Moletom Canguru Verde 4727,181.23,4.0,Algodão/Poliéster,2022-04-12
P4728,Moletom Estampado Amarela 4728,380.34,3.9,Algodão/Poliéster,2023-01-12
P4729,Calça Jogger Branca 4729,80.96,4.0,Sarja,2025-01-10
P4730,Moletom Básico Bege 4730,231.05,4.2,Algodão/Poliéster,2025-12-17
P4731,Calça Sarja Vermelha 4731,335.78,3.9,Sarja,2024-11-05
P4732,Blusa Básica Branca 4732,268.38,4.2,Viscose,2023-12-30
P4733,Conjunto Esportivo Marrom 4733,222.33,4.6,Poliéster,2024-12-11
P4734,Saia Jeans Preta 4734,60.76,4.3,Poliéster,2023-05-02
P4735,Blazer Slim Bege 4735,177.23,4.5,Poliéster,2022-07-15
P4736,Blusa Manga Longa Azul 4736,136.84,3.8,Viscose,2025-03-31
P4737,Calça Social Preta 4737,374.78,4.7,Sarja,2021-10-07
P4738,Blazer Casual Preta 4738,389.82,4.4,Poliéster,2026-02-16
P4739,Regata Básica Marrom 4739,221.67,4.5,Algodão,2023-06-06
P4740,Blazer Casual Marrom 4740,314.14,3.5,Poliéster,2025-08-19
P4741,Moletom Básico Azul 4741,357.55,4.9,Algodão/Poliéster,2021-07-24
P4742,Camisa Linho Bege 4742,235.14,4.7,Algodão,2023-10-21
P4743,Blazer Slim Preta 4743,94.22,4.3,Poliéster,2023-05-24
P4744,Moletom Canguru Bege 4744,179.6,4.6,Algodão/Poliéster,2023-01-08
P4745,Vestido Casual Vermelha 4745,295.59,4.3,Viscose,2023-11-26
P4746,Vestido Casual Bege 4746,130.75,3.6,Viscose,2024-10-01
P4747,Moletom Com Capuz Rosa 4747,214.21,4.5,Algodão/Poliéster,2026-05-03
P4748,Camiseta Básica Marrom 4748,83.16,4.3,Algodão,2025-08-18
P4749,Bermuda Cargo Cinza 4749,284.75,3.5,Sarja,2022-04-25
P4750,Regata Canelada Amarela 4750,289.81,4.5,Algodão,2026-07-18
P4751,Blazer Casual Marrom 4751,184.67,4.0,Poliéster,2023-10-29
P4752,Calça Cargo Marrom 4752,254.37,4.9,Sarja,2023-08-05
P4753,Blusa Social Rosa 4753,201.26,4.5,Viscose,2021-01-23
P4754,Moletom Com Capuz Branca 4754,349.34,3.9,Algodão/Poliéster,2024-10-14
P4755,Blusa Canelada Rosa 4755,52.69,4.2,Viscose,2026-01-09
P4756,Jaqueta Jeans Verde 4756,349.31,3.4,Denim,2022-08-30
P4757,Camiseta Básica Cinza 4757,232.32,4.4,Algodão,2025-11-30
P4758,Vestido Midi Azul 4758,92.57,4.3,Viscose,2021-06-30
P4759,Moletom Com Capuz Marrom 4759,152.74,4.7,Algodão/Poliéster,2026-06-24
P4760,Jaqueta Jeans Branca 4760,210.03,4.3,Denim,2022-06-08
P4761,Vestido Casual Amarela 4761,249.44,4.3,Viscose,2023-09-23
P4762,Camisa Linho Verde 4762,186.44,4.5,Algodão,2021-01-30
P4763,Moletom Canguru Cinza 4763,325.03,3.9,Algodão/Poliéster,2026-02-02
P4764,Vestido Longo Vermelha 4764,138.07,3.9,Viscose,2023-11-21
P4765,Camisa Linho Vermelha 4765,118.82,3.8,Algodão,2026-07-02
P4766,Camisa Linho Vermelha 4766,55.54,4.5,Algodão,2023-02-12
P4767,Moletom Básico Cinza 4767,191.04,3.5,Algodão/Poliéster,2021-05-04
P4768,Jaqueta Bomber Verde 4768,168.44,4.2,Poliéster,2024-11-04
P4769,Conjunto Casual Preta 4769,89.56,4.3,Algodão,2021-12-04
P4770,Calça Jogger Marrom 4770,124.12,4.3,Sarja,2024-06-27
P4771,Blazer Casual Preta 4771,243.62,4.9,Poliéster,2021-03-14
P4772,Moletom Estampado Amarela 4772,399.89,3.8,Algodão/Poliéster,2021-12-14
P4773,Regata Esportiva Rosa 4773,399.89,4.1,Algodão,2024-08-12
P4774,Bermuda Jeans Marrom 4774,223.72,4.6,Sarja,2024-10-26
P4775,Bermuda Cargo Verde 4775,48.18,4.0,Sarja,2021-11-12
P4776,Blusa Canelada Preta 4776,40.36,3.8,Viscose,2022-01-23
P4777,Blusa Básica Branca 4777,251.02,4.0,Viscose,2025-11-12
P4778,Bermuda Cargo Cinza 4778,101.47,3.8,Sarja,2021-01-13
P4779,Calça Sarja Bege 4779,259.87,4.4,Sarja,2022-04-21
P4780,Blusa Básica Branca 4780,281.03,4.6,Viscose,2026-07-01
P4781,Bermuda Jeans Marrom 4781,149.9,3.7,Sarja,2024-02-07
P4782,Regata Básica Bege 4782,208.33,5.0,Algodão,2021-02-25
P4783,Bermuda Moletom Marrom 4783,180.63,4.2,Sarja,2026-01-21
P4784,Camisa Flanela Bege 4784,360.03,4.9,Algodão,2022-12-09
P4785,Vestido Floral Azul 4785,93.22,4.3,Viscose,2025-01-19
P4786,Camiseta Oversized Branca 4786,399.89,4.3,Algodão,2024-08-12
P4787,Camisa Social Bege 4787,301.25,4.4,Algodão,2023-01-30
P4788,Vestido Longo Azul 4788,84.87,3.8,Viscose,2023-02-06
P4789,Shorts Jeans 4789,97.88,4.4,Algodão,2024-02-13
P4790,Blazer Casual Amarela 4790,97.04,4.0,Poliéster,2023-02-28
P4791,Saia Midi Vermelha 4791,114.07,4.3,Poliéster,2021-12-27
P4792,Regata Canelada Bege 4792,399.89,4.1,Algodão,2025-02-04
P4793,Conjunto Moletom Preta 4793,357.65,4.1,Algodão/Poliéster,2024-10-27
P4794,Camisa Linho Vermelha 4794,70.39,4.4,Algodão,2024-05-30
P4795,Moletom Canguru Preta 4795,177.12,4.9,Algodão/Poliéster,2025-03-15
P4796,Vestido Longo Verde 4796,153.63,4.6,Viscose,2023-12-09
P4797,Jaqueta Jeans Verde 4797,326.68,3.5,Denim,2026-04-05
P4798,Jaqueta Corta-Vento Amarela 4798,79.09,4.8,Nylon,2026-01-08
P4799,Blusa Básica Azul 4799,267.35,3.3,Viscose,2026-07-23
P4800,Bermuda Moletom Branca 4800,133.09,3.2,Sarja,2021-08-12
P4801,Bermuda Jeans Branca 4801,332.46,4.1,Sarja,2021-07-30
P4802,Blazer Social Verde 4802,399.89,4.4,Poliéster,2023-08-30
P4803,Blusa Básica Rosa 4803,214.45,4.3,Viscose,2024-12-03
P4804,Regata Canelada Cinza 4804,63.73,3.9,Algodão,2022-05-10
P4805,Calça Jeans Amarela 4805,216.44,4.8,Sarja,2021-08-27
P4806,Vestido Midi Branca 4806,241.33,3.8,Viscose,2021-03-18
P4807,Camiseta Básica Amarela 4807,358.69,4.8,Algodão,2024-02-22
P4808,Bermuda Jeans Marrom 4808,124.82,3.6,Sarja,2026-07-19
P4809,Calça Social Amarela 4809,145.14,3.4,Sarja,2023-08-20
P4810,Regata Esportiva Branca 4810,180.62,3.6,Algodão,2025-02-27
P4811,Calça Social Cinza 4811,56.07,3.9,Sarja,2021-04-18
P4812,Bermuda Moletom Cinza 4812,390.43,4.6,Sarja,2022-03-24
P4813,Blazer Slim Azul 4813,70.38,4.6,Poliéster,2024-11-08
P4814,Moletom Com Capuz Bege 4814,142.7,4.1,Algodão/Poliéster,2023-04-13
P4815,Moletom Estampado Rosa 4815,120.88,4.4,Algodão/Poliéster,2021-02-24
P4816,Blazer Casual Preta 4816,357.77,4.7,Poliéster,2022-04-13
P4817,Vestido Midi Azul 4817,375.96,3.8,Viscose,2025-06-30
P4818,Bermuda Jeans Rosa 4818,199.43,3.7,Sarja,2024-11-17
P4819,Jaqueta Corta-Vento Bege 4819,399.89,3.7,Nylon,2025-08-02
P4820,Blusa Básica Azul 4820,272.71,3.4,Viscose,2022-12-27
P4821,Blazer Slim Cinza 4821,399.89,4.6,Poliéster,2026-04-06
P4822,Vestido Casual Marrom 4822,265.47,4.4,Viscose,2026-03-19
P4823,Regata Básica Bege 4823,74.32,4.4,Algodão,2023-01-31
P4824,Blusa Manga Longa Vermelha 4824,51.3,3.8,Viscose,2022-03-06
P4825,Saia Midi Amarela 4825,250.0,4.0,Poliéster,2026-06-13
P4826,Camisa Manga Curta Vermelha 4826,111.79,5.0,Algodão,2022-12-25
P4827,Regata Básica Bege 4827,392.97,4.2,Algodão,2023-10-24
P4828,Calça Jogger Amarela 4828,347.35,4.6,Sarja,2026-04-12
P4829,Blusa Manga Longa Marrom 4829,344.56,4.2,Viscose,2022-07-11
P4830,Regata Básica Bege 4830,74.76,4.4,Algodão,2026-01-05
P4831,Camiseta Oversized Cinza 4831,66.6,4.4,Algodão,2021-11-29
P4832,Camiseta Estampada Rosa 4832,262.2,3.3,Algodão,2022-08-30
P4833,Moletom Estampado Cinza 4833,85.28,4.9,Algodão/Poliéster,2023-03-15
P4834,Vestido Midi Amarela 4834,95.84,4.1,Viscose,2023-09-27
P4835,Camiseta Oversized Amarela 4835,176.78,4.7,Algodão,2022-05-19
P4836,Bermuda Jeans Bege 4836,206.48,3.9,Sarja,2026-01-03
P4837,Vestido Midi Amarela 4837,295.81,4.2,Viscose,2024-10-07
P4838,Vestido Midi Verde 4838,203.06,3.8,Viscose,2024-10-19
P4839,Bermuda Esportiva Branca 4839,49.47,4.4,Sarja,2025-02-23
P4840,Jaqueta Jeans Preta 4840,195.51,3.3,Denim,2024-08-11
P4841,Bermuda Esportiva Vermelha 4841,322.56,4.8,Sarja,2024-08-24
P4842,Jaqueta Corta-Vento Preta 4842,341.18,3.1,Nylon,2024-09-28
P4843,Jaqueta Corta-Vento Rosa 4843,106.98,4.4,Nylon,2025-01-30
P4844,Saia Plissada Marrom 4844,296.67,4.3,Poliéster,2026-03-21
P4845,Camisa Linho Bege 4845,72.14,4.7,Algodão,2022-02-11
P4846,Jaqueta Corta-Vento Azul 4846,321.15,3.7,Nylon,2023-12-07
P4847,Moletom Com Capuz Branca 4847,45.7,4.9,Algodão/Poliéster,2022-01-17
P4848,Calça Sarja Verde 4848,249.28,4.5,Sarja,2022-01-12
P4849,Camiseta Estampada Branca 4849,178.08,4.5,Algodão,2026-05-20
P4850,Regata Básica Bege 4850,345.31,4.0,Algodão,2023-09-06
P4851,Blazer Casual Marrom 4851,399.89,4.5,Poliéster,2024-12-28
P4852,Jaqueta Corta-Vento Branca 4852,242.24,4.4,Nylon,2025-02-17
P4853,Vestido Floral Rosa 4853,94.71,4.6,Viscose,2021-03-07
P4854,Bermuda Esportiva Amarela 4854,293.9,4.5,Sarja,2023-10-16
P4855,Blazer Casual Verde 4855,389.43,4.0,Poliéster,2022-01-09
P4856,Blazer Social Azul 4856,114.46,4.9,Poliéster,2022-10-11
P4857,Conjunto Moletom Branca 4857,102.64,3.9,Algodão/Poliéster,2022-01-25
P4858,Regata Canelada Bege 4858,109.43,4.5,Algodão,2024-10-10
P4859,Blazer Slim Verde 4859,169.35,4.0,Poliéster,2021-10-01
P4860,Bermuda Cargo Rosa 4860,201.01,4.4,Sarja,2023-07-21
P4861,Camiseta Oversized Verde 4861,295.56,4.0,Algodão,2022-09-25
P4862,Jaqueta Bomber Amarela 4862,348.07,4.4,Poliéster,2026-06-16
P4863,Moletom Básico Azul 4863,164.62,4.7,Algodão/Poliéster,2025-06-19
P4864,Jaqueta Puffer Bege 4864,299.58,3.7,Poliéster,2022-12-30
P4865,Blazer Slim Marrom 4865,161.28,4.6,Poliéster,2022-08-31
P4866,Camisa Flanela Branca 4866,131.42,4.5,Algodão,2025-01-24
P4867,Bermuda Jeans Preta 4867,236.79,4.6,Sarja,2024-07-30
P4868,Blazer Social Cinza 4868,288.69,4.5,Poliéster,2024-02-23
P4869,Calça Sarja Bege 4869,165.84,4.3,Sarja,2021-05-30
P4870,Regata Canelada Cinza 4870,287.93,4.2,Algodão,2021-06-10
P4871,Camisa Social Bege 4871,285.17,4.3,Algodão,2024-08-09
P4872,Blusa Manga Longa Vermelha 4872,57.29,3.7,Viscose,2023-08-30
P4873,Moletom Básico Bege 4873,208.35,3.3,Algodão/Poliéster,2025-09-13
P4874,Moletom Canguru Azul 4874,391.28,3.9,Algodão/Poliéster,2021-03-02
P4875,Camisa Manga Curta Cinza 4875,312.27,4.0,Algodão,2022-01-21
P4876,Calça Jogger Amarela 4876,186.43,4.1,Sarja,2025-06-23
P4877,Camiseta Slim Preta 4877,75.05,4.5,Algodão,2026-07-19
P4878,Regata Esportiva Branca 4878,294.79,5.0,Algodão,2025-02-28
P4879,Jaqueta Jeans Verde 4879,308.33,3.8,Denim,2021-01-27
P4880,Jaqueta Bomber Vermelha 4880,120.26,4.1,Poliéster,2021-04-15
P4881,Bermuda Jeans Rosa 4881,177.52,4.3,Sarja,2025-12-23
P4882,Camisa Social Branca 4882,68.97,4.3,Algodão,2023-10-31
P4883,Blusa Canelada Rosa 4883,91.52,4.4,Viscose,2023-10-25
P4884,Camisa Social Branca 4884,198.07,4.6,Algodão,2026-06-13
P4885,Regata Básica Bege 4885,274.83,4.2,Algodão,2022-05-29
P4886,Saia Casual Vermelha 4886,237.74,3.9,Poliéster,2022-08-12
P4887,Blazer Casual Rosa 4887,151.84,3.9,Poliéster,2024-11-20
P4888,Regata Canelada Cinza 4888,74.41,3.9,Algodão,2026-02-15
P4889,Camisa Manga Curta Verde 4889,86.13,3.8,Algodão,2023-01-27
P4890,Jaqueta Puffer Amarela 4890,396.59,3.2,Poliéster,2021-11-09
P4891,Vestido Longo Branca 4891,113.54,3.6,Viscose,2021-04-27
P4892,Saia Casual Verde 4892,270.05,4.5,Poliéster,2021-01-14
P4893,Moletom Canguru Cinza 4893,318.01,4.1,Algodão/Poliéster,2023-02-14
P4894,Moletom Canguru Verde 4894,341.31,4.3,Algodão/Poliéster,2024-01-03
P4895,Blusa Básica Azul 4895,52.64,4.5,Viscose,2023-10-10
P4896,Calça Jogger Branca 4896,393.86,4.5,Sarja,2022-05-10
P4897,Blusa Social Marrom 4897,311.41,4.6,Viscose,2024-10-31
P4898,Bermuda Cargo Cinza 4898,169.91,4.2,Sarja,2025-12-25
P4899,Vestido Longo Marrom 4899,130.11,3.7,Viscose,2022-04-27
P4900,Blazer Casual Azul 4900,317.43,4.7,Poliéster,2024-10-26
P4901,Vestido Floral Marrom 4901,270.5,4.1,Viscose,2024-02-02
P4902,Camisa Linho Cinza 4902,129.22,4.6,Algodão,2024-11-22
P4903,Bermuda Cargo Marrom 4903,218.22,3.8,Sarja,2021-01-31
P4904,Vestido Longo Cinza 4904,101.76,4.2,Viscose,2024-10-25
P4905,Moletom Com Capuz Branca 4905,299.34,3.7,Algodão/Poliéster,2025-03-27
P4906,Saia Casual Verde 4906,345.07,3.7,Poliéster,2024-11-05
P4907,Calça Sarja Preta 4907,41.34,4.2,Sarja,2025-10-05
P4908,Camiseta Estampada Preta 4908,279.87,4.7,Algodão,2025-03-26
P4909,Regata Esportiva Marrom 4909,223.69,4.7,Algodão,2026-07-31
P4910,Camisa Social Rosa 4910,108.48,4.7,Algodão,2024-10-17
P4911,Moletom Com Capuz Verde 4911,88.07,4.6,Algodão/Poliéster,2023-07-13
P4912,Blusa Básica Bege 4912,70.89,4.9,Viscose,2025-09-23
P4913,Camiseta Básica Rosa 4913,46.64,4.1,Algodão,2024-12-08
P4914,Saia Jeans Marrom 4914,138.6,2.7,Poliéster,2024-02-29
P4915,Blusa Manga Longa Amarela 4915,116.94,3.6,Viscose,2024-04-12
P4916,Bermuda Esportiva Vermelha 4916,346.85,4.8,Sarja,2022-12-27
P4917,Blusa Canelada Branca 4917,172.44,4.2,Viscose,2024-06-23
P4918,Moletom Básico Vermelha 4918,132.95,4.0,Algodão/Poliéster,2023-08-24
P4919,Blusa Canelada Vermelha 4919,52.79,4.4,Viscose,2021-09-29
P4920,Blazer Social Rosa 4920,213.31,4.5,Poliéster,2023-06-30
P4921,Camiseta Oversized Vermelha 4921,315.25,4.0,Algodão,2026-05-20
P4922,Saia Midi Verde 4922,218.4,4.1,Poliéster,2022-11-19
P4923,Moletom Estampado Vermelha 4923,309.97,4.1,Algodão/Poliéster,2024-11-02
P4924,Saia Midi Vermelha 4924,378.09,4.2,Poliéster,2023-05-10
P4925,Bermuda Jeans Cinza 4925,152.0,4.5,Sarja,2022-08-15
P4926,Blazer Social Bege 4926,299.23,4.4,Poliéster,2023-03-08
P4927,Bermuda Esportiva Amarela 4927,340.4,4.4,Sarja,2026-06-08
P4928,Conjunto Casual Bege 4928,339.38,5.0,Algodão,2021-08-18
P4929,Moletom Básico Azul 4929,392.8,4.8,Algodão/Poliéster,2024-10-13
P4930,Saia Midi Preta 4930,77.59,3.5,Poliéster,2025-09-15
P4931,Camisa Manga Curta Vermelha 4931,116.15,4.4,Algodão,2022-01-19
P4932,Moletom Estampado Bege 4932,235.48,3.9,Algodão/Poliéster,2025-04-15
P4933,Conjunto Casual Preta 4933,275.4,3.4,Algodão,2024-08-10
P4934,Vestido Floral Verde 4934,250.99,3.8,Viscose,2022-11-30
P4935,Blazer Slim Preta 4935,197.93,4.3,Poliéster,2022-01-01
P4936,Conjunto Casual Verde 4936,326.9,4.4,Algodão,2026-05-10
P4937,Camiseta Estampada Marrom 4937,237.84,4.2,Algodão,2022-02-12
P4938,Camiseta Oversized Azul 4938,374.91,5.0,Algodão,2026-05-19
P4939,Bermuda Cargo Cinza 4939,112.96,3.7,Sarja,2024-09-03
P4940,Bermuda Cargo Bege 4940,71.5,4.2,Sarja,2025-11-08
P4941,Saia Plissada Rosa 4941,187.3,4.9,Poliéster,2022-09-06
P4942,Saia Midi Vermelha 4942,127.13,4.2,Poliéster,2021-03-02
P4943,Moletom Básico Marrom 4943,321.33,3.6,Algodão/Poliéster,2024-09-18
P4944,Bermuda Esportiva Bege 4944,77.33,3.5,Sarja,2023-02-08
P4945,Blusa Social Vermelha 4945,162.11,4.1,Viscose,2024-02-13
P4946,Bermuda Esportiva Cinza 4946,335.95,4.3,Sarja,2023-08-05
P4947,Vestido Floral Bege 4947,249.96,3.0,Viscose,2022-10-28
P4948,Conjunto Casual Marrom 4948,271.81,4.7,Algodão,2025-01-27
P4949,Moletom Com Capuz Verde 4949,329.88,3.9,Algodão/Poliéster,2023-11-03
P4950,Moletom Básico Azul 4950,282.02,4.3,Algodão/Poliéster,2024-08-06
P4951,Vestido Floral Amarela 4951,101.09,3.8,Viscose,2024-10-22
P4952,Blusa Manga Longa Azul 4952,127.59,3.9,Viscose,2024-11-04
P4953,Saia Midi Vermelha 4953,116.64,4.2,Poliéster,2022-11-15
P4954,Calça Sarja Azul 4954,89.95,3.9,Sarja,2025-05-07
P4955,Camiseta Polo Azul 4955,399.89,4.8,Algodão,2022-03-31
P4956,Moletom Canguru Preta 4956,184.46,4.1,Algodão/Poliéster,2026-05-17
P4957,Camisa Manga Curta Rosa 4957,46.71,4.9,Algodão,2025-08-02
P4958,Blazer Slim Bege 4958,191.16,4.0,Poliéster,2024-02-16
P4959,Calça Jogger Marrom 4959,165.41,4.2,Sarja,2022-01-09
P4960,Camiseta Slim Cinza 4960,221.53,4.2,Algodão,2026-02-14
P4961,Jaqueta Bomber Bege 4961,190.48,3.8,Poliéster,2024-02-22
P4962,Camiseta Básica Amarela 4962,320.55,4.1,Algodão,2025-08-13
P4963,Camiseta Estampada Branca 4963,148.34,3.7,Algodão,2021-02-26
P4964,Conjunto Esportivo Amarela 4964,325.36,4.7,Poliéster,2022-12-01
P4965,Camisa Linho Verde 4965,264.7,4.6,Algodão,2022-09-13
P4966,Conjunto Esportivo Branca 4966,338.62,4.9,Poliéster,2025-08-11
P4967,Vestido Midi Cinza 4967,211.16,4.2,Viscose,2023-08-20
P4968,Vestido Floral Verde 4968,271.26,4.2,Viscose,2021-08-31
P4969,Calça Sarja Bege 4969,319.83,4.5,Sarja,2024-06-26
P4970,Calça Cargo Azul 4970,128.84,3.8,Sarja,2021-11-25
P4971,Saia Jeans Verde 4971,251.51,4.9,Poliéster,2023-07-14
P4972,Regata Esportiva Branca 4972,342.19,3.5,Algodão,2026-08-16
P4973,Camisa Linho Preta 4973,40.18,4.9,Algodão,2023-06-19
P4974,Moletom Com Capuz Branca 4974,315.33,4.2,Algodão/Poliéster,2023-06-06
P4975,Camiseta Básica Preta 4975,95.43,4.0,Algodão,2021-03-25
P4976,Vestido Longo Cinza 4976,76.17,4.7,Viscose,2023-08-12
P4977,Blazer Casual Bege 4977,98.67,4.0,Poliéster,2026-06-05
P4978,Blazer Casual Verde 4978,352.32,3.6,Poliéster,2026-05-22
P4979,Camisa Social Bege 4979,309.39,4.1,Algodão,2026-06-17
P4980,Vestido Midi Marrom 4980,126.78,4.4,Viscose,2023-01-19
P4981,Camiseta Polo Preta 4981,41.36,4.6,Algodão,2021-05-16
P4982,Vestido Longo Amarela 4982,381.17,4.6,Viscose,2022-05-06
P4983,Regata Esportiva Cinza 4983,114.92,3.9,Algodão,2022-03-14
P4984,Blusa Social Vermelha 4984,158.06,4.1,Viscose,2021-06-11
P4985,Calça Sarja Bege 4985,307.77,4.5,Sarja,2025-01-07
P4986,Blusa Básica Marrom 4986,399.89,3.9,Viscose,2023-12-18
P4987,Blusa Manga Longa Verde 4987,159.67,3.9,Viscose,2025-02-02
P4988,Jaqueta Jeans Preta 4988,131.75,4.6,Denim,2022-02-18
P4989,Vestido Floral Marrom 4989,303.75,4.5,Viscose,2024-12-11
P4990,Saia Casual Preta 4990,79.75,4.4,Poliéster,2021-05-15
P4991,Jaqueta Corta-Vento Azul 4991,285.91,3.7,Nylon,2025-02-01
P4992,Calça Cargo Azul 4992,119.75,3.9,Sarja,2025-08-10
P4993,Regata Básica Amarela 4993,73.41,5.0,Algodão,2022-06-09
P4994,Blazer Casual Bege 4994,201.33,4.2,Poliéster,2022-11-11
P4995,Saia Midi Verde 4995,229.32,4.4,Poliéster,2023-06-20
P4996,Conjunto Esportivo Bege 4996,66.07,4.6,Poliéster,2024-04-13
P4997,Blusa Canelada Preta 4997,40.18,3.6,Viscose,2023-12-31
P4998,Camisa Social Rosa 4998,114.69,4.4,Algodão,2021-08-05
P4999,Vestido Floral Verde 4999,246.61,4.0,Viscose,2023-02-23
P5000,Saia Casual Marrom 5000,162.72,3.7,Poliéster,2023-11-13
P5001,Moletom Básico Branca 5001,331.11,4.5,Algodão/Poliéster,2024-06-23
P5002,Bermuda Jeans Rosa 5002,399.89,4.2,Sarja,2024-07-31
P5003,Blusa Básica Branca 5003,399.89,4.1,Viscose,2024-10-09
P5004,Camiseta Slim Preta 5004,380.33,3.9,Algodão,2023-07-20
P5005,Jaqueta Corta-Vento Preta 5005,367.02,3.4,Nylon,2023-11-06
P5006,Jaqueta Puffer Verde 5006,393.69,4.8,Poliéster,2022-11-30
P5007,Jaqueta Bomber Preta 5007,298.8,4.4,Poliéster,2022-07-17
P5008,Jaqueta Bomber Verde 5008,295.72,4.5,Poliéster,2022-10-06
P5009,Jaqueta Puffer Preta 5009,316.22,4.9,Poliéster,2023-06-27
P5010,Camisa Social Vermelha 5010,202.1,4.6,Algodão,2021-08-15
P5011,Moletom Básico Cinza 5011,163.74,3.3,Algodão/Poliéster,2022-03-29
P5012,Calça Jeans Verde 5012,57.16,5.0,Sarja,2021-08-28
P5013,Calça Social Rosa 5013,188.21,4.6,Sarja,2023-04-26
P5014,Jaqueta Jeans Azul 5014,330.53,3.6,Denim,2023-10-23
P5015,Jaqueta Puffer Amarela 5015,59.44,4.0,Poliéster,2021-12-04
P5016,Conjunto Moletom Cinza 5016,196.47,3.8,Algodão/Poliéster,2021-10-15
P5017,Camiseta Polo Rosa 5017,311.05,4.3,Algodão,2023-12-24
P5018,Calça Cargo Marrom 5018,118.41,4.5,Sarja,2022-04-08
P5019,Camisa Linho Preta 5019,40.18,4.7,Algodão,2025-12-01
P5020,Saia Jeans Marrom 5020,130.47,4.5,Poliéster,2021-12-08
P5021,Blazer Slim Marrom 5021,181.96,4.6,Poliéster,2023-09-24
P5022,Conjunto Esportivo Vermelha 5022,147.3,3.8,Poliéster,2025-07-19
P5023,Camisa Manga Curta Azul 5023,333.19,3.3,Algodão,2021-08-03
P5024,Vestido Casual Vermelha 5024,331.86,4.5,Viscose,2023-07-20
P5025,Bermuda Moletom Amarela 5025,152.88,4.6,Sarja,2023-09-04
P5026,Vestido Longo Preta 5026,305.66,3.7,Viscose,2024-02-18
P5027,Regata Esportiva Cinza 5027,109.25,3.2,Algodão,2026-01-07
P5028,Camisa Linho Branca 5028,190.77,3.4,Algodão,2024-04-21
P5029,Moletom Com Capuz Rosa 5029,197.48,4.5,Algodão/Poliéster,2023-02-20
P5030,Camiseta Básica Branca 5030,315.11,4.7,Algodão,2023-04-01
P5031,Blazer Slim Preta 5031,201.98,4.6,Poliéster,2024-07-15
P5032,Calça Sarja Preta 5032,125.94,4.0,Sarja,2022-09-10
P5033,Blusa Canelada Rosa 5033,81.93,4.2,Viscose,2024-11-17
P5034,Regata Esportiva Preta 5034,236.24,3.9,Algodão,2023-03-03
P5035,Vestido Longo Bege 5035,133.72,4.4,Viscose,2021-05-05
P5036,Camiseta Estampada Marrom 5036,345.58,4.3,Algodão,2024-01-12
P5037,Blusa Básica Marrom 5037,280.68,4.1,Viscose,2022-06-05
P5038,Calça Jeans Bege 5038,156.48,4.0,Sarja,2023-01-12
P5039,Camisa Social Bege 5039,354.87,4.1,Algodão,2022-11-01
P5040,Blazer Slim Azul 5040,67.01,4.5,Poliéster,2021-10-10
P5041,Regata Esportiva Azul 5041,349.55,4.3,Algodão,2022-08-22
P5042,Jaqueta Bomber Branca 5042,57.5,4.9,Poliéster,2026-03-06
P5043,Regata Básica Rosa 5043,168.68,4.4,Algodão,2022-10-25
P5044,Bermuda Cargo Rosa 5044,323.74,3.8,Sarja,2025-02-24
P5045,Regata Esportiva Branca 5045,189.34,3.9,Algodão,2023-04-26
P5046,Blusa Social Bege 5046,106.29,4.3,Viscose,2021-05-18
P5047,Moletom Canguru Cinza 5047,271.71,4.9,Algodão/Poliéster,2025-09-30
P5048,Regata Básica Marrom 5048,217.24,3.5,Algodão,2026-02-17
P5049,Camiseta Polo Branca 5049,269.26,4.6,Algodão,2022-05-03
P5050,Saia Midi Bege 5050,246.27,3.8,Poliéster,2021-12-19
P5051,Blazer Slim Bege 5051,336.85,3.7,Poliéster,2026-04-10
P5052,Camiseta Polo Vermelha 5052,100.6,3.9,Algodão,2021-07-22
P5053,Regata Básica Vermelha 5053,65.51,4.3,Algodão,2026-01-14
P5054,Camisa Flanela Bege 5054,299.19,5.0,Algodão,2021-12-25
P5055,Bermuda Jeans Rosa 5055,83.32,4.3,Sarja,2025-11-29
P5056,Moletom Básico Cinza 5056,258.29,3.9,Algodão/Poliéster,2026-04-15
P5057,Blusa Básica Marrom 5057,306.4,4.2,Viscose,2022-05-12
P5058,Calça Jeans Amarela 5058,129.37,4.5,Sarja,2022-04-03
P5059,Conjunto Casual Verde 5059,380.71,4.0,Algodão,2021-08-08
P5060,Bermuda Esportiva Vermelha 5060,319.22,3.8,Sarja,2025-06-17
P5061,Conjunto Casual Cinza 5061,74.47,4.3,Algodão,2022-12-24
P5062,Bermuda Esportiva Cinza 5062,79.85,4.6,Sarja,2024-08-23
P5063,Moletom Básico Vermelha 5063,150.26,3.5,Algodão/Poliéster,2024-06-24
P5064,Jaqueta Corta-Vento Bege 5064,399.89,3.4,Nylon,2023-12-09
P5065,Saia Casual Branca 5065,204.91,4.6,Poliéster,2022-05-17
P5066,Camiseta Estampada Verde 5066,244.96,4.8,Algodão,2023-01-27
P5067,Regata Esportiva Rosa 5067,84.62,4.0,Algodão,2023-11-03
P5068,Camisa Manga Curta Amarela 5068,192.36,4.7,Algodão,2021-07-12
P5069,Blazer Casual Cinza 5069,350.63,4.5,Poliéster,2023-04-16
P5070,Calça Jogger Verde 5070,274.21,4.8,Sarja,2025-01-10
P5071,Conjunto Esportivo Verde 5071,377.74,4.8,Poliéster,2023-05-23
P5072,Camisa Manga Curta Rosa 5072,186.3,4.3,Algodão,2023-03-28
P5073,Calça Jeans Vermelha 5073,399.89,4.4,Sarja,2025-10-05
P5074,Conjunto Moletom Bege 5074,290.48,4.9,Algodão/Poliéster,2024-01-12
P5075,Regata Esportiva Verde 5075,149.24,5.0,Algodão,2025-03-06
P5076,Blusa Manga Longa Verde 5076,146.96,4.2,Viscose,2021-04-18
P5077,Moletom Básico Marrom 5077,123.69,4.2,Algodão/Poliéster,2026-04-05
P5078,Conjunto Moletom Vermelha 5078,218.81,4.0,Algodão/Poliéster,2025-05-25
P5079,Camisa Linho Azul 5079,359.73,4.7,Algodão,2025-09-07
P5080,Vestido Casual Vermelha 5080,185.27,4.6,Viscose,2024-12-03
P5081,Blusa Básica Amarela 5081,333.1,4.5,Viscose,2024-01-19
P5082,Moletom Básico Marrom 5082,179.7,4.5,Algodão/Poliéster,2024-01-01
P5083,Camiseta Polo Azul 5083,364.32,4.9,Algodão,2024-07-16
P5084,Vestido Midi Cinza 5084,236.18,4.2,Viscose,2023-10-24
P5085,Camiseta Estampada Vermelha 5085,195.93,4.9,Algodão,2025-02-18
P5086,Conjunto Casual Cinza 5086,383.33,4.6,Algodão,2022-11-29
P5087,Regata Esportiva Branca 5087,289.17,3.9,Algodão,2025-05-11
P5088,Saia Casual Branca 5088,309.2,4.4,Poliéster,2022-12-10
P5089,Blazer Slim Marrom 5089,221.05,3.6,Poliéster,2023-09-12
P5090,Vestido Longo Rosa 5090,154.46,4.1,Viscose,2021-05-22
P5091,Vestido Casual Bege 5091,210.48,4.3,Viscose,2026-02-06
P5092,Saia Jeans Amarela 5092,324.5,4.1,Poliéster,2024-11-21
P5093,Calça Cargo Cinza 5093,240.6,4.3,Sarja,2022-06-01
P5094,Vestido Midi Cinza 5094,216.36,4.3,Viscose,2021-04-04
P5095,Saia Plissada Branca 5095,246.91,3.8,Poliéster,2025-10-29
P5096,Moletom Canguru Rosa 5096,167.67,4.0,Algodão/Poliéster,2021-01-03
P5097,Vestido Casual Rosa 5097,324.74,4.3,Viscose,2023-09-25
P5098,Moletom Estampado Azul 5098,250.61,4.5,Algodão/Poliéster,2021-03-06
P5099,Blusa Social Verde 5099,113.67,5.0,Viscose,2024-12-05
P5100,Calça Sarja Preta 5100,112.73,4.4,Sarja,2022-02-25
P5101,Blusa Manga Longa Branca 5101,101.77,3.9,Viscose,2023-06-03
P5102,Regata Básica Branca 5102,221.42,4.4,Algodão,2024-03-25
P5103,Jaqueta Bomber Vermelha 5103,73.11,4.8,Poliéster,2023-02-06
P5104,Regata Básica Cinza 5104,120.96,4.6,Algodão,2024-11-10
P5105,Regata Canelada Azul 5105,257.46,5.0,Algodão,2023-11-18
P5106,Moletom Básico Vermelha 5106,96.99,4.3,Algodão/Poliéster,2023-05-21
P5107,Calça Sarja Bege 5107,177.15,4.5,Sarja,2022-10-29
P5108,Moletom Básico Cinza 5108,159.89,3.5,Algodão/Poliéster,2023-04-26
P5109,Regata Canelada Bege 5109,367.66,3.6,Algodão,2022-10-27
P5110,Camiseta Estampada Branca 5110,262.66,3.8,Algodão,2024-04-08
P5111,Saia Plissada Azul 5111,149.96,4.8,Poliéster,2025-05-01
P5112,Moletom Básico Marrom 5112,297.81,3.6,Algodão/Poliéster,2024-05-19
P5113,Regata Esportiva Azul 5113,99.64,3.7,Algodão,2021-03-08
P5114,Vestido Longo Rosa 5114,220.97,4.1,Viscose,2025-10-15
P5115,Saia Midi Verde 5115,153.41,3.5,Poliéster,2025-06-15
P5116,Conjunto Casual Marrom 5116,286.18,4.7,Algodão,2025-08-22
P5117,Conjunto Esportivo Rosa 5117,370.76,4.6,Poliéster,2021-04-14
P5118,Vestido Floral Amarela 5118,230.63,3.8,Viscose,2025-08-31
P5119,Calça Jogger Amarela 5119,157.33,3.3,Sarja,2023-08-25
P5120,Bermuda Jeans Rosa 5120,241.32,3.7,Sarja,2025-10-13
P5121,Conjunto Casual Preta 5121,76.72,4.3,Algodão,2025-06-05
P5122,Blusa Básica Verde 5122,399.89,3.7,Viscose,2025-12-26
P5123,Camiseta Básica Rosa 5123,46.47,4.1,Algodão,2021-09-10
P5124,Conjunto Moletom Vermelha 5124,343.91,4.4,Algodão/Poliéster,2024-02-23
P5125,Calça Jogger Preta 5125,63.74,4.0,Sarja,2025-02-16
P5126,Moletom Estampado Verde 5126,196.58,4.4,Algodão/Poliéster,2024-05-16
P5127,Regata Esportiva Preta 5127,346.25,4.0,Algodão,2025-08-07
P5128,Saia Plissada Cinza 5128,110.31,3.8,Poliéster,2025-02-13
P5129,Conjunto Moletom Marrom 5129,220.4,4.1,Algodão/Poliéster,2021-03-15
P5130,Calça Social Amarela 5130,141.14,3.8,Sarja,2022-02-16
P5131,Camiseta Slim Branca 5131,219.07,4.0,Algodão,2024-08-05
P5132,Regata Básica Azul 5132,103.42,3.7,Algodão,2023-01-16
P5133,Camiseta Estampada Bege 5133,309.9,4.4,Algodão,2023-01-09
P5134,Camiseta Estampada Bege 5134,207.36,4.4,Algodão,2026-03-04
P5135,Blazer Casual Preta 5135,208.14,4.3,Poliéster,2021-07-05
P5136,Calça Cargo Preta 5136,110.67,3.9,Sarja,2023-12-18
P5137,Conjunto Moletom Azul 5137,377.74,3.4,Algodão/Poliéster,2022-10-07
P5138,Blusa Social Marrom 5138,394.29,3.6,Viscose,2021-04-18
P5139,Saia Midi Verde 5139,297.33,3.9,Poliéster,2023-02-15
P5140,Blazer Casual Bege 5140,105.35,4.2,Poliéster,2023-04-20
P5141,Moletom Básico Rosa 5141,195.03,4.1,Algodão/Poliéster,2023-07-30
P5142,Blusa Manga Longa Amarela 5142,107.46,3.6,Viscose,2021-11-29
P5143,Camiseta Oversized Azul 5143,46.5,4.7,Algodão,2025-02-15
P5144,Conjunto Moletom Branca 5144,118.22,3.8,Algodão/Poliéster,2023-01-08
P5145,Moletom Básico Marrom 5145,306.67,3.6,Algodão/Poliéster,2024-04-01
P5146,Vestido Midi Amarela 5146,238.63,4.0,Viscose,2024-02-02
P5147,Vestido Floral Amarela 5147,222.0,3.7,Viscose,2024-03-13
P5148,Moletom Básico Bege 5148,274.06,4.4,Algodão/Poliéster,2023-11-12
P5149,Vestido Floral Preta 5149,369.46,4.5,Viscose,2022-09-16
P5150,Camisa Linho Vermelha 5150,44.27,4.8,Algodão,2023-10-12
P5151,Calça Cargo Cinza 5151,179.84,3.7,Sarja,2024-01-03
P5152,Camiseta Estampada Cinza 5152,45.4,4.4,Algodão,2021-02-07
P5153,Camiseta Slim Azul 5153,88.22,3.7,Algodão,2025-02-06
P5154,Calça Social Rosa 5154,157.24,4.2,Sarja,2023-07-10
P5155,Jaqueta Puffer Azul 5155,284.3,4.4,Poliéster,2022-08-29
P5156,Regata Esportiva Verde 5156,48.04,4.5,Algodão,2021-03-01
P5157,Saia Midi Verde 5157,268.45,4.4,Poliéster,2022-09-23
P5158,Moletom Canguru Preta 5158,189.11,4.2,Algodão/Poliéster,2023-04-18
P5159,Camisa Manga Curta Bege 5159,210.73,3.7,Algodão,2025-09-28
P5160,Camisa Manga Curta Vermelha 5160,332.63,4.7,Algodão,2024-08-31
P5161,Camisa Social Preta 5161,304.83,3.6,Algodão,2023-05-16
P5162,Moletom Estampado Verde 5162,208.13,4.7,Algodão/Poliéster,2021-09-18
P5163,Calça Jogger Verde 5163,287.86,4.9,Sarja,2022-07-23
P5164,Bermuda Jeans Branca 5164,369.59,4.8,Sarja,2026-03-12
P5165,Calça Jogger Azul 5165,207.22,5.0,Sarja,2021-09-22
P5166,Blazer Casual Azul 5166,104.42,4.3,Poliéster,2024-07-28
P5167,Blazer Casual Bege 5167,214.98,4.4,Poliéster,2023-12-06
P5168,Camiseta Oversized Preta 5168,274.79,4.2,Algodão,2022-03-27
P5169,Blusa Social Vermelha 5169,169.01,4.1,Viscose,2025-12-13
P5170,Blazer Social Verde 5170,366.35,3.9,Poliéster,2023-03-27
P5171,Regata Básica Verde 5171,149.07,3.9,Algodão,2024-09-30
P5172,Blusa Básica Vermelha 5172,399.81,4.4,Viscose,2021-07-20
P5173,Moletom Básico Bege 5173,399.89,4.1,Algodão/Poliéster,2026-06-22
P5174,Saia Jeans Cinza 5174,351.3,3.4,Poliéster,2021-02-15
P5175,Moletom Canguru Preta 5175,181.74,4.2,Algodão/Poliéster,2022-10-05
P5176,Saia Midi Amarela 5176,253.04,3.8,Poliéster,2026-03-10
P5177,Blusa Canelada Verde 5177,84.56,4.2,Viscose,2024-08-12
P5178,Vestido Floral Cinza 5178,364.42,4.0,Viscose,2024-10-28
P5179,Calça Cargo Marrom 5179,120.96,4.4,Sarja,2022-10-13
P5180,Bermuda Cargo Branca 5180,248.38,4.1,Sarja,2025-06-02
P5181,Moletom Básico Amarela 5181,377.37,4.5,Algodão/Poliéster,2026-04-12
P5182,Jaqueta Puffer Amarela 5182,385.06,3.2,Poliéster,2024-07-11
P5183,Camisa Manga Curta Vermelha 5183,43.71,4.9,Algodão,2022-03-28
P5184,Calça Sarja Amarela 5184,231.2,4.2,Sarja,2026-02-20
P5185,Jaqueta Puffer Preta 5185,340.27,4.9,Poliéster,2021-01-09
P5186,Jaqueta Bomber Bege 5186,330.4,3.8,Poliéster,2026-01-28
P5187,Calça Cargo Marrom 5187,283.01,4.6,Sarja,2021-01-20
P5188,Blazer Casual Preta 5188,136.7,3.6,Poliéster,2021-05-01
P5189,Regata Esportiva Azul 5189,89.73,3.9,Algodão,2021-03-28
P5190,Bermuda Esportiva Branca 5190,209.03,3.9,Sarja,2022-01-28
P5191,Vestido Casual 5191,138.23,4.3,Viscose,2025-02-13
P5192,Blazer Casual Rosa 5192,399.89,3.5,Poliéster,2023-03-30
P5193,Jaqueta Corta-Vento Amarela 5193,300.06,4.4,Nylon,2021-06-13
P5194,Regata Canelada Bege 5194,77.62,2.8,Algodão,2022-12-07
P5195,Conjunto Esportivo Azul 5195,343.27,4.0,Poliéster,2026-08-27
P5196,Camiseta Polo Vermelha 5196,109.32,4.2,Algodão,2023-12-24
P5197,Saia Jeans Marrom 5197,147.14,2.8,Poliéster,2025-02-17
P5198,Camiseta Slim Amarela 5198,141.13,3.9,Algodão,2022-07-06
P5199,Blazer Casual Rosa 5199,291.68,5.0,Poliéster,2023-12-14
P5200,Bermuda Moletom Verde 5200,324.97,3.9,Sarja,2025-07-08
P5201,Bermuda Esportiva Azul 5201,197.68,4.6,Sarja,2024-10-27
P5202,Regata Esportiva Bege 5202,286.5,4.2,Algodão,2021-01-16
P5203,Blusa Básica Rosa 5203,98.91,3.7,Viscose,2024-06-10
P5204,Blusa Manga Longa Rosa 5204,48.2,4.3,Viscose,2025-06-26
P5205,Saia Casual Branca 5205,316.91,4.4,Poliéster,2021-10-07
P5206,Blazer Slim Rosa 5206,329.75,3.1,Poliéster,2023-03-25
P5207,Blusa Básica Marrom 5207,206.58,5.0,Viscose,2024-08-27
P5208,Conjunto Moletom Cinza 5208,176.47,4.1,Algodão/Poliéster,2021-01-11
P5209,Vestido Midi Vermelha 5209,320.46,4.7,Viscose,2025-01-10
P5210,Saia Jeans Preta 5210,103.81,3.4,Poliéster,2025-10-19
P5211,Saia Plissada Rosa 5211,357.51,4.4,Poliéster,2023-12-25
P5212,Regata Esportiva Amarela 5212,215.56,4.3,Algodão,2023-07-14
P5213,Moletom Básico Amarela 5213,47.65,4.3,Algodão/Poliéster,2021-07-10
P5214,Saia Casual Verde 5214,80.13,3.7,Poliéster,2025-02-08
P5215,Camisa Social Bege 5215,65.94,4.8,Algodão,2026-05-06
P5216,Bermuda Moletom Verde 5216,325.12,4.0,Sarja,2025-12-23
P5217,Tênis Casual 5217,248.91,4.5,Sintético,2024-02-12
P5218,Conjunto Casual Branca 5218,199.19,4.3,Algodão,2021-03-12
P5219,Regata Esportiva Verde 5219,369.08,3.9,Algodão,2022-08-15
P5220,Vestido Floral Branca 5220,232.26,4.1,Viscose,2022-06-27
P5221,Camiseta Polo Marrom 5221,367.14,4.5,Algodão,2021-01-16
P5222,Jaqueta Jeans Azul 5222,73.37,4.2,Denim,2021-09-03
P5223,Camiseta Polo Cinza 5223,218.18,4.1,Algodão,2024-04-04
P5224,Camiseta Polo Cinza 5224,220.15,4.1,Algodão,2021-07-22
P5225,Blazer Slim Bege 5225,253.46,4.9,Poliéster,2021-03-21
P5226,Vestido Casual Azul 5226,114.42,4.6,Viscose,2026-05-11
P5227,Camisa Social Vermelha 5227,362.24,4.3,Algodão,2024-06-05
P5228,Blazer Social Rosa 5228,305.44,4.8,Poliéster,2025-07-25
P5229,Blusa Social Vermelha 5229,64.54,4.3,Viscose,2022-05-30
P5230,Moletom Básico Azul 5230,152.66,4.7,Algodão/Poliéster,2023-01-25
P5231,Jaqueta Puffer Vermelha 5231,161.5,4.2,Poliéster,2024-06-17
P5232,Regata Básica Bege 5232,388.81,4.0,Algodão,2024-11-23
P5233,Camiseta Slim Amarela 5233,336.51,4.7,Algodão,2023-02-01
P5234,Saia Midi 5234,126.97,4.0,Poliéster,2026-03-18
P5235,Jaqueta Bomber Verde 5235,109.98,4.8,Poliéster,2024-12-26
P5236,Moletom Básico Branca 5236,116.99,3.9,Algodão/Poliéster,2022-04-02
P5237,Camiseta Estampada Amarela 5237,81.89,4.2,Algodão,2021-07-23
P5238,Camiseta Oversized Amarela 5238,382.33,3.4,Algodão,2021-01-30
P5239,Blusa Social Bege 5239,112.69,4.4,Viscose,2025-10-14
P5240,Conjunto Esportivo Amarela 5240,197.07,4.1,Poliéster,2025-09-02
P5241,Bermuda Jeans Branca 5241,65.13,5.0,Sarja,2023-09-18
P5242,Vestido Floral Amarela 5242,266.37,4.2,Viscose,2025-02-04
P5243,Blazer Casual Verde 5243,146.1,3.6,Poliéster,2026-01-02
P5244,Conjunto Esportivo Bege 5244,304.04,4.8,Poliéster,2021-11-28
P5245,Saia Plissada Marrom 5245,165.57,4.9,Poliéster,2026-07-23
P5246,Moletom Canguru Preta 5246,97.45,4.2,Algodão/Poliéster,2023-10-11
P5247,Camiseta Estampada Marrom 5247,274.12,4.1,Algodão,2023-06-26
P5248,Regata Canelada Vermelha 5248,175.52,4.9,Algodão,2021-11-28
P5249,Blusa Manga Longa Rosa 5249,45.75,4.1,Viscose,2024-10-23
P5250,Regata Esportiva Azul 5250,324.32,4.3,Algodão,2024-05-31
P5251,Calça Jeans Marrom 5251,152.25,3.7,Sarja,2021-03-03
P5252,Camisa Linho Branca 5252,179.56,3.4,Algodão,2024-09-01
P5253,Vestido Midi Verde 5253,103.0,4.0,Viscose,2021-10-20
P5254,Blusa Canelada Marrom 5254,175.58,4.6,Viscose,2022-07-27
P5255,Moletom Básico Preta 5255,112.09,4.9,Algodão/Poliéster,2024-06-19
P5256,Conjunto Moletom Verde 5256,390.2,4.4,Algodão/Poliéster,2025-06-04
P5257,Camisa Linho Branca 5257,384.18,4.4,Algodão,2021-10-05
P5258,Jaqueta Puffer Amarela 5258,399.89,3.1,Poliéster,2023-09-07
P5259,Moletom Estampado Rosa 5259,399.89,3.1,Algodão/Poliéster,2022-08-13
P5260,Bermuda Jeans Branca 5260,256.71,4.4,Sarja,2025-01-01
P5261,Camiseta Polo Rosa 5261,52.09,4.2,Algodão,2025-09-10
P5262,Blazer Casual Verde 5262,154.4,4.4,Poliéster,2024-08-16
P5263,Saia Jeans Amarela 5263,333.13,4.0,Poliéster,2025-07-03
P5264,Regata Esportiva Azul 5264,133.15,4.0,Algodão,2023-07-22
P5265,Calça Jogger Verde 5265,48.39,5.0,Sarja,2024-05-22
P5266,Jaqueta Puffer Cinza 5266,272.41,5.0,Poliéster,2022-08-29
P5267,Camisa Social Verde 5267,399.89,4.6,Algodão,2026-08-08
P5268,Regata Canelada Vermelha 5268,185.22,4.6,Algodão,2022-02-27
P5269,Camiseta Básica Preta 5269,238.72,4.1,Algodão,2026-03-21
P5270,Vestido Floral Preta 5270,345.6,4.4,Viscose,2025-03-24
P5271,Regata Básica Branca 5271,326.17,4.4,Algodão,2026-08-04
P5272,Camisa Manga Curta Preta 5272,212.37,4.6,Algodão,2024-08-21
P5273,Saia Midi Azul 5273,340.83,4.5,Poliéster,2022-12-30
P5274,Regata Esportiva Verde 5274,272.4,5.0,Algodão,2022-08-05
P5275,Bermuda Cargo Vermelha 5275,274.8,3.6,Sarja,2022-01-07
P5276,Camisa Social Amarela 5276,225.56,3.8,Algodão,2026-06-24
P5277,Conjunto Moletom Azul 5277,351.03,4.7,Algodão/Poliéster,2021-08-09
P5278,Vestido Floral Marrom 5278,53.39,4.3,Viscose,2025-08-04
P5279,Bermuda Cargo Vermelha 5279,273.88,4.5,Sarja,2024-12-16
P5280,Camiseta Slim Amarela 5280,151.75,5.0,Algodão,2021-09-20
P5281,Blazer Slim Marrom 5281,150.73,4.9,Poliéster,2026-03-10
P5282,Calça Jeans Cinza 5282,43.76,4.6,Sarja,2021-12-03
P5283,Camiseta Estampada Azul 5283,77.63,3.1,Algodão,2021-11-29
P5284,Camiseta Oversized Verde 5284,245.82,4.6,Algodão,2024-01-31
P5285,Saia Casual Azul 5285,379.28,4.6,Poliéster,2021-08-02
P5286,Regata Esportiva Cinza 5286,212.04,4.5,Algodão,2021-07-31
P5287,Conjunto Esportivo Vermelha 5287,138.11,3.9,Poliéster,2024-07-15
P5288,Camisa Social Branca 5288,142.14,4.2,Algodão,2026-06-19
P5289,Blazer Casual Rosa 5289,90.5,4.0,Poliéster,2021-04-21
P5290,Vestido Midi Vermelha 5290,363.14,4.2,Viscose,2024-08-13
P5291,Blazer Casual Preta 5291,257.87,4.3,Poliéster,2024-05-29
P5292,Vestido Floral Rosa 5292,279.78,3.4,Viscose,2021-05-17
P5293,Blusa Manga Longa Amarela 5293,355.97,4.2,Viscose,2021-11-06
P5294,Bermuda Cargo Branca 5294,384.28,3.9,Sarja,2023-07-07
P5295,Camiseta Slim Marrom 5295,141.97,4.4,Algodão,2024-12-05
P5296,Vestido Longo Marrom 5296,121.49,4.0,Viscose,2022-04-05
P5297,Vestido Midi Bege 5297,146.49,4.4,Viscose,2023-06-18
P5298,Saia Midi Bege 5298,188.26,4.2,Poliéster,2023-10-12
P5299,Blusa Manga Longa Preta 5299,284.95,3.9,Viscose,2025-01-12
P5300,Vestido Casual Amarela 5300,204.61,4.0,Viscose,2022-05-27
P5301,Moletom Canguru Amarela 5301,144.68,4.0,Algodão/Poliéster,2024-11-26
P5302,Conjunto Esportivo Vermelha 5302,91.93,4.4,Poliéster,2025-09-17
P5303,Blusa Manga Longa Amarela 5303,306.62,4.1,Viscose,2024-04-20
P5304,Bermuda Cargo Rosa 5304,70.99,4.9,Sarja,2025-01-31
P5305,Camisa Social Preta 5305,310.48,3.6,Algodão,2021-12-13
P5306,Jaqueta Corta-Vento Amarela 5306,340.21,4.3,Nylon,2026-02-19
P5307,Moletom Canguru Amarela 5307,333.93,3.9,Algodão/Poliéster,2022-09-16
P5308,Conjunto Casual Cinza 5308,88.61,4.7,Algodão,2022-02-14
P5309,Calça Jogger Amarela 5309,128.5,3.4,Sarja,2024-02-09
P5310,Jaqueta Puffer Rosa 5310,179.75,4.3,Poliéster,2023-03-09
P5311,Bermuda Cargo Vermelha 5311,102.31,3.8,Sarja,2023-08-13
P5312,Jaqueta Puffer Bege 5312,297.31,4.4,Poliéster,2025-07-25
P5313,Blusa Básica Branca 5313,399.89,3.9,Viscose,2024-01-14
P5314,Moletom Com Capuz Rosa 5314,207.1,4.5,Algodão/Poliéster,2023-02-13
P5315,Blazer Casual Preta 5315,130.86,3.7,Poliéster,2025-07-14
P5316,Jaqueta Puffer Rosa 5316,319.16,4.7,Poliéster,2023-02-24
P5317,Blusa Manga Longa Bege 5317,262.96,3.6,Viscose,2026-06-06
P5318,Blazer Casual Bege 5318,283.01,3.9,Poliéster,2026-08-03
P5319,Calça Jogger Rosa 5319,174.41,4.2,Sarja,2023-08-29
P5320,Camisa Flanela Branca 5320,138.95,4.6,Algodão,2025-05-14
P5321,Blusa Básica Vermelha 5321,325.83,4.2,Viscose,2025-01-05
P5322,Camiseta Oversized Rosa 5322,196.54,3.9,Algodão,2025-11-17
P5323,Blusa Social Amarela 5323,206.63,3.9,Viscose,2023-08-13
P5324,Jaqueta Puffer Bege 5324,175.34,4.5,Poliéster,2023-04-23
P5325,Regata Canelada Amarela 5325,213.08,3.5,Algodão,2022-07-27
P5326,Blazer Slim Cinza 5326,235.76,4.7,Poliéster,2024-04-27
P5327,Blusa Manga Longa Marrom 5327,320.0,4.3,Viscose,2024-06-27
P5328,Saia Midi Preta 5328,249.95,4.1,Poliéster,2023-07-22
P5329,Bermuda Jeans Azul 5329,323.94,4.8,Sarja,2022-10-05
P5330,Blazer Slim Rosa 5330,89.13,3.8,Poliéster,2023-07-21
P5331,Moletom Básico Preta 5331,156.33,4.0,Algodão/Poliéster,2023-11-05
P5332,Vestido Midi Vermelha 5332,301.8,4.3,Viscose,2021-09-22
P5333,Conjunto Casual Cinza 5333,68.67,4.6,Algodão,2024-09-27
P5334,Blusa Básica Rosa 5334,156.54,4.2,Viscose,2025-10-09
P5335,Calça Jogger Verde 5335,230.58,4.7,Sarja,2022-10-28
P5336,Vestido Floral Verde 5336,215.34,4.4,Viscose,2023-03-20
P5337,Vestido Floral Vermelha 5337,128.95,4.4,Viscose,2021-07-12
P5338,Regata Esportiva Branca 5338,350.39,3.4,Algodão,2024-04-18
P5339,Bermuda Cargo Vermelha 5339,40.18,4.1,Sarja,2023-06-04
P5340,Bermuda Jeans Rosa 5340,245.15,3.9,Sarja,2025-11-09
P5341,Camiseta Oversized Preta 5341,62.65,5.0,Algodão,2026-02-20
P5342,Vestido Longo Azul 5342,91.76,4.6,Viscose,2025-05-20
P5343,Camisa Manga Curta Rosa 5343,44.44,5.0,Algodão,2022-03-11
P5344,Jaqueta Jeans Verde 5344,45.62,4.5,Denim,2022-02-15
P5345,Moletom Canguru Bege 5345,198.79,3.7,Algodão/Poliéster,2023-10-02
P5346,Camiseta Polo Verde 5346,153.22,5.0,Algodão,2024-07-03
P5347,Blazer Social Vermelha 5347,149.42,3.6,Poliéster,2021-03-07
P5348,Calça Jogger Azul 5348,208.11,5.0,Sarja,2023-10-23
P5349,Vestido Casual Bege 5349,91.1,3.8,Viscose,2021-06-29
P5350,Regata Canelada Bege 5350,240.68,5.0,Algodão,2022-06-23
P5351,Bermuda Esportiva Vermelha 5351,47.06,3.7,Sarja,2023-01-13
P5352,Blusa Básica Vermelha 5352,362.14,4.5,Viscose,2021-03-26
P5353,Conjunto Moletom Cinza 5353,214.68,3.9,Algodão/Poliéster,2022-06-27
P5354,Saia Casual Vermelha 5354,212.45,3.9,Poliéster,2024-07-27
P5355,Calça Social Rosa 5355,74.7,3.4,Sarja,2026-08-27
P5356,Calça Jogger Preta 5356,61.53,4.2,Sarja,2025-06-02
P5357,Calça Social Preta 5357,364.18,3.7,Sarja,2022-09-26
P5358,Blazer Social Cinza 5358,268.6,4.0,Poliéster,2026-05-03
P5359,Saia Plissada Cinza 5359,71.08,4.3,Poliéster,2023-06-30
P5360,Saia Plissada Bege 5360,372.72,4.8,Poliéster,2023-01-05
P5361,Camisa Manga Curta Bege 5361,169.9,4.1,Algodão,2025-10-19
P5362,Vestido Floral Azul 5362,324.24,4.1,Viscose,2023-04-06
P5363,Saia Midi Rosa 5363,269.66,3.7,Poliéster,2025-03-09
P5364,Moletom Básico Marrom 5364,205.62,4.5,Algodão/Poliéster,2021-12-04
P5365,Jaqueta Jeans Amarela 5365,168.89,4.8,Denim,2022-11-19
P5366,Bermuda Cargo Verde 5366,331.64,4.0,Sarja,2026-07-31
P5367,Blusa Canelada Branca 5367,157.17,4.4,Viscose,2022-05-20
P5368,Saia Plissada Preta 5368,182.76,3.9,Poliéster,2025-10-24
P5369,Regata Canelada Verde 5369,333.37,4.2,Algodão,2023-08-24
P5370,Camiseta Oversized Branca 5370,382.01,4.1,Algodão,2026-06-05
P5371,Conjunto Moletom Vermelha 5371,235.8,4.1,Algodão/Poliéster,2023-05-11
P5372,Camiseta Básica Bege 5372,387.08,3.7,Algodão,2023-10-22
P5373,Camisa Social Azul 5373,151.64,4.0,Algodão,2023-03-28
P5374,Blazer Social Preta 5374,317.76,3.5,Poliéster,2022-03-11
P5375,Camiseta Básica Cinza 5375,254.56,3.9,Algodão,2025-10-12
P5376,Moletom Com Capuz Marrom 5376,234.06,3.9,Algodão/Poliéster,2024-03-31
P5377,Moletom Com Capuz Marrom 5377,207.85,3.8,Algodão/Poliéster,2023-11-12
P5378,Blusa Social Rosa 5378,183.64,4.4,Viscose,2023-02-09
P5379,Camisa Linho Preta 5379,223.16,4.1,Algodão,2025-05-17
P5380,Regata Esportiva Azul 5380,353.06,4.3,Algodão,2022-12-21
P5381,Regata Esportiva Preta 5381,342.58,3.7,Algodão,2022-05-07
P5382,Blusa Social Amarela 5382,227.21,4.2,Viscose,2021-06-20
P5383,Calça Sarja Vermelha 5383,358.73,3.8,Sarja,2025-12-12
P5384,Regata Esportiva Bege 5384,259.25,4.1,Algodão,2021-06-01
P5385,Vestido Casual Rosa 5385,326.56,4.6,Viscose,2025-10-15
P5386,Saia Midi Azul 5386,399.79,4.7,Poliéster,2023-02-23
P5387,Blusa Manga Longa Marrom 5387,206.86,4.2,Viscose,2021-01-06
P5388,Jaqueta Jeans Azul 5388,374.04,3.7,Denim,2026-04-01
P5389,Moletom Canguru Amarela 5389,50.82,4.1,Algodão/Poliéster,2025-03-13
P5390,Blazer Slim Rosa 5390,319.93,3.3,Poliéster,2025-02-04
P5391,Blazer Social Amarela 5391,332.4,4.0,Poliéster,2024-02-08
P5392,Vestido Floral Vermelha 5392,140.64,4.5,Viscose,2025-04-23
P5393,Blazer Social Vermelha 5393,288.0,4.7,Poliéster,2021-10-03
P5394,Conjunto Moletom Verde 5394,365.21,4.5,Algodão/Poliéster,2022-04-30
P5395,Calça Jogger Verde 5395,343.63,4.7,Sarja,2024-01-31
P5396,Camiseta Básica Verde 5396,285.64,4.3,Algodão,2025-02-28
P5397,Jaqueta Puffer Amarela 5397,340.74,4.0,Poliéster,2024-05-02
P5398,Camiseta Slim Preta 5398,384.61,4.0,Algodão,2023-04-21
P5399,Calça Sarja Cinza 5399,162.28,4.1,Sarja,2024-10-22
P5400,Camiseta Oversized Azul 5400,313.41,4.9,Algodão,2021-05-03
P5401,Conjunto Moletom Cinza 5401,168.8,4.1,Algodão/Poliéster,2023-11-18
P5402,Conjunto Esportivo Vermelha 5402,178.56,3.9,Poliéster,2023-03-28
P5403,Calça Social Verde 5403,124.29,4.7,Sarja,2023-10-28
P5404,Calça Jeans Branca 5404,64.99,4.7,Sarja,2021-09-29
P5405,Saia Jeans Amarela 5405,314.56,4.1,Poliéster,2026-02-13
P5406,Saia Casual Preta 5406,399.89,4.7,Poliéster,2025-11-02
P5407,Conjunto Esportivo Vermelha 5407,274.31,3.9,Poliéster,2026-05-05
P5408,Regata Esportiva Bege 5408,260.15,4.8,Algodão,2025-10-05
P5409,Calça Sarja Vermelha 5409,159.76,3.7,Sarja,2024-10-06
P5410,Jaqueta Jeans Amarela 5410,315.77,4.2,Denim,2022-08-18
P5411,Regata Básica Azul 5411,58.89,4.1,Algodão,2021-08-25
P5412,Conjunto Moletom Vermelha 5412,243.86,3.7,Algodão/Poliéster,2024-06-20
P5413,Bermuda Esportiva Rosa 5413,324.36,4.6,Sarja,2026-05-13
P5414,Conjunto Moletom Marrom 5414,266.46,4.0,Algodão/Poliéster,2023-01-23
P5415,Regata Básica Cinza 5415,399.89,4.4,Algodão,2026-08-17
P5416,Moletom Com Capuz Rosa 5416,318.93,4.2,Algodão/Poliéster,2021-11-16
P5417,Vestido Floral Verde 5417,376.2,4.2,Viscose,2022-08-10
P5418,Moletom Com Capuz Preta 5418,221.42,3.8,Algodão/Poliéster,2024-09-05
P5419,Moletom Canguru Amarela 5419,366.59,4.4,Algodão/Poliéster,2023-10-17
P5420,Bermuda Jeans Azul 5420,350.55,5.0,Sarja,2025-04-22
P5421,Camisa Social Bege 5421,58.25,4.2,Algodão,2022-12-15
P5422,Bermuda Jeans Rosa 5422,91.42,4.1,Sarja,2025-05-22
P5423,Saia Plissada Branca 5423,271.36,4.7,Poliéster,2022-09-15
P5424,Camiseta Estampada Marrom 5424,390.02,4.0,Algodão,2021-11-05
P5425,Moletom Com Capuz Rosa 5425,352.38,4.4,Algodão/Poliéster,2024-03-22
P5426,Conjunto Moletom Branca 5426,307.24,3.7,Algodão/Poliéster,2023-11-27
P5427,Bermuda Moletom Marrom 5427,139.28,4.9,Sarja,2024-03-19
P5428,Jaqueta Bomber Rosa 5428,269.18,4.3,Poliéster,2021-02-19
P5429,Regata Canelada Bege 5429,128.1,4.4,Algodão,2023-05-01
P5430,Blazer Slim Amarela 5430,179.33,4.8,Poliéster,2021-07-06
P5431,Camiseta Básica Bege 5431,349.68,4.1,Algodão,2025-07-24
P5432,Camiseta Oversized Preta 5432,189.56,4.9,Algodão,2021-06-17
P5433,Moletom Estampado Bege 5433,46.33,5.0,Algodão/Poliéster,2026-04-12
P5434,Calça Jogger Verde 5434,374.21,4.6,Sarja,2021-04-29
P5435,Saia Jeans Preta 5435,111.3,3.1,Poliéster,2024-06-17
P5436,Blazer Social Verde 5436,376.5,3.7,Poliéster,2022-11-22
P5437,Saia Midi Amarela 5437,201.07,4.9,Poliéster,2021-08-18
P5438,Saia Plissada Amarela 5438,258.71,4.2,Poliéster,2023-01-11
P5439,Conjunto Casual Amarela 5439,351.84,4.4,Algodão,2021-03-24
P5440,Saia Casual Cinza 5440,186.02,4.2,Poliéster,2024-12-14
P5441,Conjunto Moletom Cinza 5441,220.54,4.2,Algodão/Poliéster,2025-12-07
P5442,Camisa Linho Amarela 5442,189.44,4.4,Algodão,2022-11-14
P5443,Vestido Casual Verde 5443,279.36,3.4,Viscose,2023-06-28
P5444,Blazer Casual Vermelha 5444,384.11,4.7,Poliéster,2021-10-18
P5445,Conjunto Esportivo Vermelha 5445,155.06,4.0,Poliéster,2023-09-25
P5446,Conjunto Casual Marrom 5446,389.73,4.5,Algodão,2026-05-14
P5447,Saia Plissada Bege 5447,80.94,4.2,Poliéster,2024-01-19
P5448,Camiseta Oversized Azul 5448,295.82,4.3,Algodão,2025-12-17
P5449,Blusa Manga Longa Vermelha 5449,209.32,4.9,Viscose,2025-06-03
P5450,Conjunto Esportivo Bege 5450,66.71,4.2,Poliéster,2021-09-15
P5451,Moletom Básico Amarela 5451,287.35,4.1,Algodão/Poliéster,2021-04-20
P5452,Bermuda Jeans Azul 5452,73.64,4.0,Sarja,2023-01-21
P5453,Conjunto Esportivo Verde 5453,365.4,4.3,Poliéster,2026-04-29
P5454,Regata Canelada Branca 5454,274.12,3.7,Algodão,2021-12-14
P5455,Moletom Básico Bege 5455,186.53,3.5,Algodão/Poliéster,2021-04-03
P5456,Vestido Casual Marrom 5456,307.09,4.5,Viscose,2026-06-08
P5457,Calça Jogger Azul 5457,60.32,4.5,Sarja,2022-02-14
P5458,Regata Esportiva Vermelha 5458,144.03,4.2,Algodão,2023-01-07
P5459,Jaqueta Puffer Vermelha 5459,127.19,4.2,Poliéster,2025-06-03
P5460,Camisa Social Rosa 5460,275.29,4.4,Algodão,2021-07-23
P5461,Regata Esportiva Preta 5461,128.81,4.6,Algodão,2021-12-20
P5462,Bermuda Cargo Marrom 5462,244.3,4.3,Sarja,2025-02-12
P5463,Bermuda Jeans Rosa 5463,249.49,3.9,Sarja,2021-01-14
P5464,Regata Esportiva Branca 5464,353.71,3.7,Algodão,2025-01-12
P5465,Moletom Com Capuz Marrom 5465,142.15,4.9,Algodão/Poliéster,2024-01-28
P5466,Regata Canelada Marrom 5466,360.94,4.0,Algodão,2022-05-14
P5467,Blusa Manga Longa Preta 5467,257.6,4.0,Viscose,2024-06-23
P5468,Blusa Básica Cinza 5468,313.69,4.8,Viscose,2022-10-28
P5469,Jaqueta Puffer Bege 5469,221.41,4.7,Poliéster,2026-05-18
P5470,Vestido Midi Amarela 5470,327.37,4.2,Viscose,2023-05-09
P5471,Blazer Social Azul 5471,315.23,4.6,Poliéster,2025-03-29
P5472,Camiseta Oversized Amarela 5472,121.92,4.3,Algodão,2022-07-08
P5473,Camiseta Básica Bege 5473,89.04,3.9,Algodão,2025-09-21
P5474,Camiseta Oversized Verde 5474,227.71,3.7,Algodão,2022-08-21
P5475,Camisa Linho Verde 5475,98.06,4.6,Algodão,2023-11-17
P5476,Bermuda Esportiva Branca 5476,49.02,4.1,Sarja,2025-07-17
P5477,Jaqueta Jeans Vermelha 5477,131.23,4.5,Denim,2026-04-01
P5478,Moletom Com Capuz Verde 5478,350.88,4.1,Algodão/Poliéster,2025-04-05
P5479,Moletom Com Capuz Marrom 5479,59.61,4.6,Algodão/Poliéster,2024-10-13
P5480,Moletom Canguru Branca 5480,259.9,4.1,Algodão/Poliéster,2024-12-04
P5481,Blazer Social Rosa 5481,317.68,4.1,Poliéster,2023-04-21
P5482,Vestido Floral Marrom 5482,50.9,4.5,Viscose,2024-11-21
P5483,Camiseta Estampada Rosa 5483,257.63,3.7,Algodão,2024-04-04
P5484,Conjunto Casual Verde 5484,218.39,4.9,Algodão,2023-12-16
P5485,Conjunto Casual Branca 5485,242.37,3.9,Algodão,2022-10-11
P5486,Camiseta Slim Marrom 5486,104.3,4.8,Algodão,2022-12-28
P5487,Jaqueta Corta-Vento Preta 5487,165.43,4.1,Nylon,2021-09-13
P5488,Calça Jogger Marrom 5488,127.81,4.2,Sarja,2025-01-30
P5489,Calça Sarja Amarela 5489,238.18,4.3,Sarja,2021-02-15
P5490,Blazer Casual Preta 5490,260.63,4.5,Poliéster,2021-08-29
P5491,Camiseta Básica Vermelha 5491,53.41,4.0,Algodão,2022-08-30
P5492,Conjunto Casual Cinza 5492,189.2,4.2,Algodão,2021-10-19
P5493,Blusa Canelada Marrom 5493,175.13,4.9,Viscose,2025-04-01
P5494,Saia Casual Vermelha 5494,142.95,4.1,Poliéster,2021-09-19
P5495,Bermuda Cargo Preta 5495,303.6,3.6,Sarja,2023-08-03
P5496,Saia Casual Azul 5496,98.21,4.3,Poliéster,2025-02-24
P5497,Conjunto Casual Bege 5497,399.89,4.2,Algodão,2024-05-03
P5498,Moletom Básico Verde 5498,151.35,4.6,Algodão/Poliéster,2024-05-08
P5499,Calça Jogger Rosa 5499,176.46,4.3,Sarja,2022-12-14
P5500,Camiseta Oversized Verde 5500,289.64,4.6,Algodão,2023-07-21
P5501,Jaqueta Corta-Vento Verde 5501,117.61,4.2,Nylon,2025-05-06
P5502,Moletom Básico Bege 5502,334.83,4.3,Algodão/Poliéster,2023-09-13
P5503,Vestido Floral Rosa 5503,93.51,3.8,Viscose,2024-12-18
P5504,Blazer Casual Azul 5504,313.85,4.7,Poliéster,2025-09-09
P5505,Camiseta Básica Preta 5505,87.42,3.8,Algodão,2022-05-22
P5506,Regata Esportiva Preta 5506,351.4,4.7,Algodão,2021-09-09
P5507,Camisa Flanela Bege 5507,306.51,4.9,Algodão,2023-08-17
P5508,Camiseta Slim Amarela 5508,129.32,4.2,Algodão,2023-03-04
P5509,Vestido Casual Rosa 5509,75.41,4.2,Viscose,2021-11-06
P5510,Blazer Slim Marrom 5510,182.02,4.4,Poliéster,2025-04-22
P5511,Vestido Midi Marrom 5511,330.87,4.1,Viscose,2024-07-14
P5512,Camisa Social Vermelha 5512,338.53,4.2,Algodão,2024-09-23
P5513,Calça Jogger Azul 5513,215.86,5.0,Sarja,2025-01-07
P5514,Jaqueta Puffer Rosa 5514,310.42,3.4,Poliéster,2023-06-20
P5515,Regata Básica Azul 5515,373.65,4.9,Algodão,2023-11-22
P5516,Vestido Casual Rosa 5516,154.17,4.5,Viscose,2022-04-10
P5517,Bermuda Cargo Branca 5517,263.7,4.1,Sarja,2025-02-22
P5518,Bermuda Cargo Cinza 5518,103.7,3.7,Sarja,2026-05-13
P5519,Calça Jeans Marrom 5519,150.21,4.4,Sarja,2025-12-14
P5520,Jaqueta Bomber Bege 5520,206.96,4.1,Poliéster,2023-04-24
P5521,Moletom Com Capuz Amarela 5521,268.95,4.0,Algodão/Poliéster,2021-04-14
P5522,Vestido Floral Verde 5522,110.21,4.4,Viscose,2025-12-22
P5523,Blazer Slim Rosa 5523,277.29,4.2,Poliéster,2024-04-04
P5524,Camiseta Polo Branca 5524,301.86,4.5,Algodão,2025-05-29
P5525,Bermuda Moletom Vermelha 5525,141.96,5.0,Sarja,2022-09-15
P5526,Vestido Midi Bege 5526,160.08,4.6,Viscose,2025-11-18
P5527,Moletom Estampado Bege 5527,125.01,4.7,Algodão/Poliéster,2025-10-01
P5528,Blazer Casual Preta 5528,157.6,4.5,Poliéster,2021-02-05
P5529,Saia Plissada Cinza 5529,79.45,4.3,Poliéster,2024-03-14
P5530,Conjunto Casual Vermelha 5530,264.23,4.5,Algodão,2023-09-15
P5531,Camisa Social Azul 5531,375.99,4.2,Algodão,2024-09-23
P5532,Regata Básica Azul 5532,68.2,4.4,Algodão,2022-06-21
P5533,Jaqueta Corta-Vento Verde 5533,137.09,4.1,Nylon,2021-07-22
P5534,Vestido Floral Preta 5534,303.1,4.3,Viscose,2022-07-21
P5535,Calça Cargo Bege 5535,247.44,4.3,Sarja,2023-12-24
P5536,Saia Plissada Verde 5536,285.77,4.8,Poliéster,2022-07-13
P5537,Camiseta Oversized Cinza 5537,147.25,4.8,Algodão,2023-08-19
P5538,Moletom Canguru Vermelha 5538,358.18,4.6,Algodão/Poliéster,2023-03-17
P5539,Bermuda Esportiva Preta 5539,80.7,3.8,Sarja,2024-12-07
P5540,Camisa Linho Rosa 5540,49.8,4.7,Algodão,2023-04-30
P5541,Camiseta Básica Bege 5541,96.57,3.8,Algodão,2021-10-26
P5542,Camiseta Estampada Verde 5542,366.34,4.4,Algodão,2024-08-04
P5543,Blusa Básica Vermelha 5543,291.67,4.0,Viscose,2022-03-17
P5544,Blusa Manga Longa Marrom 5544,203.04,4.5,Viscose,2022-09-14
P5545,Saia Midi Azul 5545,54.73,4.5,Poliéster,2025-01-02
P5546,Blusa Básica Bege 5546,263.91,4.0,Viscose,2022-07-19
P5547,Saia Jeans Branca 5547,156.93,4.0,Poliéster,2021-05-08
P5548,Bermuda Cargo Branca 5548,274.06,5.0,Sarja,2023-01-17
P5549,Blusa Básica Amarela 5549,122.73,4.4,Viscose,2023-03-14
P5550,Regata Esportiva Bege 5550,249.96,4.7,Algodão,2024-11-21
P5551,Conjunto Moletom Verde 5551,94.94,4.0,Algodão/Poliéster,2025-01-07
P5552,Blusa Básica Branca 5552,254.88,3.8,Viscose,2021-01-01
P5553,Blusa Básica Vermelha 5553,399.89,4.4,Viscose,2025-04-16
P5554,Calça Cargo Cinza 5554,161.04,4.0,Sarja,2025-03-26
P5555,Bermuda Cargo Cinza 5555,314.54,3.5,Sarja,2021-12-25
P5556,Blazer Slim Bege 5556,174.23,4.7,Poliéster,2022-12-03
P5557,Jaqueta Corta-Vento Preta 5557,353.18,3.1,Nylon,2025-05-06
P5558,Blazer Slim Marrom 5558,361.99,3.7,Poliéster,2024-04-07
P5559,Camisa Social Amarela 5559,358.3,4.5,Algodão,2022-12-04
P5560,Bermuda Moletom Rosa 5560,206.5,4.4,Sarja,2025-04-25
P5561,Blazer Casual Bege 5561,124.92,4.7,Poliéster,2024-07-30
P5562,Bermuda Cargo Branca 5562,274.29,4.2,Sarja,2023-11-23
P5563,Blusa Social Amarela 5563,211.03,4.2,Viscose,2021-01-13
P5564,Blazer Social Vermelha 5564,292.23,4.7,Poliéster,2024-08-31
P5565,Jaqueta Puffer Marrom 5565,230.37,3.7,Poliéster,2022-01-08
P5566,Blusa Básica Azul 5566,50.76,4.3,Viscose,2026-03-19
P5567,Camiseta Básica Amarela 5567,323.41,3.8,Algodão,2022-01-26
P5568,Saia Casual Vermelha 5568,261.56,3.8,Poliéster,2021-03-03
P5569,Conjunto Esportivo Amarela 5569,79.32,4.5,Poliéster,2023-02-18
P5570,Moletom Canguru Azul 5570,118.16,4.6,Algodão/Poliéster,2022-12-25
P5571,Bermuda Jeans Azul 5571,245.4,4.1,Sarja,2022-12-30
P5572,Camisa Manga Curta Vermelha 5572,118.68,4.7,Algodão,2026-04-02
P5573,Vestido Midi Verde 5573,367.13,4.2,Viscose,2022-07-22
P5574,Moletom Com Capuz Vermelha 5574,174.62,4.4,Algodão/Poliéster,2025-09-29
P5575,Bermuda Moletom Azul 5575,332.46,4.6,Sarja,2021-12-03
P5576,Moletom Canguru Amarela 5576,231.24,4.4,Algodão/Poliéster,2024-06-30
P5577,Bermuda Esportiva Bege 5577,287.73,4.7,Sarja,2021-09-28
P5578,Blazer Casual Bege 5578,188.21,4.4,Poliéster,2022-04-20
P5579,Blazer Casual Azul 5579,100.69,3.9,Poliéster,2021-11-03
P5580,Jaqueta Corta-Vento Preta 5580,160.03,4.4,Nylon,2022-11-15
P5581,Moletom Canguru Branca 5581,182.79,5.0,Algodão/Poliéster,2023-08-10
P5582,Regata Esportiva Azul 5582,92.42,4.3,Algodão,2025-11-11
P5583,Jaqueta Bomber Preta 5583,58.51,4.4,Poliéster,2025-04-14
P5584,Blusa Básica Amarela 5584,109.69,4.3,Viscose,2024-12-15
P5585,Moletom Básico Verde 5585,242.73,4.3,Algodão/Poliéster,2023-10-09
P5586,Conjunto Esportivo Branca 5586,144.71,4.6,Poliéster,2022-08-15
P5587,Conjunto Esportivo Verde 5587,351.51,4.2,Poliéster,2022-09-06
P5588,Blazer Slim Bege 5588,47.66,4.1,Poliéster,2021-10-01
P5589,Regata Básica Branca 5589,142.49,4.9,Algodão,2024-10-07
P5590,Saia Plissada Branca 5590,264.0,3.7,Poliéster,2025-06-04
P5591,Jaqueta Puffer Cinza 5591,346.85,4.5,Poliéster,2024-02-08
P5592,Conjunto Moletom Branca 5592,74.68,3.8,Algodão/Poliéster,2024-04-07
P5593,Camisa Manga Curta Bege 5593,160.15,4.0,Algodão,2023-02-10
P5594,Saia Casual Verde 5594,206.97,4.7,Poliéster,2026-06-17
P5595,Camisa Social Vermelha 5595,238.37,5.0,Algodão,2026-01-11
P5596,Moletom Canguru Amarela 5596,51.43,4.3,Algodão/Poliéster,2023-04-22
P5597,Saia Casual Preta 5597,163.99,4.7,Poliéster,2025-04-12
P5598,Vestido Midi Marrom 5598,58.57,3.9,Viscose,2022-12-24
P5599,Calça Social Vermelha 5599,143.95,5.0,Sarja,2021-09-14
P5600,Camiseta Oversized Vermelha 5600,372.78,4.6,Algodão,2022-08-25
P5601,Blazer Social Verde 5601,373.72,4.3,Poliéster,2025-09-23
P5602,Moletom Com Capuz Rosa 5602,342.05,4.3,Algodão/Poliéster,2023-09-25
P5603,Bermuda Esportiva Preta 5603,371.41,4.0,Sarja,2025-11-26
P5604,Conjunto Casual Preta 5604,71.51,4.4,Algodão,2022-10-30
P5605,Camisa Flanela Cinza 5605,116.46,4.9,Algodão,2023-08-10
P5606,Conjunto Casual Cinza 5606,99.94,4.5,Algodão,2021-06-01
P5607,Calça Social Amarela 5607,279.06,4.0,Sarja,2025-06-04
P5608,Vestido Longo Amarela 5608,361.09,4.6,Viscose,2022-10-08
P5609,Jaqueta Corta-Vento Azul 5609,277.89,4.3,Nylon,2021-07-08
P5610,Conjunto Moletom Verde 5610,152.04,3.6,Algodão/Poliéster,2022-03-29
P5611,Regata Básica Cinza 5611,141.8,4.4,Algodão,2024-10-08
P5612,Camisa Manga Curta Cinza 5612,284.35,3.7,Algodão,2025-08-15
P5613,Regata Esportiva Preta 5613,143.26,4.7,Algodão,2026-05-30
P5614,Saia Plissada Verde 5614,318.12,4.8,Poliéster,2022-05-03
P5615,Regata Básica Vermelha 5615,80.81,4.3,Algodão,2024-05-06
P5616,Blusa Canelada Vermelha 5616,390.6,3.5,Viscose,2023-08-08
P5617,Blusa Social Verde 5617,181.97,4.3,Viscose,2025-01-20
P5618,Saia Jeans Branca 5618,177.35,3.9,Poliéster,2024-10-23
P5619,Camiseta Polo Rosa 5619,55.75,4.3,Algodão,2021-05-26
P5620,Blazer Slim Marrom 5620,165.68,4.7,Poliéster,2021-11-05
P5621,Blusa Manga Longa Preta 5621,336.1,4.6,Viscose,2024-05-05
P5622,Bermuda Esportiva Rosa 5622,399.89,4.6,Sarja,2024-01-05
P5623,Bermuda Esportiva Marrom 5623,238.9,4.3,Sarja,2026-01-07
P5624,Vestido Midi Preta 5624,85.03,4.2,Viscose,2025-10-19
P5625,Moletom Com Capuz Preta 5625,243.8,4.5,Algodão/Poliéster,2021-05-01
P5626,Conjunto Moletom Rosa 5626,323.03,4.5,Algodão/Poliéster,2024-04-23
P5627,Saia Midi Verde 5627,248.86,4.3,Poliéster,2023-04-22
P5628,Calça Cargo Branca 5628,319.81,4.0,Sarja,2023-09-26
P5629,Camisa Manga Curta Rosa 5629,164.81,4.4,Algodão,2021-05-15
P5630,Saia Casual Cinza 5630,195.02,4.1,Poliéster,2025-10-02
P5631,Vestido Floral Rosa 5631,240.27,3.3,Viscose,2021-12-08
P5632,Vestido Midi Amarela 5632,85.69,4.3,Viscose,2026-05-14
P5633,Saia Midi Azul 5633,48.41,4.4,Poliéster,2026-04-11
P5634,Camiseta Estampada Bege 5634,298.65,4.1,Algodão,2025-08-26
P5635,Camiseta Slim Preta 5635,385.62,4.1,Algodão,2021-09-01
P5636,Jaqueta Puffer Preta 5636,98.11,4.5,Poliéster,2023-04-25
P5637,Blazer Slim Cinza 5637,342.07,4.6,Poliéster,2021-02-19
P5638,Camisa Social Branca 5638,63.19,4.6,Algodão,2024-06-19
P5639,Jaqueta Jeans Preta 5639,159.0,5.0,Denim,2025-11-24
P5640,Blusa Canelada Branca 5640,211.24,4.9,Viscose,2023-12-26
P5641,Saia Midi Branca 5641,282.36,4.8,Poliéster,2021-02-17
P5642,Saia Casual Rosa 5642,79.09,4.6,Poliéster,2022-09-20
P5643,Blusa Básica Branca 5643,399.89,4.0,Viscose,2021-12-19
P5644,Moletom Básico Rosa 5644,200.54,4.1,Algodão/Poliéster,2023-06-20
P5645,Calça Jogger Marrom 5645,128.88,4.2,Sarja,2023-02-09
P5646,Camisa Linho Bege 5646,378.58,4.1,Algodão,2025-09-12
P5647,Jaqueta Puffer Cinza 5647,296.92,5.0,Poliéster,2022-04-03
P5648,Regata Básica Preta 5648,86.83,3.4,Algodão,2022-09-14
P5649,Blusa Básica Verde 5649,383.31,3.8,Viscose,2022-05-07
P5650,Blusa Social Vermelha 5650,75.53,4.1,Viscose,2026-01-15
P5651,Conjunto Casual Vermelha 5651,253.42,4.4,Algodão,2022-09-02
P5652,Conjunto Moletom Azul 5652,355.56,4.8,Algodão/Poliéster,2026-08-14
P5653,Moletom Com Capuz Marrom 5653,58.49,4.4,Algodão/Poliéster,2024-10-10
P5654,Calça Jogger Amarela 5654,161.15,4.0,Sarja,2022-09-27
P5655,Blusa Manga Longa Cinza 5655,331.38,3.6,Viscose,2024-05-14
P5656,Regata Esportiva Rosa 5656,166.21,3.5,Algodão,2021-09-11
P5657,Saia Jeans Rosa 5657,354.97,3.8,Poliéster,2026-02-13
P5658,Jaqueta Bomber Bege 5658,190.24,3.9,Poliéster,2026-06-04
P5659,Regata Canelada Verde 5659,132.84,3.7,Algodão,2022-08-31
P5660,Camiseta Slim Amarela 5660,151.57,3.5,Algodão,2021-12-20
P5661,Saia Midi Amarela 5661,259.55,3.8,Poliéster,2023-06-06
P5662,Regata Esportiva Cinza 5662,236.3,4.2,Algodão,2025-05-16
P5663,Blusa Social Azul 5663,67.35,5.0,Viscose,2024-07-20
P5664,Blazer Slim Bege 5664,111.49,4.3,Poliéster,2021-03-22
P5665,Bermuda Cargo Vermelha 5665,98.9,4.0,Sarja,2021-01-18
P5666,Vestido Midi Bege 5666,209.58,4.5,Viscose,2022-05-03
P5667,Vestido Floral Bege 5667,257.27,3.0,Viscose,2025-04-10
P5668,Calça Cargo Preta 5668,271.75,4.5,Sarja,2022-06-23
P5669,Saia Casual Azul 5669,349.48,3.5,Poliéster,2026-01-25
P5670,Conjunto Esportivo Branca 5670,165.95,4.9,Poliéster,2022-09-07
P5671,Blazer Casual Azul 5671,371.91,3.8,Poliéster,2026-01-21
P5672,Regata Esportiva Azul 5672,259.73,3.6,Algodão,2026-03-18
P5673,Blusa Social Branca 5673,43.72,4.9,Viscose,2025-02-14
P5674,Camiseta Estampada 5674,85.16,4.4,Algodão,2021-12-29
P5675,Blazer Social Preta 5675,273.08,5.0,Poliéster,2021-05-29
P5676,Moletom Básico Bege 5676,340.01,4.1,Algodão/Poliéster,2021-12-26
P5677,Bermuda Moletom Vermelha 5677,201.31,4.1,Sarja,2024-08-02
P5678,Blusa Básica Rosa 5678,102.81,3.9,Viscose,2024-12-02
P5679,Blusa Manga Longa Preta 5679,274.44,3.7,Viscose,2026-08-01
P5680,Blusa Canelada Rosa 5680,341.47,4.1,Viscose,2026-05-25
P5681,Conjunto Moletom Rosa 5681,341.74,3.7,Algodão/Poliéster,2022-09-29
P5682,Moletom Estampado Branca 5682,106.23,4.8,Algodão/Poliéster,2023-03-17
P5683,Calça Cargo Marrom 5683,118.61,4.1,Sarja,2025-05-17
P5684,Regata Básica Vermelha 5684,170.9,4.2,Algodão,2025-05-19
P5685,Blusa Manga Longa Vermelha 5685,52.09,3.7,Viscose,2022-10-12
P5686,Calça Jeans Bege 5686,140.11,4.0,Sarja,2021-03-06
P5687,Conjunto Moletom Cinza 5687,212.92,4.0,Algodão/Poliéster,2021-07-19
P5688,Conjunto Moletom Branca 5688,179.69,4.9,Algodão/Poliéster,2025-09-01
P5689,Vestido Casual Amarela 5689,201.94,4.9,Viscose,2022-12-23
P5690,Moletom Básico Vermelha 5690,275.59,4.4,Algodão/Poliéster,2025-02-05
P5691,Blazer Casual Azul 5691,101.18,4.3,Poliéster,2025-07-16
P5692,Vestido Longo Preta 5692,321.19,3.7,Viscose,2026-01-30
P5693,Jaqueta Puffer Amarela 5693,393.07,3.3,Poliéster,2023-10-16
P5694,Camiseta Polo Bege 5694,296.74,4.0,Algodão,2024-08-11
P5695,Regata Esportiva Azul 5695,337.71,4.5,Algodão,2022-02-09
P5696,Blusa Canelada Verde 5696,153.55,3.7,Viscose,2026-05-02
P5697,Bermuda Esportiva Cinza 5697,71.38,4.5,Sarja,2026-01-02
P5698,Moletom Com Capuz Rosa 5698,317.16,4.0,Algodão/Poliéster,2023-03-18
P5699,Moletom Canguru Amarela 5699,51.03,4.1,Algodão/Poliéster,2023-01-30
P5700,Camiseta Polo Verde 5700,141.72,4.8,Algodão,2025-02-24
P5701,Conjunto Moletom Branca 5701,309.6,3.9,Algodão/Poliéster,2023-05-07
P5702,Conjunto Casual Verde 5702,219.79,5.0,Algodão,2025-02-10
P5703,Camiseta Básica Bege 5703,359.91,4.3,Algodão,2021-07-06
P5704,Jaqueta Bomber Vermelha 5704,67.16,3.5,Poliéster,2022-07-10
P5705,Saia Casual Vermelha 5705,186.63,4.9,Poliéster,2025-06-03
P5706,Saia Midi Vermelha 5706,133.76,5.0,Poliéster,2026-03-20
P5707,Vestido Midi Verde 5707,92.44,3.8,Viscose,2021-02-23
P5708,Saia Midi Amarela 5708,66.6,4.4,Poliéster,2025-06-01
P5709,Regata Básica Marrom 5709,256.37,4.4,Algodão,2021-05-24
P5710,Camisa Social Preta 5710,287.33,4.9,Algodão,2025-11-28
P5711,Moletom Com Capuz Marrom 5711,154.54,5.0,Algodão/Poliéster,2022-06-09
P5712,Blusa Básica Verde 5712,399.89,3.8,Viscose,2023-01-21
P5713,Moletom Básico Amarela 5713,240.97,3.8,Algodão/Poliéster,2025-01-23
P5714,Moletom Básico Amarela 5714,349.81,4.4,Algodão/Poliéster,2025-10-07
P5715,Blusa Canelada Cinza 5715,269.28,4.3,Viscose,2023-05-08
P5716,Camisa Manga Curta Verde 5716,270.42,3.8,Algodão,2022-10-14
P5717,Blazer Slim Marrom 5717,180.95,4.3,Poliéster,2026-07-21
P5718,Camiseta Oversized Preta 5718,118.27,3.9,Algodão,2026-06-19
P5719,Blusa Manga Longa Bege 5719,174.92,3.7,Viscose,2023-12-21
P5720,Blazer Slim Vermelha 5720,66.21,3.7,Poliéster,2021-02-19
P5721,Bermuda Esportiva Marrom 5721,292.87,4.9,Sarja,2026-06-28
P5722,Calça Sarja Vermelha 5722,380.76,3.8,Sarja,2024-07-05
P5723,Vestido Midi Bege 5723,157.69,5.0,Viscose,2024-02-18
P5724,Jaqueta Bomber Verde 5724,153.6,4.3,Poliéster,2021-08-21
P5725,Camisa Flanela Amarela 5725,151.32,4.0,Algodão,2026-08-18
P5726,Saia Midi Bege 5726,116.07,5.0,Poliéster,2025-01-27
P5727,Moletom Básico Marrom 5727,142.88,4.2,Algodão/Poliéster,2022-03-27
P5728,Bermuda Cargo Vermelha 5728,318.6,3.8,Sarja,2023-01-23
P5729,Conjunto Esportivo Vermelha 5729,53.93,3.5,Poliéster,2022-12-13
P5730,Jaqueta Puffer Bege 5730,170.77,4.5,Poliéster,2025-12-07
P5731,Camiseta Oversized Azul 5731,348.71,5.0,Algodão,2023-09-12
P5732,Saia Midi Azul 5732,65.12,4.4,Poliéster,2025-12-11
P5733,Blazer Casual Azul 5733,101.48,4.2,Poliéster,2024-11-24
P5734,Blazer Casual Rosa 5734,160.24,3.8,Poliéster,2023-02-01
P5735,Bermuda Cargo Verde 5735,174.48,3.9,Sarja,2023-04-20
P5736,Saia Midi Preta 5736,54.79,5.0,Poliéster,2025-08-03
P5737,Camiseta Slim Verde 5737,373.73,4.8,Algodão,2023-10-31
P5738,Camisa Linho Bege 5738,392.64,4.3,Algodão,2024-11-10
P5739,Jaqueta Corta-Vento Azul 5739,159.77,4.0,Nylon,2021-09-12
P5740,Moletom Com Capuz Preta 5740,298.56,4.4,Algodão/Poliéster,2023-06-02
P5741,Moletom Com Capuz Rosa 5741,206.01,4.5,Algodão/Poliéster,2024-04-08
P5742,Jaqueta Bomber Cinza 5742,40.18,4.4,Poliéster,2022-12-12
P5743,Blusa Básica Vermelha 5743,308.53,4.4,Viscose,2025-10-21
P5744,Conjunto Moletom Verde 5744,88.78,3.7,Algodão/Poliéster,2022-03-12
P5745,Blusa Canelada Rosa 5745,255.1,4.7,Viscose,2025-10-24
P5746,Bermuda Esportiva Azul 5746,99.35,4.1,Sarja,2021-05-11
P5747,Camiseta Polo Amarela 5747,159.42,3.8,Algodão,2023-06-03
P5748,Blazer Social Bege 5748,156.55,4.4,Poliéster,2023-12-07
P5749,Regata Esportiva Preta 5749,93.5,3.8,Algodão,2022-06-09
P5750,Conjunto Casual Cinza 5750,248.39,4.3,Algodão,2024-01-23
P5751,Regata Esportiva Verde 5751,154.42,5.0,Algodão,2026-02-08
P5752,Vestido Casual Rosa 5752,336.39,4.6,Viscose,2023-07-08
P5753,Camiseta Slim Preta 5753,374.88,4.1,Algodão,2024-01-21
P5754,Vestido Longo Vermelha 5754,141.81,4.3,Viscose,2026-05-21
P5755,Jaqueta Corta-Vento Verde 5755,195.71,4.5,Nylon,2026-03-27
P5756,Conjunto Casual Bege 5756,318.4,5.0,Algodão,2021-01-29
P5757,Camiseta Básica Preta 5757,363.58,4.3,Algodão,2025-02-11
P5758,Jaqueta Bomber Marrom 5758,161.64,4.2,Poliéster,2025-10-26
P5759,Calça Cargo Marrom 5759,288.58,4.8,Sarja,2026-05-04
P5760,Jaqueta Jeans Bege 5760,306.75,4.0,Denim,2025-07-15
P5761,Camisa Manga Curta Vermelha 5761,112.77,4.5,Algodão,2021-06-21
P5762,Calça Jeans Verde 5762,72.33,5.0,Sarja,2025-04-19
P5763,Saia Casual Branca 5763,188.13,4.1,Poliéster,2025-10-14
P5764,Camiseta Básica Preta 5764,399.89,4.2,Algodão,2023-12-23
P5765,Camiseta Slim Azul 5765,397.45,4.3,Algodão,2021-02-13
P5766,Blazer Casual Verde 5766,336.63,4.1,Poliéster,2022-01-29
P5767,Vestido Midi Rosa 5767,275.3,4.4,Viscose,2022-07-24
P5768,Bermuda Cargo Verde 5768,292.45,4.2,Sarja,2025-11-21
P5769,Blazer Slim Preta 5769,185.45,4.5,Poliéster,2021-09-18
P5770,Calça Jogger Bege 5770,55.33,3.7,Sarja,2025-03-21
P5771,Calça Jeans Marrom 5771,44.47,4.0,Sarja,2022-01-06
P5772,Bermuda Esportiva Marrom 5772,231.49,4.1,Sarja,2025-09-20
P5773,Bermuda Esportiva Preta 5773,77.92,3.9,Sarja,2021-01-24
P5774,Jaqueta Corta-Vento Bege 5774,391.02,3.6,Nylon,2022-05-03
P5775,Camiseta Polo Marrom 5775,196.65,3.8,Algodão,2021-07-30
P5776,Conjunto Moletom Verde 5776,331.44,4.6,Algodão/Poliéster,2024-02-22
P5777,Camiseta Polo Rosa 5777,295.43,4.0,Algodão,2025-06-04
P5778,Vestido Midi Vermelha 5778,275.29,4.1,Viscose,2023-05-11
P5779,Blazer Social Bege 5779,165.59,4.4,Poliéster,2024-01-09
P5780,Bermuda Cargo Rosa 5780,208.79,4.7,Sarja,2024-08-16
P5781,Vestido Floral Amarela 5781,58.94,3.9,Viscose,2023-07-31
P5782,Vestido Floral Verde 5782,243.36,4.4,Viscose,2025-04-07
P5783,Moletom Com Capuz Marrom 5783,78.81,4.3,Algodão/Poliéster,2022-08-11
P5784,Camisa Social Cinza 5784,339.18,4.4,Algodão,2021-12-26
P5785,Camisa Manga Curta Bege 5785,138.32,3.8,Algodão,2022-01-23
P5786,Camisa Social Verde 5786,226.74,5.0,Algodão,2021-12-27
P5787,Jaqueta Jeans Rosa 5787,46.75,3.8,Denim,2021-03-20
P5788,Blusa Manga Longa Branca 5788,381.44,3.4,Viscose,2021-04-01
P5789,Camiseta Slim Verde 5789,63.61,4.5,Algodão,2021-04-20
P5790,Saia Casual Preta 5790,145.41,4.1,Poliéster,2021-11-22
P5791,Moletom Com Capuz Verde 5791,84.24,4.5,Algodão/Poliéster,2024-08-05
P5792,Conjunto Moletom Preta 5792,393.44,4.2,Algodão/Poliéster,2022-05-12
P5793,Calça Jeans Cinza 5793,44.4,4.8,Sarja,2024-04-24
P5794,Blusa Básica Preta 5794,374.85,3.0,Viscose,2021-05-31
P5795,Moletom Canguru Preta 5795,61.18,3.8,Algodão/Poliéster,2025-07-15
P5796,Blusa Manga Longa Bege 5796,96.99,4.4,Viscose,2023-01-06
P5797,Camiseta Básica Cinza 5797,218.71,4.2,Algodão,2023-07-02
P5798,Camisa Linho Bege 5798,120.29,4.8,Algodão,2024-10-28
P5799,Calça Sarja Rosa 5799,83.65,4.2,Sarja,2026-08-26
P5800,Blusa Canelada Vermelha 5800,185.92,4.3,Viscose,2025-06-29
P5801,Camisa Social Amarela 5801,212.91,3.8,Algodão,2023-04-11
P5802,Regata Esportiva Verde 5802,144.3,4.8,Algodão,2022-12-17
P5803,Jaqueta Corta-Vento Amarela 5803,201.01,4.1,Nylon,2022-12-02
P5804,Camisa Linho Azul 5804,262.53,4.1,Algodão,2021-06-23
P5805,Camiseta Polo Amarela 5805,229.12,4.7,Algodão,2022-11-30
P5806,Moletom Estampado Cinza 5806,106.32,4.9,Algodão/Poliéster,2025-04-21
P5807,Conjunto Casual Bege 5807,337.22,4.1,Algodão,2022-07-26
P5808,Bermuda Esportiva Preta 5808,319.62,4.1,Sarja,2023-03-21
P5809,Conjunto Esportivo Bege 5809,318.22,4.9,Poliéster,2021-05-24
P5810,Jaqueta Puffer Amarela 5810,266.55,4.3,Poliéster,2022-06-05
P5811,Conjunto Casual Verde 5811,325.83,4.1,Algodão,2021-05-23
P5812,Camisa Social Vermelha 5812,215.01,4.4,Algodão,2023-09-01
P5813,Conjunto Moletom Verde 5813,139.82,3.8,Algodão/Poliéster,2022-09-07
P5814,Calça Sarja Amarela 5814,231.74,4.4,Sarja,2026-06-30
P5815,Camiseta Estampada Marrom 5815,344.82,3.9,Algodão,2024-05-05
P5816,Conjunto Moletom Azul 5816,296.03,5.0,Algodão/Poliéster,2023-02-10
P5817,Camiseta Estampada Bege 5817,106.19,2.9,Algodão,2024-01-18
P5818,Vestido Casual Amarela 5818,216.21,3.9,Viscose,2026-06-09
P5819,Vestido Longo Preta 5819,297.06,3.5,Viscose,2022-01-09
P5820,Saia Plissada Bege 5820,321.24,4.1,Poliéster,2022-06-08
P5821,Regata Básica Vermelha 5821,115.19,4.7,Algodão,2024-02-03
P5822,Jaqueta Puffer Amarela 5822,171.12,4.4,Poliéster,2021-08-07
P5823,Saia Jeans Vermelha 5823,94.91,4.6,Poliéster,2023-12-12
P5824,Jaqueta Puffer Marrom 5824,247.67,4.8,Poliéster,2021-11-22
P5825,Moletom Básico Marrom 5825,186.79,4.6,Algodão/Poliéster,2025-11-23
P5826,Conjunto Esportivo Rosa 5826,341.42,3.8,Poliéster,2025-05-20
P5827,Regata Canelada Amarela 5827,271.45,4.6,Algodão,2021-04-11
P5828,Vestido Midi Vermelha 5828,139.22,3.7,Viscose,2024-01-18
P5829,Calça Sarja Bege 5829,399.89,3.9,Sarja,2022-03-11
P5830,Moletom Canguru Rosa 5830,110.78,5.0,Algodão/Poliéster,2024-04-18
P5831,Vestido Midi Marrom 5831,100.38,4.0,Viscose,2024-02-02
P5832,Camiseta Slim Cinza 5832,153.79,4.9,Algodão,2026-06-26
P5833,Jaqueta Puffer Cinza 5833,144.64,4.0,Poliéster,2022-01-03
P5834,Conjunto Moletom Branca 5834,82.02,4.0,Algodão/Poliéster,2023-11-11
P5835,Vestido Longo Verde 5835,319.62,4.6,Viscose,2026-06-21
P5836,Conjunto Casual Cinza 5836,375.57,3.8,Algodão,2021-08-31
P5837,Moletom Estampado Verde 5837,166.73,4.4,Algodão/Poliéster,2022-06-10
P5838,Jaqueta Bomber Preta 5838,331.92,4.5,Poliéster,2025-01-26
P5839,Bermuda Cargo Bege 5839,46.64,5.0,Sarja,2021-08-12
P5840,Blusa Canelada Cinza 5840,345.94,4.5,Viscose,2022-03-07
P5841,Jaqueta Jeans Verde 5841,319.74,3.6,Denim,2026-06-04
P5842,Blazer Casual Bege 5842,92.04,4.1,Poliéster,2024-04-18
P5843,Regata Básica Cinza 5843,130.99,4.7,Algodão,2021-04-27
P5844,Moletom Estampado Cinza 5844,95.54,4.8,Algodão/Poliéster,2025-11-03
P5845,Camiseta Oversized Rosa 5845,139.28,3.9,Algodão,2023-12-20
P5846,Blusa Social Marrom 5846,390.07,3.7,Viscose,2023-09-15
P5847,Vestido Casual Azul 5847,120.48,4.6,Viscose,2026-08-16
P5848,Moletom Com Capuz Marrom 5848,154.23,5.0,Algodão/Poliéster,2022-10-13
P5849,Regata Esportiva Rosa 5849,124.77,4.7,Algodão,2023-02-23
P5850,Regata Esportiva Marrom 5850,353.6,4.0,Algodão,2024-04-05
P5851,Camisa Linho Verde 5851,258.3,5.0,Algodão,2022-05-15
P5852,Calça Social Rosa 5852,148.14,4.5,Sarja,2021-09-20
P5853,Moletom Com Capuz Marrom 5853,78.19,4.5,Algodão/Poliéster,2021-10-13
P5854,Saia Casual Preta 5854,371.17,4.7,Poliéster,2022-09-29
P5855,Conjunto Esportivo Branca 5855,215.65,5.0,Poliéster,2021-06-14
P5856,Vestido Midi Azul 5856,245.99,4.6,Viscose,2023-11-10
P5857,Camisa Manga Curta Marrom 5857,112.66,4.5,Algodão,2026-08-18
P5858,Blusa Básica Verde 5858,245.3,4.0,Viscose,2022-06-10
P5859,Saia Plissada Rosa 5859,397.1,4.4,Poliéster,2021-03-26
P5860,Blusa Básica Amarela 5860,313.99,4.6,Viscose,2021-03-23
P5861,Camiseta Básica Cinza 5861,68.19,3.8,Algodão,2021-12-11
P5862,Moletom Estampado Azul 5862,152.62,4.4,Algodão/Poliéster,2024-04-25
P5863,Blusa Social Bege 5863,303.88,4.8,Viscose,2023-09-01
P5864,Moletom Com Capuz Rosa 5864,347.94,4.0,Algodão/Poliéster,2023-04-11
P5865,Camiseta Slim Azul 5865,235.21,4.5,Algodão,2025-04-11
P5866,Camiseta Estampada Azul 5866,126.93,3.7,Algodão,2023-03-20
P5867,Blusa Básica Branca 5867,254.17,3.9,Viscose,2024-06-28
P5868,Saia Plissada Branca 5868,75.99,3.8,Poliéster,2026-08-25
P5869,Bermuda Moletom Branca 5869,365.02,4.5,Sarja,2021-12-17
P5870,Conjunto Casual Marrom 5870,358.87,4.6,Algodão,2021-08-20
P5871,Calça Social Rosa 5871,170.59,4.3,Sarja,2022-03-27
P5872,Conjunto Casual Bege 5872,363.82,4.1,Algodão,2021-11-15
P5873,Blusa Básica Verde 5873,75.67,4.7,Viscose,2025-09-12
P5874,Camisa Manga Curta Azul 5874,338.0,4.4,Algodão,2025-12-18
P5875,Blusa Canelada Branca 5875,167.02,4.4,Viscose,2024-03-04
P5876,Bermuda Jeans Verde 5876,141.19,3.8,Sarja,2021-09-27
P5877,Camiseta Estampada Preta 5877,218.03,4.1,Algodão,2025-10-28
P5878,Vestido Floral Marrom 5878,58.94,4.5,Viscose,2026-03-14
P5879,Saia Midi Branca 5879,241.77,4.0,Poliéster,2023-04-24
P5880,Camisa Linho Bege 5880,188.15,4.5,Algodão,2024-10-22
P5881,Blusa Básica Verde 5881,72.54,4.4,Viscose,2024-06-12
P5882,Moletom Básico Amarela 5882,347.61,4.7,Algodão/Poliéster,2023-12-29
P5883,Bermuda Jeans Azul 5883,223.22,4.8,Sarja,2023-01-01
P5884,Blazer Casual Bege 5884,46.61,4.1,Poliéster,2022-07-31
P5885,Conjunto Casual Preta 5885,242.23,3.3,Algodão,2022-07-25
P5886,Camisa Linho Vermelha 5886,240.42,3.6,Algodão,2023-01-14
P5887,Moletom Canguru Marrom 5887,393.41,4.5,Algodão/Poliéster,2025-04-22
P5888,Jaqueta Jeans Rosa 5888,40.52,3.9,Denim,2025-09-05
P5889,Blusa Manga Longa Azul 5889,141.67,3.5,Viscose,2021-08-23
P5890,Saia Plissada Cinza 5890,108.08,3.6,Poliéster,2021-04-29
P5891,Jaqueta Corta-Vento Amarela 5891,87.09,5.0,Nylon,2023-09-17
P5892,Jaqueta Bomber Amarela 5892,198.36,3.7,Poliéster,2025-05-10
P5893,Bermuda Cargo Rosa 5893,358.6,4.2,Sarja,2024-03-06
P5894,Camisa Social Bege 5894,260.87,4.1,Algodão,2025-09-09
P5895,Saia Jeans Verde 5895,167.51,4.6,Poliéster,2025-01-16
P5896,Blusa Básica Branca 5896,359.44,4.3,Viscose,2024-12-31
P5897,Jaqueta Jeans Verde 5897,337.34,4.0,Denim,2024-01-20
P5898,Regata Esportiva Bege 5898,159.15,3.6,Algodão,2021-04-23
P5899,Calça Jogger Vermelha 5899,272.64,4.6,Sarja,2022-01-07
P5900,Camisa Flanela Cinza 5900,117.19,4.8,Algodão,2025-03-17
P5901,Calça Cargo Verde 5901,344.23,3.3,Sarja,2022-10-01
P5902,Calça Jeans Azul 5902,289.34,4.9,Sarja,2025-02-05
P5903,Blusa Social Preta 5903,381.48,4.7,Viscose,2022-12-03
P5904,Jaqueta Jeans Azul 5904,180.75,4.1,Denim,2021-01-28
P5905,Blazer Slim Azul 5905,58.41,3.7,Poliéster,2024-10-31
P5906,Moletom Básico Marrom 5906,310.66,3.4,Algodão/Poliéster,2026-01-21
P5907,Saia Plissada Rosa 5907,227.92,4.8,Poliéster,2023-07-12
P5908,Camiseta Slim Marrom 5908,164.63,3.7,Algodão,2021-10-01
P5909,Moletom Estampado Verde 5909,210.71,4.0,Algodão/Poliéster,2023-05-08
P5910,Jaqueta Bomber Vermelha 5910,64.11,3.3,Poliéster,2026-06-11
P5911,Camiseta Estampada Branca 5911,101.06,4.5,Algodão,2022-10-21
P5912,Moletom Básico Azul 5912,385.49,4.3,Algodão/Poliéster,2021-05-27
P5913,Moletom Estampado Marrom 5913,194.2,3.4,Algodão/Poliéster,2025-05-08
P5914,Camiseta Estampada Verde 5914,267.44,4.6,Algodão,2022-05-08
P5915,Camiseta Oversized Branca 5915,219.55,4.9,Algodão,2021-03-19
P5916,Camisa Linho Marrom 5916,131.11,4.6,Algodão,2024-11-29
P5917,Conjunto Esportivo Amarela 5917,278.58,4.7,Poliéster,2022-12-01
P5918,Camisa Social Preta 5918,271.35,5.0,Algodão,2021-10-11
P5919,Vestido Longo Amarela 5919,373.16,4.5,Viscose,2021-04-22
P5920,Conjunto Moletom Vermelha 5920,303.62,4.5,Algodão/Poliéster,2022-01-18
P5921,Blusa Manga Longa Verde 5921,326.93,2.9,Viscose,2021-11-06
P5922,Blusa Canelada Verde 5922,77.31,4.2,Viscose,2021-01-24
P5923,Camisa Manga Curta Rosa 5923,239.87,4.5,Algodão,2023-02-06
P5924,Camiseta Oversized Bege 5924,144.52,3.8,Algodão,2025-09-06
P5925,Regata Esportiva Bege 5925,265.58,4.6,Algodão,2023-03-30
P5926,Jaqueta Bomber Verde 5926,122.0,4.6,Poliéster,2021-03-19
P5927,Blusa Social Rosa 5927,242.54,3.9,Viscose,2025-12-30
P5928,Saia Casual Vermelha 5928,229.61,4.0,Poliéster,2024-08-01
P5929,Saia Casual Marrom 5929,147.37,3.9,Poliéster,2026-06-19
P5930,Conjunto Esportivo Azul 5930,359.13,4.1,Poliéster,2024-04-19
P5931,Conjunto Casual Cinza 5931,49.68,4.3,Algodão,2023-09-15
P5932,Blusa Básica Marrom 5932,209.49,5.0,Viscose,2023-11-24
P5933,Calça Cargo Azul 5933,282.9,4.0,Sarja,2021-01-14
P5934,Camiseta Slim Amarela 5934,120.42,5.0,Algodão,2023-02-16
P5935,Bermuda Jeans Rosa 5935,335.68,4.3,Sarja,2023-07-04
P5936,Moletom Estampado Cinza 5936,105.91,4.8,Algodão/Poliéster,2022-09-12
P5937,Camiseta Estampada Azul 5937,93.67,4.4,Algodão,2025-09-28
P5938,Camisa Linho Verde 5938,101.94,4.3,Algodão,2026-06-03
P5939,Moletom Canguru Bege 5939,285.4,3.7,Algodão/Poliéster,2023-09-17
P5940,Jaqueta Puffer Bege 5940,393.87,4.0,Poliéster,2025-06-13
P5941,Saia Casual Vermelha 5941,102.04,4.3,Poliéster,2022-04-07
P5942,Bermuda Cargo Azul 5942,367.54,4.2,Sarja,2026-03-25
P5943,Saia Casual Rosa 5943,79.94,4.8,Poliéster,2024-12-26
P5944,Bermuda Moletom Azul 5944,200.53,3.8,Sarja,2025-02-27
P5945,Blazer Slim Rosa 5945,381.55,3.4,Poliéster,2024-05-15
P5946,Blusa Canelada Rosa 5946,323.0,4.0,Viscose,2025-09-12
P5947,Saia Midi Bege 5947,143.78,4.6,Poliéster,2024-01-11
P5948,Moletom Canguru Bege 5948,146.44,4.8,Algodão/Poliéster,2026-06-18
P5949,Camiseta Estampada Azul 5949,81.58,3.4,Algodão,2024-10-02
P5950,Vestido Casual Rosa 5950,343.33,4.3,Viscose,2023-07-28
P5951,Camisa Flanela Amarela 5951,363.18,3.5,Algodão,2022-03-08
P5952,Camiseta Básica Amarela 5952,76.77,4.4,Algodão,2026-02-20
P5953,Saia Casual Vermelha 5953,181.07,3.9,Poliéster,2021-04-27
P5954,Vestido Floral Rosa 5954,245.1,3.7,Viscose,2021-03-31
P5955,Regata Canelada Bege 5955,324.82,4.4,Algodão,2021-03-05
P5956,Regata Esportiva Cinza 5956,277.49,3.8,Algodão,2021-08-12
P5957,Blazer Slim Amarela 5957,275.35,3.4,Poliéster,2022-05-27
P5958,Conjunto Moletom Vermelha 5958,241.48,4.1,Algodão/Poliéster,2023-10-12
P5959,Camiseta Oversized Verde 5959,262.68,4.4,Algodão,2022-07-27
P5960,Calça Cargo Marrom 5960,120.13,4.4,Sarja,2023-07-29
P5961,Camiseta Slim Rosa 5961,390.27,4.0,Algodão,2023-07-16
P5962,Saia Midi Azul 5962,63.78,4.5,Poliéster,2023-06-26
P5963,Blazer Casual Branca 5963,312.57,3.6,Poliéster,2021-05-04
P5964,Blazer Social Rosa 5964,256.28,4.5,Poliéster,2024-01-17
P5965,Moletom Estampado Rosa 5965,125.83,4.2,Algodão/Poliéster,2022-09-12
P5966,Vestido Midi Vermelha 5966,337.43,4.7,Viscose,2024-01-19
P5967,Regata Básica Verde 5967,212.53,4.2,Algodão,2021-05-06
P5968,Blusa Canelada Rosa 5968,268.19,4.5,Viscose,2025-12-07
P5969,Calça Sarja Cinza 5969,190.04,3.8,Sarja,2025-02-03
P5970,Jaqueta Jeans Verde 5970,48.9,4.6,Denim,2022-12-17
P5971,Blusa Social Marrom 5971,368.22,3.7,Viscose,2023-01-15
P5972,Blusa Manga Longa Cinza 5972,165.67,3.9,Viscose,2022-10-17
P5973,Bermuda Moletom Rosa 5973,340.09,4.2,Sarja,2026-08-13
P5974,Blusa Básica Cinza 5974,350.18,4.7,Viscose,2024-12-23
P5975,Regata Esportiva Azul 5975,261.2,3.6,Algodão,2023-08-11
P5976,Calça Social Azul 5976,369.69,3.8,Sarja,2024-09-03
P5977,Moletom Estampado Azul 5977,140.88,4.4,Algodão/Poliéster,2021-05-14
P5978,Conjunto Esportivo Marrom 5978,312.83,4.0,Poliéster,2025-09-13
P5979,Conjunto Casual Cinza 5979,351.63,4.3,Algodão,2024-05-17
P5980,Calça Jogger Marrom 5980,197.35,3.8,Sarja,2022-10-02
P5981,Vestido Midi Bege 5981,183.48,4.7,Viscose,2024-12-05
P5982,Calça Cargo Azul 5982,291.01,4.0,Sarja,2021-01-14
P5983,Jaqueta Corta-Vento Amarela 5983,276.03,4.4,Nylon,2023-10-12
P5984,Saia Casual Amarela 5984,233.45,4.4,Poliéster,2026-05-08
P5985,Camisa Linho Preta 5985,223.31,3.9,Algodão,2025-04-21
P5986,Camiseta Estampada Vermelha 5986,191.46,5.0,Algodão,2021-04-02
P5987,Vestido Floral Rosa 5987,98.71,3.7,Viscose,2024-05-05
P5988,Regata Básica Azul 5988,59.78,4.2,Algodão,2024-11-07
P5989,Vestido Midi Preta 5989,81.24,3.8,Viscose,2023-12-26
P5990,Camisa Manga Curta Azul 5990,361.64,4.2,Algodão,2022-10-28
P5991,Conjunto Moletom Amarela 5991,210.84,4.3,Algodão/Poliéster,2024-11-05
P5992,Camisa Linho Vermelha 5992,399.89,4.4,Algodão,2023-05-27
P5993,Blusa Manga Longa Rosa 5993,43.42,4.1,Viscose,2026-05-18
P5994,Camisa Manga Curta Preta 5994,90.1,4.6,Algodão,2025-09-30
P5995,Blusa Social Rosa 5995,316.5,3.8,Viscose,2026-02-25
P5996,Saia Jeans Marrom 5996,299.44,4.5,Poliéster,2023-05-19
P5997,Calça Jogger Amarela 5997,79.22,3.7,Sarja,2024-11-02
P5998,Blusa Social Amarela 5998,145.2,4.1,Viscose,2021-10-26
P5999,Camiseta Polo Cinza 5999,340.99,4.4,Algodão,2025-04-06
P6000,Saia Plissada Vermelha 6000,351.03,4.0,Poliéster,2025-04-10
P6001,Moletom Básico Preta 6001,274.53,4.5,Algodão/Poliéster,2025-05-24
P6002,Regata Básica Azul 6002,90.9,3.9,Algodão,2021-02-11
P6003,Camisa Flanela Branca 6003,139.47,4.8,Algodão,2023-08-02
P6004,Bermuda Cargo Rosa 6004,197.98,4.6,Sarja,2022-07-23
P6005,Camisa Linho Cinza 6005,131.34,4.6,Algodão,2026-03-09
P6006,Bermuda Moletom Azul 6006,290.7,4.4,Sarja,2024-01-19
P6007,Jaqueta Jeans Amarela 6007,215.69,4.1,Denim,2024-06-19
P6008,Regata Canelada Azul 6008,307.94,4.2,Algodão,2023-06-25
P6009,Bermuda Jeans Branca 6009,235.27,5.0,Sarja,2021-08-24
P6010,Conjunto Casual Verde 6010,199.78,4.8,Algodão,2024-07-07
P6011,Camiseta Polo Verde 6011,399.89,3.9,Algodão,2024-06-17
P6012,Camiseta Estampada Azul 6012,107.06,4.7,Algodão,2023-03-01
P6013,Vestido Midi Verde 6013,343.51,4.3,Viscose,2024-07-26
P6014,Blusa Manga Longa Azul 6014,386.07,4.6,Viscose,2023-03-20
P6015,Camisa Social Bege 6015,294.01,4.1,Algodão,2024-09-27
P6016,Bermuda Esportiva Marrom 6016,68.53,4.1,Sarja,2022-12-23
P6017,Vestido Floral Bege 6017,373.03,4.3,Viscose,2025-05-20
P6018,Regata Esportiva Bege 6018,64.33,3.9,Algodão,2026-01-10
P6019,Saia Plissada Cinza 6019,73.95,4.2,Poliéster,2023-09-30
P6020,Conjunto Casual Branca 6020,65.84,4.4,Algodão,2021-02-05
P6021,Moletom Canguru Vermelha 6021,287.28,4.6,Algodão/Poliéster,2024-11-12
P6022,Vestido Midi Preta 6022,76.34,4.2,Viscose,2026-04-29
P6023,Conjunto Casual Cinza 6023,353.65,4.7,Algodão,2025-01-08
P6024,Camisa Manga Curta Verde 6024,234.03,3.9,Algodão,2023-01-12
P6025,Blazer Casual Bege 6025,55.57,4.1,Poliéster,2024-03-13
P6026,Blusa Manga Longa Azul 6026,140.1,3.5,Viscose,2023-01-25
P6027,Regata Básica Marrom 6027,101.92,4.5,Algodão,2025-05-21
P6028,Calça Jogger Preta 6028,60.14,4.2,Sarja,2025-02-10
P6029,Regata Canelada Vermelha 6029,162.45,4.8,Algodão,2024-07-17
P6030,Saia Casual Azul 6030,362.65,4.6,Poliéster,2023-03-15
P6031,Jaqueta Jeans Azul 6031,399.89,4.1,Denim,2021-12-23
P6032,Camisa Manga Curta Azul 6032,86.27,4.5,Algodão,2024-06-29
P6033,Regata Canelada Bege 6033,251.19,4.4,Algodão,2022-11-29
P6034,Camiseta Estampada Branca 6034,190.73,4.7,Algodão,2026-02-13
P6035,Saia Casual Azul 6035,370.37,3.8,Poliéster,2021-05-11
P6036,Moletom Estampado Branca 6036,94.63,5.0,Algodão/Poliéster,2025-10-17
P6037,Blazer Social Vermelha 6037,317.62,4.2,Poliéster,2025-06-01
P6038,Moletom Básico Preta 6038,124.5,4.1,Algodão/Poliéster,2023-12-03
P6039,Blazer Social Cinza 6039,304.3,4.3,Poliéster,2026-08-17
P6040,Bermuda Moletom Amarela 6040,152.1,4.7,Sarja,2025-01-22
P6041,Moletom Básico Rosa 6041,97.55,4.3,Algodão/Poliéster,2021-03-28
P6042,Bermuda Jeans Amarela 6042,317.51,5.0,Sarja,2023-03-23
P6043,Camiseta Polo Verde 6043,138.89,5.0,Algodão,2025-10-05
P6044,Camisa Linho Vermelha 6044,51.43,4.9,Algodão,2025-05-25
P6045,Calça Jogger Bege 6045,307.94,4.1,Sarja,2021-11-29
P6046,Vestido Floral Marrom 6046,195.48,4.2,Viscose,2021-12-19
P6047,Conjunto Esportivo Verde 6047,369.89,4.1,Poliéster,2026-03-27
P6048,Conjunto Casual Cinza 6048,56.33,4.3,Algodão,2021-04-05
P6049,Conjunto Esportivo Bege 6049,130.92,3.9,Poliéster,2026-05-19
P6050,Camisa Linho Bege 6050,78.2,4.8,Algodão,2024-01-24
P6051,Camisa Linho Verde 6051,310.45,4.7,Algodão,2025-07-29
P6052,Moletom Com Capuz Verde 6052,339.91,4.9,Algodão/Poliéster,2022-03-22
P6053,Camiseta Polo Branca 6053,108.04,4.2,Algodão,2022-12-13
P6054,Vestido Casual Amarela 6054,134.39,4.7,Viscose,2025-02-16
P6055,Tênis Esportivo 6055,342.98,4.5,Sintético,2021-12-02
P6056,Regata Canelada Rosa 6056,324.49,3.8,Algodão,2021-07-29
P6057,Jaqueta Puffer Rosa 6057,355.6,4.8,Poliéster,2024-06-14
P6058,Regata Esportiva Preta 6058,364.6,4.3,Algodão,2021-01-18
P6059,Calça Jogger Branca 6059,274.73,4.4,Sarja,2026-04-27
P6060,Moletom Básico Marrom 6060,208.89,4.8,Algodão/Poliéster,2024-10-30
P6061,Blusa Básica Amarela 6061,53.56,3.9,Viscose,2025-01-16
P6062,Camisa Linho Azul 6062,272.14,4.0,Algodão,2023-11-03
P6063,Blusa Manga Longa Bege 6063,279.77,3.6,Viscose,2024-07-14
P6064,Blusa Social Bege 6064,106.85,4.9,Viscose,2026-05-24
P6065,Camiseta Slim Rosa 6065,119.9,4.1,Algodão,2021-01-10
P6066,Saia Jeans Cinza 6066,342.58,3.7,Poliéster,2022-05-28
P6067,Vestido Midi Rosa 6067,359.16,4.4,Viscose,2024-12-13
P6068,Calça Sarja Azul 6068,385.23,4.1,Sarja,2021-09-13
P6069,Calça Cargo Vermelha 6069,309.82,3.2,Sarja,2022-05-23
P6070,Camisa Linho Branca 6070,179.8,4.3,Algodão,2021-02-17
P6071,Moletom Canguru Amarela 6071,368.83,4.3,Algodão/Poliéster,2021-04-25
P6072,Blazer Slim Cinza 6072,255.97,4.7,Poliéster,2023-07-09
P6073,Moletom Básico Azul 6073,311.64,4.2,Algodão/Poliéster,2024-09-27
P6074,Blusa Básica Amarela 6074,105.58,3.8,Viscose,2021-07-28
P6075,Moletom Básico Vermelha 6075,205.53,3.7,Algodão/Poliéster,2026-07-27
P6076,Camiseta Polo Amarela 6076,195.24,4.5,Algodão,2025-05-24
P6077,Conjunto Moletom Branca 6077,276.73,4.0,Algodão/Poliéster,2024-10-03
P6078,Blusa Manga Longa Amarela 6078,316.41,4.1,Viscose,2021-05-29
P6079,Saia Casual Marrom 6079,165.92,4.6,Poliéster,2023-12-10
P6080,Bermuda Cargo Bege 6080,233.78,4.2,Sarja,2026-03-21
P6081,Conjunto Esportivo Rosa 6081,363.98,3.7,Poliéster,2022-05-08
P6082,Calça Social Vermelha 6082,160.95,5.0,Sarja,2024-01-25
P6083,Camiseta Básica Cinza 6083,87.33,3.9,Algodão,2024-03-13
P6084,Bermuda Jeans Rosa 6084,80.82,4.2,Sarja,2024-12-11
P6085,Blusa Social Rosa 6085,265.5,3.7,Viscose,2026-03-16
P6086,Blusa Manga Longa Bege 6086,250.84,3.8,Viscose,2021-09-28
P6087,Vestido Casual Marrom 6087,364.05,3.8,Viscose,2021-05-11
P6088,Calça Jogger Vermelha 6088,163.48,4.1,Sarja,2021-07-05
P6089,Camiseta Oversized Amarela 6089,366.28,4.2,Algodão,2022-07-07
P6090,Moletom Com Capuz Branca 6090,290.89,4.3,Algodão/Poliéster,2023-01-02
P6091,Conjunto Casual Vermelha 6091,346.71,3.8,Algodão,2025-12-23
P6092,Camiseta Estampada Azul 6092,339.12,3.2,Algodão,2023-12-13
P6093,Bermuda Moletom Vermelha 6093,191.08,3.9,Sarja,2025-03-22
P6094,Camisa Social Vermelha 6094,258.92,4.5,Algodão,2024-04-05
P6095,Bermuda Cargo Bege 6095,47.76,4.8,Sarja,2026-05-25
P6096,Conjunto Casual Amarela 6096,302.73,4.4,Algodão,2022-11-14
P6097,Regata Esportiva Marrom 6097,59.27,4.2,Algodão,2024-10-16
P6098,Conjunto Esportivo Vermelha 6098,74.3,3.5,Poliéster,2022-07-19
P6099,Conjunto Casual Azul 6099,81.83,4.5,Algodão,2022-04-28
P6100,Conjunto Esportivo Vermelha 6100,175.09,4.4,Poliéster,2026-07-24
P6101,Conjunto Casual Marrom 6101,75.07,4.0,Algodão,2021-02-19
P6102,Blazer Social Preta 6102,302.83,3.7,Poliéster,2022-07-19
P6103,Regata Canelada Branca 6103,104.23,4.8,Algodão,2023-03-10
P6104,Camiseta Polo Rosa 6104,291.36,3.9,Algodão,2021-10-13
P6105,Jaqueta Corta-Vento Preta 6105,151.49,4.7,Nylon,2025-05-17
P6106,Blazer Slim Verde 6106,225.26,4.2,Poliéster,2023-01-14
P6107,Conjunto Casual Bege 6107,334.07,4.1,Algodão,2023-08-08
P6108,Regata Básica Azul 6108,119.45,3.9,Algodão,2022-09-21
P6109,Blazer Slim Preta 6109,92.78,4.2,Poliéster,2026-01-20
P6110,Camisa Linho Verde 6110,320.27,4.6,Algodão,2023-05-23
P6111,Vestido Casual 6111,155.17,4.3,Viscose,2025-06-17
P6112,Conjunto Moletom Vermelha 6112,367.86,4.0,Algodão/Poliéster,2024-07-14
P6113,Blusa Manga Longa Vermelha 6113,318.63,4.6,Viscose,2026-06-01
P6114,Blusa Básica Bege 6114,312.91,4.4,Viscose,2024-06-01
P6115,Jaqueta Bomber Branca 6115,57.42,4.8,Poliéster,2026-08-02
P6116,Conjunto Moletom Amarela 6116,203.84,3.5,Algodão/Poliéster,2024-12-15
P6117,Camisa Manga Curta Verde 6117,335.09,4.9,Algodão,2021-05-02
P6118,Regata Básica Branca 6118,233.82,4.5,Algodão,2021-11-21
P6119,Moletom Estampado Bege 6119,54.04,5.0,Algodão/Poliéster,2025-06-22
P6120,Camisa Flanela Verde 6120,61.63,4.0,Algodão,2021-04-06
P6121,Blusa Canelada Cinza 6121,276.54,4.4,Viscose,2022-01-29
P6122,Bermuda Cargo Marrom 6122,235.86,4.2,Sarja,2025-06-25
P6123,Blazer Social Bege 6123,168.81,4.5,Poliéster,2023-01-05
P6124,Moletom Básico Rosa 6124,193.92,4.2,Algodão/Poliéster,2022-03-26
P6125,Calça Sarja Amarela 6125,241.13,5.0,Sarja,2022-02-14
P6126,Conjunto Moletom Marrom 6126,215.17,4.2,Algodão/Poliéster,2022-10-16
P6127,Calça Social Rosa 6127,181.48,4.4,Sarja,2025-09-30
P6128,Blusa Básica Bege 6128,65.65,5.0,Viscose,2023-08-01
P6129,Jaqueta Jeans Vermelha 6129,120.8,4.3,Denim,2026-05-28
P6130,Regata Canelada Verde 6130,261.5,4.6,Algodão,2025-01-22
P6131,Conjunto Moletom Amarela 6131,305.22,4.7,Algodão/Poliéster,2022-07-10
P6132,Vestido Longo Rosa 6132,227.06,4.2,Viscose,2021-12-05
P6133,Saia Midi Verde 6133,143.26,4.8,Poliéster,2026-05-07
P6134,Blazer Slim Vermelha 6134,163.13,4.6,Poliéster,2026-02-11
P6135,Conjunto Moletom Vermelha 6135,261.86,3.9,Algodão/Poliéster,2021-09-11
P6136,Vestido Midi Marrom 6136,288.92,4.2,Viscose,2022-10-28
P6137,Calça Cargo Marrom 6137,123.26,4.6,Sarja,2025-03-18
P6138,Vestido Longo Azul 6138,179.88,4.3,Viscose,2026-07-27
P6139,Calça Jeans Preta 6139,288.72,4.9,Sarja,2026-02-13
P6140,Camisa Flanela Marrom 6140,129.02,4.3,Algodão,2022-08-14
P6141,Moletom Com Capuz Branca 6141,151.81,4.8,Algodão/Poliéster,2026-01-30
P6142,Saia Midi Azul 6142,68.55,4.3,Poliéster,2025-02-10
P6143,Vestido Casual Vermelha 6143,348.01,3.3,Viscose,2023-08-16
P6144,Vestido Casual Vermelha 6144,187.02,4.4,Viscose,2023-02-19
P6145,Blusa Canelada Preta 6145,144.74,4.2,Viscose,2025-08-10
P6146,Regata Básica Branca 6146,209.97,4.1,Algodão,2025-09-27
P6147,Camisa Linho Vermelha 6147,242.0,3.5,Algodão,2026-03-07
P6148,Saia Jeans Marrom 6148,273.52,3.7,Poliéster,2023-08-15
P6149,Moletom Com Capuz Branca 6149,43.88,4.8,Algodão/Poliéster,2022-07-06
P6150,Camiseta Polo Vermelha 6150,355.09,4.0,Algodão,2025-12-07
P6151,Vestido Midi Marrom 6151,372.35,4.7,Viscose,2022-09-19
P6152,Blazer Social Cinza 6152,68.84,4.1,Poliéster,2025-04-09
P6153,Vestido Floral Azul 6153,99.11,4.0,Viscose,2023-11-20
P6154,Moletom Estampado Preta 6154,148.1,4.7,Algodão/Poliéster,2024-04-27
P6155,Moletom Canguru Verde 6155,64.5,4.1,Algodão/Poliéster,2022-03-10
P6156,Camiseta Slim Verde 6156,155.43,3.9,Algodão,2022-06-02
P6157,Saia Plissada Preta 6157,319.78,4.8,Poliéster,2024-09-12
P6158,Blazer Slim Amarela 6158,184.59,4.8,Poliéster,2022-06-22
P6159,Moletom Estampado Rosa 6159,129.8,4.4,Algodão/Poliéster,2024-10-16
P6160,Vestido Floral Amarela 6160,80.75,3.8,Viscose,2026-08-14
P6161,Regata Esportiva Verde 6161,277.91,5.0,Algodão,2021-06-20
P6162,Jaqueta Corta-Vento Branca 6162,239.68,4.3,Nylon,2026-03-30
P6163,Blusa Canelada Rosa 6163,96.92,4.4,Viscose,2021-12-21
P6164,Regata Canelada Amarela 6164,332.11,4.4,Algodão,2021-10-14
P6165,Blazer Casual Preta 6165,139.15,4.9,Poliéster,2025-09-22
P6166,Bermuda Cargo Verde 6166,286.86,5.0,Sarja,2022-02-27
P6167,Blazer Slim Verde 6167,284.1,4.4,Poliéster,2024-09-01
P6168,Jaqueta Puffer Amarela 6168,51.42,4.4,Poliéster,2021-08-09
P6169,Jaqueta Bomber Preta 6169,110.88,3.7,Poliéster,2021-06-29
P6170,Conjunto Moletom Verde 6170,169.13,3.5,Algodão/Poliéster,2022-02-21
P6171,Camiseta Oversized Bege 6171,344.62,3.6,Algodão,2023-12-14
P6172,Regata Básica Azul 6172,399.89,5.0,Algodão,2022-08-24
P6173,Jaqueta Bomber Preta 6173,105.63,3.8,Poliéster,2022-04-08
P6174,Regata Básica Bege 6174,249.57,4.3,Algodão,2025-09-30
P6175,Camiseta Polo Cinza 6175,392.26,4.7,Algodão,2021-12-27
P6176,Camisa Flanela Rosa 6176,76.14,4.5,Algodão,2021-07-16
P6177,Jaqueta Bomber Cinza 6177,42.88,4.6,Poliéster,2021-08-17
P6178,Blusa Manga Longa Branca 6178,341.26,4.0,Viscose,2025-12-31
P6179,Blusa Manga Longa Marrom 6179,341.78,4.5,Viscose,2023-09-12
P6180,Moletom Com Capuz Rosa 6180,291.5,3.9,Algodão/Poliéster,2026-07-04
P6181,Saia Midi Preta 6181,83.1,3.6,Poliéster,2025-07-29
P6182,Conjunto Esportivo Branca 6182,65.1,4.7,Poliéster,2022-08-06
P6183,Blazer Casual Marrom 6183,359.08,4.1,Poliéster,2025-06-24
P6184,Camiseta Slim Branca 6184,83.51,4.0,Algodão,2023-08-02
P6185,Camiseta Básica Marrom 6185,214.65,4.1,Algodão,2024-03-04
P6186,Jaqueta Bomber Verde 6186,118.28,4.7,Poliéster,2024-01-01
P6187,Moletom Básico Rosa 6187,172.63,4.2,Algodão/Poliéster,2025-04-18
P6188,Conjunto Moletom Cinza 6188,157.1,4.7,Algodão/Poliéster,2022-03-02
P6189,Vestido Casual Azul 6189,120.29,4.5,Viscose,2021-05-03
P6190,Blusa Manga Longa Marrom 6190,127.07,5.0,Viscose,2025-02-22
P6191,Jaqueta Jeans Branca 6191,198.52,4.2,Denim,2026-05-28
P6192,Regata Esportiva Marrom 6192,306.8,4.1,Algodão,2024-04-15
P6193,Saia Jeans Amarela 6193,365.84,4.2,Poliéster,2021-09-01
P6194,Conjunto Esportivo Amarela 6194,187.44,4.3,Poliéster,2021-08-21
P6195,Blazer Slim Marrom 6195,331.89,4.0,Poliéster,2024-02-01
P6196,Regata Básica Marrom 6196,147.41,3.7,Algodão,2026-01-28
P6197,Saia Casual Cinza 6197,331.83,4.6,Poliéster,2024-06-23
P6198,Moletom Estampado Vermelha 6198,277.1,4.2,Algodão/Poliéster,2022-09-18
P6199,Bermuda Moletom Azul 6199,346.18,4.5,Sarja,2024-07-08
P6200,Camiseta Básica Bege 6200,383.9,3.7,Algodão,2021-11-20
P6201,Calça Jeans Marrom 6201,120.54,4.7,Sarja,2023-09-19
P6202,Camisa Linho Branca 6202,185.44,3.5,Algodão,2026-07-25
P6203,Jaqueta Puffer Vermelha 6203,148.42,4.6,Poliéster,2024-07-26
P6204,Regata Básica Branca 6204,235.71,4.5,Algodão,2021-08-01
P6205,Camisa Flanela Preta 6205,79.38,4.4,Algodão,2022-02-21
P6206,Bermuda Moletom Azul 6206,258.1,3.9,Sarja,2021-05-04
P6207,Conjunto Casual Cinza 6207,268.81,4.1,Algodão,2023-04-12
P6208,Saia Midi Vermelha 6208,112.9,4.2,Poliéster,2022-05-07
P6209,Bermuda Cargo Vermelha 6209,158.44,3.7,Sarja,2026-07-20
P6210,Jaqueta Puffer Amarela 6210,227.93,4.0,Poliéster,2022-10-23
P6211,Blusa Manga Longa Vermelha 6211,261.07,4.6,Viscose,2021-03-14
P6212,Blazer Casual Preta 6212,258.02,4.3,Poliéster,2023-06-17
P6213,Saia Jeans Marrom 6213,150.95,4.4,Poliéster,2025-03-06
P6214,Saia Plissada Preta 6214,252.9,4.6,Poliéster,2024-11-18
P6215,Blazer Social Vermelha 6215,308.86,4.3,Poliéster,2026-07-15
P6216,Bermuda Cargo Vermelha 6216,270.36,4.0,Sarja,2023-01-27
P6217,Jaqueta Corta-Vento Rosa 6217,329.54,4.2,Nylon,2023-12-18
P6218,Bermuda Esportiva Bege 6218,321.2,3.8,Sarja,2024-03-03
P6219,Bermuda Cargo Vermelha 6219,347.57,4.0,Sarja,2021-02-19
P6220,Bermuda Moletom Amarela 6220,243.82,4.4,Sarja,2021-01-13
P6221,Jaqueta Puffer Cinza 6221,381.44,4.6,Poliéster,2025-07-05
P6222,Regata Básica Rosa 6222,315.83,4.3,Algodão,2023-03-08
P6223,Regata Canelada Vermelha 6223,40.18,4.4,Algodão,2024-11-25
P6224,Blazer Slim Cinza 6224,282.87,4.9,Poliéster,2026-05-10
P6225,Jaqueta Jeans Preta 6225,127.39,4.2,Denim,2022-05-22
P6226,Bermuda Jeans Preta 6226,236.85,4.1,Sarja,2025-05-23
P6227,Bermuda Moletom Branca 6227,315.58,3.6,Sarja,2022-03-19
P6228,Bermuda Moletom Preta 6228,241.75,4.4,Sarja,2025-03-13
P6229,Camisa Social Rosa 6229,100.9,4.5,Algodão,2021-11-27
P6230,Jaqueta Bomber Vermelha 6230,85.25,5.0,Poliéster,2022-09-23
P6231,Blusa Básica Verde 6231,373.11,4.5,Viscose,2023-09-01
P6232,Saia Casual Rosa 6232,84.66,4.9,Poliéster,2023-10-08
P6233,Blusa Manga Longa Vermelha 6233,215.43,4.7,Viscose,2021-03-04
P6234,Bermuda Moletom Verde 6234,340.82,3.9,Sarja,2025-10-14
P6235,Vestido Longo Azul 6235,181.26,4.4,Viscose,2021-01-13
P6236,Camiseta Slim Cinza 6236,316.06,4.6,Algodão,2025-12-27
P6237,Conjunto Esportivo Marrom 6237,230.99,4.6,Poliéster,2022-03-03
P6238,Conjunto Esportivo Branca 6238,250.92,4.3,Poliéster,2025-01-10
P6239,Camisa Social Cinza 6239,349.76,4.2,Algodão,2025-01-12
P6240,Calça Jeans Vermelha 6240,378.28,4.3,Sarja,2023-08-03
P6241,Conjunto Esportivo Bege 6241,136.32,3.8,Poliéster,2024-01-17
P6242,Blazer Slim Rosa 6242,315.63,4.3,Poliéster,2021-06-01
P6243,Camisa Social Rosa 6243,190.75,4.6,Algodão,2026-02-07
P6244,Camisa Flanela Amarela 6244,58.82,4.9,Algodão,2021-09-04
P6245,Saia Casual Preta 6245,377.22,4.8,Poliéster,2024-09-23
P6246,Regata Básica Branca 6246,217.63,4.2,Algodão,2021-01-01
P6247,Calça Sarja Preta 6247,129.85,4.5,Sarja,2025-03-24
P6248,Blusa Social Preta 6248,207.95,4.2,Viscose,2023-01-14
P6249,Moletom Canguru Verde 6249,313.62,4.3,Algodão/Poliéster,2023-09-24
P6250,Vestido Floral Preta 6250,130.2,4.1,Viscose,2021-02-18
P6251,Conjunto Casual Bege 6251,135.99,4.3,Algodão,2022-03-29
P6252,Bermuda Cargo Cinza 6252,334.58,4.2,Sarja,2023-06-20
P6253,Jaqueta Corta-Vento Azul 6253,129.58,4.3,Nylon,2025-01-24
P6254,Saia Casual Preta 6254,179.29,4.6,Poliéster,2024-05-21
P6255,Bermuda Esportiva Bege 6255,330.43,3.7,Sarja,2022-06-24
P6256,Jaqueta Corta-Vento Verde 6256,305.33,4.4,Nylon,2024-05-17
P6257,Blusa Social Cinza 6257,87.55,4.3,Viscose,2022-04-07
P6258,Bermuda Esportiva Amarela 6258,324.88,4.7,Sarja,2024-02-23
P6259,Camiseta Estampada Branca 6259,270.26,4.0,Algodão,2024-01-24
P6260,Moletom Canguru Verde 6260,271.72,4.2,Algodão/Poliéster,2022-04-13
P6261,Saia Jeans Marrom 6261,134.88,2.8,Poliéster,2022-02-19
P6262,Blusa Básica Amarela 6262,54.39,4.7,Viscose,2023-12-11
P6263,Jaqueta Bomber Branca 6263,51.95,5.0,Poliéster,2024-04-29
P6264,Camiseta Slim Rosa 6264,116.04,4.2,Algodão,2026-07-21
P6265,Jaqueta Bomber Preta 6265,329.58,4.4,Poliéster,2023-10-23
P6266,Blusa Canelada Rosa 6266,64.54,4.2,Viscose,2023-07-09
P6267,Calça Cargo Cinza 6267,153.85,4.2,Sarja,2023-09-12
P6268,Moletom Básico Rosa 6268,169.58,4.6,Algodão/Poliéster,2025-12-15
P6269,Jaqueta Corta-Vento Preta 6269,116.74,4.4,Nylon,2022-09-28
P6270,Conjunto Moletom Marrom 6270,209.77,4.1,Algodão/Poliéster,2023-03-01
P6271,Calça Sarja Azul 6271,153.92,4.3,Sarja,2023-02-03
P6272,Saia Casual Azul 6272,118.38,4.6,Poliéster,2024-07-13
P6273,Conjunto Esportivo Rosa 6273,118.84,4.3,Poliéster,2024-12-18
P6274,Bermuda Cargo Vermelha 6274,329.84,4.7,Sarja,2023-09-24
P6275,Vestido Casual Azul 6275,329.63,4.4,Viscose,2022-07-01
P6276,Calça Sarja Azul 6276,210.93,4.1,Sarja,2024-11-25
P6277,Blazer Casual Bege 6277,122.55,4.9,Poliéster,2022-07-24
P6278,Camiseta Polo Branca 6278,116.79,4.3,Algodão,2026-01-31
P6279,Blusa Canelada Rosa 6279,399.89,3.8,Viscose,2024-07-15
P6280,Saia Midi Bege 6280,333.38,3.9,Poliéster,2023-07-02
P6281,Conjunto Casual Preta 6281,94.61,4.2,Algodão,2022-04-28
P6282,Moletom Estampado Branca 6282,315.58,4.3,Algodão/Poliéster,2025-04-17
P6283,Bermuda Cargo Branca 6283,270.87,4.1,Sarja,2024-06-15
P6284,Calça Sarja Vermelha 6284,123.18,4.4,Sarja,2025-12-31
P6285,Vestido Casual Bege 6285,84.75,3.7,Viscose,2025-01-02
P6286,Conjunto Casual Branca 6286,343.26,3.8,Algodão,2025-06-22
P6287,Blazer Casual Preta 6287,165.98,4.7,Poliéster,2021-07-10
P6288,Jaqueta Bomber Preta 6288,281.18,4.6,Poliéster,2021-02-20
P6289,Jaqueta Corta-Vento Rosa 6289,103.18,4.4,Nylon,2024-09-24
P6290,Bermuda Esportiva Cinza 6290,67.48,4.3,Sarja,2021-01-01
P6291,Blazer Casual Bege 6291,114.69,4.8,Poliéster,2026-01-18
P6292,Calça Jogger Vermelha 6292,170.09,4.2,Sarja,2026-01-01
P6293,Conjunto Moletom Rosa 6293,317.5,4.2,Algodão/Poliéster,2024-04-25
P6294,Blazer Casual Preta 6294,349.29,4.8,Poliéster,2025-02-17
P6295,Blazer Slim Verde 6295,124.24,3.8,Poliéster,2023-05-23
P6296,Camiseta Oversized Amarela 6296,371.84,3.6,Algodão,2026-06-06
P6297,Blazer Social Verde 6297,399.89,4.4,Poliéster,2021-03-16
P6298,Camiseta Oversized Preta 6298,199.3,5.0,Algodão,2022-08-29
P6299,Calça Jeans Vermelha 6299,346.74,4.6,Sarja,2024-12-14
P6300,Camisa Manga Curta Amarela 6300,348.9,4.0,Algodão,2025-06-19
P6301,Camiseta Polo Azul 6301,354.04,4.9,Algodão,2022-05-17
P6302,Blazer Casual Amarela 6302,202.38,4.1,Poliéster,2025-07-17
P6303,Moletom Estampado Bege 6303,134.22,4.7,Algodão/Poliéster,2023-08-12
P6304,Camisa Manga Curta Vermelha 6304,157.29,3.6,Algodão,2025-11-09
P6305,Blusa Manga Longa Cinza 6305,365.79,3.8,Viscose,2022-07-07
P6306,Camiseta Oversized Preta 6306,189.96,4.9,Algodão,2024-12-02
P6307,Blusa Social Azul 6307,216.88,4.8,Viscose,2022-03-06
P6308,Blazer Social Rosa 6308,362.32,4.0,Poliéster,2021-10-14
P6309,Vestido Casual Amarela 6309,179.26,3.9,Viscose,2024-12-30
P6310,Camiseta Polo Branca 6310,243.52,4.2,Algodão,2024-11-09
P6311,Regata Básica Rosa 6311,351.25,4.5,Algodão,2022-08-30
P6312,Conjunto Esportivo Marrom 6312,371.84,4.2,Poliéster,2024-06-04
P6313,Regata Canelada Branca 6313,257.39,3.5,Algodão,2026-05-03
P6314,Camiseta Oversized Verde 6314,254.24,4.5,Algodão,2022-11-22
P6315,Moletom Canguru Rosa 6315,159.39,4.0,Algodão/Poliéster,2023-11-05
P6316,Moletom Canguru Amarela 6316,399.89,3.8,Algodão/Poliéster,2022-03-08
P6317,Camiseta Oversized Verde 6317,128.35,3.6,Algodão,2023-12-08
P6318,Saia Casual Azul 6318,343.67,4.5,Poliéster,2026-01-06
P6319,Vestido Midi Vermelha 6319,365.44,4.6,Viscose,2024-08-08
P6320,Camiseta Estampada Azul 6320,301.68,3.6,Algodão,2021-10-21
P6321,Calça Sarja Vermelha 6321,166.39,3.7,Sarja,2025-03-13
P6322,Vestido Casual Vermelha 6322,177.43,4.3,Viscose,2023-05-24
P6323,Vestido Floral Verde 6323,214.8,5.0,Viscose,2021-02-07
P6324,Bermuda Esportiva Azul 6324,238.06,4.5,Sarja,2024-07-12
P6325,Vestido Midi Marrom 6325,343.68,4.1,Viscose,2022-09-11
P6326,Bermuda Jeans Azul 6326,291.69,4.6,Sarja,2026-07-04
P6327,Blazer Slim Bege 6327,172.05,4.5,Poliéster,2026-08-22
P6328,Jaqueta Bomber Verde 6328,307.74,4.6,Poliéster,2024-10-20
P6329,Jaqueta Jeans Vermelha 6329,133.31,4.9,Denim,2024-07-30
P6330,Moletom Com Capuz Azul 6330,60.7,3.6,Algodão/Poliéster,2022-09-23
P6331,Vestido Midi Vermelha 6331,378.57,4.3,Viscose,2021-05-27
P6332,Jaqueta Puffer Branca 6332,389.76,4.2,Poliéster,2021-05-06
P6333,Calça Jogger Rosa 6333,278.79,4.8,Sarja,2023-08-18
P6334,Camisa Flanela Branca 6334,106.08,4.2,Algodão,2022-10-20
P6335,Saia Casual Verde 6335,385.68,4.6,Poliéster,2026-06-11
P6336,Saia Casual Azul 6336,388.26,3.6,Poliéster,2022-08-29
P6337,Camiseta Slim Rosa 6337,123.49,4.4,Algodão,2022-03-21
P6338,Jaqueta Corta-Vento Verde 6338,282.56,4.4,Nylon,2025-08-22
P6339,Regata Esportiva Rosa 6339,122.23,4.8,Algodão,2025-09-26
P6340,Blazer Social Preta 6340,301.93,3.5,Poliéster,2023-02-19
P6341,Camisa Flanela Verde 6341,63.23,3.8,Algodão,2021-06-19
P6342,Camiseta Polo Preta 6342,87.57,3.7,Algodão,2021-07-23
P6343,Bermuda Moletom Rosa 6343,185.9,4.7,Sarja,2023-12-14
P6344,Calça Cargo Marrom 6344,313.55,4.8,Sarja,2025-12-05
P6345,Conjunto Moletom Azul 6345,297.95,3.2,Algodão/Poliéster,2023-03-12
P6346,Blazer Social Preta 6346,358.15,3.6,Poliéster,2021-02-07
P6347,Bermuda Cargo Azul 6347,143.2,4.5,Sarja,2023-02-15
P6348,Regata Canelada Amarela 6348,186.24,4.6,Algodão,2021-01-07
P6349,Conjunto Casual Branca 6349,371.58,4.2,Algodão,2023-05-27
P6350,Conjunto Casual Preta 6350,76.38,3.9,Algodão,2023-09-10
P6351,Blazer Slim Bege 6351,260.37,4.9,Poliéster,2025-02-21
P6352,Moletom Estampado Vermelha 6352,257.94,4.1,Algodão/Poliéster,2021-05-24
P6353,Camisa Linho Vermelha 6353,175.85,3.5,Algodão,2023-09-22
P6354,Calça Jogger Bege 6354,313.88,4.0,Sarja,2022-01-02
P6355,Blazer Slim Amarela 6355,154.6,4.7,Poliéster,2023-08-24
P6356,Blusa Manga Longa Vermelha 6356,247.08,4.6,Viscose,2026-08-01
P6357,Vestido Midi Amarela 6357,286.03,4.2,Viscose,2025-03-14
P6358,Calça Jogger Rosa 6358,131.08,3.9,Sarja,2025-10-13
P6359,Jaqueta Bomber Vermelha 6359,144.26,5.0,Poliéster,2021-03-21
P6360,Camiseta Estampada Azul 6360,73.95,3.4,Algodão,2025-04-30
P6361,Calça Sarja Cinza 6361,154.88,4.0,Sarja,2025-11-27
P6362,Conjunto Moletom Amarela 6362,77.25,3.9,Algodão/Poliéster,2024-10-19
P6363,Conjunto Casual Preta 6363,276.43,4.4,Algodão,2025-06-07
P6364,Jaqueta Puffer Marrom 6364,94.02,3.4,Poliéster,2021-04-09
P6365,Blusa Manga Longa Rosa 6365,399.89,4.2,Viscose,2025-03-09
P6366,Calça Jeans Branca 6366,360.83,4.3,Sarja,2025-09-26
P6367,Blazer Social Marrom 6367,129.48,4.2,Poliéster,2022-04-23
P6368,Camiseta Estampada Marrom 6368,216.15,4.2,Algodão,2023-09-02
P6369,Blusa Manga Longa Cinza 6369,146.38,4.2,Viscose,2023-05-25
P6370,Calça Jogger Verde 6370,48.49,5.0,Sarja,2021-07-23
P6371,Saia Casual Amarela 6371,98.85,3.6,Poliéster,2021-09-23
P6372,Bermuda Cargo Branca 6372,267.34,4.2,Sarja,2022-09-15
P6373,Moletom Canguru Verde 6373,60.88,4.1,Algodão/Poliéster,2021-08-15
P6374,Moletom Básico Bege 6374,189.88,3.5,Algodão/Poliéster,2023-11-05
P6375,Jaqueta Bomber Cinza 6375,42.34,4.5,Poliéster,2021-04-26
P6376,Saia Jeans Amarela 6376,394.42,4.0,Poliéster,2021-01-29
P6377,Vestido Casual Amarela 6377,178.59,4.1,Viscose,2024-07-25
P6378,Regata Básica Azul 6378,381.0,4.9,Algodão,2022-06-07
P6379,Blazer Social Marrom 6379,111.53,4.2,Poliéster,2023-02-22
P6380,Blusa Básica Branca 6380,399.89,4.1,Viscose,2022-11-27
P6381,Blusa Manga Longa Vermelha 6381,247.15,4.1,Viscose,2023-08-29
P6382,Vestido Midi Vermelha 6382,387.69,4.7,Viscose,2023-08-18
P6383,Camiseta Polo Verde 6383,393.18,3.8,Algodão,2021-10-03
P6384,Camiseta Oversized Azul 6384,353.86,4.5,Algodão,2021-01-05
P6385,Conjunto Casual Rosa 6385,85.0,4.4,Algodão,2023-07-06
P6386,Saia Midi Branca 6386,271.49,4.9,Poliéster,2024-03-15
P6387,Blazer Social Verde 6387,200.29,3.5,Poliéster,2025-05-10
P6388,Bermuda Cargo Rosa 6388,356.96,4.1,Sarja,2022-02-13
P6389,Calça Jogger Verde 6389,355.7,4.5,Sarja,2021-06-23
P6390,Camisa Linho Preta 6390,40.18,4.8,Algodão,2024-05-20
P6391,Calça Cargo Preta 6391,265.56,4.3,Sarja,2026-02-10
P6392,Blazer Social Bege 6392,242.12,4.8,Poliéster,2022-05-10
P6393,Jaqueta Jeans Azul 6393,208.44,4.0,Denim,2021-06-27
P6394,Saia Midi Preta 6394,90.53,4.0,Poliéster,2023-04-14
P6395,Moletom Com Capuz Cinza 6395,201.06,3.9,Algodão/Poliéster,2024-03-06
P6396,Blazer Slim Preta 6396,91.07,4.2,Poliéster,2024-07-14
P6397,Camiseta Slim Preta 6397,148.65,4.0,Algodão,2021-08-22
P6398,Vestido Longo Azul 6398,181.77,4.3,Viscose,2024-09-20
P6399,Calça Jogger Verde 6399,238.2,4.8,Sarja,2022-12-12
P6400,Saia Casual Marrom 6400,169.4,4.1,Poliéster,2021-03-05
P6401,Camiseta Slim Verde 6401,349.32,4.8,Algodão,2026-03-24
P6402,Camisa Social Preta 6402,306.85,3.8,Algodão,2024-01-13
P6403,Jaqueta Jeans Bege 6403,51.64,3.6,Denim,2022-09-24
P6404,Conjunto Esportivo Rosa 6404,40.93,3.4,Poliéster,2025-08-17
P6405,Blusa Canelada Preta 6405,359.5,4.2,Viscose,2025-07-08
P6406,Camiseta Básica Branca 6406,309.16,4.6,Algodão,2022-03-04
P6407,Vestido Longo Azul 6407,167.95,4.6,Viscose,2026-06-11
P6408,Moletom Básico Azul 6408,395.67,4.8,Algodão/Poliéster,2024-01-06
P6409,Blusa Básica Azul 6409,54.88,4.4,Viscose,2022-06-27
P6410,Jaqueta Puffer Branca 6410,40.18,4.0,Poliéster,2023-07-16
P6411,Regata Esportiva Cinza 6411,273.16,4.5,Algodão,2022-01-24
P6412,Conjunto Esportivo Verde 6412,223.02,4.8,Poliéster,2025-10-25
P6413,Camiseta Slim Vermelha 6413,221.92,4.3,Algodão,2022-07-10
P6414,Blusa Básica Cinza 6414,267.39,4.0,Viscose,2023-06-27
P6415,Blazer Casual Rosa 6415,52.15,4.5,Poliéster,2021-05-22
P6416,Calça Sarja Amarela 6416,239.82,4.3,Sarja,2026-05-07
P6417,Jaqueta Corta-Vento Marrom 6417,178.88,3.9,Nylon,2022-09-19
P6418,Vestido Midi Verde 6418,107.6,3.9,Viscose,2024-09-11
P6419,Calça Cargo Cinza 6419,160.31,3.7,Sarja,2023-01-01
P6420,Camiseta Slim Azul 6420,139.59,4.0,Algodão,2024-03-07
P6421,Camiseta Oversized Azul 6421,339.54,5.0,Algodão,2024-03-05
P6422,Blusa Básica Preta 6422,301.44,5.0,Viscose,2022-08-27
P6423,Bermuda Cargo Bege 6423,215.37,4.6,Sarja,2023-06-14
P6424,Vestido Casual Verde 6424,294.97,3.4,Viscose,2024-05-19
P6425,Bermuda Jeans Branca 6425,399.89,5.0,Sarja,2022-03-26
P6426,Camisa Manga Curta Vermelha 6426,399.89,5.0,Algodão,2021-09-29
P6427,Calça Cargo Marrom 6427,345.58,4.9,Sarja,2022-01-04
P6428,Conjunto Esportivo Branca 6428,223.42,4.9,Poliéster,2023-05-12
P6429,Saia Midi Verde 6429,261.47,4.3,Poliéster,2022-03-19
P6430,Saia Jeans Rosa 6430,240.29,4.4,Poliéster,2022-08-12
P6431,Camiseta Oversized Rosa 6431,144.71,3.9,Algodão,2024-11-19
P6432,Calça Cargo Bege 6432,263.78,4.4,Sarja,2024-10-18
P6433,Moletom Estampado Amarela 6433,327.04,3.9,Algodão/Poliéster,2026-05-07
P6434,Vestido Floral Rosa 6434,88.99,4.5,Viscose,2025-04-30
P6435,Saia Jeans Amarela 6435,365.19,4.1,Poliéster,2023-05-29
P6436,Blusa Básica Branca 6436,381.46,4.2,Viscose,2026-04-06
P6437,Moletom Canguru Bege 6437,291.47,4.3,Algodão/Poliéster,2026-03-21
P6438,Moletom Canguru Bege 6438,198.06,4.5,Algodão/Poliéster,2022-04-05
P6439,Blazer Casual Marrom 6439,277.02,3.4,Poliéster,2021-12-21
P6440,Bermuda Cargo Vermelha 6440,379.31,4.8,Sarja,2026-01-05
P6441,Camiseta Polo Bege 6441,311.54,4.1,Algodão,2026-01-17
P6442,Regata Básica Bege 6442,241.37,4.0,Algodão,2025-10-17
P6443,Camisa Manga Curta Cinza 6443,323.08,3.7,Algodão,2023-08-11
P6444,Conjunto Esportivo Verde 6444,371.52,4.2,Poliéster,2025-11-20
P6445,Conjunto Casual Vermelha 6445,356.42,3.9,Algodão,2025-05-11
P6446,Regata Esportiva Preta 6446,107.25,4.5,Algodão,2025-03-13
P6447,Blusa Básica Amarela 6447,105.38,4.2,Viscose,2024-05-30
P6448,Regata Canelada Branca 6448,84.42,4.9,Algodão,2022-07-08
P6449,Camisa Linho Vermelha 6449,167.15,3.5,Algodão,2025-03-26
P6450,Moletom Estampado Amarela 6450,341.24,3.8,Algodão/Poliéster,2025-12-22
P6451,Bermuda Cargo Rosa 6451,220.13,4.5,Sarja,2026-01-04
P6452,Jaqueta Jeans Azul 6452,76.73,4.3,Denim,2024-05-25
P6453,Camiseta Slim Cinza 6453,206.63,4.0,Algodão,2021-03-23
P6454,Camisa Manga Curta Amarela 6454,216.66,4.8,Algodão,2025-03-13
P6455,Jaqueta Puffer Bege 6455,277.65,3.9,Poliéster,2022-06-09
P6456,Calça Jeans Cinza 6456,359.15,4.7,Sarja,2022-03-01
P6457,Calça Social Azul 6457,183.2,5.0,Sarja,2021-06-12
P6458,Conjunto Esportivo Amarela 6458,189.38,4.2,Poliéster,2021-11-22
P6459,Blusa Básica Verde 6459,225.38,4.3,Viscose,2023-10-11
P6460,Bermuda Cargo Preta 6460,323.34,4.9,Sarja,2022-07-27
P6461,Conjunto Casual Bege 6461,362.49,4.1,Algodão,2023-03-01
P6462,Saia Casual Preta 6462,150.35,4.8,Poliéster,2023-11-25
P6463,Blusa Social Marrom 6463,236.41,3.2,Viscose,2023-12-27
P6464,Jaqueta Corta-Vento Vermelha 6464,185.79,3.5,Nylon,2023-05-12
P6465,Jaqueta Corta-Vento Azul 6465,321.18,3.7,Nylon,2023-07-27
P6466,Blazer Casual Preta 6466,399.89,4.8,Poliéster,2026-01-11
P6467,Blazer Social Rosa 6467,348.1,4.1,Poliéster,2022-08-09
P6468,Regata Básica Bege 6468,358.35,3.0,Algodão,2021-01-27
P6469,Camiseta Polo Marrom 6469,43.92,4.6,Algodão,2025-07-14
P6470,Blazer Casual Bege 6470,192.02,4.2,Poliéster,2021-06-15
P6471,Jaqueta Puffer Bege 6471,317.33,4.1,Poliéster,2025-05-22
P6472,Calça Jeans Amarela 6472,399.89,4.3,Sarja,2022-11-05
P6473,Saia Jeans Bege 6473,322.63,3.8,Poliéster,2025-10-07
P6474,Moletom Canguru Verde 6474,179.04,3.9,Algodão/Poliéster,2021-12-14
P6475,Vestido Midi Vermelha 6475,339.46,4.1,Viscose,2021-12-07
P6476,Saia Plissada Bege 6476,75.43,4.3,Poliéster,2023-04-22
P6477,Blusa Básica Vermelha 6477,384.79,4.6,Viscose,2023-05-17
P6478,Camisa Manga Curta Rosa 6478,41.11,4.0,Algodão,2025-01-24
P6479,Calça Social Rosa 6479,166.28,4.1,Sarja,2024-09-01
P6480,Calça Jogger Branca 6480,399.89,4.5,Sarja,2026-08-18
P6481,Vestido Longo Rosa 6481,171.87,3.9,Viscose,2024-11-02
P6482,Camisa Flanela Preta 6482,90.0,4.3,Algodão,2022-02-23
P6483,Conjunto Moletom Marrom 6483,152.5,4.2,Algodão/Poliéster,2021-07-03
P6484,Saia Midi Vermelha 6484,290.43,4.9,Poliéster,2022-07-05
P6485,Saia Midi Verde 6485,281.37,4.1,Poliéster,2026-07-28
P6486,Moletom Canguru Bege 6486,141.94,4.8,Algodão/Poliéster,2025-05-10
P6487,Bermuda Jeans Bege 6487,193.42,3.9,Sarja,2025-03-14
P6488,Jaqueta Corta-Vento Amarela 6488,340.94,4.1,Nylon,2022-07-17
P6489,Saia Plissada Bege 6489,134.71,5.0,Poliéster,2023-08-28
P6490,Camiseta Slim Rosa 6490,399.89,3.4,Algodão,2024-12-27
P6491,Blazer Casual Preta 6491,358.11,4.5,Poliéster,2026-05-14
P6492,Camiseta Slim Azul 6492,86.55,3.7,Algodão,2024-04-22
P6493,Conjunto Moletom Preta 6493,344.45,4.3,Algodão/Poliéster,2021-02-14
P6494,Blusa Manga Longa Cinza 6494,192.7,4.0,Viscose,2025-11-04
P6495,Regata Esportiva Rosa 6495,53.31,4.1,Algodão,2026-04-16
P6496,Vestido Longo Preta 6496,314.99,3.7,Viscose,2021-03-10
P6497,Camisa Linho Rosa 6497,248.28,4.6,Algodão,2023-03-23
P6498,Camiseta Oversized Amarela 6498,196.7,4.9,Algodão,2026-07-21
P6499,Blusa Social Vermelha 6499,54.83,3.7,Viscose,2026-05-27
P6500,Conjunto Casual Verde 6500,216.88,3.5,Algodão,2026-06-19
P6501,Calça Social Azul 6501,357.71,3.8,Sarja,2026-07-12
P6502,Moletom Canguru Azul 6502,167.6,4.7,Algodão/Poliéster,2021-02-16
P6503,Camisa Social Verde 6503,105.44,4.3,Algodão,2021-11-09
P6504,Vestido Casual Azul 6504,123.61,4.8,Viscose,2023-10-31
P6505,Moletom Com Capuz Amarela 6505,255.7,4.5,Algodão/Poliéster,2024-06-02
P6506,Vestido Floral Preta 6506,138.8,4.3,Viscose,2023-04-11
P6507,Moletom Canguru Amarela 6507,54.0,4.2,Algodão/Poliéster,2022-07-09
P6508,Conjunto Esportivo Verde 6508,210.49,4.7,Poliéster,2022-06-10
P6509,Moletom Básico Rosa 6509,202.33,4.1,Algodão/Poliéster,2024-06-02
P6510,Blusa Manga Longa Vermelha 6510,145.47,4.0,Viscose,2026-07-17
P6511,Saia Casual Branca 6511,313.97,4.3,Poliéster,2025-09-06
P6512,Camisa Manga Curta Azul 6512,84.3,4.5,Algodão,2021-12-28
P6513,Vestido Casual Marrom 6513,353.48,4.6,Viscose,2021-11-03
P6514,Saia Plissada Branca 6514,253.19,3.6,Poliéster,2022-06-30
P6515,Vestido Floral Azul 6515,103.68,4.2,Viscose,2025-02-25
P6516,Conjunto Casual Azul 6516,88.06,4.5,Algodão,2021-01-18
P6517,Conjunto Casual Preta 6517,80.25,3.9,Algodão,2024-12-28
P6518,Bermuda Cargo Rosa 6518,394.36,4.1,Sarja,2024-04-15
P6519,Blazer Slim Rosa 6519,272.47,4.6,Poliéster,2024-09-27
P6520,Jaqueta Jeans Branca 6520,200.47,4.2,Denim,2025-11-16
P6521,Saia Midi Bege 6521,134.61,4.8,Poliéster,2024-05-07
P6522,Camiseta Básica Preta 6522,65.45,4.1,Algodão,2024-07-10
P6523,Blusa Manga Longa Preta 6523,262.8,3.6,Viscose,2023-09-21
P6524,Conjunto Moletom Vermelha 6524,252.42,4.3,Algodão/Poliéster,2024-09-10
P6525,Blazer Casual Bege 6525,117.79,4.3,Poliéster,2023-02-26
P6526,Conjunto Esportivo Bege 6526,303.06,4.3,Poliéster,2021-05-18
P6527,Camisa Manga Curta Verde 6527,366.19,4.9,Algodão,2021-02-22
P6528,Blusa Básica Branca 6528,217.98,4.1,Viscose,2025-01-18
P6529,Calça Jogger Verde 6529,303.44,4.6,Sarja,2024-08-11
P6530,Regata Básica Branca 6530,167.51,3.7,Algodão,2023-04-27
P6531,Camiseta Oversized Cinza 6531,158.54,4.9,Algodão,2025-03-25
P6532,Regata Básica Bege 6532,69.4,4.4,Algodão,2023-09-08
P6533,Calça Jeans Cinza 6533,265.33,4.2,Sarja,2022-06-12
P6534,Moletom Canguru Rosa 6534,186.07,3.9,Algodão/Poliéster,2024-04-25
P6535,Camisa Manga Curta Azul 6535,68.27,4.7,Algodão,2023-02-22
P6536,Blazer Slim Amarela 6536,274.87,4.5,Poliéster,2026-07-12
P6537,Calça Cargo Marrom 6537,305.74,4.6,Sarja,2025-02-01
P6538,Camisa Manga Curta Cinza 6538,132.79,4.3,Algodão,2025-03-28
P6539,Bermuda Esportiva Branca 6539,230.18,4.0,Sarja,2024-11-24
P6540,Calça Social Rosa 6540,172.53,4.2,Sarja,2024-11-16
P6541,Regata Esportiva Rosa 6541,233.86,4.7,Algodão,2025-05-19
P6542,Regata Básica Verde 6542,181.64,4.1,Algodão,2023-06-13
P6543,Blusa Manga Longa Cinza 6543,169.04,4.2,Viscose,2025-08-28
P6544,Jaqueta Puffer Bege 6544,252.32,3.8,Poliéster,2021-03-13
P6545,Bermuda Cargo Rosa 6545,187.14,4.3,Sarja,2024-10-10
P6546,Calça Jeans Cinza 6546,47.2,4.6,Sarja,2024-01-20
P6547,Regata Esportiva Azul 6547,339.78,4.5,Algodão,2021-01-18
P6548,Camisa Manga Curta Vermelha 6548,126.51,4.7,Algodão,2024-09-29
P6549,Jaqueta Puffer Bege 6549,251.69,4.6,Poliéster,2021-01-05
P6550,Calça Social Rosa 6550,157.65,4.1,Sarja,2024-12-27
P6551,Jaqueta Corta-Vento Preta 6551,113.02,4.2,Nylon,2023-12-21
P6552,Calça Jeans Vermelha 6552,386.5,4.5,Sarja,2024-06-11
P6553,Blusa Social Rosa 6553,126.75,4.5,Viscose,2024-06-15
P6554,Moletom Estampado Bege 6554,302.04,4.6,Algodão/Poliéster,2022-09-14
P6555,Conjunto Casual Cinza 6555,44.17,4.2,Algodão,2024-07-11
P6556,Bermuda Cargo Azul 6556,240.0,3.4,Sarja,2022-04-03
P6557,Regata Canelada Bege 6557,399.89,3.9,Algodão,2025-04-19
P6558,Calça Sarja Bege 6558,182.72,4.3,Sarja,2021-07-06
P6559,Vestido Midi Bege 6559,138.98,4.8,Viscose,2021-10-21
P6560,Blusa Básica Marrom 6560,361.9,4.0,Viscose,2024-12-25
P6561,Saia Jeans Bege 6561,374.34,3.9,Poliéster,2021-04-30
P6562,Vestido Midi Vermelha 6562,328.58,4.8,Viscose,2026-07-02
P6563,Camisa Manga Curta Verde 6563,250.22,3.5,Algodão,2021-03-05
P6564,Blazer Casual Preta 6564,375.32,4.2,Poliéster,2023-12-23
P6565,Blazer Casual Verde 6565,355.62,3.5,Poliéster,2026-07-30
P6566,Saia Casual Preta 6566,178.36,4.7,Poliéster,2024-10-24
P6567,Jaqueta Corta-Vento Preta 6567,355.26,3.4,Nylon,2024-08-01
P6568,Moletom Estampado Preta 6568,313.31,4.7,Algodão/Poliéster,2024-12-03
P6569,Saia Plissada Preta 6569,363.02,3.7,Poliéster,2025-01-01
P6570,Camisa Linho Vermelha 6570,148.09,4.0,Algodão,2021-12-01
P6571,Blazer Casual Bege 6571,358.93,4.3,Poliéster,2022-10-01
P6572,Conjunto Moletom Marrom 6572,289.9,3.9,Algodão/Poliéster,2022-02-01
P6573,Regata Básica Marrom 6573,132.65,3.8,Algodão,2022-03-15
P6574,Regata Esportiva Preta 6574,332.28,4.8,Algodão,2022-03-07
P6575,Vestido Midi Azul 6575,241.25,4.4,Viscose,2024-08-12
P6576,Jaqueta Corta-Vento Rosa 6576,110.15,4.4,Nylon,2026-04-15
P6577,Moletom Canguru Marrom 6577,365.75,4.3,Algodão/Poliéster,2024-03-02
P6578,Moletom Estampado Rosa 6578,137.31,4.2,Algodão/Poliéster,2021-02-02
P6579,Blusa Manga Longa Bege 6579,98.26,4.3,Viscose,2024-12-03
P6580,Blazer Slim Cinza 6580,138.54,4.6,Poliéster,2024-01-25
P6581,Moletom Básico Preta 6581,176.54,4.3,Algodão/Poliéster,2025-05-28
P6582,Vestido Casual Rosa 6582,132.7,4.4,Viscose,2023-02-20
P6583,Regata Básica Branca 6583,318.66,4.9,Algodão,2023-06-06
P6584,Saia Midi Bege 6584,269.94,3.9,Poliéster,2024-09-26
P6585,Moletom Com Capuz Cinza 6585,103.31,3.9,Algodão/Poliéster,2025-01-04
P6586,Calça Social Cinza 6586,96.11,3.2,Sarja,2022-04-02
P6587,Camisa Flanela Vermelha 6587,58.11,4.1,Algodão,2024-04-28
P6588,Blusa Básica Amarela 6588,109.38,4.4,Viscose,2026-06-12
P6589,Blazer Social Verde 6589,399.89,3.7,Poliéster,2021-05-14
P6590,Saia Casual Branca 6590,334.18,4.4,Poliéster,2022-11-17
P6591,Bermuda Moletom Preta 6591,59.71,4.2,Sarja,2024-01-10
P6592,Camiseta Slim Cinza 6592,312.44,4.5,Algodão,2026-03-31
P6593,Calça Jogger Marrom 6593,95.45,3.8,Sarja,2026-06-27
P6594,Saia Casual Vermelha 6594,199.08,4.2,Poliéster,2024-05-04
P6595,Camiseta Estampada Verde 6595,93.91,4.0,Algodão,2024-02-06
P6596,Blazer Slim Vermelha 6596,100.9,4.9,Poliéster,2023-05-08
P6597,Calça Social Rosa 6597,108.07,4.2,Sarja,2023-07-11
P6598,Shorts Jeans 6598,100.25,4.0,Algodão,2025-02-27
P6599,Saia Casual Vermelha 6599,219.36,4.6,Poliéster,2024-02-01
P6600,Blusa Básica Cinza 6600,205.2,5.0,Viscose,2024-02-19
P6601,Camisa Flanela Bege 6601,64.09,4.8,Algodão,2025-10-13
P6602,Camiseta Estampada Preta 6602,272.79,4.8,Algodão,2021-10-14
P6603,Conjunto Esportivo Azul 6603,286.75,3.6,Poliéster,2026-06-05
P6604,Camiseta Slim Rosa 6604,119.02,4.0,Algodão,2024-12-28
P6605,Saia Midi Preta 6605,225.83,4.1,Poliéster,2024-04-28
P6606,Camiseta Básica Rosa 6606,45.03,4.3,Algodão,2024-04-13
P6607,Calça Jeans Vermelha 6607,399.89,4.3,Sarja,2024-04-08
P6608,Blazer Slim Bege 6608,160.3,3.8,Poliéster,2024-03-16
P6609,Bermuda Jeans Amarela 6609,305.97,4.2,Sarja,2022-12-27
P6610,Moletom Canguru Preta 6610,330.04,4.0,Algodão/Poliéster,2025-03-08
P6611,Calça Sarja Azul 6611,209.45,3.9,Sarja,2022-06-07
P6612,Moletom Básico Vermelha 6612,211.23,3.8,Algodão/Poliéster,2024-09-14
P6613,Blusa Social Amarela 6613,203.66,4.4,Viscose,2023-12-26
P6614,Camisa Manga Curta Azul 6614,76.61,4.8,Algodão,2023-01-28
P6615,Regata Esportiva Marrom 6615,309.41,4.2,Algodão,2025-07-22
P6616,Camisa Linho Verde 6616,192.98,4.5,Algodão,2022-10-21
P6617,Blazer Casual Preta 6617,134.44,3.8,Poliéster,2024-09-26
P6618,Regata Esportiva Rosa 6618,251.97,4.6,Algodão,2022-06-03
P6619,Saia Casual Marrom 6619,283.55,4.8,Poliéster,2022-02-19
P6620,Moletom Estampado Amarela 6620,355.61,4.0,Algodão/Poliéster,2024-04-04
P6621,Vestido Longo Cinza 6621,103.73,4.1,Viscose,2026-07-12
P6622,Vestido Floral Marrom 6622,370.57,4.4,Viscose,2022-09-13
P6623,Conjunto Esportivo Marrom 6623,399.89,3.8,Poliéster,2021-08-25
P6624,Calça Jogger Rosa 6624,396.79,4.7,Sarja,2021-09-07
P6625,Saia Jeans Amarela 6625,320.52,4.2,Poliéster,2023-10-15
P6626,Camiseta Polo Amarela 6626,394.24,4.3,Algodão,2025-06-08
P6627,Vestido Casual 6627,140.88,4.6,Viscose,2025-01-13
P6628,Calça Cargo Preta 6628,264.36,4.1,Sarja,2022-03-09
P6629,Conjunto Moletom Verde 6629,43.94,3.9,Algodão/Poliéster,2025-09-24
P6630,Saia Casual Preta 6630,399.89,4.6,Poliéster,2021-12-08
P6631,Camisa Social Preta 6631,140.37,4.2,Algodão,2024-03-03
P6632,Blusa Manga Longa Marrom 6632,356.63,3.7,Viscose,2025-10-23
P6633,Calça Social Cinza 6633,290.79,3.5,Sarja,2025-07-30
P6634,Vestido Casual Rosa 6634,322.14,4.4,Viscose,2024-12-23
P6635,Blazer Casual Marrom 6635,324.9,4.0,Poliéster,2022-11-16
P6636,Jaqueta Corta-Vento Rosa 6636,108.78,4.4,Nylon,2025-05-05
P6637,Camisa Social Rosa 6637,204.98,4.6,Algodão,2023-03-11
P6638,Calça Cargo Branca 6638,356.41,4.8,Sarja,2022-12-26
P6639,Saia Jeans Cinza 6639,224.48,4.7,Poliéster,2024-01-08
P6640,Regata Esportiva Preta 6640,116.84,3.7,Algodão,2024-07-01
P6641,Regata Básica Azul 6641,111.26,4.0,Algodão,2022-03-09
P6642,Camisa Flanela Amarela 6642,67.16,5.0,Algodão,2026-04-13
P6643,Bermuda Moletom Azul 6643,334.51,4.4,Sarja,2025-11-29
P6644,Conjunto Esportivo Amarela 6644,306.14,4.6,Poliéster,2022-08-08
P6645,Blusa Social Vermelha 6645,241.59,4.2,Viscose,2022-05-16
P6646,Regata Esportiva Verde 6646,283.66,5.0,Algodão,2021-05-23
P6647,Calça Sarja Rosa 6647,198.32,5.0,Sarja,2023-04-21
P6648,Camisa Linho Amarela 6648,267.64,4.7,Algodão,2021-12-20
P6649,Blazer Casual Preta 6649,118.28,3.7,Poliéster,2026-04-10
P6650,Blazer Slim Vermelha 6650,79.88,3.8,Poliéster,2026-01-31
P6651,Bermuda Moletom Branca 6651,135.13,3.1,Sarja,2025-09-11
P6652,Regata Esportiva Verde 6652,366.37,4.0,Algodão,2022-08-06
P6653,Jaqueta Puffer Verde 6653,67.09,5.0,Poliéster,2024-11-28
P6654,Bermuda Jeans Branca 6654,65.69,4.6,Sarja,2023-10-14
P6655,Camisa Social Rosa 6655,61.85,4.2,Algodão,2022-07-20
P6656,Blusa Canelada Preta 6656,171.76,4.9,Viscose,2024-01-12
P6657,Moletom Estampado Bege 6657,122.87,4.7,Algodão/Poliéster,2021-12-09
P6658,Blusa Canelada Preta 6658,62.34,4.2,Viscose,2026-06-10
P6659,Blusa Social Amarela 6659,210.01,4.0,Viscose,2021-12-05
P6660,Conjunto Casual Marrom 6660,272.19,4.7,Algodão,2022-09-16
P6661,Regata Esportiva Preta 6661,333.55,3.9,Algodão,2022-04-04
P6662,Camiseta Estampada Verde 6662,347.79,4.5,Algodão,2023-12-15
P6663,Bermuda Esportiva Preta 6663,321.86,4.2,Sarja,2024-10-22
P6664,Camisa Flanela Amarela 6664,380.99,3.4,Algodão,2026-06-06
P6665,Camiseta Básica Marrom 6665,91.32,4.3,Algodão,2023-03-16
P6666,Conjunto Esportivo Marrom 6666,359.16,3.6,Poliéster,2022-02-21
P6667,Regata Esportiva Rosa 6667,47.67,4.3,Algodão,2021-02-14
P6668,Regata Básica Marrom 6668,315.98,4.4,Algodão,2024-05-22
P6669,Regata Básica Verde 6669,100.84,4.4,Algodão,2026-07-19
P6670,Saia Casual Preta 6670,87.28,4.4,Poliéster,2021-05-12
P6671,Vestido Casual Azul 6671,174.37,4.3,Viscose,2026-08-24
P6672,Vestido Floral Marrom 6672,399.89,4.6,Viscose,2022-06-29
P6673,Saia Midi Preta 6673,201.82,4.0,Poliéster,2026-02-23
P6674,Moletom Básico Azul 6674,397.65,4.6,Algodão/Poliéster,2021-05-24
P6675,Regata Esportiva Preta 6675,332.99,3.8,Algodão,2026-01-20
P6676,Blazer Social Verde 6676,201.94,4.8,Poliéster,2022-11-15
P6677,Blazer Social Azul 6677,142.64,2.8,Poliéster,2022-07-23
P6678,Bermuda Moletom Preta 6678,127.47,4.3,Sarja,2022-03-04
P6679,Saia Midi Preta 6679,83.9,3.4,Poliéster,2021-10-04
P6680,Moletom Canguru Preta 6680,185.46,4.7,Algodão/Poliéster,2025-07-10
P6681,Moletom Básico Vermelha 6681,215.56,3.6,Algodão/Poliéster,2021-05-24
P6682,Blusa Canelada Preta 6682,115.12,3.8,Viscose,2023-08-17
P6683,Jaqueta Bomber Bege 6683,325.97,3.9,Poliéster,2026-05-17
P6684,Moletom Canguru Preta 6684,183.97,4.8,Algodão/Poliéster,2023-04-18
P6685,Camisa Social Bege 6685,63.15,4.2,Algodão,2025-09-08
P6686,Moletom Canguru Cinza 6686,271.76,4.9,Algodão/Poliéster,2024-12-03
P6687,Blusa Manga Longa Verde 6687,224.91,3.8,Viscose,2025-07-04
P6688,Saia Jeans Azul 6688,55.27,4.3,Poliéster,2026-05-14
P6689,Calça Sarja Cinza 6689,158.93,4.2,Sarja,2021-07-22
P6690,Blazer Casual Verde 6690,399.89,4.3,Poliéster,2022-09-16
P6691,Calça Cargo 6691,171.68,4.1,Sarja,2022-10-28
P6692,Calça Cargo Amarela 6692,86.33,3.9,Sarja,2021-05-19
P6693,Saia Midi Bege 6693,123.5,4.9,Poliéster,2021-08-08
P6694,Moletom Com Capuz Branca 6694,48.56,4.9,Algodão/Poliéster,2021-08-16
P6695,Blusa Básica Azul 6695,266.07,3.2,Viscose,2026-05-19
P6696,Conjunto Moletom Marrom 6696,155.79,4.0,Algodão/Poliéster,2025-11-09
P6697,Blusa Básica Marrom 6697,230.17,4.9,Viscose,2024-05-02
P6698,Bermuda Cargo Vermelha 6698,274.98,4.6,Sarja,2025-10-17
P6699,Regata Canelada Bege 6699,147.06,5.0,Algodão,2022-12-13
P6700,Calça Jogger Amarela 6700,130.76,3.5,Sarja,2023-09-11
P6701,Regata Esportiva Preta 6701,322.08,4.9,Algodão,2026-01-03
P6702,Vestido Floral Amarela 6702,54.05,4.2,Viscose,2021-11-02
P6703,Bermuda Jeans Branca 6703,399.89,4.8,Sarja,2021-10-30
P6704,Camisa Manga Curta Cinza 6704,383.59,4.1,Algodão,2023-12-26
P6705,Camiseta Básica Bege 6705,86.33,3.9,Algodão,2022-06-07
P6706,Jaqueta Puffer Azul 6706,74.1,3.8,Poliéster,2024-10-14
P6707,Blusa Social Preta 6707,92.25,3.5,Viscose,2024-08-08
P6708,Saia Jeans Vermelha 6708,94.67,4.5,Poliéster,2022-11-19
P6709,Camiseta Estampada Marrom 6709,241.16,4.2,Algodão,2021-08-28
P6710,Bermuda Jeans Rosa 6710,197.16,3.8,Sarja,2021-06-20
P6711,Camisa Manga Curta Preta 6711,85.4,4.8,Algodão,2023-07-06
P6712,Camiseta Estampada Rosa 6712,282.37,3.7,Algodão,2022-10-29
P6713,Moletom Canguru Marrom 6713,221.63,3.8,Algodão/Poliéster,2021-03-12
P6714,Jaqueta Corta-Vento Rosa 6714,328.45,4.5,Nylon,2024-11-29
P6715,Blusa Canelada Amarela 6715,277.05,4.7,Viscose,2026-06-04
P6716,Blazer Casual Bege 6716,293.87,4.0,Poliéster,2026-07-18
P6717,Moletom Básico Bege 6717,297.02,3.3,Algodão/Poliéster,2021-09-01
P6718,Blusa Básica Rosa 6718,208.58,4.2,Viscose,2022-01-29
P6719,Camiseta Estampada Amarela 6719,357.3,4.3,Algodão,2023-06-13
P6720,Moletom Canguru Rosa 6720,104.79,5.0,Algodão/Poliéster,2026-03-08
P6721,Blusa Canelada Verde 6721,228.94,3.9,Viscose,2024-04-03
P6722,Saia Jeans Branca 6722,195.75,4.1,Poliéster,2023-08-03
P6723,Bermuda Cargo Marrom 6723,236.66,4.3,Sarja,2026-03-31
P6724,Camisa Flanela Verde 6724,63.99,3.7,Algodão,2024-10-04
P6725,Bermuda Moletom Vermelha 6725,122.16,4.6,Sarja,2026-07-31
P6726,Camiseta Slim Cinza 6726,235.36,3.9,Algodão,2025-11-22
P6727,Saia Plissada Branca 6727,300.72,4.7,Poliéster,2026-08-28
P6728,Moletom Canguru Marrom 6728,209.87,3.7,Algodão/Poliéster,2024-02-28
P6729,Moletom Com Capuz Verde 6729,88.57,4.5,Algodão/Poliéster,2023-02-14
P6730,Blusa Social Preta 6730,76.11,4.7,Viscose,2021-05-08
P6731,Bermuda Moletom Bege 6731,203.41,3.6,Sarja,2025-02-19
P6732,Blazer Social Vermelha 6732,304.22,4.1,Poliéster,2022-07-04
P6733,Moletom Básico Marrom 6733,314.08,3.6,Algodão/Poliéster,2021-01-23
P6734,Regata Básica Azul 6734,399.89,5.0,Algodão,2025-07-20
P6735,Camisa Linho Rosa 6735,43.93,4.5,Algodão,2023-05-28
P6736,Camiseta Slim Marrom 6736,219.19,4.7,Algodão,2024-02-18
P6737,Jaqueta Corta-Vento Verde 6737,150.99,4.4,Nylon,2025-06-11
P6738,Camiseta Slim Branca 6738,369.1,4.3,Algodão,2022-11-12
P6739,Blazer Slim Marrom 6739,190.38,4.3,Poliéster,2025-08-17
P6740,Blazer Slim Amarela 6740,312.99,3.6,Poliéster,2024-04-21
P6741,Bermuda Moletom Verde 6741,307.17,3.8,Sarja,2024-03-20
P6742,Blazer Slim Verde 6742,242.44,4.3,Poliéster,2022-07-10
P6743,Saia Jeans Rosa 6743,43.36,3.6,Poliéster,2025-06-21
P6744,Blusa Social Cinza 6744,83.74,4.3,Viscose,2022-05-14
P6745,Bermuda Esportiva Branca 6745,184.52,4.1,Sarja,2024-07-04
P6746,Moletom Estampado Amarela 6746,356.7,3.9,Algodão/Poliéster,2025-09-10
P6747,Calça Cargo Marrom 6747,253.45,4.7,Sarja,2021-08-29
P6748,Vestido Casual Marrom 6748,319.04,4.4,Viscose,2023-04-08
P6749,Blusa Básica Verde 6749,68.41,4.5,Viscose,2024-11-02
P6750,Blusa Manga Longa Branca 6750,92.81,4.1,Viscose,2022-07-21
P6751,Bermuda Jeans Rosa 6751,206.43,4.1,Sarja,2021-02-27
P6752,Calça Sarja Branca 6752,57.93,4.0,Sarja,2023-04-27
P6753,Jaqueta Bomber Preta 6753,286.6,4.6,Poliéster,2023-10-25
P6754,Bermuda Jeans Amarela 6754,362.68,4.1,Sarja,2026-03-20
P6755,Vestido Midi Bege 6755,154.07,4.4,Viscose,2025-07-29
P6756,Camiseta Polo Branca 6756,274.97,4.2,Algodão,2022-01-10
P6757,Calça Social Preta 6757,399.89,4.9,Sarja,2022-07-28
P6758,Vestido Casual Amarela 6758,205.56,4.3,Viscose,2022-01-19
P6759,Camiseta Estampada Bege 6759,106.8,3.0,Algodão,2026-02-28
P6760,Vestido Longo Amarela 6760,377.7,4.8,Viscose,2023-01-02
P6761,Blazer Social Marrom 6761,239.41,4.3,Poliéster,2026-01-18
P6762,Regata Esportiva Verde 6762,49.03,4.3,Algodão,2021-05-06
P6763,Camiseta Oversized Verde 6763,279.73,4.5,Algodão,2024-03-02
P6764,Blusa Manga Longa Amarela 6764,337.95,4.3,Viscose,2021-06-05
P6765,Calça Sarja Azul 6765,109.36,3.8,Sarja,2024-02-22
P6766,Calça Jogger Marrom 6766,235.77,3.5,Sarja,2021-01-23
P6767,Camisa Social Branca 6767,182.86,4.1,Algodão,2021-11-20
P6768,Camisa Flanela Amarela 6768,153.31,3.7,Algodão,2021-10-30
P6769,Camiseta Oversized Azul 6769,258.84,4.5,Algodão,2025-01-07
P6770,Vestido Midi Preta 6770,66.51,4.4,Viscose,2024-08-17
P6771,Conjunto Moletom Branca 6771,77.29,3.9,Algodão/Poliéster,2024-03-01
P6772,Conjunto Moletom Verde 6772,43.63,4.1,Algodão/Poliéster,2022-02-11
P6773,Conjunto Moletom Preta 6773,380.26,4.1,Algodão/Poliéster,2022-07-04
P6774,Conjunto Esportivo Marrom 6774,365.87,4.1,Poliéster,2023-02-21
P6775,Vestido Casual Marrom 6775,399.89,4.2,Viscose,2026-07-19
P6776,Jaqueta Corta-Vento Preta 6776,122.37,4.4,Nylon,2024-12-30
P6777,Saia Jeans Marrom 6777,360.39,4.4,Poliéster,2021-03-07
P6778,Camisa Flanela Azul 6778,375.09,3.7,Algodão,2021-03-07
P6779,Blazer Slim Marrom 6779,149.91,4.3,Poliéster,2022-12-21
P6780,Conjunto Moletom Azul 6780,332.46,5.0,Algodão/Poliéster,2022-03-09
P6781,Blusa Canelada Vermelha 6781,59.68,4.7,Viscose,2023-04-23
P6782,Blusa Manga Longa Preta 6782,72.67,5.0,Viscose,2026-08-23
P6783,Vestido Casual Bege 6783,195.48,4.2,Viscose,2022-02-09
P6784,Saia Midi Amarela 6784,68.46,4.5,Poliéster,2024-05-20
P6785,Saia Midi Bege 6785,356.31,3.8,Poliéster,2023-09-26
P6786,Camisa Manga Curta Marrom 6786,99.28,4.7,Algodão,2024-09-27
P6787,Moletom Estampado Amarela 6787,285.24,4.4,Algodão/Poliéster,2024-02-06
P6788,Blazer Casual Branca 6788,97.99,4.8,Poliéster,2023-12-04
P6789,Blazer Social Cinza 6789,315.9,4.4,Poliéster,2022-07-26
P6790,Saia Midi Vermelha 6790,215.33,4.2,Poliéster,2026-06-22
P6791,Vestido Longo Bege 6791,116.44,3.7,Viscose,2022-07-08
P6792,Blusa Canelada Cinza 6792,76.21,4.1,Viscose,2021-10-26
P6793,Vestido Midi Marrom 6793,304.99,4.0,Viscose,2021-07-18
P6794,Blusa Básica Cinza 6794,302.4,4.8,Viscose,2021-05-20
P6795,Camisa Social Rosa 6795,266.82,4.2,Algodão,2023-01-01
P6796,Regata Esportiva Branca 6796,192.46,4.0,Algodão,2025-08-16
P6797,Vestido Casual Cinza 6797,189.93,4.5,Viscose,2021-11-16
P6798,Moletom Estampado Vermelha 6798,304.67,4.0,Algodão/Poliéster,2021-01-09
P6799,Calça Cargo Rosa 6799,273.47,4.1,Sarja,2024-01-02
P6800,Jaqueta Corta-Vento Bege 6800,359.4,4.6,Nylon,2024-03-07
P6801,Regata Básica Azul 6801,163.04,3.9,Algodão,2024-03-11
P6802,Bermuda Cargo Azul 6802,99.06,4.1,Sarja,2021-01-03
P6803,Calça Social Bege 6803,210.52,5.0,Sarja,2022-02-25
P6804,Jaqueta Jeans Bege 6804,221.6,4.3,Denim,2022-12-22
P6805,Blazer Casual Bege 6805,399.89,3.9,Poliéster,2025-03-11
P6806,Blazer Slim Verde 6806,130.26,4.4,Poliéster,2024-09-08
P6807,Bermuda Moletom Rosa 6807,184.94,4.6,Sarja,2025-08-13
P6808,Regata Esportiva Marrom 6808,242.32,3.3,Algodão,2024-02-07
P6809,Camiseta Polo Vermelha 6809,312.88,4.2,Algodão,2023-04-15
P6810,Saia Casual Preta 6810,233.14,4.7,Poliéster,2024-03-04
P6811,Saia Midi Preta 6811,63.85,5.0,Poliéster,2023-03-08
P6812,Saia Casual Marrom 6812,167.42,4.8,Poliéster,2021-11-22
P6813,Bermuda Cargo Vermelha 6813,286.05,4.0,Sarja,2024-04-06
P6814,Blazer Social Azul 6814,166.82,3.0,Poliéster,2022-09-02
P6815,Camiseta Oversized Amarela 6815,127.52,4.2,Algodão,2022-07-02
P6816,Jaqueta Jeans Rosa 6816,200.76,4.8,Denim,2025-01-09
P6817,Camisa Manga Curta Vermelha 6817,399.89,4.5,Algodão,2021-05-17
P6818,Camisa Linho Rosa 6818,257.25,4.7,Algodão,2021-02-18
P6819,Camisa Manga Curta Marrom 6819,246.78,4.8,Algodão,2023-01-07
P6820,Bermuda Moletom Cinza 6820,198.82,3.7,Sarja,2024-05-16
P6821,Saia Plissada Azul 6821,162.48,4.6,Poliéster,2025-10-04
P6822,Calça Sarja Bege 6822,345.14,4.1,Sarja,2023-12-06
P6823,Saia Plissada Cinza 6823,126.17,4.0,Poliéster,2022-06-20
P6824,Camisa Social Vermelha 6824,161.63,4.2,Algodão,2022-12-13
P6825,Camisa Social Branca 6825,57.97,4.3,Algodão,2023-02-23
P6826,Saia Casual Preta 6826,157.3,4.4,Poliéster,2022-11-24
P6827,Camiseta Slim Azul 6827,80.68,3.7,Algodão,2024-10-15
P6828,Calça Jogger Branca 6828,354.74,4.5,Sarja,2025-07-12
P6829,Camisa Social Branca 6829,269.8,3.6,Algodão,2025-01-06
P6830,Calça Social Marrom 6830,243.08,4.3,Sarja,2023-03-02
P6831,Regata Canelada Branca 6831,271.16,3.9,Algodão,2022-08-18
P6832,Bermuda Esportiva Cinza 6832,383.68,4.3,Sarja,2021-06-15
P6833,Camiseta Polo Vermelha 6833,336.11,4.3,Algodão,2025-07-09
P6834,Moletom Básico Preta 6834,115.52,4.9,Algodão/Poliéster,2026-06-14
P6835,Moletom Estampado Preta 6835,141.73,4.8,Algodão/Poliéster,2021-04-24
P6836,Bermuda Esportiva Preta 6836,72.27,3.9,Sarja,2021-09-27
P6837,Blazer Casual Marrom 6837,138.97,4.1,Poliéster,2022-03-20
P6838,Calça Jeans Cinza 6838,316.78,5.0,Sarja,2025-07-08
P6839,Vestido Midi Vermelha 6839,338.41,4.2,Viscose,2022-03-24
P6840,Conjunto Esportivo Marrom 6840,219.56,4.5,Poliéster,2021-01-29
P6841,Moletom Básico Marrom 6841,295.23,3.5,Algodão/Poliéster,2022-11-26
P6842,Moletom Estampado Vermelha 6842,266.87,4.1,Algodão/Poliéster,2023-01-24
P6843,Saia Plissada Branca 6843,274.88,4.4,Poliéster,2023-03-29
P6844,Blazer Slim Azul 6844,63.62,4.6,Poliéster,2023-12-02
P6845,Regata Básica Vermelha 6845,89.26,4.4,Algodão,2022-05-16
P6846,Regata Esportiva Azul 6846,88.93,4.5,Algodão,2021-03-03
P6847,Camiseta Oversized Vermelha 6847,165.66,4.3,Algodão,2021-08-11
P6848,Camisa Linho Bege 6848,257.14,4.6,Algodão,2025-02-27
P6849,Conjunto Moletom Branca 6849,275.2,4.1,Algodão/Poliéster,2024-09-26
P6850,Blusa Manga Longa Marrom 6850,143.23,4.9,Viscose,2022-06-24
P6851,Moletom Básico Rosa 6851,181.17,4.9,Algodão/Poliéster,2026-05-01
P6852,Blusa Canelada Cinza 6852,259.28,4.3,Viscose,2024-01-25
P6853,Jaqueta Puffer Verde 6853,373.67,3.7,Poliéster,2025-07-07
P6854,Jaqueta Puffer Azul 6854,273.24,4.3,Poliéster,2025-06-28
P6855,Camiseta Básica Marrom 6855,220.38,4.1,Algodão,2022-09-13
P6856,Blazer Casual Bege 6856,375.56,4.1,Poliéster,2024-05-08
P6857,Blusa Social Amarela 6857,151.63,4.2,Viscose,2024-05-12
P6858,Camiseta Slim Azul 6858,243.84,4.3,Algodão,2023-08-01
P6859,Regata Canelada Vermelha 6859,219.61,4.8,Algodão,2024-08-07
P6860,Camisa Flanela Bege 6860,246.34,4.2,Algodão,2022-11-27
P6861,Regata Esportiva Azul 6861,95.28,3.9,Algodão,2021-07-22
P6862,Saia Jeans Branca 6862,344.52,4.0,Poliéster,2021-04-04
P6863,Moletom Canguru Preta 6863,71.38,3.9,Algodão/Poliéster,2023-07-14
P6864,Blusa Básica Cinza 6864,288.24,3.8,Viscose,2026-03-05
P6865,Moletom Com Capuz Azul 6865,58.88,3.8,Algodão/Poliéster,2022-03-20
P6866,Bermuda Esportiva Branca 6866,166.74,3.2,Sarja,2024-05-09
P6867,Regata Esportiva Cinza 6867,200.73,4.2,Algodão,2021-12-06
P6868,Bermuda Cargo Verde 6868,169.16,4.2,Sarja,2024-07-30
P6869,Jaqueta Bomber Bege 6869,221.04,3.9,Poliéster,2022-01-16
P6870,Jaqueta Bomber Bege 6870,316.37,4.2,Poliéster,2023-07-01
P6871,Regata Canelada Branca 6871,103.49,5.0,Algodão,2025-07-31
P6872,Conjunto Casual Branca 6872,291.07,4.4,Algodão,2023-02-11
P6873,Regata Esportiva Azul 6873,98.33,3.9,Algodão,2026-04-17
P6874,Conjunto Esportivo Verde 6874,221.66,4.6,Poliéster,2021-04-07
P6875,Saia Casual Verde 6875,306.96,4.8,Poliéster,2021-06-23
P6876,Camiseta Slim Preta 6876,62.41,4.3,Algodão,2021-12-16
P6877,Camiseta Slim Azul 6877,362.18,4.5,Algodão,2022-05-20
P6878,Jaqueta Corta-Vento Vermelha 6878,356.31,3.9,Nylon,2023-05-31
P6879,Bermuda Jeans Rosa 6879,399.89,3.9,Sarja,2026-03-06
P6880,Saia Midi Amarela 6880,78.17,4.4,Poliéster,2022-05-16
P6881,Camisa Social Azul 6881,358.83,4.2,Algodão,2023-01-09
P6882,Camisa Social Verde 6882,97.47,4.0,Algodão,2021-04-02
P6883,Calça Sarja Azul 6883,296.91,3.4,Sarja,2025-01-18
P6884,Calça Jogger Verde 6884,313.57,4.9,Sarja,2024-02-04
P6885,Boné 6885,53.44,3.9,Algodão,2021-04-04
P6886,Blusa Básica Amarela 6886,57.37,4.6,Viscose,2023-08-19
P6887,Calça Jogger Bege 6887,128.67,3.8,Sarja,2022-03-29
P6888,Saia Plissada Azul 6888,174.3,4.6,Poliéster,2023-05-22
P6889,Camiseta Estampada Rosa 6889,228.93,4.2,Algodão,2022-08-12
P6890,Camisa Manga Curta Rosa 6890,226.5,4.5,Algodão,2025-06-11
P6891,Calça Jeans Branca 6891,357.02,4.2,Sarja,2021-04-29
P6892,Jaqueta Bomber Verde 6892,114.59,4.7,Poliéster,2024-05-25
P6893,Vestido Casual Rosa 6893,80.74,4.1,Viscose,2025-06-30
P6894,Camisa Social Branca 6894,215.04,4.4,Algodão,2021-01-03
P6895,Conjunto Esportivo Branca 6895,221.75,5.0,Poliéster,2026-02-15
P6896,Saia Plissada Azul 6896,252.45,4.4,Poliéster,2025-04-26
P6897,Vestido Midi Vermelha 6897,332.49,4.0,Viscose,2022-08-01
P6898,Blusa Social Rosa 6898,197.51,4.5,Viscose,2023-09-26
P6899,Camiseta Slim Rosa 6899,115.78,4.3,Algodão,2024-11-09
P6900,Blazer Slim Branca 6900,364.29,4.4,Poliéster,2023-12-06
P6901,Conjunto Casual Verde 6901,251.49,3.6,Algodão,2025-04-15
P6902,Conjunto Casual Verde 6902,267.07,4.9,Algodão,2026-01-15
P6903,Saia Casual Amarela 6903,111.25,4.5,Poliéster,2023-01-11
P6904,Camisa Social Bege 6904,314.72,4.0,Algodão,2021-08-14
P6905,Regata Esportiva Branca 6905,182.77,3.9,Algodão,2023-06-12
P6906,Blusa Canelada Verde 6906,159.34,3.7,Viscose,2024-05-25
P6907,Camisa Manga Curta Preta 6907,95.53,4.7,Algodão,2025-05-23
P6908,Jaqueta Jeans Azul 6908,246.6,4.9,Denim,2022-08-07
P6909,Calça Sarja Azul 6909,155.09,4.4,Sarja,2026-04-05
P6910,Calça Sarja Preta 6910,40.18,4.2,Sarja,2021-03-17
P6911,Camiseta Slim Rosa 6911,363.34,4.1,Algodão,2024-04-16
P6912,Moletom Canguru Bege 6912,190.98,3.5,Algodão/Poliéster,2023-06-24
P6913,Moletom Canguru Verde 6913,310.6,4.2,Algodão/Poliéster,2024-12-08
P6914,Blazer Social Verde 6914,386.15,3.7,Poliéster,2022-08-10
P6915,Saia Casual Azul 6915,213.61,4.4,Poliéster,2026-04-13
P6916,Blazer Casual Marrom 6916,328.6,3.8,Poliéster,2021-01-04
P6917,Moletom Com Capuz Marrom 6917,81.6,4.4,Algodão/Poliéster,2025-08-15
P6918,Bermuda Esportiva Vermelha 6918,321.81,4.0,Sarja,2023-10-17
P6919,Saia Midi Bege 6919,365.52,3.9,Poliéster,2023-12-04
P6920,Saia Plissada Bege 6920,374.81,4.6,Poliéster,2022-10-06
P6921,Camiseta Slim Verde 6921,58.15,4.2,Algodão,2023-03-22
P6922,Camisa Manga Curta Vermelha 6922,399.89,4.9,Algodão,2023-06-18
P6923,Saia Casual Verde 6923,68.67,2.9,Poliéster,2022-10-06
P6924,Camisa Social Preta 6924,197.59,4.2,Algodão,2021-01-25
P6925,Jaqueta Puffer Verde 6925,57.56,4.8,Poliéster,2023-04-09
P6926,Blazer Casual Preta 6926,204.72,4.5,Poliéster,2023-04-12
P6927,Blazer Slim Branca 6927,142.86,4.4,Poliéster,2025-02-02
P6928,Blusa Manga Longa Preta 6928,61.72,5.0,Viscose,2023-09-01
P6929,Camiseta Polo Cinza 6929,356.45,4.5,Algodão,2024-02-11
P6930,Bermuda Moletom Branca 6930,300.73,4.6,Sarja,2023-08-23
P6931,Calça Social Cinza 6931,135.15,5.0,Sarja,2023-05-28
P6932,Conjunto Moletom Vermelha 6932,251.22,3.7,Algodão/Poliéster,2025-01-23
P6933,Calça Social Rosa 6933,100.97,3.8,Sarja,2024-10-29
P6934,Camisa Linho Rosa 6934,42.48,4.6,Algodão,2026-08-13
P6935,Jaqueta Jeans Cinza 6935,107.44,3.9,Denim,2023-10-25
P6936,Regata Canelada Bege 6936,369.56,4.5,Algodão,2021-02-27
P6937,Camiseta Slim Preta 6937,399.89,4.2,Algodão,2024-04-25
P6938,Calça Social Azul 6938,194.11,5.0,Sarja,2023-03-31
P6939,Moletom Com Capuz Branca 6939,97.06,3.9,Algodão/Poliéster,2021-07-18
P6940,Camiseta Oversized Marrom 6940,148.19,4.1,Algodão,2025-11-08
P6941,Regata Básica Verde 6941,228.38,3.7,Algodão,2024-08-02
P6942,Bermuda Cargo Rosa 6942,222.44,4.7,Sarja,2024-07-18
P6943,Camisa Flanela Bege 6943,379.47,4.7,Algodão,2024-08-09
P6944,Saia Casual Verde 6944,385.23,3.8,Poliéster,2026-07-29
P6945,Vestido Longo Vermelha 6945,122.17,4.1,Viscose,2024-11-24
P6946,Camisa Manga Curta Cinza 6946,121.39,4.4,Algodão,2025-01-16
P6947,Blazer Social Verde 6947,250.17,4.8,Poliéster,2025-04-03
P6948,Moletom Básico Azul 6948,227.77,4.3,Algodão/Poliéster,2025-02-07
P6949,Bermuda Moletom Verde 6949,291.81,3.8,Sarja,2024-12-27
P6950,Camisa Manga Curta Rosa 6950,42.83,4.4,Algodão,2021-06-07
P6951,Moletom Com Capuz Vermelha 6951,170.84,4.4,Algodão/Poliéster,2023-04-13
P6952,Blazer Social Verde 6952,254.73,4.1,Poliéster,2022-07-24
P6953,Blazer Slim Cinza 6953,273.97,4.6,Poliéster,2026-01-17
P6954,Regata Básica Verde 6954,392.46,3.6,Algodão,2024-04-22
P6955,Saia Jeans Rosa 6955,371.22,3.6,Poliéster,2023-12-04
P6956,Regata Básica Amarela 6956,72.97,5.0,Algodão,2023-12-17
P6957,Blusa Manga Longa Marrom 6957,356.36,4.4,Viscose,2024-11-12
P6958,Regata Esportiva Verde 6958,250.18,3.8,Algodão,2025-04-27
P6959,Bermuda Moletom Bege 6959,219.45,3.9,Sarja,2022-02-22
P6960,Saia Casual Vermelha 6960,183.17,5.0,Poliéster,2026-08-18
P6961,Bermuda Jeans Verde 6961,295.55,3.7,Sarja,2025-04-26
P6962,Moletom Com Capuz Marrom 6962,224.98,4.0,Algodão/Poliéster,2022-03-04
P6963,Bermuda Esportiva Azul 6963,109.91,4.0,Sarja,2024-06-07
P6964,Jaqueta Puffer Azul 6964,83.86,4.2,Poliéster,2023-06-06
P6965,Conjunto Esportivo Marrom 6965,220.51,4.2,Poliéster,2023-02-19
P6966,Conjunto Moletom Cinza 6966,221.81,4.0,Algodão/Poliéster,2025-11-29
P6967,Saia Jeans Marrom 6967,147.82,2.9,Poliéster,2022-08-14
P6968,Calça Jeans Marrom 6968,139.89,3.6,Sarja,2025-10-01
P6969,Saia Midi Azul 6969,52.9,4.5,Poliéster,2024-08-10
P6970,Blazer Social Bege 6970,226.21,4.7,Poliéster,2025-08-18
P6971,Saia Jeans Marrom 6971,262.46,3.8,Poliéster,2025-03-22
P6972,Conjunto Casual Rosa 6972,82.67,4.4,Algodão,2024-07-07
P6973,Blazer Slim Bege 6973,342.33,3.8,Poliéster,2022-01-30
P6974,Conjunto Esportivo Cinza 6974,132.67,3.8,Poliéster,2026-08-17
P6975,Regata Esportiva Cinza 6975,115.23,3.5,Algodão,2024-08-22
P6976,Vestido Casual Amarela 6976,215.6,4.0,Viscose,2023-01-11
P6977,Calça Jeans Branca 6977,363.42,4.1,Sarja,2022-06-15
P6978,Regata Esportiva Preta 6978,309.78,4.0,Algodão,2021-08-29
P6979,Camisa Social Amarela 6979,219.17,3.8,Algodão,2022-10-16
P6980,Saia Jeans Verde 6980,162.74,4.6,Poliéster,2021-10-02
P6981,Vestido Floral Azul 6981,284.57,4.1,Viscose,2026-01-12
P6982,Camiseta Básica Branca 6982,102.05,4.4,Algodão,2023-06-21
P6983,Saia Plissada Cinza 6983,72.95,4.4,Poliéster,2024-07-19
P6984,Jaqueta Puffer Bege 6984,332.68,4.1,Poliéster,2025-07-24
P6985,Camiseta Slim Marrom 6985,124.97,4.5,Algodão,2026-06-13
P6986,Regata Esportiva Branca 6986,356.2,3.8,Algodão,2023-07-26
P6987,Blusa Manga Longa Vermelha 6987,153.33,4.1,Viscose,2021-04-19
P6988,Camisa Social Amarela 6988,241.34,3.8,Algodão,2024-06-18
P6989,Bermuda Moletom Cinza 6989,221.48,3.9,Sarja,2026-05-14
P6990,Jaqueta Bomber Rosa 6990,268.56,4.4,Poliéster,2023-01-11
P6991,Blazer Casual Preta 6991,142.06,4.0,Poliéster,2021-07-31
P6992,Blusa Básica Branca 6992,240.37,4.1,Viscose,2025-01-18
P6993,Blusa Canelada Cinza 6993,96.69,4.2,Viscose,2024-07-08
P6994,Vestido Midi Amarela 6994,187.36,4.0,Viscose,2021-11-13
P6995,Jaqueta Puffer Cinza 6995,253.89,5.0,Poliéster,2021-01-08
P6996,Vestido Midi Bege 6996,158.09,4.6,Viscose,2023-12-13
P6997,Camisa Manga Curta Vermelha 6997,52.52,4.6,Algodão,2021-11-04
P6998,Regata Canelada Amarela 6998,124.36,4.4,Algodão,2022-01-19
P6999,Vestido Midi Rosa 6999,294.01,4.3,Viscose,2022-10-02
P7000,Camiseta Oversized Preta 7000,317.84,3.7,Algodão,2023-08-28
P7001,Blazer Slim Azul 7001,61.4,4.6,Poliéster,2025-08-20
P7002,Jaqueta Puffer Cinza 7002,303.18,4.7,Poliéster,2023-06-10
P7003,Bermuda Cargo Preta 7003,150.54,3.9,Sarja,2025-09-27
P7004,Moletom Básico Amarela 7004,231.2,4.6,Algodão/Poliéster,2024-06-04
P7005,Conjunto Esportivo Cinza 7005,121.41,3.8,Poliéster,2023-03-24
P7006,Vestido Midi Bege 7006,129.83,4.1,Viscose,2023-11-21
P7007,Regata Básica Azul 7007,399.89,4.3,Algodão,2021-10-20
P7008,Regata Esportiva Rosa 7008,75.99,4.4,Algodão,2026-07-12
P7009,Saia Plissada Branca 7009,241.55,3.9,Poliéster,2022-09-17
P7010,Camiseta Estampada Amarela 7010,361.34,3.3,Algodão,2026-02-06
P7011,Camisa Manga Curta Rosa 7011,133.25,4.4,Algodão,2024-08-27
P7012,Vestido Casual Amarela 7012,296.77,4.2,Viscose,2022-09-01
P7013,Calça Cargo Cinza 7013,374.52,4.4,Sarja,2023-10-04
P7014,Blusa Manga Longa Vermelha 7014,270.06,4.1,Viscose,2021-09-08
P7015,Camiseta Básica Vermelha 7015,98.09,3.7,Algodão,2024-06-27
P7016,Conjunto Esportivo Rosa 7016,41.47,3.7,Poliéster,2021-05-14
P7017,Vestido Floral Amarela 7017,53.16,4.2,Viscose,2024-08-15
P7018,Camiseta Polo Rosa 7018,326.77,4.3,Algodão,2022-02-14
P7019,Regata Canelada Bege 7019,253.42,5.0,Algodão,2021-09-24
P7020,Jaqueta Puffer Cinza 7020,272.52,5.0,Poliéster,2022-04-05
P7021,Calça Jeans Preta 7021,354.69,4.9,Sarja,2021-07-04
P7022,Vestido Floral Verde 7022,198.15,5.0,Viscose,2026-01-13
P7023,Camisa Manga Curta Cinza 7023,337.55,3.7,Algodão,2026-04-21
P7024,Camiseta Estampada Preta 7024,82.36,4.7,Algodão,2026-03-29
P7025,Bermuda Jeans Amarela 7025,330.66,4.2,Sarja,2025-01-26
P7026,Calça Jeans Rosa 7026,122.28,4.7,Sarja,2022-04-22
P7027,Saia Plissada Bege 7027,330.05,3.5,Poliéster,2025-04-20
P7028,Camisa Linho Bege 7028,285.72,4.7,Algodão,2025-04-19
P7029,Conjunto Moletom Marrom 7029,286.69,4.4,Algodão/Poliéster,2022-05-05
P7030,Camiseta Estampada Branca 7030,107.12,4.7,Algodão,2025-09-26
P7031,Moletom Básico Preta 7031,326.24,4.5,Algodão/Poliéster,2026-08-25
P7032,Moletom Básico Bege 7032,287.93,4.6,Algodão/Poliéster,2023-02-21
P7033,Camiseta Oversized Azul 7033,185.93,4.0,Algodão,2024-05-02
P7034,Vestido Casual Cinza 7034,306.36,4.3,Viscose,2025-12-09
P7035,Camisa Manga Curta Verde 7035,262.44,3.3,Algodão,2022-06-27
P7036,Moletom Canguru Verde 7036,65.81,4.3,Algodão/Poliéster,2026-08-08
P7037,Vestido Midi Rosa 7037,290.25,3.5,Viscose,2022-09-20
P7038,Blazer Casual Verde 7038,180.4,4.8,Poliéster,2026-06-26
P7039,Moletom Canguru Preta 7039,154.87,4.1,Algodão/Poliéster,2022-04-30
P7040,Calça Cargo Marrom 7040,123.85,4.4,Sarja,2025-03-16
P7041,Calça Cargo Cinza 7041,144.45,4.2,Sarja,2023-12-23
P7042,Vestido Casual Vermelha 7042,366.47,3.2,Viscose,2023-02-08
P7043,Vestido Casual Cinza 7043,179.53,3.7,Viscose,2023-06-28
P7044,Blusa Canelada Rosa 7044,92.8,4.6,Viscose,2022-04-15
P7045,Jaqueta Puffer Cinza 7045,136.7,4.2,Poliéster,2024-10-22
P7046,Camisa Manga Curta Rosa 7046,42.61,4.0,Algodão,2026-08-17
P7047,Vestido Casual Azul 7047,122.11,4.8,Viscose,2024-04-26
P7048,Blusa Manga Longa Marrom 7048,270.46,3.8,Viscose,2022-07-26
P7049,Vestido Longo Cinza 7049,296.93,4.9,Viscose,2024-10-17
P7050,Moletom Canguru Verde 7050,341.03,4.6,Algodão/Poliéster,2023-06-27
P7051,Calça Sarja Vermelha 7051,108.64,4.5,Sarja,2026-03-21
P7052,Calça Jogger Marrom 7052,198.87,4.1,Sarja,2022-07-01
P7053,Calça Social Azul 7053,54.15,3.3,Sarja,2023-12-09
P7054,Regata Esportiva Bege 7054,282.69,4.2,Algodão,2023-10-24
P7055,Bermuda Cargo Azul 7055,144.42,4.6,Sarja,2026-01-07
P7056,Bermuda Jeans Branca 7056,204.66,4.0,Sarja,2021-08-17
P7057,Moletom Canguru Bege 7057,210.29,4.6,Algodão/Poliéster,2024-07-02
P7058,Regata Esportiva Rosa 7058,82.25,4.2,Algodão,2025-08-01
P7059,Jaqueta Corta-Vento Amarela 7059,342.17,4.3,Nylon,2023-01-18
P7060,Conjunto Esportivo Bege 7060,62.66,4.4,Poliéster,2023-11-12
P7061,Camiseta Oversized Marrom 7061,69.55,4.7,Algodão,2022-09-02
P7062,Bermuda Jeans Verde 7062,65.59,3.9,Sarja,2023-05-18
P7063,Bermuda Esportiva Amarela 7063,338.62,4.4,Sarja,2026-05-20
P7064,Jaqueta Puffer Bege 7064,148.0,4.7,Poliéster,2023-01-22
P7065,Regata Básica Amarela 7065,194.76,5.0,Algodão,2022-02-22
P7066,Regata Canelada Vermelha 7066,155.03,4.7,Algodão,2024-04-14
P7067,Bermuda Cargo Vermelha 7067,294.56,4.0,Sarja,2023-08-31
P7068,Camiseta Polo Rosa 7068,368.71,3.9,Algodão,2025-06-02
P7069,Camisa Flanela Branca 7069,134.45,4.6,Algodão,2021-03-17
P7070,Conjunto Moletom Azul 7070,50.67,4.1,Algodão/Poliéster,2026-02-11
P7071,Vestido Casual Cinza 7071,275.13,4.1,Viscose,2024-12-23
P7072,Jaqueta Bomber Preta 7072,180.0,3.5,Poliéster,2025-10-08
P7073,Vestido Casual Rosa 7073,354.08,4.5,Viscose,2023-04-24
P7074,Jaqueta Puffer Marrom 7074,244.32,3.9,Poliéster,2023-07-11
P7075,Regata Básica Verde 7075,322.86,3.4,Algodão,2022-11-24
P7076,Regata Básica Vermelha 7076,157.57,3.8,Algodão,2025-09-22
P7077,Camisa Linho Rosa 7077,251.49,4.4,Algodão,2021-05-28
P7078,Jaqueta Jeans Azul 7078,210.77,4.0,Denim,2023-12-30
P7079,Moletom Básico Amarela 7079,218.48,3.5,Algodão/Poliéster,2022-06-22
P7080,Jaqueta Puffer Bege 7080,323.11,4.5,Poliéster,2024-08-13
P7081,Saia Casual Preta 7081,124.95,3.9,Poliéster,2026-06-18
P7082,Vestido Floral Marrom 7082,236.83,3.9,Viscose,2024-10-27
P7083,Camiseta Básica 7083,62.99,4.4,Algodão,2021-04-02
P7084,Calça Sarja Azul 7084,80.11,4.1,Sarja,2023-04-07
P7085,Moletom Básico Azul 7085,244.9,4.3,Algodão/Poliéster,2021-03-06
P7086,Camiseta Estampada Vermelha 7086,219.75,4.8,Algodão,2023-10-03
P7087,Vestido Casual Marrom 7087,302.12,4.3,Viscose,2021-12-26
P7088,Camiseta Básica Bege 7088,384.68,4.4,Algodão,2024-12-03
P7089,Blusa Canelada Marrom 7089,325.53,3.8,Viscose,2024-01-09
P7090,Bermuda Esportiva Preta 7090,70.6,4.1,Sarja,2022-09-30
P7091,Blazer Slim Cinza 7091,312.11,4.5,Poliéster,2025-11-09
P7092,Camisa Flanela Preta 7092,179.34,4.9,Algodão,2025-03-26
P7093,Vestido Longo Vermelha 7093,366.04,4.7,Viscose,2024-07-21
P7094,Camiseta Estampada Azul 7094,74.3,3.4,Algodão,2023-01-03
P7095,Blusa Social Bege 7095,246.25,4.6,Viscose,2022-07-18
P7096,Camisa Linho Branca 7096,352.84,4.6,Algodão,2024-04-26
P7097,Vestido Floral Verde 7097,373.01,4.2,Viscose,2025-06-23
P7098,Saia Jeans Marrom 7098,109.07,4.1,Poliéster,2025-09-30
P7099,Camiseta Oversized Branca 7099,134.9,4.8,Algodão,2025-05-28
P7100,Jaqueta Corta-Vento Vermelha 7100,104.43,4.7,Nylon,2021-02-18
P7101,Camiseta Estampada Verde 7101,205.67,4.9,Algodão,2026-07-31
P7102,Bermuda Jeans Bege 7102,165.03,4.0,Sarja,2022-05-13
P7103,Calça Social Branca 7103,214.59,4.4,Sarja,2021-01-21
P7104,Camisa Social Branca 7104,52.75,4.8,Algodão,2024-03-07
P7105,Moletom Básico Marrom 7105,130.4,4.3,Algodão/Poliéster,2023-08-01
P7106,Bermuda Moletom Amarela 7106,150.16,4.2,Sarja,2021-08-08
P7107,Calça Jeans Cinza 7107,98.44,4.5,Sarja,2022-03-20
P7108,Vestido Midi Bege 7108,123.57,3.9,Viscose,2022-03-02
P7109,Camiseta Oversized Vermelha 7109,315.12,3.7,Algodão,2023-06-29
P7110,Camisa Manga Curta Preta 7110,85.49,4.8,Algodão,2025-03-30
P7111,Blazer Casual Verde 7111,153.63,4.8,Poliéster,2024-11-12
P7112,Calça Social Azul 7112,320.7,3.9,Sarja,2021-02-23
P7113,Regata Canelada Azul 7113,147.5,4.3,Algodão,2021-12-26
P7114,Moletom Canguru Verde 7114,298.98,4.3,Algodão/Poliéster,2024-06-16
P7115,Camiseta Básica Bege 7115,399.89,3.9,Algodão,2025-07-20
P7116,Regata Canelada Vermelha 7116,219.67,5.0,Algodão,2021-03-12
P7117,Calça Jeans Cinza 7117,49.76,4.7,Sarja,2022-11-26
P7118,Vestido Floral Rosa 7118,244.54,3.4,Viscose,2021-08-28
P7119,Camisa Manga Curta Vermelha 7119,399.89,4.4,Algodão,2023-10-02
P7120,Regata Esportiva Vermelha 7120,135.99,4.2,Algodão,2023-03-19
P7121,Blazer Social Bege 7121,256.73,4.8,Poliéster,2021-12-26
P7122,Vestido Longo Cinza 7122,110.23,4.4,Viscose,2026-06-20
P7123,Saia Jeans Cinza 7123,233.16,4.6,Poliéster,2025-04-27
P7124,Calça Jeans Marrom 7124,169.67,4.4,Sarja,2024-02-04
P7125,Vestido Midi Vermelha 7125,399.89,4.7,Viscose,2025-05-03
P7126,Camisa Manga Curta Vermelha 7126,51.05,4.7,Algodão,2022-10-08
P7127,Conjunto Casual Cinza 7127,67.18,4.4,Algodão,2026-04-19
P7128,Camisa Social Bege 7128,70.56,4.2,Algodão,2023-05-02
P7129,Camiseta Slim Amarela 7129,335.02,5.0,Algodão,2023-03-10
P7130,Regata Esportiva Rosa 7130,157.29,4.2,Algodão,2024-03-22
P7131,Jaqueta Puffer Branca 7131,41.3,4.0,Poliéster,2024-04-11
P7132,Camisa Social Rosa 7132,256.12,4.1,Algodão,2024-07-05
P7133,Camiseta Oversized Vermelha 7133,173.9,4.3,Algodão,2025-09-19
P7134,Jaqueta Jeans Verde 7134,124.62,4.7,Denim,2022-07-09
P7135,Moletom Com Capuz Branca 7135,129.57,4.7,Algodão/Poliéster,2025-01-02
P7136,Vestido Longo Bege 7136,134.2,4.4,Viscose,2022-02-13
P7137,Bermuda Cargo Vermelha 7137,336.16,4.9,Sarja,2022-05-13
P7138,Moletom Canguru Bege 7138,329.7,4.3,Algodão/Poliéster,2023-10-22
P7139,Camisa Linho Amarela 7139,305.79,4.6,Algodão,2023-12-22
P7140,Vestido Midi Amarela 7140,185.94,4.7,Viscose,2024-08-27
P7141,Regata Básica Vermelha 7141,159.88,3.6,Algodão,2021-10-16
P7142,Calça Cargo Preta 7142,91.98,4.0,Sarja,2025-08-17
P7143,Camiseta Básica Vermelha 7143,83.93,3.6,Algodão,2024-02-27
P7144,Vestido Midi Azul 7144,140.89,4.7,Viscose,2024-05-11
P7145,Moletom Básico Bege 7145,307.61,4.4,Algodão/Poliéster,2025-03-26
P7146,Regata Básica Vermelha 7146,81.01,4.7,Algodão,2024-12-03
P7147,Vestido Midi Marrom 7147,140.96,4.4,Viscose,2023-06-07
P7148,Conjunto Esportivo Marrom 7148,374.0,3.7,Poliéster,2023-09-29
P7149,Blusa Social Verde 7149,324.12,4.4,Viscose,2022-04-27
P7150,Bermuda Cargo Verde 7150,50.6,3.7,Sarja,2024-03-18
P7151,Camiseta Polo Branca 7151,52.94,3.9,Algodão,2022-02-24
P7152,Blusa Canelada Branca 7152,224.23,5.0,Viscose,2024-08-07
P7153,Blusa Manga Longa Cinza 7153,189.37,4.3,Viscose,2023-05-15
P7154,Conjunto Moletom Preta 7154,388.25,4.4,Algodão/Poliéster,2022-05-04
P7155,Regata Esportiva Cinza 7155,127.77,3.6,Algodão,2023-09-12
P7156,Bermuda Cargo Rosa 7156,206.24,3.9,Sarja,2026-04-17
P7157,Calça Jogger Vermelha 7157,161.59,4.0,Sarja,2024-03-09
P7158,Camisa Social Rosa 7158,67.96,4.2,Algodão,2022-12-16
P7159,Blusa Canelada Marrom 7159,391.09,3.7,Viscose,2023-07-21
P7160,Saia Plissada Amarela 7160,399.89,4.4,Poliéster,2024-06-05
P7161,Saia Jeans Preta 7161,40.18,4.5,Poliéster,2021-11-14
P7162,Jaqueta Corta-Vento Verde 7162,130.34,4.1,Nylon,2024-03-06
P7163,Camisa Manga Curta Verde 7163,279.56,3.8,Algodão,2021-03-11
P7164,Blazer Slim Bege 7164,288.9,3.7,Poliéster,2025-11-01
P7165,Blazer Casual Branca 7165,214.78,3.8,Poliéster,2024-06-15
P7166,Blazer Slim Vermelha 7166,157.4,4.5,Poliéster,2021-08-24
P7167,Conjunto Moletom Preta 7167,363.18,4.2,Algodão/Poliéster,2023-08-23
P7168,Blazer Casual Marrom 7168,364.56,4.3,Poliéster,2026-01-04
P7169,Camisa Flanela Branca 7169,242.29,4.7,Algodão,2026-06-20
P7170,Vestido Social 7170,211.87,4.4,Viscose,2021-10-11
P7171,Regata Básica Preta 7171,82.89,3.5,Algodão,2022-07-14
P7172,Blazer Social Verde 7172,375.54,4.3,Poliéster,2021-10-27
P7173,Bermuda Jeans Rosa 7173,225.75,3.6,Sarja,2023-02-03
P7174,Saia Jeans Verde 7174,117.6,4.4,Poliéster,2025-11-20
P7175,Calça Jeans Vermelha 7175,375.42,4.5,Sarja,2025-01-01
P7176,Jaqueta Jeans Marrom 7176,246.07,3.8,Denim,2022-06-16
P7177,Regata Canelada Amarela 7177,307.69,4.3,Algodão,2022-11-05
P7178,Camiseta Oversized Azul 7178,45.95,4.5,Algodão,2024-06-19
P7179,Regata Esportiva Azul 7179,175.66,4.8,Algodão,2024-05-20
P7180,Jaqueta Puffer Bege 7180,303.65,4.3,Poliéster,2023-08-18
P7181,Moletom Estampado Bege 7181,59.39,4.1,Algodão/Poliéster,2023-05-22
P7182,Camiseta Estampada Marrom 7182,216.64,4.1,Algodão,2026-04-17
P7183,Jaqueta Corta-Vento Vermelha 7183,268.24,5.0,Nylon,2023-11-08
P7184,Saia Plissada Bege 7184,294.65,4.1,Poliéster,2025-06-07
P7185,Camiseta Polo Bege 7185,164.15,4.3,Algodão,2026-06-09
P7186,Saia Midi Azul 7186,302.23,4.4,Poliéster,2022-11-25
P7187,Bermuda Cargo Marrom 7187,204.82,3.7,Sarja,2025-05-31
P7188,Bermuda Moletom Rosa 7188,320.56,3.9,Sarja,2025-08-11
P7189,Moletom Básico Bege 7189,189.2,3.5,Algodão/Poliéster,2022-03-30
P7190,Conjunto Moletom Branca 7190,91.81,3.8,Algodão/Poliéster,2022-04-13
P7191,Blusa Canelada Rosa 7191,354.95,4.1,Viscose,2021-12-01
P7192,Regata Esportiva Bege 7192,274.75,4.2,Algodão,2024-06-27
P7193,Calça Cargo Branca 7193,399.89,4.7,Sarja,2025-04-25
P7194,Bermuda Cargo Vermelha 7194,307.53,4.5,Sarja,2025-04-05
P7195,Blusa Social Verde 7195,269.44,4.5,Viscose,2023-03-14
P7196,Camiseta Oversized Rosa 7196,55.84,4.0,Algodão,2024-12-25
P7197,Saia Midi Vermelha 7197,109.97,4.4,Poliéster,2021-03-03
P7198,Regata Esportiva Cinza 7198,293.05,3.8,Algodão,2024-09-20
P7199,Conjunto Moletom Branca 7199,109.05,3.9,Algodão/Poliéster,2023-09-08
P7200,Blazer Social Amarela 7200,344.04,3.9,Poliéster,2025-09-14
P7201,Moletom Canguru Preta 7201,334.01,4.3,Algodão/Poliéster,2026-06-26
P7202,Bermuda Cargo Preta 7202,151.51,3.6,Sarja,2024-02-25
P7203,Moletom Básico Bege 7203,325.67,4.3,Algodão/Poliéster,2024-07-10
P7204,Regata Esportiva Branca 7204,74.68,4.2,Algodão,2026-04-05
P7205,Blusa Básica Branca 7205,264.37,3.9,Viscose,2022-12-12
P7206,Camisa Linho Bege 7206,74.79,4.8,Algodão,2021-10-27
P7207,Bermuda Jeans Marrom 7207,266.68,4.5,Sarja,2023-11-14
P7208,Blazer Slim Verde 7208,121.53,4.2,Poliéster,2023-01-06
P7209,Blazer Casual Rosa 7209,54.39,4.5,Poliéster,2024-08-06
P7210,Bermuda Jeans Vermelha 7210,40.18,4.0,Sarja,2025-06-09
P7211,Calça Social Verde 7211,317.84,3.8,Sarja,2023-11-09
P7212,Blazer Casual Azul 7212,320.37,3.5,Poliéster,2022-09-30
P7213,Blazer Slim Verde 7213,253.97,4.3,Poliéster,2024-03-14
P7214,Moletom Básico Preta 7214,119.4,4.0,Algodão/Poliéster,2023-07-06
P7215,Blazer Slim Marrom 7215,376.72,3.6,Poliéster,2022-01-20
P7216,Camiseta Estampada Branca 7216,101.08,4.5,Algodão,2025-05-19
P7217,Blusa Social Amarela 7217,196.38,4.1,Viscose,2022-11-19
P7218,Saia Midi Rosa 7218,300.9,3.9,Poliéster,2024-01-20
P7219,Camisa Flanela Verde 7219,55.66,3.9,Algodão,2026-02-23
P7220,Calça Cargo Cinza 7220,148.46,4.3,Sarja,2022-01-24
P7221,Moletom Básico Vermelha 7221,103.9,4.7,Algodão/Poliéster,2023-06-03
P7222,Calça Cargo Amarela 7222,176.83,4.2,Sarja,2021-12-28
P7223,Bermuda Esportiva Azul 7223,191.17,4.5,Sarja,2023-06-23
P7224,Regata Canelada Amarela 7224,115.74,4.6,Algodão,2022-09-16
P7225,Bermuda Esportiva Vermelha 7225,61.78,4.6,Sarja,2026-03-10
P7226,Conjunto Moletom Rosa 7226,323.32,4.0,Algodão/Poliéster,2022-09-19
P7227,Bermuda Moletom Verde 7227,345.9,4.2,Sarja,2024-06-24
P7228,Conjunto Esportivo Cinza 7228,131.68,3.8,Poliéster,2021-10-10
P7229,Jaqueta Corta-Vento Rosa 7229,181.56,4.6,Nylon,2023-08-02
P7230,Conjunto Casual Cinza 7230,186.68,4.1,Algodão,2025-09-23
P7231,Conjunto Casual Cinza 7231,91.86,4.7,Algodão,2024-10-22
P7232,Blazer Casual Bege 7232,87.25,4.2,Poliéster,2022-08-08
P7233,Calça Social Cinza 7233,127.96,3.5,Sarja,2026-07-04
P7234,Vestido Longo Bege 7234,114.65,4.1,Viscose,2025-07-18
P7235,Jaqueta Bomber Bege 7235,227.03,3.9,Poliéster,2023-04-13
P7236,Moletom Estampado Verde 7236,207.5,4.4,Algodão/Poliéster,2026-07-08
P7237,Saia Casual Amarela 7237,101.3,3.7,Poliéster,2022-01-23
P7238,Regata Canelada Cinza 7238,269.87,4.0,Algodão,2022-11-18
P7239,Camiseta Básica Marrom 7239,378.04,4.1,Algodão,2026-04-10
P7240,Bermuda Jeans Branca 7240,214.44,4.2,Sarja,2026-07-01
P7241,Calça Cargo Cinza 7241,149.64,4.2,Sarja,2025-08-31
P7242,Vestido Floral Bege 7242,312.13,5.0,Viscose,2022-01-31
P7243,Vestido Casual Cinza 7243,322.36,3.9,Viscose,2022-03-29
P7244,Bermuda Cargo Bege 7244,43.46,4.9,Sarja,2024-09-01
P7245,Calça Cargo Cinza 7245,137.52,4.3,Sarja,2021-04-26
P7246,Moletom Canguru Preta 7246,399.89,4.0,Algodão/Poliéster,2026-08-13
P7247,Saia Jeans Amarela 7247,399.89,4.1,Poliéster,2026-05-02
P7248,Bermuda Moletom Cinza 7248,211.42,3.7,Sarja,2025-07-31
P7249,Regata Canelada Bege 7249,335.78,3.2,Algodão,2026-06-27
P7250,Moletom Básico Branca 7250,122.92,3.8,Algodão/Poliéster,2022-04-21
P7251,Blazer Casual Cinza 7251,322.64,4.4,Poliéster,2025-12-29
P7252,Blusa Social Rosa 7252,399.89,4.5,Viscose,2022-06-17
P7253,Blazer Casual Preta 7253,146.13,4.8,Poliéster,2021-09-08
P7254,Regata Esportiva Marrom 7254,333.6,4.2,Algodão,2022-06-27
P7255,Conjunto Casual Verde 7255,266.65,3.7,Algodão,2025-05-22
P7256,Regata Esportiva Marrom 7256,267.24,3.7,Algodão,2026-05-06
P7257,Vestido Longo Azul 7257,102.54,4.0,Viscose,2024-06-20
P7258,Camiseta Básica Amarela 7258,398.09,4.6,Algodão,2022-05-23
P7259,Jaqueta Bomber Vermelha 7259,123.81,5.0,Poliéster,2024-05-28
P7260,Bermuda Esportiva Marrom 7260,299.91,4.3,Sarja,2023-11-21
P7261,Bermuda Cargo Amarela 7261,272.07,4.2,Sarja,2023-12-08
P7262,Bermuda Moletom Vermelha 7262,250.96,4.5,Sarja,2022-12-25
P7263,Vestido Floral Bege 7263,238.45,2.9,Viscose,2021-10-14
P7264,Conjunto Casual Preta 7264,264.82,4.1,Algodão,2023-01-18
P7265,Blazer Casual Vermelha 7265,217.36,3.6,Poliéster,2026-01-17
P7266,Regata Canelada Preta 7266,283.78,4.5,Algodão,2023-04-25
P7267,Bermuda Jeans Bege 7267,217.97,3.8,Sarja,2021-02-12
P7268,Blazer Slim Branca 7268,285.73,4.6,Poliéster,2022-12-15
P7269,Camiseta Slim Preta 7269,228.39,4.0,Algodão,2023-08-12
P7270,Camiseta Estampada Bege 7270,399.89,3.6,Algodão,2024-05-26
P7271,Bermuda Cargo Cinza 7271,89.47,4.2,Sarja,2024-08-20
P7272,Vestido Casual Cinza 7272,236.94,4.6,Viscose,2023-05-31
P7273,Blusa Canelada Rosa 7273,225.63,4.5,Viscose,2021-10-24
P7274,Jaqueta Corta-Vento Preta 7274,337.11,3.9,Nylon,2023-07-02
P7275,Saia Jeans Cinza 7275,249.41,4.4,Poliéster,2021-01-07
P7276,Blazer Slim Azul 7276,326.51,5.0,Poliéster,2023-11-13
P7277,Blazer Casual Azul 7277,68.2,3.9,Poliéster,2023-07-11
P7278,Camiseta Slim Cinza 7278,92.47,4.4,Algodão,2023-01-07
P7279,Regata Canelada Rosa 7279,365.32,3.7,Algodão,2024-10-01
P7280,Blusa Canelada Preta 7280,161.86,4.9,Viscose,2025-04-11
P7281,Saia Plissada Amarela 7281,334.43,4.4,Poliéster,2022-06-30
P7282,Blusa Manga Longa Branca 7282,363.87,4.1,Viscose,2023-11-08
P7283,Moletom Com Capuz Amarela 7283,261.76,4.3,Algodão/Poliéster,2023-11-21
P7284,Camiseta Polo Verde 7284,133.08,4.8,Algodão,2023-11-20
P7285,Regata Canelada Bege 7285,92.67,4.1,Algodão,2023-04-15
P7286,Camisa Social Preta 7286,57.06,4.0,Algodão,2022-03-11
P7287,Camisa Manga Curta Verde 7287,229.85,4.0,Algodão,2021-12-21
P7288,Moletom Com Capuz Branca 7288,44.96,5.0,Algodão/Poliéster,2021-03-05
P7289,Bermuda Moletom Verde 7289,286.39,4.0,Sarja,2021-04-18
P7290,Jaqueta Bomber Branca 7290,60.83,5.0,Poliéster,2025-08-02
P7291,Saia Jeans Branca 7291,396.78,4.2,Poliéster,2021-05-25
P7292,Moletom Canguru Branca 7292,171.78,4.7,Algodão/Poliéster,2025-11-05
P7293,Saia Casual Preta 7293,164.29,4.5,Poliéster,2026-01-29
P7294,Blusa Básica Cinza 7294,213.35,5.0,Viscose,2022-05-15
P7295,Saia Jeans Rosa 7295,236.68,4.1,Poliéster,2023-07-06
P7296,Calça Sarja Azul 7296,175.76,4.3,Sarja,2023-01-15
P7297,Shorts Jeans 7297,96.64,4.2,Algodão,2023-03-26
P7298,Saia Plissada Bege 7298,138.53,5.0,Poliéster,2023-01-11
P7299,Bermuda Cargo Branca 7299,242.79,4.3,Sarja,2022-12-10
P7300,Moletom Com Capuz Azul 7300,271.55,4.6,Algodão/Poliéster,2024-11-16
P7301,Calça Jeans Cinza 7301,287.46,4.9,Sarja,2023-05-04
P7302,Bermuda Cargo Amarela 7302,244.27,4.1,Sarja,2022-01-23
P7303,Conjunto Moletom Preta 7303,375.02,4.1,Algodão/Poliéster,2023-02-23
P7304,Vestido Midi Vermelha 7304,301.53,4.7,Viscose,2026-07-18
P7305,Moletom Estampado Preta 7305,356.81,4.6,Algodão/Poliéster,2026-08-06
P7306,Bermuda Esportiva Branca 7306,303.73,4.4,Sarja,2021-05-08
P7307,Camisa Social Amarela 7307,100.28,3.6,Algodão,2024-04-06
P7308,Vestido Floral Azul 7308,359.88,4.1,Viscose,2026-07-08
P7309,Calça Jeans Cinza 7309,335.44,4.7,Sarja,2022-02-06
P7310,Blazer Slim Verde 7310,268.65,4.2,Poliéster,2021-05-23
P7311,Jaqueta Jeans Branca 7311,316.28,4.4,Denim,2022-03-15
P7312,Blusa Manga Longa Cinza 7312,151.76,4.2,Viscose,2022-10-19
P7313,Bermuda Jeans Branca 7313,59.23,4.8,Sarja,2026-04-18
P7314,Moletom Com Capuz Verde 7314,343.88,5.0,Algodão/Poliéster,2022-06-03
P7315,Saia Jeans Branca 7315,162.94,3.9,Poliéster,2022-11-18
P7316,Jaqueta Jeans Azul 7316,367.14,4.3,Denim,2022-06-22
P7317,Calça Jogger Branca 7317,371.51,4.6,Sarja,2023-03-22
P7318,Conjunto Moletom Cinza 7318,202.07,4.0,Algodão/Poliéster,2026-08-20
P7319,Blazer Slim Verde 7319,170.92,4.0,Poliéster,2021-06-23
P7320,Saia Jeans Marrom 7320,140.56,3.0,Poliéster,2023-08-07
P7321,Bermuda Cargo Vermelha 7321,341.91,4.9,Sarja,2024-06-24
P7322,Blusa Manga Longa Vermelha 7322,174.05,4.2,Viscose,2021-09-05
P7323,Vestido Floral Marrom 7323,381.78,4.4,Viscose,2021-04-02
P7324,Blazer Casual Cinza 7324,72.85,3.7,Poliéster,2026-07-26
P7325,Moletom Canguru Verde 7325,361.87,4.3,Algodão/Poliéster,2022-07-11
P7326,Moletom Com Capuz Verde 7326,291.36,5.0,Algodão/Poliéster,2022-05-18
P7327,Jaqueta Jeans Azul 7327,399.89,4.7,Denim,2022-12-23
P7328,Vestido Floral Marrom 7328,51.25,4.3,Viscose,2021-05-31
P7329,Bermuda Jeans Rosa 7329,359.65,4.2,Sarja,2021-11-01
P7330,Moletom Básico Rosa 7330,200.96,4.0,Algodão/Poliéster,2021-02-20
P7331,Blusa Canelada Rosa 7331,85.99,4.3,Viscose,2024-01-12
P7332,Saia Casual Preta 7332,214.62,4.7,Poliéster,2023-08-17
P7333,Calça Cargo Rosa 7333,263.21,4.1,Sarja,2022-07-22
P7334,Camiseta Polo Rosa 7334,353.51,3.8,Algodão,2026-03-16
P7335,Vestido Longo Rosa 7335,279.85,4.9,Viscose,2022-09-24
P7336,Vestido Casual Vermelha 7336,119.79,4.2,Viscose,2021-02-05
P7337,Blusa Social Azul 7337,238.0,4.7,Viscose,2021-07-26
P7338,Camisa Social Preta 7338,55.08,3.8,Algodão,2025-02-09
P7339,Conjunto Casual Verde 7339,340.12,4.2,Algodão,2024-01-09
P7340,Vestido Longo Rosa 7340,164.78,4.2,Viscose,2022-06-23
P7341,Blusa Canelada Preta 7341,45.29,3.8,Viscose,2022-05-27
P7342,Moletom Básico Preta 7342,169.86,4.1,Algodão/Poliéster,2022-03-30
P7343,Bermuda Cargo Bege 7343,372.48,4.0,Sarja,2023-05-23
P7344,Blazer Slim Bege 7344,177.25,4.6,Poliéster,2024-12-27
P7345,Camisa Manga Curta Preta 7345,88.81,4.5,Algodão,2024-08-13
P7346,Blazer Slim Branca 7346,162.78,4.5,Poliéster,2025-03-28
P7347,Conjunto Casual Marrom 7347,254.0,4.7,Algodão,2021-03-27
P7348,Camiseta Básica Rosa 7348,42.91,4.4,Algodão,2024-03-02
P7349,Saia Plissada Preta 7349,356.34,3.6,Poliéster,2025-05-01
P7350,Regata Esportiva Verde 7350,162.77,5.0,Algodão,2022-02-23
P7351,Moletom Canguru Verde 7351,52.53,4.2,Algodão/Poliéster,2024-04-20
P7352,Blazer Casual Bege 7352,263.96,4.0,Poliéster,2021-01-14
P7353,Vestido Casual Bege 7353,84.81,3.9,Viscose,2026-02-26
P7354,Camisa Linho Verde 7354,95.58,4.5,Algodão,2025-03-06
P7355,Bermuda Esportiva Preta 7355,195.53,4.2,Sarja,2024-07-13
P7356,Camisa Flanela Verde 7356,77.1,3.7,Algodão,2024-05-25
P7357,Camiseta Estampada Preta 7357,275.44,4.2,Algodão,2024-10-18
P7358,Calça Sarja Rosa 7358,161.61,5.0,Sarja,2023-05-25
P7359,Vestido Midi Preta 7359,163.45,4.7,Viscose,2026-06-24
P7360,Calça Sarja Azul 7360,105.35,4.6,Sarja,2022-03-18
P7361,Blazer Casual Marrom 7361,133.56,3.4,Poliéster,2025-08-05
P7362,Camisa Linho Cinza 7362,132.49,4.6,Algodão,2025-04-26
P7363,Blusa Social Rosa 7363,175.99,4.3,Viscose,2025-09-29
P7364,Camisa Manga Curta Cinza 7364,392.15,4.6,Algodão,2021-05-27
P7365,Bermuda Esportiva Vermelha 7365,328.99,4.0,Sarja,2023-07-10
P7366,Conjunto Moletom Branca 7366,282.44,3.9,Algodão/Poliéster,2024-08-22
P7367,Jaqueta Corta-Vento Rosa 7367,182.45,4.7,Nylon,2024-07-04
P7368,Blusa Social Rosa 7368,190.57,4.3,Viscose,2024-11-25
P7369,Blusa Social Preta 7369,71.82,4.7,Viscose,2024-08-05
P7370,Camisa Manga Curta Preta 7370,79.32,4.6,Algodão,2022-04-07
P7371,Bermuda Esportiva Preta 7371,156.87,4.1,Sarja,2025-09-09
P7372,Blusa Social Azul 7372,235.52,4.5,Viscose,2023-09-27
P7373,Camiseta Oversized Azul 7373,205.72,4.3,Algodão,2026-07-02
P7374,Bermuda Moletom Amarela 7374,354.87,4.9,Sarja,2023-12-13
P7375,Moletom Com Capuz Cinza 7375,158.09,4.3,Algodão/Poliéster,2024-01-18
P7376,Moletom Canguru Bege 7376,161.07,3.9,Algodão/Poliéster,2024-05-08
P7377,Moletom Básico Preta 7377,66.23,4.2,Algodão/Poliéster,2025-12-08
P7378,Calça Jeans Cinza 7378,46.56,4.8,Sarja,2026-02-08
P7379,Blusa Social Marrom 7379,115.07,4.5,Viscose,2024-04-24
P7380,Blusa Social Rosa 7380,272.9,3.9,Viscose,2024-02-05
P7381,Jaqueta Jeans Marrom 7381,229.17,3.8,Denim,2021-04-23
P7382,Camiseta Estampada Preta 7382,278.95,4.6,Algodão,2021-05-20
P7383,Calça Sarja Bege 7383,233.97,4.2,Sarja,2025-03-04
P7384,Conjunto Casual Rosa 7384,379.92,4.3,Algodão,2022-12-15
P7385,Saia Midi Vermelha 7385,270.23,5.0,Poliéster,2023-06-23
P7386,Moletom Com Capuz Preta 7386,178.72,3.8,Algodão/Poliéster,2024-07-24
P7387,Saia Jeans Preta 7387,104.0,3.3,Poliéster,2022-04-05
P7388,Conjunto Moletom Vermelha 7388,254.77,3.9,Algodão/Poliéster,2022-11-21
P7389,Calça Cargo Branca 7389,376.65,4.7,Sarja,2021-03-30
P7390,Calça Jogger Cinza 7390,182.89,5.0,Sarja,2025-05-08
P7391,Camisa Linho Preta 7391,57.52,4.4,Algodão,2023-11-19
P7392,Jaqueta Jeans Marrom 7392,226.28,3.5,Denim,2022-01-28
P7393,Regata Esportiva Cinza 7393,123.06,4.0,Algodão,2024-05-18
P7394,Jaqueta Bomber Vermelha 7394,196.18,5.0,Poliéster,2021-10-23
P7395,Bermuda Jeans Bege 7395,192.14,4.0,Sarja,2025-06-04
P7396,Moletom Estampado Branca 7396,92.89,4.7,Algodão/Poliéster,2022-04-24
P7397,Jaqueta Puffer Rosa 7397,176.42,4.4,Poliéster,2022-07-14
P7398,Camisa Social Amarela 7398,111.61,3.7,Algodão,2025-12-18
P7399,Regata Básica Bege 7399,183.1,4.8,Algodão,2025-03-18
P7400,Camisa Social Marrom 7400,356.97,4.4,Algodão,2024-11-09
P7401,Regata Esportiva Bege 7401,166.51,3.8,Algodão,2024-05-30
P7402,Blazer Slim Bege 7402,40.18,4.0,Poliéster,2023-12-12
P7403,Jaqueta Jeans Azul 7403,325.52,4.2,Denim,2022-02-02
P7404,Jaqueta Jeans Verde 7404,351.99,4.1,Denim,2022-09-14
P7405,Moletom Estampado Bege 7405,119.95,5.0,Algodão/Poliéster,2026-06-15
P7406,Bermuda Jeans Branca 7406,206.94,4.0,Sarja,2026-03-16
P7407,Blazer Social Amarela 7407,303.3,4.1,Poliéster,2025-02-11
P7408,Camisa Social Vermelha 7408,210.88,4.5,Algodão,2026-01-13
P7409,Regata Básica Cinza 7409,132.5,4.6,Algodão,2025-07-22
P7410,Bermuda Cargo Azul 7410,185.22,3.7,Sarja,2023-04-07
P7411,Camisa Linho Azul 7411,255.75,4.0,Algodão,2025-01-20
P7412,Regata Esportiva Cinza 7412,189.31,4.5,Algodão,2025-04-07
P7413,Blazer Slim Amarela 7413,284.95,4.6,Poliéster,2021-10-14
P7414,Vestido Floral Azul 7414,103.65,4.5,Viscose,2026-03-06
P7415,Bermuda Moletom Verde 7415,335.62,4.2,Sarja,2023-10-18
P7416,Jaqueta Jeans Marrom 7416,89.39,4.3,Denim,2022-10-11
P7417,Saia Casual Preta 7417,399.89,4.7,Poliéster,2023-09-08
P7418,Blusa Canelada Preta 7418,152.61,3.9,Viscose,2022-11-12
P7419,Saia Casual Amarela 7419,98.82,3.9,Poliéster,2022-11-19
P7420,Vestido Floral Amarela 7420,214.04,3.8,Viscose,2024-02-04
P7421,Regata Esportiva Cinza 7421,107.88,3.5,Algodão,2026-08-27
P7422,Jaqueta Jeans Preta 7422,188.92,3.3,Denim,2023-04-25
P7423,Calça Sarja Branca 7423,222.12,4.1,Sarja,2022-03-21
P7424,Saia Casual Marrom 7424,157.24,4.7,Poliéster,2025-04-25
P7425,Regata Canelada Bege 7425,131.98,5.0,Algodão,2022-09-03
P7426,Camiseta Básica Bege 7426,350.03,4.4,Algodão,2024-01-16
P7427,Camisa Linho Rosa 7427,48.59,4.6,Algodão,2022-06-09
P7428,Bermuda Jeans Rosa 7428,266.41,4.1,Sarja,2022-03-15
P7429,Camisa Manga Curta Azul 7429,62.26,4.9,Algodão,2022-06-06
P7430,Moletom Estampado Verde 7430,189.83,4.4,Algodão/Poliéster,2023-01-08
P7431,Saia Midi Amarela 7431,169.24,3.6,Poliéster,2026-06-01
P7432,Bermuda Cargo Vermelha 7432,155.91,3.8,Sarja,2024-10-20
P7433,Saia Plissada Vermelha 7433,143.39,4.1,Poliéster,2024-12-10
P7434,Bermuda Cargo Branca 7434,157.95,4.2,Sarja,2021-04-21
P7435,Blusa Manga Longa Cinza 7435,92.41,3.9,Viscose,2021-01-23
P7436,Blusa Canelada Rosa 7436,62.0,4.4,Viscose,2022-12-09
P7437,Saia Plissada Azul 7437,250.28,4.2,Poliéster,2026-01-11
P7438,Jaqueta Jeans Azul 7438,191.3,4.0,Denim,2021-02-03
P7439,Conjunto Esportivo Verde 7439,314.14,4.7,Poliéster,2025-05-05
P7440,Moletom Estampado Bege 7440,299.13,4.6,Algodão/Poliéster,2025-08-26
P7441,Camisa Social Bege 7441,61.59,4.5,Algodão,2022-07-29
P7442,Blazer Slim Preta 7442,85.3,4.2,Poliéster,2021-08-31
P7443,Camiseta Oversized Cinza 7443,77.22,4.3,Algodão,2021-11-14
P7444,Moletom Básico Amarela 7444,235.64,3.6,Algodão/Poliéster,2021-06-09
P7445,Jaqueta Corta-Vento Verde 7445,228.67,4.4,Nylon,2025-10-12
P7446,Regata Básica Bege 7446,270.89,4.2,Algodão,2025-06-16
P7447,Camisa Manga Curta Bege 7447,183.55,3.5,Algodão,2024-10-23
P7448,Bermuda Jeans Branca 7448,245.98,4.7,Sarja,2021-07-05
P7449,Saia Casual Preta 7449,85.14,4.5,Poliéster,2026-05-20
P7450,Camisa Social Amarela 7450,336.46,4.5,Algodão,2024-11-16
P7451,Saia Plissada Bege 7451,304.59,3.5,Poliéster,2025-09-10
P7452,Jaqueta Bomber Cinza 7452,140.08,4.5,Poliéster,2023-02-25
P7453,Regata Básica Azul 7453,107.77,3.6,Algodão,2022-02-14
P7454,Conjunto Moletom Amarela 7454,70.87,4.1,Algodão/Poliéster,2025-08-28
P7455,Blusa Básica Amarela 7455,134.33,4.3,Viscose,2021-04-17
P7456,Blazer Casual Marrom 7456,140.19,4.4,Poliéster,2022-01-14
P7457,Bermuda Esportiva Bege 7457,98.32,4.8,Sarja,2021-11-14
P7458,Camisa Social Amarela 7458,98.82,3.7,Algodão,2021-06-24
P7459,Calça Social Amarela 7459,251.23,3.4,Sarja,2024-02-15
P7460,Regata Esportiva Marrom 7460,243.88,3.4,Algodão,2022-04-18
P7461,Vestido Midi Verde 7461,189.01,3.8,Viscose,2026-06-22
P7462,Moletom 7462,206.9,4.6,Algodão/Poliéster,2026-04-13
P7463,Blusa Básica Azul 7463,291.22,3.2,Viscose,2021-12-15
P7464,Blusa Social Amarela 7464,389.61,4.2,Viscose,2025-09-12
P7465,Blazer Slim Azul 7465,62.47,4.6,Poliéster,2021-03-22
P7466,Jaqueta Corta-Vento Bege 7466,349.91,4.7,Nylon,2022-08-15
P7467,Jaqueta Puffer Cinza 7467,370.38,4.7,Poliéster,2024-09-27
P7468,Saia Jeans Verde 7468,123.2,4.1,Poliéster,2022-03-03
P7469,Vestido Midi Amarela 7469,199.84,4.1,Viscose,2021-06-11
P7470,Vestido Longo Azul 7470,194.58,4.6,Viscose,2021-11-21
P7471,Regata Canelada Bege 7471,398.44,4.6,Algodão,2024-09-24
P7472,Blusa Manga Longa Marrom 7472,324.27,4.5,Viscose,2022-04-03
P7473,Blazer Social Rosa 7473,373.69,3.9,Poliéster,2022-05-24
P7474,Regata Esportiva Branca 7474,286.15,4.1,Algodão,2022-03-01
P7475,Conjunto Moletom Amarela 7475,96.08,4.5,Algodão/Poliéster,2025-12-30
P7476,Saia Plissada Branca 7476,148.53,4.6,Poliéster,2026-01-12
P7477,Calça Jogger Rosa 7477,136.83,4.0,Sarja,2025-07-24
P7478,Saia Plissada Preta 7478,328.31,4.8,Poliéster,2021-02-11
P7479,Camisa Manga Curta Amarela 7479,353.47,4.2,Algodão,2022-06-03
P7480,Bermuda Jeans Azul 7480,219.37,4.7,Sarja,2025-12-26
P7481,Vestido Floral Preta 7481,320.8,4.3,Viscose,2024-02-21
P7482,Camisa Manga Curta Amarela 7482,345.43,4.2,Algodão,2021-03-27
P7483,Blusa Canelada Preta 7483,40.62,3.7,Viscose,2022-05-31
P7484,Saia Midi Bege 7484,399.89,3.7,Poliéster,2025-09-07
P7485,Moletom Canguru Azul 7485,150.47,4.7,Algodão/Poliéster,2025-12-24
P7486,Vestido Casual Rosa 7486,366.02,4.3,Viscose,2023-05-31
P7487,Regata Básica Bege 7487,354.87,4.1,Algodão,2021-11-10
P7488,Camiseta Polo Branca 7488,128.8,4.2,Algodão,2021-06-09
P7489,Moletom Estampado Verde 7489,238.65,4.4,Algodão/Poliéster,2022-04-12
P7490,Conjunto Casual Cinza 7490,356.65,4.5,Algodão,2025-07-12
P7491,Jaqueta Jeans Amarela 7491,303.38,4.4,Denim,2025-09-07
P7492,Blazer Slim Cinza 7492,247.2,4.6,Poliéster,2022-06-15
P7493,Jaqueta Jeans Rosa 7493,41.6,4.0,Denim,2026-07-16
P7494,Camisa Linho Azul 7494,399.89,4.6,Algodão,2025-12-22
P7495,Blusa Manga Longa Marrom 7495,211.84,4.3,Viscose,2026-08-06
P7496,Blusa Básica Azul 7496,183.22,4.9,Viscose,2025-04-06
P7497,Saia Midi Verde 7497,219.24,4.3,Poliéster,2024-03-31
P7498,Regata Básica Azul 7498,326.8,4.5,Algodão,2026-07-25
P7499,Saia Midi Bege 7499,118.19,4.9,Poliéster,2024-11-25
P7500,Camisa Flanela Amarela 7500,53.02,4.8,Algodão,2025-09-18
P7501,Moletom Básico Vermelha 7501,135.93,4.2,Algodão/Poliéster,2023-04-14
P7502,Camiseta Estampada Cinza 7502,40.47,4.1,Algodão,2022-05-14
P7503,Camisa Flanela Branca 7503,124.16,4.6,Algodão,2024-04-01
P7504,Blazer Slim Verde 7504,154.07,4.1,Poliéster,2023-04-27
P7505,Jaqueta Jeans Verde 7505,357.64,3.9,Denim,2022-12-28
P7506,Camisa Flanela Bege 7506,312.17,4.7,Algodão,2024-12-12
P7507,Conjunto Esportivo Branca 7507,289.22,4.6,Poliéster,2024-06-17
P7508,Calça Cargo Marrom 7508,270.87,4.9,Sarja,2022-10-16
P7509,Jaqueta Corta-Vento Amarela 7509,78.01,5.0,Nylon,2022-05-15
P7510,Bermuda Cargo Branca 7510,263.8,4.7,Sarja,2024-02-05
P7511,Bermuda Cargo Preta 7511,394.29,3.7,Sarja,2022-11-08
P7512,Blazer Slim Amarela 7512,276.12,4.5,Poliéster,2022-05-07
P7513,Conjunto Casual Cinza 7513,240.99,4.3,Algodão,2022-04-05
P7514,Camisa Flanela Vermelha 7514,228.26,4.4,Algodão,2024-10-03
P7515,Moletom Com Capuz Cinza 7515,190.32,4.1,Algodão/Poliéster,2023-05-10
P7516,Camiseta Básica Preta 7516,63.54,3.9,Algodão,2022-12-09
P7517,Blusa Manga Longa Cinza 7517,86.13,4.2,Viscose,2021-08-27
P7518,Saia Casual Amarela 7518,275.68,4.5,Poliéster,2021-04-25
P7519,Jaqueta Corta-Vento Amarela 7519,74.9,5.0,Nylon,2024-12-08
P7520,Camisa Social Branca 7520,210.54,4.0,Algodão,2026-06-26
P7521,Calça Sarja Azul 7521,90.89,3.9,Sarja,2022-11-03
P7522,Saia Midi Azul 7522,314.04,4.4,Poliéster,2025-10-13
P7523,Regata Básica Vermelha 7523,73.64,4.4,Algodão,2024-05-29
P7524,Regata Esportiva Preta 7524,94.47,3.9,Algodão,2022-09-21
P7525,Bermuda Moletom Preta 7525,224.53,4.4,Sarja,2024-03-18
P7526,Jaqueta Bomber Rosa 7526,211.2,4.2,Poliéster,2021-09-26
P7527,Blusa Social Branca 7527,42.61,4.8,Viscose,2022-11-30
P7528,Conjunto Esportivo Bege 7528,95.64,4.2,Poliéster,2025-03-02
P7529,Blusa Social Vermelha 7529,231.42,4.2,Viscose,2025-10-28
P7530,Calça Jogger Verde 7530,217.83,4.6,Sarja,2022-04-02
P7531,Calça Social Azul 7531,192.72,5.0,Sarja,2026-02-28
P7532,Conjunto Esportivo Marrom 7532,257.68,4.3,Poliéster,2024-06-06
P7533,Calça Jeans Verde 7533,62.46,5.0,Sarja,2022-04-20
P7534,Blazer Social Verde 7534,354.83,4.3,Poliéster,2025-05-31
P7535,Bermuda Cargo Vermelha 7535,274.14,4.6,Sarja,2025-12-28
P7536,Blazer Slim Azul 7536,141.2,3.6,Poliéster,2022-07-18
P7537,Bermuda Jeans Azul 7537,76.76,4.0,Sarja,2021-08-07
P7538,Jaqueta Puffer Vermelha 7538,136.11,4.2,Poliéster,2022-08-12
P7539,Bermuda Cargo Amarela 7539,154.87,4.2,Sarja,2025-04-15
P7540,Blusa Canelada Cinza 7540,80.92,4.2,Viscose,2021-05-08
P7541,Bermuda Jeans Azul 7541,341.12,4.9,Sarja,2022-08-22
P7542,Camiseta Oversized Rosa 7542,173.22,3.9,Algodão,2022-10-24
P7543,Calça Social Cinza 7543,127.44,3.4,Sarja,2021-02-04
P7544,Bermuda Jeans Azul 7544,288.38,4.0,Sarja,2024-05-21
P7545,Moletom Canguru Azul 7545,399.89,3.9,Algodão/Poliéster,2025-07-26
P7546,Blazer Slim Cinza 7546,308.4,4.3,Poliéster,2021-11-19
P7547,Calça Jeans Bege 7547,157.59,4.0,Sarja,2026-01-09
P7548,Bermuda Jeans Azul 7548,245.38,3.3,Sarja,2026-05-26
P7549,Conjunto Esportivo Bege 7549,327.01,4.3,Poliéster,2025-12-07
P7550,Conjunto Moletom Amarela 7550,223.03,4.3,Algodão/Poliéster,2025-02-03
P7551,Camiseta Polo Branca 7551,257.4,4.0,Algodão,2023-07-16
P7552,Blazer Casual Branca 7552,231.32,3.9,Poliéster,2022-02-26
P7553,Blazer Casual Amarela 7553,191.13,4.1,Poliéster,2026-03-04
P7554,Blazer Casual Preta 7554,145.8,4.0,Poliéster,2024-01-03
P7555,Saia Casual Verde 7555,78.47,2.9,Poliéster,2023-07-25
P7556,Regata Básica Amarela 7556,219.57,4.9,Algodão,2023-03-21
P7557,Blazer Casual Marrom 7557,297.72,4.0,Poliéster,2022-03-28
P7558,Blazer Social Preta 7558,107.41,4.4,Poliéster,2023-03-03
P7559,Bermuda Esportiva Preta 7559,78.48,4.0,Sarja,2025-07-10
P7560,Conjunto Casual Cinza 7560,89.11,4.4,Algodão,2024-03-04
P7561,Vestido Midi Marrom 7561,129.45,4.6,Viscose,2023-03-30
P7562,Conjunto Esportivo Cinza 7562,225.46,3.9,Poliéster,2021-08-12
P7563,Camisa Social Cinza 7563,102.42,4.7,Algodão,2023-05-09
P7564,Camiseta Estampada Bege 7564,83.58,4.6,Algodão,2022-03-22
P7565,Blusa Básica Branca 7565,208.16,4.0,Viscose,2023-04-03
P7566,Calça Cargo Azul 7566,143.97,3.9,Sarja,2021-11-06
P7567,Moletom Estampado Azul 7567,127.04,3.6,Algodão/Poliéster,2026-05-15
P7568,Calça Cargo Cinza 7568,146.01,3.9,Sarja,2021-12-26
P7569,Bermuda Jeans Branca 7569,314.7,4.8,Sarja,2021-09-14
P7570,Conjunto Esportivo Branca 7570,161.69,4.9,Poliéster,2024-09-17
P7571,Bermuda Moletom Marrom 7571,216.94,4.2,Sarja,2022-12-13
P7572,Blazer Casual Bege 7572,399.89,4.1,Poliéster,2026-08-24
P7573,Bermuda Moletom Amarela 7573,384.64,4.8,Sarja,2023-04-17
P7574,Blusa Manga Longa Cinza 7574,277.08,3.8,Viscose,2024-09-09
P7575,Saia Plissada Amarela 7575,339.82,4.4,Poliéster,2025-09-22
P7576,Saia Plissada Azul 7576,160.39,4.6,Poliéster,2026-07-31
P7577,Blusa Manga Longa Rosa 7577,331.33,4.4,Viscose,2025-08-03
P7578,Conjunto Casual Amarela 7578,334.75,4.5,Algodão,2024-04-08
P7579,Jaqueta Puffer Amarela 7579,319.0,4.0,Poliéster,2025-08-13
P7580,Bermuda Cargo Cinza 7580,316.53,4.0,Sarja,2022-08-10
P7581,Saia Plissada Azul 7581,163.06,4.5,Poliéster,2025-12-06
P7582,Conjunto Moletom Marrom 7582,143.64,4.3,Algodão/Poliéster,2025-12-10
P7583,Bermuda Cargo Azul 7583,202.79,4.0,Sarja,2023-03-06
P7584,Blusa Básica Marrom 7584,212.65,4.9,Viscose,2021-05-20
P7585,Moletom Estampado Verde 7585,88.98,4.0,Algodão/Poliéster,2024-11-17
P7586,Conjunto Esportivo Azul 7586,332.63,3.9,Poliéster,2021-07-31
P7587,Moletom Básico Amarela 7587,314.41,4.6,Algodão/Poliéster,2021-02-06
P7588,Camisa Flanela Bege 7588,67.38,4.7,Algodão,2026-05-15
P7589,Jaqueta Puffer Cinza 7589,148.34,4.2,Poliéster,2024-03-20
P7590,Jaqueta Puffer Rosa 7590,365.19,4.9,Poliéster,2024-09-07
P7591,Camiseta Estampada Preta 7591,67.04,4.1,Algodão,2025-12-27
P7592,Calça Cargo Azul 7592,297.79,5.0,Sarja,2026-04-07
P7593,Bermuda Esportiva Preta 7593,68.27,3.8,Sarja,2026-06-03
P7594,Vestido Longo Preta 7594,285.71,3.9,Viscose,2021-10-02
P7595,Blazer Slim Bege 7595,159.16,4.7,Poliéster,2022-11-02
P7596,Camiseta Polo Verde 7596,399.89,3.9,Algodão,2025-05-09
P7597,Moletom Canguru Azul 7597,168.52,4.6,Algodão/Poliéster,2021-03-01
P7598,Camisa Social Preta 7598,212.25,4.1,Algodão,2022-05-01
P7599,Blazer Slim Verde 7599,126.86,4.3,Poliéster,2023-12-02
P7600,Camiseta Oversized Preta 7600,201.76,5.0,Algodão,2022-12-12
P7601,Calça Jogger Verde 7601,356.7,4.5,Sarja,2021-12-24
P7602,Bermuda Jeans Cinza 7602,139.02,4.7,Sarja,2026-02-04
P7603,Bermuda Jeans Verde 7603,102.84,5.0,Sarja,2023-07-16
P7604,Regata Básica Marrom 7604,217.22,4.6,Algodão,2023-05-01
P7605,Saia Jeans Verde 7605,188.46,4.6,Poliéster,2024-09-22
P7606,Jaqueta Corta-Vento Verde 7606,142.9,4.2,Nylon,2024-10-19
P7607,Camiseta Oversized Azul 7607,43.44,4.7,Algodão,2023-10-17
P7608,Calça Jeans Cinza 7608,283.22,4.3,Sarja,2026-01-10
P7609,Camisa Linho Preta 7609,246.48,4.1,Algodão,2022-09-05
P7610,Calça Jeans Rosa 7610,126.04,4.8,Sarja,2025-12-07
P7611,Bermuda Cargo Preta 7611,365.9,4.2,Sarja,2025-12-02
P7612,Saia Jeans Preta 7612,102.47,4.1,Poliéster,2021-01-19
P7613,Calça Jogger Vermelha 7613,355.94,4.5,Sarja,2025-04-11
P7614,Moletom Básico Rosa 7614,97.86,4.2,Algodão/Poliéster,2021-11-24
P7615,Moletom Básico Branca 7615,113.56,3.7,Algodão/Poliéster,2023-10-02
P7616,Camiseta Polo Cinza 7616,342.47,4.3,Algodão,2026-03-16
P7617,Calça Cargo Rosa 7617,340.52,4.0,Sarja,2022-02-09
P7618,Blusa Social Verde 7618,136.57,5.0,Viscose,2024-03-09
P7619,Conjunto Esportivo Rosa 7619,364.27,3.8,Poliéster,2025-05-28
P7620,Jaqueta Jeans Marrom 7620,209.85,3.7,Denim,2023-09-21
P7621,Camisa Linho Azul 7621,248.25,4.0,Algodão,2021-06-11
P7622,Jaqueta Corta-Vento Preta 7622,110.93,4.3,Nylon,2021-05-16
P7623,Camisa Social Bege 7623,248.26,4.2,Algodão,2023-12-08
P7624,Blazer Slim Azul 7624,55.92,3.5,Poliéster,2021-02-21
P7625,Vestido Floral Amarela 7625,239.9,4.3,Viscose,2021-02-02
P7626,Vestido Longo Amarela 7626,312.98,4.9,Viscose,2026-05-27
P7627,Conjunto Casual Bege 7627,133.99,4.3,Algodão,2024-01-08
P7628,Camiseta Slim Cinza 7628,329.1,4.5,Algodão,2023-09-08
P7629,Blusa Social Bege 7629,242.52,4.5,Viscose,2021-07-27
P7630,Blusa Canelada Amarela 7630,293.39,4.5,Viscose,2025-06-16
P7631,Moletom Básico Verde 7631,179.71,4.7,Algodão/Poliéster,2023-11-23
P7632,Calça Jogger Rosa 7632,71.31,3.7,Sarja,2022-04-01
P7633,Blazer Slim Amarela 7633,285.12,3.3,Poliéster,2025-04-07
P7634,Camisa Social Bege 7634,298.43,4.2,Algodão,2022-05-06
P7635,Conjunto Casual Branca 7635,357.25,4.1,Algodão,2023-11-07
P7636,Bermuda Moletom Preta 7636,222.56,3.2,Sarja,2024-03-05
P7637,Jaqueta Corta-Vento Amarela 7637,336.71,4.6,Nylon,2022-08-01
P7638,Vestido Floral Verde 7638,284.01,3.8,Viscose,2025-12-18
P7639,Camisa Linho Vermelha 7639,49.43,4.8,Algodão,2024-12-26
P7640,Camisa Social Amarela 7640,196.1,3.6,Algodão,2022-08-21
P7641,Blazer Slim Verde 7641,122.03,4.5,Poliéster,2021-11-20
P7642,Saia Plissada Preta 7642,184.44,3.8,Poliéster,2022-11-12
P7643,Conjunto Moletom Verde 7643,160.35,3.8,Algodão/Poliéster,2023-08-21
P7644,Camisa Social Preta 7644,215.17,4.1,Algodão,2024-02-14
P7645,Blazer Slim Bege 7645,189.38,4.1,Poliéster,2023-04-08
P7646,Regata Canelada Azul 7646,368.46,4.4,Algodão,2021-03-24
P7647,Bermuda Jeans Azul 7647,180.86,3.6,Sarja,2024-10-30
P7648,Saia Casual Vermelha 7648,233.17,4.7,Poliéster,2023-02-23
P7649,Regata Canelada Amarela 7649,280.2,4.4,Algodão,2022-11-26
P7650,Saia Casual Cinza 7650,364.74,5.0,Poliéster,2024-02-25
P7651,Moletom Básico Rosa 7651,180.28,4.8,Algodão/Poliéster,2025-09-25
P7652,Blusa Social Azul 7652,194.64,4.4,Viscose,2021-01-10
P7653,Calça Social Preta 7653,353.58,3.6,Sarja,2026-06-11
P7654,Camiseta Slim Azul 7654,187.66,4.9,Algodão,2024-08-13
P7655,Blazer Casual Marrom 7655,187.07,4.4,Poliéster,2024-02-06
P7656,Camiseta Básica Amarela 7656,71.65,4.5,Algodão,2021-04-16
P7657,Saia Jeans Branca 7657,162.61,4.3,Poliéster,2025-01-11
P7658,Vestido Longo Azul 7658,145.26,4.2,Viscose,2025-01-29
P7659,Blusa Básica Branca 7659,218.37,4.3,Viscose,2024-03-05
P7660,Regata Básica Verde 7660,105.62,4.4,Algodão,2025-07-17
P7661,Conjunto Moletom Cinza 7661,109.93,4.2,Algodão/Poliéster,2025-10-02
P7662,Bermuda Moletom Branca 7662,304.34,4.5,Sarja,2025-10-02
P7663,Calça Sarja Bege 7663,186.61,4.4,Sarja,2022-11-08
P7664,Camiseta Oversized Azul 7664,40.18,4.6,Algodão,2024-10-25
P7665,Conjunto Casual Amarela 7665,307.29,4.4,Algodão,2021-04-29
P7666,Vestido Floral Verde 7666,201.28,4.9,Viscose,2024-03-07
P7667,Blusa Básica Amarela 7667,59.75,4.7,Viscose,2021-10-29
P7668,Moletom Com Capuz Amarela 7668,284.94,4.2,Algodão/Poliéster,2022-09-29
P7669,Calça Jeans Cinza 7669,93.2,4.2,Sarja,2024-11-01
P7670,Conjunto Esportivo Marrom 7670,385.09,4.6,Poliéster,2023-05-29
P7671,Camiseta Polo Verde 7671,388.27,3.8,Algodão,2025-11-22
P7672,Regata Esportiva Amarela 7672,211.27,4.7,Algodão,2021-06-30
P7673,Blusa Canelada Cinza 7673,307.27,4.4,Viscose,2026-07-04
P7674,Regata Esportiva Preta 7674,189.6,4.6,Algodão,2025-01-02
P7675,Blazer Casual Bege 7675,105.53,4.3,Poliéster,2023-06-10
P7676,Jaqueta Puffer Branca 7676,343.93,4.3,Poliéster,2021-02-21
P7677,Saia Casual Bege 7677,204.57,4.6,Poliéster,2021-03-28
P7678,Blusa Canelada Marrom 7678,174.13,4.7,Viscose,2023-05-06
P7679,Saia Jeans Verde 7679,270.36,4.9,Poliéster,2024-03-30
P7680,Calça Social Rosa 7680,170.66,4.7,Sarja,2023-11-14
P7681,Regata Canelada Branca 7681,101.76,5.0,Algodão,2022-09-08
P7682,Blusa Social Amarela 7682,219.18,4.2,Viscose,2024-09-07
P7683,Saia Jeans Preta 7683,40.18,4.6,Poliéster,2024-06-24
P7684,Vestido Floral Branca 7684,233.9,4.3,Viscose,2022-12-12
P7685,Camiseta Básica Cinza 7685,69.27,4.0,Algodão,2022-11-05
P7686,Saia Plissada Verde 7686,54.16,4.4,Poliéster,2023-07-06
P7687,Regata Canelada Rosa 7687,209.2,3.9,Algodão,2025-03-18
P7688,Blazer Casual Marrom 7688,170.78,4.4,Poliéster,2024-04-30
P7689,Calça Jeans Cinza 7689,99.15,4.3,Sarja,2021-09-21
P7690,Blazer Slim Azul 7690,285.06,5.0,Poliéster,2026-03-26
P7691,Jaqueta Puffer Verde 7691,331.13,4.7,Poliéster,2022-02-23
P7692,Conjunto Esportivo Verde 7692,189.36,4.6,Poliéster,2024-10-22
P7693,Camiseta Oversized Verde 7693,240.38,3.8,Algodão,2021-02-04
P7694,Camiseta Estampada Branca 7694,102.36,4.6,Algodão,2022-06-11
P7695,Blusa Social Branca 7695,43.01,5.0,Viscose,2024-03-14
P7696,Saia Casual Vermelha 7696,98.22,3.7,Poliéster,2025-10-19
P7697,Blusa Básica Marrom 7697,227.1,5.0,Viscose,2024-03-10
P7698,Camiseta Estampada Marrom 7698,255.88,4.0,Algodão,2021-04-24
P7699,Camiseta Estampada Preta 7699,343.33,4.2,Algodão,2026-06-01
P7700,Jaqueta Bomber Bege 7700,277.49,3.9,Poliéster,2022-07-18
P7701,Regata Básica Verde 7701,256.71,4.7,Algodão,2023-01-25
P7702,Camisa Social Azul 7702,391.97,4.3,Algodão,2021-08-12
P7703,Camiseta Estampada Amarela 7703,315.88,3.4,Algodão,2024-12-11
P7704,Camisa Linho Verde 7704,208.39,4.6,Algodão,2023-07-14
P7705,Conjunto Esportivo Cinza 7705,72.52,4.1,Poliéster,2022-03-31
P7706,Conjunto Moletom Vermelha 7706,236.19,3.9,Algodão/Poliéster,2024-08-10
P7707,Camisa Manga Curta Preta 7707,230.23,4.7,Algodão,2022-02-10
P7708,Conjunto Casual Bege 7708,385.21,4.8,Algodão,2024-01-04
P7709,Regata Esportiva Marrom 7709,61.02,4.2,Algodão,2024-10-05
P7710,Calça Jeans Cinza 7710,90.62,4.6,Sarja,2025-08-06
P7711,Blazer Slim Rosa 7711,272.91,4.6,Poliéster,2024-12-08
P7712,Jaqueta Puffer Verde 7712,177.89,4.4,Poliéster,2024-03-20
P7713,Vestido Floral Rosa 7713,254.15,3.5,Viscose,2021-03-12
P7714,Blazer Casual Preta 7714,238.09,4.9,Poliéster,2022-04-27
P7715,Blazer Social Marrom 7715,148.8,5.0,Poliéster,2024-04-10
P7716,Moletom Básico Bege 7716,399.89,4.3,Algodão/Poliéster,2024-01-15
P7717,Moletom Estampado Rosa 7717,125.18,4.3,Algodão/Poliéster,2024-01-10
P7718,Blusa Manga Longa Verde 7718,171.23,3.9,Viscose,2025-03-02
P7719,Bolsa Transversal 7719,105.14,4.3,Couro sintético,2026-02-16
P7720,Moletom Com Capuz Vermelha 7720,132.16,4.2,Algodão/Poliéster,2023-11-07
P7721,Conjunto Moletom Branca 7721,292.68,4.0,Algodão/Poliéster,2021-10-06
P7722,Saia Casual Azul 7722,399.89,4.5,Poliéster,2023-07-04
P7723,Camiseta Básica Amarela 7723,311.92,4.9,Algodão,2022-06-08
P7724,Camisa Social Branca 7724,235.52,4.0,Algodão,2023-12-31
P7725,Camisa Flanela Vermelha 7725,60.55,4.3,Algodão,2024-05-05
P7726,Camisa Social Preta 7726,305.4,4.5,Algodão,2024-02-08
P7727,Camiseta Estampada Azul 7727,91.27,4.4,Algodão,2024-04-18
P7728,Camiseta Slim Azul 7728,137.27,4.0,Algodão,2022-10-05
P7729,Bermuda Cargo Cinza 7729,276.97,3.2,Sarja,2022-01-02
P7730,Bermuda Cargo Cinza 7730,282.45,3.4,Sarja,2025-11-03
P7731,Blazer Casual Amarela 7731,92.5,4.0,Poliéster,2023-04-11
P7732,Moletom Estampado Vermelha 7732,326.85,4.2,Algodão/Poliéster,2022-03-06
P7733,Regata Básica Azul 7733,110.61,3.8,Algodão,2026-08-22
P7734,Bermuda Jeans Branca 7734,247.34,4.6,Sarja,2021-03-09
P7735,Bermuda Jeans Amarela 7735,279.88,4.7,Sarja,2022-12-18
P7736,Conjunto Moletom Cinza 7736,118.98,3.6,Algodão/Poliéster,2025-03-15
P7737,Calça Social Cinza 7737,130.2,3.4,Sarja,2023-05-01
P7738,Jaqueta Bomber Amarela 7738,355.31,4.2,Poliéster,2025-10-09
P7739,Regata Esportiva Marrom 7739,316.77,3.9,Algodão,2023-01-13
P7740,Calça Jeans Vermelha 7740,399.89,4.7,Sarja,2024-08-22
P7741,Calça Jogger Azul 7741,54.67,4.6,Sarja,2023-06-04
P7742,Saia Casual Amarela 7742,119.9,4.3,Poliéster,2023-08-29
P7743,Camiseta Polo Branca 7743,298.71,4.8,Algodão,2023-10-28
P7744,Moletom Com Capuz Vermelha 7744,145.21,4.3,Algodão/Poliéster,2026-07-11
P7745,Moletom Com Capuz Amarela 7745,284.29,4.4,Algodão/Poliéster,2025-04-22
P7746,Blazer Slim Rosa 7746,117.14,4.5,Poliéster,2023-02-07
P7747,Regata Canelada Amarela 7747,267.7,3.5,Algodão,2023-05-12
P7748,Camiseta Básica Bege 7748,302.82,4.3,Algodão,2023-04-20
P7749,Saia Jeans Rosa 7749,234.06,4.2,Poliéster,2025-03-04
P7750,Jaqueta Jeans Azul 7750,309.82,5.0,Denim,2024-05-08
P7751,Calça Jeans Preta 7751,353.61,4.9,Sarja,2024-01-11
P7752,Conjunto Esportivo Branca 7752,180.63,4.9,Poliéster,2023-06-10
P7753,Calça Jeans Rosa 7753,124.82,4.8,Sarja,2023-04-05
P7754,Calça Social Cinza 7754,276.88,3.8,Sarja,2024-02-23
P7755,Blazer Casual Azul 7755,333.38,3.8,Poliéster,2025-09-16
P7756,Camiseta Estampada Amarela 7756,358.61,4.7,Algodão,2026-06-23
P7757,Moletom Com Capuz Vermelha 7757,169.41,4.1,Algodão/Poliéster,2021-05-07
P7758,Bermuda Cargo Rosa 7758,292.05,4.0,Sarja,2022-05-07
P7759,Calça Jogger Branca 7759,357.21,4.5,Sarja,2024-11-18
P7760,Camiseta Estampada 7760,85.23,4.4,Algodão,2021-11-04
P7761,Blazer Casual Verde 7761,83.94,4.3,Poliéster,2024-06-17
P7762,Camiseta Oversized Rosa 7762,198.88,4.0,Algodão,2023-05-27
P7763,Blazer Casual Marrom 7763,346.18,4.4,Poliéster,2022-01-30
P7764,Conjunto Moletom Marrom 7764,254.88,4.1,Algodão/Poliéster,2023-11-09
P7765,Bermuda Cargo Vermelha 7765,371.73,4.5,Sarja,2023-11-20
P7766,Regata Esportiva Verde 7766,382.54,4.0,Algodão,2025-01-15
P7767,Camisa Social Azul 7767,176.81,3.9,Algodão,2025-09-05
P7768,Vestido Midi Marrom 7768,323.45,4.7,Viscose,2026-05-31
P7769,Bermuda Moletom Verde 7769,137.47,4.6,Sarja,2023-06-28
P7770,Saia Jeans Vermelha 7770,101.84,4.5,Poliéster,2024-11-25
P7771,Bermuda Esportiva Marrom 7771,220.92,4.2,Sarja,2025-06-17
P7772,Bermuda Moletom Branca 7772,339.39,4.7,Sarja,2026-08-05
P7773,Saia Jeans Branca 7773,158.72,3.8,Poliéster,2024-09-07
P7774,Camisa Linho Amarela 7774,180.4,4.1,Algodão,2022-05-25
P7775,Conjunto Moletom Rosa 7775,310.04,4.1,Algodão/Poliéster,2022-12-09
P7776,Conjunto Moletom Branca 7776,213.54,4.7,Algodão/Poliéster,2022-03-09
P7777,Saia Midi Verde 7777,50.42,4.5,Poliéster,2022-02-14
P7778,Conjunto Esportivo Branca 7778,222.84,4.7,Poliéster,2022-09-27
P7779,Saia Casual Branca 7779,228.22,4.8,Poliéster,2023-10-29
P7780,Regata Básica Bege 7780,59.84,4.6,Algodão,2025-06-17
P7781,Camiseta Oversized Verde 7781,257.46,4.1,Algodão,2022-08-26
P7782,Conjunto Esportivo Vermelha 7782,92.55,3.7,Poliéster,2022-01-21
P7783,Jaqueta Bomber Rosa 7783,256.14,4.5,Poliéster,2021-09-19
P7784,Moletom Com Capuz Branca 7784,343.9,4.1,Algodão/Poliéster,2022-02-10
P7785,Regata Básica Vermelha 7785,165.08,4.1,Algodão,2023-06-15
P7786,Vestido Longo Cinza 7786,122.9,4.3,Viscose,2023-05-02
P7787,Calça Cargo Preta 7787,337.3,4.7,Sarja,2023-04-06
P7788,Moletom Com Capuz Rosa 7788,371.7,4.3,Algodão/Poliéster,2022-10-19
P7789,Bermuda Jeans Branca 7789,381.74,4.9,Sarja,2023-07-27
P7790,Conjunto Moletom Vermelha 7790,265.35,3.9,Algodão/Poliéster,2024-08-30
P7791,Blusa Canelada Rosa 7791,364.83,4.1,Viscose,2021-04-03
P7792,Calça Cargo Azul 7792,312.43,4.1,Sarja,2026-01-16
P7793,Jaqueta Corta-Vento Branca 7793,210.46,4.3,Nylon,2022-09-25
P7794,Camisa Social Vermelha 7794,177.84,4.5,Algodão,2021-10-14
P7795,Blazer Casual Preta 7795,289.05,4.1,Poliéster,2021-12-28
P7796,Camisa Linho Vermelha 7796,129.26,3.7,Algodão,2024-02-06
P7797,Moletom Básico Azul 7797,399.89,4.5,Algodão/Poliéster,2023-12-14
P7798,Bermuda Cargo Preta 7798,193.86,4.1,Sarja,2021-07-02
P7799,Regata Canelada Vermelha 7799,297.2,4.6,Algodão,2023-10-30
P7800,Vestido Midi Vermelha 7800,311.58,4.9,Viscose,2022-04-04
P7801,Bermuda Moletom Rosa 7801,337.07,3.8,Sarja,2026-03-01
P7802,Camisa Manga Curta Cinza 7802,331.75,4.0,Algodão,2022-10-02
P7803,Jaqueta Corta-Vento Vermelha 7803,305.24,4.2,Nylon,2026-08-30
P7804,Conjunto Esportivo Marrom 7804,226.67,4.5,Poliéster,2024-04-13
P7805,Regata Esportiva Rosa 7805,50.08,4.3,Algodão,2026-06-19
P7806,Blazer Casual Cinza 7806,332.25,4.4,Poliéster,2024-02-23
P7807,Saia Jeans Rosa 7807,45.65,3.7,Poliéster,2021-09-18
P7808,Blusa Social Vermelha 7808,82.89,4.2,Viscose,2024-08-23
P7809,Conjunto Esportivo Branca 7809,196.83,5.0,Poliéster,2023-09-16
P7810,Camiseta Slim Verde 7810,359.85,4.7,Algodão,2025-08-22
P7811,Saia Jeans Branca 7811,177.11,4.7,Poliéster,2023-03-21
P7812,Blazer Casual Preta 7812,143.69,4.2,Poliéster,2022-01-23
P7813,Saia Casual Branca 7813,320.55,4.3,Poliéster,2021-08-24
P7814,Jaqueta Puffer Marrom 7814,85.85,3.3,Poliéster,2025-03-19
P7815,Conjunto Esportivo Branca 7815,292.84,4.9,Poliéster,2022-04-27
P7816,Calça Sarja Amarela 7816,276.98,4.2,Sarja,2024-10-12
P7817,Conjunto Casual Branca 7817,246.1,3.8,Algodão,2021-10-06
P7818,Camiseta Oversized Cinza 7818,60.94,4.5,Algodão,2021-06-14
P7819,Camisa Social Amarela 7819,110.05,3.7,Algodão,2025-01-09
P7820,Bermuda Moletom Preta 7820,127.49,4.4,Sarja,2022-12-15
P7821,Bermuda Esportiva Verde 7821,124.77,3.4,Sarja,2024-03-19
P7822,Calça Jeans Cinza 7822,331.63,4.2,Sarja,2021-02-27
P7823,Bermuda Jeans Amarela 7823,334.53,4.0,Sarja,2022-01-25
P7824,Blazer Casual Cinza 7824,339.44,4.6,Poliéster,2021-07-06
P7825,Camisa Social Bege 7825,57.45,4.2,Algodão,2022-08-03
P7826,Blazer Slim Cinza 7826,287.93,4.9,Poliéster,2022-08-11
P7827,Camisa Social Preta 7827,263.0,4.7,Algodão,2023-02-14
P7828,Vestido Midi Azul 7828,326.26,3.8,Viscose,2022-05-19
P7829,Jaqueta Jeans Azul 7829,350.3,5.0,Denim,2023-08-03
P7830,Jaqueta Corta-Vento Azul 7830,297.52,3.8,Nylon,2026-02-06
P7831,Moletom Com Capuz Vermelha 7831,170.06,4.2,Algodão/Poliéster,2021-06-28
P7832,Saia Jeans Azul 7832,364.87,4.9,Poliéster,2026-01-24
P7833,Blusa Social Vermelha 7833,182.92,4.2,Viscose,2023-05-04
P7834,Blusa Social Vermelha 7834,58.7,3.7,Viscose,2024-04-10
P7835,Calça Jeans Cinza 7835,42.18,4.9,Sarja,2024-10-22
P7836,Vestido Midi Rosa 7836,328.26,4.3,Viscose,2025-03-01
P7837,Vestido Floral Bege 7837,266.4,5.0,Viscose,2026-05-07
P7838,Camisa Manga Curta Vermelha 7838,169.01,3.7,Algodão,2026-08-31
P7839,Bermuda Cargo Preta 7839,321.77,4.2,Sarja,2021-07-23
P7840,Conjunto Casual Cinza 7840,46.01,4.2,Algodão,2023-04-29
P7841,Moletom Básico Branca 7841,329.82,4.6,Algodão/Poliéster,2024-01-21
P7842,Blusa Básica Marrom 7842,237.9,4.8,Viscose,2023-12-17
P7843,Saia Casual Verde 7843,76.36,2.8,Poliéster,2026-08-14
P7844,Cinto de Couro 7844,99.46,4.2,Couro,2024-09-09
P7845,Vestido Midi Rosa 7845,384.07,3.8,Viscose,2023-04-13
P7846,Jaqueta Jeans Amarela 7846,196.62,4.7,Denim,2026-03-20
P7847,Regata Esportiva Cinza 7847,218.79,4.6,Algodão,2025-02-21
P7848,Saia Casual Amarela 7848,270.29,4.4,Poliéster,2025-07-08
P7849,Regata Esportiva Rosa 7849,135.45,4.5,Algodão,2024-07-22
P7850,Vestido Longo Azul 7850,103.03,3.9,Viscose,2021-05-14
P7851,Camiseta Polo Branca 7851,314.82,4.4,Algodão,2026-07-02
P7852,Calça Sarja Cinza 7852,202.69,3.8,Sarja,2025-01-15
P7853,Calça Jeans Cinza 7853,49.38,4.9,Sarja,2021-11-05
P7854,Camiseta Básica Amarela 7854,232.69,5.0,Algodão,2022-06-06
P7855,Camisa Manga Curta Preta 7855,208.4,4.7,Algodão,2022-12-07
P7856,Blusa Social Marrom 7856,246.84,3.3,Viscose,2022-06-12
P7857,Conjunto Moletom Amarela 7857,224.79,3.4,Algodão/Poliéster,2024-07-08
P7858,Blusa Manga Longa Branca 7858,95.31,4.1,Viscose,2024-02-07
P7859,Moletom Básico Amarela 7859,44.77,4.1,Algodão/Poliéster,2022-03-16
P7860,Jaqueta Bomber Bege 7860,283.01,4.0,Poliéster,2024-12-11
P7861,Regata Básica Amarela 7861,201.39,5.0,Algodão,2022-08-17
P7862,Camiseta Oversized Bege 7862,203.88,3.4,Algodão,2021-11-26
P7863,Blazer Social Verde 7863,258.1,4.1,Poliéster,2026-06-03
P7864,Vestido Floral Amarela 7864,279.9,4.1,Viscose,2022-10-13
P7865,Regata Esportiva Bege 7865,266.52,4.0,Algodão,2022-04-27
P7866,Blusa Canelada Rosa 7866,90.16,4.4,Viscose,2025-01-21
P7867,Blusa Básica Cinza 7867,266.0,4.0,Viscose,2025-04-29
P7868,Moletom Canguru Branca 7868,188.66,4.6,Algodão/Poliéster,2021-11-11
P7869,Camisa Flanela Cinza 7869,104.9,5.0,Algodão,2021-04-26
P7870,Saia Jeans Branca 7870,179.07,4.7,Poliéster,2025-10-25
P7871,Camisa Social Cinza 7871,86.69,4.6,Algodão,2023-11-09
P7872,Camiseta Básica Rosa 7872,41.03,4.3,Algodão,2023-08-02
P7873,Blusa Social Vermelha 7873,67.64,4.0,Viscose,2023-05-20
P7874,Regata Canelada Cinza 7874,42.97,3.9,Algodão,2024-04-27
P7875,Conjunto Casual Marrom 7875,395.58,4.4,Algodão,2024-10-25
P7876,Bermuda Cargo Marrom 7876,247.5,3.7,Sarja,2021-06-16
P7877,Jaqueta Bomber Marrom 7877,47.2,5.0,Poliéster,2022-07-04
P7878,Saia Jeans Preta 7878,106.63,4.2,Poliéster,2026-05-29
P7879,Blazer Casual Branca 7879,295.67,3.3,Poliéster,2021-12-12
P7880,Jaqueta Puffer Amarela 7880,187.73,4.4,Poliéster,2026-02-21
P7881,Regata Canelada Bege 7881,399.89,4.0,Algodão,2023-04-11
P7882,Conjunto Moletom Vermelha 7882,258.72,3.9,Algodão/Poliéster,2022-01-29
P7883,Blazer Casual Vermelha 7883,220.94,3.8,Poliéster,2024-05-15
P7884,Bermuda Esportiva Rosa 7884,399.89,4.7,Sarja,2024-10-03
P7885,Regata Básica Branca 7885,195.55,4.4,Algodão,2022-12-25
P7886,Camisa Linho Azul 7886,270.94,3.8,Algodão,2025-06-29
P7887,Saia Midi Bege 7887,119.48,4.6,Poliéster,2021-05-13
P7888,Bermuda Cargo Bege 7888,86.65,4.1,Sarja,2021-09-10
P7889,Jaqueta Puffer Verde 7889,213.12,4.2,Poliéster,2024-07-10
P7890,Jaqueta Corta-Vento Azul 7890,206.52,4.6,Nylon,2024-04-09
P7891,Bermuda Jeans Cinza 7891,352.66,4.4,Sarja,2024-12-17
P7892,Conjunto Casual Bege 7892,123.82,4.2,Algodão,2025-10-26
P7893,Vestido Longo Amarela 7893,205.16,3.9,Viscose,2026-04-09
P7894,Jaqueta Jeans Bege 7894,149.99,4.2,Denim,2023-11-15
P7895,Blusa Manga Longa Preta 7895,268.43,3.9,Viscose,2023-11-04
P7896,Vestido Casual Rosa 7896,287.51,4.5,Viscose,2026-03-27
P7897,Blusa Manga Longa Branca 7897,366.4,3.4,Viscose,2026-06-11
P7898,Calça Sarja Verde 7898,314.19,4.5,Sarja,2021-04-09
P7899,Regata Esportiva Preta 7899,199.61,4.3,Algodão,2023-11-13
P7900,Vestido Midi Preta 7900,115.01,3.1,Viscose,2026-03-17
P7901,Vestido Longo Rosa 7901,206.89,4.0,Viscose,2021-04-16
P7902,Saia Casual Vermelha 7902,221.57,4.0,Poliéster,2026-07-15
P7903,Conjunto Moletom Marrom 7903,275.68,4.0,Algodão/Poliéster,2025-03-30
P7904,Camiseta Estampada Azul 7904,105.75,3.9,Algodão,2021-11-19
P7905,Bermuda Esportiva Bege 7905,60.21,3.4,Sarja,2024-08-18
P7906,Camisa Social Preta 7906,130.47,4.6,Algodão,2023-06-11
P7907,Saia Midi Verde 7907,297.1,3.9,Poliéster,2022-11-23
P7908,Regata Esportiva Bege 7908,284.17,4.0,Algodão,2024-07-08
P7909,Camiseta Estampada Rosa 7909,293.92,3.7,Algodão,2025-03-02
P7910,Calça Social Amarela 7910,238.35,3.6,Sarja,2026-01-23
P7911,Moletom Estampado Verde 7911,197.7,4.1,Algodão/Poliéster,2023-05-14
P7912,Conjunto Esportivo Vermelha 7912,171.46,4.6,Poliéster,2021-11-27
P7913,Blazer Slim Preta 7913,62.83,4.1,Poliéster,2025-11-23
P7914,Calça Jeans Branca 7914,239.89,3.5,Sarja,2022-11-23
P7915,Camisa Social Branca 7915,342.25,3.8,Algodão,2025-04-21
P7916,Regata Canelada Rosa 7916,187.21,3.7,Algodão,2025-07-09
P7917,Saia Plissada Rosa 7917,379.12,4.4,Poliéster,2021-05-01
P7918,Blusa Social Bege 7918,339.83,5.0,Viscose,2023-04-29
P7919,Blazer Casual Rosa 7919,357.48,3.5,Poliéster,2021-06-25
P7920,Jaqueta Bomber Marrom 7920,41.33,5.0,Poliéster,2024-06-05
P7921,Blazer Social Preta 7921,285.11,4.4,Poliéster,2025-07-03
P7922,Calça Cargo Rosa 7922,336.72,4.1,Sarja,2024-03-04
P7923,Blusa Básica Preta 7923,371.57,3.2,Viscose,2022-11-02
P7924,Camiseta Estampada Azul 7924,85.38,3.1,Algodão,2026-07-07
P7925,Vestido Floral Azul 7925,98.81,4.1,Viscose,2021-06-27
P7926,Jaqueta Bomber Rosa 7926,223.7,3.9,Poliéster,2021-10-20
P7927,Blusa Canelada Marrom 7927,333.8,4.0,Viscose,2023-01-28
P7928,Blusa Manga Longa Preta 7928,62.94,4.9,Viscose,2026-05-17
P7929,Regata Esportiva Cinza 7929,94.71,3.5,Algodão,2026-01-25
P7930,Calça Cargo Marrom 7930,308.77,4.7,Sarja,2024-03-13
P7931,Blusa Manga Longa Cinza 7931,158.12,4.1,Viscose,2026-05-25
P7932,Camiseta Polo Azul 7932,104.38,4.2,Algodão,2026-02-14
P7933,Calça Jeans Marrom 7933,148.32,3.8,Sarja,2024-04-29
P7934,Saia Plissada Bege 7934,78.41,4.0,Poliéster,2021-09-02
P7935,Camiseta Oversized Vermelha 7935,137.39,4.0,Algodão,2026-02-05
P7936,Vestido Longo Branca 7936,302.51,4.4,Viscose,2024-08-20
P7937,Camiseta Polo Branca 7937,50.79,4.2,Algodão,2021-10-20
P7938,Blusa Canelada Preta 7938,69.99,4.4,Viscose,2025-10-05
P7939,Bermuda Cargo Vermelha 7939,312.67,4.3,Sarja,2023-04-06
P7940,Bermuda Jeans Rosa 7940,335.74,4.2,Sarja,2025-06-17
P7941,Calça Jeans Cinza 7941,42.75,4.7,Sarja,2022-06-26
P7942,Vestido Longo Cinza 7942,78.15,4.7,Viscose,2021-01-21
P7943,Moletom Estampado Rosa 7943,129.12,4.5,Algodão/Poliéster,2023-07-28
P7944,Regata Canelada Azul 7944,311.56,4.7,Algodão,2023-07-25
P7945,Calça Social Rosa 7945,287.19,4.3,Sarja,2025-11-22
P7946,Calça Jogger Azul 7946,221.06,4.9,Sarja,2021-08-27
P7947,Blusa Canelada Preta 7947,349.35,4.3,Viscose,2026-03-05
P7948,Jaqueta Bomber Amarela 7948,376.49,4.5,Poliéster,2021-11-13
P7949,Conjunto Casual Amarela 7949,285.4,4.5,Algodão,2026-04-18
P7950,Calça Jeans Verde 7950,64.91,4.8,Sarja,2025-01-01
P7951,Camiseta Polo Preta 7951,238.01,4.3,Algodão,2023-01-15
P7952,Jaqueta Bomber Vermelha 7952,213.2,5.0,Poliéster,2026-06-03
P7953,Moletom Básico Preta 7953,187.18,4.0,Algodão/Poliéster,2023-01-14
P7954,Bermuda Cargo Preta 7954,291.32,4.8,Sarja,2024-08-04
P7955,Bermuda Cargo Verde 7955,284.56,5.0,Sarja,2021-02-03
P7956,Blazer Casual Preta 7956,253.89,4.7,Poliéster,2021-07-31
P7957,Saia Casual Cinza 7957,126.06,4.4,Poliéster,2023-01-02
P7958,Saia Plissada Branca 7958,234.19,4.2,Poliéster,2022-05-20
P7959,Regata Básica Azul 7959,145.33,4.0,Algodão,2022-04-16
P7960,Vestido Midi Preta 7960,117.91,3.4,Viscose,2023-02-23
P7961,Camisa Manga Curta Vermelha 7961,108.95,4.4,Algodão,2024-06-13
P7962,Conjunto Moletom Vermelha 7962,281.8,4.4,Algodão/Poliéster,2021-09-17
P7963,Saia Casual Cinza 7963,180.17,4.2,Poliéster,2025-04-06
P7964,Camisa Social Branca 7964,399.89,2.8,Algodão,2025-10-21
P7965,Saia Casual Vermelha 7965,135.12,4.1,Poliéster,2025-09-26
P7966,Vestido Longo Bege 7966,134.44,4.7,Viscose,2022-02-07
P7967,Blusa Básica Cinza 7967,285.71,4.0,Viscose,2025-12-27
P7968,Blazer Social Verde 7968,328.04,3.5,Poliéster,2021-09-26
P7969,Blusa Social Preta 7969,207.58,4.4,Viscose,2021-08-10
P7970,Calça Cargo Amarela 7970,75.35,4.1,Sarja,2025-02-10
P7971,Saia Jeans Marrom 7971,124.28,4.5,Poliéster,2025-04-23
P7972,Bermuda Esportiva Marrom 7972,340.49,4.2,Sarja,2021-09-20
P7973,Regata Básica Azul 7973,399.89,4.6,Algodão,2023-05-11
P7974,Saia Midi Vermelha 7974,311.34,4.7,Poliéster,2023-04-29
P7975,Saia Jeans Verde 7975,73.53,3.9,Poliéster,2025-02-04
P7976,Blazer Casual Verde 7976,158.2,4.9,Poliéster,2023-12-03
P7977,Bermuda Moletom Cinza 7977,215.4,3.6,Sarja,2024-05-27
P7978,Calça Jogger Verde 7978,252.41,4.9,Sarja,2021-06-15
P7979,Regata Canelada Cinza 7979,278.23,4.2,Algodão,2026-07-15
P7980,Moletom Com Capuz Rosa 7980,397.94,4.4,Algodão/Poliéster,2024-02-24
P7981,Camiseta Estampada Branca 7981,251.03,4.2,Algodão,2024-10-15
P7982,Vestido Longo Rosa 7982,316.84,4.3,Viscose,2023-09-21
P7983,Bermuda Cargo Preta 7983,339.03,3.5,Sarja,2022-05-25
P7984,Bermuda Esportiva Amarela 7984,387.53,4.1,Sarja,2024-10-14
P7985,Blusa Manga Longa Rosa 7985,43.11,4.0,Viscose,2022-08-20
P7986,Vestido Longo Marrom 7986,232.09,4.4,Viscose,2022-03-30
P7987,Camiseta Básica Marrom 7987,399.89,4.1,Algodão,2024-02-17
P7988,Blazer Casual Verde 7988,182.75,4.6,Poliéster,2023-01-08
P7989,Bermuda Jeans Rosa 7989,235.94,3.8,Sarja,2026-01-25
P7990,Blusa Canelada Rosa 7990,86.74,4.5,Viscose,2024-09-26
P7991,Bermuda Cargo Azul 7991,160.79,4.6,Sarja,2023-02-12
P7992,Jaqueta Puffer Preta 7992,98.38,4.5,Poliéster,2021-03-15
P7993,Camisa Social Rosa 7993,168.44,4.6,Algodão,2022-12-07
P7994,Jaqueta Corta-Vento Vermelha 7994,195.5,3.5,Nylon,2021-08-28
P7995,Moletom Canguru Vermelha 7995,357.88,4.6,Algodão/Poliéster,2022-03-30
P7996,Blusa Social Preta 7996,96.02,4.6,Viscose,2022-08-10
P7997,Vestido Midi Rosa 7997,321.22,4.4,Viscose,2024-09-12
P7998,Blazer Casual Rosa 7998,254.65,5.0,Poliéster,2021-08-09
P7999,Moletom Básico Verde 7999,265.15,4.1,Algodão/Poliéster,2021-12-02
P8000,Saia Plissada Branca 8000,342.31,4.4,Poliéster,2021-03-23
P8001,Saia Midi Amarela 8001,233.82,3.5,Poliéster,2026-03-13
P8002,Regata Esportiva Rosa 8002,75.53,4.4,Algodão,2026-08-05
P8003,Moletom Básico Bege 8003,320.35,4.3,Algodão/Poliéster,2022-09-09
P8004,Camiseta Oversized Bege 8004,223.37,3.5,Algodão,2023-08-01
P8005,Vestido Longo Rosa 8005,169.53,4.1,Viscose,2022-09-16
P8006,Saia Jeans Preta 8006,108.71,4.2,Poliéster,2024-01-10
P8007,Moletom Canguru Vermelha 8007,109.63,4.4,Algodão/Poliéster,2024-02-15
P8008,Calça Sarja Rosa 8008,168.73,5.0,Sarja,2022-06-12
P8009,Calça Jogger Verde 8009,233.9,5.0,Sarja,2024-08-27
P8010,Saia Midi Amarela 8010,321.94,4.2,Poliéster,2021-01-16
P8011,Blazer Casual Cinza 8011,69.68,4.1,Poliéster,2024-08-26
P8012,Blusa Manga Longa Marrom 8012,248.39,4.2,Viscose,2025-04-03
P8013,Conjunto Casual Verde 8013,292.34,4.9,Algodão,2021-04-20
P8014,Calça Sarja Cinza 8014,222.94,4.0,Sarja,2025-02-06
P8015,Camisa Manga Curta Marrom 8015,211.16,4.8,Algodão,2025-03-06
P8016,Regata Esportiva Preta 8016,286.18,4.0,Algodão,2026-07-06
P8017,Camiseta Básica Amarela 8017,171.78,3.7,Algodão,2025-07-26
P8018,Camisa Manga Curta Azul 8018,354.93,3.6,Algodão,2021-02-13
P8019,Calça Jeans Cinza 8019,86.98,4.3,Sarja,2021-06-19
P8020,Vestido Midi Bege 8020,160.27,4.8,Viscose,2021-10-11
P8021,Camisa Manga Curta Marrom 8021,75.35,4.7,Algodão,2024-04-18
P8022,Blazer Casual Preta 8022,122.36,3.8,Poliéster,2025-01-13
P8023,Moletom Básico Preta 8023,265.99,4.5,Algodão/Poliéster,2024-09-23
P8024,Moletom Básico Bege 8024,336.37,3.5,Algodão/Poliéster,2022-11-14
P8025,Jaqueta Corta-Vento Rosa 8025,295.4,4.2,Nylon,2022-02-20
P8026,Conjunto Moletom Verde 8026,44.36,4.0,Algodão/Poliéster,2021-05-12
P8027,Camiseta Polo Amarela 8027,155.16,3.7,Algodão,2023-02-13
P8028,Camiseta Básica Preta 8028,61.13,3.9,Algodão,2022-09-15
P8029,Bermuda Esportiva Vermelha 8029,63.63,4.5,Sarja,2022-09-21
P8030,Moletom Canguru Bege 8030,144.13,4.5,Algodão/Poliéster,2021-07-01
P8031,Calça Jeans Amarela 8031,394.26,3.9,Sarja,2022-08-26
P8032,Conjunto Casual Cinza 8032,43.78,4.4,Algodão,2025-09-30
P8033,Blusa Básica Rosa 8033,110.44,4.0,Viscose,2022-05-14
P8034,Blusa Manga Longa Verde 8034,214.3,3.8,Viscose,2025-12-20
P8035,Camisa Social Vermelha 8035,225.01,5.0,Algodão,2021-06-28
P8036,Conjunto Casual Marrom 8036,70.62,4.1,Algodão,2024-08-10
P8037,Calça Sarja Vermelha 8037,396.73,3.9,Sarja,2021-08-12
P8038,Camiseta Polo Bege 8038,328.85,4.0,Algodão,2023-03-09
P8039,Bermuda Cargo Rosa 8039,293.51,4.3,Sarja,2026-05-28
P8040,Jaqueta Puffer Azul 8040,74.03,4.0,Poliéster,2025-05-10
P8041,Vestido Casual Cinza 8041,178.04,3.5,Viscose,2023-11-29
P8042,Camisa Social Amarela 8042,107.76,3.5,Algodão,2024-07-30
P8043,Camiseta Estampada Amarela 8043,230.0,4.8,Algodão,2024-09-28
P8044,Moletom Com Capuz Cinza 8044,163.59,4.5,Algodão/Poliéster,2025-06-27
P8045,Conjunto Esportivo Branca 8045,360.92,5.0,Poliéster,2024-05-11
P8046,Moletom Básico Amarela 8046,339.84,4.7,Algodão/Poliéster,2023-11-24
P8047,Camisa Social Bege 8047,172.56,4.1,Algodão,2021-06-06
P8048,Camisa Social Branca 8048,206.77,4.3,Algodão,2026-06-06
P8049,Camiseta Polo Vermelha 8049,106.5,4.3,Algodão,2024-03-17
P8050,Bermuda Jeans Branca 8050,399.89,5.0,Sarja,2022-08-24
P8051,Bermuda Cargo Cinza 8051,276.97,3.3,Sarja,2021-10-07
P8052,Jaqueta Puffer Rosa 8052,274.98,3.5,Poliéster,2024-06-04
P8053,Conjunto Casual Verde 8053,345.92,4.2,Algodão,2025-06-07
P8054,Calça Cargo Cinza 8054,112.66,3.3,Sarja,2025-07-30
P8055,Camisa Social Preta 8055,283.93,5.0,Algodão,2026-01-07
P8056,Saia Midi Azul 8056,68.87,4.3,Poliéster,2026-01-24
P8057,Shorts Jeans 8057,99.29,4.0,Algodão,2024-07-13
P8058,Camiseta Polo Branca 8058,259.39,4.0,Algodão,2026-05-13
P8059,Bermuda Esportiva Bege 8059,150.64,3.3,Sarja,2021-06-03
P8060,Regata Canelada Rosa 8060,345.06,3.7,Algodão,2023-03-29
P8061,Vestido Longo Cinza 8061,76.38,4.6,Viscose,2023-09-29
P8062,Conjunto Casual Cinza 8062,199.72,4.3,Algodão,2024-12-17
P8063,Regata Canelada Rosa 8063,382.34,3.9,Algodão,2022-09-11
P8064,Saia Casual Vermelha 8064,104.88,3.6,Poliéster,2022-08-24
P8065,Camiseta Oversized Bege 8065,326.46,3.9,Algodão,2026-02-12
P8066,Calça Social Rosa 8066,254.21,4.3,Sarja,2024-09-05
P8067,Camiseta Estampada Marrom 8067,328.61,4.0,Algodão,2024-08-06
P8068,Saia Midi Verde 8068,114.61,5.0,Poliéster,2022-01-17
P8069,Calça Sarja Branca 8069,54.78,3.6,Sarja,2023-11-02
P8070,Blazer Social Bege 8070,155.16,4.4,Poliéster,2023-05-22
P8071,Blusa Canelada Preta 8071,142.38,4.1,Viscose,2024-07-07
P8072,Conjunto Esportivo Amarela 8072,114.7,4.6,Poliéster,2026-03-19
P8073,Camisa Flanela Verde 8073,124.74,4.0,Algodão,2022-07-31
P8074,Vestido Longo Cinza 8074,114.16,4.1,Viscose,2025-08-05
P8075,Jaqueta Jeans Branca 8075,291.75,4.2,Denim,2024-08-04
P8076,Shorts Jeans 8076,99.9,4.4,Algodão,2023-10-25
P8077,Blusa Canelada Preta 8077,44.29,3.7,Viscose,2026-05-20
P8078,Jaqueta Bomber Verde 8078,370.66,4.6,Poliéster,2021-10-31
P8079,Moletom Canguru Branca 8079,399.89,4.1,Algodão/Poliéster,2024-11-04
P8080,Conjunto Casual Cinza 8080,192.98,4.3,Algodão,2023-04-05
P8081,Blazer Casual Verde 8081,158.43,3.5,Poliéster,2024-11-12
P8082,Jaqueta Jeans Cinza 8082,122.71,4.1,Denim,2021-10-14
P8083,Camiseta Estampada Branca 8083,261.54,3.8,Algodão,2025-03-04
P8084,Moletom Com Capuz Branca 8084,283.68,4.7,Algodão/Poliéster,2021-05-22
P8085,Moletom Estampado Bege 8085,228.42,4.1,Algodão/Poliéster,2022-12-23
P8086,Camiseta Polo Branca 8086,133.85,4.3,Algodão,2026-02-19
P8087,Camisa Social Vermelha 8087,227.84,4.2,Algodão,2024-08-02
P8088,Blazer Slim Bege 8088,205.48,4.6,Poliéster,2023-10-14
P8089,Conjunto Casual Verde 8089,344.22,4.2,Algodão,2022-11-16
P8090,Regata Canelada Marrom 8090,386.81,4.1,Algodão,2021-07-04
P8091,Saia Midi Preta 8091,249.21,3.9,Poliéster,2021-08-18
P8092,Calça Social Rosa 8092,68.33,3.6,Sarja,2025-01-22
P8093,Calça Jeans Marrom 8093,342.31,4.6,Sarja,2022-07-22
P8094,Regata Básica Azul 8094,120.87,3.9,Algodão,2021-06-03
P8095,Bermuda Cargo Vermelha 8095,333.52,4.6,Sarja,2023-06-26
P8096,Vestido Floral Amarela 8096,204.66,3.7,Viscose,2023-03-31
P8097,Blusa Canelada Preta 8097,175.07,3.8,Viscose,2026-06-05
P8098,Bermuda Moletom Bege 8098,200.82,3.8,Sarja,2022-04-22
P8099,Camiseta Oversized Branca 8099,239.52,4.9,Algodão,2022-07-08
P8100,Camisa Social Vermelha 8100,220.64,5.0,Algodão,2021-12-07
P8101,Jaqueta Bomber Preta 8101,56.9,4.4,Poliéster,2022-01-25
P8102,Calça Cargo Amarela 8102,174.7,4.2,Sarja,2024-01-09
P8103,Moletom Canguru Bege 8103,356.68,4.4,Algodão/Poliéster,2022-04-07
P8104,Camiseta Oversized Verde 8104,262.16,4.6,Algodão,2025-01-29
P8105,Camisa Social Rosa 8105,190.85,4.9,Algodão,2025-08-19
P8106,Blusa Básica Marrom 8106,399.89,3.7,Viscose,2023-10-05
P8107,Calça Jogger Amarela 8107,78.81,3.7,Sarja,2022-05-11
P8108,Blazer Slim Cinza 8108,235.25,4.5,Poliéster,2025-08-26
P8109,Vestido Longo Rosa 8109,326.51,4.6,Viscose,2026-06-23
P8110,Blusa Canelada Verde 8110,84.77,4.2,Viscose,2026-03-14
P8111,Blusa Básica Verde 8111,68.22,4.5,Viscose,2026-03-19
P8112,Conjunto Esportivo Bege 8112,67.49,4.3,Poliéster,2025-07-29
P8113,Blusa Manga Longa Cinza 8113,271.79,4.4,Viscose,2025-03-08
P8114,Jaqueta Corta-Vento Azul 8114,271.01,4.3,Nylon,2026-06-02
P8115,Blazer Slim Azul 8115,63.59,4.7,Poliéster,2022-12-04
P8116,Regata Canelada Amarela 8116,177.2,4.4,Algodão,2026-04-07
P8117,Jaqueta Jeans Rosa 8117,161.39,4.3,Denim,2021-02-12
P8118,Bermuda Esportiva Branca 8118,48.65,4.1,Sarja,2025-09-19
P8119,Conjunto Moletom Marrom 8119,207.8,3.9,Algodão/Poliéster,2022-11-23
P8120,Vestido Casual Marrom 8120,337.3,4.0,Viscose,2022-08-29
P8121,Saia Midi Verde 8121,114.98,5.0,Poliéster,2024-10-29
P8122,Camisa Linho Preta 8122,41.82,4.9,Algodão,2021-12-27
P8123,Blusa Básica Marrom 8123,284.27,4.4,Viscose,2026-08-19
P8124,Camisa Flanela Vermelha 8124,327.08,4.2,Algodão,2025-02-13
P8125,Regata Básica Marrom 8125,318.82,4.2,Algodão,2021-02-09
P8126,Blusa Social Vermelha 8126,62.36,3.8,Viscose,2025-10-16
P8127,Regata Básica Branca 8127,296.25,4.7,Algodão,2021-08-12
P8128,Blusa Social Bege 8128,89.8,4.4,Viscose,2025-08-31
P8129,Saia Jeans Marrom 8129,84.85,4.1,Poliéster,2025-08-09
P8130,Bermuda Moletom Amarela 8130,144.18,4.7,Sarja,2024-08-24
P8131,Regata Básica Azul 8131,58.72,4.3,Algodão,2024-05-27
P8132,Bermuda Cargo Rosa 8132,203.0,4.5,Sarja,2025-09-13
P8133,Camiseta Básica Marrom 8133,399.89,4.2,Algodão,2025-10-26
P8134,Moletom Com Capuz Marrom 8134,62.97,4.7,Algodão/Poliéster,2025-01-03
P8135,Bermuda Jeans Amarela 8135,301.73,4.9,Sarja,2021-12-20
P8136,Regata Esportiva Branca 8136,317.06,4.0,Algodão,2024-10-08
P8137,Saia Jeans Branca 8137,241.83,3.1,Poliéster,2022-02-21
P8138,Vestido Casual Amarela 8138,91.1,4.4,Viscose,2021-04-07
P8139,Vestido Midi Preta 8139,204.55,4.7,Viscose,2021-11-11
P8140,Vestido Casual Vermelha 8140,153.47,4.2,Viscose,2023-08-11
P8141,Vestido Casual Amarela 8141,160.99,4.1,Viscose,2026-06-17
P8142,Camiseta Polo Rosa 8142,342.66,3.9,Algodão,2021-03-12
P8143,Moletom Com Capuz Verde 8143,352.36,3.9,Algodão/Poliéster,2021-06-03
P8144,Moletom Com Capuz Bege 8144,130.54,4.0,Algodão/Poliéster,2021-07-11
P8145,Moletom Canguru Preta 8145,179.09,4.9,Algodão/Poliéster,2022-01-30
P8146,Blazer Social Bege 8146,249.62,4.7,Poliéster,2024-01-25
P8147,Saia Plissada Azul 8147,170.11,4.8,Poliéster,2025-08-27
P8148,Blazer Casual Verde 8148,398.35,4.2,Poliéster,2021-04-09
P8149,Camisa Linho Bege 8149,250.62,4.7,Algodão,2025-07-23
P8150,Calça Social Rosa 8150,149.82,4.2,Sarja,2026-03-05
P8151,Jaqueta Puffer Amarela 8151,174.68,4.2,Poliéster,2021-06-14
P8152,Bermuda Esportiva Verde 8152,239.79,3.9,Sarja,2023-07-21
P8153,Moletom Estampado Amarela 8153,89.92,3.8,Algodão/Poliéster,2025-08-13
P8154,Regata Canelada Amarela 8154,231.79,4.6,Algodão,2024-12-19
P8155,Cinto de Couro 8155,75.99,3.9,Couro,2022-01-19
P8156,Calça Social Cinza 8156,94.4,3.4,Sarja,2021-11-02
P8157,Regata Esportiva Azul 8157,171.55,4.7,Algodão,2023-07-12
P8158,Saia Jeans Verde 8158,177.4,4.7,Poliéster,2025-10-20
P8159,Bermuda Esportiva Cinza 8159,153.18,4.8,Sarja,2026-05-17
P8160,Blusa Básica Azul 8160,157.15,4.0,Viscose,2023-09-17
P8161,Bermuda Moletom Amarela 8161,396.1,5.0,Sarja,2024-01-01
P8162,Bermuda Moletom Branca 8162,360.81,4.7,Sarja,2024-03-02
P8163,Moletom Com Capuz Rosa 8163,218.96,4.5,Algodão/Poliéster,2023-10-12
P8164,Camiseta Oversized Azul 8164,326.44,4.5,Algodão,2024-09-03
P8165,Camiseta Básica Bege 8165,371.06,4.5,Algodão,2022-07-21
P8166,Calça Sarja Vermelha 8166,153.21,3.7,Sarja,2024-01-23
P8167,Moletom Básico Vermelha 8167,91.9,4.6,Algodão/Poliéster,2024-06-22
P8168,Regata Canelada Bege 8168,208.89,5.0,Algodão,2024-03-11
P8169,Regata Canelada Amarela 8169,137.59,4.7,Algodão,2026-07-11
P8170,Regata Básica Marrom 8170,241.16,3.6,Algodão,2025-03-21
P8171,Blusa Manga Longa Bege 8171,278.59,4.5,Viscose,2025-02-28
P8172,Saia Casual Preta 8172,135.59,4.2,Poliéster,2025-07-27
P8173,Blusa Básica Branca 8173,354.58,4.0,Viscose,2023-12-28
P8174,Calça Jogger Branca 8174,274.01,4.5,Sarja,2022-09-26
P8175,Blusa Canelada Vermelha 8175,204.94,5.0,Viscose,2024-01-14
P8176,Jaqueta Puffer Amarela 8176,344.95,4.1,Poliéster,2026-03-23
P8177,Calça Sarja Rosa 8177,173.95,5.0,Sarja,2025-12-25
P8178,Conjunto Casual Amarela 8178,274.13,4.2,Algodão,2023-01-03
P8179,Bermuda Jeans Azul 8179,322.74,4.3,Sarja,2023-09-27
P8180,Regata Esportiva Preta 8180,100.86,4.0,Algodão,2022-07-18
P8181,Calça Cargo Rosa 8181,243.52,4.2,Sarja,2021-01-26
P8182,Calça Jogger Cinza 8182,159.36,5.0,Sarja,2022-10-07
P8183,Bermuda Cargo Branca 8183,236.69,4.2,Sarja,2021-07-29
P8184,Camisa Flanela Bege 8184,54.13,4.0,Algodão,2023-01-12
P8185,Bermuda Jeans Preta 8185,257.63,4.4,Sarja,2021-04-22
P8186,Blazer Slim Bege 8186,167.91,4.6,Poliéster,2022-10-18
P8187,Blazer Slim Cinza 8187,127.68,4.7,Poliéster,2025-01-18
P8188,Saia Casual Verde 8188,79.65,4.0,Poliéster,2025-10-12
P8189,Conjunto Moletom Cinza 8189,113.08,4.3,Algodão/Poliéster,2026-01-11
P8190,Camiseta Slim Azul 8190,185.34,4.9,Algodão,2024-03-07
P8191,Bermuda Moletom Marrom 8191,338.21,4.3,Sarja,2024-02-05
P8192,Vestido Midi Preta 8192,65.38,4.5,Viscose,2026-06-26
P8193,Bermuda Esportiva Azul 8193,224.54,4.8,Sarja,2024-02-24
P8194,Regata Canelada Preta 8194,349.55,4.0,Algodão,2021-06-23
P8195,Bermuda Esportiva Verde 8195,116.77,4.9,Sarja,2026-04-21
P8196,Blazer Slim Cinza 8196,106.51,4.5,Poliéster,2024-06-24
P8197,Jaqueta Jeans Verde 8197,48.16,4.5,Denim,2024-10-11
P8198,Blusa Básica Cinza 8198,286.4,4.6,Viscose,2021-07-18
P8199,Camiseta Polo Branca 8199,53.99,4.2,Algodão,2023-08-30
P8200,Bermuda Cargo Branca 8200,235.35,4.4,Sarja,2023-08-08
P8201,Blusa Manga Longa Verde 8201,294.46,2.8,Viscose,2025-08-13
P8202,Blusa Canelada Cinza 8202,345.53,4.5,Viscose,2023-03-03
P8203,Calça Social Bege 8203,269.89,5.0,Sarja,2022-12-11
P8204,Jaqueta Puffer Amarela 8204,357.06,3.2,Poliéster,2024-11-09
P8205,Regata Canelada Azul 8205,376.87,4.6,Algodão,2021-02-02
P8206,Camiseta Básica Branca 8206,100.96,4.7,Algodão,2025-03-23
P8207,Conjunto Esportivo Amarela 8207,116.17,4.4,Poliéster,2021-01-16
P8208,Regata Básica Marrom 8208,206.97,3.5,Algodão,2022-05-08
P8209,Bermuda Moletom Vermelha 8209,136.36,5.0,Sarja,2023-10-27
P8210,Bermuda Esportiva Bege 8210,140.36,3.3,Sarja,2022-02-05
P8211,Vestido Longo Azul 8211,106.32,4.0,Viscose,2021-03-15
P8212,Regata Esportiva Vermelha 8212,389.83,4.3,Algodão,2023-05-18
P8213,Calça Cargo Azul 8213,298.93,4.8,Sarja,2025-01-03
P8214,Jaqueta Puffer Verde 8214,61.05,4.7,Poliéster,2022-05-16
P8215,Blazer Casual Preta 8215,231.3,4.7,Poliéster,2022-07-22
P8216,Blazer Social Preta 8216,275.51,5.0,Poliéster,2024-10-31
P8217,Regata Básica Cinza 8217,111.84,4.6,Algodão,2026-05-15
P8218,Blusa Básica Azul 8218,158.75,5.0,Viscose,2023-12-08
P8219,Calça Jogger Amarela 8219,138.32,3.4,Sarja,2024-03-02
P8220,Camiseta Oversized Branca 8220,136.72,4.7,Algodão,2025-09-08
P8221,Moletom Estampado Amarela 8221,130.9,4.2,Algodão/Poliéster,2021-05-17
P8222,Blusa Canelada Preta 8222,45.53,3.7,Viscose,2026-07-24
P8223,Blazer Casual Rosa 8223,399.89,3.6,Poliéster,2023-09-12
P8224,Calça Jeans Cinza 8224,45.78,4.7,Sarja,2023-02-22
P8225,Saia Jeans Rosa 8225,399.89,3.8,Poliéster,2024-07-02
P8226,Vestido Midi Azul 8226,218.94,4.4,Viscose,2026-03-02
P8227,Saia Midi Vermelha 8227,191.98,4.2,Poliéster,2026-04-23
P8228,Blazer Casual Amarela 8228,191.55,4.1,Poliéster,2025-05-27
P8229,Shorts Jeans 8229,92.87,4.1,Algodão,2023-09-28
P8230,Camiseta Oversized Azul 8230,44.66,4.7,Algodão,2021-11-05
P8231,Camisa Manga Curta Azul 8231,345.42,4.0,Algodão,2022-01-29
P8232,Blusa Manga Longa Bege 8232,283.12,3.6,Viscose,2025-09-26
P8233,Blusa Manga Longa Vermelha 8233,307.3,4.7,Viscose,2021-09-16
P8234,Bermuda Esportiva Vermelha 8234,45.38,3.8,Sarja,2023-09-24
P8235,Conjunto Moletom Verde 8235,43.55,4.0,Algodão/Poliéster,2023-04-24
P8236,Jaqueta Jeans Azul 8236,313.81,4.2,Denim,2025-01-07
P8237,Calça Jogger Bege 8237,399.18,3.7,Sarja,2022-12-12
P8238,Vestido Floral Bege 8238,366.5,4.4,Viscose,2024-12-24
P8239,Camisa Social Verde 8239,98.55,4.0,Algodão,2023-11-18
P8240,Calça Sarja Preta 8240,149.98,4.3,Sarja,2026-01-08
P8241,Regata Canelada Azul 8241,322.66,4.5,Algodão,2022-01-22
P8242,Conjunto Casual Preta 8242,252.7,3.7,Algodão,2025-04-24
P8243,Bermuda Moletom Bege 8243,190.03,3.7,Sarja,2025-02-02
P8244,Vestido Floral Verde 8244,110.01,4.2,Viscose,2025-09-03
P8245,Blusa Básica Marrom 8245,292.83,4.3,Viscose,2023-10-12
P8246,Jaqueta Puffer Verde 8246,66.03,4.6,Poliéster,2022-10-26
P8247,Vestido Longo Rosa 8247,339.4,4.0,Viscose,2023-12-06
P8248,Camisa Social Verde 8248,273.94,3.3,Algodão,2026-07-07
P8249,Camisa Linho Preta 8249,149.69,4.3,Algodão,2022-02-08
P8250,Regata Canelada Branca 8250,103.37,5.0,Algodão,2024-09-30
P8251,Moletom Básico Amarela 8251,257.2,4.5,Algodão/Poliéster,2022-04-10
P8252,Regata Básica Amarela 8252,84.3,5.0,Algodão,2025-05-20
P8253,Blusa Manga Longa Bege 8253,92.81,4.2,Viscose,2023-05-27
P8254,Jaqueta Jeans Azul 8254,365.76,3.9,Denim,2025-11-13
P8255,Jaqueta Jeans Azul 8255,75.96,4.1,Denim,2021-12-05
P8256,Blusa Canelada Preta 8256,125.21,4.0,Viscose,2021-09-14
P8257,Vestido Midi Rosa 8257,272.32,4.6,Viscose,2026-05-22
P8258,Blazer Slim Bege 8258,40.2,4.1,Poliéster,2022-11-28
P8259,Blusa Canelada Rosa 8259,354.32,3.9,Viscose,2021-06-25
P8260,Jaqueta Puffer Rosa 8260,181.79,4.3,Poliéster,2025-09-26
P8261,Bermuda Moletom Rosa 8261,355.45,3.7,Sarja,2023-05-07
P8262,Camiseta Polo Bege 8262,172.41,4.3,Algodão,2026-03-23
P8263,Blazer Slim Vermelha 8263,349.0,4.8,Poliéster,2023-06-25
P8264,Vestido Floral Azul 8264,252.32,4.1,Viscose,2025-04-14
P8265,Blusa Manga Longa Bege 8265,262.65,4.0,Viscose,2024-04-12
P8266,Saia Plissada Branca 8266,298.06,4.6,Poliéster,2023-09-25
P8267,Jaqueta Corta-Vento Preta 8267,382.38,4.3,Nylon,2023-10-03
P8268,Camisa Linho Bege 8268,154.0,4.4,Algodão,2022-06-04
P8269,Bermuda Cargo Rosa 8269,75.97,5.0,Sarja,2025-03-05
P8270,Saia Midi Branca 8270,259.34,4.8,Poliéster,2023-12-23
P8271,Conjunto Casual Branca 8271,319.93,3.5,Algodão,2021-01-04
P8272,Blazer Social Cinza 8272,320.55,3.6,Poliéster,2023-04-03
P8273,Moletom Básico Branca 8273,106.14,3.6,Algodão/Poliéster,2023-04-20
P8274,Calça Social Preta 8274,199.92,4.7,Sarja,2026-01-07
P8275,Regata Canelada Vermelha 8275,311.69,4.4,Algodão,2023-06-03
P8276,Calça Social Preta 8276,358.71,3.7,Sarja,2024-03-19
P8277,Regata Básica Azul 8277,57.8,4.2,Algodão,2021-06-21
P8278,Camiseta Estampada Azul 8278,114.14,3.8,Algodão,2023-03-23
P8279,Conjunto Esportivo Amarela 8279,201.31,4.1,Poliéster,2022-08-11
P8280,Camisa Flanela Amarela 8280,338.19,3.5,Algodão,2023-10-29
P8281,Camiseta Polo Rosa 8281,328.8,4.1,Algodão,2026-02-03
P8282,Jaqueta Bomber Cinza 8282,43.45,4.2,Poliéster,2026-04-16
P8283,Saia Midi Vermelha 8283,214.49,4.2,Poliéster,2022-08-17
P8284,Moletom Estampado Preta 8284,298.79,3.9,Algodão/Poliéster,2024-06-22
P8285,Vestido Floral Marrom 8285,180.81,4.5,Viscose,2026-05-29
P8286,Blusa Manga Longa Preta 8286,332.83,4.6,Viscose,2022-04-19
P8287,Vestido Casual Vermelha 8287,107.52,4.4,Viscose,2023-06-26
P8288,Vestido Midi Rosa 8288,226.84,3.7,Viscose,2023-11-01
P8289,Conjunto Casual Cinza 8289,199.5,4.0,Algodão,2021-01-07
P8290,Camisa Linho Rosa 8290,43.91,4.4,Algodão,2023-08-22
P8291,Bermuda Cargo Preta 8291,374.17,3.8,Sarja,2021-09-09
P8292,Jaqueta Puffer Bege 8292,152.97,4.6,Poliéster,2022-10-05
P8293,Jaqueta Puffer Cinza 8293,321.0,4.4,Poliéster,2021-08-27
P8294,Vestido Casual Azul 8294,308.89,4.0,Viscose,2025-03-04
P8295,Calça Jeans Cinza 8295,358.11,5.0,Sarja,2025-09-24
P8296,Conjunto Casual Marrom 8296,322.6,4.4,Algodão,2022-07-10
P8297,Camisa Social Preta 8297,145.39,4.4,Algodão,2021-03-25
P8298,Bermuda Cargo Vermelha 8298,40.18,3.9,Sarja,2023-10-17
P8299,Vestido Floral Cinza 8299,360.34,4.2,Viscose,2021-08-26
P8300,Blusa Social Verde 8300,142.77,4.9,Viscose,2023-07-02
P8301,Calça Jogger Verde 8301,353.97,4.5,Sarja,2024-01-31
P8302,Camiseta Estampada 8302,78.99,4.1,Algodão,2023-08-24
P8303,Blazer Slim Vermelha 8303,136.85,3.5,Poliéster,2023-12-17
P8304,Calça Cargo Cinza 8304,319.04,4.4,Sarja,2024-03-18
P8305,Regata Canelada Bege 8305,129.05,4.9,Algodão,2021-12-05
P8306,Regata Básica Verde 8306,126.55,5.0,Algodão,2024-11-14
P8307,Moletom Básico Amarela 8307,233.88,3.7,Algodão/Poliéster,2024-10-15
P8308,Moletom Estampado Vermelha 8308,304.57,4.1,Algodão/Poliéster,2021-10-23
P8309,Vestido Casual Preta 8309,289.37,3.9,Viscose,2023-06-17
P8310,Camiseta Slim Verde 8310,130.47,3.9,Algodão,2022-08-20
P8311,Saia Plissada Marrom 8311,309.34,4.4,Poliéster,2023-04-03
P8312,Camiseta Básica Amarela 8312,163.74,4.0,Algodão,2025-05-18
P8313,Saia Midi Rosa 8313,295.21,3.8,Poliéster,2024-05-19
P8314,Vestido Casual Vermelha 8314,113.67,4.4,Viscose,2026-02-22
P8315,Camiseta Básica Preta 8315,124.77,4.5,Algodão,2024-03-23
P8316,Calça Social Preta 8316,349.32,3.5,Sarja,2021-04-03
P8317,Blazer Slim Cinza 8317,241.82,4.7,Poliéster,2025-01-11
P8318,Camisa Flanela Bege 8318,56.29,4.1,Algodão,2021-06-01
P8319,Saia Casual Azul 8319,42.65,3.8,Poliéster,2022-12-09
P8320,Bermuda Cargo Azul 8320,321.82,4.1,Sarja,2026-04-17
P8321,Regata Esportiva Verde 8321,297.74,4.3,Algodão,2026-08-10
P8322,Blusa Canelada Branca 8322,239.12,3.9,Viscose,2021-11-03
P8323,Conjunto Casual Vermelha 8323,287.57,4.2,Algodão,2026-08-01
P8324,Moletom Com Capuz Bege 8324,133.04,3.9,Algodão/Poliéster,2026-07-20
P8325,Jaqueta Puffer Rosa 8325,195.06,4.1,Poliéster,2025-12-23
P8326,Saia Jeans Branca 8326,265.6,3.2,Poliéster,2025-09-10
P8327,Blusa Canelada Vermelha 8327,206.17,4.2,Viscose,2021-06-05
P8328,Calça Jogger Branca 8328,300.11,4.9,Sarja,2021-09-07
P8329,Jaqueta Corta-Vento Preta 8329,151.98,4.5,Nylon,2024-06-23
P8330,Saia Plissada Branca 8330,292.97,4.6,Poliéster,2021-08-01
P8331,Camisa Linho Bege 8331,128.43,4.6,Algodão,2022-06-03
P8332,Calça Sarja Azul 8332,82.83,3.9,Sarja,2026-07-16
P8333,Camisa Manga Curta Marrom 8333,46.69,4.1,Algodão,2026-02-27
P8334,Camisa Flanela Cinza 8334,155.08,4.8,Algodão,2022-06-12
P8335,Conjunto Esportivo Amarela 8335,298.45,4.6,Poliéster,2024-01-20
P8336,Conjunto Moletom Verde 8336,379.82,4.2,Algodão/Poliéster,2024-01-20
P8337,Blazer Slim Cinza 8337,399.89,4.5,Poliéster,2022-06-28
P8338,Blazer Slim Vermelha 8338,122.45,4.4,Poliéster,2022-05-04
P8339,Blusa Básica Marrom 8339,278.62,4.2,Viscose,2023-06-24
P8340,Camiseta Estampada Branca 8340,269.35,4.2,Algodão,2024-05-27
P8341,Jaqueta Jeans Rosa 8341,185.7,4.8,Denim,2025-07-23
P8342,Conjunto Moletom Vermelha 8342,260.38,4.2,Algodão/Poliéster,2025-10-05
P8343,Camiseta Básica Vermelha 8343,87.63,3.6,Algodão,2021-02-12
P8344,Bermuda Jeans Rosa 8344,356.71,4.0,Sarja,2024-09-21
P8345,Blazer Casual Rosa 8345,106.47,4.1,Poliéster,2024-06-28
P8346,Blazer Slim Rosa 8346,290.79,4.6,Poliéster,2021-04-07
P8347,Blazer Social Vermelha 8347,320.47,3.6,Poliéster,2025-09-23
P8348,Camisa Manga Curta Bege 8348,154.31,4.1,Algodão,2024-05-16
P8349,Camiseta Slim Cinza 8349,216.75,4.1,Algodão,2025-01-27
P8350,Calça Jeans Marrom 8350,165.52,4.4,Sarja,2024-09-29
P8351,Calça Sarja Azul 8351,111.73,4.5,Sarja,2022-11-23
P8352,Moletom Estampado Amarela 8352,365.02,4.1,Algodão/Poliéster,2022-02-20
P8353,Regata Esportiva Marrom 8353,209.7,4.7,Algodão,2023-02-21
P8354,Bermuda Jeans Rosa 8354,247.49,3.8,Sarja,2025-04-26
P8355,Calça Cargo Vermelha 8355,275.28,3.4,Sarja,2024-08-10
P8356,Saia Midi Verde 8356,144.12,3.5,Poliéster,2024-07-21
P8357,Jaqueta Puffer Amarela 8357,305.4,4.5,Poliéster,2021-09-27
P8358,Saia Midi 8358,117.64,4.1,Poliéster,2021-01-20
P8359,Saia Midi Azul 8359,53.88,4.6,Poliéster,2024-10-13
P8360,Vestido Floral Marrom 8360,264.46,4.2,Viscose,2026-05-21
P8361,Calça Sarja Preta 8361,40.18,4.0,Sarja,2023-01-12
P8362,Conjunto Esportivo Rosa 8362,42.38,3.7,Poliéster,2023-07-11
P8363,Camiseta Polo Verde 8363,148.93,4.9,Algodão,2026-06-05
P8364,Calça Cargo Marrom 8364,307.64,4.9,Sarja,2022-04-26
P8365,Conjunto Moletom Vermelha 8365,204.87,3.9,Algodão/Poliéster,2023-12-16
P8366,Moletom Básico Rosa 8366,206.51,4.1,Algodão/Poliéster,2021-06-28
P8367,Moletom Com Capuz Amarela 8367,266.78,4.1,Algodão/Poliéster,2022-06-30
P8368,Blazer Casual Rosa 8368,103.33,4.0,Poliéster,2023-02-14
P8369,Jaqueta Corta-Vento Verde 8369,156.56,4.0,Nylon,2024-11-19
P8370,Calça Sarja Amarela 8370,248.56,4.1,Sarja,2022-09-29
P8371,Blusa Canelada Rosa 8371,51.72,4.3,Viscose,2023-08-11
P8372,Calça Cargo Marrom 8372,312.59,4.9,Sarja,2022-09-09
P8373,Vestido Longo Preta 8373,221.03,4.3,Viscose,2021-10-19
P8374,Regata Básica Verde 8374,208.82,3.8,Algodão,2025-06-30
P8375,Blazer Social Preta 8375,303.62,4.3,Poliéster,2024-10-24
P8376,Saia Casual Verde 8376,362.31,3.6,Poliéster,2024-08-29
P8377,Blazer Casual Azul 8377,370.79,3.6,Poliéster,2024-04-21
P8378,Regata Básica Verde 8378,384.45,3.5,Algodão,2021-10-03
P8379,Saia Casual Branca 8379,202.07,4.0,Poliéster,2023-12-02
P8380,Saia Jeans Azul 8380,57.89,4.2,Poliéster,2025-01-05
P8381,Bermuda Moletom Vermelha 8381,126.13,4.7,Sarja,2023-10-20
P8382,Jaqueta Puffer Amarela 8382,375.65,3.2,Poliéster,2025-02-05
P8383,Camisa Linho Preta 8383,245.28,4.3,Algodão,2022-11-12
P8384,Blusa Social Vermelha 8384,261.05,4.0,Viscose,2023-12-01
P8385,Blazer Casual Marrom 8385,183.77,4.2,Poliéster,2023-02-27
P8386,Saia Casual Cinza 8386,326.87,4.4,Poliéster,2026-08-23
P8387,Camisa Flanela Branca 8387,175.78,5.0,Algodão,2022-01-06
P8388,Camiseta Polo Marrom 8388,399.89,4.4,Algodão,2022-08-10
P8389,Bermuda Cargo Azul 8389,237.74,3.5,Sarja,2024-11-10
P8390,Conjunto Esportivo Preta 8390,98.39,4.1,Poliéster,2021-05-01
P8391,Camiseta Polo Verde 8391,145.6,5.0,Algodão,2023-11-27
P8392,Camiseta Oversized Amarela 8392,183.81,4.8,Algodão,2021-03-01
P8393,Calça Jogger Rosa 8393,134.71,3.9,Sarja,2023-12-29
P8394,Jaqueta Corta-Vento Bege 8394,375.99,4.5,Nylon,2022-10-26
P8395,Camisa Social Vermelha 8395,336.13,3.9,Algodão,2022-01-28
P8396,Blazer Casual Preta 8396,379.96,4.7,Poliéster,2023-10-28
P8397,Jaqueta Jeans Azul 8397,382.59,4.5,Denim,2022-11-16
P8398,Calça Jeans Bege 8398,152.39,4.0,Sarja,2021-06-11
P8399,Saia Casual Verde 8399,235.06,4.7,Poliéster,2024-01-08
P8400,Bermuda Moletom Cinza 8400,202.22,3.9,Sarja,2024-03-16
P8401,Calça Jogger Branca 8401,340.36,4.3,Sarja,2024-10-01
P8402,Bermuda Moletom Marrom 8402,190.04,4.4,Sarja,2026-02-07
P8403,Vestido Longo Marrom 8403,228.24,4.5,Viscose,2024-12-24
P8404,Camiseta Oversized Cinza 8404,66.31,4.5,Algodão,2025-07-07
P8405,Vestido Longo Azul 8405,145.24,4.4,Viscose,2024-09-02
P8406,Saia Casual Verde 8406,399.89,4.4,Poliéster,2024-10-23
P8407,Conjunto Moletom Amarela 8407,114.78,4.8,Algodão/Poliéster,2025-06-30
P8408,Camisa Manga Curta Azul 8408,164.12,4.9,Algodão,2024-10-01
P8409,Camisa Social Branca 8409,229.14,3.8,Algodão,2023-11-06
P8410,Bermuda Cargo Preta 8410,340.52,3.5,Sarja,2025-02-19
P8411,Blusa Básica Rosa 8411,175.45,4.1,Viscose,2026-06-21
P8412,Saia Casual Preta 8412,163.4,4.4,Poliéster,2023-10-20
P8413,Bermuda Cargo Marrom 8413,258.65,3.7,Sarja,2022-04-13
P8414,Vestido Social 8414,214.54,4.3,Viscose,2023-04-12
P8415,Conjunto Casual Verde 8415,73.56,4.1,Algodão,2021-01-30
P8416,Camiseta Estampada Preta 8416,378.01,3.7,Algodão,2022-09-27
P8417,Vestido Midi Bege 8417,163.61,4.5,Viscose,2026-01-10
P8418,Moletom Básico Marrom 8418,122.77,4.3,Algodão/Poliéster,2021-07-26
P8419,Moletom Com Capuz Branca 8419,349.79,4.3,Algodão/Poliéster,2026-01-12
P8420,Regata Esportiva Azul 8420,253.57,3.4,Algodão,2024-03-09
P8421,Vestido Longo Preta 8421,285.71,3.8,Viscose,2022-10-21
P8422,Conjunto Casual Preta 8422,79.61,4.1,Algodão,2023-09-05
P8423,Camisa Manga Curta Vermelha 8423,112.06,4.5,Algodão,2025-12-23
P8424,Camiseta Polo Vermelha 8424,278.05,4.4,Algodão,2021-09-04
P8425,Moletom Básico Azul 8425,344.96,4.6,Algodão/Poliéster,2024-03-16
P8426,Vestido Longo Rosa 8426,353.98,4.4,Viscose,2022-07-10
P8427,Calça Social Rosa 8427,69.9,3.5,Sarja,2024-01-25
P8428,Saia Midi Cinza 8428,164.1,4.8,Poliéster,2025-06-17
P8429,Vestido Midi Azul 8429,346.19,3.9,Viscose,2026-03-22
P8430,Blazer Social Preta 8430,325.76,4.2,Poliéster,2022-06-13
P8431,Camiseta Básica Preta 8431,132.81,4.4,Algodão,2024-10-05
P8432,Blusa Manga Longa Verde 8432,145.24,4.2,Viscose,2023-05-31
P8433,Saia Plissada Bege 8433,314.14,3.4,Poliéster,2023-11-07
P8434,Blazer Casual Branca 8434,200.65,3.6,Poliéster,2021-11-30
P8435,Calça Social Cinza 8435,101.92,3.2,Sarja,2025-11-08
P8436,Blusa Canelada Branca 8436,295.01,4.6,Viscose,2021-12-18
P8437,Camisa Flanela Verde 8437,84.47,3.6,Algodão,2021-03-24
P8438,Moletom Canguru Vermelha 8438,101.2,4.4,Algodão/Poliéster,2025-04-14
P8439,Conjunto Moletom Preta 8439,303.7,4.8,Algodão/Poliéster,2023-04-20
P8440,Bermuda Esportiva Marrom 8440,235.99,4.2,Sarja,2021-05-18
P8441,Conjunto Moletom Marrom 8441,175.83,4.1,Algodão/Poliéster,2024-11-09
P8442,Bermuda Cargo Rosa 8442,77.85,4.9,Sarja,2022-08-13
P8443,Saia Plissada Azul 8443,150.13,4.6,Poliéster,2026-07-13
P8444,Camiseta Slim Amarela 8444,124.26,4.0,Algodão,2026-07-23
P8445,Jaqueta Puffer Cinza 8445,306.9,4.5,Poliéster,2024-02-13
P8446,Camiseta Polo Verde 8446,148.52,5.0,Algodão,2023-09-12
P8447,Camiseta Básica Amarela 8447,368.34,4.6,Algodão,2023-07-10
P8448,Vestido Casual Amarela 8448,47.81,4.4,Viscose,2024-06-08
P8449,Blazer Casual Preta 8449,327.36,4.5,Poliéster,2026-02-24
P8450,Bermuda Jeans Rosa 8450,306.19,4.1,Sarja,2024-08-18
P8451,Vestido Floral Cinza 8451,242.19,4.9,Viscose,2021-07-25
P8452,Blazer Slim Preta 8452,209.52,4.2,Poliéster,2022-02-10
P8453,Moletom Com Capuz Branca 8453,278.01,4.1,Algodão/Poliéster,2024-07-26
P8454,Camiseta Oversized Vermelha 8454,226.45,4.6,Algodão,2023-02-04
P8455,Saia Casual Azul 8455,40.18,3.8,Poliéster,2023-09-19
P8456,Blazer Casual Marrom 8456,379.71,4.4,Poliéster,2023-04-10
P8457,Conjunto Moletom Branca 8457,78.09,3.7,Algodão/Poliéster,2024-05-18
P8458,Blusa Básica Marrom 8458,399.89,4.1,Viscose,2022-04-23
P8459,Blazer Slim Marrom 8459,352.12,3.9,Poliéster,2021-06-02
P8460,Conjunto Casual Bege 8460,288.08,4.6,Algodão,2022-04-30
P8461,Regata Canelada Bege 8461,399.89,4.2,Algodão,2024-10-14
P8462,Blusa Básica Amarela 8462,348.92,4.7,Viscose,2024-06-11
P8463,Blusa Manga Longa Amarela 8463,345.47,4.3,Viscose,2025-08-02
P8464,Moletom Com Capuz Verde 8464,82.66,4.4,Algodão/Poliéster,2021-08-13
P8465,Saia Casual Branca 8465,275.36,3.7,Poliéster,2021-10-20
P8466,Calça Cargo Verde 8466,326.91,3.4,Sarja,2021-09-25
P8467,Bermuda Moletom Vermelha 8467,215.3,4.0,Sarja,2024-03-10
P8468,Vestido Longo Bege 8468,145.36,4.4,Viscose,2024-04-01
P8469,Regata Básica Amarela 8469,199.49,5.0,Algodão,2021-11-26
P8470,Jaqueta Jeans Bege 8470,307.52,4.4,Denim,2023-07-19
P8471,Blazer Casual Cinza 8471,112.03,4.2,Poliéster,2021-04-17
P8472,Moletom Canguru Vermelha 8472,301.18,4.6,Algodão/Poliéster,2024-06-20
P8473,Camiseta Polo Amarela 8473,135.91,3.7,Algodão,2024-03-25
P8474,Saia Plissada Vermelha 8474,100.9,4.8,Poliéster,2021-02-25
P8475,Blusa Canelada Rosa 8475,290.4,4.6,Viscose,2021-07-03
P8476,Calça Social Vermelha 8476,187.15,5.0,Sarja,2024-12-29
P8477,Regata Canelada Marrom 8477,77.36,3.4,Algodão,2026-02-04
P8478,Regata Básica Bege 8478,255.49,4.0,Algodão,2025-10-25
P8479,Camiseta Polo Preta 8479,40.18,4.5,Algodão,2024-03-19
P8480,Bermuda Cargo Verde 8480,193.47,4.0,Sarja,2023-12-21
P8481,Moletom Estampado Amarela 8481,88.81,3.9,Algodão/Poliéster,2025-07-31
P8482,Moletom Estampado Amarela 8482,319.84,3.9,Algodão/Poliéster,2025-10-06
P8483,Jaqueta Jeans Branca 8483,146.65,4.4,Denim,2026-02-19
P8484,Regata Canelada Vermelha 8484,285.96,4.6,Algodão,2023-04-07
P8485,Saia Plissada Amarela 8485,354.11,4.5,Poliéster,2023-09-12
P8486,Regata Esportiva Preta 8486,96.39,3.7,Algodão,2021-06-13
P8487,Blusa Social Amarela 8487,219.6,4.3,Viscose,2021-12-29
P8488,Calça Social Cinza 8488,119.08,3.4,Sarja,2023-02-21
P8489,Bermuda Esportiva Amarela 8489,387.55,4.5,Sarja,2025-08-02
P8490,Saia Midi Azul 8490,387.93,4.6,Poliéster,2023-07-13
P8491,Bermuda Cargo Branca 8491,269.01,4.7,Sarja,2024-04-30
P8492,Moletom Estampado Bege 8492,315.61,4.7,Algodão/Poliéster,2025-11-26
P8493,Vestido Floral Cinza 8493,326.35,3.9,Viscose,2023-09-12
P8494,Bermuda Jeans Rosa 8494,56.48,3.7,Sarja,2022-11-24
P8495,Calça Social Azul 8495,238.06,4.4,Sarja,2025-02-19
P8496,Vestido Floral Vermelha 8496,287.0,4.4,Viscose,2022-10-14
P8497,Jaqueta Puffer Bege 8497,254.2,3.8,Poliéster,2023-03-15
P8498,Moletom Com Capuz Azul 8498,58.16,3.7,Algodão/Poliéster,2026-01-12
P8499,Blusa Canelada Preta 8499,45.33,3.9,Viscose,2023-06-24
P8500,Jaqueta Puffer Preta 8500,103.33,4.4,Poliéster,2022-06-04
P8501,Vestido Casual Bege 8501,87.42,3.7,Viscose,2025-09-23
P8502,Vestido Midi Marrom 8502,344.95,4.1,Viscose,2024-08-22
P8503,Bermuda Cargo Rosa 8503,119.32,3.2,Sarja,2025-05-08
P8504,Saia Casual Cinza 8504,336.09,4.7,Poliéster,2022-11-07
P8505,Camisa Linho Vermelha 8505,260.11,3.6,Algodão,2025-06-06
P8506,Vestido Floral Bege 8506,399.89,4.4,Viscose,2026-05-23
P8507,Blusa Manga Longa Verde 8507,225.06,3.7,Viscose,2021-12-05
P8508,Jaqueta Corta-Vento Rosa 8508,266.18,4.1,Nylon,2022-01-28
P8509,Conjunto Moletom Verde 8509,135.39,3.8,Algodão/Poliéster,2024-03-13
P8510,Saia Midi Azul 8510,50.76,4.3,Poliéster,2025-02-06
P8511,Moletom Canguru Amarela 8511,299.24,4.1,Algodão/Poliéster,2021-01-01
P8512,Blazer Slim Rosa 8512,240.82,3.8,Poliéster,2024-02-13
P8513,Calça Cargo Bege 8513,248.64,4.4,Sarja,2021-09-21
P8514,Blazer Casual Marrom 8514,316.2,3.9,Poliéster,2026-07-18
P8515,Moletom Canguru Preta 8515,89.04,4.4,Algodão/Poliéster,2025-02-11
P8516,Camisa Social Azul 8516,174.1,4.1,Algodão,2026-08-19
P8517,Blazer Slim Rosa 8517,278.65,4.4,Poliéster,2022-03-28
P8518,Jaqueta Jeans Azul 8518,364.45,4.6,Denim,2025-07-01
P8519,Blazer Casual Marrom 8519,355.73,4.3,Poliéster,2023-03-02
P8520,Camisa Linho Bege 8520,182.04,4.4,Algodão,2021-08-03
P8521,Saia Midi 8521,125.11,4.1,Poliéster,2023-09-21
P8522,Blazer Slim Branca 8522,226.97,3.9,Poliéster,2023-08-29
P8523,Camiseta Polo Branca 8523,57.3,4.0,Algodão,2023-11-02
P8524,Bermuda Esportiva Branca 8524,184.14,3.8,Sarja,2025-11-03
P8525,Camisa Linho Verde 8525,104.49,4.7,Algodão,2022-08-02
P8526,Conjunto Moletom Azul 8526,329.82,5.0,Algodão/Poliéster,2024-08-14
P8527,Jaqueta Bomber Vermelha 8527,71.02,4.6,Poliéster,2022-02-17
P8528,Blusa Social Marrom 8528,372.09,3.5,Viscose,2025-12-24
P8529,Blusa Social Marrom 8529,165.39,3.7,Viscose,2023-08-06
P8530,Camiseta Oversized Marrom 8530,170.62,4.4,Algodão,2025-07-12
P8531,Vestido Midi Rosa 8531,204.07,3.6,Viscose,2022-07-11
P8532,Moletom Canguru Preta 8532,376.5,4.1,Algodão/Poliéster,2022-10-10
P8533,Camisa Social Branca 8533,59.32,4.6,Algodão,2026-07-27
P8534,Conjunto Moletom Verde 8534,399.89,4.3,Algodão/Poliéster,2022-02-08
P8535,Blusa Básica Bege 8535,306.57,4.5,Viscose,2024-03-07
P8536,Moletom Básico Marrom 8536,269.18,3.6,Algodão/Poliéster,2022-10-30
P8537,Saia Jeans Cinza 8537,309.34,3.9,Poliéster,2023-03-19
P8538,Calça Jeans Azul 8538,297.01,5.0,Sarja,2024-12-10
P8539,Saia Plissada Rosa 8539,376.79,4.3,Poliéster,2025-06-06
P8540,Blusa Manga Longa Rosa 8540,42.8,4.0,Viscose,2023-09-23
P8541,Blusa Manga Longa Verde 8541,317.71,2.9,Viscose,2024-08-13
P8542,Bermuda Cargo Bege 8542,46.96,4.8,Sarja,2021-04-01
P8543,Camiseta Básica Marrom 8543,105.77,4.2,Algodão,2022-04-30
P8544,Camiseta Polo Branca 8544,202.54,4.3,Algodão,2025-03-17
P8545,Moletom Estampado Preta 8545,256.12,4.0,Algodão/Poliéster,2024-10-09
P8546,Blusa Canelada Verde 8546,151.12,3.3,Viscose,2021-04-03
P8547,Regata Canelada Vermelha 8547,165.99,4.5,Algodão,2026-01-18
P8548,Bermuda Cargo Azul 8548,186.02,3.8,Sarja,2023-04-27
P8549,Saia Casual Verde 8549,259.88,4.6,Poliéster,2022-09-21
P8550,Calça Jeans Cinza 8550,290.01,3.9,Sarja,2023-08-15
P8551,Jaqueta Corta-Vento Bege 8551,370.59,4.6,Nylon,2023-03-28
P8552,Jaqueta Bomber Vermelha 8552,229.7,5.0,Poliéster,2023-11-07
P8553,Blusa Canelada Azul 8553,165.11,4.6,Viscose,2021-12-06
P8554,Blazer Slim Amarela 8554,149.6,4.9,Poliéster,2021-10-15
P8555,Regata Esportiva Preta 8555,126.26,4.4,Algodão,2026-08-10
P8556,Blazer Slim Cinza 8556,296.45,5.0,Poliéster,2025-03-28
P8557,Camiseta Estampada Marrom 8557,261.16,4.6,Algodão,2023-01-18
P8558,Camisa Linho Verde 8558,302.85,4.7,Algodão,2025-10-24
P8559,Saia Plissada Vermelha 8559,110.14,5.0,Poliéster,2025-07-04
P8560,Regata Canelada Marrom 8560,110.48,4.9,Algodão,2024-12-14
P8561,Bermuda Esportiva Marrom 8561,297.19,4.0,Sarja,2025-02-01
P8562,Saia Plissada Bege 8562,138.8,4.9,Poliéster,2026-05-22
P8563,Conjunto Moletom Amarela 8563,215.48,3.3,Algodão/Poliéster,2025-09-22
P8564,Jaqueta Puffer Cinza 8564,361.68,4.8,Poliéster,2022-06-17
P8565,Camisa Manga Curta Vermelha 8565,171.83,3.9,Algodão,2025-02-12
P8566,Moletom Canguru Amarela 8566,365.53,3.9,Algodão/Poliéster,2021-11-29
P8567,Conjunto Casual Bege 8567,343.69,4.1,Algodão,2023-11-07
P8568,Blazer Casual Preta 8568,387.47,4.7,Poliéster,2021-05-20
P8569,Calça Jogger Verde 8569,257.17,5.0,Sarja,2021-12-17
P8570,Saia Casual Verde 8570,338.9,4.4,Poliéster,2025-02-01
P8571,Calça Jeans Branca 8571,332.85,4.0,Sarja,2023-02-08
P8572,Bermuda Esportiva Marrom 8572,316.9,4.8,Sarja,2021-12-02
P8573,Camiseta Oversized Cinza 8573,151.26,4.7,Algodão,2026-07-20
P8574,Conjunto Esportivo Rosa 8574,377.54,4.5,Poliéster,2026-04-26
P8575,Blazer Casual Marrom 8575,145.8,4.4,Poliéster,2022-04-20
P8576,Calça Sarja Azul 8576,367.36,4.2,Sarja,2024-05-22
P8577,Conjunto Moletom Preta 8577,138.29,4.6,Algodão/Poliéster,2022-08-31
P8578,Blazer Casual Preta 8578,208.59,4.4,Poliéster,2025-07-22
P8579,Moletom Canguru Vermelha 8579,335.46,4.8,Algodão/Poliéster,2024-11-24
P8580,Regata Canelada Amarela 8580,249.47,3.4,Algodão,2023-06-19
P8581,Moletom Estampado Preta 8581,341.14,4.3,Algodão/Poliéster,2026-04-11
P8582,Camisa Flanela Branca 8582,254.46,4.5,Algodão,2025-03-01
P8583,Bermuda Jeans Verde 8583,73.33,4.0,Sarja,2021-11-10
P8584,Camisa Social Bege 8584,278.94,4.3,Algodão,2023-07-07
P8585,Saia Plissada Marrom 8585,140.28,4.8,Poliéster,2025-09-13
P8586,Blusa Manga Longa Branca 8586,320.35,4.5,Viscose,2024-01-20
P8587,Vestido Midi Amarela 8587,90.45,4.2,Viscose,2021-07-26
P8588,Moletom Básico Rosa 8588,184.68,4.1,Algodão/Poliéster,2025-05-20
P8589,Blusa Manga Longa Amarela 8589,328.41,4.2,Viscose,2023-09-23
P8590,Camisa Flanela Branca 8590,171.54,4.7,Algodão,2022-05-08
P8591,Calça Sarja Rosa 8591,85.5,4.2,Sarja,2025-08-15
P8592,Blusa Manga Longa Vermelha 8592,128.4,3.9,Viscose,2026-01-05
P8593,Blusa Social Verde 8593,294.57,4.6,Viscose,2024-04-30
P8594,Saia Midi Amarela 8594,68.68,4.5,Poliéster,2025-01-22
P8595,Conjunto Casual Branca 8595,275.38,4.3,Algodão,2022-05-14
P8596,Conjunto Casual Preta 8596,262.23,4.2,Algodão,2025-03-25
P8597,Regata Esportiva Azul 8597,140.17,4.0,Algodão,2026-02-14
P8598,Blazer Casual Verde 8598,144.16,4.0,Poliéster,2022-05-08
P8599,Bermuda Esportiva Amarela 8599,380.36,4.3,Sarja,2026-05-05
P8600,Jaqueta Corta-Vento Verde 8600,149.83,4.0,Nylon,2021-07-06
P8601,Blazer Slim Marrom 8601,276.45,4.2,Poliéster,2023-07-12
P8602,Regata Esportiva Cinza 8602,300.94,3.7,Algodão,2021-05-31
P8603,Camisa Manga Curta Azul 8603,329.45,4.4,Algodão,2023-07-15
P8604,Jaqueta Puffer Preta 8604,300.08,4.8,Poliéster,2024-08-31
P8605,Bermuda Cargo Rosa 8605,208.73,4.5,Sarja,2025-12-07
P8606,Calça Jogger Rosa 8606,180.4,4.5,Sarja,2021-11-07
P8607,Camisa Social Marrom 8607,321.21,4.1,Algodão,2026-01-11
P8608,Blusa Básica Marrom 8608,198.04,4.8,Viscose,2026-08-30
P8609,Camiseta Básica Rosa 8609,184.12,4.1,Algodão,2021-05-18
P8610,Camiseta Estampada Preta 8610,325.17,4.2,Algodão,2026-06-12
P8611,Conjunto Esportivo Bege 8611,121.27,3.7,Poliéster,2026-02-19
P8612,Vestido Midi Preta 8612,73.05,4.5,Viscose,2021-03-02
P8613,Saia Jeans Rosa 8613,244.5,4.2,Poliéster,2021-05-11
P8614,Blusa Manga Longa Verde 8614,241.54,3.5,Viscose,2025-02-09
P8615,Regata Canelada Cinza 8615,297.37,4.0,Algodão,2023-05-19
P8616,Calça Jogger Amarela 8616,77.33,3.7,Sarja,2022-06-24
P8617,Regata Básica Cinza 8617,346.07,4.2,Algodão,2023-04-17
P8618,Vestido Midi Cinza 8618,399.89,5.0,Viscose,2022-12-07
P8619,Conjunto Casual Bege 8619,326.04,5.0,Algodão,2026-07-11
P8620,Conjunto Moletom Azul 8620,311.14,4.9,Algodão/Poliéster,2022-05-13
P8621,Blusa Básica Verde 8621,236.38,4.3,Viscose,2021-07-03
P8622,Conjunto Esportivo Rosa 8622,108.75,4.5,Poliéster,2025-09-15
P8623,Saia Casual Preta 8623,228.7,4.5,Poliéster,2025-10-04
P8624,Saia Midi Vermelha 8624,113.4,4.3,Poliéster,2026-01-24
P8625,Blazer Social Cinza 8625,70.36,3.9,Poliéster,2026-07-03
P8626,Saia Midi Preta 8626,63.27,4.2,Poliéster,2021-03-25
P8627,Regata Básica Preta 8627,72.07,4.7,Algodão,2025-05-11
P8628,Camiseta Estampada Verde 8628,109.06,3.9,Algodão,2022-07-13
P8629,Moletom Canguru Preta 8629,309.4,4.3,Algodão/Poliéster,2023-05-23
P8630,Vestido Longo Cinza 8630,343.29,4.6,Viscose,2023-07-18
P8631,Blusa Social Marrom 8631,112.16,4.5,Viscose,2026-08-02
P8632,Vestido Midi Rosa 8632,208.29,3.7,Viscose,2023-12-16
P8633,Camiseta Slim Marrom 8633,139.16,4.6,Algodão,2022-04-06
P8634,Conjunto Casual Vermelha 8634,306.14,3.6,Algodão,2021-07-01
P8635,Moletom Básico Azul 8635,386.48,4.7,Algodão/Poliéster,2024-05-03
P8636,Calça Social Verde 8636,330.95,3.9,Sarja,2025-09-14
P8637,Camisa Linho Bege 8637,262.07,4.6,Algodão,2025-01-09
P8638,Bermuda Cargo Marrom 8638,241.14,3.7,Sarja,2026-04-17
P8639,Saia Midi Rosa 8639,395.49,4.1,Poliéster,2021-03-28
P8640,Bermuda Moletom Verde 8640,391.57,4.2,Sarja,2023-04-14
P8641,Blusa Social Cinza 8641,70.4,4.2,Viscose,2024-06-19
P8642,Jaqueta Jeans Azul 8642,175.87,3.9,Denim,2025-11-09
P8643,Moletom Estampado Amarela 8643,110.38,4.2,Algodão/Poliéster,2022-10-09
P8644,Calça Sarja Vermelha 8644,114.23,4.5,Sarja,2024-10-31
P8645,Calça Cargo Rosa 8645,352.8,4.2,Sarja,2022-03-07
P8646,Blusa Básica Azul 8646,292.16,3.2,Viscose,2024-05-09
P8647,Bermuda Esportiva Marrom 8647,75.86,4.3,Sarja,2025-05-23
P8648,Regata Esportiva Cinza 8648,116.02,3.4,Algodão,2025-08-22
P8649,Camiseta Estampada Verde 8649,266.09,5.0,Algodão,2023-07-24
P8650,Camiseta Estampada Branca 8650,260.37,4.2,Algodão,2023-09-06
P8651,Regata Canelada Amarela 8651,320.55,4.2,Algodão,2025-12-30
P8652,Jaqueta Puffer Rosa 8652,288.22,5.0,Poliéster,2024-02-08
P8653,Bermuda Moletom Cinza 8653,200.17,4.0,Sarja,2022-12-26
P8654,Camiseta Oversized Rosa 8654,59.13,3.9,Algodão,2022-07-23
P8655,Calça Sarja Azul 8655,197.62,3.9,Sarja,2025-01-12
P8656,Moletom Estampado Cinza 8656,118.17,4.6,Algodão/Poliéster,2025-01-13
P8657,Blazer Slim Cinza 8657,237.31,4.4,Poliéster,2024-01-18
P8658,Conjunto Casual Branca 8658,298.65,3.5,Algodão,2021-11-26
P8659,Blusa Manga Longa Branca 8659,320.67,4.5,Viscose,2021-12-01
P8660,Blazer Social Azul 8660,390.48,4.3,Poliéster,2022-05-19
P8661,Calça Jeans Cinza 8661,342.07,4.8,Sarja,2021-01-25
P8662,Saia Casual Vermelha 8662,180.49,5.0,Poliéster,2023-09-20
P8663,Saia Plissada Marrom 8663,321.86,4.4,Poliéster,2023-05-09
P8664,Calça Social Cinza 8664,260.49,3.6,Sarja,2023-03-09
P8665,Regata Básica Verde 8665,176.58,4.4,Algodão,2026-04-19
P8666,Jaqueta Corta-Vento Verde 8666,140.56,4.1,Nylon,2022-05-11
P8667,Camisa Manga Curta Azul 8667,302.09,3.6,Algodão,2025-08-01
P8668,Regata Canelada Marrom 8668,77.34,3.3,Algodão,2022-02-02
P8669,Vestido Midi Bege 8669,221.29,4.6,Viscose,2024-06-19
P8670,Camiseta Slim Branca 8670,391.68,4.5,Algodão,2025-11-17
P8671,Saia Plissada Cinza 8671,73.06,4.2,Poliéster,2025-09-30
P8672,Calça Cargo Cinza 8672,149.98,4.1,Sarja,2024-05-07
P8673,Calça Jogger Bege 8673,60.22,3.5,Sarja,2022-03-05
P8674,Jaqueta Puffer Bege 8674,252.18,4.8,Poliéster,2023-02-20
P8675,Regata Canelada Vermelha 8675,278.68,4.4,Algodão,2023-05-29
P8676,Camisa Manga Curta Azul 8676,56.33,3.3,Algodão,2025-10-16
P8677,Bermuda Moletom Azul 8677,299.31,3.7,Sarja,2023-02-20
P8678,Blazer Slim Cinza 8678,148.75,4.6,Poliéster,2025-09-04
P8679,Bermuda Cargo Cinza 8679,108.57,3.7,Sarja,2026-05-23
P8680,Camiseta Estampada Bege 8680,358.55,3.4,Algodão,2021-08-18
P8681,Bermuda Esportiva Bege 8681,66.75,3.5,Sarja,2026-04-20
P8682,Jaqueta Corta-Vento Preta 8682,183.37,3.9,Nylon,2024-03-19
P8683,Conjunto Moletom Amarela 8683,108.19,4.8,Algodão/Poliéster,2024-05-28
P8684,Bermuda Esportiva Amarela 8684,393.16,3.9,Sarja,2022-09-25
P8685,Conjunto Moletom Azul 8685,337.24,3.2,Algodão/Poliéster,2022-11-22
P8686,Blazer Social Cinza 8686,279.19,4.4,Poliéster,2024-01-24
P8687,Regata Canelada Bege 8687,81.53,2.8,Algodão,2022-02-16
P8688,Blusa Manga Longa Bege 8688,173.75,3.5,Viscose,2025-01-25
P8689,Camiseta Slim Preta 8689,234.19,4.1,Algodão,2024-10-11
P8690,Blazer Social Preta 8690,324.51,3.5,Poliéster,2021-01-18
P8691,Camiseta Oversized Azul 8691,46.26,4.6,Algodão,2022-03-13
P8692,Bermuda Jeans Rosa 8692,381.26,4.2,Sarja,2023-11-29
P8693,Camisa Manga Curta Branca 8693,74.26,4.8,Algodão,2025-03-16
P8694,Camiseta Estampada Rosa 8694,259.67,3.7,Algodão,2022-08-27
P8695,Conjunto Casual Rosa 8695,253.59,3.3,Algodão,2026-01-09
P8696,Calça Sarja Cinza 8696,190.69,4.0,Sarja,2024-01-10
P8697,Blusa Social Bege 8697,100.58,4.5,Viscose,2024-01-21
P8698,Calça Sarja Azul 8698,215.46,3.9,Sarja,2021-08-16
P8699,Vestido Midi Marrom 8699,359.43,4.7,Viscose,2024-07-23
P8700,Bermuda Jeans Azul 8700,318.5,4.6,Sarja,2025-08-19
P8701,Camisa Linho Preta 8701,307.28,3.5,Algodão,2022-03-14
P8702,Camisa Flanela Amarela 8702,59.1,4.9,Algodão,2024-01-30
P8703,Camisa Social Branca 8703,206.94,3.8,Algodão,2021-01-14
P8704,Blusa Básica Verde 8704,206.23,4.1,Viscose,2022-03-13
P8705,Camiseta Básica Branca 8705,358.4,4.6,Algodão,2021-05-27
P8706,Conjunto Esportivo Amarela 8706,185.28,4.2,Poliéster,2025-05-12
P8707,Saia Midi Bege 8707,153.03,4.6,Poliéster,2026-08-23
P8708,Moletom Básico Rosa 8708,105.23,4.4,Algodão/Poliéster,2021-03-20
P8709,Regata Canelada Amarela 8709,288.84,4.5,Algodão,2024-12-23
P8710,Regata Básica Azul 8710,360.41,4.4,Algodão,2024-05-11
P8711,Calça Social Cinza 8711,136.83,3.3,Sarja,2024-12-23
P8712,Camisa Social Branca 8712,180.15,4.6,Algodão,2023-11-05
P8713,Blazer Slim Marrom 8713,347.82,4.1,Poliéster,2026-08-14
P8714,Jaqueta Jeans Bege 8714,319.58,4.0,Denim,2021-03-24
P8715,Conjunto Casual Amarela 8715,347.31,4.7,Algodão,2021-11-05
P8716,Camiseta Oversized Vermelha 8716,366.37,4.5,Algodão,2022-06-01
P8717,Moletom Estampado Rosa 8717,345.59,3.0,Algodão/Poliéster,2025-06-07
P8718,Blazer Slim Rosa 8718,362.75,3.3,Poliéster,2021-06-09
P8719,Camisa Manga Curta Vermelha 8719,113.06,4.6,Algodão,2021-09-13
P8720,Saia Jeans Branca 8720,169.76,4.9,Poliéster,2025-02-24
P8721,Regata Esportiva Azul 8721,122.74,4.3,Algodão,2023-05-16
P8722,Vestido Midi Marrom 8722,282.2,4.5,Viscose,2024-12-31
P8723,Saia Midi Branca 8723,253.74,3.8,Poliéster,2023-01-29
P8724,Blazer Slim Marrom 8724,315.23,3.7,Poliéster,2021-07-04
P8725,Blusa Manga Longa Bege 8725,97.47,4.4,Viscose,2024-05-20
P8726,Blazer Slim Branca 8726,399.89,4.3,Poliéster,2021-08-14
P8727,Jaqueta Bomber Branca 8727,233.59,4.4,Poliéster,2023-09-18
P8728,Bermuda Cargo Azul 8728,97.56,3.8,Sarja,2025-12-27
P8729,Moletom Com Capuz Amarela 8729,105.06,4.1,Algodão/Poliéster,2022-01-14
P8730,Bermuda Cargo Vermelha 8730,399.89,4.7,Sarja,2022-02-20
P8731,Vestido Midi Verde 8731,364.4,4.2,Viscose,2026-05-16
P8732,Moletom Com Capuz Vermelha 8732,193.52,4.1,Algodão/Poliéster,2022-09-21
P8733,Bermuda Esportiva Branca 8733,189.49,3.0,Sarja,2023-02-10
P8734,Bermuda Moletom Preta 8734,58.83,4.1,Sarja,2024-11-16
P8735,Vestido Midi Marrom 8735,316.53,4.6,Viscose,2021-09-22
P8736,Bermuda Jeans Verde 8736,199.49,4.6,Sarja,2021-05-06
P8737,Vestido Casual Cinza 8737,167.88,3.6,Viscose,2025-10-11
P8738,Conjunto Casual Cinza 8738,108.4,4.5,Algodão,2026-05-15
P8739,Bermuda Cargo Azul 8739,125.75,3.9,Sarja,2026-08-05
P8740,Calça Jogger Preta 8740,60.61,4.3,Sarja,2021-02-17
P8741,Jaqueta Jeans 8741,230.93,4.4,Denim,2024-01-02
P8742,Regata Esportiva Marrom 8742,196.85,3.8,Algodão,2025-10-23
P8743,Bermuda Esportiva Preta 8743,66.6,3.9,Sarja,2025-10-14
P8744,Calça Jeans Vermelha 8744,398.24,4.3,Sarja,2023-01-17
P8745,Vestido Longo Amarela 8745,321.66,4.7,Viscose,2023-10-12
P8746,Saia Jeans Marrom 8746,266.36,3.6,Poliéster,2021-11-07
P8747,Jaqueta Jeans Azul 8747,204.64,3.9,Denim,2021-10-15
P8748,Vestido Casual Vermelha 8748,372.28,3.3,Viscose,2023-02-21
P8749,Camiseta Estampada Bege 8749,114.07,4.4,Algodão,2022-04-22
P8750,Vestido Floral Marrom 8750,291.15,4.0,Viscose,2026-07-06
P8751,Blusa Canelada Cinza 8751,282.03,4.1,Viscose,2021-06-15
P8752,Calça Jeans Marrom 8752,46.73,4.2,Sarja,2023-12-31
P8753,Regata Básica Azul 8753,171.52,4.0,Algodão,2024-02-26
P8754,Calça Sarja Rosa 8754,67.79,4.2,Sarja,2021-05-03
P8755,Camiseta Básica Vermelha 8755,98.49,3.7,Algodão,2023-07-01
P8756,Saia Casual Rosa 8756,64.2,4.8,Poliéster,2026-05-03
P8757,Calça Jogger Verde 8757,47.55,5.0,Sarja,2021-08-15
P8758,Blazer Casual Bege 8758,52.36,4.2,Poliéster,2021-10-25
P8759,Jaqueta Jeans Rosa 8759,194.06,4.8,Denim,2021-12-08
P8760,Saia Plissada Vermelha 8760,101.69,4.9,Poliéster,2021-04-24
P8761,Vestido Casual Azul 8761,361.5,4.4,Viscose,2026-01-05
P8762,Camisa Manga Curta Verde 8762,284.76,3.8,Algodão,2021-04-04
P8763,Regata Básica Marrom 8763,292.24,4.4,Algodão,2022-08-05
P8764,Saia Plissada Marrom 8764,322.25,5.0,Poliéster,2025-09-06
P8765,Saia Plissada Marrom 8765,272.9,4.6,Poliéster,2026-08-22
P8766,Saia Jeans Rosa 8766,253.86,4.3,Poliéster,2021-11-13
P8767,Blusa Social Preta 8767,71.47,5.0,Viscose,2023-01-16
P8768,Conjunto Moletom Cinza 8768,99.1,3.7,Algodão/Poliéster,2022-01-06
P8769,Bermuda Cargo Branca 8769,226.39,4.3,Sarja,2022-02-03
P8770,Camiseta Slim Cinza 8770,152.52,4.9,Algodão,2026-05-08
P8771,Regata Básica Branca 8771,193.85,3.6,Algodão,2022-11-30
P8772,Blazer Social Vermelha 8772,319.17,4.3,Poliéster,2024-06-19
P8773,Vestido Midi Amarela 8773,277.88,4.0,Viscose,2021-11-21
P8774,Blazer Casual Verde 8774,183.03,4.6,Poliéster,2022-08-14
P8775,Blusa Básica Vermelha 8775,390.79,4.6,Viscose,2023-01-17
P8776,Conjunto Esportivo Marrom 8776,266.65,4.4,Poliéster,2024-04-28
P8777,Saia Casual Bege 8777,189.25,4.6,Poliéster,2026-02-06
P8778,Blusa Básica Amarela 8778,366.18,4.5,Viscose,2022-05-18
P8779,Saia Jeans Branca 8779,222.75,3.3,Poliéster,2024-08-27
P8780,Regata Canelada Bege 8780,244.6,4.4,Algodão,2023-10-20
P8781,Moletom Com Capuz Azul 8781,54.68,3.7,Algodão/Poliéster,2025-07-04
P8782,Blusa Social Amarela 8782,158.37,4.9,Viscose,2022-11-24
P8783,Bermuda Moletom Branca 8783,148.31,3.2,Sarja,2023-05-27
P8784,Camiseta Slim Preta 8784,219.55,4.0,Algodão,2024-07-12
P8785,Vestido Midi Cinza 8785,242.34,4.4,Viscose,2023-07-06
P8786,Regata Canelada Amarela 8786,325.5,4.5,Algodão,2025-04-19
P8787,Camisa Manga Curta Azul 8787,174.05,4.8,Algodão,2021-01-29
P8788,Blusa Canelada Amarela 8788,300.27,4.5,Viscose,2022-12-23
P8789,Saia Casual Marrom 8789,172.97,4.5,Poliéster,2021-12-27
P8790,Regata Esportiva Rosa 8790,121.32,4.7,Algodão,2021-10-25
P8791,Bermuda Cargo Marrom 8791,224.2,3.7,Sarja,2021-04-21
P8792,Blusa Manga Longa Cinza 8792,177.57,4.3,Viscose,2023-01-07
P8793,Regata Esportiva Bege 8793,163.81,3.8,Algodão,2022-03-27
P8794,Conjunto Moletom Preta 8794,304.07,4.8,Algodão/Poliéster,2025-04-18
P8795,Camiseta Slim Amarela 8795,134.26,4.8,Algodão,2023-11-05
P8796,Moletom Estampado Rosa 8796,261.96,3.3,Algodão/Poliéster,2025-06-17
P8797,Blazer Slim Vermelha 8797,158.11,4.6,Poliéster,2026-01-06
P8798,Blazer Casual Bege 8798,379.65,4.0,Poliéster,2025-06-14
P8799,Moletom Básico Cinza 8799,212.88,3.9,Algodão/Poliéster,2023-05-21
P8800,Conjunto Esportivo Preta 8800,101.83,4.4,Poliéster,2026-07-10
P8801,Regata Esportiva Bege 8801,178.04,3.8,Algodão,2023-03-09
P8802,Jaqueta Puffer Azul 8802,271.1,4.4,Poliéster,2025-09-03
P8803,Bermuda Esportiva Preta 8803,80.52,3.9,Sarja,2021-12-24
P8804,Bermuda Esportiva Branca 8804,202.01,4.1,Sarja,2026-06-27
P8805,Blazer Slim Vermelha 8805,320.69,4.5,Poliéster,2022-09-20
P8806,Vestido Floral Vermelha 8806,143.3,4.4,Viscose,2024-07-20
P8807,Conjunto Casual Marrom 8807,282.74,4.7,Algodão,2023-01-03
P8808,Conjunto Moletom Verde 8808,393.7,4.1,Algodão/Poliéster,2022-04-20
P8809,Bermuda Cargo Azul 8809,150.59,4.6,Sarja,2022-11-13
P8810,Blazer Social Vermelha 8810,319.59,3.9,Poliéster,2024-06-12
P8811,Bermuda Cargo Amarela 8811,154.1,4.2,Sarja,2021-08-20
P8812,Vestido Longo Azul 8812,151.79,3.9,Viscose,2022-02-14
P8813,Moletom Com Capuz Rosa 8813,318.11,4.1,Algodão/Poliéster,2026-03-19
P8814,Calça Jogger Amarela 8814,181.94,4.2,Sarja,2021-06-26
P8815,Moletom Canguru Bege 8815,158.97,4.9,Algodão/Poliéster,2025-02-03
P8816,Jaqueta Corta-Vento Verde 8816,219.08,4.1,Nylon,2022-09-16
P8817,Vestido Midi Preta 8817,102.08,3.3,Viscose,2022-10-23
P8818,Calça Jeans Verde 8818,60.98,5.0,Sarja,2023-01-21
P8819,Camisa Manga Curta Cinza 8819,127.69,4.3,Algodão,2023-03-03
P8820,Jaqueta Bomber Rosa 8820,224.8,3.9,Poliéster,2025-01-06
P8821,Calça Sarja Amarela 8821,214.05,5.0,Sarja,2025-07-23
P8822,Camiseta Básica Vermelha 8822,85.01,3.9,Algodão,2023-01-22
P8823,Camisa Social Verde 8823,85.24,4.1,Algodão,2021-12-21
P8824,Vestido Casual Amarela 8824,196.52,4.3,Viscose,2021-01-07
P8825,Saia Midi Vermelha 8825,369.28,4.2,Poliéster,2025-02-08
P8826,Blusa Social Rosa 8826,341.99,4.1,Viscose,2026-03-13
P8827,Camiseta Oversized Marrom 8827,76.37,4.4,Algodão,2021-03-12
P8828,Regata Canelada Azul 8828,354.8,4.8,Algodão,2024-05-04
P8829,Camiseta Slim Amarela 8829,308.02,4.2,Algodão,2022-03-28
P8830,Calça Social Cinza 8830,110.8,3.5,Sarja,2022-03-13
P8831,Jaqueta Corta-Vento Azul 8831,239.13,4.4,Nylon,2025-09-10
P8832,Camiseta Polo Branca 8832,305.87,4.4,Algodão,2022-06-06
P8833,Camiseta Polo Rosa 8833,56.69,4.1,Algodão,2022-09-21
P8834,Bermuda Jeans Verde 8834,70.31,4.0,Sarja,2021-09-14
P8835,Saia Casual Vermelha 8835,99.2,3.6,Poliéster,2026-02-14
P8836,Blusa Social Amarela 8836,221.47,4.2,Viscose,2026-02-19
P8837,Jaqueta Jeans Azul 8837,246.43,4.7,Denim,2026-03-05
P8838,Conjunto Moletom Amarela 8838,94.52,4.5,Algodão/Poliéster,2022-04-22
P8839,Camisa Linho Bege 8839,114.36,4.7,Algodão,2022-01-24
P8840,Blazer Slim Bege 8840,157.66,4.3,Poliéster,2026-05-01
P8841,Vestido Longo Branca 8841,260.91,4.6,Viscose,2024-06-22
P8842,Moletom Estampado Verde 8842,211.47,4.2,Algodão/Poliéster,2022-07-01
P8843,Camisa Social Branca 8843,55.51,4.6,Algodão,2021-04-07
P8844,Moletom Básico Amarela 8844,40.18,4.3,Algodão/Poliéster,2025-07-12
P8845,Blazer Slim Rosa 8845,300.88,4.6,Poliéster,2025-07-18
P8846,Calça Sarja Vermelha 8846,159.35,3.5,Sarja,2021-01-22
P8847,Camisa Flanela Rosa 8847,399.89,3.7,Algodão,2023-09-17
P8848,Blazer Casual Preta 8848,120.68,3.5,Poliéster,2023-09-27
P8849,Bermuda Jeans Rosa 8849,63.94,4.0,Sarja,2023-08-19
P8850,Calça Jeans Bege 8850,155.36,4.2,Sarja,2023-02-03
P8851,Camisa Flanela Branca 8851,244.48,4.4,Algodão,2022-11-11
P8852,Camisa Linho Bege 8852,363.53,4.1,Algodão,2022-11-24
P8853,Blazer Slim Rosa 8853,338.12,3.4,Poliéster,2026-03-20
P8854,Jaqueta Corta-Vento Rosa 8854,188.11,4.7,Nylon,2026-08-15
P8855,Bermuda Jeans Amarela 8855,364.35,4.0,Sarja,2021-08-20
P8856,Moletom Básico Marrom 8856,278.44,4.9,Algodão/Poliéster,2025-01-31
P8857,Blazer Casual Bege 8857,399.89,3.9,Poliéster,2024-04-01
P8858,Moletom Com Capuz Branca 8858,314.47,5.0,Algodão/Poliéster,2022-06-14
P8859,Saia Jeans Rosa 8859,44.74,3.6,Poliéster,2022-01-20
P8860,Bermuda Esportiva Amarela 8860,399.89,3.8,Sarja,2025-04-06
P8861,Regata Básica Verde 8861,232.71,3.9,Algodão,2023-01-25
P8862,Regata Canelada Vermelha 8862,297.05,4.3,Algodão,2021-09-26
P8863,Blusa Canelada Azul 8863,167.16,4.7,Viscose,2026-06-29
P8864,Vestido Midi Azul 8864,151.12,4.7,Viscose,2026-03-31
P8865,Vestido Floral Azul 8865,279.91,4.0,Viscose,2023-05-17
P8866,Camisa Manga Curta Bege 8866,149.94,3.9,Algodão,2023-06-02
P8867,Vestido Casual Vermelha 8867,178.16,4.6,Viscose,2023-05-20
P8868,Blusa Social Bege 8868,298.06,5.0,Viscose,2022-01-30
P8869,Blusa Manga Longa Verde 8869,155.19,4.0,Viscose,2021-08-07
P8870,Vestido Longo Bege 8870,244.32,4.0,Viscose,2022-07-19
P8871,Blusa Manga Longa Vermelha 8871,298.33,4.7,Viscose,2023-03-12
P8872,Camisa Social Bege 8872,73.46,4.8,Algodão,2021-11-18
P8873,Saia Midi Bege 8873,109.97,4.5,Poliéster,2021-03-15
P8874,Moletom Básico Rosa 8874,103.98,4.2,Algodão/Poliéster,2026-04-10
P8875,Conjunto Esportivo Cinza 8875,368.63,4.1,Poliéster,2025-12-21
P8876,Bermuda Cargo Verde 8876,170.47,3.9,Sarja,2022-09-25
P8877,Vestido Midi Preta 8877,95.48,4.0,Viscose,2024-06-25
P8878,Cinto de Couro 8878,73.93,4.0,Couro,2021-10-23
P8879,Camiseta Polo Branca 8879,208.79,4.2,Algodão,2026-04-02
P8880,Bermuda Cargo Azul 8880,116.16,4.1,Sarja,2025-08-09
P8881,Conjunto Esportivo Bege 8881,98.86,4.2,Poliéster,2021-12-31
P8882,Bermuda Esportiva Preta 8882,98.84,4.8,Sarja,2022-03-18
P8883,Bermuda Moletom Marrom 8883,193.64,4.3,Sarja,2022-11-20
P8884,Bermuda Esportiva Bege 8884,60.1,3.3,Sarja,2021-07-14
P8885,Vestido Midi Preta 8885,68.41,4.4,Viscose,2022-12-19
P8886,Moletom Estampado Amarela 8886,386.96,4.0,Algodão/Poliéster,2024-10-14
P8887,Moletom Canguru Branca 8887,209.7,4.9,Algodão/Poliéster,2025-02-11
P8888,Moletom Canguru Cinza 8888,300.54,4.0,Algodão/Poliéster,2021-01-16
P8889,Calça Social Verde 8889,310.88,3.8,Sarja,2022-12-30
P8890,Bermuda Jeans Azul 8890,174.17,3.5,Sarja,2025-09-19
P8891,Vestido Longo Branca 8891,118.28,3.8,Viscose,2025-12-07
P8892,Calça Jogger Verde 8892,385.73,4.7,Sarja,2024-03-10
P8893,Camisa Manga Curta Verde 8893,243.77,3.3,Algodão,2025-03-02
P8894,Camisa Social Preta 8894,191.48,4.0,Algodão,2022-05-26
P8895,Regata Esportiva Marrom 8895,77.99,4.2,Algodão,2025-12-02
P8896,Camiseta Slim Rosa 8896,117.37,4.1,Algodão,2023-09-07
P8897,Regata Básica Azul 8897,347.89,4.9,Algodão,2024-12-02
P8898,Regata Básica Rosa 8898,137.32,4.5,Algodão,2022-06-27
P8899,Blusa Manga Longa Verde 8899,297.05,2.6,Viscose,2021-12-24
P8900,Bermuda Esportiva Amarela 8900,370.45,4.1,Sarja,2024-01-08
P8901,Saia Midi Azul 8901,49.19,4.4,Poliéster,2023-12-18
P8902,Blazer Casual Bege 8902,398.76,4.1,Poliéster,2024-03-28
P8903,Vestido Longo Azul 8903,150.41,4.2,Viscose,2025-07-30
P8904,Blazer Social Vermelha 8904,296.08,3.6,Poliéster,2025-05-16
P8905,Calça Jogger Vermelha 8905,367.13,4.4,Sarja,2022-09-17
P8906,Camiseta Estampada 8906,91.97,4.3,Algodão,2023-08-23
P8907,Camiseta Oversized Cinza 8907,170.42,5.0,Algodão,2021-06-26
P8908,Camisa Flanela Branca 8908,124.01,4.5,Algodão,2025-06-16
P8909,Camiseta Polo Branca 8909,49.97,4.2,Algodão,2021-10-08
P8910,Blusa Canelada Rosa 8910,60.19,4.3,Viscose,2021-05-24
P8911,Vestido Midi Azul 8911,101.3,4.2,Viscose,2023-12-13
P8912,Conjunto Moletom Bege 8912,293.89,4.7,Algodão/Poliéster,2026-03-22
P8913,Moletom Com Capuz Branca 8913,99.76,4.0,Algodão/Poliéster,2023-02-18
P8914,Camiseta Oversized Branca 8914,148.72,4.7,Algodão,2022-01-19
P8915,Vestido Casual Vermelha 8915,313.76,4.5,Viscose,2022-01-17
P8916,Bermuda Jeans Branca 8916,240.95,4.1,Sarja,2025-09-27
P8917,Regata Esportiva Vermelha 8917,148.46,4.1,Algodão,2024-09-28
P8918,Blazer Slim Rosa 8918,107.0,4.5,Poliéster,2023-10-21
P8919,Calça Jogger Rosa 8919,399.89,5.0,Sarja,2026-04-03
P8920,Saia Midi Rosa 8920,346.95,3.8,Poliéster,2021-08-05
P8921,Calça Cargo Marrom 8921,347.01,4.9,Sarja,2024-06-29
P8922,Camiseta Oversized Azul 8922,43.02,4.7,Algodão,2023-01-15
P8923,Regata Básica Cinza 8923,324.09,4.1,Algodão,2022-04-29
P8924,Conjunto Casual Cinza 8924,172.01,4.3,Algodão,2026-03-16
P8925,Camisa Flanela Rosa 8925,77.72,4.6,Algodão,2026-06-03
P8926,Bolsa Transversal 8926,126.02,4.3,Couro sintético,2025-09-24
P8927,Calça Sarja Verde 8927,200.01,4.7,Sarja,2021-11-04
P8928,Saia Jeans Azul 8928,55.04,4.1,Poliéster,2025-02-03
P8929,Blazer Social Amarela 8929,278.22,4.3,Poliéster,2023-01-12
P8930,Regata Básica Vermelha 8930,82.78,4.5,Algodão,2023-02-25
P8931,Conjunto Casual Marrom 8931,78.31,3.9,Algodão,2022-02-05
P8932,Calça Social Rosa 8932,157.02,4.4,Sarja,2024-05-03
P8933,Vestido Casual Vermelha 8933,109.96,4.6,Viscose,2025-11-09
P8934,Blusa Canelada Branca 8934,211.11,4.9,Viscose,2022-04-26
P8935,Conjunto Casual Verde 8935,381.71,4.3,Algodão,2024-01-18
P8936,Blazer Slim Amarela 8936,182.04,4.8,Poliéster,2024-09-02
P8937,Blazer Slim Amarela 8937,147.29,4.9,Poliéster,2024-07-28
P8938,Vestido Floral Rosa 8938,81.5,4.0,Viscose,2022-06-24
P8939,Conjunto Casual Azul 8939,72.84,4.6,Algodão,2021-03-01
P8940,Vestido Casual Amarela 8940,206.47,4.7,Viscose,2025-09-12
P8941,Blazer Social Bege 8941,253.36,4.7,Poliéster,2024-05-19
P8942,Blusa Básica Amarela 8942,380.68,4.7,Viscose,2024-12-28
P8943,Bermuda Cargo Branca 8943,167.53,4.6,Sarja,2024-01-06
P8944,Blazer Slim Bege 8944,215.52,4.6,Poliéster,2023-03-10
P8945,Conjunto Casual Azul 8945,80.85,4.4,Algodão,2022-06-05
P8946,Vestido Midi Amarela 8946,205.95,4.2,Viscose,2024-09-26
P8947,Regata Esportiva Cinza 8947,206.77,4.2,Algodão,2025-09-17
P8948,Moletom Com Capuz Marrom 8948,59.61,4.4,Algodão/Poliéster,2022-11-04
P8949,Camisa Flanela Preta 8949,179.56,4.8,Algodão,2021-02-19
P8950,Jaqueta Bomber Bege 8950,355.96,4.7,Poliéster,2021-11-19
P8951,Blazer Slim Bege 8951,40.18,4.1,Poliéster,2024-04-13
P8952,Calça Jogger Rosa 8952,256.12,4.0,Sarja,2022-05-02
P8953,Bermuda Moletom Azul 8953,278.0,3.8,Sarja,2025-08-12
P8954,Conjunto Esportivo Marrom 8954,390.29,3.8,Poliéster,2022-07-17
P8955,Jaqueta Jeans Branca 8955,189.23,4.3,Denim,2023-10-19
P8956,Vestido Casual Cinza 8956,346.87,3.9,Viscose,2022-04-14
P8957,Moletom Estampado Preta 8957,287.44,4.4,Algodão/Poliéster,2023-07-30
P8958,Calça Cargo Cinza 8958,126.56,4.4,Sarja,2024-11-04
P8959,Saia Midi Amarela 8959,203.29,5.0,Poliéster,2025-07-05
P8960,Moletom Estampado Rosa 8960,307.53,3.1,Algodão/Poliéster,2025-03-11
P8961,Jaqueta Corta-Vento Azul 8961,215.88,4.7,Nylon,2023-11-16
P8962,Bermuda Cargo Verde 8962,189.44,4.5,Sarja,2023-08-04
P8963,Jaqueta Corta-Vento Preta 8963,175.88,3.9,Nylon,2022-11-05
P8964,Camisa Manga Curta Amarela 8964,200.94,4.7,Algodão,2026-08-06
P8965,Camiseta Estampada Bege 8965,189.01,4.6,Algodão,2025-02-26
P8966,Calça Jeans Branca 8966,366.27,4.1,Sarja,2026-01-18
P8967,Conjunto Esportivo Rosa 8967,318.67,4.2,Poliéster,2025-03-11
P8968,Regata Canelada Vermelha 8968,282.67,4.5,Algodão,2021-06-30
P8969,Jaqueta Bomber Marrom 8969,144.93,4.2,Poliéster,2022-07-03
P8970,Camiseta Polo Marrom 8970,399.89,4.4,Algodão,2023-08-11
P8971,Regata Canelada Bege 8971,133.33,4.1,Algodão,2022-10-14
P8972,Regata Canelada Marrom 8972,352.83,4.1,Algodão,2026-02-23
P8973,Moletom Canguru Azul 8973,379.21,4.0,Algodão/Poliéster,2023-10-15
P8974,Regata Esportiva Vermelha 8974,399.89,4.3,Algodão,2022-04-01
P8975,Vestido Longo Azul 8975,99.86,4.8,Viscose,2024-05-22
P8976,Camiseta Oversized Amarela 8976,116.17,4.4,Algodão,2023-02-22
P8977,Calça Social Amarela 8977,146.93,3.6,Sarja,2021-09-22
P8978,Bermuda Jeans Branca 8978,59.98,5.0,Sarja,2026-05-14
P8979,Jaqueta Corta-Vento Azul 8979,253.39,4.3,Nylon,2026-05-11
P8980,Calça Sarja Azul 8980,293.55,3.7,Sarja,2025-05-25
P8981,Saia Midi Amarela 8981,184.35,5.0,Poliéster,2022-10-12
P8982,Blusa Social Marrom 8982,251.44,3.1,Viscose,2025-09-19
P8983,Bermuda Cargo Vermelha 8983,278.65,4.3,Sarja,2022-08-20
P8984,Jaqueta Jeans 8984,228.24,4.6,Denim,2025-12-25
P8985,Conjunto Casual Branca 8985,291.15,4.4,Algodão,2026-01-04
P8986,Conjunto Esportivo Marrom 8986,248.58,4.9,Poliéster,2021-12-21
P8987,Bermuda Cargo Rosa 8987,286.79,4.0,Sarja,2022-10-14
P8988,Moletom Com Capuz Rosa 8988,389.31,4.4,Algodão/Poliéster,2024-12-17
P8989,Moletom Básico Cinza 8989,160.63,3.6,Algodão/Poliéster,2022-04-30
P8990,Conjunto Moletom Cinza 8990,103.34,4.4,Algodão/Poliéster,2025-07-19
P8991,Moletom Básico Branca 8991,110.09,3.5,Algodão/Poliéster,2024-11-05
P8992,Bermuda Cargo Amarela 8992,155.88,4.0,Sarja,2022-04-14
P8993,Blazer Slim Marrom 8993,222.73,4.0,Poliéster,2025-05-25
P8994,Camiseta Polo Preta 8994,44.05,4.8,Algodão,2021-03-31
P8995,Camisa Flanela Azul 8995,348.4,3.6,Algodão,2023-03-06
P8996,Calça Jeans Cinza 8996,89.19,4.4,Sarja,2022-01-05
P8997,Jaqueta Corta-Vento Preta 8997,191.65,3.9,Nylon,2021-01-01
P8998,Saia Jeans Amarela 8998,296.02,4.0,Poliéster,2025-03-14
P8999,Regata Esportiva Preta 8999,126.71,4.5,Algodão,2021-11-12
P9000,Vestido Midi Rosa 9000,325.07,4.4,Viscose,2024-12-07
P9001,Blusa Manga Longa Marrom 9001,130.48,4.7,Viscose,2021-06-06
P9002,Saia Casual Azul 9002,304.32,4.5,Poliéster,2026-01-19
P9003,Camiseta Estampada Azul 9003,78.5,3.6,Algodão,2026-07-17
P9004,Camisa Social Branca 9004,189.19,4.1,Algodão,2022-10-18
P9005,Bermuda Cargo Cinza 9005,380.74,4.1,Sarja,2023-10-03
P9006,Camiseta Estampada 9006,83.08,4.2,Algodão,2024-07-10
P9007,Saia Jeans Verde 9007,271.32,4.9,Poliéster,2024-05-05
P9008,Saia Midi Amarela 9008,174.53,3.4,Poliéster,2021-02-25
P9009,Blusa Social Azul 9009,81.6,5.0,Viscose,2026-07-19
P9010,Blusa Básica Cinza 9010,293.18,4.1,Viscose,2026-04-19
P9011,Camisa Manga Curta Azul 9011,58.08,4.5,Algodão,2023-10-05
P9012,Jaqueta Corta-Vento Amarela 9012,84.44,5.0,Nylon,2024-02-22
P9013,Conjunto Moletom Rosa 9013,306.33,4.7,Algodão/Poliéster,2021-12-18
P9014,Conjunto Casual Preta 9014,272.57,4.2,Algodão,2025-03-29
P9015,Jaqueta Jeans Branca 9015,194.17,4.4,Denim,2023-12-01
P9016,Moletom Canguru Preta 9016,89.87,4.2,Algodão/Poliéster,2022-08-11
P9017,Saia Jeans Verde 9017,282.74,4.9,Poliéster,2022-09-28
P9018,Blazer Casual Rosa 9018,399.89,3.5,Poliéster,2021-06-19
P9019,Jaqueta Corta-Vento Preta 9019,356.47,3.9,Nylon,2025-06-21
P9020,Camisa Social Branca 9020,387.26,2.6,Algodão,2021-05-10
P9021,Regata Básica Rosa 9021,332.69,4.6,Algodão,2024-03-11
P9022,Camiseta Básica Branca 9022,107.58,4.7,Algodão,2025-08-13
P9023,Blazer Social Vermelha 9023,152.51,3.5,Poliéster,2021-04-19
P9024,Saia Casual Branca 9024,234.64,4.7,Poliéster,2021-11-11
P9025,Bermuda Moletom Rosa 9025,335.06,4.0,Sarja,2025-04-27
P9026,Blazer Social Preta 9026,308.08,3.9,Poliéster,2025-09-01
P9027,Saia Jeans Preta 9027,106.06,4.3,Poliéster,2021-06-17
P9028,Vestido Midi Marrom 9028,296.5,4.1,Viscose,2022-07-03
P9029,Jaqueta Corta-Vento Azul 9029,311.13,3.8,Nylon,2024-06-08
P9030,Bermuda Moletom Bege 9030,192.77,3.8,Sarja,2024-01-25
P9031,Moletom Canguru Preta 9031,76.2,3.8,Algodão/Poliéster,2023-12-06
P9032,Conjunto Esportivo Amarela 9032,97.3,4.6,Poliéster,2022-06-26
P9033,Camisa Flanela Bege 9033,47.19,4.1,Algodão,2024-01-21
P9034,Regata Esportiva Preta 9034,203.68,4.6,Algodão,2021-04-14
P9035,Moletom Estampado Cinza 9035,109.98,4.7,Algodão/Poliéster,2025-12-11
P9036,Calça Jeans Amarela 9036,218.88,4.8,Sarja,2024-01-27
P9037,Vestido Casual Vermelha 9037,102.36,4.5,Viscose,2023-02-11
P9038,Bermuda Jeans Bege 9038,200.15,3.9,Sarja,2023-01-30
P9039,Moletom Canguru Preta 9039,96.82,4.1,Algodão/Poliéster,2023-02-05
P9040,Regata Esportiva Azul 9040,93.1,4.4,Algodão,2023-06-20
P9041,Bermuda Esportiva Preta 9041,68.74,4.0,Sarja,2022-02-03
P9042,Camiseta Estampada Bege 9042,388.12,3.4,Algodão,2024-05-29
P9043,Blazer Slim Bege 9043,168.69,4.0,Poliéster,2022-01-16
P9044,Moletom Básico Azul 9044,383.07,4.3,Algodão/Poliéster,2022-10-11
P9045,Conjunto Esportivo Vermelha 9045,288.18,4.1,Poliéster,2025-12-07
P9046,Camisa Flanela Rosa 9046,399.89,3.6,Algodão,2024-03-12
P9047,Calça Jeans Cinza 9047,337.32,4.2,Sarja,2026-02-12
P9048,Saia Jeans Preta 9048,46.12,4.6,Poliéster,2024-09-22
P9049,Blazer Social Rosa 9049,353.37,4.2,Poliéster,2025-06-09
P9050,Calça Jeans Verde 9050,63.12,5.0,Sarja,2021-07-05
P9051,Blusa Canelada Cinza 9051,84.83,4.1,Viscose,2023-11-10
P9052,Calça Jogger Rosa 9052,251.18,3.9,Sarja,2022-12-26
P9053,Camisa Social Preta 9053,162.55,4.1,Algodão,2021-02-05
P9054,Camisa Linho Vermelha 9054,45.52,4.7,Algodão,2021-07-06
P9055,Calça Cargo Cinza 9055,124.13,4.4,Sarja,2022-01-28
P9056,Saia Casual Vermelha 9056,278.93,4.1,Poliéster,2021-01-15
P9057,Blazer Social Rosa 9057,288.68,4.5,Poliéster,2023-06-24
P9058,Camiseta Oversized Vermelha 9058,165.53,4.3,Algodão,2021-04-16
P9059,Blazer Social Marrom 9059,242.38,4.4,Poliéster,2025-09-02
P9060,Camisa Manga Curta Azul 9060,118.96,3.9,Algodão,2024-05-10
P9061,Jaqueta Corta-Vento Bege 9061,48.76,3.8,Nylon,2026-06-16
P9062,Bermuda Jeans Azul 9062,266.24,3.2,Sarja,2021-06-24
P9063,Camiseta Oversized Verde 9063,114.85,3.3,Algodão,2021-06-15
P9064,Camiseta Polo Rosa 9064,276.1,4.2,Algodão,2025-12-02
P9065,Jaqueta Corta-Vento Verde 9065,149.22,3.9,Nylon,2023-03-23
P9066,Camiseta Slim Amarela 9066,336.84,3.9,Algodão,2025-04-21
P9067,Vestido Social 9067,245.44,4.3,Viscose,2022-01-28
P9068,Jaqueta Jeans Bege 9068,354.07,4.4,Denim,2021-01-19
P9069,Vestido Midi Azul 9069,333.19,4.6,Viscose,2023-10-28
P9070,Camisa Manga Curta Amarela 9070,222.1,4.7,Algodão,2024-04-01
P9071,Camisa Linho Branca 9071,208.36,3.9,Algodão,2021-08-19
P9072,Camiseta Básica Verde 9072,288.59,4.2,Algodão,2021-01-22
P9073,Camisa Linho Preta 9073,246.27,4.1,Algodão,2022-03-15
P9074,Moletom Canguru Preta 9074,385.38,4.1,Algodão/Poliéster,2021-08-14
P9075,Camisa Flanela Cinza 9075,240.44,4.1,Algodão,2026-08-24
P9076,Blusa Manga Longa Preta 9076,65.07,4.9,Viscose,2026-08-07
P9077,Camisa Social Vermelha 9077,193.58,4.7,Algodão,2021-02-02
P9078,Calça Jeans Bege 9078,162.93,4.0,Sarja,2023-08-04
P9079,Conjunto Casual Verde 9079,248.93,4.7,Algodão,2023-03-07
P9080,Calça Jogger Vermelha 9080,298.97,4.5,Sarja,2021-02-26
P9081,Calça Sarja Azul 9081,107.87,4.6,Sarja,2024-10-11
P9082,Camiseta Polo Marrom 9082,46.77,4.5,Algodão,2025-10-26
P9083,Moletom Canguru Amarela 9083,327.04,3.6,Algodão/Poliéster,2024-06-18
P9084,Bermuda Jeans Branca 9084,399.89,4.7,Sarja,2026-03-13
P9085,Saia Midi Vermelha 9085,332.82,4.3,Poliéster,2024-08-11
P9086,Camiseta Oversized Verde 9086,248.92,3.9,Algodão,2024-02-09
P9087,Blusa Canelada Vermelha 9087,392.28,3.4,Viscose,2026-05-16
P9088,Camiseta Estampada Cinza 9088,46.99,4.2,Algodão,2024-12-31
P9089,Blazer Casual Marrom 9089,163.92,4.4,Poliéster,2025-05-02
P9090,Moletom Com Capuz Vermelha 9090,201.27,4.4,Algodão/Poliéster,2025-06-03
P9091,Saia Midi Preta 9091,79.2,3.2,Poliéster,2021-03-07
P9092,Jaqueta Corta-Vento Marrom 9092,195.03,3.9,Nylon,2025-03-01
P9093,Camiseta Básica Amarela 9093,299.64,4.2,Algodão,2025-03-29
P9094,Bermuda Moletom Marrom 9094,134.6,4.6,Sarja,2023-10-21
P9095,Camisa Social Vermelha 9095,164.96,4.5,Algodão,2024-03-13
P9096,Camisa Social Verde 9096,104.62,4.0,Algodão,2025-09-19
P9097,Jaqueta Jeans Amarela 9097,190.99,4.6,Denim,2021-10-21
P9098,Vestido Floral Rosa 9098,83.69,4.4,Viscose,2023-12-28
P9099,Blusa Social Vermelha 9099,52.64,3.8,Viscose,2025-05-14
P9100,Vestido Midi Vermelha 9100,340.06,4.7,Viscose,2022-06-21
P9101,Conjunto Moletom Cinza 9101,172.27,3.9,Algodão/Poliéster,2022-06-30
P9102,Jaqueta Bomber Branca 9102,238.44,4.4,Poliéster,2021-01-09
P9103,Camisa Flanela Verde 9103,294.81,4.2,Algodão,2022-10-09
P9104,Saia Casual Cinza 9104,355.8,5.0,Poliéster,2023-01-12
P9105,Calça Social Azul 9105,228.08,4.5,Sarja,2026-05-25
P9106,Blazer Casual Marrom 9106,299.43,3.7,Poliéster,2021-06-20
P9107,Camisa Social Preta 9107,143.48,4.3,Algodão,2024-08-30
P9108,Regata Básica Rosa 9108,327.99,4.3,Algodão,2021-05-11
P9109,Camiseta Polo Preta 9109,379.59,4.8,Algodão,2025-07-12
P9110,Blazer Slim Cinza 9110,140.28,4.4,Poliéster,2023-08-29
P9111,Camiseta Slim Cinza 9111,319.23,4.9,Algodão,2023-06-01
P9112,Blazer Social Rosa 9112,381.14,4.2,Poliéster,2026-05-07
P9113,Vestido Longo Preta 9113,244.1,4.4,Viscose,2025-03-30
P9114,Calça Sarja Azul 9114,334.09,3.6,Sarja,2021-08-07
P9115,Regata Esportiva Marrom 9115,54.91,4.2,Algodão,2022-07-05
P9116,Jaqueta Bomber Amarela 9116,239.67,3.9,Poliéster,2022-07-21
P9117,Blusa Social Rosa 9117,311.85,3.8,Viscose,2024-06-15
P9118,Regata Básica Verde 9118,223.9,4.6,Algodão,2025-09-14
P9119,Saia Casual Preta 9119,95.77,4.5,Poliéster,2024-08-12
P9120,Regata Básica Amarela 9120,188.39,4.8,Algodão,2023-04-12
P9121,Camisa Manga Curta Azul 9121,89.95,4.8,Algodão,2025-03-25
P9122,Vestido Midi Azul 9122,262.64,4.5,Viscose,2025-04-19
P9123,Camiseta Estampada Branca 9123,253.39,4.0,Algodão,2021-06-16
P9124,Vestido Casual Cinza 9124,206.36,4.7,Viscose,2024-01-28
P9125,Vestido Longo Bege 9125,284.27,4.1,Viscose,2025-01-10
P9126,Regata Básica Rosa 9126,399.89,4.2,Algodão,2024-06-03
P9127,Regata Esportiva Preta 9127,312.91,4.7,Algodão,2022-05-22
P9128,Jaqueta Bomber Verde 9128,383.29,4.8,Poliéster,2021-11-30
P9129,Regata Canelada Verde 9129,290.5,4.9,Algodão,2022-08-25
P9130,Camiseta Estampada Branca 9130,136.45,3.7,Algodão,2022-12-30
P9131,Bermuda Esportiva Verde 9131,117.52,4.7,Sarja,2026-03-22
P9132,Camisa Social Vermelha 9132,208.22,4.5,Algodão,2024-07-10
P9133,Regata Básica Preta 9133,66.11,5.0,Algodão,2025-09-26
P9134,Moletom Estampado Verde 9134,206.7,4.4,Algodão/Poliéster,2021-02-25
P9135,Camiseta Polo Rosa 9135,352.79,4.0,Algodão,2025-06-10
P9136,Saia Plissada Marrom 9136,304.69,4.3,Poliéster,2022-01-25
P9137,Moletom Estampado Vermelha 9137,243.48,3.9,Algodão/Poliéster,2024-03-16
P9138,Camisa Flanela Bege 9138,345.67,5.0,Algodão,2023-03-11
P9139,Regata Esportiva Marrom 9139,348.04,3.7,Algodão,2025-11-23
P9140,Regata Básica Amarela 9140,106.41,4.1,Algodão,2024-10-27
P9141,Blusa Canelada Azul 9141,172.4,4.6,Viscose,2023-08-11
P9142,Bermuda Moletom Marrom 9142,187.32,4.3,Sarja,2023-11-21
P9143,Blusa Básica Verde 9143,351.09,3.7,Viscose,2025-01-02
P9144,Blusa Manga Longa Rosa 9144,43.31,4.0,Viscose,2025-01-27
P9145,Conjunto Casual Verde 9145,70.32,4.1,Algodão,2024-04-01
P9146,Regata Esportiva Rosa 9146,59.13,4.1,Algodão,2025-02-12
P9147,Moletom Básico Bege 9147,351.08,3.5,Algodão/Poliéster,2025-06-21
P9148,Jaqueta Corta-Vento Azul 9148,357.89,3.7,Nylon,2021-03-06
P9149,Calça Social Azul 9149,244.87,4.4,Sarja,2023-01-30
P9150,Bermuda Cargo Verde 9150,202.7,4.2,Sarja,2026-02-09
P9151,Regata Esportiva Rosa 9151,231.57,4.5,Algodão,2022-10-27
P9152,Regata Básica Cinza 9152,190.29,3.6,Algodão,2025-09-02
P9153,Blusa Manga Longa Rosa 9153,41.69,3.9,Viscose,2024-02-11
P9154,Regata Esportiva Bege 9154,363.21,4.7,Algodão,2022-07-15
P9155,Blusa Social Rosa 9155,399.89,4.4,Viscose,2022-12-26
P9156,Calça Jogger Rosa 9156,131.48,3.9,Sarja,2023-09-30
P9157,Saia Casual Vermelha 9157,184.34,3.9,Poliéster,2021-09-16
P9158,Saia Jeans Marrom 9158,136.4,4.4,Poliéster,2022-09-30
P9159,Bermuda Esportiva Preta 9159,335.2,4.2,Sarja,2024-11-10
P9160,Calça Sarja Branca 9160,215.46,4.3,Sarja,2026-02-19
P9161,Blusa Básica Branca 9161,348.94,4.4,Viscose,2026-05-21
P9162,Calça Cargo Marrom 9162,297.27,4.5,Sarja,2023-03-04
P9163,Bermuda Cargo Cinza 9163,179.71,4.2,Sarja,2025-07-02
P9164,Jaqueta Jeans Bege 9164,224.51,4.1,Denim,2023-03-31
P9165,Blusa Manga Longa Marrom 9165,299.63,3.8,Viscose,2025-07-28
P9166,Blazer Casual Azul 9166,115.3,4.3,Poliéster,2026-03-02
P9167,Calça Sarja Cinza 9167,199.87,4.0,Sarja,2023-07-12
P9168,Conjunto Moletom Preta 9168,296.78,4.4,Algodão/Poliéster,2024-05-27
P9169,Blazer Slim Branca 9169,181.79,4.3,Poliéster,2025-11-29
P9170,Saia Casual Rosa 9170,78.45,5.0,Poliéster,2021-10-13
P9171,Camiseta Slim Cinza 9171,309.5,4.8,Algodão,2022-05-26
P9172,Camisa Linho Cinza 9172,142.96,4.5,Algodão,2024-07-19
P9173,Regata Canelada Azul 9173,148.04,4.2,Algodão,2022-01-06
P9174,Blazer Slim Cinza 9174,127.42,4.4,Poliéster,2025-07-02
P9175,Vestido Floral Rosa 9175,86.54,4.6,Viscose,2022-07-06
P9176,Camisa Manga Curta Azul 9176,116.97,4.1,Algodão,2022-11-30
P9177,Calça Sarja Rosa 9177,184.66,4.9,Sarja,2025-08-05
P9178,Moletom Canguru Branca 9178,281.93,3.8,Algodão/Poliéster,2023-12-27
P9179,Calça Sarja Bege 9179,234.63,4.6,Sarja,2025-06-25
P9180,Blazer Casual Preta 9180,115.09,3.9,Poliéster,2024-07-20
P9181,Blazer Social Verde 9181,399.89,4.3,Poliéster,2023-12-01
P9182,Blazer Slim Marrom 9182,381.97,3.6,Poliéster,2023-11-23
P9183,Saia Midi Vermelha 9183,297.51,4.8,Poliéster,2025-07-20
P9184,Regata Básica Rosa 9184,146.72,4.2,Algodão,2026-08-30
P9185,Jaqueta Jeans Marrom 9185,92.31,4.3,Denim,2021-02-20
P9186,Saia Casual Preta 9186,188.7,4.5,Poliéster,2023-11-15
P9187,Bermuda Moletom Verde 9187,128.46,4.2,Sarja,2025-06-09
P9188,Blazer Slim Marrom 9188,163.54,4.7,Poliéster,2024-08-24
P9189,Blusa Manga Longa Cinza 9189,181.03,4.0,Viscose,2023-09-29
P9190,Vestido Floral Amarela 9190,399.89,4.1,Viscose,2025-06-30
P9191,Vestido Midi Marrom 9191,154.23,4.5,Viscose,2023-08-27
P9192,Camisa Social Verde 9192,110.5,3.9,Algodão,2021-10-10
P9193,Jaqueta Corta-Vento Amarela 9193,84.16,5.0,Nylon,2022-07-18
P9194,Calça Social Rosa 9194,162.45,4.3,Sarja,2021-04-01
P9195,Conjunto Moletom Rosa 9195,278.66,4.6,Algodão/Poliéster,2024-12-23
P9196,Blusa Social Bege 9196,101.41,4.7,Viscose,2026-07-07
P9197,Bermuda Moletom Verde 9197,387.8,4.4,Sarja,2023-02-24
P9198,Bermuda Esportiva Bege 9198,399.67,3.4,Sarja,2025-02-24
P9199,Bermuda Moletom Amarela 9199,399.89,4.7,Sarja,2026-07-26
P9200,Saia Plissada Verde 9200,53.81,4.8,Poliéster,2023-03-25
P9201,Blazer Casual Rosa 9201,399.89,3.5,Poliéster,2025-12-31
P9202,Camisa Manga Curta Verde 9202,287.66,4.0,Algodão,2021-02-06
P9203,Bermuda Esportiva Preta 9203,104.27,4.7,Sarja,2024-11-03
P9204,Blazer Slim Rosa 9204,331.54,3.3,Poliéster,2021-12-11
P9205,Saia Midi 9205,112.9,3.9,Poliéster,2025-06-05
P9206,Camiseta Estampada Cinza 9206,52.48,4.0,Algodão,2021-01-21
P9207,Conjunto Moletom Vermelha 9207,236.83,4.0,Algodão/Poliéster,2025-09-20
P9208,Blazer Casual Vermelha 9208,393.91,4.7,Poliéster,2023-04-01
P9209,Blazer Slim Vermelha 9209,310.33,4.1,Poliéster,2022-05-06
P9210,Regata Básica Bege 9210,166.48,4.8,Algodão,2024-02-22
P9211,Calça Sarja Branca 9211,254.59,4.2,Sarja,2026-08-10
P9212,Saia Midi 9212,121.94,4.1,Poliéster,2021-11-29
P9213,Blazer Casual Bege 9213,260.48,3.8,Poliéster,2022-10-04
P9214,Regata Básica Verde 9214,391.74,3.4,Algodão,2024-08-16
P9215,Saia Casual Marrom 9215,163.18,5.0,Poliéster,2021-07-13
P9216,Moletom Canguru Azul 9216,110.77,4.6,Algodão/Poliéster,2026-05-29
P9217,Jaqueta Puffer Bege 9217,262.62,3.7,Poliéster,2023-12-20
P9218,Vestido Casual Vermelha 9218,322.61,4.4,Viscose,2026-08-12
P9219,Jaqueta Corta-Vento Verde 9219,221.0,4.0,Nylon,2023-05-09
P9220,Saia Jeans Marrom 9220,146.56,3.1,Poliéster,2025-09-20
P9221,Moletom Canguru Marrom 9221,75.84,5.0,Algodão/Poliéster,2022-11-16
P9222,Blazer Casual Amarela 9222,175.95,4.3,Poliéster,2023-07-08
P9223,Jaqueta Jeans Bege 9223,50.19,3.3,Denim,2022-12-19
P9224,Jaqueta Corta-Vento Verde 9224,259.65,4.5,Nylon,2024-02-07
P9225,Calça Social Amarela 9225,231.57,3.4,Sarja,2022-04-08
P9226,Saia Jeans Cinza 9226,210.91,4.6,Poliéster,2023-11-08
P9227,Blazer Casual Cinza 9227,102.75,4.5,Poliéster,2025-10-04
P9228,Camisa Linho Preta 9228,333.17,3.6,Algodão,2021-11-19
P9229,Camisa Flanela Bege 9229,49.36,3.9,Algodão,2025-06-29
P9230,Blazer Social Vermelha 9230,145.43,3.8,Poliéster,2025-11-03
P9231,Camisa Social Preta 9231,65.53,3.9,Algodão,2021-03-14
P9232,Camiseta Estampada Preta 9232,243.26,4.4,Algodão,2024-10-30
P9233,Vestido Midi Preta 9233,86.81,4.2,Viscose,2023-10-01
P9234,Blazer Casual Verde 9234,328.04,4.6,Poliéster,2024-08-12
P9235,Camisa Flanela Branca 9235,269.86,4.4,Algodão,2022-09-02
P9236,Bermuda Esportiva Bege 9236,128.62,5.0,Sarja,2022-04-01
P9237,Jaqueta Puffer Vermelha 9237,126.36,4.4,Poliéster,2022-08-17
P9238,Conjunto Casual Bege 9238,321.06,5.0,Algodão,2021-11-13
P9239,Bermuda Jeans Azul 9239,327.09,4.9,Sarja,2023-04-19
P9240,Moletom Com Capuz Bege 9240,133.26,4.0,Algodão/Poliéster,2025-12-12
P9241,Jaqueta Bomber Preta 9241,100.38,3.9,Poliéster,2025-05-31
P9242,Camiseta Oversized Vermelha 9242,382.11,4.8,Algodão,2022-01-07
P9243,Blazer Casual Marrom 9243,160.85,4.4,Poliéster,2024-02-29
P9244,Bermuda Cargo Preta 9244,390.68,4.2,Sarja,2021-06-02
P9245,Saia Casual Vermelha 9245,189.22,3.8,Poliéster,2021-05-04
P9246,Vestido Midi Bege 9246,208.78,4.7,Viscose,2024-07-18
P9247,Camisa Social Preta 9247,114.87,4.2,Algodão,2022-09-18
P9248,Conjunto Moletom Marrom 9248,157.88,4.1,Algodão/Poliéster,2024-12-28
P9249,Blazer Casual Preta 9249,115.19,3.7,Poliéster,2021-11-19
P9250,Jaqueta Corta-Vento Azul 9250,183.25,3.7,Nylon,2021-09-05
P9251,Calça Sarja Azul 9251,122.16,4.6,Sarja,2025-01-19
P9252,Jaqueta Jeans Bege 9252,343.47,4.1,Denim,2022-03-04
P9253,Camiseta Polo Cinza 9253,215.93,4.0,Algodão,2021-05-01
P9254,Camiseta Estampada Azul 9254,113.07,4.8,Algodão,2025-06-20
P9255,Moletom Estampado Bege 9255,47.44,5.0,Algodão/Poliéster,2024-12-30
P9256,Camiseta Básica Cinza 9256,253.18,4.0,Algodão,2026-04-08
P9257,Vestido Midi Rosa 9257,275.93,3.5,Viscose,2024-05-24
P9258,Vestido Floral Amarela 9258,205.26,3.8,Viscose,2023-09-13
P9259,Regata Básica Verde 9259,344.32,3.5,Algodão,2024-10-19
P9260,Bermuda Jeans Branca 9260,251.34,5.0,Sarja,2025-06-27
P9261,Camiseta Slim Cinza 9261,148.55,5.0,Algodão,2024-07-25
P9262,Jaqueta Puffer Verde 9262,332.61,3.5,Poliéster,2022-10-23
P9263,Camisa Linho Vermelha 9263,397.67,4.3,Algodão,2026-01-15
P9264,Vestido Midi Amarela 9264,273.99,4.0,Viscose,2024-12-25
P9265,Camisa Social Bege 9265,64.25,4.2,Algodão,2025-12-21
P9266,Calça Cargo Cinza 9266,380.96,4.0,Sarja,2024-02-27
P9267,Calça Sarja Azul 9267,182.08,3.8,Sarja,2023-07-20
P9268,Saia Jeans Marrom 9268,140.56,4.6,Poliéster,2025-10-11
P9269,Camisa Linho Verde 9269,95.66,4.4,Algodão,2024-06-19
P9270,Camisa Flanela Preta 9270,53.18,4.1,Algodão,2025-05-25
P9271,Camiseta Slim Rosa 9271,235.88,3.7,Algodão,2026-01-16
P9272,Blusa Manga Longa Verde 9272,217.36,3.7,Viscose,2022-08-11
P9273,Bermuda Moletom Preta 9273,114.78,4.3,Sarja,2022-02-04
P9274,Blusa Social Vermelha 9274,152.4,4.3,Viscose,2021-11-06
P9275,Blusa Básica Verde 9275,369.96,4.4,Viscose,2024-05-26
P9276,Conjunto Esportivo Branca 9276,162.75,4.6,Poliéster,2025-07-30
P9277,Blazer Slim Vermelha 9277,73.63,3.6,Poliéster,2026-07-13
P9278,Jaqueta Bomber Branca 9278,189.32,4.1,Poliéster,2021-03-09
P9279,Camisa Flanela Marrom 9279,143.84,4.5,Algodão,2021-01-04
P9280,Camisa Manga Curta Marrom 9280,217.12,4.6,Algodão,2024-11-05
P9281,Calça Cargo Preta 9281,332.78,5.0,Sarja,2022-07-12
P9282,Camiseta Polo Azul 9282,389.73,4.8,Algodão,2023-09-12
P9283,Saia Plissada Preta 9283,187.24,4.7,Poliéster,2021-06-12
P9284,Camiseta Oversized Cinza 9284,142.12,5.0,Algodão,2021-06-05
P9285,Camiseta Oversized Azul 9285,297.3,4.4,Algodão,2023-12-29
P9286,Blazer Social Bege 9286,270.85,4.8,Poliéster,2024-11-25
P9287,Saia Plissada Amarela 9287,288.19,4.2,Poliéster,2026-01-08
P9288,Saia Casual Branca 9288,276.14,4.3,Poliéster,2023-09-27
P9289,Regata Básica Cinza 9289,125.9,4.4,Algodão,2024-08-28
P9290,Camisa Flanela Verde 9290,55.51,4.0,Algodão,2025-11-15
P9291,Bermuda Jeans Rosa 9291,355.54,4.1,Sarja,2023-06-13
P9292,Vestido Casual Rosa 9292,117.6,4.2,Viscose,2022-03-08
P9293,Camisa Social Branca 9293,387.0,2.8,Algodão,2025-09-04
P9294,Bermuda Esportiva Amarela 9294,140.64,3.6,Sarja,2021-01-05
P9295,Moletom Básico Preta 9295,107.29,4.5,Algodão/Poliéster,2022-07-25
P9296,Conjunto Casual Verde 9296,317.83,4.2,Algodão,2021-09-27
P9297,Vestido Longo Azul 9297,197.82,4.6,Viscose,2024-08-24
P9298,Saia Casual Marrom 9298,170.35,4.8,Poliéster,2022-07-12
P9299,Camiseta Polo Marrom 9299,178.48,4.0,Algodão,2022-12-14
P9300,Moletom Estampado Vermelha 9300,278.29,4.3,Algodão/Poliéster,2024-09-11
P9301,Blazer Slim Verde 9301,196.8,4.1,Poliéster,2022-09-05
P9302,Jaqueta Jeans Rosa 9302,219.44,4.8,Denim,2023-01-21
P9303,Regata Esportiva Cinza 9303,290.65,3.6,Algodão,2023-10-30
P9304,Blusa Social Preta 9304,97.83,4.4,Viscose,2021-09-02
P9305,Jaqueta Bomber Marrom 9305,385.59,4.4,Poliéster,2026-04-19
P9306,Saia Plissada Preta 9306,350.38,3.8,Poliéster,2026-07-24
P9307,Saia Midi Vermelha 9307,345.44,4.3,Poliéster,2025-01-15
P9308,Regata Esportiva Rosa 9308,356.95,4.1,Algodão,2021-08-12
P9309,Conjunto Moletom Verde 9309,48.24,4.1,Algodão/Poliéster,2023-09-05
P9310,Camisa Social Preta 9310,343.15,4.5,Algodão,2023-01-05
P9311,Camisa Manga Curta Vermelha 9311,366.64,4.7,Algodão,2021-12-11
P9312,Jaqueta Jeans Preta 9312,147.81,4.9,Denim,2025-12-19
P9313,Blazer Slim Vermelha 9313,158.02,4.7,Poliéster,2023-05-09
P9314,Camiseta Polo Branca 9314,57.97,4.0,Algodão,2024-09-12
P9315,Camiseta Polo Marrom 9315,45.69,4.5,Algodão,2024-11-30
P9316,Camiseta Oversized Bege 9316,108.51,3.8,Algodão,2022-10-24
P9317,Saia Casual Amarela 9317,278.21,4.3,Poliéster,2022-12-23
P9318,Moletom Com Capuz Azul 9318,61.04,3.6,Algodão/Poliéster,2026-07-01
P9319,Blusa Básica Bege 9319,199.0,4.2,Viscose,2025-09-03
P9320,Conjunto Moletom Amarela 9320,92.93,4.5,Algodão/Poliéster,2023-11-03
P9321,Moletom Estampado Azul 9321,137.66,3.5,Algodão/Poliéster,2024-01-09
P9322,Bermuda Jeans Marrom 9322,341.55,3.7,Sarja,2021-01-17
P9323,Jaqueta Bomber Marrom 9323,40.18,5.0,Poliéster,2022-02-27
P9324,Conjunto Moletom Amarela 9324,264.6,3.5,Algodão/Poliéster,2021-01-13
P9325,Camiseta Oversized Vermelha 9325,140.72,4.3,Algodão,2025-07-26
P9326,Camisa Linho Preta 9326,292.07,3.7,Algodão,2026-05-01
P9327,Moletom Canguru Azul 9327,113.71,4.4,Algodão/Poliéster,2021-12-02
P9328,Camisa Social Preta 9328,195.01,4.0,Algodão,2022-08-05
P9329,Jaqueta Corta-Vento Branca 9329,210.15,4.1,Nylon,2022-12-30
P9330,Calça Jeans Vermelha 9330,358.02,4.3,Sarja,2025-08-08
P9331,Camiseta Oversized Preta 9331,103.15,3.6,Algodão,2023-04-23
P9332,Camiseta Estampada Preta 9332,92.37,4.9,Algodão,2021-04-01
P9333,Camiseta Estampada Vermelha 9333,195.61,5.0,Algodão,2024-04-27
P9334,Moletom Com Capuz Azul 9334,188.17,4.2,Algodão/Poliéster,2021-10-31
P9335,Saia Jeans Verde 9335,120.39,4.1,Poliéster,2024-08-27
P9336,Blusa Canelada Preta 9336,139.65,4.0,Viscose,2025-11-08
P9337,Camiseta Estampada Azul 9337,78.01,3.5,Algodão,2021-05-20
P9338,Jaqueta Jeans Cinza 9338,95.05,4.1,Denim,2026-08-19
P9339,Bermuda Esportiva Cinza 9339,387.02,4.3,Sarja,2024-10-04
P9340,Saia Casual Branca 9340,169.41,4.0,Poliéster,2021-04-18
P9341,Camisa Manga Curta Azul 9341,51.1,3.3,Algodão,2022-04-01
P9342,Moletom Com Capuz Marrom 9342,148.45,4.9,Algodão/Poliéster,2021-12-13
P9343,Camisa Manga Curta Rosa 9343,131.61,4.2,Algodão,2026-01-03
P9344,Calça Social Cinza 9344,99.1,3.7,Sarja,2025-02-04
P9345,Blusa Social Azul 9345,247.26,4.6,Viscose,2023-02-11
P9346,Vestido Floral Cinza 9346,395.66,4.1,Viscose,2024-01-01
P9347,Regata Esportiva Preta 9347,366.8,4.1,Algodão,2022-12-22
P9348,Bermuda Jeans Rosa 9348,62.72,3.7,Sarja,2023-04-20
P9349,Moletom Com Capuz Branca 9349,284.96,5.0,Algodão/Poliéster,2024-08-13
P9350,Vestido Longo Rosa 9350,326.94,4.1,Viscose,2022-02-07
P9351,Camiseta Polo Preta 9351,172.89,4.0,Algodão,2025-04-21
P9352,Moletom Básico Marrom 9352,333.31,5.0,Algodão/Poliéster,2026-05-11
P9353,Regata Esportiva Verde 9353,241.73,3.9,Algodão,2026-07-09
P9354,Bermuda Cargo Verde 9354,195.99,4.0,Sarja,2021-12-23
P9355,Camisa Flanela Marrom 9355,318.21,4.8,Algodão,2023-05-02
P9356,Jaqueta Bomber Verde 9356,126.98,4.6,Poliéster,2022-07-03
P9357,Camisa Linho Verde 9357,96.61,4.7,Algodão,2024-08-06
P9358,Camisa Social Branca 9358,399.89,2.9,Algodão,2022-11-02
P9359,Vestido Floral Bege 9359,270.2,5.0,Viscose,2023-03-28
P9360,Vestido Casual Amarela 9360,285.09,4.0,Viscose,2021-10-14
P9361,Blusa Manga Longa Verde 9361,185.42,4.0,Viscose,2024-03-04
P9362,Blusa Social Vermelha 9362,71.97,3.9,Viscose,2024-01-15
P9363,Calça Jeans 9363,156.97,4.4,Sarja,2024-02-16
P9364,Blazer Social Branca 9364,258.58,3.6,Poliéster,2022-12-08
P9365,Blusa Canelada Rosa 9365,61.93,4.3,Viscose,2025-04-13
P9366,Saia Casual Azul 9366,338.11,3.8,Poliéster,2024-06-11
P9367,Moletom Canguru Cinza 9367,273.33,4.9,Algodão/Poliéster,2022-01-01
P9368,Calça Social Marrom 9368,242.38,4.2,Sarja,2023-02-01
P9369,Blusa Básica Bege 9369,82.87,5.0,Viscose,2024-09-28
P9370,Jaqueta Bomber Verde 9370,367.72,4.8,Poliéster,2021-08-29
P9371,Blazer Social Cinza 9371,365.15,3.9,Poliéster,2022-12-30
P9372,Blazer Slim Bege 9372,191.98,4.0,Poliéster,2025-12-11
P9373,Camiseta Polo Branca 9373,210.96,4.1,Algodão,2023-07-03
P9374,Regata Canelada Branca 9374,274.43,3.7,Algodão,2023-11-21
P9375,Blusa Social Verde 9375,282.01,4.2,Viscose,2024-11-10
P9376,Bermuda Jeans Verde 9376,247.29,4.0,Sarja,2022-10-28
P9377,Camisa Social Azul 9377,74.02,4.6,Algodão,2025-09-06
P9378,Saia Jeans Cinza 9378,214.18,4.6,Poliéster,2021-02-03
P9379,Bermuda Esportiva Amarela 9379,155.4,3.7,Sarja,2023-09-05
P9380,Conjunto Casual Rosa 9380,388.94,4.5,Algodão,2024-05-21
P9381,Camisa Flanela Azul 9381,94.26,4.5,Algodão,2022-05-10
P9382,Conjunto Esportivo Amarela 9382,167.93,4.4,Poliéster,2025-06-08
P9383,Calça Cargo Branca 9383,351.24,4.1,Sarja,2021-06-14
P9384,Bermuda Cargo Preta 9384,289.1,3.9,Sarja,2024-09-06
P9385,Conjunto Casual Preta 9385,71.59,4.0,Algodão,2024-08-03
P9386,Calça Sarja Azul 9386,199.01,4.1,Sarja,2025-06-18
P9387,Bermuda Jeans Rosa 9387,92.38,4.2,Sarja,2022-03-05
P9388,Camiseta Polo Azul 9388,102.04,4.2,Algodão,2021-11-17
P9389,Blusa Manga Longa Amarela 9389,330.31,4.2,Viscose,2024-04-16
P9390,Moletom Canguru Rosa 9390,160.71,4.0,Algodão/Poliéster,2026-07-04
P9391,Blusa Canelada Rosa 9391,58.75,4.3,Viscose,2025-06-13
P9392,Regata Canelada Verde 9392,312.51,4.5,Algodão,2022-03-14
P9393,Vestido Longo Branca 9393,307.8,4.4,Viscose,2023-04-24
P9394,Saia Casual Branca 9394,320.72,4.5,Poliéster,2022-07-06
P9395,Conjunto Esportivo Branca 9395,351.38,4.9,Poliéster,2025-06-02
P9396,Vestido Midi Preta 9396,55.48,4.5,Viscose,2023-11-27
P9397,Blazer Slim Amarela 9397,141.59,4.7,Poliéster,2023-06-25
P9398,Moletom Estampado Bege 9398,133.38,4.9,Algodão/Poliéster,2021-01-11
P9399,Conjunto Esportivo Amarela 9399,184.64,4.3,Poliéster,2024-08-04
P9400,Camiseta Polo Marrom 9400,190.55,3.8,Algodão,2023-07-05
P9401,Calça Sarja Rosa 9401,167.12,5.0,Sarja,2021-03-24
P9402,Camisa Manga Curta Azul 9402,54.24,3.4,Algodão,2022-02-09
P9403,Calça Cargo Bege 9403,246.29,4.3,Sarja,2025-02-12
P9404,Blusa Social Vermelha 9404,56.32,3.9,Viscose,2025-03-30
P9405,Camiseta Básica Amarela 9405,284.67,4.0,Algodão,2023-10-19
P9406,Calça Social Preta 9406,395.85,4.8,Sarja,2025-04-17
P9407,Conjunto Esportivo Marrom 9407,316.21,4.1,Poliéster,2025-03-08
P9408,Camiseta Básica Amarela 9408,294.02,5.0,Algodão,2024-06-27
P9409,Camiseta Oversized Marrom 9409,55.84,4.6,Algodão,2022-03-08
P9410,Saia Midi Vermelha 9410,272.69,4.9,Poliéster,2023-05-23
P9411,Calça Cargo Marrom 9411,284.72,4.7,Sarja,2025-08-17
P9412,Conjunto Moletom Branca 9412,319.72,4.0,Algodão/Poliéster,2022-10-04
P9413,Blazer Casual Preta 9413,205.05,4.8,Poliéster,2024-09-27
P9414,Jaqueta Puffer Verde 9414,57.21,4.7,Poliéster,2025-09-09
P9415,Vestido Midi Cinza 9415,234.24,4.4,Viscose,2024-01-09
P9416,Bermuda Moletom Vermelha 9416,192.42,4.6,Sarja,2023-11-16
P9417,Conjunto Moletom Vermelha 9417,215.81,4.0,Algodão/Poliéster,2022-01-24
P9418,Blusa Básica Amarela 9418,366.48,4.7,Viscose,2023-10-25
P9419,Moletom Canguru Branca 9419,181.14,4.8,Algodão/Poliéster,2021-03-28
P9420,Conjunto Moletom Vermelha 9420,233.64,3.6,Algodão/Poliéster,2021-08-23
P9421,Saia Plissada Branca 9421,233.62,4.2,Poliéster,2024-01-27
P9422,Vestido Longo Amarela 9422,315.1,4.7,Viscose,2022-03-28
P9423,Blusa Social Verde 9423,134.55,5.0,Viscose,2022-12-20
P9424,Calça Jeans Cinza 9424,79.16,4.5,Sarja,2023-01-16
P9425,Calça Sarja Verde 9425,372.02,4.6,Sarja,2023-09-07
P9426,Regata Canelada Azul 9426,143.76,4.3,Algodão,2024-12-16
P9427,Blusa Manga Longa Rosa 9427,336.21,4.6,Viscose,2023-07-12
P9428,Conjunto Moletom Amarela 9428,189.45,4.4,Algodão/Poliéster,2025-10-15
P9429,Camiseta Polo Marrom 9429,46.78,4.5,Algodão,2023-09-25
P9430,Camiseta Básica Preta 9430,144.79,4.9,Algodão,2026-08-17
P9431,Blazer Casual Verde 9431,148.59,3.6,Poliéster,2026-08-30
P9432,Regata Esportiva Preta 9432,364.73,4.0,Algodão,2023-06-04
P9433,Conjunto Casual Rosa 9433,351.61,4.3,Algodão,2025-05-03
P9434,Saia Midi Verde 9434,147.88,4.8,Poliéster,2023-07-27
P9435,Bermuda Jeans Branca 9435,229.37,4.6,Sarja,2025-12-16
P9436,Vestido Floral Vermelha 9436,321.48,4.2,Viscose,2025-05-04
P9437,Vestido Casual Amarela 9437,154.56,5.0,Viscose,2022-12-02
P9438,Conjunto Casual Amarela 9438,330.01,4.3,Algodão,2022-10-27
P9439,Blusa Social Marrom 9439,214.67,3.4,Viscose,2025-12-28
P9440,Camisa Manga Curta Azul 9440,334.35,4.2,Algodão,2024-01-24
P9441,Jaqueta Jeans Marrom 9441,225.71,3.9,Denim,2024-12-08
P9442,Regata Esportiva Bege 9442,256.59,4.9,Algodão,2024-11-01
P9443,Saia Midi Cinza 9443,265.73,5.0,Poliéster,2021-12-10
P9444,Saia Jeans Rosa 9444,399.89,3.9,Poliéster,2022-05-04
P9445,Regata Esportiva Vermelha 9445,353.58,4.4,Algodão,2026-02-06
P9446,Regata Esportiva Bege 9446,184.43,3.9,Algodão,2022-08-02
P9447,Vestido Longo Branca 9447,117.2,3.7,Viscose,2025-12-02
P9448,Camisa Linho Verde 9448,208.27,4.7,Algodão,2023-01-07
P9449,Conjunto Moletom Preta 9449,397.21,4.3,Algodão/Poliéster,2025-10-18
P9450,Jaqueta Bomber Vermelha 9450,202.55,4.9,Poliéster,2024-04-10
P9451,Moletom Básico Branca 9451,301.78,4.5,Algodão/Poliéster,2021-07-25
P9452,Blazer Social Rosa 9452,303.66,4.1,Poliéster,2022-07-14
P9453,Saia Jeans Marrom 9453,259.64,3.8,Poliéster,2026-05-26
P9454,Saia Midi Amarela 9454,180.66,3.8,Poliéster,2022-03-07
P9455,Blazer Slim Bege 9455,237.51,4.8,Poliéster,2022-04-16
P9456,Camisa Social Vermelha 9456,249.68,5.0,Algodão,2021-11-06
P9457,Camiseta Oversized Azul 9457,285.95,4.4,Algodão,2024-06-15
P9458,Bermuda Cargo Azul 9458,189.78,3.7,Sarja,2025-08-02
P9459,Jaqueta Bomber Rosa 9459,208.53,3.8,Poliéster,2026-04-22
P9460,Camiseta Slim Rosa 9460,121.52,4.0,Algodão,2026-01-08
P9461,Bermuda Jeans Branca 9461,380.01,4.6,Sarja,2026-01-03
P9462,Regata Esportiva Branca 9462,292.89,5.0,Algodão,2026-02-15
P9463,Vestido Midi Bege 9463,145.06,4.7,Viscose,2024-03-20
P9464,Bermuda Esportiva Verde 9464,218.12,3.9,Sarja,2025-08-27
P9465,Vestido Casual Vermelha 9465,159.94,4.6,Viscose,2024-08-06
P9466,Blusa Canelada Preta 9466,71.55,4.0,Viscose,2021-10-12
P9467,Blusa Social Marrom 9467,289.94,4.6,Viscose,2021-02-20
P9468,Blusa Manga Longa Branca 9468,274.53,4.6,Viscose,2021-07-22
P9469,Conjunto Esportivo Rosa 9469,350.31,3.9,Poliéster,2022-12-17
P9470,Moletom Básico Vermelha 9470,317.28,4.6,Algodão/Poliéster,2023-10-30
P9471,Camiseta Slim Amarela 9471,136.86,4.9,Algodão,2024-08-13
P9472,Camisa Social Vermelha 9472,178.86,4.5,Algodão,2023-12-15
P9473,Blazer Casual Vermelha 9473,363.75,4.9,Poliéster,2023-01-28
P9474,Calça Jeans Cinza 9474,47.67,4.8,Sarja,2025-02-25
P9475,Camisa Manga Curta Azul 9475,367.41,4.2,Algodão,2025-11-17
P9476,Conjunto Casual Cinza 9476,375.84,3.8,Algodão,2022-04-07
P9477,Calça Jogger Marrom 9477,115.4,4.2,Sarja,2022-06-26
P9478,Camiseta Estampada Rosa 9478,263.41,3.6,Algodão,2026-04-11
P9479,Jaqueta Puffer Branca 9479,355.67,5.0,Poliéster,2026-07-01
P9480,Calça Jogger Preta 9480,59.82,4.4,Sarja,2022-10-04
P9481,Calça Cargo Preta 9481,375.82,5.0,Sarja,2023-11-21
P9482,Moletom Com Capuz Azul 9482,201.95,4.5,Algodão/Poliéster,2024-04-10
P9483,Moletom Estampado Preta 9483,314.07,3.9,Algodão/Poliéster,2024-08-06
P9484,Conjunto Moletom Verde 9484,344.2,4.3,Algodão/Poliéster,2025-11-24
P9485,Camiseta Slim Marrom 9485,97.25,4.7,Algodão,2021-08-07
P9486,Blazer Casual Bege 9486,172.59,4.5,Poliéster,2023-12-20
P9487,Jaqueta Bomber Branca 9487,193.58,4.1,Poliéster,2022-03-24
P9488,Jaqueta Puffer Marrom 9488,280.0,4.3,Poliéster,2025-04-09
P9489,Jaqueta Bomber Vermelha 9489,84.04,4.9,Poliéster,2024-05-19
P9490,Blazer Casual Preta 9490,179.69,4.3,Poliéster,2025-03-30
P9491,Jaqueta Puffer Cinza 9491,336.35,4.3,Poliéster,2026-02-17
P9492,Camiseta Polo Preta 9492,42.0,4.9,Algodão,2025-06-23
P9493,Regata Esportiva Rosa 9493,371.07,4.2,Algodão,2025-11-03
P9494,Camiseta Oversized Preta 9494,127.16,3.9,Algodão,2025-08-06
P9495,Calça Jogger Rosa 9495,301.42,4.8,Sarja,2024-07-17
P9496,Calça Jeans Amarela 9496,390.7,4.1,Sarja,2023-03-24
P9497,Moletom Básico Marrom 9497,305.42,3.5,Algodão/Poliéster,2022-11-27
P9498,Vestido Longo Marrom 9498,229.62,4.5,Viscose,2023-01-23
P9499,Calça Cargo Azul 9499,284.34,4.8,Sarja,2024-06-10
P9500,Regata Canelada Amarela 9500,292.91,4.5,Algodão,2025-07-21
P9501,Camisa Linho Preta 9501,246.52,4.1,Algodão,2023-01-30
P9502,Camiseta Básica Rosa 9502,184.3,4.1,Algodão,2024-04-14
P9503,Bermuda Jeans Cinza 9503,298.97,4.6,Sarja,2023-05-07
P9504,Bermuda Cargo Rosa 9504,127.03,3.2,Sarja,2024-06-11
P9505,Camisa Flanela Bege 9505,234.53,4.0,Algodão,2025-08-22
P9506,Vestido Midi Bege 9506,190.7,4.6,Viscose,2023-05-03
P9507,Conjunto Esportivo Bege 9507,310.97,4.9,Poliéster,2023-04-02
P9508,Regata Básica Vermelha 9508,83.93,4.4,Algodão,2022-02-22
P9509,Conjunto Esportivo Bege 9509,55.18,4.7,Poliéster,2023-10-29
P9510,Blusa Canelada Vermelha 9510,171.41,4.8,Viscose,2023-08-04
P9511,Camiseta Oversized Bege 9511,333.13,4.0,Algodão,2021-11-28
P9512,Jaqueta Puffer Vermelha 9512,166.11,4.3,Poliéster,2026-06-30
P9513,Camisa Manga Curta Rosa 9513,217.64,4.6,Algodão,2025-11-14
P9514,Blusa Manga Longa Cinza 9514,167.68,4.2,Viscose,2022-08-25
P9515,Jaqueta Jeans Marrom 9515,132.77,3.9,Denim,2026-05-08
P9516,Camisa Social Branca 9516,360.95,2.7,Algodão,2022-07-17
P9517,Blusa Canelada Branca 9517,333.22,4.6,Viscose,2023-05-17
P9518,Saia Casual Rosa 9518,79.18,4.8,Poliéster,2021-09-28
P9519,Moletom Básico Preta 9519,108.33,4.6,Algodão/Poliéster,2024-06-20
P9520,Blazer Slim Vermelha 9520,157.03,3.4,Poliéster,2023-09-23
P9521,Blusa Manga Longa Vermelha 9521,278.0,4.6,Viscose,2022-07-08
P9522,Camisa Flanela Bege 9522,67.39,4.5,Algodão,2022-08-20
P9523,Camiseta Oversized Vermelha 9523,145.77,4.5,Algodão,2026-04-20
P9524,Blusa Social Cinza 9524,77.71,4.3,Viscose,2024-11-22
P9525,Blazer Casual Preta 9525,269.52,4.4,Poliéster,2021-11-13
P9526,Calça Cargo Azul 9526,301.32,4.4,Sarja,2021-10-07
P9527,Moletom Estampado Azul 9527,238.05,4.5,Algodão/Poliéster,2021-05-25
P9528,Camisa Social Vermelha 9528,269.69,4.9,Algodão,2022-05-27
P9529,Camisa Manga Curta Azul 9529,276.04,3.6,Algodão,2025-03-08
P9530,Vestido Casual Rosa 9530,75.95,4.0,Viscose,2021-05-08
P9531,Jaqueta Bomber Verde 9531,331.58,4.8,Poliéster,2022-05-31
P9532,Jaqueta Jeans Azul 9532,268.75,4.9,Denim,2021-03-27
P9533,Moletom Básico Azul 9533,347.97,4.2,Algodão/Poliéster,2024-09-05
P9534,Calça Jogger Marrom 9534,144.8,4.0,Sarja,2025-08-12
P9535,Regata Esportiva Bege 9535,273.02,3.9,Algodão,2023-12-31
P9536,Calça Jogger Verde 9536,392.16,4.8,Sarja,2026-02-18
P9537,Bermuda Esportiva Rosa 9537,360.43,4.4,Sarja,2024-11-25
P9538,Camiseta Polo Vermelha 9538,66.77,3.9,Algodão,2025-04-30
P9539,Blazer Casual Preta 9539,127.27,4.0,Poliéster,2022-10-11
P9540,Blusa Básica Bege 9540,281.0,4.1,Viscose,2025-11-26
P9541,Blusa Básica Preta 9541,327.63,3.2,Viscose,2024-07-29
P9542,Jaqueta Puffer Verde 9542,167.2,4.5,Poliéster,2021-06-29
P9543,Blusa Social Verde 9543,325.98,4.3,Viscose,2021-06-20
P9544,Calça Sarja Vermelha 9544,299.79,3.9,Sarja,2026-02-02
P9545,Camiseta Polo Cinza 9545,341.21,4.5,Algodão,2022-07-24
P9546,Blusa Canelada Preta 9546,153.92,3.9,Viscose,2023-08-23
P9547,Blazer Casual Preta 9547,154.94,3.8,Poliéster,2025-04-23
P9548,Camisa Flanela Verde 9548,84.1,3.7,Algodão,2025-05-10
P9549,Vestido Longo Cinza 9549,74.81,4.7,Viscose,2021-02-26
P9550,Jaqueta Jeans Bege 9550,253.68,4.2,Denim,2024-06-28
P9551,Regata Básica Bege 9551,279.03,4.3,Algodão,2026-03-05
P9552,Blusa Básica Amarela 9552,146.12,4.1,Viscose,2022-12-25
P9553,Camisa Flanela Vermelha 9553,194.83,4.5,Algodão,2024-01-28
P9554,Calça Jeans Cinza 9554,308.13,4.2,Sarja,2022-07-02
P9555,Conjunto Casual Azul 9555,229.3,4.3,Algodão,2025-02-01
P9556,Camisa Linho Marrom 9556,105.2,4.4,Algodão,2021-09-02
P9557,Bermuda Moletom Marrom 9557,309.85,4.0,Sarja,2023-12-11
P9558,Calça Jeans Cinza 9558,82.22,4.3,Sarja,2023-05-04
P9559,Moletom Com Capuz Marrom 9559,70.75,4.5,Algodão/Poliéster,2024-08-19
P9560,Saia Midi Amarela 9560,149.28,3.5,Poliéster,2023-10-20
P9561,Blazer Casual Preta 9561,216.56,4.9,Poliéster,2026-07-25
P9562,Camiseta Básica Rosa 9562,171.43,4.3,Algodão,2026-07-28
P9563,Blusa Básica Amarela 9563,151.11,3.9,Viscose,2022-08-11
P9564,Blazer Slim Bege 9564,396.78,3.6,Poliéster,2021-03-19
P9565,Camiseta Estampada Branca 9565,180.48,4.7,Algodão,2023-10-17
P9566,Blazer Casual Rosa 9566,149.38,3.9,Poliéster,2024-05-06
P9567,Conjunto Casual Bege 9567,140.49,3.9,Algodão,2025-04-05
P9568,Bermuda Cargo Vermelha 9568,150.11,3.8,Sarja,2023-12-23
P9569,Camisa Social Branca 9569,181.51,4.8,Algodão,2024-04-28
P9570,Jaqueta Puffer Bege 9570,243.94,4.5,Poliéster,2021-02-17
P9571,Blazer Slim Preta 9571,65.39,3.9,Poliéster,2025-04-27
P9572,Saia Casual Rosa 9572,91.4,4.9,Poliéster,2022-11-14
P9573,Blazer Casual Marrom 9573,399.85,4.3,Poliéster,2023-03-07
P9574,Saia Plissada Rosa 9574,338.99,4.2,Poliéster,2023-05-26
P9575,Bermuda Esportiva Preta 9575,81.58,4.0,Sarja,2021-05-29
P9576,Regata Esportiva Marrom 9576,219.6,4.8,Algodão,2023-10-20
P9577,Saia Plissada Amarela 9577,374.48,4.3,Poliéster,2023-02-28
P9578,Jaqueta Corta-Vento Rosa 9578,65.48,4.9,Nylon,2022-04-29
P9579,Blusa Canelada Branca 9579,156.09,4.5,Viscose,2022-05-24
P9580,Camiseta Básica Preta 9580,61.82,4.2,Algodão,2021-03-12
P9581,Blusa Básica Preta 9581,220.0,4.3,Viscose,2026-01-11
P9582,Bermuda Moletom Branca 9582,320.6,4.6,Sarja,2022-08-31
P9583,Moletom Canguru Amarela 9583,310.66,4.2,Algodão/Poliéster,2025-12-15
P9584,Moletom Básico Vermelha 9584,210.8,3.6,Algodão/Poliéster,2025-09-27
P9585,Bermuda Jeans Rosa 9585,333.1,4.2,Sarja,2023-08-05
P9586,Saia Midi Bege 9586,142.59,4.3,Poliéster,2025-07-30
P9587,Moletom Com Capuz Amarela 9587,287.61,4.1,Algodão/Poliéster,2022-03-14
P9588,Saia Casual Vermelha 9588,268.39,3.7,Poliéster,2022-01-09
P9589,Camisa Linho Branca 9589,187.01,4.2,Algodão,2026-02-04
P9590,Regata Básica Branca 9590,180.12,3.7,Algodão,2024-08-30
P9591,Camisa Social Preta 9591,340.83,3.6,Algodão,2024-11-26
P9592,Saia Midi Preta 9592,80.4,3.6,Poliéster,2026-03-27
P9593,Bermuda Jeans Branca 9593,395.91,4.7,Sarja,2021-01-29
P9594,Blazer Casual Preta 9594,148.02,3.9,Poliéster,2021-12-23
P9595,Moletom Básico Rosa 9595,190.05,4.2,Algodão/Poliéster,2026-06-13
P9596,Moletom Básico Branca 9596,310.95,4.7,Algodão/Poliéster,2021-09-24
P9597,Saia Midi Amarela 9597,195.71,3.4,Poliéster,2023-07-18
P9598,Vestido Midi Preta 9598,89.29,3.8,Viscose,2021-02-15
P9599,Blazer Casual Cinza 9599,118.89,4.3,Poliéster,2022-11-06
P9600,Bermuda Esportiva Vermelha 9600,368.91,3.9,Sarja,2021-12-23
P9601,Conjunto Esportivo Vermelha 9601,139.16,3.9,Poliéster,2022-06-14
P9602,Calça Cargo Preta 9602,101.92,4.0,Sarja,2025-08-12
P9603,Bermuda Esportiva Vermelha 9603,357.14,3.9,Sarja,2022-07-25
P9604,Jaqueta Bomber Preta 9604,70.44,4.5,Poliéster,2025-08-12
P9605,Blazer Slim Vermelha 9605,141.15,4.4,Poliéster,2026-01-26
P9606,Bermuda Cargo Azul 9606,357.61,4.1,Sarja,2024-01-24
P9607,Jaqueta Bomber Preta 9607,110.57,3.9,Poliéster,2024-01-20
P9608,Saia Midi Branca 9608,246.56,4.0,Poliéster,2022-11-22
P9609,Bermuda Esportiva Vermelha 9609,327.95,3.8,Sarja,2024-10-11
P9610,Blazer Slim Rosa 9610,116.1,4.6,Poliéster,2025-07-28
P9611,Blazer Social Verde 9611,285.82,3.9,Poliéster,2025-11-21
P9612,Calça Jeans Branca 9612,288.12,3.5,Sarja,2022-02-08
P9613,Blazer Slim Verde 9613,246.25,4.2,Poliéster,2024-11-20
P9614,Saia Midi Rosa 9614,284.09,3.4,Poliéster,2021-10-17
P9615,Vestido Floral Cinza 9615,238.42,5.0,Viscose,2023-10-12
P9616,Calça Sarja Verde 9616,358.96,3.8,Sarja,2021-07-04
P9617,Camiseta Estampada Verde 9617,106.67,3.7,Algodão,2024-02-12
P9618,Regata Básica Bege 9618,198.79,4.8,Algodão,2025-10-28
P9619,Calça Jogger Rosa 9619,208.16,4.1,Sarja,2025-08-18
P9620,Vestido Casual Rosa 9620,339.77,4.8,Viscose,2025-01-19
P9621,Saia Midi Vermelha 9621,112.75,4.2,Poliéster,2024-04-09
P9622,Bermuda Moletom Preta 9622,118.28,4.4,Sarja,2024-07-16
P9623,Blusa Manga Longa Vermelha 9623,184.09,4.1,Viscose,2021-07-26
P9624,Blusa Canelada Marrom 9624,353.38,3.8,Viscose,2025-02-14
P9625,Bermuda Jeans Azul 9625,203.66,3.6,Sarja,2024-11-11
P9626,Moletom Estampado Rosa 9626,399.89,3.0,Algodão/Poliéster,2021-10-24
P9627,Bermuda Moletom Branca 9627,290.36,4.8,Sarja,2024-08-01
P9628,Blusa Manga Longa Verde 9628,249.78,3.8,Viscose,2023-03-08
P9629,Calça Sarja Bege 9629,343.04,4.6,Sarja,2023-11-20
P9630,Camiseta Polo Azul 9630,96.43,4.2,Algodão,2025-08-12
P9631,Vestido Floral Rosa 9631,83.35,3.4,Viscose,2022-10-29
P9632,Blazer Slim Cinza 9632,133.7,4.5,Poliéster,2026-03-12
P9633,Blusa Canelada Cinza 9633,95.01,4.2,Viscose,2023-05-13
P9634,Saia Jeans Rosa 9634,46.76,3.7,Poliéster,2023-11-28
P9635,Calça Jogger Rosa 9635,399.89,4.9,Sarja,2021-03-01
P9636,Camiseta Estampada Branca 9636,199.58,4.6,Algodão,2021-09-10
P9637,Saia Casual Amarela 9637,119.15,5.0,Poliéster,2022-08-06
P9638,Camisa Flanela Azul 9638,87.66,4.5,Algodão,2026-07-18
P9639,Blazer Casual Bege 9639,128.56,4.3,Poliéster,2022-06-22
P9640,Blusa Manga Longa Vermelha 9640,188.56,4.4,Viscose,2023-03-29
P9641,Blazer Casual Preta 9641,91.04,4.2,Poliéster,2025-11-02
P9642,Camisa Social Rosa 9642,325.43,3.7,Algodão,2022-10-22
P9643,Camiseta Oversized Bege 9643,138.68,3.7,Algodão,2025-08-09
P9644,Vestido Midi Azul 9644,302.9,4.5,Viscose,2021-09-06
P9645,Blazer Slim Marrom 9645,161.43,4.6,Poliéster,2021-10-03
P9646,Camiseta Oversized Marrom 9646,70.1,4.7,Algodão,2021-01-27
P9647,Saia Midi Amarela 9647,227.58,3.9,Poliéster,2021-09-16
P9648,Vestido Floral Amarela 9648,79.33,3.8,Viscose,2024-06-03
P9649,Saia Jeans Vermelha 9649,104.68,4.5,Poliéster,2021-07-07
P9650,Moletom Canguru Bege 9650,265.67,3.6,Algodão/Poliéster,2024-06-21
P9651,Moletom Estampado Bege 9651,336.58,4.2,Algodão/Poliéster,2024-05-24
P9652,Saia Casual Vermelha 9652,109.12,4.2,Poliéster,2022-04-30
P9653,Bermuda Moletom Cinza 9653,399.89,4.4,Sarja,2021-03-18
P9654,Vestido Floral Bege 9654,399.89,4.3,Viscose,2021-12-02
P9655,Conjunto Moletom Cinza 9655,103.48,4.4,Algodão/Poliéster,2021-10-24
P9656,Jaqueta Corta-Vento Verde 9656,266.91,4.5,Nylon,2023-12-29
P9657,Camisa Manga Curta Azul 9657,260.1,3.7,Algodão,2026-04-11
P9658,Regata Básica Bege 9658,192.15,4.7,Algodão,2023-06-20
P9659,Conjunto Casual Cinza 9659,191.47,4.6,Algodão,2024-08-04
P9660,Vestido Midi Rosa 9660,259.38,4.8,Viscose,2022-09-21
P9661,Conjunto Moletom Vermelha 9661,312.28,4.6,Algodão/Poliéster,2021-07-09
P9662,Vestido Midi Marrom 9662,143.9,4.2,Viscose,2022-03-28
P9663,Bermuda Jeans Cinza 9663,142.38,4.2,Sarja,2023-09-19
P9664,Blusa Canelada Branca 9664,174.54,4.3,Viscose,2025-11-13
P9665,Camiseta Polo Preta 9665,163.52,4.0,Algodão,2022-05-30
P9666,Camisa Linho Vermelha 9666,291.71,3.4,Algodão,2026-07-29
P9667,Moletom Estampado Vermelha 9667,248.05,4.0,Algodão/Poliéster,2024-08-14
P9668,Blusa Social Preta 9668,92.95,3.6,Viscose,2023-01-06
P9669,Saia Casual Rosa 9669,189.37,4.0,Poliéster,2024-07-11
P9670,Camiseta Slim Vermelha 9670,99.37,5.0,Algodão,2024-12-15
P9671,Calça Jogger Rosa 9671,377.67,4.9,Sarja,2024-11-20
P9672,Conjunto Moletom Verde 9672,99.39,3.9,Algodão/Poliéster,2025-11-26
P9673,Camisa Flanela Cinza 9673,227.94,4.3,Algodão,2024-10-01
P9674,Camisa Flanela Azul 9674,88.32,4.4,Algodão,2021-02-25
P9675,Bermuda Esportiva Azul 9675,88.29,4.4,Sarja,2023-02-20
P9676,Camiseta Slim Cinza 9676,332.06,4.8,Algodão,2026-02-22
P9677,Regata Básica Marrom 9677,229.96,3.6,Algodão,2022-03-05
P9678,Camiseta Básica Verde 9678,300.92,4.2,Algodão,2023-10-30
P9679,Moletom Canguru Preta 9679,289.85,4.0,Algodão/Poliéster,2023-11-01
P9680,Camisa Social Bege 9680,294.82,4.4,Algodão,2024-02-26
P9681,Camiseta Básica Rosa 9681,65.26,4.4,Algodão,2025-12-03
P9682,Camisa Manga Curta Cinza 9682,399.89,3.7,Algodão,2024-01-22
P9683,Bermuda Jeans Vermelha 9683,170.92,4.7,Sarja,2021-01-02
P9684,Vestido Floral Amarela 9684,223.99,3.9,Viscose,2022-05-18
P9685,Regata Básica Amarela 9685,202.92,4.6,Algodão,2024-07-29
P9686,Saia Midi Azul 9686,324.94,4.3,Poliéster,2025-06-07
P9687,Calça Cargo Marrom 9687,335.45,4.6,Sarja,2024-08-31
P9688,Blazer Slim Bege 9688,237.09,4.6,Poliéster,2025-02-24
P9689,Camiseta Estampada Azul 9689,305.07,3.2,Algodão,2022-05-14
P9690,Camiseta Básica Branca 9690,96.87,4.6,Algodão,2021-07-18
P9691,Moletom Básico Bege 9691,343.82,3.5,Algodão/Poliéster,2026-05-17
P9692,Blusa Manga Longa Azul 9692,122.96,4.0,Viscose,2024-03-10
P9693,Conjunto Moletom Azul 9693,311.54,3.4,Algodão/Poliéster,2025-03-08
P9694,Blazer Slim Preta 9694,204.52,4.7,Poliéster,2026-06-04
P9695,Calça Cargo Azul 9695,122.87,3.9,Sarja,2022-01-13
P9696,Camisa Manga Curta Amarela 9696,210.89,4.5,Algodão,2025-12-08
P9697,Calça Jogger Amarela 9697,161.02,4.2,Sarja,2023-01-28
P9698,Camisa Social Branca 9698,65.02,4.2,Algodão,2024-07-18
P9699,Blusa Básica Verde 9699,348.85,4.5,Viscose,2023-03-12
P9700,Vestido Longo Branca 9700,269.44,4.4,Viscose,2022-02-16
P9701,Camisa Linho Bege 9701,376.23,4.1,Algodão,2025-12-25
P9702,Calça Jeans Marrom 9702,47.88,4.3,Sarja,2022-12-20
P9703,Conjunto Casual Branca 9703,282.67,3.5,Algodão,2021-02-21
P9704,Bermuda Cargo Preta 9704,355.82,4.4,Sarja,2021-11-08
P9705,Camiseta Oversized Branca 9705,147.43,4.7,Algodão,2026-06-13
P9706,Camiseta Slim Branca 9706,351.92,4.4,Algodão,2025-08-28
P9707,Moletom Com Capuz Azul 9707,258.89,4.5,Algodão/Poliéster,2024-10-07
P9708,Calça Cargo Rosa 9708,279.72,4.2,Sarja,2025-05-31
P9709,Calça Jogger Verde 9709,310.38,4.5,Sarja,2024-09-04
P9710,Regata Esportiva Rosa 9710,146.49,4.4,Algodão,2026-02-27
P9711,Regata Básica Azul 9711,348.96,4.8,Algodão,2021-07-26
P9712,Camiseta Básica Amarela 9712,71.95,4.4,Algodão,2021-05-12
P9713,Camiseta Slim Verde 9713,364.24,4.9,Algodão,2024-12-08
P9714,Blazer Slim Rosa 9714,212.57,3.8,Poliéster,2026-06-19
P9715,Blusa Básica Amarela 9715,51.57,4.1,Viscose,2024-04-17
P9716,Bermuda Esportiva Vermelha 9716,351.01,4.7,Sarja,2026-06-23
P9717,Camiseta Básica Cinza 9717,251.56,4.0,Algodão,2023-04-10
P9718,Conjunto Esportivo Amarela 9718,114.66,4.6,Poliéster,2024-10-27
P9719,Calça Sarja Vermelha 9719,107.71,4.5,Sarja,2023-11-20
P9720,Camiseta Estampada Bege 9720,188.89,4.5,Algodão,2025-12-30
P9721,Calça Cargo Preta 9721,89.12,3.9,Sarja,2024-09-01
P9722,Bermuda Moletom Verde 9722,116.05,4.3,Sarja,2023-06-27
P9723,Vestido Casual Amarela 9723,143.58,5.0,Viscose,2022-05-22
P9724,Blusa Canelada Amarela 9724,273.74,4.3,Viscose,2022-10-11
P9725,Blazer Slim Cinza 9725,254.97,4.4,Poliéster,2021-06-04
P9726,Regata Esportiva Verde 9726,195.83,4.3,Algodão,2021-11-16
P9727,Conjunto Moletom Amarela 9727,323.79,4.9,Algodão/Poliéster,2023-11-19
P9728,Jaqueta Puffer Vermelha 9728,158.4,4.5,Poliéster,2021-03-07
P9729,Moletom Estampado Azul 9729,132.13,3.9,Algodão/Poliéster,2023-09-03
P9730,Jaqueta Bomber Bege 9730,299.29,3.8,Poliéster,2021-03-28
P9731,Saia Casual Verde 9731,81.68,3.0,Poliéster,2021-12-02
P9732,Jaqueta Jeans Bege 9732,167.23,4.4,Denim,2024-12-01
P9733,Camisa Social Branca 9733,399.89,2.9,Algodão,2021-03-01
P9734,Camiseta Oversized Azul 9734,362.13,4.5,Algodão,2022-11-28
P9735,Tênis Casual 9735,235.47,4.7,Sintético,2022-01-29
P9736,Calça Cargo Marrom 9736,253.41,4.9,Sarja,2021-04-22
P9737,Blazer Slim Vermelha 9737,138.68,3.7,Poliéster,2022-03-07
P9738,Bermuda Jeans Verde 9738,73.64,4.3,Sarja,2021-08-21
P9739,Jaqueta Bomber Vermelha 9739,132.16,4.9,Poliéster,2021-06-16
P9740,Vestido Longo Rosa 9740,152.46,4.2,Viscose,2024-10-08
P9741,Blusa Manga Longa Rosa 9741,40.6,3.9,Viscose,2021-09-16
P9742,Jaqueta Puffer Verde 9742,333.94,4.9,Poliéster,2026-04-27
P9743,Regata Básica Azul 9743,100.88,3.8,Algodão,2023-10-04
P9744,Saia Midi Preta 9744,60.26,5.0,Poliéster,2023-04-25
P9745,Vestido Casual Vermelha 9745,329.35,3.3,Viscose,2025-12-18
P9746,Jaqueta Puffer Cinza 9746,343.99,4.3,Poliéster,2025-05-28
P9747,Jaqueta Puffer Branca 9747,231.65,4.7,Poliéster,2023-05-20
P9748,Conjunto Moletom Rosa 9748,221.99,3.9,Algodão/Poliéster,2026-07-08
P9749,Regata Esportiva Verde 9749,154.52,4.9,Algodão,2024-01-03
P9750,Blusa Básica Marrom 9750,233.97,5.0,Viscose,2025-01-05
P9751,Blusa Canelada Verde 9751,155.57,3.8,Viscose,2026-06-30
P9752,Moletom Com Capuz Rosa 9752,299.89,4.1,Algodão/Poliéster,2025-02-04
P9753,Jaqueta Bomber Preta 9753,59.86,4.5,Poliéster,2024-05-07
P9754,Calça Cargo 9754,161.21,4.1,Sarja,2024-06-28
P9755,Regata Canelada Bege 9755,387.72,3.9,Algodão,2024-09-15
P9756,Bermuda Moletom Azul 9756,377.41,4.3,Sarja,2026-07-16
P9757,Vestido Casual Preta 9757,276.69,3.7,Viscose,2024-12-21
P9758,Camiseta Polo Cinza 9758,50.27,3.9,Algodão,2022-09-13
P9759,Bermuda Cargo Amarela 9759,165.94,4.0,Sarja,2021-02-15
P9760,Camiseta Slim Marrom 9760,246.16,4.5,Algodão,2025-06-09
P9761,Moletom Canguru Marrom 9761,78.96,5.0,Algodão/Poliéster,2023-10-07
P9762,Camiseta Polo Preta 9762,40.57,4.5,Algodão,2023-05-09
P9763,Vestido Floral Vermelha 9763,137.64,4.4,Viscose,2026-04-19
P9764,Vestido Midi Rosa 9764,326.72,3.9,Viscose,2021-11-18
P9765,Bermuda Moletom Rosa 9765,219.76,4.6,Sarja,2021-03-19
P9766,Calça Cargo Cinza 9766,178.84,3.9,Sarja,2025-03-10
P9767,Bermuda Jeans Azul 9767,184.5,3.7,Sarja,2026-03-28
P9768,Vestido Floral Rosa 9768,263.45,3.7,Viscose,2025-09-13
P9769,Bermuda Jeans Azul 9769,363.21,4.9,Sarja,2025-12-08
P9770,Regata Canelada Amarela 9770,297.28,4.6,Algodão,2025-11-22
P9771,Moletom Canguru Verde 9771,55.7,4.3,Algodão/Poliéster,2024-11-19
P9772,Conjunto Esportivo Marrom 9772,361.36,3.4,Poliéster,2026-03-23
P9773,Blusa Manga Longa Rosa 9773,346.28,4.4,Viscose,2022-12-08
P9774,Conjunto Moletom Vermelha 9774,247.91,4.0,Algodão/Poliéster,2025-03-22
P9775,Jaqueta Corta-Vento Rosa 9775,170.0,4.8,Nylon,2021-07-10
P9776,Blusa Canelada Vermelha 9776,61.55,4.5,Viscose,2023-12-28
P9777,Vestido Casual Marrom 9777,261.95,4.2,Viscose,2022-08-25
P9778,Moletom Básico Rosa 9778,178.11,4.6,Algodão/Poliéster,2026-04-27
P9779,Camiseta Básica Amarela 9779,286.14,4.1,Algodão,2023-06-22
P9780,Jaqueta Corta-Vento Amarela 9780,357.44,4.4,Nylon,2022-03-10
P9781,Blazer Slim Preta 9781,100.84,4.2,Poliéster,2024-03-23
P9782,Camiseta Estampada Marrom 9782,229.74,4.4,Algodão,2021-06-09
P9783,Regata Básica Azul 9783,121.73,3.7,Algodão,2021-09-20
P9784,Jaqueta Jeans Verde 9784,235.5,3.5,Denim,2023-06-13
P9785,Blazer Slim Amarela 9785,167.31,4.7,Poliéster,2024-07-29
P9786,Calça Jogger Amarela 9786,190.21,4.3,Sarja,2024-04-19
P9787,Camisa Flanela Cinza 9787,231.04,4.4,Algodão,2021-04-25
P9788,Vestido Floral Vermelha 9788,132.13,4.5,Viscose,2024-11-07
P9789,Conjunto Casual Cinza 9789,97.32,4.6,Algodão,2021-04-30
P9790,Camisa Flanela Cinza 9790,114.03,4.9,Algodão,2025-08-15
P9791,Regata Básica Bege 9791,341.86,3.1,Algodão,2021-03-22
P9792,Bermuda Jeans Verde 9792,69.98,4.1,Sarja,2021-02-25
P9793,Conjunto Moletom Rosa 9793,279.21,4.7,Algodão/Poliéster,2023-12-07
P9794,Bermuda Moletom Verde 9794,399.89,4.4,Sarja,2025-07-18
P9795,Conjunto Moletom Preta 9795,136.93,4.8,Algodão/Poliéster,2025-05-02
P9796,Camiseta Polo Preta 9796,263.6,4.1,Algodão,2024-05-26
P9797,Jaqueta Bomber Azul 9797,303.95,4.7,Poliéster,2022-01-05
P9798,Moletom Estampado Bege 9798,119.38,4.7,Algodão/Poliéster,2026-05-26
P9799,Vestido Midi Amarela 9799,81.83,4.4,Viscose,2021-02-12
P9800,Camiseta Slim Marrom 9800,130.47,4.4,Algodão,2022-12-21
P9801,Jaqueta Jeans Branca 9801,206.59,4.3,Denim,2025-04-10
P9802,Regata Básica Verde 9802,370.42,3.4,Algodão,2024-06-30
P9803,Camiseta Básica Bege 9803,88.93,3.7,Algodão,2025-06-24
P9804,Vestido Casual Amarela 9804,135.28,5.0,Viscose,2025-05-05
P9805,Calça Jeans Cinza 9805,103.71,4.2,Sarja,2026-04-29
P9806,Jaqueta Corta-Vento Preta 9806,351.98,3.3,Nylon,2023-12-05
P9807,Saia Jeans Preta 9807,116.79,3.4,Poliéster,2025-08-26
P9808,Regata Esportiva Preta 9808,375.35,4.2,Algodão,2021-11-19
P9809,Moletom Com Capuz Marrom 9809,73.93,4.3,Algodão/Poliéster,2021-12-27
P9810,Conjunto Moletom Azul 9810,350.78,3.3,Algodão/Poliéster,2021-04-14
P9811,Calça Jeans Verde 9811,54.46,5.0,Sarja,2022-02-28
P9812,Jaqueta Corta-Vento Azul 9812,192.56,3.9,Nylon,2021-08-19
P9813,Camisa Linho Bege 9813,243.52,4.9,Algodão,2025-09-02
P9814,Vestido Longo Azul 9814,143.74,4.1,Viscose,2023-10-21
P9815,Bermuda Cargo Vermelha 9815,318.97,4.8,Sarja,2023-07-09
P9816,Blazer Casual Azul 9816,90.78,3.8,Poliéster,2024-08-16
P9817,Saia Plissada Bege 9817,358.2,4.6,Poliéster,2023-01-14
P9818,Jaqueta Bomber Marrom 9818,123.31,4.3,Poliéster,2024-03-26
P9819,Calça Social Azul 9819,326.74,3.9,Sarja,2021-01-08
P9820,Jaqueta Bomber Vermelha 9820,208.72,5.0,Poliéster,2025-01-15
P9821,Blazer Social Cinza 9821,242.83,4.5,Poliéster,2025-12-09
P9822,Blusa Social Rosa 9822,325.37,3.9,Viscose,2021-03-22
P9823,Camisa Manga Curta Azul 9823,59.35,4.6,Algodão,2021-06-16
P9824,Conjunto Moletom Amarela 9824,207.62,3.4,Algodão/Poliéster,2021-10-10
P9825,Bermuda Esportiva Branca 9825,268.55,4.4,Sarja,2024-06-12
P9826,Vestido Casual Marrom 9826,281.04,4.3,Viscose,2025-04-24
P9827,Jaqueta Corta-Vento Azul 9827,225.11,4.6,Nylon,2025-08-30
P9828,Calça Sarja Verde 9828,282.75,4.9,Sarja,2025-06-05
P9829,Blusa Básica Vermelha 9829,146.8,3.6,Viscose,2024-04-09
P9830,Vestido Casual Preta 9830,310.97,3.9,Viscose,2024-12-24
P9831,Saia Midi Branca 9831,275.05,3.9,Poliéster,2022-08-03
P9832,Camiseta Slim Rosa 9832,218.28,3.7,Algodão,2025-03-23
P9833,Saia Plissada Azul 9833,287.26,4.4,Poliéster,2022-01-14
P9834,Conjunto Esportivo Bege 9834,307.73,4.8,Poliéster,2026-06-17
P9835,Camiseta Oversized Rosa 9835,164.01,4.1,Algodão,2021-03-28
P9836,Saia Casual Vermelha 9836,116.79,4.2,Poliéster,2026-05-08
P9837,Regata Básica Cinza 9837,161.18,3.6,Algodão,2023-08-11
P9838,Blusa Social Marrom 9838,303.52,4.5,Viscose,2024-08-26
P9839,Bermuda Esportiva Cinza 9839,144.26,4.6,Sarja,2021-11-27
P9840,Camiseta Polo Azul 9840,92.55,4.4,Algodão,2022-10-23
P9841,Blusa Manga Longa Azul 9841,362.95,4.9,Viscose,2025-11-19
P9842,Saia Casual Cinza 9842,111.27,4.6,Poliéster,2021-01-30
P9843,Blusa Básica Verde 9843,74.24,4.6,Viscose,2022-02-01
P9844,Vestido Midi Amarela 9844,380.39,4.1,Viscose,2024-07-30
P9845,Vestido Casual Rosa 9845,347.41,4.5,Viscose,2025-07-22
P9846,Blazer Slim Marrom 9846,328.83,4.0,Poliéster,2023-06-12
P9847,Camiseta Oversized Marrom 9847,270.23,3.9,Algodão,2021-07-01
P9848,Camiseta Oversized Cinza 9848,69.06,4.5,Algodão,2021-11-01
P9849,Blusa Social Azul 9849,100.52,5.0,Viscose,2026-01-17
P9850,Moletom Estampado Bege 9850,46.44,5.0,Algodão/Poliéster,2022-03-22
P9851,Bermuda Cargo Vermelha 9851,367.2,4.6,Sarja,2024-04-12
P9852,Regata Esportiva Marrom 9852,333.35,4.1,Algodão,2026-04-22
P9853,Camisa Social Vermelha 9853,264.84,5.0,Algodão,2023-02-17
P9854,Calça Sarja Rosa 9854,365.69,4.7,Sarja,2021-05-18
P9855,Camisa Linho Branca 9855,189.28,3.3,Algodão,2025-08-10
P9856,Camisa Manga Curta Branca 9856,64.22,4.5,Algodão,2025-06-18
P9857,Blusa Social Rosa 9857,125.62,4.3,Viscose,2024-09-09
P9858,Regata Básica Marrom 9858,276.92,4.4,Algodão,2026-02-10
P9859,Regata Esportiva Azul 9859,257.57,3.4,Algodão,2025-05-25
P9860,Saia Plissada Branca 9860,271.52,3.8,Poliéster,2024-11-25
P9861,Blazer Social Preta 9861,172.23,4.7,Poliéster,2022-11-21
P9862,Moletom Com Capuz Verde 9862,352.65,4.0,Algodão/Poliéster,2021-05-07
P9863,Vestido Longo Rosa 9863,329.21,4.2,Viscose,2025-02-10
P9864,Bermuda Esportiva Branca 9864,200.01,3.2,Sarja,2025-10-17
P9865,Saia Jeans Preta 9865,108.02,3.5,Poliéster,2024-12-09
P9866,Jaqueta Corta-Vento Amarela 9866,148.61,4.1,Nylon,2024-09-13
P9867,Camisa Linho Rosa 9867,340.36,4.4,Algodão,2025-01-26
P9868,Calça Jeans Vermelha 9868,346.37,4.8,Sarja,2022-07-28
P9869,Blazer Social Verde 9869,389.02,3.8,Poliéster,2021-08-30
P9870,Regata Básica Azul 9870,370.58,4.3,Algodão,2024-07-26
P9871,Calça Jogger Verde 9871,265.37,4.8,Sarja,2026-05-06
P9872,Moletom Básico Verde 9872,240.79,4.0,Algodão/Poliéster,2021-10-10
P9873,Camiseta Polo Amarela 9873,166.88,3.8,Algodão,2021-05-28
P9874,Regata Esportiva Marrom 9874,241.4,4.1,Algodão,2025-01-04
P9875,Camiseta Slim Vermelha 9875,106.95,5.0,Algodão,2023-05-25
P9876,Camisa Manga Curta Azul 9876,177.14,4.8,Algodão,2026-02-12
P9877,Saia Plissada Azul 9877,250.45,4.2,Poliéster,2023-09-04
P9878,Conjunto Casual Marrom 9878,277.82,4.6,Algodão,2023-12-16
P9879,Vestido Casual Rosa 9879,291.03,4.7,Viscose,2021-05-08
P9880,Camisa Manga Curta Amarela 9880,382.59,4.2,Algodão,2026-05-24
P9881,Moletom Com Capuz Marrom 9881,163.02,4.7,Algodão/Poliéster,2022-11-16
P9882,Blusa Básica Verde 9882,339.71,4.4,Viscose,2023-06-26
P9883,Blazer Slim Verde 9883,115.14,3.8,Poliéster,2024-07-25
P9884,Moletom Básico Azul 9884,337.75,4.7,Algodão/Poliéster,2025-11-10
P9885,Jaqueta Bomber Vermelha 9885,205.43,5.0,Poliéster,2025-07-04
P9886,Saia Casual Verde 9886,293.34,4.5,Poliéster,2025-05-20
P9887,Jaqueta Jeans Bege 9887,150.18,4.1,Denim,2021-08-07
P9888,Blazer Slim Bege 9888,270.86,4.7,Poliéster,2021-07-02
P9889,Blazer Casual Azul 9889,123.63,3.9,Poliéster,2025-09-16
P9890,Bermuda Jeans Preta 9890,253.45,4.2,Sarja,2026-03-04
P9891,Regata Básica Bege 9891,369.6,4.0,Algodão,2024-07-14
P9892,Moletom Canguru Branca 9892,191.17,4.7,Algodão/Poliéster,2026-02-27
P9893,Regata Canelada Cinza 9893,43.56,4.1,Algodão,2022-10-20
P9894,Regata Básica Marrom 9894,87.52,4.5,Algodão,2022-12-29
P9895,Saia Casual Vermelha 9895,123.09,4.3,Poliéster,2021-12-18
P9896,Blazer Social Amarela 9896,97.96,4.7,Poliéster,2025-06-30
P9897,Vestido Midi Amarela 9897,383.29,4.4,Viscose,2024-10-17
P9898,Moletom Com Capuz Preta 9898,201.95,3.7,Algodão/Poliéster,2022-04-10
P9899,Conjunto Esportivo Marrom 9899,363.94,4.3,Poliéster,2026-08-30
P9900,Conjunto Moletom Branca 9900,76.27,3.8,Algodão/Poliéster,2021-03-04
P9901,Vestido Floral Rosa 9901,93.34,4.5,Viscose,2025-05-13
P9902,Jaqueta Bomber Verde 9902,314.33,4.6,Poliéster,2022-03-07
P9903,Regata Canelada Verde 9903,164.06,3.7,Algodão,2025-06-11
P9904,Camiseta Básica Branca 9904,103.46,4.7,Algodão,2023-09-29
P9905,Camiseta Slim Azul 9905,244.68,4.5,Algodão,2022-04-30
P9906,Saia Casual Vermelha 9906,206.53,5.0,Poliéster,2021-04-30
P9907,Vestido Midi Bege 9907,149.1,5.0,Viscose,2024-07-09
P9908,Calça Jogger Branca 9908,316.74,4.9,Sarja,2021-11-28
P9909,Jaqueta Puffer Cinza 9909,334.92,4.6,Poliéster,2023-07-20
P9910,Jaqueta Puffer Azul 9910,301.51,4.2,Poliéster,2026-05-21
P9911,Saia Midi Rosa 9911,238.33,4.0,Poliéster,2026-01-11
P9912,Regata Canelada Bege 9912,360.37,4.1,Algodão,2023-10-19
P9913,Blazer Casual Azul 9913,324.13,4.7,Poliéster,2025-02-22
P9914,Blusa Básica Rosa 9914,195.33,4.4,Viscose,2025-08-30
P9915,Moletom Canguru Vermelha 9915,299.64,4.8,Algodão/Poliéster,2024-06-08
P9916,Camiseta Slim Rosa 9916,399.89,4.1,Algodão,2022-03-04
P9917,Camisa Manga Curta Bege 9917,193.92,3.3,Algodão,2025-08-06
P9918,Jaqueta Puffer Verde 9918,311.02,3.8,Poliéster,2021-07-03
P9919,Vestido Casual Rosa 9919,83.35,4.0,Viscose,2023-12-17
P9920,Vestido Casual Preta 9920,278.76,3.7,Viscose,2025-06-03
P9921,Camiseta Oversized Marrom 9921,182.7,4.2,Algodão,2024-03-26
P9922,Conjunto Esportivo Bege 9922,107.15,4.1,Poliéster,2022-12-23
P9923,Camisa Linho Bege 9923,373.61,4.1,Algodão,2023-05-12
P9924,Blusa Social Bege 9924,133.3,3.7,Viscose,2023-08-10
P9925,Conjunto Moletom Cinza 9925,110.37,4.4,Algodão/Poliéster,2025-03-20
P9926,Camiseta Estampada Preta 9926,234.83,4.2,Algodão,2026-08-15
P9927,Saia Midi Bege 9927,117.35,4.9,Poliéster,2025-05-30
P9928,Blazer Slim Rosa 9928,299.9,4.5,Poliéster,2022-10-17
P9929,Bermuda Moletom Cinza 9929,184.99,3.6,Sarja,2021-08-19
P9930,Saia Jeans Cinza 9930,331.89,3.7,Poliéster,2023-09-06
P9931,Conjunto Esportivo Bege 9931,119.58,3.9,Poliéster,2025-11-11
P9932,Blazer Casual Preta 9932,182.36,4.5,Poliéster,2024-08-06
P9933,Bermuda Jeans Cinza 9933,144.36,4.2,Sarja,2022-10-28
P9934,Conjunto Casual Marrom 9934,292.01,4.5,Algodão,2021-07-04
P9935,Jaqueta Puffer Verde 9935,193.06,4.3,Poliéster,2022-06-06
P9936,Conjunto Esportivo Bege 9936,372.41,4.9,Poliéster,2025-01-22
P9937,Conjunto Moletom Verde 9937,399.89,4.5,Algodão/Poliéster,2024-10-18
P9938,Calça Jogger Rosa 9938,242.46,3.8,Sarja,2023-07-24
P9939,Calça Jogger Verde 9939,243.84,4.7,Sarja,2022-11-22
P9940,Regata Básica Verde 9940,341.77,3.5,Algodão,2021-12-29
P9941,Jaqueta Puffer Preta 9941,327.67,5.0,Poliéster,2026-07-06
P9942,Moletom Estampado Cinza 9942,191.99,4.4,Algodão/Poliéster,2023-06-10
P9943,Calça Jogger Preta 9943,365.39,3.6,Sarja,2025-05-07
P9944,Blusa Básica Amarela 9944,54.12,4.0,Viscose,2023-08-12
P9945,Blusa Canelada Rosa 9945,60.91,4.4,Viscose,2024-03-23
P9946,Camisa Manga Curta Azul 9946,83.21,4.5,Algodão,2024-08-18
P9947,Blusa Manga Longa Branca 9947,326.38,4.0,Viscose,2023-01-07
P9948,Camiseta Slim Azul 9948,82.17,3.8,Algodão,2026-04-23
P9949,Blusa Manga Longa Rosa 9949,364.9,4.2,Viscose,2023-08-05
P9950,Blazer Social Branca 9950,256.48,5.0,Poliéster,2025-05-02
P9951,Bermuda Cargo Cinza 9951,176.96,4.4,Sarja,2026-03-11
P9952,Blusa Básica Amarela 9952,56.8,4.8,Viscose,2023-03-03
P9953,Saia Plissada Branca 9953,229.19,3.7,Poliéster,2022-04-30
P9954,Blusa Canelada Vermelha 9954,207.94,4.5,Viscose,2026-06-30
P9955,Saia Midi Azul 9955,349.3,4.3,Poliéster,2025-06-15
P9956,Bermuda Jeans Rosa 9956,327.43,4.4,Sarja,2025-06-25
P9957,Camiseta Básica Cinza 9957,226.54,4.2,Algodão,2026-05-12
P9958,Camisa Social Cinza 9958,214.7,4.5,Algodão,2021-02-27
P9959,Blazer Social Marrom 9959,264.3,4.6,Poliéster,2026-05-09
P9960,Moletom Com Capuz Branca 9960,292.19,3.7,Algodão/Poliéster,2021-08-30
P9961,Blusa Canelada Marrom 9961,175.89,4.9,Viscose,2021-10-28
P9962,Regata Esportiva Azul 9962,179.06,4.7,Algodão,2022-03-28
P9963,Calça Jeans Cinza 9963,364.59,4.0,Sarja,2021-08-23
P9964,Calça Jogger Preta 9964,61.72,4.3,Sarja,2021-06-22
P9965,Blusa Canelada Cinza 9965,247.58,4.4,Viscose,2021-09-16
P9966,Calça Jogger Branca 9966,94.52,4.2,Sarja,2023-10-02
P9967,Regata Básica Marrom 9967,100.48,4.4,Algodão,2023-02-10
P9968,Moletom Estampado Preta 9968,372.77,4.6,Algodão/Poliéster,2022-12-06
P9969,Camisa Flanela Amarela 9969,138.72,4.0,Algodão,2021-12-22
P9970,Bermuda Cargo Azul 9970,110.76,4.1,Sarja,2026-07-06
P9971,Moletom Com Capuz Bege 9971,294.27,3.4,Algodão/Poliéster,2022-11-19
P9972,Conjunto Moletom Azul 9972,347.08,5.0,Algodão/Poliéster,2023-09-06
P9973,Calça Sarja Vermelha 9973,108.5,4.2,Sarja,2021-10-22
P9974,Blazer Casual Vermelha 9974,342.47,4.6,Poliéster,2022-03-15
P9975,Camiseta Básica Preta 9975,250.18,4.1,Algodão,2022-04-30
P9976,Moletom Com Capuz Rosa 9976,321.62,3.9,Algodão/Poliéster,2026-07-02
P9977,Regata Canelada Cinza 9977,71.47,4.0,Algodão,2021-12-31
P9978,Saia Midi Bege 9978,129.25,4.9,Poliéster,2023-11-30
P9979,Jaqueta Corta-Vento Marrom 9979,189.2,3.8,Nylon,2024-01-31
P9980,Blusa Manga Longa Preta 9980,303.63,4.5,Viscose,2021-06-01
P9981,Blazer Casual Azul 9981,98.01,3.9,Poliéster,2022-12-28
P9982,Conjunto Moletom Branca 9982,309.75,3.8,Algodão/Poliéster,2021-06-17
P9983,Camiseta Polo Azul 9983,97.97,4.3,Algodão,2021-12-28
P9984,Bermuda Jeans Cinza 9984,138.25,4.2,Sarja,2024-10-29
P9985,Calça Sarja Bege 9985,367.13,4.7,Sarja,2024-03-22
P9986,Calça Cargo Marrom 9986,315.22,4.6,Sarja,2023-10-21
P9987,Blusa Social Marrom 9987,164.88,3.8,Viscose,2022-03-18
P9988,Camisa Linho Verde 9988,290.99,4.8,Algodão,2024-07-15
P9989,Cinto de Couro 9989,86.74,4.2,Couro,2026-02-15
P9990,Blusa Manga Longa Amarela 9990,337.69,4.3,Viscose,2025-10-24
P9991,Calça Social Branca 9991,208.48,4.3,Sarja,2021-12-25
P9992,Jaqueta Bomber Vermelha 9992,76.82,5.0,Poliéster,2024-11-10
P9993,Blusa Manga Longa Cinza 9993,378.03,3.5,Viscose,2022-05-20
P9994,Regata Esportiva Azul 9994,261.94,3.6,Algodão,2025-11-19
P9995,Jaqueta Puffer Rosa 9995,375.94,4.9,Poliéster,2023-09-06
P9996,Conjunto Casual Vermelha 9996,79.25,4.9,Algodão,2025-03-17
P9997,Blusa Básica Cinza 9997,268.27,4.0,Viscose,2024-01-21
P9998,Camiseta Estampada Vermelha 9998,207.85,4.7,Algodão,2024-10-27
P9999,Saia Casual Branca 9999,297.39,3.9,Poliéster,2026-04-19
P10000,Camiseta Oversized Vermelha 10000,228.57,3.1,Algodão,2021-10-06
