id,cliente_id,produto_id,quantidade,valor_total,desconto,data_compra,status,satisfacao,inconsistente
1,138,3460,6,1486.18,218.4,2025-11-04T17:31:44.583642,cancelado,2,True
2,1272,1496,3,3630.24,862.48,2026-05-29T17:31:44.583642,cancelado,-1,True
3,160,874,-10,3974.36,998.11,2026-02-01T17:31:44.583642,entregue,4,True
4,3035,855,8,3108.68,452.97,2026-02-15T17:31:44.583642,Entregue,4,True
5,3251,3991,2,1530.6,13.92,2027-10-09T17:31:44.707915,enviado,3,True
6,907,4499,8,-547.34,99.67,2026-05-01T17:31:44.583642,pendente,3,True
7,2308,3582,3,273.16,37.27,2026-06-14T17:31:44.583642,CaNCelaDO,5,True
8,99841,1094,1,2375.29,70.03,2026-07-30T17:31:44.583642,pago,5,True
9,1555,2539,1,2138.25,587.06,2026-06-28T17:31:44.583642,eNvIAdO,5,True
10,1268,92137,5,1776.68,263.38,2026-07-01T17:31:44.583642,pendente,3,True
11,1782,1643,10,3765.82,461.52,2027-10-09T17:31:44.707977,cancelado,5,True
12,2056,1459,4,100.0,150.0,2025-10-18T17:31:44.583642,enviado,5,True
13,3204,99685,5,2865.31,79.22,2026-02-10T17:31:44.583642,pendente,3,True
14,92760,468,5,129.42,26.61,2026-03-20T17:31:44.583642,entregue,4,True
15,4487,3038,8,3475.74,448.7,2026-09-09T17:31:44.583642,enTreGUE,2,True
16,3240,992,8,474.91,33.96,2026-05-23T17:31:44.583642,canceladu,1,True
17,1307,2858,3,421.08,59.92,2025-11-25T17:31:44.583642,cancelado ,4,True
18,4583,1751,6,4008.43,11.4,2025-11-03T17:31:44.583642,pago.,5,True
19,3358,97480,4,870.3,225.55,2026-09-15T17:31:44.583642,pendente,2,True
20,2904,176,3,-15.03,617.88,2025-10-25T17:31:44.583642,entregue,5,True
21,2478,1409,9,3699.06,973.6,2026-05-29T17:31:44.583642,enviado,4,True
22,1744,3360,7,803.31,90.58,2025-12-25T17:31:44.583642,pago,10,True
23,648,95733,10,4432.72,1196.21,2026-01-19T17:31:44.583642,cancelado,2,True
24,4495,2320,4,100.0,150.0,2026-08-13T17:31:44.583642,cancelado,4,True
25,2647,2233,10,4957.75,1351.09,2026-01-05T17:31:44.583642,pago,100,True
26,3167,1603,4,2455.84,561.57,2026-08-06T17:31:44.583642,pendente,,True
27,98739,39,10,67.03,2.96,2026-04-02T17:31:44.583642,enviado,2,True
28,2381,4856,1,4140.57,411.0,2026-02-13T17:31:44.583642,ENVIADO,3,True
29,1431,2355,7,205.74,15.51,2026-07-23T17:31:44.583642,Enviado,1,True
30,78,4570,8,145.83,29.12,2026-07-21T17:31:44.583642,CanceLAdO,5,True
31,1985,28,6,2533.79,412.55,2026-08-28T17:31:44.583642,CANCELADO,3,True
32,2568,4320,-6,1355.77,0.87,2025-10-16T17:31:44.583642,enviado,1,True
33,2912,1824,10,4683.49,566.26,2026-04-07T17:31:44.583642,cancelado,,True
34,3177,716,1,4486.85,846.64,2026-08-14T17:31:44.583642,ENTREGUE,4,True
35,1845,4948,2,4032.88,908.63,2025-11-16T17:31:44.583642,envIaDO,2,True
36,2943,3662,6,3139.01,487.01,2026-09-25T17:31:44.583642,Pendente,3,True
37,93380,3847,3,2255.58,201.75,2026-06-23T17:31:44.583642,pago,5,True
38,1448,1965,6,2823.44,495.59,2027-10-09T17:31:44.708201,entregue,1,True
39,331,1270,-3,4436.37,304.13,2025-12-06T17:31:44.583642,entregue,3,True
40,269,193,1,100.0,150.0,2025-12-11T17:31:44.583642,pago,2,True
41,4672,94077,7,1293.59,72.59,2025-12-15T17:31:44.583642,pendente,3,True
42,1833,4296,9,1880.28,428.51,2026-07-16T17:31:44.583642,cancelado,3,True
43,1485,3095,10,1188.27,274.97,2027-10-09T17:31:44.708239,entregue,1,True
44,795,805,10,3706.63,609.64,2026-01-17T17:31:44.583642,cAncelAdO,3,True
45,4336,3326,-3,2894.87,837.6,2026-10-05T17:31:44.583642,entregue,4,True
46,92743,645,8,208.19,39.26,2025-10-09T17:31:44.583642,cancelado,2,True
47,4430,2877,7,-25.85,380.39,2026-10-06T17:31:44.583642,enviado,5,True
48,3121,1380,8,1595.19,314.04,2027-10-09T17:31:44.708282,cancelado,1,True
49,2891,90018,2,1273.77,197.68,2025-11-03T17:31:44.583642,enviado,4,True
50,989,2218,1,2757.82,167.01,2026-04-03T17:31:44.583642,PENDENTE,2,True
51,2732,1949,4,4914.91,237.64,2026-04-12T17:31:44.583642,eNViado,1,True
52,4406,1103,6,4823.83,1206.51,2025-12-06T17:31:44.583642,peNDeNte,5,True
53,1113,1509,9,1692.55,175.16,2026-06-17T17:31:44.583642,PAGO,2,True
54,570,4207,-8,963.62,263.29,2026-09-11T17:31:44.583642,entregue,5,True
55,4436,1156,8,59.54,7.27,2027-10-09T17:31:44.708337,enviado,5,True
56,3560,93383,5,3204.8,529.45,2026-01-07T17:31:44.583642,pago,1,True
57,1303,2420,1,-377.56,171.67,2026-07-08T17:31:44.583642,entregue,5,True
58,2391,1474,10,100.0,150.0,2026-05-25T17:31:44.583642,pendente,2,True
59,4483,2785,1,967.64,63.6,2025-10-20T17:31:44.583642,etregue,2,True
60,1346,1562,8,-147.6,87.11,2026-09-17T17:31:44.583642,entregue,3,True
61,1755,1796,2,908.46,155.17,2025-10-30T17:31:44.583642,PENDENTE,3,True
62,4881,3397,5,2533.51,341.1,2025-12-30T17:31:44.583642,canceldo,2,True
63,2880,2032,1,1264.1,167.78,2026-06-08T17:31:44.583642,peNdEnTE,3,True
64,4167,2003,2,1937.67,274.77,2026-04-22T17:31:44.583642,enviado ,2,True
65,2681,3134,2,-593.53,127.99,2025-12-09T17:31:44.583642,pago,1,True
66,99232,4050,9,3548.39,507.18,2026-04-12T17:31:44.583642,cancelado,1,True
67,424,92493,10,3911.47,366.92,2026-04-25T17:31:44.583642,entregue,1,True
68,302,690,8,335.08,79.64,2026-01-09T17:31:44.583642,eNtrEGue,1,True
69,4534,4747,1,4378.61,91.36,2026-09-23T17:31:44.583642,cancelado,100,True
70,560,94149,7,1345.8,330.94,2026-02-04T17:31:44.583642,enviado,4,True
71,3213,2088,4,4133.44,468.71,2026-05-21T17:31:44.583642,pendente,1,True
72,96770,1695,8,3304.63,209.98,2026-01-17T17:31:44.583642,entregue,5,True
73,3815,2631,10,-697.01,178.29,2026-01-18T17:31:44.583642,pago,3,True
74,4531,1362,4,1010.38,144.29,2025-11-21T17:31:44.583642,Entregue,1,True
75,4185,96994,2,2651.52,221.15,2026-01-06T17:31:44.583642,enviado,5,True
76,4775,1544,5,809.58,42.06,2026-02-07T17:31:44.583642,pendente ,4,True
77,4075,635,3,-550.23,78.27,2025-12-18T17:31:44.583642,pago,3,True
78,2608,4624,-8,699.25,206.18,2025-11-14T17:31:44.583642,cancelado,4,True
79,1375,3424,3,4536.65,684.9,2026-05-24T17:31:44.583642,Entregue,2,True
80,3091,3117,5,20.34,2.03,2026-02-18T17:31:44.583642,Entregue,5,True
81,1808,1622,3,1302.3,268.19,2026-04-21T17:31:44.583642,Pendente,3,True
82,1021,4783,-1,533.46,60.26,2026-01-10T17:31:44.583642,entregue,1,True
83,2933,2710,7,100.0,150.0,2026-07-25T17:31:44.583642,entregue,3,True
84,2366,4585,7,3615.14,1014.35,2025-11-04T17:31:44.583642,entregue ,1,True
85,1927,3574,7,100.0,150.0,2025-11-09T17:31:44.583642,pago,4,True
86,4682,2071,3,2765.13,760.82,2026-07-18T17:31:44.583642,pAGo,3,True
87,2491,3078,10,100.0,150.0,2026-04-24T17:31:44.583642,pendente,5,True
88,3658,3965,3,4083.39,376.24,2026-08-18T17:31:44.583642,cancelado,5,True
89,3158,95705,2,3180.43,915.23,2026-03-08T17:31:44.583642,pendente,1,True
90,536,91838,1,2290.37,39.01,2026-04-25T17:31:44.583642,entregue,2,True
91,1294,2948,6,100.0,150.0,2026-07-13T17:31:44.583642,enviado,3,True
92,3120,752,-6,4626.98,786.83,2026-06-03T17:31:44.583642,enviado,2,True
93,902,3570,5,1992.27,526.04,2025-10-31T17:31:44.583642,entregue,5,True
94,3303,2854,9,3926.74,41.61,2026-07-16T17:31:44.583642,canCElado,2,True
95,4203,4824,-3,3960.68,911.65,2025-11-28T17:31:44.583642,pago,4,True
96,182,98413,7,4189.46,1113.67,2026-07-28T17:31:44.583642,pendente,4,True
97,4276,347,8,4557.34,1245.83,2025-10-22T17:31:44.583642,pndente,2,True
98,96171,1192,9,2900.3,590.64,2026-02-14T17:31:44.583642,entregue,4,True
99,97543,4644,9,1277.22,96.98,2026-01-30T17:31:44.583642,cancelado,1,True
100,1479,2981,9,2095.45,215.3,2025-12-23T17:31:44.583642,PAGO,2,True
101,907,3513,3,1962.93,526.66,2025-11-04T17:31:44.583642,CANCELADO,4,True
102,93765,1078,9,4400.88,1139.29,2025-12-20T17:31:44.583642,entregue,1,True
103,124,4355,7,100.0,150.0,2026-06-29T17:31:44.583642,pendente,4,True
104,3808,4338,1,69.49,19.66,2026-03-31T17:31:44.583642,ENTREGUE,5,True
105,4176,2841,10,4340.46,840.75,2025-12-03T17:31:44.583642,pedente,1,True
106,99683,3795,2,10.52,2.96,2026-09-29T17:31:44.583642,pago,1,True
107,3026,92572,1,759.25,211.2,2026-01-24T17:31:44.583642,entregue,5,True
108,4394,3180,7,4931.11,1097.39,2026-05-18T17:31:44.583642,cancelado,100,True
109,1949,4206,-9,2839.86,125.27,2026-04-30T17:31:44.583642,entregue,1,True
110,4684,242,1,3386.52,435.41,2026-09-26T17:31:44.583642,pago,2,True
111,92098,4196,7,11.51,1.58,2026-01-26T17:31:44.583642,pendente,1,True
112,4091,4689,8,-603.56,123.46,2026-08-11T17:31:44.583642,pendente,1,True
113,4115,2663,10,2479.67,27.45,2025-11-02T17:31:44.583642,canceldo,1,True
114,2707,2330,5,3429.02,1023.08,2025-10-14T17:31:44.583642,Enviado,5,True
115,4501,3697,9,2617.88,132.13,2025-12-28T17:31:44.583642,PeNdEntE,3,True
116,35,1445,3,2431.01,178.48,2026-08-11T17:31:44.583642,CAncElaDo,2,True
117,4921,2084,9,3458.13,250.94,2026-07-04T17:31:44.583642,PAGO,4,True
118,4955,1944,9,4513.33,158.5,2026-03-19T17:31:44.583642,pago0,2,True
119,475,592,1,1714.48,306.73,2026-09-01T17:31:44.583642,enviado,100,True
120,2912,886,4,4433.96,1160.69,2026-01-14T17:31:44.583642,PendENte,1,True
121,547,3896,-6,1662.24,5.18,2025-12-07T17:31:44.583642,pago,1,True
122,1044,96263,10,3221.52,93.43,2026-06-11T17:31:44.583642,pago,3,True
123,2749,4673,-9,2601.15,190.21,2025-10-22T17:31:44.583642,pago,3,True
124,1419,684,9,4195.45,373.79,2027-10-09T17:31:44.708887,cancelado,4,True
125,29,2025,6,1984.58,316.97,2026-06-01T17:31:44.583642,cancelado,,True
126,731,2890,8,3086.92,195.64,2026-07-03T17:31:44.583642,Entregue,3,True
127,1718,434,10,-603.75,431.18,2026-04-24T17:31:44.583642,entregue,1,True
128,2305,224,6,4671.18,873.87,2026-01-20T17:31:44.583642,Pago,3,True
129,96628,236,9,1246.69,164.08,2026-09-13T17:31:44.583642,cancelado,3,True
130,3389,4746,9,-911.33,307.54,2025-12-23T17:31:44.583642,enviado,2,True
131,574,2776,3,100.0,150.0,2025-12-31T17:31:44.583642,enviado,1,True
132,4241,766,-5,4536.57,869.13,2026-08-20T17:31:44.583642,enviado,3,True
133,3565,4411,6,1672.97,485.98,2027-10-09T17:31:44.708964,entregue,5,True
134,2546,97355,5,3651.06,496.69,2026-02-16T17:31:44.583642,pago,1,True
135,2390,1577,1,-527.12,447.59,2026-06-02T17:31:44.583642,cancelado,5,True
136,2314,1442,-1,4926.48,1340.18,2026-05-05T17:31:44.583642,entregue,3,True
137,568,2095,8,4857.58,349.19,2026-03-01T17:31:44.583642,cANcEladO,4,True
138,96879,3578,8,174.08,48.05,2026-02-02T17:31:44.583642,cancelado,5,True
139,642,2927,8,2330.58,475.88,2027-10-09T17:31:44.709011,pendente,3,True
140,2154,3483,8,2750.68,191.18,2026-09-28T17:31:44.583642,pendente,100,True
141,90876,1888,1,1658.99,23.28,2025-11-16T17:31:44.583642,pago,3,True
142,4561,4007,10,4329.81,1112.02,2025-12-30T17:31:44.583642,ENVIADO,1,True
143,3429,457,7,1358.92,177.71,2027-10-09T17:31:44.709043,cancelado,3,True
144,2076,3639,-3,1126.27,19.27,2026-01-02T17:31:44.583642,pendente,1,True
145,4869,1090,6,3384.42,817.5,2027-10-09T17:31:44.709059,pendente,5,True
146,853,256,9,2662.87,558.88,2027-10-09T17:31:44.709068,entregue,5,True
147,2612,4101,2,2931.8,433.12,2026-09-03T17:31:44.583642,cancelado,2,True
148,2912,20,1,100.0,150.0,2025-12-28T17:31:44.583642,entregue,4,True
149,138,3494,1,2630.0,193.24,2027-10-09T17:31:44.709091,enviado,3,True
150,2038,631,2,100.0,150.0,2026-07-30T17:31:44.583642,entregue,5,True
151,1369,683,10,100.0,150.0,2026-04-18T17:31:44.583642,enviado,4,True
152,568,3700,6,100.0,150.0,2026-10-03T17:31:44.583642,enviado,4,True
153,3554,4190,2,-406.66,764.9,2026-03-13T17:31:44.583642,pago,2,True
154,2540,1945,9,728.61,33.94,2026-07-27T17:31:44.583642,Entregue,4,True
155,1420,965,1,4302.69,692.74,2026-08-15T17:31:44.583642,entregue,10,True
156,3231,98865,6,2865.95,245.18,2026-02-28T17:31:44.583642,pendente,3,True
157,2037,282,8,2551.87,167.52,2025-10-24T17:31:44.583642,entregu,4,True
158,3767,3738,9,58.82,15.33,2026-09-05T17:31:44.583642,entregu,5,True
159,985,4618,6,2430.4,515.18,2026-07-08T17:31:44.583642,PENDenTe,4,True
160,2792,2857,7,3514.91,372.53,2026-07-16T17:31:44.583642,CANCELADO,1,True
161,2962,2647,-9,336.51,61.41,2026-04-14T17:31:44.583642,entregue,5,True
162,99216,90,9,408.28,80.37,2026-05-03T17:31:44.583642,cancelado,3,True
163,128,2133,1,100.0,150.0,2026-08-14T17:31:44.583642,enviado,5,True
164,2453,3695,3,2031.41,176.15,2025-11-12T17:31:44.583642,enVIaDO,4,True
165,1910,4681,6,1004.7,294.84,2026-05-10T17:31:44.583642,cancelado,4,True
166,3422,90160,3,3330.08,304.05,2025-10-20T17:31:44.583642,cancelado,2,True
167,93847,321,10,976.7,271.53,2025-10-15T17:31:44.583642,entregue,2,True
168,91057,3543,10,1664.3,269.2,2025-12-01T17:31:44.583642,enviado,2,True
169,4057,1640,3,-658.15,683.72,2026-02-25T17:31:44.583642,entregue,2,True
170,23,2887,6,1825.15,482.68,2025-11-06T17:31:44.583642,PAgo,2,True
171,2994,133,2,4042.77,1178.25,2026-05-11T17:31:44.583642,pago,5,True
172,4746,4106,10,4621.48,422.29,2026-06-25T17:31:44.583642,entregue,5,True
173,3777,4994,6,1617.26,311.51,2027-10-09T17:31:44.709280,enviado,3,True
174,4284,314,4,3249.94,82.92,2026-05-13T17:31:44.583642,Pendente,5,True
175,2556,3721,6,3117.87,767.27,2026-07-13T17:31:44.583642,pENdENTE,2,True
176,2228,3483,1,100.0,150.0,2026-02-01T17:31:44.583642,enviado,5,True
177,2201,1891,1,100.0,150.0,2025-11-11T17:31:44.583642,pago,5,True
178,1379,3181,6,823.14,148.6,2026-06-07T17:31:44.583642,Entregue,2,True
179,4364,2304,9,-330.76,303.57,2026-10-08T17:31:44.583642,entregue,3,True
180,94077,2896,2,785.86,174.79,2026-08-18T17:31:44.583642,entregue,5,True
181,1556,1364,4,1568.09,160.98,2026-07-19T17:31:44.583642,Pendente,1,True
182,2600,2254,7,473.32,74.24,2026-06-07T17:31:44.583642,cancelado,1,True
183,132,158,1,-734.12,876.14,2026-06-05T17:31:44.583642,pendente,4,True
184,90740,4012,7,4222.3,100.4,2025-12-13T17:31:44.583642,cancelado,3,True
185,1271,3586,-9,2317.02,653.12,2026-02-05T17:31:44.583642,cancelado,5,True
186,3131,2918,1,2188.1,262.29,2026-05-03T17:31:44.583642,Entregue,1,True
187,2427,4903,10,4245.32,1070.26,2026-04-12T17:31:44.583642,entregue,1,True
188,498,90785,6,3044.61,452.7,2026-01-04T17:31:44.583642,pendente,3,True
189,1000,4785,8,87.7,14.13,2025-10-21T17:31:44.583642,PENDENTE,5,True
190,1962,2036,6,-837.55,121.62,2025-11-04T17:31:44.583642,entregue,5,True
191,4183,663,8,2591.99,159.78,2025-11-04T17:31:44.583642,enviado,-1,True
192,131,4740,-8,4818.75,408.82,2026-03-19T17:31:44.583642,pendente,4,True
193,3301,4921,-7,987.71,230.8,2026-05-12T17:31:44.583642,pago,1,True
194,4522,2770,3,654.06,166.6,2026-08-08T17:31:44.583642,pago,1,True
195,4598,4370,4,-411.12,62.41,2026-05-07T17:31:44.583642,entregue,2,True
196,94701,4016,1,3844.88,771.85,2026-08-19T17:31:44.583642,enviado,5,True
197,4005,93352,9,200.1,26.6,2026-08-26T17:31:44.583642,pago,5,True
198,3885,2513,9,1976.07,391.24,2026-07-27T17:31:44.583642,cancelado,-1,True
199,42,3742,1,4008.35,81.33,2027-10-09T17:31:44.709482,pago,1,True
200,362,1328,8,295.56,9.89,2026-03-28T17:31:44.583642,Pago,2,True
201,91941,4835,9,3939.73,681.96,2025-12-24T17:31:44.583642,pago,2,True
202,1659,2081,9,3919.95,723.59,2027-10-09T17:31:44.709509,entregue,5,True
203,2451,3144,9,576.25,171.69,2026-02-12T17:31:44.583642,Entregue,1,True
204,96817,137,7,2596.97,112.29,2026-05-15T17:31:44.583642,pendente,1,True
205,4088,1338,8,4704.29,637.36,2025-12-24T17:31:44.583642,CANCELADO,1,True
206,468,2475,7,2507.77,52.97,2025-11-02T17:31:44.583642,ENTREGUE,1,True
207,4815,3292,6,-108.36,771.7,2026-04-05T17:31:44.583642,cancelado,3,True
208,4327,4843,9,357.06,11.05,2026-04-16T17:31:44.583642,Cancelado,1,True
209,3614,4104,2,1582.05,158.86,2026-08-13T17:31:44.583642,enviado,2,True
210,182,2837,10,2807.77,71.11,2026-09-05T17:31:44.583642,enviado,1,True
211,2856,4073,8,-552.82,1013.75,2025-10-21T17:31:44.583642,pendente,4,True
212,877,656,10,2541.18,53.01,2026-02-04T17:31:44.583642,entregue,2,True
213,4476,91861,4,1795.89,90.88,2026-05-27T17:31:44.583642,pago,4,True
214,173,1534,4,-21.76,84.82,2025-11-23T17:31:44.583642,cancelado,4,True
215,4977,3061,6,4236.31,978.38,2025-10-30T17:31:44.583642,PAgO,4,True
216,679,4641,3,4549.02,1253.58,2026-03-12T17:31:44.583642,Pendente,5,True
217,232,2294,9,3483.71,15.56,2026-07-05T17:31:44.583642,envado,5,True
218,4730,574,-3,3843.12,511.99,2026-07-22T17:31:44.583642,enviado,2,True
219,4059,2282,8,3598.04,582.45,2026-04-27T17:31:44.583642,pendente,6,True
220,3489,2507,5,3275.27,715.51,2026-06-14T17:31:44.583642,envIAdO,5,True
221,1060,2568,9,1123.29,36.65,2026-06-15T17:31:44.583642,pendente,100,True
222,3249,4790,4,-699.89,21.05,2026-06-13T17:31:44.583642,pago,3,True
223,1079,94792,6,254.53,24.02,2026-02-26T17:31:44.583642,entregue,5,True
224,2610,4730,1,1191.26,222.65,2026-08-08T17:31:44.583642,entregue,,True
225,410,1652,3,364.16,90.14,2026-07-09T17:31:44.583642,ENVIado,1,True
226,3801,98895,4,2461.07,252.07,2026-06-24T17:31:44.583642,pago,3,True
227,4016,1719,1,4824.72,228.63,2026-04-06T17:31:44.583642,PENDENTE,2,True
228,1725,2265,8,3146.65,477.18,2025-11-27T17:31:44.583642,PAGO,1,True
229,758,3667,-6,3003.98,428.26,2026-07-05T17:31:44.583642,enviado,1,True
230,4443,3787,-7,1619.1,459.69,2026-02-22T17:31:44.583642,enviado,2,True
231,564,2372,3,100.0,150.0,2026-08-12T17:31:44.583642,cancelado,1,True
232,4399,96397,5,443.69,23.74,2025-12-20T17:31:44.583642,entregue,2,True
233,2553,3647,-9,2239.9,452.36,2025-10-11T17:31:44.583642,pago,5,True
234,4176,1504,10,100.0,150.0,2026-04-06T17:31:44.583642,pendente,4,True
235,4580,2045,7,3509.66,964.46,2026-07-14T17:31:44.583642,Pendente,4,True
236,54,333,1,1716.6,6.23,2026-05-26T17:31:44.583642,ENTREGUE,3,True
237,4393,2138,4,427.69,47.12,2026-08-26T17:31:44.583642,ENvIADO,2,True
238,1338,580,8,4665.14,83.33,2025-12-31T17:31:44.583642,PAGO,2,True
239,1818,129,4,2132.86,433.39,2026-05-24T17:31:44.583642,enviado,6,True
240,2386,548,1,4891.82,112.0,2026-09-17T17:31:44.583642,eNTrEgUE,4,True
241,93449,4480,8,640.93,114.27,2025-11-21T17:31:44.583642,pago,3,True
242,1207,4212,3,3877.67,699.49,2025-12-07T17:31:44.583642,CANCELADO,5,True
243,2449,153,10,1660.94,169.47,2026-06-11T17:31:44.583642,enviado,10,True
244,2827,764,2,2422.75,462.62,2026-03-08T17:31:44.583642,Entregue,2,True
245,667,4730,9,426.69,88.31,2026-04-22T17:31:44.583642,enviado ,3,True
246,1296,657,7,3763.35,283.23,2025-10-09T17:31:44.583642,pendente ,5,True
247,3883,2220,3,3314.05,246.67,2026-01-05T17:31:44.583642,envIaDo,1,True
248,3521,4221,4,2077.49,299.29,2026-08-03T17:31:44.583642,PAGo,2,True
249,2200,90,10,4763.7,631.53,2026-09-25T17:31:44.583642,cancelado,2,True
250,99158,4409,7,4524.95,495.43,2025-10-27T17:31:44.583642,enviado,4,True
251,1538,3705,6,3781.09,603.96,2026-06-11T17:31:44.583642,enVIAdO,3,True
252,1233,1822,-1,854.95,70.12,2026-03-14T17:31:44.583642,enviado,2,True
253,94757,2381,9,3070.51,718.09,2026-08-25T17:31:44.583642,pendente,2,True
254,281,4744,1,4016.84,94.61,2026-05-30T17:31:44.583642,pAGO,4,True
255,3374,2532,1,3586.31,15.54,2026-04-11T17:31:44.583642,PeNDENte,3,True
256,2552,1276,9,-73.44,53.77,2026-08-24T17:31:44.583642,pago,4,True
257,4401,2583,10,100.0,150.0,2025-12-02T17:31:44.583642,entregue,3,True
258,1260,3084,9,1365.0,298.79,2026-07-04T17:31:44.583642,pago ,5,True
259,1969,616,2,4210.53,821.75,2027-10-09T17:31:44.710009,cancelado,1,True
260,3715,4796,3,100.0,150.0,2026-06-04T17:31:44.583642,pendente,2,True
261,637,4485,-8,1905.41,132.16,2025-12-24T17:31:44.583642,cancelado,4,True
262,1470,1018,4,1174.19,13.08,2025-12-20T17:31:44.583642,entrege,3,True
263,1970,1849,6,2469.29,728.6,2026-04-12T17:31:44.583642,pendnete,1,True
264,1120,3291,2,2517.55,105.14,2026-06-04T17:31:44.583642,ENVIADO,5,True
265,4146,3885,-5,3917.04,854.64,2026-08-27T17:31:44.583642,cancelado,5,True
266,3956,4229,4,2332.05,215.61,2026-08-29T17:31:44.583642,pndente,1,True
267,3804,3227,7,729.7,54.99,2026-06-27T17:31:44.583642,pAGO,3,True
268,455,527,5,100.0,150.0,2026-08-30T17:31:44.583642,entregue,2,True
269,2953,1545,3,100.0,150.0,2026-05-13T17:31:44.583642,cancelado,5,True
270,4584,889,10,3530.96,901.44,2025-10-22T17:31:44.583642,Pendente,1,True
271,1667,96669,1,3990.82,1002.43,2026-05-24T17:31:44.583642,pendente,5,True
272,3814,1198,-5,176.85,20.38,2026-05-09T17:31:44.583642,pago,4,True
273,2155,402,3,-727.14,351.53,2025-12-31T17:31:44.583642,enviado,2,True
274,4789,3124,7,-381.37,125.0,2026-04-11T17:31:44.583642,cancelado,4,True
275,3509,1636,-3,4619.11,791.47,2026-06-29T17:31:44.583642,enviado,4,True
276,4805,4534,9,3543.26,227.12,2026-07-15T17:31:44.583642,Cancelado,3,True
277,4407,72,9,3091.91,195.94,2026-03-27T17:31:44.583642,PAGO,1,True
278,246,4910,10,4842.31,1210.22,2026-08-17T17:31:44.583642,PENDENTE,4,True
279,1584,96624,3,1559.65,430.97,2026-09-12T17:31:44.583642,entregue,5,True
280,4047,91745,5,1163.3,244.46,2026-06-03T17:31:44.583642,cancelado,4,True
281,3001,265,5,2627.56,133.22,2027-10-09T17:31:44.710185,enviado,1,True
282,3184,1496,9,3931.45,633.66,2026-03-20T17:31:44.583642,Pendente,5,True
283,1709,890,8,3747.93,639.26,2026-01-31T17:31:44.583642,PAGO,5,True
284,2111,95482,9,1203.2,230.17,2025-11-01T17:31:44.583642,pendente,3,True
285,1566,4281,-6,538.99,70.67,2026-05-27T17:31:44.583642,enviado,2,True
286,818,3104,-10,3188.62,455.11,2025-10-22T17:31:44.583642,pago,3,True
287,3632,3102,1,640.56,76.07,2026-02-25T17:31:44.583642,cancelado,10,True
288,1888,746,1,2764.05,675.3,2025-10-20T17:31:44.583642,pedente,1,True
289,4220,1296,8,-898.81,95.71,2026-07-19T17:31:44.583642,enviado,2,True
290,3468,1545,5,2655.15,562.67,2026-08-26T17:31:44.583642,PeNDEnTe,4,True
291,98564,3067,9,415.2,41.05,2026-10-05T17:31:44.583642,pendente,2,True
292,1658,4575,-7,3990.61,3.31,2026-05-03T17:31:44.583642,entregue,5,True
293,297,3860,7,4391.03,513.11,2026-08-05T17:31:44.583642,pagO,3,True
294,590,3587,9,4287.78,111.51,2026-06-08T17:31:44.583642,Pago,4,True
295,4216,1789,4,2342.17,366.62,2025-10-17T17:31:44.583642,cancelado,,True
296,430,4463,2,583.46,147.41,2026-08-20T17:31:44.583642,pendente,-1,True
297,1623,2280,5,100.0,150.0,2025-11-16T17:31:44.583642,pago,2,True
298,433,91627,10,4047.3,185.82,2026-01-07T17:31:44.583642,enviado,1,True
299,1083,3977,4,744.35,195.82,2026-05-28T17:31:44.583642,ENVIADO,2,True
300,3209,1095,3,100.0,150.0,2025-12-28T17:31:44.583642,pendente,2,True
301,867,3313,1,2491.18,514.32,2026-03-18T17:31:44.583642,caNCelADO,4,True
302,785,2330,-5,2820.51,567.65,2025-12-18T17:31:44.583642,pendente,5,True
303,3463,99981,6,1212.46,111.54,2025-10-30T17:31:44.583642,enviado,4,True
304,3258,3991,-8,3517.06,416.81,2026-05-18T17:31:44.583642,entregue,5,True
305,3636,130,2,3006.2,671.85,2027-10-09T17:31:44.710374,entregue,3,True
306,1992,2571,5,2477.79,647.34,2025-12-07T17:31:44.583642,ENVIADO,5,True
307,3126,1464,6,100.0,150.0,2026-03-05T17:31:44.583642,pago,2,True
308,3701,2286,10,4873.6,239.79,2027-10-09T17:31:44.710398,enviado,1,True
309,2788,92,1,-48.19,35.22,2026-02-15T17:31:44.583642,enviado,3,True
310,3757,4134,8,100.0,150.0,2025-11-15T17:31:44.583642,pago,1,True
311,169,4114,9,1472.26,146.58,2026-07-15T17:31:44.583642,entrEgue,2,True
312,2108,4788,2,-526.28,49.0,2026-06-26T17:31:44.583642,pendente,5,True
313,1715,4063,2,2811.22,685.18,2026-07-21T17:31:44.583642,cancelado,10,True
314,1902,95987,4,819.27,39.44,2026-09-10T17:31:44.583642,enviado,1,True
315,351,591,7,100.0,150.0,2026-05-19T17:31:44.583642,pago,4,True
316,95102,4437,2,3953.73,76.83,2026-09-23T17:31:44.583642,pago,1,True
317,1701,99038,8,3544.16,666.53,2025-12-26T17:31:44.583642,enviado,1,True
318,3421,3666,8,109.72,10.01,2025-12-02T17:31:44.583642,Cancelado,4,True
319,4305,4643,1,-420.48,42.07,2026-03-13T17:31:44.583642,cancelado,5,True
320,4366,1296,4,3376.06,559.68,2026-08-21T17:31:44.583642,pago,10,True
321,727,3413,4,4935.31,668.28,2026-09-02T17:31:44.583642,CANceladO,2,True
322,1470,97978,8,3067.26,528.27,2026-02-19T17:31:44.583642,enviado,5,True
323,3807,3705,7,-258.11,1212.85,2026-03-12T17:31:44.583642,enviado,2,True
324,2505,4422,1,879.57,196.39,2026-03-16T17:31:44.583642,EntREGUe,5,True
325,4053,1208,8,100.0,150.0,2026-05-11T17:31:44.583642,pendente,5,True
326,4385,4083,6,2931.83,525.1,2027-10-09T17:31:44.710542,pendente,5,True
327,401,94080,2,2314.83,60.79,2025-10-21T17:31:44.583642,entregue,4,True
328,3850,4248,4,2324.53,82.23,2025-12-15T17:31:44.583642,CANCELADO,2,True
329,4689,4628,6,100.0,150.0,2026-08-15T17:31:44.583642,pendente,4,True
330,709,884,2,1332.39,110.75,2026-08-13T17:31:44.583642,EnTReGuE,1,True
331,4448,392,6,-956.32,92.25,2025-12-29T17:31:44.583642,entregue,4,True
332,3494,2423,9,2022.62,503.54,2026-04-13T17:31:44.583642,Entregue,2,True
333,2024,2707,10,3205.33,629.38,2025-11-09T17:31:44.583642,pago,,True
334,4496,1465,10,4479.53,1144.56,2027-10-09T17:31:44.710606,enviado,2,True
335,4933,2022,-8,3494.79,575.27,2026-02-08T17:31:44.583642,pendente,5,True
336,1693,1446,1,2989.85,642.2,2026-08-04T17:31:44.583642,CANCELADO,4,True
337,3551,190,3,4024.31,1184.95,2025-10-16T17:31:44.583642,pagO,4,True
338,280,3898,2,1504.17,381.57,2025-11-14T17:31:44.583642,pago,2,True
339,4565,97902,3,2360.52,622.8,2026-05-19T17:31:44.583642,cancelado,3,True
340,1489,3113,8,2763.67,168.06,2026-06-06T17:31:44.583642,Cancelado,3,True
341,1163,2608,-10,4967.44,1273.2,2026-09-06T17:31:44.583642,entregue,2,True
342,3973,25,1,328.48,55.16,2027-10-09T17:31:44.710674,enviado,2,True
343,2140,2634,10,2180.05,392.01,2026-07-14T17:31:44.583642,entregu,2,True
344,4844,1159,10,3071.6,751.31,2025-10-14T17:31:44.583642,PENDENTE,3,True
345,313,4252,8,4946.51,403.05,2026-02-20T17:31:44.583642,enviado,4,True
346,3889,98284,3,2714.43,280.19,2026-07-11T17:31:44.583642,enviado,1,True
347,3593,3404,10,-101.82,244.77,2026-06-25T17:31:44.583642,pago,3,True
348,392,88,7,1894.8,162.44,2026-04-03T17:31:44.583642,PAGO,5,True
349,4993,3468,1,580.3,151.14,2027-10-09T17:31:44.710729,entregue,3,True
350,2317,4173,1,3755.59,549.75,2026-02-16T17:31:44.583642,EnTReGUE,2,True
351,4319,4411,7,-647.56,1434.6,2026-08-27T17:31:44.583642,pago,2,True
352,1224,3532,10,100.0,150.0,2026-05-15T17:31:44.583642,pago,1,True
353,3175,3363,2,100.0,150.0,2026-03-09T17:31:44.583642,entregue,4,True
354,2296,4135,9,100.0,150.0,2026-03-30T17:31:44.583642,cancelado,2,True
355,3630,2176,7,3092.3,430.05,2026-08-05T17:31:44.583642,ENVIADO,4,True
356,4842,614,6,100.0,150.0,2026-01-05T17:31:44.583642,pendente,3,True
357,3601,1208,6,2950.52,237.39,2025-12-06T17:31:44.583642,pago,10,True
358,2348,4171,7,100.0,150.0,2026-03-24T17:31:44.583642,pendente,4,True
359,3711,328,4,672.38,87.85,2025-12-09T17:31:44.583642,Entregue,5,True
360,3248,3550,9,1173.31,37.97,2027-10-09T17:31:44.710823,entregue,1,True
361,97512,2732,4,1664.94,224.83,2026-06-05T17:31:44.583642,entregue,1,True
362,3786,418,9,1663.43,265.56,2025-11-22T17:31:44.583642,Entregue,5,True
363,4609,92612,3,2742.23,540.8,2025-12-30T17:31:44.583642,entregue,3,True
364,135,4631,5,896.71,189.28,2026-04-09T17:31:44.583642,PAGO,2,True
365,4227,3794,9,-186.22,78.55,2025-11-07T17:31:44.583642,cancelado,5,True
366,51,335,8,3031.59,74.85,2025-10-11T17:31:44.583642,ENVIADO,1,True
367,94686,2501,9,2098.46,160.25,2026-09-16T17:31:44.583642,pago,1,True
368,93670,2839,1,2946.72,825.13,2025-12-08T17:31:44.583642,enviado,1,True
369,4541,752,7,3530.35,725.84,2026-07-23T17:31:44.583642,entregue,-1,True
370,1661,3265,2,4167.29,463.09,2026-02-23T17:31:44.583642,Enviado,1,True
371,3093,3344,4,1388.94,3.64,2026-01-12T17:31:44.583642,cancelado,-1,True
372,4674,468,5,4169.62,45.01,2025-11-19T17:31:44.583642,pendente,6,True
373,3652,2320,1,4924.67,820.29,2025-12-25T17:31:44.583642,CanceLAdO,3,True
374,2845,4058,4,3024.26,426.34,2026-03-05T17:31:44.583642,EntRegUe,1,True
375,950,4663,4,100.0,150.0,2025-11-02T17:31:44.583642,pendente,4,True
376,1225,2581,5,3573.06,746.15,2025-11-11T17:31:44.583642,Pendente,4,True
377,241,3354,4,3716.98,169.48,2026-01-23T17:31:44.583642,PAGO,5,True
378,805,1454,3,4297.37,1228.02,2025-11-18T17:31:44.583642,pago,6,True
379,2037,4610,4,1304.77,89.05,2026-06-14T17:31:44.583642,envado,2,True
380,2911,743,2,873.62,76.09,2026-01-23T17:31:44.583642,Pago,1,True
381,442,919,-5,3161.64,275.16,2025-12-02T17:31:44.583642,enviado,2,True
382,3943,3637,4,100.0,150.0,2026-03-15T17:31:44.583642,entregue,5,True
383,2100,1365,10,824.24,167.04,2026-06-12T17:31:44.583642,enviado,4,True
384,1971,3916,8,-790.3,875.66,2026-02-15T17:31:44.583642,cancelado,3,True
385,3375,4760,10,4798.18,281.33,2026-08-31T17:31:44.583642,pago.,3,True
386,4887,2462,5,1829.76,504.21,2025-11-05T17:31:44.583642,Enviado,2,True
387,4379,4943,1,317.83,42.38,2026-09-02T17:31:44.583642,pendente,6,True
388,635,517,4,3301.39,956.68,2025-11-09T17:31:44.583642,Cancelado,5,True
389,607,4295,10,2388.56,33.47,2026-02-01T17:31:44.583642,pAGO,1,True
390,2225,98535,9,3590.99,358.41,2025-10-30T17:31:44.583642,pendente,5,True
391,3743,3253,2,1120.41,3.82,2026-02-08T17:31:44.583642,pago,3,True
392,4595,92279,7,1469.48,26.97,2026-03-15T17:31:44.583642,entregue,2,True
393,4323,4777,-4,4179.33,780.56,2025-11-25T17:31:44.583642,enviado,1,True
394,2312,3663,1,3407.73,45.21,2026-03-06T17:31:44.583642,pago,100,True
395,1917,1434,5,883.82,190.0,2026-04-18T17:31:44.583642,Pago,1,True
396,2852,1502,7,4156.55,447.32,2025-11-14T17:31:44.583642,cancelado,10,True
397,3154,3197,2,100.0,150.0,2026-04-23T17:31:44.583642,pendente,1,True
398,3052,56,5,-264.9,119.33,2026-09-16T17:31:44.583642,entregue,1,True
399,4305,2449,6,972.87,228.95,2025-12-10T17:31:44.583642,enviado,1,True
400,3652,4153,6,2813.46,113.16,2026-05-22T17:31:44.583642,Enviado,3,True
401,1304,1926,7,4914.59,1303.94,2026-02-23T17:31:44.583642,eNTrEgUE,5,True
402,1568,515,5,411.13,113.34,2026-08-08T17:31:44.583642,Cancelado,4,True
403,2799,499,-6,1685.96,448.22,2026-08-25T17:31:44.583642,entregue,4,True
404,1458,1827,6,2443.95,535.42,2026-01-24T17:31:44.583642,Cancelado,3,True
405,90798,217,6,240.2,2.48,2025-11-12T17:31:44.583642,cancelado,4,True
406,2094,3270,4,4427.02,1178.14,2026-03-08T17:31:44.583642,Entregue,2,True
407,395,4194,-9,2693.78,584.49,2026-08-04T17:31:44.583642,pago,5,True
408,2659,2096,1,2375.54,606.24,2025-11-02T17:31:44.583642,eNtReGUe,3,True
409,1390,4923,5,100.0,150.0,2025-10-30T17:31:44.583642,pago,5,True
410,2752,917,2,3252.98,5.47,2027-10-09T17:31:44.711227,enviado,3,True
411,501,4960,-2,2182.37,388.71,2026-07-13T17:31:44.583642,entregue,3,True
412,1124,1862,6,1539.39,160.39,2026-03-11T17:31:44.583642,pendente,,True
413,2978,3177,1,1852.65,225.14,2026-04-22T17:31:44.583642,enviado,10,True
414,4271,1582,9,762.32,18.52,2026-04-09T17:31:44.583642,enviadio,5,True
415,738,403,8,2714.66,503.3,2026-08-01T17:31:44.583642,PAGO,5,True
416,98171,1206,9,137.18,7.26,2026-08-26T17:31:44.583642,cancelado,4,True
417,1464,2699,8,413.86,112.95,2026-03-04T17:31:44.583642,ENTREGUe,5,True
418,1858,1948,10,868.04,153.37,2026-09-22T17:31:44.583642,ENTREGUE,5,True
419,2342,2379,6,3776.21,422.77,2026-05-05T17:31:44.583642,Pendente,4,True
420,96333,746,1,3916.36,1090.33,2025-10-20T17:31:44.583642,entregue,2,True
421,2252,2435,-9,3845.3,527.81,2026-06-05T17:31:44.583642,enviado,2,True
422,360,4740,4,-593.46,10.24,2026-05-01T17:31:44.583642,pago,4,True
423,4186,4747,8,2632.75,19.73,2026-03-04T17:31:44.583642,pago,2,True
424,1906,96673,10,4356.85,860.34,2026-01-16T17:31:44.583642,pago,3,True
425,2067,4143,5,1769.84,208.49,2026-06-14T17:31:44.583642,Entregue,3,True
426,3525,2858,5,2918.43,559.58,2026-06-19T17:31:44.583642,pendente,-1,True
427,2280,39,2,4205.4,202.03,2027-10-09T17:31:44.711365,entregue,1,True
428,1803,1092,5,2730.22,349.61,2026-06-16T17:31:44.583642,pendente,,True
429,4103,1087,-10,3889.94,423.13,2026-03-24T17:31:44.583642,enviado,5,True
430,3879,1734,-3,378.46,110.4,2026-03-19T17:31:44.583642,enviado,4,True
431,297,977,9,1170.5,115.66,2027-10-09T17:31:44.711396,pendente,5,True
432,1384,4170,1,1239.1,72.92,2027-10-09T17:31:44.711405,enviado,5,True
433,454,789,8,100.0,150.0,2026-07-14T17:31:44.583642,pago,3,True
434,923,3690,8,100.0,150.0,2026-01-13T17:31:44.583642,cancelado,2,True
435,4065,3418,9,731.06,45.17,2026-02-27T17:31:44.583642,Entregue,5,True
436,3959,2807,2,2186.85,536.53,2027-10-09T17:31:44.711436,cancelado,4,True
437,599,2789,3,-32.34,894.01,2026-04-04T17:31:44.583642,pendente,4,True
438,2517,4557,5,4862.98,38.27,2026-07-11T17:31:44.583642,entregue,100,True
439,92092,1370,3,1183.99,120.36,2026-05-03T17:31:44.583642,pendente,3,True
440,4282,4217,7,4593.21,556.55,2025-11-23T17:31:44.583642,pago,1,True
441,3505,1841,5,4244.32,240.8,2025-10-22T17:31:44.583642,Enviado,4,True
442,2960,2998,-8,997.51,110.14,2026-04-14T17:31:44.583642,pendente,1,True
443,92430,826,9,995.73,76.15,2026-03-20T17:31:44.583642,cancelado,1,True
444,2522,281,10,1493.43,381.83,2026-04-25T17:31:44.583642,cancelado,4,True
445,3661,3274,4,2017.41,565.23,2025-11-08T17:31:44.583642,entregue,5,True
446,1490,1287,3,2405.91,637.31,2026-04-30T17:31:44.583642,Entregue,1,True
447,2759,2561,6,797.84,5.35,2026-07-19T17:31:44.583642,pago,2,True
448,95804,3953,4,787.15,18.05,2025-10-12T17:31:44.583642,enviado,4,True
449,4490,3412,10,973.94,231.32,2025-11-16T17:31:44.583642,caNCeLAdo,4,True
450,3154,2538,4,2289.89,215.59,2026-04-22T17:31:44.583642,enviado,1,True
451,2591,4697,4,100.0,150.0,2026-04-04T17:31:44.583642,entregue,2,True
452,642,4095,4,55.26,1.64,2026-06-20T17:31:44.583642,ENVIADO,1,True
453,4655,1988,5,3117.3,497.0,2027-10-09T17:31:44.711577,entregue,4,True
454,3493,3643,5,-545.34,16.23,2026-06-17T17:31:44.583642,pendente,3,True
455,93952,3885,2,3749.67,416.86,2025-11-21T17:31:44.583642,pago,1,True
456,3152,91766,6,4737.8,399.52,2025-10-09T17:31:44.583642,entregue,5,True
457,4652,4043,5,3158.53,229.04,2026-03-29T17:31:44.583642,paguo,3,True
458,2963,2098,10,2323.03,353.36,2025-10-23T17:31:44.583642,pago,6,True
459,1487,93491,8,3754.17,955.06,2026-01-13T17:31:44.583642,pago,3,True
460,1948,17,4,4139.47,582.49,2027-10-09T17:31:44.711632,pendente,2,True
461,81,480,2,4959.13,622.36,2026-01-09T17:31:44.583642,Pago,2,True
462,3421,92367,8,4959.43,926.19,2026-04-30T17:31:44.583642,enviado,5,True
463,3114,4286,4,3447.57,151.39,2026-03-21T17:31:44.583642,cANCEladO,2,True
464,3680,2847,-2,1396.72,176.45,2026-09-01T17:31:44.583642,pago,3,True
465,1741,4263,9,-521.49,508.53,2026-02-05T17:31:44.583642,entregue,1,True
466,3187,4014,4,1820.84,152.62,2025-10-24T17:31:44.583642,Entregue,3,True
467,173,1324,6,4543.73,871.44,2026-02-16T17:31:44.583642,PENDENTE,1,True
468,3204,4445,9,3016.88,837.46,2026-02-08T17:31:44.583642,PAGO,4,True
469,2678,1731,7,1165.53,26.68,2026-08-01T17:31:44.583642,pendente,3,True
470,635,4370,1,88.47,2.48,2026-01-18T17:31:44.583642,paguo,4,True
471,4430,3398,1,31.08,2.01,2026-08-25T17:31:44.583642,pago,2,True
472,802,1330,3,1830.28,348.2,2026-07-10T17:31:44.583642,enviado,10,True
473,2523,2248,8,4111.87,54.21,2026-06-26T17:31:44.583642,EnTrEguE,1,True
474,3925,94118,4,3614.11,704.03,2026-01-02T17:31:44.583642,enviado,3,True
475,2694,4767,1,4680.71,872.0,2025-11-04T17:31:44.583642,canceldo,5,True
476,98341,57,7,138.85,12.81,2025-11-08T17:31:44.583642,pago,2,True
477,4479,3546,5,-183.17,462.0,2026-06-30T17:31:44.583642,cancelado,5,True
478,1364,4903,2,100.0,150.0,2026-03-11T17:31:44.583642,pendente,5,True
479,3400,1703,4,4268.79,236.3,2026-02-14T17:31:44.583642,cancelado,5,True
480,3482,1283,3,3061.48,887.44,2026-09-02T17:31:44.583642,entregue,,True
481,2803,1612,4,2853.39,477.82,2026-03-14T17:31:44.583642,PENDENTE,4,True
482,3102,91518,5,2779.61,282.52,2026-03-17T17:31:44.583642,enviado,2,True
483,448,729,4,4514.48,1286.22,2027-10-09T17:31:44.711821,cancelado,3,True
484,2364,509,9,1232.57,178.92,2026-02-19T17:31:44.583642,Enviado,5,True
485,467,398,6,3405.59,876.51,2025-11-19T17:31:44.583642,ENTrEGuE,5,True
486,90182,2069,2,3345.88,625.97,2025-10-27T17:31:44.583642,pago,5,True
487,2793,2982,5,100.0,150.0,2025-11-15T17:31:44.583642,pendente,3,True
488,3095,2159,5,100.0,150.0,2025-10-17T17:31:44.583642,enviado,3,True
489,3988,2051,10,2558.36,204.98,2025-11-22T17:31:44.583642,Entregue,4,True
490,1961,2398,4,3844.11,95.72,2026-04-17T17:31:44.583642,Pendente,5,True
491,3781,903,2,3491.81,801.44,2026-07-21T17:31:44.583642,pago,1,True
492,1573,99416,7,4052.44,159.09,2026-01-13T17:31:44.583642,entregue,2,True
493,278,3006,2,4854.39,838.93,2025-12-03T17:31:44.583642,ENVIADO,4,True
494,3878,588,3,1749.41,166.21,2026-06-24T17:31:44.583642,pendente,3,True
495,962,1078,2,797.71,23.38,2026-03-11T17:31:44.583642,Pendente,1,True
496,94806,4252,10,864.73,218.69,2026-09-10T17:31:44.583642,enviado,1,True
497,746,3025,5,1424.21,2.38,2026-09-17T17:31:44.583642,PENDENTE,4,True
498,4548,3759,8,100.0,150.0,2026-05-15T17:31:44.583642,pendente,4,True
499,427,4408,-1,12.04,3.05,2026-02-28T17:31:44.583642,pendente,5,True
500,92229,4606,9,4314.79,1101.72,2026-01-23T17:31:44.583642,pendente,1,True
501,3647,1405,4,112.71,18.81,2026-05-12T17:31:44.583642,CANCELADO,1,True
502,4262,972,2,3394.67,41.41,2025-10-26T17:31:44.583642,PAGO,4,True
503,4093,975,5,2225.15,584.75,2026-05-26T17:31:44.583642,pendente,100,True
504,91612,3534,7,3416.62,901.65,2026-07-29T17:31:44.583642,cancelado,2,True
505,3038,1965,6,410.47,112.36,2026-08-11T17:31:44.583642,cancelado,3,True
506,3088,1213,1,404.37,94.74,2026-04-07T17:31:44.583642,cancelado,5,True
507,4583,3821,5,3641.35,715.17,2026-03-23T17:31:44.583642,enviado,1,True
508,2173,1483,-2,1638.51,227.24,2026-02-13T17:31:44.583642,pago,2,True
509,2515,3352,2,1150.08,41.71,2026-04-08T17:31:44.583642,ENViadO,3,True
510,4656,94,6,1398.41,161.12,2026-08-12T17:31:44.583642,ENVIADO,5,True
511,3295,1902,6,911.41,125.2,2025-10-29T17:31:44.583642,pendENTE,5,True
512,1838,1961,3,100.0,150.0,2026-01-18T17:31:44.583642,enviado,3,True
513,2159,2665,9,-337.81,150.5,2026-02-14T17:31:44.583642,enviado,3,True
514,1004,4390,4,251.72,23.81,2026-07-15T17:31:44.583642,pendnete,4,True
515,2272,4532,9,1616.37,438.87,2026-02-09T17:31:44.583642,CANCELADO,4,True
516,2248,4026,8,2474.44,305.56,2026-07-11T17:31:44.583642,etregue,4,True
517,93081,4069,4,4649.85,1336.66,2026-09-10T17:31:44.583642,pendente,2,True
518,1283,3985,-2,2994.3,499.38,2026-06-01T17:31:44.583642,entregue,5,True
519,4565,4979,9,2601.04,43.79,2026-05-06T17:31:44.583642,eNVIado,4,True
520,91081,3873,10,1898.04,544.57,2026-03-16T17:31:44.583642,pendente,4,True
521,2476,94904,9,3949.47,223.79,2026-09-19T17:31:44.583642,cancelado,4,True
522,3537,683,6,2148.87,226.89,2026-04-25T17:31:44.583642,PENDENTE,5,True
523,2027,4540,9,1525.9,70.73,2026-02-16T17:31:44.583642,EnviAdo,2,True
524,91374,3298,9,1347.96,392.89,2026-06-14T17:31:44.583642,entregue,2,True
525,166,2599,3,-469.12,27.7,2026-08-20T17:31:44.583642,pendente,3,True
526,1421,200,6,3339.65,642.7,2025-12-26T17:31:44.583642,Entregue,1,True
527,1812,4290,1,1087.34,253.27,2027-10-09T17:31:44.712298,enviado,2,True
528,170,362,-6,460.15,33.64,2026-09-06T17:31:44.583642,enviado,1,True
529,1769,3023,4,100.0,150.0,2026-09-02T17:31:44.583642,entregue,3,True
530,96125,2619,10,1190.36,205.4,2025-11-03T17:31:44.583642,cancelado,2,True
531,3587,2194,3,380.83,61.48,2026-08-20T17:31:44.583642,pendente,-1,True
532,4823,778,2,2870.37,503.6,2026-07-11T17:31:44.583642,cancelado,5,True
533,4959,3032,5,3465.45,443.73,2026-03-31T17:31:44.583642,PEndentE,3,True
534,3176,93986,8,945.54,22.7,2025-11-20T17:31:44.583642,enviado,5,True
535,4327,2792,-6,4632.15,623.48,2026-09-01T17:31:44.583642,enviado,2,True
536,46,2483,7,4607.39,403.77,2025-12-12T17:31:44.583642,pago,10,True
537,1177,4608,7,1124.54,100.21,2026-02-14T17:31:44.583642,pago,1,True
538,4738,95039,2,512.25,22.18,2026-09-10T17:31:44.583642,enviado,3,True
539,3739,3777,6,449.37,68.1,2026-07-17T17:31:44.583642,cancelado,4,True
540,2370,3406,1,100.0,150.0,2026-02-18T17:31:44.583642,cancelado,5,True
541,705,2754,6,-692.13,260.02,2026-02-16T17:31:44.583642,pendente,3,True
542,3357,1417,5,2344.9,508.55,2026-06-03T17:31:44.583642,pago,100,True
543,4875,4606,-6,1598.47,430.57,2026-02-05T17:31:44.583642,pendente,3,True
544,3599,1096,9,2080.89,143.85,2026-02-11T17:31:44.583642,enVIado,5,True
545,4827,2036,5,4220.58,1160.58,2027-10-09T17:31:44.712449,enviado,4,True
546,3921,3196,1,3562.76,349.79,2026-05-06T17:31:44.583642,PAGO,2,True
547,1597,3418,-1,2530.83,525.69,2026-08-24T17:31:44.583642,cancelado,4,True
548,76,2136,2,312.69,43.45,2027-10-09T17:31:44.712475,enviado,4,True
549,4190,3970,9,4191.3,1084.57,2026-07-10T17:31:44.583642,cancelado,3,True
550,333,4259,9,100.0,150.0,2026-06-23T17:31:44.583642,enviado,1,True
551,2111,3789,2,4254.63,701.2,2026-10-08T17:31:44.583642,pago,3,True
552,4941,2385,8,1377.34,121.51,2026-07-19T17:31:44.583642,Enviado,1,True
553,18,1818,4,100.0,150.0,2026-05-24T17:31:44.583642,pago,3,True
554,1919,473,8,4339.03,1285.49,2026-06-11T17:31:44.583642,etregue,3,True
555,1171,2508,2,100.0,150.0,2026-06-29T17:31:44.583642,pago,1,True
556,3327,2460,6,369.3,43.07,2026-01-27T17:31:44.583642,enTreguE,2,True
557,1322,1641,1,42.19,2.08,2026-09-03T17:31:44.583642,Enviado,3,True
558,4697,2867,2,1032.5,185.16,2026-02-12T17:31:44.583642,Enviado,5,True
559,3501,3068,4,2904.39,173.06,2027-10-09T17:31:44.712567,pendente,4,True
560,460,2099,9,2838.28,436.96,2026-08-20T17:31:44.583642,enviado,100,True
561,4629,1298,8,3649.61,129.94,2026-03-02T17:31:44.583642,cancelado,-1,True
562,2210,4805,2,4363.08,744.75,2026-08-13T17:31:44.583642,Cancelado,5,True
563,3232,4834,5,1623.82,239.37,2026-04-04T17:31:44.583642,Pendente,1,True
564,3174,2064,4,1983.81,134.1,2025-10-15T17:31:44.583642,paGO,2,True
565,1479,3946,3,2126.43,495.8,2026-08-05T17:31:44.583642,enTrEGUe,2,True
566,4418,4497,4,919.73,168.98,2026-05-20T17:31:44.583642,ENVIADO,5,True
567,159,4336,9,1029.14,99.77,2026-02-04T17:31:44.583642,ENTREGUE,4,True
568,4477,3025,7,2460.49,578.01,2026-09-01T17:31:44.583642,enviado,4,True
569,1211,3605,7,2651.18,606.61,2026-08-12T17:31:44.583642,ENVIADO,5,True
570,264,1400,2,212.63,53.36,2026-08-10T17:31:44.583642,pendente,,True
571,207,476,7,2518.48,329.69,2026-09-11T17:31:44.583642,canceldo,5,True
572,4308,2767,10,3432.74,545.77,2027-10-09T17:31:44.712674,entregue,3,True
573,3995,3856,7,3319.78,687.1,2026-05-30T17:31:44.583642,CANCELADO,2,True
574,278,4415,9,758.16,47.78,2026-09-17T17:31:44.583642,ENtrEgUE,5,True
575,811,4038,9,-489.2,193.78,2026-09-21T17:31:44.583642,enviado,3,True
576,1885,97647,10,4779.57,1174.08,2026-05-15T17:31:44.583642,enviado,3,True
577,1974,4905,6,387.25,25.04,2026-04-18T17:31:44.583642,pEndenTE,4,True
578,3569,341,6,-353.73,780.06,2026-06-10T17:31:44.583642,entregue,3,True
579,656,2141,10,4599.63,624.84,2026-08-19T17:31:44.583642,Cancelado,1,True
580,3209,2463,9,4610.62,521.78,2026-08-17T17:31:44.583642,eNVIadO,2,True
581,37,2509,6,2022.78,490.72,2025-12-04T17:31:44.583642,Entregue,3,True
582,1025,94475,10,2814.87,72.92,2026-02-26T17:31:44.583642,entregue,5,True
583,2501,3386,9,791.69,107.87,2026-01-29T17:31:44.583642,Entregue,5,True
584,789,1885,1,-285.59,457.95,2026-06-11T17:31:44.583642,pago,5,True
585,692,3812,8,452.05,59.19,2026-09-20T17:31:44.583642,enviado ,4,True
586,101,2389,9,1985.29,249.8,2026-02-17T17:31:44.583642,pendnete,5,True
587,1546,1435,5,100.0,150.0,2025-11-08T17:31:44.583642,entregue,4,True
588,2716,2327,4,3468.37,208.44,2026-06-22T17:31:44.583642,pagO,3,True
589,1796,1897,7,4644.69,1362.9,2027-10-09T17:31:44.712884,pendente,1,True
590,90957,170,8,2190.51,251.72,2025-10-23T17:31:44.583642,pendente,4,True
591,2989,2815,-2,443.68,31.43,2026-03-26T17:31:44.583642,cancelado,3,True
592,596,1914,-6,3165.01,554.92,2026-03-30T17:31:44.583642,enviado,4,True
593,2133,3951,10,100.0,150.0,2026-04-12T17:31:44.583642,pago,1,True
594,4941,2217,9,1496.29,27.41,2026-01-24T17:31:44.583642,enviado,1,True
595,94015,1886,4,1123.3,74.21,2026-09-15T17:31:44.583642,pendente,5,True
596,4364,90469,3,3592.67,456.69,2025-12-07T17:31:44.583642,pendente,5,True
597,142,3490,8,26.34,0.47,2026-09-23T17:31:44.583642,pendEntE,5,True
598,956,97538,1,4034.74,677.69,2026-05-22T17:31:44.583642,pago,5,True
599,2209,2626,6,1786.21,271.36,2025-11-22T17:31:44.583642,pendnete,5,True
600,3719,1770,8,100.0,150.0,2026-07-08T17:31:44.583642,entregue,1,True
601,479,1882,2,2992.97,458.37,2026-05-23T17:31:44.583642,CANCELADO,2,True
602,1871,2730,5,2666.62,355.79,2027-10-09T17:31:44.712994,pago,4,True
603,1605,1710,-4,412.72,47.11,2026-02-02T17:31:44.583642,entregue,5,True
604,984,1294,10,4585.62,884.8,2027-10-09T17:31:44.713010,enviado,4,True
605,3228,4201,9,100.0,150.0,2026-08-25T17:31:44.583642,enviado,4,True
606,804,4101,4,4031.2,654.52,2026-02-18T17:31:44.583642,PaGo,1,True
607,3892,4394,6,100.0,150.0,2026-04-19T17:31:44.583642,pago,2,True
608,1612,1031,5,100.0,150.0,2025-11-03T17:31:44.583642,pago,2,True
609,1430,4876,-4,3549.07,980.39,2026-07-24T17:31:44.583642,cancelado,3,True
610,3563,98974,5,3827.7,0.02,2026-07-08T17:31:44.583642,pago,2,True
611,985,3072,8,3999.65,150.32,2025-10-10T17:31:44.583642,pago,100,True
612,3582,288,7,1067.77,202.25,2026-02-18T17:31:44.583642,etregue,2,True
613,57,4579,2,2827.0,189.38,2026-10-03T17:31:44.583642,pendente,3,True
614,3953,338,2,100.0,150.0,2025-12-25T17:31:44.583642,pago,1,True
615,3721,3742,-1,4222.4,183.98,2025-10-20T17:31:44.583642,enviado,4,True
616,1846,4495,2,100.0,150.0,2026-03-09T17:31:44.583642,entregue,3,True
617,1122,1450,10,100.0,150.0,2026-05-01T17:31:44.583642,pago,5,True
618,2518,2213,9,2243.38,10.84,2026-06-21T17:31:44.583642,CANCELADO,1,True
619,2651,95747,7,358.14,9.09,2025-12-12T17:31:44.583642,cancelado,2,True
620,1449,1644,3,4068.1,1218.87,2025-10-10T17:31:44.583642,enviaDO,2,True
621,3961,3006,8,4559.77,550.45,2026-01-13T17:31:44.583642,Cancelado,3,True
622,510,399,4,2298.26,651.18,2027-10-09T17:31:44.713147,pendente,5,True
623,90986,800,4,1665.63,163.0,2025-12-07T17:31:44.583642,pago,4,True
624,96960,1484,9,1810.2,198.26,2025-10-27T17:31:44.583642,cancelado,3,True
625,2609,4662,-1,3038.8,268.49,2026-10-03T17:31:44.583642,cancelado,2,True
626,4194,3751,4,545.06,134.67,2026-01-26T17:31:44.583642,pago,5,True
627,1580,4379,10,3843.72,225.66,2026-07-09T17:31:44.583642,CANCELADO,3,True
628,3428,2305,8,3885.55,641.56,2027-10-09T17:31:44.713194,pago,5,True
629,671,1467,6,2998.94,347.58,2026-01-29T17:31:44.583642,ENvIADo,4,True
630,601,558,3,100.0,150.0,2026-05-15T17:31:44.583642,pendente,2,True
631,4126,224,6,-994.95,251.33,2025-10-24T17:31:44.583642,cancelado,3,True
632,3954,431,1,2954.0,118.35,2025-12-05T17:31:44.583642,Entregue,2,True
633,3870,1050,4,853.06,216.81,2026-08-01T17:31:44.583642,cancelado ,3,True
634,355,2153,4,1560.12,433.66,2026-02-03T17:31:44.583642,pago,-1,True
635,2598,1360,10,1611.39,26.42,2027-10-09T17:31:44.713252,entregue,4,True
636,3071,304,7,4154.8,1068.5,2026-04-06T17:31:44.583642,enviadio,2,True
637,4015,1590,4,-577.47,72.1,2026-01-28T17:31:44.583642,enviado,5,True
638,3060,3692,7,1934.26,531.46,2026-04-21T17:31:44.583642,ENVIADO,3,True
639,1874,95738,8,1612.29,160.14,2026-08-05T17:31:44.583642,entregue,4,True
640,3278,2704,7,3474.13,786.42,2026-02-12T17:31:44.583642,pAGO,3,True
641,3618,1380,7,2352.29,452.49,2026-06-17T17:31:44.583642,Cancelado,2,True
642,3332,1972,8,2174.95,118.72,2026-06-28T17:31:44.583642,Pendente,1,True
643,3121,151,2,4888.65,712.04,2027-10-09T17:31:44.713317,pendente,4,True
644,4210,96152,8,304.24,77.29,2026-05-05T17:31:44.583642,entregue,3,True
645,686,47,3,100.0,150.0,2026-08-02T17:31:44.583642,entregue,5,True
646,964,4168,-2,1550.38,369.33,2026-07-02T17:31:44.583642,pago,4,True
647,94834,3926,2,3880.69,227.5,2026-07-15T17:31:44.583642,pendente,4,True
648,4702,4896,8,100.0,150.0,2026-05-31T17:31:44.583642,pendente,4,True
649,3866,852,5,4590.91,563.76,2026-05-20T17:31:44.583642,entregue,100,True
650,93202,1417,4,1701.47,73.15,2026-04-21T17:31:44.583642,cancelado,4,True
651,1764,2314,2,2681.64,618.78,2026-02-15T17:31:44.583642,cAnCelaDo,1,True
652,57,3917,9,100.0,150.0,2026-03-12T17:31:44.583642,pago,4,True
653,1699,1256,9,-693.53,63.89,2026-01-26T17:31:44.583642,entregue,3,True
654,3223,255,7,198.04,23.27,2025-11-14T17:31:44.583642,pendente ,1,True
655,94893,496,3,4092.43,707.61,2026-07-02T17:31:44.583642,pendente,5,True
656,1923,3124,6,-202.44,163.13,2026-07-09T17:31:44.583642,pendente,1,True
657,4198,2891,3,4127.54,303.59,2027-10-09T17:31:44.713426,cancelado,5,True
658,3744,1084,2,4981.89,270.23,2025-10-21T17:31:44.583642,pago,3,True
659,1649,352,4,1961.25,100.25,2026-09-05T17:31:44.583642,eNtrEguE,5,True
660,1294,480,6,653.52,106.57,2026-02-13T17:31:44.583642,entregue,4,True
661,4286,1927,2,1690.7,367.44,2026-03-04T17:31:44.583642,enviado,4,True
662,1359,1137,8,3932.56,47.83,2026-05-21T17:31:44.583642,CANCELADO,4,True
663,755,3781,10,4680.75,831.23,2025-12-09T17:31:44.583642,pago,-1,True
664,103,1642,3,4237.33,921.43,2026-05-21T17:31:44.583642,Pago,2,True
665,4031,2213,8,1791.47,137.51,2026-01-18T17:31:44.583642,ENTREGUE,1,True
666,4195,2002,9,-761.03,535.26,2026-03-17T17:31:44.583642,pago,5,True
667,131,3001,9,-384.8,29.85,2026-01-28T17:31:44.583642,cancelado,5,True
668,1664,4109,7,1032.73,243.21,2026-04-28T17:31:44.583642,enviado,3,True
669,3234,1113,8,100.0,150.0,2026-02-06T17:31:44.583642,pago,4,True
670,1700,1723,5,2812.97,27.69,2026-03-20T17:31:44.583642,cancelado,100,True
671,841,97051,10,2717.57,243.76,2025-11-08T17:31:44.583642,entregue,3,True
672,90344,525,1,2459.64,459.95,2025-11-23T17:31:44.583642,cancelado,5,True
673,1653,4392,3,1802.99,95.36,2026-06-01T17:31:44.583642,cancelado,1,True
674,4411,3100,2,141.52,29.09,2026-03-02T17:31:44.583642,pendente ,2,True
675,1256,3740,3,675.68,7.7,2026-06-13T17:31:44.583642,entregue,4,True
676,2252,2030,6,100.0,150.0,2026-01-30T17:31:44.583642,pago,5,True
677,161,3621,5,3679.46,482.22,2026-04-26T17:31:44.583642,pago,4,True
678,2360,3174,-7,3754.95,663.58,2026-04-15T17:31:44.583642,enviado,4,True
679,1807,3336,1,1782.13,114.54,2026-07-14T17:31:44.583642,PAGO,4,True
680,4566,4016,8,562.12,34.07,2025-12-04T17:31:44.583642,CANCELADO,5,True
681,4365,1442,8,4202.52,1174.22,2026-03-04T17:31:44.583642,eNviadO,5,True
682,2068,93743,6,3070.14,815.71,2026-08-05T17:31:44.583642,enviado,3,True
683,91957,3870,3,1233.03,12.74,2026-03-10T17:31:44.583642,enviado,5,True
684,1576,827,-10,150.66,12.89,2026-05-30T17:31:44.583642,pendente,2,True
685,93788,485,9,493.18,6.94,2026-08-10T17:31:44.583642,cancelado,3,True
686,1429,4234,9,4666.65,220.81,2026-06-09T17:31:44.583642,ENTREGUE,2,True
687,94764,1419,3,1640.72,371.88,2026-04-08T17:31:44.583642,pendente,3,True
688,1081,4010,10,4454.12,773.62,2026-04-18T17:31:44.583642,pendente,,True
689,53,124,2,919.19,180.98,2025-11-18T17:31:44.583642,pago0,3,True
690,496,864,7,1145.55,319.15,2026-07-10T17:31:44.583642,envado,1,True
691,4899,1503,4,1916.47,298.09,2027-10-09T17:31:44.713743,enviado,1,True
692,3495,4039,1,3849.25,154.13,2026-08-25T17:31:44.583642,entregue,4,True
693,3203,2438,7,2861.74,344.17,2025-12-12T17:31:44.583642,CANCELADO,5,True
694,579,2673,9,2251.96,537.31,2026-04-18T17:31:44.583642,ENVIADO,3,True
695,4907,93857,7,978.39,69.43,2026-07-13T17:31:44.583642,entregue,1,True
696,336,1667,6,99.23,25.09,2026-10-08T17:31:44.583642,entregue,6,True
697,2292,2516,6,3847.57,722.47,2026-04-11T17:31:44.583642,Pendente,5,True
698,1484,1410,6,100.0,150.0,2026-05-29T17:31:44.583642,entregue,2,True
699,1786,1159,4,2412.64,6.74,2027-10-09T17:31:44.713812,enviado,2,True
700,58,1969,3,2908.66,98.03,2025-11-12T17:31:44.583642,cancelado,,True
701,4576,2452,7,3286.23,951.92,2026-05-21T17:31:44.583642,Pendente,4,True
702,4302,55,7,2111.63,303.57,2026-08-07T17:31:44.583642,ENTREGUE,2,True
703,4381,3190,1,100.0,150.0,2025-12-08T17:31:44.583642,pendente,2,True
704,1142,182,8,2163.09,621.37,2025-11-02T17:31:44.583642,pEndEnTE,5,True
705,3648,4578,2,4776.95,186.4,2026-03-08T17:31:44.583642,cancelado,6,True
706,3922,423,2,2691.05,741.56,2026-03-17T17:31:44.583642,Entregue,1,True
707,94196,3730,2,2762.25,302.87,2026-03-25T17:31:44.583642,pendente,1,True
708,4443,179,9,1383.97,8.37,2026-05-26T17:31:44.583642,enviado,-1,True
709,2302,4570,4,4436.5,1023.75,2026-01-10T17:31:44.583642,Cancelado,5,True
710,2449,1071,3,100.0,150.0,2025-12-02T17:31:44.583642,cancelado,2,True
711,2352,1367,-9,2805.18,25.71,2025-11-15T17:31:44.583642,cancelado,3,True
712,4104,3823,5,1164.97,133.12,2026-03-31T17:31:44.583642,pendente,2,True
713,4043,2267,2,1034.51,114.42,2026-02-19T17:31:44.583642,pendente,1,True
714,2313,350,1,4787.03,1001.56,2026-04-04T17:31:44.583642,Cancelado,3,True
715,3337,4300,8,4820.52,188.85,2026-01-17T17:31:44.583642,pendente,100,True
716,3388,4747,-9,688.57,10.72,2026-04-15T17:31:44.583642,pago,5,True
717,3,4538,10,100.0,150.0,2026-08-19T17:31:44.583642,enviado,3,True
718,4398,3916,10,3687.03,153.49,2026-03-19T17:31:44.583642,pendente,100,True
719,2077,967,2,4045.45,711.66,2026-02-14T17:31:44.583642,CANCELADO,1,True
720,2604,1320,-6,3233.54,969.58,2025-11-28T17:31:44.583642,pago,4,True
721,2631,4731,10,1377.47,374.02,2025-12-11T17:31:44.583642,eNTrEgUE,1,True
722,2142,1140,8,100.0,150.0,2026-06-17T17:31:44.583642,enviado,5,True
723,1727,94881,1,1266.31,324.43,2025-12-06T17:31:44.583642,entregue,4,True
724,4578,1203,4,1998.52,433.95,2025-11-17T17:31:44.583642,pendente,1,True
725,4183,4209,1,-289.83,358.73,2026-06-12T17:31:44.583642,cancelado,5,True
726,2308,991,2,4396.17,789.53,2025-11-22T17:31:44.583642,enviiado,2,True
727,4566,257,-10,2627.65,560.21,2026-08-20T17:31:44.583642,entregue,4,True
728,4805,3304,1,609.69,142.44,2027-10-09T17:31:44.714116,pago,2,True
729,4115,3677,8,3835.49,388.75,2026-05-20T17:31:44.583642,entregue,100,True
730,3120,4740,2,910.06,138.43,2025-12-06T17:31:44.583642,pAgo,5,True
731,4848,2501,6,2907.96,454.6,2026-06-17T17:31:44.583642,etregue,2,True
732,3954,4305,8,100.0,150.0,2026-10-08T17:31:44.583642,pendente,2,True
733,3876,97205,8,1147.42,251.0,2026-05-02T17:31:44.583642,pendente,1,True
734,3383,4650,4,4720.12,1051.18,2026-05-20T17:31:44.583642,etregue,4,True
735,4186,3233,-5,1230.83,81.26,2025-11-08T17:31:44.583642,enviado,4,True
736,338,97288,10,127.69,37.15,2026-02-05T17:31:44.583642,pago,2,True
737,647,3893,-10,791.23,88.27,2026-03-11T17:31:44.583642,pago,1,True
738,93414,3821,2,4441.47,1100.94,2026-04-04T17:31:44.583642,pago,1,True
739,3735,2991,-6,3135.35,508.16,2025-12-03T17:31:44.583642,pago,2,True
740,4445,2993,8,-133.3,462.66,2026-06-14T17:31:44.583642,enviado,2,True
741,981,92378,4,2358.6,473.69,2025-10-10T17:31:44.583642,entregue,1,True
742,404,3850,3,1231.16,190.59,2026-04-19T17:31:44.583642,cancelado,-1,True
743,4730,4605,3,961.86,251.06,2026-01-17T17:31:44.583642,CANCELADO,1,True
744,2016,3669,2,42.93,6.34,2026-06-09T17:31:44.583642,PENDENTE,4,True
745,2499,93759,6,897.52,24.13,2026-07-18T17:31:44.583642,enviado,4,True
746,3856,633,2,3080.5,620.66,2027-10-09T17:31:44.714273,cancelado,4,True
747,2289,1210,4,3762.75,195.1,2026-02-15T17:31:44.583642,Enviado,4,True
748,4064,1019,1,1400.01,318.16,2026-06-16T17:31:44.583642,entregue,5,True
749,1686,444,5,777.73,132.71,2025-12-22T17:31:44.583642,pendente,2,True
750,2485,3010,-1,3486.91,305.93,2026-06-10T17:31:44.583642,pago,3,True
751,1014,2687,5,3262.71,626.16,2026-07-12T17:31:44.583642,Enviado,3,True
752,1176,3286,9,-946.27,203.88,2026-02-19T17:31:44.583642,enviado,1,True
753,97330,1612,4,469.51,31.38,2025-10-21T17:31:44.583642,pago,5,True
754,945,1248,3,4126.0,226.16,2026-09-01T17:31:44.583642,PENDENTE,4,True
755,2534,98624,5,4549.42,729.13,2026-05-21T17:31:44.583642,pago,2,True
756,4155,2828,2,1254.16,228.14,2026-04-15T17:31:44.583642,envado,2,True
757,2952,4510,9,100.0,150.0,2025-11-08T17:31:44.583642,entregue,5,True
758,3984,3309,2,3707.05,844.24,2027-10-09T17:31:44.714377,enviado,1,True
759,2444,4483,3,1769.59,431.42,2026-03-25T17:31:44.583642,pago,5,True
760,864,2421,3,4974.35,642.03,2026-05-24T17:31:44.583642,PAGO,1,True
761,3416,95,7,2531.21,240.12,2026-05-20T17:31:44.583642,enviado,1,True
762,1134,3142,1,100.0,150.0,2026-10-02T17:31:44.583642,pendente,3,True
763,3729,361,8,4969.76,933.86,2026-09-05T17:31:44.583642,cancelado,100,True
764,1638,446,4,1169.6,299.67,2026-06-20T17:31:44.583642,enviaDo,4,True
765,4472,1335,4,947.58,178.64,2026-10-02T17:31:44.583642,PENDENTE,5,True
766,3865,1515,8,4762.42,366.36,2025-11-29T17:31:44.583642,pago,5,True
767,1435,97288,1,4992.81,139.19,2026-01-23T17:31:44.583642,entregue,1,True
768,3257,96941,8,4307.23,35.75,2026-01-30T17:31:44.583642,pendente,4,True
769,365,91078,4,4170.55,629.85,2026-03-12T17:31:44.583642,cancelado,2,True
770,4949,3350,2,3940.3,340.33,2026-07-30T17:31:44.583642,ENVIADO,5,True
771,1945,2440,8,3073.24,410.95,2025-11-08T17:31:44.583642,enviado,100,True
772,4194,3009,6,4198.23,984.1,2027-10-09T17:31:44.714508,pendente,3,True
773,1192,4641,4,4451.19,1330.49,2025-12-27T17:31:44.583642,cancelado,6,True
774,473,1001,9,2906.98,758.15,2026-08-04T17:31:44.583642,entrege,2,True
775,1593,2230,2,3473.85,38.93,2027-10-09T17:31:44.714535,pago,5,True
776,4527,1155,1,4711.03,636.2,2026-04-18T17:31:44.583642,PENDENTE,3,True
777,4584,4276,10,449.47,59.04,2025-12-10T17:31:44.583642,pendente,2,True
778,1056,98533,4,1773.56,263.8,2026-08-10T17:31:44.583642,enviado,4,True
779,995,2271,9,-862.31,209.79,2026-10-06T17:31:44.583642,entregue,1,True
780,4653,3124,7,335.08,38.96,2025-12-10T17:31:44.583642,cAncelAdo,4,True
781,1234,1667,4,3685.46,730.8,2026-03-02T17:31:44.583642,entregu,4,True
782,363,387,2,2964.3,267.81,2025-11-26T17:31:44.583642,pndente,5,True
783,1644,3998,9,100.0,150.0,2026-09-29T17:31:44.583642,cancelado,3,True
784,3804,947,2,100.0,150.0,2026-06-30T17:31:44.583642,entregue,4,True
785,3392,3600,4,4589.86,891.46,2026-04-15T17:31:44.583642,ENVIADO,4,True
786,3439,3163,2,100.0,150.0,2026-07-18T17:31:44.583642,enviado,3,True
787,4162,3117,-10,1914.22,510.56,2026-02-28T17:31:44.583642,cancelado,5,True
788,1629,2318,1,294.23,29.3,2027-10-09T17:31:44.714650,pago,4,True
789,894,4627,-10,3572.25,706.52,2026-08-21T17:31:44.583642,enviado,1,True
790,4615,1503,6,3788.12,711.27,2026-05-08T17:31:44.583642,CanCElaDo,1,True
791,3851,103,4,2588.17,594.45,2026-09-20T17:31:44.583642,Cancelado,4,True
792,1129,2622,2,4400.7,127.55,2027-10-09T17:31:44.714688,pendente,1,True
793,90389,1294,10,2327.4,178.47,2025-11-30T17:31:44.583642,pendente,2,True
794,4238,425,8,100.0,150.0,2026-03-26T17:31:44.583642,pago,3,True
795,2147,4000,4,1968.83,545.01,2026-05-15T17:31:44.583642,enviiado,5,True
796,1553,1961,8,3289.53,793.68,2025-12-24T17:31:44.583642,pago,1,True
797,889,2927,2,100.0,150.0,2026-01-09T17:31:44.583642,pendente,2,True
798,2991,925,10,-971.25,451.14,2026-09-21T17:31:44.583642,entregue,2,True
799,1461,1543,2,4054.62,489.48,2026-08-14T17:31:44.583642,pendente,-1,True
800,2199,2860,7,1772.91,207.54,2027-10-09T17:31:44.714756,pendente,4,True
801,2339,4979,4,1695.86,319.42,2026-07-29T17:31:44.583642,canceldo,2,True
802,3305,3732,3,4253.83,1117.7,2026-09-11T17:31:44.583642,Enviado,1,True
803,1624,2320,9,2542.25,587.29,2027-10-09T17:31:44.714785,entregue,3,True
804,2967,2712,2,3152.33,879.43,2027-10-09T17:31:44.714795,pago,4,True
805,90938,2740,6,1725.12,279.93,2026-08-08T17:31:44.583642,pago,3,True
806,938,4929,-4,4773.94,668.14,2026-03-11T17:31:44.583642,entregue,3,True
807,4191,91764,10,404.75,3.02,2025-10-15T17:31:44.583642,cancelado,2,True
808,909,4134,2,3913.25,935.7,2027-10-09T17:31:44.714832,cancelado,2,True
809,3202,2483,8,2036.82,554.45,2026-07-21T17:31:44.583642,ENTREGUE,3,True
810,4580,2096,10,2806.25,288.75,2026-07-29T17:31:44.583642,PAGO,4,True
811,4668,891,2,4356.61,543.45,2026-04-06T17:31:44.583642,entregue,-1,True
812,877,4515,7,1525.56,40.76,2025-12-11T17:31:44.583642,pedente,2,True
813,4171,2180,3,2092.51,405.52,2026-07-31T17:31:44.583642,PENDENTE,3,True
814,4465,93555,10,4539.25,1208.41,2026-06-15T17:31:44.583642,pago,1,True
815,4646,91030,1,284.68,16.58,2026-08-23T17:31:44.583642,entregue,4,True
816,1838,1204,4,1405.58,30.3,2026-03-22T17:31:44.583642,paguo,5,True
817,1676,2996,8,3837.23,1015.79,2027-10-09T17:31:44.714919,entregue,5,True
818,4561,3407,7,1424.38,243.84,2026-07-18T17:31:44.583642,Entregue,2,True
819,98146,1986,2,146.14,20.69,2025-11-12T17:31:44.583642,cancelado,3,True
820,223,1083,2,1803.01,81.84,2027-10-09T17:31:44.714943,pago,4,True
821,76,530,-3,2151.84,226.96,2026-07-21T17:31:44.583642,pendente,4,True
822,4481,2104,8,-278.81,108.34,2026-04-14T17:31:44.583642,pendente,3,True
823,3070,463,2,1672.61,402.64,2027-10-09T17:31:44.714968,enviado,1,True
824,1485,4681,9,4889.09,809.81,2026-03-28T17:31:44.583642,cANCEladO,2,True
825,2047,891,8,2976.2,585.58,2026-06-29T17:31:44.583642,enviadio,4,True
826,98241,3442,7,681.35,198.45,2025-11-19T17:31:44.583642,entregue,4,True
827,2609,149,4,4948.88,1069.98,2026-05-27T17:31:44.583642,paguo,4,True
828,549,1008,5,3905.85,1076.37,2025-11-30T17:31:44.583642,paguo,5,True
829,4203,1466,2,4107.4,943.2,2026-05-03T17:31:44.583642,pENDeNtE,1,True
830,1433,2158,1,100.0,150.0,2026-02-17T17:31:44.583642,entregue,1,True
831,4531,763,8,1293.97,27.2,2026-08-09T17:31:44.583642,enviadio,5,True
832,3993,2809,6,100.0,150.0,2026-04-18T17:31:44.583642,pago,3,True
833,3721,3075,2,350.29,22.1,2027-10-09T17:31:44.715265,enviado,1,True
834,2769,377,3,3940.28,802.64,2026-01-11T17:31:44.583642,PAGO,3,True
835,4750,1776,9,3428.08,224.3,2026-03-15T17:31:44.583642,CanCELaDo,5,True
836,2725,4813,4,1187.52,117.2,2026-02-19T17:31:44.583642,ENVIADO,2,True
837,670,2335,3,100.0,150.0,2025-12-29T17:31:44.583642,pendente,5,True
838,12,513,5,738.62,61.59,2026-03-22T17:31:44.583642,enviadio,1,True
839,1790,2563,-6,808.21,194.7,2025-12-31T17:31:44.583642,pago,4,True
840,3434,4954,9,2862.18,531.99,2026-08-10T17:31:44.583642,Entregue,1,True
841,681,1041,7,2978.34,156.27,2026-05-09T17:31:44.583642,PaGO,5,True
842,833,841,10,-752.9,179.69,2026-05-22T17:31:44.583642,pendente,1,True
843,4745,4183,2,100.0,150.0,2025-12-21T17:31:44.583642,cancelado,4,True
844,3140,3382,4,4535.37,1302.98,2026-07-27T17:31:44.583642,eNvIAdo,2,True
845,2310,99980,9,2472.77,404.14,2026-02-13T17:31:44.583642,entregue,1,True
846,3506,2368,9,203.85,53.49,2025-12-01T17:31:44.583642,EnTRegUe,5,True
847,33,1485,7,849.64,150.33,2026-02-26T17:31:44.583642,PEndEnte,4,True
848,4930,2012,5,1452.95,429.94,2026-06-01T17:31:44.583642,cancelado,100,True
849,2722,4402,1,167.27,26.3,2026-01-11T17:31:44.583642,CANCELADO,5,True
850,3861,3835,3,2810.49,320.58,2026-06-19T17:31:44.583642,entregue,4,True
851,1267,3646,4,2797.16,828.89,2025-10-16T17:31:44.583642,pendente,5,True
852,4221,3613,10,234.93,32.23,2026-07-31T17:31:44.583642,pendente,5,True
853,3792,489,-3,44.26,7.15,2026-10-02T17:31:44.583642,cancelado,5,True
854,480,2370,3,100.0,150.0,2026-06-17T17:31:44.583642,entregue,4,True
855,2205,3949,7,100.0,150.0,2026-05-04T17:31:44.583642,pago,4,True
856,797,2346,5,2689.7,635.68,2027-10-09T17:31:44.715516,cancelado,1,True
857,2443,1000,1,2663.47,432.7,2026-06-25T17:31:44.583642,PENDENTE,4,True
858,3165,4470,-9,201.84,19.86,2025-11-16T17:31:44.583642,pago,3,True
859,585,4706,8,100.0,150.0,2026-10-06T17:31:44.583642,enviado,4,True
860,833,2692,3,793.9,167.72,2026-04-24T17:31:44.583642,ENTREGUE,3,True
861,3713,1775,2,2516.59,408.65,2026-07-11T17:31:44.583642,ENTREgUE,4,True
862,98516,2926,7,451.38,132.92,2025-12-09T17:31:44.583642,entregue,4,True
863,865,97701,8,1506.47,220.11,2026-01-10T17:31:44.583642,cancelado,3,True
864,572,2840,9,4197.96,1246.76,2025-11-04T17:31:44.583642,cancelado,5,True
865,2562,2675,-3,3569.26,1058.07,2026-03-14T17:31:44.583642,cancelado,4,True
866,1261,1099,10,393.99,3.7,2026-07-12T17:31:44.583642,Pendente,1,True
867,69,1998,10,4138.98,749.52,2026-02-09T17:31:44.583642,etregue,1,True
868,799,4747,3,192.95,55.96,2026-06-23T17:31:44.583642,Entregue,3,True
869,2124,4243,7,2965.1,359.81,2026-09-09T17:31:44.583642,ENTREGUE,1,True
870,3224,4728,2,761.89,80.8,2026-05-17T17:31:44.583642,Enviado,5,True
871,440,96212,7,2468.57,519.22,2026-07-07T17:31:44.583642,cancelado,3,True
872,3945,2995,3,3116.36,808.92,2026-05-23T17:31:44.583642,Entregue,3,True
873,2845,4869,8,984.69,260.52,2026-09-16T17:31:44.583642,entregue,3,True
874,2754,92386,9,3350.07,288.23,2025-10-18T17:31:44.583642,pendente,4,True
875,1254,95394,1,3232.4,889.78,2026-04-09T17:31:44.583642,enviado,5,True
876,2710,91850,7,4421.51,1183.26,2026-06-07T17:31:44.583642,entregue,3,True
877,3163,1733,5,3297.32,563.23,2027-10-09T17:31:44.715689,pendente,5,True
878,1920,2048,4,4804.36,368.94,2026-06-28T17:31:44.583642,cancelado,6,True
879,214,90128,4,1129.84,11.86,2026-09-08T17:31:44.583642,cancelado,4,True
880,98,2730,9,1191.68,234.12,2026-07-21T17:31:44.583642,entregue,5,True
881,3926,3660,5,-613.49,903.5,2025-12-11T17:31:44.583642,pago,1,True
882,2025,3241,10,2389.26,32.83,2027-10-09T17:31:44.715731,pago,1,True
883,3368,1867,-7,1788.14,386.23,2026-03-02T17:31:44.583642,pendente,3,True
884,3232,4266,10,3078.0,680.62,2025-10-19T17:31:44.583642,ENVIADO,1,True
885,2104,1655,4,1321.21,384.79,2026-08-02T17:31:44.583642,PENDENTE,5,True
886,3284,3313,2,2613.33,248.7,2026-06-24T17:31:44.583642,pendente,2,True
887,16,4194,9,786.69,233.4,2027-10-09T17:31:44.715859,pago,1,True
888,423,3974,8,2230.71,497.94,2026-10-04T17:31:44.583642,enviado,100,True
889,4651,1947,10,1094.7,14.41,2025-11-25T17:31:44.583642,CANCELADO,3,True
890,2030,4977,8,100.0,150.0,2026-05-16T17:31:44.583642,cancelado,3,True
891,97795,2156,10,1582.4,231.7,2025-10-14T17:31:44.583642,pendente,4,True
892,4041,4208,-8,4771.02,669.99,2026-09-08T17:31:44.583642,entregue,1,True
893,3417,1038,7,100.0,150.0,2026-02-28T17:31:44.583642,enviado,2,True
894,825,919,2,966.79,213.26,2026-01-30T17:31:44.583642,cancelado,-1,True
895,768,3376,-2,152.16,36.85,2026-08-19T17:31:44.583642,enviado,4,True
896,2666,1321,10,-765.07,203.07,2026-09-08T17:31:44.583642,entregue,3,True
897,4626,1666,10,3148.15,526.24,2026-07-12T17:31:44.583642,canceladu,5,True
898,4642,3108,5,1068.34,25.44,2025-12-09T17:31:44.583642,enviado,10,True
899,1789,3763,7,1892.73,89.77,2026-06-05T17:31:44.583642,peNdeNTe,3,True
900,616,1721,7,1072.82,186.93,2026-05-18T17:31:44.583642,enviado,1,True
901,4843,3793,-10,3198.51,840.91,2026-08-30T17:31:44.583642,pendente,1,True
902,527,2921,3,-226.87,25.45,2026-01-28T17:31:44.583642,entregue,5,True
903,90771,2339,10,1448.37,185.29,2026-04-13T17:31:44.583642,entregue,1,True
904,2573,3893,6,3579.2,951.7,2026-08-05T17:31:44.583642,CANCELADO,1,True
905,1403,2198,10,3041.08,797.98,2026-09-24T17:31:44.583642,enviado,10,True
906,1464,3875,9,100.0,150.0,2026-04-23T17:31:44.583642,entregue,3,True
907,3707,3616,2,2944.8,780.58,2025-10-15T17:31:44.583642,Pendente,2,True
908,1012,1569,2,4824.05,1055.87,2026-03-17T17:31:44.583642,ENTREGUE,5,True
909,1232,2819,6,3686.62,82.4,2027-10-09T17:31:44.716170,pendente,1,True
910,99743,4667,7,2855.45,26.62,2026-09-20T17:31:44.583642,entregue,3,True
911,3688,2388,7,3860.33,198.51,2026-06-15T17:31:44.583642,CANCELADO,3,True
912,4760,1857,10,3336.85,131.2,2026-02-15T17:31:44.583642,Entregue,4,True
913,1780,3881,8,4556.52,683.57,2025-11-07T17:31:44.583642,pendente,10,True
914,4224,3027,1,100.0,150.0,2026-08-27T17:31:44.583642,enviado,5,True
915,4643,338,-2,2225.72,67.08,2026-06-16T17:31:44.583642,pago,1,True
916,2722,856,-8,1649.0,442.07,2026-07-25T17:31:44.583642,pendente,4,True
917,4645,3979,-10,2615.46,232.38,2026-02-09T17:31:44.583642,cancelado,1,True
918,2798,2244,1,100.0,150.0,2026-09-22T17:31:44.583642,entregue,5,True
919,4450,1775,-6,2494.62,6.81,2026-01-03T17:31:44.583642,enviado,1,True
920,624,1363,4,-733.17,371.03,2026-02-15T17:31:44.583642,entregue,2,True
921,2377,4999,7,2402.69,552.0,2025-11-17T17:31:44.583642,pago ,2,True
922,3504,90056,2,3892.48,743.07,2026-01-26T17:31:44.583642,pago,4,True
923,740,3711,1,3029.38,266.34,2025-11-04T17:31:44.583642,Entregue,3,True
924,2665,2681,7,4654.3,998.14,2026-03-09T17:31:44.583642,Pendente,5,True
925,1382,674,-3,4569.54,678.14,2025-11-08T17:31:44.583642,pendente,5,True
926,3682,2058,7,100.0,150.0,2026-01-14T17:31:44.583642,cancelado,5,True
927,3254,96045,9,1840.85,397.12,2026-07-07T17:31:44.583642,entregue,2,True
928,1418,3065,5,3598.59,146.17,2026-07-07T17:31:44.583642,pago,3,True
929,3609,4843,-6,4197.83,114.5,2026-08-22T17:31:44.583642,enviado,3,True
930,3785,2862,3,516.48,4.22,2026-04-26T17:31:44.583642,pendente,2,True
931,3111,1940,-5,2004.38,296.6,2026-04-28T17:31:44.583642,pendente,1,True
932,91830,4621,10,1304.46,369.11,2026-08-03T17:31:44.583642,pendente,5,True
933,4622,43,9,704.72,65.89,2026-04-07T17:31:44.583642,pendente,10,True
934,3151,834,8,-986.5,485.72,2026-08-23T17:31:44.583642,enviado,2,True
935,795,2084,3,2614.19,580.57,2025-10-10T17:31:44.583642,entregue,-1,True
936,518,4842,10,-606.69,898.28,2026-01-01T17:31:44.583642,entregue,3,True
937,612,1564,4,-73.1,611.51,2025-12-30T17:31:44.583642,cancelado,3,True
938,3396,98875,9,2803.29,86.33,2026-10-01T17:31:44.583642,pago,4,True
939,722,2425,4,4634.68,41.86,2025-12-15T17:31:44.583642,caNCELAdO,3,True
940,92104,830,2,1729.66,142.34,2025-11-16T17:31:44.583642,pago,4,True
941,3440,3260,10,-66.29,505.03,2026-09-13T17:31:44.583642,enviado,5,True
942,268,2917,5,1123.59,150.63,2026-05-26T17:31:44.583642,enviado,3,True
943,1775,3346,2,3228.28,806.17,2026-02-14T17:31:44.583642,Pendente,2,True
944,899,1635,6,69.19,10.69,2025-11-28T17:31:44.583642,eNviADO,1,True
945,91221,1787,2,1007.73,271.09,2026-04-21T17:31:44.583642,pendente,3,True
946,411,1543,1,4749.59,1091.65,2026-08-24T17:31:44.583642,cacelado,3,True
947,922,2145,9,-480.79,228.09,2025-10-17T17:31:44.583642,pendente,1,True
948,1822,4052,7,4502.85,1214.56,2025-11-18T17:31:44.583642,Pendente,3,True
949,3648,1109,7,2518.88,590.59,2027-10-09T17:31:44.716506,pendente,1,True
950,2656,4468,6,4863.18,447.32,2026-03-06T17:31:44.583642,Entregue,4,True
951,133,2317,-1,3894.2,561.29,2026-02-24T17:31:44.583642,pago,2,True
952,1291,97088,4,2376.96,369.34,2026-02-25T17:31:44.583642,entregue,1,True
953,1715,91427,1,541.04,17.02,2026-09-03T17:31:44.583642,cancelado,1,True
954,2393,4365,7,2732.86,387.4,2026-01-25T17:31:44.583642,entregue ,2,True
955,4568,2496,10,2508.83,330.36,2026-05-30T17:31:44.583642,CANCELADO,3,True
956,2305,4584,10,814.49,130.28,2026-07-15T17:31:44.583642,Pendente,3,True
957,1853,4653,5,-562.73,601.92,2026-01-28T17:31:44.583642,entregue,5,True
958,4807,1511,8,3289.28,694.3,2026-03-01T17:31:44.583642,Entregue,1,True
959,1169,2116,4,100.0,150.0,2025-11-30T17:31:44.583642,pendente,5,True
960,1529,3593,-5,1488.63,22.82,2026-06-29T17:31:44.583642,pendente,4,True
961,2013,3017,7,1851.78,109.87,2026-02-16T17:31:44.583642,pendente,-1,True
962,1196,2323,5,4315.71,1123.98,2026-04-25T17:31:44.583642,PENDENTE,5,True
963,2742,4535,7,1068.28,144.79,2025-11-08T17:31:44.583642,PAGO,2,True
964,3463,1784,2,100.0,150.0,2026-05-17T17:31:44.583642,pago,2,True
965,793,2505,8,4528.98,1015.08,2026-07-05T17:31:44.583642,cAnCelADO,5,True
966,422,4991,7,100.0,150.0,2025-10-28T17:31:44.583642,entregue,2,True
967,2678,1603,1,2668.56,178.49,2026-07-24T17:31:44.583642,pendente,100,True
968,1025,1675,8,3610.6,1070.46,2027-10-09T17:31:44.716787,pago,5,True
969,2174,95711,1,2809.16,153.39,2026-08-03T17:31:44.583642,pago,3,True
970,1348,1395,6,507.98,13.26,2026-05-05T17:31:44.583642,Entregue,1,True
971,3002,3829,6,100.0,150.0,2026-04-25T17:31:44.583642,cancelado,3,True
972,1012,3691,3,100.0,150.0,2026-01-16T17:31:44.583642,pendente,5,True
973,769,2990,6,3427.94,321.64,2026-02-16T17:31:44.583642,Cancelado,3,True
974,2926,3485,4,145.32,36.89,2027-10-09T17:31:44.716837,entregue,4,True
975,1558,871,-10,3639.37,968.13,2026-02-11T17:31:44.583642,entregue,3,True
976,93934,1933,5,357.83,18.79,2026-03-04T17:31:44.583642,entregue,2,True
977,4138,4846,2,-188.72,471.69,2026-05-16T17:31:44.583642,enviado,2,True
978,3595,3421,5,2879.08,12.59,2026-03-29T17:31:44.583642,pago.,2,True
979,1873,910,10,4734.98,240.23,2027-10-09T17:31:44.716878,pendente,1,True
980,4913,96335,4,3485.44,694.51,2026-07-30T17:31:44.583642,cancelado,2,True
981,2696,1220,9,-838.44,98.55,2026-03-28T17:31:44.583642,entregue,3,True
982,3843,1617,8,-265.61,67.62,2025-12-01T17:31:44.583642,entregue,5,True
983,2553,2713,5,3683.04,301.76,2026-02-05T17:31:44.583642,envIADo,4,True
984,3912,123,-8,2168.36,81.3,2026-09-26T17:31:44.583642,entregue,2,True
985,3135,986,3,2251.61,359.33,2026-06-19T17:31:44.583642,Pendente,2,True
986,2643,771,5,511.19,138.1,2025-10-30T17:31:44.583642,Entregue,3,True
987,2063,1534,1,2256.76,593.86,2026-07-16T17:31:44.583642,cancelado,1,True
988,3264,3948,-6,2415.39,141.67,2026-10-07T17:31:44.583642,pago,3,True
989,4378,3047,8,100.0,150.0,2025-11-02T17:31:44.583642,enviado,2,True
990,1518,390,10,684.0,60.2,2025-10-22T17:31:44.583642,pendente,10,True
991,822,4121,-6,706.5,150.3,2026-03-18T17:31:44.583642,cancelado,5,True
992,4795,635,8,1043.12,84.29,2025-11-29T17:31:44.583642,pago,5,True
993,375,4001,1,-997.41,684.83,2026-03-15T17:31:44.583642,entregue,2,True
994,3153,4899,3,4899.86,811.55,2025-11-18T17:31:44.583642,ENTREGUE,1,True
995,736,4516,9,2876.8,180.94,2027-10-09T17:31:44.717014,entregue,3,True
996,4595,98028,7,1394.44,200.49,2026-04-04T17:31:44.583642,pendente,2,True
997,4630,355,10,4855.41,1213.02,2026-07-25T17:31:44.583642,paguo,4,True
998,4986,1696,5,1674.49,394.25,2026-10-03T17:31:44.583642,pEnDenTe,3,True
999,4600,1396,5,4581.46,776.33,2027-10-09T17:31:44.717048,pendente,3,True
1000,2819,803,1,755.91,146.58,2026-03-10T17:31:44.583642,pago,3,True
1001,4899,2359,10,508.95,97.14,2026-04-09T17:31:44.583642,pago,2,True
1002,817,4513,6,4236.81,127.75,2027-10-09T17:31:44.717074,pendente,5,True
1003,3441,1809,7,2445.83,76.18,2025-10-21T17:31:44.583642,PEnDenTE,2,True
1004,754,4915,5,3702.04,228.57,2026-06-27T17:31:44.583642,pago,1,True
1005,4038,27,-2,4913.06,800.96,2025-12-25T17:31:44.583642,pago,2,True
1006,461,4151,8,3691.82,615.25,2026-04-29T17:31:44.583642,ENVIADO,3,True
1007,1536,4280,2,4329.33,846.7,2026-02-11T17:31:44.583642,pago,100,True
1008,3532,95710,10,3768.57,74.4,2026-01-23T17:31:44.583642,entregue,5,True
1009,2803,2711,6,100.0,150.0,2026-08-14T17:31:44.583642,pendente,3,True
1010,2750,695,9,3706.47,106.99,2026-06-04T17:31:44.583642,cancelado ,4,True
1011,2931,91715,1,3595.53,85.32,2025-12-05T17:31:44.583642,enviado,3,True
1012,1803,3881,7,4378.83,107.08,2026-01-22T17:31:44.583642,enviado,3,True
1013,3594,3039,7,4221.48,834.79,2026-08-26T17:31:44.583642,CAncelAdo,2,True
1014,2569,1177,2,1182.4,112.78,2025-10-09T17:31:44.583642,pedente,5,True
1015,1458,4701,1,100.0,150.0,2026-05-22T17:31:44.583642,enviado,5,True
1016,503,184,6,100.0,150.0,2026-08-16T17:31:44.583642,enviado,2,True
1017,2791,653,2,900.11,217.97,2025-12-27T17:31:44.583642,PAGO,1,True
1018,97634,1569,2,1664.54,31.74,2026-03-19T17:31:44.583642,enviado,4,True
1019,4424,1191,1,2006.18,459.49,2026-09-02T17:31:44.583642,enviado,1,True
1020,2089,3022,7,4215.5,507.62,2026-04-26T17:31:44.583642,pENdeNTE,2,True
1021,2094,3402,9,22.41,4.38,2026-09-21T17:31:44.583642,cancelado,3,True
1022,3896,505,8,4333.36,404.27,2026-01-21T17:31:44.583642,Enviado,3,True
1023,4909,4022,-6,635.07,112.54,2026-03-15T17:31:44.583642,pendente,3,True
1024,97547,797,1,698.2,58.39,2026-06-18T17:31:44.583642,pago,5,True
1025,867,1164,-7,1959.52,186.54,2026-02-24T17:31:44.583642,cancelado,5,True
1026,727,99752,3,3889.17,763.24,2025-10-26T17:31:44.583642,enviado,3,True
1027,2550,899,7,-811.56,552.27,2025-10-11T17:31:44.583642,entregue,4,True
1028,4690,3191,2,3855.72,338.7,2026-05-19T17:31:44.583642,pendente,1,True
1029,3133,584,2,344.94,62.2,2026-02-17T17:31:44.583642,entregue,,True
1030,1598,994,4,2293.66,536.74,2027-10-09T17:31:44.717299,cancelado,3,True
1031,4752,2629,3,2723.15,486.43,2027-10-09T17:31:44.717308,pago,4,True
1032,4524,1903,6,1363.11,312.1,2026-05-13T17:31:44.583642,Enviado,4,True
1033,3326,4868,6,3074.23,130.81,2027-10-09T17:31:44.717325,pendente,4,True
1034,1012,4289,3,612.78,84.65,2026-10-08T17:31:44.583642,Cancelado,5,True
1035,93098,3827,7,2014.47,37.91,2026-08-27T17:31:44.583642,entregue,5,True
1036,2392,4470,7,100.0,150.0,2026-10-03T17:31:44.583642,cancelado,3,True
1037,1303,2650,6,-735.15,680.42,2025-10-27T17:31:44.583642,cancelado,2,True
1038,377,2194,10,861.3,106.12,2026-01-12T17:31:44.583642,EntrEGue,2,True
1039,95626,3637,8,494.09,108.43,2026-07-07T17:31:44.583642,enviado,1,True
1040,1341,2939,6,635.26,153.21,2026-04-12T17:31:44.583642,Pendente,3,True
1041,1272,2135,2,3506.38,738.24,2026-07-26T17:31:44.583642,Pendente,5,True
1042,93253,3637,8,2483.8,204.31,2026-05-19T17:31:44.583642,entregue,5,True
1043,651,3044,6,2393.37,33.49,2027-10-09T17:31:44.717419,entregue,2,True
1044,1776,4290,5,1629.47,309.29,2026-10-03T17:31:44.583642,ENVIADO,1,True
1045,359,1895,6,3621.21,260.98,2025-10-29T17:31:44.583642,pago0,5,True
1046,2001,801,9,180.65,27.75,2025-11-12T17:31:44.583642,entregue,-1,True
1047,4999,1661,7,4369.06,1136.07,2027-10-09T17:31:44.717451,pago,2,True
1048,2860,2804,2,3092.8,611.2,2026-08-28T17:31:44.583642,etregue,4,True
1049,97637,1677,4,3471.68,678.17,2026-01-13T17:31:44.583642,entregue,4,True
1050,5,91134,10,4787.75,937.53,2026-07-11T17:31:44.583642,pendente,1,True
1051,1529,90056,5,1153.75,287.96,2026-02-19T17:31:44.583642,entregue,3,True
1052,2063,4977,4,1641.76,470.67,2025-11-20T17:31:44.583642,enviado,5,True
1053,4789,300,5,159.52,20.65,2026-02-13T17:31:44.583642,pendente,3,True
1054,1111,3349,-9,1060.86,285.13,2025-12-09T17:31:44.583642,pendente,2,True
1055,1161,3158,8,-217.26,68.67,2025-12-06T17:31:44.583642,enviado,1,True
1056,459,1342,9,100.0,150.0,2026-07-30T17:31:44.583642,pago,2,True
1057,3055,98557,5,2679.84,567.64,2026-05-06T17:31:44.583642,entregue,2,True
1058,4481,470,8,888.12,91.05,2026-04-07T17:31:44.583642,CAnceLadO,1,True
1059,2012,1403,4,1016.03,72.78,2027-10-09T17:31:44.717549,cancelado,2,True
1060,1827,99632,1,2025.04,178.38,2026-01-08T17:31:44.583642,enviado,3,True
1061,3299,2929,4,1917.23,221.43,2025-10-12T17:31:44.583642,CANCELADO,4,True
1062,4046,4257,10,1761.55,114.07,2026-03-21T17:31:44.583642,ENTREGUE,4,True
1063,94215,494,7,113.42,8.19,2026-01-06T17:31:44.583642,pago,4,True
1064,4802,29,10,4924.24,585.75,2025-11-13T17:31:44.583642,Pago,5,True
1065,3171,3178,3,816.95,243.97,2026-06-05T17:31:44.583642,pago.,4,True
1066,4038,2597,6,1965.41,304.03,2026-04-24T17:31:44.583642,PEndENtE,4,True
1067,3513,4942,4,-779.08,971.44,2025-11-10T17:31:44.583642,enviado,1,True
1068,1349,3818,9,4852.05,1102.89,2027-10-09T17:31:44.717675,cancelado,5,True
1069,1359,924,2,4358.72,885.24,2026-08-26T17:31:44.583642,pendente,6,True
1070,2797,1881,9,3290.48,549.22,2026-04-08T17:31:44.583642,eNviaDO,3,True
1071,94323,4178,4,225.31,11.28,2025-12-21T17:31:44.583642,cancelado,4,True
1072,1468,2078,3,4905.33,1139.62,2026-03-17T17:31:44.583642,enviado,100,True
1073,1966,2753,9,100.0,150.0,2026-09-13T17:31:44.583642,cancelado,3,True
1074,3877,3001,6,4174.59,152.05,2026-06-05T17:31:44.583642,enviado,-1,True
1075,1259,91177,2,2398.17,403.16,2025-10-21T17:31:44.583642,cancelado,3,True
1076,4984,4001,7,2039.13,574.07,2026-04-14T17:31:44.583642,ENTREGUE,2,True
1077,2842,4916,6,100.0,150.0,2026-06-13T17:31:44.583642,cancelado,3,True
1078,3936,338,-6,1879.33,417.43,2026-05-08T17:31:44.583642,cancelado,3,True
1079,2120,91958,4,3938.27,1157.26,2026-08-22T17:31:44.583642,pago,3,True
1080,2992,2384,7,4708.58,395.54,2026-07-05T17:31:44.583642,pago,1,True
1081,90063,3607,5,2702.26,138.89,2026-09-14T17:31:44.583642,enviado,1,True
1082,4580,2714,9,752.73,192.45,2027-10-09T17:31:44.717786,pago,3,True
1083,3462,93620,6,4461.02,715.91,2026-03-05T17:31:44.583642,enviado,2,True
1084,1529,92899,1,1282.65,270.75,2026-08-24T17:31:44.583642,pago,3,True
1085,4487,4013,2,3643.39,571.87,2025-11-30T17:31:44.583642,entrege,2,True
1086,788,476,1,419.13,13.83,2027-10-09T17:31:44.717820,pendente,4,True
1087,3371,1542,7,100.0,150.0,2025-12-20T17:31:44.583642,pendente,5,True
1088,308,90660,4,3032.85,329.65,2026-05-09T17:31:44.583642,pago,4,True
1089,1787,683,5,2245.64,572.3,2025-10-12T17:31:44.583642,entregue,-1,True
1090,728,645,6,2419.97,711.06,2025-10-29T17:31:44.583642,entrege,3,True
1091,3526,4242,1,2737.28,523.11,2026-08-05T17:31:44.583642,enviado ,3,True
1092,355,373,10,2044.96,404.44,2025-12-01T17:31:44.583642,CAnCelADo,4,True
1093,300,96871,4,167.75,36.43,2026-04-16T17:31:44.583642,enviado,5,True
1094,4676,4560,-6,4817.68,693.38,2025-11-25T17:31:44.583642,pendente,3,True
1095,1508,793,3,-389.65,283.88,2026-02-11T17:31:44.583642,entregue,3,True
1096,2913,402,9,2538.85,156.3,2026-09-22T17:31:44.583642,enviado,5,True
1097,3832,1282,9,46.06,9.76,2027-10-09T17:31:44.717909,pago,3,True
1098,1006,127,9,2387.48,711.68,2025-12-13T17:31:44.583642,enviadio,3,True
1099,1946,1396,7,2774.35,399.82,2025-12-23T17:31:44.583642,enviiado,3,True
1100,3211,3189,1,100.0,150.0,2026-08-28T17:31:44.583642,cancelado,1,True
1101,2339,1008,3,-138.26,17.08,2026-05-22T17:31:44.583642,entregue,1,True
1102,4963,1116,6,241.26,23.08,2026-08-02T17:31:44.583642,entregue,1,True
1103,4261,4713,-3,4712.96,377.28,2026-01-28T17:31:44.583642,cancelado,3,True
1104,3275,1060,1,2439.72,336.81,2026-03-13T17:31:44.583642,PAGO,3,True
1105,2096,796,7,354.97,80.7,2026-07-13T17:31:44.583642,entregue,,True
1106,723,95463,5,3201.34,318.78,2026-04-01T17:31:44.583642,enviado,3,True
1107,3248,194,9,574.26,83.94,2025-11-09T17:31:44.583642,pago,5,True
1108,4758,4606,6,1560.58,7.98,2026-06-28T17:31:44.583642,PENDENTE,3,True
1109,3198,4358,9,3339.37,533.53,2026-04-05T17:31:44.583642,Entregue,5,True
1110,3156,47,9,100.0,150.0,2025-10-22T17:31:44.583642,entregue,3,True
1111,2031,96519,5,4233.59,430.14,2025-10-25T17:31:44.583642,enviado,2,True
1112,2442,2725,-9,354.8,97.38,2026-03-27T17:31:44.583642,entregue,3,True
1113,4321,2807,9,100.0,150.0,2026-03-01T17:31:44.583642,cancelado,1,True
1114,1910,838,8,100.0,150.0,2026-05-31T17:31:44.583642,entregue,1,True
1115,2299,303,-3,4953.1,5.59,2026-06-22T17:31:44.583642,pago,3,True
1116,193,2648,8,100.0,150.0,2026-09-05T17:31:44.583642,cancelado,5,True
1117,4895,4106,10,-290.79,121.6,2026-03-27T17:31:44.583642,pago,3,True
1118,1440,99488,2,4864.65,686.28,2025-12-21T17:31:44.583642,cancelado,2,True
1119,526,97648,7,2832.18,480.49,2025-11-17T17:31:44.583642,pendente,2,True
1120,2305,4584,7,1184.33,118.41,2026-08-18T17:31:44.583642,Pago,2,True
1121,3528,2756,5,-701.16,30.06,2026-01-22T17:31:44.583642,cancelado,4,True
1122,2502,369,7,1501.11,276.44,2027-10-09T17:31:44.718105,cancelado,2,True
1123,1643,2326,9,4908.37,15.76,2026-09-07T17:31:44.583642,entrege,5,True
1124,4870,4988,10,4827.63,102.51,2025-10-22T17:31:44.583642,pago0,1,True
1125,2229,814,2,4569.71,48.99,2026-07-04T17:31:44.583642,cancelado,1,True
1126,94037,1645,1,1365.87,313.16,2026-05-23T17:31:44.583642,pago,5,True
1127,3600,2651,2,-227.86,22.78,2026-07-17T17:31:44.583642,enviado,2,True
1128,2573,4807,10,-136.29,25.23,2026-04-12T17:31:44.583642,enviado,3,True
1129,4121,2201,8,-429.85,620.86,2025-11-04T17:31:44.583642,pago,3,True
1130,94750,3355,7,868.24,122.5,2025-12-31T17:31:44.583642,cancelado,5,True
1131,2106,4796,8,1151.27,217.74,2026-02-06T17:31:44.583642,PAGO,5,True
1132,334,248,4,414.22,1.33,2026-02-11T17:31:44.583642,cancelado,10,True
1133,1359,1468,9,4168.26,694.95,2026-04-09T17:31:44.583642,PAgO,1,True
1134,1298,1024,5,-908.31,636.62,2025-10-29T17:31:44.583642,cancelado,4,True
1135,3548,3396,5,2546.22,430.85,2027-10-09T17:31:44.718209,enviado,3,True
1136,1859,23,3,4045.21,540.77,2025-11-05T17:31:44.583642,entregu,1,True
1137,318,2241,4,100.0,150.0,2026-05-10T17:31:44.583642,entregue,5,True
1138,4146,1770,9,3164.38,633.06,2026-05-07T17:31:44.583642,envado,2,True
1139,4569,2568,6,1596.59,417.02,2025-10-21T17:31:44.583642,PAGO,2,True
1140,4744,1162,4,998.41,88.5,2026-05-31T17:31:44.583642,canceldo,2,True
1141,4992,1113,9,2386.3,92.63,2026-09-09T17:31:44.583642,CANCELADO,5,True
1142,4237,894,4,100.0,150.0,2026-05-24T17:31:44.583642,entregue,5,True
1143,991,312,3,1211.9,306.89,2027-10-09T17:31:44.718272,cancelado,2,True
1144,828,1123,2,641.04,33.78,2026-01-01T17:31:44.583642,ENTREGUE,5,True
1145,635,1859,7,2433.27,107.23,2026-01-12T17:31:44.583642,entregue ,4,True
1146,1411,1291,2,2778.01,20.72,2026-01-04T17:31:44.583642,PEnDENtE,4,True
1147,4584,4718,9,3475.91,870.39,2026-02-18T17:31:44.583642,Cancelado,3,True
1148,3935,1363,3,577.65,122.6,2026-07-29T17:31:44.583642,EnvIaDo,4,True
1149,2178,353,1,439.38,130.34,2026-04-03T17:31:44.583642,pendente ,4,True
1150,2498,3987,2,2786.85,803.99,2026-03-15T17:31:44.583642,pago,4,True
1151,92518,3884,8,1818.33,492.47,2026-09-07T17:31:44.583642,entregue,1,True
1152,1728,3083,7,100.0,150.0,2026-05-18T17:31:44.583642,pendente,3,True
1153,758,1067,-4,438.39,13.79,2025-11-12T17:31:44.583642,cancelado,4,True
1154,1370,3000,8,4815.78,835.7,2026-07-08T17:31:44.583642,pendente,100,True
1155,3978,219,1,840.29,123.89,2026-09-11T17:31:44.583642,enviado,10,True
1156,2481,907,7,100.0,150.0,2025-11-30T17:31:44.583642,pago,2,True
1157,2169,4044,-6,2844.66,688.61,2026-03-29T17:31:44.583642,pago,2,True
1158,4239,3563,3,2971.91,671.67,2027-10-09T17:31:44.718411,pendente,4,True
1159,4513,706,3,2088.92,479.66,2025-11-04T17:31:44.583642,PeNdeNTE,4,True
1160,659,262,2,2488.69,282.75,2027-10-09T17:31:44.718430,entregue,3,True
1161,2488,539,4,3830.96,427.62,2026-08-06T17:31:44.583642,enviado ,2,True
1162,94512,149,6,3068.88,533.29,2026-03-19T17:31:44.583642,enviado,4,True
1163,399,2752,-10,1314.2,132.01,2026-02-01T17:31:44.583642,enviado,2,True
1164,2687,4085,10,-15.15,116.97,2026-09-10T17:31:44.583642,cancelado,2,True
1165,3188,290,9,100.0,150.0,2026-04-08T17:31:44.583642,entregue,3,True
1166,1758,1959,1,-818.56,9.14,2025-11-16T17:31:44.583642,entregue,2,True
1167,4293,3994,2,1308.79,250.38,2026-10-01T17:31:44.583642,ENVIaDO,1,True
1168,3570,1879,-8,1676.81,45.24,2026-06-24T17:31:44.583642,pendente,4,True
1169,3086,4003,1,1102.79,261.49,2027-10-09T17:31:44.718502,cancelado,2,True
1170,94155,3639,3,3558.7,301.41,2025-12-06T17:31:44.583642,enviado,5,True
1171,2121,1924,10,100.0,150.0,2026-07-08T17:31:44.583642,pago,3,True
1172,3311,99124,5,2734.49,317.69,2025-10-21T17:31:44.583642,pago,5,True
1173,1767,3083,6,4278.37,1179.46,2025-12-23T17:31:44.583642,entregue,-1,True
1174,4576,4499,6,641.94,15.23,2026-07-13T17:31:44.583642,Enviado,2,True
1175,2565,95773,10,1358.67,320.64,2025-11-19T17:31:44.583642,entregue,1,True
1176,2800,930,10,2065.22,578.24,2026-09-19T17:31:44.583642,PENDENTE,5,True
1177,3929,1772,9,100.0,150.0,2026-07-24T17:31:44.583642,enviado,1,True
1178,3137,3239,3,100.0,150.0,2026-05-23T17:31:44.583642,cancelado,4,True
1179,2515,1776,2,1534.46,458.28,2026-09-18T17:31:44.583642,Pago,5,True
1180,4243,4582,2,42.75,3.42,2026-03-29T17:31:44.583642,enviado,4,True
1181,528,127,8,2593.6,586.88,2026-03-23T17:31:44.583642,CAnCelAdo,2,True
1182,90772,569,8,3407.58,672.74,2026-09-05T17:31:44.583642,cancelado,5,True
1183,1267,1270,2,715.84,175.29,2025-11-24T17:31:44.583642,envado,4,True
1184,3383,1459,-10,2955.57,593.39,2026-09-25T17:31:44.583642,entregue,2,True
1185,2830,3558,10,3106.53,665.11,2026-04-09T17:31:44.583642,pendente,1,True
1186,3095,147,-3,2124.4,170.68,2026-06-30T17:31:44.583642,entregue,4,True
1187,3490,911,1,2781.51,819.15,2026-04-15T17:31:44.583642,cancelado,6,True
1188,170,3753,-3,2870.29,165.72,2026-04-06T17:31:44.583642,cancelado,4,True
1189,2414,2500,10,914.0,42.35,2026-05-28T17:31:44.583642,Cancelado,1,True
1190,2991,95466,9,3487.46,645.57,2025-11-01T17:31:44.583642,pago,2,True
1191,3487,1558,4,1694.45,464.25,2026-09-15T17:31:44.583642,cancelado,-1,True
1192,3425,1689,-8,3148.64,269.86,2026-03-03T17:31:44.583642,enviado,1,True
1193,1964,3674,9,421.84,124.68,2025-10-25T17:31:44.583642,pendente,,True
1194,4814,426,9,3235.75,837.08,2026-02-01T17:31:44.583642,entrege,3,True
1195,4391,2969,3,-860.1,771.62,2026-04-22T17:31:44.583642,pago,5,True
1196,1802,96901,6,2421.33,300.03,2026-06-20T17:31:44.583642,pendente,4,True
1197,191,2802,5,100.0,150.0,2025-12-24T17:31:44.583642,entregue,5,True
1198,2955,842,5,4491.79,1181.57,2026-04-15T17:31:44.583642,pendente,6,True
1199,97084,1309,7,4433.66,651.45,2026-05-20T17:31:44.583642,enviado,3,True
1200,2149,3548,9,2907.99,643.14,2027-10-09T17:31:44.718746,entregue,2,True
1201,2792,2789,-7,1445.85,36.34,2026-05-29T17:31:44.583642,enviado,3,True
1202,4258,22,-8,996.36,275.65,2026-07-09T17:31:44.583642,entregue,1,True
1203,1269,614,4,3988.26,58.88,2026-10-01T17:31:44.583642,ENVIADO,1,True
1204,2221,325,8,2166.73,361.71,2026-02-05T17:31:44.583642,entregue,10,True
1205,3674,3208,-7,960.56,192.22,2026-01-05T17:31:44.583642,pago,1,True
1206,3391,3834,7,2963.03,777.9,2026-01-04T17:31:44.583642,Cancelado,1,True
1207,3625,3804,7,100.0,150.0,2026-04-11T17:31:44.583642,cancelado,4,True
1208,4041,615,-7,3073.32,864.52,2026-02-06T17:31:44.583642,enviado,4,True
1209,3814,209,7,296.8,8.35,2025-10-29T17:31:44.583642,ENVIADO,4,True
1210,99798,3423,4,2144.39,369.58,2026-08-07T17:31:44.583642,entregue,3,True
1211,3255,322,9,-121.29,624.22,2026-03-30T17:31:44.583642,pago,2,True
1212,862,3497,10,-836.71,9.21,2025-11-17T17:31:44.583642,pendente,1,True
1213,1868,2255,3,2490.01,539.34,2025-12-18T17:31:44.583642,ENTREGUE,2,True
1214,4129,2520,2,4480.47,43.37,2026-03-26T17:31:44.583642,Enviado,2,True
1215,78,793,9,2884.98,66.46,2026-02-10T17:31:44.583642,cancelado,3,True
1216,728,1017,5,1570.21,361.58,2026-04-30T17:31:44.583642,pago,3,True
1217,4040,4996,8,1331.44,87.57,2026-02-07T17:31:44.583642,pago ,1,True
1218,3208,3283,-10,4770.18,1235.45,2026-02-25T17:31:44.583642,entregue,5,True
1219,95253,1802,1,2826.65,604.49,2025-12-26T17:31:44.583642,enviado,1,True
1220,2619,3560,10,3328.38,225.31,2026-02-09T17:31:44.583642,pendente,,True
1221,3442,3797,5,-464.69,661.7,2025-12-15T17:31:44.583642,cancelado,5,True
1222,2881,1789,3,12.01,1.25,2026-06-20T17:31:44.583642,PAGO,1,True
1223,94864,4037,2,3491.41,654.45,2026-06-27T17:31:44.583642,enviado,4,True
1224,91121,2734,2,1008.8,113.87,2026-02-19T17:31:44.583642,entregue,4,True
1225,4405,2194,3,-486.43,253.14,2026-08-14T17:31:44.583642,enviado,1,True
1226,3915,2478,-6,1734.53,202.96,2026-09-22T17:31:44.583642,cancelado,1,True
1227,4809,4497,4,100.0,150.0,2026-05-28T17:31:44.583642,cancelado,5,True
1228,4147,1874,1,4639.85,302.7,2026-03-30T17:31:44.583642,ENTREGUE,3,True
1229,4477,4525,7,4517.34,1140.67,2026-04-04T17:31:44.583642,ENVIADO,2,True
1230,4283,51,7,100.0,150.0,2025-11-25T17:31:44.583642,entregue,4,True
1231,3384,3910,1,-625.88,37.02,2026-08-19T17:31:44.583642,pago,2,True
1232,2857,4316,2,2789.36,96.75,2026-07-12T17:31:44.583642,Pago,2,True
1233,3032,3692,2,542.82,130.16,2026-07-31T17:31:44.583642,CAnCELadO,5,True
1234,4104,2271,3,3745.24,674.94,2025-11-20T17:31:44.583642,pedente,4,True
1235,94046,3548,1,3821.75,111.05,2025-11-21T17:31:44.583642,pago,2,True
1236,3256,4752,6,2202.4,602.72,2025-11-10T17:31:44.583642,Entregue,3,True
1237,3191,93725,8,2483.92,246.27,2026-08-04T17:31:44.583642,cancelado,2,True
1238,1693,4637,7,-63.28,790.62,2025-11-11T17:31:44.583642,entregue,3,True
1239,2438,4321,3,1525.12,146.59,2026-02-02T17:31:44.583642,PAGO,3,True
1240,3455,3873,10,2907.23,780.74,2025-12-28T17:31:44.583642,caNcELAdo,5,True
1241,156,1150,8,4134.91,762.01,2026-02-09T17:31:44.583642,entrege,5,True
1242,2811,1502,4,3921.45,714.79,2026-07-24T17:31:44.583642,enviado,1,True
1243,724,680,1,3239.29,190.34,2025-11-03T17:31:44.583642,ENTREGUE,2,True
1244,2877,1540,4,2588.86,180.78,2026-03-20T17:31:44.583642,ENTREGUE,3,True
1245,1392,992,8,1315.06,191.9,2025-11-28T17:31:44.583642,entrege,3,True
1246,1054,1310,2,1544.11,135.09,2025-10-19T17:31:44.583642,ENVIADO,3,True
1247,3170,3067,7,332.24,79.52,2027-10-09T17:31:44.719117,pendente,3,True
1248,3362,527,2,1033.79,216.59,2025-11-27T17:31:44.583642,enviadio,2,True
1249,98788,2271,7,794.27,157.95,2026-05-01T17:31:44.583642,cancelado,1,True
1250,4820,3316,-3,2191.95,377.58,2025-12-19T17:31:44.583642,pago,4,True
1251,2630,98,8,3144.69,266.15,2025-10-29T17:31:44.583642,PagO,2,True
1252,2137,3762,3,1102.85,252.36,2027-10-09T17:31:44.719157,pago,5,True
1253,1358,3362,7,504.81,57.03,2026-07-28T17:31:44.583642,pago ,3,True
1254,3841,1479,10,277.29,43.12,2026-02-27T17:31:44.583642,ENVIADO,2,True
1255,2458,930,6,376.82,53.61,2026-09-07T17:31:44.583642,CANCELADO,3,True
1256,824,91871,7,4076.89,748.03,2026-10-06T17:31:44.583642,entregue,5,True
1257,4330,1535,2,2680.01,219.59,2026-06-04T17:31:44.583642,enviado,2,True
1258,1897,1547,5,3875.46,703.71,2025-10-14T17:31:44.583642,Cancelado,4,True
1259,92750,176,3,2570.64,167.95,2026-09-29T17:31:44.583642,entregue,2,True
1260,4932,2772,7,4441.87,1149.96,2026-05-17T17:31:44.583642,enviado,6,True
1261,3780,3744,6,100.0,150.0,2025-12-09T17:31:44.583642,entregue,3,True
1262,2873,2109,10,-951.82,50.02,2026-01-15T17:31:44.583642,pago,1,True
1263,2681,814,1,815.03,134.72,2026-03-18T17:31:44.583642,enviiado,3,True
1264,4421,321,4,4301.14,531.14,2026-07-29T17:31:44.583642,PAGO,4,True
1265,3446,1402,1,1070.02,212.4,2026-08-17T17:31:44.583642,enviado,-1,True
1266,529,1502,8,3440.85,326.35,2026-07-07T17:31:44.583642,entregue,3,True
1267,2244,2612,4,-960.2,26.33,2026-03-27T17:31:44.583642,entregue,1,True
1268,2040,94050,9,3452.77,724.88,2026-01-14T17:31:44.583642,enviado,3,True
1269,3992,3744,3,3618.1,114.73,2027-10-09T17:31:44.719305,pendente,1,True
1270,3717,2438,-3,2274.2,647.01,2026-02-25T17:31:44.583642,entregue,4,True
1271,2759,3208,9,3339.51,330.58,2026-07-03T17:31:44.583642,pago0,1,True
1272,92971,131,4,4691.2,371.59,2026-02-11T17:31:44.583642,cancelado,3,True
1273,1809,191,7,3285.28,382.01,2026-01-07T17:31:44.583642,eNtRegue,1,True
1274,3290,98224,6,2118.83,239.17,2026-05-23T17:31:44.583642,pendente,3,True
1275,1065,4965,10,2887.07,20.04,2026-07-30T17:31:44.583642,eNVIadO,2,True
1276,3061,3453,6,4641.89,413.9,2027-10-09T17:31:44.719372,pago,5,True
1277,2607,1230,3,11.49,3.18,2026-03-29T17:31:44.583642,eNVIado,3,True
1278,3413,970,5,1136.45,65.49,2027-10-09T17:31:44.719390,pendente,5,True
1279,500,3501,2,4411.09,300.07,2027-10-09T17:31:44.719399,cancelado,4,True
1280,4935,156,3,926.96,171.9,2026-04-18T17:31:44.583642,enviado ,5,True
1281,4127,3484,3,1166.06,209.45,2026-09-14T17:31:44.583642,Entregue,5,True
1282,3846,2582,8,2443.0,36.21,2026-09-25T17:31:44.583642,cancelado,5,True
1283,21,91943,9,3604.47,820.01,2026-05-18T17:31:44.583642,pago,3,True
1284,199,4267,2,3845.75,419.81,2025-12-17T17:31:44.583642,pendente,1,True
1285,2208,1676,1,100.0,150.0,2025-12-01T17:31:44.583642,entregue,1,True
1286,1697,4248,2,100.0,150.0,2026-08-29T17:31:44.583642,cancelado,5,True
1287,3283,2435,6,100.0,150.0,2025-10-18T17:31:44.583642,pendente,2,True
1288,2494,2494,6,3500.08,367.62,2027-10-09T17:31:44.719468,cancelado,3,True
1289,371,94065,10,2578.5,310.86,2026-03-23T17:31:44.583642,pago,4,True
1290,1325,301,6,1956.26,371.84,2027-10-09T17:31:44.719492,cancelado,2,True
1291,916,1469,4,-767.26,450.95,2025-12-20T17:31:44.583642,pendente,1,True
1292,1893,91682,7,4969.18,420.96,2026-03-16T17:31:44.583642,pendente,4,True
1293,3986,442,3,2512.07,8.72,2025-12-10T17:31:44.583642,Cancelado,4,True
1294,771,2743,-5,4902.08,1373.28,2026-05-29T17:31:44.583642,entregue,1,True
1295,3857,1281,2,4946.39,409.64,2025-10-16T17:31:44.583642,Pago,3,True
1296,3470,2405,7,4831.66,1445.32,2026-01-29T17:31:44.583642,ENTREGUE,1,True
1297,207,3496,-5,1940.6,435.32,2026-10-04T17:31:44.583642,enviado,4,True
1298,4886,2716,10,187.14,10.17,2027-10-09T17:31:44.719582,pendente,5,True
1299,4484,2665,5,172.48,15.89,2025-10-27T17:31:44.583642,canceladu,4,True
1300,99865,2538,8,1377.46,97.19,2026-09-06T17:31:44.583642,entregue,5,True
1301,3558,1148,4,1859.71,296.98,2026-04-15T17:31:44.583642,enviado,5,True
1302,1386,2425,6,1678.48,369.33,2026-01-15T17:31:44.583642,Pendente,1,True
1303,1515,2355,3,4582.73,1299.02,2026-03-29T17:31:44.583642,pendente,4,True
1304,2591,339,6,2944.1,152.61,2027-10-09T17:31:44.719631,entregue,1,True
1305,3929,2168,3,100.0,150.0,2026-02-26T17:31:44.583642,pago,1,True
1306,659,3587,-3,644.86,6.72,2025-12-22T17:31:44.583642,entregue,1,True
1307,91595,1926,8,4777.86,763.75,2026-06-24T17:31:44.583642,enviado,5,True
1308,4093,1760,4,-913.2,97.24,2025-12-09T17:31:44.583642,cancelado,4,True
1309,2086,95596,7,1211.82,281.79,2026-04-24T17:31:44.583642,entregue,4,True
1310,3658,4059,3,2179.91,437.12,2025-11-18T17:31:44.583642,pendente,2,True
1311,462,352,6,4372.41,943.55,2025-10-22T17:31:44.583642,ENVIADO,1,True
1312,737,1581,9,-921.1,793.81,2025-12-07T17:31:44.583642,pendente,2,True
1313,99829,2806,6,4174.8,336.93,2026-09-12T17:31:44.583642,cancelado,3,True
1314,3912,830,1,-983.66,190.6,2026-04-27T17:31:44.583642,pendente,4,True
1315,4470,2701,1,1828.36,125.08,2026-04-09T17:31:44.583642,entregue,1,True
1316,649,96194,9,3992.58,616.97,2026-02-21T17:31:44.583642,pendente,3,True
1317,1938,1284,4,1109.38,222.12,2026-09-26T17:31:44.583642,pendnete,3,True
1318,1253,982,4,1496.16,89.78,2026-07-31T17:31:44.583642,Cancelado,1,True
1319,1671,3699,-4,3258.78,823.04,2026-08-17T17:31:44.583642,pago,3,True
1320,1127,651,6,2976.59,42.9,2025-11-10T17:31:44.583642,Enviado,5,True
1321,4423,2304,1,462.32,40.13,2026-03-13T17:31:44.583642,entregue,,True
1322,2051,3973,2,3469.16,397.91,2026-02-17T17:31:44.583642,enviado ,3,True
1323,240,321,-7,3293.01,199.09,2025-12-10T17:31:44.583642,pendente,5,True
1324,2186,97808,7,336.07,53.99,2026-03-20T17:31:44.583642,pendente,1,True
1325,111,4630,2,2124.93,349.26,2025-12-08T17:31:44.583642,enviado,-1,True
1326,4307,1056,4,3753.3,402.77,2026-02-20T17:31:44.583642,Pendente,2,True
1327,2930,472,8,1087.26,307.96,2026-07-25T17:31:44.583642,PAGO,1,True
1328,2549,3654,7,3024.89,245.05,2026-06-26T17:31:44.583642,ENVIADO,4,True
1329,2122,2549,5,4285.38,565.51,2026-02-15T17:31:44.583642,ENVIADO,4,True
1330,3782,1326,2,2626.13,142.74,2026-04-12T17:31:44.583642,Enviado,4,True
1331,2649,2601,3,-753.72,71.25,2026-09-23T17:31:44.583642,enviado,1,True
1332,97433,4214,3,1306.76,59.19,2026-02-15T17:31:44.583642,cancelado,5,True
1333,4062,2265,5,4012.22,496.43,2026-06-30T17:31:44.583642,Pago,1,True
1334,4904,4847,8,-398.37,1080.08,2026-09-30T17:31:44.583642,pendente,2,True
1335,2663,906,-10,4068.73,918.51,2026-08-18T17:31:44.583642,cancelado,2,True
1336,4786,3375,6,1256.19,356.37,2025-12-21T17:31:44.583642,pago,3,True
1337,3132,1518,3,1581.28,441.03,2025-11-10T17:31:44.583642,ENTREGUE,4,True
1338,1473,3152,2,1020.31,202.62,2026-01-07T17:31:44.583642,Pendente,4,True
1339,1570,4309,3,1629.72,410.35,2026-05-16T17:31:44.583642,eNTreGue,2,True
1340,1394,2759,10,3228.43,455.86,2026-09-03T17:31:44.583642,ENVIADO,4,True
1341,4943,4432,2,100.0,150.0,2026-04-01T17:31:44.583642,cancelado,3,True
1342,93438,4275,5,4292.38,539.86,2026-05-04T17:31:44.583642,cancelado,2,True
1343,353,3583,3,244.87,25.9,2026-05-14T17:31:44.583642,PENDENTE,2,True
1344,283,533,-5,1103.66,86.0,2026-04-19T17:31:44.583642,entregue,3,True
1345,4307,2618,8,1773.47,207.99,2026-02-01T17:31:44.583642,pAgo,1,True
1346,115,832,1,3968.63,241.41,2026-07-11T17:31:44.583642,CANCELADO,1,True
1347,1970,1948,8,1822.85,168.25,2026-03-29T17:31:44.583642,paguo,2,True
1348,1465,535,-3,4712.46,538.15,2025-11-15T17:31:44.583642,cancelado,2,True
1349,2037,4467,9,1782.26,20.52,2026-03-23T17:31:44.583642,EnTReGue,2,True
1350,3007,1125,10,3430.79,6.53,2027-10-09T17:31:44.719997,cancelado,4,True
1351,1856,3791,9,1608.68,304.53,2026-02-17T17:31:44.583642,enviado,10,True
1352,3204,3782,3,100.0,150.0,2026-04-05T17:31:44.583642,pendente,5,True
1353,519,1228,4,-399.23,176.52,2025-11-04T17:31:44.583642,enviado,5,True
1354,96200,764,7,2697.0,32.48,2025-11-29T17:31:44.583642,pendente,2,True
1355,1885,1180,-7,4754.52,1098.01,2026-10-03T17:31:44.583642,enviado,2,True
1356,2922,98716,8,3704.72,811.18,2026-01-11T17:31:44.583642,entregue,4,True
1357,2134,3036,10,434.85,32.94,2025-12-18T17:31:44.583642,pago,10,True
1358,3979,758,2,-447.66,757.98,2026-04-28T17:31:44.583642,enviado,1,True
1359,260,3026,9,1131.35,72.42,2026-07-18T17:31:44.583642,pago0,4,True
1360,4747,4179,2,-663.67,594.3,2025-12-13T17:31:44.583642,pago,3,True
1361,4780,4401,8,3277.0,270.08,2026-05-16T17:31:44.583642,entregue,3,True
1362,2944,4359,-3,4371.71,1010.51,2026-08-02T17:31:44.583642,entregue,2,True
1363,2636,532,6,-905.11,1.18,2026-06-09T17:31:44.583642,enviado,1,True
1364,820,2064,-8,1441.41,63.79,2025-11-23T17:31:44.583642,cancelado,4,True
1365,1998,3348,8,3679.97,128.88,2027-10-09T17:31:44.720113,entregue,5,True
1366,1718,90142,5,1996.74,518.48,2026-04-18T17:31:44.583642,cancelado,2,True
1367,715,92004,2,4126.01,613.84,2026-05-29T17:31:44.583642,pendente,1,True
1368,1721,4314,-7,2517.36,689.0,2025-11-14T17:31:44.583642,enviado,1,True
1369,4806,4946,5,100.0,150.0,2025-10-14T17:31:44.583642,enviado,1,True
1370,1662,4694,7,4372.08,595.75,2026-03-03T17:31:44.583642,entregue,1,True
1371,266,558,2,4288.58,574.71,2025-12-12T17:31:44.583642,enVIADO,5,True
1372,4296,1949,1,3710.03,548.42,2025-11-23T17:31:44.583642,entregue,100,True
1373,4108,1521,8,1045.11,109.03,2026-03-31T17:31:44.583642,enviado,6,True
1374,966,92140,3,516.14,92.36,2025-10-23T17:31:44.583642,pendente,3,True
1375,1209,1550,7,750.22,132.69,2027-10-09T17:31:44.720193,entregue,2,True
1376,2236,523,3,330.23,41.59,2026-05-18T17:31:44.583642,Pendente,3,True
1377,1801,3160,7,-326.0,902.18,2026-07-01T17:31:44.583642,pago,2,True
1378,95555,274,9,786.99,36.2,2025-12-14T17:31:44.583642,entregue,2,True
1379,2071,2120,4,1901.33,198.41,2025-11-21T17:31:44.583642,canceldo,4,True
1380,4794,514,6,415.36,66.21,2025-11-06T17:31:44.583642,pendente,4,True
1381,4184,1920,-1,2557.25,430.06,2026-04-23T17:31:44.583642,pendente,3,True
1382,4241,1198,9,4162.73,693.84,2026-04-23T17:31:44.583642,pago,1,True
1383,1741,1368,6,3439.28,529.69,2025-12-06T17:31:44.583642,cAnCeLADO,4,True
1384,3205,3902,8,100.0,150.0,2026-09-11T17:31:44.583642,pago,4,True
1385,343,124,3,155.28,7.29,2026-01-14T17:31:44.583642,Cancelado,2,True
1386,4287,3666,9,4818.65,970.96,2025-10-29T17:31:44.583642,Entregue,3,True
1387,525,1530,2,-799.78,70.23,2026-06-11T17:31:44.583642,pendente,2,True
1388,868,574,9,100.0,150.0,2026-09-17T17:31:44.583642,pago,5,True
1389,1753,2620,9,1418.91,379.1,2025-11-29T17:31:44.583642,ENTREGUE,1,True
1390,1079,1308,9,1238.4,4.56,2026-01-23T17:31:44.583642,enviado ,5,True
1391,1167,967,6,239.46,58.98,2026-06-07T17:31:44.583642,pendente,4,True
1392,1829,4163,8,1728.7,468.06,2025-12-26T17:31:44.583642,pago,5,True
1393,3056,4146,10,2330.9,488.64,2027-10-09T17:31:44.720337,pendente,3,True
1394,96959,1484,2,3157.86,319.06,2026-04-15T17:31:44.583642,pago,4,True
1395,3575,2261,2,2531.75,683.89,2027-10-09T17:31:44.720354,pago,4,True
1396,93141,4107,2,2342.18,673.26,2026-09-26T17:31:44.583642,pendente,1,True
1397,3142,2992,3,4256.47,816.66,2027-10-09T17:31:44.720379,cancelado,4,True
1398,3003,90958,9,3077.65,624.68,2025-11-13T17:31:44.583642,pendente,4,True
1399,2275,4814,7,3598.29,433.65,2027-10-09T17:31:44.720395,entregue,3,True
1400,1556,90223,2,652.81,99.56,2026-08-11T17:31:44.583642,entregue,3,True
1401,1664,4255,1,100.0,150.0,2026-09-29T17:31:44.583642,enviado,2,True
1402,2307,2136,9,4669.32,1041.91,2026-02-22T17:31:44.583642,pago,3,True
1403,4548,1427,10,4244.61,189.5,2027-10-09T17:31:44.720428,pago,5,True
1404,2543,2648,4,961.14,286.14,2026-06-18T17:31:44.583642,Pendente,1,True
1405,2033,323,2,100.0,150.0,2026-05-22T17:31:44.583642,enviado,4,True
1406,4343,1653,8,3347.88,799.65,2026-01-06T17:31:44.583642,Enviado,1,True
1407,2602,4078,7,128.7,24.35,2025-12-09T17:31:44.583642,PENDENTE,5,True
1408,3191,2485,7,2115.1,160.35,2026-09-02T17:31:44.583642,canceldo,1,True
1409,594,4922,-8,601.94,122.25,2026-08-31T17:31:44.583642,entregue,5,True
1410,2321,98440,5,1697.81,352.41,2026-07-03T17:31:44.583642,entregue,4,True
1411,2600,3482,9,819.64,225.78,2027-10-09T17:31:44.720491,cancelado,3,True
1412,3825,1462,9,513.4,33.41,2025-12-12T17:31:44.583642,Cancelado,2,True
1413,2653,90919,8,4853.37,212.75,2026-10-03T17:31:44.583642,pago,5,True
1414,105,3754,5,1156.14,118.73,2026-05-26T17:31:44.583642,PENDENTE,2,True
1415,4576,2482,2,100.0,150.0,2026-01-07T17:31:44.583642,entregue,5,True
1416,4966,4792,9,1182.11,290.52,2027-10-09T17:31:44.720530,cancelado,4,True
1417,1681,1218,8,2367.0,456.14,2026-04-05T17:31:44.583642,Pago,4,True
1418,96049,4753,8,4385.05,229.91,2025-11-07T17:31:44.583642,pendente,2,True
1419,992,2145,2,844.8,191.48,2026-09-20T17:31:44.583642,canceladu,4,True
1420,427,2787,6,554.98,67.86,2025-12-22T17:31:44.583642,Cancelado,1,True
1421,1909,97156,4,3413.85,264.11,2026-04-17T17:31:44.583642,cancelado,2,True
1422,1440,2410,9,100.0,150.0,2026-09-10T17:31:44.583642,cancelado,4,True
1423,1747,1886,9,1465.06,228.51,2026-03-05T17:31:44.583642,enviado,,True
1424,3178,2239,7,3563.84,1030.83,2026-07-15T17:31:44.583642,pago ,4,True
1425,2843,1627,4,100.0,150.0,2026-09-16T17:31:44.583642,cancelado,3,True
1426,4391,1004,7,2053.58,152.89,2026-08-18T17:31:44.583642,Pendente,3,True
1427,1428,4718,5,1694.62,70.19,2026-06-29T17:31:44.583642,cacelado,5,True
1428,1493,2168,5,524.64,144.91,2027-10-09T17:31:44.720813,pago,3,True
1429,856,3182,3,2646.27,518.63,2025-10-30T17:31:44.583642,Pago,2,True
1430,1227,95962,4,2990.79,177.26,2026-06-18T17:31:44.583642,entregue,1,True
1431,4770,4828,6,-247.61,126.88,2026-04-17T17:31:44.583642,pendente,1,True
1432,3328,3877,3,62.77,9.74,2025-12-04T17:31:44.583642,Enviado,4,True
1433,251,2764,-5,4575.36,594.53,2025-12-08T17:31:44.583642,pendente,3,True
1434,3626,4222,6,-334.16,210.02,2026-02-16T17:31:44.583642,cancelado,4,True
1435,4774,999,5,4684.03,1141.81,2026-06-20T17:31:44.583642,PagO,5,True
1436,4281,2144,-4,1138.08,322.2,2026-08-17T17:31:44.583642,entregue,1,True
1437,1426,4770,4,405.21,37.59,2026-05-09T17:31:44.583642,ENVIADO,2,True
1438,92663,4641,6,284.04,38.73,2026-04-18T17:31:44.583642,entregue,3,True
1439,1947,1048,10,2615.19,748.74,2026-02-19T17:31:44.583642,Entregue,2,True
1440,1302,377,1,100.0,150.0,2026-06-21T17:31:44.583642,pago,4,True
1441,2888,1415,4,4290.09,238.75,2025-10-17T17:31:44.583642,entregue,1,True
1442,2943,1090,7,-583.58,75.98,2026-07-18T17:31:44.583642,enviado,5,True
1443,4502,886,7,-751.61,458.91,2025-10-21T17:31:44.583642,cancelado,5,True
1444,788,1235,7,-297.16,700.17,2026-01-11T17:31:44.583642,pendente,5,True
1445,3140,95480,10,538.35,144.98,2026-07-02T17:31:44.583642,pago,3,True
1446,4872,1836,10,-633.87,386.95,2026-06-11T17:31:44.583642,entregue,4,True
1447,2397,3570,2,1678.23,403.88,2025-12-13T17:31:44.583642,Pago,2,True
1448,2585,4499,8,-293.78,13.91,2026-02-11T17:31:44.583642,enviado,3,True
1449,1943,3401,1,677.75,74.38,2026-06-15T17:31:44.583642,entregue,1,True
1450,2156,98369,7,3849.41,1113.1,2026-04-02T17:31:44.583642,enviado,1,True
1451,2533,96728,9,3642.29,1082.44,2026-07-09T17:31:44.583642,pendente,1,True
1452,2365,3691,2,2045.93,121.94,2025-10-18T17:31:44.583642,PENDENTE,3,True
1453,3024,1845,1,-767.74,331.78,2026-06-21T17:31:44.583642,enviado,5,True
1454,3063,1197,5,2892.16,753.07,2026-08-07T17:31:44.583642,enVIaDO,3,True
1455,2541,193,7,1750.97,275.7,2026-01-17T17:31:44.583642,cancelado,6,True
1456,1323,809,3,100.0,150.0,2025-10-14T17:31:44.583642,cancelado,4,True
1457,2895,3128,-2,1734.72,116.51,2026-09-13T17:31:44.583642,enviado,5,True
1458,1299,711,3,1625.48,360.13,2026-03-08T17:31:44.583642,Enviado,4,True
1459,3254,94893,7,3597.64,592.92,2026-03-12T17:31:44.583642,pago,5,True
1460,4463,4670,-8,3521.86,799.84,2026-09-17T17:31:44.583642,enviado,1,True
1461,1402,361,7,100.0,150.0,2026-03-26T17:31:44.583642,enviado,4,True
1462,2953,90546,7,4344.28,1077.09,2025-11-01T17:31:44.583642,pago,3,True
1463,1490,2269,7,435.08,64.09,2026-10-05T17:31:44.583642,cancelado,5,True
1464,3401,2385,9,100.0,150.0,2026-08-04T17:31:44.583642,entregue,1,True
1465,95738,4475,3,3187.21,249.1,2026-06-21T17:31:44.583642,entregue,3,True
1466,4072,4871,6,1909.71,165.86,2026-05-28T17:31:44.583642,enviado,3,True
1467,1491,4090,4,634.48,3.98,2026-09-06T17:31:44.583642,pAGo,2,True
1468,3362,3848,9,3975.14,894.77,2026-03-12T17:31:44.583642,cancelado,2,True
1469,4098,4596,10,4418.15,930.67,2025-12-05T17:31:44.583642,entregu,4,True
1470,1348,1723,10,100.0,150.0,2026-07-29T17:31:44.583642,pendente,2,True
1471,4680,91818,10,239.01,43.99,2026-01-29T17:31:44.583642,pago,1,True
1472,3268,3509,9,384.34,21.76,2025-12-03T17:31:44.583642,pendente,3,True
1473,91013,530,6,2182.82,489.56,2026-08-13T17:31:44.583642,pago,2,True
1474,1659,38,9,4580.89,385.36,2026-07-23T17:31:44.583642,cancelado,10,True
1475,3342,1676,8,532.37,104.37,2026-01-03T17:31:44.583642,paguo,1,True
1476,2016,1760,4,2056.23,3.73,2026-06-25T17:31:44.583642,pago,6,True
1477,2591,90421,7,1428.39,186.98,2026-01-13T17:31:44.583642,entregue,3,True
1478,3182,310,6,178.25,30.22,2027-10-09T17:31:44.721212,pago,3,True
1479,168,3188,7,4431.71,494.94,2026-03-19T17:31:44.583642,ENTRegUe,4,True
1480,1322,2803,9,2741.69,742.56,2026-05-07T17:31:44.583642,entregue ,4,True
1481,3781,1991,9,-454.51,43.77,2025-11-21T17:31:44.583642,pago,1,True
1482,2037,719,2,4040.65,171.66,2025-11-29T17:31:44.583642,pago,10,True
1483,2100,1647,5,283.03,39.7,2026-09-30T17:31:44.583642,Pago,3,True
1484,1060,919,9,97.6,14.48,2026-02-27T17:31:44.583642,entregue,100,True
1485,3235,3870,8,1735.86,325.81,2026-06-09T17:31:44.583642,enviado,2,True
1486,3355,76,10,3269.06,336.53,2026-02-12T17:31:44.583642,Pago,4,True
1487,1534,4993,6,3333.64,634.12,2025-11-11T17:31:44.583642,cacelado,3,True
1488,1004,3216,1,699.27,177.12,2026-03-24T17:31:44.583642,canceladu,4,True
1489,439,3729,1,2541.7,638.14,2026-01-03T17:31:44.583642,Entregue,3,True
1490,4109,4031,-3,1591.67,228.69,2026-09-24T17:31:44.583642,cancelado,4,True
1491,2717,4706,6,-395.87,9.85,2026-08-29T17:31:44.583642,cancelado,1,True
1492,3117,681,7,4772.45,316.1,2026-06-05T17:31:44.583642,enviiado,2,True
1493,99819,3810,10,1890.25,282.15,2026-08-19T17:31:44.583642,enviado,4,True
1494,1118,614,5,4186.07,347.69,2026-01-03T17:31:44.583642,pago,10,True
1495,567,4227,-5,1936.55,3.58,2026-08-11T17:31:44.583642,pago,3,True
1496,4921,253,8,1407.81,20.7,2025-12-01T17:31:44.583642,pago,4,True
1497,2982,4037,9,100.0,150.0,2026-01-18T17:31:44.583642,pago,1,True
1498,96780,1764,3,1525.98,32.13,2026-01-12T17:31:44.583642,cancelado,2,True
1499,4049,4437,9,2915.93,503.85,2026-02-15T17:31:44.583642,CANCELADO,3,True
1500,1862,951,10,2820.51,262.75,2026-04-29T17:31:44.583642,cancelado ,5,True
1501,4158,2192,7,-482.4,1338.93,2026-09-27T17:31:44.583642,cancelado,1,True
1502,3256,3230,1,2366.7,282.17,2026-07-14T17:31:44.583642,CANCELADO,1,True
1503,2914,63,4,2342.05,157.34,2027-10-09T17:31:44.721422,cancelado,4,True
1504,2711,1362,1,100.0,150.0,2026-05-20T17:31:44.583642,entregue,4,True
1505,1846,894,9,502.32,30.51,2026-05-07T17:31:44.583642,pago,2,True
1506,2668,27,10,1850.4,118.11,2026-10-08T17:31:44.583642,pndente,5,True
1507,886,247,6,720.13,130.41,2025-10-27T17:31:44.583642,enTreGuE,5,True
1508,3449,4244,4,932.9,146.48,2026-06-08T17:31:44.583642,Pendente,5,True
1509,2215,207,8,1289.81,85.99,2025-11-25T17:31:44.583642,Pendente,4,True
1510,2427,1376,8,-222.31,49.29,2026-03-09T17:31:44.583642,entregue,3,True
1511,4090,4462,9,3330.01,332.58,2026-07-16T17:31:44.583642,pago0,5,True
1512,915,1,10,-771.69,180.47,2025-12-29T17:31:44.583642,pendente,3,True
1513,1544,1530,3,83.81,2.17,2026-01-04T17:31:44.583642,entrEGUe,2,True
1514,2428,2979,2,4523.57,796.04,2027-10-09T17:31:44.721584,cancelado,4,True
1515,3439,4431,1,3239.81,370.87,2026-05-24T17:31:44.583642,ENVIADO,5,True
1516,93746,3149,8,2475.81,49.24,2026-07-31T17:31:44.583642,pago,2,True
1517,2551,4204,6,100.0,150.0,2026-07-06T17:31:44.583642,enviado,4,True
1518,4152,210,1,590.88,159.34,2026-04-18T17:31:44.583642,canceladu,2,True
1519,4173,22,7,100.0,150.0,2026-08-09T17:31:44.583642,enviado,3,True
1520,2882,3822,3,2342.33,433.45,2026-01-26T17:31:44.583642,PENDENTE,5,True
1521,1482,3698,6,1115.82,304.36,2026-07-12T17:31:44.583642,enviado,1,True
1522,90113,3773,6,2274.36,443.79,2026-04-12T17:31:44.583642,pago,5,True
1523,392,4482,4,1594.63,15.93,2026-06-09T17:31:44.583642,pendente,3,True
1524,4902,4777,9,100.0,150.0,2026-02-04T17:31:44.583642,pago,4,True
1525,4270,1402,2,3860.21,603.67,2026-01-29T17:31:44.583642,enviado,10,True
1526,2575,681,10,1780.8,479.81,2026-07-31T17:31:44.583642,pago,4,True
1527,624,95989,9,1225.0,54.1,2025-11-06T17:31:44.583642,entregue,2,True
1528,2373,4176,6,2660.01,435.26,2025-10-25T17:31:44.583642,cancelado,6,True
1529,4845,3823,9,2671.17,264.67,2026-09-04T17:31:44.583642,enviado,4,True
1530,20,2075,3,100.0,150.0,2025-11-06T17:31:44.583642,enviado,4,True
1531,4212,4003,9,969.6,238.23,2025-11-02T17:31:44.583642,eNvIAdO,1,True
1532,1303,1701,6,2066.83,400.49,2026-01-15T17:31:44.583642,ENTREGUE,3,True
1533,4122,4333,9,146.59,8.18,2026-04-17T17:31:44.583642,CANCELADO,2,True
1534,2355,2210,8,100.0,150.0,2026-08-07T17:31:44.583642,enviado,1,True
1535,4522,497,5,2755.19,86.32,2027-10-09T17:31:44.721884,cancelado,2,True
1536,1362,4833,-6,4436.13,523.42,2026-09-03T17:31:44.583642,pendente,2,True
1537,4513,4519,5,100.0,150.0,2025-12-19T17:31:44.583642,enviado,2,True
1538,3803,2295,2,4867.1,491.25,2026-05-23T17:31:44.583642,CANCELADO,1,True
1539,93879,1195,10,2280.64,254.56,2025-10-11T17:31:44.583642,cancelado,4,True
1540,3652,4928,6,100.0,150.0,2026-03-31T17:31:44.583642,pago,4,True
1541,3022,4985,7,2412.31,512.23,2025-11-30T17:31:44.583642,Cancelado,4,True
1542,304,1968,5,3269.28,537.44,2026-01-21T17:31:44.583642,Pendente,1,True
1543,2838,4830,8,3670.08,964.62,2026-02-12T17:31:44.583642,paguo,5,True
1544,2420,2314,8,3870.72,532.54,2025-10-10T17:31:44.583642,CANCELADO,1,True
1545,503,2797,4,4790.58,885.05,2026-04-03T17:31:44.583642,ENTREGUE,1,True
1546,674,2091,4,4900.6,595.75,2026-09-27T17:31:44.583642,Enviado,2,True
1547,93079,1925,10,4166.77,785.94,2026-05-28T17:31:44.583642,pendente,2,True
1548,2763,1345,6,342.89,96.11,2026-08-16T17:31:44.583642,Entregue,3,True
1549,2042,2989,3,-371.26,340.31,2026-02-17T17:31:44.583642,entregue,2,True
1550,3501,1471,5,4424.89,1239.27,2025-10-27T17:31:44.583642,cancelado ,4,True
1551,2273,98181,9,1982.98,135.94,2025-12-15T17:31:44.583642,pago,1,True
1552,3490,98529,3,289.39,76.82,2026-04-30T17:31:44.583642,enviado,4,True
1553,3396,743,4,1109.17,55.05,2026-08-15T17:31:44.583642,PAGO,1,True
1554,3706,3945,9,3078.02,601.21,2026-02-01T17:31:44.583642,cancelado ,3,True
1555,1833,94518,6,2045.46,527.86,2026-04-29T17:31:44.583642,entregue,2,True
1556,3674,2665,9,-353.78,192.26,2026-06-27T17:31:44.583642,pendente,3,True
1557,40,4819,1,100.0,150.0,2025-10-19T17:31:44.583642,enviado,3,True
1558,2984,2879,-8,3340.1,796.88,2026-02-27T17:31:44.583642,pendente,3,True
1559,1249,1430,1,634.91,174.25,2025-12-13T17:31:44.583642,cancelado ,3,True
1560,1352,290,9,2052.66,230.38,2026-08-12T17:31:44.583642,entregue,2,True
1561,3036,2096,10,-286.37,65.91,2025-10-15T17:31:44.583642,pago,3,True
1562,3747,981,-9,1709.74,215.04,2026-08-01T17:31:44.583642,pendente,2,True
1563,113,3414,1,3088.07,411.94,2027-10-09T17:31:44.722112,pendente,4,True
1564,808,2107,1,1866.45,387.28,2027-10-09T17:31:44.722121,entregue,4,True
1565,4748,1695,1,4538.49,622.75,2026-07-25T17:31:44.583642,Entregue,3,True
1566,3370,2671,7,3813.26,927.04,2026-08-28T17:31:44.583642,pago,100,True
1567,95537,1588,8,2982.06,356.92,2026-04-15T17:31:44.583642,pendente,2,True
1568,1877,3117,1,99.44,6.85,2026-08-29T17:31:44.583642,Entregue,2,True
1569,3467,392,5,1673.04,213.62,2027-10-09T17:31:44.722163,pendente,2,True
1570,2199,3845,2,1046.33,266.3,2026-06-15T17:31:44.583642,pendente,1,True
1571,4357,2234,3,1689.09,481.58,2026-02-09T17:31:44.583642,ENVIADO,3,True
1572,1264,4897,8,1072.9,242.65,2026-02-23T17:31:44.583642,enviado,5,True
1573,97833,13,2,2733.06,45.86,2026-02-16T17:31:44.583642,cancelado,4,True
1574,2094,576,7,2111.1,462.06,2026-07-23T17:31:44.583642,entregue,1,True
1575,1346,797,-5,1755.59,476.16,2026-03-16T17:31:44.583642,pendente,3,True
1576,3900,4574,5,445.22,69.7,2026-06-28T17:31:44.583642,pAgo,2,True
1577,99584,2615,5,1477.5,43.27,2026-04-08T17:31:44.583642,cancelado,5,True
1578,3584,3720,1,3421.25,377.96,2026-01-12T17:31:44.583642,Enviado,3,True
1579,1447,3809,6,3338.13,158.2,2026-06-30T17:31:44.583642,ENTREGUE,5,True
1580,3858,1968,1,933.27,147.83,2026-06-20T17:31:44.583642,pago0,2,True
1581,4084,2062,4,2825.85,530.48,2026-02-03T17:31:44.583642,pendente,6,True
1582,199,3498,4,4148.06,1066.47,2025-12-19T17:31:44.583642,enviadio,4,True
1583,4786,3207,10,2123.2,492.71,2026-04-18T17:31:44.583642,enviado,3,True
1584,202,99725,2,1183.24,295.01,2026-07-21T17:31:44.583642,cancelado,4,True
1585,2916,93037,8,1457.97,179.22,2026-08-18T17:31:44.583642,pendente,4,True
1586,4639,2219,10,40.84,6.37,2026-06-21T17:31:44.583642,pago,-1,True
1587,95829,1118,7,1340.98,46.18,2026-04-03T17:31:44.583642,pago,4,True
1588,94693,3173,8,3551.42,349.52,2026-04-09T17:31:44.583642,enviado,3,True
1589,1883,817,6,3201.03,166.38,2026-03-28T17:31:44.583642,pndente,4,True
1590,666,2617,5,300.24,16.93,2026-08-29T17:31:44.583642,enviado,-1,True
1591,2228,96862,6,2112.51,313.8,2026-07-03T17:31:44.583642,cancelado,5,True
1592,1379,2182,5,1973.9,184.49,2026-10-09T17:31:44.583642,PENDENTE,5,True
1593,4328,621,2,3374.42,712.25,2026-01-03T17:31:44.583642,pAGo,2,True
1594,4364,241,-4,3379.44,815.7,2026-04-19T17:31:44.583642,enviado,5,True
1595,3455,4869,-9,656.56,183.9,2026-02-22T17:31:44.583642,enviado,4,True
1596,341,536,8,1363.68,236.84,2025-12-06T17:31:44.583642,pago ,3,True
1597,94668,1857,4,2248.0,556.15,2026-02-26T17:31:44.583642,cancelado,4,True
1598,2702,3780,9,100.0,150.0,2026-01-14T17:31:44.583642,pago,3,True
1599,2314,3579,9,1648.68,281.87,2025-12-23T17:31:44.583642,enviadio,2,True
1600,1943,96170,9,3047.28,29.21,2026-09-17T17:31:44.583642,enviado,1,True
1601,3453,98352,5,3304.6,573.94,2025-11-21T17:31:44.583642,enviado,3,True
1602,4581,3749,9,-597.03,769.11,2026-01-23T17:31:44.583642,enviado,2,True
1603,438,95856,7,1678.53,240.59,2026-01-14T17:31:44.583642,cancelado,3,True
1604,813,3390,7,4057.47,998.25,2026-07-18T17:31:44.583642,enviado,1,True
1605,4322,4131,7,100.0,150.0,2026-02-01T17:31:44.583642,entregue,1,True
1606,3936,2976,9,100.0,150.0,2026-02-10T17:31:44.583642,entregue,5,True
1607,3849,3681,1,3820.95,685.04,2026-08-16T17:31:44.583642,pago,3,True
1608,95416,1396,3,747.6,97.77,2026-03-24T17:31:44.583642,enviado,1,True
1609,3056,699,9,3117.49,265.81,2027-10-09T17:31:44.722505,cancelado,2,True
1610,1119,2771,8,3950.63,203.66,2026-08-18T17:31:44.583642,PENDENTE,4,True
1611,3907,223,9,4897.13,459.74,2027-10-09T17:31:44.722522,entregue,1,True
1612,3866,3087,4,3961.99,316.24,2025-11-08T17:31:44.583642,Enviado,1,True
1613,680,1857,6,4853.68,753.28,2027-10-09T17:31:44.722538,cancelado,2,True
1614,4786,90323,8,2447.37,386.0,2026-01-18T17:31:44.583642,pendente,3,True
1615,1684,1308,7,2363.88,505.31,2026-05-06T17:31:44.583642,PaGO,4,True
1616,3500,133,8,3022.13,725.2,2026-01-20T17:31:44.583642,entregue ,1,True
1617,1794,94240,2,1780.7,33.36,2026-01-20T17:31:44.583642,enviado,3,True
1618,3095,678,10,4623.35,1285.35,2026-01-11T17:31:44.583642,CanCElAdo,5,True
1619,2369,95872,7,1861.23,212.24,2026-07-31T17:31:44.583642,enviado,4,True
1620,4079,438,10,-56.45,71.89,2026-02-22T17:31:44.583642,cancelado,2,True
1621,3582,2720,9,1611.39,179.59,2026-09-18T17:31:44.583642,pendente,10,True
1622,1081,402,2,2765.7,132.02,2026-04-29T17:31:44.583642,Enviado,4,True
1623,4595,4299,10,4758.07,397.9,2025-10-11T17:31:44.583642,canceldo,1,True
1624,4841,391,2,4133.13,775.93,2026-08-01T17:31:44.583642,PenDeNTe,1,True
1625,3922,2673,5,4106.19,1174.6,2026-08-01T17:31:44.583642,enviiado,4,True
1626,560,3466,10,4719.16,495.23,2025-11-24T17:31:44.583642,CANCELADO,4,True
1627,4103,3709,7,4036.36,1031.35,2026-01-18T17:31:44.583642,pago,2,True
1628,2845,4528,1,2362.97,470.59,2025-11-29T17:31:44.583642,pago,4,True
1629,96381,1139,8,2842.39,194.58,2026-03-28T17:31:44.583642,entregue,3,True
1630,95281,911,8,698.04,120.16,2025-11-08T17:31:44.583642,pendente,3,True
1631,4072,2633,-7,1458.27,252.08,2026-04-22T17:31:44.583642,cancelado,3,True
1632,468,376,8,906.21,154.05,2026-06-09T17:31:44.583642,paguo,2,True
1633,1188,97431,10,4833.99,1206.67,2026-02-19T17:31:44.583642,enviado,5,True
1634,1426,3556,2,100.0,150.0,2026-05-28T17:31:44.583642,entregue,4,True
1635,92639,2620,7,1792.86,321.63,2026-01-04T17:31:44.583642,enviado,3,True
1636,95115,3781,2,2159.25,623.62,2026-01-19T17:31:44.583642,pago,3,True
1637,2688,1645,-7,2279.71,628.57,2026-03-01T17:31:44.583642,cancelado,1,True
1638,844,1152,3,4015.22,525.43,2026-06-07T17:31:44.583642,enviado,5,True
1639,2506,2858,2,2214.98,228.9,2026-05-27T17:31:44.583642,Pago,4,True
1640,1690,3014,9,-298.07,710.53,2026-01-03T17:31:44.583642,enviado,5,True
1641,2142,3889,4,-754.01,855.0,2026-07-24T17:31:44.583642,entregue,2,True
1642,3729,1240,10,3807.22,508.6,2027-10-09T17:31:44.722766,enviado,4,True
1643,2730,634,10,1431.14,249.72,2026-09-14T17:31:44.583642,ENTrEgue,1,True
1644,99798,955,6,583.97,70.98,2026-01-15T17:31:44.583642,pendente,2,True
1645,743,562,3,958.28,100.37,2025-11-05T17:31:44.583642,cancelado,100,True
1646,990,3657,4,485.21,138.95,2026-05-31T17:31:44.583642,enviado,2,True
1647,2826,4174,10,-707.43,431.36,2026-06-21T17:31:44.583642,cancelado,1,True
1648,91784,3560,2,1512.45,323.82,2026-05-19T17:31:44.583642,cancelado,2,True
1649,95284,4129,7,1376.28,40.13,2025-10-23T17:31:44.583642,enviado,4,True
1650,4922,189,-8,2508.01,501.16,2025-11-29T17:31:44.583642,cancelado,4,True
1651,788,48,2,3195.99,425.08,2026-05-31T17:31:44.583642,Pendente,2,True
1652,4937,1225,9,393.11,43.04,2025-11-27T17:31:44.583642,enviado ,4,True
1653,1337,2849,1,411.5,57.04,2025-12-24T17:31:44.583642,PAGO,5,True
1654,1814,499,5,431.81,20.49,2026-09-11T17:31:44.583642,cancelado,-1,True
1655,91094,1636,2,181.0,6.11,2026-09-22T17:31:44.583642,cancelado,5,True
1656,3970,4932,5,3513.76,870.99,2026-04-17T17:31:44.583642,paGO,4,True
1657,1332,202,5,1634.25,227.73,2027-10-09T17:31:44.722889,cancelado,3,True
1658,1419,892,3,2160.24,635.27,2026-10-09T17:31:44.583642,Pago,5,True
1659,4663,3712,10,-618.26,156.18,2026-03-30T17:31:44.583642,enviado,3,True
1660,2726,4513,1,4421.34,615.64,2026-09-24T17:31:44.583642,PEnDEntE,1,True
1661,4694,2149,6,157.56,0.06,2027-10-09T17:31:44.722924,entregue,2,True
1662,99836,2832,1,1388.56,366.39,2026-02-26T17:31:44.583642,entregue,3,True
1663,1294,4068,4,-440.65,576.44,2026-01-20T17:31:44.583642,entregue,5,True
1664,1419,1968,7,2550.26,346.64,2026-06-25T17:31:44.583642,pendente,2,True
1665,4455,1660,-10,3146.83,7.42,2026-01-01T17:31:44.583642,enviado,5,True
1666,1700,3963,-5,1118.35,283.26,2026-07-04T17:31:44.583642,pago,4,True
1667,99236,1095,8,4172.28,1219.92,2025-11-26T17:31:44.583642,cancelado,4,True
1668,99093,4419,1,2160.96,438.35,2026-09-02T17:31:44.583642,entregue,2,True
1669,17,4507,-2,4224.82,1179.58,2026-07-06T17:31:44.583642,cancelado,4,True
1670,3702,1716,2,4250.71,791.83,2027-10-09T17:31:44.722995,cancelado,4,True
1671,3580,4257,2,4812.63,1181.98,2026-07-23T17:31:44.583642,eNVIAdO,5,True
1672,656,942,6,-890.84,1.74,2026-04-14T17:31:44.583642,cancelado,4,True
1673,1910,3348,9,301.59,65.58,2025-10-11T17:31:44.583642,enviado,-1,True
1674,3630,4292,7,2818.16,392.36,2026-07-30T17:31:44.583642,Cancelado,3,True
1675,1918,4481,10,794.09,215.49,2026-02-17T17:31:44.583642,pndente,4,True
1676,191,1524,10,473.25,139.51,2026-08-09T17:31:44.583642,envado,1,True
1677,90708,1448,7,3383.38,76.17,2026-06-20T17:31:44.583642,entregue,2,True
1678,2405,4966,3,1338.71,148.08,2026-10-08T17:31:44.583642,CAnceLAdo,5,True
1679,2460,41,2,-315.46,311.92,2025-11-15T17:31:44.583642,cancelado,1,True
1680,53,3928,-1,3076.36,439.74,2026-03-05T17:31:44.583642,enviado,3,True
1681,4386,91344,8,550.68,128.55,2025-10-30T17:31:44.583642,pendente,2,True
1682,1211,915,2,-777.17,181.94,2026-07-03T17:31:44.583642,cancelado,1,True
1683,4805,2968,-1,2350.06,292.16,2025-11-03T17:31:44.583642,pendente,3,True
1684,1313,93241,3,1133.43,317.94,2026-03-24T17:31:44.583642,pago,4,True
1685,2611,4870,10,2112.79,328.02,2026-02-05T17:31:44.583642,CANCELADO,3,True
1686,2489,94385,10,1097.1,268.14,2026-06-01T17:31:44.583642,pendente,2,True
1687,1525,97173,5,3470.25,77.76,2026-02-06T17:31:44.583642,pago,4,True
1688,90212,1739,7,592.16,68.97,2026-09-24T17:31:44.583642,enviado,1,True
1689,119,91847,2,3653.91,290.0,2025-12-11T17:31:44.583642,cancelado,3,True
1690,2903,23,1,555.07,31.83,2026-01-27T17:31:44.583642,etregue,1,True
1691,1101,4566,4,1992.88,88.53,2026-05-19T17:31:44.583642,Enviado,3,True
1692,99949,3434,10,2278.75,138.47,2026-04-28T17:31:44.583642,entregue,3,True
1693,4332,1632,9,3565.68,1021.51,2027-10-09T17:31:44.723177,entregue,5,True
1694,3905,597,2,3654.59,443.91,2027-10-09T17:31:44.723185,enviado,1,True
1695,4278,4628,-4,2629.06,71.11,2026-03-09T17:31:44.583642,pendente,2,True
1696,3983,8,8,4946.41,209.64,2026-08-22T17:31:44.583642,pendente ,2,True
1697,1753,4442,4,3504.61,933.63,2026-08-01T17:31:44.583642,pago,1,True
1698,1364,3346,9,4239.3,903.76,2025-11-07T17:31:44.583642,cancelado ,5,True
1699,4223,1359,5,1115.87,285.28,2026-05-02T17:31:44.583642,entregue ,3,True
1700,1954,1591,3,3999.2,1061.6,2026-03-17T17:31:44.583642,PaGo,1,True
1701,85,3606,-7,4627.68,1092.89,2025-12-12T17:31:44.583642,pendente,1,True
1702,4707,378,1,100.0,150.0,2025-12-29T17:31:44.583642,pago,5,True
1703,423,2211,1,1200.86,52.56,2026-05-28T17:31:44.583642,ENTREGUE,2,True
1704,1792,3570,3,913.79,274.04,2026-06-23T17:31:44.583642,Pago,4,True
1705,344,4143,4,-790.7,84.26,2026-09-30T17:31:44.583642,enviado,1,True
1706,1389,292,7,59.63,6.89,2026-10-05T17:31:44.583642,pendente,4,True
1707,2642,880,6,1324.52,56.0,2026-01-17T17:31:44.583642,Enviado,1,True
1708,519,3526,5,100.0,150.0,2026-04-22T17:31:44.583642,pago,1,True
1709,930,4086,1,261.92,7.73,2026-06-29T17:31:44.583642,ENVIADO,2,True
1710,97704,2953,5,3774.25,198.82,2026-01-06T17:31:44.583642,pendente,4,True
1711,3507,1638,9,3821.51,999.39,2026-05-05T17:31:44.583642,Entregue,3,True
1712,4150,2336,5,1364.0,290.84,2027-10-09T17:31:44.723330,pendente,5,True
1713,928,3960,1,2888.44,662.88,2027-10-09T17:31:44.723338,pendente,4,True
1714,4829,4699,7,1890.4,226.86,2026-09-05T17:31:44.583642,ENVIADO,5,True
1715,1994,3726,5,2370.81,233.44,2026-04-21T17:31:44.583642,CaNcelAdO,1,True
1716,4788,1785,3,3830.28,1054.6,2026-02-01T17:31:44.583642,paGo,4,True
1717,4427,4832,6,1281.42,240.02,2026-10-01T17:31:44.583642,pago.,4,True
1718,809,95854,2,3113.91,287.44,2026-05-16T17:31:44.583642,entregue,2,True
1719,2281,4389,7,3936.62,609.29,2026-02-28T17:31:44.583642,pago,1,True
1720,1828,3996,1,1177.01,268.27,2025-10-12T17:31:44.583642,CanCelADO,4,True
1721,1102,1206,8,2905.88,289.05,2026-05-14T17:31:44.583642,PAGO,4,True
1722,1340,1129,9,3664.53,973.61,2027-10-09T17:31:44.723429,pendente,3,True
1723,3876,1922,4,3510.95,440.97,2025-12-27T17:31:44.583642,peNDeNtE,5,True
1724,3187,1984,10,908.68,250.75,2026-07-02T17:31:44.583642,enviado,1,True
1725,94949,601,5,1854.91,36.76,2025-10-18T17:31:44.583642,entregue,2,True
1726,3281,2259,10,3472.21,396.44,2026-03-12T17:31:44.583642,CANCELADO,2,True
1727,2807,4218,3,-945.6,40.39,2026-06-11T17:31:44.583642,enviado,3,True
1728,717,3255,7,1253.55,19.32,2026-06-19T17:31:44.583642,enviado,10,True
1729,4879,4962,5,2854.35,235.64,2027-10-09T17:31:44.723487,pago,2,True
1730,2914,4864,7,1410.88,307.35,2025-12-30T17:31:44.583642,etregue,3,True
1731,571,2074,5,1027.6,138.6,2026-07-11T17:31:44.583642,enviado,100,True
1732,3678,2480,4,100.0,150.0,2025-12-18T17:31:44.583642,cancelado,3,True
1733,3756,4720,10,2433.86,278.64,2026-03-03T17:31:44.583642,CaNceLadO,2,True
1734,4392,3876,9,4200.72,454.57,2025-12-14T17:31:44.583642,Cancelado,3,True
1735,4823,4158,9,2254.86,551.71,2026-03-15T17:31:44.583642,pago,5,True
1736,1898,2910,2,379.24,91.82,2025-12-19T17:31:44.583642,PENDENTE,4,True
1737,4365,92708,6,835.57,245.39,2026-08-03T17:31:44.583642,pendente,2,True
1738,94167,4281,6,26.74,5.84,2025-11-21T17:31:44.583642,pendente,3,True
1739,1040,63,6,454.22,108.84,2026-05-04T17:31:44.583642,enviado,,True
1740,1682,1152,2,-591.67,128.96,2026-09-12T17:31:44.583642,pago,1,True
1741,90985,272,4,2878.41,487.67,2025-12-15T17:31:44.583642,cancelado,5,True
1742,3433,93909,10,3707.0,1009.75,2026-04-29T17:31:44.583642,entregue,1,True
1743,1182,880,5,1619.74,266.45,2026-09-09T17:31:44.583642,pago.,4,True
1744,1810,1123,5,100.0,150.0,2026-06-02T17:31:44.583642,cancelado,2,True
1745,3054,1091,9,4996.65,234.59,2026-01-09T17:31:44.583642,cacelado,4,True
1746,4144,1710,6,100.0,150.0,2026-02-04T17:31:44.583642,pendente,4,True
1747,304,2426,8,3285.61,48.54,2025-10-28T17:31:44.583642,Enviado,1,True
1748,99095,2866,3,1686.39,493.18,2025-12-27T17:31:44.583642,pendente,4,True
1749,439,994,6,1606.05,208.64,2027-10-09T17:31:44.723642,entregue,1,True
1750,3843,2760,2,2444.83,351.16,2027-10-09T17:31:44.723652,cancelado,5,True
1751,1898,1482,1,1941.19,576.28,2026-05-25T17:31:44.583642,EnTrEGUE,1,True
1752,2442,395,10,4233.04,366.72,2026-09-27T17:31:44.583642,ENTREGUE,2,True
1753,1248,4651,3,4653.73,1386.99,2026-05-06T17:31:44.583642,entregue,4,True
1754,90927,2116,7,2542.09,201.31,2026-09-09T17:31:44.583642,enviado,4,True
1755,57,4122,5,100.0,150.0,2026-08-18T17:31:44.583642,cancelado,3,True
1756,91779,4802,6,3321.14,254.77,2026-06-11T17:31:44.583642,enviado,1,True
1757,2470,4121,1,1042.57,204.31,2026-02-27T17:31:44.583642,PENDENTE,4,True
1758,99921,3556,9,391.31,106.38,2025-12-02T17:31:44.583642,cancelado,4,True
1759,4455,2289,3,4378.24,694.75,2026-01-19T17:31:44.583642,PENDENTE,4,True
1760,1629,67,9,2568.26,552.41,2026-07-22T17:31:44.583642,EnTREguE,3,True
1761,4562,1082,10,3708.39,412.9,2026-07-02T17:31:44.583642,entregu,4,True
1762,1051,2222,8,548.09,133.07,2026-06-08T17:31:44.583642,Entregue,2,True
1763,2532,90507,3,1307.65,165.62,2026-01-02T17:31:44.583642,cancelado,3,True
1764,640,91022,9,526.55,22.93,2026-03-25T17:31:44.583642,cancelado,5,True
1765,19,99827,9,4061.48,125.03,2025-10-26T17:31:44.583642,pendente,3,True
1766,3482,1316,8,4831.16,188.5,2026-03-13T17:31:44.583642,CANCELADO,3,True
1767,2639,2584,4,187.22,6.34,2026-08-23T17:31:44.583642,envado,3,True
1768,3747,3305,-6,3045.81,785.23,2026-08-18T17:31:44.583642,enviado,1,True
1769,730,1020,-1,2007.43,597.03,2026-09-19T17:31:44.583642,pago,2,True
1770,2309,2716,9,3237.26,274.67,2026-01-22T17:31:44.583642,pendente ,2,True
1771,657,2186,9,1037.4,29.89,2026-07-08T17:31:44.583642,entReGUe,4,True
1772,1039,947,9,344.84,27.34,2027-10-09T17:31:44.723832,pago,2,True
1773,2146,194,4,-772.0,972.97,2026-04-02T17:31:44.583642,pago,1,True
1774,1188,4395,8,-168.14,94.39,2026-08-09T17:31:44.583642,pago,2,True
1775,95079,1214,4,3288.28,493.39,2026-07-23T17:31:44.583642,enviado,1,True
1776,364,622,6,100.0,150.0,2025-11-05T17:31:44.583642,entregue,2,True
1777,91645,1677,3,3208.66,219.88,2026-05-15T17:31:44.583642,cancelado,3,True
1778,3235,4633,2,262.77,9.33,2025-11-24T17:31:44.583642,pndente,2,True
1779,314,3108,6,100.0,150.0,2026-04-24T17:31:44.583642,enviado,2,True
1780,90504,2214,2,4135.85,85.4,2026-09-24T17:31:44.583642,pendente,5,True
1781,2789,2668,7,1890.11,311.6,2026-07-11T17:31:44.583642,pago,-1,True
1782,3500,2633,8,2093.9,202.19,2026-06-27T17:31:44.583642,ENVIADO,2,True
1783,3990,763,6,100.0,150.0,2026-09-16T17:31:44.583642,pago,2,True
1784,3610,2414,6,3831.74,769.53,2026-02-24T17:31:44.583642,ENTREGUE,3,True
1785,2375,1600,9,2559.6,1.35,2025-12-15T17:31:44.583642,CanCelADo,3,True
1786,2521,2109,9,2610.3,105.69,2026-03-05T17:31:44.583642,Cancelado,2,True
1787,3852,4990,1,3389.53,391.02,2026-04-20T17:31:44.583642,Cancelado,1,True
1788,2170,3738,5,100.0,150.0,2025-10-16T17:31:44.583642,entregue,3,True
1789,95915,3139,10,1722.65,297.19,2025-11-10T17:31:44.583642,cancelado,4,True
1790,3433,3568,5,100.0,150.0,2025-11-21T17:31:44.583642,cancelado,5,True
1791,4014,995,10,1937.42,442.09,2026-06-18T17:31:44.583642,PaGO,5,True
1792,4702,1374,1,661.43,167.96,2026-08-01T17:31:44.583642,CANCELADO,5,True
1793,1926,236,7,1954.84,133.7,2026-01-01T17:31:44.583642,pago,3,True
1794,3132,3877,6,4317.91,304.98,2027-10-09T17:31:44.724027,cancelado,5,True
1795,1107,4330,10,1628.29,400.8,2026-08-12T17:31:44.583642,Cancelado,1,True
1796,1560,1158,3,2911.82,455.27,2027-10-09T17:31:44.724044,entregue,3,True
1797,805,3249,-8,4754.26,51.19,2026-08-07T17:31:44.583642,pago,5,True
1798,4163,96388,4,4032.04,54.02,2026-07-18T17:31:44.583642,pago,2,True
1799,3162,369,2,3180.52,62.5,2026-05-10T17:31:44.583642,enviado ,3,True
1800,4518,3030,2,718.07,179.22,2026-09-15T17:31:44.583642,cancelado,4,True
1801,4534,3776,9,100.0,150.0,2025-11-26T17:31:44.583642,pendente,3,True
1802,13,96856,7,4654.19,1356.4,2026-08-09T17:31:44.583642,entregue,5,True
1803,2695,2463,2,2127.98,160.86,2026-02-02T17:31:44.583642,CancElAdo,1,True
1804,1644,4121,3,3130.35,616.25,2026-09-18T17:31:44.583642,ENviaDo,3,True
1805,4409,799,7,2715.95,588.52,2025-11-04T17:31:44.583642,caNcElAdO,5,True
1806,1066,3646,-2,402.43,58.87,2026-01-15T17:31:44.583642,pendente,2,True
1807,2138,4968,6,1998.54,390.87,2026-06-21T17:31:44.583642,Pendente,3,True
1808,2155,1232,2,965.69,194.59,2026-04-11T17:31:44.583642,entregue,100,True
1809,4409,96667,10,2309.2,61.86,2026-03-14T17:31:44.583642,enviado,3,True
1810,97906,844,10,2795.28,271.07,2025-12-28T17:31:44.583642,pago,3,True
1811,4958,90045,2,530.14,65.9,2025-10-17T17:31:44.583642,pendente,4,True
1812,934,428,10,2870.79,828.87,2026-04-04T17:31:44.583642,entregue,1,True
1813,2160,2261,2,2152.04,5.78,2026-01-10T17:31:44.583642,canceladu,2,True
1814,2994,2461,2,498.98,91.84,2026-03-15T17:31:44.583642,entregue,5,True
1815,748,3992,3,100.0,150.0,2025-11-12T17:31:44.583642,pendente,2,True
1816,1709,4891,4,100.0,150.0,2026-01-31T17:31:44.583642,enviado,1,True
1817,91736,432,5,2662.96,673.44,2026-09-21T17:31:44.583642,pendente,3,True
1818,95800,429,6,3458.27,323.79,2026-08-15T17:31:44.583642,pago,3,True
1819,1530,1496,2,2932.0,816.53,2026-02-09T17:31:44.583642,pago,3,True
1820,4597,4005,-8,1436.12,236.38,2025-11-15T17:31:44.583642,cancelado,3,True
1821,2104,3334,9,2293.45,259.21,2025-11-03T17:31:44.583642,cancelado,,True
1822,3814,3481,5,4819.1,209.22,2025-11-06T17:31:44.583642,cancelado,5,True
1823,3311,2561,1,2582.31,587.72,2026-01-16T17:31:44.583642,CAnCeladO,5,True
1824,97400,2556,7,1262.81,95.44,2026-07-21T17:31:44.583642,entregue,2,True
1825,1380,178,5,424.18,10.66,2027-10-09T17:31:44.724283,cancelado,3,True
1826,834,3883,5,3354.99,412.84,2027-10-09T17:31:44.724292,cancelado,1,True
1827,4074,1188,1,3208.44,245.52,2026-04-01T17:31:44.583642,ENTrEGUE,2,True
1828,95219,2530,9,126.46,7.92,2025-12-22T17:31:44.583642,entregue,4,True
1829,103,3750,7,2691.56,707.03,2026-10-05T17:31:44.583642,paGo,4,True
1830,834,4845,9,450.11,133.09,2026-03-27T17:31:44.583642,pago,2,True
1831,3672,3448,3,2579.4,530.41,2026-07-13T17:31:44.583642,ENTREGUE,2,True
1832,606,2378,9,3993.16,319.48,2026-08-05T17:31:44.583642,PAGO,4,True
1833,4204,2254,9,1975.09,349.0,2025-12-12T17:31:44.583642,Cancelado,3,True
1834,3132,4105,6,1000.71,179.12,2026-01-10T17:31:44.583642,PENdente,2,True
1835,1680,1684,7,1470.73,11.73,2026-03-06T17:31:44.583642,cancelado,6,True
1836,96421,4005,1,2799.89,238.82,2026-06-18T17:31:44.583642,cancelado,2,True
1837,4265,817,6,1921.55,315.25,2026-01-26T17:31:44.583642,pendente,1,True
1838,4792,98518,10,95.84,18.27,2025-12-12T17:31:44.583642,cancelado,2,True
1839,3958,4808,4,3963.73,726.35,2026-08-10T17:31:44.583642,canCelADO,2,True
1840,4834,4194,10,100.0,150.0,2026-01-01T17:31:44.583642,enviado,2,True
1841,2805,348,2,4783.49,1149.73,2027-10-09T17:31:44.724416,enviado,5,True
1842,2337,2301,2,4879.31,44.14,2025-12-06T17:31:44.583642,Pendente,2,True
1843,4391,1995,4,4144.93,763.01,2027-10-09T17:31:44.724433,enviado,3,True
1844,96003,2380,3,4024.36,170.84,2026-08-30T17:31:44.583642,pago,1,True
1845,835,2716,8,100.0,150.0,2026-04-15T17:31:44.583642,cancelado,5,True
1846,2489,94837,6,4609.43,1321.27,2026-04-16T17:31:44.583642,entregue,4,True
1847,3703,1347,3,100.0,150.0,2026-03-05T17:31:44.583642,enviado,3,True
1848,944,3076,-10,2912.67,444.7,2026-08-18T17:31:44.583642,cancelado,4,True
1849,589,1803,3,429.99,90.21,2026-08-06T17:31:44.583642,enviado,6,True
1850,3459,3438,-9,4009.06,972.43,2025-11-23T17:31:44.583642,entregue,5,True
1851,3684,138,5,2382.4,442.67,2025-12-09T17:31:44.583642,pago0,1,True
1852,91138,1096,2,2656.71,491.3,2026-01-27T17:31:44.583642,entregue,4,True
1853,3752,618,5,2855.63,414.73,2026-05-31T17:31:44.583642,canceldo,5,True
1854,958,91500,5,2613.22,592.35,2026-09-15T17:31:44.583642,enviado,2,True
1855,4080,3630,7,1728.11,323.2,2025-10-31T17:31:44.583642,Enviado,3,True
1856,468,97477,2,1375.61,10.22,2026-01-10T17:31:44.583642,enviado,5,True
1857,1118,4098,1,-608.82,309.2,2026-07-23T17:31:44.583642,pendente,3,True
1858,1995,95039,9,84.86,21.2,2026-04-19T17:31:44.583642,entregue,2,True
1859,4197,1314,10,-158.13,219.02,2026-03-17T17:31:44.583642,cancelado,1,True
1860,4642,2518,2,121.07,10.03,2026-05-22T17:31:44.583642,Cancelado,5,True
1861,2075,3550,10,4101.86,986.55,2026-08-14T17:31:44.583642,Entregue,5,True
1862,3482,2102,5,3121.18,760.72,2026-04-22T17:31:44.583642,entregue,6,True
1863,4380,514,4,4344.4,1097.0,2026-04-10T17:31:44.583642,envado,4,True
1864,687,1475,7,305.48,90.23,2027-10-09T17:31:44.724596,pendente,1,True
1865,4357,96066,1,4560.17,804.47,2026-06-02T17:31:44.583642,cancelado,2,True
1866,3714,608,10,100.0,150.0,2026-03-20T17:31:44.583642,enviado,1,True
1867,3557,3048,1,930.47,206.79,2026-04-06T17:31:44.583642,entregue,10,True
1868,4497,1533,8,1059.02,190.2,2026-04-19T17:31:44.583642,pAgo,3,True
1869,625,3828,9,100.0,150.0,2026-02-07T17:31:44.583642,entregue,2,True
1870,4428,4453,10,540.93,116.99,2026-05-22T17:31:44.583642,entregue,100,True
1871,3410,3205,1,100.0,150.0,2026-04-04T17:31:44.583642,enviado,4,True
1872,2250,1834,-9,4396.36,814.51,2026-03-14T17:31:44.583642,entregue,3,True
1873,93925,1457,8,2021.09,79.44,2026-07-04T17:31:44.583642,cancelado,1,True
1874,4152,2431,7,100.0,150.0,2026-10-04T17:31:44.583642,enviado,2,True
1875,2979,2957,6,1334.33,142.07,2026-09-26T17:31:44.583642,entregue,10,True
1876,815,3749,7,100.0,150.0,2025-12-12T17:31:44.583642,pago,4,True
1877,195,165,-10,1929.31,25.97,2025-11-16T17:31:44.583642,cancelado,2,True
1878,4565,2436,-7,1256.84,3.82,2026-04-28T17:31:44.583642,pago,4,True
1879,1241,1129,7,3171.0,175.14,2026-03-12T17:31:44.583642,Pago,4,True
1880,3657,800,1,1808.86,153.85,2025-11-02T17:31:44.583642,Pendente,5,True
1881,127,2670,6,4127.37,963.79,2027-10-09T17:31:44.724897,cancelado,3,True
1882,4592,719,1,2981.11,628.41,2027-10-09T17:31:44.724906,enviado,4,True
1883,1283,553,9,806.93,178.88,2026-02-23T17:31:44.583642,envado,1,True
1884,429,2608,4,100.0,150.0,2026-06-16T17:31:44.583642,pendente,3,True
1885,1313,224,2,2482.95,489.76,2026-05-01T17:31:44.583642,PAGO,2,True
1886,2092,4448,4,3323.46,303.44,2026-09-12T17:31:44.583642,Cancelado,5,True
1887,2453,4741,10,100.0,150.0,2026-04-18T17:31:44.583642,pago,2,True
1888,3176,1068,4,1234.73,248.39,2027-10-09T17:31:44.724954,entregue,2,True
1889,4369,3481,-9,1952.35,132.78,2026-03-15T17:31:44.583642,pago,4,True
1890,1455,1439,5,100.0,150.0,2025-11-17T17:31:44.583642,cancelado,5,True
1891,1145,3459,9,4080.6,86.35,2026-07-23T17:31:44.583642,enviado,,True
1892,850,3349,2,4738.25,57.02,2026-04-04T17:31:44.583642,Pago,2,True
1893,3612,2700,10,4660.23,381.8,2026-08-04T17:31:44.583642,cancelado,10,True
1894,2796,2211,5,-552.7,531.89,2025-12-28T17:31:44.583642,cancelado,4,True
1895,4344,4340,4,1767.57,388.84,2025-11-02T17:31:44.583642,envado,4,True
1896,91,2270,8,3608.64,855.65,2026-04-06T17:31:44.583642,PAGO,4,True
1897,1450,3581,2,250.18,15.8,2026-03-05T17:31:44.583642,Enviado,5,True
1898,2860,2428,2,862.62,132.69,2026-08-19T17:31:44.583642,eNTReguE,2,True
1899,2396,830,2,2530.06,19.37,2026-06-03T17:31:44.583642,Pago,2,True
1900,3651,2835,3,3759.87,185.1,2025-12-15T17:31:44.583642,CANCELADO,5,True
1901,491,940,3,2425.89,217.65,2026-03-15T17:31:44.583642,pndente,5,True
1902,2227,1017,9,907.61,9.48,2026-08-27T17:31:44.583642,entrege,3,True
1903,95874,21,6,3097.82,61.69,2026-04-25T17:31:44.583642,entregue,3,True
1904,2068,3323,7,3355.82,165.87,2026-05-01T17:31:44.583642,ENVIADO,1,True
1905,4842,184,10,4918.41,321.49,2025-11-09T17:31:44.583642,ENVIADO,1,True
1906,2391,90390,9,4310.02,108.13,2026-06-05T17:31:44.583642,enviado,5,True
1907,1976,92116,4,453.31,30.76,2026-03-07T17:31:44.583642,enviado,3,True
1908,96954,91,10,4481.38,536.0,2025-12-27T17:31:44.583642,enviado,5,True
1909,1683,95015,7,4963.99,187.1,2026-06-04T17:31:44.583642,entregue,1,True
1910,4517,4377,4,100.0,150.0,2026-01-14T17:31:44.583642,enviado,4,True
1911,2704,4176,7,-535.1,125.78,2026-01-22T17:31:44.583642,pago,5,True
1912,168,4109,-9,2431.67,720.93,2025-10-24T17:31:44.583642,entregue,1,True
1913,2561,786,3,1972.33,261.44,2026-04-23T17:31:44.583642,entregue,6,True
1914,2742,3100,-5,1766.68,407.13,2026-06-25T17:31:44.583642,enviado,4,True
1915,1982,2344,2,947.72,34.42,2026-09-12T17:31:44.583642,Pendente,1,True
1916,4491,1685,-10,1174.82,136.35,2026-06-03T17:31:44.583642,pendente,1,True
1917,3587,4206,6,100.0,150.0,2026-04-01T17:31:44.583642,enviado,4,True
1918,3588,1205,9,415.39,35.58,2026-03-08T17:31:44.583642,pendente,100,True
1919,97424,2379,6,4943.55,357.17,2026-03-29T17:31:44.583642,pago,2,True
1920,985,2253,4,4746.67,925.69,2026-07-05T17:31:44.583642,Enviado,5,True
1921,1249,2367,4,1783.91,61.14,2026-04-16T17:31:44.583642,cancelado,6,True
1922,1634,3533,-7,425.81,26.56,2025-12-04T17:31:44.583642,cancelado,5,True
1923,2273,2422,6,4626.08,286.85,2026-03-08T17:31:44.583642,entrege,1,True
1924,4301,92425,4,707.73,18.77,2026-04-03T17:31:44.583642,cancelado,4,True
1925,3990,2075,2,292.61,41.68,2026-03-08T17:31:44.583642,Entregue,3,True
1926,4237,90130,10,1908.95,137.46,2026-09-22T17:31:44.583642,entregue,3,True
1927,1700,3878,10,949.65,202.14,2026-04-01T17:31:44.583642,enviado,6,True
1928,1915,1022,4,2995.75,458.97,2026-05-05T17:31:44.583642,Pago,1,True
1929,2019,3387,2,4163.05,626.58,2025-11-27T17:31:44.583642,eNTREguE,2,True
1930,603,1775,8,100.0,150.0,2026-02-03T17:31:44.583642,entregue,2,True
1931,1125,2584,6,2525.19,454.34,2026-09-21T17:31:44.583642,paGO,5,True
1932,91013,2906,9,2899.19,542.28,2025-11-29T17:31:44.583642,cancelado,2,True
1933,3687,1588,8,100.0,150.0,2025-11-24T17:31:44.583642,enviado,3,True
1934,3106,3509,3,-280.63,309.47,2026-03-07T17:31:44.583642,enviado,1,True
1935,1354,2183,1,654.7,192.05,2026-02-04T17:31:44.583642,Entregue,4,True
1936,3120,2810,8,3260.65,372.47,2026-08-18T17:31:44.583642,cancelado,-1,True
1937,2471,2003,2,100.0,150.0,2025-12-13T17:31:44.583642,pendente,5,True
1938,763,94360,10,1119.44,219.25,2026-08-23T17:31:44.583642,cancelado,4,True
1939,523,3537,4,2946.32,526.02,2026-04-24T17:31:44.583642,Entregue,1,True
1940,2491,95321,1,2032.96,61.57,2025-11-25T17:31:44.583642,pago,5,True
1941,4822,2918,8,3251.95,293.87,2025-10-17T17:31:44.583642,PENDENTE,3,True
1942,4226,565,3,3022.37,524.66,2025-12-20T17:31:44.583642,cancelado ,4,True
1943,4594,4968,2,1178.57,59.86,2027-10-09T17:31:44.725391,pago,4,True
1944,3398,94098,3,1178.9,99.9,2026-06-02T17:31:44.583642,pago,5,True
1945,75,3327,1,2415.97,542.2,2026-02-05T17:31:44.583642,pago.,1,True
1946,1509,1689,4,2640.89,652.29,2026-10-06T17:31:44.583642,enviado,100,True
1947,3765,4634,9,4866.62,819.68,2026-04-26T17:31:44.583642,pedente,4,True
1948,4611,1210,1,4782.06,1402.69,2026-08-09T17:31:44.583642,canceladu,3,True
1949,4270,2357,2,2121.34,52.52,2026-01-30T17:31:44.583642,entregue,-1,True
1950,2322,3374,1,3387.93,987.45,2026-01-02T17:31:44.583642,pendnete,3,True
1951,3890,94,10,4138.68,60.1,2025-11-28T17:31:44.583642,pendnete,2,True
1952,91687,1219,4,4264.21,1018.61,2026-06-06T17:31:44.583642,cancelado,5,True
1953,2835,2756,3,100.0,150.0,2026-03-04T17:31:44.583642,cancelado,4,True
1954,2068,98848,7,3790.56,978.77,2025-11-07T17:31:44.583642,pago,5,True
1955,4267,2476,4,43.06,11.3,2026-01-27T17:31:44.583642,Cancelado,5,True
1956,1850,4018,2,1782.53,245.35,2026-02-05T17:31:44.583642,Enviado,4,True
1957,4882,1171,2,717.31,140.17,2026-04-11T17:31:44.583642,CANCELADO,3,True
1958,3826,3976,-8,3526.05,806.0,2026-08-02T17:31:44.583642,entregue,5,True
1959,3398,4499,2,1695.82,457.33,2027-10-09T17:31:44.725516,pendente,3,True
1960,4208,1953,7,910.08,151.76,2026-05-15T17:31:44.583642,cancelado,5,True
1961,2444,4311,10,1801.97,199.79,2025-12-16T17:31:44.583642,CANCELADO,5,True
1962,3804,4737,-5,3662.38,188.79,2026-08-28T17:31:44.583642,enviado,2,True
1963,1709,2091,4,-152.9,781.65,2026-04-28T17:31:44.583642,pendente,5,True
1964,1371,3961,6,1690.93,387.64,2026-10-09T17:31:44.583642,pago,100,True
1965,973,2571,6,1098.43,259.92,2026-08-19T17:31:44.583642,enviado ,5,True
1966,1876,2874,5,1927.54,100.91,2026-05-26T17:31:44.583642,PENDENTE,3,True
1967,340,3694,1,1173.19,154.57,2027-10-09T17:31:44.725578,pago,5,True
1968,4655,442,1,4320.05,1212.86,2026-06-01T17:31:44.583642,pago,100,True
1969,170,1025,3,695.27,160.79,2026-07-04T17:31:44.583642,cancelado,,True
1970,2250,4033,-6,1020.44,247.9,2026-06-26T17:31:44.583642,pendente,5,True
1971,1509,4244,9,1447.81,361.15,2025-12-08T17:31:44.583642,PAgO,4,True
1972,2997,1834,9,555.96,32.15,2026-02-11T17:31:44.583642,entregue,3,True
1973,1607,3706,10,713.69,194.67,2026-04-12T17:31:44.583642,Pago,1,True
1974,98946,795,9,201.7,52.48,2026-04-15T17:31:44.583642,enviado,2,True
1975,4131,4909,8,3155.59,752.97,2026-01-31T17:31:44.583642,EnViAdo,2,True
1976,3589,3045,2,2402.07,365.61,2025-12-21T17:31:44.583642,enviado ,4,True
1977,1415,83,5,1327.37,349.05,2025-10-21T17:31:44.583642,ENTREGUE,4,True
1978,4630,153,6,-630.62,325.41,2026-07-28T17:31:44.583642,pago,1,True
1979,2363,42,-9,326.71,24.48,2026-04-21T17:31:44.583642,entregue,3,True
1980,3030,1993,4,4237.9,962.4,2027-10-09T17:31:44.725686,cancelado,3,True
1981,1195,7,2,4200.18,24.12,2026-08-02T17:31:44.583642,Cancelado,4,True
1982,3348,1679,3,-845.36,40.85,2026-09-13T17:31:44.583642,pendente,4,True
1983,793,2346,7,2965.38,381.2,2026-02-25T17:31:44.583642,Pendente,4,True
1984,1409,4762,5,3105.07,720.29,2027-10-09T17:31:44.725719,cancelado,1,True
1985,99145,2005,1,3892.98,1011.88,2026-06-29T17:31:44.583642,entregue,4,True
1986,3394,184,2,2102.37,164.35,2026-04-14T17:31:44.583642,envIaDO,3,True
1987,768,2104,6,698.17,156.58,2026-04-27T17:31:44.583642,entregue,-1,True
1988,3500,4217,-3,505.36,91.64,2026-06-24T17:31:44.583642,pago,4,True
1989,2909,2112,1,1145.09,64.67,2026-05-14T17:31:44.583642,pago,5,True
1990,1832,829,2,3035.41,824.1,2025-12-23T17:31:44.583642,paGO,1,True
1991,1446,2198,9,1124.39,232.08,2026-08-12T17:31:44.583642,enviado,5,True
1992,1101,4949,8,3088.05,234.27,2026-05-12T17:31:44.583642,ENTREGUE,4,True
1993,2302,4602,9,4940.55,1429.51,2025-12-26T17:31:44.583642,enviado,4,True
1994,4735,4514,9,2464.53,726.74,2026-07-10T17:31:44.583642,entregue,4,True
1995,2064,3655,5,487.33,96.47,2026-01-14T17:31:44.583642,pendente,100,True
1996,4634,4349,3,1332.79,228.74,2026-02-03T17:31:44.583642,ENtREgUe,3,True
1997,1637,284,-5,4027.24,647.6,2026-07-14T17:31:44.583642,entregue,3,True
1998,3818,138,6,100.0,150.0,2026-08-21T17:31:44.583642,pendente,5,True
1999,1791,90736,3,447.94,67.76,2025-11-23T17:31:44.583642,cancelado,5,True
2000,2931,3013,3,-685.66,229.84,2026-02-19T17:31:44.583642,cancelado,3,True
2001,1928,4731,-1,4107.99,496.67,2025-11-15T17:31:44.583642,cancelado,5,True
2002,507,91681,2,2273.65,129.22,2026-05-07T17:31:44.583642,pago,4,True
2003,2531,4332,2,2690.52,16.64,2026-06-13T17:31:44.583642,Pago,5,True
2004,1504,91531,5,2687.04,755.16,2026-02-03T17:31:44.583642,pendente,4,True
2005,2173,343,10,861.92,26.45,2026-08-19T17:31:44.583642,pendente,2,True
2006,2084,564,3,4995.08,378.71,2026-01-10T17:31:44.583642,Pago,2,True
2007,1054,749,5,-117.2,1116.88,2025-12-13T17:31:44.583642,cancelado,1,True
2008,434,97991,1,1664.4,370.73,2026-04-28T17:31:44.583642,enviado,1,True
2009,4025,4622,7,3060.4,191.52,2026-07-16T17:31:44.583642,entregue,,True
2010,96757,3427,6,2562.87,534.8,2026-08-06T17:31:44.583642,pago,2,True
2011,1461,4751,9,4583.88,902.27,2026-03-10T17:31:44.583642,Pendente,5,True
2012,1605,3476,4,2933.91,688.27,2026-01-09T17:31:44.583642,enviado,-1,True
2013,91103,4170,3,3319.62,100.22,2026-04-12T17:31:44.583642,enviado,5,True
2014,857,90033,9,1631.57,349.22,2026-08-10T17:31:44.583642,cancelado,5,True
2015,397,2703,6,100.0,150.0,2025-10-15T17:31:44.583642,cancelado,2,True
2016,442,3469,9,126.43,16.26,2026-04-02T17:31:44.583642,entregue,10,True
2017,1577,378,5,1270.96,30.18,2026-07-06T17:31:44.583642,enviado,5,True
2018,161,1857,2,2024.18,168.9,2026-08-16T17:31:44.583642,Cancelado,1,True
2019,3526,4713,7,2536.1,491.9,2025-11-07T17:31:44.583642,pAgO,1,True
2020,35,3574,4,-262.52,398.34,2026-01-11T17:31:44.583642,pago,2,True
2021,3907,3781,1,4951.91,1046.68,2026-05-23T17:31:44.583642,entregue,2,True
2022,4577,1071,-2,4398.81,924.3,2026-01-26T17:31:44.583642,pago,2,True
2023,1100,3056,5,100.0,150.0,2026-01-13T17:31:44.583642,entregue,5,True
2024,542,435,7,3949.65,500.38,2025-10-23T17:31:44.583642,PaGo,3,True
2025,1650,1778,6,228.61,28.96,2026-08-28T17:31:44.583642,canceldo,2,True
2026,2956,893,6,100.0,150.0,2025-12-31T17:31:44.583642,cancelado,5,True
2027,3957,3323,3,782.66,170.28,2027-10-09T17:31:44.726075,entregue,4,True
2028,90981,959,6,499.58,53.08,2026-07-04T17:31:44.583642,cancelado,2,True
2029,1951,660,8,3893.83,913.65,2026-05-06T17:31:44.583642,pendente ,5,True
2030,3229,2542,4,1338.95,82.85,2025-11-05T17:31:44.583642,entregue,10,True
2031,2582,1206,1,4561.12,1081.18,2027-10-09T17:31:44.726303,enviado,2,True
2032,1756,3322,6,1843.98,155.14,2026-10-05T17:31:44.583642,Pago,4,True
2033,273,4147,4,100.0,150.0,2026-06-13T17:31:44.583642,enviado,4,True
2034,92233,3181,8,4721.47,425.65,2026-06-29T17:31:44.583642,pendente,2,True
2035,3987,4848,9,2056.67,89.31,2026-06-27T17:31:44.583642,entregue,2,True
2036,3260,2816,6,4145.78,882.04,2026-03-20T17:31:44.583642,enViAdo,5,True
2037,2493,53,-5,1564.66,348.55,2026-03-15T17:31:44.583642,pendente,4,True
2038,2447,533,8,4237.34,75.21,2027-10-09T17:31:44.726406,entregue,1,True
2039,596,276,-5,4329.87,395.54,2026-01-29T17:31:44.583642,entregue,1,True
2040,1383,1955,4,835.33,168.33,2027-10-09T17:31:44.726429,pendente,5,True
2041,3996,3834,10,100.0,150.0,2026-02-15T17:31:44.583642,entregue,2,True
2042,891,1473,5,100.0,150.0,2026-02-26T17:31:44.583642,enviado,3,True
2043,102,52,4,2171.15,90.25,2026-06-15T17:31:44.583642,entregue,,True
2044,922,1796,2,-38.73,1069.9,2026-03-06T17:31:44.583642,enviado,2,True
2045,3513,4950,6,100.0,150.0,2026-01-10T17:31:44.583642,cancelado,1,True
2046,1082,3484,1,100.0,150.0,2026-03-07T17:31:44.583642,pendente,1,True
2047,2306,96833,10,3915.41,684.16,2026-03-19T17:31:44.583642,cancelado,1,True
2048,3314,58,2,4473.58,315.82,2026-10-08T17:31:44.583642,enviado,4,True
2049,3976,1580,7,1860.2,173.1,2027-10-09T17:31:44.726522,cancelado,1,True
2050,1513,587,-3,2337.68,242.34,2026-03-16T17:31:44.583642,pago,5,True
2051,533,190,6,631.91,118.3,2026-01-15T17:31:44.583642,Pago,5,True
2052,4522,2912,2,-159.6,788.04,2026-07-05T17:31:44.583642,pago,1,True
2053,4019,3411,-2,2677.03,636.69,2026-09-11T17:31:44.583642,cancelado,2,True
2054,4882,225,2,2167.9,310.13,2026-08-19T17:31:44.583642,pendente,10,True
2055,2950,1424,2,2747.52,14.61,2026-06-05T17:31:44.583642,canceladu,5,True
2056,1194,513,-1,3748.92,26.71,2025-10-26T17:31:44.583642,pendente,1,True
2057,3752,188,10,3281.57,489.49,2026-01-13T17:31:44.583642,CANCELADO,1,True
2058,95985,3839,2,2074.08,326.63,2025-11-29T17:31:44.583642,entregue,2,True
2059,183,95907,8,3275.32,429.38,2025-12-24T17:31:44.583642,cancelado,5,True
2060,2602,3544,2,4956.72,612.81,2027-10-09T17:31:44.726645,cancelado,1,True
2061,95862,2336,6,2682.09,497.53,2026-05-28T17:31:44.583642,entregue,5,True
2062,4804,2133,6,4255.57,740.01,2027-10-09T17:31:44.726669,pendente,1,True
2063,4750,569,2,184.16,6.83,2025-10-21T17:31:44.583642,PAGO,4,True
2064,3798,1624,4,100.0,150.0,2025-10-22T17:31:44.583642,cancelado,3,True
2065,2404,99648,1,2039.97,418.03,2025-11-16T17:31:44.583642,enviado,5,True
2066,1258,92968,10,511.01,41.64,2026-04-27T17:31:44.583642,enviado,1,True
2067,4336,4608,6,737.47,118.53,2027-10-09T17:31:44.726723,cancelado,2,True
2068,95122,3551,8,4390.68,1301.6,2026-02-04T17:31:44.583642,pago,1,True
2069,1553,3541,3,100.0,150.0,2026-08-10T17:31:44.583642,cancelado,1,True
2070,3416,186,8,4093.29,187.87,2027-10-09T17:31:44.726755,pago,3,True
2071,1212,2853,10,1179.52,314.48,2025-10-22T17:31:44.583642,entregu,3,True
2072,4919,98203,1,1952.85,533.99,2026-02-10T17:31:44.583642,entregue,4,True
2073,2016,4406,5,-563.11,1226.66,2025-11-28T17:31:44.583642,cancelado,4,True
2074,92397,3753,10,4511.86,134.64,2026-09-18T17:31:44.583642,entregue,2,True
2075,1470,3723,1,303.48,67.32,2026-02-09T17:31:44.583642,enVIAdO,3,True
2076,2420,1058,4,100.0,150.0,2026-01-27T17:31:44.583642,pendente,5,True
2077,1967,90326,8,4313.32,790.85,2026-07-08T17:31:44.583642,pendente,3,True
2078,2712,575,7,2932.68,534.42,2027-10-09T17:31:44.726854,pendente,2,True
2079,871,7,1,2212.62,257.5,2026-01-16T17:31:44.583642,entregue,5,True
2080,1171,95637,3,1849.05,381.03,2026-03-28T17:31:44.583642,pendente,5,True
2081,4348,4772,10,3538.19,45.1,2026-03-25T17:31:44.583642,ENVIADO,3,True
2082,3258,3200,10,4399.8,1176.53,2026-08-01T17:31:44.583642,pago,5,True
2083,3403,4728,8,4731.62,787.66,2026-10-03T17:31:44.583642,pendente,6,True
2084,1324,799,-9,4799.28,822.24,2026-09-13T17:31:44.583642,pago,2,True
2085,2087,3008,4,1563.3,140.1,2025-12-16T17:31:44.583642,CANCELADO,2,True
2086,669,3063,3,100.0,150.0,2026-04-12T17:31:44.583642,pago,2,True
2087,3671,1733,3,3732.94,609.74,2026-06-08T17:31:44.583642,Pago,5,True
2088,1115,2159,9,2722.79,580.74,2026-08-25T17:31:44.583642,Enviado,3,True
2089,98181,309,4,3972.89,906.28,2026-05-26T17:31:44.583642,enviado,1,True
2090,2965,1409,4,3339.94,402.86,2026-10-05T17:31:44.583642,cancelado,4,True
2091,302,285,5,100.0,150.0,2026-08-13T17:31:44.583642,cancelado,1,True
2092,1550,83,9,-884.31,1230.67,2026-04-05T17:31:44.583642,entregue,5,True
2093,727,99,3,100.0,150.0,2026-05-21T17:31:44.583642,enviado,2,True
2094,97803,4921,4,4183.98,261.51,2026-02-28T17:31:44.583642,pendente,4,True
2095,4499,2049,3,2127.01,434.63,2025-12-06T17:31:44.583642,cacelado,1,True
2096,1721,3591,3,3436.14,881.44,2026-07-08T17:31:44.583642,CANCELADO,2,True
2097,4703,4359,-9,4046.96,60.72,2026-08-03T17:31:44.583642,entregue,2,True
2098,4385,732,10,3470.5,733.53,2026-04-26T17:31:44.583642,enviado,2,True
2099,2732,4541,1,1002.21,57.83,2026-07-26T17:31:44.583642,Entregue,1,True
2100,2564,2658,7,100.0,150.0,2026-09-01T17:31:44.583642,entregue,4,True
2101,3818,2510,7,4619.36,786.31,2026-07-26T17:31:44.583642,entregue,3,True
2102,2267,4195,9,3424.16,240.43,2027-10-09T17:31:44.727176,entregue,3,True
2103,1914,3342,2,1453.79,184.98,2025-12-25T17:31:44.583642,Pendente,1,True
2104,3313,1887,3,1271.98,99.05,2027-10-09T17:31:44.727206,enviado,3,True
2105,804,106,4,219.28,57.62,2026-03-23T17:31:44.583642,entregu,4,True
2106,2982,1345,2,4269.34,391.93,2027-10-09T17:31:44.727237,entregue,2,True
2107,1799,818,9,65.53,14.75,2025-10-27T17:31:44.583642,pendente,10,True
2108,97,3331,1,3759.76,117.33,2026-04-04T17:31:44.583642,PAGo,1,True
2109,3111,91362,10,2882.86,564.13,2026-02-10T17:31:44.583642,pendente,4,True
2110,2150,4164,-7,253.84,41.87,2026-05-17T17:31:44.583642,pago,4,True
2111,458,2245,9,334.67,76.28,2026-03-09T17:31:44.583642,enviado,6,True
2112,3114,98874,2,465.85,59.68,2026-07-07T17:31:44.583642,entregue,4,True
2113,2699,2510,8,2033.47,232.54,2026-09-26T17:31:44.583642,pAGo,5,True
2114,3249,2835,3,3555.9,607.78,2026-04-14T17:31:44.583642,pendente,3,True
2115,1734,4104,6,4084.93,1196.21,2026-07-30T17:31:44.583642,Pendente,4,True
2116,523,4181,2,100.0,150.0,2026-08-03T17:31:44.583642,pago,5,True
2117,4339,2839,5,1846.05,367.1,2026-04-23T17:31:44.583642,entrege,3,True
2118,3664,3479,9,600.92,150.62,2026-08-12T17:31:44.583642,pago,-1,True
2119,3633,3795,2,4088.1,840.55,2026-02-27T17:31:44.583642,entregue,-1,True
2120,93864,861,4,4946.77,7.97,2026-04-09T17:31:44.583642,pendente,3,True
2121,4018,95197,6,2156.89,11.97,2026-01-17T17:31:44.583642,enviado,2,True
2122,1841,3845,-6,2564.67,271.16,2026-01-03T17:31:44.583642,pendente,1,True
2123,3514,58,8,3082.13,441.74,2026-04-17T17:31:44.583642,pendente,10,True
2124,3010,2909,5,1763.54,23.0,2026-07-07T17:31:44.583642,Pendente,3,True
2125,1937,3891,9,3478.39,623.61,2026-06-07T17:31:44.583642,ENVIADO,4,True
2126,662,96527,5,3163.98,729.43,2025-10-26T17:31:44.583642,entregue,3,True
2127,92565,455,6,1403.43,43.85,2026-08-16T17:31:44.583642,pendente,4,True
2128,1604,4008,4,87.98,1.71,2026-09-21T17:31:44.583642,PAGO,3,True
2129,3470,3763,9,1837.17,335.47,2026-01-12T17:31:44.583642,pendnete,5,True
2130,94502,4648,2,1519.0,46.5,2026-03-19T17:31:44.583642,entregue,5,True
2131,4632,1516,2,2924.54,669.16,2026-05-06T17:31:44.583642,cancelado,6,True
2132,4629,26,-4,4671.53,144.97,2026-05-14T17:31:44.583642,cancelado,4,True
2133,2419,92155,2,4036.48,1188.59,2026-05-15T17:31:44.583642,pendente,4,True
2134,1504,4062,1,387.49,47.78,2026-09-09T17:31:44.583642,ENVIADO,2,True
2135,4785,3115,10,-992.72,748.65,2026-02-02T17:31:44.583642,cancelado,3,True
2136,4515,3465,3,-884.86,506.41,2026-02-18T17:31:44.583642,pago,1,True
2137,2259,99095,5,392.26,3.77,2025-12-07T17:31:44.583642,cancelado,5,True
2138,1067,752,3,3706.73,246.77,2025-10-25T17:31:44.583642,ENVIADO,1,True
2139,92587,1402,5,2672.61,535.31,2026-06-01T17:31:44.583642,cancelado,5,True
2140,595,2202,4,2027.99,534.03,2025-12-21T17:31:44.583642,canceladu,5,True
2141,4093,2255,4,718.63,74.28,2027-10-09T17:31:44.727671,entregue,5,True
2142,3848,531,2,1974.9,414.75,2025-12-01T17:31:44.583642,entregue,4,True
2143,1322,91825,10,1866.83,332.14,2026-07-20T17:31:44.583642,pago,5,True
2144,1847,3686,5,4480.22,1109.17,2026-09-25T17:31:44.583642,envIADo,1,True
2145,4982,67,6,3394.19,98.41,2026-09-03T17:31:44.583642,pago,3,True
2146,2253,3333,6,4584.48,724.2,2026-04-08T17:31:44.583642,eNTRegUe,1,True
2147,94970,511,3,943.47,61.1,2026-08-15T17:31:44.583642,pendente,5,True
2148,4081,2670,4,2795.14,558.6,2026-08-12T17:31:44.583642,ENVIAdO,2,True
2149,1454,2218,3,1627.39,248.06,2025-11-19T17:31:44.583642,pendente,2,True
2150,91069,256,4,3945.37,4.65,2026-09-29T17:31:44.583642,entregue,3,True
2151,3864,2881,3,2253.35,68.77,2026-03-05T17:31:44.583642,pagO,3,True
2152,4099,96805,7,2631.34,196.78,2026-03-01T17:31:44.583642,enviado,4,True
2153,4084,2157,8,1645.04,348.47,2026-08-31T17:31:44.583642,entregue ,2,True
2154,2064,2769,5,174.24,39.44,2026-06-22T17:31:44.583642,pago,5,True
2155,1163,1892,9,3606.38,777.98,2026-09-14T17:31:44.583642,paguo,5,True
2156,92513,2496,7,375.59,9.47,2026-09-20T17:31:44.583642,enviado,5,True
2157,2718,3445,10,-315.64,167.19,2026-04-03T17:31:44.583642,entregue,3,True
2158,2412,4083,3,4880.71,302.8,2027-10-09T17:31:44.727898,cancelado,1,True
2159,416,3575,2,100.0,150.0,2025-11-19T17:31:44.583642,enviado,2,True
2160,1703,4098,6,-332.05,4.43,2026-10-05T17:31:44.583642,entregue,3,True
2161,3844,95850,3,1077.91,196.94,2026-04-23T17:31:44.583642,cancelado,2,True
2162,2426,3208,3,3773.51,849.57,2027-10-09T17:31:44.727983,pendente,2,True
2163,3915,445,5,4946.85,794.39,2027-10-09T17:31:44.727997,pendente,5,True
2164,2254,4410,7,2311.61,530.19,2026-01-26T17:31:44.583642,enVIaDO,4,True
2165,526,4363,10,3329.08,296.15,2025-11-21T17:31:44.583642,cancelado,,True
2166,3176,62,9,2766.78,708.38,2025-12-25T17:31:44.583642,eNviAdo,1,True
2167,4684,1187,6,3928.0,171.12,2027-10-09T17:31:44.728173,pago,3,True
2168,1500,4674,8,3557.33,67.12,2025-11-24T17:31:44.583642,cacelado,4,True
2169,2624,618,3,3382.52,173.43,2025-11-20T17:31:44.583642,Pendente,2,True
2170,3938,233,7,3723.36,83.98,2025-11-21T17:31:44.583642,PAgo,5,True
2171,4687,2551,1,100.0,150.0,2026-09-15T17:31:44.583642,enviado,4,True
2172,2976,1908,4,3703.17,58.39,2026-06-10T17:31:44.583642,ENVIADO,4,True
2173,701,4239,-2,481.49,70.13,2026-04-29T17:31:44.583642,cancelado,4,True
2174,4308,3967,4,4946.1,377.39,2026-09-23T17:31:44.583642,ENVIADO,4,True
2175,97126,1877,2,951.41,144.75,2026-09-11T17:31:44.583642,pago,2,True
2176,3889,248,1,1036.78,266.99,2025-11-25T17:31:44.583642,pendnete,5,True
2177,2027,1974,8,4774.56,369.44,2026-04-25T17:31:44.583642,enviado ,2,True
2178,356,1152,7,1492.69,391.16,2026-05-24T17:31:44.583642,pago,-1,True
2179,90351,861,8,3055.43,587.73,2026-07-07T17:31:44.583642,enviado,1,True
2180,1313,476,4,4339.91,429.75,2026-04-05T17:31:44.583642,CAnCelAdO,2,True
2181,2643,3114,7,3429.45,970.34,2026-06-29T17:31:44.583642,entrege,1,True
2182,389,3358,6,100.0,150.0,2026-06-14T17:31:44.583642,cancelado,5,True
2183,620,27,5,2829.09,280.56,2026-06-25T17:31:44.583642,ENVIADO,4,True
2184,2746,1614,4,-554.76,665.71,2026-01-07T17:31:44.583642,pago,3,True
2185,2190,4952,4,100.0,150.0,2026-10-01T17:31:44.583642,entregue,4,True
2186,1248,3396,2,1608.41,379.58,2025-10-23T17:31:44.583642,PENDENTE,3,True
2187,2159,3248,7,1465.67,353.42,2026-01-18T17:31:44.583642,cancelado,100,True
2188,311,3816,10,905.23,135.41,2026-02-19T17:31:44.583642,PendenTE,5,True
2189,336,4724,9,937.01,256.92,2026-03-29T17:31:44.583642,pago,5,True
2190,4096,3506,1,-140.44,178.51,2026-01-03T17:31:44.583642,pago,1,True
2191,3286,182,-8,779.61,209.76,2026-02-14T17:31:44.583642,pago,2,True
2192,2354,865,4,2348.13,645.38,2026-04-29T17:31:44.583642,CAnCeLAdo,5,True
2193,1643,3351,2,148.92,11.24,2026-07-10T17:31:44.583642,pENdenTe,3,True
2194,70,2365,4,-753.36,815.9,2026-04-18T17:31:44.583642,pendente,1,True
2195,97133,2872,5,4895.46,170.37,2026-08-16T17:31:44.583642,cancelado,5,True
2196,720,4638,9,2834.15,330.7,2026-08-15T17:31:44.583642,enviadio,2,True
2197,2098,478,4,1481.32,168.16,2026-04-15T17:31:44.583642,PAGO,2,True
2198,3508,3793,1,1552.01,134.02,2026-06-02T17:31:44.583642,cAnCElaDO,4,True
2199,2671,2090,2,189.67,15.3,2027-10-09T17:31:44.728533,cancelado,2,True
2200,382,98840,5,39.75,1.22,2026-03-25T17:31:44.583642,pendente,1,True
2201,3646,1493,7,4504.36,117.71,2026-05-03T17:31:44.583642,cancelado,1,True
2202,2074,4660,1,2627.66,196.93,2026-01-28T17:31:44.583642,PAGO,4,True
2203,961,1870,3,2513.09,628.43,2025-11-11T17:31:44.583642,enviadio,1,True
2204,1078,3760,8,1411.42,168.1,2026-04-13T17:31:44.583642,pago,-1,True
2205,1562,678,7,952.49,170.8,2025-11-19T17:31:44.583642,Entregue,3,True
2206,1,4611,4,4470.15,113.79,2026-02-11T17:31:44.583642,Pago,1,True
2207,4824,22,1,2127.14,442.6,2026-10-05T17:31:44.583642,cancelado ,5,True
2208,3698,2911,3,1088.68,172.8,2026-10-02T17:31:44.583642,Cancelado,4,True
2209,544,3700,8,847.79,94.5,2026-09-23T17:31:44.583642,paguo,5,True
2210,1477,4247,7,1425.71,36.68,2026-03-10T17:31:44.583642,entregue,1,True
2211,1376,2243,5,4594.98,403.45,2026-08-08T17:31:44.583642,PENDENTE,2,True
2212,90506,3908,5,2611.51,592.03,2026-09-19T17:31:44.583642,cancelado,5,True
2213,402,3428,3,4101.34,637.76,2026-08-20T17:31:44.583642,CANCELADO,3,True
2214,4855,2708,7,2396.64,675.43,2026-05-23T17:31:44.583642,entregue,1,True
2215,91275,3928,2,2135.98,396.58,2026-03-29T17:31:44.583642,pago,5,True
2216,4408,3419,8,100.0,150.0,2025-12-20T17:31:44.583642,enviado,3,True
2217,1365,988,7,4527.2,668.4,2026-01-14T17:31:44.583642,pendente,2,True
2218,2226,3323,9,-643.23,684.21,2026-10-01T17:31:44.583642,pago,1,True
2219,2457,93380,5,4290.61,633.03,2026-09-27T17:31:44.583642,cancelado,3,True
2220,4501,4818,6,3117.48,142.34,2026-03-06T17:31:44.583642,pago,4,True
2221,91190,1886,5,1307.02,175.2,2026-03-02T17:31:44.583642,cancelado,1,True
2222,4245,4684,1,1233.06,272.04,2026-07-11T17:31:44.583642,ENVIADO,4,True
2223,3703,4372,4,3956.74,429.25,2026-04-08T17:31:44.583642,cancelado,,True
2224,3657,4521,9,302.34,41.14,2026-05-23T17:31:44.583642,CANCELADO,4,True
2225,4564,1119,-2,2609.14,763.18,2026-05-08T17:31:44.583642,pago,4,True
2226,295,1927,7,-215.39,174.99,2026-01-06T17:31:44.583642,enviado,1,True
2227,1973,97441,9,4367.9,1272.91,2026-01-12T17:31:44.583642,pago,5,True
2228,11,910,8,3860.52,108.64,2026-07-10T17:31:44.583642,EnVIadO,4,True
2229,4910,4233,3,1772.54,213.38,2026-03-25T17:31:44.583642,pendente,-1,True
2230,843,3712,1,-859.08,209.63,2026-02-26T17:31:44.583642,pago,3,True
2231,2852,3572,1,1252.62,210.34,2026-04-23T17:31:44.583642,pENdenTE,5,True
2232,50,90224,7,1013.28,258.79,2026-01-21T17:31:44.583642,entregue,5,True
2233,3423,1402,1,2942.0,341.95,2026-03-27T17:31:44.583642,cancelado,3,True
2234,2467,99797,10,4415.64,816.19,2026-03-17T17:31:44.583642,pendente,2,True
2235,654,3629,2,100.0,150.0,2026-03-30T17:31:44.583642,entregue,4,True
2236,2485,93887,8,1951.74,413.24,2025-12-13T17:31:44.583642,pendente,3,True
2237,1926,3596,3,1110.5,244.4,2026-05-23T17:31:44.583642,pendente,4,True
2238,3572,95327,1,2012.43,264.6,2026-04-24T17:31:44.583642,pago,5,True
2239,4122,95305,9,3157.97,705.08,2026-03-01T17:31:44.583642,pendente,3,True
2240,360,3108,5,4459.96,1040.7,2025-11-04T17:31:44.583642,CAnCeLADO,2,True
2241,2971,3344,2,1839.07,333.53,2027-10-09T17:31:44.728871,entregue,1,True
2242,93753,1230,3,1700.27,460.99,2026-08-30T17:31:44.583642,pendente,5,True
2243,1443,2304,9,20.3,5.12,2027-10-09T17:31:44.728887,pago,1,True
2244,759,2028,1,3768.93,477.37,2027-10-09T17:31:44.728896,enviado,2,True
2245,1156,3569,-7,968.54,42.56,2025-10-28T17:31:44.583642,enviado,2,True
2246,96174,2036,6,2529.5,225.93,2026-08-06T17:31:44.583642,pago,1,True
2247,50,3809,6,4883.67,1047.52,2026-01-17T17:31:44.583642,Pago,1,True
2248,2999,230,4,770.19,187.96,2026-01-10T17:31:44.583642,ENVIadO,2,True
2249,2348,2487,9,3003.96,399.19,2027-10-09T17:31:44.728945,enviado,2,True
2250,1013,2145,8,3184.07,188.13,2025-10-31T17:31:44.583642,PENdeNTE,1,True
2251,3162,1712,9,100.0,150.0,2026-08-19T17:31:44.583642,enviado,2,True
2252,1847,4892,6,4129.17,1063.15,2026-05-06T17:31:44.583642,cancelado,-1,True
2253,2116,576,4,4088.49,122.26,2026-01-31T17:31:44.583642,envIaDo,1,True
2254,1443,3831,6,100.0,150.0,2026-02-19T17:31:44.583642,pago,5,True
2255,1833,747,1,1385.89,79.5,2027-10-09T17:31:44.728995,cancelado,2,True
2256,4179,3765,8,-356.39,357.62,2026-08-08T17:31:44.583642,pago,3,True
2257,3255,2028,3,2218.59,441.47,2026-01-13T17:31:44.583642,pago,10,True
2258,856,4258,4,174.28,7.61,2026-08-29T17:31:44.583642,Pendente,3,True
2259,2990,1235,9,2321.24,600.26,2026-08-14T17:31:44.583642,envado,4,True
2260,2006,3140,2,3447.32,425.46,2027-10-09T17:31:44.729035,pago,4,True
2261,1847,4938,1,3907.42,957.51,2025-11-10T17:31:44.583642,CaNCElaDO,3,True
2262,3340,1280,9,2162.4,41.21,2025-10-28T17:31:44.583642,pendente,-1,True
2263,2962,3383,-5,3338.33,312.24,2026-06-06T17:31:44.583642,enviado,1,True
2264,1651,790,9,2480.78,490.59,2026-09-09T17:31:44.583642,Entregue,3,True
2265,3529,4593,-5,884.49,192.46,2026-02-27T17:31:44.583642,pendente,4,True
2266,2001,1175,6,461.15,56.01,2025-11-03T17:31:44.583642,ENVIADO,3,True
2267,2213,4955,7,732.94,19.59,2026-05-19T17:31:44.583642,entREGUE,2,True
2268,3069,2492,6,2562.05,304.3,2026-07-09T17:31:44.583642,pendente,4,True
2269,1336,966,1,131.44,38.6,2026-10-07T17:31:44.583642,cancelado,,True
2270,4448,91939,1,324.54,9.07,2026-07-31T17:31:44.583642,entregue,5,True
2271,1980,4949,6,3463.96,803.38,2026-10-08T17:31:44.583642,PENDENTE,2,True
2272,3078,55,5,3496.24,766.78,2026-08-17T17:31:44.583642,ENTREGUE,1,True
2273,2203,3924,3,1862.09,462.71,2025-12-03T17:31:44.583642,cancelado,100,True
2274,2273,577,9,3615.34,907.63,2026-01-17T17:31:44.583642,Enviado,2,True
2275,4023,3862,3,4439.72,399.02,2026-01-10T17:31:44.583642,enviado,1,True
2276,3980,2857,10,560.19,13.66,2026-06-13T17:31:44.583642,Cancelado,4,True
2277,50,3945,2,2097.04,242.6,2026-10-07T17:31:44.583642,pendente,1,True
2278,2822,372,6,3216.97,577.06,2027-10-09T17:31:44.729191,enviado,4,True
2279,4403,1212,7,4319.41,845.29,2025-10-20T17:31:44.583642,pago,-1,True
2280,1504,923,6,100.0,150.0,2026-06-05T17:31:44.583642,pendente,4,True
2281,4990,4109,8,2822.33,293.3,2026-03-17T17:31:44.583642,CanceLAdO,1,True
2282,3148,2775,6,4404.97,1065.48,2025-12-28T17:31:44.583642,pago,-1,True
2283,42,90070,8,3738.53,531.69,2025-11-10T17:31:44.583642,pendente,3,True
2284,2052,4169,10,100.0,150.0,2026-04-28T17:31:44.583642,cancelado,4,True
2285,1464,1651,-6,1274.0,204.01,2025-11-02T17:31:44.583642,enviado,1,True
2286,3928,3838,8,100.0,150.0,2026-01-31T17:31:44.583642,cancelado,5,True
2287,91383,4959,6,3942.02,236.84,2026-09-13T17:31:44.583642,pendente,3,True
2288,3049,3685,8,141.62,19.65,2026-08-03T17:31:44.583642,cacelado,2,True
2289,2719,4450,6,4962.59,231.08,2026-05-01T17:31:44.583642,Enviado,5,True
2290,4623,2320,7,4306.61,291.71,2025-11-05T17:31:44.583642,ENtREgUe,1,True
2291,1195,3011,-5,2543.84,483.95,2026-07-27T17:31:44.583642,entregue,3,True
2292,1444,4016,-3,1696.39,471.99,2026-06-04T17:31:44.583642,enviado,4,True
2293,4703,91128,1,3723.57,733.27,2026-02-09T17:31:44.583642,enviado,5,True
2294,1134,184,3,3514.13,923.57,2026-04-20T17:31:44.583642,CancElADo,5,True
2295,2081,2415,-7,3050.12,605.67,2026-06-19T17:31:44.583642,pendente,5,True
2296,3382,4199,-8,702.4,172.02,2026-01-13T17:31:44.583642,pendente,5,True
2297,4080,4708,6,2782.74,815.26,2026-03-01T17:31:44.583642,PAGo,1,True
2298,4536,2742,9,4700.7,690.39,2026-08-02T17:31:44.583642,PENDENTE,1,True
2299,4833,4776,-4,638.52,2.12,2026-07-26T17:31:44.583642,pago,5,True
2300,220,4353,6,189.56,21.25,2026-04-14T17:31:44.583642,entregue,1,True
2301,3321,3387,4,1453.39,17.39,2026-06-05T17:31:44.583642,ENTREGUE,4,True
2302,3524,4818,5,1791.55,228.0,2026-07-17T17:31:44.583642,pago,3,True
2303,351,1113,10,4729.08,1320.51,2026-07-01T17:31:44.583642,PENDENTE,2,True
2304,4469,2570,-4,834.28,151.9,2026-05-31T17:31:44.583642,pago,2,True
2305,3906,3441,10,1062.1,104.96,2026-05-22T17:31:44.583642,enviado,100,True
2306,3261,2047,9,3102.28,573.1,2026-01-12T17:31:44.583642,entregue,1,True
2307,2644,3321,10,2758.28,404.25,2025-11-20T17:31:44.583642,EnViADo,5,True
2308,4118,99471,8,1603.28,399.03,2026-05-21T17:31:44.583642,pago,3,True
2309,141,1754,3,2888.46,783.67,2026-03-26T17:31:44.583642,eNViaDo,2,True
2310,3754,418,1,-352.73,577.56,2026-02-27T17:31:44.583642,pendente,5,True
2311,92227,214,1,4866.47,1459.82,2026-05-17T17:31:44.583642,pendente,4,True
2312,3094,806,-10,1850.34,532.37,2025-11-26T17:31:44.583642,pendente,4,True
2313,1625,1426,-8,4757.51,172.1,2026-05-08T17:31:44.583642,cancelado,4,True
2314,230,2428,1,1819.05,425.65,2027-10-09T17:31:44.729525,pago,2,True
2315,4877,96745,4,4280.38,564.93,2025-12-03T17:31:44.583642,pago,5,True
2316,3559,4905,-1,1360.63,248.34,2025-11-13T17:31:44.583642,entregue,3,True
2317,3166,2631,8,3936.96,339.34,2025-10-27T17:31:44.583642,ENVIADO,5,True
2318,4238,1711,-10,2097.68,174.83,2025-12-10T17:31:44.583642,pago,5,True
2319,3560,1552,1,3250.09,854.64,2027-10-09T17:31:44.729707,pago,2,True
2320,3665,211,2,1058.52,55.88,2027-10-09T17:31:44.729717,cancelado,5,True
2321,2727,51,7,1934.17,499.92,2026-04-24T17:31:44.583642,pago,2,True
2322,3553,1575,7,759.74,155.16,2026-02-23T17:31:44.583642,pago,,True
2323,186,4245,3,-910.98,970.22,2026-09-23T17:31:44.583642,enviado,1,True
2324,3428,4715,2,3595.11,143.65,2025-12-23T17:31:44.583642,CANCELADO,1,True
2325,31,3404,6,3374.08,209.33,2026-04-25T17:31:44.583642,pago,100,True
2326,2194,376,-10,4053.05,975.23,2025-10-25T17:31:44.583642,pendente,1,True
2327,3118,2648,7,2863.18,223.73,2026-03-02T17:31:44.583642,enviado,100,True
2328,3596,1825,7,1393.59,17.44,2026-06-28T17:31:44.583642,pendente,10,True
2329,2211,3837,3,960.47,124.7,2025-12-11T17:31:44.583642,pago,10,True
2330,2427,3426,-2,3608.59,227.89,2025-11-01T17:31:44.583642,entregue,5,True
2331,2504,881,7,2214.43,185.43,2026-09-27T17:31:44.583642,Cancelado,3,True
2332,3924,4282,2,3082.49,692.94,2026-05-14T17:31:44.583642,cancelado,100,True
2333,4288,90476,6,4335.87,445.5,2026-05-30T17:31:44.583642,pendente,5,True
2334,3265,2153,9,249.08,59.23,2025-11-07T17:31:44.583642,pendente,4,True
2335,3475,2555,4,100.0,150.0,2026-03-26T17:31:44.583642,cancelado,4,True
2336,2081,1161,10,4588.25,1344.67,2027-10-09T17:31:44.729843,pago,1,True
2337,1070,3240,4,1933.37,113.97,2026-02-25T17:31:44.583642,cANCElaDo,2,True
2338,3905,3929,5,100.0,150.0,2026-02-07T17:31:44.583642,cancelado,4,True
2339,3980,1733,1,4123.63,864.61,2026-08-02T17:31:44.583642,ENVIADO,1,True
2340,120,4622,-7,376.04,37.59,2025-11-06T17:31:44.583642,cancelado,1,True
2341,2937,90812,4,2960.34,288.58,2026-02-26T17:31:44.583642,pago,4,True
2342,3735,93391,1,199.49,59.17,2026-04-12T17:31:44.583642,enviado,3,True
2343,4112,92680,6,3204.46,516.97,2026-07-19T17:31:44.583642,pago,5,True
2344,4610,351,7,-670.05,310.53,2026-02-09T17:31:44.583642,cancelado,2,True
2345,1641,821,8,2612.13,102.47,2025-12-10T17:31:44.583642,canCElADO,1,True
2346,3010,4616,8,2427.1,116.87,2025-10-20T17:31:44.583642,canceladu,2,True
2347,3346,3825,3,3799.29,1128.38,2026-10-08T17:31:44.583642,entregue,6,True
2348,4552,2874,-5,976.77,244.33,2026-09-19T17:31:44.583642,pendente,2,True
2349,3146,3034,8,1910.61,414.58,2026-03-07T17:31:44.583642,Cancelado,3,True
2350,3369,1218,7,100.0,150.0,2026-07-09T17:31:44.583642,cancelado,3,True
2351,2578,94041,7,1488.54,299.33,2026-08-17T17:31:44.583642,pago,3,True
2352,2751,611,2,1548.85,112.86,2025-10-10T17:31:44.583642,pendente,10,True
2353,3962,181,6,4601.19,232.81,2027-10-09T17:31:44.729978,enviado,4,True
2354,4522,3274,4,1608.34,466.54,2026-04-11T17:31:44.583642,enviado,3,True
2355,3048,3758,6,2919.79,131.1,2026-07-27T17:31:44.583642,enviado,2,True
2356,1188,2569,3,2515.87,299.22,2027-10-09T17:31:44.730005,pago,3,True
2357,3223,1948,6,3621.14,1083.21,2026-04-28T17:31:44.583642,EntrEgue,4,True
2358,3075,258,3,769.39,149.96,2026-04-08T17:31:44.583642,pndente,5,True
2359,1459,3690,2,4032.71,434.72,2027-10-09T17:31:44.730032,cancelado,1,True
2360,65,396,4,4262.0,470.05,2027-10-09T17:31:44.730041,enviado,3,True
2361,91764,4069,1,2584.24,683.75,2026-05-14T17:31:44.583642,pago,1,True
2362,97639,2489,4,3045.79,617.79,2026-07-24T17:31:44.583642,enviado,1,True
2363,504,4667,5,3036.39,66.34,2026-01-23T17:31:44.583642,ENTREGUE,3,True
2364,2918,274,1,1999.45,435.49,2026-08-08T17:31:44.583642,canceldo,5,True
2365,99080,1081,9,3311.46,365.65,2026-07-14T17:31:44.583642,pago,2,True
2366,2024,712,7,1649.03,130.09,2025-12-02T17:31:44.583642,pago ,2,True
2367,3033,2684,7,100.0,150.0,2026-01-18T17:31:44.583642,pendente,4,True
2368,3906,183,6,4879.72,840.82,2026-06-07T17:31:44.583642,enviiado,4,True
2369,3120,3027,1,3636.72,719.79,2027-10-09T17:31:44.730113,pago,1,True
2370,2564,983,10,3323.95,772.64,2025-11-11T17:31:44.583642,pago,10,True
2371,1010,900,9,4328.21,382.34,2025-10-14T17:31:44.583642,Cancelado,2,True
2372,844,2439,2,-857.74,396.85,2026-04-04T17:31:44.583642,pago,1,True
2373,1009,4966,3,3857.24,641.82,2025-11-20T17:31:44.583642,cacelado,4,True
2374,3514,2887,10,1955.16,174.36,2026-06-08T17:31:44.583642,Entregue,5,True
2375,1827,842,7,1761.58,346.95,2026-10-01T17:31:44.583642,Cancelado,4,True
2376,4964,3841,2,3241.7,865.42,2027-10-09T17:31:44.730167,cancelado,2,True
2377,98351,4949,9,268.78,37.22,2026-05-14T17:31:44.583642,entregue,3,True
2378,3305,2846,3,4969.85,583.58,2025-12-30T17:31:44.583642,enviado,-1,True
2379,3659,1512,1,-491.02,6.89,2026-02-28T17:31:44.583642,pago,5,True
2380,1472,455,1,4349.77,890.95,2025-10-23T17:31:44.583642,pago ,2,True
2381,4502,2718,10,-278.81,424.92,2026-05-12T17:31:44.583642,enviado,3,True
2382,4121,2851,10,1286.34,352.56,2027-10-09T17:31:44.730212,enviado,4,True
2383,3917,3358,7,3149.57,71.51,2026-09-22T17:31:44.583642,Pago,3,True
2384,97577,3755,2,58.79,16.69,2026-04-06T17:31:44.583642,pago,5,True
2385,2782,1346,4,3083.38,345.84,2025-12-14T17:31:44.583642,cancelado,1,True
2386,91788,4188,9,4422.19,855.27,2026-04-27T17:31:44.583642,enviado,2,True
2387,3859,4470,8,100.0,150.0,2026-10-01T17:31:44.583642,entregue,1,True
2388,2422,3662,4,2923.88,103.14,2026-07-16T17:31:44.583642,pendnete,1,True
2389,2890,1181,4,2385.63,478.23,2026-07-06T17:31:44.583642,Pendente,2,True
2390,252,1529,6,4791.15,771.41,2026-07-28T17:31:44.583642,enviado,2,True
2391,998,93237,9,2419.1,664.23,2026-04-11T17:31:44.583642,entregue,2,True
2392,1778,210,1,-543.58,23.5,2026-06-25T17:31:44.583642,pendente,4,True
2393,3301,2106,6,4741.23,829.85,2027-10-09T17:31:44.730298,enviado,5,True
2394,1578,4512,2,1162.99,344.18,2026-01-23T17:31:44.583642,pendente,1,True
2395,3335,2714,1,3710.98,1048.11,2026-08-15T17:31:44.583642,pedente,1,True
2396,136,1231,8,4636.27,1129.11,2026-03-04T17:31:44.583642,cancelado,10,True
2397,721,3937,8,1066.06,202.13,2026-02-22T17:31:44.583642,entregue ,5,True
2398,3325,518,-6,4319.49,70.75,2025-12-31T17:31:44.583642,enviado,3,True
2399,1793,3678,5,2019.85,258.88,2027-10-09T17:31:44.730346,cancelado,1,True
2400,620,91642,6,3033.43,633.18,2026-05-11T17:31:44.583642,cancelado,4,True
2401,83,4263,-3,1484.9,249.22,2026-01-01T17:31:44.583642,entregue,4,True
2402,960,4738,10,100.0,150.0,2026-01-06T17:31:44.583642,pago,3,True
2403,95594,3270,8,2637.57,348.59,2025-11-29T17:31:44.583642,cancelado,1,True
2404,37,90584,7,3394.88,736.67,2026-01-27T17:31:44.583642,entregue,5,True
2405,4302,4325,1,100.0,150.0,2026-01-06T17:31:44.583642,pendente,1,True
2406,919,97361,3,437.79,70.27,2026-06-22T17:31:44.583642,entregue,5,True
2407,1853,4779,-6,1690.38,75.8,2025-12-08T17:31:44.583642,cancelado,4,True
2408,2301,608,9,3551.98,189.34,2026-06-11T17:31:44.583642,entregue,2,True
2409,85,1418,3,100.0,150.0,2026-01-12T17:31:44.583642,pendente,1,True
2410,2818,4001,10,3637.92,841.08,2026-06-30T17:31:44.583642,pago,-1,True
2411,3416,92234,2,2544.58,593.22,2026-08-24T17:31:44.583642,pendente,1,True
2412,1011,2659,5,3531.0,933.64,2026-09-20T17:31:44.583642,entregue,,True
2413,197,1229,10,3101.58,268.91,2026-03-06T17:31:44.583642,etregue,2,True
2414,4311,4376,3,3068.77,429.68,2026-07-21T17:31:44.583642,PaGO,5,True
2415,1131,296,4,-340.38,1046.53,2026-07-13T17:31:44.583642,pendente,3,True
2416,3184,99188,8,509.84,58.18,2025-12-10T17:31:44.583642,pendente,5,True
2417,1264,4807,3,2619.36,781.35,2026-06-04T17:31:44.583642,enviado,3,True
2418,97768,1217,1,3070.38,358.9,2025-12-25T17:31:44.583642,cancelado,3,True
2419,1609,887,7,-101.42,31.4,2026-05-25T17:31:44.583642,enviado,2,True
2420,3583,4643,8,172.99,17.14,2027-10-09T17:31:44.730510,enviado,5,True
2421,4491,2505,10,4159.68,178.39,2026-06-29T17:31:44.583642,pago,4,True
2422,240,3920,1,1172.6,42.94,2027-10-09T17:31:44.730527,pendente,5,True
2423,2624,2791,2,3891.58,1150.68,2025-11-17T17:31:44.583642,CANCELADO,4,True
2424,4513,928,3,100.0,150.0,2026-07-18T17:31:44.583642,pago,5,True
2425,2132,2620,3,-961.35,1020.94,2026-01-20T17:31:44.583642,cancelado,4,True
2426,3445,126,7,4722.7,824.42,2025-10-10T17:31:44.583642,ENtReGue,5,True
2427,121,97574,10,1159.82,43.02,2026-04-15T17:31:44.583642,cancelado,1,True
2428,2242,2926,4,1927.82,261.22,2025-12-23T17:31:44.583642,Entregue,2,True
2429,93075,1711,4,1921.85,345.42,2026-07-10T17:31:44.583642,cancelado,4,True
2430,97293,1223,7,3536.77,705.45,2026-03-03T17:31:44.583642,pendente,3,True
2431,1086,3295,4,-352.49,88.74,2026-10-04T17:31:44.583642,pago,4,True
2432,1503,4110,5,4717.48,54.71,2026-08-11T17:31:44.583642,pendente,-1,True
2433,356,1211,5,3973.97,509.15,2026-05-04T17:31:44.583642,Entregue,1,True
2434,2655,90758,2,677.98,102.17,2026-10-09T17:31:44.583642,enviado,3,True
2435,2460,4435,-9,1608.55,266.68,2026-02-09T17:31:44.583642,enviado,1,True
2436,1883,2198,9,1625.31,71.94,2026-09-16T17:31:44.583642,pago,100,True
2437,3215,3973,4,3243.81,943.12,2025-12-04T17:31:44.583642,ENVIADO,4,True
2438,91828,2402,10,714.91,83.13,2026-05-05T17:31:44.583642,cancelado,5,True
2439,1565,2744,-10,4640.89,198.41,2026-05-05T17:31:44.583642,entregue,1,True
2440,2213,3128,5,4034.21,730.61,2026-09-05T17:31:44.583642,Pendente,3,True
2441,4470,4414,6,3952.67,634.4,2026-09-28T17:31:44.583642,Pago,4,True
2442,94486,2926,10,3869.97,1063.23,2026-01-24T17:31:44.583642,enviado,4,True
2443,97350,46,1,53.72,3.2,2025-12-08T17:31:44.583642,entregue,5,True
2444,1076,2255,5,3610.67,523.74,2025-10-10T17:31:44.583642,pago ,5,True
2445,3922,1700,8,1747.14,317.48,2026-04-12T17:31:44.583642,canceldo,5,True
2446,2904,273,-9,1189.37,110.42,2025-10-16T17:31:44.583642,enviado,2,True
2447,2425,2335,-1,2357.96,410.58,2026-03-10T17:31:44.583642,pendente,5,True
2448,2938,3316,5,4098.89,296.65,2025-11-29T17:31:44.583642,enviado,5,True
2449,438,3281,8,3063.36,455.34,2026-08-01T17:31:44.583642,enviado,,True
2450,2169,2183,3,150.28,20.68,2025-12-06T17:31:44.583642,pENDente,2,True
2451,4601,3169,4,3519.88,211.38,2026-01-31T17:31:44.583642,pndente,1,True
2452,4578,2130,5,100.0,150.0,2026-09-25T17:31:44.583642,entregue,4,True
2453,3606,460,1,100.0,150.0,2026-02-18T17:31:44.583642,pago,4,True
2454,2304,538,2,100.0,150.0,2025-11-26T17:31:44.583642,enviado,3,True
2455,2289,2305,9,-289.17,99.08,2026-05-30T17:31:44.583642,cancelado,3,True
2456,212,2727,10,1186.71,221.6,2026-07-07T17:31:44.583642,pago,100,True
2457,91975,4129,9,1743.2,34.11,2026-03-31T17:31:44.583642,cancelado,5,True
2458,3417,2846,5,-209.95,694.22,2026-09-02T17:31:44.583642,enviado,3,True
2459,400,2973,-10,4278.39,416.61,2026-05-04T17:31:44.583642,entregue,2,True
2460,551,231,3,4376.01,929.51,2027-10-09T17:31:44.730955,entregue,1,True
2461,2233,641,7,3715.68,823.68,2025-11-05T17:31:44.583642,pendente,-1,True
2462,334,4046,9,1673.15,423.95,2026-01-16T17:31:44.583642,pago,5,True
2463,3466,4868,7,-568.45,673.18,2026-10-04T17:31:44.583642,entregue,2,True
2464,4806,4444,1,295.89,82.26,2025-11-10T17:31:44.583642,CANCELADO,3,True
2465,2073,3626,9,2035.68,420.78,2026-10-04T17:31:44.583642,Cancelado,2,True
2466,4961,2543,10,1148.26,296.87,2026-01-06T17:31:44.583642,PENDENTE,1,True
2467,97699,2595,4,2168.09,319.46,2026-05-05T17:31:44.583642,enviado,2,True
2468,3791,3682,4,4017.34,483.73,2026-09-03T17:31:44.583642,paguo,2,True
2469,4597,4173,1,-243.01,1027.77,2025-12-17T17:31:44.583642,pendente,5,True
2470,4860,91288,4,4869.71,189.65,2025-10-19T17:31:44.583642,cancelado,1,True
2471,3868,4004,5,1136.31,94.0,2026-07-12T17:31:44.583642,enviado,6,True
2472,1635,4807,2,3108.16,455.83,2027-10-09T17:31:44.731063,enviado,5,True
2473,3196,144,6,3734.11,845.78,2025-10-24T17:31:44.583642,pago,,True
2474,2280,214,6,3507.43,296.04,2026-07-22T17:31:44.583642,pago,6,True
2475,4881,3170,2,100.0,150.0,2026-04-10T17:31:44.583642,cancelado,3,True
2476,4019,1882,4,1308.32,101.26,2027-10-09T17:31:44.731163,cancelado,3,True
2477,4873,4525,6,1551.17,48.45,2026-10-08T17:31:44.583642,Entregue,5,True
2478,4170,3442,10,3981.23,738.45,2026-05-15T17:31:44.583642,Pago,5,True
2479,4636,4192,-1,3565.63,889.44,2026-01-03T17:31:44.583642,enviado,5,True
2480,4886,94796,9,3715.01,774.62,2025-11-16T17:31:44.583642,pago,5,True
2481,4925,1123,5,-777.52,355.25,2025-12-09T17:31:44.583642,enviado,3,True
2482,3019,2597,9,1804.84,126.48,2026-06-07T17:31:44.583642,cancelado,4,True
2483,3775,3396,9,2143.61,592.6,2026-01-10T17:31:44.583642,enviado,,True
2484,3940,3007,3,1561.77,334.9,2026-05-12T17:31:44.583642,enviado,,True
2485,1938,1601,10,-283.71,48.11,2026-05-21T17:31:44.583642,entregue,5,True
2486,83,4195,-8,1943.24,133.67,2025-12-14T17:31:44.583642,enviado,3,True
2487,4269,4567,6,2709.67,335.38,2026-04-17T17:31:44.583642,enviado,5,True
2488,1973,93089,9,4538.33,1265.18,2026-05-17T17:31:44.583642,enviado,3,True
2489,2681,1685,5,2443.14,514.45,2026-08-09T17:31:44.583642,caNCeLadO,4,True
2490,1660,523,8,3280.91,34.76,2026-05-13T17:31:44.583642,ENVIADO,3,True
2491,1448,2218,3,54.78,10.44,2026-02-14T17:31:44.583642,Cancelado,2,True
2492,136,3760,9,1590.95,171.06,2026-03-27T17:31:44.583642,eNViADo,5,True
2493,4791,1593,3,516.01,93.83,2026-04-27T17:31:44.583642,CANcELaDO,3,True
2494,3218,90179,5,3517.91,643.49,2026-04-29T17:31:44.583642,cancelado,2,True
2495,93500,4386,5,584.97,2.71,2026-02-21T17:31:44.583642,entregue,3,True
2496,90893,3298,8,3025.88,822.77,2025-12-26T17:31:44.583642,cancelado,5,True
2497,97195,3048,10,3982.25,350.52,2026-02-03T17:31:44.583642,cancelado,1,True
2498,4577,2531,9,-465.5,1153.57,2026-01-01T17:31:44.583642,entregue,2,True
2499,2991,664,-9,3051.7,728.03,2026-05-29T17:31:44.583642,pendente,1,True
2500,94775,605,1,2181.79,100.41,2026-09-14T17:31:44.583642,cancelado,2,True
2501,93229,4253,2,1347.42,346.41,2026-07-05T17:31:44.583642,cancelado,5,True
2502,4916,216,7,4544.9,298.28,2026-08-01T17:31:44.583642,enviado,6,True
2503,4480,2076,1,4745.07,829.69,2025-10-20T17:31:44.583642,ENVIADO,4,True
2504,2451,95276,9,3536.65,445.83,2026-08-24T17:31:44.583642,enviado,4,True
2505,2946,2153,1,2605.99,22.21,2025-10-25T17:31:44.583642,Enviado,3,True
2506,98165,4606,8,4986.98,1018.97,2026-07-05T17:31:44.583642,enviado,4,True
2507,941,649,10,-545.66,793.68,2025-12-11T17:31:44.583642,pendente,1,True
2508,2302,2134,5,1932.84,90.01,2026-03-23T17:31:44.583642,entrege,2,True
2509,1840,1887,9,2431.97,130.29,2026-06-19T17:31:44.583642,enviado,5,True
2510,2435,1381,5,1626.14,252.92,2026-01-23T17:31:44.583642,cancelado,4,True
2511,2529,3771,10,4706.83,1395.39,2026-04-15T17:31:44.583642,pendente,3,True
2512,2923,1165,9,2137.22,191.42,2027-10-09T17:31:44.731540,cancelado,3,True
2513,45,2321,3,2075.47,502.53,2026-07-12T17:31:44.583642,paguo,5,True
2514,2693,1813,7,114.73,30.19,2026-07-01T17:31:44.583642,pndente,4,True
2515,4641,90781,4,414.41,48.05,2026-10-08T17:31:44.583642,cancelado,2,True
2516,4150,2680,8,4038.68,459.83,2026-01-18T17:31:44.583642,PAGO,3,True
2517,98647,4852,1,2866.39,285.87,2026-05-28T17:31:44.583642,entregue,2,True
2518,2658,648,9,100.0,150.0,2026-02-28T17:31:44.583642,pendente,2,True
2519,1230,54,2,-412.54,1013.52,2025-11-08T17:31:44.583642,pago,4,True
2520,2521,2840,7,586.56,38.08,2025-12-27T17:31:44.583642,enviado,6,True
2521,3293,3623,9,4102.02,563.5,2026-07-27T17:31:44.583642,envIado,2,True
2522,99842,3647,4,3723.02,291.1,2026-09-25T17:31:44.583642,pendente,1,True
2523,4859,928,5,100.0,150.0,2026-03-05T17:31:44.583642,enviado,3,True
2524,1597,90824,9,4823.9,241.34,2025-11-16T17:31:44.583642,cancelado,5,True
2525,416,4232,2,3489.05,1002.72,2025-11-19T17:31:44.583642,pago,4,True
2526,4968,3908,1,3889.0,1072.4,2026-04-30T17:31:44.583642,cancelado,10,True
2527,92241,3681,6,119.62,19.11,2026-01-20T17:31:44.583642,entregue,2,True
2528,4159,3403,4,4867.16,1003.53,2026-07-12T17:31:44.583642,cancelado,6,True
2529,3330,93513,2,3409.27,923.74,2025-10-26T17:31:44.583642,pago,1,True
2530,1561,2541,1,4823.79,487.21,2026-08-14T17:31:44.583642,pago,4,True
2531,505,262,5,4898.8,196.73,2026-07-15T17:31:44.583642,CanCeLaDO,4,True
2532,4855,4963,9,298.27,50.38,2026-09-23T17:31:44.583642,cancelado,4,True
2533,648,4933,7,4694.29,408.02,2025-11-01T17:31:44.583642,ENTREgue,1,True
2534,2590,1042,6,1892.16,361.53,2026-09-06T17:31:44.583642,Cancelado,5,True
2535,3898,1150,-2,3096.25,202.21,2025-10-28T17:31:44.583642,cancelado,1,True
2536,3680,698,2,4959.13,277.35,2026-05-08T17:31:44.583642,enviado,-1,True
2537,2411,1973,6,100.0,150.0,2026-03-03T17:31:44.583642,enviado,4,True
2538,1109,1875,-5,4395.28,1272.57,2025-10-12T17:31:44.583642,enviado,1,True
2539,4119,753,7,3108.06,778.38,2025-11-17T17:31:44.583642,Pendente,2,True
2540,4171,2575,7,4403.48,598.91,2026-04-08T17:31:44.583642,CanCELAdo,3,True
2541,2038,2490,2,100.0,150.0,2025-11-10T17:31:44.583642,pendente,4,True
2542,1453,592,1,100.0,150.0,2026-09-16T17:31:44.583642,pago,4,True
2543,726,271,10,3364.74,67.47,2025-11-27T17:31:44.583642,enviado,1,True
2544,3698,93691,9,1925.31,555.65,2026-08-28T17:31:44.583642,pendente,2,True
2545,92905,4198,8,1567.64,229.46,2026-03-02T17:31:44.583642,enviado,4,True
2546,4134,1115,3,4954.74,730.88,2026-04-10T17:31:44.583642,CAnCELAdo,3,True
2547,2239,2203,2,1413.83,378.48,2026-04-07T17:31:44.583642,enviado,100,True
2548,810,284,8,1877.87,3.1,2025-11-20T17:31:44.583642,PAGo,1,True
2549,2430,3908,7,4042.67,35.52,2026-08-26T17:31:44.583642,enviado,1,True
2550,3180,1374,3,4318.42,1224.01,2026-02-08T17:31:44.583642,PAGO,3,True
2551,765,1437,2,2661.82,109.21,2025-10-31T17:31:44.583642,enviadio,3,True
2552,4221,3245,1,3575.93,597.02,2025-11-09T17:31:44.583642,PAGo,1,True
2553,690,2179,-8,1082.2,272.35,2025-11-09T17:31:44.583642,enviado,4,True
2554,2995,2730,2,2358.85,133.22,2026-01-01T17:31:44.583642,PAGO,5,True
2555,589,3007,7,873.35,40.67,2026-08-27T17:31:44.583642,PAGO,3,True
2556,1020,3336,1,-393.82,456.3,2026-09-04T17:31:44.583642,pago,1,True
2557,4452,1266,4,1398.66,347.94,2027-10-09T17:31:44.732073,enviado,4,True
2558,1772,4588,8,-521.07,167.22,2026-01-03T17:31:44.583642,entregue,3,True
2559,800,4213,5,54.15,6.63,2025-12-13T17:31:44.583642,Enviado,1,True
2560,97512,45,5,3067.42,479.82,2025-12-25T17:31:44.583642,enviado,4,True
2561,279,4272,10,450.29,83.87,2025-11-16T17:31:44.583642,pendente,,True
2562,94852,3447,10,2633.37,268.97,2026-09-20T17:31:44.583642,enviado,2,True
2563,3075,3801,4,100.0,150.0,2026-06-24T17:31:44.583642,entregue,4,True
2564,4933,2505,9,100.0,150.0,2026-09-13T17:31:44.583642,pendente,5,True
2565,2813,338,5,2637.36,524.0,2025-12-20T17:31:44.583642,envIADo,2,True
2566,4848,4757,10,2880.96,663.51,2027-10-09T17:31:44.732167,pago,2,True
2567,1454,1457,-1,2134.67,87.65,2025-10-20T17:31:44.583642,cancelado,1,True
2568,2301,1462,6,1719.22,120.43,2026-05-13T17:31:44.583642,pendente,6,True
2569,995,682,7,4658.84,283.61,2026-07-10T17:31:44.583642,enviado,1,True
2570,90396,908,4,4716.55,1355.49,2026-05-30T17:31:44.583642,cancelado,4,True
2571,2599,4828,7,1091.36,275.46,2026-09-19T17:31:44.583642,Pago,4,True
2572,4519,748,10,291.88,6.22,2027-10-09T17:31:44.732214,pago,3,True
2573,1822,1523,2,-780.48,558.91,2026-10-02T17:31:44.583642,pendente,3,True
2574,2364,4638,10,843.94,112.45,2026-02-11T17:31:44.583642,eNTREgUE,2,True
2575,3605,1431,10,4952.57,747.02,2026-09-14T17:31:44.583642,pago,6,True
2576,2103,305,7,4376.88,1238.96,2026-09-28T17:31:44.583642,canceladu,4,True
2577,314,138,7,2995.66,150.35,2026-04-26T17:31:44.583642,PENDENTE,3,True
2578,2838,3433,-3,2623.82,768.7,2026-08-12T17:31:44.583642,entregue,1,True
2579,2525,91999,8,466.06,87.33,2026-03-12T17:31:44.583642,enviado,4,True
2580,2624,90800,2,3910.19,407.2,2026-05-13T17:31:44.583642,enviado,1,True
2581,942,95853,7,2261.62,359.68,2026-06-27T17:31:44.583642,pago,4,True
2582,971,2913,-9,3256.43,479.5,2025-10-23T17:31:44.583642,pago,3,True
2583,4384,4416,4,4381.33,885.08,2025-12-31T17:31:44.583642,Pago,2,True
2584,90380,3277,6,2578.18,546.06,2025-12-21T17:31:44.583642,pendente,4,True
2585,4751,1194,7,3435.7,853.02,2027-10-09T17:31:44.732412,enviado,1,True
2586,4739,1818,5,-906.67,66.56,2025-12-15T17:31:44.583642,cancelado,3,True
2587,232,3038,1,2268.6,233.85,2025-11-16T17:31:44.583642,pendente,,True
2588,95665,3931,2,2074.41,481.87,2026-02-19T17:31:44.583642,pendente,4,True
2589,4115,4263,-2,3144.94,207.2,2026-07-03T17:31:44.583642,pago,4,True
2590,3403,2423,2,881.34,82.99,2026-06-18T17:31:44.583642,eNvIADo,3,True
2591,344,4403,6,300.26,15.0,2026-02-20T17:31:44.583642,entregue,6,True
2592,671,90250,4,440.92,35.81,2025-10-17T17:31:44.583642,entregue,2,True
2593,1178,4031,7,-473.77,232.45,2025-11-11T17:31:44.583642,cancelado,1,True
2594,4968,1809,3,4603.59,211.44,2026-03-29T17:31:44.583642,PeNDeNte,5,True
2595,2185,1047,3,4533.64,866.09,2026-04-05T17:31:44.583642,pago,1,True
2596,2586,4538,6,1625.53,107.65,2026-01-24T17:31:44.583642,enviado ,5,True
2597,3586,3402,6,2866.39,521.37,2026-09-21T17:31:44.583642,pago,10,True
2598,92931,2459,5,4385.41,607.62,2026-05-15T17:31:44.583642,pendente,3,True
2599,1945,57,8,-297.24,743.61,2026-04-21T17:31:44.583642,pendente,5,True
2600,99878,1786,8,2093.22,394.54,2025-12-09T17:31:44.583642,entregue,4,True
2601,4151,4225,7,2880.17,283.65,2026-03-02T17:31:44.583642,Cancelado,1,True
2602,2303,95364,10,1849.27,337.26,2026-04-26T17:31:44.583642,pago,5,True
2603,3537,1332,-10,1668.78,402.26,2026-03-16T17:31:44.583642,pago,2,True
2604,78,2701,-2,3343.71,435.87,2026-06-21T17:31:44.583642,cancelado,1,True
2605,99665,3831,5,4060.9,51.36,2026-05-24T17:31:44.583642,entregue,4,True
2606,3075,4323,5,2645.68,630.48,2027-10-09T17:31:44.733989,pago,3,True
2607,3765,3520,5,3780.73,331.13,2027-10-09T17:31:44.733999,pendente,4,True
2608,44,2940,2,100.0,150.0,2026-08-21T17:31:44.583642,enviado,1,True
2609,2102,2965,-2,518.97,138.89,2026-07-11T17:31:44.583642,enviado,2,True
2610,4912,1568,-5,2206.59,562.95,2026-09-23T17:31:44.583642,pago,3,True
2611,3897,3654,6,4113.84,186.16,2026-05-28T17:31:44.583642,entregue,4,True
2612,1639,3634,1,3817.85,277.11,2026-02-07T17:31:44.583642,caNcElaDO,5,True
2613,3731,108,8,1066.21,58.28,2026-07-22T17:31:44.583642,enviado,5,True
2614,3670,2032,5,4148.95,59.95,2025-10-25T17:31:44.583642,pndente,3,True
2615,4717,2359,3,1184.66,1.34,2026-01-26T17:31:44.583642,PENdeNTe,3,True
2616,3964,2202,5,645.61,70.46,2026-02-01T17:31:44.583642,enviado,1,True
2617,3145,499,4,-720.89,560.52,2025-11-01T17:31:44.583642,cancelado,5,True
2618,1905,2843,7,2548.45,357.06,2025-12-17T17:31:44.583642,cAnCeLado,4,True
2619,721,3540,8,3336.6,758.94,2026-07-08T17:31:44.583642,EnvIADo,1,True
2620,3767,99735,2,4591.7,114.25,2026-06-27T17:31:44.583642,cancelado,2,True
2621,4979,3884,6,1789.51,27.16,2026-09-17T17:31:44.583642,PAGO,3,True
2622,1507,2102,2,100.0,150.0,2026-04-11T17:31:44.583642,enviado,5,True
2623,91212,2656,5,2296.08,21.27,2025-12-13T17:31:44.583642,pendente,3,True
2624,4986,2200,2,256.36,54.86,2026-06-13T17:31:44.583642,pendente,6,True
2625,835,1101,1,2746.97,372.9,2026-03-22T17:31:44.583642,pendente,,True
2626,3527,2334,1,4343.93,804.95,2025-11-22T17:31:44.583642,pendente,6,True
2627,3233,1470,4,100.0,150.0,2026-01-11T17:31:44.583642,pago,1,True
2628,528,1021,-1,2553.99,209.21,2026-10-03T17:31:44.583642,pendente,5,True
2629,3625,3395,5,2193.36,322.61,2026-10-04T17:31:44.583642,pendente,3,True
2630,2078,403,6,2737.99,159.39,2026-08-05T17:31:44.583642,pago,100,True
2631,1368,4417,10,3686.99,30.62,2026-06-02T17:31:44.583642,pAgO,5,True
2632,4026,4390,7,411.4,116.24,2025-12-27T17:31:44.583642,PAGO,2,True
2633,1655,4753,8,562.2,25.48,2026-05-25T17:31:44.583642,paguo,1,True
2634,96304,520,9,1416.51,124.36,2026-03-05T17:31:44.583642,enviado,3,True
2635,631,2948,1,1261.93,141.98,2025-11-18T17:31:44.583642,EnTrEgue,4,True
2636,2465,3892,1,4541.78,382.72,2025-10-30T17:31:44.583642,entregue,10,True
2637,1241,1313,9,-141.92,140.33,2025-10-18T17:31:44.583642,cancelado,1,True
2638,1489,3262,6,4133.42,738.31,2025-10-29T17:31:44.583642,entregue,6,True
2639,95379,1265,2,3712.06,282.02,2026-08-10T17:31:44.583642,pendente,1,True
2640,3989,3216,10,3916.19,1153.88,2025-12-17T17:31:44.583642,entregue,3,True
2641,2263,99372,7,3583.8,188.79,2026-01-27T17:31:44.583642,enviado,1,True
2642,2440,680,6,100.0,150.0,2026-08-05T17:31:44.583642,pendente,1,True
2643,869,92883,5,1338.95,83.79,2026-06-09T17:31:44.583642,enviado,2,True
2644,3142,542,9,-984.67,99.71,2026-07-17T17:31:44.583642,pendente,2,True
2645,582,3203,8,2337.89,95.79,2026-05-10T17:31:44.583642,entregue,-1,True
2646,96092,2023,5,830.08,151.35,2025-12-19T17:31:44.583642,entregue,2,True
2647,3501,4900,7,3651.85,242.02,2026-01-18T17:31:44.583642,ENvIAdO,1,True
2648,2233,1013,10,3950.03,170.66,2025-12-06T17:31:44.583642,cancElAdO,5,True
2649,4320,3774,4,412.45,63.73,2025-10-25T17:31:44.583642,canceladu,2,True
2650,459,1122,7,2823.17,254.27,2026-05-22T17:31:44.583642,PENDENTE,3,True
2651,1242,360,5,903.97,207.46,2026-01-20T17:31:44.583642,cancelado,10,True
2652,4889,99553,3,1590.63,175.39,2026-02-06T17:31:44.583642,pendente,1,True
2653,3159,951,7,2114.57,96.64,2026-05-29T17:31:44.583642,peNDente,1,True
2654,1729,854,3,100.0,150.0,2026-07-19T17:31:44.583642,pago,1,True
2655,92250,2876,8,3553.08,697.51,2025-10-29T17:31:44.583642,cancelado,4,True
2656,4478,3623,7,172.62,5.41,2026-01-03T17:31:44.583642,cancelado,10,True
2657,505,2990,3,1201.41,173.22,2027-10-09T17:31:44.734406,pendente,1,True
2658,3954,2830,5,100.0,150.0,2026-01-19T17:31:44.583642,pendente,1,True
2659,1380,231,1,100.0,150.0,2026-05-18T17:31:44.583642,pago,5,True
2660,2591,2039,3,2798.89,1.19,2025-10-24T17:31:44.583642,entregue,5,True
2661,1107,3719,1,1525.94,358.29,2027-10-09T17:31:44.734438,enviado,1,True
2662,4242,4235,5,1925.75,521.1,2026-08-12T17:31:44.583642,ENVIADO,1,True
2663,95602,2125,8,1103.29,134.0,2026-02-17T17:31:44.583642,entregue,4,True
2664,92490,2730,9,4491.09,594.69,2026-01-03T17:31:44.583642,enviado,2,True
2665,3168,96514,1,2989.2,533.8,2026-01-22T17:31:44.583642,entregue,4,True
2666,4213,556,9,472.63,107.42,2025-11-28T17:31:44.583642,cancelado,,True
2667,58,901,5,2276.81,382.8,2025-12-15T17:31:44.583642,cancELADo,1,True
2668,3531,3874,3,-334.77,1196.98,2026-02-18T17:31:44.583642,entregue,4,True
2669,607,97690,7,3457.44,204.9,2026-08-22T17:31:44.583642,pendente,2,True
2670,3584,4298,-5,1048.85,250.44,2026-06-02T17:31:44.583642,pago,3,True
2671,1596,1435,10,-887.59,90.67,2026-01-01T17:31:44.583642,enviado,2,True
2672,1966,2012,10,2757.01,359.99,2025-11-27T17:31:44.583642,PENDENTE,5,True
2673,341,4517,2,4936.49,533.24,2025-12-12T17:31:44.583642,envIaDo,4,True
2674,3581,707,-2,768.14,192.82,2026-03-17T17:31:44.583642,cancelado,5,True
2675,52,3173,3,2716.93,687.02,2026-09-01T17:31:44.583642,pago,3,True
2676,1484,91268,4,1185.04,264.46,2025-12-24T17:31:44.583642,cancelado,5,True
2677,2236,97767,9,364.39,20.85,2026-01-30T17:31:44.583642,pago,5,True
2678,2803,4525,-6,1804.76,307.93,2026-02-28T17:31:44.583642,entregue,3,True
2679,2031,2649,8,1913.56,97.82,2027-10-09T17:31:44.734652,pendente,3,True
2680,3766,4824,6,2760.74,692.62,2026-06-21T17:31:44.583642,eNTrEgue,4,True
2681,3582,90528,9,2771.18,27.65,2026-02-09T17:31:44.583642,entregue,5,True
2682,3539,1165,10,282.48,6.12,2026-02-14T17:31:44.583642,Pendente,5,True
2683,295,375,6,4115.37,653.06,2026-07-26T17:31:44.583642,PAGO,1,True
2684,2853,1702,5,469.22,39.28,2026-06-08T17:31:44.583642,Entregue,5,True
2685,1066,91534,4,1230.05,272.48,2026-02-16T17:31:44.583642,entregue,1,True
2686,90858,216,3,657.37,30.96,2026-03-22T17:31:44.583642,enviado,2,True
2687,2952,2315,1,407.96,10.98,2026-01-03T17:31:44.583642,pendente,5,True
2688,4974,3590,10,100.0,150.0,2026-08-22T17:31:44.583642,entregue,2,True
2689,891,3319,8,3232.93,902.79,2026-04-15T17:31:44.583642,PENDENTE,1,True
2690,3266,3147,8,1201.16,278.83,2027-10-09T17:31:44.734756,entregue,4,True
2691,48,2106,1,4871.93,598.5,2025-12-31T17:31:44.583642,enviado,3,True
2692,2336,1219,4,957.64,88.11,2026-01-30T17:31:44.583642,CANCeLadO,2,True
2693,2160,2083,2,2463.13,512.27,2026-05-24T17:31:44.583642,pendente,100,True
2694,2915,2297,1,3381.79,663.98,2026-03-29T17:31:44.583642,ENVIADO,5,True
2695,3374,4084,10,-916.95,481.55,2026-07-16T17:31:44.583642,enviado,2,True
2696,3813,603,-2,2409.46,667.81,2026-05-13T17:31:44.583642,entregue,1,True
2697,3797,2792,7,292.75,41.99,2025-12-07T17:31:44.583642,pendente,-1,True
2698,3482,1570,7,896.03,41.78,2026-06-07T17:31:44.583642,Entregue,3,True
2699,2497,1200,2,100.0,150.0,2026-04-13T17:31:44.583642,entregue,4,True
2700,22,107,10,100.0,150.0,2026-02-01T17:31:44.583642,enviado,4,True
2701,3266,602,10,2686.27,380.13,2025-12-12T17:31:44.583642,CANcELAdO,2,True
2702,4670,4065,10,4662.64,806.82,2026-07-15T17:31:44.583642,cacelado,1,True
2703,2685,560,6,4011.01,52.12,2025-11-12T17:31:44.583642,pago0,2,True
2704,92048,2099,10,330.94,18.11,2026-08-31T17:31:44.583642,pago,1,True
2705,871,1250,2,-362.6,5.41,2026-01-11T17:31:44.583642,cancelado,3,True
2706,1481,14,3,3653.78,201.86,2026-07-04T17:31:44.583642,cancelado,,True
2707,3380,3037,10,3230.38,198.45,2026-03-17T17:31:44.583642,PAGO,2,True
2708,98589,4412,4,2842.4,454.95,2026-01-10T17:31:44.583642,entregue,5,True
2709,794,2327,10,1754.55,231.16,2026-09-15T17:31:44.583642,enviado,10,True
2710,2972,3216,5,4826.29,1325.12,2026-02-26T17:31:44.583642,ENVIADO,5,True
2711,2343,2134,4,1703.47,400.52,2026-03-02T17:31:44.583642,enviado,5,True
2712,1595,1402,9,3494.23,18.6,2025-11-18T17:31:44.583642,enviadio,2,True
2713,92863,2894,8,2772.22,759.03,2026-03-30T17:31:44.583642,pago,1,True
2714,1455,2202,3,100.0,150.0,2026-05-30T17:31:44.583642,pendente,1,True
2715,650,3810,6,2712.97,42.46,2025-10-28T17:31:44.583642,cancelado,,True
2716,4575,3512,8,1706.31,160.44,2026-09-16T17:31:44.583642,enviado,4,True
2717,99977,3289,2,2165.82,320.35,2026-06-17T17:31:44.583642,pendente,5,True
2718,97951,2390,3,3246.49,133.8,2026-02-19T17:31:44.583642,entregue,2,True
2719,3994,3280,8,1738.08,162.8,2026-07-18T17:31:44.583642,PENDENTE,1,True
2720,3610,2628,-8,1931.57,573.81,2026-04-09T17:31:44.583642,cancelado,5,True
2721,95082,108,6,1124.51,51.2,2026-10-04T17:31:44.583642,enviado,3,True
2722,1557,2922,3,1380.7,83.46,2026-02-04T17:31:44.583642,etregue,3,True
2723,4546,2424,9,736.09,17.24,2026-09-10T17:31:44.583642,pendente,6,True
2724,4690,908,10,1666.01,381.24,2025-12-28T17:31:44.583642,paguo,5,True
2725,1484,3997,-1,2197.77,587.05,2026-08-15T17:31:44.583642,enviado,3,True
2726,1693,4269,5,1553.41,120.76,2027-10-09T17:31:44.735272,entregue,5,True
2727,1432,4876,3,-874.97,423.16,2026-04-04T17:31:44.583642,entregue,1,True
2728,965,90007,9,3149.14,788.67,2026-08-20T17:31:44.583642,pendente,1,True
2729,96307,3285,3,3848.37,347.97,2026-07-06T17:31:44.583642,enviado,1,True
2730,3786,908,9,349.7,60.6,2026-08-31T17:31:44.583642,enviado,100,True
2731,1032,3823,6,4991.1,432.1,2026-06-27T17:31:44.583642,ENVIADO,1,True
2732,927,1129,1,100.0,150.0,2025-12-16T17:31:44.583642,cancelado,5,True
2733,597,1546,-10,439.26,36.31,2025-12-05T17:31:44.583642,pago,1,True
2734,2851,4063,6,2602.98,767.74,2027-10-09T17:31:44.735338,enviado,5,True
2735,2919,1569,2,1459.86,350.57,2026-06-03T17:31:44.583642,CANCELADO,4,True
2736,3501,94278,9,1936.48,398.08,2026-06-27T17:31:44.583642,pago,3,True
2737,3861,3952,5,-223.32,530.91,2026-03-02T17:31:44.583642,enviado,4,True
2738,99382,3151,2,4862.54,55.25,2026-02-25T17:31:44.583642,enviado,4,True
2739,1170,4462,8,4443.16,406.6,2026-03-31T17:31:44.583642,ENVIADO,3,True
2740,200,1710,6,804.72,221.51,2025-12-07T17:31:44.583642,pago,-1,True
2741,795,980,2,-945.21,393.86,2026-09-05T17:31:44.583642,cancelado,2,True
2742,4317,1334,-10,1488.18,365.69,2026-07-13T17:31:44.583642,pago,3,True
2743,3934,439,8,4767.15,111.4,2026-08-09T17:31:44.583642,cancelado,1,True
2744,1341,4184,10,4087.45,301.77,2026-07-10T17:31:44.583642,cancelado,-1,True
2745,2502,97966,6,4847.67,1194.46,2026-04-22T17:31:44.583642,entregue,5,True
2746,1565,3450,4,100.0,150.0,2026-06-27T17:31:44.583642,enviado,4,True
2747,1527,476,4,1835.92,408.93,2026-06-17T17:31:44.583642,enviado ,3,True
2748,1297,1015,-7,2840.23,47.13,2025-12-31T17:31:44.583642,cancelado,4,True
2749,4625,4384,9,2968.44,866.73,2025-11-17T17:31:44.583642,ENVIADO,1,True
2750,3751,363,8,1119.87,41.82,2026-09-12T17:31:44.583642,Pago,4,True
2751,4642,2149,7,2453.76,80.7,2025-10-09T17:31:44.583642,entregue,5,True
2752,3546,1249,-6,2585.13,280.75,2026-01-14T17:31:44.583642,pendente,2,True
2753,92,2818,2,2722.2,148.03,2025-12-20T17:31:44.583642,Pago,4,True
2754,97104,1994,7,3097.33,497.53,2026-05-02T17:31:44.583642,entregue,5,True
2755,2930,1656,5,2732.95,256.8,2026-09-06T17:31:44.583642,Cancelado,3,True
2756,1342,2268,10,567.34,93.34,2026-10-09T17:31:44.583642,enTregue,5,True
2757,2037,3918,-8,1983.05,301.08,2026-02-16T17:31:44.583642,pendente,5,True
2758,1674,95730,5,1213.07,259.51,2025-12-10T17:31:44.583642,pago,4,True
2759,1078,4630,5,417.54,93.4,2026-10-04T17:31:44.583642,cANceLaDO,4,True
2760,2855,4353,10,1791.06,483.49,2026-07-31T17:31:44.583642,canceladO,5,True
2761,2676,2729,6,818.01,157.56,2026-05-11T17:31:44.583642,pendente,100,True
2762,1514,1978,9,3923.26,968.88,2025-12-22T17:31:44.583642,cancelado,5,True
2763,3684,2936,4,323.92,25.71,2026-09-10T17:31:44.583642,penDENte,4,True
2764,2506,1557,2,4646.48,228.6,2026-01-24T17:31:44.583642,Pago,4,True
2765,4671,2932,-6,3629.66,439.71,2026-02-03T17:31:44.583642,cancelado,2,True
2766,528,2879,10,1497.68,14.95,2026-09-24T17:31:44.583642,PAgO,4,True
2767,2533,2556,10,100.0,150.0,2026-08-23T17:31:44.583642,pendente,4,True
2768,3641,3881,5,1693.18,232.09,2026-04-01T17:31:44.583642,pago0,1,True
2769,306,422,1,4893.41,1226.07,2026-05-07T17:31:44.583642,ENtRegUE,4,True
2770,4564,96494,1,4961.42,1474.62,2026-07-28T17:31:44.583642,enviado,1,True
2771,2848,4131,9,3301.46,489.98,2026-08-21T17:31:44.583642,Entregue,2,True
2772,1682,3262,-3,4619.48,747.02,2025-12-26T17:31:44.583642,pendente,2,True
2773,1940,4863,6,2375.76,94.33,2026-08-19T17:31:44.583642,Entregue,1,True
2774,3552,4721,-7,3024.84,669.2,2026-05-13T17:31:44.583642,cancelado,1,True
2775,1897,1455,-7,1223.32,55.05,2026-05-19T17:31:44.583642,enviado,2,True
2776,2145,510,10,889.12,155.21,2026-03-09T17:31:44.583642,Pago,3,True
2777,1064,682,9,2897.11,299.28,2027-10-09T17:31:44.735702,cancelado,2,True
2778,130,4334,10,705.7,31.49,2026-01-17T17:31:44.583642,enVIadO,4,True
2779,2683,3977,5,100.0,150.0,2026-07-22T17:31:44.583642,pendente,4,True
2780,2035,1102,1,-50.31,485.47,2026-04-29T17:31:44.583642,entregue,3,True
2781,2337,262,6,2509.43,699.12,2026-01-28T17:31:44.583642,Pago,4,True
2782,4296,3921,9,-574.87,564.28,2025-11-16T17:31:44.583642,entregue,4,True
2783,4511,1782,7,1529.27,339.0,2026-02-23T17:31:44.583642,cancelado ,5,True
2784,1301,3344,5,1076.85,282.03,2026-02-20T17:31:44.583642,EnTREgUE,1,True
2785,229,1036,10,2009.23,414.34,2027-10-09T17:31:44.735770,pendente,4,True
2786,92624,942,6,1495.77,322.26,2026-03-12T17:31:44.583642,entregue,3,True
2787,4095,614,8,4816.38,555.42,2027-10-09T17:31:44.735787,entregue,1,True
2788,4846,5000,9,-667.74,148.11,2026-01-03T17:31:44.583642,enviado,5,True
2789,4023,1018,9,859.39,229.21,2026-05-24T17:31:44.583642,PENDENTE,4,True
2790,3600,4370,5,2347.69,440.57,2026-05-28T17:31:44.583642,Enviado,2,True
2791,4775,3283,1,2804.61,241.3,2026-10-05T17:31:44.583642,CANCELADO,5,True
2792,4949,1460,2,3207.0,47.89,2026-05-13T17:31:44.583642,enVIaDo,2,True
2793,513,3417,3,243.37,37.86,2026-07-15T17:31:44.583642,entregue,10,True
2794,1752,1388,8,4411.74,207.21,2026-07-09T17:31:44.583642,pago,,True
2795,94371,2918,7,2818.18,372.4,2026-03-05T17:31:44.583642,cancelado,3,True
2796,492,2574,7,2133.05,567.31,2026-01-22T17:31:44.583642,cancelado,2,True
2797,174,4633,6,2077.68,465.15,2026-06-06T17:31:44.583642,pago,,True
2798,4504,3301,2,4605.27,1139.76,2026-06-27T17:31:44.583642,PAGO,4,True
2799,1723,3112,6,2146.99,389.85,2027-10-09T17:31:44.735884,pago,1,True
2800,4894,3649,5,2553.78,122.39,2025-12-24T17:31:44.583642,entregue,4,True
2801,4335,3757,5,4262.79,660.41,2026-03-14T17:31:44.583642,pago,3,True
2802,813,4265,3,2286.55,505.09,2026-09-21T17:31:44.583642,pago,5,True
2803,3926,95382,3,1806.58,235.65,2025-11-01T17:31:44.583642,cancelado,3,True
2804,298,4723,3,4354.18,163.21,2026-06-14T17:31:44.583642,canceladu,1,True
2805,3881,2148,8,4104.24,142.45,2025-11-29T17:31:44.583642,ENVIADO,4,True
2806,2971,1044,-5,3686.84,320.52,2026-04-13T17:31:44.583642,enviado,1,True
2807,3922,4481,3,328.33,9.94,2027-10-09T17:31:44.735968,pago,4,True
2808,1835,4465,1,4261.92,1047.95,2026-07-15T17:31:44.583642,cacelado,1,True
2809,1373,4477,9,1571.85,144.17,2025-11-14T17:31:44.583642,PAGO,2,True
2810,94248,1294,5,625.66,20.86,2026-06-10T17:31:44.583642,pendente,5,True
2811,293,639,5,2947.88,504.85,2026-04-27T17:31:44.583642,Pago,4,True
2812,90648,3530,1,2209.03,285.0,2026-07-26T17:31:44.583642,pendente,4,True
2813,98513,3667,7,4692.35,681.29,2025-12-27T17:31:44.583642,enviado,3,True
2814,7,1077,3,331.41,47.03,2025-11-05T17:31:44.583642,entrege,4,True
2815,1486,484,8,4690.12,619.07,2026-01-02T17:31:44.583642,entregue,,True
2816,4692,27,1,-654.25,341.2,2025-10-25T17:31:44.583642,pendente,3,True
2817,480,2209,8,4642.3,933.71,2027-10-09T17:31:44.736051,pendente,3,True
2818,3729,4433,6,1912.59,457.71,2025-12-23T17:31:44.583642,Entregue,3,True
2819,449,2256,10,3554.25,112.05,2026-09-16T17:31:44.583642,enviado,-1,True
2820,92,4924,9,1727.47,8.76,2026-09-11T17:31:44.583642,CANCELADO,3,True
2821,4926,2335,10,-401.87,10.09,2026-07-01T17:31:44.583642,pago,1,True
2822,129,85,7,3298.31,292.05,2026-02-19T17:31:44.583642,cancelado,3,True
2823,2451,95,10,4389.5,746.93,2025-12-26T17:31:44.583642,pendente,4,True
2824,3977,1286,5,-526.68,51.75,2026-01-27T17:31:44.583642,pendente,5,True
2825,966,4240,2,-749.99,616.31,2026-01-03T17:31:44.583642,pendente,3,True
2826,2350,4016,8,3392.62,1006.94,2026-06-02T17:31:44.583642,Pendente,1,True
2827,4990,851,9,1365.54,321.53,2026-09-05T17:31:44.583642,pEndeNte,5,True
2828,518,175,10,3307.88,478.58,2027-10-09T17:31:44.736141,cancelado,4,True
2829,3190,4805,8,100.0,150.0,2025-10-30T17:31:44.583642,pago,4,True
2830,1088,1498,1,100.0,150.0,2026-08-17T17:31:44.583642,pago,4,True
2831,4593,2770,6,100.0,150.0,2026-03-06T17:31:44.583642,entregue,5,True
2832,3343,2977,6,100.0,150.0,2025-11-13T17:31:44.583642,pago,1,True
2833,1159,2260,4,872.1,148.44,2026-07-20T17:31:44.583642,pendente ,2,True
2834,3989,3671,5,3657.74,1021.77,2026-09-06T17:31:44.583642,entregue,100,True
2835,98448,4877,1,3823.65,162.62,2026-08-17T17:31:44.583642,pago,2,True
2836,97,2026,-5,226.14,19.88,2026-05-28T17:31:44.583642,pendente,1,True
2837,4491,3482,3,100.0,150.0,2026-05-23T17:31:44.583642,pendente,4,True
2838,755,2567,8,2465.72,706.32,2026-08-01T17:31:44.583642,ENTREGUE,5,True
2839,4224,784,7,611.89,16.09,2026-02-26T17:31:44.583642,cancelado,3,True
2840,4859,2848,1,1402.92,414.73,2026-06-18T17:31:44.583642,pago,3,True
2841,2197,95937,8,672.98,108.23,2026-09-04T17:31:44.583642,pendente,5,True
2842,1337,4988,8,1885.84,222.37,2026-05-14T17:31:44.583642,ENTREGUE,1,True
2843,2105,4350,5,2884.11,53.91,2026-01-18T17:31:44.583642,pago,5,True
2844,3206,687,5,4489.62,556.85,2026-09-05T17:31:44.583642,pEndEnTe,5,True
2845,1236,487,5,-438.75,1209.15,2026-03-17T17:31:44.583642,cancelado,1,True
2846,515,1960,9,-171.85,194.07,2026-02-26T17:31:44.583642,cancelado,1,True
2847,771,4633,9,2832.74,573.33,2026-01-01T17:31:44.583642,cancelado,2,True
2848,2418,944,8,1292.41,118.39,2025-10-17T17:31:44.583642,cancelado,5,True
2849,870,2185,9,-21.62,1146.31,2026-07-26T17:31:44.583642,enviado,5,True
2850,1676,2140,7,224.68,18.82,2026-06-06T17:31:44.583642,entregue,,True
2851,1593,386,10,2163.51,106.23,2026-09-09T17:31:44.583642,pago.,5,True
2852,97084,4687,2,468.92,16.33,2025-12-03T17:31:44.583642,enviado,2,True
2853,4701,247,7,2828.82,356.86,2025-11-27T17:31:44.583642,cancelado,5,True
2854,4771,1102,10,1163.15,256.02,2026-03-26T17:31:44.583642,pedente,3,True
2855,4628,4946,7,3772.6,115.0,2025-12-09T17:31:44.583642,pago,6,True
2856,2486,4228,-8,259.77,41.11,2026-09-18T17:31:44.583642,enviado,4,True
2857,3844,93759,6,3712.45,761.85,2025-11-13T17:31:44.583642,pendente,2,True
2858,2837,3264,3,1184.67,315.0,2026-08-31T17:31:44.583642,Entregue,4,True
2859,2107,97228,5,1840.79,458.8,2026-06-29T17:31:44.583642,entregue,3,True
2860,98819,1031,9,3379.54,485.99,2026-08-08T17:31:44.583642,cancelado,2,True
2861,96519,4867,1,424.16,22.03,2026-06-21T17:31:44.583642,pendente,2,True
2862,1755,997,5,4816.3,1169.07,2026-07-07T17:31:44.583642,cancelado,3,True
2863,980,2719,7,240.52,29.99,2026-10-06T17:31:44.583642,CANCELADO,3,True
2864,3329,3175,7,1909.29,453.73,2026-03-15T17:31:44.583642,pAgo,4,True
2865,93758,231,8,3177.13,1.34,2026-07-10T17:31:44.583642,enviado,5,True
2866,97200,3290,9,4481.42,385.3,2026-06-19T17:31:44.583642,pago,5,True
2867,643,1246,10,4069.98,733.82,2026-09-29T17:31:44.583642,pagO,4,True
2868,97129,630,2,4153.73,564.17,2025-12-21T17:31:44.583642,enviado,4,True
2869,2711,2015,5,100.0,150.0,2026-03-21T17:31:44.583642,entregue,1,True
2870,2340,1665,1,4368.25,191.65,2027-10-09T17:31:44.736500,pendente,1,True
2871,859,2941,7,683.2,99.27,2027-10-09T17:31:44.736510,cancelado,1,True
2872,811,3074,5,100.0,150.0,2026-01-11T17:31:44.583642,cancelado,5,True
2873,99273,2412,7,317.01,47.07,2026-01-31T17:31:44.583642,entregue,4,True
2874,837,1821,1,2846.21,748.13,2026-07-30T17:31:44.583642,entrege,4,True
2875,655,4711,9,550.22,54.34,2026-01-19T17:31:44.583642,pedente,2,True
2876,17,976,10,3614.68,279.54,2026-08-03T17:31:44.583642,pagO,5,True
2877,95651,768,1,490.14,102.57,2026-08-01T17:31:44.583642,pendente,4,True
2878,4113,94628,3,1599.5,186.54,2026-08-04T17:31:44.583642,pendente,1,True
2879,3974,1782,5,2671.17,545.02,2026-07-05T17:31:44.583642,entregue,10,True
2880,1422,2253,9,100.0,150.0,2026-02-25T17:31:44.583642,pendente,4,True
2881,94118,3391,8,2344.14,555.53,2026-02-16T17:31:44.583642,pago,1,True
2882,2330,2652,2,507.82,143.62,2027-10-09T17:31:44.736599,cancelado,1,True
2883,3496,706,9,100.0,150.0,2025-11-14T17:31:44.583642,cancelado,1,True
2884,2719,3469,1,2323.22,122.36,2025-10-10T17:31:44.583642,PEndentE,2,True
2885,1990,4423,9,-138.41,13.41,2026-04-20T17:31:44.583642,entregue,3,True
2886,97916,814,5,4270.54,1023.74,2026-06-04T17:31:44.583642,cancelado,5,True
2887,4631,2880,9,1314.06,250.92,2026-03-05T17:31:44.583642,ENtrEguE,3,True
2888,1194,96697,7,2637.43,582.99,2026-01-16T17:31:44.583642,enviado,2,True
2889,705,1950,3,1562.74,296.57,2025-11-15T17:31:44.583642,enviado,-1,True
2890,2465,4418,5,4186.21,584.23,2026-07-07T17:31:44.583642,pendente,4,True
2891,2555,3960,2,2828.72,106.81,2025-12-23T17:31:44.583642,ENTREGUE,3,True
2892,4823,3958,10,4197.39,20.53,2025-12-11T17:31:44.583642,enviadio,2,True
2893,1223,3848,7,100.0,150.0,2026-09-25T17:31:44.583642,pago,2,True
2894,3626,4016,6,304.55,61.16,2026-03-22T17:31:44.583642,pago,2,True
2895,1893,3555,5,100.0,150.0,2025-11-12T17:31:44.583642,cancelado,2,True
2896,4653,94852,3,4204.48,1055.42,2026-07-23T17:31:44.583642,pago,1,True
2897,93100,2864,6,4927.19,1296.41,2026-04-10T17:31:44.583642,pendente,1,True
2898,6,3209,4,-333.57,211.26,2026-06-08T17:31:44.583642,enviado,1,True
2899,4400,3342,7,3561.12,303.42,2026-03-29T17:31:44.583642,enviado,2,True
2900,379,3059,7,3306.76,869.18,2026-06-28T17:31:44.583642,ENTREGUE,5,True
2901,2085,912,4,3816.88,750.01,2027-10-09T17:31:44.736814,pago,3,True
2902,1512,224,10,309.43,73.04,2026-05-19T17:31:44.583642,enviado,10,True
2903,2150,2185,3,4955.8,1126.28,2026-09-25T17:31:44.583642,pago,4,True
2904,1515,2583,-10,2035.36,490.34,2025-10-16T17:31:44.583642,pago,5,True
2905,1677,2725,10,4592.36,1242.68,2026-01-23T17:31:44.583642,entregue,6,True
2906,4077,92685,2,4916.55,926.02,2026-03-24T17:31:44.583642,cancelado,4,True
2907,2245,1814,3,3614.78,798.58,2027-10-09T17:31:44.736862,pendente,5,True
2908,1807,1928,5,1703.6,63.3,2026-02-19T17:31:44.583642,entregue,4,True
2909,241,3201,1,1431.71,34.37,2026-01-02T17:31:44.583642,enviado,2,True
2910,4308,3063,7,2279.47,280.39,2026-10-03T17:31:44.583642,pago0,2,True
2911,166,2226,6,4221.43,284.91,2025-10-22T17:31:44.583642,entregu,1,True
2912,4712,4046,9,1355.28,379.07,2026-07-10T17:31:44.583642,pago,,True
2913,2840,2595,10,2340.18,243.37,2026-09-08T17:31:44.583642,pendente,2,True
2914,4570,311,8,4741.44,1251.16,2026-02-13T17:31:44.583642,Entregue,2,True
2915,4590,95746,4,4855.73,207.12,2026-04-23T17:31:44.583642,entregue,1,True
2916,4588,3179,7,100.0,150.0,2026-07-14T17:31:44.583642,cancelado,1,True
2917,1415,2751,6,3718.2,737.49,2025-11-13T17:31:44.583642,entregue,6,True
2918,2577,3701,8,1761.06,38.94,2027-10-09T17:31:44.736952,pago,3,True
2919,39,1976,2,1371.11,377.15,2027-10-09T17:31:44.736961,entregue,3,True
2920,2685,3205,5,4293.76,594.92,2026-02-18T17:31:44.583642,CANCELADO,5,True
2921,3016,2240,9,356.94,95.17,2026-02-02T17:31:44.583642,PENDENTE,1,True
2922,2646,94760,8,2037.65,562.01,2025-12-31T17:31:44.583642,enviado,5,True
2923,1125,2733,3,100.0,150.0,2026-01-12T17:31:44.583642,enviado,3,True
2924,2721,3014,5,3938.0,408.7,2027-10-09T17:31:44.737000,entregue,4,True
2925,1394,3461,9,100.0,150.0,2026-10-05T17:31:44.583642,pago,3,True
2926,2579,3479,7,100.0,150.0,2026-06-23T17:31:44.583642,entregue,4,True
2927,2021,3005,3,-385.7,429.1,2026-06-30T17:31:44.583642,enviado,1,True
2928,2929,3993,1,-351.76,419.43,2026-03-11T17:31:44.583642,cancelado,3,True
2929,97575,3075,6,4740.49,903.3,2026-07-08T17:31:44.583642,pendente,3,True
2930,2830,3188,5,-990.88,19.34,2026-06-23T17:31:44.583642,pago,3,True
2931,4808,2650,10,-347.35,369.15,2026-07-25T17:31:44.583642,enviado,5,True
2932,390,1319,1,859.36,155.77,2027-10-09T17:31:44.737065,pendente,4,True
2933,332,2486,7,3711.41,198.35,2026-08-03T17:31:44.583642,eNTREGUe,1,True
2934,3910,4372,3,100.0,150.0,2026-08-17T17:31:44.583642,cancelado,5,True
2935,2060,2443,10,1536.65,106.64,2026-01-26T17:31:44.583642,Pendente,5,True
2936,1169,2672,10,3193.75,359.87,2026-06-22T17:31:44.583642,pendente,3,True
2937,4031,4525,9,100.0,150.0,2025-12-30T17:31:44.583642,pago,1,True
2938,4681,1762,4,4061.07,274.69,2026-06-07T17:31:44.583642,entregue,3,True
2939,4678,1393,1,-196.44,1310.68,2025-11-10T17:31:44.583642,entregue,2,True
2940,2346,2812,8,4598.91,562.69,2026-04-28T17:31:44.583642,cancelado,2,True
2941,4003,94006,3,3852.76,909.96,2026-08-07T17:31:44.583642,pago,3,True
2942,1198,810,4,888.92,230.63,2026-05-08T17:31:44.583642,ENtReGuE,4,True
2943,91396,3699,3,4164.07,218.44,2026-09-20T17:31:44.583642,enviado,2,True
2944,3973,4769,3,926.57,153.74,2026-05-16T17:31:44.583642,enviado,-1,True
2945,2414,2867,6,2928.67,821.81,2026-01-23T17:31:44.583642,enviado,1,True
2946,2573,3217,5,1246.5,162.61,2026-08-11T17:31:44.583642,Cancelado,3,True
2947,4881,2179,4,1891.03,130.69,2026-01-21T17:31:44.583642,pago0,5,True
2948,4163,4969,-4,2959.65,268.94,2026-08-24T17:31:44.583642,enviado,2,True
2949,4913,2116,4,2078.71,339.78,2026-09-19T17:31:44.583642,pndente,4,True
2950,1427,4847,2,2144.07,617.2,2025-12-21T17:31:44.583642,pago,3,True
2951,1107,1333,1,2173.11,517.96,2026-01-23T17:31:44.583642,CANCELADO,5,True
2952,1031,157,9,100.0,150.0,2025-10-12T17:31:44.583642,pago,2,True
2953,3878,2532,3,4773.56,1176.07,2026-10-03T17:31:44.583642,pago,3,True
2954,104,2699,8,1502.44,223.97,2026-05-22T17:31:44.583642,CANCELADO,3,True
2955,4539,639,-6,2906.92,811.68,2026-07-10T17:31:44.583642,pendente,1,True
2956,1983,824,4,1749.18,324.11,2026-05-27T17:31:44.583642,enviado,1,True
2957,2450,2074,9,288.07,47.04,2026-01-29T17:31:44.583642,cacelado,3,True
2958,1376,2132,7,2758.16,638.0,2026-07-05T17:31:44.583642,canceldo,4,True
2959,2153,385,1,1463.55,296.87,2027-10-09T17:31:44.737483,pago,1,True
2960,1871,4129,4,3325.31,602.1,2025-12-02T17:31:44.583642,pendente,3,True
2961,491,202,6,2329.94,414.3,2026-01-03T17:31:44.583642,Pago,5,True
2962,1822,1390,6,4493.76,685.97,2026-06-24T17:31:44.583642,Cancelado,3,True
2963,2255,97107,9,4209.53,908.76,2025-11-29T17:31:44.583642,pendente,1,True
2964,4056,4371,1,2920.87,98.84,2026-06-01T17:31:44.583642,CAnceLaDo,5,True
2965,3404,91431,6,1271.57,189.16,2025-12-11T17:31:44.583642,enviado,2,True
2966,54,3762,8,4615.67,1079.87,2026-08-25T17:31:44.583642,enviado ,5,True
2967,3588,4502,7,4738.14,910.95,2027-10-09T17:31:44.737552,enviado,5,True
2968,2164,4201,3,913.4,15.85,2027-10-09T17:31:44.737562,pago,5,True
2969,4149,2753,4,1975.4,531.08,2027-10-09T17:31:44.737571,pago,2,True
2970,98717,1851,5,1274.57,92.79,2026-06-29T17:31:44.583642,enviado,4,True
2971,3807,4838,4,19.52,0.91,2026-03-19T17:31:44.583642,EnviadO,5,True
2972,644,1336,1,3216.42,400.87,2026-01-31T17:31:44.583642,PENDENTE,5,True
2973,4860,1503,4,1760.97,186.46,2026-04-16T17:31:44.583642,CANCELADO,1,True
2974,4776,513,2,1528.48,167.08,2026-03-27T17:31:44.583642,pago ,3,True
2975,2011,1207,10,2496.5,202.17,2026-08-29T17:31:44.583642,entregue,,True
2976,971,2183,2,2475.37,322.03,2027-10-09T17:31:44.737630,pago,5,True
2977,4182,1916,7,2568.28,240.95,2026-01-09T17:31:44.583642,pendente ,2,True
2978,96881,4770,6,2471.76,308.61,2025-12-28T17:31:44.583642,entregue,2,True
2979,4351,1385,7,4188.77,1112.55,2026-02-04T17:31:44.583642,ENTREGUE,1,True
2980,3785,2315,3,-557.17,111.1,2026-07-31T17:31:44.583642,pago,1,True
2981,2185,1930,5,4839.26,873.04,2026-03-25T17:31:44.583642,entregue,-1,True
2982,1472,1183,8,3126.1,8.45,2027-10-09T17:31:44.737680,pago,4,True
2983,639,95753,8,1180.93,298.88,2026-10-05T17:31:44.583642,cancelado,1,True
2984,104,287,8,4511.01,965.37,2027-10-09T17:31:44.737696,pago,5,True
2985,3360,2370,5,968.81,274.57,2026-03-12T17:31:44.583642,pendente,3,True
2986,3920,4237,7,4678.32,1325.73,2026-03-30T17:31:44.583642,enviado,-1,True
2987,1014,3576,4,3569.76,684.28,2026-04-13T17:31:44.583642,Cancelado,2,True
2988,3172,91503,6,2340.89,232.64,2026-09-18T17:31:44.583642,cancelado,1,True
2989,4744,4320,3,100.0,150.0,2025-10-30T17:31:44.583642,enviado,3,True
2990,3027,2607,3,3841.86,1139.93,2026-07-26T17:31:44.583642,canceladu,5,True
2991,1023,2696,7,2245.7,333.91,2026-08-09T17:31:44.583642,pago,5,True
2992,4401,4742,6,100.0,150.0,2026-03-05T17:31:44.583642,cancelado,2,True
2993,4063,3430,5,2845.55,786.48,2026-07-06T17:31:44.583642,Pendente,3,True
2994,1652,2881,3,2169.74,317.86,2025-11-11T17:31:44.583642,pendente ,4,True
2995,95418,4720,4,2910.1,309.62,2026-06-27T17:31:44.583642,entregue,3,True
2996,2856,4193,10,554.56,145.41,2025-12-23T17:31:44.583642,Pendente,4,True
2997,4271,2081,5,-206.16,59.02,2025-11-09T17:31:44.583642,cancelado,5,True
2998,95188,4441,2,652.15,165.95,2025-11-29T17:31:44.583642,enviado,3,True
2999,2268,96187,6,2623.32,380.44,2026-09-04T17:31:44.583642,enviado,3,True
3000,3270,1416,4,-805.42,502.37,2025-11-29T17:31:44.583642,pendente,4,True
3001,883,99478,8,4686.91,839.78,2026-07-07T17:31:44.583642,enviado,5,True
3002,2165,75,7,4446.23,306.96,2026-06-01T17:31:44.583642,CaNCeLAdO,5,True
3003,3274,344,3,4179.49,955.66,2025-11-13T17:31:44.583642,pago,2,True
3004,255,3790,2,-860.89,35.06,2025-11-28T17:31:44.583642,cancelado,5,True
3005,1729,3818,3,2414.8,640.95,2026-01-07T17:31:44.583642,enviado,6,True
3006,3694,230,1,2493.28,510.04,2027-10-09T17:31:44.737869,entregue,1,True
3007,3794,1962,8,2533.24,552.79,2026-07-03T17:31:44.583642,canceladu,2,True
3008,2901,998,5,1416.78,163.81,2026-09-09T17:31:44.583642,entregue,6,True
3009,164,764,2,4737.1,443.43,2026-02-23T17:31:44.583642,enviadio,4,True
3010,1582,3887,3,837.4,81.46,2026-06-16T17:31:44.583642,cAncelaDO,3,True
3011,4989,2741,9,3388.47,398.7,2026-04-01T17:31:44.583642,ENTREGUE,3,True
3012,706,3733,-7,1847.67,116.93,2026-05-21T17:31:44.583642,cancelado,3,True
3013,99303,4833,9,4429.31,294.12,2025-11-09T17:31:44.583642,enviado,1,True
3014,2637,4889,3,802.51,66.91,2027-10-09T17:31:44.737958,pendente,3,True
3015,1431,4728,2,100.0,150.0,2026-06-27T17:31:44.583642,enviado,1,True
3016,534,2958,5,126.4,10.8,2025-12-10T17:31:44.583642,PENDENTE,2,True
3017,1211,4774,1,100.0,150.0,2026-08-19T17:31:44.583642,pago,5,True
3018,3914,2500,5,4531.41,853.75,2026-06-11T17:31:44.583642,cancelado,10,True
3019,505,414,7,582.24,125.69,2025-12-22T17:31:44.583642,CancELaDO,3,True
3020,4957,4607,8,997.07,228.36,2026-05-28T17:31:44.583642,pagO,3,True
3021,3610,4088,9,494.56,96.69,2027-10-09T17:31:44.738021,entregue,3,True
3022,1472,3532,1,4663.2,135.64,2025-12-15T17:31:44.583642,pendente ,1,True
3023,700,4332,4,83.85,19.51,2026-05-18T17:31:44.583642,ENVIADO,3,True
3024,3659,245,5,1933.41,26.79,2026-05-02T17:31:44.583642,Pendente,4,True
3025,1570,98109,5,4616.32,4.08,2026-07-14T17:31:44.583642,pendente,5,True
3026,846,3753,7,-178.27,36.54,2026-08-31T17:31:44.583642,entregue,3,True
3027,4759,98019,3,212.27,24.2,2026-04-08T17:31:44.583642,enviado,5,True
3028,1475,3074,8,100.0,150.0,2026-05-02T17:31:44.583642,pendente,4,True
3029,2152,234,10,1646.69,175.64,2026-09-27T17:31:44.583642,pendente ,4,True
3030,115,914,1,2741.99,305.64,2026-06-21T17:31:44.583642,enviado,1,True
3031,363,149,3,977.54,290.49,2026-02-27T17:31:44.583642,cancelado,3,True
3032,4996,1669,5,100.0,150.0,2025-10-13T17:31:44.583642,pendente,2,True
3033,4481,91600,9,242.96,32.93,2025-10-23T17:31:44.583642,enviado,3,True
3034,4887,4697,2,151.47,6.75,2026-08-18T17:31:44.583642,pendente,1,True
3035,1009,3229,3,4354.3,284.95,2026-02-12T17:31:44.583642,pendente,3,True
3036,2541,1575,7,2395.44,638.41,2027-10-09T17:31:44.738351,enviado,2,True
3037,2229,2217,6,1793.35,89.1,2026-06-27T17:31:44.583642,pendente,1,True
3038,1981,2733,6,1433.89,9.24,2025-12-25T17:31:44.583642,ENTREGUE,3,True
3039,3476,4808,8,1524.67,79.47,2025-10-16T17:31:44.583642,pendente,1,True
3040,337,1776,8,-640.55,153.11,2026-05-04T17:31:44.583642,cancelado,2,True
3041,842,2685,1,2683.2,717.81,2026-02-09T17:31:44.583642,ENTREGUE,5,True
3042,2512,203,7,483.34,38.98,2025-11-19T17:31:44.583642,Pendente,5,True
3043,93764,970,6,231.28,63.99,2026-02-18T17:31:44.583642,pendente,3,True
3044,3169,530,3,35.18,6.57,2026-07-14T17:31:44.583642,pendnete,4,True
3045,817,1181,10,2006.82,595.06,2025-11-11T17:31:44.583642,enVIAdo,2,True
3046,228,3760,5,100.0,150.0,2026-01-29T17:31:44.583642,enviado,3,True
3047,1733,466,7,-949.05,35.19,2026-06-25T17:31:44.583642,pago,3,True
3048,3510,3096,-7,1942.86,112.57,2026-05-06T17:31:44.583642,pago,5,True
3049,3794,3315,6,654.95,21.31,2025-10-21T17:31:44.583642,pendente,5,True
3050,4988,687,4,100.0,150.0,2025-12-02T17:31:44.583642,entregue,2,True
3051,92141,646,5,2255.57,123.59,2025-12-13T17:31:44.583642,pendente,1,True
3052,77,1138,8,100.0,150.0,2026-01-11T17:31:44.583642,entregue,1,True
3053,2125,3492,-9,3928.68,17.28,2025-12-27T17:31:44.583642,pendente,5,True
3054,1970,1208,8,4542.27,580.76,2026-08-28T17:31:44.583642,pago,-1,True
3055,615,93929,5,4014.58,1066.98,2026-01-19T17:31:44.583642,entregue,5,True
3056,1683,4073,4,-811.27,971.14,2026-01-27T17:31:44.583642,entregue,5,True
3057,4447,1288,5,100.0,150.0,2026-02-27T17:31:44.583642,pago,3,True
3058,618,1648,1,100.0,150.0,2026-04-29T17:31:44.583642,entregue,5,True
3059,96340,3090,6,84.34,18.0,2026-08-14T17:31:44.583642,enviado,4,True
3060,1577,3172,1,4322.67,119.36,2027-10-09T17:31:44.738579,enviado,5,True
3061,4282,3986,9,3479.68,762.82,2025-11-05T17:31:44.583642,entrege,2,True
3062,222,1549,8,4143.78,384.15,2025-12-12T17:31:44.583642,PEndeNTe,3,True
3063,4633,327,7,878.4,184.73,2026-04-24T17:31:44.583642,ENTREGUE,5,True
3064,3215,2622,3,1357.45,125.31,2027-10-09T17:31:44.738614,pago,5,True
3065,4137,346,1,100.0,150.0,2026-07-05T17:31:44.583642,cancelado,3,True
3066,2676,2205,9,-835.49,660.57,2026-03-11T17:31:44.583642,entregue,3,True
3067,1973,94781,8,2121.22,148.57,2025-10-30T17:31:44.583642,enviado,1,True
3068,4790,4837,8,1079.31,274.24,2026-02-18T17:31:44.583642,PEnDeNte,5,True
3069,3260,4337,8,4396.77,987.42,2025-12-19T17:31:44.583642,PENDENTE,1,True
3070,3071,1442,10,-194.19,215.87,2025-10-26T17:31:44.583642,entregue,1,True
3071,860,1817,-8,3491.77,706.58,2026-07-30T17:31:44.583642,entregue,5,True
3072,1117,4798,-1,3976.08,1166.48,2026-06-14T17:31:44.583642,enviado,1,True
3073,1547,3550,5,3266.9,734.16,2025-10-17T17:31:44.583642,PAGO,3,True
3074,99448,856,3,3678.41,656.66,2026-03-01T17:31:44.583642,entregue,1,True
3075,1607,360,9,3071.46,439.61,2026-06-11T17:31:44.583642,etregue,2,True
3076,4422,2093,1,-944.06,606.38,2026-05-13T17:31:44.583642,cancelado,2,True
3077,4047,2584,7,-686.2,407.08,2025-12-22T17:31:44.583642,cancelado,3,True
3078,4070,174,3,2770.8,86.97,2026-05-22T17:31:44.583642,CaNcELaDo,4,True
3079,2689,3580,-8,207.04,8.57,2026-02-04T17:31:44.583642,enviado,4,True
3080,417,2741,1,100.0,150.0,2026-03-13T17:31:44.583642,pendente,4,True
3081,93775,3561,5,2195.61,598.35,2026-03-22T17:31:44.583642,cancelado,3,True
3082,193,4078,1,-44.11,301.79,2026-06-05T17:31:44.583642,pendente,4,True
3083,3381,1311,9,100.0,150.0,2026-01-23T17:31:44.583642,entregue,5,True
3084,1794,2205,9,3229.37,946.76,2026-04-29T17:31:44.583642,pendente,6,True
3085,3298,4234,8,838.19,240.55,2026-09-16T17:31:44.583642,cacelado,2,True
3086,4781,4178,9,696.75,85.43,2026-05-26T17:31:44.583642,entregue,-1,True
3087,4721,348,10,-674.79,311.83,2026-04-27T17:31:44.583642,enviado,3,True
3088,916,3233,2,3387.32,170.54,2026-03-15T17:31:44.583642,entregue,,True
3089,2582,4829,4,167.18,14.24,2027-10-09T17:31:44.738880,pago,1,True
3090,711,3527,1,189.35,14.26,2026-08-20T17:31:44.583642,EntrEgUE,4,True
3091,838,96854,8,4628.32,637.95,2026-07-20T17:31:44.583642,cancelado,1,True
3092,1679,3369,8,557.77,148.28,2026-02-17T17:31:44.583642,enviAdO,1,True
3093,94770,3066,7,4919.63,1170.92,2026-01-02T17:31:44.583642,cancelado,5,True
3094,4595,1055,-5,4399.45,747.19,2025-12-15T17:31:44.583642,pago,4,True
3095,1201,3499,8,1991.7,104.99,2026-05-22T17:31:44.583642,CANCELADO,4,True
3096,1386,3109,3,2743.69,461.55,2026-07-13T17:31:44.583642,PAGO,2,True
3097,4602,3194,1,-489.67,116.36,2026-02-09T17:31:44.583642,pendente,3,True
3098,1605,283,1,4371.58,465.15,2025-10-16T17:31:44.583642,pedente,3,True
3099,1323,93508,10,1293.19,294.47,2025-10-27T17:31:44.583642,cancelado,3,True
3100,2392,2744,5,208.15,41.09,2025-11-22T17:31:44.583642,enviado,2,True
3101,67,4926,1,4173.49,1096.51,2026-07-25T17:31:44.583642,eNVIaDo,4,True
3102,98037,1495,6,4787.56,380.84,2026-07-25T17:31:44.583642,entregue,2,True
3103,4014,4946,1,-12.35,434.8,2026-04-23T17:31:44.583642,enviado,5,True
3104,2009,4289,9,223.8,10.51,2026-05-13T17:31:44.583642,pendente ,1,True
3105,3489,94032,4,2367.14,707.73,2026-04-24T17:31:44.583642,pago,1,True
3106,4201,1962,2,4856.44,118.03,2026-10-05T17:31:44.583642,CANCELADO,5,True
3107,3457,113,9,4627.46,568.52,2026-03-09T17:31:44.583642,Enviado,3,True
3108,2311,3931,10,631.84,189.47,2026-05-14T17:31:44.583642,Enviado,4,True
3109,3683,803,2,1347.88,272.77,2027-10-09T17:31:44.739053,pendente,1,True
3110,2788,2851,6,-882.78,1366.5,2026-01-03T17:31:44.583642,entregue,4,True
3111,2894,3120,8,44.15,9.0,2027-10-09T17:31:44.739070,pendente,4,True
3112,3862,4083,9,438.3,37.21,2025-11-21T17:31:44.583642,enviado,,True
3113,2105,2051,10,100.0,150.0,2026-02-09T17:31:44.583642,enviado,2,True
3114,95078,1535,10,4490.82,210.34,2026-02-06T17:31:44.583642,entregue,2,True
3115,4007,469,8,3168.22,487.49,2025-11-30T17:31:44.583642,enviado,5,True
3116,94505,1978,8,1876.05,520.95,2025-11-13T17:31:44.583642,pendente,5,True
3117,93,1445,4,2987.18,468.24,2026-05-28T17:31:44.583642,PAGO,2,True
3118,1976,95636,8,827.74,71.58,2026-06-01T17:31:44.583642,entregue,2,True
3119,88,124,6,2337.84,369.47,2025-12-11T17:31:44.583642,ENtreGue,4,True
3120,1762,2417,4,4755.12,702.31,2026-04-14T17:31:44.583642,cancelado,10,True
3121,4289,1812,9,100.0,150.0,2026-02-28T17:31:44.583642,cancelado,1,True
3122,2420,96686,10,3479.97,16.19,2026-02-27T17:31:44.583642,entregue,5,True
3123,3988,409,7,462.32,91.16,2026-01-14T17:31:44.583642,Pendente,1,True
3124,93631,3944,4,4299.48,572.87,2026-04-03T17:31:44.583642,cancelado,4,True
3125,482,98081,10,946.82,54.27,2026-07-16T17:31:44.583642,cancelado,4,True
3126,3760,2120,6,100.0,150.0,2026-07-10T17:31:44.583642,pago,4,True
3127,424,3299,2,1072.02,150.22,2026-01-23T17:31:44.583642,pago,10,True
3128,457,4338,3,-882.77,995.56,2025-12-20T17:31:44.583642,entregue,5,True
3129,2629,4946,8,2129.88,116.05,2026-07-26T17:31:44.583642,Cancelado,4,True
3130,2548,744,10,3413.21,956.66,2027-10-09T17:31:44.739218,enviado,1,True
3131,2731,480,-4,1652.15,137.09,2025-11-19T17:31:44.583642,pendente,3,True
3132,4872,731,1,1376.47,378.22,2027-10-09T17:31:44.739236,cancelado,1,True
3133,3280,2454,6,1106.94,243.28,2027-10-09T17:31:44.739246,cancelado,1,True
3134,2472,96,1,3643.15,934.72,2026-01-11T17:31:44.583642,pago,5,True
3135,1430,349,8,2225.04,132.92,2026-03-05T17:31:44.583642,Pendente,3,True
3136,94188,1392,3,2696.81,546.63,2026-04-24T17:31:44.583642,entregue,2,True
3137,4571,368,9,4937.26,1455.25,2026-09-26T17:31:44.583642,canceladu,3,True
3138,647,614,4,1057.93,304.14,2026-03-12T17:31:44.583642,entregu,1,True
3139,322,1473,5,4836.94,389.59,2026-05-27T17:31:44.583642,PAGO,4,True
3140,31,4739,3,100.0,150.0,2026-03-11T17:31:44.583642,cancelado,4,True
3141,1647,254,9,4872.05,617.99,2026-02-23T17:31:44.583642,CANCELADO,3,True
3142,875,831,6,1559.45,363.5,2026-09-29T17:31:44.583642,pendente,2,True
3143,1912,1908,9,1086.78,67.13,2026-03-11T17:31:44.583642,ENVIADO,5,True
3144,3446,3623,4,4811.14,1409.29,2026-06-03T17:31:44.583642,pago,100,True
3145,4663,4398,1,4437.59,612.91,2026-08-08T17:31:44.583642,pedente,5,True
3146,1437,2349,-10,1934.72,337.87,2026-05-05T17:31:44.583642,pago,5,True
3147,3584,4754,1,2180.28,279.03,2026-02-11T17:31:44.583642,cancelado,100,True
3148,352,96266,5,2457.71,246.84,2026-01-14T17:31:44.583642,pago,2,True
3149,3449,310,4,3741.57,917.31,2026-05-21T17:31:44.583642,CANCELADO,4,True
3150,3565,4600,6,4486.27,1141.53,2027-10-09T17:31:44.739397,cancelado,3,True
3151,4105,1927,8,1814.88,448.21,2025-10-15T17:31:44.583642,pago,,True
3152,4319,4803,1,2939.35,156.59,2025-11-20T17:31:44.583642,Pendente,5,True
3153,3833,549,1,4854.43,534.83,2026-08-22T17:31:44.583642,Entregue,4,True
3154,639,55,7,100.0,150.0,2026-07-25T17:31:44.583642,entregue,4,True
3155,4252,3247,-3,2122.45,403.55,2026-05-30T17:31:44.583642,enviado,2,True
3156,1339,2544,3,100.0,150.0,2026-02-01T17:31:44.583642,entregue,5,True
3157,1548,90713,6,91.88,13.01,2026-08-30T17:31:44.583642,enviado,2,True
3158,1336,4012,7,2788.79,520.03,2026-05-02T17:31:44.583642,Pago,2,True
3159,3369,1189,2,4770.47,242.08,2025-10-19T17:31:44.583642,Pago,4,True
3160,1138,549,1,4491.57,495.11,2026-04-30T17:31:44.583642,Enviado,4,True
3161,3297,2609,6,3307.19,417.86,2027-10-09T17:31:44.739487,pendente,1,True
3162,4938,1121,7,3560.93,1063.95,2025-12-23T17:31:44.583642,pendente,1,True
3163,1095,2494,8,100.0,150.0,2025-11-25T17:31:44.583642,enviado,3,True
3164,2575,1629,3,3085.71,27.54,2027-10-09T17:31:44.739534,cancelado,4,True
3165,999,2865,9,100.0,150.0,2026-02-02T17:31:44.583642,entregue,5,True
3166,2839,3306,3,3029.74,363.08,2027-10-09T17:31:44.739556,entregue,1,True
3167,3694,2983,3,1289.22,187.78,2026-07-08T17:31:44.583642,PENDENTE,5,True
3168,3659,2680,1,1674.71,192.26,2026-07-30T17:31:44.583642,enviado,-1,True
3169,1140,94467,1,2588.31,127.02,2026-07-06T17:31:44.583642,entregue,1,True
3170,97557,306,6,760.96,152.55,2026-07-21T17:31:44.583642,enviado,3,True
3171,3925,3599,2,4539.29,771.35,2025-11-18T17:31:44.583642,ENTREGUE,5,True
3172,4069,4852,2,4744.65,1138.38,2025-11-26T17:31:44.583642,Entregue,5,True
3173,4934,4355,1,2015.77,359.25,2026-04-11T17:31:44.583642,entregue,-1,True
3174,998,3308,7,2424.86,183.96,2027-10-09T17:31:44.739679,entregue,2,True
3175,91955,2080,2,4647.54,993.74,2026-08-01T17:31:44.583642,pendente,1,True
3176,3322,97764,3,4035.36,817.85,2025-11-16T17:31:44.583642,pago,4,True
3177,3175,132,1,493.26,23.64,2026-03-30T17:31:44.583642,ENTREGUE,5,True
3178,4498,147,9,4440.88,1265.42,2026-07-26T17:31:44.583642,Pendente,1,True
3179,878,3035,6,4454.0,845.71,2026-02-15T17:31:44.583642,PAGO,4,True
3180,1366,1252,4,3300.11,576.58,2026-07-24T17:31:44.583642,Entregue,5,True
3181,4783,1,2,-441.73,124.54,2026-03-30T17:31:44.583642,enviado,2,True
3182,247,3575,10,856.27,149.78,2027-10-09T17:31:44.739809,pago,1,True
3183,254,1190,1,100.0,150.0,2026-03-08T17:31:44.583642,cancelado,5,True
3184,92417,3329,6,4627.13,1284.64,2026-04-18T17:31:44.583642,entregue,4,True
3185,95384,3428,7,3276.09,777.43,2026-03-08T17:31:44.583642,cancelado,4,True
3186,3061,539,10,1304.7,130.46,2026-04-14T17:31:44.583642,pago ,1,True
3187,3575,3221,7,2281.82,658.61,2025-12-09T17:31:44.583642,pendente,5,True
3188,3353,1991,3,100.0,150.0,2026-06-07T17:31:44.583642,entregue,4,True
3189,1727,2469,-2,2360.41,51.03,2026-04-07T17:31:44.583642,cancelado,5,True
3190,95596,251,9,1976.59,483.85,2026-04-25T17:31:44.583642,enviado,2,True
3191,1927,914,1,2943.52,362.88,2026-06-24T17:31:44.583642,Enviado,4,True
3192,1178,2634,1,2951.09,542.74,2026-10-01T17:31:44.583642,pendente,-1,True
3193,2198,4905,3,1602.85,443.79,2026-05-02T17:31:44.583642,enviado,1,True
3194,1606,93685,3,4452.83,36.46,2026-04-01T17:31:44.583642,entregue,4,True
3195,3722,98546,10,4637.32,519.12,2026-09-10T17:31:44.583642,pago,3,True
3196,2627,2250,2,100.0,150.0,2026-09-10T17:31:44.583642,pago,4,True
3197,2082,1895,10,100.0,150.0,2026-07-24T17:31:44.583642,cancelado,1,True
3198,97706,2901,4,1986.94,526.83,2025-12-10T17:31:44.583642,pago,5,True
3199,2590,1203,-7,2643.34,74.19,2025-10-30T17:31:44.583642,pendente,3,True
3200,4417,3806,10,4629.45,1014.58,2025-12-27T17:31:44.583642,Entregue,5,True
3201,2295,1546,-2,4370.73,928.97,2026-09-11T17:31:44.583642,pendente,3,True
3202,1986,142,7,267.63,63.12,2027-10-09T17:31:44.739963,pago,3,True
3203,1115,4252,10,4208.45,1148.02,2025-12-10T17:31:44.583642,envado,2,True
3204,2174,2548,5,-335.33,281.76,2026-02-17T17:31:44.583642,entregue,5,True
3205,4458,1532,2,1567.05,244.26,2025-11-15T17:31:44.583642,etregue,5,True
3206,56,99993,10,1799.77,349.34,2026-04-26T17:31:44.583642,pendente,5,True
3207,4101,94432,10,3610.92,743.46,2026-05-08T17:31:44.583642,pendente,3,True
3208,516,2737,6,2562.77,530.39,2027-10-09T17:31:44.740012,cancelado,5,True
3209,673,95483,3,4595.66,376.6,2025-12-06T17:31:44.583642,pago,1,True
3210,2190,94359,8,4773.19,435.92,2025-11-13T17:31:44.583642,entregue,3,True
3211,172,636,1,4067.06,64.37,2026-09-20T17:31:44.583642,entregue,2,True
3212,1404,1941,6,-147.42,204.62,2026-06-24T17:31:44.583642,pago,3,True
3213,1204,1553,9,1334.22,302.62,2026-04-22T17:31:44.583642,Entregue,5,True
3214,1904,4873,7,1505.28,377.08,2026-08-22T17:31:44.583642,pndente,2,True
3215,1089,1284,2,240.2,41.91,2027-10-09T17:31:44.740122,pago,5,True
3216,3776,3014,10,585.93,131.47,2026-01-03T17:31:44.583642,ENviado,4,True
3217,739,712,1,100.0,150.0,2026-03-14T17:31:44.583642,pendente,5,True
3218,333,1143,5,1576.64,438.38,2026-01-30T17:31:44.583642,PENDENte,4,True
3219,91510,627,5,3929.97,553.3,2026-03-10T17:31:44.583642,entregue,5,True
3220,854,4744,10,4426.26,772.29,2026-03-17T17:31:44.583642,EnViaDO,5,True
3221,1774,3265,9,-910.85,14.68,2026-08-03T17:31:44.583642,pago,5,True
3222,4513,1434,9,1409.81,390.23,2026-03-03T17:31:44.583642,ENVIADO,4,True
3223,2686,3476,8,4926.41,70.55,2026-06-10T17:31:44.583642,etregue,3,True
3224,4430,4075,-3,4854.58,1043.03,2026-08-04T17:31:44.583642,cancelado,3,True
3225,3080,2498,6,3111.64,159.44,2026-03-19T17:31:44.583642,cancelado,-1,True
3226,97594,109,7,2135.97,281.6,2026-06-28T17:31:44.583642,enviado,4,True
3227,1722,4743,1,100.0,150.0,2026-10-04T17:31:44.583642,enviado,4,True
3228,4810,3480,2,-287.37,434.93,2025-12-31T17:31:44.583642,entregue,2,True
3229,1184,886,-8,4138.25,446.11,2026-04-30T17:31:44.583642,pago,5,True
3230,1729,3684,1,1306.13,62.11,2025-12-19T17:31:44.583642,pago,100,True
3231,1609,4961,6,4294.13,69.63,2025-12-18T17:31:44.583642,PeNdEntE,5,True
3232,3351,91779,2,3037.17,193.0,2025-11-03T17:31:44.583642,pago,5,True
3233,332,2194,10,2235.67,334.34,2026-01-19T17:31:44.583642,Enviado,5,True
3234,4151,98350,5,853.97,76.38,2026-03-22T17:31:44.583642,pendente,4,True
3235,3424,2767,5,4774.33,1301.41,2025-12-15T17:31:44.583642,enTREgUe,2,True
3236,4382,1620,6,3582.27,318.42,2026-09-16T17:31:44.583642,entregue,10,True
3237,2050,2053,10,1633.45,213.08,2026-04-20T17:31:44.583642,pendente,-1,True
3238,4733,4810,8,2020.78,342.45,2026-01-25T17:31:44.583642,EntREgUE,3,True
3239,4418,4583,-4,4002.07,477.65,2026-03-17T17:31:44.583642,cancelado,2,True
3240,3758,3977,4,4471.93,909.78,2026-06-24T17:31:44.583642,pendente,4,True
3241,428,3642,-10,898.43,80.43,2025-11-29T17:31:44.583642,enviado,2,True
3242,4085,3704,9,3851.65,1020.25,2027-10-09T17:31:44.740499,pago,3,True
3243,194,2010,4,1316.07,56.49,2026-02-08T17:31:44.583642,enviado,,True
3244,3769,2372,8,2650.87,569.27,2025-10-14T17:31:44.583642,entregue,6,True
3245,90761,812,2,1384.03,379.08,2026-02-10T17:31:44.583642,enviado,5,True
3246,2358,4885,-10,3427.14,197.82,2026-08-30T17:31:44.583642,entregue,1,True
3247,3364,936,3,4601.44,754.29,2026-04-12T17:31:44.583642,eNtreGuE,5,True
3248,92323,2419,1,2290.26,578.37,2025-11-05T17:31:44.583642,pago,5,True
3249,1690,747,10,2538.34,37.5,2026-09-02T17:31:44.583642,Entregue,5,True
3250,2411,2843,9,100.0,150.0,2026-04-24T17:31:44.583642,enviado,4,True
3251,2938,1753,5,-768.03,116.61,2026-10-04T17:31:44.583642,entregue,2,True
3252,809,4738,1,970.31,30.19,2026-06-01T17:31:44.583642,peNDENte,5,True
3253,3703,998,8,899.5,86.4,2026-05-26T17:31:44.583642,canceladu,3,True
3254,2217,4323,3,1933.76,498.05,2025-11-22T17:31:44.583642,cancelado,-1,True
3255,3576,95488,1,58.93,8.46,2026-09-18T17:31:44.583642,enviado,4,True
3256,3306,852,3,100.0,150.0,2025-11-10T17:31:44.583642,entregue,4,True
3257,4817,96480,8,2755.73,473.46,2026-07-26T17:31:44.583642,pago,4,True
3258,2371,98411,9,1517.44,306.18,2026-10-05T17:31:44.583642,pago,3,True
3259,1008,3169,8,1737.19,333.82,2026-04-04T17:31:44.583642,enviado,-1,True
3260,1689,94766,9,3370.68,229.82,2026-10-04T17:31:44.583642,enviado,5,True
3261,914,4221,7,1313.06,244.31,2025-11-15T17:31:44.583642,entregue,5,True
3262,3168,2230,5,4504.34,460.46,2026-10-07T17:31:44.583642,enviado,100,True
3263,4268,1956,5,-864.28,31.95,2025-12-29T17:31:44.583642,entregue,2,True
3264,4068,4378,10,1602.51,41.6,2026-03-02T17:31:44.583642,pendente,10,True
3265,2367,91676,1,2725.89,688.43,2025-12-30T17:31:44.583642,pago,5,True
3266,2453,3124,10,4074.39,1005.33,2026-04-14T17:31:44.583642,enviado,4,True
3267,2763,3452,10,3153.58,58.63,2026-03-15T17:31:44.583642,enviado,4,True
3268,2526,90436,8,41.34,11.47,2026-10-08T17:31:44.583642,cancelado,1,True
3269,854,1214,10,100.0,150.0,2026-09-17T17:31:44.583642,enviado,5,True
3270,3879,99721,7,1030.9,261.39,2026-05-22T17:31:44.583642,entregue,5,True
3271,3490,4947,4,-880.04,364.93,2025-11-13T17:31:44.583642,cancelado,2,True
3272,327,4244,10,2141.12,496.3,2026-03-11T17:31:44.583642,eNviAdo,2,True
3273,4260,4274,8,100.0,150.0,2025-10-17T17:31:44.583642,pendente,5,True
3274,127,3361,3,100.0,150.0,2026-01-04T17:31:44.583642,cancelado,3,True
3275,2565,3130,7,3329.86,605.8,2026-08-01T17:31:44.583642,Enviado,3,True
3276,3413,2091,4,4462.19,1155.72,2025-11-20T17:31:44.583642,cancelado,1,True
3277,3366,4430,3,64.75,4.64,2027-10-09T17:31:44.740781,cancelado,3,True
3278,1829,91797,1,2824.36,22.57,2026-10-06T17:31:44.583642,cancelado,3,True
3279,1048,1664,10,309.5,38.43,2027-10-09T17:31:44.740847,cancelado,5,True
3280,2196,2769,4,4278.69,241.07,2027-10-09T17:31:44.740857,cancelado,1,True
3281,3562,2535,6,4802.32,159.26,2026-07-08T17:31:44.583642,PEnDENtE,4,True
3282,2697,3364,3,-719.21,1025.03,2026-05-05T17:31:44.583642,pago,5,True
3283,3499,4977,7,1374.78,401.7,2025-12-03T17:31:44.583642,enviado,100,True
3284,2340,1427,4,4008.38,1070.77,2026-09-20T17:31:44.583642,CANCELADO,3,True
3285,3912,755,9,1030.51,188.96,2026-02-12T17:31:44.583642,ENVIAdO,1,True
3286,1043,1224,6,1573.14,213.57,2026-01-22T17:31:44.583642,pago,-1,True
3287,91052,4856,7,4969.55,53.82,2026-08-14T17:31:44.583642,pendente,2,True
3288,4853,662,3,4517.85,928.81,2026-07-23T17:31:44.583642,eNvIaDo,1,True
3289,95749,2715,4,3000.03,877.11,2026-02-02T17:31:44.583642,enviado,2,True
3290,94362,1233,1,205.77,31.38,2026-05-09T17:31:44.583642,pendente,3,True
3291,1077,1702,3,469.95,86.54,2026-09-15T17:31:44.583642,eNtrEgUE,5,True
3292,2653,91823,1,2872.95,423.65,2025-11-12T17:31:44.583642,entregue,5,True
3293,1814,4865,6,167.63,5.58,2026-09-05T17:31:44.583642,CAncelado,1,True
3294,2350,318,4,1859.82,382.84,2026-01-22T17:31:44.583642,pendente,,True
3295,99052,3504,3,2580.37,764.73,2025-12-03T17:31:44.583642,entregue,3,True
3296,2393,742,4,277.29,58.57,2026-08-04T17:31:44.583642,PAGO,3,True
3297,1727,1549,10,3149.0,664.17,2025-12-31T17:31:44.583642,pndente,3,True
3298,547,4011,4,537.19,153.39,2026-05-08T17:31:44.583642,ENTREGUE,2,True
3299,3822,372,1,-574.33,525.49,2026-04-13T17:31:44.583642,pendente,4,True
3300,1810,4760,9,3984.26,330.33,2026-09-30T17:31:44.583642,enviado,-1,True
3301,1990,3376,3,2275.26,481.7,2027-10-09T17:31:44.741035,cancelado,1,True
3302,1090,2845,9,1809.13,359.89,2027-10-09T17:31:44.741045,pendente,2,True
3303,2439,3091,1,-713.77,713.13,2026-04-26T17:31:44.583642,cancelado,3,True
3304,2006,3059,4,4996.48,1006.77,2025-11-08T17:31:44.583642,PENDENTE,5,True
3305,4440,2338,5,100.0,150.0,2025-12-07T17:31:44.583642,pendente,5,True
3306,2043,2615,7,-651.95,34.26,2026-05-27T17:31:44.583642,enviado,1,True
3307,3724,2392,8,3933.3,133.31,2026-01-31T17:31:44.583642,PENDENTE,2,True
3308,2571,2120,7,2899.46,848.94,2026-09-01T17:31:44.583642,entregue,6,True
3309,4427,3839,7,4732.52,1402.0,2027-10-09T17:31:44.741098,cancelado,5,True
3310,4162,4818,-3,4671.63,1237.84,2026-07-23T17:31:44.583642,pendente,4,True
3311,1366,4058,9,3774.11,578.28,2027-10-09T17:31:44.741114,pago,2,True
3312,4517,1680,5,100.0,150.0,2026-08-29T17:31:44.583642,pendente,5,True
3313,199,2443,3,2387.59,501.39,2027-10-09T17:31:44.741130,entregue,3,True
3314,368,3962,1,2764.79,481.9,2026-01-02T17:31:44.583642,PAGO,1,True
3315,4716,4750,-5,1451.0,341.11,2026-06-16T17:31:44.583642,cancelado,1,True
3316,1205,3923,7,590.95,5.75,2027-10-09T17:31:44.741154,pendente,1,True
3317,4530,2752,6,3639.38,390.69,2026-06-26T17:31:44.583642,PAGO,4,True
3318,4990,4991,1,4534.55,640.4,2026-02-23T17:31:44.583642,pago,1,True
3319,4617,344,4,3406.46,260.01,2025-12-18T17:31:44.583642,entregue ,2,True
3320,4281,2963,9,-266.42,722.92,2026-05-13T17:31:44.583642,pendente,4,True
3321,4111,3650,3,2307.82,652.68,2026-03-26T17:31:44.583642,Pendente,1,True
3322,2074,99136,9,4241.84,4.77,2025-12-25T17:31:44.583642,entregue,2,True
3323,149,4108,10,-923.02,103.99,2026-09-11T17:31:44.583642,pago,2,True
3324,3881,96261,3,3106.4,479.17,2026-07-13T17:31:44.583642,cancelado,2,True
3325,4426,3554,8,4081.11,529.32,2026-09-06T17:31:44.583642,enviado,100,True
3326,2018,2969,9,617.84,127.18,2026-04-08T17:31:44.583642,pendente,3,True
3327,94867,2836,8,3565.29,130.58,2026-04-11T17:31:44.583642,cancelado,1,True
3328,2052,98360,9,3310.7,57.61,2026-03-08T17:31:44.583642,pendente,4,True
3329,3239,3374,1,-388.44,321.76,2026-02-21T17:31:44.583642,pendente,1,True
3330,1103,2887,7,-415.58,449.02,2026-03-05T17:31:44.583642,enviado,2,True
3331,1632,91849,4,2403.97,447.79,2025-12-19T17:31:44.583642,entregue,3,True
3332,4491,3194,5,3264.34,277.13,2026-06-05T17:31:44.583642,CAncElAdO,4,True
3333,3563,4428,1,1138.22,137.08,2026-01-15T17:31:44.583642,enviado,6,True
3334,4280,4246,-9,2885.36,25.2,2026-04-10T17:31:44.583642,pendente,3,True
3335,2360,3313,1,549.94,156.29,2026-05-05T17:31:44.583642,EntREGUE,5,True
3336,668,2138,8,1731.5,259.16,2027-10-09T17:31:44.741450,cancelado,3,True
3337,96575,172,4,665.03,88.05,2026-05-31T17:31:44.583642,entregue,3,True
3338,3189,564,2,924.86,20.57,2027-10-09T17:31:44.741469,entregue,3,True
3339,1852,3838,7,4915.59,164.83,2026-07-23T17:31:44.583642,canceldo,1,True
3340,4388,2144,6,100.0,150.0,2026-07-24T17:31:44.583642,entregue,4,True
3341,4053,1434,-8,474.68,114.11,2025-10-24T17:31:44.583642,cancelado,3,True
3342,471,4634,6,1394.08,34.81,2025-12-24T17:31:44.583642,PENDENTE,1,True
3343,1345,4198,2,1047.29,282.64,2026-05-27T17:31:44.583642,enviado,3,True
3344,92536,4602,7,1786.39,460.27,2026-03-30T17:31:44.583642,enviado,5,True
3345,92840,4745,7,4785.12,873.35,2026-03-12T17:31:44.583642,pendente,3,True
3346,4230,3401,6,2250.69,283.23,2026-09-09T17:31:44.583642,ENVIADO,2,True
3347,3418,4256,10,621.45,4.38,2025-10-10T17:31:44.583642,canceladu,5,True
3348,2566,4515,6,100.0,150.0,2026-08-09T17:31:44.583642,cancelado,4,True
3349,445,4172,9,2816.88,654.98,2026-08-15T17:31:44.583642,PENDENTE,4,True
3350,2787,140,6,2719.29,71.63,2026-01-14T17:31:44.583642,enViADO,2,True
3351,3588,2567,1,-323.57,379.01,2026-04-21T17:31:44.583642,cancelado,3,True
3352,3736,3931,4,1520.11,282.78,2025-11-27T17:31:44.583642,pendente,10,True
3353,2452,191,7,4464.45,778.14,2026-07-24T17:31:44.583642,pEndEnTE,3,True
3354,4933,95084,8,67.3,2.52,2026-09-29T17:31:44.583642,cancelado,3,True
3355,3856,96559,10,3804.18,596.61,2025-12-27T17:31:44.583642,cancelado,4,True
3356,91745,3891,8,91.6,3.45,2026-02-19T17:31:44.583642,cancelado,3,True
3357,4143,2371,3,3647.28,851.3,2025-12-25T17:31:44.583642,pendente,2,True
3358,4787,3798,1,3994.68,557.63,2026-03-06T17:31:44.583642,enviado,6,True
3359,1725,1476,9,4682.43,403.2,2026-08-15T17:31:44.583642,cancelado,3,True
3360,1784,1880,8,145.14,11.91,2027-10-09T17:31:44.741647,pago,1,True
3361,2767,4517,8,4745.37,138.42,2026-06-01T17:31:44.583642,Cancelado,3,True
3362,93992,4226,7,2171.16,154.48,2025-10-13T17:31:44.583642,pago,1,True
3363,1954,1700,2,100.0,150.0,2026-09-23T17:31:44.583642,entregue,2,True
3364,3840,2893,10,1212.05,338.34,2026-06-18T17:31:44.583642,Cancelado,1,True
3365,2372,1363,2,3913.87,229.75,2026-07-07T17:31:44.583642,eNtREGUe,3,True
3366,3645,1272,10,1549.51,464.11,2026-02-23T17:31:44.583642,pago0,3,True
3367,2943,46,10,100.0,150.0,2026-08-16T17:31:44.583642,cancelado,5,True
3368,746,2527,2,4996.91,468.5,2026-09-02T17:31:44.583642,Entregue,3,True
3369,3733,3448,7,121.4,5.56,2026-10-01T17:31:44.583642,enviado,3,True
3370,3798,4812,3,100.0,150.0,2026-09-22T17:31:44.583642,entregue,1,True
3371,4877,3913,1,100.0,150.0,2025-12-24T17:31:44.583642,cancelado,4,True
3372,1553,852,1,100.0,150.0,2025-11-12T17:31:44.583642,pago,5,True
3373,1298,670,2,1545.0,152.24,2026-01-18T17:31:44.583642,pago,3,True
3374,3178,4408,8,1076.22,234.72,2025-10-09T17:31:44.583642,entregue,-1,True
3375,4659,1385,3,100.0,150.0,2026-04-30T17:31:44.583642,pendente,2,True
3376,3462,3863,5,1479.78,310.17,2026-05-25T17:31:44.583642,enviadio,2,True
3377,4731,2428,9,3976.69,964.67,2026-09-09T17:31:44.583642,canceldo,1,True
3378,2720,3056,-3,3584.75,602.51,2026-02-22T17:31:44.583642,pendente,3,True
3379,2076,3997,2,3372.65,497.55,2025-12-05T17:31:44.583642,Entregue,1,True
3380,2211,2041,7,204.58,21.79,2026-10-02T17:31:44.583642,entregue ,5,True
3381,1572,60,4,-689.22,117.29,2026-01-23T17:31:44.583642,pago,1,True
3382,2537,2865,9,4151.13,1177.21,2026-08-11T17:31:44.583642,pedente,5,True
3383,1984,3669,10,1443.39,275.65,2026-01-27T17:31:44.583642,pago ,4,True
3384,1092,1695,5,4507.54,1197.19,2026-04-03T17:31:44.583642,enviado,-1,True
3385,1371,2874,7,100.0,150.0,2026-06-14T17:31:44.583642,entregue,4,True
3386,343,3218,4,100.0,150.0,2026-03-13T17:31:44.583642,pendente,4,True
3387,4042,92479,10,1557.91,467.26,2025-10-29T17:31:44.583642,entregue,5,True
3388,344,1545,2,100.0,150.0,2026-06-04T17:31:44.583642,enviado,2,True
3389,3431,1843,8,1202.4,257.05,2026-08-16T17:31:44.583642,cancelado,5,True
3390,4943,3013,2,-258.94,871.95,2026-06-02T17:31:44.583642,pago,1,True
3391,4529,3061,4,3204.44,753.98,2027-10-09T17:31:44.741881,pendente,4,True
3392,2200,1377,5,-728.54,429.08,2025-12-13T17:31:44.583642,pendente,3,True
3393,3625,3978,6,2164.44,13.38,2026-03-27T17:31:44.583642,enviado,3,True
3394,3489,1966,8,957.2,43.78,2026-10-01T17:31:44.583642,cancelado,3,True
3395,4835,3699,9,1118.33,20.88,2026-06-13T17:31:44.583642,Cancelado,5,True
3396,2145,1479,1,3612.78,1021.53,2026-07-19T17:31:44.583642,paGo,1,True
3397,4251,2415,6,1357.79,28.53,2025-11-16T17:31:44.583642,cancelado,2,True
3398,21,1247,8,4524.69,267.04,2026-09-06T17:31:44.583642,PAGO,1,True
3399,290,94736,4,1863.23,358.77,2026-06-16T17:31:44.583642,entregue,2,True
3400,3076,3533,-7,2610.27,322.85,2026-07-04T17:31:44.583642,enviado,1,True
3401,4254,2206,5,2743.43,143.99,2027-10-09T17:31:44.741961,pendente,2,True
3402,628,2281,2,100.0,150.0,2026-02-07T17:31:44.583642,entregue,3,True
3403,2615,4536,4,3808.19,411.67,2026-03-19T17:31:44.583642,entregu,4,True
3404,3380,2213,-7,3781.33,1.77,2026-08-09T17:31:44.583642,pago,1,True
3405,90801,4543,1,1594.91,2.11,2026-07-19T17:31:44.583642,pago,5,True
3406,4450,90857,9,1850.6,15.02,2026-03-27T17:31:44.583642,cancelado,1,True
3407,898,2880,7,4053.53,492.68,2025-11-23T17:31:44.583642,PENDENTE,4,True
3408,574,1098,9,2028.6,405.07,2027-10-09T17:31:44.742016,entregue,5,True
3409,99319,558,10,724.8,176.01,2026-07-15T17:31:44.583642,pago,5,True
3410,2153,3834,6,1151.52,249.74,2026-02-15T17:31:44.583642,cancelado,2,True
3411,3586,108,7,4008.39,398.99,2026-03-08T17:31:44.583642,cancelado,,True
3412,434,3580,3,1951.96,380.16,2025-10-10T17:31:44.583642,Enviado,5,True
3413,974,689,4,-595.48,57.07,2026-09-16T17:31:44.583642,enviado,4,True
3414,4053,4144,3,4585.07,416.57,2026-09-08T17:31:44.583642,pago,-1,True
3415,4677,3969,2,3434.41,984.53,2026-05-22T17:31:44.583642,cancelado,2,True
3416,94827,3921,2,4091.16,366.35,2026-05-02T17:31:44.583642,enviado,5,True
3417,94634,1939,7,3318.41,475.3,2025-12-30T17:31:44.583642,cancelado,2,True
3418,233,4829,4,2744.57,759.77,2026-03-01T17:31:44.583642,pago,5,True
3419,94184,4927,1,4644.12,362.7,2026-03-03T17:31:44.583642,cancelado,4,True
3420,121,1368,6,100.0,150.0,2026-07-29T17:31:44.583642,entregue,3,True
3421,105,107,5,1647.49,361.77,2026-07-01T17:31:44.583642,entregue ,2,True
3422,1036,976,10,-225.84,182.37,2026-09-27T17:31:44.583642,entregue,1,True
3423,2037,2644,-9,1595.54,73.61,2025-12-21T17:31:44.583642,pendente,1,True
3424,1093,2742,5,2856.17,99.29,2026-07-10T17:31:44.583642,cacelado,4,True
3425,2612,3734,5,1229.5,328.47,2025-12-30T17:31:44.583642,entregu,1,True
3426,103,2422,10,2690.45,11.67,2026-07-10T17:31:44.583642,enviiado,3,True
3427,3223,1580,6,100.0,150.0,2026-08-19T17:31:44.583642,entregue,4,True
3428,1882,99533,1,680.32,18.88,2026-09-06T17:31:44.583642,entregue,1,True
3429,99756,2901,10,324.85,51.21,2026-08-08T17:31:44.583642,enviado,2,True
3430,2471,1945,1,2531.86,728.21,2026-05-22T17:31:44.583642,enVIAdO,5,True
3431,1050,3698,8,4493.15,53.05,2025-10-17T17:31:44.583642,Cancelado,5,True
3432,425,1935,6,4107.28,777.59,2025-12-15T17:31:44.583642,peNDEnTE,1,True
3433,1904,98899,7,1593.0,252.05,2026-06-17T17:31:44.583642,entregue,3,True
3434,254,2798,3,2149.82,12.08,2025-10-23T17:31:44.583642,pendente,1,True
3435,3179,3327,2,339.94,40.28,2026-01-02T17:31:44.583642,enTRegUe,1,True
3436,2990,2228,4,1545.58,431.75,2026-01-27T17:31:44.583642,entrege,2,True
3437,92939,1020,3,1874.73,207.09,2026-10-07T17:31:44.583642,pendente,2,True
3438,566,1165,7,1977.99,259.94,2026-03-28T17:31:44.583642,Pendente,2,True
3439,3645,4728,8,100.0,150.0,2026-05-02T17:31:44.583642,pago,1,True
3440,98486,424,3,2484.18,648.82,2026-04-25T17:31:44.583642,entregue,3,True
3441,1403,1814,10,2517.54,553.92,2026-01-22T17:31:44.583642,cancelado,5,True
3442,2938,1067,2,1649.75,137.81,2026-05-22T17:31:44.583642,Pago,1,True
3443,142,1764,3,2882.04,179.66,2025-11-08T17:31:44.583642,canceldo,4,True
3444,2454,783,6,3508.5,138.8,2027-10-09T17:31:44.742296,entregue,3,True
3445,1170,1414,8,773.84,55.02,2027-10-09T17:31:44.742305,pendente,1,True
3446,4830,1140,10,100.0,150.0,2026-06-21T17:31:44.583642,entregue,3,True
3447,844,1757,7,4799.1,81.25,2026-07-09T17:31:44.583642,enviado,6,True
3448,1972,4432,8,3639.29,394.22,2025-12-27T17:31:44.583642,pendente,4,True
3449,3799,3188,5,-886.69,522.91,2026-03-12T17:31:44.583642,pendente,5,True
3450,3425,4191,10,-781.63,535.75,2025-12-08T17:31:44.583642,pendente,3,True
3451,3472,2320,8,4590.18,554.44,2027-10-09T17:31:44.742353,pago,3,True
3452,2027,314,2,-879.13,552.75,2026-07-28T17:31:44.583642,pendente,1,True
3453,868,2092,4,3385.24,568.54,2025-11-29T17:31:44.583642,ENvIADo,3,True
3454,2672,456,3,460.14,21.57,2027-10-09T17:31:44.742380,pendente,3,True
3455,4011,1706,1,893.89,166.33,2026-07-31T17:31:44.583642,canceladu,3,True
3456,2498,4724,4,-752.04,436.33,2026-01-11T17:31:44.583642,enviado,3,True
3457,1691,1419,2,100.0,150.0,2026-05-24T17:31:44.583642,pago,5,True
3458,98324,4198,3,3371.06,458.91,2026-02-19T17:31:44.583642,enviado,1,True
3459,3957,96324,7,2821.23,655.82,2026-10-02T17:31:44.583642,enviado,3,True
3460,184,3053,2,4726.43,942.87,2026-07-06T17:31:44.583642,enviado,6,True
3461,4811,3180,6,2971.28,488.83,2026-05-05T17:31:44.583642,pendente ,1,True
3462,1480,4684,9,-116.67,227.83,2026-07-12T17:31:44.583642,cancelado,2,True
3463,2265,238,-5,170.52,17.9,2025-12-19T17:31:44.583642,enviado,2,True
3464,2985,2019,2,-763.43,110.73,2026-09-16T17:31:44.583642,entregue,2,True
3465,757,1091,6,3860.87,641.33,2026-10-01T17:31:44.583642,pago.,1,True
3466,2165,1507,7,208.9,38.81,2026-03-24T17:31:44.583642,Entregue,5,True
3467,1858,2199,9,100.0,150.0,2026-08-22T17:31:44.583642,cancelado,3,True
3468,945,1693,5,100.0,150.0,2026-06-17T17:31:44.583642,pendente,1,True
3469,95773,2100,5,2182.01,574.58,2026-09-19T17:31:44.583642,pendente,1,True
3470,3357,3139,5,1718.93,153.02,2026-07-07T17:31:44.583642,Cancelado,2,True
3471,2363,1021,6,173.93,27.13,2027-10-09T17:31:44.742513,pago,2,True
3472,1874,90614,6,3108.54,773.49,2026-08-08T17:31:44.583642,cancelado,1,True
3473,4615,3119,-4,1132.33,37.26,2025-11-21T17:31:44.583642,cancelado,4,True
3474,1343,3770,9,4422.74,399.43,2026-07-24T17:31:44.583642,Pago,3,True
3475,781,2260,5,2004.91,175.59,2026-06-19T17:31:44.583642,EntReGUE,5,True
3476,3905,4603,6,100.0,150.0,2026-01-24T17:31:44.583642,entregue,4,True
3477,1128,321,9,4259.5,907.28,2025-12-08T17:31:44.583642,paguo,3,True
3478,4200,897,10,4039.94,67.51,2026-07-09T17:31:44.583642,pago,100,True
3479,674,761,10,100.0,150.0,2025-11-29T17:31:44.583642,pendente,3,True
3480,2306,2807,1,1438.28,39.13,2025-11-12T17:31:44.583642,PAGO,4,True
3481,2273,264,8,4584.89,217.58,2026-07-31T17:31:44.583642,Enviado,3,True
3482,2298,94169,4,3556.67,702.16,2026-03-23T17:31:44.583642,enviado,2,True
3483,1541,486,-8,4643.84,1050.18,2026-06-20T17:31:44.583642,pendente,2,True
3484,3899,513,9,4124.56,719.82,2025-11-09T17:31:44.583642,cancelado,-1,True
3485,3814,3328,3,1488.76,338.58,2026-06-23T17:31:44.583642,pendente,,True
3486,90769,459,8,546.37,56.59,2026-02-23T17:31:44.583642,entregue,1,True
3487,2898,91648,1,1463.52,407.38,2026-09-22T17:31:44.583642,entregue,5,True
3488,2932,91499,10,2624.39,462.51,2026-07-16T17:31:44.583642,pago,5,True
3489,708,3233,5,3653.91,56.39,2026-06-23T17:31:44.583642,entregue ,1,True
3490,3713,3546,7,2607.01,724.02,2025-12-20T17:31:44.583642,CANCELADO,1,True
3491,3691,2321,6,-858.16,644.39,2026-02-02T17:31:44.583642,enviado,3,True
3492,4602,3173,10,4466.35,768.34,2026-06-29T17:31:44.583642,pendente,10,True
3493,476,2931,1,642.9,177.5,2027-10-09T17:31:44.742685,enviado,2,True
3494,309,1670,4,4726.34,865.67,2027-10-09T17:31:44.742694,pago,2,True
3495,4215,91346,8,4886.65,1464.01,2025-11-16T17:31:44.583642,enviado,3,True
3496,1002,1400,6,1595.93,170.25,2026-10-06T17:31:44.583642,Entregue,2,True
3497,2835,93683,10,802.44,125.07,2025-10-22T17:31:44.583642,entregue,3,True
3498,2687,91635,10,2408.07,55.14,2026-01-03T17:31:44.583642,entregue,2,True
3499,1751,1060,5,1538.23,33.71,2026-03-28T17:31:44.583642,canceladu,3,True
3500,1868,4288,-7,1797.38,442.63,2026-04-14T17:31:44.583642,entregue,3,True
3501,3549,3994,-5,1679.52,361.25,2026-09-21T17:31:44.583642,entregue,3,True
3502,4263,726,2,4809.27,355.07,2026-09-29T17:31:44.583642,envIaDO,4,True
3503,3652,4463,4,4525.04,145.88,2026-03-02T17:31:44.583642,enviado,10,True
3504,1651,97561,6,4242.23,948.48,2026-03-18T17:31:44.583642,pago,1,True
3505,3610,4361,6,4450.25,214.28,2027-10-09T17:31:44.742962,cancelado,1,True
3506,3718,2150,6,3474.74,40.52,2025-10-11T17:31:44.583642,entregue,2,True
3507,2111,90049,10,344.14,23.65,2026-06-26T17:31:44.583642,pendente,2,True
3508,3374,3100,10,664.96,73.65,2026-09-04T17:31:44.583642,entregue,6,True
3509,858,3599,2,4083.79,461.22,2026-06-15T17:31:44.583642,pago,3,True
3510,93065,1435,8,418.05,79.27,2026-01-31T17:31:44.583642,cancelado,3,True
3511,3202,2299,3,2648.7,699.99,2025-10-12T17:31:44.583642,Pago,4,True
3512,348,751,9,2325.11,632.92,2026-10-05T17:31:44.583642,etregue,4,True
3513,2483,2076,3,4608.66,1320.14,2026-09-03T17:31:44.583642,entregue,5,True
3514,1302,3740,8,4694.1,487.66,2025-12-10T17:31:44.583642,CANCeLaDO,1,True
3515,3377,4583,10,3129.91,613.38,2025-11-16T17:31:44.583642,PENDENTE,1,True
3516,3360,94904,7,4290.33,673.19,2025-12-18T17:31:44.583642,pendente,1,True
3517,2446,4719,8,1174.64,121.95,2025-10-17T17:31:44.583642,enviado,3,True
3518,3275,2603,-4,1616.7,334.11,2025-11-18T17:31:44.583642,pago,1,True
3519,94006,3471,6,2676.13,162.81,2026-04-10T17:31:44.583642,pago,1,True
3520,1311,2944,2,2714.61,36.52,2025-10-24T17:31:44.583642,entregu,4,True
3521,724,4177,-3,4842.37,455.06,2026-08-01T17:31:44.583642,cancelado,3,True
3522,1270,99681,3,899.6,115.9,2026-07-20T17:31:44.583642,entregue,4,True
3523,1076,4812,10,1789.64,530.63,2026-05-08T17:31:44.583642,entregu,1,True
3524,2233,1867,9,2654.42,647.33,2026-08-23T17:31:44.583642,enviiado,2,True
3525,1777,2567,9,100.0,150.0,2025-10-21T17:31:44.583642,pago,1,True
3526,1522,1322,9,-486.57,147.77,2026-09-30T17:31:44.583642,pendente,3,True
3527,2242,313,-3,3355.82,3.47,2026-04-26T17:31:44.583642,enviado,4,True
3528,847,2166,4,100.0,150.0,2025-12-09T17:31:44.583642,pago,4,True
3529,2339,97538,9,4466.9,834.26,2025-12-11T17:31:44.583642,pendente,2,True
3530,2306,3707,-4,4429.29,827.55,2026-05-04T17:31:44.583642,entregue,2,True
3531,4595,3509,3,4688.72,982.64,2025-11-04T17:31:44.583642,entregue ,2,True
3532,4887,4158,5,4166.32,566.26,2026-01-23T17:31:44.583642,Pendente,2,True
3533,2152,4441,8,100.0,150.0,2026-03-29T17:31:44.583642,entregue,4,True
3534,4410,2397,3,3276.58,807.92,2027-10-09T17:31:44.743192,enviado,4,True
3535,3432,3760,1,100.0,150.0,2025-10-09T17:31:44.583642,pago,5,True
3536,3734,988,10,100.0,150.0,2026-01-15T17:31:44.583642,entregue,1,True
3537,3104,3518,5,4697.11,821.3,2025-12-30T17:31:44.583642,Cancelado,3,True
3538,3910,108,4,-743.22,997.49,2026-10-01T17:31:44.583642,pendente,3,True
3539,3569,3210,6,743.45,176.91,2027-10-09T17:31:44.743231,pendente,1,True
3540,4228,3781,10,1566.99,67.86,2026-04-18T17:31:44.583642,eNviADO,3,True
3541,3143,4611,1,100.0,150.0,2025-10-16T17:31:44.583642,entregue,1,True
3542,4130,3945,5,2667.51,797.5,2026-04-26T17:31:44.583642,Pago,2,True
3543,96391,3730,7,560.08,121.08,2025-11-10T17:31:44.583642,enviado,1,True
3544,2975,3627,2,913.86,160.05,2026-05-06T17:31:44.583642,pendente,3,True
3545,4819,1234,7,485.06,27.89,2026-05-29T17:31:44.583642,penDenTE,5,True
3546,1276,96354,10,2411.87,523.43,2026-05-31T17:31:44.583642,pendente,3,True
3547,4993,1578,-9,4782.12,904.22,2026-05-30T17:31:44.583642,pago,3,True
3548,3620,943,9,1426.16,422.06,2026-06-11T17:31:44.583642,Entregue,3,True
3549,4799,1494,4,-443.44,653.94,2026-08-20T17:31:44.583642,pendente,3,True
3550,91661,4195,8,4722.18,31.23,2026-07-18T17:31:44.583642,enviado,4,True
3551,98334,4095,7,4252.35,1065.21,2026-04-06T17:31:44.583642,entregue,3,True
3552,2904,4393,1,1055.99,302.15,2025-11-05T17:31:44.583642,PENDENTE,4,True
3553,701,4502,6,4019.83,616.79,2027-10-09T17:31:44.743349,entregue,1,True
3554,1953,2864,10,-374.38,115.5,2026-04-26T17:31:44.583642,entregue,4,True
3555,1709,2102,9,3528.11,107.33,2026-02-20T17:31:44.583642,pendente,1,True
3556,2766,4343,6,1697.87,454.45,2025-12-21T17:31:44.583642,PENDenTe,4,True
3557,1681,320,5,1679.05,448.32,2025-11-25T17:31:44.583642,enviado,6,True
3558,4086,830,9,2926.02,636.62,2026-09-16T17:31:44.583642,cancelado,6,True
3559,91508,4123,2,1399.13,243.84,2026-03-11T17:31:44.583642,enviado,3,True
3560,37,4402,5,4417.03,684.34,2025-10-29T17:31:44.583642,ENVIADO,2,True
3561,552,3194,8,4285.27,680.81,2026-05-23T17:31:44.583642,eNtrEGUe,3,True
3562,2163,1519,3,-790.58,118.74,2026-05-13T17:31:44.583642,cancelado,2,True
3563,1455,3901,9,1314.01,205.44,2027-10-09T17:31:44.743430,entregue,5,True
3564,289,4976,10,-579.77,36.94,2026-02-03T17:31:44.583642,cancelado,4,True
3565,1101,2576,5,100.0,150.0,2026-01-30T17:31:44.583642,cancelado,3,True
3566,39,784,9,-851.73,349.17,2026-05-22T17:31:44.583642,pago,4,True
3567,99659,4222,7,3933.08,148.44,2026-03-27T17:31:44.583642,cancelado,1,True
3568,2537,4628,3,4543.02,730.42,2025-10-21T17:31:44.583642,peNdeNte,3,True
3569,862,3832,3,100.0,150.0,2026-04-16T17:31:44.583642,enviado,5,True
3570,4072,4966,5,516.56,150.79,2026-03-01T17:31:44.583642,EntReguE,2,True
3571,91981,3337,5,618.97,154.27,2026-04-01T17:31:44.583642,pendente,3,True
3572,4901,95922,5,2719.55,56.92,2026-01-06T17:31:44.583642,pendente,1,True
3573,1446,710,4,3994.95,141.29,2026-09-19T17:31:44.583642,pendente,2,True
3574,3375,4635,7,1534.75,246.05,2026-04-06T17:31:44.583642,ENTREGUE,4,True
3575,1474,2763,6,-681.11,200.72,2026-02-05T17:31:44.583642,enviado,5,True
3576,1107,4394,8,-744.62,721.37,2026-01-21T17:31:44.583642,cancelado,4,True
3577,1585,4047,5,3045.62,647.9,2026-01-10T17:31:44.583642,PAGO,2,True
3578,2082,2285,5,47.48,4.08,2025-12-03T17:31:44.583642,entregue,4,True
3579,2438,617,6,437.82,70.27,2026-01-16T17:31:44.583642,ENVIADO,3,True
3580,348,4149,5,4050.62,683.88,2025-11-17T17:31:44.583642,CANCELADO,3,True
3581,4338,4666,6,721.72,138.38,2025-12-18T17:31:44.583642,EnTREgue,1,True
3582,843,1664,8,816.58,51.79,2026-02-05T17:31:44.583642,pendente,-1,True
3583,581,3905,-10,1880.63,333.82,2025-12-07T17:31:44.583642,enviado,1,True
3584,2794,3546,-7,4875.66,579.11,2026-07-27T17:31:44.583642,enviado,2,True
3585,4355,119,8,122.83,6.18,2025-12-17T17:31:44.583642,cacelado,5,True
3586,2009,4744,9,2681.6,186.89,2026-08-22T17:31:44.583642,Cancelado,2,True
3587,235,4203,2,183.56,27.49,2026-09-13T17:31:44.583642,CANCELADO,5,True
3588,4098,997,4,-825.04,272.71,2026-08-08T17:31:44.583642,entregue,2,True
3589,1317,92747,1,3141.65,649.69,2026-08-24T17:31:44.583642,enviado,5,True
3590,2960,848,8,1502.83,128.24,2025-10-12T17:31:44.583642,Pago,5,True
3591,4557,94438,4,3085.09,556.69,2026-08-01T17:31:44.583642,pendente,4,True
3592,44,357,7,1696.14,357.16,2026-09-29T17:31:44.583642,Enviado,2,True
3593,91526,250,4,1088.61,277.16,2026-08-26T17:31:44.583642,pago,2,True
3594,298,4038,8,100.0,150.0,2026-05-13T17:31:44.583642,pendente,5,True
3595,3734,93417,3,2729.75,142.21,2026-03-10T17:31:44.583642,cancelado,5,True
3596,883,1296,-9,2558.07,466.94,2025-10-26T17:31:44.583642,cancelado,1,True
3597,3849,1194,9,2569.35,253.31,2025-12-26T17:31:44.583642,Pago,2,True
3598,1935,4117,5,-155.23,147.55,2025-10-21T17:31:44.583642,pendente,2,True
3599,2828,3810,4,-655.75,253.45,2026-06-29T17:31:44.583642,pago,3,True
3600,460,2812,4,4590.59,53.32,2026-08-25T17:31:44.583642,pendente,6,True
3601,2251,708,8,1433.53,349.34,2026-09-29T17:31:44.583642,PENDENTE,5,True
3602,752,980,7,-353.39,145.73,2026-09-04T17:31:44.583642,pendente,4,True
3603,291,3240,8,917.18,45.61,2025-12-05T17:31:44.583642,pendente ,5,True
3604,1679,4861,-2,4365.03,1142.94,2026-08-14T17:31:44.583642,cancelado,5,True
3605,834,4455,9,4177.92,323.92,2025-11-02T17:31:44.583642,eNvIAdO,1,True
3606,1651,3053,5,246.4,62.28,2026-07-04T17:31:44.583642,canceldo,5,True
3607,4772,1834,-9,3650.42,943.37,2026-09-18T17:31:44.583642,entregue,2,True
3608,2019,3058,6,100.0,150.0,2026-05-06T17:31:44.583642,pago,5,True
3609,3408,1060,5,4406.77,1103.26,2026-03-03T17:31:44.583642,cancelado,10,True
3610,4155,3901,6,1462.41,355.57,2026-08-13T17:31:44.583642,PENdEnte,4,True
3611,3698,1613,5,1801.02,146.02,2026-04-28T17:31:44.583642,entregue,6,True
3612,1253,1663,8,100.0,150.0,2026-08-27T17:31:44.583642,cancelado,5,True
3613,2218,2026,9,2617.92,293.24,2026-02-10T17:31:44.583642,pago,3,True
3614,2119,3235,6,-81.49,158.72,2025-10-29T17:31:44.583642,pago,2,True
3615,1054,3601,2,1651.94,419.33,2026-08-07T17:31:44.583642,CANCELADO,2,True
3616,1598,99696,9,4518.11,468.86,2026-01-20T17:31:44.583642,pendente,3,True
3617,3800,2475,8,223.16,19.24,2026-09-09T17:31:44.583642,PAGO,3,True
3618,98774,496,3,4207.48,133.67,2025-12-13T17:31:44.583642,entregue,1,True
3619,1003,2287,6,3291.13,163.76,2026-06-25T17:31:44.583642,pendente,3,True
3620,3416,192,5,-106.98,1095.56,2026-06-20T17:31:44.583642,entregue,5,True
3621,3724,606,3,2907.18,727.45,2026-05-17T17:31:44.583642,pendente,1,True
3622,1209,4996,6,-200.8,539.84,2025-12-07T17:31:44.583642,pendente,3,True
3623,1833,3398,8,4138.45,1061.69,2026-04-17T17:31:44.583642,envado,4,True
3624,1876,521,5,2723.03,768.11,2026-05-17T17:31:44.583642,cancelado,4,True
3625,753,1,9,4494.95,945.11,2026-09-02T17:31:44.583642,pendente,6,True
3626,91103,4561,1,279.22,48.53,2026-05-15T17:31:44.583642,entregue,1,True
3627,338,4912,-9,4864.38,632.71,2025-12-10T17:31:44.583642,pendente,1,True
3628,1105,3136,2,2764.41,121.75,2026-08-03T17:31:44.583642,pendente,6,True
3629,1178,3943,4,642.21,135.45,2026-09-19T17:31:44.583642,pago,100,True
3630,1630,2555,-1,3200.58,871.21,2026-01-22T17:31:44.583642,enviado,5,True
3631,2026,566,10,976.15,71.7,2026-07-29T17:31:44.583642,Enviado,5,True
3632,4326,99562,1,416.81,17.24,2026-03-05T17:31:44.583642,enviado,1,True
3633,3609,3556,8,100.0,150.0,2026-09-06T17:31:44.583642,cancelado,3,True
3634,881,1330,3,2799.23,544.29,2027-10-09T17:31:44.744221,cancelado,1,True
3635,2257,4165,4,585.62,21.94,2025-11-09T17:31:44.583642,pendente ,1,True
3636,2385,2339,1,564.86,151.55,2025-10-13T17:31:44.583642,PAGO,5,True
3637,529,732,3,1893.1,316.85,2026-09-04T17:31:44.583642,Enviado,2,True
3638,159,1736,1,3761.61,843.54,2026-03-04T17:31:44.583642,cancelado,5,True
3639,4225,1321,5,3385.53,283.4,2026-09-27T17:31:44.583642,Pago,1,True
3640,933,895,10,465.42,88.92,2025-10-15T17:31:44.583642,ENvIADO,1,True
3641,2550,1660,8,3000.06,60.84,2026-04-24T17:31:44.583642,Pendente,4,True
3642,3590,2543,10,1856.23,114.48,2025-10-09T17:31:44.583642,PENDENTE,5,True
3643,3869,3792,5,100.0,150.0,2025-11-16T17:31:44.583642,entregue,5,True
3644,443,1032,4,1827.17,116.1,2026-09-21T17:31:44.583642,Pago,3,True
3645,4267,3638,8,648.39,163.52,2027-10-09T17:31:44.744312,entregue,2,True
3646,654,228,6,100.0,150.0,2026-08-17T17:31:44.583642,entregue,3,True
3647,4632,2354,4,3360.66,915.77,2026-03-29T17:31:44.583642,entregue,5,True
3648,4392,1907,6,409.37,58.83,2027-10-09T17:31:44.744335,pendente,2,True
3649,95577,424,5,2992.08,535.62,2026-04-02T17:31:44.583642,cancelado,3,True
3650,1520,1567,10,4375.16,973.44,2025-11-08T17:31:44.583642,entregue,6,True
3651,2808,3430,10,1014.77,285.98,2026-07-04T17:31:44.583642,cancelado,,True
3652,96844,658,5,4505.72,1182.24,2026-05-08T17:31:44.583642,pago,1,True
3653,1788,2845,1,4683.1,518.31,2026-06-15T17:31:44.583642,ENVIADO,4,True
3654,3332,555,10,-709.01,335.49,2026-06-11T17:31:44.583642,pago,2,True
3655,353,99799,8,4395.78,682.07,2026-08-29T17:31:44.583642,pago,2,True
3656,4968,4352,6,1670.57,146.41,2026-01-04T17:31:44.583642,Pendente,5,True
3657,3235,3001,-8,3753.53,952.53,2026-06-06T17:31:44.583642,entregue,1,True
3658,150,2604,5,4603.53,1295.87,2026-04-23T17:31:44.583642,enviado,100,True
3659,4682,610,2,100.0,150.0,2026-08-07T17:31:44.583642,pendente,2,True
3660,237,1617,3,100.0,150.0,2026-09-20T17:31:44.583642,pendente,2,True
3661,3709,927,10,100.0,150.0,2026-02-10T17:31:44.583642,pendente,1,True
3662,2599,3741,-2,2862.26,284.41,2025-10-20T17:31:44.583642,entregue,1,True
3663,99812,450,6,140.22,17.29,2025-11-11T17:31:44.583642,enviado,1,True
3664,2331,2506,3,-904.35,2.28,2026-08-12T17:31:44.583642,pendente,1,True
3665,4142,356,7,3488.36,529.26,2026-03-20T17:31:44.583642,pENDEnTE,3,True
3666,4649,2047,3,2578.81,313.07,2025-10-19T17:31:44.583642,cancelado,,True
3667,1431,745,9,4318.37,269.5,2026-04-09T17:31:44.583642,entregue,1,True
3668,4009,1349,5,2607.47,141.33,2025-10-21T17:31:44.583642,pendente,10,True
3669,1258,1243,9,100.0,150.0,2026-01-15T17:31:44.583642,pago,4,True
3670,1799,554,6,557.08,149.24,2026-08-28T17:31:44.583642,etregue,2,True
3671,3617,163,1,100.0,150.0,2025-10-15T17:31:44.583642,cancelado,2,True
3672,333,2588,8,4893.9,1004.13,2026-09-01T17:31:44.583642,cancelado,100,True
3673,1606,3486,10,1038.9,94.34,2025-10-31T17:31:44.583642,pendenTe,3,True
3674,1394,3961,9,100.0,150.0,2025-10-13T17:31:44.583642,pago,1,True
3675,4685,3332,4,3158.89,220.04,2027-10-09T17:31:44.744609,pendente,1,True
3676,3531,92475,9,4880.28,389.05,2025-11-13T17:31:44.583642,pago,1,True
3677,2761,1457,5,4157.3,37.13,2026-05-16T17:31:44.583642,cancelado,5,True
3678,735,1923,-4,1398.19,62.28,2026-06-04T17:31:44.583642,enviado,2,True
3679,94216,186,5,1289.72,270.56,2026-05-11T17:31:44.583642,pago,5,True
3680,2315,4179,10,-70.53,68.24,2026-10-05T17:31:44.583642,cancelado,2,True
3681,4217,2540,-2,3228.85,75.42,2025-10-19T17:31:44.583642,entregue,3,True
3682,398,386,-7,2493.66,368.11,2026-09-01T17:31:44.583642,pago,1,True
3683,95643,788,6,4521.47,776.88,2026-05-05T17:31:44.583642,cancelado,1,True
3684,2347,1473,4,3175.56,820.79,2027-10-09T17:31:44.744678,cancelado,1,True
3685,92122,270,10,1134.91,115.62,2026-05-13T17:31:44.583642,enviado,5,True
3686,95798,336,10,3147.91,450.22,2026-06-01T17:31:44.583642,pendente,4,True
3687,433,683,3,1144.03,109.12,2025-11-17T17:31:44.583642,PaGo,4,True
3688,162,978,9,1419.34,363.19,2026-01-03T17:31:44.583642,paguo,3,True
3689,3662,1551,6,3162.17,720.91,2026-02-03T17:31:44.583642,Cancelado,5,True
3690,402,92868,8,2691.02,342.69,2026-06-14T17:31:44.583642,enviado,1,True
3691,214,98791,1,491.56,71.16,2025-12-07T17:31:44.583642,pendente,3,True
3692,861,3352,5,3235.66,361.37,2027-10-09T17:31:44.744743,pago,2,True
3693,1393,3815,1,100.0,150.0,2025-10-29T17:31:44.583642,enviado,1,True
3694,4443,567,4,2645.98,448.97,2026-07-19T17:31:44.583642,pago,100,True
3695,4014,4363,5,2384.32,548.34,2026-05-28T17:31:44.583642,cancelado,,True
3696,428,4478,3,2627.51,260.82,2026-05-24T17:31:44.583642,pago,10,True
3697,921,736,6,100.0,150.0,2026-01-08T17:31:44.583642,cancelado,5,True
3698,3750,3392,4,194.78,36.29,2026-09-23T17:31:44.583642,ENVIADO,3,True
3699,3878,411,3,3988.74,1014.04,2026-07-08T17:31:44.583642,Entregue,4,True
3700,2394,4401,1,1309.45,364.71,2025-10-10T17:31:44.583642,enviado,100,True
3701,1571,93159,9,976.48,212.25,2026-03-29T17:31:44.583642,pago,5,True
3702,4209,3249,3,4786.43,1322.03,2026-08-11T17:31:44.583642,enviado,10,True
3703,4467,3163,2,3076.61,308.78,2026-02-01T17:31:44.583642,ENTREGUE,5,True
3704,3333,639,9,-390.58,816.78,2026-05-08T17:31:44.583642,pago,1,True
3705,97735,1390,1,3080.02,302.82,2025-10-17T17:31:44.583642,enviado,4,True
3706,1977,95091,10,2353.29,100.21,2026-09-29T17:31:44.583642,pendente,1,True
3707,90252,2148,4,4495.11,528.81,2026-01-24T17:31:44.583642,pago,4,True
3708,946,4972,4,100.0,150.0,2025-11-29T17:31:44.583642,pendente,2,True
3709,2484,3181,6,1349.92,119.13,2026-01-02T17:31:44.583642,etregue,5,True
3710,879,2075,3,3692.27,4.53,2026-01-26T17:31:44.583642,EnVIaDo,3,True
3711,363,2587,4,3725.48,229.84,2025-11-13T17:31:44.583642,enviado,10,True
3712,2915,1813,9,1104.35,295.51,2026-04-09T17:31:44.583642,entregue,2,True
3713,3914,339,3,100.0,150.0,2026-05-20T17:31:44.583642,enviado,4,True
3714,571,1822,8,2411.01,248.36,2027-10-09T17:31:44.744966,entregue,1,True
3715,3664,1760,4,1156.6,255.04,2026-04-01T17:31:44.583642,cancelado,1,True
3716,2777,4837,-10,3819.14,58.39,2026-07-27T17:31:44.583642,entregue,5,True
3717,3092,108,10,3037.38,517.23,2026-02-13T17:31:44.583642,pago0,3,True
3718,481,99656,2,3505.96,48.89,2025-11-28T17:31:44.583642,pendente,4,True
3719,1024,536,8,3598.24,446.43,2026-06-15T17:31:44.583642,ENVIADO,3,True
3720,95225,4926,3,3945.61,176.85,2026-07-13T17:31:44.583642,entregue,1,True
3721,27,1047,7,100.0,150.0,2026-03-16T17:31:44.583642,enviado,3,True
3722,90588,862,3,1326.56,381.39,2026-10-08T17:31:44.583642,pago,1,True
3723,3127,95266,10,2569.1,515.05,2026-09-30T17:31:44.583642,cancelado,4,True
3724,4803,156,5,1831.87,300.77,2026-06-18T17:31:44.583642,entregue,6,True
3725,2737,4506,6,3215.84,909.78,2026-01-12T17:31:44.583642,pedente,3,True
3726,1361,2634,1,1986.94,213.52,2026-07-22T17:31:44.583642,Enviado,5,True
3727,1667,226,-1,2515.88,50.48,2025-11-02T17:31:44.583642,pago,5,True
3728,156,235,9,3732.79,340.95,2026-03-24T17:31:44.583642,pago.,4,True
3729,606,1151,3,-833.09,16.48,2026-08-30T17:31:44.583642,entregue,4,True
3730,494,91353,10,2124.67,295.11,2026-08-17T17:31:44.583642,pago,3,True
3731,984,2666,6,3346.27,167.72,2025-11-17T17:31:44.583642,enviado,2,True
3732,3203,1877,6,2735.41,630.41,2026-07-29T17:31:44.583642,Pago,3,True
3733,4751,939,7,2307.73,582.46,2027-10-09T17:31:44.745113,pago,4,True
3734,1556,1196,5,538.13,28.19,2025-11-21T17:31:44.583642,ENvIADO,4,True
3735,732,4537,7,530.92,72.44,2025-12-28T17:31:44.583642,Entregue,3,True
3736,3849,4068,4,3645.69,214.99,2026-02-26T17:31:44.583642,enviiado,4,True
3737,952,4528,10,3599.22,944.02,2026-05-19T17:31:44.583642,PAGO,5,True
3738,4511,771,5,4731.93,662.74,2026-05-08T17:31:44.583642,entregue,1,True
3739,196,930,9,2588.7,321.06,2026-05-03T17:31:44.583642,enviado ,5,True
3740,1932,4373,10,100.0,150.0,2026-07-01T17:31:44.583642,pendente,1,True
3741,4864,1037,2,4093.56,1138.77,2026-07-23T17:31:44.583642,cancelado,6,True
3742,2047,4102,-10,3843.91,387.89,2026-09-22T17:31:44.583642,cancelado,1,True
3743,1592,95212,3,2193.96,295.73,2026-01-06T17:31:44.583642,entregue,2,True
3744,3104,3132,7,4187.05,260.66,2026-06-17T17:31:44.583642,cAnCELado,3,True
3745,4208,91849,7,1761.67,119.33,2025-12-23T17:31:44.583642,cancelado,2,True
3746,4591,92743,9,4884.51,673.76,2025-12-10T17:31:44.583642,pago,3,True
3747,4084,91324,7,3530.4,1016.76,2026-05-24T17:31:44.583642,pendente,2,True
3748,709,2708,2,871.23,198.81,2026-01-05T17:31:44.583642,cancelado,2,True
3749,1848,3755,7,82.55,7.84,2026-04-18T17:31:44.583642,enviado,6,True
3750,4751,1822,8,3313.61,50.64,2026-09-13T17:31:44.583642,pendente,6,True
3751,4298,1421,8,3928.93,1068.66,2026-07-01T17:31:44.583642,Cancelado,5,True
3752,483,1459,9,2522.62,708.56,2026-04-26T17:31:44.583642,pendente,4,True
3753,1603,29,8,100.0,150.0,2026-06-06T17:31:44.583642,pendente,5,True
3754,2468,3879,6,2480.2,309.87,2026-03-22T17:31:44.583642,pedente,3,True
3755,4186,3972,-8,706.03,35.27,2026-07-17T17:31:44.583642,cancelado,5,True
3756,1914,2108,1,1244.03,361.67,2025-11-24T17:31:44.583642,Pago,4,True
3757,4477,942,5,4280.37,822.84,2027-10-09T17:31:44.745303,cancelado,5,True
3758,3413,2251,1,349.29,28.43,2025-10-28T17:31:44.583642,pago,1,True
3759,93054,2578,3,2314.33,576.87,2026-05-31T17:31:44.583642,cancelado,2,True
3760,313,1769,9,4011.26,1193.84,2026-01-15T17:31:44.583642,etregue,5,True
3761,4966,4591,9,-910.27,155.27,2026-09-17T17:31:44.583642,cancelado,5,True
3762,1460,196,1,3900.11,1033.92,2026-05-13T17:31:44.583642,canceladu,3,True
3763,2193,1154,4,100.0,150.0,2026-09-11T17:31:44.583642,cancelado,2,True
3764,1044,3363,6,1463.85,396.44,2025-12-26T17:31:44.583642,ENTREGUE,5,True
3765,1042,1637,8,552.19,66.78,2026-02-13T17:31:44.583642,pago,1,True
3766,3006,3316,8,4301.99,943.88,2027-10-09T17:31:44.745371,pago,4,True
3767,3691,2860,9,3785.91,60.59,2026-01-27T17:31:44.583642,ENTREGUE,2,True
3768,2483,2886,6,100.0,150.0,2026-05-20T17:31:44.583642,entregue,5,True
3769,4432,3143,-6,1338.59,343.11,2026-09-30T17:31:44.583642,pendente,4,True
3770,1640,3415,5,2484.21,74.51,2026-06-18T17:31:44.583642,enviado,5,True
3771,1374,2858,2,612.2,128.21,2026-06-16T17:31:44.583642,Entregue,4,True
3772,312,525,9,2566.28,675.77,2027-10-09T17:31:44.745420,pago,5,True
3773,602,4086,7,-127.27,412.86,2025-12-23T17:31:44.583642,pendente,3,True
3774,4672,1488,7,766.73,217.8,2025-10-24T17:31:44.583642,Cancelado,4,True
3775,1211,1041,1,4025.12,783.21,2027-10-09T17:31:44.745453,pendente,1,True
3776,1011,2200,-3,3293.45,653.86,2026-05-02T17:31:44.583642,pendente,4,True
3777,4092,2927,9,490.82,135.26,2026-08-27T17:31:44.583642,paguo,3,True
3778,4811,3818,6,100.0,150.0,2026-04-05T17:31:44.583642,enviado,2,True
3779,126,1589,8,100.0,150.0,2026-04-25T17:31:44.583642,entregue,4,True
3780,3992,400,1,100.0,150.0,2026-06-26T17:31:44.583642,entregue,3,True
3781,1622,820,-5,2592.41,229.6,2026-03-28T17:31:44.583642,entregue,2,True
3782,1573,1126,9,3905.59,107.75,2026-08-23T17:31:44.583642,ENVIADO,5,True
3783,3520,2398,8,-917.5,26.66,2026-01-05T17:31:44.583642,entregue,2,True
3784,141,2419,3,3509.72,394.26,2026-04-04T17:31:44.583642,cancelado,-1,True
3785,2188,1569,2,100.0,150.0,2026-07-31T17:31:44.583642,pago,5,True
3786,1957,346,1,1188.37,189.37,2026-05-12T17:31:44.583642,PaGO,5,True
3787,1065,96676,1,3256.87,732.17,2026-02-14T17:31:44.583642,entregue,2,True
3788,1340,2900,5,-665.87,8.09,2026-03-05T17:31:44.583642,pendente,5,True
3789,4714,2039,9,2516.81,224.03,2026-02-06T17:31:44.583642,entregu,5,True
3790,4424,3773,2,-342.4,605.24,2026-07-27T17:31:44.583642,pendente,4,True
3791,1012,715,1,4370.07,899.88,2026-02-13T17:31:44.583642,peNdEntE,5,True
3792,95,498,8,714.41,38.78,2026-08-29T17:31:44.583642,CANCELADO,5,True
3793,98472,3089,3,4934.3,1080.65,2026-05-24T17:31:44.583642,pago,5,True
3794,5,1796,5,100.0,150.0,2026-06-28T17:31:44.583642,cancelado,3,True
3795,3590,3310,8,4105.64,481.92,2026-09-11T17:31:44.583642,PENDENte,4,True
3796,4125,99259,8,569.94,41.78,2026-10-05T17:31:44.583642,pendente,3,True
3797,4923,1054,-4,2400.94,479.47,2026-01-01T17:31:44.583642,entregue,2,True
3798,93493,3563,3,1584.51,75.75,2026-04-25T17:31:44.583642,enviado,3,True
3799,57,4428,3,-539.97,646.13,2026-02-06T17:31:44.583642,entregue,4,True
3800,1427,3372,7,1469.54,269.14,2026-01-21T17:31:44.583642,pendente ,2,True
3801,684,4035,3,1475.54,253.77,2026-04-13T17:31:44.583642,pendente ,4,True
3802,96692,3965,5,3931.05,880.87,2026-07-06T17:31:44.583642,entregue,2,True
3803,214,2564,4,100.0,150.0,2026-05-10T17:31:44.583642,enviado,2,True
3804,2702,96086,1,2568.19,97.54,2026-05-30T17:31:44.583642,pendente,3,True
3805,99650,387,9,1060.86,279.3,2026-08-19T17:31:44.583642,entregue,5,True
3806,3837,259,9,1439.44,256.89,2026-06-23T17:31:44.583642,PENDENTE,4,True
3807,891,99216,4,627.76,154.38,2026-03-28T17:31:44.583642,cancelado,3,True
3808,479,725,6,100.0,150.0,2025-11-04T17:31:44.583642,enviado,1,True
3809,607,92027,9,2767.23,317.28,2026-04-04T17:31:44.583642,pendente,3,True
3810,4493,4281,10,2048.07,251.86,2026-10-02T17:31:44.583642,cancelado,5,True
3811,2152,1666,3,4737.38,253.42,2026-06-14T17:31:44.583642,CaNcELaDO,1,True
3812,4528,3237,1,743.41,86.42,2026-09-03T17:31:44.583642,enviado,4,True
3813,567,1935,4,1879.0,466.05,2026-05-03T17:31:44.583642,entregue,4,True
3814,4418,971,5,1558.96,441.07,2026-01-30T17:31:44.583642,ENTREGUE,5,True
3815,287,3521,9,472.28,34.49,2026-04-16T17:31:44.583642,envado,3,True
3816,95238,3163,2,2408.85,601.4,2025-12-25T17:31:44.583642,enviado,2,True
3817,3706,677,2,3435.98,671.95,2026-04-24T17:31:44.583642,cancelado,1,True
3818,256,4539,3,2234.61,522.86,2026-05-05T17:31:44.583642,pagO,2,True
3819,2029,3248,9,4442.35,122.79,2027-10-09T17:31:44.745799,cancelado,4,True
3820,1171,1373,8,489.04,10.14,2025-12-23T17:31:44.583642,CANCELADO,2,True
3821,3524,3441,1,4176.57,518.2,2026-02-02T17:31:44.583642,cancelado,-1,True
3822,1001,1624,10,3375.68,78.1,2026-08-31T17:31:44.583642,CANCELADO,3,True
3823,388,3506,3,3790.87,550.27,2026-04-09T17:31:44.583642,PAGO,1,True
3824,3952,4987,-7,1281.2,21.81,2026-08-20T17:31:44.583642,pago,4,True
3825,3909,608,2,1269.05,48.88,2026-07-04T17:31:44.583642,pendente,3,True
3826,2736,3681,8,3512.27,453.69,2025-12-28T17:31:44.583642,pedente,3,True
3827,92429,4187,4,1636.82,404.32,2026-06-19T17:31:44.583642,enviado,4,True
3828,4192,1614,6,1338.96,377.01,2026-09-10T17:31:44.583642,CANCELADO,3,True
3829,1309,1651,7,4884.49,1380.63,2026-09-05T17:31:44.583642,entregu,1,True
3830,4057,2265,1,1008.3,243.53,2026-03-23T17:31:44.583642,pendente,4,True
3831,3920,4107,8,2947.76,520.9,2025-11-18T17:31:44.583642,pago0,5,True
3832,945,4088,2,1710.2,282.19,2027-10-09T17:31:44.745900,enviado,1,True
3833,3825,649,6,1803.87,271.29,2026-06-04T17:31:44.583642,CANCEladO,2,True
3834,3529,2733,6,-780.43,308.36,2026-07-17T17:31:44.583642,pago,5,True
3835,875,94112,10,1224.88,26.46,2026-01-20T17:31:44.583642,entregue,5,True
3836,492,2922,-9,4298.1,882.07,2026-04-23T17:31:44.583642,cancelado,1,True
3837,1904,4416,10,139.46,21.61,2025-12-28T17:31:44.583642,pago,-1,True
3838,98837,861,9,3331.46,777.21,2026-08-26T17:31:44.583642,cancelado,3,True
3839,2518,3228,-2,1816.55,201.91,2026-03-27T17:31:44.583642,pago,2,True
3840,2517,92240,1,1864.01,145.12,2026-04-29T17:31:44.583642,enviado,1,True
3841,308,768,-9,2446.18,145.66,2025-10-22T17:31:44.583642,pago,2,True
3842,3291,1952,9,100.0,150.0,2026-07-17T17:31:44.583642,pendente,4,True
3843,2586,625,2,2072.96,76.07,2025-12-19T17:31:44.583642,pendnete,5,True
3844,4528,2484,7,1085.07,245.63,2026-03-16T17:31:44.583642,Pago,1,True
3845,580,3138,1,2139.21,99.36,2026-06-23T17:31:44.583642,pendEnTE,5,True
3846,3916,227,2,4142.27,240.4,2026-03-29T17:31:44.583642,Pago,4,True
3847,1899,2049,3,4205.67,1097.75,2026-09-23T17:31:44.583642,entregue,1,True
3848,2857,4300,7,1414.73,150.06,2026-05-10T17:31:44.583642,entrege,3,True
3849,1632,513,2,516.74,8.47,2025-11-22T17:31:44.583642,ENTREGUE,5,True
3850,95069,2588,9,3315.53,70.41,2026-08-20T17:31:44.583642,enviado,3,True
3851,2777,2202,8,4754.93,523.13,2026-06-01T17:31:44.583642,pEnDeNte,5,True
3852,521,455,2,891.5,247.58,2026-07-10T17:31:44.583642,Entregue,4,True
3853,405,4996,5,-916.34,4.46,2025-12-29T17:31:44.583642,enviado,4,True
3854,4441,2390,7,4598.63,492.65,2026-04-09T17:31:44.583642,pago,-1,True
3855,3208,1293,10,4619.99,1083.57,2026-05-10T17:31:44.583642,pago0,3,True
3856,3997,1409,6,2986.93,760.97,2027-10-09T17:31:44.746088,entregue,1,True
3857,2146,99548,10,2765.34,321.71,2026-10-02T17:31:44.583642,entregue,1,True
3858,3807,2034,3,2028.43,144.93,2025-11-15T17:31:44.583642,envado,4,True
3859,94804,4569,2,2443.3,584.67,2026-01-25T17:31:44.583642,entregue,1,True
3860,1539,4723,7,3450.31,862.7,2026-09-21T17:31:44.583642,Pendente,3,True
3861,3191,3830,9,2002.22,242.77,2027-10-09T17:31:44.746126,cancelado,5,True
3862,92269,2047,6,2361.75,234.14,2026-07-04T17:31:44.583642,pago,3,True
3863,412,731,7,79.61,17.08,2025-12-19T17:31:44.583642,PAGO,4,True
3864,3525,1894,8,4616.02,242.81,2026-02-05T17:31:44.583642,pendente,1,True
3865,17,286,4,-227.07,430.22,2025-12-23T17:31:44.583642,pago,5,True
3866,3240,3009,4,49.71,14.17,2025-12-16T17:31:44.583642,entregue,5,True
3867,3470,96572,8,4423.31,765.83,2025-11-03T17:31:44.583642,entregue,1,True
3868,4837,2187,2,4610.08,642.79,2026-01-03T17:31:44.583642,pAGo,1,True
3869,736,4177,5,3944.93,80.8,2026-08-31T17:31:44.583642,entregue,3,True
3870,952,2653,8,100.0,150.0,2026-10-01T17:31:44.583642,pago,2,True
3871,364,1648,7,3078.95,92.04,2025-12-06T17:31:44.583642,cANcelaDo,2,True
3872,2032,4365,10,100.0,150.0,2026-04-08T17:31:44.583642,cancelado,5,True
3873,4451,2520,10,1289.09,313.08,2026-04-09T17:31:44.583642,pendnete,2,True
3874,2753,719,1,949.35,166.04,2025-10-11T17:31:44.583642,ENTREGUE,1,True
3875,2891,93745,10,177.02,23.03,2026-04-01T17:31:44.583642,cancelado,3,True
3876,3465,2560,6,2817.34,632.66,2026-03-08T17:31:44.583642,cancelado,1,True
3877,4852,2407,2,-792.52,202.15,2026-03-25T17:31:44.583642,cancelado,3,True
3878,1234,4,3,3681.66,576.32,2025-11-03T17:31:44.583642,PendenTe,2,True
3879,1277,2096,4,2494.47,348.61,2026-05-07T17:31:44.583642,enviado,2,True
3880,1651,275,9,2776.35,331.44,2026-09-30T17:31:44.583642,Pago,3,True
3881,1178,3340,9,147.93,31.77,2026-08-16T17:31:44.583642,cancelado,100,True
3882,99100,4796,2,4667.68,809.72,2026-03-17T17:31:44.583642,cancelado,2,True
3883,3847,3122,1,-601.63,243.3,2026-07-30T17:31:44.583642,pendente,3,True
3884,96833,812,3,2281.41,98.06,2026-07-11T17:31:44.583642,pago,5,True
3885,38,2,2,-547.83,72.49,2025-10-16T17:31:44.583642,enviado,5,True
3886,780,2218,2,2027.73,351.79,2026-09-03T17:31:44.583642,enviado ,2,True
3887,3378,3725,7,3812.19,878.96,2027-10-09T17:31:44.746347,pendente,1,True
3888,2259,1566,3,37.52,6.73,2026-05-09T17:31:44.583642,ENTrEGUE,1,True
3889,4526,2136,8,1556.96,211.85,2026-04-19T17:31:44.583642,EntregUE,4,True
3890,4305,94942,3,3932.23,284.58,2026-01-21T17:31:44.583642,entregue,5,True
3891,2340,698,1,2282.61,305.16,2026-09-12T17:31:44.583642,Enviado,5,True
3892,265,4392,8,3467.64,847.26,2025-11-05T17:31:44.583642,PAgo,1,True
3893,92909,4188,1,664.89,151.56,2025-11-27T17:31:44.583642,pago,1,True
3894,3606,91158,5,3603.48,390.42,2026-07-08T17:31:44.583642,pendente,2,True
3895,2482,93775,5,1548.76,335.75,2026-05-02T17:31:44.583642,enviado,3,True
3896,4386,227,4,2180.16,89.15,2026-05-29T17:31:44.583642,entregue,5,True
3897,1278,4789,9,1972.38,447.85,2026-09-30T17:31:44.583642,enviado ,3,True
3898,405,4079,9,1108.4,17.64,2027-10-09T17:31:44.746457,entregue,1,True
3899,1674,303,-1,3652.31,892.98,2026-06-07T17:31:44.583642,pendente,5,True
3900,516,93215,4,4810.38,1113.27,2026-09-12T17:31:44.583642,cancelado,2,True
3901,4761,2480,7,2311.74,200.79,2026-07-15T17:31:44.583642,ENVIADO,3,True
3902,2061,986,7,1606.02,163.27,2026-09-05T17:31:44.583642,cancelado,5,True
3903,346,189,7,1835.69,322.63,2025-12-04T17:31:44.583642,cancelado,4,True
3904,4143,2616,1,947.75,184.58,2026-02-05T17:31:44.583642,CANCELAdo,4,True
3905,4900,4327,2,-648.3,0.68,2026-01-04T17:31:44.583642,cancelado,1,True
3906,2235,355,2,3574.94,218.83,2026-08-03T17:31:44.583642,entregue,10,True
3907,62,1330,5,3291.07,546.95,2026-09-16T17:31:44.583642,enviado,10,True
3908,318,2100,7,3875.14,685.3,2026-09-13T17:31:44.583642,Enviado,4,True
3909,4038,517,8,-993.76,39.35,2026-03-07T17:31:44.583642,pendente,2,True
3910,4318,4919,10,3841.41,46.64,2026-03-28T17:31:44.583642,PEnDENTe,4,True
3911,992,1566,4,483.21,22.4,2026-02-19T17:31:44.583642,ENVIADO,5,True
3912,3750,3672,1,3746.53,675.93,2026-01-29T17:31:44.583642,entregue,10,True
3913,90048,2559,6,4956.3,22.15,2026-07-07T17:31:44.583642,entregue,1,True
3914,2383,3621,-8,2515.99,699.32,2026-06-11T17:31:44.583642,cancelado,3,True
3915,2933,1178,-5,534.53,54.63,2026-04-07T17:31:44.583642,cancelado,2,True
3916,2624,3574,2,439.29,125.32,2027-10-09T17:31:44.746672,pendente,3,True
3917,3543,1871,2,4754.34,47.76,2026-02-07T17:31:44.583642,Cancelado,5,True
3918,4478,1711,6,1959.13,106.01,2026-03-01T17:31:44.583642,pendente,3,True
3919,99637,1042,4,4222.78,251.21,2026-05-02T17:31:44.583642,enviado,1,True
3920,1668,4052,-2,2481.94,35.55,2026-06-15T17:31:44.583642,pendente,2,True
3921,3448,3812,1,3852.88,64.72,2026-08-26T17:31:44.583642,cAnCelaDo,5,True
3922,4277,2308,8,205.98,41.64,2026-09-03T17:31:44.583642,ENTReguE,3,True
3923,3559,2652,-8,689.01,24.31,2026-08-18T17:31:44.583642,pendente,4,True
3924,3105,1786,-8,1282.33,193.55,2025-12-30T17:31:44.583642,enviado,4,True
3925,2805,2708,7,100.0,150.0,2026-05-29T17:31:44.583642,enviado,1,True
3926,3652,2773,8,-691.98,96.94,2026-09-19T17:31:44.583642,cancelado,1,True
3927,2958,4362,5,1187.38,124.26,2026-01-06T17:31:44.583642,pendente,1,True
3928,1618,2377,9,100.0,150.0,2026-03-14T17:31:44.583642,cancelado,4,True
3929,1436,1399,5,-147.93,1299.18,2025-10-16T17:31:44.583642,pendente,4,True
3930,3296,3230,10,100.0,150.0,2026-06-12T17:31:44.583642,entregue,1,True
3931,1675,4796,4,100.0,150.0,2025-12-29T17:31:44.583642,entregue,4,True
3932,4384,91572,8,408.28,70.06,2026-07-24T17:31:44.583642,pendente,4,True
3933,720,1278,6,1315.25,368.06,2026-07-29T17:31:44.583642,PAGO,4,True
3934,2791,1927,7,2484.62,78.22,2026-01-19T17:31:44.583642,pago,1,True
3935,2661,1010,1,-73.1,9.96,2025-12-26T17:31:44.583642,pago,2,True
3936,1378,2199,2,922.77,23.34,2025-11-15T17:31:44.583642,enviado ,2,True
3937,4269,1306,10,1181.75,146.78,2025-10-29T17:31:44.583642,enviado,6,True
3938,90383,2942,4,506.66,49.01,2026-02-06T17:31:44.583642,enviado,4,True
3939,4624,90732,5,1044.53,96.28,2026-09-05T17:31:44.583642,entregue,4,True
3940,2175,458,4,1544.53,423.18,2026-01-30T17:31:44.583642,PAGO,5,True
3941,699,97508,10,2121.56,453.43,2026-09-09T17:31:44.583642,enviado,4,True
3942,42,1018,2,-865.9,10.68,2026-07-03T17:31:44.583642,cancelado,1,True
3943,2293,4007,2,2038.05,236.63,2026-03-15T17:31:44.583642,ENTREGUE,2,True
3944,93985,1680,3,1163.11,89.14,2025-11-04T17:31:44.583642,entregue,4,True
3945,2780,747,2,3208.6,584.16,2025-12-13T17:31:44.583642,enviado,,True
3946,3010,99046,8,4712.82,267.33,2026-03-07T17:31:44.583642,enviado,3,True
3947,1926,2192,-5,3648.23,620.3,2025-12-06T17:31:44.583642,enviado,3,True
3948,3644,2860,8,4261.87,369.27,2027-10-09T17:31:44.746926,pendente,4,True
3949,3692,1345,10,551.18,135.22,2026-03-19T17:31:44.583642,PENDENTE,4,True
3950,1579,1640,1,1310.86,203.07,2026-02-10T17:31:44.583642,Enviado,4,True
3951,385,419,6,3727.99,704.07,2027-10-09T17:31:44.746953,entregue,5,True
3952,4488,3398,8,2605.6,513.36,2026-09-01T17:31:44.583642,PENDENTE,4,True
3953,1226,3824,10,100.0,150.0,2026-07-01T17:31:44.583642,entregue,1,True
3954,4368,2278,1,3825.49,432.77,2025-12-30T17:31:44.583642,PAGO,5,True
3955,3961,4302,3,216.14,12.69,2025-12-29T17:31:44.583642,PAGO,2,True
3956,1789,3743,3,4279.23,875.32,2027-10-09T17:31:44.746992,cancelado,3,True
3957,2223,1006,3,100.0,150.0,2026-02-01T17:31:44.583642,cancelado,5,True
3958,3350,3902,2,2141.22,98.83,2026-02-28T17:31:44.583642,entregUe,2,True
3959,91313,735,4,577.45,78.73,2026-04-05T17:31:44.583642,pendente,1,True
3960,711,92539,3,3750.48,863.06,2026-07-15T17:31:44.583642,enviado,4,True
3961,2675,3709,10,1178.31,200.23,2026-04-01T17:31:44.583642,Enviado,2,True
3962,301,91862,9,566.96,83.85,2026-06-26T17:31:44.583642,cancelado,5,True
3963,94719,791,8,4431.1,244.27,2026-09-17T17:31:44.583642,enviado,1,True
3964,2949,670,4,-278.56,587.65,2025-12-12T17:31:44.583642,entregue,2,True
3965,1254,95955,7,3151.24,309.6,2026-09-19T17:31:44.583642,pendente,1,True
3966,97543,3780,4,3053.26,750.97,2025-11-11T17:31:44.583642,pago,2,True
3967,1422,3358,2,439.34,23.14,2026-08-22T17:31:44.583642,entregue,-1,True
3968,96047,955,8,3720.75,568.91,2025-10-14T17:31:44.583642,pago,4,True
3969,2357,1108,6,4059.43,181.04,2027-10-09T17:31:44.747098,pendente,2,True
3970,3227,641,8,3731.59,143.81,2027-10-09T17:31:44.747107,entregue,3,True
3971,892,2879,10,1976.75,479.14,2025-12-25T17:31:44.583642,pendente,-1,True
3972,3836,3912,2,3759.03,786.35,2027-10-09T17:31:44.747123,pendente,5,True
3973,4247,91195,6,3292.08,333.66,2026-02-28T17:31:44.583642,pago,5,True
3974,4268,4249,1,697.21,53.03,2026-01-19T17:31:44.583642,enviado ,3,True
3975,369,3820,4,2499.0,480.89,2026-05-04T17:31:44.583642,PAGO,3,True
3976,3328,250,6,3853.89,388.46,2026-06-13T17:31:44.583642,CANCELADO,4,True
3977,2935,548,9,4982.39,749.16,2026-05-21T17:31:44.583642,PAGO,3,True
3978,4220,4741,9,3700.82,284.24,2027-10-09T17:31:44.747171,pendente,5,True
3979,3865,500,4,100.0,150.0,2025-12-22T17:31:44.583642,entregue,4,True
3980,2062,4768,2,299.86,52.39,2027-10-09T17:31:44.747187,cancelado,3,True
3981,2888,1405,8,3485.13,725.27,2026-01-05T17:31:44.583642,Pendente,1,True
3982,3535,1083,9,240.82,69.81,2026-03-21T17:31:44.583642,eNvIAdO,5,True
3983,2882,2215,7,101.49,25.99,2027-10-09T17:31:44.747213,enviado,2,True
3984,4832,4917,6,697.09,161.61,2026-01-01T17:31:44.583642,ENVIADO,3,True
3985,1238,273,9,-126.82,745.08,2026-10-01T17:31:44.583642,pendente,4,True
3986,94794,3897,2,1766.6,483.3,2026-02-26T17:31:44.583642,pago,2,True
3987,1002,399,-4,4107.39,923.2,2026-05-19T17:31:44.583642,pago,4,True
3988,4963,715,5,802.31,218.27,2026-08-27T17:31:44.583642,pago,4,True
3989,61,94043,10,3450.56,650.12,2026-01-07T17:31:44.583642,enviado,1,True
3990,408,2835,9,4454.57,506.84,2027-10-09T17:31:44.747270,cancelado,2,True
3991,3629,3915,7,4621.26,1036.35,2026-01-09T17:31:44.583642,CANCelADo,5,True
3992,163,3739,4,2545.67,72.76,2026-04-13T17:31:44.583642,pendente,4,True
3993,3004,438,2,-0.15,880.5,2026-08-12T17:31:44.583642,entregue,5,True
3994,1415,4384,-9,4587.18,332.1,2026-05-03T17:31:44.583642,enviado,1,True
3995,494,4162,6,294.56,28.95,2027-10-09T17:31:44.747315,cancelado,1,True
3996,99523,4582,10,3112.82,608.49,2025-12-14T17:31:44.583642,pago,5,True
3997,97038,561,7,3315.61,644.27,2026-02-24T17:31:44.583642,entregue,2,True
3998,2350,4797,5,2956.57,285.08,2026-07-18T17:31:44.583642,PENDENTE,4,True
3999,65,4188,8,2312.24,61.16,2026-05-22T17:31:44.583642,cancelado ,3,True
4000,2190,4758,5,4548.3,1283.78,2026-09-07T17:31:44.583642,Cancelado,4,True
4001,4575,973,5,-939.45,81.77,2026-01-14T17:31:44.583642,pendente,4,True
4002,90356,3283,6,3700.31,421.95,2026-04-27T17:31:44.583642,pendente,3,True
4003,3385,2097,-4,4116.11,124.76,2026-04-23T17:31:44.583642,entregue,5,True
4004,385,3656,5,4406.78,1196.04,2026-06-23T17:31:44.583642,CAncELaDO,2,True
4005,820,782,4,3562.06,831.81,2025-12-02T17:31:44.583642,eNtRegUe,5,True
4006,4733,604,2,418.33,121.93,2026-03-20T17:31:44.583642,CANCELADO,4,True
4007,334,95782,2,402.14,85.58,2026-06-14T17:31:44.583642,pendente,4,True
4008,2845,3519,-2,2082.14,176.21,2026-01-23T17:31:44.583642,enviado,3,True
4009,1817,4579,3,977.21,39.51,2026-04-19T17:31:44.583642,PENDENTE,1,True
4010,448,1510,1,351.85,14.08,2026-06-23T17:31:44.583642,cancelado,10,True
4011,3783,2187,2,4158.62,946.45,2026-05-10T17:31:44.583642,Entregue,4,True
4012,2023,2441,10,1926.66,233.6,2027-10-09T17:31:44.747457,pendente,1,True
4013,1709,91823,10,2223.39,481.19,2025-12-11T17:31:44.583642,cancelado,4,True
4014,961,2598,7,1814.03,381.49,2026-01-14T17:31:44.583642,PAGO,4,True
4015,92059,3576,8,2119.62,266.26,2026-04-22T17:31:44.583642,enviado,5,True
4016,1370,4230,3,2499.69,304.66,2026-05-23T17:31:44.583642,entregue,5,True
4017,875,2772,8,2454.33,458.94,2026-03-02T17:31:44.583642,Pendente,3,True
4018,3739,4639,8,1726.07,185.03,2025-11-28T17:31:44.583642,Entregue,2,True
4019,145,4616,5,3051.5,271.05,2026-03-28T17:31:44.583642,entregue ,5,True
4020,1699,1088,1,2683.22,145.83,2026-10-03T17:31:44.583642,Pago,5,True
4021,96675,322,5,146.87,1.95,2026-05-19T17:31:44.583642,cancelado,3,True
4022,1584,4707,10,-754.29,463.81,2025-10-26T17:31:44.583642,pago,3,True
4023,248,4168,8,855.94,251.2,2025-11-27T17:31:44.583642,paguo,2,True
4024,1031,1656,6,4387.12,1168.18,2025-11-26T17:31:44.583642,pago ,2,True
4025,740,3306,3,3721.0,528.0,2027-10-09T17:31:44.747557,cancelado,4,True
4026,2624,1627,2,2912.29,728.02,2025-10-23T17:31:44.583642,pago,,True
4027,3900,1588,3,100.0,150.0,2025-11-27T17:31:44.583642,cancelado,2,True
4028,3659,3798,1,100.0,150.0,2026-03-03T17:31:44.583642,enviado,5,True
4029,2118,1564,2,100.0,150.0,2026-08-30T17:31:44.583642,entregue,3,True
4030,1391,2635,3,1888.15,403.11,2026-07-01T17:31:44.583642,pendente,2,True
4031,4188,3638,-6,2147.66,100.64,2026-07-22T17:31:44.583642,enviado,1,True
4032,518,477,3,606.11,145.43,2026-04-28T17:31:44.583642,EnTrEgue,3,True
4033,1564,92734,4,3580.1,330.33,2026-10-07T17:31:44.583642,pago,2,True
4034,857,850,2,1097.47,180.19,2026-09-22T17:31:44.583642,Pendente,2,True
4035,2118,2978,-4,727.68,204.87,2026-01-06T17:31:44.583642,pago,2,True
4036,3917,93511,8,2382.67,287.69,2026-06-28T17:31:44.583642,entregue,2,True
4037,4611,899,2,1355.43,196.5,2026-07-22T17:31:44.583642,ENTREGUE,1,True
4038,102,604,8,3997.45,974.16,2026-03-21T17:31:44.583642,entregu,3,True
4039,4224,305,8,2251.17,445.32,2026-03-06T17:31:44.583642,pendente,100,True
4040,961,94353,2,3562.27,236.1,2026-02-27T17:31:44.583642,enviado,4,True
4041,1269,1457,2,4541.24,1225.39,2026-04-19T17:31:44.583642,enviadio,1,True
4042,1115,416,6,2574.95,460.04,2027-10-09T17:31:44.747689,enviado,5,True
4043,1889,99623,8,4707.71,917.37,2026-02-07T17:31:44.583642,pago,2,True
4044,3699,645,9,3802.07,1085.19,2026-09-04T17:31:44.583642,ENTREGUE,3,True
4045,4063,2931,8,2108.65,222.46,2026-08-03T17:31:44.583642,cancelado,10,True
4046,3539,562,4,4257.16,1034.9,2027-10-09T17:31:44.747722,cancelado,1,True
4047,1066,4431,1,4456.16,25.07,2025-12-11T17:31:44.583642,cancelado,1,True
4048,1405,3870,4,-562.33,182.76,2026-05-31T17:31:44.583642,pendente,1,True
4049,94367,3611,9,1445.21,219.27,2025-12-26T17:31:44.583642,cancelado,3,True
4050,2818,96878,5,4021.94,853.11,2026-05-14T17:31:44.583642,entregue,5,True
4051,423,1476,10,2475.0,249.78,2027-10-09T17:31:44.747762,pago,2,True
4052,1066,2969,3,2518.72,162.83,2026-01-14T17:31:44.583642,cancelado,5,True
4053,1075,2160,7,436.73,101.96,2026-01-16T17:31:44.583642,pago,,True
4054,3680,764,5,3826.37,1073.85,2026-07-27T17:31:44.583642,PAGO,2,True
4055,95804,3589,1,964.37,130.09,2025-12-27T17:31:44.583642,pago,1,True
4056,308,2289,2,148.29,26.21,2025-12-07T17:31:44.583642,Pago,2,True
4057,2253,704,9,2276.78,560.22,2026-07-23T17:31:44.583642,canceldo,4,True
4058,97478,2348,1,1785.5,345.09,2026-08-05T17:31:44.583642,pendente,4,True
4059,4689,4597,2,4523.2,224.51,2026-01-05T17:31:44.583642,enviado,6,True
4060,961,1104,7,-709.49,209.41,2026-09-12T17:31:44.583642,enviado,5,True
4061,1487,4256,6,194.22,27.91,2026-01-07T17:31:44.583642,PaGO,2,True
4062,2707,3303,1,3700.28,178.23,2026-04-23T17:31:44.583642,cancelado,,True
4063,4391,97534,3,196.69,19.2,2026-04-24T17:31:44.583642,pago,1,True
4064,2250,4232,10,140.5,23.99,2026-06-16T17:31:44.583642,envIAdo,3,True
4065,3601,2524,6,1499.56,108.77,2026-01-05T17:31:44.583642,enviado,2,True
4066,2216,1961,5,1324.68,73.83,2026-01-11T17:31:44.583642,CANCELADO,2,True
4067,2504,95274,1,2521.64,639.06,2026-08-20T17:31:44.583642,pago,2,True
4068,3471,729,8,3410.8,803.39,2026-09-03T17:31:44.583642,pendnete,2,True
4069,3123,15,4,626.32,152.49,2026-03-20T17:31:44.583642,cancelado,,True
4070,3969,2487,7,3084.41,13.81,2026-09-08T17:31:44.583642,envado,2,True
4071,2087,3654,6,1622.11,295.23,2025-11-21T17:31:44.583642,Pago,4,True
4072,770,906,5,439.29,73.18,2026-09-01T17:31:44.583642,pndente,1,True
4073,1166,2096,5,4345.04,418.52,2026-04-06T17:31:44.583642,Cancelado,2,True
4074,889,3297,3,1031.34,57.48,2026-02-07T17:31:44.583642,enviado ,2,True
4075,2688,119,-8,2259.1,95.67,2026-07-21T17:31:44.583642,cancelado,5,True
4076,4668,2330,5,4600.94,911.16,2027-10-09T17:31:44.747958,pendente,3,True
4077,532,2596,2,2354.07,8.45,2026-02-07T17:31:44.583642,entregue,5,True
4078,2550,3113,10,3408.65,156.23,2025-12-01T17:31:44.583642,Cancelado,3,True
4079,1242,3659,4,4485.93,1094.4,2026-09-08T17:31:44.583642,pendente,5,True
4080,4230,697,5,100.0,150.0,2026-03-18T17:31:44.583642,entregue,3,True
4081,2669,709,6,3638.6,8.77,2027-10-09T17:31:44.748002,pago,4,True
4082,3130,1875,1,2028.14,77.8,2026-07-01T17:31:44.583642,entregue ,4,True
4083,2672,3069,5,100.0,150.0,2026-01-27T17:31:44.583642,enviado,5,True
4084,2898,2960,4,2374.93,685.92,2026-05-15T17:31:44.583642,etregue,3,True
4085,4853,4889,3,-171.31,460.45,2026-01-04T17:31:44.583642,pendente,2,True
4086,91271,793,5,4089.78,487.53,2026-07-05T17:31:44.583642,pago,3,True
4087,2384,2629,7,1292.05,29.3,2026-02-19T17:31:44.583642,enviado,2,True
4088,4961,4838,8,1475.91,431.9,2026-08-29T17:31:44.583642,PagO,5,True
4089,1324,3287,7,1804.01,466.98,2027-10-09T17:31:44.748067,pago,5,True
4090,191,1349,10,4667.45,1126.77,2026-08-21T17:31:44.583642,PENDENTE,4,True
4091,364,4328,-3,4577.28,659.19,2025-12-17T17:31:44.583642,cancelado,1,True
4092,3853,3028,3,-247.76,438.82,2026-03-30T17:31:44.583642,pago,2,True
4093,4632,751,1,-301.42,416.82,2026-07-22T17:31:44.583642,cancelado,2,True
4094,800,4418,3,341.16,46.03,2026-03-07T17:31:44.583642,pago,-1,True
4095,4013,3400,5,2931.99,398.83,2027-10-09T17:31:44.748114,enviado,1,True
4096,4833,99875,2,3341.98,974.91,2026-03-28T17:31:44.583642,pendente,4,True
4097,4158,1322,3,4879.54,436.46,2026-04-14T17:31:44.583642,CANCELADO,5,True
4098,2503,1479,6,2557.73,608.77,2026-07-24T17:31:44.583642,pendente,4,True
4099,2816,929,4,3139.29,715.83,2025-11-12T17:31:44.583642,cancelado,5,True
4100,4691,292,3,-84.53,133.37,2026-06-11T17:31:44.583642,cancelado,3,True
4101,95560,2003,2,4488.35,940.08,2026-02-10T17:31:44.583642,enviado,2,True
4102,3677,4011,-6,804.29,238.71,2026-01-17T17:31:44.583642,pendente,4,True
4103,2555,3186,3,2899.58,786.66,2026-04-22T17:31:44.583642,PAGO,1,True
4104,1978,699,3,3134.37,675.49,2026-04-24T17:31:44.583642,Entregue,5,True
4105,4683,290,3,2948.12,384.28,2026-07-22T17:31:44.583642,EntREGUe,5,True
4106,2236,2301,7,100.0,150.0,2025-10-16T17:31:44.583642,cancelado,3,True
4107,1070,513,2,4413.19,849.24,2027-10-09T17:31:44.748210,pendente,2,True
4108,3434,3438,8,-821.14,199.5,2026-04-25T17:31:44.583642,pago,1,True
4109,2072,4637,6,100.0,150.0,2026-09-25T17:31:44.583642,enviado,2,True
4110,3660,4777,6,2586.16,49.15,2026-02-12T17:31:44.583642,CANCELADO,1,True
4111,2966,572,8,1960.94,418.72,2025-12-09T17:31:44.583642,ENVIADO,4,True
4112,96313,2288,10,531.83,145.0,2026-09-22T17:31:44.583642,enviado,2,True
4113,2999,3040,5,501.0,149.11,2026-09-20T17:31:44.583642,enviado,5,True
4114,3875,3951,3,1195.89,102.07,2026-02-11T17:31:44.583642,Cancelado,5,True
4115,1134,4979,5,1642.11,445.48,2026-05-10T17:31:44.583642,Entregue,2,True
4116,1665,94595,9,4574.9,292.94,2026-10-07T17:31:44.583642,pago,2,True
4117,2700,750,3,-101.67,50.63,2026-01-13T17:31:44.583642,cancelado,2,True
4118,176,96109,8,313.94,92.49,2026-06-29T17:31:44.583642,pago,4,True
4119,1397,2329,4,3228.67,155.62,2025-10-26T17:31:44.583642,enviado,3,True
4120,1143,3052,8,2122.68,523.0,2026-03-07T17:31:44.583642,CANCELADO,2,True
4121,2146,4822,2,4321.81,450.63,2025-11-18T17:31:44.583642,pendente,,True
4122,3293,4465,2,100.0,150.0,2026-03-23T17:31:44.583642,pendente,1,True
4123,3931,1107,3,3702.33,658.27,2025-12-10T17:31:44.583642,cacelado,2,True
4124,3154,723,7,3252.12,524.79,2026-10-02T17:31:44.583642,ENTREGUE,5,True
4125,4415,4314,-4,4841.78,125.4,2025-10-30T17:31:44.583642,enviado,1,True
4126,2505,63,5,982.69,157.58,2026-09-04T17:31:44.583642,cancelado,,True
4127,2658,2499,3,4031.55,926.11,2026-07-22T17:31:44.583642,pago,6,True
4128,4247,145,-2,4542.33,85.9,2026-05-07T17:31:44.583642,pago,1,True
4129,3718,3116,4,4768.43,849.2,2025-11-07T17:31:44.583642,entregue,,True
4130,431,737,2,2504.46,17.68,2026-03-31T17:31:44.583642,Entregue,3,True
4131,4712,4993,9,2892.89,183.98,2026-04-08T17:31:44.583642,ENVIADO,4,True
4132,1698,508,6,4196.13,478.26,2026-08-16T17:31:44.583642,Cancelado,4,True
4133,3281,4789,9,2115.15,528.28,2027-10-09T17:31:44.748644,pendente,5,True
4134,1807,684,5,100.0,150.0,2026-01-05T17:31:44.583642,pendente,1,True
4135,96762,671,9,644.74,51.76,2026-08-21T17:31:44.583642,cancelado,1,True
4136,4388,3347,1,898.91,154.45,2026-08-12T17:31:44.583642,ENviAdO,5,True
4137,2428,4479,6,2724.46,733.77,2026-10-08T17:31:44.583642,pendente,5,True
4138,3027,4923,10,100.0,150.0,2025-12-26T17:31:44.583642,entregue,4,True
4139,4155,1789,4,100.0,150.0,2026-09-01T17:31:44.583642,cancelado,4,True
4140,1779,1181,3,100.0,150.0,2025-11-19T17:31:44.583642,pago,3,True
4141,2958,3121,2,3904.67,911.87,2027-10-09T17:31:44.748722,pendente,4,True
4142,1951,4961,7,100.0,150.0,2026-03-05T17:31:44.583642,entregue,4,True
4143,3526,711,1,1848.08,135.24,2025-10-25T17:31:44.583642,cancelado ,5,True
4144,4314,1782,7,100.0,150.0,2025-12-25T17:31:44.583642,enviado,5,True
4145,2708,1499,7,4043.65,27.43,2026-07-02T17:31:44.583642,PAGO,3,True
4146,3955,3005,6,3136.05,132.12,2026-07-10T17:31:44.583642,PENDENTE,4,True
4147,3636,3375,1,4726.53,988.57,2026-08-24T17:31:44.583642,enviado,1,True
4148,4431,3172,-1,3602.2,253.09,2026-02-05T17:31:44.583642,entregue,3,True
4149,3672,2941,10,2594.8,139.02,2027-10-09T17:31:44.748783,pago,1,True
4150,726,2836,10,2621.59,395.63,2025-12-26T17:31:44.583642,pago,4,True
4151,3695,2076,2,992.15,105.28,2026-02-25T17:31:44.583642,enTREgUe,3,True
4152,1419,400,9,2314.82,379.68,2025-12-11T17:31:44.583642,ENTREGUE,4,True
4153,1687,2073,5,3568.85,938.98,2025-12-13T17:31:44.583642,pago.,5,True
4154,1582,3586,-5,3801.92,1089.08,2026-02-16T17:31:44.583642,entregue,1,True
4155,3813,4852,10,-73.02,36.66,2026-07-07T17:31:44.583642,enviado,4,True
4156,4713,4823,8,1802.18,157.87,2025-11-12T17:31:44.583642,entregue,10,True
4157,92474,1856,7,738.86,150.92,2026-07-31T17:31:44.583642,enviado,1,True
4158,97483,2271,9,4525.45,986.16,2025-10-31T17:31:44.583642,cancelado,2,True
4159,4923,98907,1,610.03,0.77,2026-01-18T17:31:44.583642,cancelado,5,True
4160,3764,57,9,100.0,150.0,2026-06-19T17:31:44.583642,pendente,2,True
4161,228,4680,4,1221.79,317.72,2025-12-30T17:31:44.583642,pago,10,True
4162,96012,169,4,855.46,15.64,2026-06-16T17:31:44.583642,entregue,4,True
4163,98847,1433,6,2861.94,257.01,2026-07-25T17:31:44.583642,entregue,4,True
4164,386,92635,9,1361.4,376.45,2026-02-20T17:31:44.583642,enviado,3,True
4165,1865,4710,9,4231.04,889.69,2026-06-18T17:31:44.583642,Cancelado,2,True
4166,4823,2423,10,4382.25,847.02,2026-09-18T17:31:44.583642,cancelado,,True
4167,4245,1087,8,100.0,150.0,2026-07-06T17:31:44.583642,enviado,3,True
4168,3994,93611,9,1687.07,185.15,2026-09-11T17:31:44.583642,pendente,3,True
4169,2780,2774,8,4538.46,752.65,2026-02-08T17:31:44.583642,ENTREGUE,5,True
4170,1032,3896,6,3724.89,466.95,2026-09-16T17:31:44.583642,ENVIADO,3,True
4171,2329,2711,7,1226.23,326.15,2025-10-22T17:31:44.583642,Cancelado,3,True
4172,842,2377,5,-222.19,1363.93,2026-05-02T17:31:44.583642,enviado,4,True
4173,4201,2875,-5,1070.17,102.55,2026-02-08T17:31:44.583642,pago,2,True
4174,916,96157,4,3741.54,854.72,2025-12-25T17:31:44.583642,pendente,4,True
4175,802,3536,6,-938.67,262.04,2025-10-28T17:31:44.583642,enviado,4,True
4176,934,3187,5,103.28,3.65,2026-09-06T17:31:44.583642,pago,5,True
4177,636,4237,-1,997.14,147.78,2026-04-06T17:31:44.583642,cancelado,2,True
4178,3693,2537,5,3575.23,637.27,2026-01-28T17:31:44.583642,canceladu,1,True
4179,4770,3680,8,183.2,43.0,2026-01-19T17:31:44.583642,ENVIADO,4,True
4180,1029,3949,10,100.0,150.0,2026-03-03T17:31:44.583642,pendente,5,True
4181,2751,1166,-3,4921.78,1161.07,2026-09-20T17:31:44.583642,cancelado,4,True
4182,1506,1767,6,1739.22,396.43,2026-02-28T17:31:44.583642,cancelado,3,True
4183,2190,3232,8,46.52,11.35,2026-03-25T17:31:44.583642,entregu,4,True
4184,3066,3906,9,855.15,81.5,2026-01-01T17:31:44.583642,entregue,1,True
4185,2427,1401,-6,881.16,98.3,2026-04-29T17:31:44.583642,entregue,5,True
4186,3382,4847,10,100.0,150.0,2026-07-13T17:31:44.583642,enviado,3,True
4187,3635,3446,-7,4387.02,1110.08,2025-10-21T17:31:44.583642,cancelado,2,True
4188,1149,3981,2,2708.22,414.86,2026-09-20T17:31:44.583642,enviado ,4,True
4189,176,604,7,-820.2,557.53,2026-09-12T17:31:44.583642,entregue,1,True
4190,4996,486,3,3161.66,917.57,2026-06-05T17:31:44.583642,pendente,3,True
4191,95967,163,2,691.65,187.18,2026-01-10T17:31:44.583642,pago,4,True
4192,3762,4899,6,2852.29,531.57,2025-12-30T17:31:44.583642,PENDENTE,5,True
4193,1133,4554,10,2322.42,263.28,2026-02-11T17:31:44.583642,CANceLado,1,True
4194,1886,434,7,-287.6,129.22,2026-01-08T17:31:44.583642,enviado,4,True
4195,2933,361,10,27.77,6.41,2026-09-13T17:31:44.583642,pedente,4,True
4196,99575,3363,2,2096.32,279.2,2026-07-10T17:31:44.583642,enviado,3,True
4197,785,2134,6,1564.46,47.88,2026-08-24T17:31:44.583642,Pendente,4,True
4198,4093,2526,2,4064.89,566.59,2026-04-18T17:31:44.583642,CANCELADO,2,True
4199,188,2778,4,3731.26,1080.0,2025-11-26T17:31:44.583642,cancelado,-1,True
4200,3442,1180,8,466.68,130.66,2026-03-31T17:31:44.583642,ENVIADO,3,True
4201,2033,3142,8,2112.54,545.93,2026-07-14T17:31:44.583642,pago,10,True
4202,459,2373,8,913.94,73.05,2026-06-04T17:31:44.583642,Pago,1,True
4203,392,862,10,1858.26,217.09,2026-04-26T17:31:44.583642,pendente,6,True
4204,4579,2299,2,-26.95,1021.85,2026-09-09T17:31:44.583642,entregue,1,True
4205,969,1071,3,1108.91,254.4,2026-07-16T17:31:44.583642,cancelado,-1,True
4206,3664,87,1,3675.7,295.09,2026-09-18T17:31:44.583642,ENTREGUE,5,True
4207,4793,90686,2,768.56,88.63,2026-05-16T17:31:44.583642,pago,1,True
4208,4728,1572,5,1731.67,91.66,2027-10-09T17:31:44.749251,enviado,2,True
4209,3610,90149,8,1637.4,453.72,2025-12-11T17:31:44.583642,pago,5,True
4210,91530,2945,3,499.4,124.04,2026-01-08T17:31:44.583642,entregue,4,True
4211,2999,3164,1,-628.93,821.0,2025-12-09T17:31:44.583642,entregue,3,True
4212,90500,1817,8,4303.39,519.95,2026-06-20T17:31:44.583642,enviado,2,True
4213,1925,4224,4,2256.97,471.24,2025-12-29T17:31:44.583642,entregue,-1,True
4214,4497,3826,6,2987.23,254.64,2026-05-03T17:31:44.583642,cAncelado,5,True
4215,3338,2268,2,100.0,150.0,2026-05-14T17:31:44.583642,pago,5,True
4216,90065,1632,7,2580.98,265.84,2026-03-31T17:31:44.583642,entregue,4,True
4217,4577,4687,3,3163.95,284.32,2027-10-09T17:31:44.749337,pendente,3,True
4218,284,4890,8,3961.9,434.79,2025-11-02T17:31:44.583642,cAnceLADO,3,True
4219,2148,658,2,2458.48,546.05,2026-07-24T17:31:44.583642,Enviado,2,True
4220,90608,3501,3,1884.36,295.39,2026-02-10T17:31:44.583642,pago,4,True
4221,4838,3535,7,2568.04,2.61,2027-10-09T17:31:44.749373,pendente,2,True
4222,2462,1208,-8,1485.57,428.89,2026-06-17T17:31:44.583642,pago,1,True
4223,3632,374,4,4015.44,828.71,2026-06-27T17:31:44.583642,enviado,5,True
4224,1990,1259,2,475.01,96.4,2026-02-27T17:31:44.583642,PAGO,1,True
4225,2263,2788,7,4718.51,1353.66,2025-10-19T17:31:44.583642,Enviado,4,True
4226,4483,4741,4,100.0,150.0,2026-09-25T17:31:44.583642,pendente,5,True
4227,4166,4550,8,3480.59,406.17,2026-08-26T17:31:44.583642,cancelado,-1,True
4228,1650,1503,7,4402.87,1045.72,2026-03-14T17:31:44.583642,Pago,4,True
4229,2808,3852,7,4077.74,613.36,2026-09-02T17:31:44.583642,ENTREGUE,3,True
4230,2987,1770,9,-134.37,127.81,2025-10-12T17:31:44.583642,entregue,5,True
4231,4368,3784,10,3429.32,988.1,2027-10-09T17:31:44.749448,pago,1,True
4232,3513,3726,2,1292.92,269.01,2026-07-28T17:31:44.583642,entregue,-1,True
4233,3594,95083,7,4684.08,516.72,2025-11-05T17:31:44.583642,entregue,5,True
4234,1186,2218,7,100.0,150.0,2025-11-26T17:31:44.583642,cancelado,3,True
4235,3688,1456,4,4363.98,572.91,2025-12-11T17:31:44.583642,Entregue,5,True
4236,704,1558,7,1053.78,140.52,2026-03-27T17:31:44.583642,eNTREguE,3,True
4237,3568,2069,3,2224.83,427.01,2025-10-11T17:31:44.583642,PeNDeNTE,2,True
4238,3850,516,6,267.46,8.53,2026-04-20T17:31:44.583642,pendente ,5,True
4239,2365,96188,9,4246.88,72.38,2026-07-24T17:31:44.583642,pago,4,True
4240,4734,1669,2,1254.87,77.38,2025-10-21T17:31:44.583642,pAGo,4,True
4241,3543,57,2,905.61,198.5,2026-07-20T17:31:44.583642,pago,6,True
4242,148,821,10,2705.41,467.64,2026-10-06T17:31:44.583642,PendenTE,3,True
4243,1538,2712,4,100.0,150.0,2026-01-19T17:31:44.583642,entregue,5,True
4244,4875,4299,5,3884.13,248.22,2026-10-08T17:31:44.583642,cancelado,3,True
4245,1386,2633,8,2538.59,543.85,2026-05-10T17:31:44.583642,pago,3,True
4246,3027,573,4,3674.18,367.62,2026-05-05T17:31:44.583642,eNtreguE,3,True
4247,1404,2833,5,-797.42,319.66,2026-09-16T17:31:44.583642,pago,4,True
4248,2329,4691,1,100.0,150.0,2026-03-30T17:31:44.583642,enviado,1,True
4249,3649,1607,4,3097.31,7.55,2026-04-08T17:31:44.583642,cancelado,10,True
4250,596,804,1,4114.2,1150.46,2025-12-18T17:31:44.583642,pendente,6,True
4251,1695,4249,10,2999.5,80.31,2026-02-24T17:31:44.583642,pago,,True
4252,2570,1173,4,3543.03,508.33,2026-04-30T17:31:44.583642,CaNCElADO,5,True
4253,4307,94612,6,4812.81,893.82,2026-06-22T17:31:44.583642,enviado,3,True
4254,2372,3108,8,3643.77,778.56,2026-06-22T17:31:44.583642,pendeNTE,3,True
4255,4992,2002,3,-391.42,56.32,2026-05-01T17:31:44.583642,entregue,1,True
4256,4482,1917,5,3278.84,211.9,2027-10-09T17:31:44.749682,cancelado,4,True
4257,2765,3275,3,2071.59,69.06,2026-07-28T17:31:44.583642,pendente,100,True
4258,4494,2579,4,1235.63,269.72,2026-09-05T17:31:44.583642,ENTREGUE,2,True
4259,2493,4552,4,-362.83,546.39,2025-11-26T17:31:44.583642,enviado,3,True
4260,3514,2219,10,4026.7,1168.61,2026-01-25T17:31:44.583642,PENDENTE,4,True
4261,3453,2986,8,826.09,229.89,2027-10-09T17:31:44.749725,entregue,3,True
4262,4094,1936,5,1883.85,517.52,2026-09-24T17:31:44.583642,Entregue,2,True
4263,4161,2916,-6,3464.94,492.24,2025-12-08T17:31:44.583642,pago,4,True
4264,99168,2229,2,881.36,166.42,2026-02-19T17:31:44.583642,pendente,1,True
4265,4847,92984,10,3064.56,794.45,2025-12-30T17:31:44.583642,pendente,1,True
4266,90589,4253,3,4736.85,64.98,2025-12-08T17:31:44.583642,entregue,4,True
4267,4153,468,4,-325.98,897.0,2025-10-31T17:31:44.583642,cancelado,3,True
4268,1654,1911,8,3602.97,291.82,2026-06-14T17:31:44.583642,pendente,5,True
4269,658,99203,1,2360.28,184.68,2026-09-02T17:31:44.583642,entregue,3,True
4270,1240,95370,2,3433.96,85.79,2026-06-03T17:31:44.583642,enviado,4,True
4271,819,3136,-5,2104.01,416.58,2025-11-03T17:31:44.583642,cancelado,3,True
4272,3224,2935,2,1543.93,50.64,2026-07-20T17:31:44.583642,PEnDeNte,4,True
4273,652,2291,5,577.54,7.26,2025-10-22T17:31:44.583642,Enviado,2,True
4274,680,96937,2,3731.65,15.15,2026-09-27T17:31:44.583642,enviado,2,True
4275,4506,2763,9,100.0,150.0,2025-10-15T17:31:44.583642,pago,1,True
4276,4138,2392,8,2268.26,74.85,2026-08-20T17:31:44.583642,pago,1,True
4277,3515,3433,4,-297.04,110.87,2026-05-24T17:31:44.583642,cancelado,5,True
4278,2845,924,6,100.0,150.0,2026-03-30T17:31:44.583642,enviado,3,True
4279,4965,1991,6,100.0,150.0,2026-04-04T17:31:44.583642,cancelado,1,True
4280,3686,4087,2,3825.34,891.42,2026-06-30T17:31:44.583642,enviado,2,True
4281,2444,91518,5,4879.32,168.49,2025-12-19T17:31:44.583642,pago,4,True
4282,3510,3856,10,4538.39,122.79,2026-09-22T17:31:44.583642,enviado,10,True
4283,3942,3011,1,100.0,150.0,2025-12-27T17:31:44.583642,pago,3,True
4284,2604,1899,2,1577.64,36.84,2026-08-01T17:31:44.583642,canCelado,5,True
4285,1237,3557,3,1369.54,34.8,2026-01-24T17:31:44.583642,cancelado,4,True
4286,4104,2500,8,3204.49,494.85,2026-09-25T17:31:44.583642,PENDENTE,3,True
4287,4028,1295,5,4705.79,70.4,2027-10-09T17:31:44.749928,pago,3,True
4288,2654,3347,9,2049.84,512.14,2026-09-14T17:31:44.583642,entregue,2,True
4289,602,4710,6,405.68,97.99,2026-06-30T17:31:44.583642,pago ,2,True
4290,3834,1951,9,26.36,4.41,2026-01-31T17:31:44.583642,cacelado,3,True
4291,72,4183,-7,4046.84,44.18,2026-05-02T17:31:44.583642,cancelado,2,True
4292,4113,2669,9,2542.48,445.58,2027-10-09T17:31:44.749978,cancelado,5,True
4293,1295,1423,5,-412.09,70.31,2025-11-10T17:31:44.583642,enviado,2,True
4294,528,97332,9,1852.16,266.2,2025-10-24T17:31:44.583642,cancelado,2,True
4295,2742,4904,9,1921.58,413.36,2025-10-18T17:31:44.583642,Cancelado,3,True
4296,2503,3314,2,100.0,150.0,2026-06-26T17:31:44.583642,entregue,3,True
4297,4506,3796,3,894.87,195.99,2026-06-24T17:31:44.583642,pago,10,True
4298,2172,4142,3,3325.19,897.92,2026-08-15T17:31:44.583642,pndente,1,True
4299,991,1279,-1,104.15,4.39,2026-04-20T17:31:44.583642,entregue,3,True
4300,2447,822,9,3547.23,566.89,2025-10-18T17:31:44.583642,pedente,5,True
4301,4032,2519,2,1437.07,7.81,2026-01-29T17:31:44.583642,Entregue,2,True
4302,2167,2573,6,100.0,150.0,2026-05-15T17:31:44.583642,enviado,5,True
4303,467,1785,3,2592.01,718.09,2026-06-17T17:31:44.583642,Pendente,3,True
4304,1980,1043,9,3646.37,399.38,2026-05-08T17:31:44.583642,entregue,2,True
4305,179,3574,1,1475.95,370.66,2026-10-08T17:31:44.583642,Enviado,1,True
4306,1935,2578,3,4713.19,997.69,2025-12-24T17:31:44.583642,Entregue,2,True
4307,1159,4189,1,4682.98,561.42,2026-10-08T17:31:44.583642,pendnete,2,True
4308,2525,3108,10,4782.53,384.29,2025-11-19T17:31:44.583642,enviado,2,True
4309,95484,3561,8,1928.81,98.79,2026-03-21T17:31:44.583642,cancelado,2,True
4310,1994,4195,7,1053.93,196.03,2026-08-12T17:31:44.583642,Enviado,1,True
4311,4702,3805,8,77.28,10.47,2026-01-26T17:31:44.583642,Enviado,3,True
4312,2943,1065,4,100.0,150.0,2025-11-19T17:31:44.583642,pago,1,True
4313,875,3284,3,4091.31,194.81,2025-12-01T17:31:44.583642,pAgo,2,True
4314,4563,1780,-6,3717.28,795.84,2026-09-11T17:31:44.583642,pago,4,True
4315,1252,1132,3,4838.99,1080.67,2026-06-02T17:31:44.583642,pago ,2,True
4316,3520,1922,1,100.0,150.0,2026-07-04T17:31:44.583642,pendente,3,True
4317,76,478,4,575.99,86.32,2026-06-04T17:31:44.583642,entregue,3,True
4318,1355,2241,6,2282.24,439.14,2026-06-23T17:31:44.583642,eNtreguE,1,True
4319,57,162,8,2815.48,415.32,2027-10-09T17:31:44.750188,enviado,3,True
4320,2008,2456,1,4297.26,311.37,2026-08-17T17:31:44.583642,Cancelado,1,True
4321,3275,3463,5,-17.38,18.13,2026-02-14T17:31:44.583642,entregue,5,True
4322,1806,982,-2,2092.83,100.16,2026-02-23T17:31:44.583642,enviado,4,True
4323,1984,4660,9,2211.42,458.11,2026-06-07T17:31:44.583642,etregue,5,True
4324,3784,1406,3,-982.79,66.07,2026-08-11T17:31:44.583642,pago,4,True
4325,4910,4729,6,100.0,150.0,2025-12-14T17:31:44.583642,pendente,3,True
4326,3286,3814,1,100.0,150.0,2025-12-07T17:31:44.583642,entregue,3,True
4327,3142,3722,10,3300.87,643.71,2025-12-23T17:31:44.583642,pendente,5,True
4328,2836,2389,2,100.0,150.0,2026-07-01T17:31:44.583642,cancelado,2,True
4329,3365,3477,8,4381.7,923.84,2026-01-01T17:31:44.583642,Cancelado,4,True
4330,4531,2694,9,-372.42,85.49,2026-04-24T17:31:44.583642,cancelado,1,True
4331,1978,2219,4,3620.52,214.83,2026-02-03T17:31:44.583642,Entregue,1,True
4332,2415,4131,1,4437.46,484.29,2026-09-02T17:31:44.583642,pago,4,True
4333,3980,541,7,592.94,47.31,2026-04-02T17:31:44.583642,Enviado,3,True
4334,3649,3461,7,1936.93,562.66,2026-09-21T17:31:44.583642,entregue,6,True
4335,353,919,8,4325.96,791.79,2026-07-09T17:31:44.583642,cANCEladO,1,True
4336,3163,620,8,4264.93,209.75,2027-10-09T17:31:44.750321,cancelado,3,True
4337,1875,99124,8,2042.04,516.09,2026-03-06T17:31:44.583642,cancelado,4,True
4338,1673,3084,2,4627.57,926.98,2026-08-24T17:31:44.583642,canceladu,5,True
4339,1957,1008,9,3205.18,486.08,2025-10-12T17:31:44.583642,enviado,5,True
4340,2463,4240,1,3322.57,671.04,2026-05-22T17:31:44.583642,pago,3,True
4341,97884,2008,7,3381.83,416.16,2026-05-07T17:31:44.583642,pago,1,True
4342,96926,1407,5,2646.21,651.5,2026-07-31T17:31:44.583642,pago,2,True
4343,3016,3339,-8,2649.9,632.37,2026-04-07T17:31:44.583642,pendente,5,True
4344,626,92657,2,2214.86,60.19,2026-06-11T17:31:44.583642,pendente,3,True
4345,394,1439,5,341.22,98.15,2026-03-07T17:31:44.583642,CanCelADO,3,True
4346,529,4813,9,-450.99,771.91,2026-04-15T17:31:44.583642,pago,2,True
4347,93773,1142,5,2655.18,8.6,2026-02-26T17:31:44.583642,pago,3,True
4348,2044,3352,10,3353.96,451.26,2027-10-09T17:31:44.750415,pago,5,True
4349,738,3197,-2,4717.48,14.24,2026-04-13T17:31:44.583642,enviado,3,True
4350,1208,1110,10,100.0,150.0,2025-11-14T17:31:44.583642,entregue,4,True
4351,3809,488,4,1630.43,466.56,2026-06-14T17:31:44.583642,eNVIado,3,True
4352,3814,2322,7,3837.97,114.19,2026-07-23T17:31:44.583642,ENVIAdO,5,True
4353,4041,95020,8,2307.66,459.57,2025-11-19T17:31:44.583642,pendente,4,True
4354,264,3021,4,806.27,39.07,2026-01-31T17:31:44.583642,cacelado,5,True
4355,4956,1024,6,285.72,33.79,2026-07-11T17:31:44.583642,cancelado ,4,True
4356,3742,1896,8,1845.85,236.42,2026-06-11T17:31:44.583642,cancelado ,2,True
4357,3795,2387,8,1148.38,76.5,2026-04-19T17:31:44.583642,PENDENTE,2,True
4358,1836,3479,4,100.0,150.0,2026-04-10T17:31:44.583642,pago,3,True
4359,3395,504,-8,3176.71,503.41,2026-02-10T17:31:44.583642,enviado,2,True
4360,3223,2767,5,2387.17,354.0,2027-10-09T17:31:44.750512,cancelado,4,True
4361,4531,91258,6,1512.7,94.17,2026-04-27T17:31:44.583642,enviado,1,True
4362,3910,2789,1,2021.82,439.49,2026-09-29T17:31:44.583642,Pendente,1,True
4363,4010,198,3,926.05,79.24,2025-11-13T17:31:44.583642,envado,3,True
4364,3239,2606,3,2919.83,515.54,2027-10-09T17:31:44.750543,cancelado,4,True
4365,1925,507,-10,1992.12,306.25,2025-12-19T17:31:44.583642,pendente,2,True
4366,179,1845,-2,466.26,78.39,2026-05-12T17:31:44.583642,entregue,4,True
4367,3527,91649,4,1486.66,405.16,2026-08-03T17:31:44.583642,pendente,1,True
4368,4723,97514,9,4574.29,380.81,2026-02-24T17:31:44.583642,pago,5,True
4369,99818,334,8,3637.02,125.24,2025-11-22T17:31:44.583642,pago,1,True
4370,2345,4403,9,100.0,150.0,2026-07-16T17:31:44.583642,entregue,4,True
4371,97481,2961,4,1190.45,155.55,2026-09-28T17:31:44.583642,entregue,4,True
4372,1599,1938,7,1606.48,244.73,2026-02-05T17:31:44.583642,enviado,3,True
4373,4531,1491,6,1899.27,207.19,2026-01-20T17:31:44.583642,pago,6,True
4374,1054,759,8,3102.71,519.61,2027-10-09T17:31:44.750622,pago,5,True
4375,950,1699,8,2288.76,448.74,2026-06-06T17:31:44.583642,CANCELADO,2,True
4376,713,105,7,4943.97,113.68,2027-10-09T17:31:44.750639,entregue,4,True
4377,2030,4516,9,84.95,0.38,2026-04-05T17:31:44.583642,cancelado,2,True
4378,4559,2702,4,2912.38,568.73,2026-02-12T17:31:44.583642,eNTrEgUe,1,True
4379,2413,2090,6,364.1,10.0,2025-10-25T17:31:44.583642,pAgo,5,True
4380,4302,2687,9,108.4,27.69,2026-05-31T17:31:44.583642,CANCELADO,1,True
4381,980,1517,7,2100.29,579.25,2026-10-09T17:31:44.583642,entregu,4,True
4382,1538,1820,2,1181.03,32.93,2027-10-09T17:31:44.750690,pago,1,True
4383,4067,3251,4,4737.53,57.46,2026-08-26T17:31:44.583642,pago,100,True
4384,90650,3366,3,4954.7,386.75,2026-01-04T17:31:44.583642,entregue,3,True
4385,94145,4998,9,1107.2,304.35,2026-06-30T17:31:44.583642,cancelado,5,True
4386,1100,3917,8,3146.25,407.34,2026-08-23T17:31:44.583642,canceldo,4,True
4387,3236,1501,4,207.03,38.99,2026-07-22T17:31:44.583642,pago,5,True
4388,2339,4722,-9,2005.78,587.42,2026-03-19T17:31:44.583642,cancelado,4,True
4389,556,98262,9,2338.74,691.24,2026-05-03T17:31:44.583642,pago,5,True
4390,2361,3010,-3,351.28,40.52,2026-06-07T17:31:44.583642,enviado,3,True
4391,1730,2015,8,1545.69,224.66,2026-01-01T17:31:44.583642,CaNcElaDO,2,True
4392,1535,2373,10,1911.65,502.1,2026-07-09T17:31:44.583642,pago0,2,True
4393,7,4285,10,409.9,73.69,2027-10-09T17:31:44.750777,entregue,3,True
4394,3303,4678,-4,2463.54,47.2,2026-01-03T17:31:44.583642,pendente,1,True
4395,1935,4418,9,987.44,154.58,2026-09-21T17:31:44.583642,canceladu,5,True
4396,3493,406,6,4205.55,709.11,2027-10-09T17:31:44.750802,pendente,5,True
4397,91040,2692,3,4576.35,515.34,2026-05-08T17:31:44.583642,enviado,1,True
4398,92404,3626,2,710.47,69.32,2025-11-15T17:31:44.583642,enviado,1,True
4399,1739,2228,6,100.0,150.0,2026-05-14T17:31:44.583642,entregue,4,True
4400,3523,646,-2,4265.76,516.81,2026-05-05T17:31:44.583642,entregue,3,True
4401,2661,2221,9,100.0,150.0,2026-01-27T17:31:44.583642,enviado,5,True
4402,3089,2371,10,323.4,44.24,2026-04-05T17:31:44.583642,Cancelado,1,True
4403,2399,3137,1,588.87,98.92,2026-07-11T17:31:44.583642,ENVIADO,4,True
4404,2858,1915,3,4618.26,990.97,2025-11-04T17:31:44.583642,cancelado ,2,True
4405,4378,3635,2,-271.16,871.83,2025-12-05T17:31:44.583642,cancelado,5,True
4406,4941,2635,-6,3289.11,250.61,2026-02-14T17:31:44.583642,cancelado,3,True
4407,3455,2340,10,1488.52,139.12,2025-12-10T17:31:44.583642,entregue,10,True
4408,2312,17,3,2753.51,478.9,2025-11-09T17:31:44.583642,enviado,3,True
4409,3890,618,3,4390.17,611.13,2027-10-09T17:31:44.750902,pendente,3,True
4410,4044,3868,10,826.66,66.42,2026-08-14T17:31:44.583642,ENVIADO,4,True
4411,99334,3708,4,1201.18,211.58,2026-10-09T17:31:44.583642,cancelado,2,True
4412,1286,1430,9,4432.84,697.84,2026-08-10T17:31:44.583642,pendente,2,True
4413,2731,3165,6,100.0,150.0,2026-05-22T17:31:44.583642,enviado,3,True
4414,1887,1853,9,4419.82,42.71,2026-05-13T17:31:44.583642,ENVIADO,1,True
4415,729,91906,10,3510.86,30.79,2026-08-28T17:31:44.583642,enviado,2,True
4416,4484,514,2,233.61,63.93,2027-10-09T17:31:44.750970,enviado,3,True
4417,1494,3544,-6,2074.74,460.38,2026-06-09T17:31:44.583642,cancelado,1,True
4418,1611,99597,1,4416.93,235.34,2026-03-13T17:31:44.583642,cancelado,4,True
4419,544,4876,-6,4599.0,1279.81,2025-12-22T17:31:44.583642,cancelado,3,True
4420,2598,4724,4,1307.51,239.99,2026-05-17T17:31:44.583642,enviado,100,True
4421,2980,1048,-2,4169.4,584.03,2026-06-20T17:31:44.583642,cancelado,3,True
4422,2974,4721,1,2844.12,249.63,2026-10-04T17:31:44.583642,Pendente,1,True
4423,91277,3082,10,1412.85,236.81,2025-11-12T17:31:44.583642,entregue,3,True
4424,3925,592,4,853.08,145.26,2026-08-04T17:31:44.583642,Enviado,2,True
4425,2979,99552,6,1426.62,392.67,2026-07-17T17:31:44.583642,pago,4,True
4426,1449,4468,5,4663.36,227.5,2026-09-18T17:31:44.583642,entregu,1,True
4427,1529,3729,9,2252.39,194.97,2025-12-30T17:31:44.583642,ENVIADO,2,True
4428,2422,1134,5,2752.69,210.91,2026-03-01T17:31:44.583642,Cancelado,5,True
4429,1036,726,5,100.0,150.0,2026-02-22T17:31:44.583642,enviado,5,True
4430,1249,3291,-9,874.78,77.34,2026-03-08T17:31:44.583642,enviado,3,True
4431,4494,4366,1,4842.94,674.5,2027-10-09T17:31:44.751085,enviado,1,True
4432,533,4545,6,4129.69,695.09,2027-10-09T17:31:44.751094,pago,2,True
4433,383,97703,6,3897.03,1127.38,2026-08-30T17:31:44.583642,pendente,2,True
4434,2954,2328,3,4196.12,1249.68,2027-10-09T17:31:44.751111,cancelado,3,True
4435,3248,2206,2,-936.61,439.91,2025-12-04T17:31:44.583642,enviado,1,True
4436,2312,3318,1,100.0,150.0,2026-05-05T17:31:44.583642,pendente,2,True
4437,30,1541,5,4376.49,486.64,2025-10-26T17:31:44.583642,Cancelado,3,True
4438,514,4319,3,1190.7,172.68,2026-04-28T17:31:44.583642,pago.,1,True
4439,4809,3661,8,102.99,29.28,2026-08-27T17:31:44.583642,Pendente,1,True
4440,336,4579,5,3049.56,695.29,2027-10-09T17:31:44.751157,pendente,3,True
4441,454,3583,3,100.0,150.0,2025-10-21T17:31:44.583642,enviado,3,True
4442,1809,387,2,-944.76,379.01,2026-08-13T17:31:44.583642,enviado,1,True
4443,4270,372,10,3672.03,627.37,2027-10-09T17:31:44.751180,cancelado,5,True
4444,2453,4677,9,-824.43,266.56,2026-09-01T17:31:44.583642,cancelado,2,True
4445,2114,1707,8,610.98,154.06,2026-08-14T17:31:44.583642,canceldo,3,True
4446,4451,4348,5,2583.7,315.31,2026-04-21T17:31:44.583642,cancelado,1,True
4447,4823,2513,-10,808.08,34.91,2026-03-23T17:31:44.583642,cancelado,1,True
4448,3488,4690,10,-142.68,201.85,2026-03-21T17:31:44.583642,pago,4,True
4449,693,3646,5,1150.83,273.49,2026-03-29T17:31:44.583642,entregue,6,True
4450,3731,3114,5,100.0,150.0,2026-08-01T17:31:44.583642,pendente,4,True
4451,3735,688,7,3801.74,1054.99,2025-11-03T17:31:44.583642,Cancelado,3,True
4452,3291,91387,2,321.68,1.79,2026-08-19T17:31:44.583642,entregue,2,True
4453,4911,4753,9,-873.05,532.41,2026-06-06T17:31:44.583642,pendente,5,True
4454,4739,3407,8,1834.52,51.38,2027-10-09T17:31:44.751265,cancelado,5,True
4455,3530,128,-6,2611.2,225.2,2026-09-17T17:31:44.583642,pago,3,True
4456,90210,4790,10,3765.76,586.34,2025-12-11T17:31:44.583642,pendente,2,True
4457,4314,1835,7,1209.87,162.54,2025-10-28T17:31:44.583642,pago,1,True
4458,3355,2843,2,4960.47,776.27,2027-10-09T17:31:44.751302,cancelado,2,True
4459,98605,545,5,760.71,133.81,2026-06-12T17:31:44.583642,entregue,4,True
4460,388,3828,6,736.93,186.94,2026-09-13T17:31:44.583642,pago,,True
4461,3591,2056,5,3670.22,760.63,2025-11-03T17:31:44.583642,cancelado,2,True
4462,394,2730,8,-493.48,809.48,2026-01-24T17:31:44.583642,pago,3,True
4463,609,2965,10,2018.75,488.82,2026-10-08T17:31:44.583642,Pago,5,True
4464,4699,3576,-8,4516.61,539.54,2026-08-09T17:31:44.583642,pago,3,True
4465,99395,3605,9,1564.97,282.01,2026-01-22T17:31:44.583642,cancelado,2,True
4466,564,700,7,1234.66,22.69,2025-12-19T17:31:44.583642,Enviado,2,True
4467,4189,594,-2,4953.26,399.0,2026-02-25T17:31:44.583642,pago,3,True
4468,2950,1120,4,100.0,150.0,2026-05-20T17:31:44.583642,cancelado,5,True
4469,2084,1768,1,3909.26,101.4,2026-05-03T17:31:44.583642,pendenTE,5,True
4470,4261,2248,9,1366.21,94.44,2026-07-31T17:31:44.583642,cancelado,100,True
4471,1478,3025,-1,4276.83,1113.35,2026-09-20T17:31:44.583642,enviado,2,True
4472,342,4376,2,2106.07,120.9,2026-03-12T17:31:44.583642,Pago,2,True
4473,94653,3451,4,1723.98,287.09,2025-10-09T17:31:44.583642,pago,2,True
4474,2528,1470,5,1594.65,82.4,2025-10-15T17:31:44.583642,PAGO,3,True
4475,4763,1093,6,100.0,150.0,2026-06-24T17:31:44.583642,enviado,4,True
4476,197,2171,-6,4752.55,1208.28,2026-01-02T17:31:44.583642,pago,1,True
4477,2911,2511,5,4712.49,1405.09,2026-08-31T17:31:44.583642,cacelado,2,True
4478,4135,2522,7,228.21,25.31,2026-10-01T17:31:44.583642,pendente,2,True
4479,3520,722,-8,252.7,27.59,2026-06-05T17:31:44.583642,entregue,3,True
4480,4089,713,4,-225.31,635.15,2026-06-17T17:31:44.583642,cancelado,2,True
4481,2154,4133,4,2571.02,457.08,2025-12-09T17:31:44.583642,pago,3,True
4482,4669,285,-6,4264.18,210.28,2026-08-03T17:31:44.583642,pendente,1,True
4483,1004,2209,3,4026.57,1121.62,2026-08-05T17:31:44.583642,cancelado,10,True
4484,1686,3427,-4,1251.67,175.85,2026-01-02T17:31:44.583642,pendente,4,True
4485,93426,3590,8,3644.64,149.93,2025-10-23T17:31:44.583642,pendente,3,True
4486,307,99158,5,2552.77,290.94,2025-12-06T17:31:44.583642,cancelado,4,True
4487,4743,3330,5,4161.66,1242.84,2026-06-16T17:31:44.583642,pago0,1,True
4488,3338,2710,10,4778.09,226.97,2026-04-11T17:31:44.583642,entregue,5,True
4489,3109,1498,-8,4679.72,1144.13,2026-07-12T17:31:44.583642,entregue,1,True
4490,3377,2778,5,100.0,150.0,2026-08-26T17:31:44.583642,pendente,3,True
4491,98669,2037,3,4384.03,99.39,2026-01-09T17:31:44.583642,cancelado,4,True
4492,3825,3626,2,4321.6,1104.5,2025-11-05T17:31:44.583642,cancelado,100,True
4493,3673,2605,2,4716.82,1270.23,2026-05-29T17:31:44.583642,pago,5,True
4494,1842,1054,-4,2467.41,3.65,2025-11-16T17:31:44.583642,cancelado,4,True
4495,1370,93227,7,2208.14,227.41,2026-01-04T17:31:44.583642,pago,2,True
4496,909,2133,6,100.0,150.0,2026-01-20T17:31:44.583642,cancelado,5,True
4497,2784,1523,5,2581.49,401.0,2026-01-13T17:31:44.583642,pago.,4,True
4498,1470,91223,6,2771.81,511.2,2026-03-13T17:31:44.583642,entregue,5,True
4499,1241,94951,6,1567.35,21.4,2026-08-02T17:31:44.583642,entregue,2,True
4500,3216,2530,5,-604.22,35.63,2026-08-11T17:31:44.583642,pendente,2,True
4501,1064,90894,2,2332.67,520.5,2025-12-10T17:31:44.583642,pago,1,True
4502,2641,1016,2,1329.38,46.6,2025-12-23T17:31:44.583642,PAGO,5,True
4503,2114,95070,8,4007.01,257.71,2026-01-30T17:31:44.583642,pago,5,True
4504,711,2567,8,2049.63,35.31,2027-10-09T17:31:44.751654,cancelado,5,True
4505,4249,91264,7,3236.64,692.67,2026-06-08T17:31:44.583642,enviado,3,True
4506,4541,3906,2,189.35,7.56,2026-06-03T17:31:44.583642,PENDENTE,5,True
4507,95523,3802,8,2509.0,174.26,2026-01-08T17:31:44.583642,entregue,1,True
4508,191,4613,10,753.46,116.52,2026-01-14T17:31:44.583642,pago ,5,True
4509,3993,969,6,100.0,150.0,2026-03-27T17:31:44.583642,entregue,4,True
4510,1887,4685,3,4022.08,864.52,2026-04-21T17:31:44.583642,pago,4,True
4511,1911,92,5,449.15,85.6,2026-03-22T17:31:44.583642,cancelado,-1,True
4512,4244,4802,-10,1476.61,173.22,2026-06-10T17:31:44.583642,entregue,1,True
4513,1401,1102,-8,2666.46,593.77,2026-04-14T17:31:44.583642,cancelado,3,True
4514,1232,4048,10,932.41,57.69,2026-09-05T17:31:44.583642,pedente,1,True
4515,3546,4325,9,3905.99,87.75,2026-01-15T17:31:44.583642,Cancelado,2,True
4516,1791,1050,2,214.09,21.59,2026-01-05T17:31:44.583642,entrege,3,True
4517,3549,161,10,100.0,150.0,2026-01-30T17:31:44.583642,cancelado,3,True
4518,3724,4303,5,905.55,89.14,2026-02-22T17:31:44.583642,CANCElADo,5,True
4519,3144,477,5,1884.93,287.03,2025-12-25T17:31:44.583642,CANCelado,3,True
4520,1521,2449,1,3028.05,647.04,2026-04-12T17:31:44.583642,Pendente,3,True
4521,1579,1672,6,4929.68,794.28,2027-10-09T17:31:44.751791,enviado,4,True
4522,3648,2553,10,2623.16,52.64,2026-04-16T17:31:44.583642,Enviado,2,True
4523,2386,2643,2,811.23,161.98,2026-07-13T17:31:44.583642,pago,2,True
4524,1000,4033,7,1583.62,20.5,2026-03-21T17:31:44.583642,pendente,6,True
4525,249,1914,8,4335.3,25.77,2026-08-31T17:31:44.583642,pago,,True
4526,4296,4281,3,1203.41,83.97,2025-12-13T17:31:44.583642,ENTREGUE,1,True
4527,666,4541,-2,3048.18,626.34,2025-12-07T17:31:44.583642,enviado,2,True
4528,2991,475,10,4128.04,544.1,2027-10-09T17:31:44.751844,cancelado,4,True
4529,2143,3438,1,2251.09,521.98,2026-01-25T17:31:44.583642,enviadio,4,True
4530,3504,765,5,486.83,118.34,2025-11-05T17:31:44.583642,pago,1,True
4531,1074,3784,2,1294.39,315.52,2026-02-04T17:31:44.583642,Enviado,3,True
4532,4538,32,4,1461.91,413.48,2026-09-19T17:31:44.583642,entregue,,True
4533,1526,1736,2,3220.07,332.91,2026-02-23T17:31:44.583642,Pendente,5,True
4534,1635,3724,2,593.11,94.99,2026-04-28T17:31:44.583642,enviado,10,True
4535,1517,195,4,126.16,20.45,2026-04-13T17:31:44.583642,ENVIADO,4,True
4536,649,2140,6,923.72,228.8,2026-06-14T17:31:44.583642,cancelado,10,True
4537,2204,4800,4,-343.18,220.93,2026-07-25T17:31:44.583642,enviado,1,True
4538,1903,1125,6,731.71,159.66,2026-07-02T17:31:44.583642,PeNDEnTe,2,True
4539,1890,3883,-6,2315.99,24.22,2026-04-30T17:31:44.583642,pendente,2,True
4540,1458,99316,10,4410.75,290.29,2026-05-16T17:31:44.583642,entregue,2,True
4541,1216,2763,6,1177.19,344.56,2026-02-14T17:31:44.583642,enviado ,5,True
4542,2485,4164,8,100.0,150.0,2025-12-03T17:31:44.583642,pago,3,True
4543,93267,1742,5,390.75,51.67,2026-05-10T17:31:44.583642,pendente,3,True
4544,3985,4779,9,1565.14,353.48,2025-11-26T17:31:44.583642,Entregue,2,True
4545,2302,841,7,100.0,150.0,2026-05-01T17:31:44.583642,entregue,3,True
4546,4770,3519,10,1087.89,251.75,2027-10-09T17:31:44.751991,pendente,1,True
4547,3136,4090,2,-945.45,265.99,2026-08-21T17:31:44.583642,enviado,1,True
4548,1882,4661,9,2607.85,423.43,2026-02-02T17:31:44.583642,PAgO,4,True
4549,4441,1985,5,4199.03,1088.03,2025-12-12T17:31:44.583642,Pendente,1,True
4550,4204,2442,7,609.32,70.6,2026-05-21T17:31:44.583642,entregue,-1,True
4551,97780,3752,10,3171.13,850.26,2026-03-26T17:31:44.583642,cancelado,5,True
4552,3974,1506,8,-302.0,359.5,2025-12-24T17:31:44.583642,pendente,1,True
4553,4236,198,6,1835.11,378.27,2026-07-20T17:31:44.583642,PENDENTE,3,True
4554,3841,3278,1,100.0,150.0,2026-04-19T17:31:44.583642,entregue,4,True
4555,3503,4482,1,3681.96,1042.29,2027-10-09T17:31:44.752068,entregue,5,True
4556,4287,1546,5,2040.16,217.92,2025-11-11T17:31:44.583642,pago.,3,True
4557,2666,30,8,2377.74,672.8,2026-08-16T17:31:44.583642,entregue,2,True
4558,1355,99273,2,1634.34,445.58,2026-02-11T17:31:44.583642,enviado,3,True
4559,3823,794,-2,3620.8,960.23,2026-04-10T17:31:44.583642,cancelado,5,True
4560,545,1329,1,1525.69,449.53,2026-06-09T17:31:44.583642,ENVIADO,2,True
4561,118,4186,9,1143.38,119.33,2027-10-09T17:31:44.752118,enviado,4,True
4562,67,663,4,-498.7,280.2,2026-09-03T17:31:44.583642,pago,4,True
4563,3890,91103,8,2030.29,509.53,2025-12-04T17:31:44.583642,pago,5,True
4564,4800,1971,10,3684.43,537.94,2026-02-19T17:31:44.583642,pago,4,True
4565,94525,4221,4,2097.56,287.0,2026-04-12T17:31:44.583642,pendente,3,True
4566,3906,4248,8,2578.19,39.35,2026-10-04T17:31:44.583642,cancelado,6,True
4567,4072,692,4,-141.24,340.05,2025-12-31T17:31:44.583642,pendente,4,True
4568,2863,2730,-2,4251.91,484.41,2026-03-21T17:31:44.583642,enviado,4,True
4569,4456,2678,3,100.0,150.0,2026-09-05T17:31:44.583642,entregue,3,True
4570,4391,67,3,1299.84,27.79,2026-01-26T17:31:44.583642,caNcelAdo,3,True
4571,92197,2826,2,3022.91,631.88,2026-02-28T17:31:44.583642,cancelado,3,True
4572,454,13,10,2816.99,151.31,2026-08-23T17:31:44.583642,pago,3,True
4573,1444,2513,7,2733.35,237.3,2026-05-24T17:31:44.583642,Pendente,2,True
4574,3391,28,3,2715.78,158.17,2025-11-02T17:31:44.583642,Pendente,1,True
4575,805,208,2,4709.2,1283.25,2026-05-21T17:31:44.583642,Pago,5,True
4576,1031,14,6,-720.26,320.79,2025-12-14T17:31:44.583642,pendente,3,True
4577,1711,3339,9,2440.76,458.37,2026-06-30T17:31:44.583642,Enviado,5,True
4578,983,393,7,100.0,150.0,2025-10-11T17:31:44.583642,pago,3,True
4579,4772,3794,3,2704.41,576.92,2027-10-09T17:31:44.752257,enviado,4,True
4580,4258,1935,4,4040.22,1.53,2026-02-12T17:31:44.583642,Cancelado,3,True
4581,4425,1370,1,1843.94,113.77,2025-12-25T17:31:44.583642,entregue,4,True
4582,3392,1733,6,100.0,150.0,2026-07-15T17:31:44.583642,pago,5,True
4583,1433,725,8,4947.68,1474.38,2026-01-30T17:31:44.583642,entregue ,1,True
4584,4140,4865,7,1580.67,369.38,2026-08-23T17:31:44.583642,enviado,100,True
4585,4963,2507,4,-108.9,9.42,2026-10-06T17:31:44.583642,pendente,5,True
4586,3212,2030,4,1079.26,310.77,2026-09-12T17:31:44.583642,pago,2,True
4587,1120,93274,9,2449.34,40.17,2026-03-26T17:31:44.583642,pendente,3,True
4588,4875,2577,10,4853.73,743.53,2025-10-25T17:31:44.583642,Pago,4,True
4589,4610,2598,2,100.0,150.0,2026-02-10T17:31:44.583642,entregue,1,True
4590,2262,68,2,1152.61,296.36,2026-07-05T17:31:44.583642,ENTREGUE,5,True
4591,2948,3551,6,215.33,9.89,2026-05-26T17:31:44.583642,entregue,3,True
4592,4986,296,8,4269.89,596.44,2025-12-04T17:31:44.583642,ENTREGUE,3,True
4593,1853,3863,-9,1313.2,267.86,2026-02-02T17:31:44.583642,enviado,1,True
4594,3948,93558,10,1983.7,12.09,2026-06-02T17:31:44.583642,pago,2,True
4595,4247,93298,7,216.13,45.82,2025-12-23T17:31:44.583642,entregue,5,True
4596,4561,613,10,3899.32,18.66,2026-05-13T17:31:44.583642,ENVIADO,1,True
4597,2506,1856,4,100.0,150.0,2026-04-28T17:31:44.583642,pago,3,True
4598,3328,1176,6,285.84,39.25,2026-05-31T17:31:44.583642,Enviado,1,True
4599,91342,3168,2,1739.19,466.89,2026-07-15T17:31:44.583642,cancelado,3,True
4600,4421,1206,9,3304.92,744.89,2026-06-23T17:31:44.583642,Entregue,3,True
4601,2897,3958,5,100.0,150.0,2026-05-23T17:31:44.583642,pago,2,True
4602,4318,356,5,100.0,150.0,2025-12-04T17:31:44.583642,pendente,2,True
4603,2639,3456,1,-574.44,446.51,2025-12-05T17:31:44.583642,pago,3,True
4604,4349,2717,1,100.0,150.0,2026-08-28T17:31:44.583642,entregue,2,True
4605,618,2620,9,2115.95,400.77,2025-10-19T17:31:44.583642,Enviado,1,True
4606,1183,1011,4,1410.35,397.03,2025-10-21T17:31:44.583642,Enviado,1,True
4607,749,2546,1,3922.18,267.11,2026-01-01T17:31:44.583642,entregue,-1,True
4608,2310,2259,5,2926.0,645.9,2027-10-09T17:31:44.752480,enviado,3,True
4609,1919,2137,1,3252.62,149.06,2026-09-25T17:31:44.583642,cancelado,-1,True
4610,689,3307,4,-512.88,43.22,2026-07-20T17:31:44.583642,pago,5,True
4611,1502,1027,2,4925.24,87.74,2026-02-27T17:31:44.583642,pAgO,3,True
4612,789,827,8,678.82,16.99,2025-11-26T17:31:44.583642,Enviado,4,True
4613,4354,3612,2,4255.1,540.1,2026-07-02T17:31:44.583642,ENVIADO,5,True
4614,693,1182,9,3900.5,170.79,2026-08-26T17:31:44.583642,pendente,4,True
4615,1730,2864,1,4805.39,305.87,2026-03-09T17:31:44.583642,entregu,3,True
4616,4176,96150,4,3485.4,243.27,2025-11-13T17:31:44.583642,cancelado,1,True
4617,2722,4862,2,3964.02,1136.06,2026-03-12T17:31:44.583642,cancelado,3,True
4618,3791,998,3,2521.65,552.61,2026-08-22T17:31:44.583642,pedente,4,True
4619,95822,3170,2,749.96,140.47,2026-05-24T17:31:44.583642,entregue,5,True
4620,3244,3220,9,1656.61,39.71,2026-04-30T17:31:44.583642,CANCELADO,2,True
4621,3188,985,4,-616.25,149.36,2026-03-06T17:31:44.583642,pendente,4,True
4622,200,1176,7,100.0,150.0,2026-03-05T17:31:44.583642,cancelado,1,True
4623,2249,665,4,-42.34,464.92,2026-04-18T17:31:44.583642,pago,1,True
4624,1573,3095,9,3134.41,462.59,2026-06-03T17:31:44.583642,Pendente,1,True
4625,235,3500,3,327.51,14.78,2026-07-12T17:31:44.583642,Entregue,3,True
4626,1275,2445,-2,4960.6,1053.86,2026-03-08T17:31:44.583642,pendente,5,True
4627,4695,748,10,1512.26,163.02,2026-04-16T17:31:44.583642,pago,10,True
4628,1384,265,1,1919.75,306.41,2026-04-21T17:31:44.583642,pendente,5,True
4629,1253,4280,2,-924.6,105.51,2026-07-31T17:31:44.583642,enviado,5,True
4630,1630,398,4,3804.51,322.44,2027-10-09T17:31:44.752652,enviado,3,True
4631,1856,2356,-2,4021.56,709.57,2025-11-14T17:31:44.583642,pendente,1,True
4632,4632,3786,-7,1898.35,293.37,2025-11-09T17:31:44.583642,entregue,5,True
4633,2836,4212,1,-470.58,854.44,2026-06-04T17:31:44.583642,cancelado,1,True
4634,2349,3050,9,808.0,53.51,2026-05-21T17:31:44.583642,Pendente,4,True
4635,1161,1855,4,3529.08,625.76,2026-05-22T17:31:44.583642,enviado,10,True
4636,94749,2648,2,2614.41,549.86,2025-12-16T17:31:44.583642,enviado,1,True
4637,292,1763,3,1691.5,277.09,2026-04-01T17:31:44.583642,Cancelado,3,True
4638,99418,3675,5,3460.3,634.95,2026-09-17T17:31:44.583642,cancelado,4,True
4639,95954,3184,4,1833.83,157.29,2026-01-09T17:31:44.583642,pago,3,True
4640,4510,2791,9,2077.0,581.01,2026-04-07T17:31:44.583642,eNVIaDO,5,True
4641,707,582,6,760.15,166.18,2025-12-18T17:31:44.583642,entregue,5,True
4642,2201,2953,3,1233.67,113.8,2026-06-11T17:31:44.583642,CANCELADO,2,True
4643,3140,91714,5,2416.85,392.68,2025-11-28T17:31:44.583642,enviado,2,True
4644,4212,2401,3,817.99,239.03,2026-01-15T17:31:44.583642,PAGO,3,True
4645,94913,2963,9,518.32,55.2,2025-12-05T17:31:44.583642,pendente,1,True
4646,216,4409,10,3670.95,134.97,2026-09-04T17:31:44.583642,pndente,5,True
4647,3026,1359,9,3081.91,495.25,2027-10-09T17:31:44.752791,entregue,5,True
4648,2760,91459,6,2999.33,4.96,2026-05-31T17:31:44.583642,pendente,5,True
4649,1589,621,9,1447.85,37.62,2025-10-11T17:31:44.583642,pago0,2,True
4650,663,1470,7,4031.74,554.98,2026-08-19T17:31:44.583642,EnvIAdO,1,True
4651,4144,161,7,1041.35,108.01,2026-09-24T17:31:44.583642,cancelado,,True
4652,3020,3373,10,1988.83,61.25,2027-10-09T17:31:44.752832,pendente,1,True
4653,3246,1123,-7,815.85,197.35,2026-07-02T17:31:44.583642,enviado,4,True
4654,1684,3161,9,989.67,281.89,2026-09-05T17:31:44.583642,Pago,2,True
4655,4743,292,1,1000.09,34.31,2026-06-04T17:31:44.583642,cancelado ,2,True
4656,1676,4477,2,3549.99,654.13,2025-10-16T17:31:44.583642,CANCELADO,5,True
4657,98821,4432,9,4324.16,739.22,2026-05-13T17:31:44.583642,enviado,4,True
4658,2483,66,8,1384.24,356.9,2026-07-24T17:31:44.583642,CANCeLaDo,3,True
4659,3740,4452,7,2471.77,482.97,2026-06-23T17:31:44.583642,entregue,2,True
4660,2549,2527,7,1573.97,287.67,2026-05-11T17:31:44.583642,pago,10,True
4661,967,2550,10,1369.18,329.9,2026-06-13T17:31:44.583642,ENVIADO,2,True
4662,2332,3111,6,1034.24,124.94,2025-12-03T17:31:44.583642,EnviadO,4,True
4663,1510,4575,-3,3052.84,233.99,2026-07-20T17:31:44.583642,entregue,5,True
4664,4295,4182,8,2135.14,591.74,2026-01-17T17:31:44.583642,cancelado ,5,True
4665,2681,520,3,2081.85,18.42,2026-10-05T17:31:44.583642,PendEnTe,5,True
4666,2222,620,2,1710.44,53.33,2025-11-02T17:31:44.583642,Pago,2,True
4667,324,99792,2,1732.0,472.51,2026-05-18T17:31:44.583642,pago,2,True
4668,4677,3287,8,3239.06,499.54,2027-10-09T17:31:44.752971,pago,5,True
4669,217,55,10,3872.44,907.75,2026-06-08T17:31:44.583642,cancelado,,True
4670,97054,3733,5,2284.61,363.09,2026-09-02T17:31:44.583642,pago,3,True
4671,3088,1865,10,2051.69,305.32,2026-10-02T17:31:44.583642,canceladu,3,True
4672,339,673,5,-186.82,73.96,2026-04-29T17:31:44.583642,pago,4,True
4673,4979,4413,8,754.37,144.59,2025-12-10T17:31:44.583642,enviado,6,True
4674,1361,570,-5,1576.83,262.07,2025-12-16T17:31:44.583642,pendente,5,True
4675,1407,3949,1,100.0,150.0,2026-05-04T17:31:44.583642,cancelado,1,True
4676,4538,4717,6,59.16,10.48,2027-10-09T17:31:44.753034,enviado,3,True
4677,948,3960,7,408.24,93.95,2026-09-16T17:31:44.583642,PeNdentE,3,True
4678,3957,4555,-7,4683.52,41.88,2025-12-04T17:31:44.583642,cancelado,1,True
4679,1602,2668,-3,62.82,12.07,2026-07-04T17:31:44.583642,pendente,3,True
4680,1848,1053,7,4222.7,491.91,2027-10-09T17:31:44.753068,cancelado,1,True
4681,745,95230,3,351.84,96.71,2026-05-19T17:31:44.583642,enviado,4,True
4682,19,2329,1,2174.66,357.71,2026-09-04T17:31:44.583642,Cancelado,3,True
4683,2373,1313,9,4794.8,688.14,2026-05-17T17:31:44.583642,enviado,,True
4684,2995,99592,1,3880.98,489.72,2026-03-14T17:31:44.583642,pago,4,True
4685,4595,3013,6,4567.48,1206.54,2027-10-09T17:31:44.753107,pago,1,True
4686,34,4757,2,2697.47,530.59,2026-08-17T17:31:44.583642,pendente,2,True
4687,3427,97861,5,4612.02,312.26,2026-04-09T17:31:44.583642,cancelado,3,True
4688,1565,824,-2,3259.95,473.63,2026-05-17T17:31:44.583642,enviado,2,True
4689,2495,985,10,3421.53,755.84,2026-08-19T17:31:44.583642,pago,,True
4690,40,3310,9,642.14,120.82,2026-01-17T17:31:44.583642,cANCeLADO,2,True
4691,2070,3964,5,3402.09,484.36,2026-04-23T17:31:44.583642,entregue,3,True
4692,1125,96931,2,2186.86,299.79,2026-08-15T17:31:44.583642,entregue,3,True
4693,4557,3514,6,3355.14,327.88,2025-11-25T17:31:44.583642,PenDEnTe,3,True
4694,2756,867,10,2268.04,542.12,2026-04-29T17:31:44.583642,entrege,2,True
4695,1620,1533,-2,4765.09,233.0,2026-08-13T17:31:44.583642,pendente,1,True
4696,543,4440,-3,4778.48,491.96,2025-11-26T17:31:44.583642,cancelado,2,True
4697,3803,3820,7,2037.3,325.72,2026-07-06T17:31:44.583642,CAnceLado,4,True
4698,1335,1048,1,2871.71,37.19,2025-12-04T17:31:44.583642,cAncELAdo,2,True
4699,1917,21,10,-395.42,546.64,2026-03-08T17:31:44.583642,pago,5,True
4700,525,1604,5,4113.23,476.67,2026-01-30T17:31:44.583642,cancelado,5,True
4701,4845,2800,9,3632.41,350.55,2025-10-30T17:31:44.583642,pendente,4,True
4702,3066,4584,2,-502.24,113.38,2026-09-06T17:31:44.583642,enviado,2,True
4703,1901,636,2,100.0,150.0,2026-08-05T17:31:44.583642,enviado,5,True
4704,577,94581,3,4247.98,624.34,2026-04-02T17:31:44.583642,pago,4,True
4705,2050,549,9,3790.07,675.74,2026-04-01T17:31:44.583642,CANCELADO,3,True
4706,4006,442,3,3508.62,641.6,2025-11-02T17:31:44.583642,Enviado,3,True
4707,748,2632,-3,1196.37,140.51,2026-05-12T17:31:44.583642,pendente,2,True
4708,4490,2392,10,1391.67,188.47,2025-11-30T17:31:44.583642,entregu,5,True
4709,1028,4472,2,-475.36,180.37,2025-11-27T17:31:44.583642,pago,2,True
4710,552,3726,9,-457.82,129.91,2026-03-29T17:31:44.583642,pago,4,True
4711,1851,1151,6,100.0,150.0,2025-12-03T17:31:44.583642,entregue,4,True
4712,1419,96404,4,4978.85,427.72,2026-04-20T17:31:44.583642,cancelado,3,True
4713,3501,1512,-3,1740.09,143.82,2026-03-05T17:31:44.583642,pago,4,True
4714,4268,552,10,4656.07,359.37,2026-09-13T17:31:44.583642,PENDENTE,2,True
4715,3407,681,3,-508.98,1046.92,2025-12-06T17:31:44.583642,pendente,3,True
4716,1909,4827,7,29.77,0.51,2026-07-13T17:31:44.583642,Entregue,3,True
4717,3591,2570,8,1893.45,269.96,2025-12-04T17:31:44.583642,Pendente,3,True
4718,328,3436,9,2498.28,101.35,2026-02-15T17:31:44.583642,canceladu,2,True
4719,2687,1546,6,405.6,39.03,2026-01-05T17:31:44.583642,ENTREGUE,1,True
4720,2880,3755,7,-395.22,141.58,2026-04-01T17:31:44.583642,cancelado,3,True
4721,3205,3790,8,-91.14,253.21,2026-09-28T17:31:44.583642,enviado,2,True
4722,3595,145,7,3398.75,233.63,2026-08-06T17:31:44.583642,PENDENTE,1,True
4723,2560,72,3,288.21,71.99,2025-10-10T17:31:44.583642,Pago,3,True
4724,1452,95666,6,717.59,156.42,2026-06-01T17:31:44.583642,pago,4,True
4725,3345,4496,-4,3209.8,317.49,2026-02-11T17:31:44.583642,entregue,3,True
4726,1870,2526,6,3802.76,1082.69,2027-10-09T17:31:44.753431,entregue,3,True
4727,3365,95231,5,531.35,158.42,2026-03-01T17:31:44.583642,enviado,4,True
4728,1971,3745,5,4312.88,302.95,2025-11-25T17:31:44.583642,Pendente,3,True
4729,1019,3947,-8,3167.64,237.67,2026-03-15T17:31:44.583642,entregue,2,True
4730,3249,98956,8,4220.79,562.24,2026-01-29T17:31:44.583642,cancelado,5,True
4731,95051,4052,8,3692.59,1093.56,2026-07-03T17:31:44.583642,pendente,1,True
4732,1165,4846,10,2980.32,222.28,2026-06-07T17:31:44.583642,pendente,100,True
4733,489,398,3,100.0,150.0,2026-02-03T17:31:44.583642,cancelado,3,True
4734,1008,1587,10,3984.88,603.39,2026-04-02T17:31:44.583642,entregu,5,True
4735,830,1064,2,985.09,24.78,2025-10-10T17:31:44.583642,ENTReguE,4,True
4736,627,348,4,526.95,33.38,2025-11-17T17:31:44.583642,cancelado,100,True
4737,94923,1160,9,1490.3,223.77,2026-07-07T17:31:44.583642,cancelado,4,True
4738,853,822,9,4168.81,1050.32,2026-01-21T17:31:44.583642,Cancelado,2,True
4739,4593,4608,-2,3282.82,515.21,2026-02-01T17:31:44.583642,cancelado,2,True
4740,2406,1462,-1,3253.45,909.02,2026-01-10T17:31:44.583642,pendente,5,True
4741,1177,105,7,4907.0,1208.71,2025-11-05T17:31:44.583642,cacelado,4,True
4742,3206,1965,2,1689.88,214.55,2026-03-15T17:31:44.583642,Pendente,1,True
4743,4993,4932,6,2133.46,48.59,2026-05-04T17:31:44.583642,cancelado,5,True
4744,4107,4814,3,2076.05,110.05,2026-05-08T17:31:44.583642,pago,3,True
4745,3895,1672,4,1491.51,372.36,2026-03-22T17:31:44.583642,pago,1,True
4746,90207,3662,9,563.35,77.19,2025-12-04T17:31:44.583642,enviado,3,True
4747,1538,699,1,-837.68,41.54,2026-05-16T17:31:44.583642,pago,4,True
4748,1471,4237,6,-708.5,818.06,2026-09-26T17:31:44.583642,pago,2,True
4749,1826,798,4,1918.72,467.62,2026-01-28T17:31:44.583642,Pago,4,True
4750,99560,3983,7,2283.1,219.39,2025-11-16T17:31:44.583642,cancelado,2,True
4751,1551,2542,4,4731.49,703.19,2025-11-07T17:31:44.583642,PAGO,2,True
4752,3065,1018,4,-788.37,114.98,2026-07-02T17:31:44.583642,cancelado,1,True
4753,3660,1855,7,3108.67,117.19,2026-06-30T17:31:44.583642,Pendente,1,True
4754,2948,752,2,2619.52,487.93,2025-11-19T17:31:44.583642,pago,100,True
4755,3922,1162,4,4800.9,435.2,2026-04-24T17:31:44.583642,entregue,-1,True
4756,868,485,-4,3984.14,589.65,2026-06-23T17:31:44.583642,pago,1,True
4757,95928,3533,8,462.77,56.23,2025-11-10T17:31:44.583642,enviado,2,True
4758,3198,750,4,-415.58,70.67,2025-11-20T17:31:44.583642,pago,2,True
4759,4676,2748,2,2105.37,510.46,2026-01-30T17:31:44.583642,PEnDEntE,5,True
4760,92540,1358,4,2655.72,184.44,2026-02-24T17:31:44.583642,pendente,3,True
4761,93455,4308,8,4569.81,344.8,2026-03-08T17:31:44.583642,enviado,5,True
4762,3136,440,10,236.81,15.65,2026-04-23T17:31:44.583642,enviado,100,True
4763,4052,3497,7,4816.62,1027.15,2026-03-24T17:31:44.583642,pendnete,4,True
4764,540,1702,5,3864.75,382.24,2026-01-29T17:31:44.583642,paguo,2,True
4765,539,1525,9,100.0,150.0,2026-03-10T17:31:44.583642,entregue,3,True
4766,1644,3666,3,100.0,150.0,2026-08-01T17:31:44.583642,entregue,5,True
4767,641,1234,3,2973.94,158.44,2026-09-03T17:31:44.583642,CANceLaDo,1,True
4768,3882,877,5,4285.6,417.32,2025-10-22T17:31:44.583642,etregue,2,True
4769,1482,3377,-6,3415.52,529.55,2026-02-21T17:31:44.583642,pendente,2,True
4770,2479,318,6,4754.67,259.2,2026-06-09T17:31:44.583642,enviado,100,True
4771,1288,99839,3,3915.62,734.7,2025-11-16T17:31:44.583642,entregue,2,True
4772,4449,1409,4,2434.45,712.24,2025-10-12T17:31:44.583642,enviiado,5,True
4773,4495,1159,4,-920.53,214.89,2025-12-10T17:31:44.583642,cancelado,3,True
4774,2736,3174,2,3378.96,790.94,2026-07-31T17:31:44.583642,pedente,3,True
4775,2969,3813,4,100.0,150.0,2026-02-04T17:31:44.583642,pendente,3,True
4776,4541,1968,3,3742.04,940.57,2025-12-17T17:31:44.583642,Entregue,5,True
4777,92586,4092,1,1414.48,56.54,2026-02-19T17:31:44.583642,enviado,5,True
4778,3579,814,-4,1859.28,416.89,2026-03-12T17:31:44.583642,cancelado,5,True
4779,710,2694,10,2362.54,341.71,2025-11-14T17:31:44.583642,canceldo,1,True
4780,2160,1527,1,1320.56,154.33,2026-08-08T17:31:44.583642,ENVIADO,4,True
4781,274,804,-3,2428.28,192.24,2026-01-04T17:31:44.583642,pago,5,True
4782,3766,589,6,3506.3,20.0,2027-10-09T17:31:44.753861,enviado,1,True
4783,2511,4541,6,723.78,17.99,2026-04-22T17:31:44.583642,cacelado,3,True
4784,3045,4172,8,2922.7,494.37,2027-10-09T17:31:44.753879,entregue,4,True
4785,4329,3162,9,2948.87,566.38,2027-10-09T17:31:44.754030,cancelado,2,True
4786,2654,1982,-8,3386.89,734.73,2025-10-29T17:31:44.583642,cancelado,3,True
4787,4252,3244,9,-557.67,258.53,2026-07-05T17:31:44.583642,pendente,1,True
4788,3787,3900,7,1479.14,67.59,2026-04-25T17:31:44.583642,PAGO,4,True
4789,2902,3813,3,100.0,150.0,2025-10-27T17:31:44.583642,entregue,5,True
4790,386,3949,10,2500.99,40.8,2026-08-01T17:31:44.583642,Pago,2,True
4791,1771,1890,4,100.0,150.0,2026-03-04T17:31:44.583642,enviado,2,True
4792,2000,2488,3,4610.41,826.29,2026-07-30T17:31:44.583642,ENVIADO,4,True
4793,861,1185,-4,4149.21,48.14,2025-12-08T17:31:44.583642,pago,4,True
4794,2294,2717,8,4390.39,549.81,2025-12-27T17:31:44.583642,enViAdO,2,True
4795,210,1970,6,100.0,150.0,2026-06-24T17:31:44.583642,entregue,5,True
4796,1772,93224,8,2382.12,483.44,2026-10-01T17:31:44.583642,pendente,5,True
4797,559,4406,9,1390.83,367.15,2026-03-08T17:31:44.583642,Enviado,2,True
4798,2288,771,1,32.19,4.42,2026-09-10T17:31:44.583642,ENTREGUE,4,True
4799,3834,4761,2,1058.48,119.27,2026-08-23T17:31:44.583642,Entregue,4,True
4800,2284,2837,1,1684.94,123.38,2027-10-09T17:31:44.754152,enviado,2,True
4801,4678,3479,3,3045.46,14.0,2025-11-27T17:31:44.583642,paguo,2,True
4802,3655,4259,9,2507.61,454.77,2026-03-03T17:31:44.583642,PAGO,2,True
4803,4821,4425,5,1393.41,245.67,2026-05-24T17:31:44.583642,PAGo,4,True
4804,4508,2495,6,-689.46,477.7,2026-02-10T17:31:44.583642,pago,3,True
4805,1750,4642,4,1815.63,170.64,2026-02-20T17:31:44.583642,pENdENtE,4,True
4806,978,2333,10,985.31,202.46,2026-04-13T17:31:44.583642,pedente,4,True
4807,1769,2540,7,310.67,26.93,2026-06-30T17:31:44.583642,pEnDENte,5,True
4808,4986,420,9,563.83,111.01,2027-10-09T17:31:44.754222,cancelado,4,True
4809,4569,214,-4,3365.69,223.3,2026-04-26T17:31:44.583642,cancelado,5,True
4810,3198,2713,1,1754.88,426.23,2026-02-24T17:31:44.583642,enviiado,3,True
4811,3143,3507,9,281.15,13.04,2026-06-30T17:31:44.583642,ENTREGUE,4,True
4812,817,4359,5,1693.25,423.29,2026-09-11T17:31:44.583642,PAGO,4,True
4813,3804,2552,4,2642.41,364.11,2026-06-30T17:31:44.583642,canceldo,3,True
4814,3302,4643,1,4138.13,30.06,2025-12-15T17:31:44.583642,cancelado,1,True
4815,1544,3545,5,2832.55,651.53,2027-10-09T17:31:44.754277,pago,2,True
4816,4838,3725,5,3780.31,381.46,2026-01-10T17:31:44.583642,Enviado,4,True
4817,1915,4286,3,4512.41,231.63,2026-06-03T17:31:44.583642,Pendente,1,True
4818,2745,3608,8,1137.52,198.53,2026-05-12T17:31:44.583642,entrege,4,True
4819,1383,3839,7,737.48,219.18,2025-11-12T17:31:44.583642,PENDENTE,5,True
4820,407,4792,5,100.0,150.0,2025-11-09T17:31:44.583642,pago,3,True
4821,935,3911,10,264.55,23.87,2026-04-03T17:31:44.583642,ENVIADO,1,True
4822,1851,2242,5,4804.6,553.22,2027-10-09T17:31:44.754331,cancelado,5,True
4823,2824,2672,9,-643.36,269.42,2026-01-18T17:31:44.583642,enviado,5,True
4824,776,4283,1,3384.42,833.47,2026-05-04T17:31:44.583642,pAGO,4,True
4825,3804,1728,4,741.91,9.67,2026-02-13T17:31:44.583642,enviado ,1,True
4826,4978,4294,2,2628.69,669.97,2027-10-09T17:31:44.754367,cancelado,5,True
4827,1894,590,9,2017.91,253.47,2026-06-08T17:31:44.583642,cacelado,3,True
4828,3481,4661,-4,1764.72,401.1,2026-05-22T17:31:44.583642,pendente,2,True
4829,1988,3592,10,795.37,67.44,2025-11-08T17:31:44.583642,PAgO,5,True
4830,120,98112,5,4785.19,1216.72,2026-03-17T17:31:44.583642,entregue,2,True
4831,1839,2261,1,3802.48,471.73,2026-09-03T17:31:44.583642,pedente,2,True
4832,96445,3882,3,2660.97,322.04,2026-07-28T17:31:44.583642,cancelado,5,True
4833,90964,201,9,4251.57,1264.49,2026-01-05T17:31:44.583642,pendente,1,True
4834,3562,39,1,285.03,32.49,2026-02-06T17:31:44.583642,Cancelado,4,True
4835,99692,4933,3,2560.8,264.49,2025-12-06T17:31:44.583642,pago,4,True
4836,461,4027,3,100.0,150.0,2026-02-02T17:31:44.583642,enviado,3,True
4837,56,1073,4,4783.62,601.33,2026-04-07T17:31:44.583642,CANCElAdo,1,True
4838,2195,2435,3,4248.45,720.19,2026-01-20T17:31:44.583642,PenDenTE,5,True
4839,4358,90067,2,2134.14,420.81,2025-11-01T17:31:44.583642,enviado,2,True
4840,2971,462,7,205.78,32.68,2025-11-05T17:31:44.583642,cancelado,6,True
4841,1044,1785,1,1286.13,156.94,2025-12-26T17:31:44.583642,PAGO,1,True
4842,3890,791,1,100.0,150.0,2026-07-15T17:31:44.583642,entregue,2,True
4843,4072,2080,10,770.73,66.4,2027-10-09T17:31:44.754505,pago,4,True
4844,2559,2348,7,2638.77,27.12,2025-12-25T17:31:44.583642,canceldo,3,True
4845,3691,4650,10,-549.44,472.78,2026-03-04T17:31:44.583642,cancelado,2,True
4846,2264,1079,6,2661.2,109.2,2026-02-20T17:31:44.583642,EnVIaDo,3,True
4847,2221,2339,4,837.25,186.2,2025-10-20T17:31:44.583642,entregue,,True
4848,2874,1685,-3,3905.33,676.9,2026-05-03T17:31:44.583642,pago,1,True
4849,3427,3259,10,-272.35,718.67,2026-08-27T17:31:44.583642,cancelado,1,True
4850,868,1407,2,554.21,105.04,2026-02-15T17:31:44.583642,enviado,3,True
4851,4375,3183,3,2375.46,531.58,2025-11-13T17:31:44.583642,pendente,6,True
4852,1467,3711,4,784.85,226.42,2027-10-09T17:31:44.754576,pendente,1,True
4853,1991,515,10,1940.0,233.03,2026-03-20T17:31:44.583642,cancelado ,4,True
4854,4868,492,3,-869.42,332.47,2026-01-06T17:31:44.583642,pago,3,True
4855,896,2133,4,2627.16,247.28,2026-04-17T17:31:44.583642,canceldo,3,True
4856,433,3265,4,3633.51,612.2,2026-07-02T17:31:44.583642,pendente,2,True
4857,124,4675,2,2756.32,128.41,2025-11-22T17:31:44.583642,Pendente,1,True
4858,2456,2419,10,3189.66,373.01,2026-06-18T17:31:44.583642,pendente,,True
4859,3090,1755,-10,471.31,88.51,2026-07-09T17:31:44.583642,pendente,4,True
4860,4223,2937,7,2287.73,176.02,2027-10-09T17:31:44.754637,enviado,4,True
4861,3869,2052,8,1949.48,539.32,2027-10-09T17:31:44.754646,entregue,3,True
4862,256,3583,5,829.01,179.45,2025-11-22T17:31:44.583642,pago,,True
4863,4191,2195,10,4208.11,1215.18,2026-03-24T17:31:44.583642,ENVIADO,3,True
4864,275,1483,1,895.31,234.36,2026-08-26T17:31:44.583642,PAGO,1,True
4865,4696,4374,8,762.56,26.6,2025-12-11T17:31:44.583642,Entregue,5,True
4866,3894,1069,7,1273.17,344.43,2026-04-09T17:31:44.583642,entregue,100,True
4867,4536,2612,10,100.0,150.0,2026-09-09T17:31:44.583642,pendente,3,True
4868,3192,4592,-1,1637.48,22.05,2026-01-16T17:31:44.583642,pago,1,True
4869,4312,91558,10,4981.8,1172.26,2025-12-01T17:31:44.583642,pendente,5,True
4870,1633,1022,6,4030.2,428.66,2026-06-04T17:31:44.583642,enviado,5,True
4871,37,3037,10,3751.48,414.31,2027-10-09T17:31:44.754723,pago,1,True
4872,2959,2461,5,1919.31,137.06,2026-07-09T17:31:44.583642,paGo,2,True
4873,4441,3090,6,3996.06,417.34,2025-11-07T17:31:44.583642,pago,1,True
4874,589,1852,3,1999.33,117.37,2026-02-21T17:31:44.583642,PAGO,1,True
4875,3125,2533,10,3780.34,623.79,2026-09-29T17:31:44.583642,CANCELADO,5,True
4876,4712,4094,1,2645.83,546.88,2026-02-10T17:31:44.583642,ENTREGUE,1,True
4877,779,90446,9,1084.74,159.29,2026-04-29T17:31:44.583642,enviado,1,True
4878,1429,12,2,1336.46,194.55,2026-08-13T17:31:44.583642,cancelado,-1,True
4879,130,3992,5,196.83,33.09,2026-06-12T17:31:44.583642,Pago,5,True
4880,2621,2278,1,3654.66,72.72,2025-10-27T17:31:44.583642,enviado ,5,True
4881,1167,1732,9,4041.37,431.71,2027-10-09T17:31:44.754804,pendente,1,True
4882,807,1005,1,2887.18,700.28,2027-10-09T17:31:44.754813,entregue,2,True
4883,2372,4748,4,2335.73,388.61,2025-12-06T17:31:44.583642,pendEnTE,3,True
4884,202,711,-4,1434.69,428.11,2026-03-19T17:31:44.583642,pago,3,True
4885,2675,4205,1,2781.07,527.14,2026-03-27T17:31:44.583642,entregue,100,True
4886,267,94234,2,4899.7,1295.75,2026-07-12T17:31:44.583642,pendente,3,True
4887,3348,3256,-9,1030.49,70.45,2026-07-11T17:31:44.583642,cancelado,1,True
4888,812,3307,10,-778.93,14.24,2025-10-23T17:31:44.583642,pago,4,True
4889,3711,2276,3,4794.32,988.39,2026-10-04T17:31:44.583642,pago,1,True
4890,89,2508,1,4092.94,1163.19,2026-08-10T17:31:44.583642,Cancelado,2,True
4891,563,1859,9,4693.13,282.6,2025-12-19T17:31:44.583642,CANCELADO,2,True
4892,3382,90413,7,3591.84,409.14,2026-03-19T17:31:44.583642,pago,1,True
4893,4158,1131,8,4878.1,1352.47,2026-05-11T17:31:44.583642,canceladu,1,True
4894,4950,3288,8,3436.04,486.04,2025-11-10T17:31:44.583642,pago,5,True
4895,2687,2458,4,2487.67,584.82,2026-02-14T17:31:44.583642,ENTREgUE,5,True
4896,3443,1392,6,1817.79,299.28,2025-12-02T17:31:44.583642,ENVIADO,1,True
4897,3331,90072,8,1869.57,434.55,2026-07-30T17:31:44.583642,pago,1,True
4898,3666,94657,2,2550.2,406.81,2026-06-03T17:31:44.583642,enviado,2,True
4899,92856,1173,4,555.13,94.24,2026-07-28T17:31:44.583642,pendente,5,True
4900,34,95024,7,355.51,22.24,2026-02-08T17:31:44.583642,pago,3,True
4901,2088,3509,10,4702.89,1393.14,2025-10-28T17:31:44.583642,entregue,-1,True
4902,2427,4711,1,-565.03,462.23,2026-09-11T17:31:44.583642,entregue,2,True
4903,1897,556,4,2515.33,534.59,2026-06-07T17:31:44.583642,pago,-1,True
4904,4999,128,8,100.0,150.0,2025-10-20T17:31:44.583642,cancelado,1,True
4905,4746,90349,7,4319.55,455.08,2026-04-15T17:31:44.583642,pago,2,True
4906,1849,533,3,367.96,85.17,2025-11-04T17:31:44.583642,entregue,-1,True
4907,4715,2641,6,2693.06,600.35,2026-03-28T17:31:44.583642,enviado,10,True
4908,2373,1946,10,4199.24,591.79,2025-11-09T17:31:44.583642,pago,3,True
4909,4280,3298,9,2590.21,294.92,2026-02-09T17:31:44.583642,ENVIADO,2,True
4910,960,3064,10,4311.12,343.75,2026-05-28T17:31:44.583642,Entregue,3,True
4911,4433,4355,7,100.0,150.0,2026-03-22T17:31:44.583642,entregue,5,True
4912,1942,4645,-1,1041.22,61.14,2026-04-04T17:31:44.583642,enviado,4,True
4913,94571,2473,7,2293.6,514.62,2026-07-18T17:31:44.583642,pago,2,True
4914,3724,3837,5,-839.98,342.9,2026-10-05T17:31:44.583642,cancelado,5,True
4915,1140,96578,10,2431.66,11.43,2026-09-21T17:31:44.583642,pago,4,True
4916,4582,1530,10,4095.79,315.98,2026-08-21T17:31:44.583642,ENVIADO,5,True
4917,3405,968,9,3034.54,644.45,2026-06-05T17:31:44.583642,CANCELADO,3,True
4918,138,3489,1,100.0,150.0,2026-04-24T17:31:44.583642,pago,4,True
4919,91192,2491,9,716.49,26.39,2026-05-21T17:31:44.583642,entregue,5,True
4920,919,96963,2,568.01,87.7,2026-06-08T17:31:44.583642,pendente,3,True
4921,314,154,9,2876.76,119.93,2026-06-12T17:31:44.583642,cancelado,6,True
4922,1294,4429,8,2311.71,189.26,2026-06-28T17:31:44.583642,PagO,1,True
4923,1042,3337,1,-602.74,8.9,2026-07-15T17:31:44.583642,pago,5,True
4924,1331,3353,5,100.0,150.0,2026-03-04T17:31:44.583642,entregue,1,True
4925,2363,4733,4,2130.99,353.28,2027-10-09T17:31:44.755162,cancelado,3,True
4926,111,3444,8,95.53,6.59,2026-08-03T17:31:44.583642,cancelado,4,True
4927,3090,3814,4,3345.29,917.27,2025-11-25T17:31:44.583642,enviadio,5,True
4928,1070,1769,1,2794.83,189.21,2026-08-24T17:31:44.583642,eNtREgUE,5,True
4929,4126,1173,6,4127.22,1194.93,2026-10-05T17:31:44.583642,Enviado,2,True
4930,3796,3512,1,4633.46,854.97,2027-10-09T17:31:44.755204,pago,4,True
4931,2807,2925,-3,2744.63,5.79,2026-01-29T17:31:44.583642,pendente,1,True
4932,2566,2710,1,3060.32,295.81,2026-03-21T17:31:44.583642,Enviado,3,True
4933,1772,4804,9,4963.07,1262.48,2026-06-09T17:31:44.583642,EnvIAdO,1,True
4934,3797,2408,4,759.18,80.9,2026-04-10T17:31:44.583642,PENDENTE,2,True
4935,4716,822,1,2808.72,273.8,2026-06-04T17:31:44.583642,pendente ,4,True
4936,1136,2609,-10,2883.94,91.0,2026-06-26T17:31:44.583642,pendente,1,True
4937,526,172,3,609.46,128.11,2025-11-09T17:31:44.583642,Entregue,3,True
4938,1188,4302,9,2571.93,419.96,2027-10-09T17:31:44.755275,cancelado,3,True
4939,4369,4711,8,3379.64,614.24,2026-07-27T17:31:44.583642,PEnDEnTE,5,True
4940,4376,2420,1,3898.99,625.6,2026-09-07T17:31:44.583642,Enviado,3,True
4941,213,97634,1,1905.08,12.99,2025-10-10T17:31:44.583642,pendente,5,True
4942,883,4383,9,3609.18,756.07,2026-08-28T17:31:44.583642,ENTREGUE,3,True
4943,4904,2093,10,-720.8,42.67,2026-03-30T17:31:44.583642,pendente,2,True
4944,658,2244,-2,1670.07,234.47,2026-09-08T17:31:44.583642,pendente,5,True
4945,4868,2121,-6,4663.68,661.56,2026-10-07T17:31:44.583642,enviado,3,True
4946,115,4862,9,100.0,150.0,2025-10-23T17:31:44.583642,entregue,2,True
4947,774,2280,2,149.79,30.6,2026-02-13T17:31:44.583642,pendente,100,True
4948,2072,875,4,4901.16,69.74,2026-04-20T17:31:44.583642,eNTReGuE,1,True
4949,2877,4209,4,2675.84,407.38,2026-06-23T17:31:44.583642,PENDENTE,4,True
4950,2134,5000,6,3228.64,753.58,2025-11-02T17:31:44.583642,cancelado,5,True
4951,96607,189,4,75.24,19.49,2025-10-29T17:31:44.583642,cancelado,5,True
4952,1720,2085,6,3336.82,551.35,2027-10-09T17:31:44.755387,pendente,2,True
4953,1631,2510,6,3048.94,671.35,2026-04-17T17:31:44.583642,pago ,5,True
4954,2686,826,10,-862.12,307.47,2026-08-29T17:31:44.583642,cancelado,4,True
4955,1235,1162,6,1576.36,273.47,2026-03-21T17:31:44.583642,PENDENTE,2,True
4956,530,98283,10,981.48,171.36,2026-06-01T17:31:44.583642,cancelado,3,True
4957,4899,86,6,100.0,150.0,2026-01-11T17:31:44.583642,entregue,5,True
4958,621,727,5,3128.36,800.44,2027-10-09T17:31:44.755433,entregue,3,True
4959,1598,2399,7,311.89,17.22,2026-05-03T17:31:44.583642,enviado ,1,True
4960,11,4388,3,2351.37,192.43,2026-08-01T17:31:44.583642,cancelado,-1,True
4961,3750,4219,8,3479.79,37.16,2027-10-09T17:31:44.755460,cancelado,5,True
4962,2256,2166,8,1629.27,293.3,2026-04-30T17:31:44.583642,enviiado,4,True
4963,174,99523,7,717.27,72.39,2026-03-07T17:31:44.583642,entregue,2,True
4964,1944,4245,3,1268.32,260.1,2026-08-17T17:31:44.583642,peNDEnTe,3,True
4965,535,4994,10,482.14,44.77,2026-08-02T17:31:44.583642,Pago,1,True
4966,4811,732,3,3434.3,594.79,2026-09-02T17:31:44.583642,CANCELADO,4,True
4967,2639,40,1,2454.22,99.08,2026-06-22T17:31:44.583642,CANCELADO,4,True
4968,3045,606,4,504.35,62.49,2026-02-13T17:31:44.583642,CAncelAdo,4,True
4969,3515,4926,5,2535.37,287.53,2025-11-05T17:31:44.583642,Enviado,1,True
4970,3399,161,9,901.08,90.1,2027-10-09T17:31:44.755538,pago,1,True
4971,350,4378,7,1926.29,16.87,2026-09-26T17:31:44.583642,Entregue,4,True
4972,2645,2122,5,-693.33,653.37,2026-03-02T17:31:44.583642,cancelado,5,True
4973,167,1526,6,585.97,80.98,2026-02-22T17:31:44.583642,pendente,,True
4974,3790,3983,4,1647.29,270.59,2026-08-29T17:31:44.583642,entregue,5,True
4975,4100,198,6,236.41,59.46,2026-08-23T17:31:44.583642,Pendente,2,True
4976,4377,4676,9,3714.71,42.94,2027-10-09T17:31:44.755587,enviado,5,True
4977,2885,2410,2,-924.08,222.96,2026-03-01T17:31:44.583642,enviado,1,True
4978,2291,94153,3,2447.23,663.21,2026-09-05T17:31:44.583642,pago,1,True
4979,1232,94616,10,4420.05,319.66,2026-06-09T17:31:44.583642,pendente,2,True
4980,4547,3173,9,100.0,150.0,2026-02-27T17:31:44.583642,pendente,5,True
4981,4360,4451,6,4915.23,361.99,2026-09-11T17:31:44.583642,Cancelado,3,True
4982,1336,2578,1,1691.83,134.13,2026-05-01T17:31:44.583642,Enviado,1,True
4983,1785,462,10,100.0,150.0,2025-11-29T17:31:44.583642,entregue,4,True
4984,1178,3927,5,-66.69,620.35,2026-03-15T17:31:44.583642,cancelado,4,True
4985,2196,1496,10,1540.69,153.22,2025-10-30T17:31:44.583642,PAGO,3,True
4986,2974,3409,-5,4577.7,103.99,2025-11-06T17:31:44.583642,pendente,5,True
4987,3741,2997,1,4329.05,1101.14,2026-02-13T17:31:44.583642,eNtReGuE,5,True
4988,1342,56,7,2828.63,267.77,2026-07-03T17:31:44.583642,PeNDENtE,5,True
4989,538,3219,6,725.86,12.11,2026-04-06T17:31:44.583642,etregue,4,True
4990,694,3243,5,100.0,150.0,2026-08-24T17:31:44.583642,cancelado,4,True
4991,4291,3831,9,1450.77,108.64,2026-09-13T17:31:44.583642,pendente ,2,True
4992,1158,4529,-5,4740.76,407.24,2026-04-17T17:31:44.583642,pendente,3,True
4993,1611,4278,3,4315.93,724.69,2027-10-09T17:31:44.755721,enviado,2,True
4994,4704,1372,10,2704.2,141.66,2026-01-28T17:31:44.583642,Pendente,4,True
4995,1610,3057,-8,3902.86,496.92,2026-09-21T17:31:44.583642,entregue,1,True
4996,1059,3071,4,3083.6,408.74,2026-09-04T17:31:44.583642,pago0,3,True
4997,4496,301,5,-850.79,87.76,2026-07-22T17:31:44.583642,enviado,2,True
4998,3493,4386,6,1399.01,376.18,2025-12-26T17:31:44.583642,pendente,3,True
4999,4979,98786,3,2254.42,96.21,2026-08-01T17:31:44.583642,enviado,3,True
5000,3047,2382,2,4454.6,1301.57,2026-01-18T17:31:44.583642,Cancelado,5,True
