id,nome,email,idade,telefone,cpf,data_nascimento,data_cadastro,inconsistente
1,Julia Lima,cliente1@email.com,61,(15) 91273-1652,166.689.381-52,2027-10-09,2026-10-09T17:04:52.531637,True
2,Beatriz Lima,@sem_dominio,61,(15) 91273-1652,166.689.381-52,2027-10-09,2026-10-09T17:04:52.531637,True
3,Bruno Lima,@sem_dominio,61,(15) 91273-1652,00000000000,2027-10-09,2026-10-09T17:04:52.531637,True
4,Bruno Rodrigues,email_sem_arroba.com,61,(15) 91273-1652,00000000000,2027-10-09,2026-10-09T17:04:52.531637,True
5,Carlos Martins,@sem_dominio,61,(15) 91273-1652,00000000000,2027-10-09,2026-10-09T17:04:52.531637,True
6,Fernanda Ferreira,email com espaços@teste.com,61,(15) 91273-1652,00000000000,2027-10-09,2026-10-09T17:04:52.531637,True
7,Pedro Santos,email com espaços@teste.com,,(15) 91273-1652,00000000000,2027-10-09,2026-10-09T17:04:52.531637,True
8,Bruno Gomes,email com espaços@teste.com,,abcdefgh,00000000000,2027-10-09,2026-10-09T17:04:52.531637,True
9,Maria Lima,email com espaços@teste.com,,abcdefgh,123,2027-10-09,2026-10-09T17:04:52.531637,True
10,Carlos Ferreira,email com espaços@teste.com,,abcdefgh,00000000000,2027-10-09,2026-10-09T17:04:52.531637,True
11,Maria Silva,,,abcdefgh,00000000000,2027-10-09,2026-10-09T17:04:52.531637,True
12,João Gomes,,,,,2027-10-09,2026-10-09T17:04:52.531637,True
13,Camila Silva,,,,,2027-10-09,2026-10-09T17:04:52.531637,True
14,Carlos Souza,,,,,2027-10-09,2026-10-09T17:04:52.531637,True
15,Fernanda Lima,,,,,2027-10-09,2026-10-09T17:04:52.531637,True
16,Rafael Almeida,,0,,,2027-10-09,2026-10-09T17:04:52.531637,True
17,Maria Souza,,0,,,2027-10-09,2026-10-09T17:04:52.531637,True
18,Ana Ferreira,,200,,,2027-10-09,2026-10-09T17:04:52.531637,True
19,Pedro Silva,,200,,,2027-10-09,2026-10-09T17:04:52.531637,True
20,Pedro Rodrigues,,200,,,2027-10-09,2026-10-09T17:04:52.531637,True
21,Beatriz Santos,,200,,,2027-10-09,2026-10-09T17:04:52.531637,True
22,Larissa Silva,,200,,,2027-10-09,2026-10-09T17:04:52.531637,True
23,Rafael Oliveira,,200,,,2027-10-09,2026-10-09T17:04:52.531637,True
24,Fernanda Rodrigues,,200,999999999999999,,2027-10-09,2026-10-09T17:04:52.531637,True
25,Carlos Santos,,200,999999999999999,,2027-10-09,2026-10-09T17:04:52.531637,True
26,Beatriz Costa,,200,,,2027-10-09,2026-10-09T17:04:52.531637,True
27,Carlos Pereira,,200,,,2027-10-09,2026-10-09T17:04:52.531637,True
28,Carlos Gomes,email_sem_arroba.com,200,,,2027-10-09,2026-10-09T17:04:52.531637,True
29,Pedro Gomes,,200,,,2027-10-09,2026-10-09T17:04:52.531637,True
30,Camila Lima,,0,,,2027-10-09,2026-10-09T17:04:52.531637,True
31,Thiago Pereira,email@,0,,,2027-10-09,2026-10-09T17:04:52.531637,True
32,Julia Lima,email@,0,,,2027-10-09,2026-10-09T17:04:52.531637,True
33,Fernanda Almeida,email@,0,abcdefgh,,2027-10-09,2026-10-09T17:04:52.531637,True
34,Thiago Silva,email@,0,999999999999999,,2027-10-09,2026-10-09T17:04:52.531637,True
35,Camila Lima,email@,0,999999999999999,11111111111111,2027-10-09,2026-10-09T17:04:52.531637,True
36,Beatriz Ferreira,@sem_dominio,0,999999999999999,11111111111111,2027-10-09,2026-10-09T17:04:52.531637,True
37,Thiago Lima,email com espaços@teste.com,0,999999999999999,11111111111111,2027-10-09,2026-10-09T17:04:52.531637,True
38,Rafael Lima,email com espaços@teste.com,0,999999999999999,123,2027-10-09,2026-10-09T17:04:52.531637,True
39,Julia Rodrigues,email com espaços@teste.com,0,999999999999999,00000000000,2027-10-09,2026-10-09T17:04:52.531637,True
40,João Silva,email com espaços@teste.com,0,999999999999999,123,2027-10-09,2026-10-09T17:04:52.531637,True
41,Bruno Ferreira,email com espaços@teste.com,,999999999999999,123,2027-10-09,2026-10-09T17:04:52.531637,True
42,Carlos Souza,email com espaços@teste.com,0,999999999999999,123,2027-10-09,2026-10-09T17:04:52.531637,True
43,Fernanda Pereira,email com espaços@teste.com,0,999999999999999,11111111111111,2027-10-09,2026-10-09T17:04:52.531637,True
44,Larissa Rodrigues,,0,999999999999999,11111111111111,2027-10-09,2026-10-09T17:04:52.531637,True
45,João Silva,email_sem_arroba.com,0,999999999999999,11111111111111,2027-10-09,2026-10-09T17:04:52.531637,True
46,Rafael Ferreira,,0,,,2027-10-09,2026-10-09T17:04:52.531637,True
47,Pedro Martins,email_sem_arroba.com,0,,,2027-10-09,2026-10-09T17:04:52.531637,True
48,Thiago Ferreira,email_sem_arroba.com,0,999999999999999,,2027-10-09,2026-10-09T17:04:52.531637,True
49,Carlos Rodrigues,,0,,,2027-10-09,2026-10-09T17:04:52.531637,True
50,Fernanda Ferreira,,-5,,,2027-10-09,2026-10-09T17:04:52.531637,True
51,Ana Almeida,email@,-5,,,2027-10-09,2026-10-09T17:04:52.531637,True
52,Lucas Martins,,-5,,,2027-10-09,2026-10-09T17:04:52.531637,True
53,Fernanda Oliveira,,-5,,,2027-10-09,2026-10-09T17:04:52.531637,True
54,Thiago Ferreira,email com espaços@teste.com,-5,,,2027-10-09,2026-10-09T17:04:52.531637,True
55,Bruno Santos,,-5,,,2027-10-09,2026-10-09T17:04:52.531637,True
56,Thiago Martins,,-5,,,2027-10-09,2026-10-09T17:04:52.531637,True
57,Thiago Santos,,-5,,123,2027-10-09,2026-10-09T17:04:52.531637,True
58,Fernanda Oliveira,,-5,,123,2027-10-09,2026-10-09T17:04:52.531637,True
59,Julia Lima,,-5,,,2027-10-09,2026-10-09T17:04:52.531637,True
60,Beatriz Ferreira,,-5,999999999999999,,2027-10-09,2026-10-09T17:04:52.531637,True
61,Thiago Silva,,-5,999999999999999,,2027-10-09,2026-10-09T17:04:52.531637,True
62,Camila Gomes,,-5,,,2027-10-09,2026-10-09T17:04:52.531637,True
63,Larissa Souza,,200,,,2027-10-09,2026-10-09T17:04:52.531637,True
64,Thiago Santos,,200,,,2027-10-09,2026-10-09T17:04:52.531637,True
65,Thiago Silva,,200,,,2027-10-09,2026-10-09T17:04:52.531637,True
66,Rafael Santos,,200,,11111111111111,2027-10-09,2026-10-09T17:04:52.531637,True
67,Beatriz Martins,,150,,11111111111111,2027-10-09,2026-10-09T17:04:52.531637,True
68,Diego Martins,,150,,11111111111111,2027-10-09,2026-10-09T17:04:52.531637,True
69,Julia Ferreira,,150,,11111111111111,2027-10-09,2026-10-09T17:04:52.531637,True
70,Carlos Ferreira,,,,11111111111111,2027-10-09,2026-10-09T17:04:52.531637,True
71,Larissa Oliveira,,,,,2027-10-09,2026-10-09T17:04:52.531637,True
72,Lucas Gomes,,,999999999999999,,2027-10-09,2026-10-09T17:04:52.531637,True
73,Diego Martins,,,,,2027-10-09,2026-10-09T17:04:52.531637,True
74,João Santos,,,123,,2027-10-09,2026-10-09T17:04:52.531637,True
75,Julia Souza,,,,,2027-10-09,2026-10-09T17:04:52.531637,True
76,Bruno Almeida,,-5,,,2027-10-09,2026-10-09T17:04:52.531637,True
77,Maria Souza,,-5,,,2027-10-09,2026-10-09T17:04:52.531637,True
78,Fernanda Rodrigues,,-5,,,2027-10-09,2026-10-09T17:04:52.531637,True
79,Lucas Lima,,-5,,,2027-10-09,2026-10-09T17:04:52.531637,True
80,Fernanda Lima,email com espaços@teste.com,-5,,,2027-10-09,2026-10-09T17:04:52.531637,True
81,Lucas Gomes,email com espaços@teste.com,-5,,,2027-10-09,2026-10-09T17:04:52.531637,True
82,Larissa Souza,email com espaços@teste.com,-5,,,2027-10-09,2026-10-09T17:04:52.531637,True
83,Maria Silva,email com espaços@teste.com,-5,,,2027-10-09,2026-10-09T17:04:52.531637,True
84,Larissa Oliveira,@sem_dominio,-5,,,2027-10-09,2026-10-09T17:04:52.531637,True
85,Fernanda Lima,@sem_dominio,-5,,00000000000,2027-10-09,2026-10-09T17:04:52.531637,True
86,Bruno Silva,@sem_dominio,150,,00000000000,2027-10-09,2026-10-09T17:04:52.531637,True
87,Larissa Silva,,150,,,2027-10-09,2026-10-09T17:04:52.531637,True
88,Diego Gomes,,150,,,2027-10-09,2026-10-09T17:04:52.531637,True
89,Fernanda Gomes,,150,,,2027-10-09,2026-10-09T17:04:52.531637,True
90,Rafael Souza,,150,,,2027-10-09,2026-10-09T17:04:52.531637,True
91,Beatriz Ferreira,,200,,,2027-10-09,2026-10-09T17:04:52.531637,True
92,Beatriz Lima,,200,,,2027-10-09,2026-10-09T17:04:52.531637,True
93,Camila Martins,,200,,,2027-10-09,2026-10-09T17:04:52.531637,True
94,Beatriz Souza,,200,,,2027-10-09,2026-10-09T17:04:52.531637,True
95,Maria Ferreira,,-5,,,2027-10-09,2026-10-09T17:04:52.531637,True
96,João Santos,email com espaços@teste.com,-5,,,2027-10-09,2026-10-09T17:04:52.531637,True
97,Larissa Ferreira,email com espaços@teste.com,-5,999999999999999,,2027-10-09,2026-10-09T17:04:52.531637,True
98,Diego Silva,email com espaços@teste.com,-5,,,2027-10-09,2026-10-09T17:04:52.531637,True
99,Lucas Gomes,email com espaços@teste.com,-5,123,,2027-10-09,2026-10-09T17:04:52.531637,True
100,João Costa,email com espaços@teste.com,-5,123,,2027-10-09,2026-10-09T17:04:52.531637,True
101,Thiago Rodrigues,email_sem_arroba.com,-5,123,,2027-10-09,2026-10-09T17:04:52.531637,True
102,João Santos,email_sem_arroba.com,-5,,,2027-10-09,2026-10-09T17:04:52.531637,True
103,Camila Martins,email_sem_arroba.com,-5,,,2027-10-09,2026-10-09T17:04:52.531637,True
104,Pedro Rodrigues,email_sem_arroba.com,-5,abcdefgh,,2027-10-09,2026-10-09T17:04:52.531637,True
105,Diego Souza,email_sem_arroba.com,-5,,,2027-10-09,2026-10-09T17:04:52.531637,True
106,Ana Souza,email_sem_arroba.com,-5,,,2027-10-09,2026-10-09T17:04:52.531637,True
107,João Gomes,,-5,,,2027-10-09,2026-10-09T17:04:52.531637,True
108,Pedro Ferreira,,-5,,123,2027-10-09,2026-10-09T17:04:52.531637,True
109,Fernanda Martins,,-5,,,2027-10-09,2026-10-09T17:04:52.531637,True
110,Maria Santos,,-5,,,2027-10-09,2026-10-09T17:04:52.531637,True
111,Rafael Santos,email com espaços@teste.com,-5,,,2027-10-09,2026-10-09T17:04:52.531637,True
112,Larissa Ferreira,email com espaços@teste.com,-5,,,2027-10-09,2026-10-09T17:04:52.531637,True
113,Rafael Oliveira,email_sem_arroba.com,-5,,,2027-10-09,2026-10-09T17:04:52.531637,True
114,Maria Souza,email_sem_arroba.com,-5,,,2027-10-09,2026-10-09T17:04:52.531637,True
115,Lucas Costa,email_sem_arroba.com,-5,,,2027-10-09,2026-10-09T17:04:52.531637,True
116,Carlos Ferreira,email_sem_arroba.com,200,,,2027-10-09,2026-10-09T17:04:52.531637,True
117,Bruno Gomes,email_sem_arroba.com,200,,,2027-10-09,2026-10-09T17:04:52.531637,True
118,Julia Almeida,email_sem_arroba.com,0,,,2027-10-09,2026-10-09T17:04:52.531637,True
119,Rafael Rodrigues,email_sem_arroba.com,0,,00000000000,2027-10-09,2026-10-09T17:04:52.531637,True
120,Fernanda Oliveira,email_sem_arroba.com,0,,00000000000,2027-10-09,2026-10-09T17:04:52.531637,True
121,Larissa Gomes,email_sem_arroba.com,0,,00000000000,2027-10-09,2026-10-09T17:04:52.531637,True
122,Camila Oliveira,email_sem_arroba.com,0,,00000000000,2027-10-09,2026-10-09T17:04:52.531637,True
123,Lucas Pereira,email_sem_arroba.com,-5,,00000000000,2027-10-09,2026-10-09T17:04:52.531637,True
124,Maria Almeida,email_sem_arroba.com,-5,,00000000000,2027-10-09,2026-10-09T17:04:52.531637,True
125,Carlos Lima,,-5,,00000000000,2027-10-09,2026-10-09T17:04:52.531637,True
126,Larissa Costa,,-5,,11111111111111,2027-10-09,2026-10-09T17:04:52.531637,True
127,Fernanda Costa,email com espaços@teste.com,-5,,11111111111111,2027-10-09,2026-10-09T17:04:52.531637,True
128,Fernanda Almeida,,-5,,11111111111111,2027-10-09,2026-10-09T17:04:52.531637,True
129,Julia Pereira,,-5,999999999999999,11111111111111,2027-10-09,2026-10-09T17:04:52.531637,True
130,Carlos Almeida,,-5,999999999999999,11111111111111,2027-10-09,2026-10-09T17:04:52.531637,True
131,Camila Rodrigues,,-5,999999999999999,11111111111111,2027-10-09,2026-10-09T17:04:52.531637,True
132,Maria Pereira,,-5,,,2027-10-09,2026-10-09T17:04:52.531637,True
133,Maria Lima,,-5,,11111111111111,2027-10-09,2026-10-09T17:04:52.531637,True
134,Pedro Martins,,-5,,11111111111111,2027-10-09,2026-10-09T17:04:52.531637,True
135,João Pereira,,,,11111111111111,2027-10-09,2026-10-09T17:04:52.531637,True
136,Fernanda Silva,email@,,,11111111111111,2027-10-09,2026-10-09T17:04:52.531637,True
137,Lucas Lima,email@,,,123,2027-10-09,2026-10-09T17:04:52.531637,True
138,Lucas Oliveira,email@,,,,2027-10-09,2026-10-09T17:04:52.531637,True
139,Thiago Ferreira,email@,,,123,2027-10-09,2026-10-09T17:04:52.531637,True
140,Fernanda Silva,email@,,,00000000000,2027-10-09,2026-10-09T17:04:52.531637,True
141,Fernanda Martins,email@,,,123,2027-10-09,2026-10-09T17:04:52.531637,True
142,Rafael Souza,email@,,,123,2027-10-09,2026-10-09T17:04:52.531637,True
143,Carlos Rodrigues,email@,,,123,2027-10-09,2026-10-09T17:04:52.531637,True
144,Pedro Lima,email@,,,123,2027-10-09,2026-10-09T17:04:52.531637,True
145,Maria Martins,email@,,999999999999999,123,2027-10-09,2026-10-09T17:04:52.531637,True
146,Rafael Almeida,email@,,999999999999999,11111111111111,2027-10-09,2026-10-09T17:04:52.531637,True
147,Beatriz Santos,email@,,999999999999999,11111111111111,2027-10-09,2026-10-09T17:04:52.531637,True
148,Bruno Silva,email_sem_arroba.com,,999999999999999,11111111111111,2027-10-09,2026-10-09T17:04:52.531637,True
149,Beatriz Almeida,,,,,2027-10-09,2026-10-09T17:04:52.531637,True
150,Camila Costa,,150,,,2027-10-09,2026-10-09T17:04:52.531637,True
151,Maria Pereira,,150,,,2027-10-09,2026-10-09T17:04:52.531637,True
152,Julia Oliveira,email com espaços@teste.com,150,,,2027-10-09,2026-10-09T17:04:52.531637,True
153,Beatriz Gomes,,150,,,2027-10-09,2026-10-09T17:04:52.531637,True
154,Beatriz Costa,,,,,2027-10-09,2026-10-09T17:04:52.531637,True
155,Maria Martins,,,,123,2027-10-09,2026-10-09T17:04:52.531637,True
156,Carlos Santos,,,,123,2027-10-09,2026-10-09T17:04:52.531637,True
157,Fernanda Souza,,,,00000000000,2027-10-09,2026-10-09T17:04:52.531637,True
158,Bruno Lima,email@,,,00000000000,2027-10-09,2026-10-09T17:04:52.531637,True
159,Fernanda Lima,,,,00000000000,2027-10-09,2026-10-09T17:04:52.531637,True
160,Diego Oliveira,email com espaços@teste.com,,,00000000000,2027-10-09,2026-10-09T17:04:52.531637,True
161,Maria Silva,,,,,2027-10-09,2026-10-09T17:04:52.531637,True
162,Pedro Pereira,,0,,,2027-10-09,2026-10-09T17:04:52.531637,True
163,Carlos Oliveira,,0,,,2027-10-09,2026-10-09T17:04:52.531637,True
164,Ana Costa,,0,,,2027-10-09,2026-10-09T17:04:52.531637,True
165,Lucas Gomes,,0,,,2027-10-09,2026-10-09T17:04:52.531637,True
166,Bruno Souza,,0,,,2027-10-09,2026-10-09T17:04:52.531637,True
167,Julia Gomes,,0,,,2027-10-09,2026-10-09T17:04:52.531637,True
168,Fernanda Lima,email@,0,,,2027-10-09,2026-10-09T17:04:52.531637,True
169,Maria Santos,,0,,,2027-10-09,2026-10-09T17:04:52.531637,True
170,Beatriz Rodrigues,email@,0,,,2027-10-09,2026-10-09T17:04:52.531637,True
171,Camila Ferreira,,0,,,2027-10-09,2026-10-09T17:04:52.531637,True
172,Pedro Silva,,,,,2027-10-09,2026-10-09T17:04:52.531637,True
173,Carlos Almeida,,,,,2027-10-09,2026-10-09T17:04:52.531637,True
174,Ana Lima,,,abcdefgh,,2027-10-09,2026-10-09T17:04:52.531637,True
175,Larissa Souza,,,abcdefgh,,2027-10-09,2026-10-09T17:04:52.531637,True
176,Julia Silva,,,abcdefgh,,2027-10-09,2026-10-09T17:04:52.531637,True
177,Pedro Rodrigues,,,abcdefgh,,2027-10-09,2026-10-09T17:04:52.531637,True
178,Bruno Lima,,,abcdefgh,,2027-10-09,2026-10-09T17:04:52.531637,True
179,Julia Souza,,0,abcdefgh,,2027-10-09,2026-10-09T17:04:52.531637,True
180,Maria Pereira,@sem_dominio,0,abcdefgh,,2027-10-09,2026-10-09T17:04:52.531637,True
181,Camila Almeida,@sem_dominio,0,abcdefgh,,2027-10-09,2026-10-09T17:04:52.531637,True
182,Bruno Oliveira,,0,,,2027-10-09,2026-10-09T17:04:52.531637,True
183,Carlos Gomes,,200,,,2027-10-09,2026-10-09T17:04:52.531637,True
184,Larissa Santos,,200,,,2027-10-09,2026-10-09T17:04:52.531637,True
185,Larissa Oliveira,,200,,123,2027-10-09,2026-10-09T17:04:52.531637,True
186,Thiago Almeida,,200,,123,2027-10-09,2026-10-09T17:04:52.531637,True
187,Diego Pereira,,0,,123,2027-10-09,2026-10-09T17:04:52.531637,True
188,Carlos Ferreira,,0,,,2027-10-09,2026-10-09T17:04:52.531637,True
189,Ana Souza,,0,,,2027-10-09,2026-10-09T17:04:52.531637,True
190,Bruno Pereira,,0,,,2027-10-09,2026-10-09T17:04:52.531637,True
191,João Almeida,,0,,,2027-10-09,2026-10-09T17:04:52.531637,True
192,Pedro Almeida,,0,,11111111111111,2027-10-09,2026-10-09T17:04:52.531637,True
193,Camila Gomes,,0,,11111111111111,2027-10-09,2026-10-09T17:04:52.531637,True
194,Bruno Gomes,,0,,11111111111111,2027-10-09,2026-10-09T17:04:52.531637,True
195,Pedro Martins,email com espaços@teste.com,0,,11111111111111,2027-10-09,2026-10-09T17:04:52.531637,True
196,Lucas Souza,email com espaços@teste.com,0,,11111111111111,2027-10-09,2026-10-09T17:04:52.531637,True
197,Diego Gomes,email com espaços@teste.com,0,,11111111111111,2027-10-09,2026-10-09T17:04:52.531637,True
198,Julia Almeida,email com espaços@teste.com,0,,11111111111111,2027-10-09,2026-10-09T17:04:52.531637,True
199,Fernanda Almeida,email com espaços@teste.com,0,,11111111111111,2027-10-09,2026-10-09T17:04:52.531637,True
200,Thiago Martins,email com espaços@teste.com,0,,11111111111111,2027-10-09,2026-10-09T17:04:52.531637,True
201,Fernanda Costa,email com espaços@teste.com,0,,11111111111111,2027-10-09,2026-10-09T17:04:52.531637,True
202,Camila Oliveira,email com espaços@teste.com,150,,11111111111111,2027-10-09,2026-10-09T17:04:52.531637,True
203,Diego Almeida,email com espaços@teste.com,200,,11111111111111,2027-10-09,2026-10-09T17:04:52.531637,True
204,Larissa Pereira,,200,,,2027-10-09,2026-10-09T17:04:52.531637,True
205,Rafael Silva,email@,200,,,2027-10-09,2026-10-09T17:04:52.531637,True
206,Larissa Gomes,email@,-5,,,2027-10-09,2026-10-09T17:04:52.531637,True
207,Pedro Ferreira,email@,-5,,00000000000,2027-10-09,2026-10-09T17:04:52.531637,True
208,Rafael Santos,email@,-5,,00000000000,2027-10-09,2026-10-09T17:04:52.531637,True
209,Thiago Souza,email@,-5,,00000000000,2027-10-09,2026-10-09T17:04:52.531637,True
210,Maria Santos,email@,-5,,00000000000,2027-10-09,2026-10-09T17:04:52.531637,True
211,Julia Silva,email@,-5,123,00000000000,2027-10-09,2026-10-09T17:04:52.531637,True
212,Camila Costa,,-5,,,2027-10-09,2026-10-09T17:04:52.531637,True
213,Ana Santos,,-5,,00000000000,2027-10-09,2026-10-09T17:04:52.531637,True
214,Pedro Gomes,,-5,,00000000000,2027-10-09,2026-10-09T17:04:52.531637,True
215,Thiago Silva,,-5,,,2027-10-09,2026-10-09T17:04:52.531637,True
216,Ana Souza,,-5,,00000000000,2027-10-09,2026-10-09T17:04:52.531637,True
217,Carlos Martins,,-5,,00000000000,2027-10-09,2026-10-09T17:04:52.531637,True
218,Bruno Silva,,-5,abcdefgh,00000000000,2027-10-09,2026-10-09T17:04:52.531637,True
219,Beatriz Gomes,,-5,999999999999999,00000000000,2027-10-09,2026-10-09T17:04:52.531637,True
220,João Costa,,-5,999999999999999,00000000000,2027-10-09,2026-10-09T17:04:52.531637,True
221,Julia Almeida,,-5,999999999999999,,2027-10-09,2026-10-09T17:04:52.531637,True
222,Thiago Ferreira,,-5,,,2027-10-09,2026-10-09T17:04:52.531637,True
223,Rafael Silva,,-5,,,2027-10-09,2026-10-09T17:04:52.531637,True
224,Camila Souza,,-5,999999999999999,,2027-10-09,2026-10-09T17:04:52.531637,True
225,Thiago Martins,,-5,999999999999999,,2027-10-09,2026-10-09T17:04:52.531637,True
226,João Martins,email com espaços@teste.com,-5,999999999999999,,2027-10-09,2026-10-09T17:04:52.531637,True
227,Carlos Martins,email com espaços@teste.com,-5,999999999999999,123,2027-10-09,2026-10-09T17:04:52.531637,True
228,Bruno Silva,email com espaços@teste.com,-5,999999999999999,123,2027-10-09,2026-10-09T17:04:52.531637,True
229,Beatriz Ferreira,email com espaços@teste.com,-5,,123,2027-10-09,2026-10-09T17:04:52.531637,True
230,Carlos Oliveira,,-5,,,2027-10-09,2026-10-09T17:04:52.531637,True
231,João Oliveira,,-5,,,2027-10-09,2026-10-09T17:04:52.531637,True
232,João Lima,,0,,,2027-10-09,2026-10-09T17:04:52.531637,True
233,João Santos,@sem_dominio,0,,,2027-10-09,2026-10-09T17:04:52.531637,True
234,Bruno Ferreira,@sem_dominio,0,,,2027-10-09,2026-10-09T17:04:52.531637,True
235,Larissa Lima,@sem_dominio,0,,,2027-10-09,2026-10-09T17:04:52.531637,True
236,Larissa Silva,@sem_dominio,0,abcdefgh,,2027-10-09,2026-10-09T17:04:52.531637,True
237,João Gomes,,0,,,2027-10-09,2026-10-09T17:04:52.531637,True
238,Julia Pereira,,0,,00000000000,2027-10-09,2026-10-09T17:04:52.531637,True
239,Diego Gomes,,0,,,2027-10-09,2026-10-09T17:04:52.531637,True
240,Lucas Costa,,0,999999999999999,,2027-10-09,2026-10-09T17:04:52.531637,True
241,Diego Almeida,,,999999999999999,,2027-10-09,2026-10-09T17:04:52.531637,True
242,Bruno Ferreira,,150,999999999999999,,2027-10-09,2026-10-09T17:04:52.531637,True
243,Lucas Souza,,150,123,,2027-10-09,2026-10-09T17:04:52.531637,True
244,Fernanda Costa,,150,123,00000000000,2027-10-09,2026-10-09T17:04:52.531637,True
245,Carlos Costa,,150,999999999999999,00000000000,2027-10-09,2026-10-09T17:04:52.531637,True
246,Pedro Martins,,150,999999999999999,00000000000,2027-10-09,2026-10-09T17:04:52.531637,True
247,Lucas Ferreira,,150,999999999999999,,2027-10-09,2026-10-09T17:04:52.531637,True
248,Bruno Martins,,150,,,2027-10-09,2026-10-09T17:04:52.531637,True
249,Thiago Martins,,150,,,2027-10-09,2026-10-09T17:04:52.531637,True
250,Bruno Martins,,150,,,2027-10-09,2026-10-09T17:04:52.531637,True
251,Maria Santos,,150,,,2027-10-09,2026-10-09T17:04:52.531637,True
252,Lucas Souza,,150,,,2027-10-09,2026-10-09T17:04:52.531637,True
253,Bruno Ferreira,,200,,,2027-10-09,2026-10-09T17:04:52.531637,True
254,Ana Santos,,200,999999999999999,,2027-10-09,2026-10-09T17:04:52.531637,True
255,Larissa Santos,,200,999999999999999,,2027-10-09,2026-10-09T17:04:52.531637,True
256,Ana Ferreira,,200,,,2027-10-09,2026-10-09T17:04:52.531637,True
257,João Lima,,-5,,,2027-10-09,2026-10-09T17:04:52.531637,True
258,Thiago Ferreira,,-5,,,2027-10-09,2026-10-09T17:04:52.531637,True
259,Ana Lima,,-5,,,2027-10-09,2026-10-09T17:04:52.531637,True
260,Rafael Pereira,,-5,,,2027-10-09,2026-10-09T17:04:52.531637,True
261,Ana Rodrigues,,-5,,,2027-10-09,2026-10-09T17:04:52.531637,True
262,Ana Gomes,,-5,,,2027-10-09,2026-10-09T17:04:52.531637,True
263,Maria Martins,,-5,,,2027-10-09,2026-10-09T17:04:52.531637,True
264,Julia Lima,,0,,,2027-10-09,2026-10-09T17:04:52.531637,True
265,Pedro Oliveira,,0,,11111111111111,2027-10-09,2026-10-09T17:04:52.531637,True
266,Fernanda Oliveira,,0,,11111111111111,2027-10-09,2026-10-09T17:04:52.531637,True
267,Maria Costa,,0,,,2027-10-09,2026-10-09T17:04:52.531637,True
268,Camila Santos,,,,,2027-10-09,2026-10-09T17:04:52.531637,True
269,João Almeida,,,,,2027-10-09,2026-10-09T17:04:52.531637,True
270,João Souza,,150,,,2027-10-09,2026-10-09T17:04:52.531637,True
271,Ana Rodrigues,,150,,,2027-10-09,2026-10-09T17:04:52.531637,True
272,Carlos Martins,,150,,,2027-10-09,2026-10-09T17:04:52.531637,True
273,Julia Ferreira,,150,,,2027-10-09,2026-10-09T17:04:52.531637,True
274,João Lima,,150,,,2027-10-09,2026-10-09T17:04:52.531637,True
275,Maria Costa,,150,,,2027-10-09,2026-10-09T17:04:52.531637,True
276,Ana Gomes,,150,,,2027-10-09,2026-10-09T17:04:52.531637,True
277,Ana Silva,,-5,,,2027-10-09,2026-10-09T17:04:52.531637,True
278,Beatriz Oliveira,,-5,abcdefgh,,2027-10-09,2026-10-09T17:04:52.531637,True
279,Beatriz Rodrigues,,-5,abcdefgh,,2027-10-09,2026-10-09T17:04:52.531637,True
280,Thiago Almeida,,-5,,,2027-10-09,2026-10-09T17:04:52.531637,True
281,Thiago Costa,,,,,2027-10-09,2026-10-09T17:04:52.531637,True
282,Carlos Silva,,,,,2027-10-09,2026-10-09T17:04:52.531637,True
283,Bruno Almeida,email_sem_arroba.com,,,,2027-10-09,2026-10-09T17:04:52.531637,True
284,Rafael Martins,email_sem_arroba.com,,,,2027-10-09,2026-10-09T17:04:52.531637,True
285,Maria Oliveira,,,,,2027-10-09,2026-10-09T17:04:52.531637,True
286,Thiago Martins,,,,,2027-10-09,2026-10-09T17:04:52.531637,True
287,Larissa Rodrigues,,,,,2027-10-09,2026-10-09T17:04:52.531637,True
288,Rafael Almeida,email com espaços@teste.com,,,,2027-10-09,2026-10-09T17:04:52.531637,True
289,Camila Souza,email com espaços@teste.com,,,,2027-10-09,2026-10-09T17:04:52.531637,True
290,Diego Silva,email com espaços@teste.com,,,,2027-10-09,2026-10-09T17:04:52.531637,True
291,Beatriz Lima,,,,,2027-10-09,2026-10-09T17:04:52.531637,True
292,João Ferreira,,,,,2027-10-09,2026-10-09T17:04:52.531637,True
293,Camila Martins,,,,,2027-10-09,2026-10-09T17:04:52.531637,True
294,Diego Almeida,,,,,2027-10-09,2026-10-09T17:04:52.531637,True
295,Larissa Silva,,,,,2027-10-09,2026-10-09T17:04:52.531637,True
296,Ana Lima,,0,,,2027-10-09,2026-10-09T17:04:52.531637,True
297,Julia Silva,email com espaços@teste.com,0,,,2027-10-09,2026-10-09T17:04:52.531637,True
298,Carlos Silva,,0,,,2027-10-09,2026-10-09T17:04:52.531637,True
299,Thiago Almeida,,0,,,2027-10-09,2026-10-09T17:04:52.531637,True
300,Beatriz Souza,,0,,,2027-10-09,2026-10-09T17:04:52.531637,True
301,Fernanda Costa,,,,,2027-10-09,2026-10-09T17:04:52.531637,True
302,Diego Oliveira,,200,,,2027-10-09,2026-10-09T17:04:52.531637,True
303,Beatriz Gomes,,200,,,2027-10-09,2026-10-09T17:04:52.531637,True
304,Diego Martins,,200,,,2027-10-09,2026-10-09T17:04:52.531637,True
305,Camila Pereira,,200,,,2027-10-09,2026-10-09T17:04:52.531637,True
306,Fernanda Rodrigues,,150,,,2027-10-09,2026-10-09T17:04:52.531637,True
307,Beatriz Santos,,150,,,2027-10-09,2026-10-09T17:04:52.531637,True
308,Lucas Souza,email com espaços@teste.com,150,,,2027-10-09,2026-10-09T17:04:52.531637,True
309,Rafael Santos,email com espaços@teste.com,,,,2027-10-09,2026-10-09T17:04:52.531637,True
310,Thiago Lima,email_sem_arroba.com,,,,2027-10-09,2026-10-09T17:04:52.531637,True
311,Diego Martins,email_sem_arroba.com,,,,2027-10-09,2026-10-09T17:04:52.531637,True
312,Maria Costa,email_sem_arroba.com,,,,2027-10-09,2026-10-09T17:04:52.531637,True
313,Diego Souza,email_sem_arroba.com,0,,,2027-10-09,2026-10-09T17:04:52.531637,True
314,Julia Oliveira,email_sem_arroba.com,0,,00000000000,2027-10-09,2026-10-09T17:04:52.531637,True
315,Diego Lima,email_sem_arroba.com,0,,00000000000,2027-10-09,2026-10-09T17:04:52.531637,True
316,Diego Costa,email_sem_arroba.com,150,,00000000000,2027-10-09,2026-10-09T17:04:52.531637,True
317,Julia Lima,email_sem_arroba.com,-5,,00000000000,2027-10-09,2026-10-09T17:04:52.531637,True
318,Diego Costa,,-5,,00000000000,2027-10-09,2026-10-09T17:04:52.531637,True
319,Maria Lima,,-5,,,2027-10-09,2026-10-09T17:04:52.531637,True
320,Diego Rodrigues,,-5,,00000000000,2027-10-09,2026-10-09T17:04:52.531637,True
321,Diego Oliveira,email com espaços@teste.com,-5,,00000000000,2027-10-09,2026-10-09T17:04:52.531637,True
322,Ana Lima,,-5,,,2027-10-09,2026-10-09T17:04:52.531637,True
323,Beatriz Pereira,,-5,,,2027-10-09,2026-10-09T17:04:52.531637,True
324,Ana Almeida,,-5,,,2027-10-09,2026-10-09T17:04:52.531637,True
325,Thiago Silva,,-5,,,2027-10-09,2026-10-09T17:04:52.531637,True
326,Maria Santos,,-5,,,2027-10-09,2026-10-09T17:04:52.531637,True
327,Fernanda Costa,,-5,,,2027-10-09,2026-10-09T17:04:52.531637,True
328,Beatriz Rodrigues,,-5,,,2027-10-09,2026-10-09T17:04:52.531637,True
329,Lucas Oliveira,,-5,,,2027-10-09,2026-10-09T17:04:52.531637,True
330,Diego Gomes,,-5,,,2027-10-09,2026-10-09T17:04:52.531637,True
331,Rafael Souza,,-5,,,2027-10-09,2026-10-09T17:04:52.531637,True
332,Fernanda Gomes,,-5,,00000000000,2027-10-09,2026-10-09T17:04:52.531637,True
333,Pedro Rodrigues,,-5,,,2027-10-09,2026-10-09T17:04:52.531637,True
334,Ana Rodrigues,,-5,,,2027-10-09,2026-10-09T17:04:52.531637,True
335,Bruno Oliveira,,-5,abcdefgh,,2027-10-09,2026-10-09T17:04:52.531637,True
336,Bruno Ferreira,,-5,abcdefgh,,2027-10-09,2026-10-09T17:04:52.531637,True
337,Ana Costa,,-5,,,2027-10-09,2026-10-09T17:04:52.531637,True
338,Larissa Souza,,-5,,,2027-10-09,2026-10-09T17:04:52.531637,True
339,Beatriz Gomes,,,,,2027-10-09,2026-10-09T17:04:52.531637,True
340,Rafael Gomes,,,,,2027-10-09,2026-10-09T17:04:52.531637,True
341,Thiago Oliveira,,,,,2027-10-09,2026-10-09T17:04:52.531637,True
342,Thiago Costa,,200,,,2027-10-09,2026-10-09T17:04:52.531637,True
343,Maria Oliveira,,-5,,,2027-10-09,2026-10-09T17:04:52.531637,True
344,Lucas Gomes,,-5,,11111111111111,2027-10-09,2026-10-09T17:04:52.531637,True
345,Bruno Silva,email@,-5,,11111111111111,2027-10-09,2026-10-09T17:04:52.531637,True
346,Julia Gomes,email@,-5,,11111111111111,2027-10-09,2026-10-09T17:04:52.531637,True
347,João Costa,email@,-5,,123,2027-10-09,2026-10-09T17:04:52.531637,True
348,Julia Souza,email@,-5,,123,2027-10-09,2026-10-09T17:04:52.531637,True
349,Thiago Lima,email@,,,123,2027-10-09,2026-10-09T17:04:52.531637,True
350,Bruno Gomes,email@,,abcdefgh,123,2027-10-09,2026-10-09T17:04:52.531637,True
351,Bruno Santos,,,abcdefgh,123,2027-10-09,2026-10-09T17:04:52.531637,True
352,Rafael Lima,,,abcdefgh,11111111111111,2027-10-09,2026-10-09T17:04:52.531637,True
353,Fernanda Pereira,,,abcdefgh,11111111111111,2027-10-09,2026-10-09T17:04:52.531637,True
354,Pedro Rodrigues,,,,,2027-10-09,2026-10-09T17:04:52.531637,True
355,Bruno Martins,email_sem_arroba.com,,,,2027-10-09,2026-10-09T17:04:52.531637,True
356,Camila Almeida,email_sem_arroba.com,150,,,2027-10-09,2026-10-09T17:04:52.531637,True
357,João Pereira,email_sem_arroba.com,-5,,,2027-10-09,2026-10-09T17:04:52.531637,True
358,Bruno Silva,email_sem_arroba.com,-5,,,2027-10-09,2026-10-09T17:04:52.531637,True
359,Ana Oliveira,email_sem_arroba.com,-5,,,2027-10-09,2026-10-09T17:04:52.531637,True
360,João Martins,,-5,,,2027-10-09,2026-10-09T17:04:52.531637,True
361,João Silva,,-5,,,2027-10-09,2026-10-09T17:04:52.531637,True
362,Rafael Oliveira,,-5,,,2027-10-09,2026-10-09T17:04:52.531637,True
363,Fernanda Rodrigues,,-5,,,2027-10-09,2026-10-09T17:04:52.531637,True
364,Rafael Souza,,-5,,,2027-10-09,2026-10-09T17:04:52.531637,True
365,Camila Martins,,-5,,11111111111111,2027-10-09,2026-10-09T17:04:52.531637,True
366,Lucas Pereira,,-5,,,2027-10-09,2026-10-09T17:04:52.531637,True
367,Rafael Martins,,,,,2027-10-09,2026-10-09T17:04:52.531637,True
368,Rafael Oliveira,@sem_dominio,,,,2027-10-09,2026-10-09T17:04:52.531637,True
369,Rafael Martins,@sem_dominio,,,,2027-10-09,2026-10-09T17:04:52.531637,True
370,Lucas Souza,@sem_dominio,,,,2027-10-09,2026-10-09T17:04:52.531637,True
371,Carlos Costa,,,,,2027-10-09,2026-10-09T17:04:52.531637,True
372,João Oliveira,email@,,,,2027-10-09,2026-10-09T17:04:52.531637,True
373,Fernanda Gomes,email@,0,,,2027-10-09,2026-10-09T17:04:52.531637,True
374,Pedro Costa,,0,,,2027-10-09,2026-10-09T17:04:52.531637,True
375,Camila Almeida,,,,,2027-10-09,2026-10-09T17:04:52.531637,True
376,Bruno Souza,,,,,2027-10-09,2026-10-09T17:04:52.531637,True
377,Maria Pereira,,,,,2027-10-09,2026-10-09T17:04:52.531637,True
378,Camila Ferreira,,,,11111111111111,2027-10-09,2026-10-09T17:04:52.531637,True
379,Beatriz Ferreira,,,,11111111111111,2027-10-09,2026-10-09T17:04:52.531637,True
380,Ana Santos,,,,11111111111111,2027-10-09,2026-10-09T17:04:52.531637,True
381,Maria Lima,,,,,2027-10-09,2026-10-09T17:04:52.531637,True
382,Carlos Costa,,,,,2027-10-09,2026-10-09T17:04:52.531637,True
383,Carlos Almeida,,-5,,,2027-10-09,2026-10-09T17:04:52.531637,True
384,Thiago Santos,,-5,,,2027-10-09,2026-10-09T17:04:52.531637,True
385,Rafael Rodrigues,,-5,,,2027-10-09,2026-10-09T17:04:52.531637,True
386,Bruno Silva,,200,,,2027-10-09,2026-10-09T17:04:52.531637,True
387,Pedro Ferreira,email_sem_arroba.com,200,,,2027-10-09,2026-10-09T17:04:52.531637,True
388,Diego Costa,,200,,,2027-10-09,2026-10-09T17:04:52.531637,True
389,Bruno Lima,,0,,,2027-10-09,2026-10-09T17:04:52.531637,True
390,Rafael Santos,,0,999999999999999,,2027-10-09,2026-10-09T17:04:52.531637,True
391,Lucas Almeida,,0,123,,2027-10-09,2026-10-09T17:04:52.531637,True
392,Bruno Almeida,,0,,,2027-10-09,2026-10-09T17:04:52.531637,True
393,Beatriz Ferreira,email@,0,,,2027-10-09,2026-10-09T17:04:52.531637,True
394,Lucas Costa,email@,200,,,2027-10-09,2026-10-09T17:04:52.531637,True
395,Carlos Almeida,@sem_dominio,200,,,2027-10-09,2026-10-09T17:04:52.531637,True
396,Ana Martins,@sem_dominio,200,,,2027-10-09,2026-10-09T17:04:52.531637,True
397,Diego Lima,@sem_dominio,0,,,2027-10-09,2026-10-09T17:04:52.531637,True
398,Lucas Rodrigues,@sem_dominio,0,,,2027-10-09,2026-10-09T17:04:52.531637,True
399,Maria Rodrigues,@sem_dominio,150,,,2027-10-09,2026-10-09T17:04:52.531637,True
400,Fernanda Pereira,@sem_dominio,150,,,2027-10-09,2026-10-09T17:04:52.531637,True
401,Ana Silva,@sem_dominio,150,,,2027-10-09,2026-10-09T17:04:52.531637,True
402,Rafael Lima,@sem_dominio,150,,,2027-10-09,2026-10-09T17:04:52.531637,True
403,Diego Souza,email com espaços@teste.com,150,,,2027-10-09,2026-10-09T17:04:52.531637,True
404,Carlos Lima,email com espaços@teste.com,150,123,,2027-10-09,2026-10-09T17:04:52.531637,True
405,Julia Gomes,,150,123,,2027-10-09,2026-10-09T17:04:52.531637,True
406,Thiago Almeida,,150,123,,2027-10-09,2026-10-09T17:04:52.531637,True
407,Bruno Gomes,,150,123,,2027-10-09,2026-10-09T17:04:52.531637,True
408,Maria Santos,,150,123,,2027-10-09,2026-10-09T17:04:52.531637,True
409,Diego Pereira,,150,,,2027-10-09,2026-10-09T17:04:52.531637,True
410,João Lima,,-5,,,2027-10-09,2026-10-09T17:04:52.531637,True
411,João Silva,,-5,,,2027-10-09,2026-10-09T17:04:52.531637,True
412,Carlos Ferreira,,-5,,,2027-10-09,2026-10-09T17:04:52.531637,True
413,Maria Oliveira,,-5,,123,2027-10-09,2026-10-09T17:04:52.531637,True
414,Ana Almeida,,-5,,123,2027-10-09,2026-10-09T17:04:52.531637,True
415,Maria Santos,,0,,123,2027-10-09,2026-10-09T17:04:52.531637,True
416,Ana Souza,,0,abcdefgh,123,2027-10-09,2026-10-09T17:04:52.531637,True
417,Fernanda Santos,,0,abcdefgh,,2027-10-09,2026-10-09T17:04:52.531637,True
418,Beatriz Souza,,0,abcdefgh,,2027-10-09,2026-10-09T17:04:52.531637,True
419,Carlos Oliveira,,150,abcdefgh,,2027-10-09,2026-10-09T17:04:52.531637,True
420,Julia Ferreira,,150,,,2027-10-09,2026-10-09T17:04:52.531637,True
421,Rafael Santos,email@,150,,,2027-10-09,2026-10-09T17:04:52.531637,True
422,Julia Silva,email_sem_arroba.com,150,,,2027-10-09,2026-10-09T17:04:52.531637,True
423,Maria Lima,,150,,,2027-10-09,2026-10-09T17:04:52.531637,True
424,Camila Almeida,,150,,,2027-10-09,2026-10-09T17:04:52.531637,True
425,Carlos Costa,,150,,,2027-10-09,2026-10-09T17:04:52.531637,True
426,Rafael Oliveira,,150,,,2027-10-09,2026-10-09T17:04:52.531637,True
427,Pedro Lima,,,,,2027-10-09,2026-10-09T17:04:52.531637,True
428,Carlos Lima,,,,,2027-10-09,2026-10-09T17:04:52.531637,True
429,Larissa Pereira,,,,,2027-10-09,2026-10-09T17:04:52.531637,True
430,Rafael Ferreira,,,,,2027-10-09,2026-10-09T17:04:52.531637,True
431,Diego Ferreira,,,,123,2027-10-09,2026-10-09T17:04:52.531637,True
432,Maria Gomes,,,,123,2027-10-09,2026-10-09T17:04:52.531637,True
433,Julia Pereira,,,,00000000000,2027-10-09,2026-10-09T17:04:52.531637,True
434,Pedro Santos,,,,,2027-10-09,2026-10-09T17:04:52.531637,True
435,Carlos Oliveira,,,,,2027-10-09,2026-10-09T17:04:52.531637,True
436,Fernanda Almeida,,,,,2027-10-09,2026-10-09T17:04:52.531637,True
437,Larissa Ferreira,email@,,,,2027-10-09,2026-10-09T17:04:52.531637,True
438,Larissa Souza,email@,,,11111111111111,2027-10-09,2026-10-09T17:04:52.531637,True
439,Lucas Martins,email@,,123,11111111111111,2027-10-09,2026-10-09T17:04:52.531637,True
440,Larissa Lima,email@,,123,11111111111111,2027-10-09,2026-10-09T17:04:52.531637,True
441,Bruno Pereira,email@,,123,11111111111111,2027-10-09,2026-10-09T17:04:52.531637,True
442,Beatriz Almeida,email@,,123,,2027-10-09,2026-10-09T17:04:52.531637,True
443,Thiago Lima,email@,,123,,2027-10-09,2026-10-09T17:04:52.531637,True
444,Lucas Pereira,email@,,123,,2027-10-09,2026-10-09T17:04:52.531637,True
445,Pedro Silva,email@,,123,,2027-10-09,2026-10-09T17:04:52.531637,True
446,Larissa Rodrigues,,,,,2027-10-09,2026-10-09T17:04:52.531637,True
447,Camila Pereira,,,,,2027-10-09,2026-10-09T17:04:52.531637,True
448,Fernanda Gomes,,,,123,2027-10-09,2026-10-09T17:04:52.531637,True
449,Lucas Costa,,,,123,2027-10-09,2026-10-09T17:04:52.531637,True
450,Carlos Lima,,,,,2027-10-09,2026-10-09T17:04:52.531637,True
451,Fernanda Pereira,,,,,2027-10-09,2026-10-09T17:04:52.531637,True
452,Bruno Pereira,,,,,2027-10-09,2026-10-09T17:04:52.531637,True
453,João Pereira,,-5,,,2027-10-09,2026-10-09T17:04:52.531637,True
454,Thiago Pereira,,-5,,,2027-10-09,2026-10-09T17:04:52.531637,True
455,Pedro Pereira,,-5,,,2027-10-09,2026-10-09T17:04:52.531637,True
456,Maria Oliveira,,-5,,00000000000,2027-10-09,2026-10-09T17:04:52.531637,True
457,Julia Lima,,-5,,00000000000,2027-10-09,2026-10-09T17:04:52.531637,True
458,Rafael Oliveira,,-5,,,2027-10-09,2026-10-09T17:04:52.531637,True
459,Julia Oliveira,,-5,,11111111111111,2027-10-09,2026-10-09T17:04:52.531637,True
460,Camila Martins,,-5,,11111111111111,2027-10-09,2026-10-09T17:04:52.531637,True
461,João Souza,,-5,999999999999999,11111111111111,2027-10-09,2026-10-09T17:04:52.531637,True
462,Carlos Silva,,-5,999999999999999,11111111111111,2027-10-09,2026-10-09T17:04:52.531637,True
463,Ana Almeida,,,999999999999999,11111111111111,2027-10-09,2026-10-09T17:04:52.531637,True
464,Rafael Almeida,email com espaços@teste.com,,999999999999999,11111111111111,2027-10-09,2026-10-09T17:04:52.531637,True
465,Rafael Martins,,,999999999999999,11111111111111,2027-10-09,2026-10-09T17:04:52.531637,True
466,João Almeida,,,999999999999999,11111111111111,2027-10-09,2026-10-09T17:04:52.531637,True
467,Bruno Rodrigues,,,999999999999999,11111111111111,2027-10-09,2026-10-09T17:04:52.531637,True
468,Julia Ferreira,,,,,2027-10-09,2026-10-09T17:04:52.531637,True
469,João Souza,@sem_dominio,,,,2027-10-09,2026-10-09T17:04:52.531637,True
470,Fernanda Oliveira,@sem_dominio,,,,2027-10-09,2026-10-09T17:04:52.531637,True
471,Pedro Martins,@sem_dominio,,,11111111111111,2027-10-09,2026-10-09T17:04:52.531637,True
472,Fernanda Oliveira,,,,,2027-10-09,2026-10-09T17:04:52.531637,True
473,Diego Ferreira,,,,11111111111111,2027-10-09,2026-10-09T17:04:52.531637,True
474,Carlos Costa,,,,,2027-10-09,2026-10-09T17:04:52.531637,True
475,Rafael Oliveira,,,,,2027-10-09,2026-10-09T17:04:52.531637,True
476,Fernanda Gomes,,,,,2027-10-09,2026-10-09T17:04:52.531637,True
477,Pedro Almeida,@sem_dominio,,,,2027-10-09,2026-10-09T17:04:52.531637,True
478,Maria Rodrigues,@sem_dominio,,,,2027-10-09,2026-10-09T17:04:52.531637,True
479,Diego Oliveira,@sem_dominio,,,,2027-10-09,2026-10-09T17:04:52.531637,True
480,Thiago Oliveira,@sem_dominio,,999999999999999,,2027-10-09,2026-10-09T17:04:52.531637,True
481,Diego Martins,@sem_dominio,,999999999999999,,2027-10-09,2026-10-09T17:04:52.531637,True
482,Carlos Martins,@sem_dominio,,999999999999999,,2027-10-09,2026-10-09T17:04:52.531637,True
483,Larissa Santos,@sem_dominio,200,999999999999999,,2027-10-09,2026-10-09T17:04:52.531637,True
484,Beatriz Souza,@sem_dominio,200,999999999999999,,2027-10-09,2026-10-09T17:04:52.531637,True
485,Larissa Martins,,200,,,2027-10-09,2026-10-09T17:04:52.531637,True
486,Beatriz Pereira,,200,,,2027-10-09,2026-10-09T17:04:52.531637,True
487,Carlos Lima,,200,,,2027-10-09,2026-10-09T17:04:52.531637,True
488,Lucas Martins,@sem_dominio,200,,,2027-10-09,2026-10-09T17:04:52.531637,True
489,João Martins,,200,,,2027-10-09,2026-10-09T17:04:52.531637,True
490,Rafael Almeida,email com espaços@teste.com,200,,,2027-10-09,2026-10-09T17:04:52.531637,True
491,Camila Souza,,200,,,2027-10-09,2026-10-09T17:04:52.531637,True
492,Diego Martins,,200,,,2027-10-09,2026-10-09T17:04:52.531637,True
493,Camila Pereira,,200,,,2027-10-09,2026-10-09T17:04:52.531637,True
494,Larissa Lima,,200,,00000000000,2027-10-09,2026-10-09T17:04:52.531637,True
495,Diego Gomes,,200,,00000000000,2027-10-09,2026-10-09T17:04:52.531637,True
496,Rafael Ferreira,,200,999999999999999,00000000000,2027-10-09,2026-10-09T17:04:52.531637,True
497,Rafael Lima,,200,999999999999999,00000000000,2027-10-09,2026-10-09T17:04:52.531637,True
498,Camila Silva,,200,999999999999999,123,2027-10-09,2026-10-09T17:04:52.531637,True
499,Beatriz Costa,,200,,,2027-10-09,2026-10-09T17:04:52.531637,True
500,Bruno Silva,,,,,2027-10-09,2026-10-09T17:04:52.531637,True
501,Ana Souza,,0,,,2027-10-09,2026-10-09T17:04:52.531637,True
502,Maria Rodrigues,,0,999999999999999,,2027-10-09,2026-10-09T17:04:52.531637,True
503,Camila Santos,,0,,,2027-10-09,2026-10-09T17:04:52.531637,True
504,Pedro Rodrigues,,0,123,,2027-10-09,2026-10-09T17:04:52.531637,True
505,Diego Martins,,200,123,,2027-10-09,2026-10-09T17:04:52.531637,True
506,Larissa Costa,,200,abcdefgh,,2027-10-09,2026-10-09T17:04:52.531637,True
507,Lucas Costa,,200,abcdefgh,,2027-10-09,2026-10-09T17:04:52.531637,True
508,Bruno Costa,,200,abcdefgh,,2027-10-09,2026-10-09T17:04:52.531637,True
509,Diego Rodrigues,,200,abcdefgh,,2027-10-09,2026-10-09T17:04:52.531637,True
510,João Almeida,,200,,,2027-10-09,2026-10-09T17:04:52.531637,True
511,Lucas Silva,,200,,00000000000,2027-10-09,2026-10-09T17:04:52.531637,True
512,Beatriz Lima,,200,999999999999999,00000000000,2027-10-09,2026-10-09T17:04:52.531637,True
513,Bruno Lima,,200,999999999999999,00000000000,2027-10-09,2026-10-09T17:04:52.531637,True
514,Carlos Souza,,200,999999999999999,00000000000,2027-10-09,2026-10-09T17:04:52.531637,True
515,Rafael Almeida,,200,999999999999999,00000000000,2027-10-09,2026-10-09T17:04:52.531637,True
516,Rafael Almeida,,0,999999999999999,00000000000,2027-10-09,2026-10-09T17:04:52.531637,True
517,Ana Costa,email_sem_arroba.com,0,999999999999999,00000000000,2027-10-09,2026-10-09T17:04:52.531637,True
518,Fernanda Gomes,email_sem_arroba.com,0,123,00000000000,2027-10-09,2026-10-09T17:04:52.531637,True
519,Julia Souza,email_sem_arroba.com,0,123,00000000000,2027-10-09,2026-10-09T17:04:52.531637,True
520,Fernanda Rodrigues,email_sem_arroba.com,0,123,00000000000,2027-10-09,2026-10-09T17:04:52.531637,True
521,Ana Lima,email_sem_arroba.com,150,123,00000000000,2027-10-09,2026-10-09T17:04:52.531637,True
522,Lucas Pereira,,150,123,00000000000,2027-10-09,2026-10-09T17:04:52.531637,True
523,Carlos Costa,,150,123,00000000000,2027-10-09,2026-10-09T17:04:52.531637,True
524,Diego Gomes,,150,,00000000000,2027-10-09,2026-10-09T17:04:52.531637,True
525,João Martins,,150,,00000000000,2027-10-09,2026-10-09T17:04:52.531637,True
526,João Rodrigues,,150,,,2027-10-09,2026-10-09T17:04:52.531637,True
527,Rafael Rodrigues,,150,,,2027-10-09,2026-10-09T17:04:52.531637,True
528,Carlos Souza,,150,,11111111111111,2027-10-09,2026-10-09T17:04:52.531637,True
529,Julia Gomes,,150,,123,2027-10-09,2026-10-09T17:04:52.531637,True
530,João Rodrigues,,150,123,123,2027-10-09,2026-10-09T17:04:52.531637,True
531,Pedro Ferreira,email@,150,123,123,2027-10-09,2026-10-09T17:04:52.531637,True
532,Pedro Gomes,email@,150,123,123,2027-10-09,2026-10-09T17:04:52.531637,True
533,Pedro Oliveira,email@,150,,123,2027-10-09,2026-10-09T17:04:52.531637,True
534,Maria Almeida,email@,150,,123,2027-10-09,2026-10-09T17:04:52.531637,True
535,Rafael Gomes,email@,150,,,2027-10-09,2026-10-09T17:04:52.531637,True
536,Ana Pereira,,150,,,2027-10-09,2026-10-09T17:04:52.531637,True
537,Beatriz Souza,,0,,,2027-10-09,2026-10-09T17:04:52.531637,True
538,Diego Lima,,0,,,2027-10-09,2026-10-09T17:04:52.531637,True
539,Beatriz Silva,,0,,123,2027-10-09,2026-10-09T17:04:52.531637,True
540,Diego Oliveira,,0,,,2027-10-09,2026-10-09T17:04:52.531637,True
541,Carlos Martins,,0,,,2027-10-09,2026-10-09T17:04:52.531637,True
542,Camila Pereira,,150,,,2027-10-09,2026-10-09T17:04:52.531637,True
543,Maria Silva,,150,,,2027-10-09,2026-10-09T17:04:52.531637,True
544,Diego Ferreira,,150,,,2027-10-09,2026-10-09T17:04:52.531637,True
545,Julia Silva,,150,,,2027-10-09,2026-10-09T17:04:52.531637,True
546,Carlos Almeida,,150,,,2027-10-09,2026-10-09T17:04:52.531637,True
547,Rafael Costa,,150,,,2027-10-09,2026-10-09T17:04:52.531637,True
548,Ana Lima,,150,,,2027-10-09,2026-10-09T17:04:52.531637,True
549,Larissa Silva,,150,,,2027-10-09,2026-10-09T17:04:52.531637,True
550,Beatriz Martins,,150,,,2027-10-09,2026-10-09T17:04:52.531637,True
551,Pedro Costa,,150,,,2027-10-09,2026-10-09T17:04:52.531637,True
552,Bruno Almeida,,150,123,,2027-10-09,2026-10-09T17:04:52.531637,True
553,Camila Costa,,150,123,,2027-10-09,2026-10-09T17:04:52.531637,True
554,Larissa Almeida,email@,150,123,,2027-10-09,2026-10-09T17:04:52.531637,True
555,Bruno Martins,email@,150,123,123,2027-10-09,2026-10-09T17:04:52.531637,True
556,Larissa Oliveira,email com espaços@teste.com,150,123,123,2027-10-09,2026-10-09T17:04:52.531637,True
557,Maria Oliveira,email com espaços@teste.com,150,123,,2027-10-09,2026-10-09T17:04:52.531637,True
558,Pedro Pereira,email com espaços@teste.com,150,123,,2027-10-09,2026-10-09T17:04:52.531637,True
559,Thiago Oliveira,email com espaços@teste.com,150,999999999999999,,2027-10-09,2026-10-09T17:04:52.531637,True
560,Bruno Martins,email com espaços@teste.com,150,999999999999999,123,2027-10-09,2026-10-09T17:04:52.531637,True
561,Larissa Lima,,150,,,2027-10-09,2026-10-09T17:04:52.531637,True
562,Pedro Oliveira,,150,,,2027-10-09,2026-10-09T17:04:52.531637,True
563,Diego Souza,,150,,,2027-10-09,2026-10-09T17:04:52.531637,True
564,João Ferreira,,150,,,2027-10-09,2026-10-09T17:04:52.531637,True
565,Rafael Ferreira,email com espaços@teste.com,150,,,2027-10-09,2026-10-09T17:04:52.531637,True
566,Maria Costa,email com espaços@teste.com,150,,,2027-10-09,2026-10-09T17:04:52.531637,True
567,Thiago Pereira,email com espaços@teste.com,150,,,2027-10-09,2026-10-09T17:04:52.531637,True
568,Fernanda Souza,email com espaços@teste.com,150,,,2027-10-09,2026-10-09T17:04:52.531637,True
569,Rafael Gomes,email com espaços@teste.com,0,,,2027-10-09,2026-10-09T17:04:52.531637,True
570,Diego Martins,email com espaços@teste.com,0,,,2027-10-09,2026-10-09T17:04:52.531637,True
571,Beatriz Rodrigues,email com espaços@teste.com,,,,2027-10-09,2026-10-09T17:04:52.531637,True
572,Lucas Santos,email com espaços@teste.com,,,,2027-10-09,2026-10-09T17:04:52.531637,True
573,Beatriz Oliveira,email com espaços@teste.com,,,,2027-10-09,2026-10-09T17:04:52.531637,True
574,João Pereira,,,,,2027-10-09,2026-10-09T17:04:52.531637,True
575,Fernanda Santos,,,,11111111111111,2027-10-09,2026-10-09T17:04:52.531637,True
576,Diego Martins,,,999999999999999,11111111111111,2027-10-09,2026-10-09T17:04:52.531637,True
577,João Silva,email_sem_arroba.com,,999999999999999,11111111111111,2027-10-09,2026-10-09T17:04:52.531637,True
578,Julia Oliveira,email_sem_arroba.com,,999999999999999,11111111111111,2027-10-09,2026-10-09T17:04:52.531637,True
579,Julia Gomes,email_sem_arroba.com,,999999999999999,11111111111111,2027-10-09,2026-10-09T17:04:52.531637,True
580,Diego Silva,email_sem_arroba.com,,,11111111111111,2027-10-09,2026-10-09T17:04:52.531637,True
581,Carlos Santos,email_sem_arroba.com,,,,2027-10-09,2026-10-09T17:04:52.531637,True
582,Fernanda Santos,email_sem_arroba.com,,,,2027-10-09,2026-10-09T17:04:52.531637,True
583,Fernanda Martins,email_sem_arroba.com,,,11111111111111,2027-10-09,2026-10-09T17:04:52.531637,True
584,Julia Santos,email_sem_arroba.com,,,,2027-10-09,2026-10-09T17:04:52.531637,True
585,Pedro Pereira,,,,,2027-10-09,2026-10-09T17:04:52.531637,True
586,João Rodrigues,,,,,2027-10-09,2026-10-09T17:04:52.531637,True
587,Pedro Oliveira,,,,,2027-10-09,2026-10-09T17:04:52.531637,True
588,João Santos,,,,123,2027-10-09,2026-10-09T17:04:52.531637,True
589,Rafael Silva,,,123,123,2027-10-09,2026-10-09T17:04:52.531637,True
590,Ana Santos,,,,,2027-10-09,2026-10-09T17:04:52.531637,True
591,Maria Costa,,,999999999999999,,2027-10-09,2026-10-09T17:04:52.531637,True
592,Beatriz Almeida,,,,,2027-10-09,2026-10-09T17:04:52.531637,True
593,Camila Martins,,,,,2027-10-09,2026-10-09T17:04:52.531637,True
594,Carlos Almeida,,,,,2027-10-09,2026-10-09T17:04:52.531637,True
595,Julia Costa,,,,,2027-10-09,2026-10-09T17:04:52.531637,True
596,Beatriz Lima,,,,,2027-10-09,2026-10-09T17:04:52.531637,True
597,Ana Rodrigues,,,,11111111111111,2027-10-09,2026-10-09T17:04:52.531637,True
598,Maria Lima,,,,,2027-10-09,2026-10-09T17:04:52.531637,True
599,Julia Pereira,,,,,2027-10-09,2026-10-09T17:04:52.531637,True
600,Diego Souza,,,abcdefgh,,2027-10-09,2026-10-09T17:04:52.531637,True
601,Diego Costa,,,abcdefgh,,2027-10-09,2026-10-09T17:04:52.531637,True
602,Camila Almeida,,,999999999999999,,2027-10-09,2026-10-09T17:04:52.531637,True
603,Larissa Lima,,,999999999999999,,2027-10-09,2026-10-09T17:04:52.531637,True
604,Julia Ferreira,,,999999999999999,00000000000,2027-10-09,2026-10-09T17:04:52.531637,True
605,Camila Santos,,,abcdefgh,00000000000,2027-10-09,2026-10-09T17:04:52.531637,True
606,Diego Martins,,,abcdefgh,00000000000,2027-10-09,2026-10-09T17:04:52.531637,True
607,Fernanda Lima,,,abcdefgh,00000000000,2027-10-09,2026-10-09T17:04:52.531637,True
608,Camila Lima,,-5,abcdefgh,00000000000,2027-10-09,2026-10-09T17:04:52.531637,True
609,Pedro Rodrigues,email com espaços@teste.com,-5,abcdefgh,00000000000,2027-10-09,2026-10-09T17:04:52.531637,True
610,João Lima,email com espaços@teste.com,-5,abcdefgh,00000000000,2027-10-09,2026-10-09T17:04:52.531637,True
611,Julia Santos,email com espaços@teste.com,-5,,00000000000,2027-10-09,2026-10-09T17:04:52.531637,True
612,Larissa Gomes,email com espaços@teste.com,-5,,00000000000,2027-10-09,2026-10-09T17:04:52.531637,True
613,Thiago Santos,email com espaços@teste.com,-5,,00000000000,2027-10-09,2026-10-09T17:04:52.531637,True
614,Ana Pereira,,-5,,,2027-10-09,2026-10-09T17:04:52.531637,True
615,Rafael Silva,,-5,,123,2027-10-09,2026-10-09T17:04:52.531637,True
616,Thiago Lima,,-5,,00000000000,2027-10-09,2026-10-09T17:04:52.531637,True
617,Bruno Rodrigues,,-5,,,2027-10-09,2026-10-09T17:04:52.531637,True
618,Ana Ferreira,,-5,,,2027-10-09,2026-10-09T17:04:52.531637,True
619,Ana Pereira,,-5,,,2027-10-09,2026-10-09T17:04:52.531637,True
620,João Lima,,-5,,,2027-10-09,2026-10-09T17:04:52.531637,True
621,Maria Oliveira,,-5,,,2027-10-09,2026-10-09T17:04:52.531637,True
622,Julia Martins,,-5,,,2027-10-09,2026-10-09T17:04:52.531637,True
623,Larissa Pereira,@sem_dominio,-5,,,2027-10-09,2026-10-09T17:04:52.531637,True
624,Julia Lima,@sem_dominio,150,,,2027-10-09,2026-10-09T17:04:52.531637,True
625,Lucas Lima,@sem_dominio,150,,00000000000,2027-10-09,2026-10-09T17:04:52.531637,True
626,Larissa Pereira,@sem_dominio,200,,00000000000,2027-10-09,2026-10-09T17:04:52.531637,True
627,Ana Pereira,,200,,00000000000,2027-10-09,2026-10-09T17:04:52.531637,True
628,João Almeida,,200,,,2027-10-09,2026-10-09T17:04:52.531637,True
629,João Martins,,200,abcdefgh,,2027-10-09,2026-10-09T17:04:52.531637,True
630,Thiago Souza,,200,,,2027-10-09,2026-10-09T17:04:52.531637,True
631,Fernanda Souza,,200,,,2027-10-09,2026-10-09T17:04:52.531637,True
632,Lucas Souza,,200,,,2027-10-09,2026-10-09T17:04:52.531637,True
633,Camila Santos,,200,,,2027-10-09,2026-10-09T17:04:52.531637,True
634,Carlos Souza,,200,,123,2027-10-09,2026-10-09T17:04:52.531637,True
635,Fernanda Rodrigues,,200,123,123,2027-10-09,2026-10-09T17:04:52.531637,True
636,João Souza,email com espaços@teste.com,200,123,123,2027-10-09,2026-10-09T17:04:52.531637,True
637,Fernanda Silva,,200,,,2027-10-09,2026-10-09T17:04:52.531637,True
638,Larissa Costa,,0,,,2027-10-09,2026-10-09T17:04:52.531637,True
639,Fernanda Santos,,0,,,2027-10-09,2026-10-09T17:04:52.531637,True
640,Pedro Oliveira,,0,,,2027-10-09,2026-10-09T17:04:52.531637,True
641,Fernanda Gomes,,0,,,2027-10-09,2026-10-09T17:04:52.531637,True
642,Larissa Pereira,,0,,,2027-10-09,2026-10-09T17:04:52.531637,True
643,Thiago Souza,,0,,,2027-10-09,2026-10-09T17:04:52.531637,True
644,Pedro Santos,,0,,,2027-10-09,2026-10-09T17:04:52.531637,True
645,João Gomes,,0,,,2027-10-09,2026-10-09T17:04:52.531637,True
646,Fernanda Almeida,,0,,,2027-10-09,2026-10-09T17:04:52.531637,True
647,Beatriz Rodrigues,,,,,2027-10-09,2026-10-09T17:04:52.531637,True
648,Ana Almeida,,,,,2027-10-09,2026-10-09T17:04:52.531637,True
649,Thiago Santos,@sem_dominio,,,,2027-10-09,2026-10-09T17:04:52.531637,True
650,Maria Rodrigues,,,,,2027-10-09,2026-10-09T17:04:52.531637,True
651,Bruno Oliveira,,,999999999999999,,2027-10-09,2026-10-09T17:04:52.531637,True
652,Bruno Almeida,email@,,999999999999999,,2027-10-09,2026-10-09T17:04:52.531637,True
653,Maria Almeida,email@,,123,,2027-10-09,2026-10-09T17:04:52.531637,True
654,Diego Ferreira,email@,,123,,2027-10-09,2026-10-09T17:04:52.531637,True
655,Pedro Santos,email@,,123,,2027-10-09,2026-10-09T17:04:52.531637,True
656,Pedro Oliveira,,,,,2027-10-09,2026-10-09T17:04:52.531637,True
657,Thiago Lima,@sem_dominio,,,,2027-10-09,2026-10-09T17:04:52.531637,True
658,Camila Lima,@sem_dominio,,,,2027-10-09,2026-10-09T17:04:52.531637,True
659,Bruno Costa,@sem_dominio,,,,2027-10-09,2026-10-09T17:04:52.531637,True
660,Ana Pereira,,,,,2027-10-09,2026-10-09T17:04:52.531637,True
661,Fernanda Lima,,,,,2027-10-09,2026-10-09T17:04:52.531637,True
662,João Almeida,,,,,2027-10-09,2026-10-09T17:04:52.531637,True
663,Beatriz Almeida,,,,,2027-10-09,2026-10-09T17:04:52.531637,True
664,Maria Souza,,150,,,2027-10-09,2026-10-09T17:04:52.531637,True
665,Lucas Gomes,,150,,00000000000,2027-10-09,2026-10-09T17:04:52.531637,True
666,Camila Rodrigues,,150,,00000000000,2027-10-09,2026-10-09T17:04:52.531637,True
667,Ana Costa,email com espaços@teste.com,150,,00000000000,2027-10-09,2026-10-09T17:04:52.531637,True
668,Pedro Martins,@sem_dominio,150,,00000000000,2027-10-09,2026-10-09T17:04:52.531637,True
669,Beatriz Silva,@sem_dominio,150,,00000000000,2027-10-09,2026-10-09T17:04:52.531637,True
670,Julia Pereira,,150,,00000000000,2027-10-09,2026-10-09T17:04:52.531637,True
671,Camila Costa,,150,,,2027-10-09,2026-10-09T17:04:52.531637,True
672,Julia Almeida,,150,,11111111111111,2027-10-09,2026-10-09T17:04:52.531637,True
673,Beatriz Silva,,150,,123,2027-10-09,2026-10-09T17:04:52.531637,True
674,Camila Costa,email com espaços@teste.com,150,,123,2027-10-09,2026-10-09T17:04:52.531637,True
675,Maria Silva,,150,,,2027-10-09,2026-10-09T17:04:52.531637,True
676,Larissa Souza,,200,,,2027-10-09,2026-10-09T17:04:52.531637,True
677,Larissa Martins,,200,,,2027-10-09,2026-10-09T17:04:52.531637,True
678,Beatriz Silva,,200,,,2027-10-09,2026-10-09T17:04:52.531637,True
679,João Rodrigues,,200,,,2027-10-09,2026-10-09T17:04:52.531637,True
680,Carlos Almeida,,200,,,2027-10-09,2026-10-09T17:04:52.531637,True
681,Carlos Santos,,200,,,2027-10-09,2026-10-09T17:04:52.531637,True
682,Bruno Lima,,200,,,2027-10-09,2026-10-09T17:04:52.531637,True
683,Rafael Santos,,,,,2027-10-09,2026-10-09T17:04:52.531637,True
684,Camila Souza,,,,,2027-10-09,2026-10-09T17:04:52.531637,True
685,Carlos Almeida,,,,,2027-10-09,2026-10-09T17:04:52.531637,True
686,João Almeida,,,,,2027-10-09,2026-10-09T17:04:52.531637,True
687,Bruno Lima,,,,,2027-10-09,2026-10-09T17:04:52.531637,True
688,Camila Costa,,-5,,,2027-10-09,2026-10-09T17:04:52.531637,True
689,Bruno Lima,,-5,,,2027-10-09,2026-10-09T17:04:52.531637,True
690,Larissa Pereira,,-5,123,,2027-10-09,2026-10-09T17:04:52.531637,True
691,Bruno Oliveira,email com espaços@teste.com,-5,123,,2027-10-09,2026-10-09T17:04:52.531637,True
692,Camila Oliveira,email com espaços@teste.com,-5,123,,2027-10-09,2026-10-09T17:04:52.531637,True
693,Bruno Martins,email com espaços@teste.com,-5,123,,2027-10-09,2026-10-09T17:04:52.531637,True
694,Carlos Souza,email com espaços@teste.com,0,123,,2027-10-09,2026-10-09T17:04:52.531637,True
695,Carlos Almeida,email com espaços@teste.com,0,999999999999999,,2027-10-09,2026-10-09T17:04:52.531637,True
696,Rafael Santos,email com espaços@teste.com,0,999999999999999,,2027-10-09,2026-10-09T17:04:52.531637,True
697,Diego Silva,email com espaços@teste.com,0,,,2027-10-09,2026-10-09T17:04:52.531637,True
698,Ana Costa,@sem_dominio,0,,,2027-10-09,2026-10-09T17:04:52.531637,True
699,Lucas Oliveira,@sem_dominio,0,,,2027-10-09,2026-10-09T17:04:52.531637,True
700,Fernanda Almeida,@sem_dominio,0,,,2027-10-09,2026-10-09T17:04:52.531637,True
701,Larissa Silva,@sem_dominio,150,,,2027-10-09,2026-10-09T17:04:52.531637,True
702,Bruno Almeida,email_sem_arroba.com,150,,,2027-10-09,2026-10-09T17:04:52.531637,True
703,Maria Almeida,email_sem_arroba.com,150,,11111111111111,2027-10-09,2026-10-09T17:04:52.531637,True
704,Rafael Ferreira,email_sem_arroba.com,150,,11111111111111,2027-10-09,2026-10-09T17:04:52.531637,True
705,Larissa Martins,email_sem_arroba.com,150,,,2027-10-09,2026-10-09T17:04:52.531637,True
706,Maria Almeida,email_sem_arroba.com,150,,,2027-10-09,2026-10-09T17:04:52.531637,True
707,Julia Gomes,email_sem_arroba.com,150,,00000000000,2027-10-09,2026-10-09T17:04:52.531637,True
708,Fernanda Santos,,150,,00000000000,2027-10-09,2026-10-09T17:04:52.531637,True
709,Pedro Martins,,150,,00000000000,2027-10-09,2026-10-09T17:04:52.531637,True
710,Pedro Almeida,,0,,00000000000,2027-10-09,2026-10-09T17:04:52.531637,True
711,Larissa Ferreira,,0,,,2027-10-09,2026-10-09T17:04:52.531637,True
712,Fernanda Lima,,0,,,2027-10-09,2026-10-09T17:04:52.531637,True
713,Maria Almeida,,0,,,2027-10-09,2026-10-09T17:04:52.531637,True
714,Julia Rodrigues,,0,,,2027-10-09,2026-10-09T17:04:52.531637,True
715,Beatriz Silva,email_sem_arroba.com,0,,,2027-10-09,2026-10-09T17:04:52.531637,True
716,Julia Costa,email com espaços@teste.com,0,,,2027-10-09,2026-10-09T17:04:52.531637,True
717,Maria Lima,,0,,,2027-10-09,2026-10-09T17:04:52.531637,True
718,Rafael Oliveira,,,,,2027-10-09,2026-10-09T17:04:52.531637,True
719,Carlos Gomes,,,,,2027-10-09,2026-10-09T17:04:52.531637,True
720,Bruno Souza,,-5,,,2027-10-09,2026-10-09T17:04:52.531637,True
721,Julia Souza,,-5,,,2027-10-09,2026-10-09T17:04:52.531637,True
722,Maria Ferreira,,-5,,,2027-10-09,2026-10-09T17:04:52.531637,True
723,Rafael Pereira,,,,,2027-10-09,2026-10-09T17:04:52.531637,True
724,Fernanda Ferreira,,,,,2027-10-09,2026-10-09T17:04:52.531637,True
725,Rafael Martins,,,,,2027-10-09,2026-10-09T17:04:52.531637,True
726,Rafael Rodrigues,,,,,2027-10-09,2026-10-09T17:04:52.531637,True
727,Julia Costa,,,,11111111111111,2027-10-09,2026-10-09T17:04:52.531637,True
728,Fernanda Gomes,,,,,2027-10-09,2026-10-09T17:04:52.531637,True
729,Rafael Martins,,,,,2027-10-09,2026-10-09T17:04:52.531637,True
730,Pedro Costa,,,,,2027-10-09,2026-10-09T17:04:52.531637,True
731,Fernanda Ferreira,,,,,2027-10-09,2026-10-09T17:04:52.531637,True
732,Julia Lima,,,,,2027-10-09,2026-10-09T17:04:52.531637,True
733,Diego Almeida,,,999999999999999,,2027-10-09,2026-10-09T17:04:52.531637,True
734,Larissa Almeida,,,999999999999999,,2027-10-09,2026-10-09T17:04:52.531637,True
735,Bruno Pereira,,,,,2027-10-09,2026-10-09T17:04:52.531637,True
736,Beatriz Lima,,,,,2027-10-09,2026-10-09T17:04:52.531637,True
737,Pedro Santos,,200,,,2027-10-09,2026-10-09T17:04:52.531637,True
738,Beatriz Oliveira,,200,,,2027-10-09,2026-10-09T17:04:52.531637,True
739,Lucas Martins,,200,,,2027-10-09,2026-10-09T17:04:52.531637,True
740,Camila Silva,,200,,,2027-10-09,2026-10-09T17:04:52.531637,True
741,Ana Ferreira,,200,,,2027-10-09,2026-10-09T17:04:52.531637,True
742,Thiago Rodrigues,,200,abcdefgh,,2027-10-09,2026-10-09T17:04:52.531637,True
743,Diego Almeida,,200,abcdefgh,00000000000,2027-10-09,2026-10-09T17:04:52.531637,True
744,Ana Pereira,,200,abcdefgh,00000000000,2027-10-09,2026-10-09T17:04:52.531637,True
745,Rafael Gomes,email@,200,abcdefgh,00000000000,2027-10-09,2026-10-09T17:04:52.531637,True
746,Camila Souza,email@,200,999999999999999,00000000000,2027-10-09,2026-10-09T17:04:52.531637,True
747,Camila Martins,email@,,999999999999999,00000000000,2027-10-09,2026-10-09T17:04:52.531637,True
748,Thiago Santos,email@,0,999999999999999,00000000000,2027-10-09,2026-10-09T17:04:52.531637,True
749,Rafael Costa,email@,0,999999999999999,00000000000,2027-10-09,2026-10-09T17:04:52.531637,True
750,Diego Santos,email@,0,999999999999999,00000000000,2027-10-09,2026-10-09T17:04:52.531637,True
751,Fernanda Souza,,0,,,2027-10-09,2026-10-09T17:04:52.531637,True
752,Beatriz Ferreira,,0,,,2027-10-09,2026-10-09T17:04:52.531637,True
753,Fernanda Santos,,200,,,2027-10-09,2026-10-09T17:04:52.531637,True
754,Ana Souza,,150,,,2027-10-09,2026-10-09T17:04:52.531637,True
755,Carlos Lima,,150,,00000000000,2027-10-09,2026-10-09T17:04:52.531637,True
756,Lucas Silva,,150,,,2027-10-09,2026-10-09T17:04:52.531637,True
757,Camila Almeida,,-5,,,2027-10-09,2026-10-09T17:04:52.531637,True
758,Larissa Oliveira,,-5,,,2027-10-09,2026-10-09T17:04:52.531637,True
759,Carlos Ferreira,email_sem_arroba.com,-5,,,2027-10-09,2026-10-09T17:04:52.531637,True
760,Camila Lima,,-5,,,2027-10-09,2026-10-09T17:04:52.531637,True
761,Diego Ferreira,,-5,,,2027-10-09,2026-10-09T17:04:52.531637,True
762,Julia Costa,,-5,,,2027-10-09,2026-10-09T17:04:52.531637,True
763,Julia Almeida,,-5,123,,2027-10-09,2026-10-09T17:04:52.531637,True
764,Larissa Santos,,-5,123,,2027-10-09,2026-10-09T17:04:52.531637,True
765,Lucas Ferreira,,-5,123,00000000000,2027-10-09,2026-10-09T17:04:52.531637,True
766,Beatriz Oliveira,,-5,123,123,2027-10-09,2026-10-09T17:04:52.531637,True
767,Fernanda Gomes,,-5,123,123,2027-10-09,2026-10-09T17:04:52.531637,True
768,João Lima,,-5,123,11111111111111,2027-10-09,2026-10-09T17:04:52.531637,True
769,Ana Oliveira,email com espaços@teste.com,-5,123,11111111111111,2027-10-09,2026-10-09T17:04:52.531637,True
770,Rafael Lima,,-5,,,2027-10-09,2026-10-09T17:04:52.531637,True
771,Maria Santos,,-5,,,2027-10-09,2026-10-09T17:04:52.531637,True
772,Pedro Martins,,-5,,11111111111111,2027-10-09,2026-10-09T17:04:52.531637,True
773,João Almeida,,-5,,,2027-10-09,2026-10-09T17:04:52.531637,True
774,Pedro Santos,,-5,,,2027-10-09,2026-10-09T17:04:52.531637,True
775,Fernanda Martins,,-5,123,,2027-10-09,2026-10-09T17:04:52.531637,True
776,Bruno Santos,,0,123,,2027-10-09,2026-10-09T17:04:52.531637,True
777,Larissa Rodrigues,,0,999999999999999,,2027-10-09,2026-10-09T17:04:52.531637,True
778,Lucas Silva,,0,999999999999999,00000000000,2027-10-09,2026-10-09T17:04:52.531637,True
779,Pedro Santos,,0,,,2027-10-09,2026-10-09T17:04:52.531637,True
780,Carlos Almeida,,0,,00000000000,2027-10-09,2026-10-09T17:04:52.531637,True
781,Thiago Santos,,0,,00000000000,2027-10-09,2026-10-09T17:04:52.531637,True
782,Thiago Ferreira,email_sem_arroba.com,0,,00000000000,2027-10-09,2026-10-09T17:04:52.531637,True
783,Fernanda Ferreira,email_sem_arroba.com,0,abcdefgh,00000000000,2027-10-09,2026-10-09T17:04:52.531637,True
784,Diego Pereira,,0,,,2027-10-09,2026-10-09T17:04:52.531637,True
785,Julia Oliveira,,0,,,2027-10-09,2026-10-09T17:04:52.531637,True
786,Fernanda Gomes,,0,,,2027-10-09,2026-10-09T17:04:52.531637,True
787,Fernanda Santos,,0,,,2027-10-09,2026-10-09T17:04:52.531637,True
788,Ana Costa,,0,,,2027-10-09,2026-10-09T17:04:52.531637,True
789,Thiago Souza,,0,,123,2027-10-09,2026-10-09T17:04:52.531637,True
790,João Gomes,,0,,123,2027-10-09,2026-10-09T17:04:52.531637,True
791,Diego Silva,email com espaços@teste.com,0,,123,2027-10-09,2026-10-09T17:04:52.531637,True
792,Rafael Ferreira,email com espaços@teste.com,0,999999999999999,123,2027-10-09,2026-10-09T17:04:52.531637,True
793,Larissa Souza,email com espaços@teste.com,0,,123,2027-10-09,2026-10-09T17:04:52.531637,True
794,Lucas Gomes,@sem_dominio,0,,123,2027-10-09,2026-10-09T17:04:52.531637,True
795,Bruno Costa,@sem_dominio,,,123,2027-10-09,2026-10-09T17:04:52.531637,True
796,Fernanda Santos,,,,,2027-10-09,2026-10-09T17:04:52.531637,True
797,Fernanda Santos,,,,11111111111111,2027-10-09,2026-10-09T17:04:52.531637,True
798,Rafael Gomes,,,,123,2027-10-09,2026-10-09T17:04:52.531637,True
799,Fernanda Gomes,,,,123,2027-10-09,2026-10-09T17:04:52.531637,True
800,Maria Pereira,,,,123,2027-10-09,2026-10-09T17:04:52.531637,True
801,Julia Ferreira,email_sem_arroba.com,,,123,2027-10-09,2026-10-09T17:04:52.531637,True
802,João Souza,email_sem_arroba.com,,,123,2027-10-09,2026-10-09T17:04:52.531637,True
803,Beatriz Ferreira,email_sem_arroba.com,,abcdefgh,123,2027-10-09,2026-10-09T17:04:52.531637,True
804,Bruno Santos,,,abcdefgh,123,2027-10-09,2026-10-09T17:04:52.531637,True
805,Thiago Silva,,,,,2027-10-09,2026-10-09T17:04:52.531637,True
806,Diego Martins,email_sem_arroba.com,,,,2027-10-09,2026-10-09T17:04:52.531637,True
807,Diego Martins,email_sem_arroba.com,,,00000000000,2027-10-09,2026-10-09T17:04:52.531637,True
808,Carlos Santos,email_sem_arroba.com,,,00000000000,2027-10-09,2026-10-09T17:04:52.531637,True
809,Beatriz Almeida,email_sem_arroba.com,,,00000000000,2027-10-09,2026-10-09T17:04:52.531637,True
810,Carlos Silva,email_sem_arroba.com,,,00000000000,2027-10-09,2026-10-09T17:04:52.531637,True
811,Beatriz Gomes,email_sem_arroba.com,,999999999999999,00000000000,2027-10-09,2026-10-09T17:04:52.531637,True
812,Larissa Ferreira,,,,,2027-10-09,2026-10-09T17:04:52.531637,True
813,Thiago Souza,,,,,2027-10-09,2026-10-09T17:04:52.531637,True
814,Lucas Lima,,,,,2027-10-09,2026-10-09T17:04:52.531637,True
815,Diego Santos,,,,,2027-10-09,2026-10-09T17:04:52.531637,True
816,Carlos Oliveira,,,999999999999999,,2027-10-09,2026-10-09T17:04:52.531637,True
817,Pedro Ferreira,,,,,2027-10-09,2026-10-09T17:04:52.531637,True
818,Thiago Santos,,,999999999999999,,2027-10-09,2026-10-09T17:04:52.531637,True
819,Beatriz Silva,,-5,999999999999999,,2027-10-09,2026-10-09T17:04:52.531637,True
820,Beatriz Rodrigues,,-5,999999999999999,,2027-10-09,2026-10-09T17:04:52.531637,True
821,Julia Martins,,-5,,,2027-10-09,2026-10-09T17:04:52.531637,True
822,Diego Silva,,-5,,,2027-10-09,2026-10-09T17:04:52.531637,True
823,Diego Martins,,-5,,00000000000,2027-10-09,2026-10-09T17:04:52.531637,True
824,João Lima,,-5,,00000000000,2027-10-09,2026-10-09T17:04:52.531637,True
825,Rafael Pereira,,-5,,00000000000,2027-10-09,2026-10-09T17:04:52.531637,True
826,Thiago Martins,,-5,,00000000000,2027-10-09,2026-10-09T17:04:52.531637,True
827,Julia Rodrigues,@sem_dominio,-5,,00000000000,2027-10-09,2026-10-09T17:04:52.531637,True
828,Lucas Souza,,-5,,,2027-10-09,2026-10-09T17:04:52.531637,True
829,Lucas Souza,email@,-5,,,2027-10-09,2026-10-09T17:04:52.531637,True
830,Rafael Martins,email@,-5,,11111111111111,2027-10-09,2026-10-09T17:04:52.531637,True
831,Diego Gomes,email@,-5,,11111111111111,2027-10-09,2026-10-09T17:04:52.531637,True
832,Julia Silva,email@,-5,,00000000000,2027-10-09,2026-10-09T17:04:52.531637,True
833,Carlos Pereira,email@,-5,,00000000000,2027-10-09,2026-10-09T17:04:52.531637,True
834,Diego Santos,email@,150,,00000000000,2027-10-09,2026-10-09T17:04:52.531637,True
835,Thiago Pereira,,150,,,2027-10-09,2026-10-09T17:04:52.531637,True
836,Bruno Martins,,,,,2027-10-09,2026-10-09T17:04:52.531637,True
837,Ana Almeida,,,123,,2027-10-09,2026-10-09T17:04:52.531637,True
838,João Pereira,,,,,2027-10-09,2026-10-09T17:04:52.531637,True
839,Larissa Rodrigues,,,,,2027-10-09,2026-10-09T17:04:52.531637,True
840,Rafael Almeida,email@,,,,2027-10-09,2026-10-09T17:04:52.531637,True
841,Maria Rodrigues,email@,,,,2027-10-09,2026-10-09T17:04:52.531637,True
842,Thiago Gomes,@sem_dominio,,,,2027-10-09,2026-10-09T17:04:52.531637,True
843,Carlos Pereira,@sem_dominio,150,,,2027-10-09,2026-10-09T17:04:52.531637,True
844,Lucas Santos,@sem_dominio,150,123,,2027-10-09,2026-10-09T17:04:52.531637,True
845,Bruno Rodrigues,,150,,,2027-10-09,2026-10-09T17:04:52.531637,True
846,Pedro Lima,,150,abcdefgh,,2027-10-09,2026-10-09T17:04:52.531637,True
847,Thiago Rodrigues,,200,abcdefgh,,2027-10-09,2026-10-09T17:04:52.531637,True
848,Diego Souza,,200,,,2027-10-09,2026-10-09T17:04:52.531637,True
849,Thiago Rodrigues,,200,,,2027-10-09,2026-10-09T17:04:52.531637,True
850,Bruno Ferreira,email@,200,,,2027-10-09,2026-10-09T17:04:52.531637,True
851,Maria Lima,email@,200,,,2027-10-09,2026-10-09T17:04:52.531637,True
852,Ana Oliveira,email@,200,,,2027-10-09,2026-10-09T17:04:52.531637,True
853,Ana Almeida,email@,200,,123,2027-10-09,2026-10-09T17:04:52.531637,True
854,Carlos Santos,email com espaços@teste.com,200,,123,2027-10-09,2026-10-09T17:04:52.531637,True
855,Lucas Martins,email com espaços@teste.com,200,,123,2027-10-09,2026-10-09T17:04:52.531637,True
856,Rafael Almeida,email com espaços@teste.com,200,abcdefgh,123,2027-10-09,2026-10-09T17:04:52.531637,True
857,João Pereira,email com espaços@teste.com,200,abcdefgh,123,2027-10-09,2026-10-09T17:04:52.531637,True
858,Larissa Santos,,200,,,2027-10-09,2026-10-09T17:04:52.531637,True
859,Ana Lima,,200,abcdefgh,,2027-10-09,2026-10-09T17:04:52.531637,True
860,Bruno Lima,email com espaços@teste.com,200,abcdefgh,,2027-10-09,2026-10-09T17:04:52.531637,True
861,Bruno Lima,email com espaços@teste.com,200,abcdefgh,,2027-10-09,2026-10-09T17:04:52.531637,True
862,Rafael Silva,email com espaços@teste.com,200,abcdefgh,123,2027-10-09,2026-10-09T17:04:52.531637,True
863,Fernanda Oliveira,email_sem_arroba.com,200,abcdefgh,123,2027-10-09,2026-10-09T17:04:52.531637,True
864,Maria Costa,email_sem_arroba.com,200,abcdefgh,123,2027-10-09,2026-10-09T17:04:52.531637,True
865,Maria Lima,email_sem_arroba.com,200,abcdefgh,123,2027-10-09,2026-10-09T17:04:52.531637,True
866,Ana Lima,email_sem_arroba.com,150,abcdefgh,123,2027-10-09,2026-10-09T17:04:52.531637,True
867,Thiago Silva,email_sem_arroba.com,150,,123,2027-10-09,2026-10-09T17:04:52.531637,True
868,Julia Costa,email_sem_arroba.com,200,,123,2027-10-09,2026-10-09T17:04:52.531637,True
869,Julia Souza,email_sem_arroba.com,200,,,2027-10-09,2026-10-09T17:04:52.531637,True
870,Ana Costa,email_sem_arroba.com,200,,123,2027-10-09,2026-10-09T17:04:52.531637,True
871,Thiago Rodrigues,email_sem_arroba.com,-5,,123,2027-10-09,2026-10-09T17:04:52.531637,True
872,Camila Lima,email_sem_arroba.com,-5,,123,2027-10-09,2026-10-09T17:04:52.531637,True
873,Maria Gomes,email_sem_arroba.com,-5,,123,2027-10-09,2026-10-09T17:04:52.531637,True
874,Ana Gomes,,-5,,,2027-10-09,2026-10-09T17:04:52.531637,True
875,Bruno Souza,,-5,,,2027-10-09,2026-10-09T17:04:52.531637,True
876,Diego Oliveira,,-5,,,2027-10-09,2026-10-09T17:04:52.531637,True
877,Ana Pereira,,-5,,,2027-10-09,2026-10-09T17:04:52.531637,True
878,Fernanda Lima,,-5,999999999999999,,2027-10-09,2026-10-09T17:04:52.531637,True
879,Carlos Martins,email com espaços@teste.com,-5,999999999999999,,2027-10-09,2026-10-09T17:04:52.531637,True
880,Camila Rodrigues,email com espaços@teste.com,200,999999999999999,,2027-10-09,2026-10-09T17:04:52.531637,True
881,João Souza,email com espaços@teste.com,200,999999999999999,,2027-10-09,2026-10-09T17:04:52.531637,True
882,Larissa Ferreira,email com espaços@teste.com,200,999999999999999,,2027-10-09,2026-10-09T17:04:52.531637,True
883,Carlos Silva,email com espaços@teste.com,200,abcdefgh,,2027-10-09,2026-10-09T17:04:52.531637,True
884,Bruno Souza,email com espaços@teste.com,200,,,2027-10-09,2026-10-09T17:04:52.531637,True
885,Diego Pereira,email com espaços@teste.com,200,,,2027-10-09,2026-10-09T17:04:52.531637,True
886,Pedro Pereira,email com espaços@teste.com,200,,,2027-10-09,2026-10-09T17:04:52.531637,True
887,Pedro Gomes,email com espaços@teste.com,200,,123,2027-10-09,2026-10-09T17:04:52.531637,True
888,Fernanda Almeida,email com espaços@teste.com,200,123,123,2027-10-09,2026-10-09T17:04:52.531637,True
889,João Lima,email com espaços@teste.com,0,123,123,2027-10-09,2026-10-09T17:04:52.531637,True
890,Camila Lima,email_sem_arroba.com,0,123,123,2027-10-09,2026-10-09T17:04:52.531637,True
891,Bruno Ferreira,email_sem_arroba.com,0,,123,2027-10-09,2026-10-09T17:04:52.531637,True
892,Rafael Santos,,0,,,2027-10-09,2026-10-09T17:04:52.531637,True
893,João Lima,,0,,,2027-10-09,2026-10-09T17:04:52.531637,True
894,Bruno Souza,,0,123,,2027-10-09,2026-10-09T17:04:52.531637,True
895,Diego Almeida,,0,abcdefgh,,2027-10-09,2026-10-09T17:04:52.531637,True
896,Camila Costa,,0,abcdefgh,123,2027-10-09,2026-10-09T17:04:52.531637,True
897,Julia Santos,,,abcdefgh,123,2027-10-09,2026-10-09T17:04:52.531637,True
898,Thiago Gomes,,-5,abcdefgh,123,2027-10-09,2026-10-09T17:04:52.531637,True
899,Lucas Silva,,-5,,,2027-10-09,2026-10-09T17:04:52.531637,True
900,João Costa,,-5,,,2027-10-09,2026-10-09T17:04:52.531637,True
901,Beatriz Gomes,,-5,,11111111111111,2027-10-09,2026-10-09T17:04:52.531637,True
902,Carlos Ferreira,,-5,,11111111111111,2027-10-09,2026-10-09T17:04:52.531637,True
903,Ana Rodrigues,,-5,,,2027-10-09,2026-10-09T17:04:52.531637,True
904,Lucas Gomes,,-5,,,2027-10-09,2026-10-09T17:04:52.531637,True
905,Diego Gomes,,-5,,,2027-10-09,2026-10-09T17:04:52.531637,True
906,João Rodrigues,,-5,123,,2027-10-09,2026-10-09T17:04:52.531637,True
907,Pedro Martins,,-5,123,123,2027-10-09,2026-10-09T17:04:52.531637,True
908,Pedro Santos,,-5,,,2027-10-09,2026-10-09T17:04:52.531637,True
909,Beatriz Silva,,-5,,,2027-10-09,2026-10-09T17:04:52.531637,True
910,Lucas Rodrigues,,-5,,,2027-10-09,2026-10-09T17:04:52.531637,True
911,Rafael Pereira,,-5,,,2027-10-09,2026-10-09T17:04:52.531637,True
912,Rafael Costa,,-5,,,2027-10-09,2026-10-09T17:04:52.531637,True
913,Julia Santos,,-5,999999999999999,,2027-10-09,2026-10-09T17:04:52.531637,True
914,Fernanda Oliveira,,-5,999999999999999,,2027-10-09,2026-10-09T17:04:52.531637,True
915,Larissa Silva,,-5,999999999999999,,2027-10-09,2026-10-09T17:04:52.531637,True
916,Maria Ferreira,,-5,999999999999999,00000000000,2027-10-09,2026-10-09T17:04:52.531637,True
917,Beatriz Santos,,,999999999999999,00000000000,2027-10-09,2026-10-09T17:04:52.531637,True
918,Julia Lima,,,999999999999999,,2027-10-09,2026-10-09T17:04:52.531637,True
919,Larissa Silva,,,999999999999999,,2027-10-09,2026-10-09T17:04:52.531637,True
920,Ana Martins,@sem_dominio,,999999999999999,,2027-10-09,2026-10-09T17:04:52.531637,True
921,João Ferreira,,,999999999999999,,2027-10-09,2026-10-09T17:04:52.531637,True
922,João Gomes,,,999999999999999,,2027-10-09,2026-10-09T17:04:52.531637,True
923,Rafael Souza,,,999999999999999,,2027-10-09,2026-10-09T17:04:52.531637,True
924,Ana Ferreira,@sem_dominio,,999999999999999,,2027-10-09,2026-10-09T17:04:52.531637,True
925,Larissa Martins,,,,,2027-10-09,2026-10-09T17:04:52.531637,True
926,Lucas Gomes,,-5,,,2027-10-09,2026-10-09T17:04:52.531637,True
927,Julia Oliveira,@sem_dominio,-5,,,2027-10-09,2026-10-09T17:04:52.531637,True
928,Pedro Almeida,,-5,,,2027-10-09,2026-10-09T17:04:52.531637,True
929,Camila Martins,,-5,,,2027-10-09,2026-10-09T17:04:52.531637,True
930,Bruno Pereira,,-5,,,2027-10-09,2026-10-09T17:04:52.531637,True
931,Carlos Silva,,-5,,,2027-10-09,2026-10-09T17:04:52.531637,True
932,Camila Gomes,,-5,,,2027-10-09,2026-10-09T17:04:52.531637,True
933,Pedro Martins,,-5,,,2027-10-09,2026-10-09T17:04:52.531637,True
934,Julia Almeida,,-5,,,2027-10-09,2026-10-09T17:04:52.531637,True
935,Thiago Ferreira,,-5,,,2027-10-09,2026-10-09T17:04:52.531637,True
936,João Rodrigues,,-5,,,2027-10-09,2026-10-09T17:04:52.531637,True
937,Beatriz Pereira,email com espaços@teste.com,-5,,,2027-10-09,2026-10-09T17:04:52.531637,True
938,Julia Rodrigues,email com espaços@teste.com,-5,,,2027-10-09,2026-10-09T17:04:52.531637,True
939,Carlos Ferreira,email_sem_arroba.com,-5,,,2027-10-09,2026-10-09T17:04:52.531637,True
940,Beatriz Almeida,email_sem_arroba.com,0,,,2027-10-09,2026-10-09T17:04:52.531637,True
941,Julia Martins,email_sem_arroba.com,0,123,,2027-10-09,2026-10-09T17:04:52.531637,True
942,Julia Santos,email_sem_arroba.com,0,abcdefgh,,2027-10-09,2026-10-09T17:04:52.531637,True
943,Lucas Gomes,email_sem_arroba.com,0,abcdefgh,,2027-10-09,2026-10-09T17:04:52.531637,True
944,Pedro Santos,email_sem_arroba.com,0,abcdefgh,,2027-10-09,2026-10-09T17:04:52.531637,True
945,Pedro Gomes,email_sem_arroba.com,-5,abcdefgh,,2027-10-09,2026-10-09T17:04:52.531637,True
946,Julia Rodrigues,,-5,,,2027-10-09,2026-10-09T17:04:52.531637,True
947,Beatriz Gomes,,-5,,,2027-10-09,2026-10-09T17:04:52.531637,True
948,Rafael Gomes,,150,,,2027-10-09,2026-10-09T17:04:52.531637,True
949,Pedro Silva,,150,,,2027-10-09,2026-10-09T17:04:52.531637,True
950,Fernanda Gomes,,,,,2027-10-09,2026-10-09T17:04:52.531637,True
951,Beatriz Lima,,0,,,2027-10-09,2026-10-09T17:04:52.531637,True
952,Pedro Souza,,0,,,2027-10-09,2026-10-09T17:04:52.531637,True
953,Julia Silva,,0,,,2027-10-09,2026-10-09T17:04:52.531637,True
954,João Pereira,email@,0,,,2027-10-09,2026-10-09T17:04:52.531637,True
955,Rafael Santos,email@,0,,,2027-10-09,2026-10-09T17:04:52.531637,True
956,Diego Ferreira,email@,0,,,2027-10-09,2026-10-09T17:04:52.531637,True
957,João Oliveira,email@,,,,2027-10-09,2026-10-09T17:04:52.531637,True
958,Thiago Ferreira,email@,,999999999999999,,2027-10-09,2026-10-09T17:04:52.531637,True
959,Bruno Santos,@sem_dominio,,999999999999999,,2027-10-09,2026-10-09T17:04:52.531637,True
960,Diego Almeida,@sem_dominio,,,,2027-10-09,2026-10-09T17:04:52.531637,True
961,Lucas Oliveira,@sem_dominio,,,11111111111111,2027-10-09,2026-10-09T17:04:52.531637,True
962,Lucas Santos,@sem_dominio,-5,,11111111111111,2027-10-09,2026-10-09T17:04:52.531637,True
963,Fernanda Lima,@sem_dominio,-5,,11111111111111,2027-10-09,2026-10-09T17:04:52.531637,True
964,Larissa Pereira,@sem_dominio,-5,123,11111111111111,2027-10-09,2026-10-09T17:04:52.531637,True
965,Bruno Ferreira,@sem_dominio,-5,123,11111111111111,2027-10-09,2026-10-09T17:04:52.531637,True
966,Fernanda Costa,@sem_dominio,-5,123,11111111111111,2027-10-09,2026-10-09T17:04:52.531637,True
967,Lucas Lima,@sem_dominio,-5,123,11111111111111,2027-10-09,2026-10-09T17:04:52.531637,True
968,Lucas Oliveira,email_sem_arroba.com,-5,123,11111111111111,2027-10-09,2026-10-09T17:04:52.531637,True
969,Carlos Almeida,email_sem_arroba.com,,123,11111111111111,2027-10-09,2026-10-09T17:04:52.531637,True
970,Beatriz Santos,email_sem_arroba.com,,123,11111111111111,2027-10-09,2026-10-09T17:04:52.531637,True
971,Julia Gomes,email_sem_arroba.com,150,123,11111111111111,2027-10-09,2026-10-09T17:04:52.531637,True
972,Ana Silva,email_sem_arroba.com,150,123,11111111111111,2027-10-09,2026-10-09T17:04:52.531637,True
973,Camila Martins,email_sem_arroba.com,0,123,11111111111111,2027-10-09,2026-10-09T17:04:52.531637,True
974,Julia Costa,email_sem_arroba.com,0,123,11111111111111,2027-10-09,2026-10-09T17:04:52.531637,True
975,Bruno Silva,email_sem_arroba.com,-5,123,11111111111111,2027-10-09,2026-10-09T17:04:52.531637,True
976,Thiago Ferreira,email_sem_arroba.com,200,123,11111111111111,2027-10-09,2026-10-09T17:04:52.531637,True
977,Pedro Santos,,200,,,2027-10-09,2026-10-09T17:04:52.531637,True
978,Pedro Martins,,200,,,2027-10-09,2026-10-09T17:04:52.531637,True
979,Pedro Santos,email_sem_arroba.com,200,,,2027-10-09,2026-10-09T17:04:52.531637,True
980,Thiago Gomes,email@,200,,,2027-10-09,2026-10-09T17:04:52.531637,True
981,Fernanda Lima,email_sem_arroba.com,200,,,2027-10-09,2026-10-09T17:04:52.531637,True
982,Beatriz Martins,email@,200,,,2027-10-09,2026-10-09T17:04:52.531637,True
983,Beatriz Almeida,email com espaços@teste.com,200,,,2027-10-09,2026-10-09T17:04:52.531637,True
984,Larissa Costa,,200,,,2027-10-09,2026-10-09T17:04:52.531637,True
985,Larissa Oliveira,,200,,,2027-10-09,2026-10-09T17:04:52.531637,True
986,Beatriz Martins,,200,,,2027-10-09,2026-10-09T17:04:52.531637,True
987,Lucas Souza,,200,,,2027-10-09,2026-10-09T17:04:52.531637,True
988,Lucas Martins,,200,,,2027-10-09,2026-10-09T17:04:52.531637,True
989,Carlos Almeida,,200,,,2027-10-09,2026-10-09T17:04:52.531637,True
990,Rafael Silva,,200,,,2027-10-09,2026-10-09T17:04:52.531637,True
991,Ana Oliveira,,200,,,2027-10-09,2026-10-09T17:04:52.531637,True
992,Fernanda Rodrigues,email@,200,,,2027-10-09,2026-10-09T17:04:52.531637,True
993,Ana Souza,email@,200,,,2027-10-09,2026-10-09T17:04:52.531637,True
994,Thiago Costa,email@,200,,,2027-10-09,2026-10-09T17:04:52.531637,True
995,Lucas Oliveira,email@,,,,2027-10-09,2026-10-09T17:04:52.531637,True
996,Maria Santos,,,,,2027-10-09,2026-10-09T17:04:52.531637,True
997,Carlos Martins,,,,,2027-10-09,2026-10-09T17:04:52.531637,True
998,Larissa Oliveira,,150,,,2027-10-09,2026-10-09T17:04:52.531637,True
999,Beatriz Oliveira,,150,,,2027-10-09,2026-10-09T17:04:52.531637,True
1000,Bruno Costa,,150,,,2027-10-09,2026-10-09T17:04:52.531637,True
1001,Larissa Martins,,200,,,2027-10-09,2026-10-09T17:04:52.531637,True
1002,João Oliveira,email com espaços@teste.com,200,,,2027-10-09,2026-10-09T17:04:52.531637,True
1003,Beatriz Gomes,email com espaços@teste.com,200,,123,2027-10-09,2026-10-09T17:04:52.531637,True
1004,Lucas Oliveira,email com espaços@teste.com,0,,123,2027-10-09,2026-10-09T17:04:52.531637,True
1005,Bruno Oliveira,email com espaços@teste.com,,,123,2027-10-09,2026-10-09T17:04:52.531637,True
1006,Larissa Ferreira,email com espaços@teste.com,0,,123,2027-10-09,2026-10-09T17:04:52.531637,True
1007,Maria Silva,,0,,,2027-10-09,2026-10-09T17:04:52.531637,True
1008,Pedro Ferreira,,0,,,2027-10-09,2026-10-09T17:04:52.531637,True
1009,Camila Costa,,0,123,,2027-10-09,2026-10-09T17:04:52.531637,True
1010,Ana Costa,,0,123,,2027-10-09,2026-10-09T17:04:52.531637,True
1011,Lucas Oliveira,,0,123,11111111111111,2027-10-09,2026-10-09T17:04:52.531637,True
1012,Ana Rodrigues,,150,123,11111111111111,2027-10-09,2026-10-09T17:04:52.531637,True
1013,Maria Lima,,150,,,2027-10-09,2026-10-09T17:04:52.531637,True
1014,Julia Gomes,,150,,,2027-10-09,2026-10-09T17:04:52.531637,True
1015,Larissa Silva,,150,,,2027-10-09,2026-10-09T17:04:52.531637,True
1016,Fernanda Oliveira,,150,,11111111111111,2027-10-09,2026-10-09T17:04:52.531637,True
1017,Ana Oliveira,email com espaços@teste.com,150,,11111111111111,2027-10-09,2026-10-09T17:04:52.531637,True
1018,Maria Lima,,150,,11111111111111,2027-10-09,2026-10-09T17:04:52.531637,True
1019,Julia Silva,,150,,,2027-10-09,2026-10-09T17:04:52.531637,True
1020,Camila Santos,,150,,11111111111111,2027-10-09,2026-10-09T17:04:52.531637,True
1021,Lucas Ferreira,,150,,11111111111111,2027-10-09,2026-10-09T17:04:52.531637,True
1022,Pedro Pereira,,200,,11111111111111,2027-10-09,2026-10-09T17:04:52.531637,True
1023,Diego Lima,,200,,11111111111111,2027-10-09,2026-10-09T17:04:52.531637,True
1024,Julia Oliveira,,-5,,11111111111111,2027-10-09,2026-10-09T17:04:52.531637,True
1025,Carlos Oliveira,,0,,11111111111111,2027-10-09,2026-10-09T17:04:52.531637,True
1026,Ana Santos,,0,,11111111111111,2027-10-09,2026-10-09T17:04:52.531637,True
1027,Larissa Silva,,0,,11111111111111,2027-10-09,2026-10-09T17:04:52.531637,True
1028,Fernanda Lima,,0,,11111111111111,2027-10-09,2026-10-09T17:04:52.531637,True
1029,Pedro Gomes,,0,,11111111111111,2027-10-09,2026-10-09T17:04:52.531637,True
1030,Thiago Oliveira,,0,abcdefgh,11111111111111,2027-10-09,2026-10-09T17:04:52.531637,True
1031,Beatriz Gomes,,0,,,2027-10-09,2026-10-09T17:04:52.531637,True
1032,Maria Pereira,,0,,,2027-10-09,2026-10-09T17:04:52.531637,True
1033,Julia Oliveira,,0,,,2027-10-09,2026-10-09T17:04:52.531637,True
1034,Fernanda Almeida,,0,,,2027-10-09,2026-10-09T17:04:52.531637,True
1035,Carlos Ferreira,,0,,11111111111111,2027-10-09,2026-10-09T17:04:52.531637,True
1036,Rafael Ferreira,,0,,,2027-10-09,2026-10-09T17:04:52.531637,True
1037,Beatriz Oliveira,,0,,,2027-10-09,2026-10-09T17:04:52.531637,True
1038,Pedro Santos,,0,,,2027-10-09,2026-10-09T17:04:52.531637,True
1039,Bruno Souza,,0,,,2027-10-09,2026-10-09T17:04:52.531637,True
1040,Carlos Almeida,,0,,,2027-10-09,2026-10-09T17:04:52.531637,True
1041,Lucas Gomes,,0,,,2027-10-09,2026-10-09T17:04:52.531637,True
1042,João Lima,,0,,,2027-10-09,2026-10-09T17:04:52.531637,True
1043,Julia Gomes,,150,,,2027-10-09,2026-10-09T17:04:52.531637,True
1044,Beatriz Oliveira,,150,,,2027-10-09,2026-10-09T17:04:52.531637,True
1045,Rafael Lima,,,,,2027-10-09,2026-10-09T17:04:52.531637,True
1046,Fernanda Souza,,,,,2027-10-09,2026-10-09T17:04:52.531637,True
1047,Camila Lima,,,,11111111111111,2027-10-09,2026-10-09T17:04:52.531637,True
1048,Bruno Silva,,,123,11111111111111,2027-10-09,2026-10-09T17:04:52.531637,True
1049,Lucas Almeida,,,123,11111111111111,2027-10-09,2026-10-09T17:04:52.531637,True
1050,Bruno Oliveira,,,123,,2027-10-09,2026-10-09T17:04:52.531637,True
1051,Rafael Pereira,,,123,,2027-10-09,2026-10-09T17:04:52.531637,True
1052,Lucas Pereira,,,123,,2027-10-09,2026-10-09T17:04:52.531637,True
1053,Bruno Souza,,-5,123,,2027-10-09,2026-10-09T17:04:52.531637,True
1054,Bruno Gomes,,-5,,,2027-10-09,2026-10-09T17:04:52.531637,True
1055,Thiago Silva,,-5,,11111111111111,2027-10-09,2026-10-09T17:04:52.531637,True
1056,Larissa Lima,,150,,11111111111111,2027-10-09,2026-10-09T17:04:52.531637,True
1057,Rafael Souza,,150,999999999999999,11111111111111,2027-10-09,2026-10-09T17:04:52.531637,True
1058,Bruno Costa,,150,999999999999999,11111111111111,2027-10-09,2026-10-09T17:04:52.531637,True
1059,Larissa Pereira,,150,,,2027-10-09,2026-10-09T17:04:52.531637,True
1060,João Rodrigues,email_sem_arroba.com,150,,,2027-10-09,2026-10-09T17:04:52.531637,True
1061,Thiago Ferreira,,150,,,2027-10-09,2026-10-09T17:04:52.531637,True
1062,Camila Pereira,email_sem_arroba.com,150,,,2027-10-09,2026-10-09T17:04:52.531637,True
1063,Beatriz Santos,email_sem_arroba.com,150,,,2027-10-09,2026-10-09T17:04:52.531637,True
1064,Diego Pereira,email_sem_arroba.com,150,,11111111111111,2027-10-09,2026-10-09T17:04:52.531637,True
1065,Diego Souza,email_sem_arroba.com,150,,11111111111111,2027-10-09,2026-10-09T17:04:52.531637,True
1066,Lucas Souza,,150,,,2027-10-09,2026-10-09T17:04:52.531637,True
1067,Thiago Ferreira,,150,,,2027-10-09,2026-10-09T17:04:52.531637,True
1068,Rafael Pereira,,200,,,2027-10-09,2026-10-09T17:04:52.531637,True
1069,Rafael Martins,@sem_dominio,200,,,2027-10-09,2026-10-09T17:04:52.531637,True
1070,Lucas Souza,@sem_dominio,200,,,2027-10-09,2026-10-09T17:04:52.531637,True
1071,Camila Rodrigues,,200,,,2027-10-09,2026-10-09T17:04:52.531637,True
1072,Camila Lima,,,,,2027-10-09,2026-10-09T17:04:52.531637,True
1073,Larissa Ferreira,,150,,,2027-10-09,2026-10-09T17:04:52.531637,True
1074,Rafael Silva,,-5,,,2027-10-09,2026-10-09T17:04:52.531637,True
1075,Rafael Costa,,,,,2027-10-09,2026-10-09T17:04:52.531637,True
1076,Larissa Souza,email_sem_arroba.com,,,,2027-10-09,2026-10-09T17:04:52.531637,True
1077,Rafael Santos,email_sem_arroba.com,,,,2027-10-09,2026-10-09T17:04:52.531637,True
1078,João Gomes,email_sem_arroba.com,,abcdefgh,,2027-10-09,2026-10-09T17:04:52.531637,True
1079,Fernanda Rodrigues,email_sem_arroba.com,,abcdefgh,,2027-10-09,2026-10-09T17:04:52.531637,True
1080,Ana Gomes,email_sem_arroba.com,,abcdefgh,,2027-10-09,2026-10-09T17:04:52.531637,True
1081,Camila Santos,email_sem_arroba.com,,abcdefgh,,2027-10-09,2026-10-09T17:04:52.531637,True
1082,Rafael Santos,email_sem_arroba.com,200,abcdefgh,,2027-10-09,2026-10-09T17:04:52.531637,True
1083,Julia Gomes,,200,,,2027-10-09,2026-10-09T17:04:52.531637,True
1084,Thiago Pereira,,200,,,2027-10-09,2026-10-09T17:04:52.531637,True
1085,Thiago Oliveira,email_sem_arroba.com,200,,,2027-10-09,2026-10-09T17:04:52.531637,True
1086,Diego Oliveira,email_sem_arroba.com,200,123,,2027-10-09,2026-10-09T17:04:52.531637,True
1087,Julia Rodrigues,email_sem_arroba.com,200,,,2027-10-09,2026-10-09T17:04:52.531637,True
1088,João Santos,email_sem_arroba.com,200,,,2027-10-09,2026-10-09T17:04:52.531637,True
1089,Fernanda Lima,,200,,,2027-10-09,2026-10-09T17:04:52.531637,True
1090,Ana Souza,,200,,,2027-10-09,2026-10-09T17:04:52.531637,True
1091,Fernanda Silva,,-5,,,2027-10-09,2026-10-09T17:04:52.531637,True
1092,Pedro Rodrigues,,-5,,,2027-10-09,2026-10-09T17:04:52.531637,True
1093,Diego Rodrigues,email_sem_arroba.com,-5,,,2027-10-09,2026-10-09T17:04:52.531637,True
1094,Bruno Gomes,email_sem_arroba.com,-5,,123,2027-10-09,2026-10-09T17:04:52.531637,True
1095,Lucas Lima,email_sem_arroba.com,-5,,,2027-10-09,2026-10-09T17:04:52.531637,True
1096,João Martins,,-5,,,2027-10-09,2026-10-09T17:04:52.531637,True
1097,Julia Pereira,,-5,,,2027-10-09,2026-10-09T17:04:52.531637,True
1098,João Costa,,-5,,,2027-10-09,2026-10-09T17:04:52.531637,True
1099,Bruno Silva,,-5,,,2027-10-09,2026-10-09T17:04:52.531637,True
1100,Ana Santos,,-5,,,2027-10-09,2026-10-09T17:04:52.531637,True
1101,Camila Martins,,-5,,,2027-10-09,2026-10-09T17:04:52.531637,True
1102,Lucas Pereira,,-5,,00000000000,2027-10-09,2026-10-09T17:04:52.531637,True
1103,João Ferreira,,,,00000000000,2027-10-09,2026-10-09T17:04:52.531637,True
1104,Beatriz Silva,,,,00000000000,2027-10-09,2026-10-09T17:04:52.531637,True
1105,Diego Ferreira,,0,,00000000000,2027-10-09,2026-10-09T17:04:52.531637,True
1106,Carlos Rodrigues,,0,,00000000000,2027-10-09,2026-10-09T17:04:52.531637,True
1107,Ana Martins,,200,,00000000000,2027-10-09,2026-10-09T17:04:52.531637,True
1108,Ana Oliveira,,200,,,2027-10-09,2026-10-09T17:04:52.531637,True
1109,João Martins,,200,,,2027-10-09,2026-10-09T17:04:52.531637,True
1110,Bruno Rodrigues,,200,,,2027-10-09,2026-10-09T17:04:52.531637,True
1111,Julia Ferreira,,200,,,2027-10-09,2026-10-09T17:04:52.531637,True
1112,João Gomes,,200,abcdefgh,,2027-10-09,2026-10-09T17:04:52.531637,True
1113,Pedro Pereira,,200,abcdefgh,,2027-10-09,2026-10-09T17:04:52.531637,True
1114,Diego Almeida,,200,abcdefgh,,2027-10-09,2026-10-09T17:04:52.531637,True
1115,Camila Ferreira,,200,abcdefgh,11111111111111,2027-10-09,2026-10-09T17:04:52.531637,True
1116,João Pereira,,200,abcdefgh,11111111111111,2027-10-09,2026-10-09T17:04:52.531637,True
1117,João Lima,,200,,,2027-10-09,2026-10-09T17:04:52.531637,True
1118,Camila Ferreira,,200,,,2027-10-09,2026-10-09T17:04:52.531637,True
1119,Ana Oliveira,,200,,,2027-10-09,2026-10-09T17:04:52.531637,True
1120,Thiago Costa,,200,,,2027-10-09,2026-10-09T17:04:52.531637,True
1121,João Lima,,200,,,2027-10-09,2026-10-09T17:04:52.531637,True
1122,Bruno Rodrigues,,200,999999999999999,,2027-10-09,2026-10-09T17:04:52.531637,True
1123,Ana Santos,,200,999999999999999,11111111111111,2027-10-09,2026-10-09T17:04:52.531637,True
1124,Julia Silva,,,999999999999999,11111111111111,2027-10-09,2026-10-09T17:04:52.531637,True
1125,Julia Lima,,,999999999999999,11111111111111,2027-10-09,2026-10-09T17:04:52.531637,True
1126,Bruno Souza,,,999999999999999,11111111111111,2027-10-09,2026-10-09T17:04:52.531637,True
1127,Rafael Souza,,,999999999999999,11111111111111,2027-10-09,2026-10-09T17:04:52.531637,True
1128,João Silva,,,999999999999999,11111111111111,2027-10-09,2026-10-09T17:04:52.531637,True
1129,Beatriz Ferreira,,,999999999999999,11111111111111,2027-10-09,2026-10-09T17:04:52.531637,True
1130,Julia Rodrigues,,,999999999999999,,2027-10-09,2026-10-09T17:04:52.531637,True
1131,Bruno Souza,,-5,999999999999999,,2027-10-09,2026-10-09T17:04:52.531637,True
1132,Lucas Martins,,0,999999999999999,,2027-10-09,2026-10-09T17:04:52.531637,True
1133,Fernanda Gomes,,0,999999999999999,00000000000,2027-10-09,2026-10-09T17:04:52.531637,True
1134,Rafael Gomes,,0,999999999999999,00000000000,2027-10-09,2026-10-09T17:04:52.531637,True
1135,Julia Gomes,,200,999999999999999,00000000000,2027-10-09,2026-10-09T17:04:52.531637,True
1136,Julia Souza,,200,999999999999999,11111111111111,2027-10-09,2026-10-09T17:04:52.531637,True
1137,Maria Pereira,,200,999999999999999,,2027-10-09,2026-10-09T17:04:52.531637,True
1138,Rafael Lima,,200,999999999999999,,2027-10-09,2026-10-09T17:04:52.531637,True
1139,Thiago Costa,,200,999999999999999,,2027-10-09,2026-10-09T17:04:52.531637,True
1140,Carlos Gomes,,200,999999999999999,123,2027-10-09,2026-10-09T17:04:52.531637,True
1141,Larissa Gomes,,,999999999999999,123,2027-10-09,2026-10-09T17:04:52.531637,True
1142,Bruno Silva,,200,999999999999999,123,2027-10-09,2026-10-09T17:04:52.531637,True
1143,Rafael Pereira,,200,999999999999999,123,2027-10-09,2026-10-09T17:04:52.531637,True
1144,Beatriz Gomes,,200,999999999999999,123,2027-10-09,2026-10-09T17:04:52.531637,True
1145,Diego Souza,,200,,,2027-10-09,2026-10-09T17:04:52.531637,True
1146,Maria Costa,,200,999999999999999,,2027-10-09,2026-10-09T17:04:52.531637,True
1147,Fernanda Martins,,200,999999999999999,,2027-10-09,2026-10-09T17:04:52.531637,True
1148,Fernanda Pereira,email_sem_arroba.com,200,999999999999999,,2027-10-09,2026-10-09T17:04:52.531637,True
1149,Beatriz Oliveira,,200,,,2027-10-09,2026-10-09T17:04:52.531637,True
1150,Beatriz Costa,,200,,,2027-10-09,2026-10-09T17:04:52.531637,True
1151,Julia Rodrigues,,200,,11111111111111,2027-10-09,2026-10-09T17:04:52.531637,True
1152,Beatriz Oliveira,,200,,00000000000,2027-10-09,2026-10-09T17:04:52.531637,True
1153,Maria Martins,,200,,00000000000,2027-10-09,2026-10-09T17:04:52.531637,True
1154,João Pereira,email_sem_arroba.com,200,,00000000000,2027-10-09,2026-10-09T17:04:52.531637,True
1155,Maria Gomes,email com espaços@teste.com,200,,00000000000,2027-10-09,2026-10-09T17:04:52.531637,True
1156,Carlos Lima,email com espaços@teste.com,200,,00000000000,2027-10-09,2026-10-09T17:04:52.531637,True
1157,Beatriz Costa,email@,200,,00000000000,2027-10-09,2026-10-09T17:04:52.531637,True
1158,Camila Santos,email@,200,,11111111111111,2027-10-09,2026-10-09T17:04:52.531637,True
1159,Thiago Costa,email@,200,,11111111111111,2027-10-09,2026-10-09T17:04:52.531637,True
1160,Fernanda Oliveira,email_sem_arroba.com,200,,11111111111111,2027-10-09,2026-10-09T17:04:52.531637,True
1161,Pedro Souza,,200,,11111111111111,2027-10-09,2026-10-09T17:04:52.531637,True
1162,Diego Almeida,,200,,00000000000,2027-10-09,2026-10-09T17:04:52.531637,True
1163,Carlos Santos,,200,,123,2027-10-09,2026-10-09T17:04:52.531637,True
1164,João Martins,@sem_dominio,200,,123,2027-10-09,2026-10-09T17:04:52.531637,True
1165,Beatriz Oliveira,@sem_dominio,200,123,123,2027-10-09,2026-10-09T17:04:52.531637,True
1166,Camila Silva,email@,200,123,123,2027-10-09,2026-10-09T17:04:52.531637,True
1167,Fernanda Costa,,200,,,2027-10-09,2026-10-09T17:04:52.531637,True
1168,Carlos Ferreira,,200,,,2027-10-09,2026-10-09T17:04:52.531637,True
1169,Carlos Costa,,200,,,2027-10-09,2026-10-09T17:04:52.531637,True
1170,Maria Ferreira,,200,,,2027-10-09,2026-10-09T17:04:52.531637,True
1171,Carlos Pereira,,,,,2027-10-09,2026-10-09T17:04:52.531637,True
1172,Julia Gomes,,,,,2027-10-09,2026-10-09T17:04:52.531637,True
1173,Pedro Almeida,,,,11111111111111,2027-10-09,2026-10-09T17:04:52.531637,True
1174,Maria Almeida,,,,11111111111111,2027-10-09,2026-10-09T17:04:52.531637,True
1175,Beatriz Souza,,,,11111111111111,2027-10-09,2026-10-09T17:04:52.531637,True
1176,Bruno Souza,@sem_dominio,,,11111111111111,2027-10-09,2026-10-09T17:04:52.531637,True
1177,Thiago Santos,@sem_dominio,,,11111111111111,2027-10-09,2026-10-09T17:04:52.531637,True
1178,Camila Souza,@sem_dominio,,999999999999999,11111111111111,2027-10-09,2026-10-09T17:04:52.531637,True
1179,Julia Martins,@sem_dominio,,123,11111111111111,2027-10-09,2026-10-09T17:04:52.531637,True
1180,Julia Lima,,,,,2027-10-09,2026-10-09T17:04:52.531637,True
1181,Rafael Almeida,,,,,2027-10-09,2026-10-09T17:04:52.531637,True
1182,João Lima,,,,,2027-10-09,2026-10-09T17:04:52.531637,True
1183,Bruno Ferreira,,,,,2027-10-09,2026-10-09T17:04:52.531637,True
1184,Julia Rodrigues,,,abcdefgh,,2027-10-09,2026-10-09T17:04:52.531637,True
1185,Beatriz Lima,email com espaços@teste.com,,abcdefgh,,2027-10-09,2026-10-09T17:04:52.531637,True
1186,Pedro Santos,email_sem_arroba.com,,abcdefgh,,2027-10-09,2026-10-09T17:04:52.531637,True
1187,Julia Santos,email_sem_arroba.com,,abcdefgh,,2027-10-09,2026-10-09T17:04:52.531637,True
1188,Larissa Martins,@sem_dominio,,abcdefgh,,2027-10-09,2026-10-09T17:04:52.531637,True
1189,Julia Martins,@sem_dominio,,abcdefgh,11111111111111,2027-10-09,2026-10-09T17:04:52.531637,True
1190,Thiago Costa,@sem_dominio,,abcdefgh,11111111111111,2027-10-09,2026-10-09T17:04:52.531637,True
1191,Rafael Ferreira,@sem_dominio,,abcdefgh,11111111111111,2027-10-09,2026-10-09T17:04:52.531637,True
1192,Julia Gomes,@sem_dominio,200,abcdefgh,11111111111111,2027-10-09,2026-10-09T17:04:52.531637,True
1193,Bruno Martins,@sem_dominio,200,abcdefgh,11111111111111,2027-10-09,2026-10-09T17:04:52.531637,True
1194,Maria Souza,@sem_dominio,200,123,11111111111111,2027-10-09,2026-10-09T17:04:52.531637,True
1195,Julia Pereira,@sem_dominio,200,123,11111111111111,2027-10-09,2026-10-09T17:04:52.531637,True
1196,Fernanda Ferreira,@sem_dominio,200,123,11111111111111,2027-10-09,2026-10-09T17:04:52.531637,True
1197,Beatriz Silva,@sem_dominio,200,123,11111111111111,2027-10-09,2026-10-09T17:04:52.531637,True
1198,João Gomes,@sem_dominio,200,123,123,2027-10-09,2026-10-09T17:04:52.531637,True
1199,Diego Santos,,200,,,2027-10-09,2026-10-09T17:04:52.531637,True
1200,Bruno Ferreira,,0,,,2027-10-09,2026-10-09T17:04:52.531637,True
1201,Carlos Costa,,0,,,2027-10-09,2026-10-09T17:04:52.531637,True
1202,Thiago Gomes,email_sem_arroba.com,0,,,2027-10-09,2026-10-09T17:04:52.531637,True
1203,Beatriz Oliveira,,0,,,2027-10-09,2026-10-09T17:04:52.531637,True
1204,Lucas Santos,,0,,,2027-10-09,2026-10-09T17:04:52.531637,True
1205,Beatriz Souza,,200,,,2027-10-09,2026-10-09T17:04:52.531637,True
1206,Carlos Rodrigues,email com espaços@teste.com,200,,,2027-10-09,2026-10-09T17:04:52.531637,True
1207,Julia Almeida,email com espaços@teste.com,200,,,2027-10-09,2026-10-09T17:04:52.531637,True
1208,Fernanda Pereira,email com espaços@teste.com,200,,,2027-10-09,2026-10-09T17:04:52.531637,True
1209,Lucas Martins,email com espaços@teste.com,200,,11111111111111,2027-10-09,2026-10-09T17:04:52.531637,True
1210,Rafael Pereira,,200,,11111111111111,2027-10-09,2026-10-09T17:04:52.531637,True
1211,Rafael Ferreira,,200,,11111111111111,2027-10-09,2026-10-09T17:04:52.531637,True
1212,João Silva,,200,,11111111111111,2027-10-09,2026-10-09T17:04:52.531637,True
1213,Julia Lima,,200,,,2027-10-09,2026-10-09T17:04:52.531637,True
1214,Larissa Oliveira,@sem_dominio,200,,,2027-10-09,2026-10-09T17:04:52.531637,True
1215,Julia Oliveira,@sem_dominio,200,,00000000000,2027-10-09,2026-10-09T17:04:52.531637,True
1216,Maria Santos,email com espaços@teste.com,200,,00000000000,2027-10-09,2026-10-09T17:04:52.531637,True
1217,Lucas Santos,email com espaços@teste.com,200,,,2027-10-09,2026-10-09T17:04:52.531637,True
1218,Larissa Souza,email com espaços@teste.com,-5,,,2027-10-09,2026-10-09T17:04:52.531637,True
1219,Camila Santos,email com espaços@teste.com,-5,,,2027-10-09,2026-10-09T17:04:52.531637,True
1220,Maria Santos,email com espaços@teste.com,150,,,2027-10-09,2026-10-09T17:04:52.531637,True
1221,Ana Silva,email_sem_arroba.com,150,,,2027-10-09,2026-10-09T17:04:52.531637,True
1222,Pedro Costa,email_sem_arroba.com,150,,,2027-10-09,2026-10-09T17:04:52.531637,True
1223,Thiago Martins,email_sem_arroba.com,150,,,2027-10-09,2026-10-09T17:04:52.531637,True
1224,Maria Ferreira,email_sem_arroba.com,0,,,2027-10-09,2026-10-09T17:04:52.531637,True
1225,Rafael Ferreira,email_sem_arroba.com,0,,,2027-10-09,2026-10-09T17:04:52.531637,True
1226,Ana Lima,email_sem_arroba.com,0,,,2027-10-09,2026-10-09T17:04:52.531637,True
1227,Julia Rodrigues,,0,,,2027-10-09,2026-10-09T17:04:52.531637,True
1228,Maria Pereira,,,,,2027-10-09,2026-10-09T17:04:52.531637,True
1229,Larissa Santos,,,,,2027-10-09,2026-10-09T17:04:52.531637,True
1230,Julia Lima,,,,,2027-10-09,2026-10-09T17:04:52.531637,True
1231,Maria Souza,,,abcdefgh,,2027-10-09,2026-10-09T17:04:52.531637,True
1232,Thiago Gomes,,,abcdefgh,,2027-10-09,2026-10-09T17:04:52.531637,True
1233,Thiago Costa,,,,,2027-10-09,2026-10-09T17:04:52.531637,True
1234,Thiago Silva,,,999999999999999,,2027-10-09,2026-10-09T17:04:52.531637,True
1235,Rafael Rodrigues,,,999999999999999,,2027-10-09,2026-10-09T17:04:52.531637,True
1236,Rafael Ferreira,,,abcdefgh,,2027-10-09,2026-10-09T17:04:52.531637,True
1237,Carlos Pereira,,,abcdefgh,,2027-10-09,2026-10-09T17:04:52.531637,True
1238,Fernanda Ferreira,,,abcdefgh,,2027-10-09,2026-10-09T17:04:52.531637,True
1239,Rafael Lima,,,abcdefgh,,2027-10-09,2026-10-09T17:04:52.531637,True
1240,Julia Rodrigues,,,abcdefgh,,2027-10-09,2026-10-09T17:04:52.531637,True
1241,Camila Lima,,,abcdefgh,00000000000,2027-10-09,2026-10-09T17:04:52.531637,True
1242,Carlos Martins,,-5,abcdefgh,00000000000,2027-10-09,2026-10-09T17:04:52.531637,True
1243,Diego Silva,,-5,,,2027-10-09,2026-10-09T17:04:52.531637,True
1244,Diego Santos,,-5,,,2027-10-09,2026-10-09T17:04:52.531637,True
1245,Julia Silva,,-5,,,2027-10-09,2026-10-09T17:04:52.531637,True
1246,Julia Silva,,-5,,123,2027-10-09,2026-10-09T17:04:52.531637,True
1247,Larissa Souza,,200,,123,2027-10-09,2026-10-09T17:04:52.531637,True
1248,Bruno Souza,,200,,00000000000,2027-10-09,2026-10-09T17:04:52.531637,True
1249,Camila Almeida,,200,,00000000000,2027-10-09,2026-10-09T17:04:52.531637,True
1250,João Santos,,200,,11111111111111,2027-10-09,2026-10-09T17:04:52.531637,True
1251,Carlos Pereira,email com espaços@teste.com,200,,11111111111111,2027-10-09,2026-10-09T17:04:52.531637,True
1252,Pedro Pereira,email com espaços@teste.com,200,,11111111111111,2027-10-09,2026-10-09T17:04:52.531637,True
1253,Diego Almeida,email com espaços@teste.com,200,,11111111111111,2027-10-09,2026-10-09T17:04:52.531637,True
1254,Pedro Souza,email com espaços@teste.com,200,,11111111111111,2027-10-09,2026-10-09T17:04:52.531637,True
1255,Diego Oliveira,email com espaços@teste.com,200,,11111111111111,2027-10-09,2026-10-09T17:04:52.531637,True
1256,João Gomes,,200,,,2027-10-09,2026-10-09T17:04:52.531637,True
1257,Diego Oliveira,,200,,,2027-10-09,2026-10-09T17:04:52.531637,True
1258,Camila Ferreira,,200,abcdefgh,,2027-10-09,2026-10-09T17:04:52.531637,True
1259,Camila Santos,,200,abcdefgh,,2027-10-09,2026-10-09T17:04:52.531637,True
1260,Lucas Ferreira,email@,200,abcdefgh,,2027-10-09,2026-10-09T17:04:52.531637,True
1261,Diego Souza,email@,200,abcdefgh,,2027-10-09,2026-10-09T17:04:52.531637,True
1262,Ana Ferreira,email com espaços@teste.com,200,abcdefgh,,2027-10-09,2026-10-09T17:04:52.531637,True
1263,Lucas Santos,email com espaços@teste.com,200,abcdefgh,00000000000,2027-10-09,2026-10-09T17:04:52.531637,True
1264,Carlos Oliveira,,200,,,2027-10-09,2026-10-09T17:04:52.531637,True
1265,João Lima,,200,,,2027-10-09,2026-10-09T17:04:52.531637,True
1266,Bruno Silva,,-5,,,2027-10-09,2026-10-09T17:04:52.531637,True
1267,Ana Santos,,-5,,,2027-10-09,2026-10-09T17:04:52.531637,True
1268,Pedro Oliveira,,-5,,,2027-10-09,2026-10-09T17:04:52.531637,True
1269,Julia Pereira,,-5,,,2027-10-09,2026-10-09T17:04:52.531637,True
1270,Julia Costa,,-5,,,2027-10-09,2026-10-09T17:04:52.531637,True
1271,Ana Souza,,-5,,,2027-10-09,2026-10-09T17:04:52.531637,True
1272,Larissa Pereira,,200,,,2027-10-09,2026-10-09T17:04:52.531637,True
1273,Larissa Pereira,,200,,,2027-10-09,2026-10-09T17:04:52.531637,True
1274,Diego Silva,,200,,,2027-10-09,2026-10-09T17:04:52.531637,True
1275,Thiago Rodrigues,,200,,11111111111111,2027-10-09,2026-10-09T17:04:52.531637,True
1276,João Souza,,200,,11111111111111,2027-10-09,2026-10-09T17:04:52.531637,True
1277,Julia Almeida,,200,,11111111111111,2027-10-09,2026-10-09T17:04:52.531637,True
1278,Maria Souza,,200,,11111111111111,2027-10-09,2026-10-09T17:04:52.531637,True
1279,Larissa Martins,,150,,11111111111111,2027-10-09,2026-10-09T17:04:52.531637,True
1280,Lucas Souza,,0,,11111111111111,2027-10-09,2026-10-09T17:04:52.531637,True
1281,Diego Lima,,0,,00000000000,2027-10-09,2026-10-09T17:04:52.531637,True
1282,Lucas Santos,,0,abcdefgh,00000000000,2027-10-09,2026-10-09T17:04:52.531637,True
1283,Pedro Oliveira,,0,abcdefgh,,2027-10-09,2026-10-09T17:04:52.531637,True
1284,Larissa Souza,@sem_dominio,0,abcdefgh,,2027-10-09,2026-10-09T17:04:52.531637,True
1285,Thiago Rodrigues,email com espaços@teste.com,0,abcdefgh,,2027-10-09,2026-10-09T17:04:52.531637,True
1286,Thiago Souza,email com espaços@teste.com,-5,abcdefgh,,2027-10-09,2026-10-09T17:04:52.531637,True
1287,Rafael Oliveira,email com espaços@teste.com,-5,abcdefgh,,2027-10-09,2026-10-09T17:04:52.531637,True
1288,Lucas Silva,email com espaços@teste.com,,abcdefgh,,2027-10-09,2026-10-09T17:04:52.531637,True
1289,Rafael Martins,email com espaços@teste.com,200,abcdefgh,,2027-10-09,2026-10-09T17:04:52.531637,True
1290,Camila Silva,,200,,,2027-10-09,2026-10-09T17:04:52.531637,True
1291,Ana Santos,,200,abcdefgh,,2027-10-09,2026-10-09T17:04:52.531637,True
1292,Carlos Rodrigues,,200,abcdefgh,00000000000,2027-10-09,2026-10-09T17:04:52.531637,True
1293,Lucas Gomes,,200,abcdefgh,123,2027-10-09,2026-10-09T17:04:52.531637,True
1294,Maria Almeida,,200,abcdefgh,123,2027-10-09,2026-10-09T17:04:52.531637,True
1295,Fernanda Santos,,200,,,2027-10-09,2026-10-09T17:04:52.531637,True
1296,Beatriz Souza,,200,,,2027-10-09,2026-10-09T17:04:52.531637,True
1297,Thiago Lima,,200,,,2027-10-09,2026-10-09T17:04:52.531637,True
1298,Lucas Silva,,200,,,2027-10-09,2026-10-09T17:04:52.531637,True
1299,Maria Oliveira,,200,,,2027-10-09,2026-10-09T17:04:52.531637,True
1300,Beatriz Martins,,,,,2027-10-09,2026-10-09T17:04:52.531637,True
1301,Rafael Costa,,150,,,2027-10-09,2026-10-09T17:04:52.531637,True
1302,Thiago Souza,,150,,,2027-10-09,2026-10-09T17:04:52.531637,True
1303,Julia Souza,,150,,,2027-10-09,2026-10-09T17:04:52.531637,True
1304,Diego Ferreira,,150,,,2027-10-09,2026-10-09T17:04:52.531637,True
1305,João Costa,,,,,2027-10-09,2026-10-09T17:04:52.531637,True
1306,Thiago Lima,,,,,2027-10-09,2026-10-09T17:04:52.531637,True
1307,João Souza,,,,,2027-10-09,2026-10-09T17:04:52.531637,True
1308,Fernanda Oliveira,,,,,2027-10-09,2026-10-09T17:04:52.531637,True
1309,Beatriz Santos,,,,,2027-10-09,2026-10-09T17:04:52.531637,True
1310,Pedro Ferreira,email com espaços@teste.com,,,,2027-10-09,2026-10-09T17:04:52.531637,True
1311,Pedro Oliveira,,,,,2027-10-09,2026-10-09T17:04:52.531637,True
1312,Beatriz Martins,@sem_dominio,,,,2027-10-09,2026-10-09T17:04:52.531637,True
1313,Larissa Ferreira,email_sem_arroba.com,,,,2027-10-09,2026-10-09T17:04:52.531637,True
1314,Diego Rodrigues,email_sem_arroba.com,,,00000000000,2027-10-09,2026-10-09T17:04:52.531637,True
1315,Carlos Gomes,,,,00000000000,2027-10-09,2026-10-09T17:04:52.531637,True
1316,Beatriz Martins,,,,,2027-10-09,2026-10-09T17:04:52.531637,True
1317,Beatriz Oliveira,,,,,2027-10-09,2026-10-09T17:04:52.531637,True
1318,Rafael Santos,,-5,,,2027-10-09,2026-10-09T17:04:52.531637,True
1319,Carlos Costa,,-5,,,2027-10-09,2026-10-09T17:04:52.531637,True
1320,Ana Santos,,-5,,,2027-10-09,2026-10-09T17:04:52.531637,True
1321,Julia Ferreira,,-5,,,2027-10-09,2026-10-09T17:04:52.531637,True
1322,Fernanda Pereira,,-5,,00000000000,2027-10-09,2026-10-09T17:04:52.531637,True
1323,Larissa Ferreira,email_sem_arroba.com,-5,,00000000000,2027-10-09,2026-10-09T17:04:52.531637,True
1324,Thiago Pereira,email_sem_arroba.com,-5,,11111111111111,2027-10-09,2026-10-09T17:04:52.531637,True
1325,Beatriz Costa,email_sem_arroba.com,-5,abcdefgh,11111111111111,2027-10-09,2026-10-09T17:04:52.531637,True
1326,Thiago Almeida,email_sem_arroba.com,-5,abcdefgh,11111111111111,2027-10-09,2026-10-09T17:04:52.531637,True
1327,Carlos Martins,email_sem_arroba.com,-5,,11111111111111,2027-10-09,2026-10-09T17:04:52.531637,True
1328,Maria Silva,email_sem_arroba.com,-5,,11111111111111,2027-10-09,2026-10-09T17:04:52.531637,True
1329,Beatriz Santos,,-5,,,2027-10-09,2026-10-09T17:04:52.531637,True
1330,Carlos Santos,,-5,,,2027-10-09,2026-10-09T17:04:52.531637,True
1331,Lucas Martins,,-5,,,2027-10-09,2026-10-09T17:04:52.531637,True
1332,Camila Martins,,-5,,,2027-10-09,2026-10-09T17:04:52.531637,True
1333,Pedro Almeida,,-5,123,,2027-10-09,2026-10-09T17:04:52.531637,True
1334,Bruno Gomes,@sem_dominio,-5,123,,2027-10-09,2026-10-09T17:04:52.531637,True
1335,Larissa Rodrigues,@sem_dominio,-5,123,,2027-10-09,2026-10-09T17:04:52.531637,True
1336,Maria Pereira,@sem_dominio,,123,,2027-10-09,2026-10-09T17:04:52.531637,True
1337,Lucas Costa,,,,,2027-10-09,2026-10-09T17:04:52.531637,True
1338,Bruno Martins,,200,,,2027-10-09,2026-10-09T17:04:52.531637,True
1339,Ana Santos,,-5,,,2027-10-09,2026-10-09T17:04:52.531637,True
1340,Fernanda Ferreira,,-5,abcdefgh,,2027-10-09,2026-10-09T17:04:52.531637,True
1341,Beatriz Pereira,,-5,abcdefgh,,2027-10-09,2026-10-09T17:04:52.531637,True
1342,Ana Rodrigues,,-5,abcdefgh,,2027-10-09,2026-10-09T17:04:52.531637,True
1343,João Rodrigues,,-5,,,2027-10-09,2026-10-09T17:04:52.531637,True
1344,Pedro Rodrigues,email com espaços@teste.com,-5,,,2027-10-09,2026-10-09T17:04:52.531637,True
1345,Pedro Pereira,email com espaços@teste.com,0,,,2027-10-09,2026-10-09T17:04:52.531637,True
1346,Rafael Oliveira,,0,,,2027-10-09,2026-10-09T17:04:52.531637,True
1347,Carlos Costa,,0,,,2027-10-09,2026-10-09T17:04:52.531637,True
1348,Bruno Ferreira,,0,,,2027-10-09,2026-10-09T17:04:52.531637,True
1349,Rafael Pereira,,0,abcdefgh,,2027-10-09,2026-10-09T17:04:52.531637,True
1350,Ana Rodrigues,,0,,,2027-10-09,2026-10-09T17:04:52.531637,True
1351,Carlos Santos,,0,,,2027-10-09,2026-10-09T17:04:52.531637,True
1352,Lucas Costa,email@,0,,,2027-10-09,2026-10-09T17:04:52.531637,True
1353,Fernanda Gomes,email@,0,,11111111111111,2027-10-09,2026-10-09T17:04:52.531637,True
1354,Camila Gomes,email@,0,,123,2027-10-09,2026-10-09T17:04:52.531637,True
1355,Lucas Oliveira,email@,0,123,123,2027-10-09,2026-10-09T17:04:52.531637,True
1356,Julia Costa,email@,0,999999999999999,123,2027-10-09,2026-10-09T17:04:52.531637,True
1357,Carlos Oliveira,,0,,,2027-10-09,2026-10-09T17:04:52.531637,True
1358,Pedro Almeida,,0,,,2027-10-09,2026-10-09T17:04:52.531637,True
1359,Julia Silva,,0,,,2027-10-09,2026-10-09T17:04:52.531637,True
1360,Maria Pereira,,,,,2027-10-09,2026-10-09T17:04:52.531637,True
1361,Bruno Costa,,,,11111111111111,2027-10-09,2026-10-09T17:04:52.531637,True
1362,Camila Rodrigues,email@,,,11111111111111,2027-10-09,2026-10-09T17:04:52.531637,True
1363,Bruno Santos,email@,,123,11111111111111,2027-10-09,2026-10-09T17:04:52.531637,True
1364,Lucas Lima,,,,,2027-10-09,2026-10-09T17:04:52.531637,True
1365,Ana Pereira,,,,11111111111111,2027-10-09,2026-10-09T17:04:52.531637,True
1366,Camila Oliveira,,0,,11111111111111,2027-10-09,2026-10-09T17:04:52.531637,True
1367,Camila Souza,,0,,,2027-10-09,2026-10-09T17:04:52.531637,True
1368,João Gomes,,0,999999999999999,,2027-10-09,2026-10-09T17:04:52.531637,True
1369,Lucas Martins,,0,999999999999999,,2027-10-09,2026-10-09T17:04:52.531637,True
1370,Julia Lima,,-5,999999999999999,,2027-10-09,2026-10-09T17:04:52.531637,True
1371,Julia Almeida,,-5,123,,2027-10-09,2026-10-09T17:04:52.531637,True
1372,Julia Gomes,,-5,123,,2027-10-09,2026-10-09T17:04:52.531637,True
1373,Fernanda Oliveira,,,123,,2027-10-09,2026-10-09T17:04:52.531637,True
1374,Rafael Martins,,,123,,2027-10-09,2026-10-09T17:04:52.531637,True
1375,Maria Costa,email@,,123,,2027-10-09,2026-10-09T17:04:52.531637,True
1376,Julia Rodrigues,email@,,123,,2027-10-09,2026-10-09T17:04:52.531637,True
1377,Carlos Gomes,email@,200,123,,2027-10-09,2026-10-09T17:04:52.531637,True
1378,Julia Costa,email@,200,123,,2027-10-09,2026-10-09T17:04:52.531637,True
1379,Bruno Rodrigues,email@,0,123,,2027-10-09,2026-10-09T17:04:52.531637,True
1380,Julia Oliveira,,0,123,,2027-10-09,2026-10-09T17:04:52.531637,True
1381,Thiago Gomes,,0,123,123,2027-10-09,2026-10-09T17:04:52.531637,True
1382,João Oliveira,,,123,123,2027-10-09,2026-10-09T17:04:52.531637,True
1383,Julia Martins,,-5,123,123,2027-10-09,2026-10-09T17:04:52.531637,True
1384,Pedro Santos,,150,123,123,2027-10-09,2026-10-09T17:04:52.531637,True
1385,Maria Lima,email com espaços@teste.com,150,123,123,2027-10-09,2026-10-09T17:04:52.531637,True
1386,Beatriz Pereira,,150,,,2027-10-09,2026-10-09T17:04:52.531637,True
1387,Pedro Silva,,150,,,2027-10-09,2026-10-09T17:04:52.531637,True
1388,Thiago Almeida,,150,,,2027-10-09,2026-10-09T17:04:52.531637,True
1389,Thiago Ferreira,,150,,,2027-10-09,2026-10-09T17:04:52.531637,True
1390,Maria Costa,,150,123,,2027-10-09,2026-10-09T17:04:52.531637,True
1391,Rafael Lima,,150,123,123,2027-10-09,2026-10-09T17:04:52.531637,True
1392,Larissa Silva,,150,999999999999999,123,2027-10-09,2026-10-09T17:04:52.531637,True
1393,João Lima,,150,,,2027-10-09,2026-10-09T17:04:52.531637,True
1394,Diego Pereira,,150,,,2027-10-09,2026-10-09T17:04:52.531637,True
1395,Camila Rodrigues,,150,,,2027-10-09,2026-10-09T17:04:52.531637,True
1396,Bruno Almeida,,150,,,2027-10-09,2026-10-09T17:04:52.531637,True
1397,Pedro Gomes,,150,,,2027-10-09,2026-10-09T17:04:52.531637,True
1398,Pedro Souza,,150,,,2027-10-09,2026-10-09T17:04:52.531637,True
1399,Carlos Souza,,150,,,2027-10-09,2026-10-09T17:04:52.531637,True
1400,Fernanda Gomes,,150,,,2027-10-09,2026-10-09T17:04:52.531637,True
1401,Camila Ferreira,,150,abcdefgh,,2027-10-09,2026-10-09T17:04:52.531637,True
1402,Bruno Costa,,150,abcdefgh,00000000000,2027-10-09,2026-10-09T17:04:52.531637,True
1403,Larissa Oliveira,email com espaços@teste.com,150,abcdefgh,00000000000,2027-10-09,2026-10-09T17:04:52.531637,True
1404,Maria Santos,email com espaços@teste.com,150,abcdefgh,00000000000,2027-10-09,2026-10-09T17:04:52.531637,True
1405,Camila Costa,email com espaços@teste.com,150,abcdefgh,00000000000,2027-10-09,2026-10-09T17:04:52.531637,True
1406,Pedro Santos,email com espaços@teste.com,150,abcdefgh,00000000000,2027-10-09,2026-10-09T17:04:52.531637,True
1407,Diego Oliveira,email com espaços@teste.com,150,abcdefgh,123,2027-10-09,2026-10-09T17:04:52.531637,True
1408,Ana Oliveira,email com espaços@teste.com,150,abcdefgh,,2027-10-09,2026-10-09T17:04:52.531637,True
1409,Lucas Almeida,email com espaços@teste.com,150,,,2027-10-09,2026-10-09T17:04:52.531637,True
1410,Rafael Almeida,email com espaços@teste.com,150,,,2027-10-09,2026-10-09T17:04:52.531637,True
1411,Fernanda Lima,email com espaços@teste.com,150,123,,2027-10-09,2026-10-09T17:04:52.531637,True
1412,Fernanda Souza,email com espaços@teste.com,150,123,11111111111111,2027-10-09,2026-10-09T17:04:52.531637,True
1413,Bruno Souza,email com espaços@teste.com,150,123,11111111111111,2027-10-09,2026-10-09T17:04:52.531637,True
1414,Larissa Gomes,email com espaços@teste.com,150,123,11111111111111,2027-10-09,2026-10-09T17:04:52.531637,True
1415,Maria Almeida,email com espaços@teste.com,150,123,11111111111111,2027-10-09,2026-10-09T17:04:52.531637,True
1416,Carlos Pereira,,150,,,2027-10-09,2026-10-09T17:04:52.531637,True
1417,Pedro Ferreira,,150,,,2027-10-09,2026-10-09T17:04:52.531637,True
1418,Thiago Lima,,150,,,2027-10-09,2026-10-09T17:04:52.531637,True
1419,Rafael Martins,email_sem_arroba.com,150,,,2027-10-09,2026-10-09T17:04:52.531637,True
1420,Lucas Martins,email_sem_arroba.com,150,999999999999999,,2027-10-09,2026-10-09T17:04:52.531637,True
1421,Bruno Lima,email_sem_arroba.com,150,999999999999999,,2027-10-09,2026-10-09T17:04:52.531637,True
1422,Pedro Santos,email_sem_arroba.com,150,999999999999999,,2027-10-09,2026-10-09T17:04:52.531637,True
1423,Larissa Oliveira,email_sem_arroba.com,150,999999999999999,,2027-10-09,2026-10-09T17:04:52.531637,True
1424,Carlos Lima,email_sem_arroba.com,150,999999999999999,123,2027-10-09,2026-10-09T17:04:52.531637,True
1425,Camila Santos,,150,,,2027-10-09,2026-10-09T17:04:52.531637,True
1426,Beatriz Souza,,0,,,2027-10-09,2026-10-09T17:04:52.531637,True
1427,Camila Santos,,0,,,2027-10-09,2026-10-09T17:04:52.531637,True
1428,Pedro Oliveira,,0,,,2027-10-09,2026-10-09T17:04:52.531637,True
1429,Larissa Silva,,0,,,2027-10-09,2026-10-09T17:04:52.531637,True
1430,Fernanda Lima,@sem_dominio,0,,,2027-10-09,2026-10-09T17:04:52.531637,True
1431,Larissa Oliveira,@sem_dominio,0,,,2027-10-09,2026-10-09T17:04:52.531637,True
1432,Julia Almeida,,0,,,2027-10-09,2026-10-09T17:04:52.531637,True
1433,Rafael Silva,,0,,11111111111111,2027-10-09,2026-10-09T17:04:52.531637,True
1434,Thiago Lima,,0,abcdefgh,11111111111111,2027-10-09,2026-10-09T17:04:52.531637,True
1435,Lucas Gomes,,,abcdefgh,11111111111111,2027-10-09,2026-10-09T17:04:52.531637,True
1436,Maria Costa,,,,,2027-10-09,2026-10-09T17:04:52.531637,True
1437,Lucas Oliveira,,,,123,2027-10-09,2026-10-09T17:04:52.531637,True
1438,Julia Almeida,,,,123,2027-10-09,2026-10-09T17:04:52.531637,True
1439,Camila Pereira,,,,123,2027-10-09,2026-10-09T17:04:52.531637,True
1440,Rafael Martins,,,,123,2027-10-09,2026-10-09T17:04:52.531637,True
1441,Bruno Rodrigues,,,,123,2027-10-09,2026-10-09T17:04:52.531637,True
1442,Fernanda Rodrigues,,,,123,2027-10-09,2026-10-09T17:04:52.531637,True
1443,Pedro Oliveira,,,,123,2027-10-09,2026-10-09T17:04:52.531637,True
1444,Thiago Costa,,,,123,2027-10-09,2026-10-09T17:04:52.531637,True
1445,Pedro Lima,,,,123,2027-10-09,2026-10-09T17:04:52.531637,True
1446,Lucas Martins,,,,,2027-10-09,2026-10-09T17:04:52.531637,True
1447,Maria Santos,,-5,,,2027-10-09,2026-10-09T17:04:52.531637,True
1448,Beatriz Silva,,-5,,00000000000,2027-10-09,2026-10-09T17:04:52.531637,True
1449,Carlos Costa,,-5,,00000000000,2027-10-09,2026-10-09T17:04:52.531637,True
1450,Fernanda Lima,,-5,abcdefgh,00000000000,2027-10-09,2026-10-09T17:04:52.531637,True
1451,Fernanda Martins,,-5,,,2027-10-09,2026-10-09T17:04:52.531637,True
1452,Camila Almeida,,-5,999999999999999,,2027-10-09,2026-10-09T17:04:52.531637,True
1453,Julia Gomes,,-5,999999999999999,,2027-10-09,2026-10-09T17:04:52.531637,True
1454,Larissa Santos,,-5,999999999999999,,2027-10-09,2026-10-09T17:04:52.531637,True
1455,Julia Almeida,,-5,,,2027-10-09,2026-10-09T17:04:52.531637,True
1456,Lucas Pereira,,-5,,,2027-10-09,2026-10-09T17:04:52.531637,True
1457,Carlos Lima,,-5,,,2027-10-09,2026-10-09T17:04:52.531637,True
1458,Thiago Lima,,-5,abcdefgh,,2027-10-09,2026-10-09T17:04:52.531637,True
1459,Carlos Oliveira,,-5,,,2027-10-09,2026-10-09T17:04:52.531637,True
1460,João Oliveira,,150,,,2027-10-09,2026-10-09T17:04:52.531637,True
1461,Bruno Lima,,-5,,,2027-10-09,2026-10-09T17:04:52.531637,True
1462,Fernanda Almeida,,-5,,,2027-10-09,2026-10-09T17:04:52.531637,True
1463,Ana Ferreira,,-5,,,2027-10-09,2026-10-09T17:04:52.531637,True
1464,Diego Almeida,,-5,,,2027-10-09,2026-10-09T17:04:52.531637,True
1465,Diego Santos,,0,,,2027-10-09,2026-10-09T17:04:52.531637,True
1466,Carlos Gomes,,150,,,2027-10-09,2026-10-09T17:04:52.531637,True
1467,Carlos Gomes,,150,,,2027-10-09,2026-10-09T17:04:52.531637,True
1468,Maria Lima,,200,,,2027-10-09,2026-10-09T17:04:52.531637,True
1469,Rafael Pereira,,0,,,2027-10-09,2026-10-09T17:04:52.531637,True
1470,Rafael Santos,,0,,,2027-10-09,2026-10-09T17:04:52.531637,True
1471,Lucas Lima,,0,abcdefgh,,2027-10-09,2026-10-09T17:04:52.531637,True
1472,Thiago Ferreira,,0,123,,2027-10-09,2026-10-09T17:04:52.531637,True
1473,Fernanda Lima,,0,,,2027-10-09,2026-10-09T17:04:52.531637,True
1474,Pedro Silva,email_sem_arroba.com,0,,,2027-10-09,2026-10-09T17:04:52.531637,True
1475,Diego Martins,,0,,,2027-10-09,2026-10-09T17:04:52.531637,True
1476,Thiago Oliveira,,0,123,,2027-10-09,2026-10-09T17:04:52.531637,True
1477,Carlos Gomes,,0,123,,2027-10-09,2026-10-09T17:04:52.531637,True
1478,Camila Pereira,email com espaços@teste.com,0,123,,2027-10-09,2026-10-09T17:04:52.531637,True
1479,Bruno Pereira,email com espaços@teste.com,,123,,2027-10-09,2026-10-09T17:04:52.531637,True
1480,Fernanda Rodrigues,,,,,2027-10-09,2026-10-09T17:04:52.531637,True
1481,Carlos Almeida,,,,,2027-10-09,2026-10-09T17:04:52.531637,True
1482,Pedro Lima,,,,11111111111111,2027-10-09,2026-10-09T17:04:52.531637,True
1483,Diego Lima,,-5,,11111111111111,2027-10-09,2026-10-09T17:04:52.531637,True
1484,Lucas Oliveira,,-5,,11111111111111,2027-10-09,2026-10-09T17:04:52.531637,True
1485,João Silva,,-5,123,11111111111111,2027-10-09,2026-10-09T17:04:52.531637,True
1486,Larissa Lima,,-5,999999999999999,11111111111111,2027-10-09,2026-10-09T17:04:52.531637,True
1487,João Oliveira,email com espaços@teste.com,-5,999999999999999,11111111111111,2027-10-09,2026-10-09T17:04:52.531637,True
1488,Julia Almeida,,-5,999999999999999,11111111111111,2027-10-09,2026-10-09T17:04:52.531637,True
1489,Beatriz Martins,email@,-5,999999999999999,11111111111111,2027-10-09,2026-10-09T17:04:52.531637,True
1490,Ana Oliveira,email@,-5,abcdefgh,11111111111111,2027-10-09,2026-10-09T17:04:52.531637,True
1491,Julia Lima,email@,-5,,11111111111111,2027-10-09,2026-10-09T17:04:52.531637,True
1492,Beatriz Souza,,-5,,11111111111111,2027-10-09,2026-10-09T17:04:52.531637,True
1493,Bruno Pereira,,-5,,11111111111111,2027-10-09,2026-10-09T17:04:52.531637,True
1494,Ana Souza,,-5,,11111111111111,2027-10-09,2026-10-09T17:04:52.531637,True
1495,Beatriz Lima,,-5,,11111111111111,2027-10-09,2026-10-09T17:04:52.531637,True
1496,Lucas Santos,email@,-5,,11111111111111,2027-10-09,2026-10-09T17:04:52.531637,True
1497,Bruno Gomes,email@,-5,,11111111111111,2027-10-09,2026-10-09T17:04:52.531637,True
1498,Diego Silva,email@,0,,11111111111111,2027-10-09,2026-10-09T17:04:52.531637,True
1499,Diego Santos,email@,0,,11111111111111,2027-10-09,2026-10-09T17:04:52.531637,True
1500,Ana Ferreira,email@,0,,11111111111111,2027-10-09,2026-10-09T17:04:52.531637,True
1501,Ana Souza,email@,0,,11111111111111,2027-10-09,2026-10-09T17:04:52.531637,True
1502,João Rodrigues,email@,,,11111111111111,2027-10-09,2026-10-09T17:04:52.531637,True
1503,Thiago Silva,email@,,,00000000000,2027-10-09,2026-10-09T17:04:52.531637,True
1504,Julia Costa,,,,,2027-10-09,2026-10-09T17:04:52.531637,True
1505,Larissa Gomes,,,,,2027-10-09,2026-10-09T17:04:52.531637,True
1506,Bruno Ferreira,,,,,2027-10-09,2026-10-09T17:04:52.531637,True
1507,Beatriz Rodrigues,,,,,2027-10-09,2026-10-09T17:04:52.531637,True
1508,Thiago Martins,,,,,2027-10-09,2026-10-09T17:04:52.531637,True
1509,Camila Silva,,,,,2027-10-09,2026-10-09T17:04:52.531637,True
1510,Larissa Martins,,,999999999999999,,2027-10-09,2026-10-09T17:04:52.531637,True
1511,Ana Lima,email com espaços@teste.com,,999999999999999,,2027-10-09,2026-10-09T17:04:52.531637,True
1512,Lucas Pereira,email com espaços@teste.com,,999999999999999,,2027-10-09,2026-10-09T17:04:52.531637,True
1513,Diego Rodrigues,email com espaços@teste.com,,999999999999999,,2027-10-09,2026-10-09T17:04:52.531637,True
1514,Fernanda Souza,email com espaços@teste.com,,,,2027-10-09,2026-10-09T17:04:52.531637,True
1515,Ana Lima,email com espaços@teste.com,,,,2027-10-09,2026-10-09T17:04:52.531637,True
1516,Ana Ferreira,email com espaços@teste.com,,,,2027-10-09,2026-10-09T17:04:52.531637,True
1517,Carlos Martins,,,,,2027-10-09,2026-10-09T17:04:52.531637,True
1518,Diego Martins,,200,,,2027-10-09,2026-10-09T17:04:52.531637,True
1519,Beatriz Pereira,,200,999999999999999,,2027-10-09,2026-10-09T17:04:52.531637,True
1520,Camila Souza,,200,999999999999999,,2027-10-09,2026-10-09T17:04:52.531637,True
1521,Rafael Almeida,,200,999999999999999,,2027-10-09,2026-10-09T17:04:52.531637,True
1522,Camila Oliveira,,200,999999999999999,11111111111111,2027-10-09,2026-10-09T17:04:52.531637,True
1523,Diego Lima,,150,999999999999999,11111111111111,2027-10-09,2026-10-09T17:04:52.531637,True
1524,Julia Lima,,150,abcdefgh,11111111111111,2027-10-09,2026-10-09T17:04:52.531637,True
1525,Beatriz Souza,,150,,11111111111111,2027-10-09,2026-10-09T17:04:52.531637,True
1526,Bruno Pereira,,150,abcdefgh,11111111111111,2027-10-09,2026-10-09T17:04:52.531637,True
1527,Lucas Oliveira,,150,,11111111111111,2027-10-09,2026-10-09T17:04:52.531637,True
1528,Rafael Pereira,,150,,11111111111111,2027-10-09,2026-10-09T17:04:52.531637,True
1529,Thiago Almeida,,150,,,2027-10-09,2026-10-09T17:04:52.531637,True
1530,Camila Martins,,150,,,2027-10-09,2026-10-09T17:04:52.531637,True
1531,Camila Lima,,150,,,2027-10-09,2026-10-09T17:04:52.531637,True
1532,Beatriz Martins,,150,999999999999999,,2027-10-09,2026-10-09T17:04:52.531637,True
1533,Ana Pereira,,150,999999999999999,123,2027-10-09,2026-10-09T17:04:52.531637,True
1534,João Costa,,150,999999999999999,123,2027-10-09,2026-10-09T17:04:52.531637,True
1535,Thiago Santos,,150,,,2027-10-09,2026-10-09T17:04:52.531637,True
1536,Beatriz Pereira,@sem_dominio,150,,,2027-10-09,2026-10-09T17:04:52.531637,True
1537,Lucas Rodrigues,@sem_dominio,0,,,2027-10-09,2026-10-09T17:04:52.531637,True
1538,Beatriz Silva,@sem_dominio,0,,,2027-10-09,2026-10-09T17:04:52.531637,True
1539,Lucas Gomes,@sem_dominio,0,,,2027-10-09,2026-10-09T17:04:52.531637,True
1540,Fernanda Rodrigues,,0,,,2027-10-09,2026-10-09T17:04:52.531637,True
1541,Larissa Martins,,150,,,2027-10-09,2026-10-09T17:04:52.531637,True
1542,Beatriz Ferreira,,150,123,,2027-10-09,2026-10-09T17:04:52.531637,True
1543,Diego Pereira,,150,,,2027-10-09,2026-10-09T17:04:52.531637,True
1544,Maria Costa,,,,,2027-10-09,2026-10-09T17:04:52.531637,True
1545,Lucas Oliveira,,,,,2027-10-09,2026-10-09T17:04:52.531637,True
1546,Diego Oliveira,,,,,2027-10-09,2026-10-09T17:04:52.531637,True
1547,Diego Oliveira,,150,,,2027-10-09,2026-10-09T17:04:52.531637,True
1548,João Costa,,150,,,2027-10-09,2026-10-09T17:04:52.531637,True
1549,Pedro Costa,,150,,,2027-10-09,2026-10-09T17:04:52.531637,True
1550,Beatriz Oliveira,,150,,,2027-10-09,2026-10-09T17:04:52.531637,True
1551,Camila Rodrigues,,150,,,2027-10-09,2026-10-09T17:04:52.531637,True
1552,Rafael Martins,email_sem_arroba.com,150,,,2027-10-09,2026-10-09T17:04:52.531637,True
1553,Beatriz Souza,email com espaços@teste.com,150,,,2027-10-09,2026-10-09T17:04:52.531637,True
1554,Bruno Costa,email com espaços@teste.com,,,,2027-10-09,2026-10-09T17:04:52.531637,True
1555,Rafael Souza,email com espaços@teste.com,200,,,2027-10-09,2026-10-09T17:04:52.531637,True
1556,Camila Souza,email com espaços@teste.com,200,abcdefgh,,2027-10-09,2026-10-09T17:04:52.531637,True
1557,Carlos Lima,email com espaços@teste.com,,abcdefgh,,2027-10-09,2026-10-09T17:04:52.531637,True
1558,Larissa Lima,email com espaços@teste.com,-5,abcdefgh,,2027-10-09,2026-10-09T17:04:52.531637,True
1559,Rafael Pereira,email com espaços@teste.com,-5,abcdefgh,,2027-10-09,2026-10-09T17:04:52.531637,True
1560,João Oliveira,,-5,abcdefgh,,2027-10-09,2026-10-09T17:04:52.531637,True
1561,Beatriz Pereira,@sem_dominio,-5,abcdefgh,,2027-10-09,2026-10-09T17:04:52.531637,True
1562,Pedro Silva,@sem_dominio,-5,abcdefgh,123,2027-10-09,2026-10-09T17:04:52.531637,True
1563,Thiago Santos,@sem_dominio,-5,123,123,2027-10-09,2026-10-09T17:04:52.531637,True
1564,Rafael Silva,@sem_dominio,-5,999999999999999,123,2027-10-09,2026-10-09T17:04:52.531637,True
1565,Julia Silva,@sem_dominio,-5,999999999999999,123,2027-10-09,2026-10-09T17:04:52.531637,True
1566,Camila Rodrigues,,-5,,,2027-10-09,2026-10-09T17:04:52.531637,True
1567,João Rodrigues,,200,,,2027-10-09,2026-10-09T17:04:52.531637,True
1568,Maria Martins,,200,,,2027-10-09,2026-10-09T17:04:52.531637,True
1569,Carlos Ferreira,,200,,,2027-10-09,2026-10-09T17:04:52.531637,True
1570,Beatriz Souza,,200,,,2027-10-09,2026-10-09T17:04:52.531637,True
1571,Carlos Rodrigues,,200,,,2027-10-09,2026-10-09T17:04:52.531637,True
1572,Beatriz Pereira,,200,,00000000000,2027-10-09,2026-10-09T17:04:52.531637,True
1573,Larissa Almeida,,200,,,2027-10-09,2026-10-09T17:04:52.531637,True
1574,Fernanda Oliveira,,0,,,2027-10-09,2026-10-09T17:04:52.531637,True
1575,Thiago Martins,,0,,,2027-10-09,2026-10-09T17:04:52.531637,True
1576,Thiago Rodrigues,,0,,,2027-10-09,2026-10-09T17:04:52.531637,True
1577,Thiago Almeida,,,,,2027-10-09,2026-10-09T17:04:52.531637,True
1578,Carlos Ferreira,,,,,2027-10-09,2026-10-09T17:04:52.531637,True
1579,Rafael Lima,,,,,2027-10-09,2026-10-09T17:04:52.531637,True
1580,Rafael Martins,,,,,2027-10-09,2026-10-09T17:04:52.531637,True
1581,Larissa Ferreira,,,,,2027-10-09,2026-10-09T17:04:52.531637,True
1582,Pedro Ferreira,,,,,2027-10-09,2026-10-09T17:04:52.531637,True
1583,Maria Santos,,,,,2027-10-09,2026-10-09T17:04:52.531637,True
1584,Ana Costa,,,,,2027-10-09,2026-10-09T17:04:52.531637,True
1585,Rafael Ferreira,,,,,2027-10-09,2026-10-09T17:04:52.531637,True
1586,Larissa Almeida,email@,,,,2027-10-09,2026-10-09T17:04:52.531637,True
1587,João Silva,,,,,2027-10-09,2026-10-09T17:04:52.531637,True
1588,Camila Oliveira,,,,,2027-10-09,2026-10-09T17:04:52.531637,True
1589,Pedro Ferreira,,,,,2027-10-09,2026-10-09T17:04:52.531637,True
1590,Thiago Lima,,,999999999999999,,2027-10-09,2026-10-09T17:04:52.531637,True
1591,Julia Souza,,,123,,2027-10-09,2026-10-09T17:04:52.531637,True
1592,Fernanda Rodrigues,,200,123,,2027-10-09,2026-10-09T17:04:52.531637,True
1593,Carlos Souza,,200,123,,2027-10-09,2026-10-09T17:04:52.531637,True
1594,Diego Almeida,,,123,,2027-10-09,2026-10-09T17:04:52.531637,True
1595,Camila Lima,,150,123,,2027-10-09,2026-10-09T17:04:52.531637,True
1596,Pedro Pereira,,150,123,,2027-10-09,2026-10-09T17:04:52.531637,True
1597,Maria Almeida,,150,999999999999999,,2027-10-09,2026-10-09T17:04:52.531637,True
1598,Fernanda Lima,,150,999999999999999,,2027-10-09,2026-10-09T17:04:52.531637,True
1599,Fernanda Costa,,150,999999999999999,,2027-10-09,2026-10-09T17:04:52.531637,True
1600,Carlos Pereira,,150,,,2027-10-09,2026-10-09T17:04:52.531637,True
1601,Rafael Lima,,150,,,2027-10-09,2026-10-09T17:04:52.531637,True
1602,Pedro Oliveira,,150,123,,2027-10-09,2026-10-09T17:04:52.531637,True
1603,Fernanda Silva,,150,,,2027-10-09,2026-10-09T17:04:52.531637,True
1604,Ana Rodrigues,,150,abcdefgh,,2027-10-09,2026-10-09T17:04:52.531637,True
1605,Larissa Almeida,,150,,,2027-10-09,2026-10-09T17:04:52.531637,True
1606,Lucas Lima,,150,,,2027-10-09,2026-10-09T17:04:52.531637,True
1607,Ana Oliveira,,0,,,2027-10-09,2026-10-09T17:04:52.531637,True
1608,Fernanda Almeida,,0,,,2027-10-09,2026-10-09T17:04:52.531637,True
1609,Carlos Santos,,0,,,2027-10-09,2026-10-09T17:04:52.531637,True
1610,Carlos Santos,,0,,,2027-10-09,2026-10-09T17:04:52.531637,True
1611,Thiago Souza,,0,,,2027-10-09,2026-10-09T17:04:52.531637,True
1612,Camila Santos,,,,,2027-10-09,2026-10-09T17:04:52.531637,True
1613,Pedro Oliveira,,,,,2027-10-09,2026-10-09T17:04:52.531637,True
1614,Beatriz Souza,,,,,2027-10-09,2026-10-09T17:04:52.531637,True
1615,Julia Santos,,,,,2027-10-09,2026-10-09T17:04:52.531637,True
1616,Pedro Martins,,150,,,2027-10-09,2026-10-09T17:04:52.531637,True
1617,João Pereira,,150,,,2027-10-09,2026-10-09T17:04:52.531637,True
1618,Beatriz Pereira,,150,,,2027-10-09,2026-10-09T17:04:52.531637,True
1619,Ana Martins,,150,,,2027-10-09,2026-10-09T17:04:52.531637,True
1620,Camila Costa,,150,,,2027-10-09,2026-10-09T17:04:52.531637,True
1621,Carlos Gomes,,150,,,2027-10-09,2026-10-09T17:04:52.531637,True
1622,Larissa Souza,,150,,,2027-10-09,2026-10-09T17:04:52.531637,True
1623,Thiago Ferreira,,150,,,2027-10-09,2026-10-09T17:04:52.531637,True
1624,João Santos,,150,abcdefgh,,2027-10-09,2026-10-09T17:04:52.531637,True
1625,Beatriz Silva,,150,abcdefgh,00000000000,2027-10-09,2026-10-09T17:04:52.531637,True
1626,Carlos Oliveira,,150,abcdefgh,00000000000,2027-10-09,2026-10-09T17:04:52.531637,True
1627,Fernanda Martins,,150,abcdefgh,00000000000,2027-10-09,2026-10-09T17:04:52.531637,True
1628,Lucas Gomes,,150,,,2027-10-09,2026-10-09T17:04:52.531637,True
1629,Thiago Costa,,150,,,2027-10-09,2026-10-09T17:04:52.531637,True
1630,Maria Martins,,150,,,2027-10-09,2026-10-09T17:04:52.531637,True
1631,Julia Oliveira,,150,,,2027-10-09,2026-10-09T17:04:52.531637,True
1632,Lucas Almeida,,150,999999999999999,,2027-10-09,2026-10-09T17:04:52.531637,True
1633,Pedro Silva,,150,999999999999999,00000000000,2027-10-09,2026-10-09T17:04:52.531637,True
1634,Beatriz Oliveira,,150,999999999999999,00000000000,2027-10-09,2026-10-09T17:04:52.531637,True
1635,Thiago Oliveira,,-5,999999999999999,00000000000,2027-10-09,2026-10-09T17:04:52.531637,True
1636,Carlos Costa,,-5,,00000000000,2027-10-09,2026-10-09T17:04:52.531637,True
1637,Carlos Lima,@sem_dominio,-5,,00000000000,2027-10-09,2026-10-09T17:04:52.531637,True
1638,Julia Almeida,@sem_dominio,200,,00000000000,2027-10-09,2026-10-09T17:04:52.531637,True
1639,Diego Lima,,200,,00000000000,2027-10-09,2026-10-09T17:04:52.531637,True
1640,Fernanda Souza,,200,,00000000000,2027-10-09,2026-10-09T17:04:52.531637,True
1641,Diego Silva,,200,,00000000000,2027-10-09,2026-10-09T17:04:52.531637,True
1642,Pedro Pereira,,200,,123,2027-10-09,2026-10-09T17:04:52.531637,True
1643,Ana Santos,email com espaços@teste.com,200,,123,2027-10-09,2026-10-09T17:04:52.531637,True
1644,Camila Oliveira,email@,200,,123,2027-10-09,2026-10-09T17:04:52.531637,True
1645,Beatriz Souza,email@,0,,123,2027-10-09,2026-10-09T17:04:52.531637,True
1646,Fernanda Almeida,email@,200,,123,2027-10-09,2026-10-09T17:04:52.531637,True
1647,Diego Costa,email@,200,,123,2027-10-09,2026-10-09T17:04:52.531637,True
1648,Pedro Pereira,email@,200,abcdefgh,123,2027-10-09,2026-10-09T17:04:52.531637,True
1649,Rafael Silva,email@,-5,abcdefgh,123,2027-10-09,2026-10-09T17:04:52.531637,True
1650,Ana Rodrigues,email@,200,abcdefgh,123,2027-10-09,2026-10-09T17:04:52.531637,True
1651,Beatriz Costa,,200,,,2027-10-09,2026-10-09T17:04:52.531637,True
1652,Bruno Ferreira,,200,,,2027-10-09,2026-10-09T17:04:52.531637,True
1653,Camila Santos,email com espaços@teste.com,200,,,2027-10-09,2026-10-09T17:04:52.531637,True
1654,Pedro Pereira,,200,,,2027-10-09,2026-10-09T17:04:52.531637,True
1655,João Pereira,,200,,,2027-10-09,2026-10-09T17:04:52.531637,True
1656,Carlos Souza,,200,,,2027-10-09,2026-10-09T17:04:52.531637,True
1657,Pedro Souza,,200,,,2027-10-09,2026-10-09T17:04:52.531637,True
1658,Beatriz Santos,,200,,,2027-10-09,2026-10-09T17:04:52.531637,True
1659,Ana Pereira,,200,abcdefgh,,2027-10-09,2026-10-09T17:04:52.531637,True
1660,João Gomes,,200,abcdefgh,,2027-10-09,2026-10-09T17:04:52.531637,True
1661,Lucas Almeida,,200,abcdefgh,,2027-10-09,2026-10-09T17:04:52.531637,True
1662,Diego Souza,email com espaços@teste.com,200,abcdefgh,,2027-10-09,2026-10-09T17:04:52.531637,True
1663,Rafael Pereira,email com espaços@teste.com,200,abcdefgh,,2027-10-09,2026-10-09T17:04:52.531637,True
1664,Ana Rodrigues,email com espaços@teste.com,200,abcdefgh,123,2027-10-09,2026-10-09T17:04:52.531637,True
1665,Diego Santos,email@,200,abcdefgh,123,2027-10-09,2026-10-09T17:04:52.531637,True
1666,Ana Almeida,@sem_dominio,200,abcdefgh,123,2027-10-09,2026-10-09T17:04:52.531637,True
1667,Beatriz Ferreira,@sem_dominio,200,abcdefgh,00000000000,2027-10-09,2026-10-09T17:04:52.531637,True
1668,João Lima,,200,abcdefgh,00000000000,2027-10-09,2026-10-09T17:04:52.531637,True
1669,Thiago Santos,,200,,,2027-10-09,2026-10-09T17:04:52.531637,True
1670,Fernanda Rodrigues,,200,,,2027-10-09,2026-10-09T17:04:52.531637,True
1671,Thiago Costa,,200,,,2027-10-09,2026-10-09T17:04:52.531637,True
1672,Rafael Ferreira,,200,,,2027-10-09,2026-10-09T17:04:52.531637,True
1673,Carlos Oliveira,,200,999999999999999,,2027-10-09,2026-10-09T17:04:52.531637,True
1674,Thiago Martins,@sem_dominio,200,999999999999999,,2027-10-09,2026-10-09T17:04:52.531637,True
1675,Beatriz Oliveira,@sem_dominio,200,999999999999999,,2027-10-09,2026-10-09T17:04:52.531637,True
1676,João Ferreira,,200,,,2027-10-09,2026-10-09T17:04:52.531637,True
1677,Camila Souza,,,,,2027-10-09,2026-10-09T17:04:52.531637,True
1678,Julia Ferreira,,,,,2027-10-09,2026-10-09T17:04:52.531637,True
1679,Ana Costa,,,,,2027-10-09,2026-10-09T17:04:52.531637,True
1680,Carlos Pereira,,,,,2027-10-09,2026-10-09T17:04:52.531637,True
1681,Beatriz Rodrigues,,,,,2027-10-09,2026-10-09T17:04:52.531637,True
1682,Julia Oliveira,,,,,2027-10-09,2026-10-09T17:04:52.531637,True
1683,Ana Oliveira,,,,,2027-10-09,2026-10-09T17:04:52.531637,True
1684,Diego Rodrigues,,,,,2027-10-09,2026-10-09T17:04:52.531637,True
1685,Maria Ferreira,,,999999999999999,,2027-10-09,2026-10-09T17:04:52.531637,True
1686,Fernanda Rodrigues,,,abcdefgh,,2027-10-09,2026-10-09T17:04:52.531637,True
1687,Ana Pereira,,,,,2027-10-09,2026-10-09T17:04:52.531637,True
1688,Maria Costa,,150,,,2027-10-09,2026-10-09T17:04:52.531637,True
1689,Fernanda Gomes,,150,,,2027-10-09,2026-10-09T17:04:52.531637,True
1690,Beatriz Pereira,,150,,123,2027-10-09,2026-10-09T17:04:52.531637,True
1691,Camila Pereira,,150,,,2027-10-09,2026-10-09T17:04:52.531637,True
1692,Diego Almeida,,150,,,2027-10-09,2026-10-09T17:04:52.531637,True
1693,Bruno Silva,,150,,,2027-10-09,2026-10-09T17:04:52.531637,True
1694,Maria Ferreira,,150,,,2027-10-09,2026-10-09T17:04:52.531637,True
1695,Camila Silva,,150,123,,2027-10-09,2026-10-09T17:04:52.531637,True
1696,Julia Souza,,150,123,,2027-10-09,2026-10-09T17:04:52.531637,True
1697,Fernanda Rodrigues,,150,123,123,2027-10-09,2026-10-09T17:04:52.531637,True
1698,Bruno Souza,,150,123,123,2027-10-09,2026-10-09T17:04:52.531637,True
1699,Diego Almeida,email@,150,123,123,2027-10-09,2026-10-09T17:04:52.531637,True
1700,Carlos Santos,email@,150,123,,2027-10-09,2026-10-09T17:04:52.531637,True
1701,Thiago Ferreira,email@,150,123,,2027-10-09,2026-10-09T17:04:52.531637,True
1702,Julia Ferreira,,150,,,2027-10-09,2026-10-09T17:04:52.531637,True
1703,Julia Santos,,150,,,2027-10-09,2026-10-09T17:04:52.531637,True
1704,Camila Oliveira,,150,,,2027-10-09,2026-10-09T17:04:52.531637,True
1705,Thiago Silva,,150,,,2027-10-09,2026-10-09T17:04:52.531637,True
1706,Fernanda Souza,,200,,,2027-10-09,2026-10-09T17:04:52.531637,True
1707,Julia Gomes,,,,,2027-10-09,2026-10-09T17:04:52.531637,True
1708,Beatriz Souza,,200,,,2027-10-09,2026-10-09T17:04:52.531637,True
1709,Fernanda Almeida,,200,,,2027-10-09,2026-10-09T17:04:52.531637,True
1710,Pedro Pereira,,0,,,2027-10-09,2026-10-09T17:04:52.531637,True
1711,Carlos Pereira,,0,123,,2027-10-09,2026-10-09T17:04:52.531637,True
1712,Rafael Costa,,0,123,11111111111111,2027-10-09,2026-10-09T17:04:52.531637,True
1713,Julia Almeida,,0,123,11111111111111,2027-10-09,2026-10-09T17:04:52.531637,True
1714,Carlos Pereira,email com espaços@teste.com,0,123,11111111111111,2027-10-09,2026-10-09T17:04:52.531637,True
1715,Thiago Almeida,email com espaços@teste.com,0,,11111111111111,2027-10-09,2026-10-09T17:04:52.531637,True
1716,João Oliveira,email com espaços@teste.com,0,abcdefgh,11111111111111,2027-10-09,2026-10-09T17:04:52.531637,True
1717,Diego Santos,email com espaços@teste.com,0,,11111111111111,2027-10-09,2026-10-09T17:04:52.531637,True
1718,Ana Almeida,email com espaços@teste.com,0,,11111111111111,2027-10-09,2026-10-09T17:04:52.531637,True
1719,Lucas Costa,email com espaços@teste.com,0,,11111111111111,2027-10-09,2026-10-09T17:04:52.531637,True
1720,João Oliveira,email com espaços@teste.com,0,,11111111111111,2027-10-09,2026-10-09T17:04:52.531637,True
1721,Julia Santos,email@,0,,11111111111111,2027-10-09,2026-10-09T17:04:52.531637,True
1722,João Almeida,email@,0,,123,2027-10-09,2026-10-09T17:04:52.531637,True
1723,Ana Gomes,email@,0,,123,2027-10-09,2026-10-09T17:04:52.531637,True
1724,Larissa Silva,email@,0,,123,2027-10-09,2026-10-09T17:04:52.531637,True
1725,Rafael Oliveira,email@,0,,123,2027-10-09,2026-10-09T17:04:52.531637,True
1726,Rafael Almeida,email@,0,,00000000000,2027-10-09,2026-10-09T17:04:52.531637,True
1727,Camila Santos,email@,0,123,00000000000,2027-10-09,2026-10-09T17:04:52.531637,True
1728,Diego Rodrigues,email@,0,123,123,2027-10-09,2026-10-09T17:04:52.531637,True
1729,Julia Almeida,email@,,123,123,2027-10-09,2026-10-09T17:04:52.531637,True
1730,Lucas Lima,,,123,123,2027-10-09,2026-10-09T17:04:52.531637,True
1731,Diego Silva,,,,,2027-10-09,2026-10-09T17:04:52.531637,True
1732,Bruno Santos,,,,,2027-10-09,2026-10-09T17:04:52.531637,True
1733,Bruno Ferreira,,,999999999999999,,2027-10-09,2026-10-09T17:04:52.531637,True
1734,Carlos Gomes,,,999999999999999,11111111111111,2027-10-09,2026-10-09T17:04:52.531637,True
1735,Beatriz Almeida,,,999999999999999,,2027-10-09,2026-10-09T17:04:52.531637,True
1736,Julia Ferreira,,,,,2027-10-09,2026-10-09T17:04:52.531637,True
1737,Julia Oliveira,,,,,2027-10-09,2026-10-09T17:04:52.531637,True
1738,Pedro Silva,,,,,2027-10-09,2026-10-09T17:04:52.531637,True
1739,João Santos,,,,00000000000,2027-10-09,2026-10-09T17:04:52.531637,True
1740,Julia Gomes,,,,,2027-10-09,2026-10-09T17:04:52.531637,True
1741,Lucas Ferreira,,,,,2027-10-09,2026-10-09T17:04:52.531637,True
1742,Julia Martins,,,abcdefgh,,2027-10-09,2026-10-09T17:04:52.531637,True
1743,Ana Costa,,150,abcdefgh,,2027-10-09,2026-10-09T17:04:52.531637,True
1744,Fernanda Oliveira,,150,abcdefgh,,2027-10-09,2026-10-09T17:04:52.531637,True
1745,Larissa Rodrigues,,150,abcdefgh,123,2027-10-09,2026-10-09T17:04:52.531637,True
1746,Thiago Lima,email com espaços@teste.com,150,abcdefgh,123,2027-10-09,2026-10-09T17:04:52.531637,True
1747,Larissa Almeida,email_sem_arroba.com,150,abcdefgh,123,2027-10-09,2026-10-09T17:04:52.531637,True
1748,Lucas Oliveira,email_sem_arroba.com,150,abcdefgh,00000000000,2027-10-09,2026-10-09T17:04:52.531637,True
1749,Maria Santos,,150,,,2027-10-09,2026-10-09T17:04:52.531637,True
1750,Carlos Oliveira,,150,999999999999999,,2027-10-09,2026-10-09T17:04:52.531637,True
1751,Diego Silva,,150,999999999999999,,2027-10-09,2026-10-09T17:04:52.531637,True
1752,Maria Silva,,150,999999999999999,11111111111111,2027-10-09,2026-10-09T17:04:52.531637,True
1753,Rafael Ferreira,,150,,11111111111111,2027-10-09,2026-10-09T17:04:52.531637,True
1754,Fernanda Silva,,,,11111111111111,2027-10-09,2026-10-09T17:04:52.531637,True
1755,Carlos Lima,,,,11111111111111,2027-10-09,2026-10-09T17:04:52.531637,True
1756,Carlos Rodrigues,,,123,11111111111111,2027-10-09,2026-10-09T17:04:52.531637,True
1757,Pedro Costa,,0,123,11111111111111,2027-10-09,2026-10-09T17:04:52.531637,True
1758,Ana Ferreira,,0,123,11111111111111,2027-10-09,2026-10-09T17:04:52.531637,True
1759,Thiago Souza,,0,123,00000000000,2027-10-09,2026-10-09T17:04:52.531637,True
1760,Camila Costa,,0,123,00000000000,2027-10-09,2026-10-09T17:04:52.531637,True
1761,João Costa,,0,123,00000000000,2027-10-09,2026-10-09T17:04:52.531637,True
1762,Diego Martins,,0,123,00000000000,2027-10-09,2026-10-09T17:04:52.531637,True
1763,Julia Martins,,0,,00000000000,2027-10-09,2026-10-09T17:04:52.531637,True
1764,Diego Lima,,0,,,2027-10-09,2026-10-09T17:04:52.531637,True
1765,Maria Pereira,,0,,,2027-10-09,2026-10-09T17:04:52.531637,True
1766,Carlos Almeida,email_sem_arroba.com,0,,,2027-10-09,2026-10-09T17:04:52.531637,True
1767,Carlos Silva,,0,,,2027-10-09,2026-10-09T17:04:52.531637,True
1768,Rafael Costa,,0,,,2027-10-09,2026-10-09T17:04:52.531637,True
1769,Maria Souza,,0,,,2027-10-09,2026-10-09T17:04:52.531637,True
1770,Camila Rodrigues,,0,123,,2027-10-09,2026-10-09T17:04:52.531637,True
1771,Fernanda Santos,,0,,,2027-10-09,2026-10-09T17:04:52.531637,True
1772,Bruno Almeida,,0,,,2027-10-09,2026-10-09T17:04:52.531637,True
1773,Julia Gomes,,0,,,2027-10-09,2026-10-09T17:04:52.531637,True
1774,Carlos Ferreira,,0,,,2027-10-09,2026-10-09T17:04:52.531637,True
1775,Pedro Souza,,0,123,,2027-10-09,2026-10-09T17:04:52.531637,True
1776,Bruno Martins,,0,,,2027-10-09,2026-10-09T17:04:52.531637,True
1777,Diego Silva,,0,,,2027-10-09,2026-10-09T17:04:52.531637,True
1778,Pedro Pereira,,0,,11111111111111,2027-10-09,2026-10-09T17:04:52.531637,True
1779,Camila Gomes,,0,,,2027-10-09,2026-10-09T17:04:52.531637,True
1780,Julia Martins,,0,,,2027-10-09,2026-10-09T17:04:52.531637,True
1781,Pedro Rodrigues,,0,,,2027-10-09,2026-10-09T17:04:52.531637,True
1782,Larissa Costa,,0,,,2027-10-09,2026-10-09T17:04:52.531637,True
1783,Camila Ferreira,,0,,,2027-10-09,2026-10-09T17:04:52.531637,True
1784,Rafael Martins,@sem_dominio,0,,,2027-10-09,2026-10-09T17:04:52.531637,True
1785,Carlos Lima,@sem_dominio,-5,,,2027-10-09,2026-10-09T17:04:52.531637,True
1786,Julia Gomes,@sem_dominio,-5,,,2027-10-09,2026-10-09T17:04:52.531637,True
1787,Diego Pereira,@sem_dominio,-5,,,2027-10-09,2026-10-09T17:04:52.531637,True
1788,Bruno Santos,,-5,,,2027-10-09,2026-10-09T17:04:52.531637,True
1789,Maria Martins,,-5,,,2027-10-09,2026-10-09T17:04:52.531637,True
1790,Lucas Costa,,-5,,00000000000,2027-10-09,2026-10-09T17:04:52.531637,True
1791,Bruno Costa,,-5,999999999999999,00000000000,2027-10-09,2026-10-09T17:04:52.531637,True
1792,Pedro Rodrigues,,-5,,00000000000,2027-10-09,2026-10-09T17:04:52.531637,True
1793,Lucas Costa,,-5,,,2027-10-09,2026-10-09T17:04:52.531637,True
1794,Julia Lima,,-5,,,2027-10-09,2026-10-09T17:04:52.531637,True
1795,Pedro Pereira,,-5,,,2027-10-09,2026-10-09T17:04:52.531637,True
1796,Rafael Martins,,-5,,,2027-10-09,2026-10-09T17:04:52.531637,True
1797,Julia Gomes,@sem_dominio,-5,,,2027-10-09,2026-10-09T17:04:52.531637,True
1798,Larissa Almeida,@sem_dominio,-5,,123,2027-10-09,2026-10-09T17:04:52.531637,True
1799,Diego Gomes,,-5,,,2027-10-09,2026-10-09T17:04:52.531637,True
1800,Pedro Lima,,-5,,,2027-10-09,2026-10-09T17:04:52.531637,True
1801,Rafael Almeida,,-5,,,2027-10-09,2026-10-09T17:04:52.531637,True
1802,Larissa Pereira,,-5,,,2027-10-09,2026-10-09T17:04:52.531637,True
1803,Pedro Rodrigues,,-5,abcdefgh,,2027-10-09,2026-10-09T17:04:52.531637,True
1804,Lucas Silva,,0,abcdefgh,,2027-10-09,2026-10-09T17:04:52.531637,True
1805,Pedro Lima,,0,abcdefgh,,2027-10-09,2026-10-09T17:04:52.531637,True
1806,Ana Martins,,,abcdefgh,,2027-10-09,2026-10-09T17:04:52.531637,True
1807,João Rodrigues,,,abcdefgh,,2027-10-09,2026-10-09T17:04:52.531637,True
1808,Thiago Lima,,,abcdefgh,,2027-10-09,2026-10-09T17:04:52.531637,True
1809,Fernanda Gomes,email_sem_arroba.com,,abcdefgh,,2027-10-09,2026-10-09T17:04:52.531637,True
1810,Thiago Santos,,,,,2027-10-09,2026-10-09T17:04:52.531637,True
1811,Bruno Almeida,,,,,2027-10-09,2026-10-09T17:04:52.531637,True
1812,Ana Almeida,,,,,2027-10-09,2026-10-09T17:04:52.531637,True
1813,Maria Almeida,,,,,2027-10-09,2026-10-09T17:04:52.531637,True
1814,Maria Ferreira,,150,,,2027-10-09,2026-10-09T17:04:52.531637,True
1815,Ana Souza,,150,,,2027-10-09,2026-10-09T17:04:52.531637,True
1816,Thiago Rodrigues,,150,,,2027-10-09,2026-10-09T17:04:52.531637,True
1817,Carlos Gomes,,150,,11111111111111,2027-10-09,2026-10-09T17:04:52.531637,True
1818,Carlos Santos,email@,150,,11111111111111,2027-10-09,2026-10-09T17:04:52.531637,True
1819,Bruno Ferreira,email@,150,123,11111111111111,2027-10-09,2026-10-09T17:04:52.531637,True
1820,João Rodrigues,,150,,,2027-10-09,2026-10-09T17:04:52.531637,True
1821,Camila Martins,,150,abcdefgh,,2027-10-09,2026-10-09T17:04:52.531637,True
1822,Bruno Almeida,email_sem_arroba.com,150,abcdefgh,,2027-10-09,2026-10-09T17:04:52.531637,True
1823,Thiago Santos,,150,,,2027-10-09,2026-10-09T17:04:52.531637,True
1824,Pedro Almeida,,150,,,2027-10-09,2026-10-09T17:04:52.531637,True
1825,João Souza,@sem_dominio,150,,,2027-10-09,2026-10-09T17:04:52.531637,True
1826,Ana Lima,@sem_dominio,150,999999999999999,,2027-10-09,2026-10-09T17:04:52.531637,True
1827,Fernanda Ferreira,email com espaços@teste.com,150,999999999999999,,2027-10-09,2026-10-09T17:04:52.531637,True
1828,Bruno Santos,,150,,,2027-10-09,2026-10-09T17:04:52.531637,True
1829,Rafael Rodrigues,email@,150,,,2027-10-09,2026-10-09T17:04:52.531637,True
1830,Pedro Oliveira,email@,150,,00000000000,2027-10-09,2026-10-09T17:04:52.531637,True
1831,Fernanda Santos,email@,150,,00000000000,2027-10-09,2026-10-09T17:04:52.531637,True
1832,Camila Souza,email@,150,,,2027-10-09,2026-10-09T17:04:52.531637,True
1833,Fernanda Almeida,email@,150,,,2027-10-09,2026-10-09T17:04:52.531637,True
1834,Camila Lima,email@,0,,,2027-10-09,2026-10-09T17:04:52.531637,True
1835,Camila Souza,email@,0,999999999999999,,2027-10-09,2026-10-09T17:04:52.531637,True
1836,Bruno Souza,email@,150,999999999999999,,2027-10-09,2026-10-09T17:04:52.531637,True
1837,Bruno Silva,email@,150,999999999999999,,2027-10-09,2026-10-09T17:04:52.531637,True
1838,Pedro Ferreira,email@,0,999999999999999,,2027-10-09,2026-10-09T17:04:52.531637,True
1839,Larissa Costa,email@,,999999999999999,,2027-10-09,2026-10-09T17:04:52.531637,True
1840,Camila Costa,email@,,999999999999999,00000000000,2027-10-09,2026-10-09T17:04:52.531637,True
1841,João Pereira,email@,,999999999999999,123,2027-10-09,2026-10-09T17:04:52.531637,True
1842,Lucas Gomes,,,,,2027-10-09,2026-10-09T17:04:52.531637,True
1843,Lucas Martins,,,,,2027-10-09,2026-10-09T17:04:52.531637,True
1844,Ana Rodrigues,,,,,2027-10-09,2026-10-09T17:04:52.531637,True
1845,Julia Ferreira,,,,00000000000,2027-10-09,2026-10-09T17:04:52.531637,True
1846,Rafael Martins,,,,,2027-10-09,2026-10-09T17:04:52.531637,True
1847,Carlos Martins,,,,,2027-10-09,2026-10-09T17:04:52.531637,True
1848,Maria Silva,,,999999999999999,,2027-10-09,2026-10-09T17:04:52.531637,True
1849,Bruno Lima,,,123,,2027-10-09,2026-10-09T17:04:52.531637,True
1850,Bruno Souza,,,123,,2027-10-09,2026-10-09T17:04:52.531637,True
1851,Larissa Gomes,,,abcdefgh,,2027-10-09,2026-10-09T17:04:52.531637,True
1852,Camila Souza,,,abcdefgh,,2027-10-09,2026-10-09T17:04:52.531637,True
1853,Pedro Rodrigues,,,,,2027-10-09,2026-10-09T17:04:52.531637,True
1854,Ana Pereira,,,,,2027-10-09,2026-10-09T17:04:52.531637,True
1855,João Souza,,,,123,2027-10-09,2026-10-09T17:04:52.531637,True
1856,Ana Oliveira,,,123,123,2027-10-09,2026-10-09T17:04:52.531637,True
1857,Carlos Rodrigues,,,123,123,2027-10-09,2026-10-09T17:04:52.531637,True
1858,Camila Costa,,,,,2027-10-09,2026-10-09T17:04:52.531637,True
1859,Ana Souza,,,,,2027-10-09,2026-10-09T17:04:52.531637,True
1860,Lucas Ferreira,,150,,,2027-10-09,2026-10-09T17:04:52.531637,True
1861,Lucas Ferreira,,150,,,2027-10-09,2026-10-09T17:04:52.531637,True
1862,Diego Silva,,150,,123,2027-10-09,2026-10-09T17:04:52.531637,True
1863,Larissa Pereira,,150,,,2027-10-09,2026-10-09T17:04:52.531637,True
1864,João Almeida,,150,,123,2027-10-09,2026-10-09T17:04:52.531637,True
1865,Julia Oliveira,,150,,,2027-10-09,2026-10-09T17:04:52.531637,True
1866,Ana Gomes,,150,999999999999999,,2027-10-09,2026-10-09T17:04:52.531637,True
1867,Julia Rodrigues,,0,999999999999999,,2027-10-09,2026-10-09T17:04:52.531637,True
1868,Bruno Silva,,0,,,2027-10-09,2026-10-09T17:04:52.531637,True
1869,Lucas Souza,,0,,,2027-10-09,2026-10-09T17:04:52.531637,True
1870,Rafael Almeida,,0,,,2027-10-09,2026-10-09T17:04:52.531637,True
1871,Lucas Gomes,,,,,2027-10-09,2026-10-09T17:04:52.531637,True
1872,Diego Almeida,,,999999999999999,,2027-10-09,2026-10-09T17:04:52.531637,True
1873,Ana Pereira,,,,,2027-10-09,2026-10-09T17:04:52.531637,True
1874,Pedro Almeida,,,,,2027-10-09,2026-10-09T17:04:52.531637,True
1875,Lucas Almeida,,,,11111111111111,2027-10-09,2026-10-09T17:04:52.531637,True
1876,Diego Costa,,,,00000000000,2027-10-09,2026-10-09T17:04:52.531637,True
1877,Diego Santos,,-5,,00000000000,2027-10-09,2026-10-09T17:04:52.531637,True
1878,Bruno Pereira,,-5,999999999999999,00000000000,2027-10-09,2026-10-09T17:04:52.531637,True
1879,Camila Ferreira,,-5,,,2027-10-09,2026-10-09T17:04:52.531637,True
1880,João Souza,,0,,,2027-10-09,2026-10-09T17:04:52.531637,True
1881,Diego Pereira,,0,999999999999999,,2027-10-09,2026-10-09T17:04:52.531637,True
1882,Thiago Silva,,-5,999999999999999,,2027-10-09,2026-10-09T17:04:52.531637,True
1883,Julia Souza,,-5,,,2027-10-09,2026-10-09T17:04:52.531637,True
1884,Carlos Gomes,,-5,,,2027-10-09,2026-10-09T17:04:52.531637,True
1885,Fernanda Gomes,,-5,,,2027-10-09,2026-10-09T17:04:52.531637,True
1886,Rafael Costa,,-5,,,2027-10-09,2026-10-09T17:04:52.531637,True
1887,Maria Martins,,-5,,,2027-10-09,2026-10-09T17:04:52.531637,True
1888,Ana Martins,,-5,123,,2027-10-09,2026-10-09T17:04:52.531637,True
1889,Pedro Pereira,,-5,,,2027-10-09,2026-10-09T17:04:52.531637,True
1890,Fernanda Souza,,-5,999999999999999,,2027-10-09,2026-10-09T17:04:52.531637,True
1891,Thiago Oliveira,,-5,999999999999999,,2027-10-09,2026-10-09T17:04:52.531637,True
1892,Larissa Lima,,-5,999999999999999,,2027-10-09,2026-10-09T17:04:52.531637,True
1893,Fernanda Lima,,-5,999999999999999,,2027-10-09,2026-10-09T17:04:52.531637,True
1894,Ana Santos,,-5,999999999999999,,2027-10-09,2026-10-09T17:04:52.531637,True
1895,Rafael Martins,,-5,,,2027-10-09,2026-10-09T17:04:52.531637,True
1896,Bruno Pereira,email_sem_arroba.com,-5,,,2027-10-09,2026-10-09T17:04:52.531637,True
1897,Fernanda Lima,email@,-5,,,2027-10-09,2026-10-09T17:04:52.531637,True
1898,Bruno Rodrigues,email@,-5,999999999999999,,2027-10-09,2026-10-09T17:04:52.531637,True
1899,Diego Oliveira,email@,-5,999999999999999,,2027-10-09,2026-10-09T17:04:52.531637,True
1900,Julia Pereira,email@,-5,999999999999999,00000000000,2027-10-09,2026-10-09T17:04:52.531637,True
1901,Carlos Gomes,email@,-5,999999999999999,00000000000,2027-10-09,2026-10-09T17:04:52.531637,True
1902,Beatriz Souza,email@,,999999999999999,00000000000,2027-10-09,2026-10-09T17:04:52.531637,True
1903,Larissa Silva,email@,,999999999999999,00000000000,2027-10-09,2026-10-09T17:04:52.531637,True
1904,Larissa Costa,email_sem_arroba.com,,999999999999999,00000000000,2027-10-09,2026-10-09T17:04:52.531637,True
1905,João Almeida,,,999999999999999,00000000000,2027-10-09,2026-10-09T17:04:52.531637,True
1906,João Costa,,,999999999999999,123,2027-10-09,2026-10-09T17:04:52.531637,True
1907,Lucas Pereira,,,,,2027-10-09,2026-10-09T17:04:52.531637,True
1908,Julia Gomes,,,,,2027-10-09,2026-10-09T17:04:52.531637,True
1909,Bruno Santos,,200,,,2027-10-09,2026-10-09T17:04:52.531637,True
1910,Rafael Pereira,,200,,,2027-10-09,2026-10-09T17:04:52.531637,True
1911,Larissa Martins,,200,,,2027-10-09,2026-10-09T17:04:52.531637,True
1912,Larissa Martins,,150,,,2027-10-09,2026-10-09T17:04:52.531637,True
1913,Beatriz Souza,,150,123,,2027-10-09,2026-10-09T17:04:52.531637,True
1914,Carlos Costa,,150,123,,2027-10-09,2026-10-09T17:04:52.531637,True
1915,Julia Souza,,150,123,,2027-10-09,2026-10-09T17:04:52.531637,True
1916,Beatriz Gomes,,150,123,,2027-10-09,2026-10-09T17:04:52.531637,True
1917,Ana Souza,,150,,,2027-10-09,2026-10-09T17:04:52.531637,True
1918,Larissa Gomes,,150,,,2027-10-09,2026-10-09T17:04:52.531637,True
1919,Pedro Martins,email@,150,,,2027-10-09,2026-10-09T17:04:52.531637,True
1920,Bruno Rodrigues,email@,0,,,2027-10-09,2026-10-09T17:04:52.531637,True
1921,Carlos Silva,email@,0,abcdefgh,,2027-10-09,2026-10-09T17:04:52.531637,True
1922,Julia Ferreira,email@,0,abcdefgh,,2027-10-09,2026-10-09T17:04:52.531637,True
1923,Maria Almeida,email@,0,abcdefgh,,2027-10-09,2026-10-09T17:04:52.531637,True
1924,Beatriz Martins,,0,,,2027-10-09,2026-10-09T17:04:52.531637,True
1925,Bruno Almeida,,0,,,2027-10-09,2026-10-09T17:04:52.531637,True
1926,Ana Rodrigues,email@,0,,,2027-10-09,2026-10-09T17:04:52.531637,True
1927,João Santos,email@,0,,,2027-10-09,2026-10-09T17:04:52.531637,True
1928,Fernanda Souza,email@,0,,,2027-10-09,2026-10-09T17:04:52.531637,True
1929,Carlos Lima,email@,0,123,,2027-10-09,2026-10-09T17:04:52.531637,True
1930,Beatriz Oliveira,email@,150,123,,2027-10-09,2026-10-09T17:04:52.531637,True
1931,Carlos Pereira,email@,-5,123,,2027-10-09,2026-10-09T17:04:52.531637,True
1932,Thiago Santos,email@,-5,,,2027-10-09,2026-10-09T17:04:52.531637,True
1933,Pedro Oliveira,email@,-5,,,2027-10-09,2026-10-09T17:04:52.531637,True
1934,Lucas Souza,email@,200,,,2027-10-09,2026-10-09T17:04:52.531637,True
1935,Lucas Souza,,200,,,2027-10-09,2026-10-09T17:04:52.531637,True
1936,Lucas Martins,,200,,,2027-10-09,2026-10-09T17:04:52.531637,True
1937,Julia Silva,,200,,,2027-10-09,2026-10-09T17:04:52.531637,True
1938,Maria Ferreira,,200,,,2027-10-09,2026-10-09T17:04:52.531637,True
1939,João Martins,,200,,,2027-10-09,2026-10-09T17:04:52.531637,True
1940,Carlos Gomes,,0,,,2027-10-09,2026-10-09T17:04:52.531637,True
1941,Pedro Ferreira,,0,,,2027-10-09,2026-10-09T17:04:52.531637,True
1942,Beatriz Costa,,0,999999999999999,,2027-10-09,2026-10-09T17:04:52.531637,True
1943,Camila Costa,,0,,,2027-10-09,2026-10-09T17:04:52.531637,True
1944,João Costa,,0,,,2027-10-09,2026-10-09T17:04:52.531637,True
1945,Carlos Costa,email com espaços@teste.com,0,,,2027-10-09,2026-10-09T17:04:52.531637,True
1946,Camila Pereira,email com espaços@teste.com,0,123,,2027-10-09,2026-10-09T17:04:52.531637,True
1947,Camila Gomes,email com espaços@teste.com,200,123,,2027-10-09,2026-10-09T17:04:52.531637,True
1948,Carlos Silva,email com espaços@teste.com,200,123,,2027-10-09,2026-10-09T17:04:52.531637,True
1949,Fernanda Souza,email com espaços@teste.com,200,123,00000000000,2027-10-09,2026-10-09T17:04:52.531637,True
1950,Fernanda Pereira,email com espaços@teste.com,200,,00000000000,2027-10-09,2026-10-09T17:04:52.531637,True
1951,Fernanda Almeida,email com espaços@teste.com,200,,00000000000,2027-10-09,2026-10-09T17:04:52.531637,True
1952,João Costa,email com espaços@teste.com,200,,00000000000,2027-10-09,2026-10-09T17:04:52.531637,True
1953,Fernanda Lima,@sem_dominio,200,,00000000000,2027-10-09,2026-10-09T17:04:52.531637,True
1954,Carlos Martins,@sem_dominio,200,,00000000000,2027-10-09,2026-10-09T17:04:52.531637,True
1955,Julia Ferreira,@sem_dominio,-5,,00000000000,2027-10-09,2026-10-09T17:04:52.531637,True
1956,Rafael Oliveira,email com espaços@teste.com,-5,,00000000000,2027-10-09,2026-10-09T17:04:52.531637,True
1957,Diego Oliveira,email com espaços@teste.com,-5,,00000000000,2027-10-09,2026-10-09T17:04:52.531637,True
1958,Larissa Pereira,,-5,,00000000000,2027-10-09,2026-10-09T17:04:52.531637,True
1959,Fernanda Souza,,-5,123,00000000000,2027-10-09,2026-10-09T17:04:52.531637,True
1960,Maria Silva,,-5,123,00000000000,2027-10-09,2026-10-09T17:04:52.531637,True
1961,Thiago Silva,,-5,123,00000000000,2027-10-09,2026-10-09T17:04:52.531637,True
1962,Bruno Martins,,-5,,00000000000,2027-10-09,2026-10-09T17:04:52.531637,True
1963,Larissa Lima,,150,,00000000000,2027-10-09,2026-10-09T17:04:52.531637,True
1964,Larissa Gomes,,150,abcdefgh,00000000000,2027-10-09,2026-10-09T17:04:52.531637,True
1965,Carlos Martins,,-5,abcdefgh,00000000000,2027-10-09,2026-10-09T17:04:52.531637,True
1966,Fernanda Costa,,-5,abcdefgh,123,2027-10-09,2026-10-09T17:04:52.531637,True
1967,João Gomes,,-5,,123,2027-10-09,2026-10-09T17:04:52.531637,True
1968,Pedro Rodrigues,,-5,999999999999999,123,2027-10-09,2026-10-09T17:04:52.531637,True
1969,Beatriz Souza,,-5,999999999999999,123,2027-10-09,2026-10-09T17:04:52.531637,True
1970,Bruno Souza,,-5,999999999999999,123,2027-10-09,2026-10-09T17:04:52.531637,True
1971,Maria Rodrigues,,-5,,,2027-10-09,2026-10-09T17:04:52.531637,True
1972,Beatriz Rodrigues,email com espaços@teste.com,-5,,,2027-10-09,2026-10-09T17:04:52.531637,True
1973,Rafael Santos,,-5,,,2027-10-09,2026-10-09T17:04:52.531637,True
1974,Lucas Silva,email com espaços@teste.com,-5,,,2027-10-09,2026-10-09T17:04:52.531637,True
1975,João Costa,email com espaços@teste.com,-5,,,2027-10-09,2026-10-09T17:04:52.531637,True
1976,Bruno Gomes,email com espaços@teste.com,-5,,,2027-10-09,2026-10-09T17:04:52.531637,True
1977,Maria Lima,email com espaços@teste.com,-5,abcdefgh,,2027-10-09,2026-10-09T17:04:52.531637,True
1978,Beatriz Martins,,-5,abcdefgh,,2027-10-09,2026-10-09T17:04:52.531637,True
1979,João Martins,email com espaços@teste.com,-5,abcdefgh,,2027-10-09,2026-10-09T17:04:52.531637,True
1980,Thiago Costa,email com espaços@teste.com,-5,abcdefgh,,2027-10-09,2026-10-09T17:04:52.531637,True
1981,Beatriz Silva,email com espaços@teste.com,-5,abcdefgh,,2027-10-09,2026-10-09T17:04:52.531637,True
1982,Camila Oliveira,,-5,,,2027-10-09,2026-10-09T17:04:52.531637,True
1983,Maria Martins,,-5,,,2027-10-09,2026-10-09T17:04:52.531637,True
1984,Maria Souza,,-5,,,2027-10-09,2026-10-09T17:04:52.531637,True
1985,Diego Santos,,0,,,2027-10-09,2026-10-09T17:04:52.531637,True
1986,Julia Gomes,,,,,2027-10-09,2026-10-09T17:04:52.531637,True
1987,Pedro Pereira,,,999999999999999,,2027-10-09,2026-10-09T17:04:52.531637,True
1988,Maria Souza,,,999999999999999,,2027-10-09,2026-10-09T17:04:52.531637,True
1989,Ana Almeida,,,999999999999999,,2027-10-09,2026-10-09T17:04:52.531637,True
1990,Fernanda Almeida,,,999999999999999,,2027-10-09,2026-10-09T17:04:52.531637,True
1991,Bruno Rodrigues,,,999999999999999,,2027-10-09,2026-10-09T17:04:52.531637,True
1992,Lucas Lima,email@,,999999999999999,,2027-10-09,2026-10-09T17:04:52.531637,True
1993,Pedro Rodrigues,email@,,999999999999999,,2027-10-09,2026-10-09T17:04:52.531637,True
1994,Fernanda Pereira,email@,150,999999999999999,,2027-10-09,2026-10-09T17:04:52.531637,True
1995,Pedro Souza,email@,150,,,2027-10-09,2026-10-09T17:04:52.531637,True
1996,Pedro Lima,email@,150,abcdefgh,,2027-10-09,2026-10-09T17:04:52.531637,True
1997,Maria Souza,email com espaços@teste.com,150,abcdefgh,,2027-10-09,2026-10-09T17:04:52.531637,True
1998,João Almeida,email com espaços@teste.com,150,999999999999999,,2027-10-09,2026-10-09T17:04:52.531637,True
1999,Lucas Santos,email com espaços@teste.com,150,999999999999999,,2027-10-09,2026-10-09T17:04:52.531637,True
2000,Beatriz Martins,,150,999999999999999,,2027-10-09,2026-10-09T17:04:52.531637,True
2001,Larissa Souza,,150,999999999999999,,2027-10-09,2026-10-09T17:04:52.531637,True
2002,Ana Gomes,,150,,,2027-10-09,2026-10-09T17:04:52.531637,True
2003,Fernanda Martins,,150,,,2027-10-09,2026-10-09T17:04:52.531637,True
2004,Bruno Almeida,,200,,,2027-10-09,2026-10-09T17:04:52.531637,True
2005,Camila Martins,,200,,123,2027-10-09,2026-10-09T17:04:52.531637,True
2006,Julia Ferreira,,200,abcdefgh,123,2027-10-09,2026-10-09T17:04:52.531637,True
2007,João Almeida,,150,abcdefgh,123,2027-10-09,2026-10-09T17:04:52.531637,True
2008,Thiago Souza,,150,999999999999999,123,2027-10-09,2026-10-09T17:04:52.531637,True
2009,Ana Ferreira,,150,999999999999999,123,2027-10-09,2026-10-09T17:04:52.531637,True
2010,Thiago Oliveira,,150,123,123,2027-10-09,2026-10-09T17:04:52.531637,True
2011,Pedro Gomes,,,123,123,2027-10-09,2026-10-09T17:04:52.531637,True
2012,Carlos Souza,,,123,,2027-10-09,2026-10-09T17:04:52.531637,True
2013,Ana Lima,,,123,,2027-10-09,2026-10-09T17:04:52.531637,True
2014,Lucas Martins,email@,,123,,2027-10-09,2026-10-09T17:04:52.531637,True
2015,Thiago Lima,email@,,123,,2027-10-09,2026-10-09T17:04:52.531637,True
2016,Julia Martins,email@,200,123,,2027-10-09,2026-10-09T17:04:52.531637,True
2017,Pedro Gomes,email@,200,123,,2027-10-09,2026-10-09T17:04:52.531637,True
2018,Bruno Costa,email@,200,123,,2027-10-09,2026-10-09T17:04:52.531637,True
2019,Carlos Gomes,email@,200,123,,2027-10-09,2026-10-09T17:04:52.531637,True
2020,Larissa Ferreira,,200,123,,2027-10-09,2026-10-09T17:04:52.531637,True
2021,Julia Rodrigues,,200,123,,2027-10-09,2026-10-09T17:04:52.531637,True
2022,João Gomes,,200,123,,2027-10-09,2026-10-09T17:04:52.531637,True
2023,Diego Lima,,-5,123,,2027-10-09,2026-10-09T17:04:52.531637,True
2024,Rafael Pereira,,0,123,,2027-10-09,2026-10-09T17:04:52.531637,True
2025,Carlos Oliveira,,0,123,,2027-10-09,2026-10-09T17:04:52.531637,True
2026,Lucas Ferreira,,200,123,,2027-10-09,2026-10-09T17:04:52.531637,True
2027,Fernanda Souza,email com espaços@teste.com,200,123,,2027-10-09,2026-10-09T17:04:52.531637,True
2028,Diego Almeida,email com espaços@teste.com,,123,,2027-10-09,2026-10-09T17:04:52.531637,True
2029,Carlos Souza,email com espaços@teste.com,,123,00000000000,2027-10-09,2026-10-09T17:04:52.531637,True
2030,Pedro Silva,@sem_dominio,,123,00000000000,2027-10-09,2026-10-09T17:04:52.531637,True
2031,Ana Lima,@sem_dominio,,123,00000000000,2027-10-09,2026-10-09T17:04:52.531637,True
2032,Rafael Pereira,@sem_dominio,,123,00000000000,2027-10-09,2026-10-09T17:04:52.531637,True
2033,Maria Souza,email com espaços@teste.com,,123,00000000000,2027-10-09,2026-10-09T17:04:52.531637,True
2034,Julia Pereira,@sem_dominio,,123,00000000000,2027-10-09,2026-10-09T17:04:52.531637,True
2035,Maria Pereira,,,,,2027-10-09,2026-10-09T17:04:52.531637,True
2036,Ana Lima,,-5,,,2027-10-09,2026-10-09T17:04:52.531637,True
2037,Camila Almeida,,-5,,,2027-10-09,2026-10-09T17:04:52.531637,True
2038,Lucas Silva,,-5,123,,2027-10-09,2026-10-09T17:04:52.531637,True
2039,Camila Santos,,-5,abcdefgh,,2027-10-09,2026-10-09T17:04:52.531637,True
2040,João Almeida,email@,-5,abcdefgh,,2027-10-09,2026-10-09T17:04:52.531637,True
2041,Camila Santos,email@,-5,abcdefgh,,2027-10-09,2026-10-09T17:04:52.531637,True
2042,Fernanda Costa,,-5,,,2027-10-09,2026-10-09T17:04:52.531637,True
2043,Rafael Souza,,-5,123,,2027-10-09,2026-10-09T17:04:52.531637,True
2044,Bruno Santos,email_sem_arroba.com,-5,123,,2027-10-09,2026-10-09T17:04:52.531637,True
2045,João Pereira,email_sem_arroba.com,-5,123,,2027-10-09,2026-10-09T17:04:52.531637,True
2046,Camila Pereira,,-5,,,2027-10-09,2026-10-09T17:04:52.531637,True
2047,Julia Costa,email_sem_arroba.com,-5,,,2027-10-09,2026-10-09T17:04:52.531637,True
2048,Julia Lima,@sem_dominio,-5,,,2027-10-09,2026-10-09T17:04:52.531637,True
2049,Camila Gomes,@sem_dominio,-5,,,2027-10-09,2026-10-09T17:04:52.531637,True
2050,Bruno Martins,@sem_dominio,-5,,,2027-10-09,2026-10-09T17:04:52.531637,True
2051,Pedro Almeida,@sem_dominio,-5,,,2027-10-09,2026-10-09T17:04:52.531637,True
2052,João Gomes,,-5,,,2027-10-09,2026-10-09T17:04:52.531637,True
2053,Carlos Rodrigues,,,,,2027-10-09,2026-10-09T17:04:52.531637,True
2054,Ana Almeida,,,,123,2027-10-09,2026-10-09T17:04:52.531637,True
2055,Maria Pereira,,,,123,2027-10-09,2026-10-09T17:04:52.531637,True
2056,Bruno Pereira,,,999999999999999,123,2027-10-09,2026-10-09T17:04:52.531637,True
2057,Carlos Almeida,,,,,2027-10-09,2026-10-09T17:04:52.531637,True
2058,Julia Costa,,0,,,2027-10-09,2026-10-09T17:04:52.531637,True
2059,Pedro Martins,,0,,,2027-10-09,2026-10-09T17:04:52.531637,True
2060,Lucas Santos,,0,,,2027-10-09,2026-10-09T17:04:52.531637,True
2061,Carlos Almeida,,0,,00000000000,2027-10-09,2026-10-09T17:04:52.531637,True
2062,João Santos,,0,,00000000000,2027-10-09,2026-10-09T17:04:52.531637,True
2063,Ana Ferreira,email com espaços@teste.com,0,,00000000000,2027-10-09,2026-10-09T17:04:52.531637,True
2064,Pedro Rodrigues,,0,,,2027-10-09,2026-10-09T17:04:52.531637,True
2065,Diego Santos,,0,,,2027-10-09,2026-10-09T17:04:52.531637,True
2066,Maria Martins,,0,,,2027-10-09,2026-10-09T17:04:52.531637,True
2067,Larissa Lima,email_sem_arroba.com,0,,,2027-10-09,2026-10-09T17:04:52.531637,True
2068,Beatriz Lima,,0,,,2027-10-09,2026-10-09T17:04:52.531637,True
2069,Julia Santos,,0,,,2027-10-09,2026-10-09T17:04:52.531637,True
2070,Diego Souza,,0,,,2027-10-09,2026-10-09T17:04:52.531637,True
2071,Lucas Almeida,,0,,,2027-10-09,2026-10-09T17:04:52.531637,True
2072,Fernanda Ferreira,,0,,,2027-10-09,2026-10-09T17:04:52.531637,True
2073,Thiago Rodrigues,,0,abcdefgh,,2027-10-09,2026-10-09T17:04:52.531637,True
2074,Carlos Rodrigues,@sem_dominio,0,abcdefgh,,2027-10-09,2026-10-09T17:04:52.531637,True
2075,Camila Silva,@sem_dominio,,abcdefgh,,2027-10-09,2026-10-09T17:04:52.531637,True
2076,Rafael Pereira,@sem_dominio,,999999999999999,,2027-10-09,2026-10-09T17:04:52.531637,True
2077,Camila Lima,@sem_dominio,,999999999999999,123,2027-10-09,2026-10-09T17:04:52.531637,True
2078,Rafael Silva,,,,,2027-10-09,2026-10-09T17:04:52.531637,True
2079,Ana Silva,,,,,2027-10-09,2026-10-09T17:04:52.531637,True
2080,Camila Martins,,,,,2027-10-09,2026-10-09T17:04:52.531637,True
2081,Pedro Oliveira,,,,,2027-10-09,2026-10-09T17:04:52.531637,True
2082,Carlos Souza,,150,,,2027-10-09,2026-10-09T17:04:52.531637,True
2083,João Gomes,,-5,,,2027-10-09,2026-10-09T17:04:52.531637,True
2084,Beatriz Santos,,150,,,2027-10-09,2026-10-09T17:04:52.531637,True
2085,Ana Costa,,150,,,2027-10-09,2026-10-09T17:04:52.531637,True
2086,João Oliveira,,150,,,2027-10-09,2026-10-09T17:04:52.531637,True
2087,Carlos Gomes,,150,,,2027-10-09,2026-10-09T17:04:52.531637,True
2088,Carlos Santos,email_sem_arroba.com,150,,,2027-10-09,2026-10-09T17:04:52.531637,True
2089,Beatriz Silva,,150,,,2027-10-09,2026-10-09T17:04:52.531637,True
2090,Thiago Ferreira,,150,,11111111111111,2027-10-09,2026-10-09T17:04:52.531637,True
2091,Pedro Martins,,150,,11111111111111,2027-10-09,2026-10-09T17:04:52.531637,True
2092,Carlos Souza,,150,,,2027-10-09,2026-10-09T17:04:52.531637,True
2093,Carlos Martins,,150,,,2027-10-09,2026-10-09T17:04:52.531637,True
2094,Rafael Martins,,150,,,2027-10-09,2026-10-09T17:04:52.531637,True
2095,Camila Gomes,,150,,,2027-10-09,2026-10-09T17:04:52.531637,True
2096,Beatriz Silva,,150,,,2027-10-09,2026-10-09T17:04:52.531637,True
2097,Rafael Gomes,@sem_dominio,150,,,2027-10-09,2026-10-09T17:04:52.531637,True
2098,Pedro Souza,email com espaços@teste.com,150,,,2027-10-09,2026-10-09T17:04:52.531637,True
2099,Bruno Costa,email com espaços@teste.com,150,,,2027-10-09,2026-10-09T17:04:52.531637,True
2100,Carlos Costa,email com espaços@teste.com,150,abcdefgh,,2027-10-09,2026-10-09T17:04:52.531637,True
2101,Ana Costa,email com espaços@teste.com,150,999999999999999,,2027-10-09,2026-10-09T17:04:52.531637,True
2102,Bruno Pereira,,150,,,2027-10-09,2026-10-09T17:04:52.531637,True
2103,Camila Souza,,-5,,,2027-10-09,2026-10-09T17:04:52.531637,True
2104,Julia Almeida,,-5,,,2027-10-09,2026-10-09T17:04:52.531637,True
2105,Thiago Almeida,,-5,999999999999999,,2027-10-09,2026-10-09T17:04:52.531637,True
2106,Fernanda Almeida,,-5,,,2027-10-09,2026-10-09T17:04:52.531637,True
2107,Fernanda Oliveira,,-5,,,2027-10-09,2026-10-09T17:04:52.531637,True
2108,Ana Santos,,-5,,,2027-10-09,2026-10-09T17:04:52.531637,True
2109,Carlos Almeida,,0,,,2027-10-09,2026-10-09T17:04:52.531637,True
2110,Lucas Rodrigues,,0,,,2027-10-09,2026-10-09T17:04:52.531637,True
2111,Carlos Ferreira,,0,,,2027-10-09,2026-10-09T17:04:52.531637,True
2112,Beatriz Ferreira,,0,,,2027-10-09,2026-10-09T17:04:52.531637,True
2113,Rafael Oliveira,,0,,123,2027-10-09,2026-10-09T17:04:52.531637,True
2114,Lucas Almeida,,,,123,2027-10-09,2026-10-09T17:04:52.531637,True
2115,Fernanda Santos,,-5,,123,2027-10-09,2026-10-09T17:04:52.531637,True
2116,Lucas Gomes,email_sem_arroba.com,-5,,123,2027-10-09,2026-10-09T17:04:52.531637,True
2117,Bruno Silva,email_sem_arroba.com,-5,,123,2027-10-09,2026-10-09T17:04:52.531637,True
2118,Larissa Rodrigues,email_sem_arroba.com,-5,,123,2027-10-09,2026-10-09T17:04:52.531637,True
2119,Beatriz Almeida,,-5,,,2027-10-09,2026-10-09T17:04:52.531637,True
2120,Bruno Rodrigues,,-5,999999999999999,,2027-10-09,2026-10-09T17:04:52.531637,True
2121,Rafael Oliveira,,-5,999999999999999,,2027-10-09,2026-10-09T17:04:52.531637,True
2122,Camila Pereira,,-5,999999999999999,,2027-10-09,2026-10-09T17:04:52.531637,True
2123,Maria Costa,,-5,999999999999999,11111111111111,2027-10-09,2026-10-09T17:04:52.531637,True
2124,Beatriz Ferreira,,-5,999999999999999,11111111111111,2027-10-09,2026-10-09T17:04:52.531637,True
2125,Fernanda Souza,email@,-5,999999999999999,11111111111111,2027-10-09,2026-10-09T17:04:52.531637,True
2126,Fernanda Almeida,,-5,,,2027-10-09,2026-10-09T17:04:52.531637,True
2127,Maria Ferreira,,-5,,,2027-10-09,2026-10-09T17:04:52.531637,True
2128,Bruno Souza,,200,,,2027-10-09,2026-10-09T17:04:52.531637,True
2129,Ana Souza,,200,,,2027-10-09,2026-10-09T17:04:52.531637,True
2130,Diego Martins,,200,,,2027-10-09,2026-10-09T17:04:52.531637,True
2131,João Santos,,200,,,2027-10-09,2026-10-09T17:04:52.531637,True
2132,Fernanda Almeida,,200,123,,2027-10-09,2026-10-09T17:04:52.531637,True
2133,Diego Martins,email@,200,123,,2027-10-09,2026-10-09T17:04:52.531637,True
2134,Larissa Costa,email@,200,123,,2027-10-09,2026-10-09T17:04:52.531637,True
2135,Pedro Costa,email@,200,123,,2027-10-09,2026-10-09T17:04:52.531637,True
2136,João Silva,,200,,,2027-10-09,2026-10-09T17:04:52.531637,True
2137,Thiago Almeida,,200,,,2027-10-09,2026-10-09T17:04:52.531637,True
2138,Maria Ferreira,email_sem_arroba.com,200,,,2027-10-09,2026-10-09T17:04:52.531637,True
2139,Thiago Oliveira,email com espaços@teste.com,200,,,2027-10-09,2026-10-09T17:04:52.531637,True
2140,Maria Martins,email_sem_arroba.com,200,,,2027-10-09,2026-10-09T17:04:52.531637,True
2141,Beatriz Santos,email_sem_arroba.com,200,,,2027-10-09,2026-10-09T17:04:52.531637,True
2142,João Gomes,email_sem_arroba.com,200,999999999999999,,2027-10-09,2026-10-09T17:04:52.531637,True
2143,Bruno Ferreira,email_sem_arroba.com,200,999999999999999,,2027-10-09,2026-10-09T17:04:52.531637,True
2144,Bruno Pereira,email_sem_arroba.com,200,999999999999999,,2027-10-09,2026-10-09T17:04:52.531637,True
2145,Thiago Almeida,email_sem_arroba.com,150,999999999999999,,2027-10-09,2026-10-09T17:04:52.531637,True
2146,Pedro Oliveira,email_sem_arroba.com,150,999999999999999,,2027-10-09,2026-10-09T17:04:52.531637,True
2147,Beatriz Souza,,150,,,2027-10-09,2026-10-09T17:04:52.531637,True
2148,Maria Costa,,150,abcdefgh,,2027-10-09,2026-10-09T17:04:52.531637,True
2149,Diego Oliveira,,150,999999999999999,,2027-10-09,2026-10-09T17:04:52.531637,True
2150,Maria Lima,,150,,,2027-10-09,2026-10-09T17:04:52.531637,True
2151,Carlos Ferreira,,150,,11111111111111,2027-10-09,2026-10-09T17:04:52.531637,True
2152,Diego Santos,,150,,,2027-10-09,2026-10-09T17:04:52.531637,True
2153,Maria Pereira,,150,,,2027-10-09,2026-10-09T17:04:52.531637,True
2154,Julia Martins,,150,,,2027-10-09,2026-10-09T17:04:52.531637,True
2155,Diego Santos,,150,,,2027-10-09,2026-10-09T17:04:52.531637,True
2156,Diego Lima,,150,,,2027-10-09,2026-10-09T17:04:52.531637,True
2157,Julia Costa,,150,,,2027-10-09,2026-10-09T17:04:52.531637,True
2158,Rafael Almeida,,150,,,2027-10-09,2026-10-09T17:04:52.531637,True
2159,Fernanda Souza,,150,,11111111111111,2027-10-09,2026-10-09T17:04:52.531637,True
2160,Larissa Martins,,150,,11111111111111,2027-10-09,2026-10-09T17:04:52.531637,True
2161,Thiago Souza,,150,,,2027-10-09,2026-10-09T17:04:52.531637,True
2162,Beatriz Santos,,150,,,2027-10-09,2026-10-09T17:04:52.531637,True
2163,Pedro Pereira,,150,,123,2027-10-09,2026-10-09T17:04:52.531637,True
2164,Larissa Martins,email@,150,,123,2027-10-09,2026-10-09T17:04:52.531637,True
2165,Larissa Lima,email@,150,,,2027-10-09,2026-10-09T17:04:52.531637,True
2166,Lucas Santos,email@,150,abcdefgh,,2027-10-09,2026-10-09T17:04:52.531637,True
2167,João Rodrigues,email@,150,,,2027-10-09,2026-10-09T17:04:52.531637,True
2168,Thiago Almeida,email@,150,,123,2027-10-09,2026-10-09T17:04:52.531637,True
2169,Larissa Ferreira,,150,,,2027-10-09,2026-10-09T17:04:52.531637,True
2170,Camila Almeida,,150,,,2027-10-09,2026-10-09T17:04:52.531637,True
2171,Maria Santos,,150,,,2027-10-09,2026-10-09T17:04:52.531637,True
2172,Rafael Lima,,150,123,,2027-10-09,2026-10-09T17:04:52.531637,True
2173,Larissa Souza,,150,123,,2027-10-09,2026-10-09T17:04:52.531637,True
2174,Rafael Pereira,,150,123,,2027-10-09,2026-10-09T17:04:52.531637,True
2175,Julia Souza,,150,123,00000000000,2027-10-09,2026-10-09T17:04:52.531637,True
2176,Bruno Santos,,150,123,123,2027-10-09,2026-10-09T17:04:52.531637,True
2177,João Pereira,,150,,,2027-10-09,2026-10-09T17:04:52.531637,True
2178,Diego Ferreira,,150,,,2027-10-09,2026-10-09T17:04:52.531637,True
2179,João Rodrigues,,150,,,2027-10-09,2026-10-09T17:04:52.531637,True
2180,Pedro Pereira,,,,,2027-10-09,2026-10-09T17:04:52.531637,True
2181,Ana Souza,,,abcdefgh,,2027-10-09,2026-10-09T17:04:52.531637,True
2182,Thiago Lima,,,,,2027-10-09,2026-10-09T17:04:52.531637,True
2183,Larissa Santos,,,,,2027-10-09,2026-10-09T17:04:52.531637,True
2184,Bruno Santos,,0,,,2027-10-09,2026-10-09T17:04:52.531637,True
2185,Thiago Souza,,0,,,2027-10-09,2026-10-09T17:04:52.531637,True
2186,Carlos Santos,,0,,,2027-10-09,2026-10-09T17:04:52.531637,True
2187,Ana Santos,,0,,,2027-10-09,2026-10-09T17:04:52.531637,True
2188,Rafael Martins,,0,,,2027-10-09,2026-10-09T17:04:52.531637,True
2189,Diego Ferreira,,0,,,2027-10-09,2026-10-09T17:04:52.531637,True
2190,Lucas Almeida,,0,999999999999999,,2027-10-09,2026-10-09T17:04:52.531637,True
2191,Rafael Santos,,0,abcdefgh,,2027-10-09,2026-10-09T17:04:52.531637,True
2192,Pedro Oliveira,,0,abcdefgh,,2027-10-09,2026-10-09T17:04:52.531637,True
2193,Bruno Rodrigues,,0,,,2027-10-09,2026-10-09T17:04:52.531637,True
2194,Maria Rodrigues,,0,,,2027-10-09,2026-10-09T17:04:52.531637,True
2195,Rafael Gomes,,150,,,2027-10-09,2026-10-09T17:04:52.531637,True
2196,Ana Rodrigues,,150,123,,2027-10-09,2026-10-09T17:04:52.531637,True
2197,Fernanda Costa,,150,,,2027-10-09,2026-10-09T17:04:52.531637,True
2198,Carlos Oliveira,,150,,,2027-10-09,2026-10-09T17:04:52.531637,True
2199,Rafael Oliveira,,150,,11111111111111,2027-10-09,2026-10-09T17:04:52.531637,True
2200,Bruno Almeida,,150,abcdefgh,11111111111111,2027-10-09,2026-10-09T17:04:52.531637,True
2201,João Ferreira,,150,abcdefgh,11111111111111,2027-10-09,2026-10-09T17:04:52.531637,True
2202,Ana Martins,,150,abcdefgh,11111111111111,2027-10-09,2026-10-09T17:04:52.531637,True
2203,Rafael Oliveira,,150,123,11111111111111,2027-10-09,2026-10-09T17:04:52.531637,True
2204,Thiago Rodrigues,,150,,,2027-10-09,2026-10-09T17:04:52.531637,True
2205,Diego Lima,,-5,,,2027-10-09,2026-10-09T17:04:52.531637,True
2206,Pedro Costa,,-5,,123,2027-10-09,2026-10-09T17:04:52.531637,True
2207,Rafael Santos,,-5,,123,2027-10-09,2026-10-09T17:04:52.531637,True
2208,Bruno Pereira,,-5,abcdefgh,123,2027-10-09,2026-10-09T17:04:52.531637,True
2209,Rafael Ferreira,,-5,abcdefgh,123,2027-10-09,2026-10-09T17:04:52.531637,True
2210,Larissa Gomes,,-5,abcdefgh,123,2027-10-09,2026-10-09T17:04:52.531637,True
2211,Camila Gomes,,,abcdefgh,123,2027-10-09,2026-10-09T17:04:52.531637,True
2212,Camila Souza,,,abcdefgh,123,2027-10-09,2026-10-09T17:04:52.531637,True
2213,Thiago Souza,,150,abcdefgh,123,2027-10-09,2026-10-09T17:04:52.531637,True
2214,Carlos Ferreira,,150,,,2027-10-09,2026-10-09T17:04:52.531637,True
2215,Rafael Oliveira,,150,999999999999999,,2027-10-09,2026-10-09T17:04:52.531637,True
2216,Larissa Costa,,150,999999999999999,,2027-10-09,2026-10-09T17:04:52.531637,True
2217,Pedro Pereira,,150,999999999999999,,2027-10-09,2026-10-09T17:04:52.531637,True
2218,Larissa Costa,,200,999999999999999,,2027-10-09,2026-10-09T17:04:52.531637,True
2219,Larissa Gomes,,200,999999999999999,123,2027-10-09,2026-10-09T17:04:52.531637,True
2220,Carlos Ferreira,,200,123,123,2027-10-09,2026-10-09T17:04:52.531637,True
2221,Bruno Silva,,200,,,2027-10-09,2026-10-09T17:04:52.531637,True
2222,Diego Oliveira,,200,,,2027-10-09,2026-10-09T17:04:52.531637,True
2223,Bruno Oliveira,,200,,,2027-10-09,2026-10-09T17:04:52.531637,True
2224,Carlos Oliveira,,200,,,2027-10-09,2026-10-09T17:04:52.531637,True
2225,Rafael Rodrigues,,200,,,2027-10-09,2026-10-09T17:04:52.531637,True
2226,Rafael Oliveira,,200,999999999999999,,2027-10-09,2026-10-09T17:04:52.531637,True
2227,Ana Costa,,200,999999999999999,11111111111111,2027-10-09,2026-10-09T17:04:52.531637,True
2228,Carlos Costa,,200,,,2027-10-09,2026-10-09T17:04:52.531637,True
2229,Pedro Oliveira,,200,,,2027-10-09,2026-10-09T17:04:52.531637,True
2230,Bruno Silva,,200,,,2027-10-09,2026-10-09T17:04:52.531637,True
2231,Fernanda Ferreira,email@,200,,,2027-10-09,2026-10-09T17:04:52.531637,True
2232,Fernanda Souza,email com espaços@teste.com,200,,,2027-10-09,2026-10-09T17:04:52.531637,True
2233,Larissa Ferreira,email com espaços@teste.com,200,,11111111111111,2027-10-09,2026-10-09T17:04:52.531637,True
2234,Larissa Martins,email com espaços@teste.com,0,,11111111111111,2027-10-09,2026-10-09T17:04:52.531637,True
2235,Rafael Souza,email com espaços@teste.com,0,,00000000000,2027-10-09,2026-10-09T17:04:52.531637,True
2236,Rafael Ferreira,,0,,,2027-10-09,2026-10-09T17:04:52.531637,True
2237,Beatriz Gomes,,0,,,2027-10-09,2026-10-09T17:04:52.531637,True
2238,Rafael Silva,,0,,00000000000,2027-10-09,2026-10-09T17:04:52.531637,True
2239,Pedro Lima,,200,,00000000000,2027-10-09,2026-10-09T17:04:52.531637,True
2240,Maria Lima,,-5,,00000000000,2027-10-09,2026-10-09T17:04:52.531637,True
2241,Carlos Oliveira,,-5,,,2027-10-09,2026-10-09T17:04:52.531637,True
2242,Maria Gomes,,-5,,,2027-10-09,2026-10-09T17:04:52.531637,True
2243,Carlos Martins,,-5,999999999999999,,2027-10-09,2026-10-09T17:04:52.531637,True
2244,Thiago Rodrigues,,-5,999999999999999,,2027-10-09,2026-10-09T17:04:52.531637,True
2245,Pedro Santos,,-5,,,2027-10-09,2026-10-09T17:04:52.531637,True
2246,Larissa Lima,,0,,,2027-10-09,2026-10-09T17:04:52.531637,True
2247,João Silva,,-5,,,2027-10-09,2026-10-09T17:04:52.531637,True
2248,Camila Costa,,,,,2027-10-09,2026-10-09T17:04:52.531637,True
2249,Maria Costa,email_sem_arroba.com,,,,2027-10-09,2026-10-09T17:04:52.531637,True
2250,Lucas Martins,email_sem_arroba.com,,,,2027-10-09,2026-10-09T17:04:52.531637,True
2251,Larissa Souza,,,,,2027-10-09,2026-10-09T17:04:52.531637,True
2252,Camila Silva,email com espaços@teste.com,,,,2027-10-09,2026-10-09T17:04:52.531637,True
2253,Lucas Rodrigues,,,,,2027-10-09,2026-10-09T17:04:52.531637,True
2254,Pedro Martins,,,,,2027-10-09,2026-10-09T17:04:52.531637,True
2255,Rafael Gomes,,200,,,2027-10-09,2026-10-09T17:04:52.531637,True
2256,Diego Silva,,200,,00000000000,2027-10-09,2026-10-09T17:04:52.531637,True
2257,Bruno Silva,,200,,,2027-10-09,2026-10-09T17:04:52.531637,True
2258,Camila Martins,,200,,,2027-10-09,2026-10-09T17:04:52.531637,True
2259,Diego Ferreira,,0,,,2027-10-09,2026-10-09T17:04:52.531637,True
2260,Pedro Oliveira,,0,,,2027-10-09,2026-10-09T17:04:52.531637,True
2261,Bruno Santos,,0,,,2027-10-09,2026-10-09T17:04:52.531637,True
2262,Rafael Santos,,0,,,2027-10-09,2026-10-09T17:04:52.531637,True
2263,Carlos Pereira,,0,123,,2027-10-09,2026-10-09T17:04:52.531637,True
2264,Larissa Lima,,0,123,,2027-10-09,2026-10-09T17:04:52.531637,True
2265,Pedro Martins,,0,,,2027-10-09,2026-10-09T17:04:52.531637,True
2266,Maria Oliveira,,0,,,2027-10-09,2026-10-09T17:04:52.531637,True
2267,Maria Gomes,,0,,,2027-10-09,2026-10-09T17:04:52.531637,True
2268,Diego Lima,,0,,,2027-10-09,2026-10-09T17:04:52.531637,True
2269,Diego Santos,@sem_dominio,0,,,2027-10-09,2026-10-09T17:04:52.531637,True
2270,Carlos Ferreira,@sem_dominio,0,,,2027-10-09,2026-10-09T17:04:52.531637,True
2271,Diego Souza,@sem_dominio,0,,,2027-10-09,2026-10-09T17:04:52.531637,True
2272,Bruno Martins,,0,,,2027-10-09,2026-10-09T17:04:52.531637,True
2273,Ana Pereira,email com espaços@teste.com,0,,,2027-10-09,2026-10-09T17:04:52.531637,True
2274,Maria Oliveira,email com espaços@teste.com,0,123,,2027-10-09,2026-10-09T17:04:52.531637,True
2275,Diego Lima,@sem_dominio,0,123,,2027-10-09,2026-10-09T17:04:52.531637,True
2276,Fernanda Gomes,@sem_dominio,0,123,,2027-10-09,2026-10-09T17:04:52.531637,True
2277,Julia Silva,@sem_dominio,0,123,,2027-10-09,2026-10-09T17:04:52.531637,True
2278,Fernanda Martins,@sem_dominio,,123,,2027-10-09,2026-10-09T17:04:52.531637,True
2279,Lucas Rodrigues,@sem_dominio,,123,,2027-10-09,2026-10-09T17:04:52.531637,True
2280,Bruno Almeida,@sem_dominio,,123,,2027-10-09,2026-10-09T17:04:52.531637,True
2281,Fernanda Gomes,@sem_dominio,,999999999999999,,2027-10-09,2026-10-09T17:04:52.531637,True
2282,João Silva,@sem_dominio,,999999999999999,,2027-10-09,2026-10-09T17:04:52.531637,True
2283,Camila Almeida,@sem_dominio,,999999999999999,,2027-10-09,2026-10-09T17:04:52.531637,True
2284,Thiago Silva,@sem_dominio,,999999999999999,,2027-10-09,2026-10-09T17:04:52.531637,True
2285,João Souza,@sem_dominio,,999999999999999,,2027-10-09,2026-10-09T17:04:52.531637,True
2286,João Almeida,@sem_dominio,,,,2027-10-09,2026-10-09T17:04:52.531637,True
2287,Pedro Martins,@sem_dominio,,,,2027-10-09,2026-10-09T17:04:52.531637,True
2288,Diego Oliveira,@sem_dominio,,,,2027-10-09,2026-10-09T17:04:52.531637,True
2289,Maria Souza,@sem_dominio,,,,2027-10-09,2026-10-09T17:04:52.531637,True
2290,Thiago Silva,,,,,2027-10-09,2026-10-09T17:04:52.531637,True
2291,Thiago Almeida,,,,,2027-10-09,2026-10-09T17:04:52.531637,True
2292,Pedro Martins,,,,11111111111111,2027-10-09,2026-10-09T17:04:52.531637,True
2293,Julia Ferreira,,,,11111111111111,2027-10-09,2026-10-09T17:04:52.531637,True
2294,Pedro Pereira,,,,11111111111111,2027-10-09,2026-10-09T17:04:52.531637,True
2295,Julia Oliveira,,-5,,11111111111111,2027-10-09,2026-10-09T17:04:52.531637,True
2296,Thiago Lima,,-5,,,2027-10-09,2026-10-09T17:04:52.531637,True
2297,Carlos Souza,,0,,,2027-10-09,2026-10-09T17:04:52.531637,True
2298,Camila Rodrigues,,0,,,2027-10-09,2026-10-09T17:04:52.531637,True
2299,Bruno Gomes,,0,,,2027-10-09,2026-10-09T17:04:52.531637,True
2300,Diego Oliveira,,0,abcdefgh,,2027-10-09,2026-10-09T17:04:52.531637,True
2301,Carlos Lima,,0,abcdefgh,,2027-10-09,2026-10-09T17:04:52.531637,True
2302,Thiago Ferreira,,0,abcdefgh,,2027-10-09,2026-10-09T17:04:52.531637,True
2303,Maria Souza,,0,abcdefgh,,2027-10-09,2026-10-09T17:04:52.531637,True
2304,Rafael Pereira,,0,,,2027-10-09,2026-10-09T17:04:52.531637,True
2305,Beatriz Gomes,,0,,,2027-10-09,2026-10-09T17:04:52.531637,True
2306,Julia Gomes,email com espaços@teste.com,0,,,2027-10-09,2026-10-09T17:04:52.531637,True
2307,Julia Silva,email com espaços@teste.com,200,,,2027-10-09,2026-10-09T17:04:52.531637,True
2308,Bruno Souza,email_sem_arroba.com,200,,,2027-10-09,2026-10-09T17:04:52.531637,True
2309,Pedro Santos,,200,,,2027-10-09,2026-10-09T17:04:52.531637,True
2310,Bruno Gomes,,200,,,2027-10-09,2026-10-09T17:04:52.531637,True
2311,Carlos Pereira,,200,999999999999999,,2027-10-09,2026-10-09T17:04:52.531637,True
2312,Fernanda Gomes,,200,,,2027-10-09,2026-10-09T17:04:52.531637,True
2313,Diego Ferreira,,200,,,2027-10-09,2026-10-09T17:04:52.531637,True
2314,Larissa Almeida,,200,,,2027-10-09,2026-10-09T17:04:52.531637,True
2315,Larissa Rodrigues,email com espaços@teste.com,200,,,2027-10-09,2026-10-09T17:04:52.531637,True
2316,Lucas Silva,email com espaços@teste.com,200,,,2027-10-09,2026-10-09T17:04:52.531637,True
2317,Fernanda Gomes,,200,,,2027-10-09,2026-10-09T17:04:52.531637,True
2318,Pedro Santos,,200,abcdefgh,,2027-10-09,2026-10-09T17:04:52.531637,True
2319,Pedro Souza,,200,,,2027-10-09,2026-10-09T17:04:52.531637,True
2320,Larissa Pereira,,200,,,2027-10-09,2026-10-09T17:04:52.531637,True
2321,Fernanda Gomes,,200,,123,2027-10-09,2026-10-09T17:04:52.531637,True
2322,Thiago Santos,,200,,,2027-10-09,2026-10-09T17:04:52.531637,True
2323,Ana Martins,,200,,,2027-10-09,2026-10-09T17:04:52.531637,True
2324,Camila Ferreira,email_sem_arroba.com,200,,,2027-10-09,2026-10-09T17:04:52.531637,True
2325,Camila Oliveira,email com espaços@teste.com,200,,,2027-10-09,2026-10-09T17:04:52.531637,True
2326,Julia Rodrigues,email com espaços@teste.com,200,,00000000000,2027-10-09,2026-10-09T17:04:52.531637,True
2327,Diego Almeida,email com espaços@teste.com,150,,00000000000,2027-10-09,2026-10-09T17:04:52.531637,True
2328,Ana Silva,email com espaços@teste.com,150,,11111111111111,2027-10-09,2026-10-09T17:04:52.531637,True
2329,Diego Rodrigues,email com espaços@teste.com,0,,11111111111111,2027-10-09,2026-10-09T17:04:52.531637,True
2330,Fernanda Martins,,0,,,2027-10-09,2026-10-09T17:04:52.531637,True
2331,Camila Silva,,150,,,2027-10-09,2026-10-09T17:04:52.531637,True
2332,Pedro Martins,,,,,2027-10-09,2026-10-09T17:04:52.531637,True
2333,Fernanda Santos,,150,,,2027-10-09,2026-10-09T17:04:52.531637,True
2334,Lucas Souza,,150,,,2027-10-09,2026-10-09T17:04:52.531637,True
2335,Camila Costa,email@,150,,,2027-10-09,2026-10-09T17:04:52.531637,True
2336,Fernanda Pereira,email@,150,,,2027-10-09,2026-10-09T17:04:52.531637,True
2337,Diego Ferreira,email@,150,abcdefgh,,2027-10-09,2026-10-09T17:04:52.531637,True
2338,Camila Santos,email@,150,abcdefgh,11111111111111,2027-10-09,2026-10-09T17:04:52.531637,True
2339,Beatriz Rodrigues,email@,200,abcdefgh,11111111111111,2027-10-09,2026-10-09T17:04:52.531637,True
2340,Ana Pereira,email@,200,abcdefgh,11111111111111,2027-10-09,2026-10-09T17:04:52.531637,True
2341,Bruno Rodrigues,,200,,,2027-10-09,2026-10-09T17:04:52.531637,True
2342,Pedro Santos,,200,,,2027-10-09,2026-10-09T17:04:52.531637,True
2343,Julia Costa,,200,,123,2027-10-09,2026-10-09T17:04:52.531637,True
2344,Diego Ferreira,,200,,123,2027-10-09,2026-10-09T17:04:52.531637,True
2345,João Silva,,200,999999999999999,123,2027-10-09,2026-10-09T17:04:52.531637,True
2346,Rafael Silva,,200,999999999999999,123,2027-10-09,2026-10-09T17:04:52.531637,True
2347,Lucas Silva,,0,999999999999999,123,2027-10-09,2026-10-09T17:04:52.531637,True
2348,João Pereira,,0,999999999999999,,2027-10-09,2026-10-09T17:04:52.531637,True
2349,Beatriz Souza,email_sem_arroba.com,0,999999999999999,,2027-10-09,2026-10-09T17:04:52.531637,True
2350,Carlos Santos,,0,,,2027-10-09,2026-10-09T17:04:52.531637,True
2351,Ana Costa,,0,,,2027-10-09,2026-10-09T17:04:52.531637,True
2352,Diego Martins,,150,,,2027-10-09,2026-10-09T17:04:52.531637,True
2353,Ana Martins,,150,,,2027-10-09,2026-10-09T17:04:52.531637,True
2354,João Costa,,150,,,2027-10-09,2026-10-09T17:04:52.531637,True
2355,Fernanda Martins,,150,,,2027-10-09,2026-10-09T17:04:52.531637,True
2356,Julia Oliveira,,150,,,2027-10-09,2026-10-09T17:04:52.531637,True
2357,Fernanda Oliveira,,150,,,2027-10-09,2026-10-09T17:04:52.531637,True
2358,Bruno Rodrigues,,150,,,2027-10-09,2026-10-09T17:04:52.531637,True
2359,Fernanda Pereira,,150,,,2027-10-09,2026-10-09T17:04:52.531637,True
2360,João Silva,,150,999999999999999,,2027-10-09,2026-10-09T17:04:52.531637,True
2361,Thiago Gomes,,150,999999999999999,,2027-10-09,2026-10-09T17:04:52.531637,True
2362,Fernanda Santos,,,999999999999999,,2027-10-09,2026-10-09T17:04:52.531637,True
2363,Fernanda Santos,,,,,2027-10-09,2026-10-09T17:04:52.531637,True
2364,Maria Souza,,200,,,2027-10-09,2026-10-09T17:04:52.531637,True
2365,Camila Costa,,200,,,2027-10-09,2026-10-09T17:04:52.531637,True
2366,Lucas Ferreira,,200,,,2027-10-09,2026-10-09T17:04:52.531637,True
2367,Diego Santos,,200,,00000000000,2027-10-09,2026-10-09T17:04:52.531637,True
2368,João Almeida,,200,,00000000000,2027-10-09,2026-10-09T17:04:52.531637,True
2369,Bruno Martins,,200,,00000000000,2027-10-09,2026-10-09T17:04:52.531637,True
2370,Diego Souza,,0,,00000000000,2027-10-09,2026-10-09T17:04:52.531637,True
2371,Rafael Rodrigues,,0,,,2027-10-09,2026-10-09T17:04:52.531637,True
2372,Larissa Silva,,0,,,2027-10-09,2026-10-09T17:04:52.531637,True
2373,Ana Lima,,0,,,2027-10-09,2026-10-09T17:04:52.531637,True
2374,Carlos Lima,,0,,,2027-10-09,2026-10-09T17:04:52.531637,True
2375,Rafael Pereira,,0,,,2027-10-09,2026-10-09T17:04:52.531637,True
2376,Bruno Souza,,0,999999999999999,,2027-10-09,2026-10-09T17:04:52.531637,True
2377,Julia Gomes,,-5,999999999999999,,2027-10-09,2026-10-09T17:04:52.531637,True
2378,Diego Oliveira,,-5,999999999999999,,2027-10-09,2026-10-09T17:04:52.531637,True
2379,Fernanda Gomes,,200,999999999999999,,2027-10-09,2026-10-09T17:04:52.531637,True
2380,Maria Oliveira,,200,,,2027-10-09,2026-10-09T17:04:52.531637,True
2381,Julia Ferreira,,200,,,2027-10-09,2026-10-09T17:04:52.531637,True
2382,Thiago Rodrigues,,200,,123,2027-10-09,2026-10-09T17:04:52.531637,True
2383,Rafael Gomes,,200,,123,2027-10-09,2026-10-09T17:04:52.531637,True
2384,Maria Souza,,200,,,2027-10-09,2026-10-09T17:04:52.531637,True
2385,Larissa Souza,,,,,2027-10-09,2026-10-09T17:04:52.531637,True
2386,Lucas Pereira,email com espaços@teste.com,,,,2027-10-09,2026-10-09T17:04:52.531637,True
2387,Maria Souza,email com espaços@teste.com,200,,,2027-10-09,2026-10-09T17:04:52.531637,True
2388,Pedro Oliveira,email com espaços@teste.com,200,,,2027-10-09,2026-10-09T17:04:52.531637,True
2389,Thiago Pereira,email com espaços@teste.com,200,,00000000000,2027-10-09,2026-10-09T17:04:52.531637,True
2390,Ana Martins,,200,,,2027-10-09,2026-10-09T17:04:52.531637,True
2391,João Silva,email com espaços@teste.com,200,,,2027-10-09,2026-10-09T17:04:52.531637,True
2392,Larissa Pereira,email com espaços@teste.com,150,,,2027-10-09,2026-10-09T17:04:52.531637,True
2393,Ana Silva,,150,,,2027-10-09,2026-10-09T17:04:52.531637,True
2394,Julia Costa,,150,,,2027-10-09,2026-10-09T17:04:52.531637,True
2395,Lucas Gomes,,150,,,2027-10-09,2026-10-09T17:04:52.531637,True
2396,Rafael Gomes,,150,,,2027-10-09,2026-10-09T17:04:52.531637,True
2397,Ana Martins,,150,,,2027-10-09,2026-10-09T17:04:52.531637,True
2398,Ana Souza,,150,,,2027-10-09,2026-10-09T17:04:52.531637,True
2399,Maria Souza,,200,,,2027-10-09,2026-10-09T17:04:52.531637,True
2400,Carlos Santos,email com espaços@teste.com,200,,,2027-10-09,2026-10-09T17:04:52.531637,True
2401,Beatriz Lima,email com espaços@teste.com,200,,,2027-10-09,2026-10-09T17:04:52.531637,True
2402,Thiago Costa,email com espaços@teste.com,200,,,2027-10-09,2026-10-09T17:04:52.531637,True
2403,Maria Almeida,email com espaços@teste.com,200,,,2027-10-09,2026-10-09T17:04:52.531637,True
2404,Rafael Rodrigues,email com espaços@teste.com,200,123,,2027-10-09,2026-10-09T17:04:52.531637,True
2405,Lucas Silva,email com espaços@teste.com,,123,,2027-10-09,2026-10-09T17:04:52.531637,True
2406,Rafael Souza,@sem_dominio,,123,,2027-10-09,2026-10-09T17:04:52.531637,True
2407,João Almeida,email@,,123,,2027-10-09,2026-10-09T17:04:52.531637,True
2408,Fernanda Santos,email@,,999999999999999,,2027-10-09,2026-10-09T17:04:52.531637,True
2409,Beatriz Silva,email@,,999999999999999,,2027-10-09,2026-10-09T17:04:52.531637,True
2410,Bruno Souza,email@,150,999999999999999,,2027-10-09,2026-10-09T17:04:52.531637,True
2411,Diego Martins,email@,0,999999999999999,,2027-10-09,2026-10-09T17:04:52.531637,True
2412,Beatriz Costa,email@,0,999999999999999,00000000000,2027-10-09,2026-10-09T17:04:52.531637,True
2413,Rafael Oliveira,email@,0,abcdefgh,00000000000,2027-10-09,2026-10-09T17:04:52.531637,True
2414,Beatriz Ferreira,email@,0,abcdefgh,00000000000,2027-10-09,2026-10-09T17:04:52.531637,True
2415,Carlos Almeida,email@,0,abcdefgh,11111111111111,2027-10-09,2026-10-09T17:04:52.531637,True
2416,Carlos Souza,,0,,,2027-10-09,2026-10-09T17:04:52.531637,True
2417,Rafael Gomes,,0,,123,2027-10-09,2026-10-09T17:04:52.531637,True
2418,Beatriz Lima,,0,,,2027-10-09,2026-10-09T17:04:52.531637,True
2419,Larissa Oliveira,,0,,,2027-10-09,2026-10-09T17:04:52.531637,True
2420,Diego Almeida,,0,,,2027-10-09,2026-10-09T17:04:52.531637,True
2421,Diego Gomes,,0,,,2027-10-09,2026-10-09T17:04:52.531637,True
2422,João Rodrigues,,0,,,2027-10-09,2026-10-09T17:04:52.531637,True
2423,Maria Almeida,,150,,,2027-10-09,2026-10-09T17:04:52.531637,True
2424,Camila Rodrigues,,150,,,2027-10-09,2026-10-09T17:04:52.531637,True
2425,Ana Martins,,150,,,2027-10-09,2026-10-09T17:04:52.531637,True
2426,Rafael Martins,,150,,11111111111111,2027-10-09,2026-10-09T17:04:52.531637,True
2427,Maria Santos,,150,,11111111111111,2027-10-09,2026-10-09T17:04:52.531637,True
2428,Carlos Almeida,,150,,,2027-10-09,2026-10-09T17:04:52.531637,True
2429,Carlos Ferreira,,150,,,2027-10-09,2026-10-09T17:04:52.531637,True
2430,Diego Costa,,150,,,2027-10-09,2026-10-09T17:04:52.531637,True
2431,Beatriz Lima,,150,999999999999999,,2027-10-09,2026-10-09T17:04:52.531637,True
2432,Rafael Lima,,150,999999999999999,,2027-10-09,2026-10-09T17:04:52.531637,True
2433,Fernanda Silva,,150,999999999999999,123,2027-10-09,2026-10-09T17:04:52.531637,True
2434,Carlos Martins,email_sem_arroba.com,150,999999999999999,123,2027-10-09,2026-10-09T17:04:52.531637,True
2435,Thiago Rodrigues,,150,999999999999999,123,2027-10-09,2026-10-09T17:04:52.531637,True
2436,Fernanda Almeida,email@,150,999999999999999,123,2027-10-09,2026-10-09T17:04:52.531637,True
2437,Larissa Rodrigues,,150,999999999999999,123,2027-10-09,2026-10-09T17:04:52.531637,True
2438,Lucas Pereira,,150,999999999999999,123,2027-10-09,2026-10-09T17:04:52.531637,True
2439,Beatriz Martins,,150,999999999999999,123,2027-10-09,2026-10-09T17:04:52.531637,True
2440,Pedro Souza,email@,150,999999999999999,123,2027-10-09,2026-10-09T17:04:52.531637,True
2441,Pedro Gomes,email@,150,999999999999999,123,2027-10-09,2026-10-09T17:04:52.531637,True
2442,Pedro Costa,email@,150,999999999999999,11111111111111,2027-10-09,2026-10-09T17:04:52.531637,True
2443,Bruno Lima,email@,150,999999999999999,11111111111111,2027-10-09,2026-10-09T17:04:52.531637,True
2444,Ana Gomes,,150,,,2027-10-09,2026-10-09T17:04:52.531637,True
2445,Camila Martins,,150,,,2027-10-09,2026-10-09T17:04:52.531637,True
2446,Beatriz Pereira,,150,,,2027-10-09,2026-10-09T17:04:52.531637,True
2447,João Gomes,email_sem_arroba.com,150,,,2027-10-09,2026-10-09T17:04:52.531637,True
2448,Thiago Martins,email_sem_arroba.com,150,,11111111111111,2027-10-09,2026-10-09T17:04:52.531637,True
2449,Beatriz Lima,email_sem_arroba.com,0,,11111111111111,2027-10-09,2026-10-09T17:04:52.531637,True
2450,Ana Rodrigues,email_sem_arroba.com,0,,123,2027-10-09,2026-10-09T17:04:52.531637,True
2451,Ana Almeida,,0,,123,2027-10-09,2026-10-09T17:04:52.531637,True
2452,Diego Pereira,,0,123,123,2027-10-09,2026-10-09T17:04:52.531637,True
2453,Camila Costa,email com espaços@teste.com,0,123,123,2027-10-09,2026-10-09T17:04:52.531637,True
2454,Carlos Almeida,email com espaços@teste.com,0,123,123,2027-10-09,2026-10-09T17:04:52.531637,True
2455,Larissa Souza,email com espaços@teste.com,0,123,123,2027-10-09,2026-10-09T17:04:52.531637,True
2456,Beatriz Lima,email com espaços@teste.com,200,123,123,2027-10-09,2026-10-09T17:04:52.531637,True
2457,Fernanda Pereira,email com espaços@teste.com,200,123,123,2027-10-09,2026-10-09T17:04:52.531637,True
2458,Larissa Rodrigues,email com espaços@teste.com,200,123,11111111111111,2027-10-09,2026-10-09T17:04:52.531637,True
2459,Ana Ferreira,email com espaços@teste.com,200,123,11111111111111,2027-10-09,2026-10-09T17:04:52.531637,True
2460,Thiago Almeida,email com espaços@teste.com,200,123,11111111111111,2027-10-09,2026-10-09T17:04:52.531637,True
2461,Rafael Gomes,email com espaços@teste.com,200,,11111111111111,2027-10-09,2026-10-09T17:04:52.531637,True
2462,Bruno Pereira,email com espaços@teste.com,200,999999999999999,11111111111111,2027-10-09,2026-10-09T17:04:52.531637,True
2463,Ana Rodrigues,email com espaços@teste.com,200,999999999999999,11111111111111,2027-10-09,2026-10-09T17:04:52.531637,True
2464,Larissa Ferreira,,200,,,2027-10-09,2026-10-09T17:04:52.531637,True
2465,Rafael Martins,,200,,,2027-10-09,2026-10-09T17:04:52.531637,True
2466,Bruno Oliveira,,200,,00000000000,2027-10-09,2026-10-09T17:04:52.531637,True
2467,Beatriz Lima,,200,999999999999999,00000000000,2027-10-09,2026-10-09T17:04:52.531637,True
2468,Maria Pereira,,200,999999999999999,00000000000,2027-10-09,2026-10-09T17:04:52.531637,True
2469,Lucas Pereira,,200,999999999999999,00000000000,2027-10-09,2026-10-09T17:04:52.531637,True
2470,João Gomes,@sem_dominio,200,999999999999999,00000000000,2027-10-09,2026-10-09T17:04:52.531637,True
2471,Rafael Santos,@sem_dominio,200,999999999999999,00000000000,2027-10-09,2026-10-09T17:04:52.531637,True
2472,Lucas Oliveira,@sem_dominio,200,,00000000000,2027-10-09,2026-10-09T17:04:52.531637,True
2473,João Santos,@sem_dominio,200,,00000000000,2027-10-09,2026-10-09T17:04:52.531637,True
2474,Julia Oliveira,@sem_dominio,200,,00000000000,2027-10-09,2026-10-09T17:04:52.531637,True
2475,Maria Santos,@sem_dominio,200,,00000000000,2027-10-09,2026-10-09T17:04:52.531637,True
2476,Thiago Lima,@sem_dominio,200,,123,2027-10-09,2026-10-09T17:04:52.531637,True
2477,Beatriz Oliveira,@sem_dominio,150,,123,2027-10-09,2026-10-09T17:04:52.531637,True
2478,Thiago Rodrigues,@sem_dominio,150,999999999999999,123,2027-10-09,2026-10-09T17:04:52.531637,True
2479,Ana Gomes,,150,999999999999999,123,2027-10-09,2026-10-09T17:04:52.531637,True
2480,Beatriz Gomes,,150,999999999999999,123,2027-10-09,2026-10-09T17:04:52.531637,True
2481,Pedro Almeida,,150,999999999999999,11111111111111,2027-10-09,2026-10-09T17:04:52.531637,True
2482,Bruno Pereira,,150,,,2027-10-09,2026-10-09T17:04:52.531637,True
2483,Thiago Lima,,150,,,2027-10-09,2026-10-09T17:04:52.531637,True
2484,Maria Pereira,,150,,,2027-10-09,2026-10-09T17:04:52.531637,True
2485,Camila Gomes,email_sem_arroba.com,150,,,2027-10-09,2026-10-09T17:04:52.531637,True
2486,Pedro Oliveira,email_sem_arroba.com,150,abcdefgh,,2027-10-09,2026-10-09T17:04:52.531637,True
2487,Rafael Pereira,email_sem_arroba.com,150,999999999999999,,2027-10-09,2026-10-09T17:04:52.531637,True
2488,Beatriz Pereira,email_sem_arroba.com,,999999999999999,,2027-10-09,2026-10-09T17:04:52.531637,True
2489,Ana Pereira,email_sem_arroba.com,200,999999999999999,,2027-10-09,2026-10-09T17:04:52.531637,True
2490,Pedro Santos,,200,,,2027-10-09,2026-10-09T17:04:52.531637,True
2491,Pedro Ferreira,,,,,2027-10-09,2026-10-09T17:04:52.531637,True
2492,Fernanda Rodrigues,,,,,2027-10-09,2026-10-09T17:04:52.531637,True
2493,Fernanda Pereira,,,123,,2027-10-09,2026-10-09T17:04:52.531637,True
2494,Thiago Rodrigues,,,,,2027-10-09,2026-10-09T17:04:52.531637,True
2495,Diego Oliveira,,-5,,,2027-10-09,2026-10-09T17:04:52.531637,True
2496,Pedro Silva,email com espaços@teste.com,-5,,,2027-10-09,2026-10-09T17:04:52.531637,True
2497,Larissa Costa,,-5,,,2027-10-09,2026-10-09T17:04:52.531637,True
2498,Camila Lima,,-5,,,2027-10-09,2026-10-09T17:04:52.531637,True
2499,João Souza,,-5,,,2027-10-09,2026-10-09T17:04:52.531637,True
2500,Ana Souza,,150,,,2027-10-09,2026-10-09T17:04:52.531637,True
2501,Pedro Ferreira,,,,,2027-10-09,2026-10-09T17:04:52.531637,True
2502,Fernanda Souza,,0,,,2027-10-09,2026-10-09T17:04:52.531637,True
2503,Fernanda Souza,email com espaços@teste.com,0,,,2027-10-09,2026-10-09T17:04:52.531637,True
2504,Thiago Silva,email com espaços@teste.com,-5,,,2027-10-09,2026-10-09T17:04:52.531637,True
2505,Carlos Almeida,,-5,,,2027-10-09,2026-10-09T17:04:52.531637,True
2506,Diego Ferreira,,-5,,,2027-10-09,2026-10-09T17:04:52.531637,True
2507,Carlos Lima,,-5,,,2027-10-09,2026-10-09T17:04:52.531637,True
2508,Maria Martins,,-5,,,2027-10-09,2026-10-09T17:04:52.531637,True
2509,Ana Gomes,,,,,2027-10-09,2026-10-09T17:04:52.531637,True
2510,Larissa Lima,,,,,2027-10-09,2026-10-09T17:04:52.531637,True
2511,João Rodrigues,,200,,,2027-10-09,2026-10-09T17:04:52.531637,True
2512,Rafael Ferreira,,200,,,2027-10-09,2026-10-09T17:04:52.531637,True
2513,Carlos Martins,,200,,,2027-10-09,2026-10-09T17:04:52.531637,True
2514,Lucas Almeida,,200,,,2027-10-09,2026-10-09T17:04:52.531637,True
2515,Rafael Souza,,200,,,2027-10-09,2026-10-09T17:04:52.531637,True
2516,Pedro Martins,email@,200,,,2027-10-09,2026-10-09T17:04:52.531637,True
2517,Bruno Costa,email@,200,999999999999999,,2027-10-09,2026-10-09T17:04:52.531637,True
2518,Thiago Oliveira,email@,200,999999999999999,,2027-10-09,2026-10-09T17:04:52.531637,True
2519,Julia Martins,,200,,,2027-10-09,2026-10-09T17:04:52.531637,True
2520,Pedro Souza,email com espaços@teste.com,200,,,2027-10-09,2026-10-09T17:04:52.531637,True
2521,Rafael Pereira,email com espaços@teste.com,200,,123,2027-10-09,2026-10-09T17:04:52.531637,True
2522,Diego Souza,email com espaços@teste.com,200,,123,2027-10-09,2026-10-09T17:04:52.531637,True
2523,Fernanda Almeida,email com espaços@teste.com,200,123,123,2027-10-09,2026-10-09T17:04:52.531637,True
2524,Carlos Costa,email com espaços@teste.com,200,123,123,2027-10-09,2026-10-09T17:04:52.531637,True
2525,Larissa Oliveira,email com espaços@teste.com,150,123,123,2027-10-09,2026-10-09T17:04:52.531637,True
2526,Carlos Santos,email com espaços@teste.com,150,123,,2027-10-09,2026-10-09T17:04:52.531637,True
2527,Diego Silva,,150,,,2027-10-09,2026-10-09T17:04:52.531637,True
2528,Maria Gomes,,150,999999999999999,,2027-10-09,2026-10-09T17:04:52.531637,True
2529,Ana Gomes,,-5,999999999999999,,2027-10-09,2026-10-09T17:04:52.531637,True
2530,Carlos Almeida,,,999999999999999,,2027-10-09,2026-10-09T17:04:52.531637,True
2531,Fernanda Gomes,,,,,2027-10-09,2026-10-09T17:04:52.531637,True
2532,Fernanda Pereira,,,,,2027-10-09,2026-10-09T17:04:52.531637,True
2533,Diego Ferreira,@sem_dominio,,,,2027-10-09,2026-10-09T17:04:52.531637,True
2534,João Costa,email_sem_arroba.com,,,,2027-10-09,2026-10-09T17:04:52.531637,True
2535,Maria Silva,email_sem_arroba.com,,,,2027-10-09,2026-10-09T17:04:52.531637,True
2536,Larissa Souza,email_sem_arroba.com,150,,,2027-10-09,2026-10-09T17:04:52.531637,True
2537,Julia Almeida,email_sem_arroba.com,150,,,2027-10-09,2026-10-09T17:04:52.531637,True
2538,Bruno Souza,email_sem_arroba.com,150,,,2027-10-09,2026-10-09T17:04:52.531637,True
2539,João Martins,email_sem_arroba.com,0,,,2027-10-09,2026-10-09T17:04:52.531637,True
2540,Fernanda Martins,email_sem_arroba.com,0,,00000000000,2027-10-09,2026-10-09T17:04:52.531637,True
2541,Fernanda Martins,email_sem_arroba.com,0,,11111111111111,2027-10-09,2026-10-09T17:04:52.531637,True
2542,Carlos Ferreira,,0,,,2027-10-09,2026-10-09T17:04:52.531637,True
2543,Lucas Rodrigues,,200,,,2027-10-09,2026-10-09T17:04:52.531637,True
2544,Thiago Costa,,200,,,2027-10-09,2026-10-09T17:04:52.531637,True
2545,Larissa Costa,,200,,,2027-10-09,2026-10-09T17:04:52.531637,True
2546,Diego Lima,,200,999999999999999,,2027-10-09,2026-10-09T17:04:52.531637,True
2547,Ana Gomes,,200,999999999999999,,2027-10-09,2026-10-09T17:04:52.531637,True
2548,João Almeida,,200,999999999999999,,2027-10-09,2026-10-09T17:04:52.531637,True
2549,Pedro Gomes,,200,999999999999999,11111111111111,2027-10-09,2026-10-09T17:04:52.531637,True
2550,Fernanda Pereira,,200,,,2027-10-09,2026-10-09T17:04:52.531637,True
2551,Lucas Martins,,200,,,2027-10-09,2026-10-09T17:04:52.531637,True
2552,Maria Silva,,200,,00000000000,2027-10-09,2026-10-09T17:04:52.531637,True
2553,Pedro Santos,,200,,00000000000,2027-10-09,2026-10-09T17:04:52.531637,True
2554,Lucas Martins,,,,00000000000,2027-10-09,2026-10-09T17:04:52.531637,True
2555,Camila Almeida,,,,,2027-10-09,2026-10-09T17:04:52.531637,True
2556,Pedro Pereira,,,,,2027-10-09,2026-10-09T17:04:52.531637,True
2557,Rafael Souza,,,,123,2027-10-09,2026-10-09T17:04:52.531637,True
2558,Pedro Lima,,,999999999999999,123,2027-10-09,2026-10-09T17:04:52.531637,True
2559,Carlos Oliveira,email com espaços@teste.com,,999999999999999,123,2027-10-09,2026-10-09T17:04:52.531637,True
2560,Maria Gomes,,,,,2027-10-09,2026-10-09T17:04:52.531637,True
2561,Rafael Costa,,,,,2027-10-09,2026-10-09T17:04:52.531637,True
2562,Fernanda Gomes,,,,11111111111111,2027-10-09,2026-10-09T17:04:52.531637,True
2563,Julia Almeida,,,123,11111111111111,2027-10-09,2026-10-09T17:04:52.531637,True
2564,Maria Martins,email@,,123,11111111111111,2027-10-09,2026-10-09T17:04:52.531637,True
2565,João Santos,email@,,123,123,2027-10-09,2026-10-09T17:04:52.531637,True
2566,Lucas Martins,,,123,123,2027-10-09,2026-10-09T17:04:52.531637,True
2567,Carlos Souza,,,123,123,2027-10-09,2026-10-09T17:04:52.531637,True
2568,Camila Souza,,150,123,123,2027-10-09,2026-10-09T17:04:52.531637,True
2569,Maria Silva,,150,123,123,2027-10-09,2026-10-09T17:04:52.531637,True
2570,Fernanda Ferreira,,150,123,123,2027-10-09,2026-10-09T17:04:52.531637,True
2571,Lucas Pereira,,150,123,123,2027-10-09,2026-10-09T17:04:52.531637,True
2572,Rafael Ferreira,,150,123,,2027-10-09,2026-10-09T17:04:52.531637,True
2573,João Oliveira,,150,123,,2027-10-09,2026-10-09T17:04:52.531637,True
2574,Bruno Rodrigues,,150,abcdefgh,,2027-10-09,2026-10-09T17:04:52.531637,True
2575,Maria Rodrigues,,,abcdefgh,,2027-10-09,2026-10-09T17:04:52.531637,True
2576,Beatriz Rodrigues,,,abcdefgh,00000000000,2027-10-09,2026-10-09T17:04:52.531637,True
2577,João Rodrigues,,,abcdefgh,123,2027-10-09,2026-10-09T17:04:52.531637,True
2578,Pedro Ferreira,,,abcdefgh,123,2027-10-09,2026-10-09T17:04:52.531637,True
2579,Lucas Ferreira,,,abcdefgh,123,2027-10-09,2026-10-09T17:04:52.531637,True
2580,Pedro Pereira,,,abcdefgh,123,2027-10-09,2026-10-09T17:04:52.531637,True
2581,Maria Souza,,200,abcdefgh,123,2027-10-09,2026-10-09T17:04:52.531637,True
2582,Fernanda Oliveira,,200,abcdefgh,,2027-10-09,2026-10-09T17:04:52.531637,True
2583,Maria Souza,,200,,,2027-10-09,2026-10-09T17:04:52.531637,True
2584,Maria Ferreira,,200,,,2027-10-09,2026-10-09T17:04:52.531637,True
2585,Thiago Souza,,200,,,2027-10-09,2026-10-09T17:04:52.531637,True
2586,Ana Lima,,200,,,2027-10-09,2026-10-09T17:04:52.531637,True
2587,Lucas Silva,,200,,11111111111111,2027-10-09,2026-10-09T17:04:52.531637,True
2588,Julia Silva,,200,,,2027-10-09,2026-10-09T17:04:52.531637,True
2589,Diego Lima,,200,,123,2027-10-09,2026-10-09T17:04:52.531637,True
2590,João Ferreira,,200,999999999999999,123,2027-10-09,2026-10-09T17:04:52.531637,True
2591,Beatriz Ferreira,,200,999999999999999,00000000000,2027-10-09,2026-10-09T17:04:52.531637,True
2592,Thiago Martins,,200,123,00000000000,2027-10-09,2026-10-09T17:04:52.531637,True
2593,Diego Souza,,200,123,00000000000,2027-10-09,2026-10-09T17:04:52.531637,True
2594,Maria Pereira,email com espaços@teste.com,200,123,00000000000,2027-10-09,2026-10-09T17:04:52.531637,True
2595,Bruno Oliveira,email com espaços@teste.com,200,123,00000000000,2027-10-09,2026-10-09T17:04:52.531637,True
2596,Bruno Lima,email com espaços@teste.com,200,123,00000000000,2027-10-09,2026-10-09T17:04:52.531637,True
2597,Julia Martins,email com espaços@teste.com,200,123,00000000000,2027-10-09,2026-10-09T17:04:52.531637,True
2598,João Costa,email com espaços@teste.com,200,123,,2027-10-09,2026-10-09T17:04:52.531637,True
2599,Pedro Almeida,email com espaços@teste.com,200,123,,2027-10-09,2026-10-09T17:04:52.531637,True
2600,Maria Almeida,@sem_dominio,200,123,,2027-10-09,2026-10-09T17:04:52.531637,True
2601,Bruno Costa,@sem_dominio,200,123,11111111111111,2027-10-09,2026-10-09T17:04:52.531637,True
2602,Fernanda Almeida,,200,123,11111111111111,2027-10-09,2026-10-09T17:04:52.531637,True
2603,Rafael Martins,,200,,,2027-10-09,2026-10-09T17:04:52.531637,True
2604,Larissa Almeida,,200,,,2027-10-09,2026-10-09T17:04:52.531637,True
2605,Ana Oliveira,,200,,,2027-10-09,2026-10-09T17:04:52.531637,True
2606,João Martins,email_sem_arroba.com,200,,,2027-10-09,2026-10-09T17:04:52.531637,True
2607,Julia Pereira,email_sem_arroba.com,-5,,,2027-10-09,2026-10-09T17:04:52.531637,True
2608,Bruno Ferreira,@sem_dominio,-5,,,2027-10-09,2026-10-09T17:04:52.531637,True
2609,Camila Costa,@sem_dominio,-5,,,2027-10-09,2026-10-09T17:04:52.531637,True
2610,Pedro Ferreira,@sem_dominio,-5,,,2027-10-09,2026-10-09T17:04:52.531637,True
2611,Larissa Martins,@sem_dominio,-5,,,2027-10-09,2026-10-09T17:04:52.531637,True
2612,Maria Ferreira,@sem_dominio,-5,,,2027-10-09,2026-10-09T17:04:52.531637,True
2613,Ana Oliveira,@sem_dominio,-5,,,2027-10-09,2026-10-09T17:04:52.531637,True
2614,Camila Rodrigues,@sem_dominio,-5,,,2027-10-09,2026-10-09T17:04:52.531637,True
2615,Larissa Santos,@sem_dominio,-5,123,,2027-10-09,2026-10-09T17:04:52.531637,True
2616,Diego Costa,@sem_dominio,200,123,,2027-10-09,2026-10-09T17:04:52.531637,True
2617,Ana Pereira,,200,123,,2027-10-09,2026-10-09T17:04:52.531637,True
2618,Rafael Souza,,-5,123,,2027-10-09,2026-10-09T17:04:52.531637,True
2619,Thiago Almeida,,-5,123,,2027-10-09,2026-10-09T17:04:52.531637,True
2620,Ana Rodrigues,,-5,999999999999999,,2027-10-09,2026-10-09T17:04:52.531637,True
2621,Carlos Lima,,-5,999999999999999,,2027-10-09,2026-10-09T17:04:52.531637,True
2622,Thiago Martins,,-5,,,2027-10-09,2026-10-09T17:04:52.531637,True
2623,Fernanda Costa,,-5,123,,2027-10-09,2026-10-09T17:04:52.531637,True
2624,Julia Ferreira,,-5,abcdefgh,,2027-10-09,2026-10-09T17:04:52.531637,True
2625,Camila Pereira,,-5,,,2027-10-09,2026-10-09T17:04:52.531637,True
2626,Julia Martins,,-5,,,2027-10-09,2026-10-09T17:04:52.531637,True
2627,Lucas Gomes,,-5,,,2027-10-09,2026-10-09T17:04:52.531637,True
2628,Ana Santos,,-5,abcdefgh,,2027-10-09,2026-10-09T17:04:52.531637,True
2629,Maria Souza,,-5,abcdefgh,,2027-10-09,2026-10-09T17:04:52.531637,True
2630,Beatriz Martins,,-5,,,2027-10-09,2026-10-09T17:04:52.531637,True
2631,Larissa Oliveira,@sem_dominio,-5,,,2027-10-09,2026-10-09T17:04:52.531637,True
2632,Lucas Almeida,@sem_dominio,-5,,123,2027-10-09,2026-10-09T17:04:52.531637,True
2633,Bruno Gomes,@sem_dominio,-5,abcdefgh,123,2027-10-09,2026-10-09T17:04:52.531637,True
2634,Diego Lima,@sem_dominio,-5,abcdefgh,,2027-10-09,2026-10-09T17:04:52.531637,True
2635,Maria Ferreira,@sem_dominio,-5,abcdefgh,,2027-10-09,2026-10-09T17:04:52.531637,True
2636,Carlos Silva,@sem_dominio,-5,123,,2027-10-09,2026-10-09T17:04:52.531637,True
2637,Carlos Ferreira,@sem_dominio,0,123,,2027-10-09,2026-10-09T17:04:52.531637,True
2638,Fernanda Silva,@sem_dominio,0,123,,2027-10-09,2026-10-09T17:04:52.531637,True
2639,Julia Ferreira,@sem_dominio,150,123,,2027-10-09,2026-10-09T17:04:52.531637,True
2640,Beatriz Costa,@sem_dominio,150,123,,2027-10-09,2026-10-09T17:04:52.531637,True
2641,Carlos Lima,@sem_dominio,150,123,,2027-10-09,2026-10-09T17:04:52.531637,True
2642,Ana Santos,@sem_dominio,150,123,,2027-10-09,2026-10-09T17:04:52.531637,True
2643,Ana Silva,@sem_dominio,150,123,,2027-10-09,2026-10-09T17:04:52.531637,True
2644,Camila Rodrigues,@sem_dominio,-5,123,,2027-10-09,2026-10-09T17:04:52.531637,True
2645,Larissa Souza,@sem_dominio,150,123,,2027-10-09,2026-10-09T17:04:52.531637,True
2646,Lucas Pereira,@sem_dominio,150,123,,2027-10-09,2026-10-09T17:04:52.531637,True
2647,Rafael Ferreira,@sem_dominio,150,123,,2027-10-09,2026-10-09T17:04:52.531637,True
2648,Carlos Martins,,150,,,2027-10-09,2026-10-09T17:04:52.531637,True
2649,João Oliveira,,150,,,2027-10-09,2026-10-09T17:04:52.531637,True
2650,Larissa Costa,,150,,123,2027-10-09,2026-10-09T17:04:52.531637,True
2651,Bruno Costa,,150,,,2027-10-09,2026-10-09T17:04:52.531637,True
2652,Camila Lima,,150,,123,2027-10-09,2026-10-09T17:04:52.531637,True
2653,João Lima,,150,,123,2027-10-09,2026-10-09T17:04:52.531637,True
2654,Beatriz Martins,,0,,123,2027-10-09,2026-10-09T17:04:52.531637,True
2655,Diego Costa,,0,123,123,2027-10-09,2026-10-09T17:04:52.531637,True
2656,Carlos Almeida,email@,0,123,123,2027-10-09,2026-10-09T17:04:52.531637,True
2657,Camila Gomes,email@,0,123,123,2027-10-09,2026-10-09T17:04:52.531637,True
2658,Fernanda Pereira,email@,0,123,123,2027-10-09,2026-10-09T17:04:52.531637,True
2659,Bruno Lima,email@,,123,123,2027-10-09,2026-10-09T17:04:52.531637,True
2660,Diego Santos,email@,-5,123,123,2027-10-09,2026-10-09T17:04:52.531637,True
2661,Rafael Oliveira,email@,-5,123,,2027-10-09,2026-10-09T17:04:52.531637,True
2662,Pedro Rodrigues,@sem_dominio,-5,123,,2027-10-09,2026-10-09T17:04:52.531637,True
2663,Carlos Gomes,@sem_dominio,200,123,,2027-10-09,2026-10-09T17:04:52.531637,True
2664,Diego Martins,,200,123,,2027-10-09,2026-10-09T17:04:52.531637,True
2665,Camila Ferreira,,200,123,11111111111111,2027-10-09,2026-10-09T17:04:52.531637,True
2666,Camila Rodrigues,,200,123,11111111111111,2027-10-09,2026-10-09T17:04:52.531637,True
2667,Larissa Ferreira,,200,,,2027-10-09,2026-10-09T17:04:52.531637,True
2668,Pedro Almeida,,200,,,2027-10-09,2026-10-09T17:04:52.531637,True
2669,Larissa Rodrigues,,200,,,2027-10-09,2026-10-09T17:04:52.531637,True
2670,Fernanda Santos,,200,,,2027-10-09,2026-10-09T17:04:52.531637,True
2671,Lucas Souza,,200,,,2027-10-09,2026-10-09T17:04:52.531637,True
2672,João Almeida,,200,,,2027-10-09,2026-10-09T17:04:52.531637,True
2673,Ana Rodrigues,,200,,,2027-10-09,2026-10-09T17:04:52.531637,True
2674,Rafael Silva,,200,,,2027-10-09,2026-10-09T17:04:52.531637,True
2675,Bruno Martins,,200,,,2027-10-09,2026-10-09T17:04:52.531637,True
2676,Rafael Lima,,200,,,2027-10-09,2026-10-09T17:04:52.531637,True
2677,Carlos Almeida,,-5,,,2027-10-09,2026-10-09T17:04:52.531637,True
2678,Thiago Souza,,-5,,,2027-10-09,2026-10-09T17:04:52.531637,True
2679,Ana Santos,,-5,,,2027-10-09,2026-10-09T17:04:52.531637,True
2680,Carlos Costa,@sem_dominio,-5,,,2027-10-09,2026-10-09T17:04:52.531637,True
2681,Carlos Martins,@sem_dominio,-5,,,2027-10-09,2026-10-09T17:04:52.531637,True
2682,Diego Martins,,-5,,,2027-10-09,2026-10-09T17:04:52.531637,True
2683,Maria Rodrigues,,-5,,,2027-10-09,2026-10-09T17:04:52.531637,True
2684,Lucas Martins,,-5,,,2027-10-09,2026-10-09T17:04:52.531637,True
2685,João Almeida,email_sem_arroba.com,-5,,,2027-10-09,2026-10-09T17:04:52.531637,True
2686,Diego Gomes,,-5,,,2027-10-09,2026-10-09T17:04:52.531637,True
2687,Carlos Costa,,-5,,,2027-10-09,2026-10-09T17:04:52.531637,True
2688,Beatriz Almeida,,-5,,11111111111111,2027-10-09,2026-10-09T17:04:52.531637,True
2689,João Oliveira,,-5,,123,2027-10-09,2026-10-09T17:04:52.531637,True
2690,Carlos Silva,,-5,,,2027-10-09,2026-10-09T17:04:52.531637,True
2691,Rafael Oliveira,,-5,,123,2027-10-09,2026-10-09T17:04:52.531637,True
2692,Lucas Silva,,-5,,123,2027-10-09,2026-10-09T17:04:52.531637,True
2693,Beatriz Santos,,-5,,123,2027-10-09,2026-10-09T17:04:52.531637,True
2694,Diego Costa,,-5,,123,2027-10-09,2026-10-09T17:04:52.531637,True
2695,João Rodrigues,,-5,,123,2027-10-09,2026-10-09T17:04:52.531637,True
2696,Maria Ferreira,,-5,,123,2027-10-09,2026-10-09T17:04:52.531637,True
2697,Beatriz Gomes,,-5,,123,2027-10-09,2026-10-09T17:04:52.531637,True
2698,Carlos Gomes,,-5,,,2027-10-09,2026-10-09T17:04:52.531637,True
2699,João Almeida,,-5,,,2027-10-09,2026-10-09T17:04:52.531637,True
2700,Fernanda Lima,,-5,,,2027-10-09,2026-10-09T17:04:52.531637,True
2701,Maria Gomes,,150,,,2027-10-09,2026-10-09T17:04:52.531637,True
2702,Diego Martins,,150,,,2027-10-09,2026-10-09T17:04:52.531637,True
2703,Maria Almeida,,150,,,2027-10-09,2026-10-09T17:04:52.531637,True
2704,Larissa Almeida,,150,,,2027-10-09,2026-10-09T17:04:52.531637,True
2705,Ana Silva,,150,,,2027-10-09,2026-10-09T17:04:52.531637,True
2706,Fernanda Ferreira,@sem_dominio,150,,,2027-10-09,2026-10-09T17:04:52.531637,True
2707,João Oliveira,@sem_dominio,150,,123,2027-10-09,2026-10-09T17:04:52.531637,True
2708,Bruno Martins,email_sem_arroba.com,150,,123,2027-10-09,2026-10-09T17:04:52.531637,True
2709,Beatriz Oliveira,email_sem_arroba.com,-5,,123,2027-10-09,2026-10-09T17:04:52.531637,True
2710,Larissa Gomes,,-5,,,2027-10-09,2026-10-09T17:04:52.531637,True
2711,Thiago Oliveira,,-5,,11111111111111,2027-10-09,2026-10-09T17:04:52.531637,True
2712,João Almeida,,-5,,,2027-10-09,2026-10-09T17:04:52.531637,True
2713,Maria Gomes,email com espaços@teste.com,-5,,,2027-10-09,2026-10-09T17:04:52.531637,True
2714,Diego Silva,email com espaços@teste.com,-5,,123,2027-10-09,2026-10-09T17:04:52.531637,True
2715,Bruno Almeida,,-5,,,2027-10-09,2026-10-09T17:04:52.531637,True
2716,Fernanda Almeida,,-5,,,2027-10-09,2026-10-09T17:04:52.531637,True
2717,Maria Martins,,-5,,,2027-10-09,2026-10-09T17:04:52.531637,True
2718,Maria Martins,,-5,,,2027-10-09,2026-10-09T17:04:52.531637,True
2719,Beatriz Oliveira,,-5,,,2027-10-09,2026-10-09T17:04:52.531637,True
2720,Larissa Costa,,-5,,,2027-10-09,2026-10-09T17:04:52.531637,True
2721,Carlos Pereira,,-5,,123,2027-10-09,2026-10-09T17:04:52.531637,True
2722,Lucas Almeida,,-5,,123,2027-10-09,2026-10-09T17:04:52.531637,True
2723,Camila Lima,,-5,,,2027-10-09,2026-10-09T17:04:52.531637,True
2724,Carlos Gomes,,-5,,,2027-10-09,2026-10-09T17:04:52.531637,True
2725,Rafael Ferreira,,-5,,,2027-10-09,2026-10-09T17:04:52.531637,True
2726,Carlos Santos,,150,,,2027-10-09,2026-10-09T17:04:52.531637,True
2727,Beatriz Pereira,,150,,,2027-10-09,2026-10-09T17:04:52.531637,True
2728,Fernanda Costa,,150,,,2027-10-09,2026-10-09T17:04:52.531637,True
2729,Beatriz Pereira,email com espaços@teste.com,150,,,2027-10-09,2026-10-09T17:04:52.531637,True
2730,Bruno Oliveira,email com espaços@teste.com,150,,,2027-10-09,2026-10-09T17:04:52.531637,True
2731,Larissa Gomes,email com espaços@teste.com,150,,,2027-10-09,2026-10-09T17:04:52.531637,True
2732,Maria Santos,email com espaços@teste.com,150,999999999999999,,2027-10-09,2026-10-09T17:04:52.531637,True
2733,Diego Martins,email com espaços@teste.com,150,999999999999999,123,2027-10-09,2026-10-09T17:04:52.531637,True
2734,Larissa Ferreira,email_sem_arroba.com,150,999999999999999,123,2027-10-09,2026-10-09T17:04:52.531637,True
2735,Carlos Oliveira,email com espaços@teste.com,150,999999999999999,123,2027-10-09,2026-10-09T17:04:52.531637,True
2736,Thiago Rodrigues,email com espaços@teste.com,150,999999999999999,,2027-10-09,2026-10-09T17:04:52.531637,True
2737,Thiago Silva,email com espaços@teste.com,150,999999999999999,,2027-10-09,2026-10-09T17:04:52.531637,True
2738,Pedro Lima,email com espaços@teste.com,150,abcdefgh,,2027-10-09,2026-10-09T17:04:52.531637,True
2739,Beatriz Gomes,email com espaços@teste.com,150,999999999999999,,2027-10-09,2026-10-09T17:04:52.531637,True
2740,Larissa Santos,email com espaços@teste.com,150,999999999999999,,2027-10-09,2026-10-09T17:04:52.531637,True
2741,Ana Pereira,email com espaços@teste.com,150,999999999999999,11111111111111,2027-10-09,2026-10-09T17:04:52.531637,True
2742,João Oliveira,email@,150,999999999999999,11111111111111,2027-10-09,2026-10-09T17:04:52.531637,True
2743,Pedro Oliveira,email@,200,999999999999999,11111111111111,2027-10-09,2026-10-09T17:04:52.531637,True
2744,Fernanda Almeida,email@,200,999999999999999,11111111111111,2027-10-09,2026-10-09T17:04:52.531637,True
2745,Lucas Costa,email@,200,999999999999999,11111111111111,2027-10-09,2026-10-09T17:04:52.531637,True
2746,João Pereira,email@,200,,11111111111111,2027-10-09,2026-10-09T17:04:52.531637,True
2747,Fernanda Santos,email@,200,,11111111111111,2027-10-09,2026-10-09T17:04:52.531637,True
2748,Bruno Souza,email@,,,11111111111111,2027-10-09,2026-10-09T17:04:52.531637,True
2749,Bruno Santos,,,,,2027-10-09,2026-10-09T17:04:52.531637,True
2750,Pedro Pereira,,,,,2027-10-09,2026-10-09T17:04:52.531637,True
2751,Julia Costa,email_sem_arroba.com,,,,2027-10-09,2026-10-09T17:04:52.531637,True
2752,Lucas Rodrigues,email_sem_arroba.com,,,,2027-10-09,2026-10-09T17:04:52.531637,True
2753,Camila Ferreira,email_sem_arroba.com,200,,,2027-10-09,2026-10-09T17:04:52.531637,True
2754,Lucas Pereira,email_sem_arroba.com,200,,11111111111111,2027-10-09,2026-10-09T17:04:52.531637,True
2755,Bruno Martins,email_sem_arroba.com,200,,11111111111111,2027-10-09,2026-10-09T17:04:52.531637,True
2756,Fernanda Pereira,email_sem_arroba.com,200,,11111111111111,2027-10-09,2026-10-09T17:04:52.531637,True
2757,Thiago Costa,,200,,,2027-10-09,2026-10-09T17:04:52.531637,True
2758,Rafael Silva,,200,999999999999999,,2027-10-09,2026-10-09T17:04:52.531637,True
2759,Camila Ferreira,@sem_dominio,200,999999999999999,,2027-10-09,2026-10-09T17:04:52.531637,True
2760,Julia Souza,,200,,,2027-10-09,2026-10-09T17:04:52.531637,True
2761,Lucas Santos,,,,,2027-10-09,2026-10-09T17:04:52.531637,True
2762,Thiago Costa,,,,,2027-10-09,2026-10-09T17:04:52.531637,True
2763,Julia Gomes,,,,,2027-10-09,2026-10-09T17:04:52.531637,True
2764,Larissa Oliveira,,,,,2027-10-09,2026-10-09T17:04:52.531637,True
2765,Carlos Gomes,email com espaços@teste.com,,,,2027-10-09,2026-10-09T17:04:52.531637,True
2766,Rafael Santos,email com espaços@teste.com,,,,2027-10-09,2026-10-09T17:04:52.531637,True
2767,Diego Martins,email com espaços@teste.com,,,11111111111111,2027-10-09,2026-10-09T17:04:52.531637,True
2768,Lucas Martins,email com espaços@teste.com,,,11111111111111,2027-10-09,2026-10-09T17:04:52.531637,True
2769,Pedro Costa,,,,,2027-10-09,2026-10-09T17:04:52.531637,True
2770,Camila Souza,,,,,2027-10-09,2026-10-09T17:04:52.531637,True
2771,Bruno Almeida,,,,,2027-10-09,2026-10-09T17:04:52.531637,True
2772,Lucas Lima,,,,,2027-10-09,2026-10-09T17:04:52.531637,True
2773,Fernanda Oliveira,,200,,,2027-10-09,2026-10-09T17:04:52.531637,True
2774,Bruno Silva,,200,,,2027-10-09,2026-10-09T17:04:52.531637,True
2775,Carlos Souza,,200,,,2027-10-09,2026-10-09T17:04:52.531637,True
2776,Camila Silva,email com espaços@teste.com,200,,,2027-10-09,2026-10-09T17:04:52.531637,True
2777,Camila Costa,@sem_dominio,200,,,2027-10-09,2026-10-09T17:04:52.531637,True
2778,Rafael Martins,@sem_dominio,200,999999999999999,,2027-10-09,2026-10-09T17:04:52.531637,True
2779,Pedro Rodrigues,email@,200,999999999999999,,2027-10-09,2026-10-09T17:04:52.531637,True
2780,Camila Pereira,email@,200,999999999999999,11111111111111,2027-10-09,2026-10-09T17:04:52.531637,True
2781,Larissa Pereira,email@,200,,11111111111111,2027-10-09,2026-10-09T17:04:52.531637,True
2782,Thiago Oliveira,email@,200,123,11111111111111,2027-10-09,2026-10-09T17:04:52.531637,True
2783,Carlos Oliveira,email@,200,999999999999999,11111111111111,2027-10-09,2026-10-09T17:04:52.531637,True
2784,Larissa Silva,@sem_dominio,200,999999999999999,11111111111111,2027-10-09,2026-10-09T17:04:52.531637,True
2785,Camila Martins,,200,,,2027-10-09,2026-10-09T17:04:52.531637,True
2786,Bruno Santos,,200,,,2027-10-09,2026-10-09T17:04:52.531637,True
2787,Rafael Costa,,200,,,2027-10-09,2026-10-09T17:04:52.531637,True
2788,Beatriz Pereira,,200,,,2027-10-09,2026-10-09T17:04:52.531637,True
2789,Bruno Oliveira,,200,,123,2027-10-09,2026-10-09T17:04:52.531637,True
2790,Bruno Almeida,,200,123,123,2027-10-09,2026-10-09T17:04:52.531637,True
2791,Thiago Martins,,,123,123,2027-10-09,2026-10-09T17:04:52.531637,True
2792,Bruno Oliveira,,,,,2027-10-09,2026-10-09T17:04:52.531637,True
2793,Larissa Lima,,,,,2027-10-09,2026-10-09T17:04:52.531637,True
2794,Julia Ferreira,,,123,,2027-10-09,2026-10-09T17:04:52.531637,True
2795,Bruno Santos,,,123,11111111111111,2027-10-09,2026-10-09T17:04:52.531637,True
2796,Bruno Santos,,,123,11111111111111,2027-10-09,2026-10-09T17:04:52.531637,True
2797,Carlos Gomes,,,123,11111111111111,2027-10-09,2026-10-09T17:04:52.531637,True
2798,Lucas Lima,,,123,11111111111111,2027-10-09,2026-10-09T17:04:52.531637,True
2799,Carlos Costa,,,123,11111111111111,2027-10-09,2026-10-09T17:04:52.531637,True
2800,Pedro Souza,,,123,11111111111111,2027-10-09,2026-10-09T17:04:52.531637,True
2801,Larissa Costa,,,123,00000000000,2027-10-09,2026-10-09T17:04:52.531637,True
2802,Ana Ferreira,,-5,123,00000000000,2027-10-09,2026-10-09T17:04:52.531637,True
2803,Maria Almeida,,-5,123,123,2027-10-09,2026-10-09T17:04:52.531637,True
2804,Rafael Ferreira,,150,123,123,2027-10-09,2026-10-09T17:04:52.531637,True
2805,Bruno Silva,,150,,,2027-10-09,2026-10-09T17:04:52.531637,True
2806,Diego Martins,,150,123,,2027-10-09,2026-10-09T17:04:52.531637,True
2807,Camila Lima,,,123,,2027-10-09,2026-10-09T17:04:52.531637,True
2808,Maria Pereira,,,123,,2027-10-09,2026-10-09T17:04:52.531637,True
2809,Bruno Santos,,,123,,2027-10-09,2026-10-09T17:04:52.531637,True
2810,Carlos Silva,email_sem_arroba.com,,123,,2027-10-09,2026-10-09T17:04:52.531637,True
2811,Carlos Ferreira,email_sem_arroba.com,150,123,,2027-10-09,2026-10-09T17:04:52.531637,True
2812,Diego Santos,email_sem_arroba.com,150,,,2027-10-09,2026-10-09T17:04:52.531637,True
2813,João Souza,email_sem_arroba.com,150,123,,2027-10-09,2026-10-09T17:04:52.531637,True
2814,Thiago Souza,email_sem_arroba.com,150,,,2027-10-09,2026-10-09T17:04:52.531637,True
2815,Julia Rodrigues,email_sem_arroba.com,150,,,2027-10-09,2026-10-09T17:04:52.531637,True
2816,Thiago Souza,email_sem_arroba.com,150,,,2027-10-09,2026-10-09T17:04:52.531637,True
2817,Lucas Ferreira,email_sem_arroba.com,150,,,2027-10-09,2026-10-09T17:04:52.531637,True
2818,Bruno Costa,email_sem_arroba.com,0,,,2027-10-09,2026-10-09T17:04:52.531637,True
2819,Pedro Martins,email com espaços@teste.com,0,,,2027-10-09,2026-10-09T17:04:52.531637,True
2820,Julia Rodrigues,email com espaços@teste.com,0,,,2027-10-09,2026-10-09T17:04:52.531637,True
2821,Rafael Lima,,0,,,2027-10-09,2026-10-09T17:04:52.531637,True
2822,João Ferreira,,0,,,2027-10-09,2026-10-09T17:04:52.531637,True
2823,Maria Lima,@sem_dominio,0,,,2027-10-09,2026-10-09T17:04:52.531637,True
2824,Fernanda Costa,@sem_dominio,0,abcdefgh,,2027-10-09,2026-10-09T17:04:52.531637,True
2825,Carlos Martins,@sem_dominio,0,abcdefgh,,2027-10-09,2026-10-09T17:04:52.531637,True
2826,Larissa Santos,@sem_dominio,200,abcdefgh,,2027-10-09,2026-10-09T17:04:52.531637,True
2827,Carlos Souza,@sem_dominio,200,abcdefgh,,2027-10-09,2026-10-09T17:04:52.531637,True
2828,Rafael Ferreira,@sem_dominio,200,999999999999999,,2027-10-09,2026-10-09T17:04:52.531637,True
2829,Carlos Rodrigues,,200,,,2027-10-09,2026-10-09T17:04:52.531637,True
2830,Lucas Santos,,200,abcdefgh,,2027-10-09,2026-10-09T17:04:52.531637,True
2831,Thiago Costa,,200,abcdefgh,,2027-10-09,2026-10-09T17:04:52.531637,True
2832,João Gomes,,200,abcdefgh,,2027-10-09,2026-10-09T17:04:52.531637,True
2833,Lucas Martins,,200,abcdefgh,,2027-10-09,2026-10-09T17:04:52.531637,True
2834,Bruno Costa,,200,abcdefgh,,2027-10-09,2026-10-09T17:04:52.531637,True
2835,Beatriz Costa,,200,123,,2027-10-09,2026-10-09T17:04:52.531637,True
2836,João Lima,,200,123,,2027-10-09,2026-10-09T17:04:52.531637,True
2837,Diego Silva,,200,123,,2027-10-09,2026-10-09T17:04:52.531637,True
2838,Pedro Gomes,,0,123,,2027-10-09,2026-10-09T17:04:52.531637,True
2839,Camila Oliveira,,0,999999999999999,,2027-10-09,2026-10-09T17:04:52.531637,True
2840,Beatriz Rodrigues,,0,,,2027-10-09,2026-10-09T17:04:52.531637,True
2841,Thiago Souza,,0,,,2027-10-09,2026-10-09T17:04:52.531637,True
2842,Larissa Martins,,0,,11111111111111,2027-10-09,2026-10-09T17:04:52.531637,True
2843,Diego Ferreira,,150,,11111111111111,2027-10-09,2026-10-09T17:04:52.531637,True
2844,Ana Souza,,150,,11111111111111,2027-10-09,2026-10-09T17:04:52.531637,True
2845,Maria Ferreira,,150,,11111111111111,2027-10-09,2026-10-09T17:04:52.531637,True
2846,Maria Almeida,,0,,11111111111111,2027-10-09,2026-10-09T17:04:52.531637,True
2847,Beatriz Pereira,,0,,11111111111111,2027-10-09,2026-10-09T17:04:52.531637,True
2848,Camila Martins,,0,,11111111111111,2027-10-09,2026-10-09T17:04:52.531637,True
2849,Carlos Souza,,0,,11111111111111,2027-10-09,2026-10-09T17:04:52.531637,True
2850,Beatriz Santos,email_sem_arroba.com,0,,11111111111111,2027-10-09,2026-10-09T17:04:52.531637,True
2851,Rafael Souza,email_sem_arroba.com,0,123,11111111111111,2027-10-09,2026-10-09T17:04:52.531637,True
2852,Larissa Pereira,,0,,,2027-10-09,2026-10-09T17:04:52.531637,True
2853,Julia Gomes,,150,,,2027-10-09,2026-10-09T17:04:52.531637,True
2854,Ana Gomes,,150,,,2027-10-09,2026-10-09T17:04:52.531637,True
2855,João Rodrigues,,150,,,2027-10-09,2026-10-09T17:04:52.531637,True
2856,Beatriz Ferreira,,150,,,2027-10-09,2026-10-09T17:04:52.531637,True
2857,Carlos Costa,,150,,00000000000,2027-10-09,2026-10-09T17:04:52.531637,True
2858,Maria Oliveira,,150,,,2027-10-09,2026-10-09T17:04:52.531637,True
2859,Maria Martins,,150,,,2027-10-09,2026-10-09T17:04:52.531637,True
2860,Fernanda Martins,,150,abcdefgh,,2027-10-09,2026-10-09T17:04:52.531637,True
2861,Julia Silva,,150,abcdefgh,123,2027-10-09,2026-10-09T17:04:52.531637,True
2862,Carlos Rodrigues,,150,abcdefgh,123,2027-10-09,2026-10-09T17:04:52.531637,True
2863,Diego Costa,,150,,123,2027-10-09,2026-10-09T17:04:52.531637,True
2864,Bruno Almeida,email com espaços@teste.com,150,,123,2027-10-09,2026-10-09T17:04:52.531637,True
2865,Maria Silva,,150,,,2027-10-09,2026-10-09T17:04:52.531637,True
2866,Fernanda Costa,email@,150,,,2027-10-09,2026-10-09T17:04:52.531637,True
2867,Lucas Martins,email@,150,,,2027-10-09,2026-10-09T17:04:52.531637,True
2868,Carlos Rodrigues,email@,150,,00000000000,2027-10-09,2026-10-09T17:04:52.531637,True
2869,João Lima,email@,-5,,00000000000,2027-10-09,2026-10-09T17:04:52.531637,True
2870,João Rodrigues,email@,-5,,,2027-10-09,2026-10-09T17:04:52.531637,True
2871,Carlos Lima,email com espaços@teste.com,-5,,,2027-10-09,2026-10-09T17:04:52.531637,True
2872,Ana Silva,email com espaços@teste.com,-5,,123,2027-10-09,2026-10-09T17:04:52.531637,True
2873,Carlos Santos,email com espaços@teste.com,150,,123,2027-10-09,2026-10-09T17:04:52.531637,True
2874,Bruno Almeida,,150,,,2027-10-09,2026-10-09T17:04:52.531637,True
2875,Ana Lima,,150,,,2027-10-09,2026-10-09T17:04:52.531637,True
2876,Beatriz Costa,,150,,,2027-10-09,2026-10-09T17:04:52.531637,True
2877,Rafael Oliveira,,150,,,2027-10-09,2026-10-09T17:04:52.531637,True
2878,Thiago Ferreira,,150,999999999999999,,2027-10-09,2026-10-09T17:04:52.531637,True
2879,Fernanda Souza,,150,999999999999999,,2027-10-09,2026-10-09T17:04:52.531637,True
2880,Julia Almeida,,150,999999999999999,,2027-10-09,2026-10-09T17:04:52.531637,True
2881,Lucas Pereira,,150,999999999999999,,2027-10-09,2026-10-09T17:04:52.531637,True
2882,Ana Martins,,-5,999999999999999,,2027-10-09,2026-10-09T17:04:52.531637,True
2883,Rafael Silva,,-5,abcdefgh,,2027-10-09,2026-10-09T17:04:52.531637,True
2884,Carlos Pereira,,,abcdefgh,,2027-10-09,2026-10-09T17:04:52.531637,True
2885,Diego Rodrigues,,200,abcdefgh,,2027-10-09,2026-10-09T17:04:52.531637,True
2886,Camila Rodrigues,,200,,,2027-10-09,2026-10-09T17:04:52.531637,True
2887,Maria Oliveira,,200,,,2027-10-09,2026-10-09T17:04:52.531637,True
2888,Fernanda Silva,,200,,,2027-10-09,2026-10-09T17:04:52.531637,True
2889,Rafael Pereira,,200,,,2027-10-09,2026-10-09T17:04:52.531637,True
2890,Camila Souza,,200,,,2027-10-09,2026-10-09T17:04:52.531637,True
2891,Beatriz Santos,,,,,2027-10-09,2026-10-09T17:04:52.531637,True
2892,Bruno Almeida,,,,,2027-10-09,2026-10-09T17:04:52.531637,True
2893,Rafael Lima,,,,,2027-10-09,2026-10-09T17:04:52.531637,True
2894,Lucas Santos,,,,,2027-10-09,2026-10-09T17:04:52.531637,True
2895,Thiago Santos,,,,,2027-10-09,2026-10-09T17:04:52.531637,True
2896,Camila Lima,,,,11111111111111,2027-10-09,2026-10-09T17:04:52.531637,True
2897,Thiago Oliveira,,,,,2027-10-09,2026-10-09T17:04:52.531637,True
2898,João Souza,,,,,2027-10-09,2026-10-09T17:04:52.531637,True
2899,Bruno Almeida,,,,,2027-10-09,2026-10-09T17:04:52.531637,True
2900,Diego Almeida,,,,,2027-10-09,2026-10-09T17:04:52.531637,True
2901,Fernanda Santos,,,,,2027-10-09,2026-10-09T17:04:52.531637,True
2902,João Silva,,,,,2027-10-09,2026-10-09T17:04:52.531637,True
2903,Pedro Souza,,,,,2027-10-09,2026-10-09T17:04:52.531637,True
2904,Pedro Ferreira,,,,,2027-10-09,2026-10-09T17:04:52.531637,True
2905,Thiago Martins,,150,,,2027-10-09,2026-10-09T17:04:52.531637,True
2906,Larissa Rodrigues,,150,,,2027-10-09,2026-10-09T17:04:52.531637,True
2907,Bruno Costa,,150,,,2027-10-09,2026-10-09T17:04:52.531637,True
2908,João Ferreira,,150,,,2027-10-09,2026-10-09T17:04:52.531637,True
2909,Thiago Souza,,150,,,2027-10-09,2026-10-09T17:04:52.531637,True
2910,Beatriz Souza,,150,,,2027-10-09,2026-10-09T17:04:52.531637,True
2911,Julia Almeida,,150,,123,2027-10-09,2026-10-09T17:04:52.531637,True
2912,Thiago Rodrigues,,-5,,123,2027-10-09,2026-10-09T17:04:52.531637,True
2913,Larissa Almeida,,-5,,123,2027-10-09,2026-10-09T17:04:52.531637,True
2914,Diego Rodrigues,,,,123,2027-10-09,2026-10-09T17:04:52.531637,True
2915,Diego Silva,,,,123,2027-10-09,2026-10-09T17:04:52.531637,True
2916,Beatriz Santos,,,,123,2027-10-09,2026-10-09T17:04:52.531637,True
2917,Ana Souza,,,,123,2027-10-09,2026-10-09T17:04:52.531637,True
2918,Carlos Costa,,,999999999999999,123,2027-10-09,2026-10-09T17:04:52.531637,True
2919,Rafael Almeida,,,999999999999999,123,2027-10-09,2026-10-09T17:04:52.531637,True
2920,Ana Pereira,,0,999999999999999,123,2027-10-09,2026-10-09T17:04:52.531637,True
2921,Rafael Lima,,200,999999999999999,123,2027-10-09,2026-10-09T17:04:52.531637,True
2922,Beatriz Santos,,,999999999999999,123,2027-10-09,2026-10-09T17:04:52.531637,True
2923,Fernanda Pereira,,,999999999999999,123,2027-10-09,2026-10-09T17:04:52.531637,True
2924,Rafael Gomes,email_sem_arroba.com,,999999999999999,123,2027-10-09,2026-10-09T17:04:52.531637,True
2925,Thiago Gomes,email_sem_arroba.com,,999999999999999,123,2027-10-09,2026-10-09T17:04:52.531637,True
2926,Pedro Silva,,,,,2027-10-09,2026-10-09T17:04:52.531637,True
2927,Julia Lima,,,,,2027-10-09,2026-10-09T17:04:52.531637,True
2928,Diego Pereira,@sem_dominio,,,,2027-10-09,2026-10-09T17:04:52.531637,True
2929,João Costa,@sem_dominio,,,,2027-10-09,2026-10-09T17:04:52.531637,True
2930,Maria Lima,@sem_dominio,,abcdefgh,,2027-10-09,2026-10-09T17:04:52.531637,True
2931,Julia Ferreira,@sem_dominio,200,abcdefgh,,2027-10-09,2026-10-09T17:04:52.531637,True
2932,Pedro Costa,,200,abcdefgh,,2027-10-09,2026-10-09T17:04:52.531637,True
2933,Pedro Pereira,email com espaços@teste.com,200,abcdefgh,,2027-10-09,2026-10-09T17:04:52.531637,True
2934,Beatriz Almeida,email com espaços@teste.com,200,abcdefgh,,2027-10-09,2026-10-09T17:04:52.531637,True
2935,Thiago Rodrigues,email com espaços@teste.com,200,abcdefgh,,2027-10-09,2026-10-09T17:04:52.531637,True
2936,Larissa Lima,,200,,,2027-10-09,2026-10-09T17:04:52.531637,True
2937,Diego Martins,,200,,,2027-10-09,2026-10-09T17:04:52.531637,True
2938,Carlos Oliveira,email@,200,,,2027-10-09,2026-10-09T17:04:52.531637,True
2939,Rafael Santos,,200,,,2027-10-09,2026-10-09T17:04:52.531637,True
2940,Pedro Silva,,200,,,2027-10-09,2026-10-09T17:04:52.531637,True
2941,Lucas Silva,,200,,00000000000,2027-10-09,2026-10-09T17:04:52.531637,True
2942,Diego Souza,,200,,00000000000,2027-10-09,2026-10-09T17:04:52.531637,True
2943,Thiago Rodrigues,,200,,00000000000,2027-10-09,2026-10-09T17:04:52.531637,True
2944,Rafael Oliveira,,200,,,2027-10-09,2026-10-09T17:04:52.531637,True
2945,Camila Oliveira,,200,,,2027-10-09,2026-10-09T17:04:52.531637,True
2946,Diego Costa,,200,123,,2027-10-09,2026-10-09T17:04:52.531637,True
2947,Julia Gomes,,200,abcdefgh,,2027-10-09,2026-10-09T17:04:52.531637,True
2948,Ana Lima,,200,abcdefgh,,2027-10-09,2026-10-09T17:04:52.531637,True
2949,Camila Pereira,,200,abcdefgh,,2027-10-09,2026-10-09T17:04:52.531637,True
2950,Julia Pereira,,200,abcdefgh,,2027-10-09,2026-10-09T17:04:52.531637,True
2951,Rafael Gomes,,150,abcdefgh,,2027-10-09,2026-10-09T17:04:52.531637,True
2952,João Gomes,,150,abcdefgh,,2027-10-09,2026-10-09T17:04:52.531637,True
2953,Beatriz Costa,,150,abcdefgh,,2027-10-09,2026-10-09T17:04:52.531637,True
2954,Ana Rodrigues,,150,abcdefgh,123,2027-10-09,2026-10-09T17:04:52.531637,True
2955,Bruno Gomes,,150,999999999999999,123,2027-10-09,2026-10-09T17:04:52.531637,True
2956,Thiago Oliveira,,150,abcdefgh,123,2027-10-09,2026-10-09T17:04:52.531637,True
2957,Maria Santos,,,abcdefgh,123,2027-10-09,2026-10-09T17:04:52.531637,True
2958,Thiago Ferreira,,150,abcdefgh,123,2027-10-09,2026-10-09T17:04:52.531637,True
2959,Larissa Silva,,150,abcdefgh,123,2027-10-09,2026-10-09T17:04:52.531637,True
2960,Julia Oliveira,,150,,123,2027-10-09,2026-10-09T17:04:52.531637,True
2961,Ana Pereira,,150,,,2027-10-09,2026-10-09T17:04:52.531637,True
2962,Thiago Silva,,150,,,2027-10-09,2026-10-09T17:04:52.531637,True
2963,Maria Gomes,,150,,,2027-10-09,2026-10-09T17:04:52.531637,True
2964,Diego Souza,,150,,,2027-10-09,2026-10-09T17:04:52.531637,True
2965,Bruno Silva,email com espaços@teste.com,150,,,2027-10-09,2026-10-09T17:04:52.531637,True
2966,Lucas Almeida,,150,,,2027-10-09,2026-10-09T17:04:52.531637,True
2967,Larissa Oliveira,,150,,,2027-10-09,2026-10-09T17:04:52.531637,True
2968,Camila Ferreira,,150,123,,2027-10-09,2026-10-09T17:04:52.531637,True
2969,Pedro Gomes,,150,123,,2027-10-09,2026-10-09T17:04:52.531637,True
2970,Carlos Oliveira,email@,150,123,,2027-10-09,2026-10-09T17:04:52.531637,True
2971,Carlos Santos,email@,150,123,,2027-10-09,2026-10-09T17:04:52.531637,True
2972,Larissa Ferreira,,150,,,2027-10-09,2026-10-09T17:04:52.531637,True
2973,Bruno Martins,,150,123,,2027-10-09,2026-10-09T17:04:52.531637,True
2974,Larissa Gomes,,150,,,2027-10-09,2026-10-09T17:04:52.531637,True
2975,Lucas Ferreira,,150,,,2027-10-09,2026-10-09T17:04:52.531637,True
2976,Fernanda Lima,,150,,,2027-10-09,2026-10-09T17:04:52.531637,True
2977,Beatriz Silva,,150,,,2027-10-09,2026-10-09T17:04:52.531637,True
2978,Larissa Gomes,,150,,123,2027-10-09,2026-10-09T17:04:52.531637,True
2979,João Silva,,150,,,2027-10-09,2026-10-09T17:04:52.531637,True
2980,Carlos Souza,,200,,,2027-10-09,2026-10-09T17:04:52.531637,True
2981,Rafael Rodrigues,,200,abcdefgh,,2027-10-09,2026-10-09T17:04:52.531637,True
2982,Lucas Almeida,,200,abcdefgh,,2027-10-09,2026-10-09T17:04:52.531637,True
2983,Camila Pereira,@sem_dominio,200,abcdefgh,,2027-10-09,2026-10-09T17:04:52.531637,True
2984,Pedro Almeida,@sem_dominio,200,abcdefgh,,2027-10-09,2026-10-09T17:04:52.531637,True
2985,Maria Ferreira,@sem_dominio,150,abcdefgh,,2027-10-09,2026-10-09T17:04:52.531637,True
2986,Fernanda Martins,,150,,,2027-10-09,2026-10-09T17:04:52.531637,True
2987,Pedro Almeida,,150,,,2027-10-09,2026-10-09T17:04:52.531637,True
2988,João Oliveira,,150,123,,2027-10-09,2026-10-09T17:04:52.531637,True
2989,Carlos Oliveira,,150,123,,2027-10-09,2026-10-09T17:04:52.531637,True
2990,Bruno Lima,,0,123,,2027-10-09,2026-10-09T17:04:52.531637,True
2991,Fernanda Oliveira,,0,123,00000000000,2027-10-09,2026-10-09T17:04:52.531637,True
2992,Beatriz Costa,,0,123,00000000000,2027-10-09,2026-10-09T17:04:52.531637,True
2993,Beatriz Costa,,0,,,2027-10-09,2026-10-09T17:04:52.531637,True
2994,Beatriz Oliveira,,0,,11111111111111,2027-10-09,2026-10-09T17:04:52.531637,True
2995,Thiago Rodrigues,,0,,11111111111111,2027-10-09,2026-10-09T17:04:52.531637,True
2996,Lucas Almeida,,0,123,11111111111111,2027-10-09,2026-10-09T17:04:52.531637,True
2997,Larissa Souza,@sem_dominio,0,123,11111111111111,2027-10-09,2026-10-09T17:04:52.531637,True
2998,Camila Gomes,@sem_dominio,0,999999999999999,11111111111111,2027-10-09,2026-10-09T17:04:52.531637,True
2999,Beatriz Silva,@sem_dominio,0,999999999999999,,2027-10-09,2026-10-09T17:04:52.531637,True
3000,Julia Martins,,0,,,2027-10-09,2026-10-09T17:04:52.531637,True
3001,Lucas Silva,,0,,,2027-10-09,2026-10-09T17:04:52.531637,True
3002,Larissa Santos,,0,abcdefgh,,2027-10-09,2026-10-09T17:04:52.531637,True
3003,Maria Pereira,,0,abcdefgh,,2027-10-09,2026-10-09T17:04:52.531637,True
3004,Maria Oliveira,,0,abcdefgh,,2027-10-09,2026-10-09T17:04:52.531637,True
3005,Lucas Almeida,,0,abcdefgh,,2027-10-09,2026-10-09T17:04:52.531637,True
3006,Thiago Silva,,0,abcdefgh,,2027-10-09,2026-10-09T17:04:52.531637,True
3007,Bruno Costa,@sem_dominio,0,abcdefgh,,2027-10-09,2026-10-09T17:04:52.531637,True
3008,Thiago Rodrigues,,0,abcdefgh,,2027-10-09,2026-10-09T17:04:52.531637,True
3009,João Rodrigues,,0,,,2027-10-09,2026-10-09T17:04:52.531637,True
3010,Lucas Santos,,,,,2027-10-09,2026-10-09T17:04:52.531637,True
3011,João Silva,,,123,,2027-10-09,2026-10-09T17:04:52.531637,True
3012,Beatriz Almeida,,,,,2027-10-09,2026-10-09T17:04:52.531637,True
3013,Ana Souza,,,,,2027-10-09,2026-10-09T17:04:52.531637,True
3014,Ana Pereira,email_sem_arroba.com,,,,2027-10-09,2026-10-09T17:04:52.531637,True
3015,Fernanda Costa,,,,,2027-10-09,2026-10-09T17:04:52.531637,True
3016,Thiago Rodrigues,email com espaços@teste.com,,,,2027-10-09,2026-10-09T17:04:52.531637,True
3017,Bruno Lima,email com espaços@teste.com,,,00000000000,2027-10-09,2026-10-09T17:04:52.531637,True
3018,Diego Pereira,email com espaços@teste.com,,,00000000000,2027-10-09,2026-10-09T17:04:52.531637,True
3019,Beatriz Pereira,,,,,2027-10-09,2026-10-09T17:04:52.531637,True
3020,João Pereira,,150,,,2027-10-09,2026-10-09T17:04:52.531637,True
3021,Fernanda Oliveira,,150,999999999999999,,2027-10-09,2026-10-09T17:04:52.531637,True
3022,Lucas Ferreira,,0,999999999999999,,2027-10-09,2026-10-09T17:04:52.531637,True
3023,Diego Oliveira,,0,999999999999999,,2027-10-09,2026-10-09T17:04:52.531637,True
3024,Pedro Pereira,,0,999999999999999,,2027-10-09,2026-10-09T17:04:52.531637,True
3025,Julia Pereira,,0,999999999999999,,2027-10-09,2026-10-09T17:04:52.531637,True
3026,Bruno Almeida,,200,999999999999999,,2027-10-09,2026-10-09T17:04:52.531637,True
3027,Diego Ferreira,,-5,999999999999999,,2027-10-09,2026-10-09T17:04:52.531637,True
3028,Bruno Gomes,,-5,999999999999999,,2027-10-09,2026-10-09T17:04:52.531637,True
3029,Pedro Oliveira,,-5,,,2027-10-09,2026-10-09T17:04:52.531637,True
3030,João Rodrigues,,-5,999999999999999,,2027-10-09,2026-10-09T17:04:52.531637,True
3031,Carlos Costa,,-5,999999999999999,,2027-10-09,2026-10-09T17:04:52.531637,True
3032,Pedro Rodrigues,,-5,abcdefgh,,2027-10-09,2026-10-09T17:04:52.531637,True
3033,Ana Santos,,150,abcdefgh,,2027-10-09,2026-10-09T17:04:52.531637,True
3034,Carlos Costa,@sem_dominio,150,abcdefgh,,2027-10-09,2026-10-09T17:04:52.531637,True
3035,João Silva,,150,,,2027-10-09,2026-10-09T17:04:52.531637,True
3036,Diego Costa,,150,,00000000000,2027-10-09,2026-10-09T17:04:52.531637,True
3037,Pedro Lima,email@,150,,00000000000,2027-10-09,2026-10-09T17:04:52.531637,True
3038,Maria Almeida,email@,150,,00000000000,2027-10-09,2026-10-09T17:04:52.531637,True
3039,Diego Lima,email@,150,,00000000000,2027-10-09,2026-10-09T17:04:52.531637,True
3040,Fernanda Rodrigues,email@,150,,00000000000,2027-10-09,2026-10-09T17:04:52.531637,True
3041,Beatriz Almeida,email@,0,,00000000000,2027-10-09,2026-10-09T17:04:52.531637,True
3042,Beatriz Silva,,0,,00000000000,2027-10-09,2026-10-09T17:04:52.531637,True
3043,Carlos Souza,,0,,00000000000,2027-10-09,2026-10-09T17:04:52.531637,True
3044,Larissa Almeida,email@,0,,00000000000,2027-10-09,2026-10-09T17:04:52.531637,True
3045,Carlos Silva,,0,,,2027-10-09,2026-10-09T17:04:52.531637,True
3046,Bruno Pereira,,0,,,2027-10-09,2026-10-09T17:04:52.531637,True
3047,Julia Souza,,0,,11111111111111,2027-10-09,2026-10-09T17:04:52.531637,True
3048,Rafael Rodrigues,email_sem_arroba.com,0,,11111111111111,2027-10-09,2026-10-09T17:04:52.531637,True
3049,Rafael Oliveira,email_sem_arroba.com,0,,,2027-10-09,2026-10-09T17:04:52.531637,True
3050,Carlos Martins,email_sem_arroba.com,200,,,2027-10-09,2026-10-09T17:04:52.531637,True
3051,Bruno Gomes,email_sem_arroba.com,200,,,2027-10-09,2026-10-09T17:04:52.531637,True
3052,Pedro Oliveira,email_sem_arroba.com,200,,,2027-10-09,2026-10-09T17:04:52.531637,True
3053,Maria Rodrigues,email_sem_arroba.com,200,999999999999999,,2027-10-09,2026-10-09T17:04:52.531637,True
3054,Pedro Martins,email_sem_arroba.com,200,999999999999999,,2027-10-09,2026-10-09T17:04:52.531637,True
3055,Thiago Pereira,email_sem_arroba.com,200,999999999999999,,2027-10-09,2026-10-09T17:04:52.531637,True
3056,Julia Martins,,200,,,2027-10-09,2026-10-09T17:04:52.531637,True
3057,Larissa Silva,,200,,,2027-10-09,2026-10-09T17:04:52.531637,True
3058,Carlos Santos,email@,200,,,2027-10-09,2026-10-09T17:04:52.531637,True
3059,Beatriz Ferreira,email@,-5,,,2027-10-09,2026-10-09T17:04:52.531637,True
3060,Camila Silva,email@,,,,2027-10-09,2026-10-09T17:04:52.531637,True
3061,João Ferreira,email@,,,,2027-10-09,2026-10-09T17:04:52.531637,True
3062,Ana Souza,,,,,2027-10-09,2026-10-09T17:04:52.531637,True
3063,Carlos Souza,,,,,2027-10-09,2026-10-09T17:04:52.531637,True
3064,Ana Oliveira,,,,,2027-10-09,2026-10-09T17:04:52.531637,True
3065,Maria Ferreira,,-5,,,2027-10-09,2026-10-09T17:04:52.531637,True
3066,Maria Souza,email com espaços@teste.com,-5,,,2027-10-09,2026-10-09T17:04:52.531637,True
3067,Carlos Pereira,email@,-5,,,2027-10-09,2026-10-09T17:04:52.531637,True
3068,Maria Gomes,email@,-5,,,2027-10-09,2026-10-09T17:04:52.531637,True
3069,Beatriz Costa,email@,-5,,,2027-10-09,2026-10-09T17:04:52.531637,True
3070,Rafael Oliveira,email@,,,,2027-10-09,2026-10-09T17:04:52.531637,True
3071,Bruno Martins,email@,0,,,2027-10-09,2026-10-09T17:04:52.531637,True
3072,Diego Santos,email@,0,,123,2027-10-09,2026-10-09T17:04:52.531637,True
3073,Thiago Rodrigues,,0,,123,2027-10-09,2026-10-09T17:04:52.531637,True
3074,Bruno Costa,,0,,123,2027-10-09,2026-10-09T17:04:52.531637,True
3075,Lucas Gomes,,0,,123,2027-10-09,2026-10-09T17:04:52.531637,True
3076,Bruno Rodrigues,,0,,123,2027-10-09,2026-10-09T17:04:52.531637,True
3077,Beatriz Ferreira,,0,999999999999999,123,2027-10-09,2026-10-09T17:04:52.531637,True
3078,Fernanda Rodrigues,,0,123,123,2027-10-09,2026-10-09T17:04:52.531637,True
3079,Ana Pereira,,0,123,123,2027-10-09,2026-10-09T17:04:52.531637,True
3080,Maria Rodrigues,,0,123,123,2027-10-09,2026-10-09T17:04:52.531637,True
3081,Carlos Costa,,,123,123,2027-10-09,2026-10-09T17:04:52.531637,True
3082,Julia Rodrigues,,,,,2027-10-09,2026-10-09T17:04:52.531637,True
3083,Fernanda Pereira,,,,,2027-10-09,2026-10-09T17:04:52.531637,True
3084,Camila Santos,,150,,,2027-10-09,2026-10-09T17:04:52.531637,True
3085,Bruno Oliveira,,150,,,2027-10-09,2026-10-09T17:04:52.531637,True
3086,Maria Souza,,150,,,2027-10-09,2026-10-09T17:04:52.531637,True
3087,Lucas Oliveira,,0,,,2027-10-09,2026-10-09T17:04:52.531637,True
3088,Thiago Ferreira,,0,,,2027-10-09,2026-10-09T17:04:52.531637,True
3089,Julia Santos,,0,,,2027-10-09,2026-10-09T17:04:52.531637,True
3090,Ana Pereira,,0,,,2027-10-09,2026-10-09T17:04:52.531637,True
3091,Bruno Santos,,200,,,2027-10-09,2026-10-09T17:04:52.531637,True
3092,Fernanda Souza,,200,,,2027-10-09,2026-10-09T17:04:52.531637,True
3093,Fernanda Souza,,200,,00000000000,2027-10-09,2026-10-09T17:04:52.531637,True
3094,Ana Gomes,,200,abcdefgh,00000000000,2027-10-09,2026-10-09T17:04:52.531637,True
3095,João Rodrigues,,200,abcdefgh,00000000000,2027-10-09,2026-10-09T17:04:52.531637,True
3096,Diego Costa,,200,,,2027-10-09,2026-10-09T17:04:52.531637,True
3097,João Silva,,200,,,2027-10-09,2026-10-09T17:04:52.531637,True
3098,Diego Ferreira,,200,,,2027-10-09,2026-10-09T17:04:52.531637,True
3099,Larissa Costa,,150,,,2027-10-09,2026-10-09T17:04:52.531637,True
3100,Rafael Rodrigues,,150,abcdefgh,,2027-10-09,2026-10-09T17:04:52.531637,True
3101,Pedro Martins,@sem_dominio,150,abcdefgh,,2027-10-09,2026-10-09T17:04:52.531637,True
3102,Camila Santos,,150,,,2027-10-09,2026-10-09T17:04:52.531637,True
3103,Carlos Costa,,150,,,2027-10-09,2026-10-09T17:04:52.531637,True
3104,Lucas Martins,,150,,,2027-10-09,2026-10-09T17:04:52.531637,True
3105,Thiago Almeida,,,,,2027-10-09,2026-10-09T17:04:52.531637,True
3106,Thiago Pereira,,,,,2027-10-09,2026-10-09T17:04:52.531637,True
3107,Lucas Lima,,200,,,2027-10-09,2026-10-09T17:04:52.531637,True
3108,Bruno Lima,,200,123,,2027-10-09,2026-10-09T17:04:52.531637,True
3109,João Martins,,200,,,2027-10-09,2026-10-09T17:04:52.531637,True
3110,Larissa Martins,,,,,2027-10-09,2026-10-09T17:04:52.531637,True
3111,Rafael Martins,,,,,2027-10-09,2026-10-09T17:04:52.531637,True
3112,João Ferreira,email com espaços@teste.com,,,,2027-10-09,2026-10-09T17:04:52.531637,True
3113,Pedro Martins,email@,,,,2027-10-09,2026-10-09T17:04:52.531637,True
3114,Beatriz Almeida,email@,,,,2027-10-09,2026-10-09T17:04:52.531637,True
3115,Larissa Santos,email@,,,,2027-10-09,2026-10-09T17:04:52.531637,True
3116,Pedro Ferreira,,,,,2027-10-09,2026-10-09T17:04:52.531637,True
3117,Rafael Lima,,,,,2027-10-09,2026-10-09T17:04:52.531637,True
3118,Camila Almeida,,,,00000000000,2027-10-09,2026-10-09T17:04:52.531637,True
3119,Ana Silva,,,abcdefgh,00000000000,2027-10-09,2026-10-09T17:04:52.531637,True
3120,Beatriz Ferreira,,,,,2027-10-09,2026-10-09T17:04:52.531637,True
3121,Julia Rodrigues,,0,,,2027-10-09,2026-10-09T17:04:52.531637,True
3122,Thiago Pereira,email@,0,,,2027-10-09,2026-10-09T17:04:52.531637,True
3123,Beatriz Rodrigues,email@,0,,11111111111111,2027-10-09,2026-10-09T17:04:52.531637,True
3124,Carlos Gomes,email@,0,,,2027-10-09,2026-10-09T17:04:52.531637,True
3125,Pedro Lima,email@,0,,,2027-10-09,2026-10-09T17:04:52.531637,True
3126,Larissa Oliveira,email@,200,,,2027-10-09,2026-10-09T17:04:52.531637,True
3127,Bruno Lima,email@,200,999999999999999,,2027-10-09,2026-10-09T17:04:52.531637,True
3128,Bruno Gomes,email@,200,,,2027-10-09,2026-10-09T17:04:52.531637,True
3129,Diego Souza,email@,200,,,2027-10-09,2026-10-09T17:04:52.531637,True
3130,Camila Ferreira,email@,200,,,2027-10-09,2026-10-09T17:04:52.531637,True
3131,Bruno Almeida,email@,,,,2027-10-09,2026-10-09T17:04:52.531637,True
3132,Ana Almeida,email@,,,11111111111111,2027-10-09,2026-10-09T17:04:52.531637,True
3133,Larissa Rodrigues,@sem_dominio,,,11111111111111,2027-10-09,2026-10-09T17:04:52.531637,True
3134,Beatriz Souza,@sem_dominio,,999999999999999,11111111111111,2027-10-09,2026-10-09T17:04:52.531637,True
3135,Beatriz Oliveira,@sem_dominio,,999999999999999,11111111111111,2027-10-09,2026-10-09T17:04:52.531637,True
3136,Fernanda Silva,email com espaços@teste.com,,999999999999999,11111111111111,2027-10-09,2026-10-09T17:04:52.531637,True
3137,Thiago Lima,email com espaços@teste.com,0,999999999999999,11111111111111,2027-10-09,2026-10-09T17:04:52.531637,True
3138,Beatriz Martins,email com espaços@teste.com,0,,11111111111111,2027-10-09,2026-10-09T17:04:52.531637,True
3139,Beatriz Martins,email com espaços@teste.com,0,,11111111111111,2027-10-09,2026-10-09T17:04:52.531637,True
3140,Carlos Rodrigues,,0,,,2027-10-09,2026-10-09T17:04:52.531637,True
3141,Fernanda Ferreira,@sem_dominio,0,,,2027-10-09,2026-10-09T17:04:52.531637,True
3142,Pedro Gomes,@sem_dominio,0,999999999999999,,2027-10-09,2026-10-09T17:04:52.531637,True
3143,Rafael Souza,,0,,,2027-10-09,2026-10-09T17:04:52.531637,True
3144,Carlos Silva,,0,123,,2027-10-09,2026-10-09T17:04:52.531637,True
3145,Bruno Silva,,0,,,2027-10-09,2026-10-09T17:04:52.531637,True
3146,Lucas Ferreira,,0,,,2027-10-09,2026-10-09T17:04:52.531637,True
3147,Maria Gomes,,0,,,2027-10-09,2026-10-09T17:04:52.531637,True
3148,Ana Almeida,,,,,2027-10-09,2026-10-09T17:04:52.531637,True
3149,Diego Ferreira,,,999999999999999,,2027-10-09,2026-10-09T17:04:52.531637,True
3150,Ana Gomes,,,999999999999999,,2027-10-09,2026-10-09T17:04:52.531637,True
3151,Larissa Souza,,,123,,2027-10-09,2026-10-09T17:04:52.531637,True
3152,Rafael Gomes,,,123,,2027-10-09,2026-10-09T17:04:52.531637,True
3153,João Costa,,,,,2027-10-09,2026-10-09T17:04:52.531637,True
3154,Julia Almeida,email_sem_arroba.com,,,,2027-10-09,2026-10-09T17:04:52.531637,True
3155,Camila Silva,email_sem_arroba.com,,,,2027-10-09,2026-10-09T17:04:52.531637,True
3156,Pedro Rodrigues,,,,,2027-10-09,2026-10-09T17:04:52.531637,True
3157,Bruno Lima,,,,,2027-10-09,2026-10-09T17:04:52.531637,True
3158,Rafael Silva,,,,,2027-10-09,2026-10-09T17:04:52.531637,True
3159,Rafael Souza,,,,,2027-10-09,2026-10-09T17:04:52.531637,True
3160,Fernanda Almeida,,,,,2027-10-09,2026-10-09T17:04:52.531637,True
3161,Ana Martins,,,,00000000000,2027-10-09,2026-10-09T17:04:52.531637,True
3162,Camila Martins,,,,11111111111111,2027-10-09,2026-10-09T17:04:52.531637,True
3163,Larissa Santos,,,,,2027-10-09,2026-10-09T17:04:52.531637,True
3164,Julia Martins,,,,,2027-10-09,2026-10-09T17:04:52.531637,True
3165,Carlos Costa,,,999999999999999,,2027-10-09,2026-10-09T17:04:52.531637,True
3166,Carlos Oliveira,,,,,2027-10-09,2026-10-09T17:04:52.531637,True
3167,Fernanda Rodrigues,,,,123,2027-10-09,2026-10-09T17:04:52.531637,True
3168,João Lima,,,,123,2027-10-09,2026-10-09T17:04:52.531637,True
3169,Larissa Souza,email_sem_arroba.com,,,123,2027-10-09,2026-10-09T17:04:52.531637,True
3170,Larissa Costa,email com espaços@teste.com,,,123,2027-10-09,2026-10-09T17:04:52.531637,True
3171,Carlos Gomes,email com espaços@teste.com,,,11111111111111,2027-10-09,2026-10-09T17:04:52.531637,True
3172,Larissa Souza,,,,,2027-10-09,2026-10-09T17:04:52.531637,True
3173,Larissa Souza,,,,,2027-10-09,2026-10-09T17:04:52.531637,True
3174,João Martins,,,999999999999999,,2027-10-09,2026-10-09T17:04:52.531637,True
3175,Julia Silva,email_sem_arroba.com,,999999999999999,,2027-10-09,2026-10-09T17:04:52.531637,True
3176,Lucas Almeida,email_sem_arroba.com,,999999999999999,,2027-10-09,2026-10-09T17:04:52.531637,True
3177,Carlos Ferreira,email_sem_arroba.com,,999999999999999,,2027-10-09,2026-10-09T17:04:52.531637,True
3178,João Rodrigues,email_sem_arroba.com,,,,2027-10-09,2026-10-09T17:04:52.531637,True
3179,Carlos Almeida,email_sem_arroba.com,-5,,,2027-10-09,2026-10-09T17:04:52.531637,True
3180,Diego Costa,email com espaços@teste.com,-5,,,2027-10-09,2026-10-09T17:04:52.531637,True
3181,Diego Santos,email com espaços@teste.com,-5,,,2027-10-09,2026-10-09T17:04:52.531637,True
3182,Maria Martins,email com espaços@teste.com,-5,abcdefgh,,2027-10-09,2026-10-09T17:04:52.531637,True
3183,Maria Souza,,-5,,,2027-10-09,2026-10-09T17:04:52.531637,True
3184,Fernanda Oliveira,,0,,,2027-10-09,2026-10-09T17:04:52.531637,True
3185,Thiago Ferreira,,150,,,2027-10-09,2026-10-09T17:04:52.531637,True
3186,Pedro Souza,,150,,,2027-10-09,2026-10-09T17:04:52.531637,True
3187,Camila Oliveira,,150,,,2027-10-09,2026-10-09T17:04:52.531637,True
3188,Carlos Rodrigues,,150,,,2027-10-09,2026-10-09T17:04:52.531637,True
3189,Ana Santos,,,,,2027-10-09,2026-10-09T17:04:52.531637,True
3190,Beatriz Oliveira,,,,,2027-10-09,2026-10-09T17:04:52.531637,True
3191,Julia Lima,,,,,2027-10-09,2026-10-09T17:04:52.531637,True
3192,Carlos Almeida,,,,,2027-10-09,2026-10-09T17:04:52.531637,True
3193,Thiago Santos,,,,,2027-10-09,2026-10-09T17:04:52.531637,True
3194,Julia Lima,,,,,2027-10-09,2026-10-09T17:04:52.531637,True
3195,Carlos Silva,,,,,2027-10-09,2026-10-09T17:04:52.531637,True
3196,Larissa Costa,,,,,2027-10-09,2026-10-09T17:04:52.531637,True
3197,Maria Gomes,email_sem_arroba.com,,,,2027-10-09,2026-10-09T17:04:52.531637,True
3198,Bruno Ferreira,email_sem_arroba.com,,,00000000000,2027-10-09,2026-10-09T17:04:52.531637,True
3199,Fernanda Silva,,,,,2027-10-09,2026-10-09T17:04:52.531637,True
3200,Julia Santos,,150,,,2027-10-09,2026-10-09T17:04:52.531637,True
3201,Pedro Almeida,,150,123,,2027-10-09,2026-10-09T17:04:52.531637,True
3202,Julia Souza,,150,123,,2027-10-09,2026-10-09T17:04:52.531637,True
3203,Bruno Oliveira,,150,,,2027-10-09,2026-10-09T17:04:52.531637,True
3204,João Silva,,150,,,2027-10-09,2026-10-09T17:04:52.531637,True
3205,Julia Santos,,150,,11111111111111,2027-10-09,2026-10-09T17:04:52.531637,True
3206,Carlos Lima,,150,999999999999999,11111111111111,2027-10-09,2026-10-09T17:04:52.531637,True
3207,Rafael Gomes,email_sem_arroba.com,150,999999999999999,11111111111111,2027-10-09,2026-10-09T17:04:52.531637,True
3208,João Costa,,150,,,2027-10-09,2026-10-09T17:04:52.531637,True
3209,Ana Silva,,150,999999999999999,,2027-10-09,2026-10-09T17:04:52.531637,True
3210,Julia Pereira,,0,999999999999999,,2027-10-09,2026-10-09T17:04:52.531637,True
3211,João Costa,,0,999999999999999,,2027-10-09,2026-10-09T17:04:52.531637,True
3212,Thiago Silva,,200,999999999999999,,2027-10-09,2026-10-09T17:04:52.531637,True
3213,Julia Oliveira,email_sem_arroba.com,200,999999999999999,,2027-10-09,2026-10-09T17:04:52.531637,True
3214,Diego Martins,email com espaços@teste.com,200,999999999999999,,2027-10-09,2026-10-09T17:04:52.531637,True
3215,Bruno Lima,email com espaços@teste.com,200,999999999999999,,2027-10-09,2026-10-09T17:04:52.531637,True
3216,Julia Oliveira,email com espaços@teste.com,200,999999999999999,,2027-10-09,2026-10-09T17:04:52.531637,True
3217,Thiago Rodrigues,email com espaços@teste.com,200,123,,2027-10-09,2026-10-09T17:04:52.531637,True
3218,Fernanda Lima,email com espaços@teste.com,200,123,,2027-10-09,2026-10-09T17:04:52.531637,True
3219,Carlos Almeida,email@,200,123,,2027-10-09,2026-10-09T17:04:52.531637,True
3220,Thiago Lima,,200,,,2027-10-09,2026-10-09T17:04:52.531637,True
3221,Maria Santos,,200,,,2027-10-09,2026-10-09T17:04:52.531637,True
3222,Beatriz Pereira,,200,,,2027-10-09,2026-10-09T17:04:52.531637,True
3223,Larissa Souza,email com espaços@teste.com,200,,,2027-10-09,2026-10-09T17:04:52.531637,True
3224,Julia Almeida,,200,,,2027-10-09,2026-10-09T17:04:52.531637,True
3225,Carlos Lima,,200,,,2027-10-09,2026-10-09T17:04:52.531637,True
3226,Carlos Pereira,,150,,,2027-10-09,2026-10-09T17:04:52.531637,True
3227,Larissa Gomes,,150,123,,2027-10-09,2026-10-09T17:04:52.531637,True
3228,Lucas Silva,@sem_dominio,150,123,,2027-10-09,2026-10-09T17:04:52.531637,True
3229,Camila Rodrigues,@sem_dominio,200,123,,2027-10-09,2026-10-09T17:04:52.531637,True
3230,Lucas Martins,,200,123,,2027-10-09,2026-10-09T17:04:52.531637,True
3231,Thiago Santos,,200,123,,2027-10-09,2026-10-09T17:04:52.531637,True
3232,Bruno Almeida,,200,,,2027-10-09,2026-10-09T17:04:52.531637,True
3233,Julia Pereira,,200,,123,2027-10-09,2026-10-09T17:04:52.531637,True
3234,Carlos Rodrigues,,200,,00000000000,2027-10-09,2026-10-09T17:04:52.531637,True
3235,Rafael Ferreira,,200,,00000000000,2027-10-09,2026-10-09T17:04:52.531637,True
3236,Larissa Oliveira,,200,,,2027-10-09,2026-10-09T17:04:52.531637,True
3237,Camila Souza,,200,,,2027-10-09,2026-10-09T17:04:52.531637,True
3238,Julia Ferreira,,200,,,2027-10-09,2026-10-09T17:04:52.531637,True
3239,Thiago Ferreira,,200,,,2027-10-09,2026-10-09T17:04:52.531637,True
3240,Julia Gomes,@sem_dominio,200,,,2027-10-09,2026-10-09T17:04:52.531637,True
3241,Diego Pereira,@sem_dominio,0,,,2027-10-09,2026-10-09T17:04:52.531637,True
3242,Ana Gomes,@sem_dominio,0,,,2027-10-09,2026-10-09T17:04:52.531637,True
3243,Fernanda Souza,@sem_dominio,150,,,2027-10-09,2026-10-09T17:04:52.531637,True
3244,Larissa Martins,,150,,,2027-10-09,2026-10-09T17:04:52.531637,True
3245,Camila Costa,,150,,123,2027-10-09,2026-10-09T17:04:52.531637,True
3246,Camila Martins,,150,,123,2027-10-09,2026-10-09T17:04:52.531637,True
3247,Fernanda Martins,,150,,,2027-10-09,2026-10-09T17:04:52.531637,True
3248,Julia Pereira,,150,,,2027-10-09,2026-10-09T17:04:52.531637,True
3249,Pedro Lima,,150,,,2027-10-09,2026-10-09T17:04:52.531637,True
3250,Thiago Oliveira,email@,150,,,2027-10-09,2026-10-09T17:04:52.531637,True
3251,Ana Ferreira,email@,,,,2027-10-09,2026-10-09T17:04:52.531637,True
3252,Carlos Oliveira,email@,150,,,2027-10-09,2026-10-09T17:04:52.531637,True
3253,Carlos Pereira,email@,150,,,2027-10-09,2026-10-09T17:04:52.531637,True
3254,Bruno Silva,email@,150,,,2027-10-09,2026-10-09T17:04:52.531637,True
3255,Beatriz Ferreira,email@,150,,00000000000,2027-10-09,2026-10-09T17:04:52.531637,True
3256,Thiago Silva,email@,150,,00000000000,2027-10-09,2026-10-09T17:04:52.531637,True
3257,Maria Souza,email@,150,,,2027-10-09,2026-10-09T17:04:52.531637,True
3258,Ana Costa,email@,150,,00000000000,2027-10-09,2026-10-09T17:04:52.531637,True
3259,João Oliveira,email@,,,00000000000,2027-10-09,2026-10-09T17:04:52.531637,True
3260,Beatriz Souza,email@,150,,00000000000,2027-10-09,2026-10-09T17:04:52.531637,True
3261,Thiago Rodrigues,,150,,,2027-10-09,2026-10-09T17:04:52.531637,True
3262,Beatriz Costa,@sem_dominio,150,,,2027-10-09,2026-10-09T17:04:52.531637,True
3263,Pedro Gomes,,150,,,2027-10-09,2026-10-09T17:04:52.531637,True
3264,João Ferreira,,150,123,,2027-10-09,2026-10-09T17:04:52.531637,True
3265,Beatriz Rodrigues,,0,123,,2027-10-09,2026-10-09T17:04:52.531637,True
3266,Larissa Martins,,0,123,,2027-10-09,2026-10-09T17:04:52.531637,True
3267,Bruno Rodrigues,,0,123,00000000000,2027-10-09,2026-10-09T17:04:52.531637,True
3268,Maria Pereira,,200,123,00000000000,2027-10-09,2026-10-09T17:04:52.531637,True
3269,Larissa Oliveira,,200,,00000000000,2027-10-09,2026-10-09T17:04:52.531637,True
3270,Bruno Gomes,,200,abcdefgh,00000000000,2027-10-09,2026-10-09T17:04:52.531637,True
3271,Ana Silva,email_sem_arroba.com,200,abcdefgh,00000000000,2027-10-09,2026-10-09T17:04:52.531637,True
3272,Lucas Souza,email com espaços@teste.com,200,abcdefgh,00000000000,2027-10-09,2026-10-09T17:04:52.531637,True
3273,Bruno Almeida,email com espaços@teste.com,0,abcdefgh,00000000000,2027-10-09,2026-10-09T17:04:52.531637,True
3274,Pedro Almeida,,0,,,2027-10-09,2026-10-09T17:04:52.531637,True
3275,João Pereira,,0,,11111111111111,2027-10-09,2026-10-09T17:04:52.531637,True
3276,Julia Costa,,0,,00000000000,2027-10-09,2026-10-09T17:04:52.531637,True
3277,Bruno Silva,,0,,00000000000,2027-10-09,2026-10-09T17:04:52.531637,True
3278,Lucas Costa,,150,,00000000000,2027-10-09,2026-10-09T17:04:52.531637,True
3279,Pedro Oliveira,,150,,11111111111111,2027-10-09,2026-10-09T17:04:52.531637,True
3280,Fernanda Gomes,,150,,,2027-10-09,2026-10-09T17:04:52.531637,True
3281,Rafael Costa,,150,,,2027-10-09,2026-10-09T17:04:52.531637,True
3282,Lucas Rodrigues,email com espaços@teste.com,150,,,2027-10-09,2026-10-09T17:04:52.531637,True
3283,Fernanda Souza,email com espaços@teste.com,150,,11111111111111,2027-10-09,2026-10-09T17:04:52.531637,True
3284,Thiago Santos,email_sem_arroba.com,150,,11111111111111,2027-10-09,2026-10-09T17:04:52.531637,True
3285,Lucas Rodrigues,,150,,,2027-10-09,2026-10-09T17:04:52.531637,True
3286,Ana Souza,email_sem_arroba.com,150,,,2027-10-09,2026-10-09T17:04:52.531637,True
3287,Rafael Costa,email_sem_arroba.com,150,,,2027-10-09,2026-10-09T17:04:52.531637,True
3288,João Pereira,email_sem_arroba.com,150,,,2027-10-09,2026-10-09T17:04:52.531637,True
3289,Diego Rodrigues,,150,,,2027-10-09,2026-10-09T17:04:52.531637,True
3290,Carlos Gomes,,150,,,2027-10-09,2026-10-09T17:04:52.531637,True
3291,Fernanda Oliveira,,150,123,,2027-10-09,2026-10-09T17:04:52.531637,True
3292,Fernanda Ferreira,,150,123,,2027-10-09,2026-10-09T17:04:52.531637,True
3293,João Ferreira,,150,123,00000000000,2027-10-09,2026-10-09T17:04:52.531637,True
3294,Julia Silva,,150,,,2027-10-09,2026-10-09T17:04:52.531637,True
3295,Carlos Pereira,,150,,,2027-10-09,2026-10-09T17:04:52.531637,True
3296,Ana Costa,,150,,,2027-10-09,2026-10-09T17:04:52.531637,True
3297,Beatriz Gomes,,150,,,2027-10-09,2026-10-09T17:04:52.531637,True
3298,Rafael Souza,,150,,,2027-10-09,2026-10-09T17:04:52.531637,True
3299,João Martins,,150,,,2027-10-09,2026-10-09T17:04:52.531637,True
3300,Camila Almeida,,150,,,2027-10-09,2026-10-09T17:04:52.531637,True
3301,Lucas Martins,email com espaços@teste.com,150,,,2027-10-09,2026-10-09T17:04:52.531637,True
3302,Pedro Martins,email com espaços@teste.com,-5,,,2027-10-09,2026-10-09T17:04:52.531637,True
3303,Larissa Santos,,-5,,,2027-10-09,2026-10-09T17:04:52.531637,True
3304,Fernanda Martins,,-5,,,2027-10-09,2026-10-09T17:04:52.531637,True
3305,Pedro Costa,,150,,,2027-10-09,2026-10-09T17:04:52.531637,True
3306,Rafael Martins,,150,,123,2027-10-09,2026-10-09T17:04:52.531637,True
3307,Thiago Oliveira,,150,,123,2027-10-09,2026-10-09T17:04:52.531637,True
3308,Fernanda Santos,,150,,123,2027-10-09,2026-10-09T17:04:52.531637,True
3309,Maria Oliveira,,150,,,2027-10-09,2026-10-09T17:04:52.531637,True
3310,Larissa Santos,,150,123,,2027-10-09,2026-10-09T17:04:52.531637,True
3311,Larissa Ferreira,,150,,,2027-10-09,2026-10-09T17:04:52.531637,True
3312,João Rodrigues,,150,,,2027-10-09,2026-10-09T17:04:52.531637,True
3313,Ana Ferreira,,150,,,2027-10-09,2026-10-09T17:04:52.531637,True
3314,Maria Santos,email com espaços@teste.com,150,,,2027-10-09,2026-10-09T17:04:52.531637,True
3315,Camila Santos,email com espaços@teste.com,150,,123,2027-10-09,2026-10-09T17:04:52.531637,True
3316,Carlos Pereira,email com espaços@teste.com,0,,123,2027-10-09,2026-10-09T17:04:52.531637,True
3317,Pedro Oliveira,,0,,,2027-10-09,2026-10-09T17:04:52.531637,True
3318,Julia Ferreira,,0,,,2027-10-09,2026-10-09T17:04:52.531637,True
3319,Julia Oliveira,,0,,,2027-10-09,2026-10-09T17:04:52.531637,True
3320,Pedro Lima,,0,999999999999999,,2027-10-09,2026-10-09T17:04:52.531637,True
3321,João Lima,,0,999999999999999,,2027-10-09,2026-10-09T17:04:52.531637,True
3322,Carlos Rodrigues,,0,,,2027-10-09,2026-10-09T17:04:52.531637,True
3323,Maria Rodrigues,,0,,,2027-10-09,2026-10-09T17:04:52.531637,True
3324,Thiago Martins,,0,,,2027-10-09,2026-10-09T17:04:52.531637,True
3325,Beatriz Costa,,0,,,2027-10-09,2026-10-09T17:04:52.531637,True
3326,Rafael Souza,,150,,,2027-10-09,2026-10-09T17:04:52.531637,True
3327,Fernanda Rodrigues,,0,,,2027-10-09,2026-10-09T17:04:52.531637,True
3328,Thiago Silva,,0,,,2027-10-09,2026-10-09T17:04:52.531637,True
3329,Rafael Pereira,,0,,,2027-10-09,2026-10-09T17:04:52.531637,True
3330,Maria Martins,,200,,,2027-10-09,2026-10-09T17:04:52.531637,True
3331,Camila Martins,,200,,,2027-10-09,2026-10-09T17:04:52.531637,True
3332,Beatriz Ferreira,,200,,,2027-10-09,2026-10-09T17:04:52.531637,True
3333,Rafael Silva,email@,200,,,2027-10-09,2026-10-09T17:04:52.531637,True
3334,Fernanda Souza,email_sem_arroba.com,200,,,2027-10-09,2026-10-09T17:04:52.531637,True
3335,Larissa Santos,email_sem_arroba.com,200,,,2027-10-09,2026-10-09T17:04:52.531637,True
3336,Bruno Almeida,,200,,,2027-10-09,2026-10-09T17:04:52.531637,True
3337,Larissa Rodrigues,,200,,,2027-10-09,2026-10-09T17:04:52.531637,True
3338,Rafael Almeida,,200,,,2027-10-09,2026-10-09T17:04:52.531637,True
3339,Larissa Costa,,200,123,,2027-10-09,2026-10-09T17:04:52.531637,True
3340,Rafael Almeida,,200,123,,2027-10-09,2026-10-09T17:04:52.531637,True
3341,Bruno Souza,,200,,,2027-10-09,2026-10-09T17:04:52.531637,True
3342,Julia Ferreira,,,,,2027-10-09,2026-10-09T17:04:52.531637,True
3343,Rafael Souza,,,,,2027-10-09,2026-10-09T17:04:52.531637,True
3344,Ana Martins,,200,,,2027-10-09,2026-10-09T17:04:52.531637,True
3345,Ana Silva,email_sem_arroba.com,200,,,2027-10-09,2026-10-09T17:04:52.531637,True
3346,Julia Pereira,,200,,,2027-10-09,2026-10-09T17:04:52.531637,True
3347,Fernanda Pereira,,200,123,,2027-10-09,2026-10-09T17:04:52.531637,True
3348,Beatriz Costa,,200,123,,2027-10-09,2026-10-09T17:04:52.531637,True
3349,Diego Pereira,,200,123,,2027-10-09,2026-10-09T17:04:52.531637,True
3350,Larissa Silva,,200,,,2027-10-09,2026-10-09T17:04:52.531637,True
3351,Camila Oliveira,,200,,,2027-10-09,2026-10-09T17:04:52.531637,True
3352,Bruno Rodrigues,,0,,,2027-10-09,2026-10-09T17:04:52.531637,True
3353,Lucas Souza,email@,0,,,2027-10-09,2026-10-09T17:04:52.531637,True
3354,Bruno Silva,email@,,,,2027-10-09,2026-10-09T17:04:52.531637,True
3355,Diego Lima,email com espaços@teste.com,,,,2027-10-09,2026-10-09T17:04:52.531637,True
3356,Lucas Souza,email com espaços@teste.com,,,00000000000,2027-10-09,2026-10-09T17:04:52.531637,True
3357,Thiago Rodrigues,@sem_dominio,,,00000000000,2027-10-09,2026-10-09T17:04:52.531637,True
3358,Pedro Silva,@sem_dominio,-5,,00000000000,2027-10-09,2026-10-09T17:04:52.531637,True
3359,Julia Santos,,-5,,00000000000,2027-10-09,2026-10-09T17:04:52.531637,True
3360,Carlos Pereira,,150,,00000000000,2027-10-09,2026-10-09T17:04:52.531637,True
3361,Bruno Santos,,0,,00000000000,2027-10-09,2026-10-09T17:04:52.531637,True
3362,Carlos Santos,,0,,123,2027-10-09,2026-10-09T17:04:52.531637,True
3363,Ana Ferreira,,-5,,123,2027-10-09,2026-10-09T17:04:52.531637,True
3364,Rafael Santos,,-5,999999999999999,123,2027-10-09,2026-10-09T17:04:52.531637,True
3365,Julia Pereira,,-5,999999999999999,123,2027-10-09,2026-10-09T17:04:52.531637,True
3366,Maria Lima,,-5,123,123,2027-10-09,2026-10-09T17:04:52.531637,True
3367,Camila Gomes,,,123,123,2027-10-09,2026-10-09T17:04:52.531637,True
3368,Ana Ferreira,,200,123,123,2027-10-09,2026-10-09T17:04:52.531637,True
3369,Thiago Pereira,,200,123,123,2027-10-09,2026-10-09T17:04:52.531637,True
3370,Beatriz Souza,,200,999999999999999,123,2027-10-09,2026-10-09T17:04:52.531637,True
3371,Lucas Martins,,200,999999999999999,123,2027-10-09,2026-10-09T17:04:52.531637,True
3372,Larissa Oliveira,,200,999999999999999,,2027-10-09,2026-10-09T17:04:52.531637,True
3373,Larissa Ferreira,,200,999999999999999,11111111111111,2027-10-09,2026-10-09T17:04:52.531637,True
3374,Thiago Gomes,,200,999999999999999,00000000000,2027-10-09,2026-10-09T17:04:52.531637,True
3375,Bruno Martins,,200,999999999999999,00000000000,2027-10-09,2026-10-09T17:04:52.531637,True
3376,Rafael Gomes,,200,,,2027-10-09,2026-10-09T17:04:52.531637,True
3377,Lucas Ferreira,,-5,,,2027-10-09,2026-10-09T17:04:52.531637,True
3378,Lucas Lima,,-5,999999999999999,,2027-10-09,2026-10-09T17:04:52.531637,True
3379,Diego Pereira,,-5,999999999999999,,2027-10-09,2026-10-09T17:04:52.531637,True
3380,Pedro Martins,,-5,999999999999999,,2027-10-09,2026-10-09T17:04:52.531637,True
3381,Diego Lima,email com espaços@teste.com,-5,999999999999999,,2027-10-09,2026-10-09T17:04:52.531637,True
3382,Carlos Almeida,email com espaços@teste.com,-5,123,,2027-10-09,2026-10-09T17:04:52.531637,True
3383,João Rodrigues,,-5,,,2027-10-09,2026-10-09T17:04:52.531637,True
3384,Thiago Ferreira,,-5,,,2027-10-09,2026-10-09T17:04:52.531637,True
3385,Larissa Lima,,-5,,,2027-10-09,2026-10-09T17:04:52.531637,True
3386,Beatriz Pereira,email com espaços@teste.com,-5,,,2027-10-09,2026-10-09T17:04:52.531637,True
3387,Rafael Rodrigues,email com espaços@teste.com,,,,2027-10-09,2026-10-09T17:04:52.531637,True
3388,Julia Gomes,email com espaços@teste.com,0,,,2027-10-09,2026-10-09T17:04:52.531637,True
3389,João Santos,email com espaços@teste.com,200,,,2027-10-09,2026-10-09T17:04:52.531637,True
3390,Thiago Oliveira,email_sem_arroba.com,200,,,2027-10-09,2026-10-09T17:04:52.531637,True
3391,Pedro Silva,,200,,,2027-10-09,2026-10-09T17:04:52.531637,True
3392,Pedro Costa,,200,,,2027-10-09,2026-10-09T17:04:52.531637,True
3393,Bruno Oliveira,,200,123,,2027-10-09,2026-10-09T17:04:52.531637,True
3394,Thiago Costa,,200,,,2027-10-09,2026-10-09T17:04:52.531637,True
3395,Larissa Souza,,200,123,,2027-10-09,2026-10-09T17:04:52.531637,True
3396,Carlos Pereira,,-5,123,,2027-10-09,2026-10-09T17:04:52.531637,True
3397,Fernanda Costa,,-5,123,,2027-10-09,2026-10-09T17:04:52.531637,True
3398,Beatriz Gomes,,-5,,,2027-10-09,2026-10-09T17:04:52.531637,True
3399,Pedro Silva,,-5,,123,2027-10-09,2026-10-09T17:04:52.531637,True
3400,Camila Lima,,-5,,123,2027-10-09,2026-10-09T17:04:52.531637,True
3401,Rafael Rodrigues,email com espaços@teste.com,-5,,123,2027-10-09,2026-10-09T17:04:52.531637,True
3402,João Pereira,,-5,,123,2027-10-09,2026-10-09T17:04:52.531637,True
3403,Rafael Silva,,-5,,123,2027-10-09,2026-10-09T17:04:52.531637,True
3404,Diego Souza,,-5,,11111111111111,2027-10-09,2026-10-09T17:04:52.531637,True
3405,Carlos Silva,,-5,123,11111111111111,2027-10-09,2026-10-09T17:04:52.531637,True
3406,Carlos Lima,,-5,123,,2027-10-09,2026-10-09T17:04:52.531637,True
3407,Pedro Martins,,-5,123,123,2027-10-09,2026-10-09T17:04:52.531637,True
3408,Lucas Rodrigues,,-5,,123,2027-10-09,2026-10-09T17:04:52.531637,True
3409,Thiago Silva,,-5,,,2027-10-09,2026-10-09T17:04:52.531637,True
3410,Carlos Gomes,,-5,,,2027-10-09,2026-10-09T17:04:52.531637,True
3411,Pedro Pereira,,-5,,,2027-10-09,2026-10-09T17:04:52.531637,True
3412,Lucas Gomes,,-5,,,2027-10-09,2026-10-09T17:04:52.531637,True
3413,Fernanda Santos,,-5,,11111111111111,2027-10-09,2026-10-09T17:04:52.531637,True
3414,Diego Pereira,,-5,,,2027-10-09,2026-10-09T17:04:52.531637,True
3415,Julia Costa,,-5,,,2027-10-09,2026-10-09T17:04:52.531637,True
3416,Beatriz Pereira,,-5,,,2027-10-09,2026-10-09T17:04:52.531637,True
3417,Bruno Ferreira,,-5,,,2027-10-09,2026-10-09T17:04:52.531637,True
3418,Lucas Gomes,@sem_dominio,-5,,,2027-10-09,2026-10-09T17:04:52.531637,True
3419,Camila Souza,,-5,,,2027-10-09,2026-10-09T17:04:52.531637,True
3420,Lucas Santos,,-5,,,2027-10-09,2026-10-09T17:04:52.531637,True
3421,Rafael Silva,,-5,,,2027-10-09,2026-10-09T17:04:52.531637,True
3422,Lucas Lima,,0,,,2027-10-09,2026-10-09T17:04:52.531637,True
3423,Maria Oliveira,,0,,,2027-10-09,2026-10-09T17:04:52.531637,True
3424,Bruno Almeida,,0,,,2027-10-09,2026-10-09T17:04:52.531637,True
3425,João Pereira,,0,,,2027-10-09,2026-10-09T17:04:52.531637,True
3426,Larissa Costa,,0,,,2027-10-09,2026-10-09T17:04:52.531637,True
3427,Fernanda Silva,,0,,,2027-10-09,2026-10-09T17:04:52.531637,True
3428,Maria Martins,,0,,,2027-10-09,2026-10-09T17:04:52.531637,True
3429,Bruno Lima,email_sem_arroba.com,0,,,2027-10-09,2026-10-09T17:04:52.531637,True
3430,Julia Gomes,email_sem_arroba.com,200,,,2027-10-09,2026-10-09T17:04:52.531637,True
3431,Bruno Silva,,200,,,2027-10-09,2026-10-09T17:04:52.531637,True
3432,Beatriz Pereira,,200,,,2027-10-09,2026-10-09T17:04:52.531637,True
3433,Bruno Rodrigues,,150,,,2027-10-09,2026-10-09T17:04:52.531637,True
3434,Julia Oliveira,,150,,,2027-10-09,2026-10-09T17:04:52.531637,True
3435,Camila Ferreira,,200,,,2027-10-09,2026-10-09T17:04:52.531637,True
3436,João Lima,,200,,,2027-10-09,2026-10-09T17:04:52.531637,True
3437,Ana Gomes,,200,,,2027-10-09,2026-10-09T17:04:52.531637,True
3438,Pedro Santos,,200,abcdefgh,,2027-10-09,2026-10-09T17:04:52.531637,True
3439,Larissa Lima,,200,abcdefgh,,2027-10-09,2026-10-09T17:04:52.531637,True
3440,Julia Silva,,200,abcdefgh,,2027-10-09,2026-10-09T17:04:52.531637,True
3441,Lucas Rodrigues,,200,,,2027-10-09,2026-10-09T17:04:52.531637,True
3442,Camila Silva,,200,,,2027-10-09,2026-10-09T17:04:52.531637,True
3443,Rafael Rodrigues,,200,,,2027-10-09,2026-10-09T17:04:52.531637,True
3444,Pedro Gomes,,200,,,2027-10-09,2026-10-09T17:04:52.531637,True
3445,Beatriz Pereira,email_sem_arroba.com,200,,,2027-10-09,2026-10-09T17:04:52.531637,True
3446,Lucas Rodrigues,email_sem_arroba.com,200,,11111111111111,2027-10-09,2026-10-09T17:04:52.531637,True
3447,Rafael Pereira,email_sem_arroba.com,200,abcdefgh,11111111111111,2027-10-09,2026-10-09T17:04:52.531637,True
3448,Carlos Pereira,email_sem_arroba.com,200,abcdefgh,,2027-10-09,2026-10-09T17:04:52.531637,True
3449,Camila Costa,email_sem_arroba.com,200,,,2027-10-09,2026-10-09T17:04:52.531637,True
3450,Camila Santos,,200,,,2027-10-09,2026-10-09T17:04:52.531637,True
3451,Beatriz Almeida,,200,,,2027-10-09,2026-10-09T17:04:52.531637,True
3452,Camila Martins,,200,,,2027-10-09,2026-10-09T17:04:52.531637,True
3453,Bruno Oliveira,,200,,,2027-10-09,2026-10-09T17:04:52.531637,True
3454,Beatriz Gomes,,200,,,2027-10-09,2026-10-09T17:04:52.531637,True
3455,Bruno Gomes,,200,,,2027-10-09,2026-10-09T17:04:52.531637,True
3456,Pedro Rodrigues,,150,,,2027-10-09,2026-10-09T17:04:52.531637,True
3457,Camila Costa,,150,abcdefgh,,2027-10-09,2026-10-09T17:04:52.531637,True
3458,Pedro Silva,@sem_dominio,150,abcdefgh,,2027-10-09,2026-10-09T17:04:52.531637,True
3459,Lucas Souza,@sem_dominio,150,abcdefgh,,2027-10-09,2026-10-09T17:04:52.531637,True
3460,Maria Ferreira,@sem_dominio,150,abcdefgh,,2027-10-09,2026-10-09T17:04:52.531637,True
3461,Fernanda Santos,@sem_dominio,150,abcdefgh,123,2027-10-09,2026-10-09T17:04:52.531637,True
3462,Bruno Gomes,,150,,,2027-10-09,2026-10-09T17:04:52.531637,True
3463,Lucas Silva,,150,,123,2027-10-09,2026-10-09T17:04:52.531637,True
3464,Fernanda Rodrigues,,150,,,2027-10-09,2026-10-09T17:04:52.531637,True
3465,Ana Costa,,150,,,2027-10-09,2026-10-09T17:04:52.531637,True
3466,Fernanda Gomes,,150,,,2027-10-09,2026-10-09T17:04:52.531637,True
3467,Larissa Santos,email com espaços@teste.com,150,,,2027-10-09,2026-10-09T17:04:52.531637,True
3468,Beatriz Oliveira,email com espaços@teste.com,150,,,2027-10-09,2026-10-09T17:04:52.531637,True
3469,Rafael Oliveira,email com espaços@teste.com,150,,,2027-10-09,2026-10-09T17:04:52.531637,True
3470,Carlos Souza,email com espaços@teste.com,200,,,2027-10-09,2026-10-09T17:04:52.531637,True
3471,Rafael Pereira,email com espaços@teste.com,200,999999999999999,,2027-10-09,2026-10-09T17:04:52.531637,True
3472,Larissa Lima,email com espaços@teste.com,200,999999999999999,,2027-10-09,2026-10-09T17:04:52.531637,True
3473,Beatriz Martins,email com espaços@teste.com,200,999999999999999,,2027-10-09,2026-10-09T17:04:52.531637,True
3474,Larissa Almeida,email com espaços@teste.com,200,999999999999999,,2027-10-09,2026-10-09T17:04:52.531637,True
3475,João Rodrigues,email com espaços@teste.com,200,123,,2027-10-09,2026-10-09T17:04:52.531637,True
3476,Rafael Rodrigues,email com espaços@teste.com,150,123,,2027-10-09,2026-10-09T17:04:52.531637,True
3477,Carlos Rodrigues,email com espaços@teste.com,150,123,11111111111111,2027-10-09,2026-10-09T17:04:52.531637,True
3478,Carlos Martins,email com espaços@teste.com,150,123,11111111111111,2027-10-09,2026-10-09T17:04:52.531637,True
3479,Bruno Costa,,150,123,11111111111111,2027-10-09,2026-10-09T17:04:52.531637,True
3480,João Almeida,,150,,,2027-10-09,2026-10-09T17:04:52.531637,True
3481,Maria Santos,,150,,,2027-10-09,2026-10-09T17:04:52.531637,True
3482,Julia Pereira,email_sem_arroba.com,150,,,2027-10-09,2026-10-09T17:04:52.531637,True
3483,Ana Oliveira,email_sem_arroba.com,150,,00000000000,2027-10-09,2026-10-09T17:04:52.531637,True
3484,Larissa Oliveira,email_sem_arroba.com,150,abcdefgh,00000000000,2027-10-09,2026-10-09T17:04:52.531637,True
3485,Ana Costa,email_sem_arroba.com,150,abcdefgh,00000000000,2027-10-09,2026-10-09T17:04:52.531637,True
3486,Carlos Gomes,email_sem_arroba.com,150,,00000000000,2027-10-09,2026-10-09T17:04:52.531637,True
3487,Diego Gomes,email_sem_arroba.com,150,,00000000000,2027-10-09,2026-10-09T17:04:52.531637,True
3488,João Ferreira,email_sem_arroba.com,0,,00000000000,2027-10-09,2026-10-09T17:04:52.531637,True
3489,Diego Santos,@sem_dominio,0,,00000000000,2027-10-09,2026-10-09T17:04:52.531637,True
3490,Pedro Souza,@sem_dominio,0,123,00000000000,2027-10-09,2026-10-09T17:04:52.531637,True
3491,Larissa Pereira,,0,,,2027-10-09,2026-10-09T17:04:52.531637,True
3492,Maria Almeida,email com espaços@teste.com,0,,,2027-10-09,2026-10-09T17:04:52.531637,True
3493,João Almeida,email com espaços@teste.com,0,,,2027-10-09,2026-10-09T17:04:52.531637,True
3494,Ana Rodrigues,email com espaços@teste.com,0,,,2027-10-09,2026-10-09T17:04:52.531637,True
3495,Pedro Martins,email@,0,,,2027-10-09,2026-10-09T17:04:52.531637,True
3496,Pedro Ferreira,email@,0,,,2027-10-09,2026-10-09T17:04:52.531637,True
3497,Thiago Santos,email@,0,,,2027-10-09,2026-10-09T17:04:52.531637,True
3498,Carlos Ferreira,email@,0,,,2027-10-09,2026-10-09T17:04:52.531637,True
3499,Diego Ferreira,email@,0,,,2027-10-09,2026-10-09T17:04:52.531637,True
3500,João Martins,email@,150,,,2027-10-09,2026-10-09T17:04:52.531637,True
3501,Bruno Oliveira,email@,150,,,2027-10-09,2026-10-09T17:04:52.531637,True
3502,João Santos,email@,150,,,2027-10-09,2026-10-09T17:04:52.531637,True
3503,Beatriz Ferreira,email@,150,,,2027-10-09,2026-10-09T17:04:52.531637,True
3504,Larissa Pereira,,150,,,2027-10-09,2026-10-09T17:04:52.531637,True
3505,Thiago Oliveira,,,,,2027-10-09,2026-10-09T17:04:52.531637,True
3506,Julia Souza,,,,,2027-10-09,2026-10-09T17:04:52.531637,True
3507,Carlos Oliveira,,,,,2027-10-09,2026-10-09T17:04:52.531637,True
3508,Pedro Almeida,,,,,2027-10-09,2026-10-09T17:04:52.531637,True
3509,Carlos Oliveira,,,,,2027-10-09,2026-10-09T17:04:52.531637,True
3510,Maria Rodrigues,,150,,,2027-10-09,2026-10-09T17:04:52.531637,True
3511,Maria Gomes,,150,123,,2027-10-09,2026-10-09T17:04:52.531637,True
3512,Julia Rodrigues,,,123,,2027-10-09,2026-10-09T17:04:52.531637,True
3513,Thiago Santos,,,123,,2027-10-09,2026-10-09T17:04:52.531637,True
3514,Rafael Rodrigues,email_sem_arroba.com,,123,,2027-10-09,2026-10-09T17:04:52.531637,True
3515,Lucas Oliveira,email_sem_arroba.com,,123,,2027-10-09,2026-10-09T17:04:52.531637,True
3516,Pedro Ferreira,email_sem_arroba.com,,999999999999999,,2027-10-09,2026-10-09T17:04:52.531637,True
3517,Diego Oliveira,email_sem_arroba.com,150,999999999999999,,2027-10-09,2026-10-09T17:04:52.531637,True
3518,Bruno Lima,,150,,,2027-10-09,2026-10-09T17:04:52.531637,True
3519,Beatriz Ferreira,,150,123,,2027-10-09,2026-10-09T17:04:52.531637,True
3520,Bruno Lima,,150,123,,2027-10-09,2026-10-09T17:04:52.531637,True
3521,Pedro Martins,,150,,,2027-10-09,2026-10-09T17:04:52.531637,True
3522,João Almeida,email com espaços@teste.com,150,,,2027-10-09,2026-10-09T17:04:52.531637,True
3523,Lucas Oliveira,,150,,,2027-10-09,2026-10-09T17:04:52.531637,True
3524,Beatriz Silva,,,,,2027-10-09,2026-10-09T17:04:52.531637,True
3525,Maria Lima,,,,,2027-10-09,2026-10-09T17:04:52.531637,True
3526,Maria Pereira,,,,123,2027-10-09,2026-10-09T17:04:52.531637,True
3527,Diego Lima,,,,11111111111111,2027-10-09,2026-10-09T17:04:52.531637,True
3528,Bruno Rodrigues,,,999999999999999,11111111111111,2027-10-09,2026-10-09T17:04:52.531637,True
3529,Ana Oliveira,,,999999999999999,11111111111111,2027-10-09,2026-10-09T17:04:52.531637,True
3530,Fernanda Martins,,,999999999999999,11111111111111,2027-10-09,2026-10-09T17:04:52.531637,True
3531,Lucas Lima,,,999999999999999,11111111111111,2027-10-09,2026-10-09T17:04:52.531637,True
3532,Thiago Santos,,,999999999999999,,2027-10-09,2026-10-09T17:04:52.531637,True
3533,Rafael Oliveira,,,999999999999999,11111111111111,2027-10-09,2026-10-09T17:04:52.531637,True
3534,João Silva,,,999999999999999,11111111111111,2027-10-09,2026-10-09T17:04:52.531637,True
3535,Carlos Ferreira,,,999999999999999,11111111111111,2027-10-09,2026-10-09T17:04:52.531637,True
3536,Rafael Almeida,,,999999999999999,11111111111111,2027-10-09,2026-10-09T17:04:52.531637,True
3537,Maria Souza,,,abcdefgh,11111111111111,2027-10-09,2026-10-09T17:04:52.531637,True
3538,Fernanda Martins,,,,,2027-10-09,2026-10-09T17:04:52.531637,True
3539,Thiago Souza,,,,,2027-10-09,2026-10-09T17:04:52.531637,True
3540,Bruno Oliveira,,,123,,2027-10-09,2026-10-09T17:04:52.531637,True
3541,Ana Santos,email com espaços@teste.com,,123,,2027-10-09,2026-10-09T17:04:52.531637,True
3542,Larissa Silva,email com espaços@teste.com,,123,,2027-10-09,2026-10-09T17:04:52.531637,True
3543,Bruno Ferreira,email com espaços@teste.com,,123,123,2027-10-09,2026-10-09T17:04:52.531637,True
3544,Camila Oliveira,email com espaços@teste.com,,123,123,2027-10-09,2026-10-09T17:04:52.531637,True
3545,Ana Rodrigues,email com espaços@teste.com,,123,,2027-10-09,2026-10-09T17:04:52.531637,True
3546,Larissa Souza,email com espaços@teste.com,,123,11111111111111,2027-10-09,2026-10-09T17:04:52.531637,True
3547,Fernanda Martins,,,,,2027-10-09,2026-10-09T17:04:52.531637,True
3548,Bruno Costa,,,,,2027-10-09,2026-10-09T17:04:52.531637,True
3549,João Costa,,,,,2027-10-09,2026-10-09T17:04:52.531637,True
3550,Larissa Pereira,,,,,2027-10-09,2026-10-09T17:04:52.531637,True
3551,Maria Pereira,,,,,2027-10-09,2026-10-09T17:04:52.531637,True
3552,Beatriz Lima,,150,,,2027-10-09,2026-10-09T17:04:52.531637,True
3553,Carlos Almeida,,150,,,2027-10-09,2026-10-09T17:04:52.531637,True
3554,Beatriz Gomes,,150,,,2027-10-09,2026-10-09T17:04:52.531637,True
3555,Thiago Rodrigues,email_sem_arroba.com,150,,,2027-10-09,2026-10-09T17:04:52.531637,True
3556,Carlos Pereira,email_sem_arroba.com,150,,00000000000,2027-10-09,2026-10-09T17:04:52.531637,True
3557,Camila Silva,,150,,,2027-10-09,2026-10-09T17:04:52.531637,True
3558,Julia Ferreira,,150,,,2027-10-09,2026-10-09T17:04:52.531637,True
3559,João Costa,,150,,,2027-10-09,2026-10-09T17:04:52.531637,True
3560,Ana Lima,,150,,123,2027-10-09,2026-10-09T17:04:52.531637,True
3561,Lucas Oliveira,,150,,,2027-10-09,2026-10-09T17:04:52.531637,True
3562,Diego Gomes,,150,,,2027-10-09,2026-10-09T17:04:52.531637,True
3563,Thiago Silva,,150,,123,2027-10-09,2026-10-09T17:04:52.531637,True
3564,Beatriz Almeida,,150,,123,2027-10-09,2026-10-09T17:04:52.531637,True
3565,Fernanda Lima,,150,,00000000000,2027-10-09,2026-10-09T17:04:52.531637,True
3566,Lucas Souza,,150,,,2027-10-09,2026-10-09T17:04:52.531637,True
3567,João Pereira,,-5,,,2027-10-09,2026-10-09T17:04:52.531637,True
3568,João Martins,,-5,,123,2027-10-09,2026-10-09T17:04:52.531637,True
3569,Ana Pereira,,-5,,123,2027-10-09,2026-10-09T17:04:52.531637,True
3570,Pedro Martins,,-5,,,2027-10-09,2026-10-09T17:04:52.531637,True
3571,Carlos Oliveira,,-5,123,,2027-10-09,2026-10-09T17:04:52.531637,True
3572,Thiago Pereira,,-5,123,,2027-10-09,2026-10-09T17:04:52.531637,True
3573,Bruno Martins,,-5,123,,2027-10-09,2026-10-09T17:04:52.531637,True
3574,Diego Santos,,200,123,,2027-10-09,2026-10-09T17:04:52.531637,True
3575,Larissa Martins,,-5,123,,2027-10-09,2026-10-09T17:04:52.531637,True
3576,Fernanda Santos,,-5,123,,2027-10-09,2026-10-09T17:04:52.531637,True
3577,Camila Rodrigues,,-5,123,,2027-10-09,2026-10-09T17:04:52.531637,True
3578,Camila Oliveira,,-5,,,2027-10-09,2026-10-09T17:04:52.531637,True
3579,Carlos Martins,,-5,,,2027-10-09,2026-10-09T17:04:52.531637,True
3580,Lucas Gomes,,-5,,,2027-10-09,2026-10-09T17:04:52.531637,True
3581,Beatriz Costa,email_sem_arroba.com,-5,,,2027-10-09,2026-10-09T17:04:52.531637,True
3582,Fernanda Almeida,email_sem_arroba.com,-5,,,2027-10-09,2026-10-09T17:04:52.531637,True
3583,Fernanda Almeida,email com espaços@teste.com,-5,,,2027-10-09,2026-10-09T17:04:52.531637,True
3584,Fernanda Santos,email com espaços@teste.com,-5,999999999999999,,2027-10-09,2026-10-09T17:04:52.531637,True
3585,Bruno Ferreira,email com espaços@teste.com,-5,,,2027-10-09,2026-10-09T17:04:52.531637,True
3586,Lucas Santos,email com espaços@teste.com,0,,,2027-10-09,2026-10-09T17:04:52.531637,True
3587,Pedro Costa,email com espaços@teste.com,150,,,2027-10-09,2026-10-09T17:04:52.531637,True
3588,Diego Almeida,email com espaços@teste.com,150,,,2027-10-09,2026-10-09T17:04:52.531637,True
3589,Carlos Lima,email com espaços@teste.com,-5,,,2027-10-09,2026-10-09T17:04:52.531637,True
3590,Fernanda Lima,email com espaços@teste.com,-5,,,2027-10-09,2026-10-09T17:04:52.531637,True
3591,Lucas Oliveira,email com espaços@teste.com,-5,,,2027-10-09,2026-10-09T17:04:52.531637,True
3592,Larissa Pereira,email com espaços@teste.com,-5,,,2027-10-09,2026-10-09T17:04:52.531637,True
3593,Camila Santos,email@,-5,,,2027-10-09,2026-10-09T17:04:52.531637,True
3594,Fernanda Costa,email_sem_arroba.com,-5,,,2027-10-09,2026-10-09T17:04:52.531637,True
3595,Ana Costa,email_sem_arroba.com,200,,,2027-10-09,2026-10-09T17:04:52.531637,True
3596,Maria Souza,email_sem_arroba.com,200,,,2027-10-09,2026-10-09T17:04:52.531637,True
3597,Larissa Ferreira,email_sem_arroba.com,200,,,2027-10-09,2026-10-09T17:04:52.531637,True
3598,Ana Gomes,email_sem_arroba.com,200,,123,2027-10-09,2026-10-09T17:04:52.531637,True
3599,Pedro Costa,email_sem_arroba.com,200,,123,2027-10-09,2026-10-09T17:04:52.531637,True
3600,Pedro Almeida,email@,200,,123,2027-10-09,2026-10-09T17:04:52.531637,True
3601,Beatriz Costa,email@,200,,123,2027-10-09,2026-10-09T17:04:52.531637,True
3602,Maria Silva,email@,200,,123,2027-10-09,2026-10-09T17:04:52.531637,True
3603,Julia Costa,email@,150,,123,2027-10-09,2026-10-09T17:04:52.531637,True
3604,João Ferreira,email@,150,,123,2027-10-09,2026-10-09T17:04:52.531637,True
3605,Bruno Silva,,150,,,2027-10-09,2026-10-09T17:04:52.531637,True
3606,Thiago Santos,,150,abcdefgh,,2027-10-09,2026-10-09T17:04:52.531637,True
3607,João Oliveira,,150,123,,2027-10-09,2026-10-09T17:04:52.531637,True
3608,Carlos Rodrigues,,150,123,,2027-10-09,2026-10-09T17:04:52.531637,True
3609,Fernanda Ferreira,,150,123,,2027-10-09,2026-10-09T17:04:52.531637,True
3610,João Ferreira,,150,123,,2027-10-09,2026-10-09T17:04:52.531637,True
3611,Carlos Rodrigues,,150,123,,2027-10-09,2026-10-09T17:04:52.531637,True
3612,Pedro Costa,email com espaços@teste.com,150,123,,2027-10-09,2026-10-09T17:04:52.531637,True
3613,Camila Gomes,email com espaços@teste.com,150,123,,2027-10-09,2026-10-09T17:04:52.531637,True
3614,Larissa Gomes,email com espaços@teste.com,150,123,11111111111111,2027-10-09,2026-10-09T17:04:52.531637,True
3615,Thiago Rodrigues,email com espaços@teste.com,150,,11111111111111,2027-10-09,2026-10-09T17:04:52.531637,True
3616,Fernanda Ferreira,email com espaços@teste.com,150,,11111111111111,2027-10-09,2026-10-09T17:04:52.531637,True
3617,Beatriz Silva,email@,150,,11111111111111,2027-10-09,2026-10-09T17:04:52.531637,True
3618,Rafael Pereira,email@,150,,11111111111111,2027-10-09,2026-10-09T17:04:52.531637,True
3619,Diego Oliveira,email@,150,,,2027-10-09,2026-10-09T17:04:52.531637,True
3620,Pedro Gomes,email@,-5,,,2027-10-09,2026-10-09T17:04:52.531637,True
3621,Pedro Pereira,email@,-5,,,2027-10-09,2026-10-09T17:04:52.531637,True
3622,Ana Pereira,email@,-5,,,2027-10-09,2026-10-09T17:04:52.531637,True
3623,Ana Souza,email@,-5,,,2027-10-09,2026-10-09T17:04:52.531637,True
3624,Julia Lima,email@,-5,,123,2027-10-09,2026-10-09T17:04:52.531637,True
3625,Bruno Lima,,-5,,123,2027-10-09,2026-10-09T17:04:52.531637,True
3626,Fernanda Pereira,,0,,123,2027-10-09,2026-10-09T17:04:52.531637,True
3627,Carlos Lima,,0,,123,2027-10-09,2026-10-09T17:04:52.531637,True
3628,Beatriz Almeida,email com espaços@teste.com,0,,123,2027-10-09,2026-10-09T17:04:52.531637,True
3629,Ana Santos,email com espaços@teste.com,0,,123,2027-10-09,2026-10-09T17:04:52.531637,True
3630,Maria Oliveira,email com espaços@teste.com,0,,123,2027-10-09,2026-10-09T17:04:52.531637,True
3631,Thiago Gomes,,0,,,2027-10-09,2026-10-09T17:04:52.531637,True
3632,Bruno Lima,,0,,00000000000,2027-10-09,2026-10-09T17:04:52.531637,True
3633,Rafael Martins,,150,,00000000000,2027-10-09,2026-10-09T17:04:52.531637,True
3634,Ana Rodrigues,,150,999999999999999,00000000000,2027-10-09,2026-10-09T17:04:52.531637,True
3635,Diego Costa,,150,,00000000000,2027-10-09,2026-10-09T17:04:52.531637,True
3636,Ana Ferreira,,150,,,2027-10-09,2026-10-09T17:04:52.531637,True
3637,Thiago Santos,,150,,,2027-10-09,2026-10-09T17:04:52.531637,True
3638,Fernanda Oliveira,email_sem_arroba.com,150,,,2027-10-09,2026-10-09T17:04:52.531637,True
3639,Fernanda Rodrigues,email_sem_arroba.com,150,,,2027-10-09,2026-10-09T17:04:52.531637,True
3640,Carlos Pereira,@sem_dominio,150,,,2027-10-09,2026-10-09T17:04:52.531637,True
3641,Bruno Ferreira,@sem_dominio,150,,,2027-10-09,2026-10-09T17:04:52.531637,True
3642,Camila Almeida,email_sem_arroba.com,150,,,2027-10-09,2026-10-09T17:04:52.531637,True
3643,Ana Ferreira,email_sem_arroba.com,150,123,,2027-10-09,2026-10-09T17:04:52.531637,True
3644,Camila Santos,,150,123,,2027-10-09,2026-10-09T17:04:52.531637,True
3645,Pedro Lima,,150,123,,2027-10-09,2026-10-09T17:04:52.531637,True
3646,Diego Gomes,,150,123,,2027-10-09,2026-10-09T17:04:52.531637,True
3647,Diego Costa,,150,123,00000000000,2027-10-09,2026-10-09T17:04:52.531637,True
3648,Lucas Pereira,,150,123,00000000000,2027-10-09,2026-10-09T17:04:52.531637,True
3649,Larissa Santos,,150,,,2027-10-09,2026-10-09T17:04:52.531637,True
3650,Ana Costa,,150,,,2027-10-09,2026-10-09T17:04:52.531637,True
3651,Maria Ferreira,email@,150,,,2027-10-09,2026-10-09T17:04:52.531637,True
3652,Carlos Ferreira,email_sem_arroba.com,150,,,2027-10-09,2026-10-09T17:04:52.531637,True
3653,Carlos Costa,email_sem_arroba.com,200,,,2027-10-09,2026-10-09T17:04:52.531637,True
3654,João Ferreira,email_sem_arroba.com,200,,123,2027-10-09,2026-10-09T17:04:52.531637,True
3655,Larissa Lima,,200,,123,2027-10-09,2026-10-09T17:04:52.531637,True
3656,Julia Oliveira,,200,,,2027-10-09,2026-10-09T17:04:52.531637,True
3657,Maria Ferreira,,200,999999999999999,,2027-10-09,2026-10-09T17:04:52.531637,True
3658,Larissa Costa,,200,999999999999999,,2027-10-09,2026-10-09T17:04:52.531637,True
3659,Rafael Almeida,,200,999999999999999,,2027-10-09,2026-10-09T17:04:52.531637,True
3660,Maria Souza,,200,999999999999999,,2027-10-09,2026-10-09T17:04:52.531637,True
3661,João Gomes,,150,999999999999999,,2027-10-09,2026-10-09T17:04:52.531637,True
3662,Diego Costa,email_sem_arroba.com,150,999999999999999,,2027-10-09,2026-10-09T17:04:52.531637,True
3663,Beatriz Santos,email_sem_arroba.com,150,999999999999999,,2027-10-09,2026-10-09T17:04:52.531637,True
3664,Carlos Oliveira,email_sem_arroba.com,150,999999999999999,,2027-10-09,2026-10-09T17:04:52.531637,True
3665,Fernanda Souza,email com espaços@teste.com,150,999999999999999,,2027-10-09,2026-10-09T17:04:52.531637,True
3666,Fernanda Pereira,email com espaços@teste.com,150,999999999999999,,2027-10-09,2026-10-09T17:04:52.531637,True
3667,Lucas Pereira,email com espaços@teste.com,,999999999999999,,2027-10-09,2026-10-09T17:04:52.531637,True
3668,Lucas Santos,email com espaços@teste.com,,999999999999999,,2027-10-09,2026-10-09T17:04:52.531637,True
3669,Camila Lima,email@,,999999999999999,,2027-10-09,2026-10-09T17:04:52.531637,True
3670,Rafael Silva,email@,,999999999999999,,2027-10-09,2026-10-09T17:04:52.531637,True
3671,Bruno Rodrigues,email@,,999999999999999,,2027-10-09,2026-10-09T17:04:52.531637,True
3672,Pedro Gomes,email@,,999999999999999,123,2027-10-09,2026-10-09T17:04:52.531637,True
3673,Carlos Rodrigues,,,,,2027-10-09,2026-10-09T17:04:52.531637,True
3674,João Ferreira,email_sem_arroba.com,,,,2027-10-09,2026-10-09T17:04:52.531637,True
3675,Maria Almeida,,,,,2027-10-09,2026-10-09T17:04:52.531637,True
3676,Larissa Santos,,,,00000000000,2027-10-09,2026-10-09T17:04:52.531637,True
3677,Ana Santos,,,,,2027-10-09,2026-10-09T17:04:52.531637,True
3678,Thiago Oliveira,,,,,2027-10-09,2026-10-09T17:04:52.531637,True
3679,Diego Costa,,,,,2027-10-09,2026-10-09T17:04:52.531637,True
3680,Camila Costa,,,,,2027-10-09,2026-10-09T17:04:52.531637,True
3681,Thiago Souza,,0,,,2027-10-09,2026-10-09T17:04:52.531637,True
3682,Larissa Rodrigues,,0,,,2027-10-09,2026-10-09T17:04:52.531637,True
3683,Camila Silva,,0,,,2027-10-09,2026-10-09T17:04:52.531637,True
3684,Larissa Costa,,0,,,2027-10-09,2026-10-09T17:04:52.531637,True
3685,Pedro Pereira,,0,,,2027-10-09,2026-10-09T17:04:52.531637,True
3686,Carlos Martins,email_sem_arroba.com,0,,,2027-10-09,2026-10-09T17:04:52.531637,True
3687,Camila Rodrigues,email_sem_arroba.com,-5,,,2027-10-09,2026-10-09T17:04:52.531637,True
3688,João Costa,@sem_dominio,-5,,,2027-10-09,2026-10-09T17:04:52.531637,True
3689,Julia Martins,@sem_dominio,-5,,,2027-10-09,2026-10-09T17:04:52.531637,True
3690,Rafael Almeida,@sem_dominio,-5,123,,2027-10-09,2026-10-09T17:04:52.531637,True
3691,Larissa Santos,,-5,123,,2027-10-09,2026-10-09T17:04:52.531637,True
3692,Ana Costa,,-5,123,,2027-10-09,2026-10-09T17:04:52.531637,True
3693,Pedro Martins,,-5,,,2027-10-09,2026-10-09T17:04:52.531637,True
3694,Thiago Ferreira,,-5,123,,2027-10-09,2026-10-09T17:04:52.531637,True
3695,João Pereira,,-5,,,2027-10-09,2026-10-09T17:04:52.531637,True
3696,Pedro Santos,,-5,123,,2027-10-09,2026-10-09T17:04:52.531637,True
3697,Ana Lima,,-5,123,,2027-10-09,2026-10-09T17:04:52.531637,True
3698,Diego Rodrigues,,-5,,,2027-10-09,2026-10-09T17:04:52.531637,True
3699,Julia Santos,,,,,2027-10-09,2026-10-09T17:04:52.531637,True
3700,Ana Silva,,,999999999999999,,2027-10-09,2026-10-09T17:04:52.531637,True
3701,Carlos Almeida,,,999999999999999,00000000000,2027-10-09,2026-10-09T17:04:52.531637,True
3702,Julia Martins,,,,00000000000,2027-10-09,2026-10-09T17:04:52.531637,True
3703,Maria Ferreira,,,,,2027-10-09,2026-10-09T17:04:52.531637,True
3704,Lucas Almeida,,,,,2027-10-09,2026-10-09T17:04:52.531637,True
3705,Thiago Silva,,,,,2027-10-09,2026-10-09T17:04:52.531637,True
3706,Julia Pereira,,150,,,2027-10-09,2026-10-09T17:04:52.531637,True
3707,Larissa Almeida,@sem_dominio,150,,,2027-10-09,2026-10-09T17:04:52.531637,True
3708,Maria Souza,@sem_dominio,150,,00000000000,2027-10-09,2026-10-09T17:04:52.531637,True
3709,Ana Almeida,email@,150,,00000000000,2027-10-09,2026-10-09T17:04:52.531637,True
3710,Pedro Silva,email@,150,,,2027-10-09,2026-10-09T17:04:52.531637,True
3711,Lucas Pereira,email@,150,,123,2027-10-09,2026-10-09T17:04:52.531637,True
3712,Rafael Ferreira,email@,150,,123,2027-10-09,2026-10-09T17:04:52.531637,True
3713,Beatriz Souza,email@,150,,123,2027-10-09,2026-10-09T17:04:52.531637,True
3714,Bruno Oliveira,email@,150,,123,2027-10-09,2026-10-09T17:04:52.531637,True
3715,Bruno Ferreira,,150,,,2027-10-09,2026-10-09T17:04:52.531637,True
3716,Carlos Santos,email@,150,,,2027-10-09,2026-10-09T17:04:52.531637,True
3717,Fernanda Santos,email@,150,,,2027-10-09,2026-10-09T17:04:52.531637,True
3718,Pedro Gomes,,150,,,2027-10-09,2026-10-09T17:04:52.531637,True
3719,Thiago Martins,,150,,123,2027-10-09,2026-10-09T17:04:52.531637,True
3720,Rafael Martins,,0,,123,2027-10-09,2026-10-09T17:04:52.531637,True
3721,Thiago Souza,email@,0,,123,2027-10-09,2026-10-09T17:04:52.531637,True
3722,Rafael Souza,email@,200,,123,2027-10-09,2026-10-09T17:04:52.531637,True
3723,Bruno Souza,email@,200,,123,2027-10-09,2026-10-09T17:04:52.531637,True
3724,Camila Costa,email@,200,,,2027-10-09,2026-10-09T17:04:52.531637,True
3725,Beatriz Lima,email@,200,,,2027-10-09,2026-10-09T17:04:52.531637,True
3726,Larissa Oliveira,email@,200,,,2027-10-09,2026-10-09T17:04:52.531637,True
3727,João Martins,email@,200,,,2027-10-09,2026-10-09T17:04:52.531637,True
3728,Lucas Rodrigues,email@,-5,,,2027-10-09,2026-10-09T17:04:52.531637,True
3729,Lucas Ferreira,@sem_dominio,-5,,,2027-10-09,2026-10-09T17:04:52.531637,True
3730,Diego Martins,@sem_dominio,-5,,,2027-10-09,2026-10-09T17:04:52.531637,True
3731,Fernanda Ferreira,@sem_dominio,-5,999999999999999,,2027-10-09,2026-10-09T17:04:52.531637,True
3732,Diego Costa,@sem_dominio,-5,999999999999999,123,2027-10-09,2026-10-09T17:04:52.531637,True
3733,Thiago Martins,@sem_dominio,-5,999999999999999,123,2027-10-09,2026-10-09T17:04:52.531637,True
3734,Larissa Almeida,,-5,,,2027-10-09,2026-10-09T17:04:52.531637,True
3735,Julia Santos,email@,-5,,,2027-10-09,2026-10-09T17:04:52.531637,True
3736,Pedro Gomes,email@,-5,,11111111111111,2027-10-09,2026-10-09T17:04:52.531637,True
3737,Bruno Ferreira,email@,-5,,11111111111111,2027-10-09,2026-10-09T17:04:52.531637,True
3738,Larissa Costa,email@,-5,999999999999999,11111111111111,2027-10-09,2026-10-09T17:04:52.531637,True
3739,Fernanda Silva,email@,-5,999999999999999,,2027-10-09,2026-10-09T17:04:52.531637,True
3740,Rafael Martins,email_sem_arroba.com,-5,999999999999999,,2027-10-09,2026-10-09T17:04:52.531637,True
3741,Carlos Rodrigues,email_sem_arroba.com,-5,999999999999999,,2027-10-09,2026-10-09T17:04:52.531637,True
3742,Julia Costa,email_sem_arroba.com,0,999999999999999,,2027-10-09,2026-10-09T17:04:52.531637,True
3743,Pedro Lima,email_sem_arroba.com,200,999999999999999,,2027-10-09,2026-10-09T17:04:52.531637,True
3744,Rafael Rodrigues,email_sem_arroba.com,200,999999999999999,,2027-10-09,2026-10-09T17:04:52.531637,True
3745,Pedro Almeida,email_sem_arroba.com,200,123,,2027-10-09,2026-10-09T17:04:52.531637,True
3746,Beatriz Gomes,email_sem_arroba.com,200,123,,2027-10-09,2026-10-09T17:04:52.531637,True
3747,Ana Gomes,,200,123,,2027-10-09,2026-10-09T17:04:52.531637,True
3748,Ana Ferreira,,200,,,2027-10-09,2026-10-09T17:04:52.531637,True
3749,Carlos Souza,,200,abcdefgh,,2027-10-09,2026-10-09T17:04:52.531637,True
3750,Beatriz Costa,,200,,,2027-10-09,2026-10-09T17:04:52.531637,True
3751,Rafael Lima,,200,,,2027-10-09,2026-10-09T17:04:52.531637,True
3752,Carlos Oliveira,,0,,,2027-10-09,2026-10-09T17:04:52.531637,True
3753,Diego Souza,,0,,,2027-10-09,2026-10-09T17:04:52.531637,True
3754,Rafael Souza,,0,,,2027-10-09,2026-10-09T17:04:52.531637,True
3755,Maria Pereira,,0,999999999999999,,2027-10-09,2026-10-09T17:04:52.531637,True
3756,Camila Souza,@sem_dominio,0,999999999999999,,2027-10-09,2026-10-09T17:04:52.531637,True
3757,Julia Santos,,0,999999999999999,,2027-10-09,2026-10-09T17:04:52.531637,True
3758,Rafael Santos,,0,999999999999999,,2027-10-09,2026-10-09T17:04:52.531637,True
3759,Beatriz Oliveira,,0,999999999999999,,2027-10-09,2026-10-09T17:04:52.531637,True
3760,Camila Gomes,,0,999999999999999,,2027-10-09,2026-10-09T17:04:52.531637,True
3761,Thiago Gomes,,0,999999999999999,123,2027-10-09,2026-10-09T17:04:52.531637,True
3762,Camila Ferreira,,0,,123,2027-10-09,2026-10-09T17:04:52.531637,True
3763,Larissa Oliveira,,200,,123,2027-10-09,2026-10-09T17:04:52.531637,True
3764,Beatriz Martins,,200,,123,2027-10-09,2026-10-09T17:04:52.531637,True
3765,Julia Oliveira,,200,,,2027-10-09,2026-10-09T17:04:52.531637,True
3766,João Silva,,200,,,2027-10-09,2026-10-09T17:04:52.531637,True
3767,Carlos Gomes,,200,,,2027-10-09,2026-10-09T17:04:52.531637,True
3768,Carlos Martins,,200,abcdefgh,,2027-10-09,2026-10-09T17:04:52.531637,True
3769,Camila Ferreira,,200,,,2027-10-09,2026-10-09T17:04:52.531637,True
3770,Larissa Gomes,,200,,,2027-10-09,2026-10-09T17:04:52.531637,True
3771,Carlos Martins,,200,123,,2027-10-09,2026-10-09T17:04:52.531637,True
3772,Pedro Pereira,email com espaços@teste.com,200,123,,2027-10-09,2026-10-09T17:04:52.531637,True
3773,Julia Gomes,email com espaços@teste.com,200,123,,2027-10-09,2026-10-09T17:04:52.531637,True
3774,Julia Almeida,,200,,,2027-10-09,2026-10-09T17:04:52.531637,True
3775,Camila Martins,,200,123,,2027-10-09,2026-10-09T17:04:52.531637,True
3776,João Ferreira,,200,123,,2027-10-09,2026-10-09T17:04:52.531637,True
3777,João Costa,,-5,123,,2027-10-09,2026-10-09T17:04:52.531637,True
3778,Diego Rodrigues,,-5,123,,2027-10-09,2026-10-09T17:04:52.531637,True
3779,Ana Santos,,-5,,,2027-10-09,2026-10-09T17:04:52.531637,True
3780,Beatriz Gomes,email_sem_arroba.com,-5,,,2027-10-09,2026-10-09T17:04:52.531637,True
3781,Camila Santos,,-5,,,2027-10-09,2026-10-09T17:04:52.531637,True
3782,Thiago Ferreira,,-5,,,2027-10-09,2026-10-09T17:04:52.531637,True
3783,Maria Ferreira,,-5,,,2027-10-09,2026-10-09T17:04:52.531637,True
3784,Fernanda Almeida,,-5,,,2027-10-09,2026-10-09T17:04:52.531637,True
3785,Carlos Ferreira,,-5,,,2027-10-09,2026-10-09T17:04:52.531637,True
3786,Carlos Ferreira,,-5,,,2027-10-09,2026-10-09T17:04:52.531637,True
3787,Carlos Lima,,150,,,2027-10-09,2026-10-09T17:04:52.531637,True
3788,Diego Martins,,150,,,2027-10-09,2026-10-09T17:04:52.531637,True
3789,Beatriz Gomes,,150,,,2027-10-09,2026-10-09T17:04:52.531637,True
3790,Pedro Silva,,-5,,,2027-10-09,2026-10-09T17:04:52.531637,True
3791,Thiago Souza,email com espaços@teste.com,-5,,,2027-10-09,2026-10-09T17:04:52.531637,True
3792,Fernanda Santos,email com espaços@teste.com,-5,123,,2027-10-09,2026-10-09T17:04:52.531637,True
3793,Carlos Martins,email com espaços@teste.com,-5,,,2027-10-09,2026-10-09T17:04:52.531637,True
3794,Diego Pereira,,-5,,,2027-10-09,2026-10-09T17:04:52.531637,True
3795,Fernanda Pereira,,-5,,123,2027-10-09,2026-10-09T17:04:52.531637,True
3796,Pedro Martins,,,,123,2027-10-09,2026-10-09T17:04:52.531637,True
3797,João Martins,,,,123,2027-10-09,2026-10-09T17:04:52.531637,True
3798,Maria Almeida,email@,,,123,2027-10-09,2026-10-09T17:04:52.531637,True
3799,Lucas Ferreira,email@,200,,123,2027-10-09,2026-10-09T17:04:52.531637,True
3800,Beatriz Ferreira,email@,,,123,2027-10-09,2026-10-09T17:04:52.531637,True
3801,Julia Lima,email_sem_arroba.com,,,123,2027-10-09,2026-10-09T17:04:52.531637,True
3802,Beatriz Ferreira,email_sem_arroba.com,,,123,2027-10-09,2026-10-09T17:04:52.531637,True
3803,Larissa Almeida,email_sem_arroba.com,,,123,2027-10-09,2026-10-09T17:04:52.531637,True
3804,Rafael Ferreira,email_sem_arroba.com,,,123,2027-10-09,2026-10-09T17:04:52.531637,True
3805,Camila Santos,email_sem_arroba.com,,,,2027-10-09,2026-10-09T17:04:52.531637,True
3806,Julia Silva,,,,,2027-10-09,2026-10-09T17:04:52.531637,True
3807,Diego Costa,,,,,2027-10-09,2026-10-09T17:04:52.531637,True
3808,Julia Lima,,,abcdefgh,,2027-10-09,2026-10-09T17:04:52.531637,True
3809,Carlos Oliveira,,,abcdefgh,,2027-10-09,2026-10-09T17:04:52.531637,True
3810,Rafael Rodrigues,email com espaços@teste.com,,abcdefgh,,2027-10-09,2026-10-09T17:04:52.531637,True
3811,Diego Lima,email com espaços@teste.com,,abcdefgh,,2027-10-09,2026-10-09T17:04:52.531637,True
3812,Carlos Oliveira,,,,,2027-10-09,2026-10-09T17:04:52.531637,True
3813,Bruno Rodrigues,,,,,2027-10-09,2026-10-09T17:04:52.531637,True
3814,Lucas Souza,,,,00000000000,2027-10-09,2026-10-09T17:04:52.531637,True
3815,Pedro Costa,,,,00000000000,2027-10-09,2026-10-09T17:04:52.531637,True
3816,Maria Almeida,,,,,2027-10-09,2026-10-09T17:04:52.531637,True
3817,Diego Martins,,,,,2027-10-09,2026-10-09T17:04:52.531637,True
3818,Ana Pereira,,,123,,2027-10-09,2026-10-09T17:04:52.531637,True
3819,Carlos Rodrigues,email com espaços@teste.com,,123,,2027-10-09,2026-10-09T17:04:52.531637,True
3820,Diego Almeida,email com espaços@teste.com,,123,123,2027-10-09,2026-10-09T17:04:52.531637,True
3821,Ana Lima,email com espaços@teste.com,150,123,123,2027-10-09,2026-10-09T17:04:52.531637,True
3822,Beatriz Gomes,,150,,,2027-10-09,2026-10-09T17:04:52.531637,True
3823,Thiago Silva,,150,abcdefgh,,2027-10-09,2026-10-09T17:04:52.531637,True
3824,Maria Oliveira,,150,,,2027-10-09,2026-10-09T17:04:52.531637,True
3825,Carlos Oliveira,,150,,,2027-10-09,2026-10-09T17:04:52.531637,True
3826,Bruno Martins,,150,,,2027-10-09,2026-10-09T17:04:52.531637,True
3827,Thiago Martins,,150,,,2027-10-09,2026-10-09T17:04:52.531637,True
3828,Fernanda Almeida,,150,,,2027-10-09,2026-10-09T17:04:52.531637,True
3829,Diego Gomes,,150,,,2027-10-09,2026-10-09T17:04:52.531637,True
3830,Julia Lima,,200,,,2027-10-09,2026-10-09T17:04:52.531637,True
3831,Carlos Costa,,200,,,2027-10-09,2026-10-09T17:04:52.531637,True
3832,Bruno Lima,,200,,,2027-10-09,2026-10-09T17:04:52.531637,True
3833,Julia Ferreira,,,,,2027-10-09,2026-10-09T17:04:52.531637,True
3834,Thiago Rodrigues,,,,,2027-10-09,2026-10-09T17:04:52.531637,True
3835,Ana Ferreira,,,,,2027-10-09,2026-10-09T17:04:52.531637,True
3836,Camila Rodrigues,,,,11111111111111,2027-10-09,2026-10-09T17:04:52.531637,True
3837,Maria Costa,,,,11111111111111,2027-10-09,2026-10-09T17:04:52.531637,True
3838,João Santos,,,,,2027-10-09,2026-10-09T17:04:52.531637,True
3839,Rafael Pereira,,200,,,2027-10-09,2026-10-09T17:04:52.531637,True
3840,Diego Lima,,200,,,2027-10-09,2026-10-09T17:04:52.531637,True
3841,Fernanda Almeida,,200,,,2027-10-09,2026-10-09T17:04:52.531637,True
3842,Bruno Rodrigues,,200,,00000000000,2027-10-09,2026-10-09T17:04:52.531637,True
3843,Rafael Costa,,150,,00000000000,2027-10-09,2026-10-09T17:04:52.531637,True
3844,Thiago Costa,,150,,00000000000,2027-10-09,2026-10-09T17:04:52.531637,True
3845,Camila Oliveira,,150,,00000000000,2027-10-09,2026-10-09T17:04:52.531637,True
3846,Thiago Costa,,150,123,00000000000,2027-10-09,2026-10-09T17:04:52.531637,True
3847,Thiago Almeida,,150,,,2027-10-09,2026-10-09T17:04:52.531637,True
3848,Carlos Oliveira,,150,,,2027-10-09,2026-10-09T17:04:52.531637,True
3849,Fernanda Pereira,,150,,,2027-10-09,2026-10-09T17:04:52.531637,True
3850,Lucas Ferreira,,150,,,2027-10-09,2026-10-09T17:04:52.531637,True
3851,Fernanda Martins,,150,,,2027-10-09,2026-10-09T17:04:52.531637,True
3852,Maria Silva,,200,,,2027-10-09,2026-10-09T17:04:52.531637,True
3853,João Souza,,200,,,2027-10-09,2026-10-09T17:04:52.531637,True
3854,Bruno Santos,,200,,,2027-10-09,2026-10-09T17:04:52.531637,True
3855,Ana Martins,,200,,,2027-10-09,2026-10-09T17:04:52.531637,True
3856,João Gomes,,-5,,,2027-10-09,2026-10-09T17:04:52.531637,True
3857,Larissa Souza,,-5,,,2027-10-09,2026-10-09T17:04:52.531637,True
3858,Diego Souza,,-5,,,2027-10-09,2026-10-09T17:04:52.531637,True
3859,Diego Almeida,,-5,,,2027-10-09,2026-10-09T17:04:52.531637,True
3860,Julia Pereira,,-5,,,2027-10-09,2026-10-09T17:04:52.531637,True
3861,Rafael Ferreira,,-5,999999999999999,,2027-10-09,2026-10-09T17:04:52.531637,True
3862,Thiago Rodrigues,,150,999999999999999,,2027-10-09,2026-10-09T17:04:52.531637,True
3863,Diego Martins,,-5,999999999999999,,2027-10-09,2026-10-09T17:04:52.531637,True
3864,Diego Martins,,-5,,,2027-10-09,2026-10-09T17:04:52.531637,True
3865,Thiago Ferreira,,-5,,,2027-10-09,2026-10-09T17:04:52.531637,True
3866,Lucas Souza,,-5,,,2027-10-09,2026-10-09T17:04:52.531637,True
3867,Pedro Ferreira,,-5,,,2027-10-09,2026-10-09T17:04:52.531637,True
3868,Bruno Souza,,-5,,,2027-10-09,2026-10-09T17:04:52.531637,True
3869,Maria Gomes,,,,,2027-10-09,2026-10-09T17:04:52.531637,True
3870,Camila Oliveira,,,,00000000000,2027-10-09,2026-10-09T17:04:52.531637,True
3871,João Costa,email_sem_arroba.com,,,00000000000,2027-10-09,2026-10-09T17:04:52.531637,True
3872,Beatriz Lima,@sem_dominio,,,00000000000,2027-10-09,2026-10-09T17:04:52.531637,True
3873,João Oliveira,@sem_dominio,200,,00000000000,2027-10-09,2026-10-09T17:04:52.531637,True
3874,Bruno Oliveira,,200,,,2027-10-09,2026-10-09T17:04:52.531637,True
3875,Carlos Oliveira,,200,,,2027-10-09,2026-10-09T17:04:52.531637,True
3876,Fernanda Silva,,200,,,2027-10-09,2026-10-09T17:04:52.531637,True
3877,Camila Santos,,200,,,2027-10-09,2026-10-09T17:04:52.531637,True
3878,Camila Ferreira,,-5,,,2027-10-09,2026-10-09T17:04:52.531637,True
3879,Thiago Souza,,200,,,2027-10-09,2026-10-09T17:04:52.531637,True
3880,Carlos Ferreira,,200,,123,2027-10-09,2026-10-09T17:04:52.531637,True
3881,Fernanda Martins,,200,,,2027-10-09,2026-10-09T17:04:52.531637,True
3882,Diego Santos,,200,,,2027-10-09,2026-10-09T17:04:52.531637,True
3883,Pedro Ferreira,,200,999999999999999,,2027-10-09,2026-10-09T17:04:52.531637,True
3884,Larissa Martins,,200,123,,2027-10-09,2026-10-09T17:04:52.531637,True
3885,Carlos Oliveira,,200,999999999999999,,2027-10-09,2026-10-09T17:04:52.531637,True
3886,Thiago Pereira,,150,999999999999999,,2027-10-09,2026-10-09T17:04:52.531637,True
3887,Lucas Ferreira,,150,999999999999999,,2027-10-09,2026-10-09T17:04:52.531637,True
3888,Beatriz Rodrigues,,150,999999999999999,,2027-10-09,2026-10-09T17:04:52.531637,True
3889,Larissa Oliveira,,150,,,2027-10-09,2026-10-09T17:04:52.531637,True
3890,Maria Pereira,,150,abcdefgh,,2027-10-09,2026-10-09T17:04:52.531637,True
3891,Beatriz Pereira,,150,abcdefgh,,2027-10-09,2026-10-09T17:04:52.531637,True
3892,Julia Santos,email@,150,abcdefgh,,2027-10-09,2026-10-09T17:04:52.531637,True
3893,Rafael Almeida,email@,-5,abcdefgh,,2027-10-09,2026-10-09T17:04:52.531637,True
3894,Camila Oliveira,email@,-5,abcdefgh,,2027-10-09,2026-10-09T17:04:52.531637,True
3895,Fernanda Oliveira,email@,150,abcdefgh,,2027-10-09,2026-10-09T17:04:52.531637,True
3896,Thiago Gomes,email@,150,abcdefgh,,2027-10-09,2026-10-09T17:04:52.531637,True
3897,Thiago Ferreira,email_sem_arroba.com,150,abcdefgh,,2027-10-09,2026-10-09T17:04:52.531637,True
3898,Julia Rodrigues,,150,,,2027-10-09,2026-10-09T17:04:52.531637,True
3899,Larissa Oliveira,,150,,,2027-10-09,2026-10-09T17:04:52.531637,True
3900,Thiago Ferreira,,150,,123,2027-10-09,2026-10-09T17:04:52.531637,True
3901,Ana Costa,email_sem_arroba.com,150,,123,2027-10-09,2026-10-09T17:04:52.531637,True
3902,Bruno Lima,email_sem_arroba.com,150,123,123,2027-10-09,2026-10-09T17:04:52.531637,True
3903,Pedro Gomes,email_sem_arroba.com,150,123,00000000000,2027-10-09,2026-10-09T17:04:52.531637,True
3904,Carlos Santos,email_sem_arroba.com,150,123,,2027-10-09,2026-10-09T17:04:52.531637,True
3905,Pedro Costa,,150,,,2027-10-09,2026-10-09T17:04:52.531637,True
3906,Camila Rodrigues,,200,,,2027-10-09,2026-10-09T17:04:52.531637,True
3907,Thiago Silva,email com espaços@teste.com,200,,,2027-10-09,2026-10-09T17:04:52.531637,True
3908,Lucas Oliveira,email com espaços@teste.com,-5,,,2027-10-09,2026-10-09T17:04:52.531637,True
3909,Camila Oliveira,email com espaços@teste.com,-5,,,2027-10-09,2026-10-09T17:04:52.531637,True
3910,João Oliveira,email com espaços@teste.com,-5,abcdefgh,,2027-10-09,2026-10-09T17:04:52.531637,True
3911,Beatriz Silva,email com espaços@teste.com,-5,abcdefgh,11111111111111,2027-10-09,2026-10-09T17:04:52.531637,True
3912,Julia Gomes,email com espaços@teste.com,-5,abcdefgh,11111111111111,2027-10-09,2026-10-09T17:04:52.531637,True
3913,Thiago Martins,email com espaços@teste.com,-5,abcdefgh,,2027-10-09,2026-10-09T17:04:52.531637,True
3914,Beatriz Almeida,email com espaços@teste.com,-5,abcdefgh,,2027-10-09,2026-10-09T17:04:52.531637,True
3915,Maria Martins,email@,-5,abcdefgh,,2027-10-09,2026-10-09T17:04:52.531637,True
3916,Maria Souza,,-5,,,2027-10-09,2026-10-09T17:04:52.531637,True
3917,Bruno Santos,,-5,,,2027-10-09,2026-10-09T17:04:52.531637,True
3918,Maria Santos,,-5,,,2027-10-09,2026-10-09T17:04:52.531637,True
3919,Julia Pereira,,-5,,,2027-10-09,2026-10-09T17:04:52.531637,True
3920,Camila Silva,,150,,,2027-10-09,2026-10-09T17:04:52.531637,True
3921,Camila Costa,email com espaços@teste.com,150,,,2027-10-09,2026-10-09T17:04:52.531637,True
3922,Diego Pereira,email com espaços@teste.com,200,,,2027-10-09,2026-10-09T17:04:52.531637,True
3923,Carlos Gomes,,200,,,2027-10-09,2026-10-09T17:04:52.531637,True
3924,Rafael Ferreira,,200,,,2027-10-09,2026-10-09T17:04:52.531637,True
3925,Ana Souza,,200,999999999999999,,2027-10-09,2026-10-09T17:04:52.531637,True
3926,Camila Costa,,,999999999999999,,2027-10-09,2026-10-09T17:04:52.531637,True
3927,Ana Gomes,@sem_dominio,,999999999999999,,2027-10-09,2026-10-09T17:04:52.531637,True
3928,Camila Ferreira,@sem_dominio,,999999999999999,,2027-10-09,2026-10-09T17:04:52.531637,True
3929,Beatriz Pereira,@sem_dominio,,123,,2027-10-09,2026-10-09T17:04:52.531637,True
3930,Pedro Silva,@sem_dominio,,123,,2027-10-09,2026-10-09T17:04:52.531637,True
3931,Pedro Pereira,@sem_dominio,,123,,2027-10-09,2026-10-09T17:04:52.531637,True
3932,Camila Souza,,,,,2027-10-09,2026-10-09T17:04:52.531637,True
3933,Larissa Silva,,,,,2027-10-09,2026-10-09T17:04:52.531637,True
3934,João Ferreira,,,,,2027-10-09,2026-10-09T17:04:52.531637,True
3935,Carlos Rodrigues,,150,,,2027-10-09,2026-10-09T17:04:52.531637,True
3936,Bruno Ferreira,,150,,,2027-10-09,2026-10-09T17:04:52.531637,True
3937,Fernanda Almeida,,150,,,2027-10-09,2026-10-09T17:04:52.531637,True
3938,João Santos,,150,,00000000000,2027-10-09,2026-10-09T17:04:52.531637,True
3939,Camila Almeida,,150,,00000000000,2027-10-09,2026-10-09T17:04:52.531637,True
3940,Thiago Pereira,,-5,,00000000000,2027-10-09,2026-10-09T17:04:52.531637,True
3941,Fernanda Martins,,-5,,00000000000,2027-10-09,2026-10-09T17:04:52.531637,True
3942,Pedro Almeida,,-5,,,2027-10-09,2026-10-09T17:04:52.531637,True
3943,Carlos Almeida,@sem_dominio,-5,,,2027-10-09,2026-10-09T17:04:52.531637,True
3944,Diego Ferreira,@sem_dominio,-5,,,2027-10-09,2026-10-09T17:04:52.531637,True
3945,Camila Silva,@sem_dominio,-5,,,2027-10-09,2026-10-09T17:04:52.531637,True
3946,Julia Martins,@sem_dominio,200,,,2027-10-09,2026-10-09T17:04:52.531637,True
3947,Camila Silva,,200,,,2027-10-09,2026-10-09T17:04:52.531637,True
3948,Thiago Costa,,200,,,2027-10-09,2026-10-09T17:04:52.531637,True
3949,Rafael Santos,,200,,,2027-10-09,2026-10-09T17:04:52.531637,True
3950,Rafael Gomes,,200,,,2027-10-09,2026-10-09T17:04:52.531637,True
3951,Rafael Oliveira,,200,,,2027-10-09,2026-10-09T17:04:52.531637,True
3952,Ana Costa,,200,123,,2027-10-09,2026-10-09T17:04:52.531637,True
3953,Thiago Rodrigues,,200,,,2027-10-09,2026-10-09T17:04:52.531637,True
3954,Thiago Martins,email_sem_arroba.com,200,,,2027-10-09,2026-10-09T17:04:52.531637,True
3955,Julia Gomes,,200,,,2027-10-09,2026-10-09T17:04:52.531637,True
3956,Beatriz Almeida,,200,abcdefgh,,2027-10-09,2026-10-09T17:04:52.531637,True
3957,Maria Gomes,,200,abcdefgh,,2027-10-09,2026-10-09T17:04:52.531637,True
3958,Bruno Silva,,200,abcdefgh,,2027-10-09,2026-10-09T17:04:52.531637,True
3959,Lucas Costa,,200,abcdefgh,,2027-10-09,2026-10-09T17:04:52.531637,True
3960,Pedro Silva,,200,abcdefgh,,2027-10-09,2026-10-09T17:04:52.531637,True
3961,Ana Almeida,,200,abcdefgh,11111111111111,2027-10-09,2026-10-09T17:04:52.531637,True
3962,Lucas Lima,,200,,,2027-10-09,2026-10-09T17:04:52.531637,True
3963,Larissa Lima,,200,,,2027-10-09,2026-10-09T17:04:52.531637,True
3964,Ana Martins,,200,123,,2027-10-09,2026-10-09T17:04:52.531637,True
3965,Beatriz Lima,,200,,,2027-10-09,2026-10-09T17:04:52.531637,True
3966,Bruno Martins,,200,,,2027-10-09,2026-10-09T17:04:52.531637,True
3967,Fernanda Martins,,200,,123,2027-10-09,2026-10-09T17:04:52.531637,True
3968,Thiago Ferreira,,200,,,2027-10-09,2026-10-09T17:04:52.531637,True
3969,Camila Martins,,200,,,2027-10-09,2026-10-09T17:04:52.531637,True
3970,Julia Gomes,,200,123,,2027-10-09,2026-10-09T17:04:52.531637,True
3971,Diego Souza,,-5,123,,2027-10-09,2026-10-09T17:04:52.531637,True
3972,Ana Martins,@sem_dominio,-5,123,,2027-10-09,2026-10-09T17:04:52.531637,True
3973,Thiago Santos,@sem_dominio,-5,123,,2027-10-09,2026-10-09T17:04:52.531637,True
3974,Camila Almeida,@sem_dominio,-5,123,,2027-10-09,2026-10-09T17:04:52.531637,True
3975,Beatriz Martins,,-5,,,2027-10-09,2026-10-09T17:04:52.531637,True
3976,Carlos Souza,,-5,,,2027-10-09,2026-10-09T17:04:52.531637,True
3977,Lucas Costa,,-5,,,2027-10-09,2026-10-09T17:04:52.531637,True
3978,Bruno Oliveira,,150,,,2027-10-09,2026-10-09T17:04:52.531637,True
3979,Thiago Lima,,150,,,2027-10-09,2026-10-09T17:04:52.531637,True
3980,Julia Almeida,,,,,2027-10-09,2026-10-09T17:04:52.531637,True
3981,Bruno Costa,,-5,,,2027-10-09,2026-10-09T17:04:52.531637,True
3982,Ana Silva,,-5,,,2027-10-09,2026-10-09T17:04:52.531637,True
3983,Julia Souza,,0,,,2027-10-09,2026-10-09T17:04:52.531637,True
3984,Diego Almeida,@sem_dominio,0,,,2027-10-09,2026-10-09T17:04:52.531637,True
3985,Camila Rodrigues,email@,0,,,2027-10-09,2026-10-09T17:04:52.531637,True
3986,Larissa Costa,email@,0,,,2027-10-09,2026-10-09T17:04:52.531637,True
3987,João Almeida,email@,0,,,2027-10-09,2026-10-09T17:04:52.531637,True
3988,Camila Gomes,,0,,,2027-10-09,2026-10-09T17:04:52.531637,True
3989,Carlos Rodrigues,,0,,11111111111111,2027-10-09,2026-10-09T17:04:52.531637,True
3990,Diego Souza,email com espaços@teste.com,0,,11111111111111,2027-10-09,2026-10-09T17:04:52.531637,True
3991,Bruno Rodrigues,email com espaços@teste.com,,,11111111111111,2027-10-09,2026-10-09T17:04:52.531637,True
3992,Thiago Martins,,,,11111111111111,2027-10-09,2026-10-09T17:04:52.531637,True
3993,Camila Souza,,,,11111111111111,2027-10-09,2026-10-09T17:04:52.531637,True
3994,Rafael Costa,,,123,11111111111111,2027-10-09,2026-10-09T17:04:52.531637,True
3995,Julia Oliveira,,,123,11111111111111,2027-10-09,2026-10-09T17:04:52.531637,True
3996,Lucas Santos,,150,123,11111111111111,2027-10-09,2026-10-09T17:04:52.531637,True
3997,João Santos,,150,123,11111111111111,2027-10-09,2026-10-09T17:04:52.531637,True
3998,Julia Lima,,,123,11111111111111,2027-10-09,2026-10-09T17:04:52.531637,True
3999,Camila Costa,email@,,123,11111111111111,2027-10-09,2026-10-09T17:04:52.531637,True
4000,Thiago Silva,email com espaços@teste.com,,123,11111111111111,2027-10-09,2026-10-09T17:04:52.531637,True
4001,Larissa Souza,email com espaços@teste.com,,123,11111111111111,2027-10-09,2026-10-09T17:04:52.531637,True
4002,Ana Oliveira,email com espaços@teste.com,,123,11111111111111,2027-10-09,2026-10-09T17:04:52.531637,True
4003,Carlos Ferreira,email com espaços@teste.com,,123,11111111111111,2027-10-09,2026-10-09T17:04:52.531637,True
4004,Rafael Souza,,,,,2027-10-09,2026-10-09T17:04:52.531637,True
4005,Beatriz Gomes,,,,,2027-10-09,2026-10-09T17:04:52.531637,True
4006,Julia Martins,,,,00000000000,2027-10-09,2026-10-09T17:04:52.531637,True
4007,Bruno Souza,,,,,2027-10-09,2026-10-09T17:04:52.531637,True
4008,Fernanda Lima,,0,,,2027-10-09,2026-10-09T17:04:52.531637,True
4009,Carlos Martins,@sem_dominio,0,,,2027-10-09,2026-10-09T17:04:52.531637,True
4010,Thiago Costa,@sem_dominio,0,,,2027-10-09,2026-10-09T17:04:52.531637,True
4011,Diego Almeida,,0,,,2027-10-09,2026-10-09T17:04:52.531637,True
4012,Maria Rodrigues,,150,,,2027-10-09,2026-10-09T17:04:52.531637,True
4013,Maria Souza,,150,,00000000000,2027-10-09,2026-10-09T17:04:52.531637,True
4014,Rafael Ferreira,,150,,00000000000,2027-10-09,2026-10-09T17:04:52.531637,True
4015,Lucas Pereira,,150,,00000000000,2027-10-09,2026-10-09T17:04:52.531637,True
4016,Thiago Martins,,0,,00000000000,2027-10-09,2026-10-09T17:04:52.531637,True
4017,Carlos Silva,,0,,00000000000,2027-10-09,2026-10-09T17:04:52.531637,True
4018,Bruno Lima,email_sem_arroba.com,0,,00000000000,2027-10-09,2026-10-09T17:04:52.531637,True
4019,Rafael Santos,,0,,00000000000,2027-10-09,2026-10-09T17:04:52.531637,True
4020,Camila Lima,,0,,00000000000,2027-10-09,2026-10-09T17:04:52.531637,True
4021,Camila Oliveira,,0,,00000000000,2027-10-09,2026-10-09T17:04:52.531637,True
4022,Lucas Silva,,0,,00000000000,2027-10-09,2026-10-09T17:04:52.531637,True
4023,Rafael Lima,email@,0,,00000000000,2027-10-09,2026-10-09T17:04:52.531637,True
4024,Lucas Costa,email@,0,,00000000000,2027-10-09,2026-10-09T17:04:52.531637,True
4025,Rafael Rodrigues,email com espaços@teste.com,0,,00000000000,2027-10-09,2026-10-09T17:04:52.531637,True
4026,Rafael Lima,email com espaços@teste.com,0,abcdefgh,00000000000,2027-10-09,2026-10-09T17:04:52.531637,True
4027,Rafael Santos,email com espaços@teste.com,150,abcdefgh,00000000000,2027-10-09,2026-10-09T17:04:52.531637,True
4028,João Ferreira,email com espaços@teste.com,150,abcdefgh,00000000000,2027-10-09,2026-10-09T17:04:52.531637,True
4029,Larissa Ferreira,email com espaços@teste.com,150,abcdefgh,00000000000,2027-10-09,2026-10-09T17:04:52.531637,True
4030,Fernanda Silva,email com espaços@teste.com,150,abcdefgh,00000000000,2027-10-09,2026-10-09T17:04:52.531637,True
4031,Beatriz Gomes,email com espaços@teste.com,150,abcdefgh,00000000000,2027-10-09,2026-10-09T17:04:52.531637,True
4032,Maria Ferreira,email com espaços@teste.com,150,abcdefgh,00000000000,2027-10-09,2026-10-09T17:04:52.531637,True
4033,Lucas Martins,email com espaços@teste.com,150,999999999999999,00000000000,2027-10-09,2026-10-09T17:04:52.531637,True
4034,Larissa Souza,email com espaços@teste.com,150,abcdefgh,00000000000,2027-10-09,2026-10-09T17:04:52.531637,True
4035,Thiago Oliveira,email com espaços@teste.com,150,abcdefgh,,2027-10-09,2026-10-09T17:04:52.531637,True
4036,Rafael Martins,email com espaços@teste.com,150,abcdefgh,,2027-10-09,2026-10-09T17:04:52.531637,True
4037,Beatriz Ferreira,,150,abcdefgh,,2027-10-09,2026-10-09T17:04:52.531637,True
4038,Julia Souza,,150,123,,2027-10-09,2026-10-09T17:04:52.531637,True
4039,Maria Costa,,150,123,123,2027-10-09,2026-10-09T17:04:52.531637,True
4040,Maria Silva,,150,123,123,2027-10-09,2026-10-09T17:04:52.531637,True
4041,Rafael Santos,,150,123,,2027-10-09,2026-10-09T17:04:52.531637,True
4042,Camila Pereira,email_sem_arroba.com,150,123,,2027-10-09,2026-10-09T17:04:52.531637,True
4043,Beatriz Costa,,150,123,,2027-10-09,2026-10-09T17:04:52.531637,True
4044,Ana Oliveira,email@,150,123,,2027-10-09,2026-10-09T17:04:52.531637,True
4045,Carlos Lima,email@,150,123,,2027-10-09,2026-10-09T17:04:52.531637,True
4046,Maria Lima,,150,,,2027-10-09,2026-10-09T17:04:52.531637,True
4047,Rafael Lima,,0,,,2027-10-09,2026-10-09T17:04:52.531637,True
4048,Ana Lima,,0,,,2027-10-09,2026-10-09T17:04:52.531637,True
4049,Rafael Souza,,0,,,2027-10-09,2026-10-09T17:04:52.531637,True
4050,Bruno Almeida,,0,,11111111111111,2027-10-09,2026-10-09T17:04:52.531637,True
4051,Rafael Costa,email@,0,,11111111111111,2027-10-09,2026-10-09T17:04:52.531637,True
4052,Pedro Ferreira,email@,0,999999999999999,11111111111111,2027-10-09,2026-10-09T17:04:52.531637,True
4053,Carlos Souza,email@,0,999999999999999,11111111111111,2027-10-09,2026-10-09T17:04:52.531637,True
4054,Fernanda Silva,,0,,,2027-10-09,2026-10-09T17:04:52.531637,True
4055,João Costa,,0,123,,2027-10-09,2026-10-09T17:04:52.531637,True
4056,Rafael Gomes,,0,123,,2027-10-09,2026-10-09T17:04:52.531637,True
4057,Camila Souza,,0,123,00000000000,2027-10-09,2026-10-09T17:04:52.531637,True
4058,Rafael Souza,email_sem_arroba.com,0,123,00000000000,2027-10-09,2026-10-09T17:04:52.531637,True
4059,Maria Oliveira,email_sem_arroba.com,0,123,11111111111111,2027-10-09,2026-10-09T17:04:52.531637,True
4060,Pedro Almeida,email_sem_arroba.com,,123,11111111111111,2027-10-09,2026-10-09T17:04:52.531637,True
4061,João Pereira,email com espaços@teste.com,,123,11111111111111,2027-10-09,2026-10-09T17:04:52.531637,True
4062,Fernanda Lima,email com espaços@teste.com,,123,123,2027-10-09,2026-10-09T17:04:52.531637,True
4063,Bruno Rodrigues,email com espaços@teste.com,,,123,2027-10-09,2026-10-09T17:04:52.531637,True
4064,Rafael Santos,email com espaços@teste.com,,123,123,2027-10-09,2026-10-09T17:04:52.531637,True
4065,Maria Souza,email com espaços@teste.com,,,123,2027-10-09,2026-10-09T17:04:52.531637,True
4066,Ana Rodrigues,email com espaços@teste.com,,,123,2027-10-09,2026-10-09T17:04:52.531637,True
4067,Rafael Lima,,,,,2027-10-09,2026-10-09T17:04:52.531637,True
4068,Beatriz Costa,,,,,2027-10-09,2026-10-09T17:04:52.531637,True
4069,Fernanda Oliveira,,,,,2027-10-09,2026-10-09T17:04:52.531637,True
4070,Beatriz Ferreira,,,,,2027-10-09,2026-10-09T17:04:52.531637,True
4071,Beatriz Gomes,,,,,2027-10-09,2026-10-09T17:04:52.531637,True
4072,Carlos Santos,,,123,,2027-10-09,2026-10-09T17:04:52.531637,True
4073,Fernanda Oliveira,,,,,2027-10-09,2026-10-09T17:04:52.531637,True
4074,Lucas Souza,,,,,2027-10-09,2026-10-09T17:04:52.531637,True
4075,Lucas Gomes,,,abcdefgh,,2027-10-09,2026-10-09T17:04:52.531637,True
4076,Lucas Santos,email com espaços@teste.com,,abcdefgh,,2027-10-09,2026-10-09T17:04:52.531637,True
4077,Lucas Pereira,,,,,2027-10-09,2026-10-09T17:04:52.531637,True
4078,Carlos Silva,,,abcdefgh,,2027-10-09,2026-10-09T17:04:52.531637,True
4079,Bruno Gomes,,,abcdefgh,,2027-10-09,2026-10-09T17:04:52.531637,True
4080,Ana Santos,,,abcdefgh,00000000000,2027-10-09,2026-10-09T17:04:52.531637,True
4081,Carlos Silva,email@,,abcdefgh,00000000000,2027-10-09,2026-10-09T17:04:52.531637,True
4082,João Silva,email@,,abcdefgh,00000000000,2027-10-09,2026-10-09T17:04:52.531637,True
4083,Maria Rodrigues,email@,200,abcdefgh,00000000000,2027-10-09,2026-10-09T17:04:52.531637,True
4084,Larissa Pereira,email@,200,abcdefgh,,2027-10-09,2026-10-09T17:04:52.531637,True
4085,Beatriz Souza,email@,200,abcdefgh,,2027-10-09,2026-10-09T17:04:52.531637,True
4086,Ana Gomes,,200,abcdefgh,,2027-10-09,2026-10-09T17:04:52.531637,True
4087,João Costa,email_sem_arroba.com,200,abcdefgh,,2027-10-09,2026-10-09T17:04:52.531637,True
4088,Pedro Santos,email_sem_arroba.com,200,abcdefgh,,2027-10-09,2026-10-09T17:04:52.531637,True
4089,Camila Almeida,email_sem_arroba.com,200,abcdefgh,,2027-10-09,2026-10-09T17:04:52.531637,True
4090,Maria Souza,@sem_dominio,200,abcdefgh,,2027-10-09,2026-10-09T17:04:52.531637,True
4091,Bruno Martins,email com espaços@teste.com,200,abcdefgh,,2027-10-09,2026-10-09T17:04:52.531637,True
4092,Pedro Costa,email com espaços@teste.com,200,abcdefgh,,2027-10-09,2026-10-09T17:04:52.531637,True
4093,Larissa Rodrigues,email com espaços@teste.com,200,abcdefgh,,2027-10-09,2026-10-09T17:04:52.531637,True
4094,Thiago Lima,email com espaços@teste.com,0,abcdefgh,,2027-10-09,2026-10-09T17:04:52.531637,True
4095,Larissa Santos,,0,,,2027-10-09,2026-10-09T17:04:52.531637,True
4096,Pedro Lima,,0,,,2027-10-09,2026-10-09T17:04:52.531637,True
4097,Camila Oliveira,,150,,,2027-10-09,2026-10-09T17:04:52.531637,True
4098,Diego Lima,,150,,,2027-10-09,2026-10-09T17:04:52.531637,True
4099,Ana Almeida,,150,,,2027-10-09,2026-10-09T17:04:52.531637,True
4100,Rafael Almeida,,,,,2027-10-09,2026-10-09T17:04:52.531637,True
4101,João Oliveira,,,,,2027-10-09,2026-10-09T17:04:52.531637,True
4102,Julia Lima,,,,,2027-10-09,2026-10-09T17:04:52.531637,True
4103,Fernanda Santos,,,123,,2027-10-09,2026-10-09T17:04:52.531637,True
4104,Fernanda Santos,,,,,2027-10-09,2026-10-09T17:04:52.531637,True
4105,Ana Ferreira,,,,,2027-10-09,2026-10-09T17:04:52.531637,True
4106,Bruno Silva,,,,,2027-10-09,2026-10-09T17:04:52.531637,True
4107,Julia Ferreira,,,,,2027-10-09,2026-10-09T17:04:52.531637,True
4108,Bruno Almeida,,,,,2027-10-09,2026-10-09T17:04:52.531637,True
4109,Maria Ferreira,,,,,2027-10-09,2026-10-09T17:04:52.531637,True
4110,Bruno Gomes,,0,,,2027-10-09,2026-10-09T17:04:52.531637,True
4111,Fernanda Pereira,,0,,11111111111111,2027-10-09,2026-10-09T17:04:52.531637,True
4112,Carlos Almeida,,0,,11111111111111,2027-10-09,2026-10-09T17:04:52.531637,True
4113,Pedro Silva,,0,,11111111111111,2027-10-09,2026-10-09T17:04:52.531637,True
4114,Thiago Ferreira,,200,,11111111111111,2027-10-09,2026-10-09T17:04:52.531637,True
4115,Rafael Pereira,,200,,11111111111111,2027-10-09,2026-10-09T17:04:52.531637,True
4116,Maria Oliveira,,200,,,2027-10-09,2026-10-09T17:04:52.531637,True
4117,Beatriz Gomes,,200,,,2027-10-09,2026-10-09T17:04:52.531637,True
4118,Diego Souza,,200,,,2027-10-09,2026-10-09T17:04:52.531637,True
4119,Fernanda Almeida,,200,,,2027-10-09,2026-10-09T17:04:52.531637,True
4120,Bruno Costa,,200,,,2027-10-09,2026-10-09T17:04:52.531637,True
4121,Fernanda Silva,,200,,,2027-10-09,2026-10-09T17:04:52.531637,True
4122,Larissa Santos,email_sem_arroba.com,200,,,2027-10-09,2026-10-09T17:04:52.531637,True
4123,Diego Oliveira,email_sem_arroba.com,200,,,2027-10-09,2026-10-09T17:04:52.531637,True
4124,Thiago Rodrigues,email_sem_arroba.com,200,123,,2027-10-09,2026-10-09T17:04:52.531637,True
4125,Camila Lima,email_sem_arroba.com,200,123,123,2027-10-09,2026-10-09T17:04:52.531637,True
4126,Carlos Rodrigues,,200,,,2027-10-09,2026-10-09T17:04:52.531637,True
4127,Beatriz Lima,,200,123,,2027-10-09,2026-10-09T17:04:52.531637,True
4128,Bruno Martins,,-5,123,,2027-10-09,2026-10-09T17:04:52.531637,True
4129,Maria Costa,,-5,,,2027-10-09,2026-10-09T17:04:52.531637,True
4130,Maria Souza,,-5,,,2027-10-09,2026-10-09T17:04:52.531637,True
4131,Camila Pereira,,-5,,,2027-10-09,2026-10-09T17:04:52.531637,True
4132,Ana Pereira,,-5,,,2027-10-09,2026-10-09T17:04:52.531637,True
4133,Thiago Santos,,-5,,,2027-10-09,2026-10-09T17:04:52.531637,True
4134,Camila Souza,,-5,,,2027-10-09,2026-10-09T17:04:52.531637,True
4135,Diego Santos,,-5,,123,2027-10-09,2026-10-09T17:04:52.531637,True
4136,João Pereira,,-5,abcdefgh,123,2027-10-09,2026-10-09T17:04:52.531637,True
4137,Diego Costa,,-5,,123,2027-10-09,2026-10-09T17:04:52.531637,True
4138,Larissa Martins,email com espaços@teste.com,-5,,123,2027-10-09,2026-10-09T17:04:52.531637,True
4139,Thiago Oliveira,email com espaços@teste.com,-5,,11111111111111,2027-10-09,2026-10-09T17:04:52.531637,True
4140,Thiago Oliveira,email com espaços@teste.com,-5,,11111111111111,2027-10-09,2026-10-09T17:04:52.531637,True
4141,Diego Oliveira,email com espaços@teste.com,-5,,11111111111111,2027-10-09,2026-10-09T17:04:52.531637,True
4142,Carlos Gomes,email com espaços@teste.com,-5,,11111111111111,2027-10-09,2026-10-09T17:04:52.531637,True
4143,Camila Rodrigues,email com espaços@teste.com,-5,,11111111111111,2027-10-09,2026-10-09T17:04:52.531637,True
4144,Pedro Souza,email com espaços@teste.com,-5,,11111111111111,2027-10-09,2026-10-09T17:04:52.531637,True
4145,Camila Martins,email_sem_arroba.com,-5,,11111111111111,2027-10-09,2026-10-09T17:04:52.531637,True
4146,Pedro Costa,email_sem_arroba.com,-5,123,11111111111111,2027-10-09,2026-10-09T17:04:52.531637,True
4147,Rafael Pereira,,-5,123,11111111111111,2027-10-09,2026-10-09T17:04:52.531637,True
4148,Fernanda Martins,,-5,,,2027-10-09,2026-10-09T17:04:52.531637,True
4149,Thiago Costa,,,,,2027-10-09,2026-10-09T17:04:52.531637,True
4150,Larissa Martins,,,,,2027-10-09,2026-10-09T17:04:52.531637,True
4151,Carlos Rodrigues,,,,,2027-10-09,2026-10-09T17:04:52.531637,True
4152,Ana Santos,,,,11111111111111,2027-10-09,2026-10-09T17:04:52.531637,True
4153,João Silva,,,,,2027-10-09,2026-10-09T17:04:52.531637,True
4154,Carlos Costa,,,,,2027-10-09,2026-10-09T17:04:52.531637,True
4155,Julia Ferreira,,,,,2027-10-09,2026-10-09T17:04:52.531637,True
4156,Maria Costa,,,,,2027-10-09,2026-10-09T17:04:52.531637,True
4157,Beatriz Souza,,,,,2027-10-09,2026-10-09T17:04:52.531637,True
4158,Camila Almeida,email_sem_arroba.com,,,,2027-10-09,2026-10-09T17:04:52.531637,True
4159,Ana Costa,email_sem_arroba.com,,,,2027-10-09,2026-10-09T17:04:52.531637,True
4160,Ana Martins,email_sem_arroba.com,,,,2027-10-09,2026-10-09T17:04:52.531637,True
4161,Julia Martins,,,,,2027-10-09,2026-10-09T17:04:52.531637,True
4162,Ana Gomes,,,,123,2027-10-09,2026-10-09T17:04:52.531637,True
4163,João Santos,,,,,2027-10-09,2026-10-09T17:04:52.531637,True
4164,Carlos Oliveira,,,999999999999999,,2027-10-09,2026-10-09T17:04:52.531637,True
4165,Julia Oliveira,@sem_dominio,,999999999999999,,2027-10-09,2026-10-09T17:04:52.531637,True
4166,João Almeida,@sem_dominio,150,999999999999999,,2027-10-09,2026-10-09T17:04:52.531637,True
4167,Lucas Martins,,150,,,2027-10-09,2026-10-09T17:04:52.531637,True
4168,Camila Souza,,150,,,2027-10-09,2026-10-09T17:04:52.531637,True
4169,Diego Costa,,150,,,2027-10-09,2026-10-09T17:04:52.531637,True
4170,João Almeida,,150,,,2027-10-09,2026-10-09T17:04:52.531637,True
4171,Maria Santos,,150,,,2027-10-09,2026-10-09T17:04:52.531637,True
4172,Maria Pereira,,150,,,2027-10-09,2026-10-09T17:04:52.531637,True
4173,Thiago Rodrigues,,-5,,,2027-10-09,2026-10-09T17:04:52.531637,True
4174,Camila Santos,,-5,,,2027-10-09,2026-10-09T17:04:52.531637,True
4175,Beatriz Silva,,-5,abcdefgh,,2027-10-09,2026-10-09T17:04:52.531637,True
4176,Julia Oliveira,,-5,,,2027-10-09,2026-10-09T17:04:52.531637,True
4177,Julia Santos,,-5,,,2027-10-09,2026-10-09T17:04:52.531637,True
4178,Maria Oliveira,,-5,,,2027-10-09,2026-10-09T17:04:52.531637,True
4179,Beatriz Pereira,email@,-5,,,2027-10-09,2026-10-09T17:04:52.531637,True
4180,Rafael Rodrigues,email@,-5,abcdefgh,,2027-10-09,2026-10-09T17:04:52.531637,True
4181,Rafael Costa,,-5,abcdefgh,,2027-10-09,2026-10-09T17:04:52.531637,True
4182,Carlos Silva,,-5,abcdefgh,,2027-10-09,2026-10-09T17:04:52.531637,True
4183,Julia Pereira,,-5,,,2027-10-09,2026-10-09T17:04:52.531637,True
4184,Diego Martins,,-5,,,2027-10-09,2026-10-09T17:04:52.531637,True
4185,Fernanda Martins,,-5,,,2027-10-09,2026-10-09T17:04:52.531637,True
4186,Larissa Lima,,-5,,,2027-10-09,2026-10-09T17:04:52.531637,True
4187,João Oliveira,,-5,,123,2027-10-09,2026-10-09T17:04:52.531637,True
4188,Larissa Almeida,,-5,123,123,2027-10-09,2026-10-09T17:04:52.531637,True
4189,Larissa Souza,,-5,123,,2027-10-09,2026-10-09T17:04:52.531637,True
4190,Bruno Pereira,,-5,123,00000000000,2027-10-09,2026-10-09T17:04:52.531637,True
4191,Camila Ferreira,,-5,123,,2027-10-09,2026-10-09T17:04:52.531637,True
4192,Larissa Oliveira,,-5,,,2027-10-09,2026-10-09T17:04:52.531637,True
4193,Lucas Ferreira,,-5,,,2027-10-09,2026-10-09T17:04:52.531637,True
4194,João Lima,,-5,999999999999999,,2027-10-09,2026-10-09T17:04:52.531637,True
4195,Maria Lima,,-5,999999999999999,,2027-10-09,2026-10-09T17:04:52.531637,True
4196,Bruno Rodrigues,,-5,999999999999999,,2027-10-09,2026-10-09T17:04:52.531637,True
4197,Diego Rodrigues,,-5,999999999999999,,2027-10-09,2026-10-09T17:04:52.531637,True
4198,Julia Pereira,,-5,999999999999999,11111111111111,2027-10-09,2026-10-09T17:04:52.531637,True
4199,Thiago Pereira,,-5,999999999999999,123,2027-10-09,2026-10-09T17:04:52.531637,True
4200,Rafael Martins,,-5,999999999999999,123,2027-10-09,2026-10-09T17:04:52.531637,True
4201,Julia Ferreira,email@,-5,999999999999999,123,2027-10-09,2026-10-09T17:04:52.531637,True
4202,Ana Rodrigues,email@,-5,999999999999999,123,2027-10-09,2026-10-09T17:04:52.531637,True
4203,Carlos Oliveira,@sem_dominio,-5,999999999999999,123,2027-10-09,2026-10-09T17:04:52.531637,True
4204,Diego Oliveira,@sem_dominio,-5,999999999999999,123,2027-10-09,2026-10-09T17:04:52.531637,True
4205,Beatriz Martins,,-5,,,2027-10-09,2026-10-09T17:04:52.531637,True
4206,Carlos Oliveira,,-5,999999999999999,,2027-10-09,2026-10-09T17:04:52.531637,True
4207,Carlos Ferreira,email@,-5,999999999999999,,2027-10-09,2026-10-09T17:04:52.531637,True
4208,Fernanda Costa,,-5,,,2027-10-09,2026-10-09T17:04:52.531637,True
4209,Larissa Oliveira,,,,,2027-10-09,2026-10-09T17:04:52.531637,True
4210,Julia Pereira,email@,,,,2027-10-09,2026-10-09T17:04:52.531637,True
4211,Larissa Gomes,,,,,2027-10-09,2026-10-09T17:04:52.531637,True
4212,Pedro Martins,,,,,2027-10-09,2026-10-09T17:04:52.531637,True
4213,Beatriz Silva,,,,,2027-10-09,2026-10-09T17:04:52.531637,True
4214,Maria Rodrigues,,-5,,,2027-10-09,2026-10-09T17:04:52.531637,True
4215,Lucas Rodrigues,,0,,,2027-10-09,2026-10-09T17:04:52.531637,True
4216,Pedro Pereira,,-5,,,2027-10-09,2026-10-09T17:04:52.531637,True
4217,Maria Santos,,-5,,,2027-10-09,2026-10-09T17:04:52.531637,True
4218,Bruno Almeida,,-5,,,2027-10-09,2026-10-09T17:04:52.531637,True
4219,Camila Ferreira,email com espaços@teste.com,-5,,,2027-10-09,2026-10-09T17:04:52.531637,True
4220,Pedro Ferreira,email com espaços@teste.com,-5,abcdefgh,,2027-10-09,2026-10-09T17:04:52.531637,True
4221,Pedro Lima,,-5,abcdefgh,,2027-10-09,2026-10-09T17:04:52.531637,True
4222,Fernanda Martins,,-5,abcdefgh,00000000000,2027-10-09,2026-10-09T17:04:52.531637,True
4223,Larissa Rodrigues,,-5,,00000000000,2027-10-09,2026-10-09T17:04:52.531637,True
4224,João Silva,,-5,,00000000000,2027-10-09,2026-10-09T17:04:52.531637,True
4225,Camila Santos,,-5,999999999999999,00000000000,2027-10-09,2026-10-09T17:04:52.531637,True
4226,Larissa Martins,,0,999999999999999,00000000000,2027-10-09,2026-10-09T17:04:52.531637,True
4227,Thiago Gomes,,0,999999999999999,00000000000,2027-10-09,2026-10-09T17:04:52.531637,True
4228,Ana Oliveira,,0,999999999999999,00000000000,2027-10-09,2026-10-09T17:04:52.531637,True
4229,Larissa Rodrigues,,0,999999999999999,00000000000,2027-10-09,2026-10-09T17:04:52.531637,True
4230,Camila Santos,,0,999999999999999,11111111111111,2027-10-09,2026-10-09T17:04:52.531637,True
4231,Pedro Gomes,,,999999999999999,11111111111111,2027-10-09,2026-10-09T17:04:52.531637,True
4232,Ana Almeida,,,,,2027-10-09,2026-10-09T17:04:52.531637,True
4233,Diego Lima,@sem_dominio,,,,2027-10-09,2026-10-09T17:04:52.531637,True
4234,Rafael Souza,@sem_dominio,,,,2027-10-09,2026-10-09T17:04:52.531637,True
4235,Diego Almeida,,,,,2027-10-09,2026-10-09T17:04:52.531637,True
4236,Ana Silva,email@,,,,2027-10-09,2026-10-09T17:04:52.531637,True
4237,Rafael Oliveira,email@,,,,2027-10-09,2026-10-09T17:04:52.531637,True
4238,Bruno Gomes,,,,,2027-10-09,2026-10-09T17:04:52.531637,True
4239,Maria Martins,,,,,2027-10-09,2026-10-09T17:04:52.531637,True
4240,Julia Ferreira,,,abcdefgh,,2027-10-09,2026-10-09T17:04:52.531637,True
4241,Rafael Ferreira,,,,,2027-10-09,2026-10-09T17:04:52.531637,True
4242,Thiago Santos,,,,00000000000,2027-10-09,2026-10-09T17:04:52.531637,True
4243,João Ferreira,,,,00000000000,2027-10-09,2026-10-09T17:04:52.531637,True
4244,João Souza,,200,,00000000000,2027-10-09,2026-10-09T17:04:52.531637,True
4245,Lucas Pereira,,200,,00000000000,2027-10-09,2026-10-09T17:04:52.531637,True
4246,Rafael Almeida,,0,,00000000000,2027-10-09,2026-10-09T17:04:52.531637,True
4247,Thiago Martins,email_sem_arroba.com,0,,00000000000,2027-10-09,2026-10-09T17:04:52.531637,True
4248,Fernanda Lima,email com espaços@teste.com,0,,00000000000,2027-10-09,2026-10-09T17:04:52.531637,True
4249,Larissa Almeida,email com espaços@teste.com,0,,00000000000,2027-10-09,2026-10-09T17:04:52.531637,True
4250,Beatriz Martins,email com espaços@teste.com,0,,00000000000,2027-10-09,2026-10-09T17:04:52.531637,True
4251,Fernanda Costa,email com espaços@teste.com,0,,00000000000,2027-10-09,2026-10-09T17:04:52.531637,True
4252,Beatriz Lima,email com espaços@teste.com,0,,00000000000,2027-10-09,2026-10-09T17:04:52.531637,True
4253,Fernanda Rodrigues,email com espaços@teste.com,0,,00000000000,2027-10-09,2026-10-09T17:04:52.531637,True
4254,Camila Costa,,0,,,2027-10-09,2026-10-09T17:04:52.531637,True
4255,Beatriz Rodrigues,@sem_dominio,0,,,2027-10-09,2026-10-09T17:04:52.531637,True
4256,Ana Almeida,@sem_dominio,0,,,2027-10-09,2026-10-09T17:04:52.531637,True
4257,Beatriz Lima,@sem_dominio,150,,,2027-10-09,2026-10-09T17:04:52.531637,True
4258,Rafael Ferreira,@sem_dominio,150,,00000000000,2027-10-09,2026-10-09T17:04:52.531637,True
4259,Thiago Silva,@sem_dominio,150,,00000000000,2027-10-09,2026-10-09T17:04:52.531637,True
4260,Beatriz Pereira,,150,,,2027-10-09,2026-10-09T17:04:52.531637,True
4261,Fernanda Gomes,,150,,123,2027-10-09,2026-10-09T17:04:52.531637,True
4262,João Lima,,200,,123,2027-10-09,2026-10-09T17:04:52.531637,True
4263,Maria Almeida,,200,,123,2027-10-09,2026-10-09T17:04:52.531637,True
4264,Fernanda Santos,,150,,123,2027-10-09,2026-10-09T17:04:52.531637,True
4265,Larissa Gomes,,150,,123,2027-10-09,2026-10-09T17:04:52.531637,True
4266,Ana Santos,,150,,123,2027-10-09,2026-10-09T17:04:52.531637,True
4267,Bruno Gomes,,150,,123,2027-10-09,2026-10-09T17:04:52.531637,True
4268,Thiago Silva,,150,,,2027-10-09,2026-10-09T17:04:52.531637,True
4269,Fernanda Santos,,,,,2027-10-09,2026-10-09T17:04:52.531637,True
4270,Beatriz Silva,,,123,,2027-10-09,2026-10-09T17:04:52.531637,True
4271,Lucas Souza,,,123,,2027-10-09,2026-10-09T17:04:52.531637,True
4272,Julia Almeida,,150,123,,2027-10-09,2026-10-09T17:04:52.531637,True
4273,Rafael Pereira,,,123,,2027-10-09,2026-10-09T17:04:52.531637,True
4274,Diego Pereira,,,123,,2027-10-09,2026-10-09T17:04:52.531637,True
4275,Larissa Silva,,,123,11111111111111,2027-10-09,2026-10-09T17:04:52.531637,True
4276,Camila Santos,,200,123,11111111111111,2027-10-09,2026-10-09T17:04:52.531637,True
4277,Thiago Pereira,,200,123,11111111111111,2027-10-09,2026-10-09T17:04:52.531637,True
4278,Ana Santos,,200,,,2027-10-09,2026-10-09T17:04:52.531637,True
4279,Maria Rodrigues,,200,,,2027-10-09,2026-10-09T17:04:52.531637,True
4280,Thiago Silva,,200,999999999999999,,2027-10-09,2026-10-09T17:04:52.531637,True
4281,Maria Costa,email com espaços@teste.com,200,999999999999999,,2027-10-09,2026-10-09T17:04:52.531637,True
4282,Ana Souza,,200,999999999999999,,2027-10-09,2026-10-09T17:04:52.531637,True
4283,Pedro Ferreira,@sem_dominio,200,999999999999999,,2027-10-09,2026-10-09T17:04:52.531637,True
4284,Pedro Gomes,@sem_dominio,0,999999999999999,,2027-10-09,2026-10-09T17:04:52.531637,True
4285,Thiago Pereira,@sem_dominio,0,999999999999999,,2027-10-09,2026-10-09T17:04:52.531637,True
4286,Bruno Souza,,0,,,2027-10-09,2026-10-09T17:04:52.531637,True
4287,Pedro Martins,,0,,,2027-10-09,2026-10-09T17:04:52.531637,True
4288,Diego Costa,,0,,,2027-10-09,2026-10-09T17:04:52.531637,True
4289,Maria Gomes,,0,123,,2027-10-09,2026-10-09T17:04:52.531637,True
4290,Rafael Ferreira,,0,123,,2027-10-09,2026-10-09T17:04:52.531637,True
4291,Rafael Santos,,0,,,2027-10-09,2026-10-09T17:04:52.531637,True
4292,Camila Souza,,0,,,2027-10-09,2026-10-09T17:04:52.531637,True
4293,Julia Silva,,0,,123,2027-10-09,2026-10-09T17:04:52.531637,True
4294,Carlos Lima,,0,,123,2027-10-09,2026-10-09T17:04:52.531637,True
4295,Larissa Martins,,0,,11111111111111,2027-10-09,2026-10-09T17:04:52.531637,True
4296,Camila Lima,,0,,11111111111111,2027-10-09,2026-10-09T17:04:52.531637,True
4297,Thiago Costa,,0,,,2027-10-09,2026-10-09T17:04:52.531637,True
4298,Ana Rodrigues,,0,,11111111111111,2027-10-09,2026-10-09T17:04:52.531637,True
4299,Ana Souza,,0,,11111111111111,2027-10-09,2026-10-09T17:04:52.531637,True
4300,Carlos Gomes,,0,,11111111111111,2027-10-09,2026-10-09T17:04:52.531637,True
4301,Bruno Pereira,,0,,123,2027-10-09,2026-10-09T17:04:52.531637,True
4302,Maria Santos,,0,,123,2027-10-09,2026-10-09T17:04:52.531637,True
4303,Julia Silva,,0,,,2027-10-09,2026-10-09T17:04:52.531637,True
4304,João Rodrigues,,0,,,2027-10-09,2026-10-09T17:04:52.531637,True
4305,Carlos Pereira,,0,,,2027-10-09,2026-10-09T17:04:52.531637,True
4306,Pedro Almeida,,0,,,2027-10-09,2026-10-09T17:04:52.531637,True
4307,Diego Lima,,0,,,2027-10-09,2026-10-09T17:04:52.531637,True
4308,Bruno Almeida,,0,,123,2027-10-09,2026-10-09T17:04:52.531637,True
4309,Thiago Oliveira,email_sem_arroba.com,0,,123,2027-10-09,2026-10-09T17:04:52.531637,True
4310,Pedro Martins,email_sem_arroba.com,0,,00000000000,2027-10-09,2026-10-09T17:04:52.531637,True
4311,Carlos Rodrigues,@sem_dominio,0,,00000000000,2027-10-09,2026-10-09T17:04:52.531637,True
4312,Larissa Pereira,@sem_dominio,0,,00000000000,2027-10-09,2026-10-09T17:04:52.531637,True
4313,Diego Lima,@sem_dominio,0,,00000000000,2027-10-09,2026-10-09T17:04:52.531637,True
4314,Fernanda Martins,@sem_dominio,0,,00000000000,2027-10-09,2026-10-09T17:04:52.531637,True
4315,Diego Rodrigues,@sem_dominio,-5,,00000000000,2027-10-09,2026-10-09T17:04:52.531637,True
4316,Bruno Rodrigues,@sem_dominio,-5,123,00000000000,2027-10-09,2026-10-09T17:04:52.531637,True
4317,Maria Almeida,@sem_dominio,200,123,00000000000,2027-10-09,2026-10-09T17:04:52.531637,True
4318,Fernanda Souza,email com espaços@teste.com,200,123,00000000000,2027-10-09,2026-10-09T17:04:52.531637,True
4319,Ana Costa,email com espaços@teste.com,200,,00000000000,2027-10-09,2026-10-09T17:04:52.531637,True
4320,Julia Rodrigues,email com espaços@teste.com,200,abcdefgh,00000000000,2027-10-09,2026-10-09T17:04:52.531637,True
4321,João Almeida,email com espaços@teste.com,200,abcdefgh,00000000000,2027-10-09,2026-10-09T17:04:52.531637,True
4322,Maria Souza,email com espaços@teste.com,200,abcdefgh,00000000000,2027-10-09,2026-10-09T17:04:52.531637,True
4323,Maria Silva,email com espaços@teste.com,200,abcdefgh,00000000000,2027-10-09,2026-10-09T17:04:52.531637,True
4324,Beatriz Santos,email com espaços@teste.com,200,abcdefgh,,2027-10-09,2026-10-09T17:04:52.531637,True
4325,Bruno Costa,email com espaços@teste.com,0,abcdefgh,,2027-10-09,2026-10-09T17:04:52.531637,True
4326,Carlos Silva,,0,,,2027-10-09,2026-10-09T17:04:52.531637,True
4327,Rafael Lima,,0,,,2027-10-09,2026-10-09T17:04:52.531637,True
4328,Julia Santos,email@,0,,,2027-10-09,2026-10-09T17:04:52.531637,True
4329,Julia Rodrigues,email@,0,,11111111111111,2027-10-09,2026-10-09T17:04:52.531637,True
4330,Carlos Costa,email@,-5,,11111111111111,2027-10-09,2026-10-09T17:04:52.531637,True
4331,Pedro Lima,email@,-5,,11111111111111,2027-10-09,2026-10-09T17:04:52.531637,True
4332,Camila Martins,email_sem_arroba.com,-5,,11111111111111,2027-10-09,2026-10-09T17:04:52.531637,True
4333,Ana Oliveira,email_sem_arroba.com,-5,,11111111111111,2027-10-09,2026-10-09T17:04:52.531637,True
4334,Rafael Lima,email_sem_arroba.com,-5,,11111111111111,2027-10-09,2026-10-09T17:04:52.531637,True
4335,Camila Ferreira,,-5,,11111111111111,2027-10-09,2026-10-09T17:04:52.531637,True
4336,Pedro Costa,,-5,,,2027-10-09,2026-10-09T17:04:52.531637,True
4337,Rafael Pereira,,-5,,,2027-10-09,2026-10-09T17:04:52.531637,True
4338,Bruno Martins,,-5,,,2027-10-09,2026-10-09T17:04:52.531637,True
4339,Diego Souza,email com espaços@teste.com,-5,,,2027-10-09,2026-10-09T17:04:52.531637,True
4340,Rafael Martins,email com espaços@teste.com,-5,123,,2027-10-09,2026-10-09T17:04:52.531637,True
4341,Julia Rodrigues,email@,-5,123,,2027-10-09,2026-10-09T17:04:52.531637,True
4342,Thiago Souza,,-5,,,2027-10-09,2026-10-09T17:04:52.531637,True
4343,Camila Costa,,-5,,,2027-10-09,2026-10-09T17:04:52.531637,True
4344,Thiago Souza,,-5,,,2027-10-09,2026-10-09T17:04:52.531637,True
4345,Bruno Rodrigues,,-5,abcdefgh,,2027-10-09,2026-10-09T17:04:52.531637,True
4346,Fernanda Oliveira,,-5,abcdefgh,123,2027-10-09,2026-10-09T17:04:52.531637,True
4347,Camila Oliveira,,-5,abcdefgh,123,2027-10-09,2026-10-09T17:04:52.531637,True
4348,Rafael Lima,,-5,abcdefgh,00000000000,2027-10-09,2026-10-09T17:04:52.531637,True
4349,Bruno Pereira,,-5,abcdefgh,123,2027-10-09,2026-10-09T17:04:52.531637,True
4350,Carlos Lima,,-5,abcdefgh,123,2027-10-09,2026-10-09T17:04:52.531637,True
4351,Diego Oliveira,,-5,abcdefgh,123,2027-10-09,2026-10-09T17:04:52.531637,True
4352,Camila Gomes,,-5,abcdefgh,11111111111111,2027-10-09,2026-10-09T17:04:52.531637,True
4353,Carlos Almeida,,-5,,,2027-10-09,2026-10-09T17:04:52.531637,True
4354,Pedro Souza,email com espaços@teste.com,-5,,,2027-10-09,2026-10-09T17:04:52.531637,True
4355,Larissa Oliveira,email com espaços@teste.com,-5,,11111111111111,2027-10-09,2026-10-09T17:04:52.531637,True
4356,Bruno Martins,,-5,,,2027-10-09,2026-10-09T17:04:52.531637,True
4357,Larissa Santos,,-5,,,2027-10-09,2026-10-09T17:04:52.531637,True
4358,Thiago Costa,,-5,,,2027-10-09,2026-10-09T17:04:52.531637,True
4359,Beatriz Souza,,200,,,2027-10-09,2026-10-09T17:04:52.531637,True
4360,Larissa Lima,,200,,,2027-10-09,2026-10-09T17:04:52.531637,True
4361,Lucas Almeida,,200,,00000000000,2027-10-09,2026-10-09T17:04:52.531637,True
4362,Ana Ferreira,,200,,00000000000,2027-10-09,2026-10-09T17:04:52.531637,True
4363,Carlos Silva,,200,,11111111111111,2027-10-09,2026-10-09T17:04:52.531637,True
4364,Larissa Santos,,200,,11111111111111,2027-10-09,2026-10-09T17:04:52.531637,True
4365,Ana Silva,,,,11111111111111,2027-10-09,2026-10-09T17:04:52.531637,True
4366,Maria Gomes,,,,11111111111111,2027-10-09,2026-10-09T17:04:52.531637,True
4367,Bruno Rodrigues,@sem_dominio,,,11111111111111,2027-10-09,2026-10-09T17:04:52.531637,True
4368,Bruno Silva,@sem_dominio,150,,11111111111111,2027-10-09,2026-10-09T17:04:52.531637,True
4369,Julia Lima,,150,,11111111111111,2027-10-09,2026-10-09T17:04:52.531637,True
4370,Maria Santos,email com espaços@teste.com,150,,11111111111111,2027-10-09,2026-10-09T17:04:52.531637,True
4371,Camila Ferreira,@sem_dominio,150,,11111111111111,2027-10-09,2026-10-09T17:04:52.531637,True
4372,Lucas Almeida,,150,,,2027-10-09,2026-10-09T17:04:52.531637,True
4373,Pedro Almeida,,150,,,2027-10-09,2026-10-09T17:04:52.531637,True
4374,Julia Oliveira,,150,,,2027-10-09,2026-10-09T17:04:52.531637,True
4375,Camila Gomes,,150,999999999999999,,2027-10-09,2026-10-09T17:04:52.531637,True
4376,Lucas Rodrigues,,150,999999999999999,,2027-10-09,2026-10-09T17:04:52.531637,True
4377,Bruno Oliveira,,150,,,2027-10-09,2026-10-09T17:04:52.531637,True
4378,Larissa Gomes,,0,,,2027-10-09,2026-10-09T17:04:52.531637,True
4379,Carlos Almeida,,0,,11111111111111,2027-10-09,2026-10-09T17:04:52.531637,True
4380,Pedro Rodrigues,,0,,00000000000,2027-10-09,2026-10-09T17:04:52.531637,True
4381,Larissa Pereira,,0,,,2027-10-09,2026-10-09T17:04:52.531637,True
4382,Beatriz Almeida,,-5,,,2027-10-09,2026-10-09T17:04:52.531637,True
4383,Thiago Lima,email_sem_arroba.com,-5,,,2027-10-09,2026-10-09T17:04:52.531637,True
4384,Pedro Lima,email com espaços@teste.com,-5,,,2027-10-09,2026-10-09T17:04:52.531637,True
4385,Lucas Almeida,email com espaços@teste.com,-5,,,2027-10-09,2026-10-09T17:04:52.531637,True
4386,Beatriz Almeida,email com espaços@teste.com,-5,,,2027-10-09,2026-10-09T17:04:52.531637,True
4387,Carlos Ferreira,email com espaços@teste.com,-5,,,2027-10-09,2026-10-09T17:04:52.531637,True
4388,Beatriz Santos,email com espaços@teste.com,-5,,123,2027-10-09,2026-10-09T17:04:52.531637,True
4389,Pedro Lima,,-5,,,2027-10-09,2026-10-09T17:04:52.531637,True
4390,Ana Martins,@sem_dominio,-5,,,2027-10-09,2026-10-09T17:04:52.531637,True
4391,Maria Souza,@sem_dominio,-5,,,2027-10-09,2026-10-09T17:04:52.531637,True
4392,Lucas Almeida,,-5,,,2027-10-09,2026-10-09T17:04:52.531637,True
4393,Beatriz Pereira,,-5,,,2027-10-09,2026-10-09T17:04:52.531637,True
4394,Julia Silva,,-5,,,2027-10-09,2026-10-09T17:04:52.531637,True
4395,Maria Ferreira,,-5,,,2027-10-09,2026-10-09T17:04:52.531637,True
4396,Camila Rodrigues,,-5,,,2027-10-09,2026-10-09T17:04:52.531637,True
4397,Diego Ferreira,,-5,,,2027-10-09,2026-10-09T17:04:52.531637,True
4398,João Costa,,-5,,,2027-10-09,2026-10-09T17:04:52.531637,True
4399,Julia Santos,,-5,,,2027-10-09,2026-10-09T17:04:52.531637,True
4400,Larissa Santos,,-5,abcdefgh,,2027-10-09,2026-10-09T17:04:52.531637,True
4401,Ana Souza,,-5,,,2027-10-09,2026-10-09T17:04:52.531637,True
4402,João Rodrigues,,-5,,,2027-10-09,2026-10-09T17:04:52.531637,True
4403,Carlos Gomes,,-5,,,2027-10-09,2026-10-09T17:04:52.531637,True
4404,João Santos,,-5,999999999999999,,2027-10-09,2026-10-09T17:04:52.531637,True
4405,Diego Santos,,-5,123,,2027-10-09,2026-10-09T17:04:52.531637,True
4406,Bruno Almeida,,-5,,,2027-10-09,2026-10-09T17:04:52.531637,True
4407,Camila Rodrigues,,,,,2027-10-09,2026-10-09T17:04:52.531637,True
4408,João Souza,,,,,2027-10-09,2026-10-09T17:04:52.531637,True
4409,Pedro Almeida,,150,,,2027-10-09,2026-10-09T17:04:52.531637,True
4410,Thiago Almeida,,150,,,2027-10-09,2026-10-09T17:04:52.531637,True
4411,Ana Gomes,,150,,123,2027-10-09,2026-10-09T17:04:52.531637,True
4412,Rafael Ferreira,,150,,,2027-10-09,2026-10-09T17:04:52.531637,True
4413,Lucas Souza,,150,,00000000000,2027-10-09,2026-10-09T17:04:52.531637,True
4414,Beatriz Rodrigues,,150,,,2027-10-09,2026-10-09T17:04:52.531637,True
4415,Thiago Santos,,150,abcdefgh,,2027-10-09,2026-10-09T17:04:52.531637,True
4416,Larissa Oliveira,,150,,,2027-10-09,2026-10-09T17:04:52.531637,True
4417,Fernanda Santos,,150,,,2027-10-09,2026-10-09T17:04:52.531637,True
4418,Diego Costa,email_sem_arroba.com,150,,,2027-10-09,2026-10-09T17:04:52.531637,True
4419,Carlos Silva,email_sem_arroba.com,150,,,2027-10-09,2026-10-09T17:04:52.531637,True
4420,Thiago Santos,email_sem_arroba.com,0,,,2027-10-09,2026-10-09T17:04:52.531637,True
4421,Diego Ferreira,,0,,,2027-10-09,2026-10-09T17:04:52.531637,True
4422,Pedro Santos,,0,999999999999999,,2027-10-09,2026-10-09T17:04:52.531637,True
4423,Bruno Silva,,0,,,2027-10-09,2026-10-09T17:04:52.531637,True
4424,Pedro Costa,,0,,,2027-10-09,2026-10-09T17:04:52.531637,True
4425,Beatriz Oliveira,,,,,2027-10-09,2026-10-09T17:04:52.531637,True
4426,Pedro Oliveira,,,,,2027-10-09,2026-10-09T17:04:52.531637,True
4427,Fernanda Ferreira,,,,,2027-10-09,2026-10-09T17:04:52.531637,True
4428,Maria Silva,,,,11111111111111,2027-10-09,2026-10-09T17:04:52.531637,True
4429,Carlos Costa,,0,,11111111111111,2027-10-09,2026-10-09T17:04:52.531637,True
4430,Fernanda Martins,@sem_dominio,0,,11111111111111,2027-10-09,2026-10-09T17:04:52.531637,True
4431,Julia Santos,@sem_dominio,0,,00000000000,2027-10-09,2026-10-09T17:04:52.531637,True
4432,Maria Silva,,0,,00000000000,2027-10-09,2026-10-09T17:04:52.531637,True
4433,Bruno Ferreira,,0,,,2027-10-09,2026-10-09T17:04:52.531637,True
4434,Thiago Almeida,@sem_dominio,0,,,2027-10-09,2026-10-09T17:04:52.531637,True
4435,Fernanda Almeida,@sem_dominio,0,,,2027-10-09,2026-10-09T17:04:52.531637,True
4436,Maria Ferreira,@sem_dominio,-5,,,2027-10-09,2026-10-09T17:04:52.531637,True
4437,Thiago Silva,,-5,,,2027-10-09,2026-10-09T17:04:52.531637,True
4438,Camila Almeida,,150,,,2027-10-09,2026-10-09T17:04:52.531637,True
4439,Julia Souza,,150,,00000000000,2027-10-09,2026-10-09T17:04:52.531637,True
4440,Larissa Costa,,150,,00000000000,2027-10-09,2026-10-09T17:04:52.531637,True
4441,Fernanda Souza,,150,,00000000000,2027-10-09,2026-10-09T17:04:52.531637,True
4442,Rafael Almeida,,150,,00000000000,2027-10-09,2026-10-09T17:04:52.531637,True
4443,Julia Costa,email com espaços@teste.com,150,,00000000000,2027-10-09,2026-10-09T17:04:52.531637,True
4444,Beatriz Gomes,email com espaços@teste.com,150,,00000000000,2027-10-09,2026-10-09T17:04:52.531637,True
4445,João Martins,email com espaços@teste.com,150,,00000000000,2027-10-09,2026-10-09T17:04:52.531637,True
4446,Beatriz Santos,email com espaços@teste.com,150,999999999999999,00000000000,2027-10-09,2026-10-09T17:04:52.531637,True
4447,Fernanda Almeida,email com espaços@teste.com,150,999999999999999,00000000000,2027-10-09,2026-10-09T17:04:52.531637,True
4448,Carlos Souza,,150,999999999999999,00000000000,2027-10-09,2026-10-09T17:04:52.531637,True
4449,Carlos Rodrigues,,150,123,00000000000,2027-10-09,2026-10-09T17:04:52.531637,True
4450,Carlos Santos,,150,999999999999999,00000000000,2027-10-09,2026-10-09T17:04:52.531637,True
4451,Julia Almeida,,150,,,2027-10-09,2026-10-09T17:04:52.531637,True
4452,Julia Almeida,,150,,,2027-10-09,2026-10-09T17:04:52.531637,True
4453,Pedro Gomes,,150,,,2027-10-09,2026-10-09T17:04:52.531637,True
4454,Bruno Costa,email_sem_arroba.com,150,,,2027-10-09,2026-10-09T17:04:52.531637,True
4455,Carlos Santos,,150,,,2027-10-09,2026-10-09T17:04:52.531637,True
4456,Fernanda Santos,,0,,,2027-10-09,2026-10-09T17:04:52.531637,True
4457,Pedro Gomes,,0,,,2027-10-09,2026-10-09T17:04:52.531637,True
4458,Ana Lima,,200,,,2027-10-09,2026-10-09T17:04:52.531637,True
4459,Diego Ferreira,@sem_dominio,200,,,2027-10-09,2026-10-09T17:04:52.531637,True
4460,Pedro Almeida,@sem_dominio,200,,,2027-10-09,2026-10-09T17:04:52.531637,True
4461,Fernanda Martins,@sem_dominio,200,,00000000000,2027-10-09,2026-10-09T17:04:52.531637,True
4462,Pedro Oliveira,@sem_dominio,200,,00000000000,2027-10-09,2026-10-09T17:04:52.531637,True
4463,João Souza,email@,200,,00000000000,2027-10-09,2026-10-09T17:04:52.531637,True
4464,Julia Oliveira,,200,,,2027-10-09,2026-10-09T17:04:52.531637,True
4465,Thiago Silva,@sem_dominio,200,,,2027-10-09,2026-10-09T17:04:52.531637,True
4466,Carlos Martins,@sem_dominio,200,,,2027-10-09,2026-10-09T17:04:52.531637,True
4467,Diego Silva,@sem_dominio,200,,123,2027-10-09,2026-10-09T17:04:52.531637,True
4468,Larissa Santos,,200,,,2027-10-09,2026-10-09T17:04:52.531637,True
4469,Rafael Rodrigues,,200,,,2027-10-09,2026-10-09T17:04:52.531637,True
4470,Larissa Gomes,,200,123,,2027-10-09,2026-10-09T17:04:52.531637,True
4471,Bruno Oliveira,,200,123,,2027-10-09,2026-10-09T17:04:52.531637,True
4472,Ana Santos,,150,123,,2027-10-09,2026-10-09T17:04:52.531637,True
4473,Bruno Souza,,-5,123,,2027-10-09,2026-10-09T17:04:52.531637,True
4474,Julia Almeida,,-5,123,,2027-10-09,2026-10-09T17:04:52.531637,True
4475,Diego Martins,,-5,123,123,2027-10-09,2026-10-09T17:04:52.531637,True
4476,Ana Ferreira,,-5,123,123,2027-10-09,2026-10-09T17:04:52.531637,True
4477,Camila Santos,,-5,123,123,2027-10-09,2026-10-09T17:04:52.531637,True
4478,Julia Santos,,,123,123,2027-10-09,2026-10-09T17:04:52.531637,True
4479,Maria Santos,,,,,2027-10-09,2026-10-09T17:04:52.531637,True
4480,Beatriz Silva,,,,,2027-10-09,2026-10-09T17:04:52.531637,True
4481,Fernanda Gomes,,,,,2027-10-09,2026-10-09T17:04:52.531637,True
4482,Fernanda Rodrigues,,,,,2027-10-09,2026-10-09T17:04:52.531637,True
4483,Bruno Souza,email_sem_arroba.com,,,,2027-10-09,2026-10-09T17:04:52.531637,True
4484,Larissa Martins,,,,,2027-10-09,2026-10-09T17:04:52.531637,True
4485,Thiago Souza,email@,,,,2027-10-09,2026-10-09T17:04:52.531637,True
4486,Bruno Pereira,,,,,2027-10-09,2026-10-09T17:04:52.531637,True
4487,Fernanda Silva,@sem_dominio,,,,2027-10-09,2026-10-09T17:04:52.531637,True
4488,Pedro Santos,@sem_dominio,,,,2027-10-09,2026-10-09T17:04:52.531637,True
4489,Julia Rodrigues,@sem_dominio,,,,2027-10-09,2026-10-09T17:04:52.531637,True
4490,João Costa,@sem_dominio,-5,,,2027-10-09,2026-10-09T17:04:52.531637,True
4491,Maria Rodrigues,,-5,,,2027-10-09,2026-10-09T17:04:52.531637,True
4492,Pedro Rodrigues,,-5,,,2027-10-09,2026-10-09T17:04:52.531637,True
4493,Maria Santos,,-5,,,2027-10-09,2026-10-09T17:04:52.531637,True
4494,Larissa Gomes,,-5,,,2027-10-09,2026-10-09T17:04:52.531637,True
4495,Ana Pereira,,-5,,,2027-10-09,2026-10-09T17:04:52.531637,True
4496,Ana Oliveira,,-5,,00000000000,2027-10-09,2026-10-09T17:04:52.531637,True
4497,Diego Costa,,-5,,00000000000,2027-10-09,2026-10-09T17:04:52.531637,True
4498,Julia Almeida,,-5,,,2027-10-09,2026-10-09T17:04:52.531637,True
4499,Thiago Ferreira,,-5,,,2027-10-09,2026-10-09T17:04:52.531637,True
4500,João Oliveira,,-5,,,2027-10-09,2026-10-09T17:04:52.531637,True
4501,Camila Ferreira,,-5,,,2027-10-09,2026-10-09T17:04:52.531637,True
4502,Ana Gomes,,-5,,,2027-10-09,2026-10-09T17:04:52.531637,True
4503,Bruno Gomes,,-5,,,2027-10-09,2026-10-09T17:04:52.531637,True
4504,Lucas Souza,,-5,,11111111111111,2027-10-09,2026-10-09T17:04:52.531637,True
4505,Pedro Gomes,,-5,,123,2027-10-09,2026-10-09T17:04:52.531637,True
4506,Rafael Martins,,-5,,123,2027-10-09,2026-10-09T17:04:52.531637,True
4507,Bruno Almeida,,-5,,,2027-10-09,2026-10-09T17:04:52.531637,True
4508,Lucas Costa,,-5,,,2027-10-09,2026-10-09T17:04:52.531637,True
4509,Lucas Lima,,-5,,,2027-10-09,2026-10-09T17:04:52.531637,True
4510,Thiago Rodrigues,,0,,,2027-10-09,2026-10-09T17:04:52.531637,True
4511,Rafael Lima,,0,,,2027-10-09,2026-10-09T17:04:52.531637,True
4512,Beatriz Gomes,,0,,,2027-10-09,2026-10-09T17:04:52.531637,True
4513,Camila Silva,,0,,,2027-10-09,2026-10-09T17:04:52.531637,True
4514,Pedro Ferreira,,0,,,2027-10-09,2026-10-09T17:04:52.531637,True
4515,Diego Oliveira,,0,,,2027-10-09,2026-10-09T17:04:52.531637,True
4516,Larissa Rodrigues,,0,,123,2027-10-09,2026-10-09T17:04:52.531637,True
4517,Lucas Almeida,,0,,,2027-10-09,2026-10-09T17:04:52.531637,True
4518,Thiago Ferreira,,0,,123,2027-10-09,2026-10-09T17:04:52.531637,True
4519,Fernanda Martins,,-5,,123,2027-10-09,2026-10-09T17:04:52.531637,True
4520,Bruno Oliveira,,-5,123,123,2027-10-09,2026-10-09T17:04:52.531637,True
4521,Bruno Gomes,,-5,123,123,2027-10-09,2026-10-09T17:04:52.531637,True
4522,Lucas Lima,,-5,123,00000000000,2027-10-09,2026-10-09T17:04:52.531637,True
4523,Larissa Santos,,-5,123,,2027-10-09,2026-10-09T17:04:52.531637,True
4524,Larissa Santos,,-5,123,,2027-10-09,2026-10-09T17:04:52.531637,True
4525,Fernanda Rodrigues,,-5,999999999999999,,2027-10-09,2026-10-09T17:04:52.531637,True
4526,Ana Ferreira,,-5,999999999999999,,2027-10-09,2026-10-09T17:04:52.531637,True
4527,Bruno Costa,,-5,999999999999999,,2027-10-09,2026-10-09T17:04:52.531637,True
4528,Lucas Almeida,,-5,999999999999999,,2027-10-09,2026-10-09T17:04:52.531637,True
4529,Bruno Oliveira,,-5,123,,2027-10-09,2026-10-09T17:04:52.531637,True
4530,Camila Oliveira,,-5,123,,2027-10-09,2026-10-09T17:04:52.531637,True
4531,Diego Souza,,200,123,,2027-10-09,2026-10-09T17:04:52.531637,True
4532,João Pereira,,200,,,2027-10-09,2026-10-09T17:04:52.531637,True
4533,Bruno Almeida,@sem_dominio,200,,,2027-10-09,2026-10-09T17:04:52.531637,True
4534,Bruno Santos,,200,,,2027-10-09,2026-10-09T17:04:52.531637,True
4535,Bruno Gomes,,200,,123,2027-10-09,2026-10-09T17:04:52.531637,True
4536,Bruno Oliveira,,200,,123,2027-10-09,2026-10-09T17:04:52.531637,True
4537,Bruno Santos,,200,,123,2027-10-09,2026-10-09T17:04:52.531637,True
4538,Lucas Rodrigues,,200,,123,2027-10-09,2026-10-09T17:04:52.531637,True
4539,Lucas Santos,,200,,123,2027-10-09,2026-10-09T17:04:52.531637,True
4540,Fernanda Gomes,,200,123,123,2027-10-09,2026-10-09T17:04:52.531637,True
4541,Ana Lima,,200,,,2027-10-09,2026-10-09T17:04:52.531637,True
4542,Diego Oliveira,,200,,,2027-10-09,2026-10-09T17:04:52.531637,True
4543,Camila Almeida,,200,,,2027-10-09,2026-10-09T17:04:52.531637,True
4544,Pedro Almeida,,200,,,2027-10-09,2026-10-09T17:04:52.531637,True
4545,Maria Costa,,-5,,,2027-10-09,2026-10-09T17:04:52.531637,True
4546,Ana Almeida,,-5,,,2027-10-09,2026-10-09T17:04:52.531637,True
4547,Julia Pereira,,150,,,2027-10-09,2026-10-09T17:04:52.531637,True
4548,Carlos Costa,,150,,,2027-10-09,2026-10-09T17:04:52.531637,True
4549,João Oliveira,,150,,,2027-10-09,2026-10-09T17:04:52.531637,True
4550,Pedro Silva,,150,,,2027-10-09,2026-10-09T17:04:52.531637,True
4551,Ana Ferreira,,150,,,2027-10-09,2026-10-09T17:04:52.531637,True
4552,Rafael Martins,email_sem_arroba.com,150,,,2027-10-09,2026-10-09T17:04:52.531637,True
4553,Carlos Santos,email_sem_arroba.com,150,abcdefgh,,2027-10-09,2026-10-09T17:04:52.531637,True
4554,Julia Oliveira,email_sem_arroba.com,150,,,2027-10-09,2026-10-09T17:04:52.531637,True
4555,Camila Santos,email_sem_arroba.com,150,,,2027-10-09,2026-10-09T17:04:52.531637,True
4556,Carlos Pereira,email_sem_arroba.com,150,,,2027-10-09,2026-10-09T17:04:52.531637,True
4557,Lucas Martins,,150,,,2027-10-09,2026-10-09T17:04:52.531637,True
4558,Diego Almeida,,150,,123,2027-10-09,2026-10-09T17:04:52.531637,True
4559,Lucas Souza,,150,,123,2027-10-09,2026-10-09T17:04:52.531637,True
4560,João Pereira,,150,123,123,2027-10-09,2026-10-09T17:04:52.531637,True
4561,Julia Rodrigues,,150,123,123,2027-10-09,2026-10-09T17:04:52.531637,True
4562,Lucas Santos,,0,123,123,2027-10-09,2026-10-09T17:04:52.531637,True
4563,Bruno Souza,,0,123,11111111111111,2027-10-09,2026-10-09T17:04:52.531637,True
4564,Maria Lima,,0,123,11111111111111,2027-10-09,2026-10-09T17:04:52.531637,True
4565,Carlos Almeida,,0,123,00000000000,2027-10-09,2026-10-09T17:04:52.531637,True
4566,Beatriz Lima,,0,abcdefgh,00000000000,2027-10-09,2026-10-09T17:04:52.531637,True
4567,Maria Lima,,0,abcdefgh,00000000000,2027-10-09,2026-10-09T17:04:52.531637,True
4568,Carlos Santos,,0,abcdefgh,,2027-10-09,2026-10-09T17:04:52.531637,True
4569,Larissa Martins,,200,abcdefgh,,2027-10-09,2026-10-09T17:04:52.531637,True
4570,Beatriz Rodrigues,,200,abcdefgh,,2027-10-09,2026-10-09T17:04:52.531637,True
4571,Rafael Gomes,,200,abcdefgh,11111111111111,2027-10-09,2026-10-09T17:04:52.531637,True
4572,Rafael Gomes,,200,,11111111111111,2027-10-09,2026-10-09T17:04:52.531637,True
4573,João Martins,,-5,,11111111111111,2027-10-09,2026-10-09T17:04:52.531637,True
4574,Julia Rodrigues,@sem_dominio,-5,,11111111111111,2027-10-09,2026-10-09T17:04:52.531637,True
4575,João Pereira,@sem_dominio,-5,,11111111111111,2027-10-09,2026-10-09T17:04:52.531637,True
4576,Beatriz Santos,@sem_dominio,-5,,11111111111111,2027-10-09,2026-10-09T17:04:52.531637,True
4577,Fernanda Costa,@sem_dominio,-5,,11111111111111,2027-10-09,2026-10-09T17:04:52.531637,True
4578,Pedro Costa,@sem_dominio,200,,11111111111111,2027-10-09,2026-10-09T17:04:52.531637,True
4579,Maria Souza,,200,,,2027-10-09,2026-10-09T17:04:52.531637,True
4580,Julia Santos,,150,,,2027-10-09,2026-10-09T17:04:52.531637,True
4581,Thiago Martins,,150,,,2027-10-09,2026-10-09T17:04:52.531637,True
4582,Pedro Lima,email@,150,,,2027-10-09,2026-10-09T17:04:52.531637,True
4583,Ana Almeida,email@,-5,,,2027-10-09,2026-10-09T17:04:52.531637,True
4584,Larissa Pereira,email@,-5,,,2027-10-09,2026-10-09T17:04:52.531637,True
4585,Beatriz Pereira,email com espaços@teste.com,-5,,,2027-10-09,2026-10-09T17:04:52.531637,True
4586,Maria Almeida,email com espaços@teste.com,-5,,,2027-10-09,2026-10-09T17:04:52.531637,True
4587,Rafael Souza,email com espaços@teste.com,200,,,2027-10-09,2026-10-09T17:04:52.531637,True
4588,Ana Silva,email com espaços@teste.com,200,,,2027-10-09,2026-10-09T17:04:52.531637,True
4589,Julia Martins,,200,,,2027-10-09,2026-10-09T17:04:52.531637,True
4590,Ana Lima,,200,abcdefgh,,2027-10-09,2026-10-09T17:04:52.531637,True
4591,Thiago Oliveira,,-5,abcdefgh,,2027-10-09,2026-10-09T17:04:52.531637,True
4592,João Martins,,-5,abcdefgh,,2027-10-09,2026-10-09T17:04:52.531637,True
4593,Thiago Silva,,-5,123,,2027-10-09,2026-10-09T17:04:52.531637,True
4594,Maria Pereira,,-5,123,,2027-10-09,2026-10-09T17:04:52.531637,True
4595,Thiago Martins,,-5,123,,2027-10-09,2026-10-09T17:04:52.531637,True
4596,Diego Silva,,-5,123,00000000000,2027-10-09,2026-10-09T17:04:52.531637,True
4597,Beatriz Lima,@sem_dominio,-5,123,00000000000,2027-10-09,2026-10-09T17:04:52.531637,True
4598,Fernanda Costa,@sem_dominio,0,123,00000000000,2027-10-09,2026-10-09T17:04:52.531637,True
4599,João Martins,@sem_dominio,0,,00000000000,2027-10-09,2026-10-09T17:04:52.531637,True
4600,Fernanda Oliveira,email_sem_arroba.com,0,,00000000000,2027-10-09,2026-10-09T17:04:52.531637,True
4601,Camila Ferreira,,0,,,2027-10-09,2026-10-09T17:04:52.531637,True
4602,João Pereira,,0,,,2027-10-09,2026-10-09T17:04:52.531637,True
4603,Ana Pereira,,200,,,2027-10-09,2026-10-09T17:04:52.531637,True
4604,Ana Pereira,@sem_dominio,200,,,2027-10-09,2026-10-09T17:04:52.531637,True
4605,Thiago Lima,@sem_dominio,200,,,2027-10-09,2026-10-09T17:04:52.531637,True
4606,João Gomes,@sem_dominio,200,,00000000000,2027-10-09,2026-10-09T17:04:52.531637,True
4607,João Pereira,@sem_dominio,200,,00000000000,2027-10-09,2026-10-09T17:04:52.531637,True
4608,João Pereira,@sem_dominio,200,,00000000000,2027-10-09,2026-10-09T17:04:52.531637,True
4609,Pedro Souza,@sem_dominio,200,,00000000000,2027-10-09,2026-10-09T17:04:52.531637,True
4610,Lucas Gomes,@sem_dominio,,,00000000000,2027-10-09,2026-10-09T17:04:52.531637,True
4611,Thiago Almeida,@sem_dominio,,,00000000000,2027-10-09,2026-10-09T17:04:52.531637,True
4612,Ana Gomes,,,,,2027-10-09,2026-10-09T17:04:52.531637,True
4613,Rafael Gomes,,,,,2027-10-09,2026-10-09T17:04:52.531637,True
4614,Thiago Lima,,,,,2027-10-09,2026-10-09T17:04:52.531637,True
4615,Maria Oliveira,email_sem_arroba.com,,,,2027-10-09,2026-10-09T17:04:52.531637,True
4616,Carlos Oliveira,,,,,2027-10-09,2026-10-09T17:04:52.531637,True
4617,Rafael Silva,email@,,,,2027-10-09,2026-10-09T17:04:52.531637,True
4618,Beatriz Costa,,,,,2027-10-09,2026-10-09T17:04:52.531637,True
4619,Beatriz Costa,,,,,2027-10-09,2026-10-09T17:04:52.531637,True
4620,Pedro Silva,,,,,2027-10-09,2026-10-09T17:04:52.531637,True
4621,Maria Costa,,,,11111111111111,2027-10-09,2026-10-09T17:04:52.531637,True
4622,Fernanda Pereira,,,,11111111111111,2027-10-09,2026-10-09T17:04:52.531637,True
4623,Maria Lima,,0,,11111111111111,2027-10-09,2026-10-09T17:04:52.531637,True
4624,Bruno Pereira,,-5,,11111111111111,2027-10-09,2026-10-09T17:04:52.531637,True
4625,João Pereira,,-5,,11111111111111,2027-10-09,2026-10-09T17:04:52.531637,True
4626,Fernanda Santos,,-5,,11111111111111,2027-10-09,2026-10-09T17:04:52.531637,True
4627,João Pereira,,-5,123,11111111111111,2027-10-09,2026-10-09T17:04:52.531637,True
4628,Diego Souza,,-5,123,,2027-10-09,2026-10-09T17:04:52.531637,True
4629,Beatriz Martins,,-5,123,,2027-10-09,2026-10-09T17:04:52.531637,True
4630,Maria Gomes,email@,-5,123,,2027-10-09,2026-10-09T17:04:52.531637,True
4631,Lucas Silva,,-5,,,2027-10-09,2026-10-09T17:04:52.531637,True
4632,Fernanda Silva,,-5,123,,2027-10-09,2026-10-09T17:04:52.531637,True
4633,Pedro Rodrigues,,-5,123,11111111111111,2027-10-09,2026-10-09T17:04:52.531637,True
4634,Rafael Ferreira,,-5,123,11111111111111,2027-10-09,2026-10-09T17:04:52.531637,True
4635,Julia Martins,email com espaços@teste.com,-5,123,11111111111111,2027-10-09,2026-10-09T17:04:52.531637,True
4636,Maria Gomes,email com espaços@teste.com,-5,123,11111111111111,2027-10-09,2026-10-09T17:04:52.531637,True
4637,Thiago Lima,email@,-5,123,11111111111111,2027-10-09,2026-10-09T17:04:52.531637,True
4638,Camila Martins,email@,-5,123,11111111111111,2027-10-09,2026-10-09T17:04:52.531637,True
4639,Thiago Almeida,email@,200,123,11111111111111,2027-10-09,2026-10-09T17:04:52.531637,True
4640,Camila Ferreira,,200,,,2027-10-09,2026-10-09T17:04:52.531637,True
4641,Maria Oliveira,,-5,,,2027-10-09,2026-10-09T17:04:52.531637,True
4642,Fernanda Costa,,-5,,,2027-10-09,2026-10-09T17:04:52.531637,True
4643,Fernanda Silva,,-5,abcdefgh,,2027-10-09,2026-10-09T17:04:52.531637,True
4644,Julia Pereira,,-5,999999999999999,,2027-10-09,2026-10-09T17:04:52.531637,True
4645,João Martins,,-5,999999999999999,,2027-10-09,2026-10-09T17:04:52.531637,True
4646,Julia Costa,,-5,999999999999999,00000000000,2027-10-09,2026-10-09T17:04:52.531637,True
4647,Rafael Rodrigues,,-5,,,2027-10-09,2026-10-09T17:04:52.531637,True
4648,Diego Martins,,-5,,,2027-10-09,2026-10-09T17:04:52.531637,True
4649,Beatriz Costa,,-5,,,2027-10-09,2026-10-09T17:04:52.531637,True
4650,Maria Rodrigues,,-5,,,2027-10-09,2026-10-09T17:04:52.531637,True
4651,João Ferreira,@sem_dominio,-5,,,2027-10-09,2026-10-09T17:04:52.531637,True
4652,Diego Silva,email@,-5,,,2027-10-09,2026-10-09T17:04:52.531637,True
4653,Thiago Silva,email@,-5,,00000000000,2027-10-09,2026-10-09T17:04:52.531637,True
4654,João Lima,email@,-5,,123,2027-10-09,2026-10-09T17:04:52.531637,True
4655,Carlos Rodrigues,,-5,,,2027-10-09,2026-10-09T17:04:52.531637,True
4656,Bruno Lima,,-5,,,2027-10-09,2026-10-09T17:04:52.531637,True
4657,Bruno Gomes,,-5,,,2027-10-09,2026-10-09T17:04:52.531637,True
4658,Bruno Souza,,-5,,,2027-10-09,2026-10-09T17:04:52.531637,True
4659,Maria Lima,,-5,,,2027-10-09,2026-10-09T17:04:52.531637,True
4660,Beatriz Gomes,,-5,,,2027-10-09,2026-10-09T17:04:52.531637,True
4661,Fernanda Gomes,,-5,,00000000000,2027-10-09,2026-10-09T17:04:52.531637,True
4662,Pedro Pereira,email@,-5,,00000000000,2027-10-09,2026-10-09T17:04:52.531637,True
4663,Bruno Ferreira,,-5,,,2027-10-09,2026-10-09T17:04:52.531637,True
4664,João Lima,,-5,,,2027-10-09,2026-10-09T17:04:52.531637,True
4665,Fernanda Rodrigues,,-5,,,2027-10-09,2026-10-09T17:04:52.531637,True
4666,Beatriz Pereira,,-5,,,2027-10-09,2026-10-09T17:04:52.531637,True
4667,Pedro Oliveira,,-5,999999999999999,,2027-10-09,2026-10-09T17:04:52.531637,True
4668,Thiago Martins,,-5,999999999999999,,2027-10-09,2026-10-09T17:04:52.531637,True
4669,Bruno Souza,,150,999999999999999,,2027-10-09,2026-10-09T17:04:52.531637,True
4670,Julia Ferreira,,150,999999999999999,,2027-10-09,2026-10-09T17:04:52.531637,True
4671,Diego Rodrigues,,150,999999999999999,,2027-10-09,2026-10-09T17:04:52.531637,True
4672,Ana Almeida,,150,,,2027-10-09,2026-10-09T17:04:52.531637,True
4673,Maria Lima,,150,,,2027-10-09,2026-10-09T17:04:52.531637,True
4674,Larissa Rodrigues,,150,abcdefgh,,2027-10-09,2026-10-09T17:04:52.531637,True
4675,Bruno Silva,,150,abcdefgh,,2027-10-09,2026-10-09T17:04:52.531637,True
4676,Ana Silva,,150,999999999999999,,2027-10-09,2026-10-09T17:04:52.531637,True
4677,João Oliveira,,150,,,2027-10-09,2026-10-09T17:04:52.531637,True
4678,Bruno Silva,,150,,,2027-10-09,2026-10-09T17:04:52.531637,True
4679,Julia Rodrigues,,150,,,2027-10-09,2026-10-09T17:04:52.531637,True
4680,Julia Santos,,150,,,2027-10-09,2026-10-09T17:04:52.531637,True
4681,Larissa Silva,,150,,,2027-10-09,2026-10-09T17:04:52.531637,True
4682,Pedro Costa,,0,,,2027-10-09,2026-10-09T17:04:52.531637,True
4683,Larissa Gomes,,0,,,2027-10-09,2026-10-09T17:04:52.531637,True
4684,Larissa Lima,,0,,,2027-10-09,2026-10-09T17:04:52.531637,True
4685,Camila Lima,email@,0,,,2027-10-09,2026-10-09T17:04:52.531637,True
4686,Thiago Santos,email@,150,,,2027-10-09,2026-10-09T17:04:52.531637,True
4687,Ana Almeida,email_sem_arroba.com,150,,,2027-10-09,2026-10-09T17:04:52.531637,True
4688,Camila Santos,email_sem_arroba.com,150,,,2027-10-09,2026-10-09T17:04:52.531637,True
4689,Beatriz Rodrigues,email_sem_arroba.com,150,abcdefgh,,2027-10-09,2026-10-09T17:04:52.531637,True
4690,Larissa Rodrigues,email_sem_arroba.com,150,abcdefgh,,2027-10-09,2026-10-09T17:04:52.531637,True
4691,Bruno Lima,email_sem_arroba.com,-5,abcdefgh,,2027-10-09,2026-10-09T17:04:52.531637,True
4692,Maria Costa,email_sem_arroba.com,-5,abcdefgh,,2027-10-09,2026-10-09T17:04:52.531637,True
4693,Pedro Silva,@sem_dominio,-5,abcdefgh,,2027-10-09,2026-10-09T17:04:52.531637,True
4694,Diego Oliveira,@sem_dominio,200,abcdefgh,,2027-10-09,2026-10-09T17:04:52.531637,True
4695,Pedro Almeida,@sem_dominio,200,999999999999999,,2027-10-09,2026-10-09T17:04:52.531637,True
4696,João Costa,@sem_dominio,200,,,2027-10-09,2026-10-09T17:04:52.531637,True
4697,Bruno Almeida,email com espaços@teste.com,200,,,2027-10-09,2026-10-09T17:04:52.531637,True
4698,Beatriz Silva,,200,,,2027-10-09,2026-10-09T17:04:52.531637,True
4699,Pedro Lima,,150,,,2027-10-09,2026-10-09T17:04:52.531637,True
4700,Lucas Souza,@sem_dominio,150,,,2027-10-09,2026-10-09T17:04:52.531637,True
4701,Lucas Lima,@sem_dominio,150,123,,2027-10-09,2026-10-09T17:04:52.531637,True
4702,João Souza,@sem_dominio,0,123,,2027-10-09,2026-10-09T17:04:52.531637,True
4703,Larissa Ferreira,@sem_dominio,0,123,11111111111111,2027-10-09,2026-10-09T17:04:52.531637,True
4704,Camila Gomes,,0,,,2027-10-09,2026-10-09T17:04:52.531637,True
4705,Camila Lima,,0,,,2027-10-09,2026-10-09T17:04:52.531637,True
4706,Maria Lima,email_sem_arroba.com,0,,,2027-10-09,2026-10-09T17:04:52.531637,True
4707,Fernanda Rodrigues,email_sem_arroba.com,0,,,2027-10-09,2026-10-09T17:04:52.531637,True
4708,Rafael Lima,email_sem_arroba.com,-5,,,2027-10-09,2026-10-09T17:04:52.531637,True
4709,Larissa Costa,email_sem_arroba.com,,,,2027-10-09,2026-10-09T17:04:52.531637,True
4710,Rafael Gomes,email_sem_arroba.com,,,123,2027-10-09,2026-10-09T17:04:52.531637,True
4711,Fernanda Almeida,email com espaços@teste.com,,,123,2027-10-09,2026-10-09T17:04:52.531637,True
4712,Beatriz Silva,email com espaços@teste.com,,,123,2027-10-09,2026-10-09T17:04:52.531637,True
4713,Rafael Gomes,email com espaços@teste.com,,,123,2027-10-09,2026-10-09T17:04:52.531637,True
4714,João Pereira,email com espaços@teste.com,,,123,2027-10-09,2026-10-09T17:04:52.531637,True
4715,Carlos Costa,email com espaços@teste.com,,,00000000000,2027-10-09,2026-10-09T17:04:52.531637,True
4716,Bruno Almeida,email com espaços@teste.com,150,,00000000000,2027-10-09,2026-10-09T17:04:52.531637,True
4717,Camila Gomes,email com espaços@teste.com,0,,00000000000,2027-10-09,2026-10-09T17:04:52.531637,True
4718,Ana Pereira,email com espaços@teste.com,0,,00000000000,2027-10-09,2026-10-09T17:04:52.531637,True
4719,Bruno Lima,email com espaços@teste.com,0,,00000000000,2027-10-09,2026-10-09T17:04:52.531637,True
4720,Pedro Gomes,email com espaços@teste.com,0,,11111111111111,2027-10-09,2026-10-09T17:04:52.531637,True
4721,Carlos Pereira,email@,0,,11111111111111,2027-10-09,2026-10-09T17:04:52.531637,True
4722,Camila Silva,email@,0,,11111111111111,2027-10-09,2026-10-09T17:04:52.531637,True
4723,Rafael Almeida,,0,,,2027-10-09,2026-10-09T17:04:52.531637,True
4724,Fernanda Ferreira,,0,,00000000000,2027-10-09,2026-10-09T17:04:52.531637,True
4725,Beatriz Costa,,0,,,2027-10-09,2026-10-09T17:04:52.531637,True
4726,Carlos Santos,@sem_dominio,0,,,2027-10-09,2026-10-09T17:04:52.531637,True
4727,Larissa Gomes,@sem_dominio,0,,,2027-10-09,2026-10-09T17:04:52.531637,True
4728,Maria Pereira,@sem_dominio,0,123,,2027-10-09,2026-10-09T17:04:52.531637,True
4729,Rafael Ferreira,email_sem_arroba.com,0,123,,2027-10-09,2026-10-09T17:04:52.531637,True
4730,Pedro Lima,email com espaços@teste.com,0,123,,2027-10-09,2026-10-09T17:04:52.531637,True
4731,Ana Martins,email_sem_arroba.com,0,123,,2027-10-09,2026-10-09T17:04:52.531637,True
4732,Maria Santos,email_sem_arroba.com,0,123,,2027-10-09,2026-10-09T17:04:52.531637,True
4733,Ana Oliveira,@sem_dominio,0,123,,2027-10-09,2026-10-09T17:04:52.531637,True
4734,Thiago Souza,,0,,,2027-10-09,2026-10-09T17:04:52.531637,True
4735,Larissa Costa,,0,,123,2027-10-09,2026-10-09T17:04:52.531637,True
4736,Thiago Lima,,150,,123,2027-10-09,2026-10-09T17:04:52.531637,True
4737,Beatriz Rodrigues,,150,,123,2027-10-09,2026-10-09T17:04:52.531637,True
4738,Bruno Pereira,,150,,123,2027-10-09,2026-10-09T17:04:52.531637,True
4739,Julia Gomes,@sem_dominio,150,,123,2027-10-09,2026-10-09T17:04:52.531637,True
4740,Julia Costa,@sem_dominio,150,,123,2027-10-09,2026-10-09T17:04:52.531637,True
4741,Thiago Costa,@sem_dominio,150,,123,2027-10-09,2026-10-09T17:04:52.531637,True
4742,Diego Pereira,@sem_dominio,150,,123,2027-10-09,2026-10-09T17:04:52.531637,True
4743,Beatriz Santos,,150,,123,2027-10-09,2026-10-09T17:04:52.531637,True
4744,Thiago Silva,,150,,11111111111111,2027-10-09,2026-10-09T17:04:52.531637,True
4745,Thiago Martins,,150,,11111111111111,2027-10-09,2026-10-09T17:04:52.531637,True
4746,Pedro Ferreira,email_sem_arroba.com,150,,11111111111111,2027-10-09,2026-10-09T17:04:52.531637,True
4747,Beatriz Ferreira,email_sem_arroba.com,150,,123,2027-10-09,2026-10-09T17:04:52.531637,True
4748,João Costa,email_sem_arroba.com,150,,123,2027-10-09,2026-10-09T17:04:52.531637,True
4749,Diego Ferreira,email@,150,,123,2027-10-09,2026-10-09T17:04:52.531637,True
4750,Lucas Gomes,email@,150,,123,2027-10-09,2026-10-09T17:04:52.531637,True
4751,Camila Silva,email@,150,,123,2027-10-09,2026-10-09T17:04:52.531637,True
4752,Camila Gomes,email@,150,123,123,2027-10-09,2026-10-09T17:04:52.531637,True
4753,Fernanda Lima,,150,123,123,2027-10-09,2026-10-09T17:04:52.531637,True
4754,Diego Lima,email com espaços@teste.com,150,123,123,2027-10-09,2026-10-09T17:04:52.531637,True
4755,Pedro Rodrigues,,150,123,123,2027-10-09,2026-10-09T17:04:52.531637,True
4756,Bruno Costa,,150,123,123,2027-10-09,2026-10-09T17:04:52.531637,True
4757,Pedro Silva,,150,123,,2027-10-09,2026-10-09T17:04:52.531637,True
4758,Diego Rodrigues,,150,123,,2027-10-09,2026-10-09T17:04:52.531637,True
4759,Rafael Lima,,150,,,2027-10-09,2026-10-09T17:04:52.531637,True
4760,Julia Lima,,0,,,2027-10-09,2026-10-09T17:04:52.531637,True
4761,Maria Silva,,0,,,2027-10-09,2026-10-09T17:04:52.531637,True
4762,Camila Costa,,0,,11111111111111,2027-10-09,2026-10-09T17:04:52.531637,True
4763,Pedro Rodrigues,,0,,123,2027-10-09,2026-10-09T17:04:52.531637,True
4764,Bruno Lima,,0,,123,2027-10-09,2026-10-09T17:04:52.531637,True
4765,Camila Costa,,0,abcdefgh,123,2027-10-09,2026-10-09T17:04:52.531637,True
4766,Ana Oliveira,,0,abcdefgh,,2027-10-09,2026-10-09T17:04:52.531637,True
4767,Lucas Oliveira,,0,abcdefgh,123,2027-10-09,2026-10-09T17:04:52.531637,True
4768,Bruno Silva,,0,,123,2027-10-09,2026-10-09T17:04:52.531637,True
4769,Julia Oliveira,,0,,123,2027-10-09,2026-10-09T17:04:52.531637,True
4770,Ana Almeida,,0,,,2027-10-09,2026-10-09T17:04:52.531637,True
4771,Ana Souza,,0,,,2027-10-09,2026-10-09T17:04:52.531637,True
4772,Maria Pereira,,0,,,2027-10-09,2026-10-09T17:04:52.531637,True
4773,Beatriz Lima,,,,,2027-10-09,2026-10-09T17:04:52.531637,True
4774,Bruno Pereira,,,,,2027-10-09,2026-10-09T17:04:52.531637,True
4775,Bruno Costa,,,,,2027-10-09,2026-10-09T17:04:52.531637,True
4776,Fernanda Oliveira,,,,00000000000,2027-10-09,2026-10-09T17:04:52.531637,True
4777,Larissa Pereira,,0,,00000000000,2027-10-09,2026-10-09T17:04:52.531637,True
4778,Thiago Oliveira,,0,,00000000000,2027-10-09,2026-10-09T17:04:52.531637,True
4779,Rafael Rodrigues,,,,00000000000,2027-10-09,2026-10-09T17:04:52.531637,True
4780,Diego Lima,,,,00000000000,2027-10-09,2026-10-09T17:04:52.531637,True
4781,João Souza,,,,,2027-10-09,2026-10-09T17:04:52.531637,True
4782,Larissa Souza,,,,,2027-10-09,2026-10-09T17:04:52.531637,True
4783,Maria Ferreira,email@,,,,2027-10-09,2026-10-09T17:04:52.531637,True
4784,Julia Martins,email@,,,,2027-10-09,2026-10-09T17:04:52.531637,True
4785,Lucas Oliveira,@sem_dominio,,,,2027-10-09,2026-10-09T17:04:52.531637,True
4786,Carlos Lima,@sem_dominio,,,,2027-10-09,2026-10-09T17:04:52.531637,True
4787,Ana Almeida,,,,,2027-10-09,2026-10-09T17:04:52.531637,True
4788,Fernanda Ferreira,,,,,2027-10-09,2026-10-09T17:04:52.531637,True
4789,Beatriz Souza,,200,,,2027-10-09,2026-10-09T17:04:52.531637,True
4790,Fernanda Costa,,0,,,2027-10-09,2026-10-09T17:04:52.531637,True
4791,Maria Santos,,0,123,,2027-10-09,2026-10-09T17:04:52.531637,True
4792,Diego Rodrigues,,,123,,2027-10-09,2026-10-09T17:04:52.531637,True
4793,Julia Pereira,,150,123,,2027-10-09,2026-10-09T17:04:52.531637,True
4794,Diego Ferreira,,150,123,,2027-10-09,2026-10-09T17:04:52.531637,True
4795,Camila Souza,,150,123,,2027-10-09,2026-10-09T17:04:52.531637,True
4796,Fernanda Souza,,150,123,123,2027-10-09,2026-10-09T17:04:52.531637,True
4797,Bruno Gomes,,200,123,123,2027-10-09,2026-10-09T17:04:52.531637,True
4798,Rafael Martins,,200,123,11111111111111,2027-10-09,2026-10-09T17:04:52.531637,True
4799,Maria Pereira,email_sem_arroba.com,200,123,11111111111111,2027-10-09,2026-10-09T17:04:52.531637,True
4800,Lucas Santos,email_sem_arroba.com,200,123,11111111111111,2027-10-09,2026-10-09T17:04:52.531637,True
4801,Camila Almeida,email_sem_arroba.com,-5,123,11111111111111,2027-10-09,2026-10-09T17:04:52.531637,True
4802,Bruno Almeida,email_sem_arroba.com,0,123,11111111111111,2027-10-09,2026-10-09T17:04:52.531637,True
4803,Beatriz Souza,email_sem_arroba.com,0,123,11111111111111,2027-10-09,2026-10-09T17:04:52.531637,True
4804,Bruno Ferreira,email_sem_arroba.com,0,123,11111111111111,2027-10-09,2026-10-09T17:04:52.531637,True
4805,Ana Martins,email_sem_arroba.com,0,abcdefgh,11111111111111,2027-10-09,2026-10-09T17:04:52.531637,True
4806,Beatriz Ferreira,,0,,,2027-10-09,2026-10-09T17:04:52.531637,True
4807,Rafael Oliveira,,0,,,2027-10-09,2026-10-09T17:04:52.531637,True
4808,Carlos Pereira,,0,,,2027-10-09,2026-10-09T17:04:52.531637,True
4809,Pedro Martins,,0,,,2027-10-09,2026-10-09T17:04:52.531637,True
4810,Diego Lima,,0,,,2027-10-09,2026-10-09T17:04:52.531637,True
4811,Julia Souza,@sem_dominio,0,,,2027-10-09,2026-10-09T17:04:52.531637,True
4812,Camila Almeida,@sem_dominio,0,,,2027-10-09,2026-10-09T17:04:52.531637,True
4813,Pedro Rodrigues,@sem_dominio,0,,,2027-10-09,2026-10-09T17:04:52.531637,True
4814,Pedro Souza,@sem_dominio,0,,,2027-10-09,2026-10-09T17:04:52.531637,True
4815,Fernanda Pereira,@sem_dominio,0,,,2027-10-09,2026-10-09T17:04:52.531637,True
4816,Julia Rodrigues,@sem_dominio,0,,123,2027-10-09,2026-10-09T17:04:52.531637,True
4817,Fernanda Almeida,,0,,123,2027-10-09,2026-10-09T17:04:52.531637,True
4818,Ana Souza,,0,999999999999999,123,2027-10-09,2026-10-09T17:04:52.531637,True
4819,Julia Gomes,,0,999999999999999,123,2027-10-09,2026-10-09T17:04:52.531637,True
4820,Camila Costa,,0,999999999999999,123,2027-10-09,2026-10-09T17:04:52.531637,True
4821,João Martins,,0,999999999999999,123,2027-10-09,2026-10-09T17:04:52.531637,True
4822,Larissa Rodrigues,,0,999999999999999,123,2027-10-09,2026-10-09T17:04:52.531637,True
4823,Lucas Ferreira,,0,123,123,2027-10-09,2026-10-09T17:04:52.531637,True
4824,Camila Costa,email@,0,123,123,2027-10-09,2026-10-09T17:04:52.531637,True
4825,Lucas Rodrigues,email@,0,,123,2027-10-09,2026-10-09T17:04:52.531637,True
4826,Diego Oliveira,email@,150,,123,2027-10-09,2026-10-09T17:04:52.531637,True
4827,Bruno Martins,email@,150,abcdefgh,123,2027-10-09,2026-10-09T17:04:52.531637,True
4828,Diego Pereira,,150,,,2027-10-09,2026-10-09T17:04:52.531637,True
4829,Bruno Lima,,150,,,2027-10-09,2026-10-09T17:04:52.531637,True
4830,Carlos Ferreira,,150,999999999999999,,2027-10-09,2026-10-09T17:04:52.531637,True
4831,Camila Santos,,150,999999999999999,123,2027-10-09,2026-10-09T17:04:52.531637,True
4832,Bruno Pereira,,150,,,2027-10-09,2026-10-09T17:04:52.531637,True
4833,Maria Pereira,,150,,,2027-10-09,2026-10-09T17:04:52.531637,True
4834,Diego Pereira,,150,,,2027-10-09,2026-10-09T17:04:52.531637,True
4835,Rafael Pereira,email com espaços@teste.com,150,,,2027-10-09,2026-10-09T17:04:52.531637,True
4836,Julia Pereira,@sem_dominio,150,,,2027-10-09,2026-10-09T17:04:52.531637,True
4837,João Martins,@sem_dominio,150,,,2027-10-09,2026-10-09T17:04:52.531637,True
4838,Bruno Costa,@sem_dominio,150,999999999999999,,2027-10-09,2026-10-09T17:04:52.531637,True
4839,João Almeida,@sem_dominio,0,999999999999999,,2027-10-09,2026-10-09T17:04:52.531637,True
4840,Fernanda Costa,@sem_dominio,-5,999999999999999,,2027-10-09,2026-10-09T17:04:52.531637,True
4841,Larissa Silva,,-5,999999999999999,,2027-10-09,2026-10-09T17:04:52.531637,True
4842,Beatriz Ferreira,,-5,abcdefgh,,2027-10-09,2026-10-09T17:04:52.531637,True
4843,Larissa Ferreira,,0,abcdefgh,,2027-10-09,2026-10-09T17:04:52.531637,True
4844,Larissa Oliveira,,0,,,2027-10-09,2026-10-09T17:04:52.531637,True
4845,Ana Ferreira,,0,,,2027-10-09,2026-10-09T17:04:52.531637,True
4846,Rafael Silva,,0,,,2027-10-09,2026-10-09T17:04:52.531637,True
4847,Ana Gomes,,0,,11111111111111,2027-10-09,2026-10-09T17:04:52.531637,True
4848,Camila Ferreira,,0,123,11111111111111,2027-10-09,2026-10-09T17:04:52.531637,True
4849,Rafael Pereira,,0,,,2027-10-09,2026-10-09T17:04:52.531637,True
4850,Thiago Almeida,,-5,,,2027-10-09,2026-10-09T17:04:52.531637,True
4851,Pedro Ferreira,,-5,,,2027-10-09,2026-10-09T17:04:52.531637,True
4852,João Costa,,150,,,2027-10-09,2026-10-09T17:04:52.531637,True
4853,Carlos Rodrigues,,150,,,2027-10-09,2026-10-09T17:04:52.531637,True
4854,Maria Silva,,150,,,2027-10-09,2026-10-09T17:04:52.531637,True
4855,Fernanda Pereira,,150,,,2027-10-09,2026-10-09T17:04:52.531637,True
4856,Lucas Souza,,150,,,2027-10-09,2026-10-09T17:04:52.531637,True
4857,Camila Lima,,150,,11111111111111,2027-10-09,2026-10-09T17:04:52.531637,True
4858,Camila Lima,,150,,11111111111111,2027-10-09,2026-10-09T17:04:52.531637,True
4859,Bruno Gomes,email com espaços@teste.com,150,,11111111111111,2027-10-09,2026-10-09T17:04:52.531637,True
4860,Camila Souza,,150,,,2027-10-09,2026-10-09T17:04:52.531637,True
4861,João Lima,,150,abcdefgh,,2027-10-09,2026-10-09T17:04:52.531637,True
4862,Lucas Lima,,150,999999999999999,,2027-10-09,2026-10-09T17:04:52.531637,True
4863,Fernanda Martins,,150,abcdefgh,,2027-10-09,2026-10-09T17:04:52.531637,True
4864,Pedro Silva,,150,,,2027-10-09,2026-10-09T17:04:52.531637,True
4865,Pedro Costa,,150,,,2027-10-09,2026-10-09T17:04:52.531637,True
4866,João Almeida,,150,,,2027-10-09,2026-10-09T17:04:52.531637,True
4867,Larissa Pereira,,150,,,2027-10-09,2026-10-09T17:04:52.531637,True
4868,Camila Santos,,150,,,2027-10-09,2026-10-09T17:04:52.531637,True
4869,Larissa Silva,,150,,,2027-10-09,2026-10-09T17:04:52.531637,True
4870,Thiago Rodrigues,@sem_dominio,150,,,2027-10-09,2026-10-09T17:04:52.531637,True
4871,Maria Souza,@sem_dominio,150,abcdefgh,,2027-10-09,2026-10-09T17:04:52.531637,True
4872,Camila Pereira,,150,,,2027-10-09,2026-10-09T17:04:52.531637,True
4873,Camila Silva,,150,,,2027-10-09,2026-10-09T17:04:52.531637,True
4874,Diego Costa,,150,,,2027-10-09,2026-10-09T17:04:52.531637,True
4875,Carlos Souza,,150,,,2027-10-09,2026-10-09T17:04:52.531637,True
4876,Camila Santos,,150,,,2027-10-09,2026-10-09T17:04:52.531637,True
4877,Larissa Silva,email_sem_arroba.com,150,,,2027-10-09,2026-10-09T17:04:52.531637,True
4878,Camila Almeida,,150,,,2027-10-09,2026-10-09T17:04:52.531637,True
4879,Carlos Silva,,150,,,2027-10-09,2026-10-09T17:04:52.531637,True
4880,Julia Martins,,150,,,2027-10-09,2026-10-09T17:04:52.531637,True
4881,João Pereira,,150,,,2027-10-09,2026-10-09T17:04:52.531637,True
4882,João Ferreira,,150,,,2027-10-09,2026-10-09T17:04:52.531637,True
4883,Maria Gomes,,150,abcdefgh,,2027-10-09,2026-10-09T17:04:52.531637,True
4884,Ana Ferreira,,150,abcdefgh,00000000000,2027-10-09,2026-10-09T17:04:52.531637,True
4885,Pedro Lima,,150,123,00000000000,2027-10-09,2026-10-09T17:04:52.531637,True
4886,Rafael Santos,,150,123,00000000000,2027-10-09,2026-10-09T17:04:52.531637,True
4887,João Ferreira,,150,123,00000000000,2027-10-09,2026-10-09T17:04:52.531637,True
4888,Carlos Lima,,150,123,00000000000,2027-10-09,2026-10-09T17:04:52.531637,True
4889,João Gomes,,150,123,00000000000,2027-10-09,2026-10-09T17:04:52.531637,True
4890,Fernanda Santos,,150,123,00000000000,2027-10-09,2026-10-09T17:04:52.531637,True
4891,Lucas Gomes,,150,123,00000000000,2027-10-09,2026-10-09T17:04:52.531637,True
4892,Maria Rodrigues,,150,123,00000000000,2027-10-09,2026-10-09T17:04:52.531637,True
4893,Fernanda Santos,,150,123,00000000000,2027-10-09,2026-10-09T17:04:52.531637,True
4894,Beatriz Lima,email_sem_arroba.com,150,123,00000000000,2027-10-09,2026-10-09T17:04:52.531637,True
4895,Beatriz Lima,email_sem_arroba.com,150,123,11111111111111,2027-10-09,2026-10-09T17:04:52.531637,True
4896,Ana Costa,email_sem_arroba.com,150,123,11111111111111,2027-10-09,2026-10-09T17:04:52.531637,True
4897,Diego Pereira,email_sem_arroba.com,150,123,00000000000,2027-10-09,2026-10-09T17:04:52.531637,True
4898,Pedro Oliveira,email_sem_arroba.com,150,123,11111111111111,2027-10-09,2026-10-09T17:04:52.531637,True
4899,Maria Rodrigues,email_sem_arroba.com,150,123,11111111111111,2027-10-09,2026-10-09T17:04:52.531637,True
4900,Lucas Silva,,150,,,2027-10-09,2026-10-09T17:04:52.531637,True
4901,Ana Martins,,150,,,2027-10-09,2026-10-09T17:04:52.531637,True
4902,João Santos,,,,,2027-10-09,2026-10-09T17:04:52.531637,True
4903,Pedro Ferreira,,,,,2027-10-09,2026-10-09T17:04:52.531637,True
4904,Larissa Gomes,,150,,,2027-10-09,2026-10-09T17:04:52.531637,True
4905,Julia Rodrigues,,150,abcdefgh,,2027-10-09,2026-10-09T17:04:52.531637,True
4906,Julia Lima,,150,abcdefgh,,2027-10-09,2026-10-09T17:04:52.531637,True
4907,João Martins,,150,,,2027-10-09,2026-10-09T17:04:52.531637,True
4908,João Costa,,150,,,2027-10-09,2026-10-09T17:04:52.531637,True
4909,Carlos Silva,,0,,,2027-10-09,2026-10-09T17:04:52.531637,True
4910,Julia Almeida,,0,,,2027-10-09,2026-10-09T17:04:52.531637,True
4911,Rafael Martins,,0,,00000000000,2027-10-09,2026-10-09T17:04:52.531637,True
4912,Maria Gomes,,0,,00000000000,2027-10-09,2026-10-09T17:04:52.531637,True
4913,Fernanda Lima,,0,,,2027-10-09,2026-10-09T17:04:52.531637,True
4914,Julia Silva,,0,,,2027-10-09,2026-10-09T17:04:52.531637,True
4915,Camila Souza,email com espaços@teste.com,0,,,2027-10-09,2026-10-09T17:04:52.531637,True
4916,Fernanda Gomes,email com espaços@teste.com,0,,,2027-10-09,2026-10-09T17:04:52.531637,True
4917,Carlos Gomes,email com espaços@teste.com,0,,,2027-10-09,2026-10-09T17:04:52.531637,True
4918,Thiago Almeida,email@,0,,,2027-10-09,2026-10-09T17:04:52.531637,True
4919,Carlos Pereira,,0,,,2027-10-09,2026-10-09T17:04:52.531637,True
4920,Larissa Oliveira,,0,,,2027-10-09,2026-10-09T17:04:52.531637,True
4921,Pedro Martins,email_sem_arroba.com,0,,,2027-10-09,2026-10-09T17:04:52.531637,True
4922,Camila Costa,email_sem_arroba.com,150,,,2027-10-09,2026-10-09T17:04:52.531637,True
4923,Bruno Souza,,150,,,2027-10-09,2026-10-09T17:04:52.531637,True
4924,Maria Souza,,150,,,2027-10-09,2026-10-09T17:04:52.531637,True
4925,Julia Costa,,150,,123,2027-10-09,2026-10-09T17:04:52.531637,True
4926,Pedro Pereira,,-5,,123,2027-10-09,2026-10-09T17:04:52.531637,True
4927,Maria Santos,,-5,,11111111111111,2027-10-09,2026-10-09T17:04:52.531637,True
4928,Ana Ferreira,,150,,11111111111111,2027-10-09,2026-10-09T17:04:52.531637,True
4929,Maria Silva,,150,,11111111111111,2027-10-09,2026-10-09T17:04:52.531637,True
4930,Larissa Costa,,150,,11111111111111,2027-10-09,2026-10-09T17:04:52.531637,True
4931,Julia Rodrigues,,150,999999999999999,11111111111111,2027-10-09,2026-10-09T17:04:52.531637,True
4932,Lucas Lima,,150,999999999999999,11111111111111,2027-10-09,2026-10-09T17:04:52.531637,True
4933,Ana Souza,,,999999999999999,11111111111111,2027-10-09,2026-10-09T17:04:52.531637,True
4934,João Ferreira,,,999999999999999,00000000000,2027-10-09,2026-10-09T17:04:52.531637,True
4935,Ana Gomes,,,999999999999999,11111111111111,2027-10-09,2026-10-09T17:04:52.531637,True
4936,Julia Gomes,email@,,999999999999999,11111111111111,2027-10-09,2026-10-09T17:04:52.531637,True
4937,Bruno Ferreira,,,999999999999999,11111111111111,2027-10-09,2026-10-09T17:04:52.531637,True
4938,Rafael Silva,@sem_dominio,,999999999999999,11111111111111,2027-10-09,2026-10-09T17:04:52.531637,True
4939,Ana Pereira,@sem_dominio,,999999999999999,11111111111111,2027-10-09,2026-10-09T17:04:52.531637,True
4940,Rafael Costa,@sem_dominio,,999999999999999,11111111111111,2027-10-09,2026-10-09T17:04:52.531637,True
4941,Julia Costa,,,999999999999999,11111111111111,2027-10-09,2026-10-09T17:04:52.531637,True
4942,Thiago Souza,,,999999999999999,11111111111111,2027-10-09,2026-10-09T17:04:52.531637,True
4943,Larissa Costa,email@,,999999999999999,11111111111111,2027-10-09,2026-10-09T17:04:52.531637,True
4944,Rafael Rodrigues,email@,,999999999999999,11111111111111,2027-10-09,2026-10-09T17:04:52.531637,True
4945,Larissa Ferreira,email@,,999999999999999,11111111111111,2027-10-09,2026-10-09T17:04:52.531637,True
4946,Bruno Costa,email@,,999999999999999,11111111111111,2027-10-09,2026-10-09T17:04:52.531637,True
4947,Julia Gomes,,,,,2027-10-09,2026-10-09T17:04:52.531637,True
4948,Camila Gomes,,,,,2027-10-09,2026-10-09T17:04:52.531637,True
4949,Pedro Lima,,,,,2027-10-09,2026-10-09T17:04:52.531637,True
4950,Fernanda Lima,,,,00000000000,2027-10-09,2026-10-09T17:04:52.531637,True
4951,Thiago Martins,,,,,2027-10-09,2026-10-09T17:04:52.531637,True
4952,Lucas Rodrigues,email_sem_arroba.com,,,,2027-10-09,2026-10-09T17:04:52.531637,True
4953,Pedro Almeida,,,,,2027-10-09,2026-10-09T17:04:52.531637,True
4954,Thiago Costa,,,,,2027-10-09,2026-10-09T17:04:52.531637,True
4955,Bruno Almeida,email_sem_arroba.com,,,,2027-10-09,2026-10-09T17:04:52.531637,True
4956,Camila Costa,email com espaços@teste.com,,,,2027-10-09,2026-10-09T17:04:52.531637,True
4957,Thiago Pereira,email com espaços@teste.com,-5,,,2027-10-09,2026-10-09T17:04:52.531637,True
4958,Pedro Ferreira,email com espaços@teste.com,-5,,,2027-10-09,2026-10-09T17:04:52.531637,True
4959,Julia Santos,email com espaços@teste.com,-5,abcdefgh,,2027-10-09,2026-10-09T17:04:52.531637,True
4960,Carlos Costa,email com espaços@teste.com,-5,abcdefgh,11111111111111,2027-10-09,2026-10-09T17:04:52.531637,True
4961,Larissa Martins,email com espaços@teste.com,-5,abcdefgh,11111111111111,2027-10-09,2026-10-09T17:04:52.531637,True
4962,Lucas Souza,email com espaços@teste.com,-5,,11111111111111,2027-10-09,2026-10-09T17:04:52.531637,True
4963,Larissa Ferreira,email com espaços@teste.com,-5,,11111111111111,2027-10-09,2026-10-09T17:04:52.531637,True
4964,Beatriz Silva,email com espaços@teste.com,-5,,11111111111111,2027-10-09,2026-10-09T17:04:52.531637,True
4965,Larissa Almeida,,-5,,,2027-10-09,2026-10-09T17:04:52.531637,True
4966,Thiago Gomes,,200,,,2027-10-09,2026-10-09T17:04:52.531637,True
4967,Lucas Oliveira,,200,,,2027-10-09,2026-10-09T17:04:52.531637,True
4968,Fernanda Silva,,200,,123,2027-10-09,2026-10-09T17:04:52.531637,True
4969,Fernanda Pereira,,200,999999999999999,123,2027-10-09,2026-10-09T17:04:52.531637,True
4970,Lucas Ferreira,,0,999999999999999,123,2027-10-09,2026-10-09T17:04:52.531637,True
4971,Thiago Costa,,0,,,2027-10-09,2026-10-09T17:04:52.531637,True
4972,Larissa Pereira,,0,999999999999999,,2027-10-09,2026-10-09T17:04:52.531637,True
4973,Beatriz Pereira,,0,,,2027-10-09,2026-10-09T17:04:52.531637,True
4974,Thiago Gomes,,0,,,2027-10-09,2026-10-09T17:04:52.531637,True
4975,Bruno Pereira,email@,0,,,2027-10-09,2026-10-09T17:04:52.531637,True
4976,Ana Gomes,email@,0,,,2027-10-09,2026-10-09T17:04:52.531637,True
4977,Bruno Santos,email@,0,123,,2027-10-09,2026-10-09T17:04:52.531637,True
4978,Bruno Silva,,0,123,,2027-10-09,2026-10-09T17:04:52.531637,True
4979,João Ferreira,,0,,,2027-10-09,2026-10-09T17:04:52.531637,True
4980,Larissa Souza,,0,,00000000000,2027-10-09,2026-10-09T17:04:52.531637,True
4981,Diego Martins,,0,,00000000000,2027-10-09,2026-10-09T17:04:52.531637,True
4982,Maria Oliveira,,0,999999999999999,00000000000,2027-10-09,2026-10-09T17:04:52.531637,True
4983,Thiago Almeida,,0,999999999999999,00000000000,2027-10-09,2026-10-09T17:04:52.531637,True
4984,Thiago Santos,,-5,999999999999999,00000000000,2027-10-09,2026-10-09T17:04:52.531637,True
4985,Pedro Ferreira,,-5,abcdefgh,00000000000,2027-10-09,2026-10-09T17:04:52.531637,True
4986,Fernanda Martins,,-5,abcdefgh,00000000000,2027-10-09,2026-10-09T17:04:52.531637,True
4987,Larissa Costa,,200,abcdefgh,00000000000,2027-10-09,2026-10-09T17:04:52.531637,True
4988,Larissa Gomes,,200,abcdefgh,,2027-10-09,2026-10-09T17:04:52.531637,True
4989,Maria Martins,,200,,,2027-10-09,2026-10-09T17:04:52.531637,True
4990,Pedro Oliveira,,200,abcdefgh,,2027-10-09,2026-10-09T17:04:52.531637,True
4991,Ana Souza,,200,999999999999999,,2027-10-09,2026-10-09T17:04:52.531637,True
4992,Fernanda Oliveira,,200,999999999999999,,2027-10-09,2026-10-09T17:04:52.531637,True
4993,Thiago Pereira,,200,999999999999999,,2027-10-09,2026-10-09T17:04:52.531637,True
4994,Julia Oliveira,,200,,,2027-10-09,2026-10-09T17:04:52.531637,True
4995,Lucas Silva,,200,,,2027-10-09,2026-10-09T17:04:52.531637,True
4996,Rafael Gomes,,200,,,2027-10-09,2026-10-09T17:04:52.531637,True
4997,Rafael Rodrigues,@sem_dominio,200,,,2027-10-09,2026-10-09T17:04:52.531637,True
4998,Camila Lima,,200,,,2027-10-09,2026-10-09T17:04:52.531637,True
4999,Larissa Costa,,-5,,,2027-10-09,2026-10-09T17:04:52.531637,True
5000,Rafael Costa,,200,,,2027-10-09,2026-10-09T17:04:52.531637,True
