id,cliente_id,produto_id,quantidade,valor_total,desconto,data_compra,status,satisfacao,inconsistente
1,1987,2857,-9,2238.91,306.3,2026-02-09T17:04:52.531637,pago,1,True
2,3268,844,-8,2238.91,306.3,2026-02-09T17:04:52.531637,entregue,1,True
3,3891,3395,-8,100.0,150.0,2026-02-09T17:04:52.531637,enviado,1,True
4,3810,2238,-5,100.0,150.0,2026-02-09T17:04:52.531637,enviado,1,True
5,2805,95013,-5,100.0,150.0,2026-02-09T17:04:52.531637,pendente,1,True
6,1848,3624,-10,100.0,150.0,2026-02-09T17:04:52.531637,pago,1,True
7,4743,3465,-10,-520.37,150.0,2026-02-09T17:04:52.531637,cancelado,1,True
8,1791,4775,-7,-520.37,150.0,2026-02-09T17:04:52.531637,pago,1,True
9,2665,3568,-2,-520.37,150.0,2026-02-09T17:04:52.531637,cancelado,1,True
10,163,1478,-2,-520.37,150.0,2026-02-09T17:04:52.531637,pendente,100,True
11,496,4084,-2,-801.41,150.0,2026-02-09T17:04:52.531637,enviado,100,True
12,1543,3352,-3,-801.41,150.0,2026-02-09T17:04:52.531637,pendente,100,True
13,3835,90381,-3,-801.41,150.0,2026-02-09T17:04:52.531637,entregue,100,True
14,4797,4810,-7,-801.41,150.0,2026-02-09T17:04:52.531637,pendente,100,True
15,3616,184,-7,-801.41,150.0,2027-10-09T17:04:52.622067,enviado,100,True
16,3245,3400,-7,-300.02,150.0,2027-10-09T17:04:52.622067,enviado,100,True
17,2238,3466,-2,-300.02,150.0,2027-10-09T17:04:52.622067,pago,100,True
18,4739,2011,-2,-300.02,150.0,2027-10-09T17:04:52.622099,pendente,100,True
19,4861,4896,-9,-300.02,150.0,2027-10-09T17:04:52.622099,enviado,100,True
20,3483,4600,-9,-491.02,150.0,2027-10-09T17:04:52.622099,pendente,100,True
21,2897,4309,-9,-491.02,150.0,2027-10-09T17:04:52.622126,cancelado,100,True
22,2195,3359,-9,-825.06,150.0,2027-10-09T17:04:52.622126,pago,100,True
23,94702,3849,-9,-825.06,150.0,2027-10-09T17:04:52.622126,cancelado,100,True
24,3756,1119,-9,-825.06,150.0,2027-10-09T17:04:52.622153,pago,100,True
25,3317,768,-9,-825.06,150.0,2027-10-09T17:04:52.622153,entregue,10,True
26,4984,3829,-9,100.0,150.0,2027-10-09T17:04:52.622153,entregue,10,True
27,2436,824,-9,100.0,150.0,2027-10-09T17:04:52.622153,pago,6,True
28,99720,4306,-9,100.0,150.0,2027-10-09T17:04:52.622153,entregue,6,True
29,2601,783,-9,100.0,150.0,2027-10-09T17:04:52.622197,cancelado,6,True
30,2213,3164,-9,-97.38,150.0,2027-10-09T17:04:52.622197,pago,6,True
31,2438,3687,-9,-97.38,150.0,2027-10-09T17:04:52.622197,cancelado,100,True
32,3404,2344,-9,-97.38,150.0,2027-10-09T17:04:52.622224,entregue,100,True
33,94353,1877,-9,-97.38,150.0,2027-10-09T17:04:52.622224,entregue,100,True
34,2283,462,-9,-97.38,150.0,2027-10-09T17:04:52.622224,pendente,-1,True
35,980,3097,-1,-97.38,150.0,2027-10-09T17:04:52.622224,entregue,-1,True
36,3179,307,-1,-97.38,150.0,2027-10-09T17:04:52.622262,cancelado,-1,True
37,3842,912,-1,-97.38,150.0,2027-10-09T17:04:52.622262,pendente,6,True
38,93582,1053,-1,-97.38,150.0,2027-10-09T17:04:52.622262,enviado,6,True
39,1291,3176,-1,100.0,150.0,2027-10-09T17:04:52.622262,pago,6,True
40,1142,91926,-1,100.0,150.0,2027-10-09T17:04:52.622262,pendente,6,True
41,3154,4517,-1,100.0,150.0,2027-10-09T17:04:52.622304,pago,6,True
42,328,1240,-1,-121.44,150.0,2027-10-09T17:04:52.622304,entregue,6,True
43,245,4330,-1,100.0,150.0,2027-10-09T17:04:52.622304,pago,6,True
44,144,3848,-1,100.0,150.0,2027-10-09T17:04:52.622304,enviado,6,True
45,97810,1236,-1,100.0,150.0,2027-10-09T17:04:52.622304,entregue,6,True
46,820,5,-1,100.0,150.0,2027-10-09T17:04:52.622304,pendente,6,True
47,4783,682,-1,100.0,150.0,2027-10-09T17:04:52.622355,cancelado,6,True
48,98362,1292,-1,100.0,150.0,2027-10-09T17:04:52.622355,entregue,6,True
49,1991,4189,-1,100.0,150.0,2027-10-09T17:04:52.622355,enviado,6,True
50,4510,3263,-1,100.0,150.0,2027-10-09T17:04:52.622355,entregue,-1,True
51,3570,2100,-7,100.0,150.0,2027-10-09T17:04:52.622355,entregue,-1,True
52,1360,4922,-7,100.0,150.0,2027-10-09T17:04:52.622355,entregue,-1,True
53,4053,94325,-7,100.0,150.0,2027-10-09T17:04:52.622355,entregue,-1,True
54,552,99883,-7,100.0,150.0,2027-10-09T17:04:52.622355,enviado,-1,True
55,337,4824,-7,100.0,150.0,2027-10-09T17:04:52.622424,enviado,-1,True
56,3444,1160,-7,100.0,150.0,2027-10-09T17:04:52.622433,entregue,-1,True
57,2764,1288,-7,-444.14,150.0,2027-10-09T17:04:52.622433,entregue,-1,True
58,1076,1780,-2,-444.14,150.0,2027-10-09T17:04:52.622433,entregue,-1,True
59,3752,4020,-2,100.0,150.0,2027-10-09T17:04:52.622433,pendente,-1,True
60,1253,97562,-2,100.0,150.0,2027-10-09T17:04:52.622433,entregue,-1,True
61,3435,4819,-2,100.0,150.0,2027-10-09T17:04:52.622433,enviado,-1,True
62,2504,95897,-2,100.0,150.0,2027-10-09T17:04:52.622433,entregue,-1,True
63,2989,3729,-2,100.0,150.0,2027-10-09T17:04:52.622433,pendente,-1,True
64,3505,589,-2,-952.89,150.0,2027-10-09T17:04:52.622433,pendente,-1,True
65,2916,1355,-2,-952.89,150.0,2027-10-09T17:04:52.622433,enviado,10,True
66,93848,3508,-2,-952.89,150.0,2027-10-09T17:04:52.622433,enviado,10,True
67,483,900,-9,-952.89,150.0,2027-10-09T17:04:52.622433,pendente,10,True
68,4959,2583,-9,-568.04,150.0,2027-10-09T17:04:52.622433,entregue,10,True
69,2712,90940,-9,-568.04,150.0,2027-10-09T17:04:52.622433,pago,10,True
70,1594,1534,-9,-491.69,150.0,2027-10-09T17:04:52.622433,cancelado,10,True
71,280,4083,-9,100.0,150.0,2027-10-09T17:04:52.622433,entregue,10,True
72,3734,3599,-9,100.0,150.0,2027-10-09T17:04:52.622566,pago,10,True
73,2305,150,-9,-417.22,150.0,2027-10-09T17:04:52.622566,cancelado,10,True
74,985,91667,-9,-417.22,150.0,2027-10-09T17:04:52.622566,cancelado,10,True
75,4883,90081,-9,-417.22,150.0,2027-10-09T17:04:52.622566,enviado,10,True
76,4485,99345,-9,-417.22,150.0,2027-10-09T17:04:52.622566,pago,10,True
77,2535,226,-9,-839.53,150.0,2027-10-09T17:04:52.622566,cancelado,10,True
78,4508,92441,-9,-839.53,150.0,2027-10-09T17:04:52.622566,pendente,10,True
79,96062,3928,-9,-839.53,150.0,2027-10-09T17:04:52.622566,pendente,10,True
80,2729,638,-9,-839.53,150.0,2027-10-09T17:04:52.622634,enviado,10,True
81,4355,3776,-9,-348.31,150.0,2027-10-09T17:04:52.622634,pendente,10,True
82,1239,94471,-9,-348.31,150.0,2027-10-09T17:04:52.622634,entregue,10,True
83,91257,3357,-9,-348.31,150.0,2027-10-09T17:04:52.622634,entregue,10,True
84,2397,91472,-9,-348.31,150.0,2027-10-09T17:04:52.622634,enviado,10,True
85,90780,608,-9,-348.31,150.0,2027-10-09T17:04:52.622634,pendente,10,True
86,93428,1456,-9,-348.31,150.0,2027-10-09T17:04:52.622634,entregue,10,True
87,380,2848,-9,-348.31,150.0,2027-10-09T17:04:52.622634,entregue,,True
88,1499,90479,-9,-348.31,150.0,2027-10-09T17:04:52.622634,pago,,True
89,96013,991,-9,-348.31,150.0,2027-10-09T17:04:52.622634,entregue,,True
90,53,45,-9,-348.31,150.0,2027-10-09T17:04:52.622634,entregue,-1,True
91,97130,2391,-9,-348.31,150.0,2027-10-09T17:04:52.622634,enviado,-1,True
92,2528,749,-9,-899.81,150.0,2027-10-09T17:04:52.622634,entregue,-1,True
93,4549,94708,-9,-899.81,150.0,2027-10-09T17:04:52.622634,enviado,-1,True
94,2902,2984,-9,-899.81,150.0,2027-10-09T17:04:52.622634,pendente,6,True
95,98895,234,-9,-899.81,150.0,2027-10-09T17:04:52.622634,cancelado,6,True
96,2279,3877,-9,-899.81,150.0,2027-10-09T17:04:52.622770,pago,6,True
97,1405,1867,-8,-899.81,150.0,2027-10-09T17:04:52.622770,cancelado,6,True
98,19,3893,-8,-733.52,150.0,2027-10-09T17:04:52.622770,pago,6,True
99,3002,1138,-4,-733.52,150.0,2027-10-09T17:04:52.622770,entregue,6,True
100,3209,4144,-4,-136.38,150.0,2027-10-09T17:04:52.622770,entregue,6,True
101,1617,4774,-4,100.0,150.0,2027-10-09T17:04:52.622770,enviado,6,True
102,2017,4846,-4,100.0,150.0,2027-10-09T17:04:52.622821,cancelado,6,True
103,4849,2057,-5,100.0,150.0,2027-10-09T17:04:52.622821,cancelado,6,True
104,3960,398,-5,100.0,150.0,2027-10-09T17:04:52.622821,pendente,6,True
105,99017,2860,-5,100.0,150.0,2027-10-09T17:04:52.622821,pago,6,True
106,340,1395,-5,-225.01,150.0,2027-10-09T17:04:52.622821,pago,6,True
107,3992,1318,-9,-225.01,150.0,2027-10-09T17:04:52.622821,pago,6,True
108,4207,4840,-9,-321.65,150.0,2027-10-09T17:04:52.622821,entregue,6,True
109,4619,785,-1,-321.65,150.0,2027-10-09T17:04:52.622821,entregue,6,True
110,2872,98092,-1,-321.65,150.0,2027-10-09T17:04:52.622821,pago,6,True
111,3119,442,-1,100.0,150.0,2027-10-09T17:04:52.622821,enviado,6,True
112,2151,2500,-1,-3.07,150.0,2027-10-09T17:04:52.622821,enviado,6,True
113,98859,3152,-1,-3.07,150.0,2027-10-09T17:04:52.622821,cancelado,6,True
114,3574,3067,-2,-3.07,150.0,2027-10-09T17:04:52.622821,enviado,6,True
115,1438,1713,-10,-3.07,150.0,2027-10-09T17:04:52.622821,cancelado,6,True
116,1600,680,-10,-882.98,150.0,2027-10-09T17:04:52.622821,cancelado,6,True
117,4267,3625,-6,-882.98,150.0,2027-10-09T17:04:52.622821,entregue,6,True
118,2783,90618,-6,-882.98,150.0,2027-10-09T17:04:52.622821,pendente,6,True
119,2900,411,-6,100.0,150.0,2027-10-09T17:04:52.622821,enviado,6,True
120,3529,1827,-6,100.0,150.0,2027-10-09T17:04:52.622972,enviado,6,True
121,752,2,-6,100.0,150.0,2027-10-09T17:04:52.622982,enviado,6,True
122,1629,95769,-6,100.0,150.0,2027-10-09T17:04:52.622982,pago,6,True
123,91071,4226,-6,100.0,150.0,2027-10-09T17:04:52.622982,enviado,6,True
124,90605,3577,-6,100.0,150.0,2027-10-09T17:04:52.622982,pendente,6,True
125,1339,96287,-6,100.0,150.0,2027-10-09T17:04:52.622982,pendente,6,True
126,94737,3333,-6,100.0,150.0,2027-10-09T17:04:52.622982,cancelado,6,True
127,90249,4321,-6,100.0,150.0,2027-10-09T17:04:52.622982,cancelado,6,True
128,2110,3239,-7,100.0,150.0,2027-10-09T17:04:52.622982,cancelado,6,True
129,868,3016,-7,100.0,150.0,2027-10-09T17:04:52.623061,pendente,6,True
130,435,1422,-7,100.0,150.0,2027-10-09T17:04:52.623061,pago,10,True
131,3777,3067,-6,100.0,150.0,2027-10-09T17:04:52.623061,pendente,10,True
132,99408,1580,-6,100.0,150.0,2027-10-09T17:04:52.623061,pago,10,True
133,4264,90339,-6,100.0,150.0,2027-10-09T17:04:52.623061,pago,10,True
134,1839,2144,-6,-521.78,150.0,2027-10-09T17:04:52.623061,cancelado,10,True
135,2605,4542,-6,-521.78,150.0,2027-10-09T17:04:52.623061,cancelado,100,True
136,91507,956,-6,-521.78,150.0,2027-10-09T17:04:52.623061,pago,100,True
137,1106,98729,-6,-521.78,150.0,2027-10-09T17:04:52.623061,entregue,100,True
138,1598,3871,-6,100.0,150.0,2027-10-09T17:04:52.623061,entregue,100,True
139,4876,3155,-6,100.0,150.0,2027-10-09T17:04:52.623146,pendente,100,True
140,1612,2138,-6,100.0,150.0,2027-10-09T17:04:52.623146,entregue,,True
141,2715,97166,-6,100.0,150.0,2027-10-09T17:04:52.623146,enviado,,True
142,547,669,-6,100.0,150.0,2027-10-09T17:04:52.623146,pago,,True
143,1956,93105,-6,100.0,150.0,2027-10-09T17:04:52.623146,cancelado,,True
144,90056,3746,-6,100.0,150.0,2027-10-09T17:04:52.623146,enviado,,True
145,2318,93438,-6,100.0,150.0,2027-10-09T17:04:52.623146,pendente,,True
146,3333,3002,-6,-999.62,150.0,2027-10-09T17:04:52.623146,entregue,,True
147,4202,96633,-6,-999.62,150.0,2027-10-09T17:04:52.623146,pago,,True
148,1998,1252,-6,-999.62,150.0,2027-10-09T17:04:52.623146,pendente,,True
149,2037,997,-6,-39.62,150.0,2027-10-09T17:04:52.623146,pago,,True
150,3510,1050,-1,-39.62,150.0,2027-10-09T17:04:52.623146,entregue,,True
151,92509,4463,-1,-39.62,150.0,2027-10-09T17:04:52.623146,enviado,,True
152,4189,1825,-2,-39.62,150.0,2027-10-09T17:04:52.623146,cancelado,,True
153,1452,4089,-2,-39.62,150.0,2027-10-09T17:04:52.623265,pago,,True
154,125,438,-2,-252.68,150.0,2027-10-09T17:04:52.623265,cancelado,,True
155,1903,96990,-2,-252.68,150.0,2027-10-09T17:04:52.623265,pendente,,True
156,4362,3957,-2,-252.68,150.0,2027-10-09T17:04:52.623293,cancelado,,True
157,2917,2075,-2,-252.68,150.0,2027-10-09T17:04:52.623293,entregue,10,True
158,823,2215,-2,-252.68,150.0,2027-10-09T17:04:52.623311,pendente,10,True
159,2167,1884,-2,-252.68,150.0,2027-10-09T17:04:52.623321,enviado,10,True
160,312,1644,-2,-252.68,150.0,2027-10-09T17:04:52.623321,cancelado,,True
161,94596,3671,-2,-252.68,150.0,2027-10-09T17:04:52.623321,entregue,,True
162,2064,2121,-2,-252.68,150.0,2027-10-09T17:04:52.623321,cancelado,,True
163,1687,3776,-2,-252.68,150.0,2027-10-09T17:04:52.623354,cancelado,,True
164,1676,3864,-2,-252.68,150.0,2027-10-09T17:04:52.623354,pago,,True
165,4694,4896,-2,100.0,150.0,2027-10-09T17:04:52.623354,pago,,True
166,3090,4931,-2,-413.41,150.0,2027-10-09T17:04:52.623354,cancelado,,True
167,97475,3154,-2,-413.41,150.0,2027-10-09T17:04:52.623354,enviado,,True
168,1053,902,-2,100.0,150.0,2027-10-09T17:04:52.623354,entregue,,True
169,1226,968,-5,100.0,150.0,2027-10-09T17:04:52.623354,cancelado,,True
170,3351,268,-3,100.0,150.0,2027-10-09T17:04:52.623354,pendente,,True
171,4049,2505,-9,100.0,150.0,2027-10-09T17:04:52.623354,pago,,True
172,4859,93157,-9,100.0,150.0,2027-10-09T17:04:52.623354,cancelado,,True
173,1613,4586,-6,100.0,150.0,2027-10-09T17:04:52.623354,pago,,True
174,2656,2543,-6,100.0,150.0,2027-10-09T17:04:52.623354,pago,,True
175,4766,95757,-6,100.0,150.0,2027-10-09T17:04:52.623354,pendente,,True
176,2232,3835,-6,100.0,150.0,2027-10-09T17:04:52.623354,enviado,,True
177,2800,2180,-6,100.0,150.0,2027-10-09T17:04:52.623354,cancelado,6,True
178,93525,4572,-6,100.0,150.0,2027-10-09T17:04:52.623354,pendente,6,True
179,95965,3855,-6,100.0,150.0,2027-10-09T17:04:52.623354,pago,6,True
180,2495,2501,-6,100.0,150.0,2027-10-09T17:04:52.623494,cancelado,6,True
181,4342,90145,-6,100.0,150.0,2027-10-09T17:04:52.623494,entregue,6,True
182,2180,3176,-6,100.0,150.0,2027-10-09T17:04:52.623511,pago,6,True
183,96025,403,-6,100.0,150.0,2027-10-09T17:04:52.623511,enviado,6,True
184,4442,3623,-3,100.0,150.0,2027-10-09T17:04:52.623511,pendente,6,True
185,237,981,-9,100.0,150.0,2027-10-09T17:04:52.623511,cancelado,6,True
186,96028,2513,-9,100.0,150.0,2027-10-09T17:04:52.623511,entregue,6,True
187,99342,2267,-9,100.0,150.0,2027-10-09T17:04:52.623511,entregue,6,True
188,4878,4046,-9,100.0,150.0,2027-10-09T17:04:52.623564,pendente,6,True
189,3632,1949,-9,100.0,150.0,2027-10-09T17:04:52.623574,cancelado,6,True
190,4825,2606,-9,-570.84,150.0,2027-10-09T17:04:52.623574,cancelado,6,True
191,3506,3718,-9,-97.69,150.0,2027-10-09T17:04:52.623574,entregue,6,True
192,2924,3330,-1,-97.69,150.0,2027-10-09T17:04:52.623574,cancelado,6,True
193,45,1705,-10,-97.69,150.0,2027-10-09T17:04:52.623574,enviado,6,True
194,2609,2944,-10,-97.69,150.0,2027-10-09T17:04:52.623574,cancelado,,True
195,511,497,-4,-97.69,150.0,2027-10-09T17:04:52.623574,cancelado,,True
196,1004,4622,-4,-673.7,150.0,2027-10-09T17:04:52.623574,cancelado,,True
197,1261,3232,-4,-673.7,150.0,2027-10-09T17:04:52.623574,enviado,,True
198,1506,3717,-1,-673.7,150.0,2027-10-09T17:04:52.623574,pendente,,True
199,4050,656,-1,100.0,150.0,2027-10-09T17:04:52.623574,cancelado,,True
200,2846,113,-1,100.0,150.0,2027-10-09T17:04:52.623574,enviado,,True
201,2131,97909,-1,100.0,150.0,2027-10-09T17:04:52.623574,enviado,,True
202,3624,2514,-1,-564.79,150.0,2027-10-09T17:04:52.623574,entregue,,True
203,2728,4715,-1,-356.06,150.0,2027-10-09T17:04:52.623574,enviado,,True
204,3222,90999,-1,-356.06,150.0,2027-10-09T17:04:52.623574,cancelado,,True
205,2574,50,-1,-674.98,150.0,2027-10-09T17:04:52.623574,pago,,True
206,1312,99103,-1,-674.98,150.0,2027-10-09T17:04:52.623574,pendente,,True
207,4247,96396,-1,-674.98,150.0,2027-10-09T17:04:52.623574,entregue,,True
208,553,2790,-1,-674.98,150.0,2027-10-09T17:04:52.623574,entregue,100,True
209,2909,3268,-2,-674.98,150.0,2027-10-09T17:04:52.623574,pendente,100,True
210,4369,1998,-2,-674.98,150.0,2027-10-09T17:04:52.623752,entregue,100,True
211,1255,397,-9,-674.98,150.0,2027-10-09T17:04:52.623752,enviado,100,True
212,1542,1553,-9,100.0,150.0,2027-10-09T17:04:52.623752,entregue,100,True
213,780,3709,-3,100.0,150.0,2027-10-09T17:04:52.623752,pendente,100,True
214,2746,3851,-10,100.0,150.0,2027-10-09T17:04:52.623752,pendente,100,True
215,2770,4648,-10,100.0,150.0,2027-10-09T17:04:52.623752,pendente,10,True
216,1559,1843,-10,100.0,150.0,2027-10-09T17:04:52.623752,entregue,10,True
217,3125,1368,-10,100.0,150.0,2027-10-09T17:04:52.623752,entregue,6,True
218,535,2200,-10,100.0,150.0,2027-10-09T17:04:52.623752,pendente,6,True
219,2306,3422,-10,-457.44,150.0,2027-10-09T17:04:52.623752,pendente,6,True
220,3956,8,-10,-349.57,150.0,2027-10-09T17:04:52.623752,entregue,6,True
221,96261,4126,-10,-349.57,150.0,2027-10-09T17:04:52.623752,cancelado,6,True
222,96628,108,-10,-349.57,150.0,2027-10-09T17:04:52.623752,pendente,6,True
223,3738,99989,-10,-349.57,150.0,2027-10-09T17:04:52.623752,entregue,6,True
224,3434,3020,-10,-349.57,150.0,2027-10-09T17:04:52.623752,enviado,10,True
225,501,2368,-4,-349.57,150.0,2027-10-09T17:04:52.623752,entregue,10,True
226,4318,3604,-4,-349.57,150.0,2027-10-09T17:04:52.623752,enviado,10,True
227,4144,97002,-4,-349.57,150.0,2027-10-09T17:04:52.623752,cancelado,10,True
228,1717,3586,-1,-349.57,150.0,2027-10-09T17:04:52.623752,cancelado,10,True
229,2310,2637,-1,-211.11,150.0,2027-10-09T17:04:52.623752,enviado,10,True
230,3727,2988,-1,-211.11,150.0,2027-10-09T17:04:52.623921,pago,10,True
231,3271,2073,-1,100.0,150.0,2027-10-09T17:04:52.623921,pendente,10,True
232,3678,71,-1,100.0,150.0,2027-10-09T17:04:52.623921,pago,10,True
233,4275,1073,-1,-506.42,150.0,2027-10-09T17:04:52.623921,entregue,10,True
234,2084,3544,-3,-506.42,150.0,2027-10-09T17:04:52.623921,enviado,10,True
235,332,1534,-3,100.0,150.0,2027-10-09T17:04:52.623921,cancelado,10,True
236,1969,1411,-8,100.0,150.0,2027-10-09T17:04:52.623921,enviado,10,True
237,1611,91222,-8,100.0,150.0,2027-10-09T17:04:52.623921,pago,10,True
238,2451,2208,-8,100.0,150.0,2027-10-09T17:04:52.623921,pago,-1,True
239,2865,2846,-8,-861.42,150.0,2027-10-09T17:04:52.623921,entregue,-1,True
240,178,1374,-5,-861.42,150.0,2027-10-09T17:04:52.623921,enviado,-1,True
241,4343,4179,-5,-167.52,150.0,2027-10-09T17:04:52.623921,pago,-1,True
242,4322,1476,-5,-167.52,150.0,2027-10-09T17:04:52.623921,enviado,100,True
243,4063,4071,-5,-167.52,150.0,2027-10-09T17:04:52.624030,pago,100,True
244,93851,639,-5,-167.52,150.0,2027-10-09T17:04:52.624030,pendente,100,True
245,95001,1358,-5,-167.52,150.0,2027-10-09T17:04:52.624030,cancelado,100,True
246,4069,3427,-1,-167.52,150.0,2027-10-09T17:04:52.624030,cancelado,100,True
247,4867,3362,-7,-167.52,150.0,2027-10-09T17:04:52.624030,cancelado,100,True
248,1661,4893,-5,-167.52,150.0,2027-10-09T17:04:52.624030,entregue,100,True
249,4786,3532,-5,-167.52,150.0,2027-10-09T17:04:52.624080,pendente,100,True
250,3236,2193,-5,-167.52,150.0,2027-10-09T17:04:52.624090,pendente,100,True
251,691,96464,-5,-167.52,150.0,2027-10-09T17:04:52.624090,enviado,100,True
252,249,92515,-5,-167.52,150.0,2027-10-09T17:04:52.624090,entregue,100,True
253,2880,3313,-5,-167.52,150.0,2027-10-09T17:04:52.624090,pago,100,True
254,89,92714,-5,-167.52,150.0,2027-10-09T17:04:52.624090,pendente,100,True
255,2979,95609,-5,-167.52,150.0,2027-10-09T17:04:52.624090,cancelado,100,True
256,92066,169,-5,-167.52,150.0,2027-10-09T17:04:52.624090,enviado,100,True
257,2946,2178,-9,-167.52,150.0,2027-10-09T17:04:52.624090,cancelado,100,True
258,3698,1965,-9,-167.52,150.0,2027-10-09T17:04:52.624156,entregue,100,True
259,282,390,-9,100.0,150.0,2027-10-09T17:04:52.624156,pendente,100,True
260,3417,4940,-9,100.0,150.0,2027-10-09T17:04:52.624156,entregue,100,True
261,1211,1630,-9,100.0,150.0,2027-10-09T17:04:52.624182,pago,100,True
262,66,592,-9,100.0,150.0,2027-10-09T17:04:52.624182,pago,100,True
263,1300,1297,-9,100.0,150.0,2027-10-09T17:04:52.624202,cancelado,100,True
264,3200,1573,-9,100.0,150.0,2027-10-09T17:04:52.624202,cancelado,6,True
265,1074,4310,-10,100.0,150.0,2027-10-09T17:04:52.624202,cancelado,6,True
266,177,4445,-10,100.0,150.0,2027-10-09T17:04:52.624228,pago,6,True
267,3671,3012,-10,100.0,150.0,2027-10-09T17:04:52.624228,entregue,,True
268,4140,3065,-10,100.0,150.0,2027-10-09T17:04:52.624228,pendente,,True
269,716,1093,-10,100.0,150.0,2027-10-09T17:04:52.624228,pago,6,True
270,4163,1046,-10,100.0,150.0,2027-10-09T17:04:52.624262,enviado,6,True
271,99724,4891,-10,100.0,150.0,2027-10-09T17:04:52.624262,cancelado,6,True
272,2355,90134,-10,100.0,150.0,2027-10-09T17:04:52.624262,cancelado,6,True
273,1213,4310,-10,100.0,150.0,2027-10-09T17:04:52.624262,cancelado,6,True
274,2445,966,-1,100.0,150.0,2027-10-09T17:04:52.624262,pendente,6,True
275,777,1961,-1,-733.09,150.0,2027-10-09T17:04:52.624262,cancelado,6,True
276,2142,2368,-1,100.0,150.0,2027-10-09T17:04:52.624262,enviado,6,True
277,3364,1433,-1,100.0,150.0,2027-10-09T17:04:52.624262,pendente,,True
278,3502,4923,-1,100.0,150.0,2027-10-09T17:04:52.624328,entregue,,True
279,91699,1223,-1,100.0,150.0,2027-10-09T17:04:52.624328,pago,,True
280,33,3354,-5,100.0,150.0,2027-10-09T17:04:52.624328,cancelado,,True
281,3657,3425,-5,100.0,150.0,2027-10-09T17:04:52.624328,enviado,10,True
282,4359,2906,-5,100.0,150.0,2027-10-09T17:04:52.624328,pendente,10,True
283,381,3158,-5,100.0,150.0,2027-10-09T17:04:52.624373,pendente,10,True
284,1587,542,-5,100.0,150.0,2027-10-09T17:04:52.624385,enviado,10,True
285,96124,365,-5,100.0,150.0,2027-10-09T17:04:52.624385,pago,10,True
286,4719,2188,-5,100.0,150.0,2027-10-09T17:04:52.624385,pago,100,True
287,2158,292,-3,100.0,150.0,2027-10-09T17:04:52.624385,pago,100,True
288,998,95682,-3,100.0,150.0,2027-10-09T17:04:52.624385,entregue,100,True
289,2137,4322,-8,100.0,150.0,2027-10-09T17:04:52.624385,cancelado,100,True
290,3226,92267,-8,100.0,150.0,2027-10-09T17:04:52.624385,cancelado,100,True
291,2970,92788,-8,100.0,150.0,2027-10-09T17:04:52.624385,cancelado,100,True
292,3300,4848,-8,100.0,150.0,2027-10-09T17:04:52.624385,cancelado,100,True
293,1818,3288,-8,100.0,150.0,2027-10-09T17:04:52.624385,entregue,100,True
294,3354,372,-8,-333.32,150.0,2027-10-09T17:04:52.624385,pendente,100,True
295,2465,92373,-8,-333.32,150.0,2027-10-09T17:04:52.624385,cancelado,100,True
296,3918,1010,-8,100.0,150.0,2027-10-09T17:04:52.624385,pago,100,True
297,95648,1335,-8,100.0,150.0,2027-10-09T17:04:52.624385,cancelado,100,True
298,1167,95136,-8,100.0,150.0,2027-10-09T17:04:52.624385,enviado,100,True
299,4894,344,-8,-320.83,150.0,2027-10-09T17:04:52.624385,pendente,100,True
300,3211,268,-8,-320.83,150.0,2027-10-09T17:04:52.624516,enviado,100,True
301,1598,3727,-8,-320.83,150.0,2027-10-09T17:04:52.624516,pago,100,True
302,94370,4206,-8,-320.83,150.0,2027-10-09T17:04:52.624516,cancelado,100,True
303,4227,565,-8,-320.83,150.0,2027-10-09T17:04:52.624516,entregue,10,True
304,3050,3901,-8,-320.83,150.0,2027-10-09T17:04:52.624516,pendente,100,True
305,4885,2197,-4,-320.83,150.0,2027-10-09T17:04:52.624516,cancelado,100,True
306,2633,1139,-4,-320.83,150.0,2027-10-09T17:04:52.624516,pago,6,True
307,2020,4020,-5,-320.83,150.0,2027-10-09T17:04:52.624516,pendente,6,True
308,2021,4756,-5,100.0,150.0,2027-10-09T17:04:52.624516,enviado,6,True
309,1550,4387,-3,100.0,150.0,2027-10-09T17:04:52.624516,pago,6,True
310,2361,530,-3,-387.47,150.0,2027-10-09T17:04:52.624516,enviado,6,True
311,972,1827,-3,-387.47,150.0,2027-10-09T17:04:52.624608,pago,6,True
312,90764,906,-3,-387.47,150.0,2027-10-09T17:04:52.624608,pendente,6,True
313,1527,90062,-3,-387.47,150.0,2027-10-09T17:04:52.624608,enviado,6,True
314,90565,4653,-3,-387.47,150.0,2027-10-09T17:04:52.624608,pago,6,True
315,93016,4403,-3,-387.47,150.0,2027-10-09T17:04:52.624608,pago,6,True
316,3992,91277,-3,-387.47,150.0,2027-10-09T17:04:52.624608,entregue,6,True
317,3670,64,-3,-387.47,150.0,2027-10-09T17:04:52.624608,enviado,6,True
318,264,95981,-3,-387.47,150.0,2027-10-09T17:04:52.624608,enviado,6,True
319,2220,2376,-3,-387.47,150.0,2027-10-09T17:04:52.624674,pago,6,True
320,76,2295,-3,-204.94,150.0,2027-10-09T17:04:52.624674,entregue,6,True
321,1156,95756,-3,-204.94,150.0,2027-10-09T17:04:52.624674,cancelado,6,True
322,33,1330,-3,-204.94,150.0,2027-10-09T17:04:52.624704,cancelado,6,True
323,2253,2323,-3,-204.94,150.0,2027-10-09T17:04:52.624704,pendente,-1,True
324,97543,4599,-3,-204.94,150.0,2027-10-09T17:04:52.624704,pendente,-1,True
325,310,1423,-3,-636.1,150.0,2027-10-09T17:04:52.624704,cancelado,-1,True
326,2846,95255,-3,-636.1,150.0,2027-10-09T17:04:52.624704,entregue,-1,True
327,2972,1707,-7,-636.1,150.0,2027-10-09T17:04:52.624704,cancelado,-1,True
328,2034,3374,-7,-636.1,150.0,2027-10-09T17:04:52.624755,enviado,-1,True
329,475,3090,-7,-636.1,150.0,2027-10-09T17:04:52.624764,entregue,-1,True
330,2638,1051,-7,-660.08,150.0,2027-10-09T17:04:52.624764,cancelado,-1,True
331,3756,4560,-5,-660.08,150.0,2027-10-09T17:04:52.624764,pago,-1,True
332,90090,4769,-5,-660.08,150.0,2027-10-09T17:04:52.624764,pendente,-1,True
333,1849,780,-5,100.0,150.0,2027-10-09T17:04:52.624764,pendente,-1,True
334,4944,93569,-5,100.0,150.0,2027-10-09T17:04:52.624764,pago,-1,True
335,199,1952,-5,100.0,150.0,2027-10-09T17:04:52.624764,entregue,-1,True
336,90701,4861,-5,100.0,150.0,2027-10-09T17:04:52.624764,enviado,-1,True
337,2395,1175,-9,100.0,150.0,2027-10-09T17:04:52.624764,enviado,-1,True
338,2506,93010,-9,100.0,150.0,2027-10-09T17:04:52.624764,pago,-1,True
339,98991,2403,-9,100.0,150.0,2027-10-09T17:04:52.624764,cancelado,-1,True
340,671,3559,-9,-327.28,150.0,2027-10-09T17:04:52.624764,pago,-1,True
341,3292,758,-9,-327.28,150.0,2027-10-09T17:04:52.624866,pendente,-1,True
342,2125,3796,-9,-327.28,150.0,2027-10-09T17:04:52.624866,pendente,10,True
343,2468,633,-9,100.0,150.0,2027-10-09T17:04:52.624866,entregue,10,True
344,2968,96035,-9,100.0,150.0,2027-10-09T17:04:52.624866,cancelado,10,True
345,4206,2063,-9,100.0,150.0,2027-10-09T17:04:52.624866,enviado,10,True
346,1733,1151,-9,-106.31,150.0,2027-10-09T17:04:52.624866,pago,10,True
347,1077,2072,-9,-106.31,150.0,2027-10-09T17:04:52.624866,cancelado,10,True
348,1877,628,-9,100.0,150.0,2027-10-09T17:04:52.624866,cancelado,10,True
349,2177,3183,-9,100.0,150.0,2027-10-09T17:04:52.624866,enviado,,True
350,3959,1440,-9,100.0,150.0,2027-10-09T17:04:52.624941,enviado,,True
351,3689,1766,-9,100.0,150.0,2027-10-09T17:04:52.624950,pendente,,True
352,2493,94028,-9,100.0,150.0,2027-10-09T17:04:52.624950,cancelado,,True
353,92693,4234,-9,100.0,150.0,2027-10-09T17:04:52.624950,entregue,,True
354,4579,4632,-9,100.0,150.0,2027-10-09T17:04:52.624950,entregue,-1,True
355,2838,4492,-9,100.0,150.0,2027-10-09T17:04:52.624950,pendente,100,True
356,1557,3893,-9,100.0,150.0,2027-10-09T17:04:52.624992,pago,100,True
357,3814,2742,-9,100.0,150.0,2027-10-09T17:04:52.624992,entregue,-1,True
358,4246,2644,-9,100.0,150.0,2027-10-09T17:04:52.624992,cancelado,-1,True
359,2111,4762,-9,100.0,150.0,2027-10-09T17:04:52.624992,pago,-1,True
360,3650,1321,-9,100.0,150.0,2027-10-09T17:04:52.624992,pendente,100,True
361,107,2690,-9,100.0,150.0,2027-10-09T17:04:52.625034,pago,100,True
362,283,4517,-6,100.0,150.0,2027-10-09T17:04:52.625034,pago,100,True
363,2647,92511,-6,100.0,150.0,2027-10-09T17:04:52.625034,enviado,100,True
364,97279,1974,-6,100.0,150.0,2027-10-09T17:04:52.625034,entregue,100,True
365,600,1867,-6,100.0,150.0,2027-10-09T17:04:52.625034,entregue,100,True
366,94199,3184,-6,100.0,150.0,2027-10-09T17:04:52.625034,entregue,100,True
367,3484,1646,-3,100.0,150.0,2027-10-09T17:04:52.625034,pago,100,True
368,1821,90849,-3,100.0,150.0,2027-10-09T17:04:52.625034,enviado,100,True
369,1138,2089,-8,100.0,150.0,2027-10-09T17:04:52.625034,pago,100,True
370,1987,2967,-8,100.0,150.0,2027-10-09T17:04:52.625034,entregue,100,True
371,1755,4251,-8,100.0,150.0,2027-10-09T17:04:52.625034,pago,100,True
372,464,2256,-8,100.0,150.0,2027-10-09T17:04:52.625034,enviado,100,True
373,4715,2574,-8,100.0,150.0,2027-10-09T17:04:52.625159,pendente,100,True
374,3033,4389,-7,100.0,150.0,2027-10-09T17:04:52.625159,pago,100,True
375,3898,910,-7,100.0,150.0,2027-10-09T17:04:52.625159,cancelado,100,True
376,2147,3160,-7,100.0,150.0,2027-10-09T17:04:52.625159,cancelado,,True
377,478,1538,-10,100.0,150.0,2027-10-09T17:04:52.625159,pago,,True
378,3319,2355,-10,100.0,150.0,2027-10-09T17:04:52.625206,pendente,,True
379,4355,3836,-10,100.0,150.0,2027-10-09T17:04:52.625216,entregue,,True
380,98968,4275,-10,100.0,150.0,2027-10-09T17:04:52.625216,pago,,True
381,876,126,-10,-975.28,150.0,2027-10-09T17:04:52.625216,entregue,,True
382,4042,4782,-10,-975.28,150.0,2027-10-09T17:04:52.625251,cancelado,,True
383,4806,3553,-10,-758.87,150.0,2027-10-09T17:04:52.625251,enviado,,True
384,4332,3681,-10,100.0,150.0,2027-10-09T17:04:52.625251,pendente,,True
385,2835,3093,-1,100.0,150.0,2027-10-09T17:04:52.625251,enviado,,True
386,98481,1363,-1,100.0,150.0,2027-10-09T17:04:52.625251,enviado,,True
387,1480,3364,-1,-151.15,150.0,2027-10-09T17:04:52.625251,pago,,True
388,3214,94879,-1,-151.15,150.0,2027-10-09T17:04:52.625251,pendente,,True
389,3086,93520,-1,-151.15,150.0,2027-10-09T17:04:52.625251,cancelado,,True
390,92787,4325,-1,-151.15,150.0,2027-10-09T17:04:52.625251,cancelado,,True
391,1654,1973,-1,100.0,150.0,2027-10-09T17:04:52.625251,pago,,True
392,1565,4547,-1,100.0,150.0,2027-10-09T17:04:52.625340,pago,,True
393,217,90035,-1,100.0,150.0,2027-10-09T17:04:52.625340,pago,,True
394,3794,3739,-1,-433.61,150.0,2027-10-09T17:04:52.625340,enviado,,True
395,2101,4327,-1,100.0,150.0,2027-10-09T17:04:52.625340,cancelado,,True
396,99690,1646,-1,100.0,150.0,2027-10-09T17:04:52.625340,enviado,,True
397,1235,2900,-1,100.0,150.0,2027-10-09T17:04:52.625383,cancelado,,True
398,3917,91288,-1,100.0,150.0,2027-10-09T17:04:52.625383,pendente,,True
399,98051,4686,-1,100.0,150.0,2027-10-09T17:04:52.625383,entregue,,True
400,97438,3679,-1,100.0,150.0,2027-10-09T17:04:52.625383,enviado,,True
401,100,3514,-9,100.0,150.0,2027-10-09T17:04:52.625383,cancelado,,True
402,1101,5,-9,-852.52,150.0,2027-10-09T17:04:52.625383,enviado,,True
403,310,2661,-7,-852.52,150.0,2027-10-09T17:04:52.625383,enviado,,True
404,3679,1710,-7,-710.75,150.0,2027-10-09T17:04:52.625383,entregue,,True
405,1300,1139,-7,100.0,150.0,2027-10-09T17:04:52.625383,pendente,,True
406,1789,92542,-7,100.0,150.0,2027-10-09T17:04:52.625383,pago,,True
407,1895,4703,-7,100.0,150.0,2027-10-09T17:04:52.625383,pago,,True
408,2188,2190,-1,100.0,150.0,2027-10-09T17:04:52.625383,entregue,,True
409,2364,186,-1,100.0,150.0,2027-10-09T17:04:52.625487,enviado,,True
410,2638,98831,-1,100.0,150.0,2027-10-09T17:04:52.625487,cancelado,,True
411,2105,4228,-1,100.0,150.0,2027-10-09T17:04:52.625507,pago,,True
412,2336,4194,-1,100.0,150.0,2027-10-09T17:04:52.625507,enviado,6,True
413,2649,4794,-1,100.0,150.0,2027-10-09T17:04:52.625507,enviado,10,True
414,1847,866,-9,100.0,150.0,2027-10-09T17:04:52.625507,entregue,10,True
415,2230,96202,-9,100.0,150.0,2027-10-09T17:04:52.625507,pendente,10,True
416,4806,95421,-9,100.0,150.0,2027-10-09T17:04:52.625507,cancelado,10,True
417,1570,1016,-6,100.0,150.0,2027-10-09T17:04:52.625507,enviado,10,True
418,1490,1818,-6,100.0,150.0,2027-10-09T17:04:52.625507,entregue,10,True
419,1467,3931,-6,100.0,150.0,2027-10-09T17:04:52.625575,entregue,10,True
420,3097,3722,-6,100.0,150.0,2027-10-09T17:04:52.625575,entregue,6,True
421,92522,2845,-6,100.0,150.0,2027-10-09T17:04:52.625575,pendente,6,True
422,773,3684,-9,100.0,150.0,2027-10-09T17:04:52.625575,enviado,6,True
423,3616,97528,-9,100.0,150.0,2027-10-09T17:04:52.625575,cancelado,6,True
424,2494,1896,-9,-564.58,150.0,2027-10-09T17:04:52.625575,entregue,6,True
425,1500,95607,-9,-564.58,150.0,2027-10-09T17:04:52.625575,pendente,6,True
426,3626,3443,-9,100.0,150.0,2027-10-09T17:04:52.625575,pendente,6,True
427,309,370,-9,100.0,150.0,2027-10-09T17:04:52.625640,pago,6,True
428,95977,3447,-9,100.0,150.0,2027-10-09T17:04:52.625640,cancelado,6,True
429,96761,1085,-9,100.0,150.0,2027-10-09T17:04:52.625640,enviado,6,True
430,4329,3781,-9,100.0,150.0,2027-10-09T17:04:52.625640,entregue,6,True
431,1967,877,-9,100.0,150.0,2027-10-09T17:04:52.625640,pendente,,True
432,3157,4591,-9,100.0,150.0,2027-10-09T17:04:52.625681,entregue,,True
433,904,2912,-9,100.0,150.0,2027-10-09T17:04:52.625681,entregue,100,True
434,3707,4548,-9,100.0,150.0,2027-10-09T17:04:52.625698,pago,100,True
435,4723,98362,-9,100.0,150.0,2027-10-09T17:04:52.625698,enviado,100,True
436,300,197,-9,100.0,150.0,2027-10-09T17:04:52.625716,enviado,100,True
437,3362,382,-9,100.0,150.0,2027-10-09T17:04:52.625716,cancelado,6,True
438,1663,98567,-9,100.0,150.0,2027-10-09T17:04:52.625716,pendente,6,True
439,4359,91714,-9,100.0,150.0,2027-10-09T17:04:52.625716,entregue,6,True
440,3405,4489,-9,100.0,150.0,2027-10-09T17:04:52.625716,enviado,6,True
441,91437,4703,-9,100.0,150.0,2027-10-09T17:04:52.625716,cancelado,6,True
442,4610,2126,-4,100.0,150.0,2027-10-09T17:04:52.625716,cancelado,6,True
443,3935,1039,-4,100.0,150.0,2027-10-09T17:04:52.625716,entregue,-1,True
444,4243,448,-4,100.0,150.0,2027-10-09T17:04:52.625716,entregue,-1,True
445,2323,4943,-4,100.0,150.0,2027-10-09T17:04:52.625790,enviado,-1,True
446,4209,1478,-8,100.0,150.0,2027-10-09T17:04:52.625790,pago,-1,True
447,4990,1301,-8,-671.3,150.0,2027-10-09T17:04:52.625790,pendente,-1,True
448,4656,3852,-8,-708.91,150.0,2027-10-09T17:04:52.625790,cancelado,-1,True
449,4954,4158,-8,-441.34,150.0,2027-10-09T17:04:52.625790,cancelado,-1,True
450,330,4365,-8,-441.34,150.0,2027-10-09T17:04:52.625790,entregue,10,True
451,2850,4948,-8,100.0,150.0,2027-10-09T17:04:52.625790,pago,10,True
452,2809,3957,-10,100.0,150.0,2027-10-09T17:04:52.625790,enviado,10,True
453,2408,2028,-10,100.0,150.0,2027-10-09T17:04:52.625790,entregue,10,True
454,628,137,-10,-850.21,150.0,2027-10-09T17:04:52.625790,cancelado,10,True
455,4876,1381,-10,100.0,150.0,2027-10-09T17:04:52.625790,cancelado,10,True
456,4846,1761,-10,100.0,150.0,2027-10-09T17:04:52.625880,cancelado,10,True
457,4628,2669,-10,100.0,150.0,2027-10-09T17:04:52.625880,entregue,10,True
458,2301,2624,-6,100.0,150.0,2027-10-09T17:04:52.625880,cancelado,10,True
459,3620,1953,-6,100.0,150.0,2027-10-09T17:04:52.625880,pago,10,True
460,3076,1794,-6,100.0,150.0,2027-10-09T17:04:52.625916,cancelado,10,True
461,96628,3086,-6,100.0,150.0,2027-10-09T17:04:52.625916,enviado,10,True
462,2290,98999,-6,100.0,150.0,2027-10-09T17:04:52.625916,entregue,10,True
463,312,168,-6,-343.38,150.0,2027-10-09T17:04:52.625916,enviado,10,True
464,286,762,-6,100.0,150.0,2027-10-09T17:04:52.625916,entregue,10,True
465,2916,3690,-6,100.0,150.0,2027-10-09T17:04:52.625958,pago,10,True
466,4616,3082,-6,-534.32,150.0,2027-10-09T17:04:52.625958,pago,10,True
467,92547,3819,-6,-534.32,150.0,2027-10-09T17:04:52.625958,cancelado,10,True
468,962,2629,-6,-5.48,150.0,2027-10-09T17:04:52.625958,pago,10,True
469,4702,3334,-6,100.0,150.0,2027-10-09T17:04:52.625958,enviado,10,True
470,4056,1595,-6,-742.37,150.0,2027-10-09T17:04:52.625958,pendente,10,True
471,97855,2888,-6,-742.37,150.0,2027-10-09T17:04:52.625958,entregue,10,True
472,97789,3490,-6,-742.37,150.0,2027-10-09T17:04:52.625958,entregue,10,True
473,4553,3184,-6,-742.37,150.0,2027-10-09T17:04:52.626028,pago,10,True
474,90505,4696,-6,-742.37,150.0,2027-10-09T17:04:52.626028,enviado,10,True
475,572,395,-4,-742.37,150.0,2027-10-09T17:04:52.626028,pago,10,True
476,93572,1902,-4,-742.37,150.0,2027-10-09T17:04:52.626028,entregue,10,True
477,4742,98577,-4,-742.37,150.0,2027-10-09T17:04:52.626028,entregue,10,True
478,2613,2141,-4,-224.48,150.0,2027-10-09T17:04:52.626028,entregue,10,True
479,2296,1267,-7,-224.48,150.0,2027-10-09T17:04:52.626028,pendente,10,True
480,92193,2873,-7,-224.48,150.0,2027-10-09T17:04:52.626028,enviado,10,True
481,94139,4490,-7,-224.48,150.0,2027-10-09T17:04:52.626028,entregue,10,True
482,4481,99781,-7,-224.48,150.0,2027-10-09T17:04:52.626028,enviado,10,True
483,98302,2891,-7,-224.48,150.0,2027-10-09T17:04:52.626028,enviado,10,True
484,4177,1354,-7,-224.48,150.0,2027-10-09T17:04:52.626128,entregue,10,True
485,1840,4356,-5,-224.48,150.0,2027-10-09T17:04:52.626128,pago,10,True
486,1597,4948,-8,-224.48,150.0,2027-10-09T17:04:52.626128,enviado,10,True
487,4859,1597,-1,-224.48,150.0,2027-10-09T17:04:52.626128,pago,10,True
488,3640,98117,-1,-224.48,150.0,2027-10-09T17:04:52.626128,cancelado,10,True
489,3711,3307,-1,-224.48,150.0,2027-10-09T17:04:52.626169,cancelado,10,True
490,1681,94444,-1,-224.48,150.0,2027-10-09T17:04:52.626169,pago,10,True
491,3047,4521,-1,-585.16,150.0,2027-10-09T17:04:52.626169,cancelado,10,True
492,3559,3109,-1,-585.16,150.0,2027-10-09T17:04:52.626196,entregue,10,True
493,464,808,-1,-585.16,150.0,2027-10-09T17:04:52.626205,cancelado,10,True
494,4542,94501,-1,-585.16,150.0,2027-10-09T17:04:52.626205,pendente,10,True
495,1095,3277,-10,-585.16,150.0,2027-10-09T17:04:52.626205,enviado,10,True
496,3295,92766,-10,-585.16,150.0,2027-10-09T17:04:52.626205,pendente,10,True
497,4028,3890,-10,-585.16,150.0,2027-10-09T17:04:52.626240,cancelado,10,True
498,4567,4140,-10,-585.16,150.0,2027-10-09T17:04:52.626250,cancelado,10,True
499,4541,4479,-10,100.0,150.0,2027-10-09T17:04:52.626250,enviado,10,True
500,98197,4050,-10,100.0,150.0,2027-10-09T17:04:52.626250,pago,10,True
501,2721,3138,-10,100.0,150.0,2027-10-09T17:04:52.626274,pendente,10,True
502,3274,99686,-10,100.0,150.0,2027-10-09T17:04:52.626274,enviado,10,True
503,4046,91718,-10,100.0,150.0,2027-10-09T17:04:52.626274,pago,10,True
504,88,3376,-10,100.0,150.0,2027-10-09T17:04:52.626300,pago,10,True
505,3643,2515,-10,-421.59,150.0,2027-10-09T17:04:52.626300,cancelado,10,True
506,321,682,-10,-421.59,150.0,2027-10-09T17:04:52.626318,pendente,10,True
507,2979,3855,-4,-421.59,150.0,2027-10-09T17:04:52.626318,entregue,10,True
508,2906,99844,-4,-421.59,150.0,2027-10-09T17:04:52.626318,cancelado,10,True
509,1610,4146,-1,-421.59,150.0,2027-10-09T17:04:52.626318,entregue,10,True
510,4394,4322,-1,-421.59,150.0,2027-10-09T17:04:52.626351,enviado,10,True
511,3122,1748,-1,100.0,150.0,2027-10-09T17:04:52.626351,entregue,10,True
512,2329,1105,-1,100.0,150.0,2027-10-09T17:04:52.626351,cancelado,100,True
513,3177,2171,-1,100.0,150.0,2027-10-09T17:04:52.626376,pendente,100,True
514,553,2757,-1,-692.62,150.0,2027-10-09T17:04:52.626376,pendente,100,True
515,2216,99850,-1,-692.62,150.0,2027-10-09T17:04:52.626376,enviado,100,True
516,585,94965,-1,-692.62,150.0,2027-10-09T17:04:52.626376,pago,100,True
517,2967,2963,-2,-692.62,150.0,2027-10-09T17:04:52.626376,cancelado,100,True
518,980,2924,-2,-692.62,150.0,2027-10-09T17:04:52.626420,pendente,100,True
519,2734,4470,-2,-692.62,150.0,2027-10-09T17:04:52.626420,pago,-1,True
520,92266,3950,-2,-692.62,150.0,2027-10-09T17:04:52.626420,pendente,-1,True
521,3186,996,-2,-692.62,150.0,2027-10-09T17:04:52.626445,entregue,-1,True
522,2707,3401,-2,-692.62,150.0,2027-10-09T17:04:52.626456,entregue,-1,True
523,2838,4673,-2,-268.27,150.0,2027-10-09T17:04:52.626456,entregue,-1,True
524,166,4867,-9,-268.27,150.0,2027-10-09T17:04:52.626456,pendente,-1,True
525,3641,1251,-9,-468.92,150.0,2027-10-09T17:04:52.626456,enviado,-1,True
526,1724,4436,-9,-998.54,150.0,2027-10-09T17:04:52.626456,enviado,-1,True
527,4952,2670,-9,-998.54,150.0,2027-10-09T17:04:52.626499,pendente,-1,True
528,2438,939,-9,100.0,150.0,2027-10-09T17:04:52.626499,cancelado,-1,True
529,231,1738,-9,100.0,150.0,2027-10-09T17:04:52.626499,cancelado,100,True
530,4744,2113,-9,100.0,150.0,2027-10-09T17:04:52.626499,cancelado,100,True
531,2830,1753,-9,100.0,150.0,2027-10-09T17:04:52.626499,pago,100,True
532,238,3212,-10,100.0,150.0,2027-10-09T17:04:52.626499,cancelado,100,True
533,3466,3359,-10,100.0,150.0,2027-10-09T17:04:52.626499,entregue,100,True
534,3202,2458,-10,100.0,150.0,2027-10-09T17:04:52.626499,pendente,100,True
535,77,92063,-10,100.0,150.0,2027-10-09T17:04:52.626499,enviado,100,True
536,2473,3502,-10,100.0,150.0,2027-10-09T17:04:52.626574,pendente,100,True
537,213,3865,-10,100.0,150.0,2027-10-09T17:04:52.626574,cancelado,100,True
538,2254,90634,-10,100.0,150.0,2027-10-09T17:04:52.626574,entregue,100,True
539,3251,3450,-10,-243.29,150.0,2027-10-09T17:04:52.626574,enviado,100,True
540,95080,2745,-10,-243.29,150.0,2027-10-09T17:04:52.626574,pendente,100,True
541,4347,352,-10,-85.58,150.0,2027-10-09T17:04:52.626574,cancelado,100,True
542,1970,4341,-10,-85.58,150.0,2027-10-09T17:04:52.626574,entregue,,True
543,92943,4107,-10,-85.58,150.0,2027-10-09T17:04:52.626574,pendente,,True
544,922,95738,-10,-85.58,150.0,2027-10-09T17:04:52.626574,pendente,,True
545,4066,2733,-10,-85.58,150.0,2027-10-09T17:04:52.626652,pendente,,True
546,1095,4442,-10,100.0,150.0,2027-10-09T17:04:52.626652,enviado,,True
547,590,2457,-10,-359.97,150.0,2027-10-09T17:04:52.626652,cancelado,,True
548,1874,4782,-10,-359.97,150.0,2027-10-09T17:04:52.626677,entregue,,True
549,4157,96670,-10,-359.97,150.0,2027-10-09T17:04:52.626677,pago,,True
550,4541,4844,-6,-359.97,150.0,2027-10-09T17:04:52.626677,entregue,,True
551,738,99388,-6,-359.97,150.0,2027-10-09T17:04:52.626677,enviado,,True
552,2990,1953,-6,-334.2,150.0,2027-10-09T17:04:52.626677,enviado,,True
553,2636,4851,-6,100.0,150.0,2027-10-09T17:04:52.626677,pago,,True
554,3507,93879,-6,100.0,150.0,2027-10-09T17:04:52.626677,entregue,,True
555,4140,514,-4,100.0,150.0,2027-10-09T17:04:52.626677,entregue,,True
556,98966,4622,-4,100.0,150.0,2027-10-09T17:04:52.626677,pendente,,True
557,1747,485,-4,-689.54,150.0,2027-10-09T17:04:52.626677,cancelado,,True
558,1152,351,-4,-652.88,150.0,2027-10-09T17:04:52.626677,enviado,,True
559,4034,93477,-4,-652.88,150.0,2027-10-09T17:04:52.626677,entregue,,True
560,1271,2605,-4,100.0,150.0,2027-10-09T17:04:52.626677,entregue,,True
561,1544,2203,-4,100.0,150.0,2027-10-09T17:04:52.626677,cancelado,-1,True
562,3891,2524,-4,-265.34,150.0,2027-10-09T17:04:52.626677,pago,-1,True
563,2208,3518,-4,-265.34,150.0,2027-10-09T17:04:52.626677,pago,100,True
564,94580,4639,-4,-265.34,150.0,2027-10-09T17:04:52.626677,pago,100,True
565,1271,93154,-4,-265.34,150.0,2027-10-09T17:04:52.626677,entregue,100,True
566,97595,1783,-4,-265.34,150.0,2027-10-09T17:04:52.626677,pendente,100,True
567,1657,4275,-3,-265.34,150.0,2027-10-09T17:04:52.626677,pago,100,True
568,2334,325,-3,-265.34,150.0,2027-10-09T17:04:52.626853,entregue,100,True
569,1257,1547,-3,-486.72,150.0,2027-10-09T17:04:52.626853,enviado,100,True
570,3394,1267,-3,-486.72,150.0,2027-10-09T17:04:52.626853,pago,100,True
571,722,2865,-3,-486.72,150.0,2027-10-09T17:04:52.626879,entregue,100,True
572,1117,2151,-3,-206.24,150.0,2027-10-09T17:04:52.626879,cancelado,100,True
573,1437,416,-2,-206.24,150.0,2027-10-09T17:04:52.626879,pago,100,True
574,3148,95367,-2,-206.24,150.0,2027-10-09T17:04:52.626879,enviado,100,True
575,872,96724,-2,-206.24,150.0,2027-10-09T17:04:52.626879,cancelado,100,True
576,4551,304,-2,100.0,150.0,2027-10-09T17:04:52.626879,enviado,100,True
577,4040,2623,-8,100.0,150.0,2027-10-09T17:04:52.626879,cancelado,100,True
578,2378,135,-2,100.0,150.0,2027-10-09T17:04:52.626879,pendente,100,True
579,989,1128,-5,100.0,150.0,2027-10-09T17:04:52.626879,entregue,100,True
580,1378,884,-5,100.0,150.0,2027-10-09T17:04:52.626879,entregue,100,True
581,86,93174,-5,100.0,150.0,2027-10-09T17:04:52.626879,pendente,100,True
582,2550,2758,-5,100.0,150.0,2027-10-09T17:04:52.626879,pago,100,True
583,94957,446,-5,100.0,150.0,2027-10-09T17:04:52.626879,cancelado,100,True
584,2505,1226,-10,100.0,150.0,2027-10-09T17:04:52.626879,cancelado,100,True
585,74,939,-10,100.0,150.0,2027-10-09T17:04:52.626998,entregue,100,True
586,3132,2048,-10,100.0,150.0,2027-10-09T17:04:52.627007,cancelado,100,True
587,185,2528,-10,100.0,150.0,2027-10-09T17:04:52.627007,pendente,,True
588,96874,3231,-10,100.0,150.0,2027-10-09T17:04:52.627007,pendente,,True
589,2118,38,-10,-372.7,150.0,2027-10-09T17:04:52.627007,cancelado,,True
590,2747,3567,-10,100.0,150.0,2027-10-09T17:04:52.627007,pago,,True
591,2839,1492,-10,-783.73,150.0,2027-10-09T17:04:52.627007,enviado,,True
592,4707,91047,-10,-783.73,150.0,2027-10-09T17:04:52.627007,enviado,,True
593,1236,2249,-10,-783.73,150.0,2027-10-09T17:04:52.627066,pago,,True
594,2275,3306,-10,-107.15,150.0,2027-10-09T17:04:52.627066,cancelado,,True
595,1893,90954,-10,-107.15,150.0,2027-10-09T17:04:52.627066,cancelado,,True
596,901,3605,-10,100.0,150.0,2027-10-09T17:04:52.627066,pago,,True
597,4491,4871,-10,100.0,150.0,2027-10-09T17:04:52.627066,enviado,,True
598,4009,3321,-7,100.0,150.0,2027-10-09T17:04:52.627066,entregue,,True
599,3836,2626,-7,-982.65,150.0,2027-10-09T17:04:52.627066,pendente,,True
600,4163,3306,-7,100.0,150.0,2027-10-09T17:04:52.627066,enviado,,True
601,93275,3694,-7,100.0,150.0,2027-10-09T17:04:52.627066,pendente,,True
602,2229,95927,-7,100.0,150.0,2027-10-09T17:04:52.627066,cancelado,,True
603,95027,4244,-7,100.0,150.0,2027-10-09T17:04:52.627066,pago,,True
604,442,3214,-7,100.0,150.0,2027-10-09T17:04:52.627161,pago,,True
605,2935,1317,-9,100.0,150.0,2027-10-09T17:04:52.627161,cancelado,,True
606,1113,3179,-9,100.0,150.0,2027-10-09T17:04:52.627161,pago,,True
607,1445,98952,-9,100.0,150.0,2027-10-09T17:04:52.627161,enviado,,True
608,4149,2981,-9,100.0,150.0,2027-10-09T17:04:52.627161,cancelado,,True
609,2466,4443,-9,100.0,150.0,2027-10-09T17:04:52.627161,cancelado,,True
610,98371,4695,-9,100.0,150.0,2027-10-09T17:04:52.627161,pago,,True
611,830,94357,-9,100.0,150.0,2027-10-09T17:04:52.627161,cancelado,,True
612,3871,3496,-9,100.0,150.0,2027-10-09T17:04:52.627227,entregue,,True
613,742,832,-9,100.0,150.0,2027-10-09T17:04:52.627236,cancelado,,True
614,2194,266,-9,100.0,150.0,2027-10-09T17:04:52.627247,entregue,,True
615,2393,598,-9,100.0,150.0,2027-10-09T17:04:52.627257,cancelado,,True
616,2726,3862,-9,-930.44,150.0,2027-10-09T17:04:52.627257,pendente,,True
617,3961,3872,-9,-930.44,150.0,2027-10-09T17:04:52.627275,enviado,,True
618,2577,4706,-9,100.0,150.0,2027-10-09T17:04:52.627275,enviado,,True
619,3218,3233,-9,100.0,150.0,2027-10-09T17:04:52.627275,pago,6,True
620,4322,3076,-9,100.0,150.0,2027-10-09T17:04:52.627300,pendente,6,True
621,92166,3051,-9,100.0,150.0,2027-10-09T17:04:52.627300,pendente,6,True
622,2464,1129,-9,-604.45,150.0,2027-10-09T17:04:52.627300,pago,6,True
623,1068,2277,-9,100.0,150.0,2027-10-09T17:04:52.627300,pago,6,True
624,4680,4296,-9,100.0,150.0,2027-10-09T17:04:52.627300,cancelado,6,True
625,907,2668,-9,100.0,150.0,2027-10-09T17:04:52.627300,enviado,10,True
626,97832,686,-9,100.0,150.0,2027-10-09T17:04:52.627300,enviado,10,True
627,2864,99540,-9,100.0,150.0,2027-10-09T17:04:52.627300,entregue,10,True
628,2298,1135,-9,100.0,150.0,2027-10-09T17:04:52.627365,pendente,10,True
629,4721,4762,-9,100.0,150.0,2027-10-09T17:04:52.627365,entregue,10,True
630,1235,4781,-1,100.0,150.0,2027-10-09T17:04:52.627365,entregue,10,True
631,2763,4185,-1,-611.71,150.0,2027-10-09T17:04:52.627365,cancelado,10,True
632,4023,97296,-1,-611.71,150.0,2027-10-09T17:04:52.627365,cancelado,10,True
633,4986,129,-9,-611.71,150.0,2027-10-09T17:04:52.627365,pago,10,True
634,1219,4793,-9,-866.5,150.0,2027-10-09T17:04:52.627365,pendente,10,True
635,98241,209,-9,-866.5,150.0,2027-10-09T17:04:52.627365,cancelado,10,True
636,4419,2598,-9,-866.5,150.0,2027-10-09T17:04:52.627365,enviado,100,True
637,737,844,-9,-866.5,150.0,2027-10-09T17:04:52.627365,pago,6,True
638,4922,1580,-9,-866.5,150.0,2027-10-09T17:04:52.627365,pendente,10,True
639,771,2126,-9,100.0,150.0,2027-10-09T17:04:52.627365,enviado,10,True
640,873,3489,-9,100.0,150.0,2027-10-09T17:04:52.627468,enviado,10,True
641,1591,1991,-9,100.0,150.0,2027-10-09T17:04:52.627468,entregue,-1,True
642,97045,913,-9,100.0,150.0,2027-10-09T17:04:52.627468,pendente,-1,True
643,1470,1211,-9,100.0,150.0,2027-10-09T17:04:52.627494,enviado,-1,True
644,3191,4867,-9,-917.02,150.0,2027-10-09T17:04:52.627494,entregue,-1,True
645,1785,1907,-1,-917.02,150.0,2027-10-09T17:04:52.627494,pago,-1,True
646,95523,2533,-1,-917.02,150.0,2027-10-09T17:04:52.627494,pago,-1,True
647,2011,3762,-10,-917.02,150.0,2027-10-09T17:04:52.627494,pago,-1,True
648,759,409,-10,-288.89,150.0,2027-10-09T17:04:52.627494,entregue,-1,True
649,95015,1049,-10,-288.89,150.0,2027-10-09T17:04:52.627494,cancelado,-1,True
650,617,3406,-10,-288.89,150.0,2027-10-09T17:04:52.627494,cancelado,,True
651,2946,4372,-5,-288.89,150.0,2027-10-09T17:04:52.627494,cancelado,,True
652,318,4008,-5,-288.89,150.0,2027-10-09T17:04:52.627494,pendente,-1,True
653,3854,4241,-5,-288.89,150.0,2027-10-09T17:04:52.627579,pago,-1,True
654,95968,4145,-5,-288.89,150.0,2027-10-09T17:04:52.627579,enviado,-1,True
655,2647,2833,-5,-288.89,150.0,2027-10-09T17:04:52.627579,pendente,-1,True
656,374,1679,-5,-288.89,150.0,2027-10-09T17:04:52.627605,entregue,-1,True
657,3359,1379,-5,-157.82,150.0,2027-10-09T17:04:52.627605,entregue,-1,True
658,1716,4069,-5,-157.82,150.0,2027-10-09T17:04:52.627623,enviado,-1,True
659,3296,4448,-5,-157.82,150.0,2027-10-09T17:04:52.627623,pago,6,True
660,3102,4123,-9,-157.82,150.0,2027-10-09T17:04:52.627623,pendente,6,True
661,3701,4692,-9,100.0,150.0,2027-10-09T17:04:52.627623,pago,6,True
662,1690,3465,-9,100.0,150.0,2027-10-09T17:04:52.627623,pago,6,True
663,1364,1283,-9,100.0,150.0,2027-10-09T17:04:52.627665,enviado,6,True
664,3258,1246,-9,100.0,150.0,2027-10-09T17:04:52.627665,cancelado,-1,True
665,2570,530,-9,100.0,150.0,2027-10-09T17:04:52.627665,cancelado,10,True
666,98637,2291,-9,100.0,150.0,2027-10-09T17:04:52.627665,enviado,10,True
667,1066,3343,-1,100.0,150.0,2027-10-09T17:04:52.627665,pendente,10,True
668,4786,3390,-8,100.0,150.0,2027-10-09T17:04:52.627665,pendente,10,True
669,545,391,-8,-950.21,150.0,2027-10-09T17:04:52.627665,entregue,10,True
670,1833,96490,-8,-950.21,150.0,2027-10-09T17:04:52.627665,cancelado,10,True
671,3525,1962,-8,-882.99,150.0,2027-10-09T17:04:52.627665,enviado,10,True
672,1199,1419,-9,-882.99,150.0,2027-10-09T17:04:52.627665,pago,10,True
673,3400,91882,-9,-882.99,150.0,2027-10-09T17:04:52.627665,pendente,10,True
674,344,1264,-9,-882.99,150.0,2027-10-09T17:04:52.627665,pendente,10,True
675,94106,3710,-9,-882.99,150.0,2027-10-09T17:04:52.627665,entregue,10,True
676,2746,3131,-9,100.0,150.0,2027-10-09T17:04:52.627665,enviado,10,True
677,2973,769,-9,100.0,150.0,2027-10-09T17:04:52.627786,enviado,10,True
678,4712,1318,-9,100.0,150.0,2027-10-09T17:04:52.627786,enviado,,True
679,2513,4449,-9,-941.79,150.0,2027-10-09T17:04:52.627786,pago,,True
680,2601,3864,-9,100.0,150.0,2027-10-09T17:04:52.627786,cancelado,,True
681,2310,94012,-9,100.0,150.0,2027-10-09T17:04:52.627786,entregue,,True
682,4195,1365,-9,100.0,150.0,2027-10-09T17:04:52.627828,entregue,,True
683,2509,2347,-9,100.0,150.0,2027-10-09T17:04:52.627828,enviado,,True
684,2108,1652,-9,100.0,150.0,2027-10-09T17:04:52.627828,cancelado,100,True
685,98982,434,-9,100.0,150.0,2027-10-09T17:04:52.627828,pendente,100,True
686,564,97777,-9,100.0,150.0,2027-10-09T17:04:52.627828,enviado,100,True
687,2676,1468,-9,100.0,150.0,2027-10-09T17:04:52.627828,enviado,100,True
688,2989,4378,-9,100.0,150.0,2027-10-09T17:04:52.627877,cancelado,100,True
689,3854,3152,-9,100.0,150.0,2027-10-09T17:04:52.627886,enviado,100,True
690,3239,95556,-9,100.0,150.0,2027-10-09T17:04:52.627886,pendente,100,True
691,1595,99576,-9,100.0,150.0,2027-10-09T17:04:52.627886,cancelado,100,True
692,91187,2058,-9,100.0,150.0,2027-10-09T17:04:52.627886,enviado,100,True
693,594,4013,-10,100.0,150.0,2027-10-09T17:04:52.627886,cancelado,100,True
694,4149,3103,-10,100.0,150.0,2027-10-09T17:04:52.627930,enviado,100,True
695,2365,4513,-10,100.0,150.0,2027-10-09T17:04:52.627930,pago,100,True
696,2711,2553,-10,-312.65,150.0,2027-10-09T17:04:52.627930,enviado,100,True
697,4754,4080,-10,100.0,150.0,2027-10-09T17:04:52.627930,enviado,100,True
698,979,4541,-7,100.0,150.0,2027-10-09T17:04:52.627930,enviado,100,True
699,470,2760,-7,100.0,150.0,2027-10-09T17:04:52.627971,enviado,100,True
700,2213,2912,-7,100.0,150.0,2027-10-09T17:04:52.627971,enviado,100,True
701,92034,1027,-7,100.0,150.0,2027-10-09T17:04:52.627971,cancelado,100,True
702,1171,3806,-7,100.0,150.0,2027-10-09T17:04:52.627971,cancelado,100,True
703,448,2244,-7,100.0,150.0,2027-10-09T17:04:52.627971,pago,,True
704,3778,481,-7,100.0,150.0,2027-10-09T17:04:52.628012,pendente,,True
705,4383,1255,-7,100.0,150.0,2027-10-09T17:04:52.628021,enviado,,True
706,1586,93003,-7,100.0,150.0,2027-10-09T17:04:52.628021,pendente,,True
707,3086,3370,-8,100.0,150.0,2027-10-09T17:04:52.628021,pendente,,True
708,4200,2020,-8,-926.25,150.0,2027-10-09T17:04:52.628021,enviado,,True
709,60,1651,-8,-578.47,150.0,2027-10-09T17:04:52.628021,cancelado,,True
710,446,1459,-5,-578.47,150.0,2027-10-09T17:04:52.628021,pago,,True
711,556,1186,-5,100.0,150.0,2027-10-09T17:04:52.628021,entregue,,True
712,1478,1859,-5,100.0,150.0,2027-10-09T17:04:52.628021,cancelado,-1,True
713,2663,4960,-5,100.0,150.0,2027-10-09T17:04:52.628089,entregue,-1,True
714,1401,3495,-5,100.0,150.0,2027-10-09T17:04:52.628099,pendente,-1,True
715,2051,4257,-5,100.0,150.0,2027-10-09T17:04:52.628099,entregue,-1,True
716,98431,4776,-5,100.0,150.0,2027-10-09T17:04:52.628099,pago,-1,True
717,1679,3400,-5,100.0,150.0,2027-10-09T17:04:52.628125,entregue,-1,True
718,90938,1517,-5,100.0,150.0,2027-10-09T17:04:52.628125,entregue,-1,True
719,2146,1830,-5,100.0,150.0,2027-10-09T17:04:52.628125,pago,6,True
720,4863,1655,-5,100.0,150.0,2027-10-09T17:04:52.628125,entregue,6,True
721,968,563,-2,100.0,150.0,2027-10-09T17:04:52.628125,cancelado,6,True
722,2561,507,-2,100.0,150.0,2027-10-09T17:04:52.628125,pendente,100,True
723,1427,4119,-2,100.0,150.0,2027-10-09T17:04:52.628175,enviado,100,True
724,3733,3648,-2,100.0,150.0,2027-10-09T17:04:52.628175,enviado,100,True
725,4543,890,-2,100.0,150.0,2027-10-09T17:04:52.628175,pendente,100,True
726,3211,93261,-2,100.0,150.0,2027-10-09T17:04:52.628175,pago,100,True
727,2319,676,-2,100.0,150.0,2027-10-09T17:04:52.628175,entregue,100,True
728,4726,3897,-2,100.0,150.0,2027-10-09T17:04:52.628216,pago,100,True
729,3508,123,-2,100.0,150.0,2027-10-09T17:04:52.628216,enviado,,True
730,4652,91523,-2,100.0,150.0,2027-10-09T17:04:52.628216,pago,,True
731,734,145,-2,100.0,150.0,2027-10-09T17:04:52.628216,entregue,6,True
732,4148,97911,-2,100.0,150.0,2027-10-09T17:04:52.628216,pendente,6,True
733,2907,1747,-2,-920.8,150.0,2027-10-09T17:04:52.628216,pendente,6,True
734,95494,4178,-2,-920.8,150.0,2027-10-09T17:04:52.628216,enviado,6,True
735,2842,2283,-2,-920.8,150.0,2027-10-09T17:04:52.628216,cancelado,6,True
736,3509,96968,-2,-920.8,150.0,2027-10-09T17:04:52.628216,cancelado,6,True
737,4970,4082,-2,-742.09,150.0,2027-10-09T17:04:52.628216,entregue,6,True
738,2546,87,-6,-742.09,150.0,2027-10-09T17:04:52.628216,entregue,6,True
739,94365,1638,-6,-742.09,150.0,2027-10-09T17:04:52.628216,enviado,6,True
740,2495,96259,-6,-742.09,150.0,2027-10-09T17:04:52.628216,enviado,6,True
741,4946,91261,-6,-742.09,150.0,2027-10-09T17:04:52.628216,entregue,6,True
742,4081,95411,-6,-742.09,150.0,2027-10-09T17:04:52.628216,pendente,6,True
743,3178,3103,-5,-742.09,150.0,2027-10-09T17:04:52.628216,cancelado,6,True
744,3045,2161,-4,-742.09,150.0,2027-10-09T17:04:52.628216,entregue,6,True
745,1732,3485,-4,-742.09,150.0,2027-10-09T17:04:52.628360,entregue,6,True
746,2345,4271,-4,-742.09,150.0,2027-10-09T17:04:52.628370,pago,6,True
747,2798,1572,-4,-742.09,150.0,2027-10-09T17:04:52.628379,enviado,6,True
748,610,1121,-4,-742.09,150.0,2027-10-09T17:04:52.628379,entregue,10,True
749,1620,1642,-4,-742.09,150.0,2027-10-09T17:04:52.628397,pago,10,True
750,3000,2043,-3,-742.09,150.0,2027-10-09T17:04:52.628397,pago,10,True
751,589,3409,-6,-742.09,150.0,2027-10-09T17:04:52.628397,entregue,10,True
752,3546,93342,-6,-742.09,150.0,2027-10-09T17:04:52.628397,enviado,10,True
753,4666,4182,-6,-529.22,150.0,2027-10-09T17:04:52.628397,enviado,10,True
754,4562,92443,-6,-529.22,150.0,2027-10-09T17:04:52.628397,pendente,10,True
755,4937,4323,-6,-529.22,150.0,2027-10-09T17:04:52.628397,cancelado,100,True
756,4890,2266,-6,-529.22,150.0,2027-10-09T17:04:52.628456,entregue,100,True
757,2472,1887,-6,100.0,150.0,2027-10-09T17:04:52.628456,cancelado,100,True
758,2223,93258,-6,100.0,150.0,2027-10-09T17:04:52.628456,pendente,100,True
759,3780,3069,-6,100.0,150.0,2027-10-09T17:04:52.628481,cancelado,100,True
760,916,96709,-6,100.0,150.0,2027-10-09T17:04:52.628481,enviado,100,True
761,872,97222,-6,100.0,150.0,2027-10-09T17:04:52.628481,cancelado,100,True
762,3954,1581,-6,-37.82,150.0,2027-10-09T17:04:52.628481,pendente,100,True
763,405,99729,-6,-37.82,150.0,2027-10-09T17:04:52.628481,cancelado,100,True
764,4507,94417,-6,-37.82,150.0,2027-10-09T17:04:52.628481,enviado,100,True
765,222,1913,-6,-799.27,150.0,2027-10-09T17:04:52.628481,entregue,100,True
766,2821,97155,-6,-799.27,150.0,2027-10-09T17:04:52.628481,pago,100,True
767,3017,95605,-6,-799.27,150.0,2027-10-09T17:04:52.628481,pago,100,True
768,786,2270,-6,100.0,150.0,2027-10-09T17:04:52.628481,cancelado,100,True
769,468,99819,-6,100.0,150.0,2027-10-09T17:04:52.628481,enviado,100,True
770,96519,1759,-6,100.0,150.0,2027-10-09T17:04:52.628481,pago,100,True
771,4969,2217,-6,-156.97,150.0,2027-10-09T17:04:52.628481,entregue,100,True
772,2249,97380,-6,-156.97,150.0,2027-10-09T17:04:52.628481,enviado,100,True
773,4680,2025,-6,-512.09,150.0,2027-10-09T17:04:52.628481,pago,100,True
774,1824,90855,-6,-512.09,150.0,2027-10-09T17:04:52.628481,pendente,100,True
775,822,1182,-9,-512.09,150.0,2027-10-09T17:04:52.628481,enviado,100,True
776,93587,2718,-9,-512.09,150.0,2027-10-09T17:04:52.628481,enviado,100,True
777,96761,692,-9,-512.09,150.0,2027-10-09T17:04:52.628481,cancelado,100,True
778,236,2985,-9,100.0,150.0,2027-10-09T17:04:52.628481,pendente,100,True
779,3660,4450,-9,100.0,150.0,2027-10-09T17:04:52.628481,pago,-1,True
780,3277,4053,-9,100.0,150.0,2027-10-09T17:04:52.628481,enviado,-1,True
781,94991,2248,-9,100.0,150.0,2027-10-09T17:04:52.628481,cancelado,-1,True
782,1127,2861,-9,100.0,150.0,2027-10-09T17:04:52.628481,cancelado,100,True
783,4422,91243,-9,100.0,150.0,2027-10-09T17:04:52.628481,pendente,100,True
784,1917,4523,-9,-43.0,150.0,2027-10-09T17:04:52.628481,pago,100,True
785,2872,4400,-9,-43.0,150.0,2027-10-09T17:04:52.628696,cancelado,100,True
786,2561,4220,-9,-43.0,150.0,2027-10-09T17:04:52.628696,cancelado,100,True
787,751,98749,-9,-43.0,150.0,2027-10-09T17:04:52.628696,cancelado,100,True
788,84,1662,-9,-43.0,150.0,2027-10-09T17:04:52.628721,cancelado,100,True
789,4398,1780,-9,100.0,150.0,2027-10-09T17:04:52.628721,enviado,100,True
790,1603,93285,-9,100.0,150.0,2027-10-09T17:04:52.628721,cancelado,100,True
791,94222,2220,-9,100.0,150.0,2027-10-09T17:04:52.628721,enviado,100,True
792,424,3178,-10,100.0,150.0,2027-10-09T17:04:52.628721,entregue,100,True
793,3563,510,-10,100.0,150.0,2027-10-09T17:04:52.628721,entregue,10,True
794,1982,2835,-10,100.0,150.0,2027-10-09T17:04:52.628774,entregue,10,True
795,4068,881,-9,100.0,150.0,2027-10-09T17:04:52.628774,pendente,10,True
796,3990,327,-9,-700.68,150.0,2027-10-09T17:04:52.628774,pendente,10,True
797,3589,1912,-9,-700.68,150.0,2027-10-09T17:04:52.628774,pago,,True
798,93397,3858,-9,-700.68,150.0,2027-10-09T17:04:52.628774,enviado,,True
799,131,93397,-9,-700.68,150.0,2027-10-09T17:04:52.628774,entregue,,True
800,94684,3790,-9,-700.68,150.0,2027-10-09T17:04:52.628774,pago,,True
801,3886,67,-5,-700.68,150.0,2027-10-09T17:04:52.628774,enviado,,True
802,660,4253,-5,-700.68,150.0,2027-10-09T17:04:52.628774,cancelado,-1,True
803,1405,2097,-5,-700.68,150.0,2027-10-09T17:04:52.628774,cancelado,100,True
804,643,1287,-5,-136.46,150.0,2027-10-09T17:04:52.628774,pago,100,True
805,4504,1932,-5,-136.46,150.0,2027-10-09T17:04:52.628774,enviado,100,True
806,1809,615,-5,-136.46,150.0,2027-10-09T17:04:52.628883,entregue,100,True
807,2311,1529,-10,-136.46,150.0,2027-10-09T17:04:52.628883,pago,100,True
808,1441,414,-3,-136.46,150.0,2027-10-09T17:04:52.628883,pago,100,True
809,4394,96021,-3,-136.46,150.0,2027-10-09T17:04:52.628883,pago,100,True
810,978,913,-1,-136.46,150.0,2027-10-09T17:04:52.628883,pago,100,True
811,4649,95641,-1,-136.46,150.0,2027-10-09T17:04:52.628883,entregue,100,True
812,3154,3523,-1,-977.51,150.0,2027-10-09T17:04:52.628883,pago,100,True
813,92071,1474,-1,-977.51,150.0,2027-10-09T17:04:52.628883,enviado,100,True
814,4431,4410,-1,100.0,150.0,2027-10-09T17:04:52.628883,enviado,100,True
815,1530,2139,-7,100.0,150.0,2027-10-09T17:04:52.628883,cancelado,100,True
816,3723,98844,-7,100.0,150.0,2027-10-09T17:04:52.628883,pendente,100,True
817,1371,2426,-7,100.0,150.0,2027-10-09T17:04:52.628883,pago,100,True
818,4983,2112,-7,100.0,150.0,2027-10-09T17:04:52.628985,pendente,100,True
819,4331,4176,-7,100.0,150.0,2027-10-09T17:04:52.628995,cancelado,100,True
820,1027,4610,-7,100.0,150.0,2027-10-09T17:04:52.628995,pendente,-1,True
821,4363,370,-7,100.0,150.0,2027-10-09T17:04:52.628995,enviado,6,True
822,92609,3391,-7,100.0,150.0,2027-10-09T17:04:52.628995,pago,6,True
823,615,2712,-7,-929.94,150.0,2027-10-09T17:04:52.628995,enviado,6,True
824,98984,1363,-7,-929.94,150.0,2027-10-09T17:04:52.628995,cancelado,6,True
825,2459,90815,-7,-929.94,150.0,2027-10-09T17:04:52.628995,pago,6,True
826,1442,684,-7,-929.94,150.0,2027-10-09T17:04:52.628995,entregue,-1,True
827,978,4353,-7,100.0,150.0,2027-10-09T17:04:52.628995,pendente,-1,True
828,4873,265,-7,100.0,150.0,2027-10-09T17:04:52.628995,pago,-1,True
829,158,31,-5,100.0,150.0,2027-10-09T17:04:52.628995,pendente,-1,True
830,128,4426,-5,100.0,150.0,2027-10-09T17:04:52.628995,entregue,100,True
831,3326,4714,-5,100.0,150.0,2027-10-09T17:04:52.628995,enviado,,True
832,4792,1772,-5,100.0,150.0,2027-10-09T17:04:52.628995,entregue,100,True
833,4686,97274,-5,100.0,150.0,2027-10-09T17:04:52.628995,enviado,100,True
834,2076,4772,-5,-264.01,150.0,2027-10-09T17:04:52.628995,pendente,100,True
835,131,3105,-5,-68.04,150.0,2027-10-09T17:04:52.628995,cancelado,100,True
836,2871,1072,-5,-103.07,150.0,2027-10-09T17:04:52.628995,pago,100,True
837,90099,1768,-5,-103.07,150.0,2027-10-09T17:04:52.628995,cancelado,100,True
838,2310,96789,-5,-103.07,150.0,2027-10-09T17:04:52.628995,pendente,100,True
839,94625,1300,-5,-103.07,150.0,2027-10-09T17:04:52.628995,entregue,100,True
840,1945,2206,-5,100.0,150.0,2027-10-09T17:04:52.628995,enviado,100,True
841,92401,1893,-5,100.0,150.0,2027-10-09T17:04:52.628995,pago,100,True
842,1152,4922,-1,100.0,150.0,2027-10-09T17:04:52.628995,pendente,100,True
843,894,92698,-1,100.0,150.0,2027-10-09T17:04:52.628995,enviado,100,True
844,1161,1281,-1,100.0,150.0,2027-10-09T17:04:52.629240,cancelado,100,True
845,3026,99477,-1,100.0,150.0,2027-10-09T17:04:52.629240,enviado,100,True
846,94648,4222,-1,100.0,150.0,2027-10-09T17:04:52.629240,entregue,100,True
847,1232,1484,-9,100.0,150.0,2027-10-09T17:04:52.629240,entregue,100,True
848,4121,96442,-9,100.0,150.0,2027-10-09T17:04:52.629240,entregue,100,True
849,98866,2516,-9,100.0,150.0,2027-10-09T17:04:52.629240,pago,100,True
850,764,104,-1,100.0,150.0,2027-10-09T17:04:52.629240,entregue,100,True
851,1190,99846,-1,100.0,150.0,2027-10-09T17:04:52.629240,cancelado,100,True
852,97695,1059,-1,100.0,150.0,2027-10-09T17:04:52.629240,entregue,100,True
853,91272,170,-1,100.0,150.0,2027-10-09T17:04:52.629240,pendente,100,True
854,638,4723,-1,100.0,150.0,2027-10-09T17:04:52.629240,pago,10,True
855,3707,90495,-1,100.0,150.0,2027-10-09T17:04:52.629240,enviado,10,True
856,490,93647,-1,100.0,150.0,2027-10-09T17:04:52.629240,entregue,10,True
857,4808,91322,-1,100.0,150.0,2027-10-09T17:04:52.629240,pago,10,True
858,1443,94317,-1,100.0,150.0,2027-10-09T17:04:52.629240,enviado,10,True
859,1604,4343,-1,100.0,150.0,2027-10-09T17:04:52.629368,pago,10,True
860,1635,4588,-1,100.0,150.0,2027-10-09T17:04:52.629378,cancelado,10,True
861,90924,1059,-1,100.0,150.0,2027-10-09T17:04:52.629378,cancelado,10,True
862,96167,3903,-1,100.0,150.0,2027-10-09T17:04:52.629378,pendente,10,True
863,4119,93531,-1,100.0,150.0,2027-10-09T17:04:52.629378,pago,10,True
864,116,4209,-1,100.0,150.0,2027-10-09T17:04:52.629378,pago,10,True
865,1759,308,-1,-54.12,150.0,2027-10-09T17:04:52.629378,pago,10,True
866,649,93130,-1,-54.12,150.0,2027-10-09T17:04:52.629378,enviado,10,True
867,91874,4996,-1,-54.12,150.0,2027-10-09T17:04:52.629378,cancelado,10,True
868,1365,4623,-1,-54.12,150.0,2027-10-09T17:04:52.629378,cancelado,10,True
869,2717,967,-8,-54.12,150.0,2027-10-09T17:04:52.629378,pago,10,True
870,2519,3333,-8,-54.12,150.0,2027-10-09T17:04:52.629463,enviado,10,True
871,888,666,-8,-678.73,150.0,2027-10-09T17:04:52.629463,enviado,10,True
872,3747,2886,-8,-678.73,150.0,2027-10-09T17:04:52.629463,enviado,-1,True
873,3375,4763,-2,-678.73,150.0,2027-10-09T17:04:52.629463,cancelado,-1,True
874,2957,3566,-2,-678.73,150.0,2027-10-09T17:04:52.629463,pendente,6,True
875,422,3267,-2,100.0,150.0,2027-10-09T17:04:52.629463,pendente,6,True
876,94,3455,-2,-553.81,150.0,2027-10-09T17:04:52.629463,entregue,6,True
877,4426,1440,-9,-553.81,150.0,2027-10-09T17:04:52.629463,cancelado,6,True
878,1269,714,-9,-553.81,150.0,2027-10-09T17:04:52.629529,pago,6,True
879,4225,3077,-9,100.0,150.0,2027-10-09T17:04:52.629529,pago,6,True
880,504,116,-9,100.0,150.0,2027-10-09T17:04:52.629529,enviado,-1,True
881,4292,4881,-9,100.0,150.0,2027-10-09T17:04:52.629529,cancelado,10,True
882,99313,4098,-9,100.0,150.0,2027-10-09T17:04:52.629529,enviado,10,True
883,97601,162,-9,100.0,150.0,2027-10-09T17:04:52.629529,pendente,10,True
884,4040,3172,-9,100.0,150.0,2027-10-09T17:04:52.629529,pago,10,True
885,3969,3281,-1,100.0,150.0,2027-10-09T17:04:52.629529,pago,10,True
886,3064,3961,-1,100.0,150.0,2027-10-09T17:04:52.629597,cancelado,10,True
887,2085,4272,-1,100.0,150.0,2027-10-09T17:04:52.629597,pendente,6,True
888,1171,3450,-1,100.0,150.0,2027-10-09T17:04:52.629616,entregue,6,True
889,4521,3602,-1,-438.96,150.0,2027-10-09T17:04:52.629616,enviado,6,True
890,1063,4549,-1,100.0,150.0,2027-10-09T17:04:52.629616,pendente,6,True
891,755,628,-3,100.0,150.0,2027-10-09T17:04:52.629616,pendente,6,True
892,4764,4422,-6,100.0,150.0,2027-10-09T17:04:52.629616,enviado,6,True
893,3340,312,-6,-420.4,150.0,2027-10-09T17:04:52.629616,pago,6,True
894,878,631,-6,-529.85,150.0,2027-10-09T17:04:52.629616,pendente,6,True
895,4088,93022,-6,-529.85,150.0,2027-10-09T17:04:52.629616,cancelado,6,True
896,962,4544,-8,-529.85,150.0,2027-10-09T17:04:52.629616,cancelado,6,True
897,90184,3987,-8,-529.85,150.0,2027-10-09T17:04:52.629616,enviado,6,True
898,3459,3138,-8,-529.85,150.0,2027-10-09T17:04:52.629699,pendente,6,True
899,63,2567,-8,-529.85,150.0,2027-10-09T17:04:52.629709,pago,6,True
900,4660,893,-8,100.0,150.0,2027-10-09T17:04:52.629709,pago,6,True
901,91251,322,-8,100.0,150.0,2027-10-09T17:04:52.629709,pendente,6,True
902,95655,145,-8,100.0,150.0,2027-10-09T17:04:52.629709,cancelado,6,True
903,658,1175,-4,100.0,150.0,2027-10-09T17:04:52.629709,pendente,6,True
904,98291,348,-4,100.0,150.0,2027-10-09T17:04:52.629709,pendente,6,True
905,922,4643,-5,100.0,150.0,2027-10-09T17:04:52.629709,entregue,6,True
906,1102,2222,-5,100.0,150.0,2027-10-09T17:04:52.629768,entregue,6,True
907,4530,4760,-5,100.0,150.0,2027-10-09T17:04:52.629768,cancelado,-1,True
908,1428,3738,-5,-711.2,150.0,2027-10-09T17:04:52.629768,entregue,-1,True
909,2932,4678,-5,-711.2,150.0,2027-10-09T17:04:52.629794,entregue,-1,True
910,1405,92305,-5,-711.2,150.0,2027-10-09T17:04:52.629794,pago,-1,True
911,1982,1203,-5,-711.2,150.0,2027-10-09T17:04:52.629794,pendente,10,True
912,3615,2611,-5,100.0,150.0,2027-10-09T17:04:52.629794,enviado,10,True
913,2971,99291,-5,100.0,150.0,2027-10-09T17:04:52.629794,pendente,10,True
914,94,4261,-5,100.0,150.0,2027-10-09T17:04:52.629794,pago,-1,True
915,1436,4854,-5,100.0,150.0,2027-10-09T17:04:52.629794,entregue,6,True
916,1404,892,-5,100.0,150.0,2027-10-09T17:04:52.629794,enviado,-1,True
917,4766,953,-10,100.0,150.0,2027-10-09T17:04:52.629794,cancelado,-1,True
918,4664,2344,-10,-373.44,150.0,2027-10-09T17:04:52.629794,pago,-1,True
919,2903,2423,-8,-373.44,150.0,2027-10-09T17:04:52.629794,enviado,-1,True
920,1274,991,-8,100.0,150.0,2027-10-09T17:04:52.629794,pendente,-1,True
921,3524,564,-8,100.0,150.0,2027-10-09T17:04:52.629893,entregue,-1,True
922,3144,99226,-8,100.0,150.0,2027-10-09T17:04:52.629893,pendente,-1,True
923,3712,4865,-8,100.0,150.0,2027-10-09T17:04:52.629893,cancelado,-1,True
924,95527,4236,-8,100.0,150.0,2027-10-09T17:04:52.629893,entregue,-1,True
925,90492,3050,-8,100.0,150.0,2027-10-09T17:04:52.629893,entregue,-1,True
926,1053,4932,-3,100.0,150.0,2027-10-09T17:04:52.629893,enviado,-1,True
927,726,2463,-3,100.0,150.0,2027-10-09T17:04:52.629945,pendente,-1,True
928,2759,4289,-3,-319.78,150.0,2027-10-09T17:04:52.629945,enviado,-1,True
929,2944,3507,-3,-319.78,150.0,2027-10-09T17:04:52.629945,pago,10,True
930,4910,4049,-3,100.0,150.0,2027-10-09T17:04:52.629945,pago,10,True
931,1740,1354,-2,100.0,150.0,2027-10-09T17:04:52.629945,entregue,10,True
932,4954,99926,-2,100.0,150.0,2027-10-09T17:04:52.629945,pendente,10,True
933,1032,859,-2,100.0,150.0,2027-10-09T17:04:52.629945,pago,10,True
934,4320,4496,-2,-806.91,150.0,2027-10-09T17:04:52.629945,pago,10,True
935,3168,1447,-2,-806.91,150.0,2027-10-09T17:04:52.630011,cancelado,10,True
936,90900,155,-2,-806.91,150.0,2027-10-09T17:04:52.630011,pendente,10,True
937,4571,90295,-2,-806.91,150.0,2027-10-09T17:04:52.630011,cancelado,10,True
938,2346,2882,-2,-806.91,150.0,2027-10-09T17:04:52.630011,enviado,,True
939,1979,72,-2,-806.91,150.0,2027-10-09T17:04:52.630011,enviado,6,True
940,2975,175,-2,-806.91,150.0,2027-10-09T17:04:52.630056,pendente,6,True
941,1695,1468,-2,100.0,150.0,2027-10-09T17:04:52.630056,pendente,6,True
942,4676,301,-2,-638.59,150.0,2027-10-09T17:04:52.630056,entregue,6,True
943,3838,3673,-2,100.0,150.0,2027-10-09T17:04:52.630056,pendente,6,True
944,667,2607,-7,100.0,150.0,2027-10-09T17:04:52.630056,pago,6,True
945,2330,803,-7,100.0,150.0,2027-10-09T17:04:52.630102,entregue,6,True
946,3700,3282,-7,100.0,150.0,2027-10-09T17:04:52.630102,enviado,10,True
947,99839,1978,-7,100.0,150.0,2027-10-09T17:04:52.630102,entregue,10,True
948,4650,96642,-7,100.0,150.0,2027-10-09T17:04:52.630102,pago,10,True
949,92554,2492,-7,100.0,150.0,2027-10-09T17:04:52.630102,pago,10,True
950,4332,891,-7,100.0,150.0,2027-10-09T17:04:52.630102,pendente,,True
951,4430,2732,-7,100.0,150.0,2027-10-09T17:04:52.630152,pago,,True
952,3685,4324,-9,100.0,150.0,2027-10-09T17:04:52.630152,entregue,,True
953,267,3340,-9,-673.09,150.0,2027-10-09T17:04:52.630152,pago,,True
954,4025,94119,-9,-673.09,150.0,2027-10-09T17:04:52.630152,enviado,,True
955,530,91920,-9,-673.09,150.0,2027-10-09T17:04:52.630152,enviado,,True
956,2880,3951,-9,-673.09,150.0,2027-10-09T17:04:52.630152,pendente,100,True
957,4290,94048,-9,-673.09,150.0,2027-10-09T17:04:52.630152,pendente,100,True
958,3043,93779,-9,-673.09,150.0,2027-10-09T17:04:52.630152,entregue,100,True
959,2259,1211,-9,-686.94,150.0,2027-10-09T17:04:52.630152,entregue,100,True
960,3726,97052,-9,-686.94,150.0,2027-10-09T17:04:52.630152,cancelado,100,True
961,939,98092,-9,-686.94,150.0,2027-10-09T17:04:52.630152,enviado,100,True
962,2109,94584,-9,-686.94,150.0,2027-10-09T17:04:52.630152,cancelado,100,True
963,3133,2290,-9,-307.91,150.0,2027-10-09T17:04:52.630152,cancelado,100,True
964,1937,2921,-9,-307.91,150.0,2027-10-09T17:04:52.630152,pendente,100,True
965,543,3311,-9,-298.98,150.0,2027-10-09T17:04:52.630152,entregue,100,True
966,4689,1024,-1,-298.98,150.0,2027-10-09T17:04:52.630152,enviado,100,True
967,4919,410,-1,-298.98,150.0,2027-10-09T17:04:52.630284,pendente,100,True
968,1620,4276,-1,-206.25,150.0,2027-10-09T17:04:52.630284,cancelado,100,True
969,96706,1030,-1,-206.25,150.0,2027-10-09T17:04:52.630284,cancelado,100,True
970,2245,406,-1,-206.25,150.0,2027-10-09T17:04:52.630313,cancelado,100,True
971,99533,357,-1,-206.25,150.0,2027-10-09T17:04:52.630313,enviado,100,True
972,875,107,-7,-206.25,150.0,2027-10-09T17:04:52.630313,pago,100,True
973,4037,1304,-7,-206.25,150.0,2027-10-09T17:04:52.630338,cancelado,100,True
974,164,697,-7,100.0,150.0,2027-10-09T17:04:52.630338,pago,100,True
975,984,4152,-7,100.0,150.0,2027-10-09T17:04:52.630356,pago,100,True
976,2358,1112,-7,100.0,150.0,2027-10-09T17:04:52.630356,pago,100,True
977,97910,2098,-7,100.0,150.0,2027-10-09T17:04:52.630356,enviado,100,True
978,1612,1378,-7,100.0,150.0,2027-10-09T17:04:52.630356,enviado,-1,True
979,311,4409,-7,100.0,150.0,2027-10-09T17:04:52.630389,entregue,-1,True
980,94058,1581,-7,100.0,150.0,2027-10-09T17:04:52.630389,entregue,-1,True
981,2653,4596,-7,100.0,150.0,2027-10-09T17:04:52.630389,pendente,-1,True
982,3897,3964,-7,-94.0,150.0,2027-10-09T17:04:52.630389,entregue,-1,True
983,2571,1293,-7,100.0,150.0,2027-10-09T17:04:52.630389,pago,-1,True
984,4613,3859,-7,100.0,150.0,2027-10-09T17:04:52.630389,pago,-1,True
985,4700,92053,-7,100.0,150.0,2027-10-09T17:04:52.630389,pago,-1,True
986,4172,3062,-4,100.0,150.0,2027-10-09T17:04:52.630389,pendente,-1,True
987,3639,3804,-4,100.0,150.0,2027-10-09T17:04:52.630389,cancelado,-1,True
988,97935,2812,-4,100.0,150.0,2027-10-09T17:04:52.630389,cancelado,-1,True
989,4316,2655,-4,100.0,150.0,2027-10-09T17:04:52.630389,entregue,-1,True
990,2428,3970,-4,100.0,150.0,2027-10-09T17:04:52.630483,pago,-1,True
991,91114,2552,-4,100.0,150.0,2027-10-09T17:04:52.630483,entregue,-1,True
992,4645,4034,-4,-16.4,150.0,2027-10-09T17:04:52.630483,pago,-1,True
993,850,3883,-4,-16.4,150.0,2027-10-09T17:04:52.630509,enviado,-1,True
994,96170,3022,-4,-16.4,150.0,2027-10-09T17:04:52.630509,cancelado,-1,True
995,2205,2485,-4,-906.47,150.0,2027-10-09T17:04:52.630509,entregue,-1,True
996,2181,4025,-4,100.0,150.0,2027-10-09T17:04:52.630509,enviado,-1,True
997,2820,1580,-4,-151.27,150.0,2027-10-09T17:04:52.630509,entregue,-1,True
998,381,1070,-4,-151.27,150.0,2027-10-09T17:04:52.630559,pago,-1,True
999,341,2421,-4,-151.27,150.0,2027-10-09T17:04:52.630559,pago,-1,True
1000,4288,3103,-4,-798.49,150.0,2027-10-09T17:04:52.630559,entregue,-1,True
1001,4268,2600,-4,-798.49,150.0,2027-10-09T17:04:52.630559,pago,100,True
1002,404,188,-4,-454.34,150.0,2027-10-09T17:04:52.630559,enviado,100,True
1003,4756,3842,-4,100.0,150.0,2027-10-09T17:04:52.630559,entregue,100,True
1004,4985,520,-4,100.0,150.0,2027-10-09T17:04:52.630559,entregue,,True
1005,2781,55,-4,100.0,150.0,2027-10-09T17:04:52.630559,pago,,True
1006,871,1734,-4,100.0,150.0,2027-10-09T17:04:52.630628,cancelado,,True
1007,2104,4821,-2,100.0,150.0,2027-10-09T17:04:52.630628,pendente,,True
1008,146,787,-2,100.0,150.0,2027-10-09T17:04:52.630648,pendente,,True
1009,878,2472,-2,100.0,150.0,2027-10-09T17:04:52.630657,pago,,True
1010,2293,92884,-2,100.0,150.0,2027-10-09T17:04:52.630657,pago,,True
1011,1697,2091,-2,100.0,150.0,2027-10-09T17:04:52.630657,enviado,100,True
1012,3859,98517,-2,100.0,150.0,2027-10-09T17:04:52.630657,entregue,100,True
1013,3897,2925,-2,100.0,150.0,2027-10-09T17:04:52.630690,cancelado,100,True
1014,611,91388,-2,100.0,150.0,2027-10-09T17:04:52.630690,pendente,100,True
1015,1423,1756,-2,100.0,150.0,2027-10-09T17:04:52.630708,enviado,100,True
1016,349,4889,-2,-780.42,150.0,2027-10-09T17:04:52.630708,cancelado,100,True
1017,1824,718,-2,-519.71,150.0,2027-10-09T17:04:52.630708,pendente,100,True
1018,4622,94820,-2,-519.71,150.0,2027-10-09T17:04:52.630708,entregue,100,True
1019,2987,94132,-2,-519.71,150.0,2027-10-09T17:04:52.630708,cancelado,100,True
1020,2013,4348,-2,-519.71,150.0,2027-10-09T17:04:52.630708,enviado,-1,True
1021,3306,2786,-3,-519.71,150.0,2027-10-09T17:04:52.630708,pendente,-1,True
1022,2620,98135,-3,-519.71,150.0,2027-10-09T17:04:52.630708,enviado,-1,True
1023,3156,85,-3,-519.71,150.0,2027-10-09T17:04:52.630708,cancelado,6,True
1024,4507,4044,-7,-519.71,150.0,2027-10-09T17:04:52.630708,cancelado,6,True
1025,4560,91910,-7,-519.71,150.0,2027-10-09T17:04:52.630708,entregue,6,True
1026,2282,3929,-4,-519.71,150.0,2027-10-09T17:04:52.630708,cancelado,6,True
1027,2768,2063,-4,-392.56,150.0,2027-10-09T17:04:52.630708,cancelado,6,True
1028,1035,2035,-4,-392.56,150.0,2027-10-09T17:04:52.630818,enviado,6,True
1029,93305,995,-4,-392.56,150.0,2027-10-09T17:04:52.630818,pago,6,True
1030,1385,99714,-4,-392.56,150.0,2027-10-09T17:04:52.630818,cancelado,6,True
1031,1048,4897,-4,-392.56,150.0,2027-10-09T17:04:52.630845,cancelado,6,True
1032,3153,2088,-2,-392.56,150.0,2027-10-09T17:04:52.630845,entregue,6,True
1033,1074,1704,-2,100.0,150.0,2027-10-09T17:04:52.630845,entregue,6,True
1034,410,1578,-2,100.0,150.0,2027-10-09T17:04:52.630845,entregue,,True
1035,505,137,-2,100.0,150.0,2027-10-09T17:04:52.630845,cancelado,,True
1036,66,1397,-2,100.0,150.0,2027-10-09T17:04:52.630845,entregue,100,True
1037,3711,94396,-2,100.0,150.0,2027-10-09T17:04:52.630845,pendente,100,True
1038,297,2359,-2,100.0,150.0,2027-10-09T17:04:52.630845,enviado,6,True
1039,4710,2077,-9,100.0,150.0,2027-10-09T17:04:52.630845,pago,6,True
1040,1088,3639,-9,-508.94,150.0,2027-10-09T17:04:52.630845,enviado,6,True
1041,3389,4917,-8,-508.94,150.0,2027-10-09T17:04:52.630845,cancelado,6,True
1042,23,4901,-8,-508.94,150.0,2027-10-09T17:04:52.630934,pendente,6,True
1043,4620,3507,-3,-508.94,150.0,2027-10-09T17:04:52.630934,entregue,6,True
1044,1947,647,-3,-508.94,150.0,2027-10-09T17:04:52.630934,pago,6,True
1045,3750,3028,-3,-508.94,150.0,2027-10-09T17:04:52.630962,pendente,6,True
1046,90626,2359,-3,-508.94,150.0,2027-10-09T17:04:52.630962,pago,6,True
1047,1343,1839,-3,-508.94,150.0,2027-10-09T17:04:52.630979,entregue,6,True
1048,2213,4748,-3,-508.94,150.0,2027-10-09T17:04:52.630979,enviado,,True
1049,1871,3714,-3,-508.94,150.0,2027-10-09T17:04:52.630979,entregue,100,True
1050,649,90976,-3,-508.94,150.0,2027-10-09T17:04:52.630979,enviado,100,True
1051,3692,4237,-3,-508.94,150.0,2027-10-09T17:04:52.630979,enviado,,True
1052,3192,4307,-3,-508.94,150.0,2027-10-09T17:04:52.631024,pago,,True
1053,3763,1117,-3,-508.94,150.0,2027-10-09T17:04:52.631024,entregue,6,True
1054,1051,576,-3,-508.94,150.0,2027-10-09T17:04:52.631024,pago,6,True
1055,4171,1729,-3,-491.35,150.0,2027-10-09T17:04:52.631024,cancelado,6,True
1056,4408,392,-3,-491.35,150.0,2027-10-09T17:04:52.631024,cancelado,-1,True
1057,3658,4213,-3,-491.35,150.0,2027-10-09T17:04:52.631071,enviado,-1,True
1058,3854,2252,-3,-491.35,150.0,2027-10-09T17:04:52.631071,pendente,,True
1059,80,1261,-4,-491.35,150.0,2027-10-09T17:04:52.631071,enviado,,True
1060,241,221,-4,100.0,150.0,2027-10-09T17:04:52.631071,enviado,,True
1061,142,91865,-4,100.0,150.0,2027-10-09T17:04:52.631071,entregue,,True
1062,1124,1906,-6,100.0,150.0,2027-10-09T17:04:52.631071,enviado,,True
1063,96822,1810,-6,100.0,150.0,2027-10-09T17:04:52.631071,cancelado,,True
1064,1551,4958,-6,100.0,150.0,2027-10-09T17:04:52.631071,pendente,,True
1065,4448,110,-6,100.0,150.0,2027-10-09T17:04:52.631071,pago,,True
1066,3652,173,-5,100.0,150.0,2027-10-09T17:04:52.631071,pago,,True
1067,800,1829,-5,100.0,150.0,2027-10-09T17:04:52.631071,pago,,True
1068,824,3674,-5,-964.5,150.0,2027-10-09T17:04:52.631071,pendente,,True
1069,2175,2643,-5,-557.87,150.0,2027-10-09T17:04:52.631071,entregue,,True
1070,1093,97898,-5,-557.87,150.0,2027-10-09T17:04:52.631071,cancelado,,True
1071,1736,4617,-5,-557.87,150.0,2027-10-09T17:04:52.631071,enviado,,True
1072,4441,131,-5,-557.87,150.0,2027-10-09T17:04:52.631071,enviado,100,True
1073,3335,1168,-5,-557.87,150.0,2027-10-09T17:04:52.631207,enviado,100,True
1074,3393,4330,-5,-557.87,150.0,2027-10-09T17:04:52.631207,enviado,10,True
1075,2832,268,-5,100.0,150.0,2027-10-09T17:04:52.631207,entregue,10,True
1076,4162,3979,-5,100.0,150.0,2027-10-09T17:04:52.631207,entregue,10,True
1077,160,3724,-5,-408.62,150.0,2027-10-09T17:04:52.631207,entregue,10,True
1078,1719,2793,-5,-849.02,150.0,2027-10-09T17:04:52.631207,pago,10,True
1079,4604,790,-3,-849.02,150.0,2027-10-09T17:04:52.631207,enviado,10,True
1080,809,3190,-3,-849.02,150.0,2027-10-09T17:04:52.631207,pago,10,True
1081,3389,2618,-3,-421.07,150.0,2027-10-09T17:04:52.631207,pago,10,True
1082,2919,93315,-3,-421.07,150.0,2027-10-09T17:04:52.631207,pago,10,True
1083,515,94958,-3,-421.07,150.0,2027-10-09T17:04:52.631207,pago,10,True
1084,2319,354,-3,-843.99,150.0,2027-10-09T17:04:52.631207,pendente,10,True
1085,2701,94684,-3,-843.99,150.0,2027-10-09T17:04:52.631207,entregue,10,True
1086,2432,1575,-4,-843.99,150.0,2027-10-09T17:04:52.631207,pendente,10,True
1087,4271,876,-4,-843.99,150.0,2027-10-09T17:04:52.631325,enviado,10,True
1088,2354,902,-4,-964.05,150.0,2027-10-09T17:04:52.631325,pago,10,True
1089,114,3483,-4,-964.05,150.0,2027-10-09T17:04:52.631325,cancelado,100,True
1090,97460,3863,-4,-964.05,150.0,2027-10-09T17:04:52.631325,entregue,100,True
1091,1473,2259,-4,-964.05,150.0,2027-10-09T17:04:52.631325,pendente,,True
1092,693,4274,-4,-964.05,150.0,2027-10-09T17:04:52.631325,enviado,,True
1093,972,97121,-4,-964.05,150.0,2027-10-09T17:04:52.631325,pago,,True
1094,1160,1744,-4,-964.05,150.0,2027-10-09T17:04:52.631325,pendente,,True
1095,2389,94731,-4,-964.05,150.0,2027-10-09T17:04:52.631325,entregue,,True
1096,129,92917,-4,-964.05,150.0,2027-10-09T17:04:52.631325,pendente,,True
1097,1858,1756,-4,-964.05,150.0,2027-10-09T17:04:52.631325,entregue,-1,True
1098,4594,3228,-9,-964.05,150.0,2027-10-09T17:04:52.631325,entregue,-1,True
1099,3546,2323,-8,-964.05,150.0,2027-10-09T17:04:52.631325,cancelado,-1,True
1100,3438,3780,-8,-964.05,150.0,2027-10-09T17:04:52.631431,pendente,-1,True
1101,382,97300,-8,-964.05,150.0,2027-10-09T17:04:52.631431,entregue,-1,True
1102,2439,3739,-8,100.0,150.0,2027-10-09T17:04:52.631431,pago,-1,True
1103,94357,2592,-8,100.0,150.0,2027-10-09T17:04:52.631431,pago,-1,True
1104,4535,3024,-8,100.0,150.0,2027-10-09T17:04:52.631431,pendente,10,True
1105,951,1670,-8,-662.3,150.0,2027-10-09T17:04:52.631431,pendente,10,True
1106,3453,1247,-8,-662.3,150.0,2027-10-09T17:04:52.631431,cancelado,,True
1107,2811,3965,-3,-662.3,150.0,2027-10-09T17:04:52.631431,pendente,,True
1108,1620,2775,-8,-662.3,150.0,2027-10-09T17:04:52.631431,cancelado,,True
1109,1153,2090,-5,-662.3,150.0,2027-10-09T17:04:52.631431,enviado,,True
1110,1510,4796,-5,100.0,150.0,2027-10-09T17:04:52.631431,pendente,,True
1111,4281,4230,-5,-365.48,150.0,2027-10-09T17:04:52.631431,enviado,,True
1112,2435,416,-5,-365.48,150.0,2027-10-09T17:04:52.631431,pago,10,True
1113,670,91975,-5,-365.48,150.0,2027-10-09T17:04:52.631431,enviado,10,True
1114,1162,3527,-5,-365.48,150.0,2027-10-09T17:04:52.631431,cancelado,-1,True
1115,1419,4015,-5,-876.32,150.0,2027-10-09T17:04:52.631431,entregue,-1,True
1116,988,91682,-5,-876.32,150.0,2027-10-09T17:04:52.631431,enviado,-1,True
1117,801,2776,-5,-496.05,150.0,2027-10-09T17:04:52.631431,pendente,-1,True
1118,4635,3447,-5,-496.05,150.0,2027-10-09T17:04:52.631431,cancelado,100,True
1119,4593,2961,-5,-496.05,150.0,2027-10-09T17:04:52.631431,pendente,10,True
1120,2305,93325,-5,-496.05,150.0,2027-10-09T17:04:52.631431,pendente,10,True
1121,93499,1325,-5,-496.05,150.0,2027-10-09T17:04:52.631431,pago,10,True
1122,2252,3080,-5,100.0,150.0,2027-10-09T17:04:52.631431,enviado,10,True
1123,93734,1532,-5,100.0,150.0,2027-10-09T17:04:52.631431,pendente,10,True
1124,96285,2990,-5,100.0,150.0,2027-10-09T17:04:52.631431,entregue,10,True
1125,91012,599,-5,100.0,150.0,2027-10-09T17:04:52.631431,cancelado,10,True
1126,3073,189,-5,100.0,150.0,2027-10-09T17:04:52.631431,pago,10,True
1127,1722,4281,-5,100.0,150.0,2027-10-09T17:04:52.631656,cancelado,10,True
1128,1455,3031,-5,100.0,150.0,2027-10-09T17:04:52.631665,cancelado,10,True
1129,4206,2239,-5,100.0,150.0,2027-10-09T17:04:52.631665,entregue,10,True
1130,4935,4804,-5,100.0,150.0,2027-10-09T17:04:52.631682,pendente,10,True
1131,1531,3410,-5,-328.4,150.0,2027-10-09T17:04:52.631682,enviado,10,True
1132,1360,1014,-5,-328.4,150.0,2027-10-09T17:04:52.631682,pendente,,True
1133,94417,908,-5,-328.4,150.0,2027-10-09T17:04:52.631682,pendente,,True
1134,3112,3137,-5,-328.4,150.0,2027-10-09T17:04:52.631682,pago,6,True
1135,2743,1678,-3,-328.4,150.0,2027-10-09T17:04:52.631682,pago,6,True
1136,1062,2588,-3,-328.4,150.0,2027-10-09T17:04:52.631733,enviado,6,True
1137,96106,2816,-3,-328.4,150.0,2027-10-09T17:04:52.631733,entregue,6,True
1138,4312,2691,-3,100.0,150.0,2027-10-09T17:04:52.631733,pago,6,True
1139,4827,1722,-3,100.0,150.0,2027-10-09T17:04:52.631733,cancelado,-1,True
1140,48,39,-3,100.0,150.0,2027-10-09T17:04:52.631733,pago,,True
1141,1965,1607,-3,100.0,150.0,2027-10-09T17:04:52.631733,cancelado,,True
1142,4804,2502,-3,100.0,150.0,2027-10-09T17:04:52.631733,entregue,-1,True
1143,4294,4652,-3,-286.44,150.0,2027-10-09T17:04:52.631733,cancelado,-1,True
1144,394,532,-3,-606.23,150.0,2027-10-09T17:04:52.631733,pago,-1,True
1145,3293,1150,-3,-606.23,150.0,2027-10-09T17:04:52.631808,pago,-1,True
1146,3493,4904,-3,-606.23,150.0,2027-10-09T17:04:52.631818,pendente,-1,True
1147,4360,99713,-3,-606.23,150.0,2027-10-09T17:04:52.631818,pago,-1,True
1148,2298,95584,-3,-606.23,150.0,2027-10-09T17:04:52.631818,enviado,-1,True
1149,91425,3876,-3,-606.23,150.0,2027-10-09T17:04:52.631818,pago,-1,True
1150,4242,780,-3,-606.23,150.0,2027-10-09T17:04:52.631855,pendente,-1,True
1151,1317,2570,-3,-36.38,150.0,2027-10-09T17:04:52.631855,entregue,-1,True
1152,2453,1790,-10,-36.38,150.0,2027-10-09T17:04:52.631855,pago,-1,True
1153,3486,1413,-10,100.0,150.0,2027-10-09T17:04:52.631855,entregue,-1,True
1154,2740,4692,-10,-6.15,150.0,2027-10-09T17:04:52.631855,pendente,-1,True
1155,1135,2333,-10,-6.15,150.0,2027-10-09T17:04:52.631855,enviado,-1,True
1156,1671,862,-10,-6.15,150.0,2027-10-09T17:04:52.631907,cancelado,-1,True
1157,1407,3913,-10,-6.15,150.0,2027-10-09T17:04:52.631907,cancelado,100,True
1158,92087,1251,-10,-6.15,150.0,2027-10-09T17:04:52.631907,pendente,100,True
1159,3628,3574,-10,-6.15,150.0,2027-10-09T17:04:52.631907,enviado,,True
1160,3960,1558,-10,-6.15,150.0,2027-10-09T17:04:52.631907,enviado,100,True
1161,751,1719,-7,-6.15,150.0,2027-10-09T17:04:52.631907,pago,100,True
1162,4129,1296,-7,100.0,150.0,2027-10-09T17:04:52.631907,cancelado,100,True
1163,1816,129,-7,100.0,150.0,2027-10-09T17:04:52.631907,pago,6,True
1164,1622,256,-7,-843.18,150.0,2027-10-09T17:04:52.631907,cancelado,6,True
1165,729,98109,-7,-843.18,150.0,2027-10-09T17:04:52.631907,pago,6,True
1166,1181,4360,-7,-843.18,150.0,2027-10-09T17:04:52.631992,pago,6,True
1167,926,2941,-7,-963.61,150.0,2027-10-09T17:04:52.631992,entregue,6,True
1168,732,4828,-7,100.0,150.0,2027-10-09T17:04:52.631992,cancelado,6,True
1169,3105,286,-7,100.0,150.0,2027-10-09T17:04:52.631992,cancelado,100,True
1170,4405,3123,-7,-398.89,150.0,2027-10-09T17:04:52.631992,pendente,100,True
1171,2043,3965,-7,100.0,150.0,2027-10-09T17:04:52.631992,entregue,100,True
1172,3673,3991,-1,100.0,150.0,2027-10-09T17:04:52.631992,enviado,100,True
1173,335,489,-1,100.0,150.0,2027-10-09T17:04:52.631992,entregue,100,True
1174,724,97299,-1,100.0,150.0,2027-10-09T17:04:52.631992,entregue,100,True
1175,1005,299,-1,100.0,150.0,2027-10-09T17:04:52.632064,entregue,100,True
1176,806,1380,-1,100.0,150.0,2027-10-09T17:04:52.632064,enviado,100,True
1177,3344,726,-1,-896.69,150.0,2027-10-09T17:04:52.632064,entregue,100,True
1178,99753,1869,-1,-896.69,150.0,2027-10-09T17:04:52.632064,enviado,100,True
1179,4296,244,-1,100.0,150.0,2027-10-09T17:04:52.632064,entregue,100,True
1180,95734,2950,-1,100.0,150.0,2027-10-09T17:04:52.632064,cancelado,100,True
1181,912,4987,-1,100.0,150.0,2027-10-09T17:04:52.632064,enviado,100,True
1182,4376,2269,-1,100.0,150.0,2027-10-09T17:04:52.632126,enviado,100,True
1183,92703,247,-1,100.0,150.0,2027-10-09T17:04:52.632126,pago,100,True
1184,3266,3648,-1,100.0,150.0,2027-10-09T17:04:52.632126,pendente,100,True
1185,99745,3134,-1,100.0,150.0,2027-10-09T17:04:52.632126,entregue,100,True
1186,4765,93230,-1,100.0,150.0,2027-10-09T17:04:52.632126,entregue,100,True
1187,4208,93731,-1,100.0,150.0,2027-10-09T17:04:52.632126,enviado,100,True
1188,940,752,-2,100.0,150.0,2027-10-09T17:04:52.632126,pago,100,True
1189,1324,712,-6,100.0,150.0,2027-10-09T17:04:52.632126,enviado,100,True
1190,95067,1605,-6,100.0,150.0,2027-10-09T17:04:52.632126,pago,100,True
1191,3885,3820,-6,100.0,150.0,2027-10-09T17:04:52.632126,pendente,100,True
1192,1625,4329,-6,-217.25,150.0,2027-10-09T17:04:52.632126,cancelado,100,True
1193,4112,219,-6,-217.25,150.0,2027-10-09T17:04:52.632215,pago,100,True
1194,4704,2133,-4,-217.25,150.0,2027-10-09T17:04:52.632215,pendente,100,True
1195,1386,920,-4,100.0,150.0,2027-10-09T17:04:52.632215,pendente,100,True
1196,3817,92406,-4,100.0,150.0,2027-10-09T17:04:52.632215,pago,100,True
1197,4623,2315,-4,100.0,150.0,2027-10-09T17:04:52.632215,pendente,100,True
1198,3580,1526,-5,100.0,150.0,2027-10-09T17:04:52.632215,pendente,100,True
1199,96147,4724,-5,100.0,150.0,2027-10-09T17:04:52.632215,cancelado,100,True
1200,2902,1117,-5,-223.37,150.0,2027-10-09T17:04:52.632215,pago,100,True
1201,92313,574,-5,-223.37,150.0,2027-10-09T17:04:52.632215,enviado,100,True
1202,1981,1745,-4,-223.37,150.0,2027-10-09T17:04:52.632215,enviado,100,True
1203,255,3616,-4,-223.37,150.0,2027-10-09T17:04:52.632299,pendente,100,True
1204,3100,3949,-4,-223.37,150.0,2027-10-09T17:04:52.632299,cancelado,100,True
1205,587,91369,-4,-223.37,150.0,2027-10-09T17:04:52.632299,entregue,100,True
1206,3265,943,-8,-223.37,150.0,2027-10-09T17:04:52.632299,pago,100,True
1207,1778,92092,-8,-223.37,150.0,2027-10-09T17:04:52.632299,enviado,100,True
1208,999,93872,-8,-223.37,150.0,2027-10-09T17:04:52.632299,pendente,100,True
1209,4031,2481,-8,-223.37,150.0,2027-10-09T17:04:52.632299,pendente,,True
1210,4017,3385,-8,-223.37,150.0,2027-10-09T17:04:52.632299,entregue,-1,True
1211,1867,1790,-8,100.0,150.0,2027-10-09T17:04:52.632299,pendente,-1,True
1212,1689,1922,-8,-15.52,150.0,2027-10-09T17:04:52.632299,pendente,-1,True
1213,93890,4261,-8,-15.52,150.0,2027-10-09T17:04:52.632299,cancelado,-1,True
1214,4470,4377,-8,-15.52,150.0,2027-10-09T17:04:52.632299,pendente,6,True
1215,93067,4449,-8,-15.52,150.0,2027-10-09T17:04:52.632299,enviado,6,True
1216,3232,3471,-8,-15.52,150.0,2027-10-09T17:04:52.632404,cancelado,6,True
1217,700,4397,-8,-15.52,150.0,2027-10-09T17:04:52.632404,enviado,,True
1218,3511,91284,-8,-15.52,150.0,2027-10-09T17:04:52.632404,entregue,,True
1219,520,3282,-8,-431.1,150.0,2027-10-09T17:04:52.632404,pago,,True
1220,92399,3400,-8,-431.1,150.0,2027-10-09T17:04:52.632404,enviado,,True
1221,1378,2902,-8,100.0,150.0,2027-10-09T17:04:52.632404,cancelado,,True
1222,4115,96454,-8,100.0,150.0,2027-10-09T17:04:52.632404,entregue,,True
1223,3639,1,-8,100.0,150.0,2027-10-09T17:04:52.632404,cancelado,,True
1224,3561,2724,-3,100.0,150.0,2027-10-09T17:04:52.632404,pendente,,True
1225,4855,768,-3,100.0,150.0,2027-10-09T17:04:52.632404,entregue,,True
1226,4605,1254,-3,-154.79,150.0,2027-10-09T17:04:52.632404,pendente,,True
1227,2025,3428,-3,-154.79,150.0,2027-10-09T17:04:52.632496,pendente,,True
1228,94340,4035,-3,-154.79,150.0,2027-10-09T17:04:52.632496,enviado,,True
1229,4134,3317,-3,100.0,150.0,2027-10-09T17:04:52.632496,pago,,True
1230,3332,2592,-3,100.0,150.0,2027-10-09T17:04:52.632496,pendente,10,True
1231,2242,4904,-3,100.0,150.0,2027-10-09T17:04:52.632529,pago,10,True
1232,1718,920,-3,100.0,150.0,2027-10-09T17:04:52.632539,pendente,10,True
1233,705,2695,-8,100.0,150.0,2027-10-09T17:04:52.632539,pendente,10,True
1234,2898,269,-8,100.0,150.0,2027-10-09T17:04:52.632561,pendente,10,True
1235,2942,4478,-8,100.0,150.0,2027-10-09T17:04:52.632561,cancelado,10,True
1236,99324,3893,-8,100.0,150.0,2027-10-09T17:04:52.632561,pendente,10,True
1237,92843,1142,-8,100.0,150.0,2027-10-09T17:04:52.632561,cancelado,10,True
1238,2505,3777,-8,-274.96,150.0,2027-10-09T17:04:52.632561,pago,10,True
1239,1540,92,-8,-912.04,150.0,2027-10-09T17:04:52.632561,pago,10,True
1240,2671,1055,-8,-912.04,150.0,2027-10-09T17:04:52.632561,pago,10,True
1241,805,2930,-8,100.0,150.0,2027-10-09T17:04:52.632561,enviado,10,True
1242,4946,2805,-8,100.0,150.0,2027-10-09T17:04:52.632632,enviado,10,True
1243,3476,4628,-8,-882.38,150.0,2027-10-09T17:04:52.632632,enviado,10,True
1244,96677,1765,-8,-882.38,150.0,2027-10-09T17:04:52.632632,pendente,10,True
1245,2899,4066,-8,100.0,150.0,2027-10-09T17:04:52.632632,enviado,10,True
1246,4251,1180,-8,100.0,150.0,2027-10-09T17:04:52.632666,enviado,10,True
1247,1303,1778,-8,100.0,150.0,2027-10-09T17:04:52.632676,enviado,10,True
1248,4947,1058,-8,-794.34,150.0,2027-10-09T17:04:52.632676,cancelado,10,True
1249,430,2282,-8,-805.98,150.0,2027-10-09T17:04:52.632676,pago,10,True
1250,97270,1017,-8,-805.98,150.0,2027-10-09T17:04:52.632676,pago,10,True
1251,18,1227,-8,-656.91,150.0,2027-10-09T17:04:52.632676,enviado,10,True
1252,777,4978,-6,-656.91,150.0,2027-10-09T17:04:52.632676,enviado,10,True
1253,99324,1350,-6,-656.91,150.0,2027-10-09T17:04:52.632676,pendente,10,True
1254,1831,1413,-6,100.0,150.0,2027-10-09T17:04:52.632676,enviado,10,True
1255,127,4713,-6,100.0,150.0,2027-10-09T17:04:52.632676,cancelado,6,True
1256,4499,2368,-6,100.0,150.0,2027-10-09T17:04:52.632749,entregue,6,True
1257,2314,2102,-6,100.0,150.0,2027-10-09T17:04:52.632761,enviado,6,True
1258,1641,3369,-6,100.0,150.0,2027-10-09T17:04:52.632761,pendente,100,True
1259,3430,1432,-6,100.0,150.0,2027-10-09T17:04:52.632778,pendente,100,True
1260,1529,919,-6,100.0,150.0,2027-10-09T17:04:52.632787,entregue,100,True
1261,582,93680,-6,100.0,150.0,2027-10-09T17:04:52.632787,entregue,100,True
1262,3713,3029,-6,-388.5,150.0,2027-10-09T17:04:52.632787,pago,100,True
1263,2534,891,-2,-388.5,150.0,2027-10-09T17:04:52.632787,pendente,100,True
1264,4769,2735,-5,-388.5,150.0,2027-10-09T17:04:52.632787,entregue,100,True
1265,563,712,-5,-388.5,150.0,2027-10-09T17:04:52.632787,cancelado,-1,True
1266,1385,98588,-5,-388.5,150.0,2027-10-09T17:04:52.632787,entregue,-1,True
1267,4531,2762,-10,-388.5,150.0,2027-10-09T17:04:52.632787,enviado,-1,True
1268,1850,93285,-10,-388.5,150.0,2027-10-09T17:04:52.632787,cancelado,-1,True
1269,3933,97420,-10,-388.5,150.0,2027-10-09T17:04:52.632787,enviado,-1,True
1270,175,3239,-10,100.0,150.0,2027-10-09T17:04:52.632787,cancelado,-1,True
1271,93330,4376,-10,100.0,150.0,2027-10-09T17:04:52.632787,pago,-1,True
1272,360,1942,-10,-243.68,150.0,2027-10-09T17:04:52.632787,pago,-1,True
1273,3822,4140,-10,-243.68,150.0,2027-10-09T17:04:52.632787,pendente,6,True
1274,1297,2810,-10,-810.65,150.0,2027-10-09T17:04:52.632787,pendente,6,True
1275,4786,94865,-10,-810.65,150.0,2027-10-09T17:04:52.632787,pendente,6,True
1276,3747,4055,-10,-810.65,150.0,2027-10-09T17:04:52.632787,cancelado,100,True
1277,3044,95870,-10,-810.65,150.0,2027-10-09T17:04:52.632787,pendente,100,True
1278,95652,4938,-10,-810.65,150.0,2027-10-09T17:04:52.632787,cancelado,100,True
1279,90271,2484,-10,-810.65,150.0,2027-10-09T17:04:52.632787,enviado,100,True
1280,1806,92183,-10,-810.65,150.0,2027-10-09T17:04:52.632787,pendente,100,True
1281,2826,97684,-10,-810.65,150.0,2027-10-09T17:04:52.632787,pago,100,True
1282,198,2224,-10,100.0,150.0,2027-10-09T17:04:52.632787,cancelado,100,True
1283,4736,929,-6,100.0,150.0,2027-10-09T17:04:52.632787,entregue,100,True
1284,949,2501,-6,100.0,150.0,2027-10-09T17:04:52.632787,pago,,True
1285,1780,3392,-6,100.0,150.0,2027-10-09T17:04:52.632787,pago,-1,True
1286,1355,2257,-6,-618.91,150.0,2027-10-09T17:04:52.632787,entregue,-1,True
1287,3804,1881,-6,-618.91,150.0,2027-10-09T17:04:52.632787,pago,10,True
1288,3362,1154,-6,-618.91,150.0,2027-10-09T17:04:52.632787,enviado,6,True
1289,174,2530,-6,-950.96,150.0,2027-10-09T17:04:52.632787,pendente,6,True
1290,4590,2140,-5,-950.96,150.0,2027-10-09T17:04:52.632787,enviado,6,True
1291,968,4768,-5,-950.96,150.0,2027-10-09T17:04:52.632787,enviado,100,True
1292,1931,234,-5,-950.96,150.0,2027-10-09T17:04:52.633047,cancelado,100,True
1293,4832,114,-4,-950.96,150.0,2027-10-09T17:04:52.633047,pendente,100,True
1294,689,2895,-1,-950.96,150.0,2027-10-09T17:04:52.633047,entregue,100,True
1295,1185,3865,-1,-950.96,150.0,2027-10-09T17:04:52.633047,pago,10,True
1296,3488,96844,-1,-950.96,150.0,2027-10-09T17:04:52.633047,pago,10,True
1297,1299,2796,-3,-950.96,150.0,2027-10-09T17:04:52.633047,pago,10,True
1298,2119,2061,-3,-344.23,150.0,2027-10-09T17:04:52.633047,enviado,10,True
1299,99849,4136,-3,-344.23,150.0,2027-10-09T17:04:52.633047,pago,10,True
1300,3721,4980,-3,-344.23,150.0,2027-10-09T17:04:52.633047,pago,100,True
1301,3469,2150,-3,100.0,150.0,2027-10-09T17:04:52.633047,pago,100,True
1302,4799,647,-3,100.0,150.0,2027-10-09T17:04:52.633047,entregue,100,True
1303,3002,95930,-3,100.0,150.0,2027-10-09T17:04:52.633047,pendente,100,True
1304,3840,1339,-2,100.0,150.0,2027-10-09T17:04:52.633047,cancelado,100,True
1305,64,96937,-2,100.0,150.0,2027-10-09T17:04:52.633047,entregue,100,True
1306,3048,320,-2,100.0,150.0,2027-10-09T17:04:52.633047,pendente,100,True
1307,414,1293,-6,100.0,150.0,2027-10-09T17:04:52.633047,pago,100,True
1308,3344,2385,-2,100.0,150.0,2027-10-09T17:04:52.633047,entregue,100,True
1309,95909,4287,-2,100.0,150.0,2027-10-09T17:04:52.633047,pago,100,True
1310,97638,4211,-2,100.0,150.0,2027-10-09T17:04:52.633047,pendente,100,True
1311,105,95608,-2,100.0,150.0,2027-10-09T17:04:52.633047,cancelado,100,True
1312,365,4714,-2,100.0,150.0,2027-10-09T17:04:52.633047,pendente,100,True
1313,2970,3691,-2,100.0,150.0,2027-10-09T17:04:52.633228,entregue,100,True
1314,4420,2232,-2,100.0,150.0,2027-10-09T17:04:52.633237,entregue,100,True
1315,609,1042,-10,100.0,150.0,2027-10-09T17:04:52.633237,pago,100,True
1316,1204,3420,-10,-518.11,150.0,2027-10-09T17:04:52.633237,pendente,100,True
1317,1532,4562,-10,-518.11,150.0,2027-10-09T17:04:52.633266,cancelado,100,True
1318,90474,2879,-10,-518.11,150.0,2027-10-09T17:04:52.633266,pago,100,True
1319,90279,1823,-10,-518.11,150.0,2027-10-09T17:04:52.633266,cancelado,100,True
1320,4453,992,-10,-346.97,150.0,2027-10-09T17:04:52.633266,cancelado,100,True
1321,4521,2679,-10,100.0,150.0,2027-10-09T17:04:52.633266,enviado,100,True
1322,1520,1189,-10,100.0,150.0,2027-10-09T17:04:52.633266,entregue,100,True
1323,93470,3443,-10,100.0,150.0,2027-10-09T17:04:52.633266,pendente,100,True
1324,4303,2653,-10,100.0,150.0,2027-10-09T17:04:52.633325,pago,100,True
1325,4822,3044,-10,100.0,150.0,2027-10-09T17:04:52.633335,enviado,100,True
1326,825,544,-10,100.0,150.0,2027-10-09T17:04:52.633335,cancelado,100,True
1327,4941,95333,-10,100.0,150.0,2027-10-09T17:04:52.633335,pago,100,True
1328,2703,91754,-10,100.0,150.0,2027-10-09T17:04:52.633335,pago,100,True
1329,4417,2632,-10,-738.34,150.0,2027-10-09T17:04:52.633335,enviado,100,True
1330,93191,2699,-10,-738.34,150.0,2027-10-09T17:04:52.633335,pendente,100,True
1331,4985,1230,-10,100.0,150.0,2027-10-09T17:04:52.633335,cancelado,100,True
1332,3500,3034,-10,100.0,150.0,2027-10-09T17:04:52.633335,pendente,100,True
1333,427,2848,-10,100.0,150.0,2027-10-09T17:04:52.633398,entregue,100,True
1334,94928,3277,-10,100.0,150.0,2027-10-09T17:04:52.633398,enviado,100,True
1335,368,3666,-5,100.0,150.0,2027-10-09T17:04:52.633398,entregue,100,True
1336,4982,97218,-5,100.0,150.0,2027-10-09T17:04:52.633398,cancelado,100,True
1337,1336,91081,-5,100.0,150.0,2027-10-09T17:04:52.633398,cancelado,100,True
1338,4534,94549,-5,100.0,150.0,2027-10-09T17:04:52.633398,entregue,100,True
1339,92797,4806,-5,100.0,150.0,2027-10-09T17:04:52.633398,pago,100,True
1340,1480,4367,-5,100.0,150.0,2027-10-09T17:04:52.633398,pago,100,True
1341,4851,2045,-5,100.0,150.0,2027-10-09T17:04:52.633466,enviado,100,True
1342,531,2116,-4,100.0,150.0,2027-10-09T17:04:52.633466,pago,100,True
1343,81,90669,-4,100.0,150.0,2027-10-09T17:04:52.633466,pendente,100,True
1344,2404,95219,-4,100.0,150.0,2027-10-09T17:04:52.633466,pago,100,True
1345,96745,3839,-4,100.0,150.0,2027-10-09T17:04:52.633466,cancelado,100,True
1346,3180,95527,-4,100.0,150.0,2027-10-09T17:04:52.633466,pendente,100,True
1347,1286,2130,-2,100.0,150.0,2027-10-09T17:04:52.633466,enviado,100,True
1348,94812,3978,-2,100.0,150.0,2027-10-09T17:04:52.633466,enviado,100,True
1349,3022,2781,-7,100.0,150.0,2027-10-09T17:04:52.633466,pago,100,True
1350,1173,4484,-7,100.0,150.0,2027-10-09T17:04:52.633466,enviado,,True
1351,2821,1838,-7,100.0,150.0,2027-10-09T17:04:52.633547,cancelado,,True
1352,99173,1845,-7,100.0,150.0,2027-10-09T17:04:52.633547,entregue,,True
1353,2009,1332,-1,100.0,150.0,2027-10-09T17:04:52.633547,enviado,,True
1354,94930,965,-1,100.0,150.0,2027-10-09T17:04:52.633547,cancelado,,True
1355,1490,1409,-1,100.0,150.0,2027-10-09T17:04:52.633547,cancelado,6,True
1356,2359,4676,-1,-345.81,150.0,2027-10-09T17:04:52.633547,enviado,6,True
1357,2223,3460,-1,100.0,150.0,2027-10-09T17:04:52.633547,entregue,6,True
1358,4524,4053,-1,100.0,150.0,2027-10-09T17:04:52.633547,entregue,6,True
1359,1949,2895,-2,100.0,150.0,2027-10-09T17:04:52.633547,cancelado,6,True
1360,4368,2928,-2,100.0,150.0,2027-10-09T17:04:52.633547,enviado,6,True
1361,460,4725,-2,100.0,150.0,2027-10-09T17:04:52.633547,pago,6,True
1362,207,3533,-2,100.0,150.0,2027-10-09T17:04:52.633547,enviado,100,True
1363,97695,1244,-2,100.0,150.0,2027-10-09T17:04:52.633547,pendente,100,True
1364,1040,2709,-8,100.0,150.0,2027-10-09T17:04:52.633547,pendente,100,True
1365,643,3964,-2,100.0,150.0,2027-10-09T17:04:52.633547,entregue,100,True
1366,4060,4196,-2,100.0,150.0,2027-10-09T17:04:52.633547,entregue,-1,True
1367,92007,4408,-2,100.0,150.0,2027-10-09T17:04:52.633547,pendente,-1,True
1368,2780,1751,-2,100.0,150.0,2027-10-09T17:04:52.633547,cancelado,-1,True
1369,3641,2808,-10,100.0,150.0,2027-10-09T17:04:52.633547,pendente,-1,True
1370,91208,3080,-10,100.0,150.0,2027-10-09T17:04:52.633547,enviado,-1,True
1371,99217,4643,-10,100.0,150.0,2027-10-09T17:04:52.633547,enviado,-1,True
1372,4181,94876,-10,100.0,150.0,2027-10-09T17:04:52.633547,entregue,-1,True
1373,224,98109,-10,100.0,150.0,2027-10-09T17:04:52.633547,enviado,-1,True
1374,94348,3841,-10,100.0,150.0,2027-10-09T17:04:52.633547,enviado,-1,True
1375,1571,1778,-9,100.0,150.0,2027-10-09T17:04:52.633547,pendente,-1,True
1376,2856,93652,-9,100.0,150.0,2027-10-09T17:04:52.633547,pago,-1,True
1377,4855,2302,-9,100.0,150.0,2027-10-09T17:04:52.633547,entregue,-1,True
1378,713,3823,-9,100.0,150.0,2027-10-09T17:04:52.633547,cancelado,-1,True
1379,3358,3282,-10,100.0,150.0,2027-10-09T17:04:52.633547,pago,-1,True
1380,2122,968,-10,100.0,150.0,2027-10-09T17:04:52.633786,cancelado,-1,True
1381,259,2619,-6,100.0,150.0,2027-10-09T17:04:52.633786,enviado,-1,True
1382,2325,4607,-6,-127.19,150.0,2027-10-09T17:04:52.633786,pendente,-1,True
1383,2412,1323,-6,100.0,150.0,2027-10-09T17:04:52.633786,enviado,-1,True
1384,3511,4095,-6,100.0,150.0,2027-10-09T17:04:52.633820,pago,-1,True
1385,2682,37,-6,100.0,150.0,2027-10-09T17:04:52.633820,enviado,6,True
1386,92413,2174,-6,100.0,150.0,2027-10-09T17:04:52.633820,pago,6,True
1387,4431,93837,-6,100.0,150.0,2027-10-09T17:04:52.633820,pago,6,True
1388,4033,508,-6,100.0,150.0,2027-10-09T17:04:52.633820,entregue,6,True
1389,2819,99669,-6,100.0,150.0,2027-10-09T17:04:52.633820,entregue,6,True
1390,931,578,-2,100.0,150.0,2027-10-09T17:04:52.633820,enviado,6,True
1391,4433,94436,-2,100.0,150.0,2027-10-09T17:04:52.633820,entregue,6,True
1392,3951,3363,-2,100.0,150.0,2027-10-09T17:04:52.633820,pendente,6,True
1393,96565,2118,-2,100.0,150.0,2027-10-09T17:04:52.633820,pendente,6,True
1394,2230,4978,-2,100.0,150.0,2027-10-09T17:04:52.633903,enviado,6,True
1395,4323,831,-2,100.0,150.0,2027-10-09T17:04:52.633903,pendente,6,True
1396,4051,3612,-2,100.0,150.0,2027-10-09T17:04:52.633903,entregue,6,True
1397,2226,2914,-2,100.0,150.0,2027-10-09T17:04:52.633903,enviado,6,True
1398,95804,4693,-2,100.0,150.0,2027-10-09T17:04:52.633903,entregue,6,True
1399,1029,94860,-2,100.0,150.0,2027-10-09T17:04:52.633903,pago,6,True
1400,2489,95320,-2,100.0,150.0,2027-10-09T17:04:52.633903,pago,6,True
1401,2199,4933,-2,100.0,150.0,2027-10-09T17:04:52.633903,cancelado,-1,True
1402,397,3403,-2,100.0,150.0,2027-10-09T17:04:52.633903,pago,,True
1403,4650,1583,-4,100.0,150.0,2027-10-09T17:04:52.633903,entregue,,True
1404,2506,2583,-3,100.0,150.0,2027-10-09T17:04:52.633903,enviado,,True
1405,3070,4908,-3,100.0,150.0,2027-10-09T17:04:52.634017,pago,,True
1406,1673,4739,-3,100.0,150.0,2027-10-09T17:04:52.634031,entregue,,True
1407,4185,3988,-8,100.0,150.0,2027-10-09T17:04:52.634031,pendente,,True
1408,1341,2843,-9,100.0,150.0,2027-10-09T17:04:52.634031,entregue,,True
1409,987,1523,-9,-458.47,150.0,2027-10-09T17:04:52.634031,pendente,,True
1410,1122,3628,-9,-594.42,150.0,2027-10-09T17:04:52.634031,pendente,,True
1411,96636,4739,-9,-594.42,150.0,2027-10-09T17:04:52.634031,pago,,True
1412,3752,4611,-3,-594.42,150.0,2027-10-09T17:04:52.634031,entregue,,True
1413,503,1352,-3,-594.42,150.0,2027-10-09T17:04:52.634100,pendente,,True
1414,3314,3242,-3,-594.42,150.0,2027-10-09T17:04:52.634110,enviado,,True
1415,3622,4391,-3,100.0,150.0,2027-10-09T17:04:52.634110,pendente,,True
1416,903,2655,-3,100.0,150.0,2027-10-09T17:04:52.634127,enviado,,True
1417,3865,1733,-3,100.0,150.0,2027-10-09T17:04:52.634127,pago,10,True
1418,4646,4160,-8,100.0,150.0,2027-10-09T17:04:52.634127,cancelado,10,True
1419,442,2647,-8,100.0,150.0,2027-10-09T17:04:52.634127,pendente,10,True
1420,3455,44,-8,100.0,150.0,2027-10-09T17:04:52.634127,pago,,True
1421,4455,1761,-8,100.0,150.0,2027-10-09T17:04:52.634127,pendente,,True
1422,2944,4796,-8,100.0,150.0,2027-10-09T17:04:52.634127,pago,100,True
1423,2993,4040,-8,100.0,150.0,2027-10-09T17:04:52.634127,pago,100,True
1424,2686,3011,-8,100.0,150.0,2027-10-09T17:04:52.634192,entregue,100,True
1425,4632,4373,-8,100.0,150.0,2027-10-09T17:04:52.634192,enviado,100,True
1426,469,95609,-8,100.0,150.0,2027-10-09T17:04:52.634192,pendente,100,True
1427,93674,2531,-8,100.0,150.0,2027-10-09T17:04:52.634192,entregue,100,True
1428,4572,3907,-8,-425.61,150.0,2027-10-09T17:04:52.634192,cancelado,100,True
1429,90500,1257,-8,-425.61,150.0,2027-10-09T17:04:52.634192,cancelado,100,True
1430,1503,4907,-8,-689.23,150.0,2027-10-09T17:04:52.634192,pago,100,True
1431,1862,3476,-8,-689.23,150.0,2027-10-09T17:04:52.634252,cancelado,100,True
1432,1352,3089,-8,100.0,150.0,2027-10-09T17:04:52.634252,cancelado,100,True
1433,94072,834,-8,100.0,150.0,2027-10-09T17:04:52.634252,entregue,100,True
1434,1714,95314,-8,100.0,150.0,2027-10-09T17:04:52.634252,pago,100,True
1435,1360,99815,-8,100.0,150.0,2027-10-09T17:04:52.634252,entregue,100,True
1436,3507,98069,-8,100.0,150.0,2027-10-09T17:04:52.634252,pago,100,True
1437,2056,2596,-8,100.0,150.0,2027-10-09T17:04:52.634252,cancelado,6,True
1438,2689,2348,-8,-442.17,150.0,2027-10-09T17:04:52.634252,cancelado,6,True
1439,3726,3223,-8,100.0,150.0,2027-10-09T17:04:52.634252,entregue,6,True
1440,4996,4712,-8,100.0,150.0,2027-10-09T17:04:52.634252,enviado,6,True
1441,96461,4751,-8,100.0,150.0,2027-10-09T17:04:52.634252,pago,6,True
1442,90425,1281,-8,100.0,150.0,2027-10-09T17:04:52.634252,pago,6,True
1443,3693,1328,-8,100.0,150.0,2027-10-09T17:04:52.634357,pago,6,True
1444,4607,2902,-8,100.0,150.0,2027-10-09T17:04:52.634357,pago,100,True
1445,1342,2457,-8,100.0,150.0,2027-10-09T17:04:52.634357,entregue,100,True
1446,1221,4462,-7,100.0,150.0,2027-10-09T17:04:52.634357,cancelado,100,True
1447,96348,223,-7,100.0,150.0,2027-10-09T17:04:52.634357,enviado,100,True
1448,1220,4208,-7,-468.18,150.0,2027-10-09T17:04:52.634357,cancelado,100,True
1449,93853,831,-7,-468.18,150.0,2027-10-09T17:04:52.634357,pendente,100,True
1450,1449,3972,-7,-468.18,150.0,2027-10-09T17:04:52.634357,pendente,,True
1451,3780,91519,-7,-468.18,150.0,2027-10-09T17:04:52.634357,pago,,True
1452,1865,2027,-7,100.0,150.0,2027-10-09T17:04:52.634357,enviado,,True
1453,706,1080,-7,100.0,150.0,2027-10-09T17:04:52.634357,cancelado,10,True
1454,3995,3271,-7,100.0,150.0,2027-10-09T17:04:52.634357,cancelado,10,True
1455,2105,813,-7,100.0,150.0,2027-10-09T17:04:52.634457,cancelado,10,True
1456,4637,1753,-7,100.0,150.0,2027-10-09T17:04:52.634457,pendente,10,True
1457,1001,256,-10,100.0,150.0,2027-10-09T17:04:52.634457,pago,10,True
1458,1326,1255,-10,100.0,150.0,2027-10-09T17:04:52.634457,enviado,6,True
1459,2953,98724,-10,100.0,150.0,2027-10-09T17:04:52.634457,cancelado,6,True
1460,93175,2193,-10,100.0,150.0,2027-10-09T17:04:52.634457,pago,6,True
1461,4914,3222,-10,-963.08,150.0,2027-10-09T17:04:52.634457,enviado,6,True
1462,212,91,-10,100.0,150.0,2027-10-09T17:04:52.634457,pago,6,True
1463,2436,4975,-10,100.0,150.0,2027-10-09T17:04:52.634457,pendente,6,True
1464,2914,1490,-10,100.0,150.0,2027-10-09T17:04:52.634530,cancelado,6,True
1465,874,81,-10,100.0,150.0,2027-10-09T17:04:52.634530,enviado,6,True
1466,2926,4302,-10,100.0,150.0,2027-10-09T17:04:52.634530,entregue,6,True
1467,1087,2935,-10,100.0,150.0,2027-10-09T17:04:52.634555,pendente,6,True
1468,3570,2870,-3,100.0,150.0,2027-10-09T17:04:52.634555,pago,6,True
1469,2430,4708,-2,100.0,150.0,2027-10-09T17:04:52.634555,pendente,6,True
1470,3554,91832,-2,100.0,150.0,2027-10-09T17:04:52.634555,entregue,6,True
1471,716,4648,-2,100.0,150.0,2027-10-09T17:04:52.634555,enviado,10,True
1472,4411,98859,-2,100.0,150.0,2027-10-09T17:04:52.634555,enviado,10,True
1473,3276,97329,-2,100.0,150.0,2027-10-09T17:04:52.634555,cancelado,10,True
1474,1773,4317,-2,100.0,150.0,2027-10-09T17:04:52.634555,cancelado,10,True
1475,469,92486,-2,100.0,150.0,2027-10-09T17:04:52.634555,cancelado,10,True
1476,1232,2929,-2,-559.85,150.0,2027-10-09T17:04:52.634555,enviado,10,True
1477,93757,4674,-2,-559.85,150.0,2027-10-09T17:04:52.634555,entregue,10,True
1478,2759,2506,-2,-9.98,150.0,2027-10-09T17:04:52.634555,enviado,10,True
1479,2853,1492,-2,100.0,150.0,2027-10-09T17:04:52.634555,entregue,10,True
1480,1455,96926,-2,100.0,150.0,2027-10-09T17:04:52.634555,entregue,10,True
1481,874,4616,-2,-948.27,150.0,2027-10-09T17:04:52.634555,enviado,10,True
1482,505,3131,-3,-948.27,150.0,2027-10-09T17:04:52.634555,cancelado,10,True
1483,877,2258,-1,-948.27,150.0,2027-10-09T17:04:52.634555,enviado,10,True
1484,509,96232,-1,-948.27,150.0,2027-10-09T17:04:52.634555,cancelado,10,True
1485,1863,3378,-1,-618.76,150.0,2027-10-09T17:04:52.634555,cancelado,10,True
1486,3222,4814,-1,-618.76,150.0,2027-10-09T17:04:52.634713,entregue,10,True
1487,2427,95684,-1,-618.76,150.0,2027-10-09T17:04:52.634713,entregue,10,True
1488,802,1238,-3,-618.76,150.0,2027-10-09T17:04:52.634713,cancelado,10,True
1489,4772,1020,-3,-618.76,150.0,2027-10-09T17:04:52.634713,cancelado,10,True
1490,79,93739,-3,-618.76,150.0,2027-10-09T17:04:52.634713,pago,10,True
1491,3656,2722,-3,-387.99,150.0,2027-10-09T17:04:52.634713,enviado,10,True
1492,4409,2272,-3,-387.99,150.0,2027-10-09T17:04:52.634767,pendente,10,True
1493,2888,94432,-3,-387.99,150.0,2027-10-09T17:04:52.634767,entregue,10,True
1494,3657,2411,-2,-387.99,150.0,2027-10-09T17:04:52.634767,entregue,10,True
1495,919,3652,-2,100.0,150.0,2027-10-09T17:04:52.634767,pago,10,True
1496,700,2385,-2,-881.76,150.0,2027-10-09T17:04:52.634767,cancelado,10,True
1497,95165,3817,-2,-881.76,150.0,2027-10-09T17:04:52.634767,pago,10,True
1498,95359,3356,-2,-881.76,150.0,2027-10-09T17:04:52.634767,enviado,10,True
1499,4162,3311,-2,-881.76,150.0,2027-10-09T17:04:52.634832,enviado,10,True
1500,1458,97354,-2,-881.76,150.0,2027-10-09T17:04:52.634832,pago,10,True
1501,2980,4916,-2,100.0,150.0,2027-10-09T17:04:52.634832,cancelado,10,True
1502,3671,4281,-2,100.0,150.0,2027-10-09T17:04:52.634832,pago,,True
1503,683,98147,-2,100.0,150.0,2027-10-09T17:04:52.634832,pago,,True
1504,1688,96443,-2,100.0,150.0,2027-10-09T17:04:52.634832,pendente,,True
1505,2608,2225,-2,-118.35,150.0,2027-10-09T17:04:52.634832,entregue,,True
1506,4015,4230,-2,-118.35,150.0,2027-10-09T17:04:52.634832,pendente,,True
1507,4504,237,-2,-118.35,150.0,2027-10-09T17:04:52.634832,enviado,100,True
1508,2591,31,-2,-115.59,150.0,2027-10-09T17:04:52.634832,pendente,100,True
1509,3963,977,-3,-115.59,150.0,2027-10-09T17:04:52.634832,pago,100,True
1510,4028,95897,-3,-115.59,150.0,2027-10-09T17:04:52.634832,enviado,100,True
1511,3829,4259,-3,100.0,150.0,2027-10-09T17:04:52.634832,pago,100,True
1512,2390,2454,-3,100.0,150.0,2027-10-09T17:04:52.634940,enviado,100,True
1513,96345,384,-3,100.0,150.0,2027-10-09T17:04:52.634940,enviado,100,True
1514,95300,1012,-3,100.0,150.0,2027-10-09T17:04:52.634940,cancelado,100,True
1515,1422,568,-3,100.0,150.0,2027-10-09T17:04:52.634940,pendente,100,True
1516,4062,98247,-3,100.0,150.0,2027-10-09T17:04:52.634940,pago,100,True
1517,2938,91884,-3,100.0,150.0,2027-10-09T17:04:52.634940,enviado,100,True
1518,475,2472,-3,100.0,150.0,2027-10-09T17:04:52.634990,pendente,100,True
1519,1579,153,-4,100.0,150.0,2027-10-09T17:04:52.634990,enviado,100,True
1520,4801,1724,-4,-684.11,150.0,2027-10-09T17:04:52.634990,entregue,100,True
1521,4557,828,-4,-736.07,150.0,2027-10-09T17:04:52.634990,pendente,100,True
1522,1024,1991,-4,-736.07,150.0,2027-10-09T17:04:52.635036,pago,100,True
1523,2834,237,-6,-736.07,150.0,2027-10-09T17:04:52.635036,enviado,100,True
1524,3756,1779,-6,-387.35,150.0,2027-10-09T17:04:52.635036,entregue,100,True
1525,90344,208,-6,-387.35,150.0,2027-10-09T17:04:52.635036,pago,100,True
1526,4971,4061,-6,100.0,150.0,2027-10-09T17:04:52.635036,cancelado,100,True
1527,3556,91202,-6,100.0,150.0,2027-10-09T17:04:52.635036,pago,100,True
1528,90289,1719,-6,100.0,150.0,2027-10-09T17:04:52.635036,cancelado,100,True
1529,3379,4607,-6,100.0,150.0,2027-10-09T17:04:52.635036,entregue,100,True
1530,2579,95216,-6,100.0,150.0,2027-10-09T17:04:52.635036,pendente,100,True
1531,3059,3883,-6,-296.04,150.0,2027-10-09T17:04:52.635036,cancelado,100,True
1532,2,3127,-6,-296.04,150.0,2027-10-09T17:04:52.635036,enviado,100,True
1533,527,2986,-6,-296.04,150.0,2027-10-09T17:04:52.635149,pendente,100,True
1534,301,324,-5,-296.04,150.0,2027-10-09T17:04:52.635149,entregue,100,True
1535,301,4582,-5,-296.04,150.0,2027-10-09T17:04:52.635149,pendente,,True
1536,169,4808,-5,-296.04,150.0,2027-10-09T17:04:52.635149,enviado,10,True
1537,1870,99637,-5,-296.04,150.0,2027-10-09T17:04:52.635149,pendente,10,True
1538,4884,99084,-5,-296.04,150.0,2027-10-09T17:04:52.635149,enviado,10,True
1539,2089,4951,-9,-296.04,150.0,2027-10-09T17:04:52.635149,enviado,10,True
1540,623,3589,-9,-296.04,150.0,2027-10-09T17:04:52.635149,pendente,6,True
1541,3388,98862,-9,-296.04,150.0,2027-10-09T17:04:52.635149,enviado,6,True
1542,4620,98400,-9,-296.04,150.0,2027-10-09T17:04:52.635149,pendente,6,True
1543,4427,3316,-9,-296.04,150.0,2027-10-09T17:04:52.635233,pago,6,True
1544,1704,4008,-9,100.0,150.0,2027-10-09T17:04:52.635233,pendente,6,True
1545,1859,1553,-9,100.0,150.0,2027-10-09T17:04:52.635233,cancelado,6,True
1546,91806,4999,-9,100.0,150.0,2027-10-09T17:04:52.635233,cancelado,6,True
1547,4477,1766,-9,100.0,150.0,2027-10-09T17:04:52.635233,pago,100,True
1548,1589,390,-9,100.0,150.0,2027-10-09T17:04:52.635274,pago,100,True
1549,2175,1377,-9,100.0,150.0,2027-10-09T17:04:52.635274,pendente,100,True
1550,4019,93567,-9,100.0,150.0,2027-10-09T17:04:52.635274,cancelado,100,True
1551,2840,2888,-9,100.0,150.0,2027-10-09T17:04:52.635274,entregue,6,True
1552,3577,3908,-9,-840.15,150.0,2027-10-09T17:04:52.635274,enviado,6,True
1553,2876,4794,-9,-840.15,150.0,2027-10-09T17:04:52.635319,pendente,6,True
1554,3737,1007,-9,-840.15,150.0,2027-10-09T17:04:52.635319,pago,,True
1555,2993,1886,-9,100.0,150.0,2027-10-09T17:04:52.635319,enviado,,True
1556,550,3471,-9,100.0,150.0,2027-10-09T17:04:52.635344,pago,,True
1557,705,1226,-9,100.0,150.0,2027-10-09T17:04:52.635361,enviado,,True
1558,1451,90451,-9,100.0,150.0,2027-10-09T17:04:52.635361,pendente,,True
1559,2420,4574,-10,100.0,150.0,2027-10-09T17:04:52.635361,cancelado,,True
1560,3204,96887,-10,100.0,150.0,2027-10-09T17:04:52.635361,pendente,,True
1561,292,3890,-10,100.0,150.0,2027-10-09T17:04:52.635402,entregue,,True
1562,1773,4935,-3,100.0,150.0,2027-10-09T17:04:52.635402,cancelado,,True
1563,3588,91186,-3,100.0,150.0,2027-10-09T17:04:52.635402,pendente,,True
1564,3768,96417,-3,100.0,150.0,2027-10-09T17:04:52.635402,cancelado,,True
1565,2835,1162,-7,100.0,150.0,2027-10-09T17:04:52.635402,cancelado,,True
1566,3413,1485,-7,-617.61,150.0,2027-10-09T17:04:52.635402,pago,,True
1567,3844,2826,-2,-617.61,150.0,2027-10-09T17:04:52.635402,pendente,,True
1568,3211,1888,-4,-617.61,150.0,2027-10-09T17:04:52.635402,pago,,True
1569,4482,2545,-4,-76.31,150.0,2027-10-09T17:04:52.635402,enviado,,True
1570,3703,335,-4,-279.17,150.0,2027-10-09T17:04:52.635402,pendente,,True
1571,2900,2511,-7,-279.17,150.0,2027-10-09T17:04:52.635402,enviado,,True
1572,3575,99529,-7,-279.17,150.0,2027-10-09T17:04:52.635402,enviado,,True
1573,599,91787,-7,-279.17,150.0,2027-10-09T17:04:52.635402,cancelado,,True
1574,981,3775,-7,-279.17,150.0,2027-10-09T17:04:52.635402,enviado,100,True
1575,1644,2574,-7,-279.17,150.0,2027-10-09T17:04:52.635402,pendente,100,True
1576,91306,2962,-7,-279.17,150.0,2027-10-09T17:04:52.635402,cancelado,100,True
1577,93853,165,-7,-279.17,150.0,2027-10-09T17:04:52.635402,pendente,100,True
1578,76,4824,-8,-279.17,150.0,2027-10-09T17:04:52.635402,cancelado,100,True
1579,1518,96557,-8,-279.17,150.0,2027-10-09T17:04:52.635402,enviado,100,True
1580,91136,4088,-8,-279.17,150.0,2027-10-09T17:04:52.635402,pendente,100,True
1581,4886,1000,-8,-303.28,150.0,2027-10-09T17:04:52.635402,cancelado,100,True
1582,532,3145,-8,-564.13,150.0,2027-10-09T17:04:52.635402,entregue,100,True
1583,4433,2383,-5,-564.13,150.0,2027-10-09T17:04:52.635402,pago,100,True
1584,1421,4609,-5,100.0,150.0,2027-10-09T17:04:52.635402,pendente,100,True
1585,93924,595,-5,100.0,150.0,2027-10-09T17:04:52.635402,enviado,100,True
1586,1664,1625,-5,-214.29,150.0,2027-10-09T17:04:52.635402,cancelado,100,True
1587,3824,4437,-5,100.0,150.0,2027-10-09T17:04:52.635402,pendente,100,True
1588,2479,1306,-5,100.0,150.0,2027-10-09T17:04:52.635402,pago,100,True
1589,1958,4765,-5,100.0,150.0,2027-10-09T17:04:52.635402,enviado,10,True
1590,59,690,-5,-388.24,150.0,2027-10-09T17:04:52.635402,pago,10,True
1591,4597,2126,-10,-388.24,150.0,2027-10-09T17:04:52.635402,enviado,10,True
1592,3396,95724,-10,-388.24,150.0,2027-10-09T17:04:52.635402,pendente,10,True
1593,3177,97201,-10,-388.24,150.0,2027-10-09T17:04:52.635402,entregue,10,True
1594,2650,3414,-10,-388.24,150.0,2027-10-09T17:04:52.635682,cancelado,10,True
1595,1484,2866,-10,-388.24,150.0,2027-10-09T17:04:52.635682,cancelado,10,True
1596,1897,94421,-10,-388.24,150.0,2027-10-09T17:04:52.635682,pendente,10,True
1597,4130,3384,-10,-388.24,150.0,2027-10-09T17:04:52.635682,entregue,,True
1598,99910,4463,-10,-388.24,150.0,2027-10-09T17:04:52.635682,entregue,,True
1599,3042,4516,-3,-388.24,150.0,2027-10-09T17:04:52.635682,pendente,,True
1600,209,393,-3,-862.06,150.0,2027-10-09T17:04:52.635682,cancelado,,True
1601,580,3746,-3,-862.06,150.0,2027-10-09T17:04:52.635741,pendente,,True
1602,4348,1681,-3,-862.06,150.0,2027-10-09T17:04:52.635741,pago,-1,True
1603,2125,367,-3,-194.08,150.0,2027-10-09T17:04:52.635741,pago,-1,True
1604,4375,2451,-3,-194.08,150.0,2027-10-09T17:04:52.635741,entregue,100,True
1605,1044,2633,-3,-194.08,150.0,2027-10-09T17:04:52.635775,cancelado,100,True
1606,3073,644,-3,-194.08,150.0,2027-10-09T17:04:52.635775,pendente,100,True
1607,3289,3130,-3,-75.2,150.0,2027-10-09T17:04:52.635775,entregue,100,True
1608,3217,2692,-3,100.0,150.0,2027-10-09T17:04:52.635775,pendente,100,True
1609,94006,1161,-3,100.0,150.0,2027-10-09T17:04:52.635775,entregue,100,True
1610,4416,97362,-3,100.0,150.0,2027-10-09T17:04:52.635775,enviado,100,True
1611,4532,91882,-3,100.0,150.0,2027-10-09T17:04:52.635775,entregue,100,True
1612,348,3921,-3,-539.92,150.0,2027-10-09T17:04:52.635775,enviado,100,True
1613,636,98499,-3,-539.92,150.0,2027-10-09T17:04:52.635775,entregue,100,True
1614,94948,953,-3,-539.92,150.0,2027-10-09T17:04:52.635775,entregue,100,True
1615,1811,1613,-3,-679.78,150.0,2027-10-09T17:04:52.635775,pendente,100,True
1616,96842,4736,-3,-679.78,150.0,2027-10-09T17:04:52.635775,entregue,100,True
1617,1675,2572,-3,-679.78,150.0,2027-10-09T17:04:52.635775,pago,10,True
1618,2471,1697,-9,-679.78,150.0,2027-10-09T17:04:52.635775,cancelado,10,True
1619,1780,3799,-9,-830.72,150.0,2027-10-09T17:04:52.635775,pendente,10,True
1620,3750,2313,-9,-830.72,150.0,2027-10-09T17:04:52.635775,cancelado,6,True
1621,2252,3305,-9,-128.55,150.0,2027-10-09T17:04:52.635775,entregue,6,True
1622,2511,2710,-10,-128.55,150.0,2027-10-09T17:04:52.635775,cancelado,6,True
1623,4727,90253,-10,-128.55,150.0,2027-10-09T17:04:52.635775,cancelado,6,True
1624,3815,4888,-10,-128.55,150.0,2027-10-09T17:04:52.635775,pago,100,True
1625,754,2828,-10,-128.55,150.0,2027-10-09T17:04:52.635775,pendente,10,True
1626,500,1766,-6,-128.55,150.0,2027-10-09T17:04:52.635775,cancelado,10,True
1627,98061,3431,-6,-128.55,150.0,2027-10-09T17:04:52.635775,pago,10,True
1628,2359,2151,-6,-128.55,150.0,2027-10-09T17:04:52.635775,cancelado,6,True
1629,2247,99891,-6,-128.55,150.0,2027-10-09T17:04:52.635775,pago,6,True
1630,949,1757,-6,-128.55,150.0,2027-10-09T17:04:52.635775,entregue,-1,True
1631,816,1455,-6,100.0,150.0,2027-10-09T17:04:52.635775,pendente,-1,True
1632,1544,91110,-6,100.0,150.0,2027-10-09T17:04:52.635775,enviado,-1,True
1633,209,4809,-6,100.0,150.0,2027-10-09T17:04:52.635775,cancelado,10,True
1634,4121,1396,-6,100.0,150.0,2027-10-09T17:04:52.635775,pago,,True
1635,3934,1384,-3,100.0,150.0,2027-10-09T17:04:52.635775,cancelado,,True
1636,4460,2920,-3,100.0,150.0,2027-10-09T17:04:52.636033,entregue,,True
1637,99973,1872,-3,100.0,150.0,2027-10-09T17:04:52.636033,cancelado,,True
1638,1084,2450,-3,100.0,150.0,2027-10-09T17:04:52.636051,pago,,True
1639,96210,559,-3,100.0,150.0,2027-10-09T17:04:52.636051,entregue,,True
1640,4840,1399,-3,-965.86,150.0,2027-10-09T17:04:52.636051,cancelado,,True
1641,91299,3283,-3,-965.86,150.0,2027-10-09T17:04:52.636051,pendente,,True
1642,831,4484,-3,-335.94,150.0,2027-10-09T17:04:52.636051,pendente,,True
1643,2348,99314,-3,-335.94,150.0,2027-10-09T17:04:52.636051,cancelado,,True
1644,841,589,-9,-335.94,150.0,2027-10-09T17:04:52.636051,cancelado,,True
1645,2099,1791,-9,-335.94,150.0,2027-10-09T17:04:52.636051,entregue,,True
1646,1481,60,-9,-48.33,150.0,2027-10-09T17:04:52.636051,enviado,,True
1647,2776,3252,-3,-48.33,150.0,2027-10-09T17:04:52.636051,entregue,,True
1648,3529,3630,-3,-48.33,150.0,2027-10-09T17:04:52.636141,entregue,,True
1649,99138,2630,-3,-48.33,150.0,2027-10-09T17:04:52.636141,pendente,,True
1650,1213,4323,-3,-48.33,150.0,2027-10-09T17:04:52.636141,pago,,True
1651,723,286,-3,-48.33,150.0,2027-10-09T17:04:52.636141,enviado,100,True
1652,1442,1536,-3,-48.33,150.0,2027-10-09T17:04:52.636175,enviado,100,True
1653,4382,93335,-3,-48.33,150.0,2027-10-09T17:04:52.636175,entregue,100,True
1654,244,4874,-3,-48.33,150.0,2027-10-09T17:04:52.636193,enviado,100,True
1655,1372,90029,-3,-48.33,150.0,2027-10-09T17:04:52.636193,enviado,100,True
1656,140,214,-3,-48.33,150.0,2027-10-09T17:04:52.636210,enviado,100,True
1657,4732,1248,-3,-48.33,150.0,2027-10-09T17:04:52.636210,pendente,100,True
1658,3253,1520,-3,100.0,150.0,2027-10-09T17:04:52.636210,enviado,100,True
1659,1022,2265,-3,100.0,150.0,2027-10-09T17:04:52.636210,entregue,10,True
1660,2899,2150,-3,100.0,150.0,2027-10-09T17:04:52.636210,enviado,10,True
1661,683,1330,-3,100.0,150.0,2027-10-09T17:04:52.636210,pago,100,True
1662,98935,4111,-3,100.0,150.0,2027-10-09T17:04:52.636210,cancelado,100,True
1663,97063,940,-3,100.0,150.0,2027-10-09T17:04:52.636210,pago,100,True
1664,4551,4803,-3,-530.21,150.0,2027-10-09T17:04:52.636210,cancelado,100,True
1665,1319,4090,-3,-530.21,150.0,2027-10-09T17:04:52.636287,pendente,100,True
1666,2137,4692,-3,-530.21,150.0,2027-10-09T17:04:52.636287,pendente,100,True
1667,4095,4768,-3,-530.21,150.0,2027-10-09T17:04:52.636313,enviado,100,True
1668,91575,3875,-3,-530.21,150.0,2027-10-09T17:04:52.636313,pendente,100,True
1669,4748,2294,-3,-530.21,150.0,2027-10-09T17:04:52.636331,enviado,100,True
1670,99321,4379,-3,-530.21,150.0,2027-10-09T17:04:52.636331,pago,100,True
1671,4611,732,-5,-530.21,150.0,2027-10-09T17:04:52.636331,enviado,100,True
1672,1240,2644,-5,-711.61,150.0,2027-10-09T17:04:52.636331,cancelado,100,True
1673,554,92496,-5,-711.61,150.0,2027-10-09T17:04:52.636331,cancelado,100,True
1674,13,3654,-5,100.0,150.0,2027-10-09T17:04:52.636331,pago,100,True
1675,2303,2683,-8,100.0,150.0,2027-10-09T17:04:52.636331,entregue,100,True
1676,3922,3063,-8,-588.04,150.0,2027-10-09T17:04:52.636331,entregue,100,True
1677,301,1927,-8,100.0,150.0,2027-10-09T17:04:52.636331,enviado,100,True
1678,93137,4983,-8,100.0,150.0,2027-10-09T17:04:52.636331,enviado,100,True
1679,2847,255,-8,100.0,150.0,2027-10-09T17:04:52.636331,pendente,100,True
1680,2082,3343,-8,100.0,150.0,2027-10-09T17:04:52.636331,pendente,,True
1681,95631,743,-8,100.0,150.0,2027-10-09T17:04:52.636331,entregue,,True
1682,320,1685,-8,-317.43,150.0,2027-10-09T17:04:52.636331,cancelado,,True
1683,3266,2890,-8,-317.43,150.0,2027-10-09T17:04:52.636331,entregue,,True
1684,91590,112,-8,-317.43,150.0,2027-10-09T17:04:52.636331,pago,,True
1685,2597,2892,-8,100.0,150.0,2027-10-09T17:04:52.636331,cancelado,,True
1686,4229,3501,-8,-184.32,150.0,2027-10-09T17:04:52.636331,enviado,,True
1687,951,3841,-8,-184.32,150.0,2027-10-09T17:04:52.636483,enviado,,True
1688,1922,2011,-8,-184.32,150.0,2027-10-09T17:04:52.636483,enviado,,True
1689,3878,94824,-8,-184.32,150.0,2027-10-09T17:04:52.636483,entregue,,True
1690,1235,1342,-8,-184.32,150.0,2027-10-09T17:04:52.636483,pendente,6,True
1691,1742,4721,-8,-184.32,150.0,2027-10-09T17:04:52.636483,entregue,6,True
1692,1915,1892,-8,-184.32,150.0,2027-10-09T17:04:52.636525,pago,6,True
1693,91799,988,-8,-184.32,150.0,2027-10-09T17:04:52.636525,cancelado,6,True
1694,4918,4126,-2,-184.32,150.0,2027-10-09T17:04:52.636525,entregue,6,True
1695,3518,4154,-2,100.0,150.0,2027-10-09T17:04:52.636525,pendente,6,True
1696,4532,93469,-2,100.0,150.0,2027-10-09T17:04:52.636525,enviado,6,True
1697,605,4106,-2,100.0,150.0,2027-10-09T17:04:52.636525,pago,-1,True
1698,2620,3166,-6,100.0,150.0,2027-10-09T17:04:52.636525,enviado,-1,True
1699,2251,1191,-5,100.0,150.0,2027-10-09T17:04:52.636525,entregue,-1,True
1700,1940,1042,-5,100.0,150.0,2027-10-09T17:04:52.636525,pago,-1,True
1701,4620,3106,-5,100.0,150.0,2027-10-09T17:04:52.636598,cancelado,-1,True
1702,3031,2318,-5,100.0,150.0,2027-10-09T17:04:52.636598,pago,,True
1703,2904,4532,-5,-36.2,150.0,2027-10-09T17:04:52.636598,entregue,,True
1704,872,3226,-5,-36.2,150.0,2027-10-09T17:04:52.636598,entregue,,True
1705,3176,140,-9,-36.2,150.0,2027-10-09T17:04:52.636598,entregue,,True
1706,3766,3812,-9,-245.34,150.0,2027-10-09T17:04:52.636598,entregue,,True
1707,3533,4269,-9,100.0,150.0,2027-10-09T17:04:52.636598,cancelado,,True
1708,127,864,-9,100.0,150.0,2027-10-09T17:04:52.636598,pago,,True
1709,2309,1076,-9,100.0,150.0,2027-10-09T17:04:52.636668,cancelado,,True
1710,932,98030,-9,100.0,150.0,2027-10-09T17:04:52.636668,enviado,,True
1711,93500,2671,-9,100.0,150.0,2027-10-09T17:04:52.636668,cancelado,,True
1712,3256,4671,-9,100.0,150.0,2027-10-09T17:04:52.636694,pendente,,True
1713,439,4817,-5,100.0,150.0,2027-10-09T17:04:52.636694,cancelado,,True
1714,955,3975,-5,100.0,150.0,2027-10-09T17:04:52.636694,pendente,,True
1715,92014,1594,-5,100.0,150.0,2027-10-09T17:04:52.636694,pago,,True
1716,4775,4757,-3,100.0,150.0,2027-10-09T17:04:52.636694,pago,,True
1717,3144,99190,-3,100.0,150.0,2027-10-09T17:04:52.636694,enviado,,True
1718,4004,95616,-3,100.0,150.0,2027-10-09T17:04:52.636694,entregue,,True
1719,3608,2773,-3,100.0,150.0,2027-10-09T17:04:52.636694,cancelado,6,True
1720,287,1282,-3,100.0,150.0,2027-10-09T17:04:52.636694,enviado,6,True
1721,2268,643,-3,100.0,150.0,2027-10-09T17:04:52.636694,pendente,6,True
1722,97697,4033,-3,100.0,150.0,2027-10-09T17:04:52.636694,enviado,6,True
1723,3231,2126,-6,100.0,150.0,2027-10-09T17:04:52.636694,pendente,6,True
1724,192,4229,-6,100.0,150.0,2027-10-09T17:04:52.636694,entregue,6,True
1725,4841,4575,-6,100.0,150.0,2027-10-09T17:04:52.636694,enviado,6,True
1726,1568,3715,-6,100.0,150.0,2027-10-09T17:04:52.636810,entregue,6,True
1727,124,2069,-6,100.0,150.0,2027-10-09T17:04:52.636810,entregue,6,True
1728,92444,2781,-6,100.0,150.0,2027-10-09T17:04:52.636810,cancelado,6,True
1729,94697,4456,-6,100.0,150.0,2027-10-09T17:04:52.636810,entregue,6,True
1730,403,971,-6,100.0,150.0,2027-10-09T17:04:52.636845,entregue,6,True
1731,875,4390,-6,100.0,150.0,2027-10-09T17:04:52.636845,entregue,6,True
1732,1310,94959,-6,100.0,150.0,2027-10-09T17:04:52.636845,cancelado,6,True
1733,99049,3081,-6,100.0,150.0,2027-10-09T17:04:52.636845,pago,6,True
1734,99912,4779,-6,100.0,150.0,2027-10-09T17:04:52.636845,pendente,6,True
1735,1360,3050,-2,100.0,150.0,2027-10-09T17:04:52.636845,enviado,6,True
1736,3869,682,-2,-770.97,150.0,2027-10-09T17:04:52.636845,cancelado,6,True
1737,4460,2090,-2,-770.97,150.0,2027-10-09T17:04:52.636904,entregue,6,True
1738,2054,4992,-2,-644.11,150.0,2027-10-09T17:04:52.636904,cancelado,6,True
1739,4534,420,-2,-644.11,150.0,2027-10-09T17:04:52.636922,enviado,6,True
1740,3054,118,-4,-644.11,150.0,2027-10-09T17:04:52.636922,enviado,6,True
1741,3402,1298,-4,-644.11,150.0,2027-10-09T17:04:52.636922,cancelado,100,True
1742,2923,99410,-4,-644.11,150.0,2027-10-09T17:04:52.636922,cancelado,100,True
1743,664,2376,-4,-634.59,150.0,2027-10-09T17:04:52.636922,entregue,100,True
1744,3725,90850,-4,-634.59,150.0,2027-10-09T17:04:52.636922,entregue,100,True
1745,96191,2060,-4,-634.59,150.0,2027-10-09T17:04:52.636922,pendente,100,True
1746,4005,527,-4,-634.59,150.0,2027-10-09T17:04:52.636922,cancelado,10,True
1747,3590,306,-4,-792.76,150.0,2027-10-09T17:04:52.636922,entregue,10,True
1748,1158,4689,-4,-792.76,150.0,2027-10-09T17:04:52.636922,pago,-1,True
1749,2985,1908,-4,100.0,150.0,2027-10-09T17:04:52.636922,cancelado,-1,True
1750,248,593,-8,100.0,150.0,2027-10-09T17:04:52.636922,enviado,-1,True
1751,98958,1461,-8,100.0,150.0,2027-10-09T17:04:52.636922,enviado,-1,True
1752,3244,4775,-5,100.0,150.0,2027-10-09T17:04:52.636922,entregue,-1,True
1753,2244,943,-5,100.0,150.0,2027-10-09T17:04:52.637045,entregue,-1,True
1754,3827,430,-9,100.0,150.0,2027-10-09T17:04:52.637045,enviado,-1,True
1755,1303,1890,-9,100.0,150.0,2027-10-09T17:04:52.637045,cancelado,-1,True
1756,3290,91177,-9,100.0,150.0,2027-10-09T17:04:52.637045,pago,-1,True
1757,1729,2717,-9,100.0,150.0,2027-10-09T17:04:52.637084,pago,-1,True
1758,1661,2334,-9,-793.67,150.0,2027-10-09T17:04:52.637084,entregue,-1,True
1759,4779,3161,-9,-793.67,150.0,2027-10-09T17:04:52.637084,cancelado,,True
1760,2569,1554,-9,-235.02,150.0,2027-10-09T17:04:52.637084,pago,,True
1761,3793,250,-9,100.0,150.0,2027-10-09T17:04:52.637084,enviado,,True
1762,873,4253,-9,100.0,150.0,2027-10-09T17:04:52.637084,cancelado,,True
1763,1607,2717,-9,100.0,150.0,2027-10-09T17:04:52.637084,enviado,,True
1764,3686,3747,-9,-122.11,150.0,2027-10-09T17:04:52.637084,pendente,,True
1765,4326,4589,-9,-42.27,150.0,2027-10-09T17:04:52.637084,cancelado,,True
1766,819,4267,-9,100.0,150.0,2027-10-09T17:04:52.637084,entregue,,True
1767,95697,496,-9,100.0,150.0,2027-10-09T17:04:52.637084,pendente,,True
1768,99741,1753,-9,100.0,150.0,2027-10-09T17:04:52.637084,enviado,,True
1769,3163,714,-9,100.0,150.0,2027-10-09T17:04:52.637185,entregue,,True
1770,4933,91449,-9,100.0,150.0,2027-10-09T17:04:52.637185,entregue,,True
1771,3410,96396,-9,100.0,150.0,2027-10-09T17:04:52.637185,cancelado,,True
1772,527,90546,-9,100.0,150.0,2027-10-09T17:04:52.637185,entregue,,True
1773,3446,976,-9,100.0,150.0,2027-10-09T17:04:52.637218,enviado,,True
1774,94229,1616,-9,100.0,150.0,2027-10-09T17:04:52.637218,cancelado,,True
1775,2655,931,-9,-331.7,150.0,2027-10-09T17:04:52.637218,pago,,True
1776,3824,2655,-9,-331.7,150.0,2027-10-09T17:04:52.637218,pendente,-1,True
1777,98313,29,-9,-331.7,150.0,2027-10-09T17:04:52.637218,pendente,-1,True
1778,1721,804,-9,-331.7,150.0,2027-10-09T17:04:52.637260,cancelado,-1,True
1779,3592,3958,-9,-331.7,150.0,2027-10-09T17:04:52.637270,enviado,-1,True
1780,2427,2598,-9,-331.7,150.0,2027-10-09T17:04:52.637270,pendente,-1,True
1781,90757,889,-9,-331.7,150.0,2027-10-09T17:04:52.637270,pendente,-1,True
1782,3,2495,-9,-331.7,150.0,2027-10-09T17:04:52.637270,entregue,100,True
1783,2804,95062,-9,-331.7,150.0,2027-10-09T17:04:52.637270,enviado,100,True
1784,3796,2860,-9,-331.7,150.0,2027-10-09T17:04:52.637270,enviado,10,True
1785,4475,2912,-3,-331.7,150.0,2027-10-09T17:04:52.637270,entregue,10,True
1786,91269,4693,-3,-331.7,150.0,2027-10-09T17:04:52.637270,enviado,10,True
1787,1625,4315,-3,-331.7,150.0,2027-10-09T17:04:52.637363,enviado,10,True
1788,2172,2710,-3,100.0,150.0,2027-10-09T17:04:52.637363,pago,10,True
1789,1218,2888,-3,100.0,150.0,2027-10-09T17:04:52.637363,pendente,-1,True
1790,94749,1270,-3,100.0,150.0,2027-10-09T17:04:52.637363,pendente,-1,True
1791,505,1417,-7,100.0,150.0,2027-10-09T17:04:52.637363,cancelado,-1,True
1792,2547,93671,-7,100.0,150.0,2027-10-09T17:04:52.637363,pago,-1,True
1793,3904,1080,-7,100.0,150.0,2027-10-09T17:04:52.637414,cancelado,-1,True
1794,90434,3056,-7,100.0,150.0,2027-10-09T17:04:52.637414,enviado,-1,True
1795,4659,3729,-7,-206.56,150.0,2027-10-09T17:04:52.637414,enviado,-1,True
1796,2029,1225,-7,-206.56,150.0,2027-10-09T17:04:52.637414,enviado,,True
1797,3648,2048,-7,-729.0,150.0,2027-10-09T17:04:52.637414,pendente,,True
1798,2990,2426,-3,-729.0,150.0,2027-10-09T17:04:52.637414,pendente,,True
1799,4422,4432,-3,-269.59,150.0,2027-10-09T17:04:52.637414,cancelado,,True
1800,3217,92189,-3,-269.59,150.0,2027-10-09T17:04:52.637414,pendente,,True
1801,4265,96692,-3,-269.59,150.0,2027-10-09T17:04:52.637414,cancelado,,True
1802,2030,94094,-3,-269.59,150.0,2027-10-09T17:04:52.637414,cancelado,,True
1803,3824,95017,-3,-269.59,150.0,2027-10-09T17:04:52.637414,enviado,,True
1804,90123,4452,-3,-269.59,150.0,2027-10-09T17:04:52.637414,pendente,,True
1805,4362,118,-3,-269.59,150.0,2027-10-09T17:04:52.637514,pendente,,True
1806,842,3781,-3,100.0,150.0,2027-10-09T17:04:52.637514,pago,,True
1807,3477,2519,-3,100.0,150.0,2027-10-09T17:04:52.637514,pago,,True
1808,90242,2277,-3,100.0,150.0,2027-10-09T17:04:52.637514,enviado,,True
1809,1287,837,-3,100.0,150.0,2027-10-09T17:04:52.637548,pago,,True
1810,4782,2513,-3,-129.76,150.0,2027-10-09T17:04:52.637548,enviado,,True
1811,4927,2361,-3,-215.89,150.0,2027-10-09T17:04:52.637548,pago,,True
1812,4823,2553,-3,-215.89,150.0,2027-10-09T17:04:52.637574,entregue,,True
1813,302,2875,-3,-702.35,150.0,2027-10-09T17:04:52.637574,pago,,True
1814,2985,98190,-3,-702.35,150.0,2027-10-09T17:04:52.637574,enviado,,True
1815,1842,472,-3,100.0,150.0,2027-10-09T17:04:52.637574,entregue,,True
1816,2015,1675,-3,100.0,150.0,2027-10-09T17:04:52.637574,entregue,,True
1817,448,14,-3,100.0,150.0,2027-10-09T17:04:52.637574,pendente,6,True
1818,1646,4714,-3,-466.81,150.0,2027-10-09T17:04:52.637574,entregue,6,True
1819,99948,1101,-3,-466.81,150.0,2027-10-09T17:04:52.637574,pago,6,True
1820,809,543,-3,-466.81,150.0,2027-10-09T17:04:52.637574,pago,6,True
1821,92818,368,-3,-466.81,150.0,2027-10-09T17:04:52.637574,pendente,6,True
1822,901,2769,-5,-466.81,150.0,2027-10-09T17:04:52.637574,pendente,6,True
1823,20,2531,-5,-466.81,150.0,2027-10-09T17:04:52.637574,cancelado,-1,True
1824,3268,99607,-5,-466.81,150.0,2027-10-09T17:04:52.637574,cancelado,-1,True
1825,793,2564,-5,-466.81,150.0,2027-10-09T17:04:52.637682,enviado,-1,True
1826,1704,4085,-4,-466.81,150.0,2027-10-09T17:04:52.637682,enviado,-1,True
1827,925,4916,-4,100.0,150.0,2027-10-09T17:04:52.637682,pago,-1,True
1828,98610,3717,-4,100.0,150.0,2027-10-09T17:04:52.637682,pendente,-1,True
1829,2975,4472,-4,100.0,150.0,2027-10-09T17:04:52.637716,cancelado,-1,True
1830,4856,95754,-4,100.0,150.0,2027-10-09T17:04:52.637716,entregue,-1,True
1831,3882,1868,-5,100.0,150.0,2027-10-09T17:04:52.637716,enviado,-1,True
1832,378,3124,-5,-437.12,150.0,2027-10-09T17:04:52.637716,pendente,-1,True
1833,296,2608,-5,-437.12,150.0,2027-10-09T17:04:52.637751,cancelado,-1,True
1834,2934,1502,-5,-550.91,150.0,2027-10-09T17:04:52.637751,pago,-1,True
1835,4650,4937,-5,-327.79,150.0,2027-10-09T17:04:52.637751,pago,-1,True
1836,2373,4763,-5,-327.79,150.0,2027-10-09T17:04:52.637751,entregue,,True
1837,97340,1692,-5,-327.79,150.0,2027-10-09T17:04:52.637751,entregue,,True
1838,924,2262,-1,-327.79,150.0,2027-10-09T17:04:52.637751,pago,,True
1839,2051,2168,-1,-327.79,150.0,2027-10-09T17:04:52.637751,pago,10,True
1840,236,1942,-1,-327.79,150.0,2027-10-09T17:04:52.637751,entregue,-1,True
1841,3338,823,-1,-180.02,150.0,2027-10-09T17:04:52.637751,pago,-1,True
1842,2028,97264,-1,-180.02,150.0,2027-10-09T17:04:52.637751,cancelado,-1,True
1843,514,1371,-1,100.0,150.0,2027-10-09T17:04:52.637751,pendente,-1,True
1844,1542,2578,-1,-903.67,150.0,2027-10-09T17:04:52.637751,cancelado,-1,True
1845,3053,4307,-1,-903.67,150.0,2027-10-09T17:04:52.637751,entregue,6,True
1846,3142,2816,-1,100.0,150.0,2027-10-09T17:04:52.637751,entregue,6,True
1847,2207,1180,-1,100.0,150.0,2027-10-09T17:04:52.637751,enviado,6,True
1848,3261,4492,-1,100.0,150.0,2027-10-09T17:04:52.637875,enviado,6,True
1849,2186,96053,-1,100.0,150.0,2027-10-09T17:04:52.637875,pago,6,True
1850,93291,3113,-1,100.0,150.0,2027-10-09T17:04:52.637875,pendente,6,True
1851,4188,93956,-1,100.0,150.0,2027-10-09T17:04:52.637875,enviado,6,True
1852,90914,3988,-1,100.0,150.0,2027-10-09T17:04:52.637875,enviado,6,True
1853,2722,2195,-7,100.0,150.0,2027-10-09T17:04:52.637875,pendente,6,True
1854,1875,1219,-7,100.0,150.0,2027-10-09T17:04:52.637925,cancelado,6,True
1855,3592,98726,-7,100.0,150.0,2027-10-09T17:04:52.637925,pendente,6,True
1856,642,90196,-7,100.0,150.0,2027-10-09T17:04:52.637925,enviado,6,True
1857,744,3320,-7,100.0,150.0,2027-10-09T17:04:52.637951,cancelado,6,True
1858,3711,876,-7,100.0,150.0,2027-10-09T17:04:52.637951,enviado,6,True
1859,3826,4575,-7,100.0,150.0,2027-10-09T17:04:52.637951,cancelado,,True
1860,2806,92414,-7,100.0,150.0,2027-10-09T17:04:52.637951,enviado,,True
1861,3251,98354,-7,100.0,150.0,2027-10-09T17:04:52.637951,pago,,True
1862,2454,97628,-7,100.0,150.0,2027-10-09T17:04:52.637951,enviado,,True
1863,1148,95303,-7,100.0,150.0,2027-10-09T17:04:52.637951,enviado,,True
1864,1444,3912,-7,100.0,150.0,2027-10-09T17:04:52.638009,pago,,True
1865,1364,1797,-7,100.0,150.0,2027-10-09T17:04:52.638009,pendente,,True
1866,96724,4259,-7,100.0,150.0,2027-10-09T17:04:52.638009,pago,,True
1867,1076,4464,-7,100.0,150.0,2027-10-09T17:04:52.638009,entregue,,True
1868,1649,3966,-7,100.0,150.0,2027-10-09T17:04:52.638009,pago,-1,True
1869,2221,2171,-3,100.0,150.0,2027-10-09T17:04:52.638009,pago,-1,True
1870,1036,4096,-3,-120.27,150.0,2027-10-09T17:04:52.638009,cancelado,-1,True
1871,3421,1838,-3,100.0,150.0,2027-10-09T17:04:52.638009,entregue,-1,True
1872,807,1357,-3,-459.25,150.0,2027-10-09T17:04:52.638009,cancelado,-1,True
1873,2334,615,-3,-459.25,150.0,2027-10-09T17:04:52.638009,pendente,6,True
1874,2443,93794,-3,-459.25,150.0,2027-10-09T17:04:52.638009,enviado,6,True
1875,2940,839,-3,-300.72,150.0,2027-10-09T17:04:52.638009,pendente,6,True
1876,4483,417,-3,-300.72,150.0,2027-10-09T17:04:52.638009,entregue,10,True
1877,962,572,-3,-300.72,150.0,2027-10-09T17:04:52.638009,entregue,6,True
1878,2595,163,-3,-300.72,150.0,2027-10-09T17:04:52.638127,pago,6,True
1879,638,4596,-3,-300.72,150.0,2027-10-09T17:04:52.638127,pendente,-1,True
1880,424,623,-3,100.0,150.0,2027-10-09T17:04:52.638127,entregue,-1,True
1881,2601,97763,-3,100.0,150.0,2027-10-09T17:04:52.638127,entregue,-1,True
1882,460,1402,-3,100.0,150.0,2027-10-09T17:04:52.638127,enviado,-1,True
1883,186,2158,-3,-418.58,150.0,2027-10-09T17:04:52.638127,pago,-1,True
1884,1081,94319,-3,-418.58,150.0,2027-10-09T17:04:52.638127,pago,-1,True
1885,904,2021,-3,-72.13,150.0,2027-10-09T17:04:52.638127,pago,-1,True
1886,164,3662,-3,-72.13,150.0,2027-10-09T17:04:52.638127,pendente,10,True
1887,826,2269,-3,-72.13,150.0,2027-10-09T17:04:52.638202,enviado,10,True
1888,3790,4465,-3,100.0,150.0,2027-10-09T17:04:52.638202,cancelado,10,True
1889,1130,4709,-3,100.0,150.0,2027-10-09T17:04:52.638202,cancelado,10,True
1890,2957,2747,-9,100.0,150.0,2027-10-09T17:04:52.638202,enviado,10,True
1891,1249,633,-9,-315.27,150.0,2027-10-09T17:04:52.638202,enviado,10,True
1892,2267,4994,-9,-315.27,150.0,2027-10-09T17:04:52.638202,cancelado,6,True
1893,3379,96950,-9,-315.27,150.0,2027-10-09T17:04:52.638202,enviado,6,True
1894,99487,2936,-9,-315.27,150.0,2027-10-09T17:04:52.638202,cancelado,6,True
1895,4336,1982,-2,-315.27,150.0,2027-10-09T17:04:52.638202,pendente,6,True
1896,2310,1637,-2,-315.27,150.0,2027-10-09T17:04:52.638275,entregue,6,True
1897,4166,3899,-2,-681.47,150.0,2027-10-09T17:04:52.638275,pendente,6,True
1898,3934,743,-2,-681.47,150.0,2027-10-09T17:04:52.638294,enviado,6,True
1899,3315,4717,-2,-586.56,150.0,2027-10-09T17:04:52.638294,cancelado,6,True
1900,1984,1649,-2,-586.56,150.0,2027-10-09T17:04:52.638294,pago,10,True
1901,4416,2717,-2,-586.56,150.0,2027-10-09T17:04:52.638325,cancelado,10,True
1902,278,48,-2,-586.56,150.0,2027-10-09T17:04:52.638335,cancelado,10,True
1903,2736,1907,-2,-753.02,150.0,2027-10-09T17:04:52.638335,enviado,10,True
1904,990,3103,-2,-264.76,150.0,2027-10-09T17:04:52.638335,enviado,10,True
1905,4392,4019,-2,-264.76,150.0,2027-10-09T17:04:52.638335,pendente,,True
1906,3590,720,-2,100.0,150.0,2027-10-09T17:04:52.638335,enviado,,True
1907,1733,95202,-2,100.0,150.0,2027-10-09T17:04:52.638335,enviado,,True
1908,3118,90923,-2,100.0,150.0,2027-10-09T17:04:52.638335,pago,,True
1909,2690,3618,-2,-791.12,150.0,2027-10-09T17:04:52.638335,pendente,,True
1910,2077,92260,-2,-791.12,150.0,2027-10-09T17:04:52.638335,pago,,True
1911,914,4727,-2,-833.79,150.0,2027-10-09T17:04:52.638335,enviado,,True
1912,36,2462,-2,-143.99,150.0,2027-10-09T17:04:52.638335,pendente,,True
1913,2612,1655,-2,100.0,150.0,2027-10-09T17:04:52.638335,cancelado,,True
1914,1455,3639,-2,100.0,150.0,2027-10-09T17:04:52.638335,entregue,,True
1915,4598,4265,-2,-459.41,150.0,2027-10-09T17:04:52.638335,pendente,,True
1916,1078,3493,-2,-618.05,150.0,2027-10-09T17:04:52.638335,cancelado,,True
1917,4239,97875,-2,-618.05,150.0,2027-10-09T17:04:52.638335,cancelado,,True
1918,3943,3882,-6,-618.05,150.0,2027-10-09T17:04:52.638335,pago,,True
1919,4156,4494,-5,-618.05,150.0,2027-10-09T17:04:52.638335,enviado,,True
1920,1387,96436,-5,-618.05,150.0,2027-10-09T17:04:52.638335,entregue,,True
1921,90396,3663,-5,-618.05,150.0,2027-10-09T17:04:52.638335,pendente,,True
1922,104,111,-5,-618.05,150.0,2027-10-09T17:04:52.638335,enviado,,True
1923,985,3503,-5,100.0,150.0,2027-10-09T17:04:52.638335,pendente,,True
1924,3236,2690,-5,100.0,150.0,2027-10-09T17:04:52.638515,pendente,,True
1925,4946,1517,-5,100.0,150.0,2027-10-09T17:04:52.638515,cancelado,6,True
1926,3110,3356,-5,-563.08,150.0,2027-10-09T17:04:52.638515,pendente,6,True
1927,3844,98759,-5,-563.08,150.0,2027-10-09T17:04:52.638515,cancelado,6,True
1928,3681,3590,-10,-563.08,150.0,2027-10-09T17:04:52.638515,cancelado,6,True
1929,1677,3868,-10,-563.08,150.0,2027-10-09T17:04:52.638515,entregue,-1,True
1930,95143,1029,-10,-563.08,150.0,2027-10-09T17:04:52.638515,pago,-1,True
1931,2508,1374,-7,-563.08,150.0,2027-10-09T17:04:52.638515,entregue,-1,True
1932,3600,1876,-7,-563.08,150.0,2027-10-09T17:04:52.638582,pendente,-1,True
1933,2383,1051,-7,-489.99,150.0,2027-10-09T17:04:52.638582,enviado,-1,True
1934,3334,3796,-1,-489.99,150.0,2027-10-09T17:04:52.638582,pendente,-1,True
1935,1916,1014,-1,-489.99,150.0,2027-10-09T17:04:52.638582,pago,-1,True
1936,3183,91363,-1,-489.99,150.0,2027-10-09T17:04:52.638582,cancelado,-1,True
1937,231,2923,-2,-489.99,150.0,2027-10-09T17:04:52.638582,entregue,-1,True
1938,91233,2437,-2,-489.99,150.0,2027-10-09T17:04:52.638582,pago,-1,True
1939,96804,3233,-2,-489.99,150.0,2027-10-09T17:04:52.638582,enviado,-1,True
1940,170,2325,-2,-489.99,150.0,2027-10-09T17:04:52.638651,cancelado,-1,True
1941,4788,94216,-2,-489.99,150.0,2027-10-09T17:04:52.638651,entregue,-1,True
1942,921,3922,-2,-489.99,150.0,2027-10-09T17:04:52.638670,entregue,-1,True
1943,95186,1937,-2,-489.99,150.0,2027-10-09T17:04:52.638670,pago,-1,True
1944,3731,1963,-2,-489.99,150.0,2027-10-09T17:04:52.638687,pago,-1,True
1945,4638,91046,-2,-489.99,150.0,2027-10-09T17:04:52.638687,entregue,-1,True
1946,4127,359,-2,-489.99,150.0,2027-10-09T17:04:52.638687,enviado,100,True
1947,98802,4361,-2,-489.99,150.0,2027-10-09T17:04:52.638687,enviado,100,True
1948,134,91067,-2,-489.99,150.0,2027-10-09T17:04:52.638687,pago,100,True
1949,96678,4339,-2,-489.99,150.0,2027-10-09T17:04:52.638687,pendente,100,True
1950,523,1474,-2,-489.99,150.0,2027-10-09T17:04:52.638687,entregue,6,True
1951,1067,96090,-2,-489.99,150.0,2027-10-09T17:04:52.638687,enviado,6,True
1952,1052,4926,-2,-489.99,150.0,2027-10-09T17:04:52.638687,entregue,,True
1953,212,733,-2,100.0,150.0,2027-10-09T17:04:52.638687,pago,,True
1954,3544,2617,-2,100.0,150.0,2027-10-09T17:04:52.638687,pendente,,True
1955,4088,3504,-7,100.0,150.0,2027-10-09T17:04:52.638687,cancelado,,True
1956,95055,1197,-7,100.0,150.0,2027-10-09T17:04:52.638687,pago,,True
1957,1903,92165,-7,100.0,150.0,2027-10-09T17:04:52.638687,cancelado,,True
1958,4141,2985,-3,100.0,150.0,2027-10-09T17:04:52.638687,enviado,,True
1959,2357,4135,-3,100.0,150.0,2027-10-09T17:04:52.638687,pago,10,True
1960,3046,931,-3,100.0,150.0,2027-10-09T17:04:52.638687,cancelado,10,True
1961,90897,2011,-3,100.0,150.0,2027-10-09T17:04:52.638687,entregue,10,True
1962,804,1056,-6,100.0,150.0,2027-10-09T17:04:52.638687,pago,10,True
1963,4319,2729,-6,-262.91,150.0,2027-10-09T17:04:52.638687,enviado,10,True
1964,1961,3911,-6,-875.31,150.0,2027-10-09T17:04:52.638687,pago,10,True
1965,3484,4193,-6,-875.31,150.0,2027-10-09T17:04:52.638860,pago,10,True
1966,3629,2296,-6,100.0,150.0,2027-10-09T17:04:52.638860,pendente,10,True
1967,3714,2737,-2,100.0,150.0,2027-10-09T17:04:52.638860,enviado,10,True
1968,1475,4712,-2,100.0,150.0,2027-10-09T17:04:52.638860,cancelado,10,True
1969,99247,3746,-2,100.0,150.0,2027-10-09T17:04:52.638860,enviado,10,True
1970,3082,90558,-2,100.0,150.0,2027-10-09T17:04:52.638860,pendente,10,True
1971,93948,1464,-2,100.0,150.0,2027-10-09T17:04:52.638860,pendente,10,True
1972,4821,831,-5,100.0,150.0,2027-10-09T17:04:52.638860,pago,10,True
1973,3753,1577,-5,100.0,150.0,2027-10-09T17:04:52.638860,enviado,10,True
1974,4158,2377,-5,100.0,150.0,2027-10-09T17:04:52.638860,pago,-1,True
1975,694,1517,-5,100.0,150.0,2027-10-09T17:04:52.638860,entregue,-1,True
1976,4702,4949,-5,100.0,150.0,2027-10-09T17:04:52.638949,cancelado,-1,True
1977,411,356,-5,100.0,150.0,2027-10-09T17:04:52.638949,entregue,-1,True
1978,2248,3827,-9,100.0,150.0,2027-10-09T17:04:52.638949,cancelado,-1,True
1979,3020,4674,-9,100.0,150.0,2027-10-09T17:04:52.638977,pendente,-1,True
1980,3343,1411,-9,100.0,150.0,2027-10-09T17:04:52.638977,enviado,-1,True
1981,289,437,-9,100.0,150.0,2027-10-09T17:04:52.638977,entregue,-1,True
1982,3359,3720,-9,-933.62,150.0,2027-10-09T17:04:52.638977,pendente,-1,True
1983,94460,4913,-9,-933.62,150.0,2027-10-09T17:04:52.638977,enviado,-1,True
1984,95174,452,-9,-933.62,150.0,2027-10-09T17:04:52.638977,cancelado,-1,True
1985,99928,3151,-9,-933.62,150.0,2027-10-09T17:04:52.638977,pendente,-1,True
1986,90820,2302,-9,-933.62,150.0,2027-10-09T17:04:52.638977,pago,-1,True
1987,3900,2665,-9,-933.62,150.0,2027-10-09T17:04:52.638977,entregue,-1,True
1988,4646,301,-9,100.0,150.0,2027-10-09T17:04:52.638977,pendente,-1,True
1989,2620,4990,-9,100.0,150.0,2027-10-09T17:04:52.638977,enviado,-1,True
1990,523,2171,-9,-428.04,150.0,2027-10-09T17:04:52.638977,enviado,-1,True
1991,2104,3003,-9,-428.04,150.0,2027-10-09T17:04:52.639076,cancelado,-1,True
1992,3880,1266,-2,-428.04,150.0,2027-10-09T17:04:52.639076,pago,-1,True
1993,4376,3438,-8,-428.04,150.0,2027-10-09T17:04:52.639076,entregue,-1,True
1994,93491,3486,-8,-428.04,150.0,2027-10-09T17:04:52.639076,pago,-1,True
1995,2904,94501,-8,-428.04,150.0,2027-10-09T17:04:52.639076,entregue,-1,True
1996,4794,4463,-8,-796.27,150.0,2027-10-09T17:04:52.639076,pago,-1,True
1997,331,2389,-8,100.0,150.0,2027-10-09T17:04:52.639076,cancelado,-1,True
1998,1453,664,-8,100.0,150.0,2027-10-09T17:04:52.639076,pago,,True
1999,1942,2860,-8,-765.54,150.0,2027-10-09T17:04:52.639076,pago,,True
2000,4249,3577,-8,-765.54,150.0,2027-10-09T17:04:52.639076,pago,-1,True
2001,2601,2515,-8,-56.78,150.0,2027-10-09T17:04:52.639076,pago,-1,True
2002,92153,29,-8,-56.78,150.0,2027-10-09T17:04:52.639076,pago,-1,True
2003,4505,91864,-8,-56.78,150.0,2027-10-09T17:04:52.639076,pendente,-1,True
2004,94292,2433,-8,-56.78,150.0,2027-10-09T17:04:52.639076,enviado,-1,True
2005,4120,98796,-8,-56.78,150.0,2027-10-09T17:04:52.639076,entregue,-1,True
2006,3848,4786,-8,100.0,150.0,2027-10-09T17:04:52.639076,entregue,-1,True
2007,3621,4004,-8,100.0,150.0,2027-10-09T17:04:52.639076,pendente,10,True
2008,1585,90586,-8,100.0,150.0,2027-10-09T17:04:52.639076,pendente,10,True
2009,507,445,-8,100.0,150.0,2027-10-09T17:04:52.639076,pago,100,True
2010,3814,4527,-8,100.0,150.0,2027-10-09T17:04:52.639076,cancelado,100,True
2011,4403,95000,-8,100.0,150.0,2027-10-09T17:04:52.639076,pendente,100,True
2012,4542,704,-8,100.0,150.0,2027-10-09T17:04:52.639076,entregue,10,True
2013,4257,4183,-2,100.0,150.0,2027-10-09T17:04:52.639076,pendente,10,True
2014,3567,2626,-2,-400.4,150.0,2027-10-09T17:04:52.639076,entregue,10,True
2015,2396,4845,-2,-627.41,150.0,2027-10-09T17:04:52.639076,entregue,10,True
2016,94284,833,-2,-627.41,150.0,2027-10-09T17:04:52.639076,enviado,10,True
2017,727,1686,-2,-627.41,150.0,2027-10-09T17:04:52.639076,pendente,,True
2018,46,4574,-2,-670.2,150.0,2027-10-09T17:04:52.639076,pendente,,True
2019,1802,513,-2,-670.2,150.0,2027-10-09T17:04:52.639311,pago,,True
2020,1547,92224,-2,-670.2,150.0,2027-10-09T17:04:52.639311,cancelado,,True
2021,732,3272,-2,100.0,150.0,2027-10-09T17:04:52.639311,pendente,,True
2022,2499,91052,-2,100.0,150.0,2027-10-09T17:04:52.639311,cancelado,,True
2023,1188,1097,-2,100.0,150.0,2027-10-09T17:04:52.639345,pago,,True
2024,95509,3757,-2,100.0,150.0,2027-10-09T17:04:52.639345,cancelado,,True
2025,4922,4299,-2,100.0,150.0,2027-10-09T17:04:52.639345,pago,,True
2026,383,1734,-2,-263.39,150.0,2027-10-09T17:04:52.639345,enviado,,True
2027,4860,2385,-2,-263.39,150.0,2027-10-09T17:04:52.639379,pago,,True
2028,2772,2996,-2,-608.39,150.0,2027-10-09T17:04:52.639379,cancelado,,True
2029,1221,96707,-2,-608.39,150.0,2027-10-09T17:04:52.639379,pago,,True
2030,1509,96349,-2,-608.39,150.0,2027-10-09T17:04:52.639379,pendente,,True
2031,2682,4489,-2,100.0,150.0,2027-10-09T17:04:52.639379,cancelado,,True
2032,1524,4868,-2,-748.48,150.0,2027-10-09T17:04:52.639379,pago,,True
2033,1449,3910,-2,-748.48,150.0,2027-10-09T17:04:52.639379,pago,6,True
2034,96002,4945,-2,-748.48,150.0,2027-10-09T17:04:52.639379,pago,6,True
2035,574,1980,-2,100.0,150.0,2027-10-09T17:04:52.639379,cancelado,6,True
2036,2782,4682,-2,100.0,150.0,2027-10-09T17:04:52.639379,pendente,,True
2037,4728,2571,-2,100.0,150.0,2027-10-09T17:04:52.639379,entregue,,True
2038,2848,90086,-2,100.0,150.0,2027-10-09T17:04:52.639379,pago,,True
2039,1478,1708,-2,100.0,150.0,2027-10-09T17:04:52.639479,pendente,,True
2040,613,3684,-2,-243.12,150.0,2027-10-09T17:04:52.639479,pago,,True
2041,1170,1054,-2,-243.12,150.0,2027-10-09T17:04:52.639479,enviado,10,True
2042,90473,4041,-2,-243.12,150.0,2027-10-09T17:04:52.639479,pago,10,True
2043,3124,2475,-2,100.0,150.0,2027-10-09T17:04:52.639479,entregue,10,True
2044,622,2013,-3,100.0,150.0,2027-10-09T17:04:52.639479,pendente,10,True
2045,4309,2750,-3,-671.84,150.0,2027-10-09T17:04:52.639479,pago,10,True
2046,4705,2018,-3,-671.84,150.0,2027-10-09T17:04:52.639479,cancelado,10,True
2047,460,1972,-9,-671.84,150.0,2027-10-09T17:04:52.639479,cancelado,10,True
2048,789,3165,-9,-671.84,150.0,2027-10-09T17:04:52.639479,pendente,,True
2049,2181,331,-9,100.0,150.0,2027-10-09T17:04:52.639479,enviado,,True
2050,4225,2673,-9,100.0,150.0,2027-10-09T17:04:52.639479,enviado,,True
2051,715,2572,-9,-708.98,150.0,2027-10-09T17:04:52.639479,enviado,,True
2052,2346,93606,-9,-708.98,150.0,2027-10-09T17:04:52.639479,enviado,,True
2053,4528,4565,-9,100.0,150.0,2027-10-09T17:04:52.639479,cancelado,,True
2054,4995,249,-9,-754.87,150.0,2027-10-09T17:04:52.639479,enviado,,True
2055,4746,92428,-9,-754.87,150.0,2027-10-09T17:04:52.639479,pendente,,True
2056,4054,99595,-9,-754.87,150.0,2027-10-09T17:04:52.639479,cancelado,,True
2057,909,2242,-9,-754.87,150.0,2027-10-09T17:04:52.639628,entregue,,True
2058,2364,3891,-9,100.0,150.0,2027-10-09T17:04:52.639628,cancelado,,True
2059,1345,3817,-9,100.0,150.0,2027-10-09T17:04:52.639628,pendente,,True
2060,3452,497,-9,100.0,150.0,2027-10-09T17:04:52.639654,cancelado,,True
2061,3554,2221,-9,-948.56,150.0,2027-10-09T17:04:52.639654,pendente,,True
2062,1545,2248,-9,-948.56,150.0,2027-10-09T17:04:52.639672,pago,,True
2063,1598,3837,-9,-954.65,150.0,2027-10-09T17:04:52.639672,cancelado,,True
2064,1440,2493,-9,-954.65,150.0,2027-10-09T17:04:52.639672,pendente,10,True
2065,2578,4340,-9,-954.65,150.0,2027-10-09T17:04:52.639672,pago,6,True
2066,2817,99913,-9,-954.65,150.0,2027-10-09T17:04:52.639672,enviado,6,True
2067,3313,3365,-9,-652.18,150.0,2027-10-09T17:04:52.639672,enviado,6,True
2068,2586,4566,-9,-503.62,150.0,2027-10-09T17:04:52.639672,pago,6,True
2069,4465,1761,-9,-503.62,150.0,2027-10-09T17:04:52.639672,enviado,-1,True
2070,97518,2797,-9,-503.62,150.0,2027-10-09T17:04:52.639672,cancelado,-1,True
2071,3026,4262,-7,-503.62,150.0,2027-10-09T17:04:52.639672,entregue,-1,True
2072,634,176,-7,-503.62,150.0,2027-10-09T17:04:52.639672,enviado,6,True
2073,3631,3438,-7,-503.62,150.0,2027-10-09T17:04:52.639764,pago,6,True
2074,1121,1238,-7,-503.62,150.0,2027-10-09T17:04:52.639764,pago,10,True
2075,91808,3539,-7,-503.62,150.0,2027-10-09T17:04:52.639764,enviado,10,True
2076,395,2561,-2,-503.62,150.0,2027-10-09T17:04:52.639764,pago,10,True
2077,392,3076,-2,-213.41,150.0,2027-10-09T17:04:52.639764,entregue,10,True
2078,1765,2760,-2,-213.41,150.0,2027-10-09T17:04:52.639809,cancelado,10,True
2079,1568,1247,-8,-213.41,150.0,2027-10-09T17:04:52.639809,pendente,10,True
2080,3856,4,-8,-213.41,150.0,2027-10-09T17:04:52.639809,pendente,10,True
2081,2190,4426,-8,100.0,150.0,2027-10-09T17:04:52.639809,cancelado,10,True
2082,2378,1191,-8,100.0,150.0,2027-10-09T17:04:52.639809,enviado,10,True
2083,4862,4780,-8,100.0,150.0,2027-10-09T17:04:52.639809,enviado,-1,True
2084,1935,1446,-8,100.0,150.0,2027-10-09T17:04:52.639809,enviado,6,True
2085,4558,93890,-8,100.0,150.0,2027-10-09T17:04:52.639809,cancelado,6,True
2086,1945,1469,-1,100.0,150.0,2027-10-09T17:04:52.639809,enviado,6,True
2087,2921,97874,-1,100.0,150.0,2027-10-09T17:04:52.639809,pago,6,True
2088,2591,93333,-1,100.0,150.0,2027-10-09T17:04:52.639809,enviado,6,True
2089,1977,3483,-4,100.0,150.0,2027-10-09T17:04:52.639809,pendente,6,True
2090,3762,1751,-4,100.0,150.0,2027-10-09T17:04:52.639907,entregue,6,True
2091,3995,93447,-4,100.0,150.0,2027-10-09T17:04:52.639907,entregue,6,True
2092,3635,1016,-2,100.0,150.0,2027-10-09T17:04:52.639907,enviado,6,True
2093,461,1598,-2,100.0,150.0,2027-10-09T17:04:52.639907,cancelado,6,True
2094,3733,93517,-2,100.0,150.0,2027-10-09T17:04:52.639907,enviado,6,True
2095,3311,3140,-2,-459.03,150.0,2027-10-09T17:04:52.639907,entregue,6,True
2096,1659,2519,-2,-588.06,150.0,2027-10-09T17:04:52.639907,entregue,6,True
2097,905,1870,-2,-91.76,150.0,2027-10-09T17:04:52.639907,pago,6,True
2098,97998,78,-2,-91.76,150.0,2027-10-09T17:04:52.639907,pago,6,True
2099,3304,1179,-2,-91.76,150.0,2027-10-09T17:04:52.639984,cancelado,6,True
2100,4718,2308,-9,-91.76,150.0,2027-10-09T17:04:52.639984,cancelado,6,True
2101,3717,789,-9,-91.76,150.0,2027-10-09T17:04:52.639984,pago,10,True
2102,3404,93129,-9,-91.76,150.0,2027-10-09T17:04:52.639984,enviado,10,True
2103,3240,2245,-9,-91.76,150.0,2027-10-09T17:04:52.639984,entregue,6,True
2104,4311,3672,-9,-91.76,150.0,2027-10-09T17:04:52.639984,pendente,6,True
2105,95926,3728,-9,-91.76,150.0,2027-10-09T17:04:52.639984,enviado,6,True
2106,4914,858,-9,-91.76,150.0,2027-10-09T17:04:52.639984,cancelado,-1,True
2107,1419,3690,-9,100.0,150.0,2027-10-09T17:04:52.639984,pago,-1,True
2108,3941,2912,-9,100.0,150.0,2027-10-09T17:04:52.639984,pago,-1,True
2109,219,4240,-9,100.0,150.0,2027-10-09T17:04:52.639984,entregue,-1,True
2110,536,93394,-9,100.0,150.0,2027-10-09T17:04:52.639984,pendente,-1,True
2111,3534,91591,-9,100.0,150.0,2027-10-09T17:04:52.639984,pendente,-1,True
2112,343,3891,-9,100.0,150.0,2027-10-09T17:04:52.640093,pago,-1,True
2113,4476,3899,-9,100.0,150.0,2027-10-09T17:04:52.640093,enviado,6,True
2114,559,2602,-9,-525.46,150.0,2027-10-09T17:04:52.640093,pago,6,True
2115,3040,669,-1,-525.46,150.0,2027-10-09T17:04:52.640093,entregue,6,True
2116,3451,93047,-1,-525.46,150.0,2027-10-09T17:04:52.640093,entregue,6,True
2117,3063,93157,-1,-525.46,150.0,2027-10-09T17:04:52.640093,pendente,6,True
2118,1409,4673,-1,-542.45,150.0,2027-10-09T17:04:52.640093,pago,6,True
2119,90967,2584,-1,-542.45,150.0,2027-10-09T17:04:52.640093,entregue,6,True
2120,4700,4142,-1,100.0,150.0,2027-10-09T17:04:52.640093,pendente,6,True
2121,802,1326,-1,100.0,150.0,2027-10-09T17:04:52.640093,cancelado,6,True
2122,715,3801,-1,100.0,150.0,2027-10-09T17:04:52.640180,enviado,6,True
2123,450,312,-1,100.0,150.0,2027-10-09T17:04:52.640180,entregue,6,True
2124,4545,1685,-1,100.0,150.0,2027-10-09T17:04:52.640198,pago,6,True
2125,2563,252,-1,100.0,150.0,2027-10-09T17:04:52.640198,pendente,6,True
2126,1107,2655,-1,100.0,150.0,2027-10-09T17:04:52.640198,enviado,6,True
2127,3691,95506,-1,100.0,150.0,2027-10-09T17:04:52.640198,cancelado,6,True
2128,4851,2557,-1,-212.31,150.0,2027-10-09T17:04:52.640198,enviado,6,True
2129,3716,96961,-1,-212.31,150.0,2027-10-09T17:04:52.640198,entregue,6,True
2130,3407,3371,-1,100.0,150.0,2027-10-09T17:04:52.640198,cancelado,6,True
2131,3927,91393,-1,100.0,150.0,2027-10-09T17:04:52.640198,pendente,6,True
2132,410,1366,-1,100.0,150.0,2027-10-09T17:04:52.640198,pago,6,True
2133,2871,1161,-1,100.0,150.0,2027-10-09T17:04:52.640198,cancelado,100,True
2134,1252,99444,-1,100.0,150.0,2027-10-09T17:04:52.640198,pendente,100,True
2135,3377,1972,-1,100.0,150.0,2027-10-09T17:04:52.640291,pago,100,True
2136,573,4981,-1,-543.53,150.0,2027-10-09T17:04:52.640291,enviado,100,True
2137,2703,954,-1,-24.19,150.0,2027-10-09T17:04:52.640291,entregue,100,True
2138,2587,615,-1,100.0,150.0,2027-10-09T17:04:52.640291,entregue,100,True
2139,3732,1458,-1,-275.37,150.0,2027-10-09T17:04:52.640291,cancelado,100,True
2140,3722,1955,-1,-583.27,150.0,2027-10-09T17:04:52.640291,cancelado,100,True
2141,3067,4143,-1,-583.27,150.0,2027-10-09T17:04:52.640291,enviado,6,True
2142,1963,537,-1,100.0,150.0,2027-10-09T17:04:52.640291,cancelado,6,True
2143,760,2962,-1,100.0,150.0,2027-10-09T17:04:52.640363,pago,6,True
2144,4416,92832,-1,100.0,150.0,2027-10-09T17:04:52.640363,entregue,6,True
2145,94017,1754,-1,100.0,150.0,2027-10-09T17:04:52.640363,enviado,6,True
2146,91357,952,-1,100.0,150.0,2027-10-09T17:04:52.640363,cancelado,6,True
2147,3055,2240,-1,100.0,150.0,2027-10-09T17:04:52.640397,pendente,6,True
2148,666,3046,-1,-642.02,150.0,2027-10-09T17:04:52.640397,entregue,6,True
2149,4844,3480,-1,100.0,150.0,2027-10-09T17:04:52.640397,cancelado,6,True
2150,575,4291,-1,100.0,150.0,2027-10-09T17:04:52.640422,pendente,6,True
2151,3475,3710,-1,-859.24,150.0,2027-10-09T17:04:52.640422,entregue,6,True
2152,4540,2562,-1,-859.24,150.0,2027-10-09T17:04:52.640422,cancelado,10,True
2153,2566,3998,-1,-718.82,150.0,2027-10-09T17:04:52.640422,pendente,10,True
2154,3937,3002,-1,-718.82,150.0,2027-10-09T17:04:52.640460,cancelado,10,True
2155,2739,4990,-1,-718.82,150.0,2027-10-09T17:04:52.640460,entregue,6,True
2156,2050,3877,-1,-718.82,150.0,2027-10-09T17:04:52.640460,enviado,-1,True
2157,4535,487,-1,-718.82,150.0,2027-10-09T17:04:52.640485,entregue,-1,True
2158,2543,234,-1,100.0,150.0,2027-10-09T17:04:52.640485,enviado,-1,True
2159,3699,94671,-1,100.0,150.0,2027-10-09T17:04:52.640485,enviado,-1,True
2160,1739,1383,-9,100.0,150.0,2027-10-09T17:04:52.640485,entregue,-1,True
2161,4524,1923,-9,100.0,150.0,2027-10-09T17:04:52.640485,pendente,-1,True
2162,97872,4823,-9,100.0,150.0,2027-10-09T17:04:52.640485,cancelado,-1,True
2163,1834,3505,-9,100.0,150.0,2027-10-09T17:04:52.640534,pago,-1,True
2164,1156,4625,-9,100.0,150.0,2027-10-09T17:04:52.640544,pendente,-1,True
2165,470,96756,-9,100.0,150.0,2027-10-09T17:04:52.640544,enviado,-1,True
2166,98866,1495,-9,100.0,150.0,2027-10-09T17:04:52.640544,pago,-1,True
2167,1442,96222,-9,100.0,150.0,2027-10-09T17:04:52.640544,cancelado,-1,True
2168,99171,1188,-9,100.0,150.0,2027-10-09T17:04:52.640544,pago,-1,True
2169,95428,1294,-9,100.0,150.0,2027-10-09T17:04:52.640544,cancelado,-1,True
2170,459,2176,-9,100.0,150.0,2027-10-09T17:04:52.640544,enviado,-1,True
2171,98979,4326,-9,100.0,150.0,2027-10-09T17:04:52.640544,entregue,-1,True
2172,4715,93105,-9,100.0,150.0,2027-10-09T17:04:52.640544,cancelado,-1,True
2173,94852,3405,-9,100.0,150.0,2027-10-09T17:04:52.640544,pago,-1,True
2174,2658,4509,-9,100.0,150.0,2027-10-09T17:04:52.640635,entregue,-1,True
2175,2332,3376,-9,100.0,150.0,2027-10-09T17:04:52.640635,entregue,,True
2176,2849,1265,-9,100.0,150.0,2027-10-09T17:04:52.640653,pago,,True
2177,3808,2726,-9,100.0,150.0,2027-10-09T17:04:52.640653,enviado,,True
2178,1758,3276,-9,100.0,150.0,2027-10-09T17:04:52.640653,entregue,,True
2179,1261,2692,-9,100.0,150.0,2027-10-09T17:04:52.640680,cancelado,,True
2180,90875,668,-9,100.0,150.0,2027-10-09T17:04:52.640680,entregue,,True
2181,4631,773,-9,100.0,150.0,2027-10-09T17:04:52.640680,cancelado,6,True
2182,3981,93182,-9,100.0,150.0,2027-10-09T17:04:52.640680,entregue,6,True
2183,3645,3949,-1,100.0,150.0,2027-10-09T17:04:52.640680,entregue,6,True
2184,2652,94909,-1,100.0,150.0,2027-10-09T17:04:52.640680,pendente,6,True
2185,3392,3986,-1,100.0,150.0,2027-10-09T17:04:52.640680,entregue,,True
2186,97749,448,-1,100.0,150.0,2027-10-09T17:04:52.640680,entregue,,True
2187,2446,153,-1,-617.27,150.0,2027-10-09T17:04:52.640680,pago,,True
2188,4516,4379,-1,100.0,150.0,2027-10-09T17:04:52.640680,cancelado,,True
2189,3011,1765,-1,100.0,150.0,2027-10-09T17:04:52.640764,pago,,True
2190,2157,911,-9,100.0,150.0,2027-10-09T17:04:52.640764,cancelado,,True
2191,2032,91561,-9,100.0,150.0,2027-10-09T17:04:52.640764,pendente,,True
2192,1317,4649,-2,100.0,150.0,2027-10-09T17:04:52.640764,pendente,,True
2193,4010,2503,-6,100.0,150.0,2027-10-09T17:04:52.640764,pendente,,True
2194,122,614,-2,100.0,150.0,2027-10-09T17:04:52.640764,pago,,True
2195,525,2034,-8,100.0,150.0,2027-10-09T17:04:52.640764,entregue,,True
2196,1590,4362,-8,100.0,150.0,2027-10-09T17:04:52.640764,pago,100,True
2197,367,3241,-8,100.0,150.0,2027-10-09T17:04:52.640764,entregue,,True
2198,1904,1145,-8,100.0,150.0,2027-10-09T17:04:52.640842,enviado,,True
2199,2609,446,-8,100.0,150.0,2027-10-09T17:04:52.640842,entregue,100,True
2200,895,4691,-8,100.0,150.0,2027-10-09T17:04:52.640842,entregue,100,True
2201,2301,49,-10,100.0,150.0,2027-10-09T17:04:52.640842,pago,100,True
2202,2564,2285,-10,100.0,150.0,2027-10-09T17:04:52.640842,cancelado,100,True
2203,439,1322,-1,100.0,150.0,2027-10-09T17:04:52.640842,pendente,100,True
2204,1314,93958,-1,100.0,150.0,2027-10-09T17:04:52.640842,entregue,100,True
2205,98121,4518,-1,100.0,150.0,2027-10-09T17:04:52.640842,entregue,100,True
2206,91805,3335,-1,100.0,150.0,2027-10-09T17:04:52.640842,pendente,100,True
2207,4190,2593,-5,100.0,150.0,2027-10-09T17:04:52.640842,enviado,100,True
2208,1208,4499,-10,100.0,150.0,2027-10-09T17:04:52.640842,enviado,100,True
2209,1739,4679,-6,100.0,150.0,2027-10-09T17:04:52.640842,pago,100,True
2210,3248,2903,-6,-599.79,150.0,2027-10-09T17:04:52.640842,pendente,100,True
2211,773,91328,-6,-599.79,150.0,2027-10-09T17:04:52.640842,entregue,100,True
2212,3269,4325,-6,100.0,150.0,2027-10-09T17:04:52.640842,entregue,100,True
2213,38,1478,-6,100.0,150.0,2027-10-09T17:04:52.640842,cancelado,100,True
2214,91397,4705,-6,100.0,150.0,2027-10-09T17:04:52.640842,pendente,100,True
2215,678,2279,-6,100.0,150.0,2027-10-09T17:04:52.640842,pendente,100,True
2216,916,95925,-6,100.0,150.0,2027-10-09T17:04:52.640842,pendente,100,True
2217,3010,4332,-5,100.0,150.0,2027-10-09T17:04:52.640842,cancelado,100,True
2218,1318,95907,-5,100.0,150.0,2027-10-09T17:04:52.640842,enviado,100,True
2219,99995,4046,-5,100.0,150.0,2027-10-09T17:04:52.640842,cancelado,100,True
2220,302,373,-5,100.0,150.0,2027-10-09T17:04:52.641023,enviado,100,True
2221,688,4653,-5,100.0,150.0,2027-10-09T17:04:52.641033,entregue,100,True
2222,1670,2714,-5,-817.1,150.0,2027-10-09T17:04:52.641033,cancelado,100,True
2223,1903,4122,-5,100.0,150.0,2027-10-09T17:04:52.641033,pendente,100,True
2224,2579,4303,-5,-239.36,150.0,2027-10-09T17:04:52.641033,cancelado,100,True
2225,2611,98963,-5,-239.36,150.0,2027-10-09T17:04:52.641033,entregue,100,True
2226,452,92867,-5,-239.36,150.0,2027-10-09T17:04:52.641033,pago,100,True
2227,4102,4464,-5,-342.75,150.0,2027-10-09T17:04:52.641033,pendente,100,True
2228,2461,414,-5,-213.86,150.0,2027-10-09T17:04:52.641033,pago,100,True
2229,119,4914,-5,-213.86,150.0,2027-10-09T17:04:52.641100,pendente,100,True
2230,2275,361,-5,-351.88,150.0,2027-10-09T17:04:52.641100,entregue,100,True
2231,3450,96181,-5,-351.88,150.0,2027-10-09T17:04:52.641100,entregue,100,True
2232,477,767,-5,-351.88,150.0,2027-10-09T17:04:52.641129,pendente,100,True
2233,4610,2082,-5,100.0,150.0,2027-10-09T17:04:52.641129,pendente,100,True
2234,4568,93600,-5,100.0,150.0,2027-10-09T17:04:52.641129,pendente,100,True
2235,3983,99151,-5,100.0,150.0,2027-10-09T17:04:52.641129,pago,100,True
2236,97452,1077,-5,100.0,150.0,2027-10-09T17:04:52.641129,pago,100,True
2237,94355,266,-5,100.0,150.0,2027-10-09T17:04:52.641129,pago,100,True
2238,1747,97991,-5,100.0,150.0,2027-10-09T17:04:52.641129,entregue,100,True
2239,3450,3055,-5,-497.68,150.0,2027-10-09T17:04:52.641129,pago,100,True
2240,2901,90565,-5,-497.68,150.0,2027-10-09T17:04:52.641129,cancelado,100,True
2241,2929,1187,-5,-497.68,150.0,2027-10-09T17:04:52.641129,cancelado,100,True
2242,1425,1731,-5,100.0,150.0,2027-10-09T17:04:52.641129,cancelado,100,True
2243,96313,4179,-5,100.0,150.0,2027-10-09T17:04:52.641129,entregue,100,True
2244,2050,2113,-5,-553.3,150.0,2027-10-09T17:04:52.641129,pendente,100,True
2245,3667,3734,-5,-412.68,150.0,2027-10-09T17:04:52.641129,pendente,100,True
2246,2993,4974,-5,-412.68,150.0,2027-10-09T17:04:52.641129,pendente,,True
2247,2560,3849,-5,-412.68,150.0,2027-10-09T17:04:52.641251,pendente,,True
2248,1223,93496,-5,-412.68,150.0,2027-10-09T17:04:52.641251,entregue,,True
2249,2204,3056,-5,-412.68,150.0,2027-10-09T17:04:52.641269,pago,,True
2250,52,4877,-5,-997.8,150.0,2027-10-09T17:04:52.641269,entregue,,True
2251,3127,2602,-5,-997.8,150.0,2027-10-09T17:04:52.641269,entregue,,True
2252,4602,3107,-5,-72.84,150.0,2027-10-09T17:04:52.641269,pendente,,True
2253,2775,99668,-5,-72.84,150.0,2027-10-09T17:04:52.641269,cancelado,,True
2254,940,3812,-5,-72.84,150.0,2027-10-09T17:04:52.641269,enviado,-1,True
2255,4769,1606,-5,-756.42,150.0,2027-10-09T17:04:52.641269,pago,-1,True
2256,3232,2113,-2,-756.42,150.0,2027-10-09T17:04:52.641269,pendente,-1,True
2257,2760,676,-2,-135.69,150.0,2027-10-09T17:04:52.641269,pendente,-1,True
2258,4502,4249,-2,-135.69,150.0,2027-10-09T17:04:52.641350,pago,-1,True
2259,97109,4761,-2,-135.69,150.0,2027-10-09T17:04:52.641350,enviado,-1,True
2260,3602,2456,-2,-135.69,150.0,2027-10-09T17:04:52.641350,entregue,,True
2261,1098,3153,-3,-135.69,150.0,2027-10-09T17:04:52.641350,entregue,,True
2262,1019,97201,-3,-135.69,150.0,2027-10-09T17:04:52.641350,cancelado,,True
2263,2327,3616,-3,-135.69,150.0,2027-10-09T17:04:52.641350,entregue,10,True
2264,276,1993,-3,-459.21,150.0,2027-10-09T17:04:52.641350,pendente,10,True
2265,4960,4748,-5,-459.21,150.0,2027-10-09T17:04:52.641350,pago,10,True
2266,1729,3089,-2,-459.21,150.0,2027-10-09T17:04:52.641350,enviado,10,True
2267,1233,926,-2,-459.21,150.0,2027-10-09T17:04:52.641350,pendente,100,True
2268,588,3110,-2,-941.1,150.0,2027-10-09T17:04:52.641350,pendente,100,True
2269,103,3302,-2,-982.02,150.0,2027-10-09T17:04:52.641350,cancelado,100,True
2270,2874,1234,-2,100.0,150.0,2027-10-09T17:04:52.641350,entregue,100,True
2271,97738,4501,-2,100.0,150.0,2027-10-09T17:04:52.641350,enviado,100,True
2272,3847,2030,-2,100.0,150.0,2027-10-09T17:04:52.641350,pendente,6,True
2273,92020,313,-2,100.0,150.0,2027-10-09T17:04:52.641350,pendente,6,True
2274,4941,1932,-2,-115.42,150.0,2027-10-09T17:04:52.641350,cancelado,6,True
2275,1675,4761,-2,-115.42,150.0,2027-10-09T17:04:52.641523,cancelado,6,True
2276,2132,2524,-3,-115.42,150.0,2027-10-09T17:04:52.641523,pago,6,True
2277,3814,1828,-3,-115.42,150.0,2027-10-09T17:04:52.641542,pendente,6,True
2278,2772,3348,-3,100.0,150.0,2027-10-09T17:04:52.641542,pendente,6,True
2279,1734,1378,-6,100.0,150.0,2027-10-09T17:04:52.641542,pago,6,True
2280,2384,92194,-6,100.0,150.0,2027-10-09T17:04:52.641542,cancelado,6,True
2281,99837,2558,-6,100.0,150.0,2027-10-09T17:04:52.641542,cancelado,6,True
2282,373,1123,-6,100.0,150.0,2027-10-09T17:04:52.641584,pago,6,True
2283,4202,252,-5,100.0,150.0,2027-10-09T17:04:52.641584,enviado,6,True
2284,496,3401,-5,-742.58,150.0,2027-10-09T17:04:52.641584,pendente,6,True
2285,826,436,-5,100.0,150.0,2027-10-09T17:04:52.641584,pendente,6,True
2286,3433,4590,-4,100.0,150.0,2027-10-09T17:04:52.641584,enviado,6,True
2287,92884,537,-4,100.0,150.0,2027-10-09T17:04:52.641584,enviado,6,True
2288,4699,94584,-4,100.0,150.0,2027-10-09T17:04:52.641584,pendente,6,True
2289,3488,323,-4,100.0,150.0,2027-10-09T17:04:52.641584,entregue,6,True
2290,4942,2347,-4,100.0,150.0,2027-10-09T17:04:52.641584,pago,6,True
2291,4240,1667,-4,100.0,150.0,2027-10-09T17:04:52.641662,enviado,6,True
2292,1411,4913,-4,100.0,150.0,2027-10-09T17:04:52.641662,pendente,-1,True
2293,660,90538,-4,100.0,150.0,2027-10-09T17:04:52.641662,pendente,-1,True
2294,4164,99996,-4,100.0,150.0,2027-10-09T17:04:52.641662,entregue,-1,True
2295,91750,4384,-4,100.0,150.0,2027-10-09T17:04:52.641662,entregue,-1,True
2296,4635,355,-4,100.0,150.0,2027-10-09T17:04:52.641704,pendente,-1,True
2297,92747,1115,-4,100.0,150.0,2027-10-09T17:04:52.641704,pago,-1,True
2298,3751,3412,-4,-927.03,150.0,2027-10-09T17:04:52.641704,enviado,-1,True
2299,1759,680,-4,-927.03,150.0,2027-10-09T17:04:52.641704,enviado,100,True
2300,2800,2366,-4,100.0,150.0,2027-10-09T17:04:52.641704,cancelado,100,True
2301,4561,4862,-4,100.0,150.0,2027-10-09T17:04:52.641704,pago,100,True
2302,2737,183,-4,100.0,150.0,2027-10-09T17:04:52.641754,enviado,100,True
2303,2067,195,-4,-607.41,150.0,2027-10-09T17:04:52.641754,pendente,100,True
2304,95715,3450,-4,-607.41,150.0,2027-10-09T17:04:52.641754,cancelado,100,True
2305,4131,2774,-4,-607.41,150.0,2027-10-09T17:04:52.641754,pago,100,True
2306,2796,3325,-4,-788.34,150.0,2027-10-09T17:04:52.641754,enviado,100,True
2307,1290,1837,-4,-788.34,150.0,2027-10-09T17:04:52.641798,pago,100,True
2308,3256,3424,-1,-788.34,150.0,2027-10-09T17:04:52.641798,pendente,100,True
2309,297,99639,-1,-788.34,150.0,2027-10-09T17:04:52.641798,entregue,100,True
2310,3977,3246,-3,-788.34,150.0,2027-10-09T17:04:52.641798,cancelado,100,True
2311,95823,1470,-3,-788.34,150.0,2027-10-09T17:04:52.641798,enviado,100,True
2312,4780,2327,-3,-788.34,150.0,2027-10-09T17:04:52.641842,entregue,100,True
2313,3876,98966,-3,-788.34,150.0,2027-10-09T17:04:52.641842,pago,100,True
2314,3635,1674,-8,-788.34,150.0,2027-10-09T17:04:52.641842,pago,100,True
2315,3001,96960,-8,-788.34,150.0,2027-10-09T17:04:52.641842,cancelado,100,True
2316,3030,3174,-8,-788.34,150.0,2027-10-09T17:04:52.641876,entregue,100,True
2317,2701,780,-7,-788.34,150.0,2027-10-09T17:04:52.641876,entregue,100,True
2318,357,4000,-5,-788.34,150.0,2027-10-09T17:04:52.641876,cancelado,100,True
2319,4676,3329,-5,100.0,150.0,2027-10-09T17:04:52.641876,pendente,100,True
2320,753,651,-5,100.0,150.0,2027-10-09T17:04:52.641909,enviado,100,True
2321,1454,4272,-5,-200.86,150.0,2027-10-09T17:04:52.641909,entregue,100,True
2322,97977,61,-5,-200.86,150.0,2027-10-09T17:04:52.641909,entregue,100,True
2323,1335,96853,-5,-200.86,150.0,2027-10-09T17:04:52.641909,cancelado,100,True
2324,4242,510,-5,-200.86,150.0,2027-10-09T17:04:52.641909,pago,-1,True
2325,92215,553,-5,-200.86,150.0,2027-10-09T17:04:52.641909,enviado,-1,True
2326,4761,3354,-5,100.0,150.0,2027-10-09T17:04:52.641909,pendente,-1,True
2327,90042,1383,-5,100.0,150.0,2027-10-09T17:04:52.641909,pago,-1,True
2328,902,4359,-5,-741.54,150.0,2027-10-09T17:04:52.641909,cancelado,-1,True
2329,93339,2072,-5,-741.54,150.0,2027-10-09T17:04:52.641909,pago,-1,True
2330,4967,3158,-5,-741.54,150.0,2027-10-09T17:04:52.642004,pago,-1,True
2331,3238,91221,-5,-741.54,150.0,2027-10-09T17:04:52.642004,cancelado,-1,True
2332,95547,4710,-5,-741.54,150.0,2027-10-09T17:04:52.642004,cancelado,-1,True
2333,1636,1357,-5,-877.41,150.0,2027-10-09T17:04:52.642004,enviado,-1,True
2334,97724,2105,-5,-877.41,150.0,2027-10-09T17:04:52.642004,pendente,-1,True
2335,3098,2875,-5,100.0,150.0,2027-10-09T17:04:52.642004,cancelado,-1,True
2336,30,2116,-5,-368.05,150.0,2027-10-09T17:04:52.642004,pago,-1,True
2337,3603,4238,-5,-368.05,150.0,2027-10-09T17:04:52.642004,enviado,10,True
2338,4152,3809,-5,-584.86,150.0,2027-10-09T17:04:52.642004,cancelado,10,True
2339,92610,2221,-5,-584.86,150.0,2027-10-09T17:04:52.642004,enviado,10,True
2340,3200,3450,-5,-584.86,150.0,2027-10-09T17:04:52.642004,pago,-1,True
2341,4402,99644,-5,-584.86,150.0,2027-10-09T17:04:52.642004,pago,-1,True
2342,1832,4021,-5,-479.36,150.0,2027-10-09T17:04:52.642004,pago,-1,True
2343,96275,3670,-5,-479.36,150.0,2027-10-09T17:04:52.642004,cancelado,-1,True
2344,3751,3577,-5,-479.36,150.0,2027-10-09T17:04:52.642004,enviado,100,True
2345,4832,2135,-5,100.0,150.0,2027-10-09T17:04:52.642004,enviado,100,True
2346,1827,391,-6,100.0,150.0,2027-10-09T17:04:52.642004,cancelado,100,True
2347,98397,3126,-6,100.0,150.0,2027-10-09T17:04:52.642004,enviado,100,True
2348,3382,3217,-6,-996.71,150.0,2027-10-09T17:04:52.642004,cancelado,100,True
2349,1203,90313,-6,-996.71,150.0,2027-10-09T17:04:52.642004,pendente,100,True
2350,4012,1135,-6,-996.71,150.0,2027-10-09T17:04:52.642179,entregue,100,True
2351,2937,4460,-6,100.0,150.0,2027-10-09T17:04:52.642179,enviado,100,True
2352,2328,92725,-6,100.0,150.0,2027-10-09T17:04:52.642179,entregue,100,True
2353,4250,90279,-6,100.0,150.0,2027-10-09T17:04:52.642179,cancelado,100,True
2354,3563,1842,-6,100.0,150.0,2027-10-09T17:04:52.642179,enviado,,True
2355,2801,1199,-6,100.0,150.0,2027-10-09T17:04:52.642179,pendente,,True
2356,1747,1790,-10,100.0,150.0,2027-10-09T17:04:52.642179,pago,,True
2357,779,96834,-10,100.0,150.0,2027-10-09T17:04:52.642179,entregue,,True
2358,786,570,-10,100.0,150.0,2027-10-09T17:04:52.642179,cancelado,,True
2359,4097,1742,-10,-853.5,150.0,2027-10-09T17:04:52.642179,pago,,True
2360,3107,1187,-10,100.0,150.0,2027-10-09T17:04:52.642179,pago,,True
2361,843,755,-10,-542.23,150.0,2027-10-09T17:04:52.642179,pendente,,True
2362,96,2208,-10,100.0,150.0,2027-10-09T17:04:52.642179,entregue,,True
2363,1456,247,-10,-236.81,150.0,2027-10-09T17:04:52.642179,pendente,,True
2364,1775,4490,-9,-236.81,150.0,2027-10-09T17:04:52.642179,enviado,,True
2365,4565,672,-3,-236.81,150.0,2027-10-09T17:04:52.642179,pago,,True
2366,3802,300,-6,-236.81,150.0,2027-10-09T17:04:52.642179,pendente,,True
2367,3365,2679,-6,100.0,150.0,2027-10-09T17:04:52.642179,cancelado,,True
2368,2860,3670,-6,100.0,150.0,2027-10-09T17:04:52.642179,cancelado,,True
2369,4450,95746,-6,100.0,150.0,2027-10-09T17:04:52.642179,entregue,,True
2370,2168,17,-3,100.0,150.0,2027-10-09T17:04:52.642179,cancelado,,True
2371,4273,2525,-8,100.0,150.0,2027-10-09T17:04:52.642179,pago,,True
2372,4143,2687,-8,-197.57,150.0,2027-10-09T17:04:52.642179,enviado,,True
2373,90656,1136,-8,-197.57,150.0,2027-10-09T17:04:52.642179,entregue,,True
2374,97438,3398,-8,-197.57,150.0,2027-10-09T17:04:52.642179,pendente,,True
2375,4950,1640,-8,-197.57,150.0,2027-10-09T17:04:52.642179,pago,100,True
2376,90035,3724,-8,-197.57,150.0,2027-10-09T17:04:52.642179,pendente,100,True
2377,1720,4914,-8,-197.57,150.0,2027-10-09T17:04:52.642405,enviado,100,True
2378,30,3865,-8,-197.57,150.0,2027-10-09T17:04:52.642414,enviado,100,True
2379,2365,411,-8,-197.57,150.0,2027-10-09T17:04:52.642424,enviado,100,True
2380,4493,3205,-8,-922.73,150.0,2027-10-09T17:04:52.642424,enviado,100,True
2381,1696,1781,-8,-922.73,150.0,2027-10-09T17:04:52.642442,pendente,100,True
2382,4830,194,-5,-922.73,150.0,2027-10-09T17:04:52.642442,entregue,100,True
2383,2280,1970,-5,-922.73,150.0,2027-10-09T17:04:52.642460,enviado,100,True
2384,90288,2361,-5,-922.73,150.0,2027-10-09T17:04:52.642460,entregue,100,True
2385,1429,319,-5,-922.73,150.0,2027-10-09T17:04:52.642460,enviado,-1,True
2386,1548,3683,-5,100.0,150.0,2027-10-09T17:04:52.642460,entregue,-1,True
2387,1729,3810,-5,-123.48,150.0,2027-10-09T17:04:52.642460,cancelado,-1,True
2388,2422,1054,-5,-123.48,150.0,2027-10-09T17:04:52.642507,entregue,-1,True
2389,98932,691,-5,-123.48,150.0,2027-10-09T17:04:52.642507,pendente,-1,True
2390,107,478,-5,-123.48,150.0,2027-10-09T17:04:52.642524,enviado,-1,True
2391,4163,3927,-10,-123.48,150.0,2027-10-09T17:04:52.642524,entregue,-1,True
2392,1670,3744,-10,-601.27,150.0,2027-10-09T17:04:52.642524,cancelado,-1,True
2393,4761,92065,-10,-601.27,150.0,2027-10-09T17:04:52.642524,entregue,-1,True
2394,2894,3982,-10,-601.27,150.0,2027-10-09T17:04:52.642524,enviado,100,True
2395,99655,1264,-10,-601.27,150.0,2027-10-09T17:04:52.642524,enviado,100,True
2396,2437,1319,-2,-601.27,150.0,2027-10-09T17:04:52.642524,enviado,100,True
2397,383,96963,-2,-601.27,150.0,2027-10-09T17:04:52.642524,enviado,100,True
2398,3651,509,-2,-601.27,150.0,2027-10-09T17:04:52.642591,pendente,100,True
2399,97284,3865,-2,-601.27,150.0,2027-10-09T17:04:52.642591,cancelado,100,True
2400,1968,2316,-1,-601.27,150.0,2027-10-09T17:04:52.642591,cancelado,100,True
2401,808,2891,-1,100.0,150.0,2027-10-09T17:04:52.642591,entregue,100,True
2402,92998,1320,-1,100.0,150.0,2027-10-09T17:04:52.642591,enviado,100,True
2403,99851,4834,-1,100.0,150.0,2027-10-09T17:04:52.642591,entregue,100,True
2404,365,3935,-1,100.0,150.0,2027-10-09T17:04:52.642641,enviado,100,True
2405,744,3685,-1,-671.67,150.0,2027-10-09T17:04:52.642641,pago,100,True
2406,4000,2893,-1,-671.67,150.0,2027-10-09T17:04:52.642641,pago,10,True
2407,96890,1196,-1,-671.67,150.0,2027-10-09T17:04:52.642641,pago,10,True
2408,3473,3770,-1,-671.67,150.0,2027-10-09T17:04:52.642678,enviado,10,True
2409,4516,805,-1,-86.28,150.0,2027-10-09T17:04:52.642678,pendente,10,True
2410,3840,808,-1,-674.95,150.0,2027-10-09T17:04:52.642678,entregue,10,True
2411,2824,99220,-1,-674.95,150.0,2027-10-09T17:04:52.642678,enviado,10,True
2412,207,4711,-1,-674.95,150.0,2027-10-09T17:04:52.642712,cancelado,10,True
2413,427,4835,-1,-690.78,150.0,2027-10-09T17:04:52.642712,pendente,10,True
2414,4957,97659,-1,-690.78,150.0,2027-10-09T17:04:52.642712,pago,10,True
2415,2084,269,-8,-690.78,150.0,2027-10-09T17:04:52.642712,pago,10,True
2416,4694,2426,-8,-690.78,150.0,2027-10-09T17:04:52.642712,pendente,,True
2417,955,1056,-8,-690.78,150.0,2027-10-09T17:04:52.642712,pago,6,True
2418,1764,3884,-8,-690.78,150.0,2027-10-09T17:04:52.642765,pago,6,True
2419,1579,97858,-8,-690.78,150.0,2027-10-09T17:04:52.642765,pendente,6,True
2420,91188,2079,-8,-690.78,150.0,2027-10-09T17:04:52.642765,enviado,6,True
2421,3967,4805,-8,-690.78,150.0,2027-10-09T17:04:52.642765,entregue,-1,True
2422,2953,1620,-8,-690.78,150.0,2027-10-09T17:04:52.642765,cancelado,10,True
2423,1849,3687,-8,100.0,150.0,2027-10-09T17:04:52.642765,pago,10,True
2424,229,3894,-8,100.0,150.0,2027-10-09T17:04:52.642765,pago,10,True
2425,2055,3136,-8,100.0,150.0,2027-10-09T17:04:52.642822,enviado,10,True
2426,4375,3886,-8,-619.51,150.0,2027-10-09T17:04:52.642822,cancelado,10,True
2427,2336,3567,-8,-619.51,150.0,2027-10-09T17:04:52.642843,enviado,10,True
2428,3475,98707,-8,-619.51,150.0,2027-10-09T17:04:52.642843,pago,10,True
2429,2218,4982,-8,-619.51,150.0,2027-10-09T17:04:52.642843,pendente,10,True
2430,643,2658,-1,-619.51,150.0,2027-10-09T17:04:52.642843,entregue,10,True
2431,1686,2304,-1,-619.51,150.0,2027-10-09T17:04:52.642843,cancelado,10,True
2432,633,99151,-1,-619.51,150.0,2027-10-09T17:04:52.642843,pago,10,True
2433,947,91454,-1,-619.51,150.0,2027-10-09T17:04:52.642843,entregue,10,True
2434,97142,2730,-1,-619.51,150.0,2027-10-09T17:04:52.642843,entregue,10,True
2435,4356,4440,-1,100.0,150.0,2027-10-09T17:04:52.642843,enviado,10,True
2436,1964,1026,-5,100.0,150.0,2027-10-09T17:04:52.642843,pendente,10,True
2437,2885,3193,-5,100.0,150.0,2027-10-09T17:04:52.642843,cancelado,10,True
2438,951,1731,-5,100.0,150.0,2027-10-09T17:04:52.642843,cancelado,-1,True
2439,362,95498,-5,100.0,150.0,2027-10-09T17:04:52.642843,cancelado,-1,True
2440,4433,3641,-5,100.0,150.0,2027-10-09T17:04:52.642843,enviado,-1,True
2441,2315,1664,-5,100.0,150.0,2027-10-09T17:04:52.642843,entregue,,True
2442,4545,1919,-6,100.0,150.0,2027-10-09T17:04:52.642843,entregue,,True
2443,221,1589,-6,-620.87,150.0,2027-10-09T17:04:52.642843,entregue,,True
2444,3753,4352,-6,-620.87,150.0,2027-10-09T17:04:52.642843,pendente,100,True
2445,71,2083,-10,-620.87,150.0,2027-10-09T17:04:52.642843,pendente,100,True
2446,4115,2170,-10,-620.87,150.0,2027-10-09T17:04:52.642998,pendente,100,True
2447,4102,1173,-10,-620.87,150.0,2027-10-09T17:04:52.642998,entregue,100,True
2448,2676,1831,-10,-620.87,150.0,2027-10-09T17:04:52.642998,pago,100,True
2449,92755,1554,-10,-620.87,150.0,2027-10-09T17:04:52.642998,pendente,100,True
2450,1737,369,-8,-620.87,150.0,2027-10-09T17:04:52.642998,cancelado,100,True
2451,2636,1949,-8,-829.26,150.0,2027-10-09T17:04:52.642998,pendente,100,True
2452,90998,1595,-8,-829.26,150.0,2027-10-09T17:04:52.642998,pendente,100,True
2453,807,3407,-8,-829.26,150.0,2027-10-09T17:04:52.643061,pago,100,True
2454,90441,2414,-8,-829.26,150.0,2027-10-09T17:04:52.643061,entregue,100,True
2455,90895,294,-8,-829.26,150.0,2027-10-09T17:04:52.643061,cancelado,100,True
2456,1772,1843,-8,-829.26,150.0,2027-10-09T17:04:52.643087,pago,100,True
2457,2731,415,-8,100.0,150.0,2027-10-09T17:04:52.643087,pago,100,True
2458,4863,98317,-8,100.0,150.0,2027-10-09T17:04:52.643087,pendente,100,True
2459,4472,1070,-8,100.0,150.0,2027-10-09T17:04:52.643087,enviado,100,True
2460,4448,137,-8,100.0,150.0,2027-10-09T17:04:52.643087,pago,,True
2461,4644,766,-8,-690.82,150.0,2027-10-09T17:04:52.643087,pendente,,True
2462,92173,1297,-8,-690.82,150.0,2027-10-09T17:04:52.643087,enviado,,True
2463,4182,3551,-8,-690.82,150.0,2027-10-09T17:04:52.643145,pago,,True
2464,4590,4799,-8,-415.63,150.0,2027-10-09T17:04:52.643145,entregue,,True
2465,2113,99084,-8,-415.63,150.0,2027-10-09T17:04:52.643145,entregue,,True
2466,3326,3427,-8,-415.63,150.0,2027-10-09T17:04:52.643174,cancelado,,True
2467,4353,97339,-8,-415.63,150.0,2027-10-09T17:04:52.643174,cancelado,,True
2468,1273,1312,-8,-445.82,150.0,2027-10-09T17:04:52.643174,pago,,True
2469,4355,2449,-8,100.0,150.0,2027-10-09T17:04:52.643174,entregue,,True
2470,4128,96406,-8,100.0,150.0,2027-10-09T17:04:52.643174,pago,,True
2471,4135,1800,-8,100.0,150.0,2027-10-09T17:04:52.643174,cancelado,,True
2472,1232,4613,-8,100.0,150.0,2027-10-09T17:04:52.643174,entregue,6,True
2473,4315,95207,-8,100.0,150.0,2027-10-09T17:04:52.643174,cancelado,6,True
2474,3375,4389,-6,100.0,150.0,2027-10-09T17:04:52.643174,enviado,6,True
2475,2758,502,-6,100.0,150.0,2027-10-09T17:04:52.643249,entregue,6,True
2476,99165,3038,-6,100.0,150.0,2027-10-09T17:04:52.643249,cancelado,6,True
2477,2637,4906,-6,-345.33,150.0,2027-10-09T17:04:52.643249,cancelado,6,True
2478,3942,1337,-6,100.0,150.0,2027-10-09T17:04:52.643249,enviado,6,True
2479,3271,735,-6,100.0,150.0,2027-10-09T17:04:52.643249,entregue,6,True
2480,3292,3715,-9,100.0,150.0,2027-10-09T17:04:52.643249,cancelado,6,True
2481,2772,95429,-9,100.0,150.0,2027-10-09T17:04:52.643249,pendente,6,True
2482,2211,92749,-9,100.0,150.0,2027-10-09T17:04:52.643249,pago,6,True
2483,3572,3949,-5,100.0,150.0,2027-10-09T17:04:52.643249,enviado,6,True
2484,2437,3370,-5,-467.42,150.0,2027-10-09T17:04:52.643249,pago,6,True
2485,3097,2239,-5,100.0,150.0,2027-10-09T17:04:52.643249,cancelado,6,True
2486,95290,891,-5,100.0,150.0,2027-10-09T17:04:52.643249,pendente,6,True
2487,432,4525,-5,100.0,150.0,2027-10-09T17:04:52.643359,entregue,6,True
2488,4921,96410,-5,100.0,150.0,2027-10-09T17:04:52.643359,entregue,6,True
2489,3422,913,-5,100.0,150.0,2027-10-09T17:04:52.643359,enviado,6,True
2490,688,1455,-5,100.0,150.0,2027-10-09T17:04:52.643390,cancelado,6,True
2491,4459,3840,-5,-695.17,150.0,2027-10-09T17:04:52.643390,entregue,6,True
2492,94969,2245,-5,-695.17,150.0,2027-10-09T17:04:52.643390,cancelado,6,True
2493,91471,961,-5,-695.17,150.0,2027-10-09T17:04:52.643390,pago,6,True
2494,1943,927,-5,-695.17,150.0,2027-10-09T17:04:52.643432,pago,6,True
2495,1944,1118,-5,-695.17,150.0,2027-10-09T17:04:52.643445,entregue,6,True
2496,2645,2732,-5,100.0,150.0,2027-10-09T17:04:52.643445,enviado,6,True
2497,3421,1870,-5,100.0,150.0,2027-10-09T17:04:52.643470,pendente,6,True
2498,3202,3617,-5,100.0,150.0,2027-10-09T17:04:52.643470,enviado,,True
2499,3676,91435,-5,100.0,150.0,2027-10-09T17:04:52.643470,pago,,True
2500,2619,330,-1,100.0,150.0,2027-10-09T17:04:52.643470,pago,,True
2501,2519,292,-1,100.0,150.0,2027-10-09T17:04:52.643506,entregue,,True
2502,96505,4052,-1,100.0,150.0,2027-10-09T17:04:52.643506,pago,,True
2503,93001,4614,-1,100.0,150.0,2027-10-09T17:04:52.643506,cancelado,,True
2504,95534,1452,-1,100.0,150.0,2027-10-09T17:04:52.643506,pago,,True
2505,1855,91612,-1,100.0,150.0,2027-10-09T17:04:52.643506,entregue,,True
2506,1423,376,-1,-623.95,150.0,2027-10-09T17:04:52.643506,enviado,,True
2507,166,1192,-1,-817.35,150.0,2027-10-09T17:04:52.643506,cancelado,,True
2508,1637,4470,-1,-817.35,150.0,2027-10-09T17:04:52.643506,entregue,,True
2509,4171,2767,-1,-817.35,150.0,2027-10-09T17:04:52.643584,pendente,,True
2510,4984,1044,-1,100.0,150.0,2027-10-09T17:04:52.643584,pago,,True
2511,93116,2600,-1,100.0,150.0,2027-10-09T17:04:52.643584,enviado,,True
2512,2752,144,-1,-954.99,150.0,2027-10-09T17:04:52.643584,cancelado,,True
2513,1135,97736,-1,-954.99,150.0,2027-10-09T17:04:52.643584,enviado,,True
2514,558,2794,-1,-954.99,150.0,2027-10-09T17:04:52.643627,entregue,,True
2515,3591,90198,-1,-954.99,150.0,2027-10-09T17:04:52.643627,entregue,,True
2516,4778,1865,-3,-954.99,150.0,2027-10-09T17:04:52.643627,cancelado,,True
2517,1388,2614,-3,-954.99,150.0,2027-10-09T17:04:52.643627,pendente,,True
2518,3321,3536,-3,100.0,150.0,2027-10-09T17:04:52.643627,enviado,,True
2519,4745,792,-3,100.0,150.0,2027-10-09T17:04:52.643627,enviado,100,True
2520,4200,4567,-3,100.0,150.0,2027-10-09T17:04:52.643680,pago,100,True
2521,2726,763,-3,100.0,150.0,2027-10-09T17:04:52.643680,entregue,100,True
2522,2338,742,-3,100.0,150.0,2027-10-09T17:04:52.643680,cancelado,100,True
2523,647,94922,-3,100.0,150.0,2027-10-09T17:04:52.643680,enviado,100,True
2524,887,1685,-3,100.0,150.0,2027-10-09T17:04:52.643680,enviado,10,True
2525,1172,1737,-3,100.0,150.0,2027-10-09T17:04:52.643726,pago,10,True
2526,584,1119,-3,100.0,150.0,2027-10-09T17:04:52.643726,entregue,10,True
2527,1361,285,-3,100.0,150.0,2027-10-09T17:04:52.643726,entregue,10,True
2528,2096,3983,-3,100.0,150.0,2027-10-09T17:04:52.643726,entregue,10,True
2529,1766,90340,-3,100.0,150.0,2027-10-09T17:04:52.643726,pendente,10,True
2530,2347,99987,-3,100.0,150.0,2027-10-09T17:04:52.643726,pendente,10,True
2531,1536,4416,-7,100.0,150.0,2027-10-09T17:04:52.643726,entregue,10,True
2532,4019,1741,-7,100.0,150.0,2027-10-09T17:04:52.643726,entregue,-1,True
2533,3000,3471,-7,100.0,150.0,2027-10-09T17:04:52.643726,pago,-1,True
2534,1655,1888,-7,100.0,150.0,2027-10-09T17:04:52.643726,cancelado,-1,True
2535,1312,647,-7,100.0,150.0,2027-10-09T17:04:52.643808,enviado,-1,True
2536,2031,1278,-7,100.0,150.0,2027-10-09T17:04:52.643808,pago,100,True
2537,3858,124,-7,-840.99,150.0,2027-10-09T17:04:52.643808,cancelado,100,True
2538,3427,2420,-7,-840.99,150.0,2027-10-09T17:04:52.643808,cancelado,-1,True
2539,95694,458,-7,-840.99,150.0,2027-10-09T17:04:52.643808,entregue,-1,True
2540,515,4983,-7,100.0,150.0,2027-10-09T17:04:52.643808,enviado,-1,True
2541,2091,2994,-7,100.0,150.0,2027-10-09T17:04:52.643808,enviado,100,True
2542,2196,243,-7,100.0,150.0,2027-10-09T17:04:52.643808,pendente,100,True
2543,1,4086,-7,-513.15,150.0,2027-10-09T17:04:52.643808,enviado,100,True
2544,3999,3126,-7,-204.86,150.0,2027-10-09T17:04:52.643808,cancelado,100,True
2545,4349,2401,-7,100.0,150.0,2027-10-09T17:04:52.643808,pago,100,True
2546,2338,91128,-7,100.0,150.0,2027-10-09T17:04:52.643808,entregue,100,True
2547,1625,3313,-7,100.0,150.0,2027-10-09T17:04:52.643808,pago,100,True
2548,3656,1363,-7,100.0,150.0,2027-10-09T17:04:52.643916,enviado,100,True
2549,98084,3424,-7,100.0,150.0,2027-10-09T17:04:52.643916,pago,100,True
2550,97439,1874,-7,100.0,150.0,2027-10-09T17:04:52.643916,entregue,100,True
2551,4538,1093,-8,100.0,150.0,2027-10-09T17:04:52.643916,pago,100,True
2552,4866,3334,-8,100.0,150.0,2027-10-09T17:04:52.643916,pendente,100,True
2553,2344,4203,-8,100.0,150.0,2027-10-09T17:04:52.643916,pago,6,True
2554,4454,2551,-8,-193.59,150.0,2027-10-09T17:04:52.643916,enviado,6,True
2555,94700,4057,-8,-193.59,150.0,2027-10-09T17:04:52.643916,pendente,6,True
2556,139,2358,-8,-646.8,150.0,2027-10-09T17:04:52.643916,enviado,6,True
2557,910,1792,-8,-646.8,150.0,2027-10-09T17:04:52.643991,entregue,6,True
2558,462,3265,-8,-646.8,150.0,2027-10-09T17:04:52.644001,enviado,6,True
2559,1007,97965,-8,-646.8,150.0,2027-10-09T17:04:52.644001,pago,6,True
2560,2308,4778,-4,-646.8,150.0,2027-10-09T17:04:52.644001,entregue,6,True
2561,1688,4343,-4,-646.8,150.0,2027-10-09T17:04:52.644027,enviado,6,True
2562,1706,3679,-4,-646.8,150.0,2027-10-09T17:04:52.644027,cancelado,-1,True
2563,3051,1166,-4,-898.58,150.0,2027-10-09T17:04:52.644027,pago,-1,True
2564,936,4486,-4,100.0,150.0,2027-10-09T17:04:52.644027,entregue,-1,True
2565,2798,2090,-4,-300.36,150.0,2027-10-09T17:04:52.644027,pago,-1,True
2566,95210,4129,-4,-300.36,150.0,2027-10-09T17:04:52.644027,cancelado,-1,True
2567,97904,4776,-4,-300.36,150.0,2027-10-09T17:04:52.644027,pago,-1,True
2568,98214,322,-4,-300.36,150.0,2027-10-09T17:04:52.644027,entregue,-1,True
2569,4706,1898,-4,100.0,150.0,2027-10-09T17:04:52.644027,entregue,-1,True
2570,3627,4584,-4,100.0,150.0,2027-10-09T17:04:52.644027,entregue,-1,True
2571,939,93131,-4,100.0,150.0,2027-10-09T17:04:52.644027,entregue,-1,True
2572,4733,3331,-4,100.0,150.0,2027-10-09T17:04:52.644027,entregue,-1,True
2573,2378,1559,-4,100.0,150.0,2027-10-09T17:04:52.644131,pago,-1,True
2574,3361,1769,-7,100.0,150.0,2027-10-09T17:04:52.644131,entregue,-1,True
2575,4852,4594,-7,100.0,150.0,2027-10-09T17:04:52.644148,enviado,-1,True
2576,3927,1310,-9,100.0,150.0,2027-10-09T17:04:52.644148,cancelado,-1,True
2577,96696,1927,-9,100.0,150.0,2027-10-09T17:04:52.644148,entregue,-1,True
2578,3056,334,-9,100.0,150.0,2027-10-09T17:04:52.644148,pago,10,True
2579,94706,4538,-9,100.0,150.0,2027-10-09T17:04:52.644148,pendente,10,True
2580,3570,93724,-9,100.0,150.0,2027-10-09T17:04:52.644148,entregue,10,True
2581,2604,90831,-9,100.0,150.0,2027-10-09T17:04:52.644148,pago,10,True
2582,2996,2874,-9,-748.22,150.0,2027-10-09T17:04:52.644148,pago,10,True
2583,4656,92492,-9,-748.22,150.0,2027-10-09T17:04:52.644148,pago,10,True
2584,3361,95755,-9,-748.22,150.0,2027-10-09T17:04:52.644148,enviado,10,True
2585,4695,2934,-9,-748.22,150.0,2027-10-09T17:04:52.644148,enviado,,True
2586,4355,763,-9,100.0,150.0,2027-10-09T17:04:52.644148,pago,,True
2587,4387,4921,-9,-904.61,150.0,2027-10-09T17:04:52.644148,cancelado,,True
2588,97216,2368,-9,-904.61,150.0,2027-10-09T17:04:52.644148,enviado,,True
2589,4651,4332,-9,100.0,150.0,2027-10-09T17:04:52.644148,enviado,,True
2590,91498,755,-9,100.0,150.0,2027-10-09T17:04:52.644148,entregue,,True
2591,111,3341,-9,100.0,150.0,2027-10-09T17:04:52.644148,pendente,6,True
2592,1458,1340,-9,100.0,150.0,2027-10-09T17:04:52.644148,enviado,100,True
2593,976,2843,-3,100.0,150.0,2027-10-09T17:04:52.644148,enviado,100,True
2594,458,3974,-3,100.0,150.0,2027-10-09T17:04:52.644148,cancelado,10,True
2595,4469,94097,-3,100.0,150.0,2027-10-09T17:04:52.644148,pendente,10,True
2596,1020,98889,-3,100.0,150.0,2027-10-09T17:04:52.644148,enviado,10,True
2597,4057,2973,-3,100.0,150.0,2027-10-09T17:04:52.644148,cancelado,100,True
2598,2337,2300,-3,-251.57,150.0,2027-10-09T17:04:52.644148,entregue,100,True
2599,4112,520,-3,-251.57,150.0,2027-10-09T17:04:52.644358,pago,100,True
2600,3971,91409,-3,-251.57,150.0,2027-10-09T17:04:52.644358,pago,100,True
2601,1962,2350,-3,100.0,150.0,2027-10-09T17:04:52.644358,entregue,100,True
2602,3006,2022,-3,100.0,150.0,2027-10-09T17:04:52.644358,cancelado,100,True
2603,3742,2238,-3,-374.07,150.0,2027-10-09T17:04:52.644358,entregue,100,True
2604,1925,4479,-5,-374.07,150.0,2027-10-09T17:04:52.644358,entregue,100,True
2605,2259,4106,-5,100.0,150.0,2027-10-09T17:04:52.644358,pago,100,True
2606,952,1418,-5,100.0,150.0,2027-10-09T17:04:52.644358,enviado,100,True
2607,2655,96785,-5,100.0,150.0,2027-10-09T17:04:52.644358,cancelado,100,True
2608,2131,1116,-5,100.0,150.0,2027-10-09T17:04:52.644434,entregue,100,True
2609,4134,1905,-5,100.0,150.0,2027-10-09T17:04:52.644443,entregue,100,True
2610,3092,99437,-5,100.0,150.0,2027-10-09T17:04:52.644443,pendente,100,True
2611,663,3684,-5,100.0,150.0,2027-10-09T17:04:52.644443,pendente,-1,True
2612,16,98889,-5,100.0,150.0,2027-10-09T17:04:52.644443,pago,-1,True
2613,4050,94814,-5,100.0,150.0,2027-10-09T17:04:52.644443,pendente,-1,True
2614,3384,2929,-5,100.0,150.0,2027-10-09T17:04:52.644443,entregue,,True
2615,3874,2347,-5,100.0,150.0,2027-10-09T17:04:52.644493,entregue,,True
2616,4847,3000,-5,100.0,150.0,2027-10-09T17:04:52.644493,pago,,True
2617,3967,90526,-5,100.0,150.0,2027-10-09T17:04:52.644493,entregue,,True
2618,1207,1251,-5,-726.33,150.0,2027-10-09T17:04:52.644493,pago,,True
2619,2859,98755,-5,-726.33,150.0,2027-10-09T17:04:52.644493,pago,,True
2620,2717,2880,-5,100.0,150.0,2027-10-09T17:04:52.644493,enviado,,True
2621,4870,142,-5,100.0,150.0,2027-10-09T17:04:52.644543,pago,,True
2622,4870,1182,-5,100.0,150.0,2027-10-09T17:04:52.644543,entregue,-1,True
2623,3142,1986,-5,100.0,150.0,2027-10-09T17:04:52.644563,pendente,-1,True
2624,1786,2521,-6,100.0,150.0,2027-10-09T17:04:52.644563,cancelado,-1,True
2625,2154,674,-6,100.0,150.0,2027-10-09T17:04:52.644563,pago,6,True
2626,99504,519,-6,100.0,150.0,2027-10-09T17:04:52.644563,pago,6,True
2627,4586,1926,-6,100.0,150.0,2027-10-09T17:04:52.644597,pendente,6,True
2628,342,4866,-6,100.0,150.0,2027-10-09T17:04:52.644597,pago,6,True
2629,91085,138,-6,100.0,150.0,2027-10-09T17:04:52.644597,pendente,6,True
2630,2004,93989,-6,100.0,150.0,2027-10-09T17:04:52.644597,cancelado,6,True
2631,4466,96904,-6,100.0,150.0,2027-10-09T17:04:52.644597,pago,6,True
2632,3141,4854,-6,100.0,150.0,2027-10-09T17:04:52.644597,cancelado,6,True
2633,2035,687,-6,-263.39,150.0,2027-10-09T17:04:52.644597,enviado,6,True
2634,2044,3537,-6,-263.39,150.0,2027-10-09T17:04:52.644597,entregue,10,True
2635,4837,252,-6,-263.39,150.0,2027-10-09T17:04:52.644597,pago,10,True
2636,3367,4508,-6,-263.39,150.0,2027-10-09T17:04:52.644669,pago,10,True
2637,1565,3139,-6,-263.39,150.0,2027-10-09T17:04:52.644669,entregue,100,True
2638,2842,3167,-9,-263.39,150.0,2027-10-09T17:04:52.644669,enviado,100,True
2639,1140,1239,-5,-263.39,150.0,2027-10-09T17:04:52.644669,cancelado,100,True
2640,1211,90474,-5,-263.39,150.0,2027-10-09T17:04:52.644669,pago,100,True
2641,968,1541,-9,-263.39,150.0,2027-10-09T17:04:52.644669,cancelado,100,True
2642,4920,2612,-9,-329.46,150.0,2027-10-09T17:04:52.644669,pendente,100,True
2643,854,1324,-9,100.0,150.0,2027-10-09T17:04:52.644669,cancelado,100,True
2644,544,3666,-9,100.0,150.0,2027-10-09T17:04:52.644669,pendente,100,True
2645,3714,1575,-9,100.0,150.0,2027-10-09T17:04:52.644669,cancelado,6,True
2646,97925,22,-9,100.0,150.0,2027-10-09T17:04:52.644669,cancelado,6,True
2647,4187,1135,-9,100.0,150.0,2027-10-09T17:04:52.644669,pago,6,True
2648,4365,4252,-9,100.0,150.0,2027-10-09T17:04:52.644669,pago,6,True
2649,97709,499,-9,100.0,150.0,2027-10-09T17:04:52.644669,pendente,6,True
2650,1400,3136,-9,100.0,150.0,2027-10-09T17:04:52.644669,pendente,6,True
2651,4594,1167,-6,100.0,150.0,2027-10-09T17:04:52.644669,pago,6,True
2652,3917,3716,-6,100.0,150.0,2027-10-09T17:04:52.644804,pago,6,True
2653,3904,92219,-6,100.0,150.0,2027-10-09T17:04:52.644804,enviado,6,True
2654,3258,92,-6,100.0,150.0,2027-10-09T17:04:52.644822,cancelado,6,True
2655,3296,92207,-6,100.0,150.0,2027-10-09T17:04:52.644822,pendente,6,True
2656,95578,2695,-6,100.0,150.0,2027-10-09T17:04:52.644822,pendente,6,True
2657,189,283,-6,-84.8,150.0,2027-10-09T17:04:52.644822,pago,6,True
2658,2210,512,-6,-84.8,150.0,2027-10-09T17:04:52.644856,cancelado,6,True
2659,2156,4709,-6,-84.8,150.0,2027-10-09T17:04:52.644856,entregue,10,True
2660,1331,94014,-6,-84.8,150.0,2027-10-09T17:04:52.644856,entregue,10,True
2661,3385,2095,-6,-84.8,150.0,2027-10-09T17:04:52.644856,cancelado,,True
2662,92622,2320,-6,-84.8,150.0,2027-10-09T17:04:52.644856,cancelado,,True
2663,97440,4863,-6,-84.8,150.0,2027-10-09T17:04:52.644856,pago,,True
2664,3010,752,-6,-84.8,150.0,2027-10-09T17:04:52.644856,pago,10,True
2665,3413,3683,-9,-84.8,150.0,2027-10-09T17:04:52.644856,entregue,10,True
2666,4976,96766,-9,-84.8,150.0,2027-10-09T17:04:52.644856,enviado,10,True
2667,470,96701,-9,-84.8,150.0,2027-10-09T17:04:52.644856,enviado,10,True
2668,4163,1097,-9,100.0,150.0,2027-10-09T17:04:52.644856,entregue,10,True
2669,903,648,-10,100.0,150.0,2027-10-09T17:04:52.644856,pago,10,True
2670,2942,204,-1,100.0,150.0,2027-10-09T17:04:52.644856,pago,10,True
2671,1303,2103,-1,-810.89,150.0,2027-10-09T17:04:52.644856,entregue,10,True
2672,92059,3437,-1,-810.89,150.0,2027-10-09T17:04:52.644856,cancelado,10,True
2673,3920,1197,-1,-761.05,150.0,2027-10-09T17:04:52.644856,enviado,10,True
2674,4466,4418,-1,100.0,150.0,2027-10-09T17:04:52.644856,pendente,10,True
2675,831,1557,-1,100.0,150.0,2027-10-09T17:04:52.644856,pago,,True
2676,1445,3756,-1,100.0,150.0,2027-10-09T17:04:52.645005,pendente,,True
2677,3743,1997,-1,100.0,150.0,2027-10-09T17:04:52.645017,enviado,,True
2678,1239,94581,-1,100.0,150.0,2027-10-09T17:04:52.645017,enviado,,True
2679,4191,3583,-1,-416.96,150.0,2027-10-09T17:04:52.645017,cancelado,,True
2680,2504,1506,-1,-507.54,150.0,2027-10-09T17:04:52.645017,cancelado,,True
2681,4,4344,-2,-507.54,150.0,2027-10-09T17:04:52.645017,pendente,,True
2682,2444,2943,-2,-507.54,150.0,2027-10-09T17:04:52.645062,entregue,,True
2683,1090,3296,-2,100.0,150.0,2027-10-09T17:04:52.645062,entregue,,True
2684,93919,1459,-2,100.0,150.0,2027-10-09T17:04:52.645062,entregue,,True
2685,98302,4461,-2,100.0,150.0,2027-10-09T17:04:52.645062,pago,,True
2686,1003,3820,-2,-256.9,150.0,2027-10-09T17:04:52.645062,pago,,True
2687,3515,2598,-2,-419.2,150.0,2027-10-09T17:04:52.645062,cancelado,,True
2688,3372,4644,-2,-158.31,150.0,2027-10-09T17:04:52.645062,entregue,,True
2689,4667,3471,-6,-158.31,150.0,2027-10-09T17:04:52.645062,cancelado,,True
2690,1706,96405,-6,-158.31,150.0,2027-10-09T17:04:52.645062,entregue,,True
2691,1984,1744,-10,-158.31,150.0,2027-10-09T17:04:52.645062,cancelado,,True
2692,4337,4220,-10,-158.31,150.0,2027-10-09T17:04:52.645151,cancelado,,True
2693,1031,3635,-5,-158.31,150.0,2027-10-09T17:04:52.645151,cancelado,,True
2694,1950,2610,-5,-158.31,150.0,2027-10-09T17:04:52.645169,enviado,,True
2695,96254,1508,-5,-158.31,150.0,2027-10-09T17:04:52.645169,entregue,,True
2696,3458,92359,-5,-158.31,150.0,2027-10-09T17:04:52.645169,pago,,True
2697,322,4242,-5,-475.4,150.0,2027-10-09T17:04:52.645169,cancelado,,True
2698,4377,1015,-5,100.0,150.0,2027-10-09T17:04:52.645169,pago,,True
2699,3677,4901,-5,100.0,150.0,2027-10-09T17:04:52.645169,cancelado,,True
2700,4267,3172,-5,100.0,150.0,2027-10-09T17:04:52.645169,entregue,,True
2701,1901,4406,-5,100.0,150.0,2027-10-09T17:04:52.645169,cancelado,,True
2702,2425,4437,-5,100.0,150.0,2027-10-09T17:04:52.645236,entregue,,True
2703,2225,1209,-5,100.0,150.0,2027-10-09T17:04:52.645246,enviado,,True
2704,4596,92204,-5,100.0,150.0,2027-10-09T17:04:52.645246,pendente,,True
2705,2744,2796,-5,100.0,150.0,2027-10-09T17:04:52.645264,pendente,,True
2706,3386,94083,-5,100.0,150.0,2027-10-09T17:04:52.645264,pago,,True
2707,3085,2994,-9,100.0,150.0,2027-10-09T17:04:52.645264,entregue,,True
2708,2393,3627,-9,100.0,150.0,2027-10-09T17:04:52.645264,entregue,,True
2709,3382,3712,-9,100.0,150.0,2027-10-09T17:04:52.645264,entregue,6,True
2710,2382,4406,-9,100.0,150.0,2027-10-09T17:04:52.645264,pendente,6,True
2711,2535,895,-9,100.0,150.0,2027-10-09T17:04:52.645264,entregue,,True
2712,3224,91016,-9,100.0,150.0,2027-10-09T17:04:52.645264,pago,,True
2713,4962,2281,-9,100.0,150.0,2027-10-09T17:04:52.645332,entregue,,True
2714,98567,2296,-9,100.0,150.0,2027-10-09T17:04:52.645332,pendente,,True
2715,1788,2767,-9,100.0,150.0,2027-10-09T17:04:52.645332,enviado,,True
2716,2214,1036,-9,100.0,150.0,2027-10-09T17:04:52.645332,entregue,,True
2717,90884,2995,-9,100.0,150.0,2027-10-09T17:04:52.645332,entregue,,True
2718,2533,93989,-9,100.0,150.0,2027-10-09T17:04:52.645332,pago,,True
2719,323,2873,-9,100.0,150.0,2027-10-09T17:04:52.645332,enviado,6,True
2720,1997,4105,-9,100.0,150.0,2027-10-09T17:04:52.645391,enviado,6,True
2721,2428,1498,-8,100.0,150.0,2027-10-09T17:04:52.645391,enviado,6,True
2722,1883,1536,-8,100.0,150.0,2027-10-09T17:04:52.645409,cancelado,6,True
2723,1475,3154,-8,100.0,150.0,2027-10-09T17:04:52.645418,entregue,6,True
2724,4738,4609,-8,100.0,150.0,2027-10-09T17:04:52.645418,cancelado,6,True
2725,969,2993,-8,-276.87,150.0,2027-10-09T17:04:52.645418,entregue,6,True
2726,3591,2445,-8,100.0,150.0,2027-10-09T17:04:52.645418,enviado,6,True
2727,2990,1685,-8,100.0,150.0,2027-10-09T17:04:52.645418,cancelado,10,True
2728,783,3119,-8,100.0,150.0,2027-10-09T17:04:52.645459,pago,10,True
2729,1927,1766,-8,100.0,150.0,2027-10-09T17:04:52.645459,entregue,,True
2730,2450,702,-8,-237.95,150.0,2027-10-09T17:04:52.645459,pago,,True
2731,3507,2976,-8,-237.95,150.0,2027-10-09T17:04:52.645459,entregue,,True
2732,1168,837,-9,-237.95,150.0,2027-10-09T17:04:52.645459,cancelado,,True
2733,2154,3497,-9,100.0,150.0,2027-10-09T17:04:52.645459,enviado,,True
2734,945,4212,-9,100.0,150.0,2027-10-09T17:04:52.645508,pago,,True
2735,892,461,-9,-30.39,150.0,2027-10-09T17:04:52.645508,cancelado,,True
2736,3529,795,-9,-30.39,150.0,2027-10-09T17:04:52.645508,cancelado,,True
2737,1935,2580,-9,-30.39,150.0,2027-10-09T17:04:52.645508,cancelado,-1,True
2738,210,3891,-9,-189.41,150.0,2027-10-09T17:04:52.645508,entregue,-1,True
2739,118,3888,-9,100.0,150.0,2027-10-09T17:04:52.645508,cancelado,-1,True
2740,3172,4147,-9,-348.38,150.0,2027-10-09T17:04:52.645508,cancelado,-1,True
2741,955,239,-9,100.0,150.0,2027-10-09T17:04:52.645508,enviado,-1,True
2742,1694,4656,-9,100.0,150.0,2027-10-09T17:04:52.645577,cancelado,-1,True
2743,1384,4166,-9,100.0,150.0,2027-10-09T17:04:52.645577,pago,-1,True
2744,834,92223,-9,100.0,150.0,2027-10-09T17:04:52.645577,cancelado,-1,True
2745,3915,93523,-9,100.0,150.0,2027-10-09T17:04:52.645577,entregue,-1,True
2746,1294,94343,-9,100.0,150.0,2027-10-09T17:04:52.645577,cancelado,-1,True
2747,4294,483,-9,100.0,150.0,2027-10-09T17:04:52.645577,pago,-1,True
2748,2963,99954,-9,100.0,150.0,2027-10-09T17:04:52.645577,cancelado,-1,True
2749,322,1609,-9,100.0,150.0,2027-10-09T17:04:52.645577,cancelado,-1,True
2750,2405,902,-7,100.0,150.0,2027-10-09T17:04:52.645577,entregue,-1,True
2751,96572,4182,-7,100.0,150.0,2027-10-09T17:04:52.645577,entregue,-1,True
2752,2255,2768,-8,100.0,150.0,2027-10-09T17:04:52.645577,enviado,-1,True
2753,2001,474,-8,100.0,150.0,2027-10-09T17:04:52.645577,pendente,10,True
2754,2299,99872,-8,100.0,150.0,2027-10-09T17:04:52.645577,enviado,10,True
2755,2020,718,-8,100.0,150.0,2027-10-09T17:04:52.645577,entregue,10,True
2756,1086,2355,-4,100.0,150.0,2027-10-09T17:04:52.645577,entregue,10,True
2757,3500,3430,-4,-761.69,150.0,2027-10-09T17:04:52.645577,cancelado,10,True
2758,1745,4868,-4,-761.69,150.0,2027-10-09T17:04:52.645706,pago,10,True
2759,3869,716,-4,-761.69,150.0,2027-10-09T17:04:52.645718,enviado,10,True
2760,4137,623,-4,-761.69,150.0,2027-10-09T17:04:52.645718,enviado,10,True
2761,2677,146,-4,-761.69,150.0,2027-10-09T17:04:52.645718,cancelado,6,True
2762,4841,4413,-4,100.0,150.0,2027-10-09T17:04:52.645718,pendente,6,True
2763,820,3974,-4,100.0,150.0,2027-10-09T17:04:52.645718,pendente,6,True
2764,3148,2949,-4,100.0,150.0,2027-10-09T17:04:52.645759,entregue,6,True
2765,4594,1777,-2,100.0,150.0,2027-10-09T17:04:52.645759,pendente,6,True
2766,3252,2679,-6,100.0,150.0,2027-10-09T17:04:52.645759,enviado,6,True
2767,1451,3967,-4,100.0,150.0,2027-10-09T17:04:52.645759,cancelado,6,True
2768,1155,4424,-4,100.0,150.0,2027-10-09T17:04:52.645759,entregue,100,True
2769,668,1865,-4,-639.49,150.0,2027-10-09T17:04:52.645759,pago,100,True
2770,2193,1271,-4,-639.49,150.0,2027-10-09T17:04:52.645814,cancelado,100,True
2771,4991,4372,-4,100.0,150.0,2027-10-09T17:04:52.645814,pendente,100,True
2772,4723,505,-4,100.0,150.0,2027-10-09T17:04:52.645814,entregue,100,True
2773,1160,335,-10,100.0,150.0,2027-10-09T17:04:52.645814,pago,100,True
2774,3655,4205,-10,100.0,150.0,2027-10-09T17:04:52.645814,pago,100,True
2775,2685,90133,-10,100.0,150.0,2027-10-09T17:04:52.645814,entregue,100,True
2776,1080,1995,-10,-15.3,150.0,2027-10-09T17:04:52.645814,pago,100,True
2777,3178,1625,-10,-15.3,150.0,2027-10-09T17:04:52.645814,cancelado,6,True
2778,4535,2646,-3,-15.3,150.0,2027-10-09T17:04:52.645814,cancelado,6,True
2779,2797,1294,-3,100.0,150.0,2027-10-09T17:04:52.645814,pendente,6,True
2780,1589,3961,-3,100.0,150.0,2027-10-09T17:04:52.645814,cancelado,-1,True
2781,2967,2479,-3,-406.7,150.0,2027-10-09T17:04:52.645814,entregue,-1,True
2782,1723,3461,-3,100.0,150.0,2027-10-09T17:04:52.645814,cancelado,-1,True
2783,865,822,-6,100.0,150.0,2027-10-09T17:04:52.645814,enviado,-1,True
2784,3840,3111,-6,100.0,150.0,2027-10-09T17:04:52.645814,enviado,10,True
2785,2722,2713,-6,100.0,150.0,2027-10-09T17:04:52.645814,cancelado,10,True
2786,1818,4949,-2,100.0,150.0,2027-10-09T17:04:52.645814,pendente,10,True
2787,4777,2189,-2,100.0,150.0,2027-10-09T17:04:52.645814,enviado,10,True
2788,4355,3903,-2,100.0,150.0,2027-10-09T17:04:52.645814,cancelado,10,True
2789,685,4123,-6,100.0,150.0,2027-10-09T17:04:52.645814,pendente,10,True
2790,718,4804,-6,-922.52,150.0,2027-10-09T17:04:52.645814,enviado,10,True
2791,1424,1504,-2,-922.52,150.0,2027-10-09T17:04:52.645814,pago,10,True
2792,1924,1004,-2,-922.52,150.0,2027-10-09T17:04:52.645814,pendente,100,True
2793,4641,2650,-2,-922.52,150.0,2027-10-09T17:04:52.645814,cancelado,100,True
2794,2533,3776,-8,-922.52,150.0,2027-10-09T17:04:52.645814,pendente,100,True
2795,3741,693,-8,-922.52,150.0,2027-10-09T17:04:52.645814,pago,,True
2796,456,1887,-8,100.0,150.0,2027-10-09T17:04:52.645814,cancelado,,True
2797,3581,1307,-8,100.0,150.0,2027-10-09T17:04:52.645814,cancelado,-1,True
2798,96017,2528,-8,100.0,150.0,2027-10-09T17:04:52.645814,entregue,-1,True
2799,97741,467,-8,100.0,150.0,2027-10-09T17:04:52.645814,entregue,-1,True
2800,96590,4382,-8,100.0,150.0,2027-10-09T17:04:52.645814,pendente,-1,True
2801,2234,2154,-8,-567.4,150.0,2027-10-09T17:04:52.645814,pendente,-1,True
2802,2994,3056,-8,100.0,150.0,2027-10-09T17:04:52.645814,enviado,-1,True
2803,3967,93153,-8,100.0,150.0,2027-10-09T17:04:52.645814,pago,-1,True
2804,4912,2746,-8,100.0,150.0,2027-10-09T17:04:52.645814,pago,-1,True
2805,285,1301,-8,100.0,150.0,2027-10-09T17:04:52.645814,enviado,10,True
2806,3374,2267,-8,100.0,150.0,2027-10-09T17:04:52.645814,pendente,6,True
2807,3146,2739,-6,100.0,150.0,2027-10-09T17:04:52.645814,cancelado,6,True
2808,889,1827,-6,100.0,150.0,2027-10-09T17:04:52.645814,cancelado,6,True
2809,629,3320,-6,100.0,150.0,2027-10-09T17:04:52.645814,cancelado,-1,True
2810,496,4614,-6,-828.43,150.0,2027-10-09T17:04:52.645814,pago,-1,True
2811,798,3392,-6,-828.43,150.0,2027-10-09T17:04:52.645814,pago,-1,True
2812,582,4251,-8,-828.43,150.0,2027-10-09T17:04:52.645814,cancelado,-1,True
2813,3521,222,-8,100.0,150.0,2027-10-09T17:04:52.645814,enviado,-1,True
2814,450,311,-8,-594.3,150.0,2027-10-09T17:04:52.645814,enviado,-1,True
2815,1935,4584,-8,-594.3,150.0,2027-10-09T17:04:52.646267,cancelado,-1,True
2816,4143,442,-8,-594.3,150.0,2027-10-09T17:04:52.646267,pago,10,True
2817,2246,3509,-8,-594.3,150.0,2027-10-09T17:04:52.646267,enviado,10,True
2818,2061,1033,-1,-594.3,150.0,2027-10-09T17:04:52.646267,pago,10,True
2819,373,415,-1,-732.86,150.0,2027-10-09T17:04:52.646267,enviado,10,True
2820,209,2331,-1,-996.02,150.0,2027-10-09T17:04:52.646267,cancelado,10,True
2821,98504,3782,-1,-996.02,150.0,2027-10-09T17:04:52.646267,cancelado,10,True
2822,99946,4587,-1,-996.02,150.0,2027-10-09T17:04:52.646267,enviado,10,True
2823,90395,2963,-1,-996.02,150.0,2027-10-09T17:04:52.646267,cancelado,10,True
2824,4971,586,-1,100.0,150.0,2027-10-09T17:04:52.646267,pendente,10,True
2825,2955,91684,-1,100.0,150.0,2027-10-09T17:04:52.646267,pendente,10,True
2826,4893,871,-1,100.0,150.0,2027-10-09T17:04:52.646414,pago,10,True
2827,768,3359,-1,100.0,150.0,2027-10-09T17:04:52.646426,cancelado,10,True
2828,3404,4281,-5,100.0,150.0,2027-10-09T17:04:52.646426,pendente,10,True
2829,4148,4691,-2,100.0,150.0,2027-10-09T17:04:52.646426,entregue,10,True
2830,92183,340,-2,100.0,150.0,2027-10-09T17:04:52.646426,pago,10,True
2831,2650,4460,-2,-89.98,150.0,2027-10-09T17:04:52.646426,pendente,10,True
2832,4952,190,-2,-89.98,150.0,2027-10-09T17:04:52.646472,entregue,10,True
2833,3693,91357,-2,-89.98,150.0,2027-10-09T17:04:52.646472,entregue,10,True
2834,4066,92129,-2,-89.98,150.0,2027-10-09T17:04:52.646472,entregue,10,True
2835,3543,608,-2,100.0,150.0,2027-10-09T17:04:52.646472,enviado,10,True
2836,3,38,-2,100.0,150.0,2027-10-09T17:04:52.646472,entregue,10,True
2837,4078,3317,-7,100.0,150.0,2027-10-09T17:04:52.646472,enviado,10,True
2838,93486,3481,-7,100.0,150.0,2027-10-09T17:04:52.646472,entregue,10,True
2839,4672,92147,-7,100.0,150.0,2027-10-09T17:04:52.646472,entregue,10,True
2840,648,1547,-7,100.0,150.0,2027-10-09T17:04:52.646472,pendente,10,True
2841,3211,3952,-7,100.0,150.0,2027-10-09T17:04:52.646472,entregue,100,True
2842,1046,2296,-7,100.0,150.0,2027-10-09T17:04:52.646472,pago,-1,True
2843,98762,1403,-7,100.0,150.0,2027-10-09T17:04:52.646472,pago,-1,True
2844,4433,1795,-7,100.0,150.0,2027-10-09T17:04:52.647626,enviado,-1,True
2845,803,644,-4,100.0,150.0,2027-10-09T17:04:52.647626,cancelado,-1,True
2846,253,92033,-4,100.0,150.0,2027-10-09T17:04:52.647626,enviado,-1,True
2847,2391,3337,-4,-240.74,150.0,2027-10-09T17:04:52.647626,entregue,-1,True
2848,1678,3354,-4,-898.02,150.0,2027-10-09T17:04:52.647626,pago,-1,True
2849,714,2890,-4,-61.16,150.0,2027-10-09T17:04:52.647626,cancelado,-1,True
2850,1356,91243,-4,-61.16,150.0,2027-10-09T17:04:52.647626,entregue,-1,True
2851,94289,504,-4,-61.16,150.0,2027-10-09T17:04:52.647626,pago,-1,True
2852,1935,1508,-4,-61.16,150.0,2027-10-09T17:04:52.647626,cancelado,,True
2853,2768,1938,-7,-61.16,150.0,2027-10-09T17:04:52.647626,cancelado,,True
2854,81,94427,-7,-61.16,150.0,2027-10-09T17:04:52.647626,pendente,,True
2855,3609,969,-7,-61.16,150.0,2027-10-09T17:04:52.647723,pago,,True
2856,1393,3278,-7,100.0,150.0,2027-10-09T17:04:52.647723,entregue,,True
2857,1646,1700,-7,100.0,150.0,2027-10-09T17:04:52.647742,pago,,True
2858,507,4721,-10,100.0,150.0,2027-10-09T17:04:52.647742,pendente,,True
2859,986,96138,-10,100.0,150.0,2027-10-09T17:04:52.647742,pago,,True
2860,1663,2147,-10,100.0,150.0,2027-10-09T17:04:52.647767,pendente,,True
2861,4059,91981,-10,100.0,150.0,2027-10-09T17:04:52.647767,pendente,,True
2862,1140,3013,-10,100.0,150.0,2027-10-09T17:04:52.647767,cancelado,,True
2863,91102,4814,-10,100.0,150.0,2027-10-09T17:04:52.647767,entregue,,True
2864,4890,4030,-5,100.0,150.0,2027-10-09T17:04:52.647767,cancelado,,True
2865,3806,92917,-5,100.0,150.0,2027-10-09T17:04:52.647767,pendente,,True
2866,532,2268,-5,100.0,150.0,2027-10-09T17:04:52.647767,pago,6,True
2867,4371,1059,-5,100.0,150.0,2027-10-09T17:04:52.647767,pendente,6,True
2868,3610,1888,-2,100.0,150.0,2027-10-09T17:04:52.647767,pendente,6,True
2869,1618,3066,-2,-934.92,150.0,2027-10-09T17:04:52.647767,enviado,6,True
2870,3450,1851,-2,-934.92,150.0,2027-10-09T17:04:52.647767,entregue,6,True
2871,2342,3724,-2,-934.92,150.0,2027-10-09T17:04:52.647767,cancelado,10,True
2872,511,864,-2,100.0,150.0,2027-10-09T17:04:52.647767,cancelado,10,True
2873,4844,1777,-10,100.0,150.0,2027-10-09T17:04:52.647767,entregue,10,True
2874,3604,2870,-10,100.0,150.0,2027-10-09T17:04:52.647767,entregue,100,True
2875,2215,4894,-7,100.0,150.0,2027-10-09T17:04:52.647767,pago,100,True
2876,2550,302,-9,100.0,150.0,2027-10-09T17:04:52.647767,entregue,100,True
2877,370,3280,-9,100.0,150.0,2027-10-09T17:04:52.647907,cancelado,100,True
2878,2736,98798,-9,100.0,150.0,2027-10-09T17:04:52.647907,cancelado,100,True
2879,4395,2928,-9,-258.89,150.0,2027-10-09T17:04:52.647907,pago,100,True
2880,111,94141,-9,-258.89,150.0,2027-10-09T17:04:52.647907,pago,100,True
2881,3563,185,-9,-258.89,150.0,2027-10-09T17:04:52.647941,pago,100,True
2882,2681,1525,-9,-878.05,150.0,2027-10-09T17:04:52.647941,entregue,100,True
2883,4388,2907,-9,-878.05,150.0,2027-10-09T17:04:52.647960,entregue,100,True
2884,90079,4994,-9,-878.05,150.0,2027-10-09T17:04:52.647960,pendente,100,True
2885,1514,99874,-9,-878.05,150.0,2027-10-09T17:04:52.647960,enviado,100,True
2886,98396,2344,-9,-878.05,150.0,2027-10-09T17:04:52.647960,pago,100,True
2887,2338,2451,-9,-878.05,150.0,2027-10-09T17:04:52.647960,cancelado,100,True
2888,452,4902,-8,-878.05,150.0,2027-10-09T17:04:52.647960,enviado,100,True
2889,4206,3698,-4,-878.05,150.0,2027-10-09T17:04:52.647960,pago,100,True
2890,2588,3092,-2,-878.05,150.0,2027-10-09T17:04:52.647960,cancelado,100,True
2891,2965,1022,-2,-878.05,150.0,2027-10-09T17:04:52.647960,entregue,100,True
2892,3976,749,-2,100.0,150.0,2027-10-09T17:04:52.647960,pago,100,True
2893,98495,3600,-2,100.0,150.0,2027-10-09T17:04:52.647960,cancelado,100,True
2894,1614,4727,-2,100.0,150.0,2027-10-09T17:04:52.647960,enviado,6,True
2895,1165,92497,-2,100.0,150.0,2027-10-09T17:04:52.647960,pago,6,True
2896,1690,4958,-2,100.0,150.0,2027-10-09T17:04:52.647960,pendente,6,True
2897,168,1481,-2,-867.22,150.0,2027-10-09T17:04:52.647960,pago,6,True
2898,97103,2976,-2,-867.22,150.0,2027-10-09T17:04:52.647960,entregue,6,True
2899,3873,1169,-2,-566.03,150.0,2027-10-09T17:04:52.647960,entregue,6,True
2900,2667,4328,-2,-598.27,150.0,2027-10-09T17:04:52.647960,entregue,6,True
2901,95090,4189,-2,-598.27,150.0,2027-10-09T17:04:52.647960,pendente,6,True
2902,3243,294,-1,-598.27,150.0,2027-10-09T17:04:52.647960,entregue,6,True
2903,521,3600,-1,-598.27,150.0,2027-10-09T17:04:52.647960,pendente,-1,True
2904,799,4474,-1,-598.27,150.0,2027-10-09T17:04:52.648155,pendente,-1,True
2905,93112,3317,-1,-598.27,150.0,2027-10-09T17:04:52.648155,entregue,-1,True
2906,657,1928,-5,-598.27,150.0,2027-10-09T17:04:52.648155,entregue,-1,True
2907,2030,4954,-5,-551.45,150.0,2027-10-09T17:04:52.648155,pago,-1,True
2908,68,415,-5,100.0,150.0,2027-10-09T17:04:52.648155,pendente,-1,True
2909,2022,175,-5,100.0,150.0,2027-10-09T17:04:52.648199,entregue,-1,True
2910,3359,346,-5,100.0,150.0,2027-10-09T17:04:52.648209,enviado,-1,True
2911,1827,2278,-5,100.0,150.0,2027-10-09T17:04:52.648209,enviado,-1,True
2912,512,2707,-3,100.0,150.0,2027-10-09T17:04:52.648209,cancelado,-1,True
2913,684,4977,-3,100.0,150.0,2027-10-09T17:04:52.648209,cancelado,10,True
2914,57,2238,-3,-326.16,150.0,2027-10-09T17:04:52.648209,enviado,10,True
2915,1488,4487,-3,100.0,150.0,2027-10-09T17:04:52.648209,cancelado,10,True
2916,795,93113,-3,100.0,150.0,2027-10-09T17:04:52.648209,pago,10,True
2917,4465,3205,-3,-251.69,150.0,2027-10-09T17:04:52.648209,entregue,10,True
2918,2294,1702,-3,-735.96,150.0,2027-10-09T17:04:52.648209,cancelado,10,True
2919,3611,2799,-3,-117.24,150.0,2027-10-09T17:04:52.648209,pago,10,True
2920,4378,4841,-3,-117.24,150.0,2027-10-09T17:04:52.648298,cancelado,10,True
2921,96876,538,-3,-117.24,150.0,2027-10-09T17:04:52.648298,cancelado,10,True
2922,1548,4747,-3,-249.54,150.0,2027-10-09T17:04:52.648298,enviado,10,True
2923,857,98577,-3,-249.54,150.0,2027-10-09T17:04:52.648298,pago,10,True
2924,631,2377,-3,-249.54,150.0,2027-10-09T17:04:52.648340,pago,10,True
2925,3840,3211,-3,-249.54,150.0,2027-10-09T17:04:52.648340,cancelado,6,True
2926,628,353,-3,-249.54,150.0,2027-10-09T17:04:52.648340,pago,10,True
2927,95623,4609,-3,-249.54,150.0,2027-10-09T17:04:52.648340,pendente,10,True
2928,137,3225,-10,-249.54,150.0,2027-10-09T17:04:52.648340,pago,10,True
2929,4110,1179,-10,-249.54,150.0,2027-10-09T17:04:52.648383,pendente,10,True
2930,2981,361,-10,-249.54,150.0,2027-10-09T17:04:52.648393,entregue,10,True
2931,2279,692,-10,-249.54,150.0,2027-10-09T17:04:52.648402,pendente,10,True
2932,3564,22,-10,-249.54,150.0,2027-10-09T17:04:52.648402,enviado,10,True
2933,1190,2032,-10,-249.54,150.0,2027-10-09T17:04:52.648402,pendente,6,True
2934,2603,4702,-6,-249.54,150.0,2027-10-09T17:04:52.648402,entregue,6,True
2935,3131,2037,-8,-249.54,150.0,2027-10-09T17:04:52.648402,pendente,6,True
2936,1571,2080,-3,-249.54,150.0,2027-10-09T17:04:52.648402,entregue,6,True
2937,99170,4771,-3,-249.54,150.0,2027-10-09T17:04:52.648402,pendente,6,True
2938,1496,3918,-3,100.0,150.0,2027-10-09T17:04:52.648402,entregue,6,True
2939,3155,1041,-6,100.0,150.0,2027-10-09T17:04:52.648402,cancelado,6,True
2940,2566,1148,-6,-77.14,150.0,2027-10-09T17:04:52.648402,entregue,6,True
2941,873,97274,-6,-77.14,150.0,2027-10-09T17:04:52.648402,cancelado,6,True
2942,91235,664,-6,-77.14,150.0,2027-10-09T17:04:52.648402,pago,6,True
2943,971,2880,-4,-77.14,150.0,2027-10-09T17:04:52.648402,cancelado,6,True
2944,4867,853,-3,-77.14,150.0,2027-10-09T17:04:52.648402,entregue,6,True
2945,1685,2235,-3,-77.14,150.0,2027-10-09T17:04:52.648517,cancelado,6,True
2946,95237,2124,-3,-77.14,150.0,2027-10-09T17:04:52.648517,pago,6,True
2947,3799,97797,-3,-77.14,150.0,2027-10-09T17:04:52.648517,enviado,6,True
2948,913,2077,-3,-77.14,150.0,2027-10-09T17:04:52.648543,pendente,6,True
2949,99302,88,-3,-77.14,150.0,2027-10-09T17:04:52.648543,enviado,6,True
2950,97452,3171,-3,-77.14,150.0,2027-10-09T17:04:52.648543,entregue,6,True
2951,3926,1277,-3,-77.14,150.0,2027-10-09T17:04:52.648543,entregue,100,True
2952,1775,4051,-6,-77.14,150.0,2027-10-09T17:04:52.648543,enviado,100,True
2953,95874,287,-6,-77.14,150.0,2027-10-09T17:04:52.648543,cancelado,100,True
2954,1124,3515,-6,100.0,150.0,2027-10-09T17:04:52.648543,cancelado,100,True
2955,2965,2617,-7,100.0,150.0,2027-10-09T17:04:52.648543,pago,100,True
2956,93203,3490,-7,100.0,150.0,2027-10-09T17:04:52.648543,pendente,100,True
2957,4813,4768,-7,100.0,150.0,2027-10-09T17:04:52.648621,enviado,100,True
2958,4773,3366,-7,100.0,150.0,2027-10-09T17:04:52.648621,pendente,100,True
2959,2473,4383,-3,100.0,150.0,2027-10-09T17:04:52.648621,cancelado,100,True
2960,4283,2463,-8,100.0,150.0,2027-10-09T17:04:52.648621,entregue,100,True
2961,2618,95212,-8,100.0,150.0,2027-10-09T17:04:52.648621,cancelado,100,True
2962,3087,586,-8,100.0,150.0,2027-10-09T17:04:52.648663,pendente,100,True
2963,374,782,-8,100.0,150.0,2027-10-09T17:04:52.648663,enviado,10,True
2964,95295,2519,-8,100.0,150.0,2027-10-09T17:04:52.648663,enviado,10,True
2965,3751,94072,-8,100.0,150.0,2027-10-09T17:04:52.648663,pendente,10,True
2966,95390,3922,-8,100.0,150.0,2027-10-09T17:04:52.648663,pago,10,True
2967,1065,291,-8,100.0,150.0,2027-10-09T17:04:52.648663,enviado,6,True
2968,2938,2502,-1,100.0,150.0,2027-10-09T17:04:52.648663,pendente,6,True
2969,465,4936,-1,-225.44,150.0,2027-10-09T17:04:52.648663,enviado,6,True
2970,137,2286,-1,-225.44,150.0,2027-10-09T17:04:52.648663,entregue,,True
2971,1926,34,-1,-225.44,150.0,2027-10-09T17:04:52.648738,entregue,,True
2972,66,3282,-1,100.0,150.0,2027-10-09T17:04:52.648738,enviado,,True
2973,2865,3420,-1,100.0,150.0,2027-10-09T17:04:52.648758,enviado,,True
2974,4819,2243,-1,-735.02,150.0,2027-10-09T17:04:52.648758,enviado,,True
2975,4448,4663,-1,-956.27,150.0,2027-10-09T17:04:52.648758,pago,,True
2976,2705,3645,-1,-803.77,150.0,2027-10-09T17:04:52.648758,entregue,,True
2977,2141,4584,-1,100.0,150.0,2027-10-09T17:04:52.648758,entregue,,True
2978,2319,621,-1,100.0,150.0,2027-10-09T17:04:52.648758,cancelado,10,True
2979,3938,3472,-1,100.0,150.0,2027-10-09T17:04:52.648758,entregue,100,True
2980,4336,3409,-1,100.0,150.0,2027-10-09T17:04:52.648758,pendente,6,True
2981,4948,96953,-1,100.0,150.0,2027-10-09T17:04:52.648758,pendente,6,True
2982,2233,3391,-1,100.0,150.0,2027-10-09T17:04:52.648758,enviado,6,True
2983,2021,3287,-1,100.0,150.0,2027-10-09T17:04:52.648758,entregue,-1,True
2984,2083,2565,-1,100.0,150.0,2027-10-09T17:04:52.648758,pendente,10,True
2985,90202,2817,-1,100.0,150.0,2027-10-09T17:04:52.648758,cancelado,10,True
2986,2324,95672,-1,100.0,150.0,2027-10-09T17:04:52.648758,pendente,10,True
2987,2687,92128,-1,100.0,150.0,2027-10-09T17:04:52.648758,enviado,10,True
2988,2284,4824,-1,100.0,150.0,2027-10-09T17:04:52.648758,enviado,10,True
2989,3985,1509,-1,100.0,150.0,2027-10-09T17:04:52.648758,cancelado,10,True
2990,917,2537,-1,100.0,150.0,2027-10-09T17:04:52.648758,cancelado,10,True
2991,574,91129,-1,100.0,150.0,2027-10-09T17:04:52.648758,entregue,10,True
2992,4417,1678,-1,100.0,150.0,2027-10-09T17:04:52.648758,pendente,10,True
2993,1311,2797,-1,-72.71,150.0,2027-10-09T17:04:52.648758,cancelado,10,True
2994,1808,2997,-1,-72.71,150.0,2027-10-09T17:04:52.648932,entregue,10,True
2995,4044,2425,-1,-827.56,150.0,2027-10-09T17:04:52.648932,cancelado,10,True
2996,92046,742,-1,-827.56,150.0,2027-10-09T17:04:52.648932,pago,10,True
2997,95502,2467,-1,-827.56,150.0,2027-10-09T17:04:52.648932,cancelado,10,True
2998,97815,4954,-1,-827.56,150.0,2027-10-09T17:04:52.648932,cancelado,10,True
2999,93709,2153,-1,-827.56,150.0,2027-10-09T17:04:52.648932,entregue,10,True
3000,4576,4162,-1,-827.56,150.0,2027-10-09T17:04:52.648983,enviado,10,True
3001,2544,3781,-1,-827.56,150.0,2027-10-09T17:04:52.648983,enviado,100,True
3002,4455,2637,-1,-827.56,150.0,2027-10-09T17:04:52.648983,pago,100,True
3003,1193,4627,-1,100.0,150.0,2027-10-09T17:04:52.648983,pago,100,True
3004,1472,1904,-9,100.0,150.0,2027-10-09T17:04:52.648983,enviado,100,True
3005,4285,3316,-9,100.0,150.0,2027-10-09T17:04:52.649049,pendente,100,True
3006,1877,326,-9,100.0,150.0,2027-10-09T17:04:52.649060,pago,100,True
3007,3949,893,-9,-602.87,150.0,2027-10-09T17:04:52.649060,entregue,100,True
3008,4947,3347,-9,-766.42,150.0,2027-10-09T17:04:52.649060,enviado,100,True
3009,2534,4624,-8,-766.42,150.0,2027-10-09T17:04:52.649060,entregue,100,True
3010,4943,94450,-8,-766.42,150.0,2027-10-09T17:04:52.649060,pendente,100,True
3011,2725,1996,-8,100.0,150.0,2027-10-09T17:04:52.649060,pendente,100,True
3012,4361,2944,-8,100.0,150.0,2027-10-09T17:04:52.649113,pago,100,True
3013,2565,4509,-8,100.0,150.0,2027-10-09T17:04:52.649113,enviado,10,True
3014,93304,516,-8,100.0,150.0,2027-10-09T17:04:52.649113,pendente,10,True
3015,2330,2512,-8,100.0,150.0,2027-10-09T17:04:52.649139,enviado,10,True
3016,2923,681,-8,100.0,150.0,2027-10-09T17:04:52.649148,pendente,10,True
3017,94084,3409,-8,100.0,150.0,2027-10-09T17:04:52.649148,pendente,10,True
3018,3293,2698,-8,100.0,150.0,2027-10-09T17:04:52.649148,pago,100,True
3019,3212,2348,-8,100.0,150.0,2027-10-09T17:04:52.649174,pago,100,True
3020,2946,417,-8,100.0,150.0,2027-10-09T17:04:52.649174,pago,100,True
3021,2614,4787,-8,100.0,150.0,2027-10-09T17:04:52.649174,enviado,,True
3022,3614,2984,-8,100.0,150.0,2027-10-09T17:04:52.649174,entregue,100,True
3023,1011,1693,-8,100.0,150.0,2027-10-09T17:04:52.649174,pago,100,True
3024,99915,3159,-8,100.0,150.0,2027-10-09T17:04:52.649174,pendente,100,True
3025,516,91764,-8,100.0,150.0,2027-10-09T17:04:52.649174,enviado,100,True
3026,3960,729,-8,100.0,150.0,2027-10-09T17:04:52.649230,entregue,100,True
3027,2686,1099,-9,100.0,150.0,2027-10-09T17:04:52.649230,enviado,100,True
3028,94970,4110,-9,100.0,150.0,2027-10-09T17:04:52.649230,pago,100,True
3029,1513,313,-9,-130.27,150.0,2027-10-09T17:04:52.649230,enviado,100,True
3030,837,93191,-9,-130.27,150.0,2027-10-09T17:04:52.649230,pago,100,True
3031,4482,3986,-9,-180.23,150.0,2027-10-09T17:04:52.649230,cancelado,100,True
3032,2026,90611,-9,-180.23,150.0,2027-10-09T17:04:52.649230,pago,100,True
3033,3324,3336,-2,-180.23,150.0,2027-10-09T17:04:52.649230,enviado,100,True
3034,1076,3702,-6,-180.23,150.0,2027-10-09T17:04:52.649230,enviado,100,True
3035,2842,4121,-6,-180.23,150.0,2027-10-09T17:04:52.649309,enviado,100,True
3036,1867,1099,-6,100.0,150.0,2027-10-09T17:04:52.649309,pago,100,True
3037,1520,93213,-6,100.0,150.0,2027-10-09T17:04:52.649309,cancelado,100,True
3038,4429,4060,-6,100.0,150.0,2027-10-09T17:04:52.649309,entregue,100,True
3039,77,93796,-6,100.0,150.0,2027-10-09T17:04:52.649309,pendente,100,True
3040,98128,200,-6,100.0,150.0,2027-10-09T17:04:52.649309,entregue,100,True
3041,151,2644,-6,100.0,150.0,2027-10-09T17:04:52.649309,enviado,100,True
3042,1105,2836,-6,100.0,150.0,2027-10-09T17:04:52.649367,pago,100,True
3043,4078,4247,-6,100.0,150.0,2027-10-09T17:04:52.649367,cancelado,-1,True
3044,93133,2103,-6,100.0,150.0,2027-10-09T17:04:52.649367,pendente,-1,True
3045,678,2502,-6,100.0,150.0,2027-10-09T17:04:52.649367,cancelado,-1,True
3046,3788,3172,-9,100.0,150.0,2027-10-09T17:04:52.649367,cancelado,-1,True
3047,3906,3961,-3,100.0,150.0,2027-10-09T17:04:52.649367,pago,-1,True
3048,3897,3215,-3,100.0,150.0,2027-10-09T17:04:52.649367,pago,-1,True
3049,3236,4488,-3,100.0,150.0,2027-10-09T17:04:52.649424,pago,-1,True
3050,2117,99004,-3,100.0,150.0,2027-10-09T17:04:52.649424,entregue,-1,True
3051,1531,91639,-3,100.0,150.0,2027-10-09T17:04:52.649424,pago,-1,True
3052,4872,2385,-3,-44.65,150.0,2027-10-09T17:04:52.649424,enviado,-1,True
3053,3455,1040,-3,100.0,150.0,2027-10-09T17:04:52.649424,pago,-1,True
3054,1473,2083,-1,100.0,150.0,2027-10-09T17:04:52.649424,enviado,-1,True
3055,2847,4516,-1,100.0,150.0,2027-10-09T17:04:52.649424,enviado,-1,True
3056,1268,4754,-1,100.0,150.0,2027-10-09T17:04:52.649484,enviado,-1,True
3057,4931,1127,-1,100.0,150.0,2027-10-09T17:04:52.649484,enviado,-1,True
3058,1274,2211,-1,-233.32,150.0,2027-10-09T17:04:52.649484,enviado,-1,True
3059,2981,679,-1,-233.32,150.0,2027-10-09T17:04:52.649484,cancelado,100,True
3060,98748,2319,-1,-233.32,150.0,2027-10-09T17:04:52.649484,pendente,100,True
3061,1517,3530,-1,100.0,150.0,2027-10-09T17:04:52.649484,cancelado,100,True
3062,609,1325,-1,100.0,150.0,2027-10-09T17:04:52.649484,cancelado,,True
3063,3960,3666,-1,100.0,150.0,2027-10-09T17:04:52.649484,pago,,True
3064,4804,2709,-1,100.0,150.0,2027-10-09T17:04:52.649549,enviado,,True
3065,3189,17,-1,100.0,150.0,2027-10-09T17:04:52.649549,pendente,-1,True
3066,3321,580,-1,100.0,150.0,2027-10-09T17:04:52.649567,cancelado,-1,True
3067,3194,479,-1,100.0,150.0,2027-10-09T17:04:52.649567,enviado,-1,True
3068,3521,2551,-1,-460.73,150.0,2027-10-09T17:04:52.649567,enviado,-1,True
3069,4881,841,-5,-460.73,150.0,2027-10-09T17:04:52.649567,pendente,-1,True
3070,1182,2077,-5,-460.73,150.0,2027-10-09T17:04:52.649601,enviado,-1,True
3071,2598,750,-5,-460.73,150.0,2027-10-09T17:04:52.649601,pendente,,True
3072,178,1847,-5,-851.24,150.0,2027-10-09T17:04:52.649601,entregue,,True
3073,4643,1672,-5,-851.24,150.0,2027-10-09T17:04:52.649601,pago,-1,True
3074,3858,3872,-1,-851.24,150.0,2027-10-09T17:04:52.649601,pago,-1,True
3075,98624,1487,-1,-851.24,150.0,2027-10-09T17:04:52.649601,pago,-1,True
3076,1602,1580,-1,100.0,150.0,2027-10-09T17:04:52.649601,enviado,-1,True
3077,4977,1115,-8,100.0,150.0,2027-10-09T17:04:52.649601,pago,-1,True
3078,3101,2383,-10,100.0,150.0,2027-10-09T17:04:52.649601,entregue,-1,True
3079,1440,4762,-10,100.0,150.0,2027-10-09T17:04:52.649601,entregue,100,True
3080,1103,1473,-10,100.0,150.0,2027-10-09T17:04:52.649686,enviado,100,True
3081,4004,816,-10,100.0,150.0,2027-10-09T17:04:52.649686,enviado,100,True
3082,2585,4270,-10,100.0,150.0,2027-10-09T17:04:52.649686,entregue,100,True
3083,2399,309,-10,100.0,150.0,2027-10-09T17:04:52.649686,enviado,100,True
3084,3184,53,-10,-981.22,150.0,2027-10-09T17:04:52.649686,entregue,100,True
3085,96528,133,-10,-981.22,150.0,2027-10-09T17:04:52.649686,enviado,100,True
3086,2660,1220,-7,-981.22,150.0,2027-10-09T17:04:52.649686,entregue,100,True
3087,3250,90237,-7,-981.22,150.0,2027-10-09T17:04:52.649686,pago,100,True
3088,1579,427,-7,-849.7,150.0,2027-10-09T17:04:52.649686,pago,100,True
3089,98841,1696,-7,-849.7,150.0,2027-10-09T17:04:52.649686,cancelado,100,True
3090,3971,95761,-7,-849.7,150.0,2027-10-09T17:04:52.649686,enviado,100,True
3091,90417,1262,-7,-849.7,150.0,2027-10-09T17:04:52.649686,enviado,100,True
3092,3587,4812,-2,-849.7,150.0,2027-10-09T17:04:52.649686,pendente,100,True
3093,1017,98127,-2,-849.7,150.0,2027-10-09T17:04:52.649686,pago,100,True
3094,2896,2733,-2,-849.7,150.0,2027-10-09T17:04:52.649808,pago,100,True
3095,356,1819,-2,100.0,150.0,2027-10-09T17:04:52.649808,entregue,100,True
3096,1894,2644,-2,100.0,150.0,2027-10-09T17:04:52.649826,pendente,100,True
3097,350,1489,-2,100.0,150.0,2027-10-09T17:04:52.649836,enviado,100,True
3098,812,3990,-2,-548.91,150.0,2027-10-09T17:04:52.649836,cancelado,100,True
3099,4901,2958,-2,-548.91,150.0,2027-10-09T17:04:52.649836,enviado,-1,True
3100,99996,1143,-2,-548.91,150.0,2027-10-09T17:04:52.649836,entregue,-1,True
3101,4429,92512,-2,-548.91,150.0,2027-10-09T17:04:52.649836,cancelado,-1,True
3102,3445,771,-2,-548.91,150.0,2027-10-09T17:04:52.649836,pago,-1,True
3103,2185,3242,-2,-727.03,150.0,2027-10-09T17:04:52.649836,cancelado,-1,True
3104,1735,1279,-2,-127.34,150.0,2027-10-09T17:04:52.649836,entregue,-1,True
3105,3589,518,-2,-127.34,150.0,2027-10-09T17:04:52.649836,pago,6,True
3106,1183,4856,-2,-127.34,150.0,2027-10-09T17:04:52.649911,enviado,6,True
3107,4548,99475,-2,-127.34,150.0,2027-10-09T17:04:52.649911,pago,6,True
3108,1531,3359,-2,100.0,150.0,2027-10-09T17:04:52.649911,enviado,6,True
3109,804,1510,-2,-277.07,150.0,2027-10-09T17:04:52.649911,pendente,6,True
3110,3296,937,-2,-481.9,150.0,2027-10-09T17:04:52.649911,pago,6,True
3111,2443,4209,-2,100.0,150.0,2027-10-09T17:04:52.649911,pago,6,True
3112,90036,4797,-2,100.0,150.0,2027-10-09T17:04:52.649911,pendente,6,True
3113,3494,3323,-2,-743.63,150.0,2027-10-09T17:04:52.649911,cancelado,6,True
3114,4246,445,-2,-743.63,150.0,2027-10-09T17:04:52.649982,cancelado,6,True
3115,1745,605,-2,-492.59,150.0,2027-10-09T17:04:52.649982,entregue,6,True
3116,938,2528,-2,-389.79,150.0,2027-10-09T17:04:52.649982,entregue,6,True
3117,4147,805,-1,-389.79,150.0,2027-10-09T17:04:52.649982,enviado,6,True
3118,97174,3715,-1,-389.79,150.0,2027-10-09T17:04:52.649982,entregue,6,True
3119,4990,2282,-2,-389.79,150.0,2027-10-09T17:04:52.649982,pendente,6,True
3120,3428,1873,-2,-389.79,150.0,2027-10-09T17:04:52.650033,enviado,6,True
3121,4640,3473,-2,-548.77,150.0,2027-10-09T17:04:52.650033,entregue,6,True
3122,3775,1548,-2,100.0,150.0,2027-10-09T17:04:52.650033,pendente,6,True
3123,3749,3004,-2,100.0,150.0,2027-10-09T17:04:52.650033,pago,100,True
3124,2736,1412,-2,100.0,150.0,2027-10-09T17:04:52.650067,entregue,100,True
3125,4698,4660,-2,100.0,150.0,2027-10-09T17:04:52.650076,enviado,100,True
3126,2188,96,-2,-909.64,150.0,2027-10-09T17:04:52.650076,enviado,100,True
3127,4192,4140,-2,-889.05,150.0,2027-10-09T17:04:52.650076,pago,100,True
3128,4100,4593,-2,-370.43,150.0,2027-10-09T17:04:52.650076,enviado,100,True
3129,1644,90396,-2,-370.43,150.0,2027-10-09T17:04:52.650076,pendente,100,True
3130,1374,1790,-2,-370.43,150.0,2027-10-09T17:04:52.650124,entregue,100,True
3131,4711,3405,-2,100.0,150.0,2027-10-09T17:04:52.650124,enviado,100,True
3132,4403,3374,-2,-533.71,150.0,2027-10-09T17:04:52.650124,pago,100,True
3133,157,4821,-2,-533.71,150.0,2027-10-09T17:04:52.650150,pendente,100,True
3134,356,2289,-4,-533.71,150.0,2027-10-09T17:04:52.650150,cancelado,100,True
3135,4995,748,-4,-533.71,150.0,2027-10-09T17:04:52.650168,entregue,100,True
3136,1311,2703,-4,-321.64,150.0,2027-10-09T17:04:52.650168,entregue,100,True
3137,196,55,-4,-321.64,150.0,2027-10-09T17:04:52.650168,pendente,,True
3138,3871,99760,-4,-321.64,150.0,2027-10-09T17:04:52.650168,entregue,,True
3139,372,566,-4,-108.25,150.0,2027-10-09T17:04:52.650168,enviado,,True
3140,934,889,-4,-728.61,150.0,2027-10-09T17:04:52.650168,pendente,,True
3141,882,2304,-4,-728.61,150.0,2027-10-09T17:04:52.650220,pendente,,True
3142,1059,2443,-4,-972.2,150.0,2027-10-09T17:04:52.650220,cancelado,,True
3143,3765,3473,-4,-972.2,150.0,2027-10-09T17:04:52.650220,entregue,10,True
3144,2613,2580,-4,-483.39,150.0,2027-10-09T17:04:52.650220,pago,10,True
3145,1091,2625,-9,-483.39,150.0,2027-10-09T17:04:52.650220,pago,10,True
3146,2675,3273,-9,-483.39,150.0,2027-10-09T17:04:52.650263,entregue,10,True
3147,1066,2588,-10,-483.39,150.0,2027-10-09T17:04:52.650263,pendente,10,True
3148,4217,613,-10,100.0,150.0,2027-10-09T17:04:52.650263,pago,10,True
3149,544,648,-2,100.0,150.0,2027-10-09T17:04:52.650263,pendente,10,True
3150,1364,3826,-2,-621.78,150.0,2027-10-09T17:04:52.650263,pendente,10,True
3151,4146,1274,-2,-705.49,150.0,2027-10-09T17:04:52.650263,pago,10,True
3152,2279,1171,-2,-432.55,150.0,2027-10-09T17:04:52.650263,pago,10,True
3153,99341,3106,-2,-432.55,150.0,2027-10-09T17:04:52.650263,enviado,10,True
3154,216,95438,-2,-432.55,150.0,2027-10-09T17:04:52.650263,entregue,10,True
3155,1998,91422,-2,-432.55,150.0,2027-10-09T17:04:52.650263,enviado,10,True
3156,4372,91750,-2,-432.55,150.0,2027-10-09T17:04:52.650263,entregue,10,True
3157,2062,4171,-2,-756.36,150.0,2027-10-09T17:04:52.650263,pendente,10,True
3158,91941,3140,-2,-756.36,150.0,2027-10-09T17:04:52.650263,cancelado,10,True
3159,3713,737,-2,-756.36,150.0,2027-10-09T17:04:52.650263,cancelado,6,True
3160,2767,4458,-7,-756.36,150.0,2027-10-09T17:04:52.650263,enviado,6,True
3161,1688,90354,-7,-756.36,150.0,2027-10-09T17:04:52.650263,entregue,6,True
3162,4847,193,-6,-756.36,150.0,2027-10-09T17:04:52.650263,enviado,6,True
3163,90781,2540,-6,-756.36,150.0,2027-10-09T17:04:52.650263,enviado,6,True
3164,232,4645,-6,-756.36,150.0,2027-10-09T17:04:52.650263,entregue,10,True
3165,4073,94373,-6,-756.36,150.0,2027-10-09T17:04:52.650263,enviado,10,True
3166,3131,2888,-6,100.0,150.0,2027-10-09T17:04:52.650263,pago,10,True
3167,2031,1241,-6,-339.52,150.0,2027-10-09T17:04:52.650263,entregue,10,True
3168,828,3945,-6,-339.52,150.0,2027-10-09T17:04:52.650462,cancelado,10,True
3169,2784,164,-6,100.0,150.0,2027-10-09T17:04:52.650462,cancelado,10,True
3170,2965,3341,-6,-825.11,150.0,2027-10-09T17:04:52.650462,pendente,10,True
3171,2866,2415,-2,-825.11,150.0,2027-10-09T17:04:52.650462,enviado,10,True
3172,273,1685,-4,-825.11,150.0,2027-10-09T17:04:52.650462,enviado,10,True
3173,1776,439,-4,100.0,150.0,2027-10-09T17:04:52.650462,enviado,10,True
3174,906,298,-9,100.0,150.0,2027-10-09T17:04:52.650462,enviado,10,True
3175,3561,663,-9,100.0,150.0,2027-10-09T17:04:52.650462,enviado,10,True
3176,3189,3930,-9,-693.5,150.0,2027-10-09T17:04:52.650462,pago,10,True
3177,99281,3491,-9,-693.5,150.0,2027-10-09T17:04:52.650462,enviado,10,True
3178,93043,1606,-9,-693.5,150.0,2027-10-09T17:04:52.650462,enviado,10,True
3179,1039,1012,-9,-693.5,150.0,2027-10-09T17:04:52.650462,cancelado,100,True
3180,2661,3747,-5,-693.5,150.0,2027-10-09T17:04:52.650462,pago,100,True
3181,4510,4501,-5,-693.5,150.0,2027-10-09T17:04:52.650570,entregue,100,True
3182,97953,1373,-5,-693.5,150.0,2027-10-09T17:04:52.650570,pendente,100,True
3183,360,1307,-5,-693.5,150.0,2027-10-09T17:04:52.650587,cancelado,100,True
3184,2523,953,-5,-693.5,150.0,2027-10-09T17:04:52.650587,pendente,,True
3185,3048,3845,-5,-693.5,150.0,2027-10-09T17:04:52.650587,enviado,,True
3186,1690,14,-9,-693.5,150.0,2027-10-09T17:04:52.650587,pago,,True
3187,3625,2073,-9,100.0,150.0,2027-10-09T17:04:52.650587,pendente,,True
3188,4987,2978,-9,100.0,150.0,2027-10-09T17:04:52.650587,entregue,10,True
3189,1623,3123,-9,-43.59,150.0,2027-10-09T17:04:52.650587,pendente,10,True
3190,1370,3392,-9,100.0,150.0,2027-10-09T17:04:52.650587,enviado,10,True
3191,1659,3929,-9,100.0,150.0,2027-10-09T17:04:52.650659,entregue,10,True
3192,312,3317,-8,100.0,150.0,2027-10-09T17:04:52.650659,enviado,10,True
3193,2452,1953,-8,100.0,150.0,2027-10-09T17:04:52.650676,entregue,10,True
3194,92060,3847,-8,100.0,150.0,2027-10-09T17:04:52.650676,enviado,10,True
3195,3876,92239,-8,100.0,150.0,2027-10-09T17:04:52.650676,entregue,10,True
3196,1101,1431,-8,100.0,150.0,2027-10-09T17:04:52.650676,pendente,10,True
3197,1797,3018,-8,100.0,150.0,2027-10-09T17:04:52.650676,cancelado,10,True
3198,95216,4482,-8,100.0,150.0,2027-10-09T17:04:52.650676,entregue,10,True
3199,1954,1412,-8,100.0,150.0,2027-10-09T17:04:52.650676,enviado,-1,True
3200,66,458,-8,100.0,150.0,2027-10-09T17:04:52.650676,pendente,-1,True
3201,4043,3272,-8,100.0,150.0,2027-10-09T17:04:52.650745,cancelado,-1,True
3202,825,98868,-8,100.0,150.0,2027-10-09T17:04:52.650745,pago,-1,True
3203,93708,4199,-8,100.0,150.0,2027-10-09T17:04:52.650745,pago,-1,True
3204,3224,2220,-8,100.0,150.0,2027-10-09T17:04:52.650745,entregue,100,True
3205,52,635,-8,100.0,150.0,2027-10-09T17:04:52.650779,pago,100,True
3206,98479,2804,-8,100.0,150.0,2027-10-09T17:04:52.650779,cancelado,100,True
3207,4615,843,-8,100.0,150.0,2027-10-09T17:04:52.650779,entregue,100,True
3208,2625,92982,-8,100.0,150.0,2027-10-09T17:04:52.650779,enviado,100,True
3209,599,2257,-8,100.0,150.0,2027-10-09T17:04:52.650779,cancelado,100,True
3210,3079,92443,-8,100.0,150.0,2027-10-09T17:04:52.650779,entregue,100,True
3211,2484,751,-8,-547.52,150.0,2027-10-09T17:04:52.650779,entregue,100,True
3212,1435,852,-7,-547.52,150.0,2027-10-09T17:04:52.650779,enviado,100,True
3213,1893,4390,-7,-547.52,150.0,2027-10-09T17:04:52.650779,enviado,100,True
3214,4870,1186,-7,-547.52,150.0,2027-10-09T17:04:52.650779,enviado,,True
3215,1538,3762,-7,100.0,150.0,2027-10-09T17:04:52.650779,enviado,,True
3216,4474,1213,-6,100.0,150.0,2027-10-09T17:04:52.650779,pendente,,True
3217,93108,2127,-6,100.0,150.0,2027-10-09T17:04:52.650779,pendente,,True
3218,774,1366,-7,100.0,150.0,2027-10-09T17:04:52.650779,enviado,,True
3219,1211,3806,-7,100.0,150.0,2027-10-09T17:04:52.650779,pago,,True
3220,91102,696,-7,100.0,150.0,2027-10-09T17:04:52.650779,enviado,,True
3221,1214,1549,-7,100.0,150.0,2027-10-09T17:04:52.650779,pendente,10,True
3222,4950,99169,-7,100.0,150.0,2027-10-09T17:04:52.650779,cancelado,10,True
3223,4498,2552,-7,100.0,150.0,2027-10-09T17:04:52.650779,enviado,10,True
3224,3391,90303,-7,100.0,150.0,2027-10-09T17:04:52.650779,entregue,10,True
3225,2189,95339,-7,100.0,150.0,2027-10-09T17:04:52.650779,cancelado,10,True
3226,3525,990,-7,100.0,150.0,2027-10-09T17:04:52.650779,pago,10,True
3227,3799,4553,-7,-407.75,150.0,2027-10-09T17:04:52.650779,pendente,10,True
3228,3111,3237,-7,-407.75,150.0,2027-10-09T17:04:52.650779,pago,6,True
3229,3790,3037,-7,-407.75,150.0,2027-10-09T17:04:52.650779,pago,,True
3230,4042,3366,-7,100.0,150.0,2027-10-09T17:04:52.650779,pendente,,True
3231,1257,813,-7,100.0,150.0,2027-10-09T17:04:52.650779,pago,,True
3232,2814,2885,-7,100.0,150.0,2027-10-09T17:04:52.650779,pago,10,True
3233,517,4965,-7,-669.92,150.0,2027-10-09T17:04:52.650779,enviado,10,True
3234,4840,1708,-7,100.0,150.0,2027-10-09T17:04:52.650779,cancelado,10,True
3235,96139,1150,-7,100.0,150.0,2027-10-09T17:04:52.650779,cancelado,10,True
3236,3424,3570,-7,100.0,150.0,2027-10-09T17:04:52.650779,pendente,10,True
3237,2007,219,-7,100.0,150.0,2027-10-09T17:04:52.650779,entregue,10,True
3238,181,2887,-7,100.0,150.0,2027-10-09T17:04:52.651093,entregue,10,True
3239,4971,91204,-7,100.0,150.0,2027-10-09T17:04:52.651093,enviado,10,True
3240,2038,3950,-7,100.0,150.0,2027-10-09T17:04:52.651093,enviado,10,True
3241,96754,4773,-7,100.0,150.0,2027-10-09T17:04:52.651093,pago,10,True
3242,3521,409,-7,100.0,150.0,2027-10-09T17:04:52.651093,cancelado,6,True
3243,96490,1015,-7,100.0,150.0,2027-10-09T17:04:52.651093,pendente,6,True
3244,2424,743,-7,100.0,150.0,2027-10-09T17:04:52.651148,pago,6,True
3245,98218,418,-7,100.0,150.0,2027-10-09T17:04:52.651148,cancelado,6,True
3246,4588,622,-9,100.0,150.0,2027-10-09T17:04:52.651148,pago,6,True
3247,99401,41,-9,100.0,150.0,2027-10-09T17:04:52.651148,entregue,6,True
3248,3323,94750,-9,100.0,150.0,2027-10-09T17:04:52.651148,enviado,6,True
3249,3528,1326,-9,-382.41,150.0,2027-10-09T17:04:52.651148,pendente,6,True
3250,2095,4994,-9,-954.79,150.0,2027-10-09T17:04:52.651148,pendente,6,True
3251,679,90855,-9,-954.79,150.0,2027-10-09T17:04:52.651148,entregue,6,True
3252,3738,4216,-9,-954.79,150.0,2027-10-09T17:04:52.651231,enviado,6,True
3253,4936,3436,-6,-954.79,150.0,2027-10-09T17:04:52.651231,pago,6,True
3254,4472,98911,-6,-954.79,150.0,2027-10-09T17:04:52.651231,entregue,6,True
3255,96487,4730,-6,-954.79,150.0,2027-10-09T17:04:52.651231,pendente,6,True
3256,1126,2341,-6,-954.79,150.0,2027-10-09T17:04:52.651231,entregue,,True
3257,1540,890,-6,-954.79,150.0,2027-10-09T17:04:52.651273,enviado,,True
3258,2448,4438,-9,-954.79,150.0,2027-10-09T17:04:52.651273,pago,,True
3259,1292,1000,-1,-954.79,150.0,2027-10-09T17:04:52.651273,entregue,,True
3260,15,3312,-1,-888.01,150.0,2027-10-09T17:04:52.651273,cancelado,,True
3261,522,2796,-3,-888.01,150.0,2027-10-09T17:04:52.651273,pendente,,True
3262,4490,91947,-3,-888.01,150.0,2027-10-09T17:04:52.651273,pendente,,True
3263,91066,1944,-3,-888.01,150.0,2027-10-09T17:04:52.651273,entregue,,True
3264,2758,97601,-3,-888.01,150.0,2027-10-09T17:04:52.651273,pago,,True
3265,1219,3595,-3,-888.01,150.0,2027-10-09T17:04:52.651341,pendente,,True
3266,3598,203,-3,100.0,150.0,2027-10-09T17:04:52.651341,pendente,,True
3267,1132,4650,-3,100.0,150.0,2027-10-09T17:04:52.651341,pago,,True
3268,3481,2012,-2,100.0,150.0,2027-10-09T17:04:52.651341,enviado,,True
3269,92257,529,-2,100.0,150.0,2027-10-09T17:04:52.651341,pendente,,True
3270,90042,3654,-2,100.0,150.0,2027-10-09T17:04:52.651341,pendente,,True
3271,4417,3691,-2,100.0,150.0,2027-10-09T17:04:52.651341,enviado,,True
3272,1507,3232,-2,-558.99,150.0,2027-10-09T17:04:52.651341,pendente,,True
3273,2533,4706,-2,100.0,150.0,2027-10-09T17:04:52.651341,pendente,,True
3274,4477,4303,-2,100.0,150.0,2027-10-09T17:04:52.651417,pendente,,True
3275,2964,2637,-2,100.0,150.0,2027-10-09T17:04:52.651417,pago,,True
3276,1345,341,-2,-137.91,150.0,2027-10-09T17:04:52.651417,pago,,True
3277,4633,701,-2,-137.91,150.0,2027-10-09T17:04:52.651442,pendente,,True
3278,3964,456,-2,100.0,150.0,2027-10-09T17:04:52.651442,entregue,,True
3279,984,1254,-2,-110.93,150.0,2027-10-09T17:04:52.651442,pago,,True
3280,1320,3515,-2,-908.41,150.0,2027-10-09T17:04:52.651442,entregue,,True
3281,2306,4112,-2,-44.13,150.0,2027-10-09T17:04:52.651442,pago,,True
3282,3381,1580,-2,-448.07,150.0,2027-10-09T17:04:52.651442,pago,,True
3283,3187,1992,-6,-448.07,150.0,2027-10-09T17:04:52.651442,cancelado,,True
3284,99269,2200,-6,-448.07,150.0,2027-10-09T17:04:52.651442,entregue,,True
3285,131,636,-8,-448.07,150.0,2027-10-09T17:04:52.651442,enviado,,True
3286,1539,3298,-8,-448.07,150.0,2027-10-09T17:04:52.651533,enviado,,True
3287,4149,93175,-8,-448.07,150.0,2027-10-09T17:04:52.651533,pendente,,True
3288,3396,3750,-8,-448.07,150.0,2027-10-09T17:04:52.651533,pago,10,True
3289,4907,1181,-8,-407.48,150.0,2027-10-09T17:04:52.651533,enviado,10,True
3290,1781,3665,-8,100.0,150.0,2027-10-09T17:04:52.651533,enviado,10,True
3291,4174,99555,-8,100.0,150.0,2027-10-09T17:04:52.651533,pendente,10,True
3292,2144,2369,-8,100.0,150.0,2027-10-09T17:04:52.651533,enviado,10,True
3293,4817,1286,-8,100.0,150.0,2027-10-09T17:04:52.651618,entregue,10,True
3294,92904,3494,-8,100.0,150.0,2027-10-09T17:04:52.651618,cancelado,10,True
3295,1183,1660,-8,100.0,150.0,2027-10-09T17:04:52.651675,cancelado,10,True
3296,351,537,-8,-933.37,150.0,2027-10-09T17:04:52.651675,cancelado,10,True
3297,362,2542,-8,100.0,150.0,2027-10-09T17:04:52.651675,pago,10,True
3298,3286,1773,-8,100.0,150.0,2027-10-09T17:04:52.651727,enviado,10,True
3299,2217,94835,-8,100.0,150.0,2027-10-09T17:04:52.651727,enviado,10,True
3300,3776,1657,-8,100.0,150.0,2027-10-09T17:04:52.651727,pendente,100,True
3301,1318,2607,-8,100.0,150.0,2027-10-09T17:04:52.651763,pago,100,True
3302,3779,4494,-8,100.0,150.0,2027-10-09T17:04:52.651776,cancelado,100,True
3303,1283,1223,-8,-838.18,150.0,2027-10-09T17:04:52.651776,entregue,100,True
3304,2423,1669,-8,-838.18,150.0,2027-10-09T17:04:52.651802,cancelado,100,True
3305,96554,1919,-8,-838.18,150.0,2027-10-09T17:04:52.651802,entregue,100,True
3306,312,110,-8,-838.18,150.0,2027-10-09T17:04:52.651832,entregue,100,True
3307,1854,1925,-8,-838.18,150.0,2027-10-09T17:04:52.651832,cancelado,-1,True
3308,2850,1547,-8,-485.0,150.0,2027-10-09T17:04:52.651832,pago,-1,True
3309,4811,99735,-8,-485.0,150.0,2027-10-09T17:04:52.651832,enviado,-1,True
3310,1787,97556,-8,-485.0,150.0,2027-10-09T17:04:52.651832,cancelado,-1,True
3311,3338,2517,-8,-485.0,150.0,2027-10-09T17:04:52.651832,pendente,-1,True
3312,3415,2932,-4,-485.0,150.0,2027-10-09T17:04:52.651832,pendente,-1,True
3313,3805,4206,-4,-485.0,150.0,2027-10-09T17:04:52.651832,entregue,-1,True
3314,3141,1239,-4,-485.0,150.0,2027-10-09T17:04:52.651832,pago,,True
3315,218,3281,-4,100.0,150.0,2027-10-09T17:04:52.651832,pendente,,True
3316,4783,3553,-4,-760.6,150.0,2027-10-09T17:04:52.651832,cancelado,,True
3317,3987,525,-4,-760.6,150.0,2027-10-09T17:04:52.651832,enviado,6,True
3318,4162,99945,-4,-760.6,150.0,2027-10-09T17:04:52.651832,enviado,6,True
3319,4753,98121,-4,-760.6,150.0,2027-10-09T17:04:52.651832,cancelado,6,True
3320,1219,4354,-4,-760.6,150.0,2027-10-09T17:04:52.651979,cancelado,6,True
3321,282,999,-4,100.0,150.0,2027-10-09T17:04:52.651979,pendente,6,True
3322,1989,1432,-4,100.0,150.0,2027-10-09T17:04:52.651979,cancelado,100,True
3323,1753,1335,-4,100.0,150.0,2027-10-09T17:04:52.651979,pendente,100,True
3324,2700,2623,-4,100.0,150.0,2027-10-09T17:04:52.652016,pago,100,True
3325,3371,98407,-4,100.0,150.0,2027-10-09T17:04:52.652016,pago,100,True
3326,98498,4918,-4,100.0,150.0,2027-10-09T17:04:52.652016,pendente,100,True
3327,4231,274,-4,100.0,150.0,2027-10-09T17:04:52.652016,entregue,100,True
3328,3244,1547,-8,100.0,150.0,2027-10-09T17:04:52.652016,enviado,100,True
3329,3888,97660,-8,100.0,150.0,2027-10-09T17:04:52.652016,pendente,100,True
3330,3115,437,-8,-28.22,150.0,2027-10-09T17:04:52.652016,pago,100,True
3331,1384,99646,-8,-28.22,150.0,2027-10-09T17:04:52.652016,pendente,100,True
3332,2037,97884,-8,-28.22,150.0,2027-10-09T17:04:52.652016,entregue,100,True
3333,823,1522,-5,-28.22,150.0,2027-10-09T17:04:52.652016,pago,100,True
3334,474,3934,-5,100.0,150.0,2027-10-09T17:04:52.652016,cancelado,100,True
3335,4571,3183,-5,100.0,150.0,2027-10-09T17:04:52.652016,entregue,6,True
3336,4281,217,-5,100.0,150.0,2027-10-09T17:04:52.652016,pendente,6,True
3337,97903,1106,-5,100.0,150.0,2027-10-09T17:04:52.652016,enviado,6,True
3338,4191,96070,-5,100.0,150.0,2027-10-09T17:04:52.652016,pago,6,True
3339,4858,91614,-5,100.0,150.0,2027-10-09T17:04:52.652016,pago,6,True
3340,3117,4936,-7,100.0,150.0,2027-10-09T17:04:52.652016,entregue,6,True
3341,601,3141,-7,100.0,150.0,2027-10-09T17:04:52.652155,pendente,6,True
3342,1066,2511,-7,100.0,150.0,2027-10-09T17:04:52.652155,cancelado,,True
3343,93895,4233,-7,100.0,150.0,2027-10-09T17:04:52.652155,entregue,,True
3344,3984,95164,-7,100.0,150.0,2027-10-09T17:04:52.652155,pago,,True
3345,3550,1942,-2,100.0,150.0,2027-10-09T17:04:52.652155,entregue,,True
3346,94627,1631,-2,100.0,150.0,2027-10-09T17:04:52.652155,pendente,,True
3347,2913,4946,-2,-412.48,150.0,2027-10-09T17:04:52.652155,entregue,,True
3348,3044,730,-4,-412.48,150.0,2027-10-09T17:04:52.652155,pago,,True
3349,3043,2349,-4,-412.48,150.0,2027-10-09T17:04:52.652155,entregue,-1,True
3350,95744,1606,-4,-412.48,150.0,2027-10-09T17:04:52.652155,entregue,-1,True
3351,2593,4719,-5,-412.48,150.0,2027-10-09T17:04:52.652155,enviado,-1,True
3352,2581,98174,-5,-412.48,150.0,2027-10-09T17:04:52.652155,pago,-1,True
3353,3200,104,-9,-412.48,150.0,2027-10-09T17:04:52.652155,enviado,-1,True
3354,90387,1196,-9,-412.48,150.0,2027-10-09T17:04:52.652155,pago,-1,True
3355,1034,95269,-9,-412.48,150.0,2027-10-09T17:04:52.652155,enviado,-1,True
3356,3275,224,-9,-412.48,150.0,2027-10-09T17:04:52.652288,cancelado,-1,True
3357,3501,1358,-9,-412.48,150.0,2027-10-09T17:04:52.652299,enviado,-1,True
3358,661,4538,-9,-135.39,150.0,2027-10-09T17:04:52.652299,enviado,-1,True
3359,3802,3826,-9,-135.39,150.0,2027-10-09T17:04:52.652316,entregue,-1,True
3360,91577,267,-9,-135.39,150.0,2027-10-09T17:04:52.652316,pago,-1,True
3361,3105,2709,-2,-135.39,150.0,2027-10-09T17:04:52.652316,pendente,-1,True
3362,92092,2556,-2,-135.39,150.0,2027-10-09T17:04:52.652316,pago,-1,True
3363,2849,2546,-2,100.0,150.0,2027-10-09T17:04:52.652316,entregue,-1,True
3364,2349,4125,-9,100.0,150.0,2027-10-09T17:04:52.652316,entregue,-1,True
3365,2841,1991,-9,100.0,150.0,2027-10-09T17:04:52.652316,pendente,-1,True
3366,4108,1701,-9,100.0,150.0,2027-10-09T17:04:52.652377,enviado,-1,True
3367,563,1738,-9,100.0,150.0,2027-10-09T17:04:52.652377,pago,10,True
3368,695,4170,-9,100.0,150.0,2027-10-09T17:04:52.652377,cancelado,10,True
3369,176,4081,-9,100.0,150.0,2027-10-09T17:04:52.652403,pago,10,True
3370,845,4900,-9,100.0,150.0,2027-10-09T17:04:52.652403,pendente,10,True
3371,765,1138,-9,-599.57,150.0,2027-10-09T17:04:52.652403,cancelado,10,True
3372,3493,98094,-9,-599.57,150.0,2027-10-09T17:04:52.652403,entregue,10,True
3373,97326,2395,-9,-599.57,150.0,2027-10-09T17:04:52.652403,enviado,10,True
3374,4471,3742,-9,100.0,150.0,2027-10-09T17:04:52.652403,cancelado,10,True
3375,95450,3015,-9,100.0,150.0,2027-10-09T17:04:52.652403,pago,10,True
3376,4684,896,-9,100.0,150.0,2027-10-09T17:04:52.652403,pendente,-1,True
3377,2905,2701,-9,-523.11,150.0,2027-10-09T17:04:52.652403,pendente,-1,True
3378,3025,2113,-9,100.0,150.0,2027-10-09T17:04:52.652403,pendente,-1,True
3379,1899,2215,-8,100.0,150.0,2027-10-09T17:04:52.652403,entregue,-1,True
3380,4105,1422,-8,-610.51,150.0,2027-10-09T17:04:52.652403,cancelado,-1,True
3381,4377,4443,-6,-610.51,150.0,2027-10-09T17:04:52.652403,enviado,-1,True
3382,1945,4133,-6,-610.51,150.0,2027-10-09T17:04:52.652510,cancelado,-1,True
3383,222,841,-6,-610.51,150.0,2027-10-09T17:04:52.652522,pendente,-1,True
3384,4691,99230,-6,-610.51,150.0,2027-10-09T17:04:52.652522,pendente,-1,True
3385,4372,1782,-8,-610.51,150.0,2027-10-09T17:04:52.652522,entregue,-1,True
3386,4594,97038,-8,-610.51,150.0,2027-10-09T17:04:52.652522,enviado,-1,True
3387,2260,425,-8,-610.51,150.0,2027-10-09T17:04:52.652556,entregue,-1,True
3388,30,2263,-9,-610.51,150.0,2027-10-09T17:04:52.652556,enviado,-1,True
3389,1041,94309,-9,-610.51,150.0,2027-10-09T17:04:52.652556,cancelado,-1,True
3390,93471,4270,-9,-610.51,150.0,2027-10-09T17:04:52.652556,pendente,-1,True
3391,2654,3223,-9,-610.51,150.0,2027-10-09T17:04:52.652590,entregue,-1,True
3392,816,93019,-9,-610.51,150.0,2027-10-09T17:04:52.652590,entregue,-1,True
3393,1028,3359,-9,-610.51,150.0,2027-10-09T17:04:52.652607,pago,-1,True
3394,98844,1098,-9,-610.51,150.0,2027-10-09T17:04:52.652607,pago,-1,True
3395,1403,3761,-9,-610.51,150.0,2027-10-09T17:04:52.652625,entregue,-1,True
3396,94902,763,-9,-610.51,150.0,2027-10-09T17:04:52.652625,pago,-1,True
3397,90668,3410,-9,-610.51,150.0,2027-10-09T17:04:52.652625,cancelado,-1,True
3398,94070,2635,-9,-610.51,150.0,2027-10-09T17:04:52.652625,entregue,-1,True
3399,91513,1897,-9,-610.51,150.0,2027-10-09T17:04:52.652625,pago,-1,True
3400,3930,394,-9,100.0,150.0,2027-10-09T17:04:52.652625,pendente,-1,True
3401,127,2520,-4,100.0,150.0,2027-10-09T17:04:52.652625,pago,-1,True
3402,4648,2443,-4,100.0,150.0,2027-10-09T17:04:52.652684,entregue,-1,True
3403,2698,95147,-4,100.0,150.0,2027-10-09T17:04:52.652684,enviado,-1,True
3404,90206,3432,-4,100.0,150.0,2027-10-09T17:04:52.652684,pendente,-1,True
3405,1130,3234,-4,-196.67,150.0,2027-10-09T17:04:52.652684,enviado,-1,True
3406,93358,2723,-4,-196.67,150.0,2027-10-09T17:04:52.652684,enviado,-1,True
3407,2994,2297,-4,-196.67,150.0,2027-10-09T17:04:52.652684,pendente,,True
3408,4356,548,-4,-428.45,150.0,2027-10-09T17:04:52.652684,entregue,,True
3409,1081,4706,-4,-428.45,150.0,2027-10-09T17:04:52.652684,pendente,100,True
3410,2026,97200,-4,-428.45,150.0,2027-10-09T17:04:52.652684,cancelado,100,True
3411,3775,2843,-4,-428.45,150.0,2027-10-09T17:04:52.652761,cancelado,100,True
3412,342,4583,-4,-428.45,150.0,2027-10-09T17:04:52.652761,enviado,6,True
3413,1574,2065,-4,-428.45,150.0,2027-10-09T17:04:52.652761,pago,6,True
3414,4074,2929,-4,-428.45,150.0,2027-10-09T17:04:52.652787,pendente,6,True
3415,90302,3824,-4,-428.45,150.0,2027-10-09T17:04:52.652787,enviado,6,True
3416,3685,96701,-4,-428.45,150.0,2027-10-09T17:04:52.652787,cancelado,6,True
3417,91639,4119,-4,-428.45,150.0,2027-10-09T17:04:52.652787,pago,6,True
3418,2342,3204,-2,-428.45,150.0,2027-10-09T17:04:52.652787,cancelado,6,True
3419,91868,1642,-2,-428.45,150.0,2027-10-09T17:04:52.652787,enviado,6,True
3420,2449,3088,-9,-428.45,150.0,2027-10-09T17:04:52.652787,pago,6,True
3421,706,98699,-9,-428.45,150.0,2027-10-09T17:04:52.652787,enviado,6,True
3422,3028,784,-9,-394.34,150.0,2027-10-09T17:04:52.652787,cancelado,6,True
3423,1267,95,-9,-394.34,150.0,2027-10-09T17:04:52.652787,entregue,100,True
3424,4948,99950,-9,-394.34,150.0,2027-10-09T17:04:52.652787,pendente,100,True
3425,874,2245,-6,-394.34,150.0,2027-10-09T17:04:52.652787,cancelado,100,True
3426,810,94042,-6,-394.34,150.0,2027-10-09T17:04:52.652787,cancelado,100,True
3427,2071,2188,-6,-666.87,150.0,2027-10-09T17:04:52.652787,cancelado,100,True
3428,283,93919,-6,-666.87,150.0,2027-10-09T17:04:52.652787,cancelado,100,True
3429,4983,2423,-6,-666.87,150.0,2027-10-09T17:04:52.652787,entregue,,True
3430,2455,2063,-6,-666.87,150.0,2027-10-09T17:04:52.652787,pendente,6,True
3431,4596,1184,-6,-666.87,150.0,2027-10-09T17:04:52.652787,entregue,10,True
3432,97245,221,-6,-666.87,150.0,2027-10-09T17:04:52.652787,entregue,10,True
3433,2857,1665,-6,-480.66,150.0,2027-10-09T17:04:52.652787,pago,10,True
3434,93731,219,-6,-480.66,150.0,2027-10-09T17:04:52.652787,enviado,10,True
3435,1467,96518,-6,-480.66,150.0,2027-10-09T17:04:52.652787,pago,10,True
3436,3707,3896,-2,-480.66,150.0,2027-10-09T17:04:52.652787,enviado,10,True
3437,4264,3696,-2,-480.66,150.0,2027-10-09T17:04:52.652787,entregue,100,True
3438,3182,3257,-2,100.0,150.0,2027-10-09T17:04:52.652787,enviado,100,True
3439,4407,4175,-2,100.0,150.0,2027-10-09T17:04:52.652991,entregue,100,True
3440,2911,4207,-1,100.0,150.0,2027-10-09T17:04:52.652991,cancelado,100,True
3441,2672,4613,-1,100.0,150.0,2027-10-09T17:04:52.652991,entregue,100,True
3442,93735,3809,-1,100.0,150.0,2027-10-09T17:04:52.652991,cancelado,100,True
3443,229,1198,-1,100.0,150.0,2027-10-09T17:04:52.653026,entregue,100,True
3444,96681,2340,-1,100.0,150.0,2027-10-09T17:04:52.653026,pago,100,True
3445,3032,1,-1,-613.56,150.0,2027-10-09T17:04:52.653026,enviado,100,True
3446,996,1149,-1,100.0,150.0,2027-10-09T17:04:52.653026,entregue,100,True
3447,654,1541,-1,100.0,150.0,2027-10-09T17:04:52.653026,pago,100,True
3448,2135,665,-2,100.0,150.0,2027-10-09T17:04:52.653026,cancelado,100,True
3449,2627,2734,-2,-510.0,150.0,2027-10-09T17:04:52.653026,enviado,100,True
3450,1041,3023,-2,-510.0,150.0,2027-10-09T17:04:52.653087,enviado,100,True
3451,97262,2490,-2,-510.0,150.0,2027-10-09T17:04:52.653087,pago,100,True
3452,91260,316,-2,-510.0,150.0,2027-10-09T17:04:52.653087,entregue,100,True
3453,3518,447,-2,100.0,150.0,2027-10-09T17:04:52.653087,pago,100,True
3454,90896,3944,-2,100.0,150.0,2027-10-09T17:04:52.653087,pago,100,True
3455,1345,2541,-2,-581.01,150.0,2027-10-09T17:04:52.653087,enviado,100,True
3456,1813,1865,-2,-659.36,150.0,2027-10-09T17:04:52.653087,entregue,100,True
3457,1609,806,-2,-659.36,150.0,2027-10-09T17:04:52.653145,enviado,100,True
3458,3946,4224,-2,-810.65,150.0,2027-10-09T17:04:52.653145,pago,100,True
3459,2582,93123,-2,-810.65,150.0,2027-10-09T17:04:52.653145,cancelado,100,True
3460,714,98902,-2,-810.65,150.0,2027-10-09T17:04:52.653145,pendente,100,True
3461,1041,2757,-2,100.0,150.0,2027-10-09T17:04:52.653145,enviado,100,True
3462,2769,1747,-2,100.0,150.0,2027-10-09T17:04:52.653145,pago,100,True
3463,91575,4744,-2,100.0,150.0,2027-10-09T17:04:52.653145,pendente,100,True
3464,249,4432,-2,100.0,150.0,2027-10-09T17:04:52.653145,enviado,-1,True
3465,91809,4114,-2,100.0,150.0,2027-10-09T17:04:52.653145,entregue,-1,True
3466,336,96783,-2,100.0,150.0,2027-10-09T17:04:52.653145,entregue,-1,True
3467,2990,91786,-2,100.0,150.0,2027-10-09T17:04:52.653145,cancelado,-1,True
3468,3006,90895,-2,100.0,150.0,2027-10-09T17:04:52.653145,pendente,-1,True
3469,3919,965,-2,-653.51,150.0,2027-10-09T17:04:52.653145,enviado,-1,True
3470,2445,92856,-2,-653.51,150.0,2027-10-09T17:04:52.653145,pendente,-1,True
3471,2264,912,-2,100.0,150.0,2027-10-09T17:04:52.653145,enviado,-1,True
3472,1803,4156,-2,-898.15,150.0,2027-10-09T17:04:52.653145,entregue,-1,True
3473,1266,757,-2,100.0,150.0,2027-10-09T17:04:52.653145,enviado,-1,True
3474,96271,2562,-2,100.0,150.0,2027-10-09T17:04:52.653145,enviado,-1,True
3475,3047,4088,-2,100.0,150.0,2027-10-09T17:04:52.653304,cancelado,-1,True
3476,2772,3831,-1,100.0,150.0,2027-10-09T17:04:52.653304,pendente,-1,True
3477,280,4975,-6,100.0,150.0,2027-10-09T17:04:52.653304,cancelado,-1,True
3478,2947,93840,-6,100.0,150.0,2027-10-09T17:04:52.653304,enviado,-1,True
3479,1433,2640,-1,100.0,150.0,2027-10-09T17:04:52.653304,enviado,-1,True
3480,1682,4525,-1,100.0,150.0,2027-10-09T17:04:52.653304,cancelado,-1,True
3481,2951,3075,-1,-401.04,150.0,2027-10-09T17:04:52.653304,cancelado,-1,True
3482,2780,1378,-7,-401.04,150.0,2027-10-09T17:04:52.653304,enviado,-1,True
3483,3075,595,-7,100.0,150.0,2027-10-09T17:04:52.653304,pendente,-1,True
3484,3410,2585,-7,100.0,150.0,2027-10-09T17:04:52.653304,pendente,100,True
3485,3866,126,-7,100.0,150.0,2027-10-09T17:04:52.653304,cancelado,6,True
3486,4691,3096,-6,100.0,150.0,2027-10-09T17:04:52.653304,entregue,6,True
3487,452,4431,-6,100.0,150.0,2027-10-09T17:04:52.653405,pago,6,True
3488,3728,309,-6,100.0,150.0,2027-10-09T17:04:52.653415,enviado,6,True
3489,749,1566,-6,100.0,150.0,2027-10-09T17:04:52.653415,cancelado,6,True
3490,686,726,-6,100.0,150.0,2027-10-09T17:04:52.653415,entregue,6,True
3491,3805,3237,-6,-493.6,150.0,2027-10-09T17:04:52.653415,cancelado,6,True
3492,3796,871,-8,-493.6,150.0,2027-10-09T17:04:52.653415,pendente,6,True
3493,2229,467,-8,-493.6,150.0,2027-10-09T17:04:52.653456,pago,6,True
3494,1838,1562,-8,100.0,150.0,2027-10-09T17:04:52.653456,pago,6,True
3495,4437,95078,-8,100.0,150.0,2027-10-09T17:04:52.653456,cancelado,6,True
3496,1807,4067,-7,100.0,150.0,2027-10-09T17:04:52.653456,pago,6,True
3497,4249,3467,-7,-874.86,150.0,2027-10-09T17:04:52.653456,enviado,6,True
3498,3383,90015,-7,-874.86,150.0,2027-10-09T17:04:52.653456,enviado,6,True
3499,1278,2493,-7,-675.84,150.0,2027-10-09T17:04:52.653456,pendente,6,True
3500,3820,2320,-7,-932.64,150.0,2027-10-09T17:04:52.653456,enviado,6,True
3501,2611,3982,-7,-932.64,150.0,2027-10-09T17:04:52.653456,pendente,,True
3502,1042,187,-7,-932.64,150.0,2027-10-09T17:04:52.653456,enviado,10,True
3503,4190,2225,-7,100.0,150.0,2027-10-09T17:04:52.653456,cancelado,10,True
3504,3609,95412,-7,100.0,150.0,2027-10-09T17:04:52.653456,cancelado,10,True
3505,4998,95141,-7,100.0,150.0,2027-10-09T17:04:52.653456,cancelado,10,True
3506,4564,2811,-1,100.0,150.0,2027-10-09T17:04:52.653456,cancelado,10,True
3507,451,2139,-9,100.0,150.0,2027-10-09T17:04:52.653456,cancelado,10,True
3508,2355,4638,-8,100.0,150.0,2027-10-09T17:04:52.653456,enviado,10,True
3509,2129,4548,-8,100.0,150.0,2027-10-09T17:04:52.653456,enviado,-1,True
3510,1455,119,-8,100.0,150.0,2027-10-09T17:04:52.653601,pendente,-1,True
3511,3229,96125,-8,100.0,150.0,2027-10-09T17:04:52.653601,entregue,-1,True
3512,1173,3955,-8,100.0,150.0,2027-10-09T17:04:52.653601,entregue,-1,True
3513,4671,4908,-8,100.0,150.0,2027-10-09T17:04:52.653628,entregue,-1,True
3514,2922,3140,-8,-775.9,150.0,2027-10-09T17:04:52.653628,pago,-1,True
3515,4873,1203,-8,-775.9,150.0,2027-10-09T17:04:52.653628,enviado,-1,True
3516,83,2888,-8,100.0,150.0,2027-10-09T17:04:52.653628,pendente,-1,True
3517,90750,2581,-8,100.0,150.0,2027-10-09T17:04:52.653628,cancelado,-1,True
3518,96002,3650,-8,100.0,150.0,2027-10-09T17:04:52.653628,enviado,-1,True
3519,1803,1557,-5,100.0,150.0,2027-10-09T17:04:52.653628,enviado,-1,True
3520,90954,2422,-5,100.0,150.0,2027-10-09T17:04:52.653628,entregue,-1,True
3521,4876,2403,-5,100.0,150.0,2027-10-09T17:04:52.653695,entregue,-1,True
3522,1725,2653,-5,100.0,150.0,2027-10-09T17:04:52.653695,pago,-1,True
3523,857,309,-5,100.0,150.0,2027-10-09T17:04:52.653713,entregue,-1,True
3524,3544,97847,-5,100.0,150.0,2027-10-09T17:04:52.653713,pago,-1,True
3525,2212,1105,-5,100.0,150.0,2027-10-09T17:04:52.653731,pago,-1,True
3526,3801,3669,-5,-723.24,150.0,2027-10-09T17:04:52.653731,cancelado,-1,True
3527,97462,1574,-5,-723.24,150.0,2027-10-09T17:04:52.653731,enviado,-1,True
3528,2297,3515,-5,-723.24,150.0,2027-10-09T17:04:52.653756,enviado,-1,True
3529,92634,2873,-5,-723.24,150.0,2027-10-09T17:04:52.653756,pendente,-1,True
3530,1489,3308,-5,100.0,150.0,2027-10-09T17:04:52.653756,cancelado,-1,True
3531,2651,1585,-5,100.0,150.0,2027-10-09T17:04:52.653782,entregue,-1,True
3532,455,4178,-5,-934.47,150.0,2027-10-09T17:04:52.653782,pendente,-1,True
3533,4262,3391,-5,-934.47,150.0,2027-10-09T17:04:52.653802,enviado,-1,True
3534,1671,991,-5,-454.93,150.0,2027-10-09T17:04:52.653802,enviado,-1,True
3535,3399,93887,-5,-454.93,150.0,2027-10-09T17:04:52.653802,entregue,-1,True
3536,164,4258,-5,-392.96,150.0,2027-10-09T17:04:52.653802,pago,-1,True
3537,3367,95052,-5,-392.96,150.0,2027-10-09T17:04:52.653802,enviado,-1,True
3538,1565,97721,-5,-392.96,150.0,2027-10-09T17:04:52.653802,entregue,-1,True
3539,2171,2322,-6,-392.96,150.0,2027-10-09T17:04:52.653802,enviado,-1,True
3540,1864,90470,-6,-392.96,150.0,2027-10-09T17:04:52.653802,pendente,-1,True
3541,4373,4227,-6,100.0,150.0,2027-10-09T17:04:52.653802,cancelado,-1,True
3542,456,4328,-6,100.0,150.0,2027-10-09T17:04:52.653802,pago,-1,True
3543,3460,92799,-6,100.0,150.0,2027-10-09T17:04:52.653802,enviado,-1,True
3544,1172,91972,-6,100.0,150.0,2027-10-09T17:04:52.653802,pendente,-1,True
3545,3654,4523,-6,-226.39,150.0,2027-10-09T17:04:52.653802,pendente,-1,True
3546,1453,2571,-6,-226.39,150.0,2027-10-09T17:04:52.653802,pago,100,True
3547,650,4344,-6,-324.16,150.0,2027-10-09T17:04:52.653802,pago,100,True
3548,1742,92465,-6,-324.16,150.0,2027-10-09T17:04:52.653802,enviado,100,True
3549,4425,4532,-6,100.0,150.0,2027-10-09T17:04:52.653802,cancelado,100,True
3550,3452,4864,-6,100.0,150.0,2027-10-09T17:04:52.653802,cancelado,100,True
3551,3761,3237,-6,100.0,150.0,2027-10-09T17:04:52.653802,pendente,100,True
3552,98374,2826,-6,100.0,150.0,2027-10-09T17:04:52.653802,entregue,100,True
3553,98971,1509,-6,100.0,150.0,2027-10-09T17:04:52.653802,pago,100,True
3554,1483,976,-6,100.0,150.0,2027-10-09T17:04:52.653975,pendente,100,True
3555,3928,93560,-6,100.0,150.0,2027-10-09T17:04:52.653975,entregue,100,True
3556,4837,3545,-6,100.0,150.0,2027-10-09T17:04:52.653975,pago,,True
3557,2481,1568,-6,100.0,150.0,2027-10-09T17:04:52.654001,pendente,,True
3558,231,374,-1,100.0,150.0,2027-10-09T17:04:52.654001,cancelado,,True
3559,1656,1252,-10,100.0,150.0,2027-10-09T17:04:52.654001,entregue,,True
3560,3436,1009,-10,100.0,150.0,2027-10-09T17:04:52.654028,entregue,,True
3561,870,3910,-10,100.0,150.0,2027-10-09T17:04:52.654038,pago,,True
3562,1984,188,-10,100.0,150.0,2027-10-09T17:04:52.654047,pago,,True
3563,4693,2906,-10,100.0,150.0,2027-10-09T17:04:52.654047,enviado,,True
3564,901,2212,-1,100.0,150.0,2027-10-09T17:04:52.654047,pendente,,True
3565,3090,2228,-1,-600.44,150.0,2027-10-09T17:04:52.654047,entregue,,True
3566,238,90596,-1,-600.44,150.0,2027-10-09T17:04:52.654047,pendente,,True
3567,1695,4975,-1,-600.44,150.0,2027-10-09T17:04:52.654093,entregue,,True
3568,71,41,-1,100.0,150.0,2027-10-09T17:04:52.654093,cancelado,,True
3569,3694,97056,-1,100.0,150.0,2027-10-09T17:04:52.654093,entregue,,True
3570,456,2604,-1,100.0,150.0,2027-10-09T17:04:52.654093,pendente,,True
3571,224,4582,-1,-656.04,150.0,2027-10-09T17:04:52.654093,pago,,True
3572,871,397,-1,100.0,150.0,2027-10-09T17:04:52.654093,pago,,True
3573,1509,3738,-1,100.0,150.0,2027-10-09T17:04:52.654093,enviado,6,True
3574,1860,1302,-1,100.0,150.0,2027-10-09T17:04:52.654153,pendente,6,True
3575,4544,230,-1,100.0,150.0,2027-10-09T17:04:52.654153,pago,-1,True
3576,1428,3506,-1,100.0,150.0,2027-10-09T17:04:52.654153,cancelado,-1,True
3577,4539,4488,-1,100.0,150.0,2027-10-09T17:04:52.654178,cancelado,-1,True
3578,1289,4009,-1,100.0,150.0,2027-10-09T17:04:52.654178,entregue,100,True
3579,3583,4692,-3,100.0,150.0,2027-10-09T17:04:52.654178,pendente,100,True
3580,2076,99511,-3,100.0,150.0,2027-10-09T17:04:52.654178,cancelado,100,True
3581,2879,3082,-1,100.0,150.0,2027-10-09T17:04:52.654178,enviado,100,True
3582,90582,1371,-1,100.0,150.0,2027-10-09T17:04:52.654178,cancelado,100,True
3583,2510,4140,-9,100.0,150.0,2027-10-09T17:04:52.654178,pago,100,True
3584,92808,779,-9,100.0,150.0,2027-10-09T17:04:52.654178,cancelado,100,True
3585,1138,4704,-9,100.0,150.0,2027-10-09T17:04:52.654178,pendente,100,True
3586,2905,97547,-9,100.0,150.0,2027-10-09T17:04:52.654178,entregue,100,True
3587,2946,1811,-9,100.0,150.0,2027-10-09T17:04:52.654178,pendente,100,True
3588,1243,3619,-9,100.0,150.0,2027-10-09T17:04:52.654270,pago,100,True
3589,99139,3329,-9,100.0,150.0,2027-10-09T17:04:52.654270,pago,100,True
3590,3112,1481,-9,100.0,150.0,2027-10-09T17:04:52.654270,cancelado,10,True
3591,92944,1880,-9,100.0,150.0,2027-10-09T17:04:52.654270,pendente,10,True
3592,92338,2146,-9,100.0,150.0,2027-10-09T17:04:52.654270,cancelado,10,True
3593,1102,2342,-1,100.0,150.0,2027-10-09T17:04:52.654270,enviado,10,True
3594,3651,2366,-1,100.0,150.0,2027-10-09T17:04:52.654320,cancelado,10,True
3595,2470,819,-3,100.0,150.0,2027-10-09T17:04:52.654320,cancelado,10,True
3596,2387,3734,-3,-977.47,150.0,2027-10-09T17:04:52.654320,enviado,10,True
3597,4417,4526,-3,-977.47,150.0,2027-10-09T17:04:52.654348,enviado,10,True
3598,4837,2022,-3,-977.47,150.0,2027-10-09T17:04:52.654357,pendente,10,True
3599,3493,1392,-3,-977.47,150.0,2027-10-09T17:04:52.654357,cancelado,6,True
3600,93437,3079,-3,-977.47,150.0,2027-10-09T17:04:52.654357,enviado,6,True
3601,2008,92487,-3,-977.47,150.0,2027-10-09T17:04:52.654357,enviado,6,True
3602,1498,99108,-3,-977.47,150.0,2027-10-09T17:04:52.654357,entregue,6,True
3603,1708,796,-3,100.0,150.0,2027-10-09T17:04:52.654357,pago,6,True
3604,136,2435,-2,100.0,150.0,2027-10-09T17:04:52.654357,cancelado,6,True
3605,92895,3508,-2,100.0,150.0,2027-10-09T17:04:52.654357,enviado,6,True
3606,4184,3482,-3,100.0,150.0,2027-10-09T17:04:52.654357,entregue,6,True
3607,130,2556,-3,100.0,150.0,2027-10-09T17:04:52.654432,pago,6,True
3608,30,4459,-3,100.0,150.0,2027-10-09T17:04:52.654432,cancelado,10,True
3609,2119,3270,-3,-332.09,150.0,2027-10-09T17:04:52.654432,pendente,10,True
3610,3904,3036,-3,100.0,150.0,2027-10-09T17:04:52.654432,pendente,10,True
3611,4316,1429,-3,-646.71,150.0,2027-10-09T17:04:52.654432,enviado,10,True
3612,4403,100,-3,-646.71,150.0,2027-10-09T17:04:52.654475,enviado,10,True
3613,2133,1292,-3,100.0,150.0,2027-10-09T17:04:52.654475,entregue,10,True
3614,95795,963,-3,100.0,150.0,2027-10-09T17:04:52.654475,cancelado,10,True
3615,3063,1805,-3,100.0,150.0,2027-10-09T17:04:52.654475,pago,,True
3616,453,2132,-3,100.0,150.0,2027-10-09T17:04:52.654475,enviado,,True
3617,3274,749,-3,-382.89,150.0,2027-10-09T17:04:52.654475,pago,,True
3618,651,1674,-8,-382.89,150.0,2027-10-09T17:04:52.654475,entregue,,True
3619,808,3332,-9,-382.89,150.0,2027-10-09T17:04:52.654475,enviado,,True
3620,2854,96420,-9,-382.89,150.0,2027-10-09T17:04:52.654475,pago,,True
3621,683,4111,-9,-382.89,150.0,2027-10-09T17:04:52.654475,cancelado,6,True
3622,4284,3320,-9,-382.89,150.0,2027-10-09T17:04:52.654559,pago,6,True
3623,90437,3545,-9,-382.89,150.0,2027-10-09T17:04:52.654559,enviado,6,True
3624,4791,1079,-9,100.0,150.0,2027-10-09T17:04:52.654559,pendente,6,True
3625,384,97456,-9,100.0,150.0,2027-10-09T17:04:52.654559,entregue,6,True
3626,1573,3017,-9,100.0,150.0,2027-10-09T17:04:52.654592,cancelado,6,True
3627,222,90715,-9,100.0,150.0,2027-10-09T17:04:52.654592,cancelado,6,True
3628,1498,1872,-9,100.0,150.0,2027-10-09T17:04:52.654592,pendente,6,True
3629,1100,4320,-9,100.0,150.0,2027-10-09T17:04:52.654617,enviado,6,True
3630,99046,2501,-9,100.0,150.0,2027-10-09T17:04:52.654617,entregue,6,True
3631,2900,1960,-9,100.0,150.0,2027-10-09T17:04:52.654634,pendente,6,True
3632,4498,2560,-9,-337.93,150.0,2027-10-09T17:04:52.654634,pendente,6,True
3633,2774,1384,-9,-337.93,150.0,2027-10-09T17:04:52.654634,pago,-1,True
3634,73,100,-9,-337.93,150.0,2027-10-09T17:04:52.654660,enviado,-1,True
3635,96534,4161,-9,-337.93,150.0,2027-10-09T17:04:52.654660,pendente,-1,True
3636,1662,91721,-9,-337.93,150.0,2027-10-09T17:04:52.654660,pago,-1,True
3637,90264,4997,-9,-337.93,150.0,2027-10-09T17:04:52.654660,cancelado,-1,True
3638,4354,3717,-9,100.0,150.0,2027-10-09T17:04:52.654660,cancelado,-1,True
3639,2201,228,-10,100.0,150.0,2027-10-09T17:04:52.654660,cancelado,-1,True
3640,92159,546,-10,100.0,150.0,2027-10-09T17:04:52.654660,pago,-1,True
3641,4801,3262,-10,100.0,150.0,2027-10-09T17:04:52.654660,pago,100,True
3642,4774,99455,-10,100.0,150.0,2027-10-09T17:04:52.654660,pago,100,True
3643,984,94370,-10,100.0,150.0,2027-10-09T17:04:52.654660,pendente,100,True
3644,2177,97541,-10,100.0,150.0,2027-10-09T17:04:52.654660,cancelado,100,True
3645,3303,785,-10,100.0,150.0,2027-10-09T17:04:52.654660,enviado,100,True
3646,571,980,-10,100.0,150.0,2027-10-09T17:04:52.654761,pago,100,True
3647,1445,2951,-10,100.0,150.0,2027-10-09T17:04:52.654771,pago,100,True
3648,2500,3858,-8,100.0,150.0,2027-10-09T17:04:52.654771,entregue,100,True
3649,94478,1038,-8,100.0,150.0,2027-10-09T17:04:52.654771,pendente,100,True
3650,3749,4203,-8,-228.37,150.0,2027-10-09T17:04:52.654771,pago,100,True
3651,1675,2449,-8,-794.41,150.0,2027-10-09T17:04:52.654771,cancelado,100,True
3652,99234,4574,-8,-794.41,150.0,2027-10-09T17:04:52.654771,pago,100,True
3653,99914,1100,-8,-794.41,150.0,2027-10-09T17:04:52.654771,entregue,100,True
3654,4325,4822,-8,-794.41,150.0,2027-10-09T17:04:52.654771,cancelado,6,True
3655,3006,97803,-8,-794.41,150.0,2027-10-09T17:04:52.654771,entregue,6,True
3656,92888,1109,-8,-794.41,150.0,2027-10-09T17:04:52.654771,enviado,6,True
3657,3269,4769,-8,100.0,150.0,2027-10-09T17:04:52.654771,pago,6,True
3658,90854,3272,-8,100.0,150.0,2027-10-09T17:04:52.654771,cancelado,6,True
3659,4727,2513,-8,-356.71,150.0,2027-10-09T17:04:52.654771,enviado,6,True
3660,4576,3337,-8,-356.71,150.0,2027-10-09T17:04:52.654771,pendente,6,True
3661,908,1898,-8,100.0,150.0,2027-10-09T17:04:52.654771,entregue,6,True
3662,2116,665,-8,100.0,150.0,2027-10-09T17:04:52.654771,cancelado,100,True
3663,1325,2739,-8,-739.17,150.0,2027-10-09T17:04:52.654771,cancelado,100,True
3664,4069,4583,-8,100.0,150.0,2027-10-09T17:04:52.654771,cancelado,100,True
3665,2956,153,-8,100.0,150.0,2027-10-09T17:04:52.654771,enviado,6,True
3666,4627,4316,-8,-100.6,150.0,2027-10-09T17:04:52.654771,entregue,6,True
3667,4804,3672,-8,-100.6,150.0,2027-10-09T17:04:52.654771,cancelado,-1,True
3668,4138,3447,-8,-598.12,150.0,2027-10-09T17:04:52.654771,entregue,-1,True
3669,2405,1719,-8,-598.12,150.0,2027-10-09T17:04:52.654771,pago,,True
3670,4895,2810,-8,-598.12,150.0,2027-10-09T17:04:52.654969,enviado,,True
3671,4071,4619,-8,-598.12,150.0,2027-10-09T17:04:52.654978,pago,,True
3672,95173,4653,-8,-598.12,150.0,2027-10-09T17:04:52.654978,entregue,,True
3673,99185,1483,-8,-598.12,150.0,2027-10-09T17:04:52.654978,cancelado,,True
3674,94481,3485,-8,-598.12,150.0,2027-10-09T17:04:52.654978,entregue,,True
3675,4068,95625,-8,-598.12,150.0,2027-10-09T17:04:52.654978,enviado,,True
3676,92150,185,-8,-598.12,150.0,2027-10-09T17:04:52.654978,pendente,,True
3677,2438,3369,-8,-598.12,150.0,2027-10-09T17:04:52.655030,cancelado,,True
3678,97691,2237,-8,-598.12,150.0,2027-10-09T17:04:52.655030,enviado,,True
3679,3274,90402,-8,-598.12,150.0,2027-10-09T17:04:52.655030,cancelado,,True
3680,3767,96516,-8,-598.12,150.0,2027-10-09T17:04:52.655030,entregue,,True
3681,389,1765,-8,-511.92,150.0,2027-10-09T17:04:52.655030,pago,,True
3682,4665,2614,-8,-655.69,150.0,2027-10-09T17:04:52.655030,pago,,True
3683,2537,3434,-8,-330.32,150.0,2027-10-09T17:04:52.655030,enviado,,True
3684,1758,92724,-8,-330.32,150.0,2027-10-09T17:04:52.655030,entregue,,True
3685,1220,2452,-8,-128.95,150.0,2027-10-09T17:04:52.655030,pago,,True
3686,4572,2830,-8,100.0,150.0,2027-10-09T17:04:52.655030,entregue,,True
3687,843,1256,-8,100.0,150.0,2027-10-09T17:04:52.655117,pendente,,True
3688,1781,548,-8,100.0,150.0,2027-10-09T17:04:52.655117,pendente,,True
3689,1055,1963,-8,-129.09,150.0,2027-10-09T17:04:52.655117,enviado,,True
3690,2389,92947,-8,-129.09,150.0,2027-10-09T17:04:52.655117,pendente,,True
3691,4814,323,-8,-129.09,150.0,2027-10-09T17:04:52.655150,cancelado,,True
3692,1274,3233,-8,-129.09,150.0,2027-10-09T17:04:52.655160,pago,,True
3693,4401,4438,-8,-59.69,150.0,2027-10-09T17:04:52.655160,entregue,,True
3694,3839,98436,-8,-59.69,150.0,2027-10-09T17:04:52.655160,enviado,,True
3695,97849,816,-8,-59.69,150.0,2027-10-09T17:04:52.655160,pago,,True
3696,762,1979,-1,-59.69,150.0,2027-10-09T17:04:52.655160,pago,,True
3697,2772,1927,-1,-59.69,150.0,2027-10-09T17:04:52.655160,pendente,10,True
3698,133,1361,-1,100.0,150.0,2027-10-09T17:04:52.655160,pago,10,True
3699,4817,28,-1,-569.26,150.0,2027-10-09T17:04:52.655160,pago,10,True
3700,930,4037,-1,-569.26,150.0,2027-10-09T17:04:52.655160,cancelado,10,True
3701,1313,90355,-1,-569.26,150.0,2027-10-09T17:04:52.655160,pendente,10,True
3702,3958,523,-4,-569.26,150.0,2027-10-09T17:04:52.655160,enviado,10,True
3703,4410,2268,-9,-569.26,150.0,2027-10-09T17:04:52.655160,entregue,10,True
3704,1841,2098,-9,-569.26,150.0,2027-10-09T17:04:52.655160,pago,6,True
3705,2618,3838,-9,-569.26,150.0,2027-10-09T17:04:52.655160,enviado,-1,True
3706,4663,1588,-9,100.0,150.0,2027-10-09T17:04:52.655160,enviado,-1,True
3707,4754,868,-9,100.0,150.0,2027-10-09T17:04:52.655160,cancelado,-1,True
3708,91536,1707,-9,100.0,150.0,2027-10-09T17:04:52.655160,enviado,-1,True
3709,2806,3624,-9,100.0,150.0,2027-10-09T17:04:52.655306,pendente,-1,True
3710,1315,4041,-9,100.0,150.0,2027-10-09T17:04:52.655316,enviado,-1,True
3711,3925,3831,-9,100.0,150.0,2027-10-09T17:04:52.655316,entregue,-1,True
3712,857,4001,-9,-67.41,150.0,2027-10-09T17:04:52.655316,cancelado,-1,True
3713,923,4854,-9,100.0,150.0,2027-10-09T17:04:52.655316,entregue,-1,True
3714,3556,96895,-9,100.0,150.0,2027-10-09T17:04:52.655316,pendente,-1,True
3715,3370,2212,-9,-674.19,150.0,2027-10-09T17:04:52.655316,entregue,-1,True
3716,32,1556,-9,-674.19,150.0,2027-10-09T17:04:52.655316,pago,,True
3717,3925,1926,-9,-674.19,150.0,2027-10-09T17:04:52.655375,enviado,,True
3718,2886,90032,-9,-674.19,150.0,2027-10-09T17:04:52.655375,pago,,True
3719,3622,3282,-9,100.0,150.0,2027-10-09T17:04:52.655375,entregue,,True
3720,99983,835,-9,100.0,150.0,2027-10-09T17:04:52.655375,cancelado,,True
3721,4535,3854,-9,100.0,150.0,2027-10-09T17:04:52.655375,entregue,,True
3722,847,3326,-9,-775.67,150.0,2027-10-09T17:04:52.655375,entregue,,True
3723,2252,2684,-9,100.0,150.0,2027-10-09T17:04:52.655375,entregue,,True
3724,2841,3195,-9,100.0,150.0,2027-10-09T17:04:52.655375,pago,,True
3725,984,2422,-9,-706.17,150.0,2027-10-09T17:04:52.655375,cancelado,,True
3726,4474,91145,-9,-706.17,150.0,2027-10-09T17:04:52.655375,cancelado,,True
3727,3157,1241,-8,-706.17,150.0,2027-10-09T17:04:52.655375,enviado,,True
3728,1726,2405,-8,-706.17,150.0,2027-10-09T17:04:52.655375,pago,100,True
3729,649,3734,-8,100.0,150.0,2027-10-09T17:04:52.655375,cancelado,100,True
3730,97131,1208,-8,100.0,150.0,2027-10-09T17:04:52.655375,enviado,100,True
3731,4178,1469,-5,100.0,150.0,2027-10-09T17:04:52.655375,entregue,100,True
3732,1952,1650,-5,100.0,150.0,2027-10-09T17:04:52.655375,cancelado,100,True
3733,1586,99652,-5,100.0,150.0,2027-10-09T17:04:52.655375,entregue,100,True
3734,722,94855,-5,100.0,150.0,2027-10-09T17:04:52.655375,entregue,100,True
3735,4851,1341,-7,100.0,150.0,2027-10-09T17:04:52.655375,pago,100,True
3736,1009,98371,-7,100.0,150.0,2027-10-09T17:04:52.655375,pendente,100,True
3737,4287,975,-7,100.0,150.0,2027-10-09T17:04:52.655540,cancelado,100,True
3738,4589,1969,-7,100.0,150.0,2027-10-09T17:04:52.655540,pendente,6,True
3739,1500,4262,-7,100.0,150.0,2027-10-09T17:04:52.655557,enviado,6,True
3740,449,380,-7,100.0,150.0,2027-10-09T17:04:52.655566,enviado,6,True
3741,810,2144,-9,100.0,150.0,2027-10-09T17:04:52.655566,enviado,6,True
3742,2125,4737,-8,100.0,150.0,2027-10-09T17:04:52.655566,pendente,6,True
3743,91260,3295,-8,100.0,150.0,2027-10-09T17:04:52.655566,entregue,6,True
3744,1475,1137,-8,100.0,150.0,2027-10-09T17:04:52.655566,enviado,6,True
3745,1126,2840,-8,100.0,150.0,2027-10-09T17:04:52.655607,pago,6,True
3746,1084,3531,-8,100.0,150.0,2027-10-09T17:04:52.655607,pago,6,True
3747,2781,4847,-8,100.0,150.0,2027-10-09T17:04:52.655607,enviado,6,True
3748,532,90171,-8,100.0,150.0,2027-10-09T17:04:52.655607,cancelado,6,True
3749,118,3277,-8,100.0,150.0,2027-10-09T17:04:52.655607,cancelado,10,True
3750,227,597,-3,100.0,150.0,2027-10-09T17:04:52.655607,pendente,10,True
3751,4947,93087,-3,100.0,150.0,2027-10-09T17:04:52.655607,pago,10,True
3752,1155,4520,-7,100.0,150.0,2027-10-09T17:04:52.655607,cancelado,10,True
3753,4269,98401,-7,100.0,150.0,2027-10-09T17:04:52.655607,enviado,10,True
3754,2311,1718,-7,100.0,150.0,2027-10-09T17:04:52.655607,entregue,10,True
3755,1052,2384,-7,100.0,150.0,2027-10-09T17:04:52.655607,enviado,10,True
3756,3372,1220,-7,100.0,150.0,2027-10-09T17:04:52.655607,cancelado,10,True
3757,2367,393,-7,100.0,150.0,2027-10-09T17:04:52.655704,pendente,10,True
3758,3028,27,-7,100.0,150.0,2027-10-09T17:04:52.655704,pago,10,True
3759,3238,2036,-4,100.0,150.0,2027-10-09T17:04:52.655704,enviado,10,True
3760,1999,97460,-4,100.0,150.0,2027-10-09T17:04:52.655704,enviado,10,True
3761,4901,95930,-4,100.0,150.0,2027-10-09T17:04:52.655704,entregue,10,True
3762,4639,3982,-8,100.0,150.0,2027-10-09T17:04:52.655704,cancelado,10,True
3763,2532,2861,-8,-182.34,150.0,2027-10-09T17:04:52.655704,enviado,10,True
3764,93795,3592,-8,-182.34,150.0,2027-10-09T17:04:52.655704,enviado,10,True
3765,3000,3624,-8,100.0,150.0,2027-10-09T17:04:52.655704,entregue,10,True
3766,1790,3487,-8,100.0,150.0,2027-10-09T17:04:52.655704,pago,,True
3767,3797,3677,-8,100.0,150.0,2027-10-09T17:04:52.655704,cancelado,,True
3768,2404,2701,-8,-19.28,150.0,2027-10-09T17:04:52.655704,enviado,,True
3769,2673,2557,-3,-19.28,150.0,2027-10-09T17:04:52.655704,pendente,,True
3770,2167,4035,-2,-19.28,150.0,2027-10-09T17:04:52.655704,enviado,,True
3771,2208,441,-2,-19.28,150.0,2027-10-09T17:04:52.655817,cancelado,,True
3772,934,1619,-2,-654.11,150.0,2027-10-09T17:04:52.655817,pago,,True
3773,1468,91106,-2,-654.11,150.0,2027-10-09T17:04:52.655817,entregue,,True
3774,609,3088,-8,-654.11,150.0,2027-10-09T17:04:52.655817,enviado,,True
3775,2438,95490,-8,-654.11,150.0,2027-10-09T17:04:52.655817,pago,,True
3776,90148,3174,-8,-654.11,150.0,2027-10-09T17:04:52.655817,enviado,,True
3777,2104,3063,-8,-581.56,150.0,2027-10-09T17:04:52.655817,enviado,,True
3778,4446,92739,-8,-581.56,150.0,2027-10-09T17:04:52.655817,cancelado,,True
3779,4656,93860,-8,-581.56,150.0,2027-10-09T17:04:52.655817,enviado,,True
3780,92405,2611,-8,-581.56,150.0,2027-10-09T17:04:52.655817,pago,,True
3781,4703,1057,-8,-938.9,150.0,2027-10-09T17:04:52.655817,enviado,,True
3782,2136,1964,-8,100.0,150.0,2027-10-09T17:04:52.655817,cancelado,,True
3783,92940,253,-8,100.0,150.0,2027-10-09T17:04:52.655817,cancelado,,True
3784,401,92884,-8,100.0,150.0,2027-10-09T17:04:52.655817,entregue,,True
3785,629,4412,-8,100.0,150.0,2027-10-09T17:04:52.655817,cancelado,6,True
3786,3963,1656,-8,100.0,150.0,2027-10-09T17:04:52.655817,enviado,6,True
3787,1295,4523,-8,100.0,150.0,2027-10-09T17:04:52.655817,pendente,-1,True
3788,96037,209,-8,100.0,150.0,2027-10-09T17:04:52.655817,entregue,-1,True
3789,1763,4654,-8,100.0,150.0,2027-10-09T17:04:52.655817,pago,-1,True
3790,2638,3035,-8,-767.11,150.0,2027-10-09T17:04:52.655817,cancelado,-1,True
3791,98020,2946,-8,-767.11,150.0,2027-10-09T17:04:52.655817,pago,-1,True
3792,4020,99545,-8,-767.11,150.0,2027-10-09T17:04:52.655817,entregue,-1,True
3793,4107,3142,-8,-767.11,150.0,2027-10-09T17:04:52.655817,enviado,100,True
3794,4157,3842,-8,100.0,150.0,2027-10-09T17:04:52.655817,pendente,100,True
3795,4677,99964,-8,100.0,150.0,2027-10-09T17:04:52.655817,enviado,100,True
3796,4147,92011,-8,100.0,150.0,2027-10-09T17:04:52.655817,pendente,100,True
3797,1370,4629,-8,100.0,150.0,2027-10-09T17:04:52.655817,pago,10,True
3798,4504,90651,-8,100.0,150.0,2027-10-09T17:04:52.655817,pendente,10,True
3799,98706,4654,-8,100.0,150.0,2027-10-09T17:04:52.655817,pendente,10,True
3800,2486,486,-8,100.0,150.0,2027-10-09T17:04:52.655817,enviado,6,True
3801,858,3678,-8,100.0,150.0,2027-10-09T17:04:52.656065,enviado,6,True
3802,468,609,-8,100.0,150.0,2027-10-09T17:04:52.656065,pendente,6,True
3803,4600,97956,-8,100.0,150.0,2027-10-09T17:04:52.656065,entregue,6,True
3804,97,2145,-8,100.0,150.0,2027-10-09T17:04:52.656065,cancelado,6,True
3805,95286,3565,-8,100.0,150.0,2027-10-09T17:04:52.656065,pendente,6,True
3806,916,99642,-8,100.0,150.0,2027-10-09T17:04:52.656065,cancelado,6,True
3807,95375,3756,-8,100.0,150.0,2027-10-09T17:04:52.656065,enviado,6,True
3808,2442,3503,-8,100.0,150.0,2027-10-09T17:04:52.656065,entregue,6,True
3809,4754,4005,-8,100.0,150.0,2027-10-09T17:04:52.656131,enviado,6,True
3810,2572,3372,-8,100.0,150.0,2027-10-09T17:04:52.656131,cancelado,6,True
3811,1495,2232,-7,100.0,150.0,2027-10-09T17:04:52.656131,pendente,6,True
3812,2706,2363,-7,100.0,150.0,2027-10-09T17:04:52.656131,enviado,6,True
3813,93070,4031,-7,100.0,150.0,2027-10-09T17:04:52.656131,enviado,6,True
3814,93142,1510,-7,100.0,150.0,2027-10-09T17:04:52.656131,pendente,6,True
3815,133,4976,-7,100.0,150.0,2027-10-09T17:04:52.656182,pago,6,True
3816,96706,2527,-7,100.0,150.0,2027-10-09T17:04:52.656182,pago,6,True
3817,3206,1375,-7,100.0,150.0,2027-10-09T17:04:52.656182,pago,6,True
3818,3470,810,-7,100.0,150.0,2027-10-09T17:04:52.656207,entregue,6,True
3819,3611,1199,-10,100.0,150.0,2027-10-09T17:04:52.656207,cancelado,6,True
3820,93061,202,-10,100.0,150.0,2027-10-09T17:04:52.656207,cancelado,6,True
3821,94958,3035,-10,100.0,150.0,2027-10-09T17:04:52.656207,entregue,6,True
3822,3047,1239,-10,100.0,150.0,2027-10-09T17:04:52.656240,entregue,6,True
3823,3021,565,-10,-402.49,150.0,2027-10-09T17:04:52.656240,enviado,6,True
3824,541,4892,-10,100.0,150.0,2027-10-09T17:04:52.656240,enviado,6,True
3825,4866,94622,-10,100.0,150.0,2027-10-09T17:04:52.656240,cancelado,6,True
3826,3635,694,-10,100.0,150.0,2027-10-09T17:04:52.656240,pago,10,True
3827,1063,1038,-7,100.0,150.0,2027-10-09T17:04:52.656240,enviado,10,True
3828,4650,95134,-7,100.0,150.0,2027-10-09T17:04:52.656240,pago,10,True
3829,90117,583,-7,100.0,150.0,2027-10-09T17:04:52.656240,enviado,10,True
3830,4591,685,-7,100.0,150.0,2027-10-09T17:04:52.656240,cancelado,,True
3831,4515,1703,-8,100.0,150.0,2027-10-09T17:04:52.656240,entregue,,True
3832,3561,1615,-8,100.0,150.0,2027-10-09T17:04:52.656240,pago,,True
3833,3433,3316,-8,100.0,150.0,2027-10-09T17:04:52.656330,pago,,True
3834,2317,4578,-8,100.0,150.0,2027-10-09T17:04:52.656330,enviado,,True
3835,3804,505,-8,100.0,150.0,2027-10-09T17:04:52.656347,enviado,,True
3836,4531,1684,-8,-973.14,150.0,2027-10-09T17:04:52.656347,pendente,,True
3837,2096,1981,-7,-973.14,150.0,2027-10-09T17:04:52.656347,pago,,True
3838,4432,93183,-7,-973.14,150.0,2027-10-09T17:04:52.656347,pendente,,True
3839,95330,2299,-7,-973.14,150.0,2027-10-09T17:04:52.656347,pendente,,True
3840,3323,95654,-7,-973.14,150.0,2027-10-09T17:04:52.656347,entregue,,True
3841,245,1637,-7,100.0,150.0,2027-10-09T17:04:52.656347,enviado,,True
3842,2151,3300,-7,100.0,150.0,2027-10-09T17:04:52.656347,entregue,10,True
3843,97529,643,-7,100.0,150.0,2027-10-09T17:04:52.656347,cancelado,10,True
3844,2198,2772,-3,100.0,150.0,2027-10-09T17:04:52.656347,pendente,10,True
3845,94856,612,-3,100.0,150.0,2027-10-09T17:04:52.656347,pago,10,True
3846,90527,2777,-3,100.0,150.0,2027-10-09T17:04:52.656347,enviado,10,True
3847,97353,4424,-3,100.0,150.0,2027-10-09T17:04:52.656347,cancelado,10,True
3848,2890,3443,-4,100.0,150.0,2027-10-09T17:04:52.656347,pago,10,True
3849,2755,95252,-4,100.0,150.0,2027-10-09T17:04:52.656347,pago,10,True
3850,4560,2299,-4,-687.72,150.0,2027-10-09T17:04:52.656347,enviado,10,True
3851,1029,2846,-9,-687.72,150.0,2027-10-09T17:04:52.656347,enviado,10,True
3852,1397,1267,-4,-687.72,150.0,2027-10-09T17:04:52.656347,pendente,10,True
3853,1698,2549,-4,100.0,150.0,2027-10-09T17:04:52.656347,enviado,10,True
3854,36,2555,-4,100.0,150.0,2027-10-09T17:04:52.656347,cancelado,10,True
3855,264,3547,-4,100.0,150.0,2027-10-09T17:04:52.656347,enviado,6,True
3856,1204,2762,-4,100.0,150.0,2027-10-09T17:04:52.656347,cancelado,10,True
3857,4479,1531,-4,-545.98,150.0,2027-10-09T17:04:52.656347,enviado,10,True
3858,2007,4511,-4,-545.98,150.0,2027-10-09T17:04:52.656347,cancelado,6,True
3859,4671,91952,-4,-545.98,150.0,2027-10-09T17:04:52.656347,enviado,6,True
3860,1036,230,-4,100.0,150.0,2027-10-09T17:04:52.656347,entregue,6,True
3861,3789,94,-4,-397.84,150.0,2027-10-09T17:04:52.656347,pago,6,True
3862,2535,4912,-4,-883.03,150.0,2027-10-09T17:04:52.656347,cancelado,6,True
3863,2940,3412,-4,-883.03,150.0,2027-10-09T17:04:52.656603,pendente,6,True
3864,4192,97215,-4,-883.03,150.0,2027-10-09T17:04:52.656603,entregue,6,True
3865,3741,2784,-4,-540.3,150.0,2027-10-09T17:04:52.656603,entregue,6,True
3866,1943,1418,-4,-364.33,150.0,2027-10-09T17:04:52.656603,cancelado,6,True
3867,95735,3687,-4,-364.33,150.0,2027-10-09T17:04:52.656603,pago,6,True
3868,1808,4647,-4,-923.31,150.0,2027-10-09T17:04:52.656603,pendente,6,True
3869,91381,2485,-4,-923.31,150.0,2027-10-09T17:04:52.656603,entregue,6,True
3870,2779,4198,-4,-923.31,150.0,2027-10-09T17:04:52.656603,enviado,,True
3871,1734,95249,-4,-923.31,150.0,2027-10-09T17:04:52.656603,cancelado,,True
3872,174,1813,-4,-923.31,150.0,2027-10-09T17:04:52.656603,pago,-1,True
3873,3761,3910,-4,100.0,150.0,2027-10-09T17:04:52.656603,enviado,-1,True
3874,3017,4001,-4,-197.31,150.0,2027-10-09T17:04:52.656603,cancelado,-1,True
3875,99505,3815,-4,-197.31,150.0,2027-10-09T17:04:52.656603,pago,-1,True
3876,4867,578,-4,-197.31,150.0,2027-10-09T17:04:52.656720,pago,-1,True
3877,2116,1950,-4,-197.31,150.0,2027-10-09T17:04:52.656720,cancelado,6,True
3878,3138,93157,-4,-197.31,150.0,2027-10-09T17:04:52.656720,enviado,6,True
3879,1341,3780,-2,-197.31,150.0,2027-10-09T17:04:52.656720,cancelado,6,True
3880,3891,92220,-2,-197.31,150.0,2027-10-09T17:04:52.656720,enviado,6,True
3881,105,704,-2,-197.31,150.0,2027-10-09T17:04:52.656720,enviado,-1,True
3882,4065,982,-2,-197.31,150.0,2027-10-09T17:04:52.656720,enviado,6,True
3883,1440,1744,-7,-197.31,150.0,2027-10-09T17:04:52.656720,pago,6,True
3884,4307,2071,-7,-197.31,150.0,2027-10-09T17:04:52.656720,pendente,6,True
3885,1215,3874,-7,-197.31,150.0,2027-10-09T17:04:52.656794,enviado,6,True
3886,335,93945,-7,-197.31,150.0,2027-10-09T17:04:52.656794,entregue,6,True
3887,135,4786,-7,100.0,150.0,2027-10-09T17:04:52.656794,enviado,6,True
3888,130,94183,-7,100.0,150.0,2027-10-09T17:04:52.656794,pago,6,True
3889,1441,4112,-7,100.0,150.0,2027-10-09T17:04:52.656827,pendente,6,True
3890,4823,91278,-7,100.0,150.0,2027-10-09T17:04:52.656827,enviado,6,True
3891,3046,94540,-7,100.0,150.0,2027-10-09T17:04:52.656827,pendente,6,True
3892,106,3882,-7,-771.58,150.0,2027-10-09T17:04:52.656827,enviado,6,True
3893,90584,4780,-7,-771.58,150.0,2027-10-09T17:04:52.656827,pendente,6,True
3894,649,2987,-7,-771.58,150.0,2027-10-09T17:04:52.656827,pendente,6,True
3895,854,4892,-2,-771.58,150.0,2027-10-09T17:04:52.656827,entregue,6,True
3896,2142,90663,-2,-771.58,150.0,2027-10-09T17:04:52.656827,pendente,6,True
3897,2071,4453,-2,-771.58,150.0,2027-10-09T17:04:52.656899,pago,6,True
3898,3129,902,-2,-771.58,150.0,2027-10-09T17:04:52.656909,pago,6,True
3899,393,2617,-2,-861.11,150.0,2027-10-09T17:04:52.656909,pendente,6,True
3900,4944,4496,-2,-861.11,150.0,2027-10-09T17:04:52.656909,enviado,10,True
3901,3332,1247,-2,-861.11,150.0,2027-10-09T17:04:52.656909,pago,10,True
3902,4424,96738,-2,-861.11,150.0,2027-10-09T17:04:52.656909,entregue,10,True
3903,2831,1179,-2,-861.11,150.0,2027-10-09T17:04:52.656951,pago,10,True
3904,92655,959,-2,-861.11,150.0,2027-10-09T17:04:52.656951,entregue,10,True
3905,459,3930,-2,-861.11,150.0,2027-10-09T17:04:52.656951,pago,6,True
3906,98380,2249,-2,-861.11,150.0,2027-10-09T17:04:52.656951,cancelado,6,True
3907,1548,2880,-2,-861.11,150.0,2027-10-09T17:04:52.656951,entregue,10,True
3908,3265,4462,-2,-861.11,150.0,2027-10-09T17:04:52.656993,pago,10,True
3909,394,3233,-2,-884.47,150.0,2027-10-09T17:04:52.656993,pendente,10,True
3910,2559,2015,-2,100.0,150.0,2027-10-09T17:04:52.656993,cancelado,10,True
3911,4669,2569,-2,100.0,150.0,2027-10-09T17:04:52.656993,cancelado,,True
3912,2842,4130,-2,100.0,150.0,2027-10-09T17:04:52.656993,enviado,,True
3913,3162,94142,-2,100.0,150.0,2027-10-09T17:04:52.656993,enviado,,True
3914,4966,96863,-2,100.0,150.0,2027-10-09T17:04:52.656993,entregue,,True
3915,1459,2672,-2,100.0,150.0,2027-10-09T17:04:52.656993,entregue,,True
3916,569,2804,-2,100.0,150.0,2027-10-09T17:04:52.656993,entregue,-1,True
3917,97789,145,-2,100.0,150.0,2027-10-09T17:04:52.656993,entregue,-1,True
3918,1867,3518,-9,100.0,150.0,2027-10-09T17:04:52.656993,enviado,-1,True
3919,3765,1821,-2,100.0,150.0,2027-10-09T17:04:52.656993,entregue,-1,True
3920,4696,2504,-2,100.0,150.0,2027-10-09T17:04:52.656993,pago,-1,True
3921,3489,2968,-2,-424.36,150.0,2027-10-09T17:04:52.656993,pago,-1,True
3922,3160,2079,-10,-424.36,150.0,2027-10-09T17:04:52.656993,entregue,-1,True
3923,2039,94032,-10,-424.36,150.0,2027-10-09T17:04:52.656993,entregue,-1,True
3924,3787,653,-10,-424.36,150.0,2027-10-09T17:04:52.656993,pendente,,True
3925,95408,4272,-10,-424.36,150.0,2027-10-09T17:04:52.656993,pago,,True
3926,90026,1525,-10,-424.36,150.0,2027-10-09T17:04:52.656993,pendente,,True
3927,95752,2945,-10,-424.36,150.0,2027-10-09T17:04:52.656993,pendente,,True
3928,98061,1466,-10,-424.36,150.0,2027-10-09T17:04:52.656993,pago,,True
3929,94197,1076,-10,-424.36,150.0,2027-10-09T17:04:52.656993,entregue,,True
3930,3159,95440,-10,-424.36,150.0,2027-10-09T17:04:52.656993,enviado,,True
3931,60,3475,-10,100.0,150.0,2027-10-09T17:04:52.656993,entregue,,True
3932,95455,3018,-10,100.0,150.0,2027-10-09T17:04:52.656993,cancelado,,True
3933,4666,1438,-5,100.0,150.0,2027-10-09T17:04:52.656993,enviado,,True
3934,3836,2335,-5,-205.94,150.0,2027-10-09T17:04:52.656993,pendente,,True
3935,4582,94240,-5,-205.94,150.0,2027-10-09T17:04:52.656993,enviado,,True
3936,412,1045,-8,-205.94,150.0,2027-10-09T17:04:52.656993,pendente,,True
3937,2014,4283,-8,100.0,150.0,2027-10-09T17:04:52.656993,entregue,,True
3938,4834,2384,-8,-325.36,150.0,2027-10-09T17:04:52.656993,pago,,True
3939,3924,2817,-8,-325.36,150.0,2027-10-09T17:04:52.657255,cancelado,,True
3940,3498,1006,-8,-325.36,150.0,2027-10-09T17:04:52.657255,cancelado,6,True
3941,3544,257,-8,-325.36,150.0,2027-10-09T17:04:52.657255,pendente,-1,True
3942,1734,534,-8,-325.36,150.0,2027-10-09T17:04:52.657281,pago,-1,True
3943,622,4852,-8,100.0,150.0,2027-10-09T17:04:52.657281,enviado,-1,True
3944,2666,1306,-8,-232.78,150.0,2027-10-09T17:04:52.657281,pendente,-1,True
3945,1729,401,-8,-232.78,150.0,2027-10-09T17:04:52.657313,enviado,-1,True
3946,1461,2724,-8,100.0,150.0,2027-10-09T17:04:52.657313,pendente,-1,True
3947,97171,2461,-8,100.0,150.0,2027-10-09T17:04:52.657313,enviado,-1,True
3948,1066,4427,-8,100.0,150.0,2027-10-09T17:04:52.657341,cancelado,-1,True
3949,3032,393,-8,-191.89,150.0,2027-10-09T17:04:52.657341,cancelado,-1,True
3950,4122,100,-8,-191.89,150.0,2027-10-09T17:04:52.657360,enviado,-1,True
3951,94959,3837,-8,-191.89,150.0,2027-10-09T17:04:52.657360,entregue,-1,True
3952,148,4851,-1,-191.89,150.0,2027-10-09T17:04:52.657360,pago,-1,True
3953,27,584,-1,-191.89,150.0,2027-10-09T17:04:52.657360,entregue,10,True
3954,92,460,-1,-191.89,150.0,2027-10-09T17:04:52.657396,cancelado,10,True
3955,653,1930,-1,-141.18,150.0,2027-10-09T17:04:52.657396,cancelado,10,True
3956,98273,702,-1,-141.18,150.0,2027-10-09T17:04:52.657396,pago,10,True
3957,1954,183,-1,-788.79,150.0,2027-10-09T17:04:52.657396,entregue,10,True
3958,2030,3036,-1,-788.79,150.0,2027-10-09T17:04:52.657396,pendente,100,True
3959,4359,2875,-1,-878.73,150.0,2027-10-09T17:04:52.657396,pendente,100,True
3960,2054,1155,-1,100.0,150.0,2027-10-09T17:04:52.657396,cancelado,100,True
3961,1937,90809,-1,100.0,150.0,2027-10-09T17:04:52.657396,pago,100,True
3962,92599,3393,-1,100.0,150.0,2027-10-09T17:04:52.657396,entregue,100,True
3963,4857,3944,-1,100.0,150.0,2027-10-09T17:04:52.657396,pendente,100,True
3964,92944,3254,-1,100.0,150.0,2027-10-09T17:04:52.657396,entregue,100,True
3965,1606,94749,-1,100.0,150.0,2027-10-09T17:04:52.657396,pendente,100,True
3966,838,4747,-1,100.0,150.0,2027-10-09T17:04:52.657396,pendente,100,True
3967,2032,1559,-1,-441.28,150.0,2027-10-09T17:04:52.657396,pendente,100,True
3968,4311,3174,-5,-441.28,150.0,2027-10-09T17:04:52.657396,pendente,100,True
3969,1558,733,-5,-441.28,150.0,2027-10-09T17:04:52.657521,cancelado,100,True
3970,1735,3962,-5,-399.34,150.0,2027-10-09T17:04:52.657521,pago,100,True
3971,95764,3799,-5,-399.34,150.0,2027-10-09T17:04:52.657521,cancelado,100,True
3972,2859,275,-1,-399.34,150.0,2027-10-09T17:04:52.657521,entregue,100,True
3973,4414,2292,-1,-115.39,150.0,2027-10-09T17:04:52.657521,pago,100,True
3974,3004,1644,-1,-115.39,150.0,2027-10-09T17:04:52.657564,cancelado,100,True
3975,4729,3870,-1,-115.39,150.0,2027-10-09T17:04:52.657573,pendente,100,True
3976,91325,1674,-1,-115.39,150.0,2027-10-09T17:04:52.657573,pendente,100,True
3977,423,4399,-1,-115.39,150.0,2027-10-09T17:04:52.657573,pendente,10,True
3978,805,4203,-1,-115.39,150.0,2027-10-09T17:04:52.657573,pago,-1,True
3979,2882,147,-1,-115.39,150.0,2027-10-09T17:04:52.657573,pendente,10,True
3980,4138,2302,-1,-333.69,150.0,2027-10-09T17:04:52.657573,enviado,10,True
3981,1148,1980,-7,-333.69,150.0,2027-10-09T17:04:52.657573,enviado,10,True
3982,1804,482,-7,100.0,150.0,2027-10-09T17:04:52.657573,enviado,10,True
3983,1302,2708,-7,100.0,150.0,2027-10-09T17:04:52.657573,enviado,100,True
3984,1854,90193,-7,100.0,150.0,2027-10-09T17:04:52.657573,enviado,100,True
3985,4690,586,-7,100.0,150.0,2027-10-09T17:04:52.657573,entregue,100,True
3986,2169,3392,-6,100.0,150.0,2027-10-09T17:04:52.657573,enviado,100,True
3987,1833,98334,-6,100.0,150.0,2027-10-09T17:04:52.657573,entregue,100,True
3988,2666,1876,-6,100.0,150.0,2027-10-09T17:04:52.657682,entregue,100,True
3989,2089,1809,-7,100.0,150.0,2027-10-09T17:04:52.657682,entregue,100,True
3990,92258,1116,-7,100.0,150.0,2027-10-09T17:04:52.657682,pago,100,True
3991,2744,94557,-7,100.0,150.0,2027-10-09T17:04:52.657682,enviado,100,True
3992,3423,3295,-7,-221.85,150.0,2027-10-09T17:04:52.657682,pendente,100,True
3993,4937,1021,-7,-221.85,150.0,2027-10-09T17:04:52.657725,pendente,100,True
3994,92533,1745,-7,-221.85,150.0,2027-10-09T17:04:52.657725,enviado,100,True
3995,3122,2702,-7,-221.85,150.0,2027-10-09T17:04:52.657725,pendente,-1,True
3996,1546,98802,-7,-221.85,150.0,2027-10-09T17:04:52.657725,entregue,-1,True
3997,1142,1927,-7,100.0,150.0,2027-10-09T17:04:52.657725,pago,-1,True
3998,2623,2880,-7,100.0,150.0,2027-10-09T17:04:52.657725,enviado,,True
3999,1693,3723,-7,-30.46,150.0,2027-10-09T17:04:52.657725,entregue,,True
4000,4844,3408,-7,-30.46,150.0,2027-10-09T17:04:52.657781,pago,,True
4001,720,2497,-5,-30.46,150.0,2027-10-09T17:04:52.657781,entregue,,True
4002,96741,3660,-5,-30.46,150.0,2027-10-09T17:04:52.657781,pendente,,True
4003,484,98415,-5,-30.46,150.0,2027-10-09T17:04:52.657781,cancelado,,True
4004,1063,3674,-5,100.0,150.0,2027-10-09T17:04:52.657781,cancelado,,True
4005,1614,2321,-5,100.0,150.0,2027-10-09T17:04:52.657781,pendente,-1,True
4006,93613,3849,-5,100.0,150.0,2027-10-09T17:04:52.657781,entregue,-1,True
4007,3142,1139,-5,100.0,150.0,2027-10-09T17:04:52.657840,pago,-1,True
4008,95351,2763,-5,100.0,150.0,2027-10-09T17:04:52.657840,pago,-1,True
4009,98337,4634,-5,100.0,150.0,2027-10-09T17:04:52.657840,pago,-1,True
4010,3224,93935,-5,100.0,150.0,2027-10-09T17:04:52.657840,cancelado,-1,True
4011,4148,2594,-5,-894.45,150.0,2027-10-09T17:04:52.657840,enviado,-1,True
4012,4883,167,-5,100.0,150.0,2027-10-09T17:04:52.657840,pago,-1,True
4013,3874,1900,-5,-658.7,150.0,2027-10-09T17:04:52.657840,pago,-1,True
4014,3993,3434,-5,-658.7,150.0,2027-10-09T17:04:52.657899,enviado,-1,True
4015,2001,638,-5,-715.08,150.0,2027-10-09T17:04:52.657899,entregue,-1,True
4016,4794,2768,-10,-715.08,150.0,2027-10-09T17:04:52.657899,pendente,-1,True
4017,95983,3336,-10,-715.08,150.0,2027-10-09T17:04:52.657899,cancelado,-1,True
4018,1989,3202,-10,100.0,150.0,2027-10-09T17:04:52.657899,entregue,-1,True
4019,525,1569,-10,100.0,150.0,2027-10-09T17:04:52.657899,entregue,10,True
4020,3167,4962,-10,100.0,150.0,2027-10-09T17:04:52.657899,cancelado,10,True
4021,2843,316,-10,-840.73,150.0,2027-10-09T17:04:52.657899,cancelado,10,True
4022,936,2091,-10,-840.73,150.0,2027-10-09T17:04:52.657899,cancelado,6,True
4023,4215,91852,-10,-840.73,150.0,2027-10-09T17:04:52.657899,pago,6,True
4024,3712,1986,-10,-111.23,150.0,2027-10-09T17:04:52.657899,entregue,6,True
4025,1330,1392,-10,100.0,150.0,2027-10-09T17:04:52.657899,pendente,6,True
4026,580,1726,-10,100.0,150.0,2027-10-09T17:04:52.657998,cancelado,6,True
4027,93239,3060,-10,100.0,150.0,2027-10-09T17:04:52.657998,pendente,6,True
4028,4981,669,-10,100.0,150.0,2027-10-09T17:04:52.658016,pago,6,True
4029,876,4855,-10,-76.12,150.0,2027-10-09T17:04:52.658016,pago,6,True
4030,373,1046,-10,-76.12,150.0,2027-10-09T17:04:52.658034,pago,6,True
4031,1694,2926,-10,-310.46,150.0,2027-10-09T17:04:52.658034,pago,6,True
4032,116,1874,-10,-310.46,150.0,2027-10-09T17:04:52.658051,entregue,6,True
4033,91641,4731,-10,-310.46,150.0,2027-10-09T17:04:52.658051,enviado,6,True
4034,4270,2621,-9,-310.46,150.0,2027-10-09T17:04:52.658051,enviado,6,True
4035,90524,1909,-9,-310.46,150.0,2027-10-09T17:04:52.658051,enviado,6,True
4036,2097,1516,-9,-786.32,150.0,2027-10-09T17:04:52.658051,entregue,6,True
4037,115,4687,-9,-786.32,150.0,2027-10-09T17:04:52.658096,pendente,6,True
4038,4465,2964,-9,-258.38,150.0,2027-10-09T17:04:52.658096,enviado,6,True
4039,1925,2849,-9,-258.38,150.0,2027-10-09T17:04:52.658096,cancelado,6,True
4040,1824,2350,-9,-258.38,150.0,2027-10-09T17:04:52.658096,entregue,10,True
4041,93793,1332,-9,-258.38,150.0,2027-10-09T17:04:52.658096,cancelado,10,True
4042,2652,600,-8,-258.38,150.0,2027-10-09T17:04:52.658096,pendente,10,True
4043,838,1975,-8,100.0,150.0,2027-10-09T17:04:52.658096,entregue,10,True
4044,2946,90476,-8,100.0,150.0,2027-10-09T17:04:52.658096,cancelado,10,True
4045,2020,2855,-8,-444.41,150.0,2027-10-09T17:04:52.658096,enviado,10,True
4046,2265,4439,-8,-444.41,150.0,2027-10-09T17:04:52.658179,pago,10,True
4047,3021,4115,-8,-444.41,150.0,2027-10-09T17:04:52.658188,enviado,10,True
4048,94093,1217,-8,-444.41,150.0,2027-10-09T17:04:52.658188,pendente,10,True
4049,2519,2915,-8,100.0,150.0,2027-10-09T17:04:52.658188,cancelado,10,True
4050,2836,2456,-8,100.0,150.0,2027-10-09T17:04:52.658214,pago,10,True
4051,1484,3694,-1,100.0,150.0,2027-10-09T17:04:52.658214,entregue,10,True
4052,116,4497,-1,-125.56,150.0,2027-10-09T17:04:52.658214,pago,10,True
4053,3815,1177,-1,100.0,150.0,2027-10-09T17:04:52.658214,enviado,10,True
4054,1478,3418,-9,100.0,150.0,2027-10-09T17:04:52.658214,enviado,10,True
4055,1092,632,-9,100.0,150.0,2027-10-09T17:04:52.658214,pendente,100,True
4056,3316,2409,-9,100.0,150.0,2027-10-09T17:04:52.658263,pago,100,True
4057,93600,1785,-9,100.0,150.0,2027-10-09T17:04:52.658263,entregue,100,True
4058,2762,1989,-9,100.0,150.0,2027-10-09T17:04:52.658263,cancelado,100,True
4059,1701,97520,-9,100.0,150.0,2027-10-09T17:04:52.658263,cancelado,100,True
4060,3961,1110,-9,100.0,150.0,2027-10-09T17:04:52.658263,entregue,100,True
4061,156,2244,-3,100.0,150.0,2027-10-09T17:04:52.658263,pago,100,True
4062,1101,97274,-3,100.0,150.0,2027-10-09T17:04:52.658263,cancelado,100,True
4063,2695,1143,-3,100.0,150.0,2027-10-09T17:04:52.658263,enviado,-1,True
4064,1441,2384,-2,100.0,150.0,2027-10-09T17:04:52.658263,enviado,-1,True
4065,1192,3039,-2,100.0,150.0,2027-10-09T17:04:52.658263,entregue,10,True
4066,3357,3862,-10,100.0,150.0,2027-10-09T17:04:52.658263,pago,10,True
4067,3330,1972,-10,-876.65,150.0,2027-10-09T17:04:52.658263,cancelado,10,True
4068,1651,3111,-6,-876.65,150.0,2027-10-09T17:04:52.658263,pendente,10,True
4069,3113,859,-5,-876.65,150.0,2027-10-09T17:04:52.658263,entregue,10,True
4070,4444,94293,-5,-876.65,150.0,2027-10-09T17:04:52.658263,pendente,10,True
4071,939,827,-5,100.0,150.0,2027-10-09T17:04:52.658263,cancelado,10,True
4072,90622,4930,-5,100.0,150.0,2027-10-09T17:04:52.658263,cancelado,10,True
4073,1241,4840,-5,100.0,150.0,2027-10-09T17:04:52.658403,cancelado,10,True
4074,4314,3743,-5,100.0,150.0,2027-10-09T17:04:52.658403,pago,,True
4075,522,1743,-7,100.0,150.0,2027-10-09T17:04:52.658403,entregue,,True
4076,120,4584,-7,100.0,150.0,2027-10-09T17:04:52.658403,pendente,,True
4077,2917,1574,-7,100.0,150.0,2027-10-09T17:04:52.658403,cancelado,,True
4078,90460,4916,-7,100.0,150.0,2027-10-09T17:04:52.658403,pago,,True
4079,3385,3131,-7,100.0,150.0,2027-10-09T17:04:52.658452,enviado,,True
4080,2330,94348,-7,100.0,150.0,2027-10-09T17:04:52.658452,enviado,,True
4081,1335,365,-9,100.0,150.0,2027-10-09T17:04:52.658452,pago,,True
4082,1167,92660,-9,100.0,150.0,2027-10-09T17:04:52.658452,enviado,,True
4083,3642,3756,-9,100.0,150.0,2027-10-09T17:04:52.658452,pago,,True
4084,4770,318,-9,100.0,150.0,2027-10-09T17:04:52.658493,pendente,,True
4085,4858,3900,-9,-873.22,150.0,2027-10-09T17:04:52.658493,entregue,,True
4086,2112,2673,-9,-873.22,150.0,2027-10-09T17:04:52.658512,pendente,,True
4087,4177,4263,-9,-263.43,150.0,2027-10-09T17:04:52.658512,pago,,True
4088,92577,4135,-9,-263.43,150.0,2027-10-09T17:04:52.658512,pago,,True
4089,3386,96597,-9,-263.43,150.0,2027-10-09T17:04:52.658512,pago,,True
4090,2462,3535,-9,-263.43,150.0,2027-10-09T17:04:52.658512,pago,,True
4091,94437,234,-9,-263.43,150.0,2027-10-09T17:04:52.658512,entregue,,True
4092,517,1241,-10,-263.43,150.0,2027-10-09T17:04:52.658512,entregue,,True
4093,346,4678,-10,-263.43,150.0,2027-10-09T17:04:52.658512,cancelado,,True
4094,4203,4065,-10,-263.43,150.0,2027-10-09T17:04:52.658512,cancelado,100,True
4095,2191,2044,-6,-263.43,150.0,2027-10-09T17:04:52.658512,entregue,100,True
4096,1289,1493,-6,100.0,150.0,2027-10-09T17:04:52.658512,pago,100,True
4097,638,512,-6,-532.71,150.0,2027-10-09T17:04:52.658512,cancelado,100,True
4098,535,4807,-6,100.0,150.0,2027-10-09T17:04:52.658512,pago,100,True
4099,2026,333,-4,100.0,150.0,2027-10-09T17:04:52.658512,entregue,100,True
4100,90024,3148,-4,100.0,150.0,2027-10-09T17:04:52.658512,enviado,100,True
4101,746,2558,-4,100.0,150.0,2027-10-09T17:04:52.658634,pago,100,True
4102,42,206,-4,100.0,150.0,2027-10-09T17:04:52.658634,pago,10,True
4103,3033,92888,-4,100.0,150.0,2027-10-09T17:04:52.658634,cancelado,10,True
4104,96959,3462,-4,100.0,150.0,2027-10-09T17:04:52.658634,entregue,10,True
4105,4220,1194,-6,100.0,150.0,2027-10-09T17:04:52.658634,entregue,10,True
4106,1172,2593,-8,100.0,150.0,2027-10-09T17:04:52.658634,pago,10,True
4107,2197,4824,-10,100.0,150.0,2027-10-09T17:04:52.658634,pago,10,True
4108,97833,3174,-10,100.0,150.0,2027-10-09T17:04:52.658634,entregue,10,True
4109,2288,2214,-10,100.0,150.0,2027-10-09T17:04:52.658634,cancelado,10,True
4110,96779,1996,-10,100.0,150.0,2027-10-09T17:04:52.658634,enviado,10,True
4111,114,3081,-10,100.0,150.0,2027-10-09T17:04:52.658634,pago,10,True
4112,4680,3211,-10,100.0,150.0,2027-10-09T17:04:52.658727,entregue,10,True
4113,3814,4492,-10,100.0,150.0,2027-10-09T17:04:52.658737,cancelado,10,True
4114,3882,95249,-10,100.0,150.0,2027-10-09T17:04:52.658737,pendente,10,True
4115,4803,2631,-10,100.0,150.0,2027-10-09T17:04:52.658737,enviado,10,True
4116,2548,1969,-10,100.0,150.0,2027-10-09T17:04:52.658737,pendente,6,True
4117,99980,529,-10,100.0,150.0,2027-10-09T17:04:52.658737,enviado,6,True
4118,1270,94039,-10,100.0,150.0,2027-10-09T17:04:52.658737,enviado,6,True
4119,1295,347,-1,100.0,150.0,2027-10-09T17:04:52.658737,enviado,6,True
4120,1440,62,-1,100.0,150.0,2027-10-09T17:04:52.658737,pago,6,True
4121,1785,1589,-1,100.0,150.0,2027-10-09T17:04:52.658737,enviado,6,True
4122,978,1453,-1,100.0,150.0,2027-10-09T17:04:52.658737,enviado,6,True
4123,480,3087,-1,-788.9,150.0,2027-10-09T17:04:52.658737,cancelado,6,True
4124,2513,3346,-1,100.0,150.0,2027-10-09T17:04:52.658737,enviado,6,True
4125,4316,1982,-1,100.0,150.0,2027-10-09T17:04:52.658737,cancelado,10,True
4126,232,93768,-1,100.0,150.0,2027-10-09T17:04:52.658737,pendente,10,True
4127,3232,805,-3,100.0,150.0,2027-10-09T17:04:52.658737,pago,10,True
4128,4504,480,-3,100.0,150.0,2027-10-09T17:04:52.658737,pago,-1,True
4129,1863,3330,-3,100.0,150.0,2027-10-09T17:04:52.658737,cancelado,-1,True
4130,3216,1126,-3,-608.86,150.0,2027-10-09T17:04:52.658737,cancelado,-1,True
4131,1675,95179,-3,-608.86,150.0,2027-10-09T17:04:52.658737,pago,-1,True
4132,1009,1038,-8,-608.86,150.0,2027-10-09T17:04:52.658737,pago,-1,True
4133,382,972,-8,100.0,150.0,2027-10-09T17:04:52.658737,entregue,-1,True
4134,3726,1420,-8,100.0,150.0,2027-10-09T17:04:52.658919,entregue,-1,True
4135,1839,3701,-8,-549.36,150.0,2027-10-09T17:04:52.658919,enviado,-1,True
4136,1685,271,-8,-875.52,150.0,2027-10-09T17:04:52.658919,pago,-1,True
4137,97662,3408,-8,-875.52,150.0,2027-10-09T17:04:52.658919,entregue,-1,True
4138,96847,3085,-8,-875.52,150.0,2027-10-09T17:04:52.658919,pendente,-1,True
4139,91729,3268,-8,-875.52,150.0,2027-10-09T17:04:52.658919,pago,-1,True
4140,4793,95,-8,-875.52,150.0,2027-10-09T17:04:52.658919,entregue,100,True
4141,3990,4815,-8,-875.52,150.0,2027-10-09T17:04:52.658919,enviado,-1,True
4142,192,1310,-8,-608.37,150.0,2027-10-09T17:04:52.658919,enviado,-1,True
4143,2170,3653,-8,-431.8,150.0,2027-10-09T17:04:52.658919,entregue,-1,True
4144,1707,741,-8,-431.8,150.0,2027-10-09T17:04:52.659005,cancelado,-1,True
4145,2722,92681,-8,-431.8,150.0,2027-10-09T17:04:52.659005,entregue,-1,True
4146,3752,92128,-8,-431.8,150.0,2027-10-09T17:04:52.659005,pendente,-1,True
4147,3919,430,-8,-431.8,150.0,2027-10-09T17:04:52.659030,entregue,-1,True
4148,1017,4456,-8,-431.8,150.0,2027-10-09T17:04:52.659030,pago,-1,True
4149,334,4508,-8,-951.57,150.0,2027-10-09T17:04:52.659030,enviado,-1,True
4150,4840,1319,-8,-951.57,150.0,2027-10-09T17:04:52.659056,entregue,-1,True
4151,3604,4806,-8,-559.07,150.0,2027-10-09T17:04:52.659056,entregue,-1,True
4152,4074,96744,-8,-559.07,150.0,2027-10-09T17:04:52.659056,pendente,-1,True
4153,643,2101,-8,-645.61,150.0,2027-10-09T17:04:52.659056,pendente,-1,True
4154,776,2609,-8,-645.61,150.0,2027-10-09T17:04:52.659090,enviado,-1,True
4155,1748,4784,-5,-645.61,150.0,2027-10-09T17:04:52.659090,pendente,-1,True
4156,97417,1621,-5,-645.61,150.0,2027-10-09T17:04:52.659090,cancelado,-1,True
4157,2021,1544,-5,-645.61,150.0,2027-10-09T17:04:52.659119,cancelado,-1,True
4158,4328,1908,-8,-645.61,150.0,2027-10-09T17:04:52.659119,enviado,-1,True
4159,3804,2160,-8,-645.61,150.0,2027-10-09T17:04:52.659138,pendente,-1,True
4160,3760,4406,-8,100.0,150.0,2027-10-09T17:04:52.659138,pago,-1,True
4161,98039,1216,-8,100.0,150.0,2027-10-09T17:04:52.659138,pago,-1,True
4162,107,96123,-8,100.0,150.0,2027-10-09T17:04:52.659138,pago,-1,True
4163,4337,1615,-8,100.0,150.0,2027-10-09T17:04:52.659173,pago,-1,True
4164,4145,1476,-8,100.0,150.0,2027-10-09T17:04:52.659173,enviado,-1,True
4165,1986,670,-8,-918.91,150.0,2027-10-09T17:04:52.659173,cancelado,-1,True
4166,94852,3296,-8,-918.91,150.0,2027-10-09T17:04:52.659173,cancelado,-1,True
4167,3400,372,-8,-662.14,150.0,2027-10-09T17:04:52.659173,pago,-1,True
4168,603,799,-2,-662.14,150.0,2027-10-09T17:04:52.659173,pago,-1,True
4169,4710,2072,-2,100.0,150.0,2027-10-09T17:04:52.659173,entregue,-1,True
4170,467,4650,-2,100.0,150.0,2027-10-09T17:04:52.659230,pago,-1,True
4171,96276,2885,-2,100.0,150.0,2027-10-09T17:04:52.659230,entregue,-1,True
4172,97875,3247,-2,100.0,150.0,2027-10-09T17:04:52.659230,enviado,-1,True
4173,1974,94775,-2,100.0,150.0,2027-10-09T17:04:52.659230,cancelado,-1,True
4174,2820,908,-2,100.0,150.0,2027-10-09T17:04:52.659230,enviado,10,True
4175,91982,2900,-2,100.0,150.0,2027-10-09T17:04:52.659230,enviado,10,True
4176,2814,95902,-2,100.0,150.0,2027-10-09T17:04:52.659230,entregue,10,True
4177,2337,1085,-2,100.0,150.0,2027-10-09T17:04:52.659289,entregue,10,True
4178,99933,3240,-2,100.0,150.0,2027-10-09T17:04:52.659289,enviado,10,True
4179,3545,4298,-7,100.0,150.0,2027-10-09T17:04:52.659289,pendente,10,True
4180,2007,94928,-7,100.0,150.0,2027-10-09T17:04:52.659289,pendente,10,True
4181,4764,2527,-7,100.0,150.0,2027-10-09T17:04:52.659327,pago,10,True
4182,1040,2210,-3,100.0,150.0,2027-10-09T17:04:52.659327,entregue,10,True
4183,4770,1878,-3,100.0,150.0,2027-10-09T17:04:52.659327,pago,10,True
4184,766,3758,-3,100.0,150.0,2027-10-09T17:04:52.659327,pendente,6,True
4185,3078,1954,-3,-375.45,150.0,2027-10-09T17:04:52.659327,pago,6,True
4186,4971,2490,-7,-375.45,150.0,2027-10-09T17:04:52.659327,cancelado,6,True
4187,98980,3883,-7,-375.45,150.0,2027-10-09T17:04:52.659327,enviado,6,True
4188,4353,91581,-7,-375.45,150.0,2027-10-09T17:04:52.659327,cancelado,6,True
4189,396,91266,-7,-375.45,150.0,2027-10-09T17:04:52.659327,cancelado,6,True
4190,2899,3429,-7,-516.2,150.0,2027-10-09T17:04:52.659327,pendente,6,True
4191,91185,3619,-7,-516.2,150.0,2027-10-09T17:04:52.659327,entregue,6,True
4192,2496,1092,-7,-516.2,150.0,2027-10-09T17:04:52.659421,pendente,6,True
4193,3242,94098,-7,-516.2,150.0,2027-10-09T17:04:52.659421,pago,6,True
4194,591,4971,-7,-883.55,150.0,2027-10-09T17:04:52.659421,pendente,6,True
4195,2348,4035,-7,-883.55,150.0,2027-10-09T17:04:52.659447,pendente,6,True
4196,3864,526,-7,-458.74,150.0,2027-10-09T17:04:52.659447,cancelado,6,True
4197,36,211,-7,100.0,150.0,2027-10-09T17:04:52.659447,cancelado,6,True
4198,131,96597,-7,100.0,150.0,2027-10-09T17:04:52.659447,pendente,6,True
4199,157,4227,-6,100.0,150.0,2027-10-09T17:04:52.659447,pendente,6,True
4200,3146,2956,-6,-760.9,150.0,2027-10-09T17:04:52.659447,enviado,6,True
4201,2676,4224,-6,100.0,150.0,2027-10-09T17:04:52.659447,enviado,6,True
4202,2202,82,-6,100.0,150.0,2027-10-09T17:04:52.659447,pago,-1,True
4203,2289,2857,-6,100.0,150.0,2027-10-09T17:04:52.659447,cancelado,-1,True
4204,4684,3952,-6,100.0,150.0,2027-10-09T17:04:52.659526,pago,-1,True
4205,3098,1992,-5,100.0,150.0,2027-10-09T17:04:52.659526,pago,-1,True
4206,2723,4331,-5,-498.6,150.0,2027-10-09T17:04:52.659526,entregue,-1,True
4207,189,4608,-5,100.0,150.0,2027-10-09T17:04:52.659526,entregue,-1,True
4208,4809,2693,-2,100.0,150.0,2027-10-09T17:04:52.659526,pago,-1,True
4209,2215,2675,-1,100.0,150.0,2027-10-09T17:04:52.659526,pago,-1,True
4210,3610,3175,-1,100.0,150.0,2027-10-09T17:04:52.659526,enviado,-1,True
4211,347,2853,-6,100.0,150.0,2027-10-09T17:04:52.659526,pendente,-1,True
4212,4803,3180,-6,100.0,150.0,2027-10-09T17:04:52.659526,pendente,-1,True
4213,987,3387,-4,100.0,150.0,2027-10-09T17:04:52.659526,entregue,-1,True
4214,1164,4539,-4,100.0,150.0,2027-10-09T17:04:52.659526,pendente,10,True
4215,962,96754,-4,100.0,150.0,2027-10-09T17:04:52.659526,entregue,10,True
4216,3138,4951,-4,100.0,150.0,2027-10-09T17:04:52.659526,entregue,10,True
4217,1853,4003,-4,100.0,150.0,2027-10-09T17:04:52.659526,entregue,10,True
4218,2434,90015,-4,100.0,150.0,2027-10-09T17:04:52.659526,enviado,10,True
4219,2299,4938,-9,100.0,150.0,2027-10-09T17:04:52.659526,cancelado,10,True
4220,4020,4526,-9,-587.19,150.0,2027-10-09T17:04:52.659526,pendente,10,True
4221,1003,2825,-9,-454.12,150.0,2027-10-09T17:04:52.659526,pendente,10,True
4222,2621,2859,-9,-305.71,150.0,2027-10-09T17:04:52.659526,pendente,10,True
4223,3834,1017,-9,-305.71,150.0,2027-10-09T17:04:52.659682,enviado,10,True
4224,333,1967,-9,-305.71,150.0,2027-10-09T17:04:52.659691,enviado,10,True
4225,2274,572,-9,-305.71,150.0,2027-10-09T17:04:52.659701,enviado,10,True
4226,4030,413,-9,100.0,150.0,2027-10-09T17:04:52.659701,pendente,10,True
4227,667,96264,-9,100.0,150.0,2027-10-09T17:04:52.659701,enviado,10,True
4228,1527,2203,-9,-189.98,150.0,2027-10-09T17:04:52.659701,enviado,10,True
4229,94672,1865,-9,-189.98,150.0,2027-10-09T17:04:52.659701,enviado,10,True
4230,3451,490,-9,100.0,150.0,2027-10-09T17:04:52.659701,pago,10,True
4231,91639,3704,-9,100.0,150.0,2027-10-09T17:04:52.659701,entregue,10,True
4232,207,2180,-9,100.0,150.0,2027-10-09T17:04:52.659701,enviado,10,True
4233,2816,4159,-9,100.0,150.0,2027-10-09T17:04:52.659701,cancelado,6,True
4234,3149,528,-9,100.0,150.0,2027-10-09T17:04:52.659701,pago,6,True
4235,1195,3425,-9,100.0,150.0,2027-10-09T17:04:52.659701,pendente,6,True
4236,949,2604,-9,100.0,150.0,2027-10-09T17:04:52.659701,enviado,6,True
4237,4344,3928,-5,100.0,150.0,2027-10-09T17:04:52.659701,enviado,6,True
4238,2748,34,-5,100.0,150.0,2027-10-09T17:04:52.659701,pendente,6,True
4239,3378,1000,-5,-55.05,150.0,2027-10-09T17:04:52.659701,pendente,6,True
4240,96669,1696,-5,-55.05,150.0,2027-10-09T17:04:52.659701,pago,6,True
4241,4401,98147,-5,-55.05,150.0,2027-10-09T17:04:52.659701,enviado,6,True
4242,1731,1251,-5,-55.05,150.0,2027-10-09T17:04:52.659701,entregue,,True
4243,96390,91,-5,-55.05,150.0,2027-10-09T17:04:52.659701,enviado,,True
4244,94,529,-5,100.0,150.0,2027-10-09T17:04:52.659701,pago,,True
4245,1984,440,-5,100.0,150.0,2027-10-09T17:04:52.659701,enviado,10,True
4246,854,782,-5,100.0,150.0,2027-10-09T17:04:52.659701,pago,,True
4247,91729,4146,-5,100.0,150.0,2027-10-09T17:04:52.659701,cancelado,,True
4248,90461,4804,-5,100.0,150.0,2027-10-09T17:04:52.659701,enviado,,True
4249,693,4111,-4,100.0,150.0,2027-10-09T17:04:52.659701,pago,,True
4250,3568,1873,-4,100.0,150.0,2027-10-09T17:04:52.659904,entregue,,True
4251,98063,2876,-4,100.0,150.0,2027-10-09T17:04:52.659904,enviado,,True
4252,29,592,-4,100.0,150.0,2027-10-09T17:04:52.659904,enviado,,True
4253,3893,93714,-4,100.0,150.0,2027-10-09T17:04:52.659904,cancelado,,True
4254,811,234,-4,-251.61,150.0,2027-10-09T17:04:52.659904,pago,,True
4255,1365,95825,-4,-251.61,150.0,2027-10-09T17:04:52.659904,cancelado,,True
4256,368,97236,-4,-251.61,150.0,2027-10-09T17:04:52.659904,pago,,True
4257,3101,3914,-5,-251.61,150.0,2027-10-09T17:04:52.659904,cancelado,,True
4258,2510,2950,-6,-251.61,150.0,2027-10-09T17:04:52.659904,cancelado,,True
4259,1438,3638,-6,-412.44,150.0,2027-10-09T17:04:52.659904,entregue,,True
4260,98025,4651,-6,-412.44,150.0,2027-10-09T17:04:52.659904,cancelado,,True
4261,2250,1030,-6,-412.44,150.0,2027-10-09T17:04:52.659904,pendente,-1,True
4262,99592,3474,-6,-412.44,150.0,2027-10-09T17:04:52.659904,pago,-1,True
4263,3140,90337,-6,-412.44,150.0,2027-10-09T17:04:52.659904,pago,-1,True
4264,2265,97623,-6,-412.44,150.0,2027-10-09T17:04:52.659904,pendente,-1,True
4265,3733,965,-6,-412.44,150.0,2027-10-09T17:04:52.660029,pendente,-1,True
4266,1354,1013,-6,-412.44,150.0,2027-10-09T17:04:52.660029,cancelado,-1,True
4267,4593,3392,-6,-412.44,150.0,2027-10-09T17:04:52.660029,enviado,6,True
4268,2279,2584,-6,-412.44,150.0,2027-10-09T17:04:52.660054,pendente,6,True
4269,1069,4178,-6,-507.12,150.0,2027-10-09T17:04:52.660054,cancelado,6,True
4270,3074,4252,-6,-507.12,150.0,2027-10-09T17:04:52.660054,entregue,10,True
4271,94756,1618,-6,-507.12,150.0,2027-10-09T17:04:52.660054,enviado,10,True
4272,95367,50,-6,-507.12,150.0,2027-10-09T17:04:52.660054,entregue,10,True
4273,1118,2168,-5,-507.12,150.0,2027-10-09T17:04:52.660054,enviado,10,True
4274,90996,3544,-5,-507.12,150.0,2027-10-09T17:04:52.660054,pago,10,True
4275,935,96242,-5,-507.12,150.0,2027-10-09T17:04:52.660054,pendente,10,True
4276,98685,3972,-5,-507.12,150.0,2027-10-09T17:04:52.660054,entregue,10,True
4277,1838,2331,-2,-507.12,150.0,2027-10-09T17:04:52.660054,enviado,10,True
4278,690,3354,-2,-507.12,150.0,2027-10-09T17:04:52.660139,pago,10,True
4279,2312,4513,-2,-507.12,150.0,2027-10-09T17:04:52.660139,pago,6,True
4280,4452,3196,-2,-507.12,150.0,2027-10-09T17:04:52.660139,entregue,10,True
4281,2306,4685,-2,-507.12,150.0,2027-10-09T17:04:52.660139,enviado,-1,True
4282,92556,3485,-2,-507.12,150.0,2027-10-09T17:04:52.660139,enviado,-1,True
4283,2303,91908,-2,-507.12,150.0,2027-10-09T17:04:52.660139,enviado,-1,True
4284,4978,851,-2,-212.74,150.0,2027-10-09T17:04:52.660139,pago,-1,True
4285,1731,3332,-2,-155.63,150.0,2027-10-09T17:04:52.660139,pago,-1,True
4286,1492,3186,-2,-867.01,150.0,2027-10-09T17:04:52.660139,pendente,-1,True
4287,2706,2836,-2,-867.01,150.0,2027-10-09T17:04:52.660220,entregue,-1,True
4288,126,4109,-2,100.0,150.0,2027-10-09T17:04:52.660220,pago,-1,True
4289,2826,3219,-2,100.0,150.0,2027-10-09T17:04:52.660237,entregue,-1,True
4290,91166,3187,-2,100.0,150.0,2027-10-09T17:04:52.660237,entregue,-1,True
4291,4133,1865,-2,100.0,150.0,2027-10-09T17:04:52.660237,entregue,-1,True
4292,1251,2804,-2,100.0,150.0,2027-10-09T17:04:52.660262,enviado,-1,True
4293,90508,3442,-2,100.0,150.0,2027-10-09T17:04:52.660262,enviado,-1,True
4294,1444,98440,-2,100.0,150.0,2027-10-09T17:04:52.660262,pago,-1,True
4295,2822,1164,-3,100.0,150.0,2027-10-09T17:04:52.660262,pendente,-1,True
4296,1732,4107,-3,100.0,150.0,2027-10-09T17:04:52.660262,pendente,,True
4297,2731,91500,-3,100.0,150.0,2027-10-09T17:04:52.660262,entregue,,True
4298,4405,4365,-10,100.0,150.0,2027-10-09T17:04:52.660262,enviado,,True
4299,2924,731,-10,-164.41,150.0,2027-10-09T17:04:52.660262,pago,,True
4300,2297,1051,-10,-660.0,150.0,2027-10-09T17:04:52.660262,pago,,True
4301,2627,2525,-10,100.0,150.0,2027-10-09T17:04:52.660262,pendente,,True
4302,94083,1296,-10,100.0,150.0,2027-10-09T17:04:52.660262,pago,,True
4303,417,4664,-10,100.0,150.0,2027-10-09T17:04:52.660357,enviado,,True
4304,4137,3520,-10,100.0,150.0,2027-10-09T17:04:52.660357,pago,100,True
4305,4393,1639,-10,100.0,150.0,2027-10-09T17:04:52.660357,enviado,6,True
4306,1561,2059,-10,-198.77,150.0,2027-10-09T17:04:52.660357,cancelado,6,True
4307,4992,1252,-5,-198.77,150.0,2027-10-09T17:04:52.660357,entregue,6,True
4308,1984,1299,-5,100.0,150.0,2027-10-09T17:04:52.660357,pago,6,True
4309,557,4711,-5,-987.5,150.0,2027-10-09T17:04:52.660357,enviado,6,True
4310,90701,1019,-5,-987.5,150.0,2027-10-09T17:04:52.660357,entregue,6,True
4311,3271,1437,-7,-987.5,150.0,2027-10-09T17:04:52.660357,pago,6,True
4312,3277,1471,-7,-987.5,150.0,2027-10-09T17:04:52.660357,pendente,6,True
4313,1935,1681,-7,100.0,150.0,2027-10-09T17:04:52.660357,pago,6,True
4314,2343,2945,-7,100.0,150.0,2027-10-09T17:04:52.660357,pendente,6,True
4315,4731,3546,-6,100.0,150.0,2027-10-09T17:04:52.660357,pago,6,True
4316,2747,2072,-7,100.0,150.0,2027-10-09T17:04:52.660357,pago,6,True
4317,4530,90137,-7,100.0,150.0,2027-10-09T17:04:52.660357,pago,6,True
4318,2760,91622,-7,100.0,150.0,2027-10-09T17:04:52.660357,pendente,6,True
4319,543,96106,-7,100.0,150.0,2027-10-09T17:04:52.660357,entregue,6,True
4320,1018,43,-7,100.0,150.0,2027-10-09T17:04:52.660357,pago,6,True
4321,309,1108,-7,100.0,150.0,2027-10-09T17:04:52.660504,pago,6,True
4322,1387,1814,-7,100.0,150.0,2027-10-09T17:04:52.660514,pendente,6,True
4323,1784,96796,-7,100.0,150.0,2027-10-09T17:04:52.660514,pago,6,True
4324,522,4475,-7,100.0,150.0,2027-10-09T17:04:52.660535,pendente,6,True
4325,3901,2562,-7,100.0,150.0,2027-10-09T17:04:52.660535,enviado,10,True
4326,99072,716,-7,100.0,150.0,2027-10-09T17:04:52.660535,pendente,10,True
4327,4109,1482,-7,100.0,150.0,2027-10-09T17:04:52.660535,pago,100,True
4328,979,1811,-3,100.0,150.0,2027-10-09T17:04:52.660535,entregue,100,True
4329,2592,92503,-3,100.0,150.0,2027-10-09T17:04:52.660535,pago,100,True
4330,3010,962,-3,100.0,150.0,2027-10-09T17:04:52.660535,pago,10,True
4331,383,722,-3,100.0,150.0,2027-10-09T17:04:52.660535,entregue,10,True
4332,4315,253,-3,100.0,150.0,2027-10-09T17:04:52.660601,pendente,10,True
4333,98517,123,-3,100.0,150.0,2027-10-09T17:04:52.660601,enviado,10,True
4334,3292,1495,-3,100.0,150.0,2027-10-09T17:04:52.660619,cancelado,10,True
4335,2343,4191,-3,-764.54,150.0,2027-10-09T17:04:52.660619,enviado,10,True
4336,91926,4170,-3,-764.54,150.0,2027-10-09T17:04:52.660619,entregue,10,True
4337,102,4705,-3,-764.54,150.0,2027-10-09T17:04:52.660619,cancelado,-1,True
4338,700,698,-3,100.0,150.0,2027-10-09T17:04:52.660619,entregue,-1,True
4339,3641,1659,-3,100.0,150.0,2027-10-09T17:04:52.660619,pago,-1,True
4340,3958,4338,-3,100.0,150.0,2027-10-09T17:04:52.660619,pendente,100,True
4341,3013,91638,-3,100.0,150.0,2027-10-09T17:04:52.660619,enviado,100,True
4342,2969,4645,-3,100.0,150.0,2027-10-09T17:04:52.660619,pendente,,True
4343,3619,4376,-3,100.0,150.0,2027-10-09T17:04:52.660694,entregue,,True
4344,348,160,-2,100.0,150.0,2027-10-09T17:04:52.660694,pendente,,True
4345,512,831,-2,100.0,150.0,2027-10-09T17:04:52.660711,pendente,,True
4346,1266,3779,-2,-368.34,150.0,2027-10-09T17:04:52.660711,cancelado,,True
4347,1853,1004,-8,-368.34,150.0,2027-10-09T17:04:52.660711,entregue,,True
4348,728,3635,-8,100.0,150.0,2027-10-09T17:04:52.660711,cancelado,,True
4349,3898,1495,-5,100.0,150.0,2027-10-09T17:04:52.660711,entregue,,True
4350,4539,1607,-5,100.0,150.0,2027-10-09T17:04:52.660753,enviado,,True
4351,1180,93965,-5,100.0,150.0,2027-10-09T17:04:52.660753,pago,,True
4352,92832,1007,-5,100.0,150.0,2027-10-09T17:04:52.660753,entregue,,True
4353,94794,718,-5,100.0,150.0,2027-10-09T17:04:52.660753,enviado,,True
4354,395,2101,-5,-86.25,150.0,2027-10-09T17:04:52.660753,entregue,,True
4355,436,3023,-6,-86.25,150.0,2027-10-09T17:04:52.660753,pago,,True
4356,4547,2568,-6,-86.25,150.0,2027-10-09T17:04:52.660753,cancelado,100,True
4357,1970,1277,-6,-86.25,150.0,2027-10-09T17:04:52.660753,cancelado,100,True
4358,313,3084,-6,-86.25,150.0,2027-10-09T17:04:52.660821,cancelado,100,True
4359,2191,1068,-6,-86.25,150.0,2027-10-09T17:04:52.660821,entregue,,True
4360,2537,2445,-6,-86.25,150.0,2027-10-09T17:04:52.660821,cancelado,-1,True
4361,3173,4257,-6,-86.25,150.0,2027-10-09T17:04:52.660821,entregue,-1,True
4362,3177,91008,-6,-86.25,150.0,2027-10-09T17:04:52.660821,pago,-1,True
4363,906,4164,-6,-86.25,150.0,2027-10-09T17:04:52.660863,cancelado,-1,True
4364,153,607,-6,100.0,150.0,2027-10-09T17:04:52.660863,pendente,-1,True
4365,3274,3505,-10,100.0,150.0,2027-10-09T17:04:52.660863,enviado,-1,True
4366,4555,1343,-10,100.0,150.0,2027-10-09T17:04:52.660863,pendente,10,True
4367,1062,2316,-10,100.0,150.0,2027-10-09T17:04:52.660898,cancelado,10,True
4368,3991,2893,-10,100.0,150.0,2027-10-09T17:04:52.660898,pago,,True
4369,97166,679,-10,100.0,150.0,2027-10-09T17:04:52.660898,pendente,,True
4370,1673,4953,-10,100.0,150.0,2027-10-09T17:04:52.660898,cancelado,,True
4371,1244,3027,-10,-939.43,150.0,2027-10-09T17:04:52.660898,entregue,,True
4372,1010,3701,-10,100.0,150.0,2027-10-09T17:04:52.660898,cancelado,,True
4373,3224,810,-10,100.0,150.0,2027-10-09T17:04:52.660946,cancelado,,True
4374,974,3537,-10,100.0,150.0,2027-10-09T17:04:52.660956,cancelado,,True
4375,96257,1657,-10,100.0,150.0,2027-10-09T17:04:52.660956,entregue,,True
4376,93620,4407,-10,100.0,150.0,2027-10-09T17:04:52.660956,enviado,,True
4377,3229,2157,-10,100.0,150.0,2027-10-09T17:04:52.660956,enviado,,True
4378,4036,90830,-10,100.0,150.0,2027-10-09T17:04:52.660956,entregue,,True
4379,3657,2462,-10,100.0,150.0,2027-10-09T17:04:52.660956,enviado,,True
4380,4608,96382,-10,100.0,150.0,2027-10-09T17:04:52.660956,cancelado,,True
4381,1010,1940,-10,100.0,150.0,2027-10-09T17:04:52.661016,pendente,,True
4382,4564,2886,-10,-375.41,150.0,2027-10-09T17:04:52.661016,cancelado,,True
4383,3198,4181,-10,-84.26,150.0,2027-10-09T17:04:52.661016,pendente,,True
4384,4003,4754,-10,-746.48,150.0,2027-10-09T17:04:52.661016,pendente,,True
4385,3505,2969,-10,-64.05,150.0,2027-10-09T17:04:52.661016,pendente,,True
4386,3072,3333,-10,-487.97,150.0,2027-10-09T17:04:52.661016,pago,,True
4387,1800,244,-10,-341.78,150.0,2027-10-09T17:04:52.661016,entregue,,True
4388,1700,1934,-10,-341.78,150.0,2027-10-09T17:04:52.661016,enviado,6,True
4389,2599,792,-10,-341.78,150.0,2027-10-09T17:04:52.661016,pago,,True
4390,22,1718,-10,-341.78,150.0,2027-10-09T17:04:52.661016,entregue,-1,True
4391,1556,2720,-10,-698.47,150.0,2027-10-09T17:04:52.661016,enviado,-1,True
4392,2898,4204,-10,-181.42,150.0,2027-10-09T17:04:52.661016,entregue,-1,True
4393,4346,257,-10,-181.42,150.0,2027-10-09T17:04:52.661016,pendente,-1,True
4394,3619,2125,-10,-181.42,150.0,2027-10-09T17:04:52.661127,pago,-1,True
4395,4835,91569,-10,-181.42,150.0,2027-10-09T17:04:52.661127,entregue,-1,True
4396,560,4461,-10,-181.42,150.0,2027-10-09T17:04:52.661145,pago,-1,True
4397,2133,148,-10,100.0,150.0,2027-10-09T17:04:52.661145,pendente,-1,True
4398,687,4560,-10,100.0,150.0,2027-10-09T17:04:52.661164,pendente,-1,True
4399,2611,1004,-10,100.0,150.0,2027-10-09T17:04:52.661164,enviado,-1,True
4400,2443,130,-2,100.0,150.0,2027-10-09T17:04:52.661164,pago,-1,True
4401,1401,91129,-2,100.0,150.0,2027-10-09T17:04:52.661164,entregue,-1,True
4402,2308,4664,-2,100.0,150.0,2027-10-09T17:04:52.661197,pago,-1,True
4403,2748,163,-2,-186.77,150.0,2027-10-09T17:04:52.661197,cancelado,-1,True
4404,1069,2212,-2,-186.77,150.0,2027-10-09T17:04:52.661215,cancelado,-1,True
4405,3120,338,-2,-186.77,150.0,2027-10-09T17:04:52.661215,enviado,100,True
4406,2905,2114,-2,-186.77,150.0,2027-10-09T17:04:52.661215,pago,,True
4407,115,967,-2,-502.41,150.0,2027-10-09T17:04:52.661215,pendente,,True
4408,1345,3784,-2,100.0,150.0,2027-10-09T17:04:52.661215,enviado,,True
4409,2693,91228,-2,100.0,150.0,2027-10-09T17:04:52.661215,pendente,,True
4410,2080,1932,-2,100.0,150.0,2027-10-09T17:04:52.661264,enviado,,True
4411,3313,763,-5,100.0,150.0,2027-10-09T17:04:52.661264,enviado,,True
4412,2108,3103,-5,100.0,150.0,2027-10-09T17:04:52.661264,pago,,True
4413,96783,4901,-5,100.0,150.0,2027-10-09T17:04:52.661264,entregue,,True
4414,2227,3850,-5,100.0,150.0,2027-10-09T17:04:52.661264,pendente,,True
4415,217,4784,-8,100.0,150.0,2027-10-09T17:04:52.661264,entregue,,True
4416,29,155,-5,100.0,150.0,2027-10-09T17:04:52.661264,cancelado,,True
4417,95212,3183,-5,100.0,150.0,2027-10-09T17:04:52.661264,pago,,True
4418,93746,926,-5,100.0,150.0,2027-10-09T17:04:52.661264,pendente,,True
4419,1675,97489,-5,100.0,150.0,2027-10-09T17:04:52.661264,entregue,,True
4420,92628,4391,-5,100.0,150.0,2027-10-09T17:04:52.661264,cancelado,,True
4421,2098,1194,-9,100.0,150.0,2027-10-09T17:04:52.661264,enviado,,True
4422,92311,3132,-9,100.0,150.0,2027-10-09T17:04:52.661264,enviado,,True
4423,82,2137,-9,100.0,150.0,2027-10-09T17:04:52.661264,entregue,,True
4424,4937,4172,-9,100.0,150.0,2027-10-09T17:04:52.661264,entregue,-1,True
4425,522,2809,-9,100.0,150.0,2027-10-09T17:04:52.661264,pendente,-1,True
4426,358,3941,-9,100.0,150.0,2027-10-09T17:04:52.661264,pago,-1,True
4427,4145,3100,-8,100.0,150.0,2027-10-09T17:04:52.661264,entregue,-1,True
4428,361,3271,-8,-978.11,150.0,2027-10-09T17:04:52.661264,enviado,-1,True
4429,4505,95261,-8,-978.11,150.0,2027-10-09T17:04:52.661264,entregue,-1,True
4430,91420,3998,-8,-978.11,150.0,2027-10-09T17:04:52.661264,pendente,-1,True
4431,3602,2985,-8,-978.11,150.0,2027-10-09T17:04:52.661440,pago,-1,True
4432,444,94648,-8,-978.11,150.0,2027-10-09T17:04:52.661440,pendente,-1,True
4433,4374,1906,-8,-978.11,150.0,2027-10-09T17:04:52.661458,enviado,-1,True
4434,94791,3654,-8,-978.11,150.0,2027-10-09T17:04:52.661458,pendente,-1,True
4435,1771,1361,-8,-70.42,150.0,2027-10-09T17:04:52.661458,pendente,-1,True
4436,1088,1224,-8,-70.42,150.0,2027-10-09T17:04:52.661486,cancelado,-1,True
4437,3023,531,-8,-70.42,150.0,2027-10-09T17:04:52.661495,pago,-1,True
4438,3529,864,-8,-70.42,150.0,2027-10-09T17:04:52.661495,pendente,-1,True
4439,4231,1404,-8,100.0,150.0,2027-10-09T17:04:52.661495,pendente,-1,True
4440,346,973,-8,100.0,150.0,2027-10-09T17:04:52.661520,cancelado,-1,True
4441,97988,2137,-8,100.0,150.0,2027-10-09T17:04:52.661520,cancelado,-1,True
4442,90994,4026,-8,100.0,150.0,2027-10-09T17:04:52.661520,enviado,-1,True
4443,92412,3452,-8,100.0,150.0,2027-10-09T17:04:52.661520,enviado,-1,True
4444,4194,583,-8,100.0,150.0,2027-10-09T17:04:52.661520,cancelado,100,True
4445,531,4356,-5,100.0,150.0,2027-10-09T17:04:52.661520,pendente,100,True
4446,94242,3916,-5,100.0,150.0,2027-10-09T17:04:52.661520,enviado,100,True
4447,1148,3024,-5,100.0,150.0,2027-10-09T17:04:52.661520,enviado,100,True
4448,904,99106,-5,100.0,150.0,2027-10-09T17:04:52.661520,enviado,100,True
4449,228,312,-5,100.0,150.0,2027-10-09T17:04:52.661592,pendente,100,True
4450,92294,288,-5,100.0,150.0,2027-10-09T17:04:52.661592,pago,100,True
4451,3099,834,-5,100.0,150.0,2027-10-09T17:04:52.661592,entregue,100,True
4452,2665,3044,-5,100.0,150.0,2027-10-09T17:04:52.661592,cancelado,100,True
4453,1882,90170,-5,100.0,150.0,2027-10-09T17:04:52.661592,pago,100,True
4454,1211,94050,-5,100.0,150.0,2027-10-09T17:04:52.661592,enviado,100,True
4455,824,4251,-5,100.0,150.0,2027-10-09T17:04:52.661642,entregue,100,True
4456,4826,99938,-5,100.0,150.0,2027-10-09T17:04:52.661642,entregue,100,True
4457,4119,3790,-5,100.0,150.0,2027-10-09T17:04:52.661642,enviado,100,True
4458,1556,4037,-5,100.0,150.0,2027-10-09T17:04:52.661642,pendente,6,True
4459,2516,4969,-5,100.0,150.0,2027-10-09T17:04:52.661642,pendente,6,True
4460,1101,3600,-5,100.0,150.0,2027-10-09T17:04:52.661642,pendente,6,True
4461,3191,91160,-5,100.0,150.0,2027-10-09T17:04:52.661642,entregue,6,True
4462,1083,2318,-5,100.0,150.0,2027-10-09T17:04:52.661642,entregue,6,True
4463,2426,2359,-8,100.0,150.0,2027-10-09T17:04:52.661642,enviado,6,True
4464,1866,2389,-8,100.0,150.0,2027-10-09T17:04:52.661717,pago,6,True
4465,2787,3941,-4,100.0,150.0,2027-10-09T17:04:52.661717,pago,6,True
4466,91871,1067,-4,100.0,150.0,2027-10-09T17:04:52.661717,cancelado,6,True
4467,3757,3101,-6,100.0,150.0,2027-10-09T17:04:52.661717,enviado,6,True
4468,201,4705,-6,100.0,150.0,2027-10-09T17:04:52.661717,cancelado,6,True
4469,57,4101,-2,100.0,150.0,2027-10-09T17:04:52.661717,enviado,6,True
4470,91189,186,-2,100.0,150.0,2027-10-09T17:04:52.661717,pago,6,True
4471,4349,2484,-2,100.0,150.0,2027-10-09T17:04:52.661717,pendente,6,True
4472,2706,4512,-2,100.0,150.0,2027-10-09T17:04:52.661717,cancelado,6,True
4473,1153,4327,-2,100.0,150.0,2027-10-09T17:04:52.661717,enviado,,True
4474,1799,2281,-2,100.0,150.0,2027-10-09T17:04:52.661717,entregue,,True
4475,4994,3309,-2,-418.25,150.0,2027-10-09T17:04:52.661717,pendente,,True
4476,96011,2617,-2,-418.25,150.0,2027-10-09T17:04:52.661717,entregue,,True
4477,3644,2168,-4,-418.25,150.0,2027-10-09T17:04:52.661717,pago,,True
4478,3028,1808,-4,-768.49,150.0,2027-10-09T17:04:52.661717,pendente,,True
4479,2992,691,-4,-768.49,150.0,2027-10-09T17:04:52.661717,pendente,100,True
4480,1738,2515,-4,-768.49,150.0,2027-10-09T17:04:52.661848,pago,100,True
4481,1999,2335,-1,-768.49,150.0,2027-10-09T17:04:52.661848,entregue,100,True
4482,3303,849,-1,-768.49,150.0,2027-10-09T17:04:52.661848,pago,-1,True
4483,2297,529,-6,-768.49,150.0,2027-10-09T17:04:52.661848,cancelado,-1,True
4484,641,3631,-6,100.0,150.0,2027-10-09T17:04:52.661848,cancelado,-1,True
4485,813,2506,-6,100.0,150.0,2027-10-09T17:04:52.661848,entregue,,True
4486,1362,139,-6,100.0,150.0,2027-10-09T17:04:52.661848,pago,-1,True
4487,2668,2526,-6,100.0,150.0,2027-10-09T17:04:52.661848,entregue,-1,True
4488,3586,3330,-6,-544.29,150.0,2027-10-09T17:04:52.661848,entregue,-1,True
4489,3034,99239,-6,-544.29,150.0,2027-10-09T17:04:52.661848,pago,-1,True
4490,4092,4424,-6,-718.78,150.0,2027-10-09T17:04:52.661848,cancelado,-1,True
4491,3725,4473,-10,-718.78,150.0,2027-10-09T17:04:52.661848,enviado,-1,True
4492,1349,90313,-10,-718.78,150.0,2027-10-09T17:04:52.661848,enviado,-1,True
4493,4406,954,-6,-718.78,150.0,2027-10-09T17:04:52.661848,pago,-1,True
4494,647,239,-8,-718.78,150.0,2027-10-09T17:04:52.661848,cancelado,-1,True
4495,1501,2021,-8,-718.78,150.0,2027-10-09T17:04:52.661848,cancelado,-1,True
4496,2295,4210,-8,-718.78,150.0,2027-10-09T17:04:52.661979,pendente,-1,True
4497,4623,2199,-8,-718.78,150.0,2027-10-09T17:04:52.661989,pendente,-1,True
4498,3855,3896,-8,-765.4,150.0,2027-10-09T17:04:52.661989,pago,-1,True
4499,4312,1952,-8,100.0,150.0,2027-10-09T17:04:52.661989,entregue,-1,True
4500,1783,1940,-8,100.0,150.0,2027-10-09T17:04:52.661989,pendente,-1,True
4501,4353,3747,-8,100.0,150.0,2027-10-09T17:04:52.661989,cancelado,-1,True
4502,3708,4605,-10,100.0,150.0,2027-10-09T17:04:52.661989,pendente,-1,True
4503,4782,91039,-10,100.0,150.0,2027-10-09T17:04:52.661989,pendente,-1,True
4504,92849,1592,-10,100.0,150.0,2027-10-09T17:04:52.661989,pago,-1,True
4505,3147,2521,-10,100.0,150.0,2027-10-09T17:04:52.661989,cancelado,,True
4506,1302,2924,-10,100.0,150.0,2027-10-09T17:04:52.662061,pago,,True
4507,98060,4329,-10,100.0,150.0,2027-10-09T17:04:52.662061,pendente,,True
4508,3264,3655,-10,100.0,150.0,2027-10-09T17:04:52.662061,pendente,,True
4509,2164,4680,-10,100.0,150.0,2027-10-09T17:04:52.662086,pendente,,True
4510,2479,2827,-10,100.0,150.0,2027-10-09T17:04:52.662095,entregue,,True
4511,3610,3422,-10,100.0,150.0,2027-10-09T17:04:52.662095,pendente,,True
4512,1850,195,-2,100.0,150.0,2027-10-09T17:04:52.662095,pago,,True
4513,823,2315,-2,100.0,150.0,2027-10-09T17:04:52.662120,enviado,,True
4514,91,2938,-6,100.0,150.0,2027-10-09T17:04:52.662120,cancelado,,True
4515,879,98847,-6,100.0,150.0,2027-10-09T17:04:52.662120,cancelado,,True
4516,2898,99692,-6,100.0,150.0,2027-10-09T17:04:52.662120,enviado,,True
4517,3409,212,-6,-586.93,150.0,2027-10-09T17:04:52.662120,cancelado,,True
4518,477,95755,-6,-586.93,150.0,2027-10-09T17:04:52.662120,enviado,,True
4519,327,1144,-1,-586.93,150.0,2027-10-09T17:04:52.662120,entregue,,True
4520,239,1338,-1,100.0,150.0,2027-10-09T17:04:52.662120,cancelado,,True
4521,411,729,-1,100.0,150.0,2027-10-09T17:04:52.662120,cancelado,,True
4522,4575,2426,-1,100.0,150.0,2027-10-09T17:04:52.662120,enviado,100,True
4523,96416,4257,-1,100.0,150.0,2027-10-09T17:04:52.662120,cancelado,100,True
4524,2197,1895,-2,100.0,150.0,2027-10-09T17:04:52.662120,entregue,100,True
4525,4856,2852,-2,100.0,150.0,2027-10-09T17:04:52.662226,pendente,100,True
4526,3841,795,-2,-862.17,150.0,2027-10-09T17:04:52.662226,pendente,100,True
4527,94787,2846,-2,-862.17,150.0,2027-10-09T17:04:52.662226,cancelado,100,True
4528,99101,1923,-2,-862.17,150.0,2027-10-09T17:04:52.662226,enviado,100,True
4529,980,768,-2,-862.17,150.0,2027-10-09T17:04:52.662260,entregue,100,True
4530,2502,3002,-2,-862.17,150.0,2027-10-09T17:04:52.662270,pendente,100,True
4531,1609,91385,-2,-862.17,150.0,2027-10-09T17:04:52.662270,pendente,100,True
4532,560,1049,-2,-467.95,150.0,2027-10-09T17:04:52.662270,cancelado,100,True
4533,4796,1782,-2,-319.63,150.0,2027-10-09T17:04:52.662270,enviado,100,True
4534,275,97773,-2,-319.63,150.0,2027-10-09T17:04:52.662270,pago,100,True
4535,4652,1090,-3,-319.63,150.0,2027-10-09T17:04:52.662270,pendente,100,True
4536,906,630,-3,100.0,150.0,2027-10-09T17:04:52.662270,pago,100,True
4537,4980,2481,-3,100.0,150.0,2027-10-09T17:04:52.662329,pago,100,True
4538,3034,498,-3,100.0,150.0,2027-10-09T17:04:52.662329,pago,100,True
4539,90177,3822,-3,100.0,150.0,2027-10-09T17:04:52.662329,pago,100,True
4540,3405,92464,-3,100.0,150.0,2027-10-09T17:04:52.662329,pendente,100,True
4541,3702,1827,-5,100.0,150.0,2027-10-09T17:04:52.662329,cancelado,100,True
4542,94579,3882,-5,100.0,150.0,2027-10-09T17:04:52.662329,enviado,100,True
4543,97899,1264,-5,100.0,150.0,2027-10-09T17:04:52.662329,cancelado,100,True
4544,4954,98398,-5,100.0,150.0,2027-10-09T17:04:52.662329,pago,100,True
4545,2834,4030,-5,-512.56,150.0,2027-10-09T17:04:52.662329,pago,100,True
4546,4106,1316,-10,-512.56,150.0,2027-10-09T17:04:52.662329,cancelado,100,True
4547,1261,3351,-10,-512.56,150.0,2027-10-09T17:04:52.662410,pendente,100,True
4548,1957,512,-10,-374.41,150.0,2027-10-09T17:04:52.662410,entregue,100,True
4549,3887,1106,-10,-374.41,150.0,2027-10-09T17:04:52.662430,pendente,100,True
4550,3111,2646,-10,-266.43,150.0,2027-10-09T17:04:52.662430,pendente,100,True
4551,3904,861,-10,-445.43,150.0,2027-10-09T17:04:52.662430,cancelado,100,True
4552,1478,3662,-10,-445.43,150.0,2027-10-09T17:04:52.662430,entregue,-1,True
4553,617,237,-4,-445.43,150.0,2027-10-09T17:04:52.662430,pago,-1,True
4554,3335,92914,-4,-445.43,150.0,2027-10-09T17:04:52.662430,enviado,-1,True
4555,470,4286,-4,-445.43,150.0,2027-10-09T17:04:52.662430,entregue,10,True
4556,2852,92008,-4,-445.43,150.0,2027-10-09T17:04:52.662430,entregue,10,True
4557,3864,3227,-4,-487.96,150.0,2027-10-09T17:04:52.662430,entregue,10,True
4558,3709,4645,-4,-487.96,150.0,2027-10-09T17:04:52.662510,pendente,10,True
4559,4617,3871,-4,-487.96,150.0,2027-10-09T17:04:52.662520,enviado,10,True
4560,1796,2967,-6,-487.96,150.0,2027-10-09T17:04:52.662520,pago,10,True
4561,99739,1569,-6,-487.96,150.0,2027-10-09T17:04:52.662520,cancelado,10,True
4562,1269,4851,-6,100.0,150.0,2027-10-09T17:04:52.662520,cancelado,10,True
4563,4850,95203,-6,100.0,150.0,2027-10-09T17:04:52.662520,pago,10,True
4564,4392,2906,-6,-144.4,150.0,2027-10-09T17:04:52.662520,pago,10,True
4565,785,4257,-6,-144.4,150.0,2027-10-09T17:04:52.662520,enviado,,True
4566,2960,4446,-6,-144.4,150.0,2027-10-09T17:04:52.662577,pendente,,True
4567,1633,92211,-6,-144.4,150.0,2027-10-09T17:04:52.662577,enviado,,True
4568,764,4148,-6,100.0,150.0,2027-10-09T17:04:52.662577,cancelado,,True
4569,2827,1935,-6,-66.73,150.0,2027-10-09T17:04:52.662577,entregue,,True
4570,1703,2128,-6,-736.85,150.0,2027-10-09T17:04:52.662577,enviado,,True
4571,683,779,-6,-546.06,150.0,2027-10-09T17:04:52.662577,pago,,True
4572,816,177,-8,-546.06,150.0,2027-10-09T17:04:52.662577,pago,,True
4573,4861,94964,-8,-546.06,150.0,2027-10-09T17:04:52.662577,enviado,,True
4574,2618,1492,-8,-241.95,150.0,2027-10-09T17:04:52.662577,cancelado,,True
4575,3240,237,-8,-548.14,150.0,2027-10-09T17:04:52.662577,pendente,,True
4576,4476,3565,-8,-288.27,150.0,2027-10-09T17:04:52.662577,entregue,,True
4577,1573,480,-8,-288.27,150.0,2027-10-09T17:04:52.662577,cancelado,,True
4578,1733,727,-3,-288.27,150.0,2027-10-09T17:04:52.662577,enviado,,True
4579,2201,4821,-6,-288.27,150.0,2027-10-09T17:04:52.662577,cancelado,,True
4580,93187,3989,-6,-288.27,150.0,2027-10-09T17:04:52.662577,pago,,True
4581,95919,3717,-6,-288.27,150.0,2027-10-09T17:04:52.662577,pago,,True
4582,95818,1813,-6,-288.27,150.0,2027-10-09T17:04:52.662577,pago,,True
4583,2129,4427,-6,-527.16,150.0,2027-10-09T17:04:52.662577,entregue,,True
4584,4820,3329,-6,100.0,150.0,2027-10-09T17:04:52.662577,entregue,,True
4585,3121,1874,-6,100.0,150.0,2027-10-09T17:04:52.662733,cancelado,,True
4586,4298,2074,-6,100.0,150.0,2027-10-09T17:04:52.662733,pago,,True
4587,2201,4358,-6,100.0,150.0,2027-10-09T17:04:52.662733,entregue,6,True
4588,2577,984,-6,100.0,150.0,2027-10-09T17:04:52.662758,pago,6,True
4589,2543,632,-6,100.0,150.0,2027-10-09T17:04:52.662767,pago,6,True
4590,3158,3918,-6,-161.62,150.0,2027-10-09T17:04:52.662767,pago,6,True
4591,2969,4562,-6,-954.12,150.0,2027-10-09T17:04:52.662767,cancelado,6,True
4592,1897,4088,-6,100.0,150.0,2027-10-09T17:04:52.662767,entregue,6,True
4593,4535,92519,-6,100.0,150.0,2027-10-09T17:04:52.662767,entregue,6,True
4594,96493,3046,-6,100.0,150.0,2027-10-09T17:04:52.662767,pago,6,True
4595,90221,4689,-6,100.0,150.0,2027-10-09T17:04:52.662767,pago,6,True
4596,1635,4261,-3,100.0,150.0,2027-10-09T17:04:52.662767,pago,6,True
4597,3448,95385,-3,100.0,150.0,2027-10-09T17:04:52.662767,enviado,6,True
4598,2668,3267,-3,100.0,150.0,2027-10-09T17:04:52.662767,pendente,100,True
4599,4687,88,-3,100.0,150.0,2027-10-09T17:04:52.662852,enviado,100,True
4600,3426,4761,-3,100.0,150.0,2027-10-09T17:04:52.662852,cancelado,100,True
4601,2790,2077,-3,-473.74,150.0,2027-10-09T17:04:52.662852,pendente,100,True
4602,2907,3894,-3,-473.74,150.0,2027-10-09T17:04:52.662878,enviado,100,True
4603,4628,553,-3,-283.53,150.0,2027-10-09T17:04:52.662878,pago,100,True
4604,3120,789,-3,-283.53,150.0,2027-10-09T17:04:52.662896,pago,100,True
4605,95397,2209,-3,-283.53,150.0,2027-10-09T17:04:52.662896,enviado,100,True
4606,3001,97765,-3,-283.53,150.0,2027-10-09T17:04:52.662896,pago,100,True
4607,2051,3801,-3,100.0,150.0,2027-10-09T17:04:52.662896,cancelado,100,True
4608,3751,4324,-3,-346.72,150.0,2027-10-09T17:04:52.662896,pendente,100,True
4609,4986,3888,-6,-346.72,150.0,2027-10-09T17:04:52.662896,entregue,100,True
4610,4953,2443,-6,-903.32,150.0,2027-10-09T17:04:52.662896,enviado,100,True
4611,2216,92182,-6,-903.32,150.0,2027-10-09T17:04:52.662896,cancelado,100,True
4612,773,3041,-6,-654.7,150.0,2027-10-09T17:04:52.662896,cancelado,100,True
4613,524,3623,-6,100.0,150.0,2027-10-09T17:04:52.662896,pendente,100,True
4614,3866,91077,-6,100.0,150.0,2027-10-09T17:04:52.662896,entregue,100,True
4615,1718,572,-6,100.0,150.0,2027-10-09T17:04:52.662896,enviado,6,True
4616,1446,395,-6,100.0,150.0,2027-10-09T17:04:52.662996,cancelado,6,True
4617,2782,4307,-3,100.0,150.0,2027-10-09T17:04:52.662996,cancelado,6,True
4618,2124,3619,-3,100.0,150.0,2027-10-09T17:04:52.662996,pago,6,True
4619,4033,2396,-3,100.0,150.0,2027-10-09T17:04:52.663024,enviado,6,True
4620,99348,944,-3,100.0,150.0,2027-10-09T17:04:52.663024,entregue,6,True
4621,2575,4495,-3,100.0,150.0,2027-10-09T17:04:52.663024,enviado,6,True
4622,92614,2082,-3,100.0,150.0,2027-10-09T17:04:52.663024,entregue,6,True
4623,344,93309,-3,100.0,150.0,2027-10-09T17:04:52.663024,pago,6,True
4624,92428,3637,-3,100.0,150.0,2027-10-09T17:04:52.663024,pago,6,True
4625,2622,1614,-3,-7.25,150.0,2027-10-09T17:04:52.663024,cancelado,6,True
4626,915,2195,-3,-7.25,150.0,2027-10-09T17:04:52.663024,cancelado,-1,True
4627,162,4901,-3,100.0,150.0,2027-10-09T17:04:52.663024,cancelado,-1,True
4628,2082,2293,-8,100.0,150.0,2027-10-09T17:04:52.663024,pendente,-1,True
4629,94897,2077,-8,100.0,150.0,2027-10-09T17:04:52.663024,entregue,-1,True
4630,4756,2106,-8,-160.16,150.0,2027-10-09T17:04:52.663024,enviado,-1,True
4631,2544,4333,-8,-160.16,150.0,2027-10-09T17:04:52.663024,enviado,100,True
4632,3431,460,-8,-160.16,150.0,2027-10-09T17:04:52.663142,enviado,100,True
4633,99414,4919,-8,-160.16,150.0,2027-10-09T17:04:52.663142,enviado,100,True
4634,555,3068,-9,-160.16,150.0,2027-10-09T17:04:52.663142,entregue,100,True
4635,2625,3729,-9,-160.16,150.0,2027-10-09T17:04:52.663168,pago,100,True
4636,797,95194,-9,-160.16,150.0,2027-10-09T17:04:52.663168,pago,100,True
4637,3958,1648,-9,-160.16,150.0,2027-10-09T17:04:52.663168,pago,,True
4638,449,4846,-9,-910.67,150.0,2027-10-09T17:04:52.663168,enviado,,True
4639,90293,1749,-9,-910.67,150.0,2027-10-09T17:04:52.663168,enviado,,True
4640,1410,620,-9,-910.67,150.0,2027-10-09T17:04:52.663168,enviado,6,True
4641,2303,4923,-9,-795.7,150.0,2027-10-09T17:04:52.663168,pendente,6,True
4642,3860,2332,-9,-795.7,150.0,2027-10-09T17:04:52.663168,cancelado,6,True
4643,97609,1917,-9,-795.7,150.0,2027-10-09T17:04:52.663168,pago,6,True
4644,92010,1941,-9,-795.7,150.0,2027-10-09T17:04:52.663168,cancelado,6,True
4645,230,1119,-5,-795.7,150.0,2027-10-09T17:04:52.663168,entregue,6,True
4646,2629,415,-4,-795.7,150.0,2027-10-09T17:04:52.663168,pago,6,True
4647,64,4673,-4,-928.19,150.0,2027-10-09T17:04:52.663168,pago,6,True
4648,3810,4912,-4,-836.34,150.0,2027-10-09T17:04:52.663168,pago,6,True
4649,2860,810,-8,-836.34,150.0,2027-10-09T17:04:52.663168,pago,6,True
4650,3856,95306,-8,-836.34,150.0,2027-10-09T17:04:52.663168,pago,6,True
4651,92062,1383,-8,-836.34,150.0,2027-10-09T17:04:52.663168,cancelado,6,True
4652,523,698,-8,100.0,150.0,2027-10-09T17:04:52.663168,pendente,6,True
4653,2236,3135,-8,100.0,150.0,2027-10-09T17:04:52.663168,pago,-1,True
4654,673,3041,-8,100.0,150.0,2027-10-09T17:04:52.663168,enviado,-1,True
4655,1776,97931,-8,100.0,150.0,2027-10-09T17:04:52.663168,enviado,-1,True
4656,2138,588,-8,100.0,150.0,2027-10-09T17:04:52.663168,enviado,6,True
4657,1108,1066,-3,100.0,150.0,2027-10-09T17:04:52.663168,enviado,6,True
4658,1476,99636,-3,100.0,150.0,2027-10-09T17:04:52.663168,pendente,6,True
4659,1095,2997,-3,100.0,150.0,2027-10-09T17:04:52.663377,pago,6,True
4660,3910,4335,-3,100.0,150.0,2027-10-09T17:04:52.663387,cancelado,6,True
4661,2764,1802,-3,-695.85,150.0,2027-10-09T17:04:52.663387,enviado,6,True
4662,158,3300,-3,-695.85,150.0,2027-10-09T17:04:52.663405,pago,6,True
4663,1949,4818,-3,-258.11,150.0,2027-10-09T17:04:52.663405,enviado,6,True
4664,3890,3026,-3,100.0,150.0,2027-10-09T17:04:52.663405,cancelado,6,True
4665,91612,3976,-3,100.0,150.0,2027-10-09T17:04:52.663405,cancelado,6,True
4666,3421,96383,-3,100.0,150.0,2027-10-09T17:04:52.663405,cancelado,6,True
4667,2483,98344,-3,100.0,150.0,2027-10-09T17:04:52.663405,enviado,6,True
4668,3538,4625,-6,100.0,150.0,2027-10-09T17:04:52.663405,entregue,6,True
4669,2374,405,-6,-698.04,150.0,2027-10-09T17:04:52.663405,cancelado,6,True
4670,2265,3076,-6,-684.3,150.0,2027-10-09T17:04:52.663405,cancelado,6,True
4671,1803,3109,-6,-684.3,150.0,2027-10-09T17:04:52.663484,entregue,6,True
4672,892,3928,-6,100.0,150.0,2027-10-09T17:04:52.663484,pago,6,True
4673,1658,3903,-6,-143.69,150.0,2027-10-09T17:04:52.663484,pago,6,True
4674,93620,2972,-6,-143.69,150.0,2027-10-09T17:04:52.663484,pendente,6,True
4675,4238,2688,-10,-143.69,150.0,2027-10-09T17:04:52.663484,pendente,6,True
4676,3610,1650,-10,-274.3,150.0,2027-10-09T17:04:52.663484,pendente,6,True
4677,4756,4171,-10,-274.3,150.0,2027-10-09T17:04:52.663533,entregue,6,True
4678,456,3,-4,-274.3,150.0,2027-10-09T17:04:52.663533,pago,6,True
4679,3740,4718,-2,-274.3,150.0,2027-10-09T17:04:52.663533,cancelado,6,True
4680,2858,3143,-2,-274.3,150.0,2027-10-09T17:04:52.663533,entregue,6,True
4681,4684,1142,-2,-274.3,150.0,2027-10-09T17:04:52.663533,enviado,-1,True
4682,93806,2111,-2,-274.3,150.0,2027-10-09T17:04:52.663533,enviado,-1,True
4683,811,3348,-2,-139.18,150.0,2027-10-09T17:04:52.663533,entregue,-1,True
4684,4901,2753,-2,100.0,150.0,2027-10-09T17:04:52.663533,pendente,-1,True
4685,1345,96476,-2,100.0,150.0,2027-10-09T17:04:52.663533,cancelado,-1,True
4686,97015,3460,-2,100.0,150.0,2027-10-09T17:04:52.663533,pendente,-1,True
4687,96754,1448,-2,100.0,150.0,2027-10-09T17:04:52.663533,entregue,-1,True
4688,291,94969,-2,100.0,150.0,2027-10-09T17:04:52.663533,enviado,-1,True
4689,1290,94405,-2,100.0,150.0,2027-10-09T17:04:52.663533,enviado,-1,True
4690,91979,4320,-2,100.0,150.0,2027-10-09T17:04:52.663533,entregue,-1,True
4691,1705,95204,-2,100.0,150.0,2027-10-09T17:04:52.663533,entregue,-1,True
4692,2970,3634,-2,-425.3,150.0,2027-10-09T17:04:52.663533,entregue,-1,True
4693,3205,3729,-2,-488.35,150.0,2027-10-09T17:04:52.663533,pendente,-1,True
4694,2781,3886,-2,-488.35,150.0,2027-10-09T17:04:52.663533,pendente,-1,True
4695,4611,3493,-2,-509.87,150.0,2027-10-09T17:04:52.663533,pendente,-1,True
4696,3371,2829,-1,-509.87,150.0,2027-10-09T17:04:52.663533,pago,-1,True
4697,1414,877,-1,-170.43,150.0,2027-10-09T17:04:52.663533,cancelado,-1,True
4698,4,93853,-1,-170.43,150.0,2027-10-09T17:04:52.663533,entregue,-1,True
4699,3958,94766,-1,-170.43,150.0,2027-10-09T17:04:52.663533,pendente,-1,True
4700,4920,98671,-1,-170.43,150.0,2027-10-09T17:04:52.663533,enviado,-1,True
4701,1697,99350,-1,-170.43,150.0,2027-10-09T17:04:52.663533,pendente,-1,True
4702,2376,3138,-1,-170.43,150.0,2027-10-09T17:04:52.663741,cancelado,-1,True
4703,2758,2729,-1,100.0,150.0,2027-10-09T17:04:52.663741,cancelado,-1,True
4704,3871,1771,-1,100.0,150.0,2027-10-09T17:04:52.663741,pago,100,True
4705,2357,2397,-1,100.0,150.0,2027-10-09T17:04:52.663766,pendente,100,True
4706,4955,754,-1,100.0,150.0,2027-10-09T17:04:52.663776,entregue,100,True
4707,98491,1126,-1,100.0,150.0,2027-10-09T17:04:52.663776,cancelado,100,True
4708,4293,98900,-1,100.0,150.0,2027-10-09T17:04:52.663776,cancelado,100,True
4709,1735,1713,-2,100.0,150.0,2027-10-09T17:04:52.663776,pago,100,True
4710,1853,3070,-2,100.0,150.0,2027-10-09T17:04:52.663813,pendente,100,True
4711,4169,90304,-2,100.0,150.0,2027-10-09T17:04:52.663813,pendente,100,True
4712,4600,842,-2,-213.98,150.0,2027-10-09T17:04:52.663813,entregue,100,True
4713,96436,3617,-2,-213.98,150.0,2027-10-09T17:04:52.663813,enviado,100,True
4714,242,2670,-2,100.0,150.0,2027-10-09T17:04:52.663813,enviado,100,True
4715,2982,4915,-3,100.0,150.0,2027-10-09T17:04:52.663813,entregue,100,True
4716,97453,3387,-3,100.0,150.0,2027-10-09T17:04:52.663813,enviado,100,True
4717,403,1777,-4,100.0,150.0,2027-10-09T17:04:52.663813,entregue,100,True
4718,4813,4588,-10,100.0,150.0,2027-10-09T17:04:52.663813,enviado,100,True
4719,1533,2068,-10,100.0,150.0,2027-10-09T17:04:52.663813,enviado,6,True
4720,4554,4718,-10,100.0,150.0,2027-10-09T17:04:52.663896,pago,6,True
4721,746,586,-10,100.0,150.0,2027-10-09T17:04:52.663896,cancelado,10,True
4722,3939,1323,-10,100.0,150.0,2027-10-09T17:04:52.663896,pago,10,True
4723,3521,325,-10,100.0,150.0,2027-10-09T17:04:52.663896,pendente,,True
4724,1192,229,-10,-865.03,150.0,2027-10-09T17:04:52.663896,cancelado,,True
4725,1058,3573,-10,-865.03,150.0,2027-10-09T17:04:52.663937,enviado,,True
4726,93908,1339,-10,-865.03,150.0,2027-10-09T17:04:52.663937,pago,,True
4727,3213,4924,-10,-458.6,150.0,2027-10-09T17:04:52.663937,enviado,,True
4728,2791,1960,-1,-458.6,150.0,2027-10-09T17:04:52.663937,entregue,,True
4729,496,4283,-1,100.0,150.0,2027-10-09T17:04:52.663937,pendente,,True
4730,2703,96949,-1,100.0,150.0,2027-10-09T17:04:52.663937,pendente,,True
4731,3463,1223,-1,-267.6,150.0,2027-10-09T17:04:52.663937,entregue,,True
4732,216,4654,-1,-475.78,150.0,2027-10-09T17:04:52.663937,pendente,,True
4733,2041,1508,-1,-106.83,150.0,2027-10-09T17:04:52.663937,enviado,,True
4734,864,2971,-4,-106.83,150.0,2027-10-09T17:04:52.663937,entregue,,True
4735,2139,495,-4,-106.83,150.0,2027-10-09T17:04:52.663937,pago,6,True
4736,4096,2390,-4,-106.83,150.0,2027-10-09T17:04:52.664030,enviado,6,True
4737,3775,3601,-4,100.0,150.0,2027-10-09T17:04:52.664030,enviado,6,True
4738,3061,4940,-4,100.0,150.0,2027-10-09T17:04:52.664030,pendente,6,True
4739,903,659,-4,100.0,150.0,2027-10-09T17:04:52.664055,enviado,6,True
4740,4987,1599,-9,100.0,150.0,2027-10-09T17:04:52.664055,enviado,6,True
4741,2121,921,-9,-995.14,150.0,2027-10-09T17:04:52.664055,cancelado,6,True
4742,1471,1329,-9,-995.14,150.0,2027-10-09T17:04:52.664055,pendente,-1,True
4743,4865,2751,-9,-995.14,150.0,2027-10-09T17:04:52.664089,enviado,-1,True
4744,91264,2707,-9,-995.14,150.0,2027-10-09T17:04:52.664089,cancelado,-1,True
4745,4455,1233,-9,-995.14,150.0,2027-10-09T17:04:52.664107,pago,-1,True
4746,97744,2938,-9,-995.14,150.0,2027-10-09T17:04:52.664107,pendente,-1,True
4747,4860,4392,-8,-995.14,150.0,2027-10-09T17:04:52.664107,cancelado,-1,True
4748,2836,3683,-8,100.0,150.0,2027-10-09T17:04:52.664107,entregue,-1,True
4749,4930,1562,-3,100.0,150.0,2027-10-09T17:04:52.664107,pendente,-1,True
4750,2056,1693,-3,100.0,150.0,2027-10-09T17:04:52.664107,entregue,-1,True
4751,97824,3213,-3,100.0,150.0,2027-10-09T17:04:52.664107,pendente,-1,True
4752,4938,90067,-3,100.0,150.0,2027-10-09T17:04:52.664107,pendente,-1,True
4753,94918,602,-3,100.0,150.0,2027-10-09T17:04:52.664107,cancelado,-1,True
4754,1327,195,-3,100.0,150.0,2027-10-09T17:04:52.664107,enviado,-1,True
4755,1009,1160,-2,100.0,150.0,2027-10-09T17:04:52.664107,pendente,-1,True
4756,3772,1800,-2,-515.79,150.0,2027-10-09T17:04:52.664107,entregue,-1,True
4757,97402,1164,-2,-515.79,150.0,2027-10-09T17:04:52.664107,cancelado,-1,True
4758,1939,2666,-2,100.0,150.0,2027-10-09T17:04:52.664107,cancelado,-1,True
4759,2953,2830,-2,100.0,150.0,2027-10-09T17:04:52.664225,enviado,-1,True
4760,1237,913,-2,100.0,150.0,2027-10-09T17:04:52.664225,cancelado,,True
4761,1241,2619,-2,100.0,150.0,2027-10-09T17:04:52.664225,entregue,,True
4762,1383,668,-2,-194.35,150.0,2027-10-09T17:04:52.664225,pago,,True
4763,904,2484,-7,-194.35,150.0,2027-10-09T17:04:52.664225,entregue,,True
4764,884,91448,-7,-194.35,150.0,2027-10-09T17:04:52.664225,enviado,,True
4765,1232,1220,-7,-194.35,150.0,2027-10-09T17:04:52.664225,entregue,6,True
4766,3643,3391,-7,-194.35,150.0,2027-10-09T17:04:52.664282,cancelado,6,True
4767,1968,1495,-7,-194.35,150.0,2027-10-09T17:04:52.664294,enviado,6,True
4768,4639,4571,-7,-194.35,150.0,2027-10-09T17:04:52.664304,pendente,6,True
4769,2027,2212,-7,100.0,150.0,2027-10-09T17:04:52.664304,pendente,6,True
4770,752,4341,-2,100.0,150.0,2027-10-09T17:04:52.664304,pendente,6,True
4771,1757,1125,-2,100.0,150.0,2027-10-09T17:04:52.664304,pago,6,True
4772,1031,4684,-2,100.0,150.0,2027-10-09T17:04:52.664304,cancelado,6,True
4773,98840,238,-2,100.0,150.0,2027-10-09T17:04:52.664304,enviado,6,True
4774,98057,2555,-2,100.0,150.0,2027-10-09T17:04:52.664304,cancelado,6,True
4775,1021,4298,-2,100.0,150.0,2027-10-09T17:04:52.664360,enviado,6,True
4776,980,4914,-2,100.0,150.0,2027-10-09T17:04:52.664360,enviado,,True
4777,345,345,-2,100.0,150.0,2027-10-09T17:04:52.664360,cancelado,,True
4778,1979,3088,-6,100.0,150.0,2027-10-09T17:04:52.664360,pago,,True
4779,4566,625,-6,-587.11,150.0,2027-10-09T17:04:52.664360,enviado,,True
4780,923,3363,-6,100.0,150.0,2027-10-09T17:04:52.664360,pendente,,True
4781,1958,129,-5,100.0,150.0,2027-10-09T17:04:52.664360,pendente,,True
4782,1807,2923,-4,100.0,150.0,2027-10-09T17:04:52.664360,pago,,True
4783,3033,1084,-4,100.0,150.0,2027-10-09T17:04:52.664360,pendente,100,True
4784,3859,4951,-8,100.0,150.0,2027-10-09T17:04:52.664360,pago,100,True
4785,4001,435,-8,-293.52,150.0,2027-10-09T17:04:52.664360,cancelado,100,True
4786,218,93446,-8,-293.52,150.0,2027-10-09T17:04:52.664360,enviado,100,True
4787,96535,2293,-8,-293.52,150.0,2027-10-09T17:04:52.664360,enviado,100,True
4788,2308,273,-8,100.0,150.0,2027-10-09T17:04:52.664360,pago,100,True
4789,97129,3722,-8,100.0,150.0,2027-10-09T17:04:52.664360,pendente,100,True
4790,2133,1050,-7,100.0,150.0,2027-10-09T17:04:52.664360,pendente,100,True
4791,1059,3829,-3,100.0,150.0,2027-10-09T17:04:52.664360,pago,100,True
4792,4472,1371,-3,-169.65,150.0,2027-10-09T17:04:52.664360,pendente,100,True
4793,1875,94349,-3,-169.65,150.0,2027-10-09T17:04:52.664360,entregue,100,True
4794,2424,1936,-3,-786.62,150.0,2027-10-09T17:04:52.664360,pendente,100,True
4795,3443,1360,-3,-786.62,150.0,2027-10-09T17:04:52.664549,cancelado,100,True
4796,3019,2504,-3,100.0,150.0,2027-10-09T17:04:52.664549,pendente,100,True
4797,1208,883,-3,100.0,150.0,2027-10-09T17:04:52.664549,enviado,,True
4798,1983,2291,-3,100.0,150.0,2027-10-09T17:04:52.664549,enviado,,True
4799,1308,99654,-3,100.0,150.0,2027-10-09T17:04:52.664549,enviado,,True
4800,901,4858,-3,100.0,150.0,2027-10-09T17:04:52.664594,pago,,True
4801,3976,3137,-2,100.0,150.0,2027-10-09T17:04:52.664594,pago,,True
4802,95620,1384,-2,100.0,150.0,2027-10-09T17:04:52.664594,enviado,,True
4803,3914,4382,-2,-237.83,150.0,2027-10-09T17:04:52.664594,pago,,True
4804,464,1668,-2,100.0,150.0,2027-10-09T17:04:52.664594,pago,,True
4805,1070,2320,-2,100.0,150.0,2027-10-09T17:04:52.664594,pago,-1,True
4806,92643,2306,-2,100.0,150.0,2027-10-09T17:04:52.664594,entregue,-1,True
4807,2820,3913,-4,100.0,150.0,2027-10-09T17:04:52.664594,entregue,-1,True
4808,2548,1063,-5,100.0,150.0,2027-10-09T17:04:52.664594,entregue,-1,True
4809,3561,1796,-5,-322.37,150.0,2027-10-09T17:04:52.664594,pago,-1,True
4810,94706,3360,-5,-322.37,150.0,2027-10-09T17:04:52.664594,pendente,-1,True
4811,1860,2285,-5,100.0,150.0,2027-10-09T17:04:52.664594,pago,-1,True
4812,1551,3071,-5,100.0,150.0,2027-10-09T17:04:52.664696,pago,-1,True
4813,92315,1195,-5,100.0,150.0,2027-10-09T17:04:52.664696,enviado,-1,True
4814,95732,3463,-5,100.0,150.0,2027-10-09T17:04:52.664696,enviado,-1,True
4815,2833,95825,-5,100.0,150.0,2027-10-09T17:04:52.664696,entregue,-1,True
4816,4361,7,-5,100.0,150.0,2027-10-09T17:04:52.664730,cancelado,-1,True
4817,1079,91512,-5,100.0,150.0,2027-10-09T17:04:52.664730,cancelado,-1,True
4818,266,2739,-5,100.0,150.0,2027-10-09T17:04:52.664730,enviado,-1,True
4819,2075,2332,-5,100.0,150.0,2027-10-09T17:04:52.664730,pendente,-1,True
4820,425,3552,-5,100.0,150.0,2027-10-09T17:04:52.664730,entregue,100,True
4821,441,92362,-5,100.0,150.0,2027-10-09T17:04:52.664730,enviado,100,True
4822,2983,1086,-5,100.0,150.0,2027-10-09T17:04:52.664730,cancelado,100,True
4823,1146,3367,-5,100.0,150.0,2027-10-09T17:04:52.664786,pago,100,True
4824,571,95876,-5,100.0,150.0,2027-10-09T17:04:52.664786,entregue,100,True
4825,4166,2641,-5,100.0,150.0,2027-10-09T17:04:52.664786,enviado,100,True
4826,3624,1022,-5,100.0,150.0,2027-10-09T17:04:52.664814,cancelado,100,True
4827,972,718,-5,100.0,150.0,2027-10-09T17:04:52.664814,pendente,,True
4828,3891,2895,-5,100.0,150.0,2027-10-09T17:04:52.664814,pago,,True
4829,92547,4988,-5,100.0,150.0,2027-10-09T17:04:52.664814,pendente,,True
4830,2991,2396,-5,-370.89,150.0,2027-10-09T17:04:52.664814,cancelado,,True
4831,3929,91812,-5,-370.89,150.0,2027-10-09T17:04:52.664814,cancelado,,True
4832,95417,1174,-5,-370.89,150.0,2027-10-09T17:04:52.664814,enviado,,True
4833,954,2077,-7,-370.89,150.0,2027-10-09T17:04:52.664814,entregue,,True
4834,99644,4954,-7,-370.89,150.0,2027-10-09T17:04:52.664814,enviado,,True
4835,4657,1875,-1,-370.89,150.0,2027-10-09T17:04:52.664814,pendente,,True
4836,271,98723,-1,-370.89,150.0,2027-10-09T17:04:52.664814,pendente,,True
4837,4119,805,-10,-370.89,150.0,2027-10-09T17:04:52.664814,enviado,,True
4838,2924,3303,-10,-370.89,150.0,2027-10-09T17:04:52.664814,entregue,,True
4839,2681,91141,-10,-370.89,150.0,2027-10-09T17:04:52.664814,cancelado,,True
4840,914,2706,-10,-370.89,150.0,2027-10-09T17:04:52.664814,cancelado,-1,True
4841,1547,3484,-6,-370.89,150.0,2027-10-09T17:04:52.664814,pago,-1,True
4842,1648,3756,-7,-370.89,150.0,2027-10-09T17:04:52.664814,pago,-1,True
4843,3327,2448,-7,-756.62,150.0,2027-10-09T17:04:52.664814,enviado,-1,True
4844,90109,1552,-7,-756.62,150.0,2027-10-09T17:04:52.664814,enviado,-1,True
4845,664,1294,-8,-756.62,150.0,2027-10-09T17:04:52.664814,cancelado,-1,True
4846,91340,4757,-8,-756.62,150.0,2027-10-09T17:04:52.664814,pendente,-1,True
4847,97606,3066,-8,-756.62,150.0,2027-10-09T17:04:52.664814,pendente,-1,True
4848,2410,92103,-8,-756.62,150.0,2027-10-09T17:04:52.664814,cancelado,-1,True
4849,1195,3181,-2,-756.62,150.0,2027-10-09T17:04:52.664814,enviado,-1,True
4850,1010,1665,-2,-384.86,150.0,2027-10-09T17:04:52.664814,pendente,-1,True
4851,2730,1112,-2,-872.15,150.0,2027-10-09T17:04:52.664814,entregue,-1,True
4852,98009,4590,-2,-872.15,150.0,2027-10-09T17:04:52.664814,cancelado,-1,True
4853,3838,4370,-2,-715.16,150.0,2027-10-09T17:04:52.664814,entregue,-1,True
4854,2945,1998,-1,-715.16,150.0,2027-10-09T17:04:52.664814,entregue,-1,True
4855,388,94,-1,-715.16,150.0,2027-10-09T17:04:52.664814,cancelado,-1,True
4856,1684,3909,-9,-715.16,150.0,2027-10-09T17:04:52.664814,entregue,-1,True
4857,1833,2677,-9,-715.16,150.0,2027-10-09T17:04:52.665070,enviado,-1,True
4858,2251,98966,-9,-715.16,150.0,2027-10-09T17:04:52.665070,entregue,-1,True
4859,2421,1264,-9,100.0,150.0,2027-10-09T17:04:52.665070,cancelado,-1,True
4860,95253,979,-9,100.0,150.0,2027-10-09T17:04:52.665070,pago,-1,True
4861,1101,446,-9,-81.26,150.0,2027-10-09T17:04:52.665070,pago,-1,True
4862,93902,1396,-9,-81.26,150.0,2027-10-09T17:04:52.665070,pago,-1,True
4863,2180,2580,-2,-81.26,150.0,2027-10-09T17:04:52.665070,cancelado,-1,True
4864,4965,99819,-2,-81.26,150.0,2027-10-09T17:04:52.665070,pago,-1,True
4865,1725,1621,-2,100.0,150.0,2027-10-09T17:04:52.665070,enviado,-1,True
4866,156,3606,-2,100.0,150.0,2027-10-09T17:04:52.665070,enviado,10,True
4867,98513,202,-2,100.0,150.0,2027-10-09T17:04:52.665070,cancelado,10,True
4868,98615,1325,-2,100.0,150.0,2027-10-09T17:04:52.665070,pago,10,True
4869,1797,3330,-2,-390.65,150.0,2027-10-09T17:04:52.665070,pago,10,True
4870,91791,2583,-2,-390.65,150.0,2027-10-09T17:04:52.665070,pago,10,True
4871,1653,93073,-2,-390.65,150.0,2027-10-09T17:04:52.665070,pendente,10,True
4872,91126,1816,-2,-390.65,150.0,2027-10-09T17:04:52.665070,enviado,10,True
4873,1100,260,-2,100.0,150.0,2027-10-09T17:04:52.665070,enviado,10,True
4874,3712,3475,-7,100.0,150.0,2027-10-09T17:04:52.665070,cancelado,10,True
4875,2556,3134,-7,100.0,150.0,2027-10-09T17:04:52.665227,entregue,10,True
4876,99102,913,-7,100.0,150.0,2027-10-09T17:04:52.665227,pendente,10,True
4877,564,2992,-7,-785.83,150.0,2027-10-09T17:04:52.665227,entregue,10,True
4878,4944,839,-7,100.0,150.0,2027-10-09T17:04:52.665227,entregue,10,True
4879,1388,4899,-7,100.0,150.0,2027-10-09T17:04:52.665263,pago,10,True
4880,2809,2125,-7,100.0,150.0,2027-10-09T17:04:52.665273,enviado,10,True
4881,1778,1108,-7,100.0,150.0,2027-10-09T17:04:52.665273,pendente,100,True
4882,958,2842,-7,100.0,150.0,2027-10-09T17:04:52.665273,pendente,100,True
4883,360,2630,-7,100.0,150.0,2027-10-09T17:04:52.665273,pago,100,True
4884,91503,2315,-7,100.0,150.0,2027-10-09T17:04:52.665273,entregue,100,True
4885,3280,2879,-7,100.0,150.0,2027-10-09T17:04:52.665273,cancelado,100,True
4886,75,4015,-7,100.0,150.0,2027-10-09T17:04:52.665329,pago,100,True
4887,93088,1411,-7,100.0,150.0,2027-10-09T17:04:52.665329,entregue,100,True
4888,1707,2747,-7,100.0,150.0,2027-10-09T17:04:52.665329,pago,10,True
4889,451,1360,-7,100.0,150.0,2027-10-09T17:04:52.665329,cancelado,-1,True
4890,1077,1314,-7,-926.37,150.0,2027-10-09T17:04:52.665329,enviado,-1,True
4891,3038,3933,-10,-926.37,150.0,2027-10-09T17:04:52.665329,cancelado,-1,True
4892,904,2531,-10,100.0,150.0,2027-10-09T17:04:52.665329,enviado,-1,True
4893,4351,1232,-10,100.0,150.0,2027-10-09T17:04:52.665386,cancelado,-1,True
4894,99733,291,-10,100.0,150.0,2027-10-09T17:04:52.665386,cancelado,-1,True
4895,2207,3345,-10,100.0,150.0,2027-10-09T17:04:52.665386,pendente,-1,True
4896,4693,98395,-10,100.0,150.0,2027-10-09T17:04:52.665386,pendente,-1,True
4897,1134,3379,-10,100.0,150.0,2027-10-09T17:04:52.665419,cancelado,-1,True
4898,3630,2375,-10,100.0,150.0,2027-10-09T17:04:52.665419,cancelado,-1,True
4899,98228,2147,-10,100.0,150.0,2027-10-09T17:04:52.665419,cancelado,-1,True
4900,1253,2020,-9,100.0,150.0,2027-10-09T17:04:52.665419,enviado,-1,True
4901,4042,805,-9,-737.19,150.0,2027-10-09T17:04:52.665419,pendente,-1,True
4902,1687,3752,-9,100.0,150.0,2027-10-09T17:04:52.665419,entregue,-1,True
4903,1111,2492,-9,100.0,150.0,2027-10-09T17:04:52.665419,entregue,-1,True
4904,2638,1586,-9,100.0,150.0,2027-10-09T17:04:52.665419,pago,6,True
4905,2603,96397,-9,100.0,150.0,2027-10-09T17:04:52.665419,cancelado,6,True
4906,3394,3961,-9,100.0,150.0,2027-10-09T17:04:52.665495,pago,6,True
4907,2689,1966,-8,100.0,150.0,2027-10-09T17:04:52.665495,enviado,6,True
4908,626,1944,-8,100.0,150.0,2027-10-09T17:04:52.665495,enviado,6,True
4909,91345,1490,-8,100.0,150.0,2027-10-09T17:04:52.665495,cancelado,6,True
4910,3811,3154,-4,100.0,150.0,2027-10-09T17:04:52.665495,cancelado,6,True
4911,3940,4488,-4,100.0,150.0,2027-10-09T17:04:52.665495,cancelado,10,True
4912,911,1608,-5,100.0,150.0,2027-10-09T17:04:52.665495,entregue,10,True
4913,2702,1191,-7,100.0,150.0,2027-10-09T17:04:52.665495,pago,10,True
4914,86,30,-3,100.0,150.0,2027-10-09T17:04:52.665495,cancelado,10,True
4915,1134,2316,-3,100.0,150.0,2027-10-09T17:04:52.665495,enviado,10,True
4916,1851,2667,-3,-834.68,150.0,2027-10-09T17:04:52.665495,entregue,10,True
4917,3061,91455,-3,-834.68,150.0,2027-10-09T17:04:52.665495,cancelado,10,True
4918,3059,3870,-3,-834.68,150.0,2027-10-09T17:04:52.665495,entregue,100,True
4919,1600,1962,-3,-627.72,150.0,2027-10-09T17:04:52.665495,cancelado,100,True
4920,3681,1562,-10,-627.72,150.0,2027-10-09T17:04:52.665495,entregue,100,True
4921,2292,99487,-10,-627.72,150.0,2027-10-09T17:04:52.665495,cancelado,100,True
4922,1217,95790,-10,-627.72,150.0,2027-10-09T17:04:52.665495,entregue,100,True
4923,4654,4569,-10,-627.72,150.0,2027-10-09T17:04:52.665635,enviado,100,True
4924,93714,4425,-10,-627.72,150.0,2027-10-09T17:04:52.665635,pago,100,True
4925,3830,3520,-5,-627.72,150.0,2027-10-09T17:04:52.665635,enviado,100,True
4926,3905,976,-3,-627.72,150.0,2027-10-09T17:04:52.665635,enviado,100,True
4927,3807,3428,-3,-289.65,150.0,2027-10-09T17:04:52.665635,cancelado,100,True
4928,4394,98036,-3,-289.65,150.0,2027-10-09T17:04:52.665635,pendente,100,True
4929,2847,707,-9,-289.65,150.0,2027-10-09T17:04:52.665635,pendente,100,True
4930,92061,3743,-9,-289.65,150.0,2027-10-09T17:04:52.665635,cancelado,100,True
4931,2582,1033,-4,-289.65,150.0,2027-10-09T17:04:52.665635,cancelado,100,True
4932,1920,1738,-4,-527.29,150.0,2027-10-09T17:04:52.665635,entregue,100,True
4933,3435,1637,-4,-527.29,150.0,2027-10-09T17:04:52.665635,entregue,10,True
4934,1423,524,-4,-527.29,150.0,2027-10-09T17:04:52.665726,pago,10,True
4935,1104,3503,-2,-527.29,150.0,2027-10-09T17:04:52.665726,enviado,10,True
4936,4953,93700,-2,-527.29,150.0,2027-10-09T17:04:52.665726,pendente,10,True
4937,3156,2286,-2,100.0,150.0,2027-10-09T17:04:52.665726,pendente,10,True
4938,3717,801,-2,-524.27,150.0,2027-10-09T17:04:52.665726,enviado,10,True
4939,4299,3861,-6,-524.27,150.0,2027-10-09T17:04:52.665726,enviado,10,True
4940,3812,3316,-6,-524.27,150.0,2027-10-09T17:04:52.665777,enviado,10,True
4941,2359,4470,-6,100.0,150.0,2027-10-09T17:04:52.665777,entregue,10,True
4942,1050,1522,-6,100.0,150.0,2027-10-09T17:04:52.665794,pendente,10,True
4943,90901,4171,-6,100.0,150.0,2027-10-09T17:04:52.665794,enviado,10,True
4944,2150,493,-6,100.0,150.0,2027-10-09T17:04:52.665794,pendente,10,True
4945,98041,3508,-6,100.0,150.0,2027-10-09T17:04:52.665794,pago,10,True
4946,3549,1997,-10,100.0,150.0,2027-10-09T17:04:52.665794,pago,10,True
4947,91305,1524,-10,100.0,150.0,2027-10-09T17:04:52.665794,cancelado,10,True
4948,436,525,-10,-885.55,150.0,2027-10-09T17:04:52.665794,entregue,10,True
4949,2458,4509,-1,-885.55,150.0,2027-10-09T17:04:52.665794,pago,10,True
4950,1757,2381,-1,-885.55,150.0,2027-10-09T17:04:52.665794,pago,10,True
4951,45,4679,-1,-885.55,150.0,2027-10-09T17:04:52.665869,entregue,10,True
4952,985,1313,-1,-216.33,150.0,2027-10-09T17:04:52.665869,pendente,10,True
4953,1924,3314,-1,-216.33,150.0,2027-10-09T17:04:52.665887,entregue,10,True
4954,4655,4663,-1,-216.33,150.0,2027-10-09T17:04:52.665887,pendente,6,True
4955,732,4514,-1,100.0,150.0,2027-10-09T17:04:52.665887,pendente,6,True
4956,2156,3035,-1,-558.16,150.0,2027-10-09T17:04:52.665887,cancelado,6,True
4957,2027,3033,-1,-558.16,150.0,2027-10-09T17:04:52.665921,entregue,6,True
4958,1077,2534,-1,-558.16,150.0,2027-10-09T17:04:52.665930,pendente,6,True
4959,4070,964,-1,-558.16,150.0,2027-10-09T17:04:52.665939,entregue,6,True
4960,3403,2703,-1,-558.16,150.0,2027-10-09T17:04:52.665939,pago,-1,True
4961,3956,2361,-7,-558.16,150.0,2027-10-09T17:04:52.665939,pago,-1,True
4962,955,1257,-7,-558.16,150.0,2027-10-09T17:04:52.665967,pendente,-1,True
4963,2363,2845,-7,-558.16,150.0,2027-10-09T17:04:52.665967,entregue,100,True
4964,419,2125,-7,100.0,150.0,2027-10-09T17:04:52.665967,cancelado,100,True
4965,4413,2764,-8,100.0,150.0,2027-10-09T17:04:52.665967,enviado,100,True
4966,91613,4578,-8,100.0,150.0,2027-10-09T17:04:52.665967,pago,100,True
4967,3451,674,-8,100.0,150.0,2027-10-09T17:04:52.665967,pendente,,True
4968,2893,3485,-8,100.0,150.0,2027-10-09T17:04:52.666018,pago,,True
4969,2924,448,-8,100.0,150.0,2027-10-09T17:04:52.666018,pendente,10,True
4970,4166,4552,-3,100.0,150.0,2027-10-09T17:04:52.666018,pago,10,True
4971,3397,4109,-7,100.0,150.0,2027-10-09T17:04:52.666018,pendente,10,True
4972,3643,2252,-7,100.0,150.0,2027-10-09T17:04:52.666052,cancelado,10,True
4973,1652,1429,-7,100.0,150.0,2027-10-09T17:04:52.666061,entregue,10,True
4974,1016,3979,-7,100.0,150.0,2027-10-09T17:04:52.666061,entregue,10,True
4975,95409,3820,-7,100.0,150.0,2027-10-09T17:04:52.666061,pendente,10,True
4976,2963,93154,-7,100.0,150.0,2027-10-09T17:04:52.666061,pendente,10,True
4977,1342,4146,-7,100.0,150.0,2027-10-09T17:04:52.666061,entregue,10,True
4978,2250,2845,-7,100.0,150.0,2027-10-09T17:04:52.666061,pago,10,True
4979,96428,906,-7,100.0,150.0,2027-10-09T17:04:52.666061,entregue,10,True
4980,1460,4931,-7,100.0,150.0,2027-10-09T17:04:52.666117,entregue,10,True
4981,90070,4060,-7,100.0,150.0,2027-10-09T17:04:52.666117,pendente,10,True
4982,999,361,-10,100.0,150.0,2027-10-09T17:04:52.666117,cancelado,10,True
4983,3175,2725,-10,-896.4,150.0,2027-10-09T17:04:52.666117,pago,10,True
4984,2884,4376,-10,-943.18,150.0,2027-10-09T17:04:52.666117,enviado,10,True
4985,2756,3905,-10,-943.18,150.0,2027-10-09T17:04:52.666162,pago,10,True
4986,91,1987,-4,-943.18,150.0,2027-10-09T17:04:52.666162,cancelado,10,True
4987,260,4199,-4,-943.18,150.0,2027-10-09T17:04:52.666182,pago,10,True
4988,749,96077,-4,-943.18,150.0,2027-10-09T17:04:52.666182,entregue,10,True
4989,766,4503,-4,-943.18,150.0,2027-10-09T17:04:52.666182,enviado,10,True
4990,4780,4294,-4,-943.18,150.0,2027-10-09T17:04:52.666182,entregue,100,True
4991,4427,94681,-4,-943.18,150.0,2027-10-09T17:04:52.666182,entregue,100,True
4992,3389,2082,-2,-943.18,150.0,2027-10-09T17:04:52.666182,enviado,100,True
4993,2555,1630,-2,-753.32,150.0,2027-10-09T17:04:52.666182,cancelado,100,True
4994,556,1095,-5,-753.32,150.0,2027-10-09T17:04:52.666182,cancelado,100,True
4995,225,92808,-5,-753.32,150.0,2027-10-09T17:04:52.666182,pendente,100,True
4996,96430,940,-5,-753.32,150.0,2027-10-09T17:04:52.666182,enviado,100,True
4997,2172,3798,-5,-45.6,150.0,2027-10-09T17:04:52.666182,pendente,100,True
4998,1089,95075,-5,-45.6,150.0,2027-10-09T17:04:52.666182,pago,100,True
4999,3878,1769,-6,-45.6,150.0,2027-10-09T17:04:52.666182,cancelado,100,True
5000,95105,911,-6,-45.6,150.0,2027-10-09T17:04:52.666182,enviado,100,True
