ID_Compra,CPF_Cliente,ID_Produto,Data_Compra,Quantidade,Preco_Unitario,Satisfacao,Valor_Total
C00179,816.184.959-50,P003,2025-03-31,1,149.9,5.0,149.9
C01548,894.184.336-72,P1512,2025-09-22,2,116.81,4.1,233.62
C01310,264.712.463-90,P1019,2025-04-15,1,369.29,4.4,369.29
C00878,497.567.922-13,P0576,2026-08-09,3,190.63,3.8,571.89
C00867,686.334.141-71,P1609,2026-07-16,5,213.94,3.5,1069.7
C01718,630.453.069-26,P0759,2025-06-12,1,362.18,4.4,362.18
C00172,532.871.012-69,P011,2025-02-11,3,249.9,5.0,749.7
C01395,259.045.990-48,P0852,2026-02-15,2,352.0,4.2,704.0
C00403,161.559.407-89,P005,2025-01-22,1,229.9,4.6,229.9
C00189,350.305.641-60,P013,2025-04-28,2,49.9,3.5,99.8
C01053,875.003.691-23,P1983,2025-02-05,1,84.25,3.7,84.25
C01952,855.245.787-31,P1147,2026-06-14,1,351.29,4.4,351.29
C01472,769.475.769-89,P1255,2025-09-06,3,142.74,4.0,428.22
C01523,013.290.227-34,P0029,2025-05-01,1,81.4,5.0,81.4
C01435,159.996.504-61,P1063,2025-10-08,1,354.9,3.2,354.9
C01573,856.467.997-32,P1382,2026-06-06,1,78.71,3.9,78.71
C01027,120.754.527-92,P0018,2025-10-31,3,155.47,3.6,466.41
C00257,083.863.794-99,P014,2025-06-10,2,129.9,3.7,259.8
C01680,171.236.851-64,P0500,2025-12-03,4,361.97,4.8,1447.88
C00901,674.338.005-90,P0148,2025-11-13,1,231.0,3.8,231.0
C01001,150.317.807-20,P0116,2025-10-19,1,262.11,3.7,262.11
C00742,567.983.631-99,P1733,2025-06-07,1,333.2,4.6,333.2
C00366,095.701.543-73,P002,2025-06-13,1,79.9,4.5,79.9
C01854,623.869.222-78,P1608,2026-01-30,1,394.6,3.3,394.6
C01564,906.375.791-35,P0536,2026-06-22,2,195.15,4.6,390.3
C01288,331.537.795-20,P1772,2025-03-02,4,241.09,3.9,964.36
C00805,339.439.457-07,P0522,2025-03-29,1,53.1,4.9,53.1
C01646,154.660.241-04,P0119,2026-06-03,1,98.78,4.3,98.78
C01091,671.978.897-31,P1128,2026-04-04,3,318.91,3.7,956.73
C00887,123.274.897-84,P1458,2025-01-09,3,152.65,5.0,457.95
C00901,674.338.005-90,P0148,2025-11-13,1,231.0,3.8,231.0
C00455,278.248.963-15,P013,2025-12-11,3,49.9,4.0,149.7
C00185,350.305.641-60,P004,2025-07-16,3,169.9,4.4,509.7
C01110,106.092.098-09,P1180,2026-06-01,1,195.67,4.5,195.67
C01776,071.058.011-82,P1778,2025-07-29,1,50.22,3.8,50.22
C00128,095.701.543-73,P013,2025-08-02,2,49.9,4.1,99.8
C01717,983.863.840-42,P0602,2025-04-01,1,130.57,5.0,130.57
C01656,181.677.848-60,P1707,2026-02-16,2,67.91,4.0,135.82
C00554,895.400.178-58,P0554,2025-10-28,2,378.3,5.0,756.6
C01264,491.165.020-60,P1194,2026-01-07,2,232.88,4.0,465.76
C00331,480.184.514-27,P001,2025-06-30,2,59.9,3.9,119.8
C01517,063.519.036-29,P1049,2025-05-14,1,363.77,3.9,363.77
C01402,895.326.389-11,P0789,2026-08-05,3,344.69,5.0,1034.07
C00710,800.106.181-71,P1974,2025-06-21,1,248.69,4.0,248.69
C00136,039.117.182-84,P011,2025-04-12,1,249.9,5.0,249.9
C01942,371.162.411-16,P0845,2025-02-01,1,376.3,5.0,376.3
C00892,213.074.235-15,P1741,2025-06-24,1,314.29,3.3,314.29
C01787,354.083.866-00,P1683,2025-01-07,1,131.24,5.0,131.24
C01356,047.541.212-52,P1189,2026-03-18,1,234.84,4.0,234.84
C01557,471.960.940-69,P1337,2025-07-03,3,188.88,3.3,566.64
C01520,651.939.828-40,P1055,2025-08-04,2,357.31,4.5,714.62
C00390,278.248.963-15,P013,2025-07-14,1,49.9,3.8,49.9
C00728,699.577.738-79,P1262,2025-03-30,1,296.04,4.3,296.04
C00934,980.699.016-16,P0073,2026-02-14,2,376.34,4.3,752.68
C00996,761.648.198-14,P1853,2025-12-08,3,363.14,3.7,1089.42
C00088,104.332.181-00,P002,2025-11-26,1,79.9,4.6,79.9
C01094,190.833.428-24,P0701,2025-08-17,1,145.0,3.1,145.0
C00309,026.542.351-14,P013,2025-05-28,1,49.9,4.1,49.9
C01487,778.265.960-41,P0741,2025-10-17,1,284.58,3.6,284.58
C01367,045.792.714-32,P0523,2025-08-07,2,337.59,4.9,675.18
C01846,346.060.560-02,P1614,2026-06-09,3,274.06,4.4,822.18
C01490,792.234.103-20,P0401,2025-11-19,2,316.42,3.6,632.84
C00734,227.026.728-17,P1489,2025-02-26,1,338.86,5.0,338.86
C01936,786.814.473-43,P0349,2025-04-16,3,105.9,5.0,317.7
C00822,650.471.580-71,P1256,2025-12-01,1,307.34,5.0,307.34
C00652,016.451.046-05,P0295,2025-10-25,2,126.71,5.0,253.42
C01812,173.934.835-48,P0608,2025-02-02,1,299.03,5.0,299.03
C00741,014.188.421-50,P1624,2025-12-24,3,142.5,3.0,427.5
C00153,960.013.389-14,P004,2025-05-17,2,169.9,4.5,339.8
C00940,814.356.140-20,P0049,2025-06-26,2,181.55,4.8,363.1
C01592,659.116.655-65,P1268,2025-03-22,3,266.41,2.9,799.23
C00379,026.542.351-14,P003,2025-02-19,1,149.9,4.7,149.9
C00926,355.449.647-26,P1330,2025-10-31,2,141.36,4.6,282.72
C00260,269.166.978-57,P014,2025-02-24,1,129.9,3.9,129.9
C01373,481.386.667-06,P0186,2026-07-07,2,205.73,3.5,411.46
C00952,019.179.202-02,P0664,2025-06-20,2,161.91,3.3,323.82
C00661,602.206.953-00,P1267,2025-01-19,1,284.61,5.0,284.61
C00454,350.305.641-60,P004,2025-10-22,1,169.9,3.9,169.9
C01129,026.086.982-12,P0808,2025-03-10,1,277.53,3.7,277.53
C01340,680.447.314-07,P1146,2025-01-01,1,337.09,2.8,337.09
C01881,698.152.873-89,P1589,2025-09-17,4,328.74,5.0,1314.96
C00875,025.922.220-81,P0401,2025-03-14,1,316.42,4.1,316.42
C00322,960.013.389-14,P006,2025-06-08,2,189.9,5.0,379.8
C01666,663.955.172-10,P1912,2025-05-08,1,223.94,5.0,223.94
C01260,496.112.879-17,P1383,2025-01-03,2,127.19,3.8,254.38
C01401,882.493.534-63,P0190,2025-02-26,1,175.57,3.8,175.57
C00195,928.327.648-51,P014,2025-03-26,1,129.9,4.5,129.9
C00625,563.268.685-05,P0182,2025-12-28,3,74.09,5.0,222.27
C01536,697.893.074-11,P1319,2025-02-07,5,174.61,3.4,873.05
C01665,213.125.129-70,P0287,2026-01-29,1,380.19,4.1,380.19
C00871,325.122.572-31,P1983,2025-02-09,2,84.25,3.7,168.5
C01610,973.597.107-07,P0835,2026-08-19,2,125.83,4.2,251.66
C01684,682.975.147-06,P1813,2025-05-20,3,255.79,4.4,767.37
C00775,842.694.500-70,P0249,2025-08-17,1,354.48,3.4,354.48
C01797,837.606.441-04,P1983,2025-01-23,1,84.25,4.6,84.25
C00577,640.376.137-43,P0617,2026-05-16,1,74.2,5.0,74.2
C00480,816.184.959-50,P012,2025-06-30,1,299.9,4.1,299.9
C01365,500.978.820-97,P0221,2026-05-18,1,244.91,2.7,244.91
C01274,216.376.182-71,P0832,2026-02-20,2,148.33,4.0,296.66
C00280,395.376.724-09,P002,2025-10-13,2,79.9,3.9,159.8
C01666,663.955.172-10,P1912,2025-05-08,1,223.94,5.0,223.94
C00400,627.048.281-05,P006,2025-10-14,4,189.9,4.3,759.6
C01610,973.597.107-07,P0835,2026-08-19,2,125.83,4.2,251.66
C00015,627.048.281-05,P008,2025-04-20,3,219.9,4.5,659.7
C01594,981.987.809-80,P0564,2025-02-06,1,242.65,4.3,242.65
C01574,106.273.715-66,P1636,2025-10-01,2,85.55,3.4,171.1
C01561,783.391.878-48,P1249,2026-06-23,1,257.41,4.6,257.41
C01330,298.068.650-65,P0078,2026-06-15,2,189.55,3.7,379.1
C00944,228.225.120-27,P1129,2025-08-25,1,385.11,3.3,385.11
C01411,333.021.260-85,P0036,2025-04-14,3,150.12,2.6,450.36
C00555,835.832.863-08,P0965,2025-02-21,3,224.75,5.0,674.25
C01562,104.332.181-00,P1981,2025-09-15,1,120.12,4.9,120.12
C01112,471.960.940-69,P0295,2025-02-24,1,126.71,4.3,126.71
C00918,210.202.758-98,P1871,2025-03-17,1,170.27,3.3,170.27
C01012,402.681.177-80,P1056,2026-02-15,1,79.52,4.1,79.52
C01138,021.923.785-99,P0020,2026-03-23,2,100.64,3.3,201.28
C00075,816.184.959-50,P012,2025-09-01,2,299.9,4.5,599.8
C00280,395.376.724-09,P002,2025-10-13,2,79.9,3.9,159.8
C00491,238.849.696-92,P005,2025-07-23,1,229.9,5.0,229.9
C00230,480.184.514-27,P007,2025-08-01,2,139.9,4.1,279.8
C00880,723.875.082-11,P1811,2025-12-03,3,92.66,3.9,277.98
C01337,911.289.812-03,P0826,2025-11-01,1,370.57,4.0,370.57
C01309,935.923.613-68,P0287,2025-08-13,3,380.19,3.2,1140.57
C00943,354.033.173-50,P1869,2025-03-17,1,46.26,4.8,46.26
C01711,087.612.385-03,P1819,2026-03-22,1,320.21,4.6,320.21
C01131,949.058.077-51,P1007,2025-11-24,2,156.15,5.0,312.3
C00159,627.048.281-05,P008,2025-05-05,2,219.9,4.5,439.8
C01530,539.787.137-05,P0247,2025-05-11,4,203.38,4.6,813.52
C01150,289.023.303-03,P1418,2025-07-10,3,48.75,3.7,146.25
C01270,350.305.641-60,P0939,2025-05-31,1,78.24,3.6,78.24
C01131,949.058.077-51,P1007,2025-11-24,2,156.15,5.0,312.3
C01108,879.643.474-03,P0050,2025-05-12,2,129.18,4.9,258.36
C00182,480.184.514-27,P015,2025-05-28,2,89.9,3.3,179.8
C01119,970.996.254-03,P0948,2025-10-30,3,319.57,3.7,958.71
C01590,824.224.124-40,P1218,2026-06-15,3,169.24,4.8,507.72
C00608,923.603.768-29,P0886,2025-05-15,1,229.0,5.0,229.0
C01206,045.069.176-42,P1535,2025-07-02,1,119.91,3.9,119.91
C00062,039.117.182-84,P010,2025-12-02,1,99.9,4.5,99.9
C00695,278.248.963-15,P0640,2025-12-17,4,91.58,3.3,366.32
C00874,633.535.748-83,P0777,2026-06-11,2,186.96,4.7,373.92
C01966,026.086.982-12,P0920,2025-02-23,1,183.07,4.0,183.07
C00430,480.184.514-27,P012,2025-11-07,1,299.9,4.4,299.9
C00554,895.400.178-58,P0554,2025-10-28,2,378.3,5.0,756.6
C00818,150.066.664-55,P1562,2026-04-29,1,253.44,4.8,253.44
C01986,235.469.510-18,P1130,2026-08-15,2,362.55,3.9,725.1
C01707,642.361.032-06,P1674,2025-07-26,4,313.71,5.0,1254.84
C00070,026.542.351-14,P013,2025-08-06,1,49.9,3.9,49.9
C00468,395.376.724-09,P005,2025-01-08,1,229.9,4.8,229.9
C01644,702.070.160-46,P1352,2025-09-26,2,193.43,4.7,386.86
C00117,026.542.351-14,P012,2025-04-09,1,299.9,4.5,299.9
C01712,184.723.046-63,P1642,2025-08-08,4,196.38,3.9,785.52
C00563,267.146.283-23,P1541,2025-07-06,1,204.33,5.0,204.33
C01836,624.395.873-62,P0589,2025-09-21,2,193.53,4.2,387.06
C00588,565.179.624-09,P0202,2025-10-11,1,226.74,4.6,226.74
C00869,304.120.270-03,P0906,2025-04-17,1,246.42,3.6,246.42
C01324,400.273.008-54,P1491,2026-07-07,2,132.61,5.0,265.22
C00253,350.305.641-60,P006,2025-03-03,1,189.9,4.8,189.9
C01115,292.087.510-82,P0424,2025-07-22,1,152.07,4.4,152.07
C01011,998.279.501-50,P0162,2025-02-05,1,291.29,4.4,291.29
C01568,981.829.922-14,P1958,2025-01-28,1,120.7,4.0,120.7
C01993,339.137.326-16,P0402,2025-07-13,3,130.66,4.5,391.98
C01329,296.711.148-14,P1078,2026-08-09,1,261.35,4.6,261.35
C00819,269.166.978-57,P0274,2026-04-05,1,147.01,4.6,147.01
C00813,288.619.576-68,P1287,2026-07-27,5,193.21,3.9,966.05
C00836,174.907.539-37,P1254,2025-01-10,3,301.65,3.0,904.95
C01629,842.694.500-70,P0124,2026-07-09,1,220.69,3.6,220.69
C00643,182.744.857-18,P0622,2025-04-02,4,135.71,2.7,542.84
C00334,480.184.514-27,P001,2025-03-06,1,59.9,4.7,59.9
C00669,509.754.510-90,P1523,2025-04-15,1,356.88,3.6,356.88
C00046,026.542.351-14,P007,2025-01-20,3,139.9,4.1,419.7
C00213,278.248.963-15,P001,2025-01-26,3,59.9,4.5,179.7
C00181,480.184.514-27,P011,2025-05-11,2,249.9,4.1,499.8
C01544,283.483.152-17,P0958,2025-11-11,2,90.43,3.5,180.86
C01445,491.507.628-85,P1874,2025-02-11,1,116.73,4.0,116.73
C01394,088.050.171-59,P0643,2026-07-11,2,118.52,4.8,237.04
C00924,456.690.782-17,P1726,2025-06-07,1,45.91,4.5,45.91
C01435,159.996.504-61,P1063,2025-10-08,1,354.9,3.2,354.9
C00323,095.701.543-73,P008,2025-05-10,1,219.9,4.1,219.9
C01802,067.571.236-06,P0016,2026-03-24,4,158.68,5.0,634.72
C01003,398.863.653-31,P0191,2025-07-12,3,260.09,3.9,780.27
C01877,655.779.082-05,P1141,2026-02-07,1,165.87,4.6,165.87
C00305,026.542.351-14,P014,2025-11-29,1,129.9,4.4,129.9
C00995,189.455.906-17,P1270,2026-01-09,3,233.99,4.1,701.97
C01393,298.315.229-40,P0087,2025-05-06,3,112.28,4.1,336.84
C00992,232.194.168-53,P0025,2026-04-30,1,193.39,3.8,193.39
C00893,376.815.118-22,P1524,2025-12-18,1,183.82,4.9,183.82
C00333,238.849.696-92,P009,2025-12-14,1,119.9,4.9,119.9
C00763,223.253.672-66,P0168,2025-08-25,4,376.61,4.9,1506.44
C00478,475.255.341-44,P008,2025-10-09,2,219.9,4.9,439.8
C00604,014.294.019-40,P1851,2025-11-14,1,313.26,4.8,313.26
C01368,311.587.605-07,P1411,2025-02-28,4,221.28,3.9,885.12
C01261,808.190.482-40,P0999,2025-04-29,2,56.85,4.6,113.7
C01215,233.027.642-78,P1024,2025-10-01,1,123.97,2.6,123.97
C00724,842.694.500-70,P1340,2025-07-26,1,251.6,4.4,251.6
C01920,599.302.020-21,P1881,2025-09-23,3,258.95,4.9,776.85
C00176,026.542.351-14,P008,2025-03-27,2,219.9,4.7,439.8
C00686,981.265.742-83,P1238,2025-03-29,1,47.19,4.4,47.19
C00237,026.542.351-14,P010,2025-09-17,1,99.9,4.0,99.9
C00678,567.086.041-16,P0288,2025-10-16,1,305.54,3.2,305.54
C01924,580.741.209-53,P0222,2025-03-29,1,275.21,4.3,275.21
C00733,045.069.176-42,P0984,2025-08-05,2,191.36,4.0,382.72
C01818,012.424.462-90,P0068,2025-10-19,1,348.95,4.9,348.95
C00991,712.961.803-52,P1138,2025-06-30,1,244.08,4.8,244.08
C01400,009.751.971-50,P1753,2026-07-09,3,399.83,4.2,1199.49
C00915,743.027.169-32,P0599,2025-12-04,3,292.98,5.0,878.94
C00532,555.727.738-24,P0057,2025-05-03,1,280.74,4.7,280.74
C01529,258.660.598-51,P0332,2025-06-08,5,217.53,3.7,1087.65
C01939,820.297.021-02,P1539,2026-06-10,1,106.21,4.2,106.21
C00528,134.125.286-84,P0470,2026-06-29,1,76.07,4.8,76.07
C01558,604.615.402-23,P0886,2025-01-14,2,229.0,4.5,458.0
C00523,732.798.059-88,P1909,2025-07-26,3,105.01,4.5,315.03
C01434,374.545.892-35,P0134,2025-01-07,2,300.95,5.0,601.9
C01579,221.158.718-63,P1708,2026-05-27,1,397.6,4.0,397.6
C00899,339.055.044-56,P0746,2026-04-07,3,330.35,3.3,991.05
C01474,816.649.690-98,P014,2025-10-05,1,129.9,4.9,129.9
C00545,142.573.160-04,P1951,2026-04-27,3,69.22,3.3,207.66
C00159,627.048.281-05,P008,2025-05-05,2,219.9,4.5,439.8
C00193,161.559.407-89,P002,2025-06-01,1,79.9,3.9,79.9
C00895,278.532.426-97,P0224,2025-09-23,1,359.78,3.6,359.78
C01806,397.191.260-51,P0930,2025-09-04,2,182.09,5.0,364.18
C00256,960.013.389-14,P007,2025-01-10,2,139.9,4.8,279.8
C00912,182.226.189-97,P0643,2026-04-07,2,118.52,4.6,237.04
C01409,957.443.034-05,P1224,2025-06-16,1,168.68,3.4,168.68
C00405,310.341.316-56,P004,2025-10-03,1,169.9,3.8,169.9
C01444,126.691.215-00,P0538,2026-07-14,1,252.78,4.0,252.78
C00612,739.774.063-45,P0487,2026-03-23,1,283.56,3.4,283.56
C01618,489.691.085-05,P0044,2026-07-01,2,244.85,3.5,489.7
C01159,719.182.619-38,P1051,2025-08-11,1,210.67,3.0,210.67
C01094,190.833.428-24,P0701,2025-08-17,1,145.0,3.1,145.0
C00354,475.255.341-44,P006,2025-09-23,3,189.9,5.0,569.7
C00927,337.389.877-38,P0581,2025-12-28,2,102.31,4.4,204.62
C01714,457.353.236-60,P1433,2026-07-28,3,232.28,3.6,696.84
C00040,960.013.389-14,P015,2025-07-03,1,89.9,4.2,89.9
C01518,504.165.915-07,P0237,2025-08-11,2,292.45,5.0,584.9
C00986,796.114.351-34,P0464,2026-03-30,1,48.25,3.5,48.25
C01439,802.620.672-00,P1858,2026-07-20,1,185.67,3.9,185.67
C01327,541.643.167-99,P0406,2026-03-15,4,147.97,5.0,591.88
C00865,078.593.110-46,P1155,2026-04-01,1,239.17,3.8,239.17
C00618,674.584.760-44,P1527,2025-10-19,2,295.85,3.8,591.7
C01255,372.450.184-64,P0256,2025-05-22,1,232.48,4.2,232.48
C00281,350.305.641-60,P005,2025-12-03,4,229.9,4.5,919.6
C01169,642.361.032-06,P1214,2026-05-20,1,247.16,5.0,247.16
C00190,278.248.963-15,P005,2025-12-14,3,229.9,5.0,689.7
C01300,887.071.553-10,P1589,2026-03-20,1,328.74,4.7,328.74
C01258,889.937.567-40,P1148,2026-06-22,3,66.51,4.2,199.53
C00169,395.376.724-09,P014,2025-02-21,3,129.9,3.8,389.7
C01515,837.606.441-04,P1436,2026-02-28,3,137.02,3.9,411.06
C00832,447.146.273-33,P0936,2026-08-10,3,195.04,3.1,585.12
C01574,106.273.715-66,P1636,2025-10-01,2,85.55,3.4,171.1
C00084,269.166.978-57,P009,2025-10-07,3,119.9,3.1,359.7
C00359,104.332.181-00,P002,2025-01-24,4,79.9,4.2,319.6
C00988,181.677.848-60,P1328,2025-03-10,1,204.81,4.3,204.81
C00377,238.849.696-92,P009,2025-05-28,1,119.9,3.2,119.9
C00660,641.708.053-64,P0057,2025-11-11,2,280.74,4.4,561.48
C01322,911.838.425-03,P1107,2026-01-14,3,332.97,4.3,998.91
C00290,489.325.288-70,P001,2025-12-05,1,59.9,5.0,59.9
C01356,047.541.212-52,P1189,2026-03-18,1,234.84,4.0,234.84
C00207,269.166.978-57,P010,2025-03-21,3,99.9,3.7,299.7
C00351,489.325.288-70,P006,2025-03-07,3,189.9,4.9,569.7
C01176,934.065.277-01,P0647,2025-02-01,3,44.38,4.0,133.14
C01587,751.868.926-02,P0561,2025-02-22,3,378.79,4.7,1136.37
C00342,480.184.514-27,P002,2025-12-16,4,79.9,4.3,319.6
C00600,481.386.667-06,P0162,2025-03-31,2,291.29,4.4,582.58
C01851,682.509.522-60,P0101,2025-05-20,1,277.7,3.9,277.7
C01980,045.792.714-32,P1851,2026-01-12,1,313.26,4.7,313.26
C01163,264.222.975-05,P1995,2025-03-12,2,78.29,3.7,156.58
C00895,278.532.426-97,P0224,2025-09-23,1,359.78,3.6,359.78
C00694,054.932.966-83,P1057,2025-04-17,1,63.83,5.0,63.83
C01225,980.061.558-01,P1930,2026-04-07,1,79.21,4.5,79.21
C01182,253.666.777-42,P0447,2025-11-22,1,348.03,4.7,348.03
C00590,387.584.282-08,P0104,2025-07-03,5,57.92,3.7,289.6
C00046,026.542.351-14,P007,2025-01-20,3,139.9,4.1,419.7
C00303,104.332.181-00,P007,2025-01-28,1,139.9,4.1,139.9
C01918,920.613.638-06,P1004,2025-10-30,3,223.87,3.8,671.61
C00837,336.138.612-83,P0510,2025-09-18,3,350.4,4.4,1051.2
C00965,694.320.293-60,P0652,2025-02-24,1,324.31,3.4,324.31
C00935,959.724.665-11,P1159,2025-05-26,2,324.56,3.5,649.12
C01566,657.744.916-33,P1592,2025-01-19,3,282.02,3.6,846.06
C00130,039.117.182-84,P007,2025-06-06,2,139.9,4.2,279.8
C00166,269.166.978-57,P001,2025-06-12,2,59.9,4.9,119.8
C00552,906.246.728-83,P0457,2025-06-10,2,389.06,3.9,778.12
C00974,253.666.777-42,P0153,2026-04-29,3,254.39,4.7,763.17
C01343,677.537.260-48,P1160,2026-03-29,1,321.67,5.0,321.67
C00982,234.289.311-65,P1907,2026-02-14,1,331.5,5.0,331.5
C00883,348.389.359-86,P1808,2026-01-10,1,366.29,2.9,366.29
C01876,094.777.520-02,P1390,2026-05-05,1,236.5,5.0,236.5
C00323,095.701.543-73,P008,2025-05-10,1,219.9,4.1,219.9
C01144,190.340.438-00,P0182,2025-11-29,3,74.09,4.4,222.27
C01085,973.502.080-73,P0984,2026-03-12,1,191.36,3.3,191.36
C00947,816.184.959-50,P0231,2025-08-18,3,375.37,4.4,1126.11
C01616,109.104.300-04,P1218,2025-10-18,3,169.24,4.4,507.72
C00534,261.117.800-34,P0259,2025-01-04,1,105.25,4.6,105.25
C01908,327.881.476-27,P0503,2025-11-11,1,233.65,4.4,233.65
C00664,865.596.309-78,P0556,2025-07-19,2,363.36,4.6,726.72
C01091,671.978.897-31,P1128,2026-04-04,3,318.91,3.7,956.73
C01042,921.277.997-20,P1980,2025-05-20,1,312.37,5.0,312.37
C01700,724.380.701-10,P0894,2026-03-08,1,378.02,3.4,378.02
C00878,497.567.922-13,P0576,2026-08-09,3,190.63,3.8,571.89
C00570,734.151.488-40,P1263,2026-05-04,2,63.98,5.0,127.96
C00044,104.332.181-00,P003,2025-06-20,3,149.9,3.7,449.7
C00728,699.577.738-79,P1262,2025-03-30,1,296.04,4.3,296.04
C01653,998.989.721-22,P1283,2025-01-06,1,329.87,5.0,329.87
C00020,627.048.281-05,P009,2025-09-29,1,119.9,4.1,119.9
C01793,777.296.656-38,P0490,2025-02-14,3,105.44,4.3,316.32
C01086,900.287.721-80,P0356,2026-04-09,4,253.94,4.9,1015.76
C00281,350.305.641-60,P005,2025-12-03,4,229.9,4.5,919.6
C00605,353.659.746-70,P1252,2025-03-12,1,175.47,3.4,175.47
C01109,280.944.858-25,P1934,2025-09-08,1,202.13,5.0,202.13
C00632,623.445.655-31,P0917,2025-10-17,2,306.77,3.9,613.54
C00218,104.332.181-00,P003,2025-01-08,1,149.9,5.0,149.9
C01332,232.194.168-53,P1421,2026-01-19,1,245.06,4.8,245.06
C01345,119.393.250-56,P1260,2025-10-23,3,380.09,3.8,1140.27
C00238,026.542.351-14,P006,2025-10-12,1,189.9,4.5,189.9
C00563,267.146.283-23,P1541,2025-07-06,1,204.33,5.0,204.33
C00488,928.327.648-51,P009,2025-05-27,1,119.9,4.0,119.9
C01319,341.465.111-43,P0552,2025-04-14,1,357.79,3.6,357.79
C01461,019.179.202-02,P1528,2025-10-30,3,234.91,4.7,704.73
C01454,867.024.403-91,P0656,2026-02-01,3,290.94,5.0,872.82
C01878,660.937.966-12,P1087,2026-01-18,2,187.09,3.9,374.18
C01538,998.989.721-22,P0067,2025-07-06,1,320.26,4.2,320.26
C00642,424.936.312-00,P0094,2025-08-01,2,363.41,4.9,726.82
C00216,161.559.407-89,P013,2025-11-02,1,49.9,3.6,49.9
C01230,998.279.501-50,P0493,2025-07-13,3,116.68,4.2,350.04
C01833,709.085.991-61,P1828,2026-01-23,2,389.4,4.0,778.8
C01951,020.586.950-54,P0392,2025-04-27,1,322.65,4.4,322.65
C00461,095.701.543-73,P008,2025-05-04,3,219.9,4.1,659.7
C00473,627.048.281-05,P008,2025-02-20,3,219.9,4.2,659.7
C00075,816.184.959-50,P012,2025-09-01,2,299.9,4.5,599.8
C00283,238.849.696-92,P005,2025-12-02,2,229.9,4.2,459.8
C01110,106.092.098-09,P1180,2026-06-01,1,195.67,4.5,195.67
C01094,190.833.428-24,P0701,2025-08-17,1,145.0,3.1,145.0
C00742,567.983.631-99,P1733,2025-06-07,1,333.2,4.6,333.2
C00620,693.792.374-05,P1740,2026-06-10,2,233.59,3.9,467.18
C01660,549.303.646-04,P0241,2025-07-04,1,262.19,4.7,262.19
C00921,412.833.372-74,P0228,2026-07-19,1,323.36,4.2,323.36
C01617,790.504.043-75,P1676,2025-04-01,1,156.21,3.4,156.21
C01927,401.399.049-05,P1054,2025-12-12,3,319.57,4.0,958.71
C00635,241.270.493-75,P1557,2026-08-07,2,329.89,3.9,659.78
C00406,026.542.351-14,P010,2025-10-28,1,99.9,4.1,99.9
C01906,244.617.679-81,P1035,2025-04-27,3,224.8,3.8,674.4
C01270,350.305.641-60,P0939,2025-05-31,1,78.24,3.6,78.24
C00582,216.591.438-88,P1662,2025-11-10,1,178.27,3.5,178.27
C01244,176.539.705-75,P1863,2025-02-17,2,214.05,4.2,428.1
C01031,071.261.583-00,P0964,2026-07-07,2,170.43,3.8,340.86
C01812,173.934.835-48,P0608,2025-02-02,1,299.03,5.0,299.03
C00512,254.729.284-00,P0040,2025-11-16,1,51.79,4.5,51.79
C01983,620.959.351-87,P0653,2026-04-24,1,331.09,3.7,331.09
C01873,557.325.737-47,P0873,2025-06-02,2,329.96,4.3,659.92
C00362,475.255.341-44,P013,2025-12-17,1,49.9,3.6,49.9
C00330,269.166.978-57,P003,2025-12-20,1,149.9,5.0,149.9
C01067,374.160.898-08,P1922,2026-06-20,3,396.8,3.9,1190.4
C00090,395.376.724-09,P013,2025-07-14,1,49.9,4.3,49.9
C00598,090.463.766-21,P1299,2025-11-03,1,174.39,5.0,174.39
C00871,325.122.572-31,P1983,2025-02-09,2,84.25,3.7,168.5
C01939,820.297.021-02,P1539,2026-06-10,1,106.21,4.2,106.21
C01985,878.844.344-23,P1016,2026-07-26,1,269.89,3.3,269.89
C00304,083.863.794-99,P006,2025-04-25,1,189.9,5.0,189.9
C01784,241.270.493-75,P1266,2025-07-04,1,96.02,4.6,96.02
C00182,480.184.514-27,P015,2025-05-28,2,89.9,3.3,179.8
C01498,661.797.968-07,P1091,2026-05-28,2,53.35,4.4,106.7
C01692,422.711.332-62,P1286,2025-07-04,4,208.83,3.7,835.32
C01782,148.468.536-91,P0548,2025-10-30,1,302.21,5.0,302.21
C00447,475.255.341-44,P014,2025-01-02,3,129.9,4.8,389.7
C01787,354.083.866-00,P1683,2025-01-07,1,131.24,5.0,131.24
C00232,627.048.281-05,P002,2025-02-16,3,79.9,4.4,239.7
C01038,095.449.791-07,P0914,2026-06-15,4,76.41,3.8,305.64
C00940,814.356.140-20,P0049,2025-06-26,2,181.55,4.8,363.1
C00632,623.445.655-31,P0917,2025-10-17,2,306.77,3.9,613.54
C00045,269.166.978-57,P013,2025-12-09,3,49.9,4.0,149.7
C01545,970.581.629-80,P1146,2025-08-19,2,337.09,3.7,674.18
C00672,534.332.491-64,P1743,2025-01-13,1,351.71,4.2,351.71
C01324,400.273.008-54,P1491,2026-07-07,2,132.61,5.0,265.22
C00821,403.526.356-73,P0895,2026-05-17,2,184.55,5.0,369.1
C00748,301.657.120-07,P1313,2025-05-09,1,185.87,4.3,185.87
C01773,495.621.372-79,P0483,2026-07-15,1,307.98,3.7,307.98
C00189,350.305.641-60,P013,2025-04-28,2,49.9,3.5,99.8
C01474,816.649.690-98,P014,2025-10-05,1,129.9,4.9,129.9
C01494,471.959.796-36,P0052,2025-08-24,1,83.57,3.7,83.57
C00760,934.065.277-01,P1367,2025-03-17,2,259.28,4.9,518.56
C00525,027.240.559-00,P1411,2026-07-02,1,221.28,4.7,221.28
C00011,026.542.351-14,P004,2025-04-09,1,169.9,3.7,169.9
C01874,913.624.835-59,P0782,2026-08-23,2,277.67,3.5,555.34
C01896,927.490.728-16,P1212,2026-03-04,3,74.94,4.1,224.82
C00482,960.013.389-14,P009,2025-01-18,3,119.9,3.8,359.7
C00064,816.184.959-50,P011,2025-02-13,1,249.9,4.8,249.9
C00246,039.117.182-84,P010,2025-02-13,3,99.9,4.6,299.7
C00136,039.117.182-84,P011,2025-04-12,1,249.9,5.0,249.9
C01663,104.967.066-32,P0192,2025-12-01,4,156.42,4.3,625.68
C01784,241.270.493-75,P1266,2025-07-04,1,96.02,4.6,96.02
C00307,627.048.281-05,P008,2025-11-12,1,219.9,4.6,219.9
C01494,471.959.796-36,P0052,2025-08-24,1,83.57,3.7,83.57
C00359,104.332.181-00,P002,2025-01-24,4,79.9,4.2,319.6
C00735,555.727.738-24,P0638,2026-08-23,2,340.99,4.4,681.98
C01199,888.992.107-21,P0843,2026-06-16,1,388.8,4.1,388.8
C01440,455.877.169-02,P1722,2026-08-03,1,202.28,3.9,202.28
C01750,229.131.670-20,P1569,2026-06-16,2,175.66,3.4,351.32
C00090,395.376.724-09,P013,2025-07-14,1,49.9,4.3,49.9
C00393,310.341.316-56,P007,2025-09-14,3,139.9,5.0,419.7
C00562,041.574.733-37,P1869,2025-04-27,2,46.26,4.8,92.52
C00621,629.613.671-40,P1075,2026-07-05,2,377.69,4.1,755.38
C01997,519.825.309-01,P1020,2025-08-24,1,383.26,4.2,383.26
C01555,030.366.254-96,P0183,2025-03-16,1,100.04,4.9,100.04
C00641,469.263.296-80,P0173,2026-03-18,1,186.6,5.0,186.6
C01944,944.064.090-17,P0312,2025-11-11,2,398.74,3.6,797.48
C00999,145.057.661-36,P1703,2025-06-04,1,171.46,3.7,171.46
C01002,148.468.536-91,P0232,2026-01-11,2,198.15,4.9,396.3
C00868,524.278.680-94,P0458,2025-05-27,2,328.27,4.1,656.54
C00288,627.048.281-05,P004,2025-04-26,5,169.9,4.4,849.5
C01869,191.284.117-73,P1341,2026-07-04,1,171.21,5.0,171.21
C00028,238.849.696-92,P015,2025-02-05,3,89.9,4.4,269.7
C00349,627.048.281-05,P009,2025-07-30,3,119.9,4.1,359.7
C00460,269.166.978-57,P003,2025-06-03,1,149.9,4.5,149.9
C00559,390.892.613-03,P0258,2025-06-07,1,142.59,3.6,142.59
C00264,161.559.407-89,P004,2025-02-22,1,169.9,3.7,169.9
C00036,161.559.407-89,P011,2025-05-15,1,249.9,4.6,249.9
C01356,047.541.212-52,P1189,2026-03-18,1,234.84,4.0,234.84
C01939,820.297.021-02,P1539,2026-06-10,1,106.21,4.2,106.21
C00244,104.332.181-00,P002,2025-09-29,1,79.9,4.3,79.9
C00594,254.729.284-00,P0092,2025-05-16,3,171.37,4.2,514.11
C01013,344.857.142-33,P0351,2025-12-31,2,101.96,3.6,203.92
C01856,879.508.304-92,P0216,2026-02-15,1,56.43,3.5,56.43
C01389,836.381.643-49,P0238,2025-09-01,1,306.67,3.8,306.67
C01533,292.913.203-58,P1138,2026-03-27,1,244.08,4.1,244.08
C01163,264.222.975-05,P1995,2025-03-12,2,78.29,3.7,156.58
C00835,638.318.285-47,P0865,2026-03-13,3,249.97,4.1,749.91
C00400,627.048.281-05,P006,2025-10-14,4,189.9,4.3,759.6
C01729,645.465.535-01,P1364,2026-07-11,3,376.38,4.0,1129.14
C01609,082.611.231-54,P0094,2025-05-25,2,363.41,4.7,726.82
C00051,104.332.181-00,P002,2025-05-14,1,79.9,4.5,79.9
C01431,607.337.543-33,P1733,2026-02-01,3,333.2,4.3,999.6
C00169,395.376.724-09,P014,2025-02-21,3,129.9,3.8,389.7
C01478,164.970.169-10,P1897,2025-07-21,2,227.16,3.8,454.32
C01652,148.951.343-42,P0442,2026-04-18,1,133.31,3.9,133.31
C00263,026.542.351-14,P009,2025-09-19,1,119.9,4.1,119.9
C00868,524.278.680-94,P0458,2025-05-27,2,328.27,4.1,656.54
C00248,269.166.978-57,P008,2025-11-07,1,219.9,4.5,219.9
C01135,005.329.318-58,P1948,2026-01-07,1,127.94,4.0,127.94
C01856,879.508.304-92,P0216,2026-02-15,1,56.43,3.5,56.43
C00162,104.332.181-00,P005,2025-06-02,3,229.9,4.4,689.7
C00796,838.688.891-16,P0352,2025-09-30,1,338.14,4.7,338.14
C01947,087.601.467-88,P1416,2025-07-11,1,276.85,3.5,276.85
C00602,172.131.451-26,P1928,2025-09-13,2,121.33,4.6,242.66
C00265,310.341.316-56,P003,2025-11-05,1,149.9,4.6,149.9
C00978,881.056.974-16,P0274,2025-10-04,2,147.01,4.3,294.02
C01017,189.455.906-17,P0200,2025-02-28,1,139.19,4.4,139.19
C01326,724.619.196-82,P0892,2026-04-07,1,318.34,3.8,318.34
C00628,881.056.974-16,P1554,2026-06-21,2,118.17,4.1,236.34
C01912,778.956.133-24,P1784,2025-06-15,1,73.66,4.4,73.66
C01043,510.740.913-02,P1479,2025-08-07,2,238.39,4.6,476.78
C00573,344.300.910-72,P1520,2025-08-30,1,154.31,4.7,154.31
C01921,695.727.908-11,P0968,2025-02-21,1,290.58,4.0,290.58
C01850,289.413.475-48,P1730,2025-02-20,1,74.28,3.8,74.28
C00999,145.057.661-36,P1703,2025-06-04,1,171.46,3.7,171.46
C00050,532.871.012-69,P011,2025-10-02,1,249.9,5.0,249.9
C01194,538.003.296-62,P1832,2025-11-15,4,138.02,4.9,552.08
C01111,767.735.925-69,P1022,2026-01-20,3,278.19,5.0,834.57
C00297,532.871.012-69,P009,2025-09-28,1,119.9,4.2,119.9
C01268,970.581.629-80,P1987,2026-05-10,1,252.08,3.3,252.08
C01682,988.649.767-01,P0929,2025-10-29,1,348.17,3.9,348.17
C00212,083.863.794-99,P011,2025-04-19,2,249.9,4.3,499.8
C01447,959.660.487-20,P1363,2025-10-25,2,394.66,3.5,789.32
C00281,350.305.641-60,P005,2025-12-03,4,229.9,4.5,919.6
C01498,661.797.968-07,P1091,2026-05-28,2,53.35,4.4,106.7
C00839,772.519.966-77,P0893,2026-04-21,1,201.68,4.5,201.68
C00014,104.332.181-00,P002,2025-05-02,1,79.9,3.7,79.9
C01933,795.563.318-08,P0900,2026-01-18,2,301.95,4.2,603.9
C00332,960.013.389-14,P002,2025-12-10,2,79.9,4.5,159.8
C01193,566.246.287-90,P1783,2025-04-28,1,386.56,4.4,386.56
C00363,480.184.514-27,P002,2025-12-19,1,79.9,3.7,79.9
C01867,060.002.589-68,P0537,2025-10-16,1,326.94,3.6,326.94
C01477,717.217.337-60,P0576,2026-07-06,1,190.63,4.6,190.63
C01609,082.611.231-54,P0094,2025-05-25,2,363.41,4.7,726.82
C00865,078.593.110-46,P1155,2026-04-01,1,239.17,3.8,239.17
C00935,959.724.665-11,P1159,2025-05-26,2,324.56,3.5,649.12
C01269,386.562.422-70,P1988,2026-05-23,2,176.37,4.4,352.74
C01570,515.542.340-69,P0781,2025-02-07,2,121.09,4.4,242.18
C01694,318.432.225-40,P0259,2026-08-24,2,105.25,4.4,210.5
C00036,161.559.407-89,P011,2025-05-15,1,249.9,4.6,249.9
C01328,396.661.347-64,P1070,2025-05-16,1,62.77,4.5,62.77
C00219,475.255.341-44,P010,2025-06-15,1,99.9,4.2,99.9
C00576,800.106.181-71,P0886,2025-11-16,3,229.0,3.5,687.0
C01659,204.653.755-61,P0502,2026-08-31,1,315.96,4.4,315.96
C00502,065.379.473-83,P1819,2025-11-30,3,320.21,5.0,960.63
C01594,981.987.809-80,P0564,2025-02-06,1,242.65,4.3,242.65
C00927,337.389.877-38,P0581,2025-12-28,2,102.31,4.4,204.62
C00466,960.013.389-14,P014,2025-02-07,1,129.9,4.7,129.9
C00669,509.754.510-90,P1523,2025-04-15,1,356.88,3.6,356.88
C01062,788.614.057-54,P1856,2025-12-22,1,76.57,4.4,76.57
C01531,980.061.558-01,P0248,2025-08-06,3,315.19,3.3,945.57
C01213,954.787.698-86,P0360,2025-09-10,1,159.97,5.0,159.97
C01867,060.002.589-68,P0537,2025-10-16,1,326.94,3.6,326.94
C01736,009.751.971-50,P0381,2026-05-08,1,101.36,5.0,101.36
C01507,732.283.608-14,P1211,2026-01-27,3,207.18,5.0,621.54
C01207,566.246.287-90,P1115,2025-08-08,2,238.42,3.4,476.84
C00580,531.943.375-13,P0256,2025-03-04,2,232.48,4.0,464.96
C00826,174.101.194-97,P1267,2025-05-12,2,284.61,5.0,569.22
C00238,026.542.351-14,P006,2025-10-12,1,189.9,4.5,189.9
C00749,258.857.669-91,P0243,2026-02-02,2,90.28,5.0,180.56
C01853,290.148.706-80,P0946,2026-05-23,3,102.31,4.5,306.93
C00852,543.173.505-56,P1018,2025-07-23,1,193.39,3.6,193.39
C00228,026.542.351-14,P013,2025-12-26,1,49.9,4.1,49.9
C01304,003.791.769-20,P1216,2025-08-03,1,236.0,4.4,236.0
C01926,800.851.403-50,P0339,2026-01-28,2,275.78,4.0,551.56
C01735,942.843.479-50,P1114,2025-04-05,1,114.92,3.4,114.92
C00549,916.503.440-66,P1276,2026-05-23,1,133.38,4.9,133.38
C00908,736.026.064-73,P0579,2025-12-15,1,365.38,3.9,365.38
C01063,187.683.160-03,P1276,2026-06-10,2,133.38,4.8,266.76
C00496,026.542.351-14,P015,2025-09-28,4,89.9,3.8,359.6
C00538,756.704.310-65,P1873,2026-03-31,3,319.51,5.0,958.53
C00474,395.376.724-09,P015,2025-04-15,1,89.9,3.3,89.9
C01990,299.737.631-90,P1914,2025-09-21,3,288.31,4.8,864.93
C01493,881.056.974-16,P1392,2026-07-21,2,48.57,5.0,97.14
C01682,988.649.767-01,P0929,2025-10-29,1,348.17,3.9,348.17
C01634,021.923.785-99,P1434,2026-02-26,4,342.84,4.4,1371.36
C01919,586.833.901-01,P0470,2025-03-05,1,76.07,3.7,76.07
C00211,532.871.012-69,P005,2025-04-08,4,229.9,5.0,919.6
C01764,597.779.014-70,P1335,2025-08-08,1,70.57,4.0,70.57
C00134,960.013.389-14,P004,2025-05-28,2,169.9,3.6,339.8
C00951,481.754.965-33,P1597,2026-07-28,1,331.04,4.7,331.04
C01189,240.132.234-57,P0959,2025-01-06,2,137.2,3.7,274.4
C00716,127.238.046-74,P0340,2025-01-22,1,259.94,5.0,259.94
C00293,960.013.389-14,P007,2025-07-06,2,139.9,4.4,279.8
C00385,489.325.288-70,P014,2025-09-18,2,129.9,4.2,259.8
C01650,051.477.053-84,P1942,2026-08-10,5,351.24,5.0,1756.2
C00638,988.649.767-01,P0533,2026-01-24,2,91.67,3.2,183.34
C00621,629.613.671-40,P1075,2026-07-05,2,377.69,4.1,755.38
C01847,997.029.271-45,P1763,2025-05-01,1,97.51,4.0,97.51
C00288,627.048.281-05,P004,2025-04-26,5,169.9,4.4,849.5
C01831,278.532.426-97,P1983,2025-09-02,2,84.25,4.3,168.5
C01842,472.727.423-05,P014,2026-07-05,1,129.9,4.3,129.9
C01198,530.281.650-40,P0298,2025-08-30,1,127.51,4.1,127.51
C00332,960.013.389-14,P002,2025-12-10,2,79.9,4.5,159.8
C00312,161.559.407-89,P005,2025-08-08,1,229.9,4.7,229.9
C00570,734.151.488-40,P1263,2026-05-04,2,63.98,5.0,127.96
C01155,325.250.029-97,P0071,2025-02-21,2,133.89,5.0,267.78
C00308,161.559.407-89,P009,2025-11-08,2,119.9,4.2,239.8
C00912,182.226.189-97,P0643,2026-04-07,2,118.52,4.6,237.04
C00231,395.376.724-09,P007,2025-06-10,2,139.9,4.2,279.8
C01081,216.376.182-71,P1870,2025-08-20,1,322.77,4.2,322.77
C00043,475.255.341-44,P014,2025-03-25,5,129.9,4.6,649.5
C01419,453.198.074-30,P1415,2025-07-05,3,223.17,4.7,669.51
C00111,489.325.288-70,P004,2025-02-13,1,169.9,3.6,169.9
C00390,278.248.963-15,P013,2025-07-14,1,49.9,3.8,49.9
C00350,395.376.724-09,P011,2025-02-07,1,249.9,4.4,249.9
C01662,801.006.231-66,P0053,2025-08-09,1,139.18,4.7,139.18
C00107,083.863.794-99,P005,2025-08-19,1,229.9,4.1,229.9
C00859,056.420.456-01,P1644,2026-06-04,2,380.0,4.3,760.0
C01183,915.618.298-89,P1071,2025-01-28,1,142.65,4.2,142.65
C01032,328.980.271-03,P0574,2025-09-11,1,264.33,4.2,264.33
C01362,290.018.513-04,P0188,2025-01-24,5,289.3,4.1,1446.5
C01607,047.692.105-82,P003,2025-08-12,3,149.9,4.2,449.7
C00788,689.996.269-11,P1642,2026-07-10,2,196.38,3.8,392.76
C01657,885.102.726-97,P0781,2025-06-19,1,121.09,4.2,121.09
C00636,287.431.527-32,P0761,2026-07-16,2,396.68,4.0,793.36
C01969,610.089.876-46,P1980,2026-04-19,1,312.37,4.7,312.37
C01010,875.721.586-33,P1639,2026-06-06,2,122.73,4.2,245.46
C01473,657.569.245-15,P0307,2025-05-07,2,274.14,4.7,548.28
C01751,799.196.234-23,P0131,2026-07-05,3,97.51,5.0,292.53
C01586,828.040.561-55,P0601,2026-02-25,1,94.31,4.8,94.31
C01703,993.160.875-70,P1591,2025-09-27,1,288.03,4.3,288.03
C01074,796.958.678-39,P1669,2025-06-21,2,209.69,4.3,419.38
C00087,161.559.407-89,P010,2025-10-01,1,99.9,3.7,99.9
C00987,837.455.084-83,P1223,2025-06-05,1,251.49,4.7,251.49
C00363,480.184.514-27,P002,2025-12-19,1,79.9,3.7,79.9
C01779,026.542.351-14,P0197,2026-06-02,1,315.11,5.0,315.11
C00474,395.376.724-09,P015,2025-04-15,1,89.9,3.3,89.9
C00457,960.013.389-14,P009,2025-10-30,3,119.9,4.5,359.7
C00499,039.117.182-84,P011,2025-01-17,1,249.9,4.6,249.9
C01286,777.809.733-87,P0481,2026-03-22,2,384.85,3.7,769.7
C01143,211.882.419-07,P0579,2025-09-16,3,365.38,3.6,1096.14
C01898,472.727.423-05,P0409,2026-04-17,1,129.55,2.9,129.55
C00833,857.256.292-36,P0290,2025-01-31,4,56.82,3.4,227.28
C00565,289.413.475-48,P0863,2025-01-14,4,199.14,5.0,796.56
C00099,475.255.341-44,P002,2025-12-23,3,79.9,4.6,239.7
C00015,627.048.281-05,P008,2025-04-20,3,219.9,4.5,659.7
C00748,301.657.120-07,P1313,2025-05-09,1,185.87,4.3,185.87
C01852,253.666.777-42,P1024,2026-06-21,1,123.97,3.2,123.97
C01048,298.315.229-40,P0587,2025-12-24,1,290.15,4.2,290.15
C01788,290.018.513-04,P1286,2025-05-07,1,208.83,4.4,208.83
C00204,161.559.407-89,P001,2025-01-20,1,59.9,4.9,59.9
C00187,350.305.641-60,P001,2025-12-04,1,59.9,5.0,59.9
C01667,327.599.801-38,P1602,2025-09-01,1,132.85,4.4,132.85
C00214,039.117.182-84,P004,2025-02-05,3,169.9,4.3,509.7
C00104,269.166.978-57,P003,2025-09-25,4,149.9,4.0,599.6
C00809,287.431.527-32,P0214,2026-07-23,1,165.05,4.5,165.05
C01850,289.413.475-48,P1730,2025-02-20,1,74.28,3.8,74.28
C01379,235.558.099-54,P1643,2025-06-19,4,301.79,3.1,1207.16
C00199,532.871.012-69,P001,2025-05-16,2,59.9,3.9,119.8
C01675,451.713.395-89,P1783,2025-10-09,1,386.56,3.9,386.56
C01688,650.471.580-71,P1232,2025-12-07,3,344.4,4.6,1033.2
C01602,143.643.813-65,P0407,2025-07-11,2,399.89,4.8,799.78
C01806,397.191.260-51,P0930,2025-09-04,2,182.09,5.0,364.18
C00480,816.184.959-50,P012,2025-06-30,1,299.9,4.1,299.9
C01960,341.638.944-11,P0326,2026-04-04,2,223.19,4.2,446.38
C00642,424.936.312-00,P0094,2025-08-01,2,363.41,4.9,726.82
C01605,638.409.112-73,P1662,2025-08-15,1,178.27,4.0,178.27
C01159,719.182.619-38,P1051,2025-08-11,1,210.67,3.0,210.67
C01559,822.104.016-90,P1392,2026-02-20,2,48.57,4.5,97.14
C01256,943.325.623-99,P0850,2026-04-29,1,254.19,3.9,254.19
C01285,261.454.307-10,P1169,2026-06-12,3,399.45,4.2,1198.35
C01233,324.006.157-05,P0678,2025-12-10,2,178.52,4.7,357.04
C01558,604.615.402-23,P0886,2025-01-14,2,229.0,4.5,458.0
C01479,908.984.369-82,P1395,2026-05-09,2,344.11,4.8,688.22
C00270,083.863.794-99,P005,2025-08-25,2,229.9,4.5,459.8
C01653,998.989.721-22,P1283,2025-01-06,1,329.87,5.0,329.87
C01073,127.990.881-55,P1372,2025-06-21,3,85.69,4.5,257.07
C00647,934.065.277-01,P0492,2026-05-04,1,51.23,4.8,51.23
C01029,684.732.365-56,P1888,2025-04-15,2,184.55,3.8,369.1
C01934,093.106.684-07,P1489,2025-07-01,2,338.86,3.8,677.72
C01716,549.303.646-04,P0618,2025-02-22,2,162.41,4.6,324.82
C01668,055.800.027-42,P1864,2025-10-22,1,208.49,4.2,208.49
C00926,355.449.647-26,P1330,2025-10-31,2,141.36,4.6,282.72
C01569,018.596.263-78,P0782,2026-08-10,2,277.67,3.9,555.34
C00771,806.867.177-32,P1986,2025-03-13,2,286.29,4.2,572.58
C01373,481.386.667-06,P0186,2026-07-07,2,205.73,3.5,411.46
C01280,687.234.309-58,P1699,2026-08-31,1,61.28,5.0,61.28
C00500,310.341.316-56,P010,2025-03-15,3,99.9,4.1,299.7
C00533,149.851.724-21,P1738,2025-12-28,1,169.86,3.4,169.86
C00123,161.559.407-89,P011,2025-09-09,1,249.9,5.0,249.9
C00280,395.376.724-09,P002,2025-10-13,2,79.9,3.9,159.8
C00868,524.278.680-94,P0458,2025-05-27,2,328.27,4.1,656.54
C00956,397.561.547-80,P0864,2026-03-02,2,388.61,4.6,777.22
C00331,480.184.514-27,P001,2025-06-30,2,59.9,3.9,119.8
C00834,441.233.613-15,P1771,2025-05-07,1,92.38,4.3,92.38
C01209,050.506.138-41,P0209,2025-02-01,1,137.3,4.2,137.3
C00466,960.013.389-14,P014,2025-02-07,1,129.9,4.7,129.9
C00677,354.083.866-00,P1638,2025-12-01,1,187.54,4.0,187.54
C00736,432.830.965-03,P1196,2026-01-31,1,40.36,4.5,40.36
C01011,998.279.501-50,P0162,2025-02-05,1,291.29,4.4,291.29
C00733,045.069.176-42,P0984,2025-08-05,2,191.36,4.0,382.72
C01474,816.649.690-98,P014,2025-10-05,1,129.9,4.9,129.9
C00655,580.935.118-22,P1364,2026-07-18,2,376.38,4.3,752.76
C00868,524.278.680-94,P0458,2025-05-27,2,328.27,4.1,656.54
C00759,691.311.964-03,P0099,2025-04-24,1,203.42,5.0,203.42
C00366,095.701.543-73,P002,2025-06-13,1,79.9,4.5,79.9
C01372,817.932.302-18,P0392,2026-03-30,2,322.65,5.0,645.3
C00471,475.255.341-44,P009,2025-06-14,3,119.9,3.6,359.7
C00594,254.729.284-00,P0092,2025-05-16,3,171.37,4.2,514.11
C01586,828.040.561-55,P0601,2026-02-25,1,94.31,4.8,94.31
C01898,472.727.423-05,P0409,2026-04-17,1,129.55,2.9,129.55
C01342,245.393.132-66,P0301,2025-12-27,1,114.27,5.0,114.27
C01833,709.085.991-61,P1828,2026-01-23,2,389.4,4.0,778.8
C01709,701.840.943-80,P0695,2025-12-11,4,314.58,4.0,1258.32
C00962,093.141.818-63,P0741,2026-04-26,1,284.58,3.8,284.58
C01541,566.246.287-90,P0188,2025-11-13,4,289.3,3.2,1157.2
C00657,296.386.396-95,P1066,2025-11-14,1,372.95,4.1,372.95
C00921,412.833.372-74,P0228,2026-07-19,1,323.36,4.2,323.36
C01071,968.827.697-96,P1028,2026-06-30,1,64.73,3.7,64.73
C01921,695.727.908-11,P0968,2025-02-21,1,290.58,4.0,290.58
C01698,661.016.831-84,P1122,2025-09-29,1,322.43,3.6,322.43
C00979,341.678.127-97,P0171,2025-01-19,1,348.71,4.5,348.71
C01306,854.329.876-86,P1230,2025-08-11,1,79.72,4.5,79.72
C00405,310.341.316-56,P004,2025-10-03,1,169.9,3.8,169.9
C01609,082.611.231-54,P0094,2025-05-25,2,363.41,4.7,726.82
C01107,945.101.622-86,P0864,2026-02-27,1,388.61,3.7,388.61
C01066,258.660.598-51,P1288,2025-03-19,2,143.57,3.6,287.14
C01533,292.913.203-58,P1138,2026-03-27,1,244.08,4.1,244.08
C01266,453.198.074-30,P1789,2026-06-13,2,343.5,5.0,687.0
C00145,480.184.514-27,P015,2025-05-23,1,89.9,3.6,89.9
C00577,640.376.137-43,P0617,2026-05-16,1,74.2,5.0,74.2
C00354,475.255.341-44,P006,2025-09-23,3,189.9,5.0,569.7
C01470,833.394.522-88,P0677,2025-10-06,2,150.8,3.8,301.6
C00071,489.325.288-70,P008,2025-01-26,2,219.9,4.5,439.8
C00405,310.341.316-56,P004,2025-10-03,1,169.9,3.8,169.9
C01195,717.217.337-60,P1064,2025-08-29,1,104.9,3.2,104.9
C01390,678.274.117-20,P1489,2025-12-26,3,338.86,4.1,1016.58
C01007,243.588.537-73,P0236,2026-01-21,2,388.9,3.6,777.8
C01722,229.712.529-14,P0074,2026-06-03,2,358.51,4.8,717.02
C01838,706.810.390-19,P1443,2025-12-30,3,268.14,4.6,804.42
C00265,310.341.316-56,P003,2025-11-05,1,149.9,4.6,149.9
C01906,244.617.679-81,P1035,2025-04-27,3,224.8,3.8,674.4
C01229,607.832.748-82,P1754,2025-01-20,2,260.91,4.8,521.82
C01273,369.552.862-18,P1128,2025-06-19,1,318.91,3.8,318.91
C00191,161.559.407-89,P011,2025-02-19,4,249.9,4.4,999.6
C01244,176.539.705-75,P1863,2025-02-17,2,214.05,4.2,428.1
C01452,544.948.126-84,P1015,2025-10-28,2,256.53,3.9,513.06
C01162,155.206.506-59,P1558,2025-11-04,3,102.58,3.6,307.74
C00169,395.376.724-09,P014,2025-02-21,3,129.9,3.8,389.7
C01047,850.506.413-57,P0228,2026-06-25,3,323.36,4.8,970.08
C01872,706.540.515-00,P1726,2025-09-18,2,45.91,5.0,91.82
C01447,959.660.487-20,P1363,2025-10-25,2,394.66,3.5,789.32
C00275,960.013.389-14,P008,2025-02-22,3,219.9,5.0,659.7
C01920,599.302.020-21,P1881,2025-09-23,3,258.95,4.9,776.85
C01918,920.613.638-06,P1004,2025-10-30,3,223.87,3.8,671.61
C00339,627.048.281-05,P009,2025-07-18,4,119.9,4.6,479.6
C01602,143.643.813-65,P0407,2025-07-11,2,399.89,4.8,799.78
C00814,106.092.098-09,P0286,2025-06-25,1,248.02,4.1,248.02
C01188,567.983.631-99,P1421,2025-09-07,2,245.06,4.0,490.12
C00891,406.557.820-52,P1781,2025-04-23,1,298.39,2.9,298.39
C01566,657.744.916-33,P1592,2025-01-19,3,282.02,3.6,846.06
C01994,083.136.783-05,P1450,2025-04-09,2,364.36,3.4,728.72
C01591,826.832.303-54,P0911,2026-01-30,2,254.9,2.5,509.8
C01863,480.861.317-42,P0721,2026-01-01,1,225.78,3.2,225.78
C01893,347.786.603-74,P1014,2026-08-25,1,111.34,3.7,111.34
C00181,480.184.514-27,P011,2025-05-11,2,249.9,4.1,499.8
C00507,546.212.760-00,P0516,2025-11-14,1,330.48,5.0,330.48
C01444,126.691.215-00,P0538,2026-07-14,1,252.78,4.0,252.78
C01181,555.165.176-21,P1764,2025-09-11,1,185.52,4.4,185.52
C00101,238.849.696-92,P009,2025-08-08,2,119.9,4.6,239.8
C00191,161.559.407-89,P011,2025-02-19,4,249.9,4.4,999.6
C01042,921.277.997-20,P1980,2025-05-20,1,312.37,5.0,312.37
C01233,324.006.157-05,P0678,2025-12-10,2,178.52,4.7,357.04
C00336,480.184.514-27,P006,2025-07-10,1,189.9,4.9,189.9
C00343,395.376.724-09,P011,2025-06-27,2,249.9,4.2,499.8
C00259,395.376.724-09,P003,2025-11-13,2,149.9,4.4,299.8
C01130,534.332.491-64,P1250,2026-01-19,2,40.64,4.9,81.28
C00016,104.332.181-00,P007,2025-05-16,4,139.9,4.2,559.6
C01145,990.767.699-31,P0620,2026-07-21,1,230.85,3.6,230.85
C00952,019.179.202-02,P0664,2025-06-20,2,161.91,3.3,323.82
C00932,911.289.812-03,P0476,2026-08-14,1,336.05,3.1,336.05
C01359,809.521.755-76,P0624,2026-07-26,2,68.76,3.8,137.52
C01046,835.832.863-08,P1431,2025-01-28,1,238.42,4.6,238.42
C01456,740.148.902-36,P0174,2026-07-08,2,160.94,4.1,321.88
C01528,338.726.247-76,P0824,2025-05-23,1,211.28,5.0,211.28
C01841,928.553.595-03,P1746,2026-01-13,5,392.01,4.8,1960.05
C01599,812.236.231-14,P1798,2025-12-24,1,198.48,4.4,198.48
C01036,472.197.054-41,P0376,2025-05-28,1,68.31,3.8,68.31
C00985,428.596.932-70,P0966,2025-10-19,1,299.69,3.8,299.69
C00472,238.849.696-92,P005,2025-05-14,1,229.9,5.0,229.9
C01200,865.596.309-78,P0638,2026-05-07,1,340.99,5.0,340.99
C00279,395.376.724-09,P011,2025-11-03,1,249.9,4.3,249.9
C01863,480.861.317-42,P0721,2026-01-01,1,225.78,3.2,225.78
C01691,328.980.271-03,P0615,2026-04-08,2,54.82,3.7,109.64
C00240,278.248.963-15,P010,2025-12-12,2,99.9,3.2,199.8
C01572,724.825.135-61,P1641,2025-08-18,2,364.81,4.4,729.62
C00235,026.542.351-14,P007,2025-07-01,3,139.9,4.8,419.7
C01443,842.530.428-80,P0072,2026-04-13,3,133.27,3.6,399.81
C00176,026.542.351-14,P008,2025-03-27,2,219.9,4.7,439.8
C00977,462.996.065-17,P1803,2025-09-26,2,253.38,3.9,506.76
C01316,047.541.212-52,P1399,2025-08-04,2,80.92,3.2,161.84
C01458,050.922.216-15,P0632,2026-07-16,2,101.19,4.1,202.38
C00838,885.015.569-71,P0766,2025-04-12,3,332.05,4.1,996.15
C01844,696.801.867-50,P1337,2025-06-13,2,188.88,3.3,377.76
C01549,168.505.423-46,P0342,2026-05-27,2,60.27,3.7,120.54
C00417,095.701.543-73,P009,2025-09-10,3,119.9,4.4,359.7
C01343,677.537.260-48,P1160,2026-03-29,1,321.67,5.0,321.67
C01462,215.107.029-89,P0092,2025-05-16,1,171.37,3.6,171.37
C00668,096.561.014-48,P0077,2026-01-27,1,148.35,4.8,148.35
C01477,717.217.337-60,P0576,2026-07-06,1,190.63,4.6,190.63
C01797,837.606.441-04,P1983,2025-01-23,1,84.25,4.6,84.25
C01635,629.613.671-40,P1916,2025-12-09,1,350.2,4.4,350.2
C01526,580.305.690-17,P0942,2025-01-19,2,186.25,3.7,372.5
C01269,386.562.422-70,P1988,2026-05-23,2,176.37,4.4,352.74
C00542,901.495.427-12,P0613,2025-06-12,3,292.05,4.9,876.15
C01591,826.832.303-54,P0911,2026-01-30,2,254.9,2.5,509.8
C00729,071.261.583-00,P1935,2025-12-09,3,246.49,4.6,739.47
C01065,215.632.135-32,P0164,2025-06-19,4,62.36,4.4,249.44
C00629,566.701.065-80,P0071,2025-06-09,1,133.89,5.0,133.89
C00627,034.469.459-38,P1354,2026-02-14,1,372.49,4.9,372.49
C00316,238.849.696-92,P005,2025-01-09,1,229.9,4.8,229.9
C01923,364.027.011-81,P0106,2026-01-02,2,221.98,5.0,443.96
C00296,039.117.182-84,P008,2025-08-25,3,219.9,4.9,659.7
C00173,095.701.543-73,P007,2025-06-12,2,139.9,4.8,279.8
C01873,557.325.737-47,P0873,2025-06-02,2,329.96,4.3,659.92
C01111,767.735.925-69,P1022,2026-01-20,3,278.19,5.0,834.57
C00876,097.626.374-29,P0267,2025-08-21,2,134.22,4.2,268.44
C01475,646.225.179-49,P1877,2025-08-20,3,302.53,3.6,907.59
C00767,199.717.911-37,P1747,2025-07-21,1,62.69,2.7,62.69
C00256,960.013.389-14,P007,2025-01-10,2,139.9,4.8,279.8
C01460,053.161.177-94,P0990,2026-05-25,1,134.79,3.4,134.79
C00352,816.184.959-50,P013,2025-03-08,1,49.9,3.3,49.9
C01106,459.701.082-35,P1926,2025-06-13,2,54.95,2.6,109.9
C01899,350.305.641-60,P2000,2026-07-04,3,284.24,4.7,852.72
C01873,557.325.737-47,P0873,2025-06-02,2,329.96,4.3,659.92
C00722,565.179.624-09,P1887,2026-04-01,1,331.65,3.9,331.65
C01561,783.391.878-48,P1249,2026-06-23,1,257.41,4.6,257.41
C01226,164.970.169-10,P0044,2026-08-11,2,244.85,4.0,489.7
C00959,915.618.298-89,P0854,2025-01-20,2,176.66,4.8,353.32
C00280,395.376.724-09,P002,2025-10-13,2,79.9,3.9,159.8
C00753,677.345.401-80,P0032,2025-12-02,4,96.97,3.3,387.88
C01304,003.791.769-20,P1216,2025-08-03,1,236.0,4.4,236.0
C01974,418.938.984-66,P1190,2025-04-16,1,214.81,4.5,214.81
C00010,026.542.351-14,P001,2025-07-26,2,59.9,4.4,119.8
C01436,287.431.527-32,P1590,2025-09-17,4,260.91,4.6,1043.64
C01693,109.881.385-57,P0758,2025-05-01,3,148.3,4.9,444.9
C01903,792.234.103-20,P1597,2025-09-24,2,331.04,4.6,662.08
C00848,325.250.029-97,P1427,2025-02-19,1,340.84,4.5,340.84
C00237,026.542.351-14,P010,2025-09-17,1,99.9,4.0,99.9
C00542,901.495.427-12,P0613,2025-06-12,3,292.05,4.9,876.15
C01702,485.625.728-53,P0676,2025-06-22,2,211.04,4.0,422.08
C01756,038.843.660-33,P1384,2025-11-05,1,394.48,3.4,394.48
C01275,808.190.482-40,P0844,2026-07-09,1,297.88,3.6,297.88
C00246,039.117.182-84,P010,2025-02-13,3,99.9,4.6,299.7
C00244,104.332.181-00,P002,2025-09-29,1,79.9,4.3,79.9
C00957,337.389.877-38,P1442,2026-08-17,1,398.27,4.8,398.27
C01177,499.261.891-05,P1955,2026-08-11,2,125.96,2.8,251.92
C00065,278.248.963-15,P006,2025-02-17,3,189.9,4.8,569.7
C01373,481.386.667-06,P0186,2026-07-07,2,205.73,3.5,411.46
C01090,361.128.497-12,P1590,2025-06-24,1,260.91,3.3,260.91
C00025,395.376.724-09,P004,2025-05-16,1,169.9,3.9,169.9
C00192,480.184.514-27,P001,2025-10-24,1,59.9,4.2,59.9
C00909,691.983.210-05,P0267,2025-02-14,2,134.22,5.0,268.44
C01446,646.225.179-49,P0998,2025-05-27,1,369.45,3.9,369.45
C01651,492.929.831-80,P1846,2026-08-25,5,69.49,4.0,347.45
C00863,234.289.311-65,P1961,2025-10-30,1,135.01,3.6,135.01
C00591,278.687.653-21,P0313,2025-09-17,2,103.65,4.0,207.3
C01937,701.840.943-80,P1333,2026-08-20,1,292.52,3.1,292.52
C00918,210.202.758-98,P1871,2025-03-17,1,170.27,3.3,170.27
C00631,392.207.151-12,P0230,2025-10-25,2,377.92,4.5,755.84
C00885,231.164.913-21,P1050,2025-09-22,1,239.24,4.4,239.24
C00025,395.376.724-09,P004,2025-05-16,1,169.9,3.9,169.9
C00604,014.294.019-40,P1851,2025-11-14,1,313.26,4.8,313.26
C01032,328.980.271-03,P0574,2025-09-11,1,264.33,4.2,264.33
C01837,496.739.385-39,P1481,2025-12-25,1,120.34,4.7,120.34
C01477,717.217.337-60,P0576,2026-07-06,1,190.63,4.6,190.63
C01563,544.577.029-00,P1023,2025-03-18,1,294.21,4.2,294.21
C01090,361.128.497-12,P1590,2025-06-24,1,260.91,3.3,260.91
C00222,278.248.963-15,P001,2025-12-04,2,59.9,4.8,119.8
C00782,450.119.292-56,P1615,2026-02-16,2,228.98,4.2,457.96
C01995,865.596.309-78,P1192,2025-12-29,1,353.17,3.8,353.17
C00089,480.184.514-27,P003,2025-01-26,1,149.9,4.4,149.9
C01759,468.105.485-21,P1197,2025-11-30,2,257.82,4.2,515.64
C01369,934.065.277-01,P1525,2025-11-30,3,42.96,3.9,128.88
C00568,247.073.920-91,P0919,2025-09-06,1,102.04,4.4,102.04
C01556,616.556.503-43,P1198,2026-07-15,1,360.27,4.6,360.27
C01674,317.121.003-78,P1098,2026-06-12,2,160.69,4.9,321.38
C00087,161.559.407-89,P010,2025-10-01,1,99.9,3.7,99.9
C00213,278.248.963-15,P001,2025-01-26,3,59.9,4.5,179.7
C01332,232.194.168-53,P1421,2026-01-19,1,245.06,4.8,245.06
C01999,942.141.052-14,P1931,2025-02-01,1,285.32,4.8,285.32
C00048,475.255.341-44,P001,2025-12-04,1,59.9,3.7,59.9
C01332,232.194.168-53,P1421,2026-01-19,1,245.06,4.8,245.06
C00274,395.376.724-09,P010,2025-09-01,2,99.9,3.6,199.8
C01301,877.347.784-29,P1055,2025-06-02,1,357.31,5.0,357.31
C01247,826.832.303-54,P1304,2026-02-19,1,298.3,4.5,298.3
C00181,480.184.514-27,P011,2025-05-11,2,249.9,4.1,499.8
C01362,290.018.513-04,P0188,2025-01-24,5,289.3,4.1,1446.5
C01795,842.530.428-80,P0368,2025-12-26,1,128.06,5.0,128.06
C01727,736.050.791-05,P1405,2025-08-11,2,323.89,4.5,647.78
C00058,489.325.288-70,P005,2025-12-08,1,229.9,5.0,229.9
C00492,475.255.341-44,P012,2025-04-26,1,299.9,4.4,299.9
C00482,960.013.389-14,P009,2025-01-18,3,119.9,3.8,359.7
C00907,555.165.176-21,P0405,2025-11-26,2,56.0,4.9,112.0
C00287,489.325.288-70,P006,2025-01-10,1,189.9,4.9,189.9
C01709,701.840.943-80,P0695,2025-12-11,4,314.58,4.0,1258.32
C01554,732.283.608-14,P0740,2025-11-13,2,220.34,5.0,440.68
C01617,790.504.043-75,P1676,2025-04-01,1,156.21,3.4,156.21
C00397,238.849.696-92,P011,2025-12-15,2,249.9,4.4,499.8
C00030,489.325.288-70,P001,2025-12-08,3,59.9,4.4,179.7
C01822,477.695.874-09,P006,2025-09-27,3,189.9,5.0,569.7
C00578,165.058.714-70,P0511,2025-02-23,2,46.05,4.6,92.1
C01313,646.136.847-73,P1420,2025-08-01,1,192.94,3.6,192.94
C01819,600.559.550-45,P0802,2025-09-11,1,361.3,4.6,361.3
C00073,095.701.543-73,P010,2025-06-12,4,99.9,4.7,399.6
C00011,026.542.351-14,P004,2025-04-09,1,169.9,3.7,169.9
C00011,026.542.351-14,P004,2025-04-09,1,169.9,3.7,169.9
C00313,238.849.696-92,P004,2025-10-20,1,169.9,4.0,169.9
C00104,269.166.978-57,P003,2025-09-25,4,149.9,4.0,599.6
C01640,573.993.056-17,P1081,2026-06-28,2,372.72,4.0,745.44
C01212,479.473.864-12,P0700,2025-09-22,2,192.14,4.3,384.28
C01961,468.105.485-21,P0971,2025-05-18,1,205.23,3.8,205.23
C01603,673.162.526-42,P1478,2026-02-21,1,397.65,4.2,397.65
C01927,401.399.049-05,P1054,2025-12-12,3,319.57,4.0,958.71
C00478,475.255.341-44,P008,2025-10-09,2,219.9,4.9,439.8
C00576,800.106.181-71,P0886,2025-11-16,3,229.0,3.5,687.0
C01699,079.863.210-08,P1889,2025-04-19,3,172.39,4.5,517.17
C00490,310.341.316-56,P010,2025-09-27,1,99.9,4.3,99.9
C00115,095.701.543-73,P009,2025-06-26,1,119.9,4.0,119.9
C01339,882.211.457-42,P1390,2025-05-26,1,236.5,3.5,236.5
C01602,143.643.813-65,P0407,2025-07-11,2,399.89,4.8,799.78
C01937,701.840.943-80,P1333,2026-08-20,1,292.52,3.1,292.52
C01856,879.508.304-92,P0216,2026-02-15,1,56.43,3.5,56.43
C00241,104.332.181-00,P010,2025-12-03,3,99.9,4.2,299.7
C01545,970.581.629-80,P1146,2025-08-19,2,337.09,3.7,674.18
C01693,109.881.385-57,P0758,2025-05-01,3,148.3,4.9,444.9
C01397,920.522.299-22,P1570,2026-08-24,1,73.81,4.0,73.81
C01640,573.993.056-17,P1081,2026-06-28,2,372.72,4.0,745.44
C01676,514.010.512-86,P1745,2025-12-18,2,355.37,4.4,710.74
C00894,967.379.487-15,P0584,2026-08-05,1,347.16,4.9,347.16
C00081,960.013.389-14,P004,2025-08-04,1,169.9,4.2,169.9
C00913,016.451.046-05,P0320,2025-02-24,2,114.97,5.0,229.94
C00404,480.184.514-27,P011,2025-05-12,2,249.9,4.2,499.8
C00228,026.542.351-14,P013,2025-12-26,1,49.9,4.1,49.9
C00250,039.117.182-84,P008,2025-09-27,2,219.9,4.5,439.8
C01395,259.045.990-48,P0852,2026-02-15,2,352.0,4.2,704.0
C01010,875.721.586-33,P1639,2026-06-06,2,122.73,4.2,245.46
C01080,228.015.619-91,P1514,2026-06-02,5,122.19,4.1,610.95
C01491,956.544.209-92,P0637,2025-05-12,2,262.81,4.4,525.62
C01097,981.987.809-80,P1101,2026-01-04,4,250.01,5.0,1000.04
C01261,808.190.482-40,P0999,2025-04-29,2,56.85,4.6,113.7
C00173,095.701.543-73,P007,2025-06-12,2,139.9,4.8,279.8
C01703,993.160.875-70,P1591,2025-09-27,1,288.03,4.3,288.03
C00898,481.754.965-33,P1518,2026-03-16,1,215.34,3.2,215.34
C00311,627.048.281-05,P010,2025-10-02,1,99.9,3.9,99.9
C01627,904.966.319-26,P0840,2026-04-24,1,91.44,4.0,91.44
C01470,833.394.522-88,P0677,2025-10-06,2,150.8,3.8,301.6
C00107,083.863.794-99,P005,2025-08-19,1,229.9,4.1,229.9
C00387,269.166.978-57,P010,2025-06-07,3,99.9,4.1,299.7
C00032,026.542.351-14,P012,2025-10-11,1,299.9,4.3,299.9
C00542,901.495.427-12,P0613,2025-06-12,3,292.05,4.9,876.15
C00200,928.327.648-51,P010,2025-07-15,3,99.9,4.4,299.7
C01420,317.912.868-28,P1854,2025-08-24,3,157.31,4.2,471.93
C01046,835.832.863-08,P1431,2025-01-28,1,238.42,4.6,238.42
C01961,468.105.485-21,P0971,2025-05-18,1,205.23,3.8,205.23
C01499,697.117.980-34,P0915,2025-05-13,2,158.54,4.6,317.08
C01224,325.122.572-31,P1634,2025-02-26,1,244.63,3.8,244.63
C01019,033.793.375-87,P0513,2026-06-08,2,347.89,3.1,695.78
C00110,278.248.963-15,P012,2025-05-22,2,299.9,4.1,599.8
C00141,480.184.514-27,P002,2025-11-03,1,79.9,3.8,79.9
C01233,324.006.157-05,P0678,2025-12-10,2,178.52,4.7,357.04
C00009,269.166.978-57,P006,2025-08-05,1,189.9,4.9,189.9
C00085,475.255.341-44,P008,2025-04-23,1,219.9,3.9,219.9
C00439,480.184.514-27,P011,2025-06-07,2,249.9,3.9,499.8
C01769,679.121.416-34,P0884,2025-04-13,1,313.91,5.0,313.91
C00918,210.202.758-98,P1871,2025-03-17,1,170.27,3.3,170.27
C01420,317.912.868-28,P1854,2025-08-24,3,157.31,4.2,471.93
C00824,158.904.290-51,P0724,2026-01-08,1,377.24,4.0,377.24
C00347,095.701.543-73,P010,2025-07-08,2,99.9,4.4,199.8
C00743,878.844.344-23,P1774,2026-02-02,2,165.77,4.8,331.54
C00184,269.166.978-57,P012,2025-05-09,2,299.9,4.5,599.8
C01541,566.246.287-90,P0188,2025-11-13,4,289.3,3.2,1157.2
C00368,532.871.012-69,P014,2025-11-12,1,129.9,4.5,129.9
C00753,677.345.401-80,P0032,2025-12-02,4,96.97,3.3,387.88
C01961,468.105.485-21,P0971,2025-05-18,1,205.23,3.8,205.23
C01184,990.970.051-40,P1188,2026-07-27,3,200.13,5.0,600.39
C00918,210.202.758-98,P1871,2025-03-17,1,170.27,3.3,170.27
C01087,923.234.210-34,P1024,2025-02-07,2,123.97,3.8,247.94
C01569,018.596.263-78,P0782,2026-08-10,2,277.67,3.9,555.34
C00509,691.311.964-03,P1876,2025-11-14,2,130.48,5.0,260.96
C01273,369.552.862-18,P1128,2025-06-19,1,318.91,3.8,318.91
C01746,515.093.983-84,P1660,2025-05-28,1,190.68,3.8,190.68
C01145,990.767.699-31,P0620,2026-07-21,1,230.85,3.6,230.85
C00894,967.379.487-15,P0584,2026-08-05,1,347.16,4.9,347.16
C00291,278.248.963-15,P003,2025-11-02,1,149.9,5.0,149.9
C00497,475.255.341-44,P004,2025-12-21,3,169.9,4.0,509.7
C01893,347.786.603-74,P1014,2026-08-25,1,111.34,3.7,111.34
C01083,634.755.752-56,P0373,2025-08-16,2,149.73,4.3,299.46
C00603,739.610.290-16,P1685,2025-12-20,4,123.65,4.9,494.6
C00837,336.138.612-83,P0510,2025-09-18,3,350.4,4.4,1051.2
C01157,655.158.482-92,P0619,2025-07-12,1,357.93,3.0,357.93
C01076,860.030.443-14,P0426,2025-10-28,1,382.05,3.5,382.05
C01400,009.751.971-50,P1753,2026-07-09,3,399.83,4.2,1199.49
C00515,998.989.721-22,P1482,2025-11-01,2,145.22,3.8,290.44
C01299,724.264.236-17,P0946,2025-09-22,2,102.31,4.5,204.62
C00886,744.890.612-77,P1590,2025-02-22,4,260.91,3.1,1043.64
C01882,778.265.960-41,P0984,2026-08-29,1,191.36,4.2,191.36
C00316,238.849.696-92,P005,2025-01-09,1,229.9,4.8,229.9
C00297,532.871.012-69,P009,2025-09-28,1,119.9,4.2,119.9
C00924,456.690.782-17,P1726,2025-06-07,1,45.91,4.5,45.91
C01017,189.455.906-17,P0200,2025-02-28,1,139.19,4.4,139.19
C01382,909.010.016-43,P0230,2025-08-29,3,377.92,4.3,1133.76
C00809,287.431.527-32,P0214,2026-07-23,1,165.05,4.5,165.05
C01828,502.374.167-27,P1526,2026-01-19,1,186.81,3.4,186.81
C00949,095.493.059-29,P1839,2025-05-29,1,101.36,4.3,101.36
C00259,395.376.724-09,P003,2025-11-13,2,149.9,4.4,299.8
C00239,928.327.648-51,P010,2025-04-26,3,99.9,4.9,299.7
C01947,087.601.467-88,P1416,2025-07-11,1,276.85,3.5,276.85
C00269,480.184.514-27,P011,2025-06-05,3,249.9,4.2,749.7
C01896,927.490.728-16,P1212,2026-03-04,3,74.94,4.1,224.82
C00557,655.866.525-52,P0859,2025-08-22,1,198.74,4.3,198.74
C00187,350.305.641-60,P001,2025-12-04,1,59.9,5.0,59.9
C00610,168.601.347-71,P0247,2026-07-04,1,203.38,4.5,203.38
C01230,998.279.501-50,P0493,2025-07-13,3,116.68,4.2,350.04
C00856,091.843.579-08,P0949,2025-02-11,2,317.16,4.1,634.32
C01572,724.825.135-61,P1641,2025-08-18,2,364.81,4.4,729.62
C01222,264.647.154-88,P1407,2026-04-01,2,361.79,3.8,723.58
C00802,931.350.305-04,P1949,2026-08-08,1,294.25,4.6,294.25
C01270,350.305.641-60,P0939,2025-05-31,1,78.24,3.6,78.24
C01943,993.160.875-70,P0222,2025-02-13,1,275.21,3.5,275.21
C00824,158.904.290-51,P0724,2026-01-08,1,377.24,4.0,377.24
C00307,627.048.281-05,P008,2025-11-12,1,219.9,4.6,219.9
C00818,150.066.664-55,P1562,2026-04-29,1,253.44,4.8,253.44
C01681,174.101.194-97,P1731,2026-05-29,1,282.65,4.8,282.65
C00436,026.542.351-14,P011,2025-04-16,2,249.9,5.0,499.8
C01899,350.305.641-60,P2000,2026-07-04,3,284.24,4.7,852.72
C01177,499.261.891-05,P1955,2026-08-11,2,125.96,2.8,251.92
C01204,646.225.223-57,P1178,2026-06-10,2,257.52,3.4,515.04
C00635,241.270.493-75,P1557,2026-08-07,2,329.89,3.9,659.78
C01841,928.553.595-03,P1746,2026-01-13,5,392.01,4.8,1960.05
C00073,095.701.543-73,P010,2025-06-12,4,99.9,4.7,399.6
C00598,090.463.766-21,P1299,2025-11-03,1,174.39,5.0,174.39
C00837,336.138.612-83,P0510,2025-09-18,3,350.4,4.4,1051.2
C00955,324.609.539-68,P1967,2025-06-21,5,320.5,3.4,1602.5
C00949,095.493.059-29,P1839,2025-05-29,1,101.36,4.3,101.36
C00296,039.117.182-84,P008,2025-08-25,3,219.9,4.9,659.7
C00452,960.013.389-14,P004,2025-01-23,1,169.9,3.8,169.9
C00191,161.559.407-89,P011,2025-02-19,4,249.9,4.4,999.6
C01145,990.767.699-31,P0620,2026-07-21,1,230.85,3.6,230.85
C00702,090.255.618-53,P1658,2026-05-01,1,68.99,4.9,68.99
C01132,212.499.856-09,P0306,2025-05-19,3,72.43,4.9,217.29
C01180,869.996.988-05,P0825,2025-09-09,2,301.41,4.4,602.82
C01405,165.585.239-65,P1179,2026-08-31,2,50.93,4.3,101.86
C01095,020.586.950-54,P1186,2026-04-15,1,341.88,5.0,341.88
C01296,655.779.082-05,P0120,2025-09-19,1,91.86,3.9,91.86
C01175,375.060.685-40,P1492,2025-02-26,1,181.11,5.0,181.11
C01305,798.440.971-42,P0819,2026-02-22,4,160.6,2.9,642.4
C01234,532.593.993-99,P1795,2025-12-30,1,100.56,4.4,100.56
C00633,853.890.972-03,P0037,2025-01-30,2,245.96,4.1,491.92
C00493,083.863.794-99,P011,2025-11-29,3,249.9,5.0,749.7
C01575,875.721.586-33,P1867,2026-04-26,2,116.94,4.6,233.88
C00686,981.265.742-83,P1238,2025-03-29,1,47.19,4.4,47.19
C01099,563.268.685-05,P0477,2025-12-18,1,358.18,3.3,358.18
C00394,960.013.389-14,P012,2025-03-12,2,299.9,4.1,599.8
C00863,234.289.311-65,P1961,2025-10-30,1,135.01,3.6,135.01
C01060,754.661.766-99,P0430,2026-07-25,2,59.84,3.2,119.68
C01253,157.184.090-72,P0347,2026-04-29,2,251.36,3.9,502.72
C01053,875.003.691-23,P1983,2025-02-05,1,84.25,3.7,84.25
C00722,565.179.624-09,P1887,2026-04-01,1,331.65,3.9,331.65
C01924,580.741.209-53,P0222,2025-03-29,1,275.21,4.3,275.21
C01026,616.556.503-43,P0318,2025-05-18,2,53.39,4.7,106.78
C01617,790.504.043-75,P1676,2025-04-01,1,156.21,3.4,156.21
C01474,816.649.690-98,P014,2025-10-05,1,129.9,4.9,129.9
C01117,106.092.098-09,P0340,2025-03-14,2,259.94,4.7,519.88
C01773,495.621.372-79,P0483,2026-07-15,1,307.98,3.7,307.98
C00257,083.863.794-99,P014,2025-06-10,2,129.9,3.7,259.8
C01843,502.329.028-01,P1804,2025-05-31,1,278.78,4.5,278.78
C01701,097.461.917-56,P1350,2025-06-07,2,153.9,3.3,307.8
C01008,610.089.876-46,P1572,2025-04-01,1,71.4,4.3,71.4
C01467,497.567.922-13,P1230,2026-04-09,3,79.72,3.3,239.16
C01041,490.531.520-40,P0529,2025-10-29,1,98.22,5.0,98.22
C00538,756.704.310-65,P1873,2026-03-31,3,319.51,5.0,958.53
C01600,706.626.682-00,P0573,2026-06-22,3,391.7,5.0,1175.1
C00492,475.255.341-44,P012,2025-04-26,1,299.9,4.4,299.9
C00629,566.701.065-80,P0071,2025-06-09,1,133.89,5.0,133.89
C01039,959.660.487-20,P1330,2026-07-09,1,141.36,5.0,141.36
C01675,451.713.395-89,P1783,2025-10-09,1,386.56,3.9,386.56
C00768,045.025.896-32,P1381,2026-06-26,1,168.84,5.0,168.84
C00989,701.436.349-25,P0188,2026-08-08,4,289.3,4.0,1157.2
C00084,269.166.978-57,P009,2025-10-07,3,119.9,3.1,359.7
C00232,627.048.281-05,P002,2025-02-16,3,79.9,4.4,239.7
C00112,475.255.341-44,P012,2025-09-01,2,299.9,4.8,599.8
C00145,480.184.514-27,P015,2025-05-23,1,89.9,3.6,89.9
C01738,945.101.622-86,P0629,2025-07-18,3,346.29,5.0,1038.87
C01684,682.975.147-06,P1813,2025-05-20,3,255.79,4.4,767.37
C01644,702.070.160-46,P1352,2025-09-26,2,193.43,4.7,386.86
C00112,475.255.341-44,P012,2025-09-01,2,299.9,4.8,599.8
C00156,269.166.978-57,P002,2025-04-26,5,79.9,4.3,399.5
C00562,041.574.733-37,P1869,2025-04-27,2,46.26,4.8,92.52
C01131,949.058.077-51,P1007,2025-11-24,2,156.15,5.0,312.3
C00669,509.754.510-90,P1523,2025-04-15,1,356.88,3.6,356.88
C00976,525.459.910-31,P1303,2025-05-07,1,291.44,4.6,291.44
C00346,161.559.407-89,P004,2025-09-10,1,169.9,4.3,169.9
C01462,215.107.029-89,P0092,2025-05-16,1,171.37,3.6,171.37
C00628,881.056.974-16,P1554,2026-06-21,2,118.17,4.1,236.34
C00134,960.013.389-14,P004,2025-05-28,2,169.9,3.6,339.8
C01486,145.593.766-54,P1064,2025-12-07,2,104.9,4.8,209.8
C01806,397.191.260-51,P0930,2025-09-04,2,182.09,5.0,364.18
C00030,489.325.288-70,P001,2025-12-08,3,59.9,4.4,179.7
C00874,633.535.748-83,P0777,2026-06-11,2,186.96,4.7,373.92
C01655,243.588.537-73,P0255,2025-07-31,1,376.98,4.2,376.98
C01413,981.265.742-83,P0153,2026-08-14,1,254.39,4.9,254.39
C01714,457.353.236-60,P1433,2026-07-28,3,232.28,3.6,696.84
C00831,657.744.916-33,P1797,2025-07-22,2,303.09,4.2,606.18
C00745,472.727.423-05,P0561,2025-05-08,1,378.79,5.0,378.79
C01419,453.198.074-30,P1415,2025-07-05,3,223.17,4.7,669.51
C00308,161.559.407-89,P009,2025-11-08,2,119.9,4.2,239.8
C00479,395.376.724-09,P005,2025-09-08,4,229.9,4.4,919.6
C01202,019.179.202-02,P0473,2025-04-19,2,72.11,4.4,144.22
C01337,911.289.812-03,P0826,2025-11-01,1,370.57,4.0,370.57
C00240,278.248.963-15,P010,2025-12-12,2,99.9,3.2,199.8
C01017,189.455.906-17,P0200,2025-02-28,1,139.19,4.4,139.19
C00730,912.896.599-07,P1740,2026-06-16,1,233.59,4.3,233.59
C01004,297.585.988-05,P0489,2026-03-31,4,54.41,4.5,217.64
C01917,387.829.456-59,P1360,2025-01-05,2,57.2,4.3,114.4
C00154,627.048.281-05,P002,2025-01-15,5,79.9,4.0,399.5
C01991,576.084.958-12,P1132,2025-10-12,2,253.08,3.8,506.16
C00900,072.239.594-95,P1040,2026-07-20,1,252.84,4.0,252.84
C01545,970.581.629-80,P1146,2025-08-19,2,337.09,3.7,674.18
C00849,121.461.476-01,P0665,2025-07-17,3,102.68,3.6,308.04
C00622,466.766.506-81,P1217,2025-04-28,1,256.89,5.0,256.89
C01542,872.333.510-66,P1762,2025-07-05,1,362.16,5.0,362.16
C01376,959.660.487-20,P0654,2025-11-28,1,75.93,4.5,75.93
C00289,161.559.407-89,P002,2025-06-01,3,79.9,4.8,239.7
C01411,333.021.260-85,P0036,2025-04-14,3,150.12,2.6,450.36
C01507,732.283.608-14,P1211,2026-01-27,3,207.18,5.0,621.54
C00776,980.699.016-16,P1697,2026-03-23,1,167.59,3.5,167.59
C01852,253.666.777-42,P1024,2026-06-21,1,123.97,3.2,123.97
C01282,046.117.295-08,P0999,2026-03-03,2,56.85,4.1,113.7
C00668,096.561.014-48,P0077,2026-01-27,1,148.35,4.8,148.35
C00022,532.871.012-69,P002,2025-10-19,1,79.9,4.6,79.9
C01350,055.269.658-72,P1357,2026-01-25,2,145.2,5.0,290.4
C00419,480.184.514-27,P011,2025-05-12,2,249.9,5.0,499.8
C01514,478.189.137-34,P0464,2026-07-10,1,48.25,3.6,48.25
C01051,650.254.472-08,P1778,2026-04-22,1,50.22,5.0,50.22
C00934,980.699.016-16,P0073,2026-02-14,2,376.34,4.3,752.68
C00328,269.166.978-57,P010,2025-04-03,2,99.9,4.4,199.8
C01424,143.468.239-04,P0099,2025-05-15,2,203.42,3.5,406.84
C00332,960.013.389-14,P002,2025-12-10,2,79.9,4.5,159.8
C00836,174.907.539-37,P1254,2025-01-10,3,301.65,3.0,904.95
C01673,374.549.904-28,P1700,2025-03-28,1,271.51,4.7,271.51
C01841,928.553.595-03,P1746,2026-01-13,5,392.01,4.8,1960.05
C01979,053.161.177-94,P0370,2025-12-27,3,91.82,4.1,275.46
C01917,387.829.456-59,P1360,2025-01-05,2,57.2,4.3,114.4
C01112,471.960.940-69,P0295,2025-02-24,1,126.71,4.3,126.71
C00401,928.327.648-51,P005,2025-03-04,2,229.9,3.8,459.8
C01679,677.462.591-62,P0690,2025-02-12,1,327.48,3.0,327.48
C01604,910.771.199-92,P1231,2025-10-11,1,232.35,4.5,232.35
C01981,471.754.558-36,P1186,2025-03-24,1,341.88,4.8,341.88
C01302,290.148.706-80,P0557,2025-12-17,1,398.78,2.5,398.78
C00284,083.863.794-99,P005,2025-10-14,1,229.9,5.0,229.9
C01006,134.213.882-10,P1519,2026-07-01,2,350.72,4.2,701.44
C00897,310.438.419-38,P0675,2026-08-05,2,245.55,4.3,491.1
C01686,876.220.234-00,P0085,2026-02-27,3,333.32,4.5,999.96
C00786,033.542.168-75,P0642,2025-11-05,3,339.04,4.7,1017.12
C00658,972.896.230-45,P0774,2025-10-16,1,369.43,4.0,369.43
C00161,928.327.648-51,P013,2025-08-01,1,49.9,4.0,49.9
C01671,822.104.016-90,P1202,2025-06-03,2,270.14,4.6,540.28
C01511,179.469.548-67,P1817,2026-04-07,3,262.67,3.1,788.01
C00083,104.332.181-00,P006,2025-06-02,3,189.9,5.0,569.7
C00868,524.278.680-94,P0458,2025-05-27,2,328.27,4.1,656.54
C00960,724.380.701-10,P1325,2025-09-21,3,62.89,4.6,188.67
C00939,069.409.600-82,P0885,2026-04-19,4,217.97,4.9,871.88
C01838,706.810.390-19,P1443,2025-12-30,3,268.14,4.6,804.42
C00302,475.255.341-44,P014,2025-08-19,3,129.9,4.7,389.7
C00613,462.914.865-55,P1925,2025-10-24,1,106.7,4.3,106.7
C00362,475.255.341-44,P013,2025-12-17,1,49.9,3.6,49.9
C00489,269.166.978-57,P013,2025-04-02,1,49.9,4.1,49.9
C01815,311.907.903-00,P1514,2025-05-27,2,122.19,5.0,244.38
C01882,778.265.960-41,P0984,2026-08-29,1,191.36,4.2,191.36
C00090,395.376.724-09,P013,2025-07-14,1,49.9,4.3,49.9
C01265,174.101.194-97,P1639,2025-11-06,1,122.73,4.8,122.73
C00466,960.013.389-14,P014,2025-02-07,1,129.9,4.7,129.9
C00386,104.332.181-00,P006,2025-06-19,2,189.9,4.4,379.8
C00585,175.250.074-11,P1772,2025-12-22,3,241.09,3.0,723.27
C00389,039.117.182-84,P010,2025-04-27,2,99.9,4.0,199.8
C00981,226.025.634-12,P1140,2025-01-03,2,158.21,4.1,316.42
C01992,374.160.898-08,P1533,2025-04-14,1,306.38,4.7,306.38
C01173,473.597.746-59,P0464,2025-08-02,3,48.25,3.3,144.75
C01447,959.660.487-20,P1363,2025-10-25,2,394.66,3.5,789.32
C00987,837.455.084-83,P1223,2025-06-05,1,251.49,4.7,251.49
C00028,238.849.696-92,P015,2025-02-05,3,89.9,4.4,269.7
C00169,395.376.724-09,P014,2025-02-21,3,129.9,3.8,389.7
C00538,756.704.310-65,P1873,2026-03-31,3,319.51,5.0,958.53
C00488,928.327.648-51,P009,2025-05-27,1,119.9,4.0,119.9
C01682,988.649.767-01,P0929,2025-10-29,1,348.17,3.9,348.17
C01688,650.471.580-71,P1232,2025-12-07,3,344.4,4.6,1033.2
C01709,701.840.943-80,P0695,2025-12-11,4,314.58,4.0,1258.32
C01276,343.626.204-86,P0882,2025-08-09,3,89.1,4.6,267.3
C01113,095.314.196-98,P0657,2025-03-19,3,150.65,4.8,451.95
C01299,724.264.236-17,P0946,2025-09-22,2,102.31,4.5,204.62
C00814,106.092.098-09,P0286,2025-06-25,1,248.02,4.1,248.02
C01341,563.268.685-05,P0474,2025-11-14,1,115.45,4.0,115.45
C01589,082.611.231-54,P1813,2025-12-26,2,255.79,4.5,511.58
C01526,580.305.690-17,P0942,2025-01-19,2,186.25,3.7,372.5
C01228,754.661.766-99,P0068,2025-09-23,1,348.95,4.9,348.95
C00117,026.542.351-14,P012,2025-04-09,1,299.9,4.5,299.9
C01450,018.596.263-78,P0590,2025-12-20,1,164.76,4.0,164.76
C00734,227.026.728-17,P1489,2025-02-26,1,338.86,5.0,338.86
C01488,029.233.451-69,P1590,2025-11-04,3,260.91,4.2,782.73
C01080,228.015.619-91,P1514,2026-06-02,5,122.19,4.1,610.95
C01763,170.630.489-70,P1878,2026-05-06,2,390.61,4.2,781.22
C00677,354.083.866-00,P1638,2025-12-01,1,187.54,4.0,187.54
C01863,480.861.317-42,P0721,2026-01-01,1,225.78,3.2,225.78
C01689,281.964.825-82,P1042,2025-03-05,1,386.13,3.3,386.13
C00663,861.634.212-56,P1160,2025-11-18,2,321.67,5.0,643.34
C00966,312.172.715-03,P0889,2026-04-10,1,244.52,4.2,244.52
C01063,187.683.160-03,P1276,2026-06-10,2,133.38,4.8,266.76
C01538,998.989.721-22,P0067,2025-07-06,1,320.26,4.2,320.26
C01379,235.558.099-54,P1643,2025-06-19,4,301.79,3.1,1207.16
C01705,993.607.984-10,P1867,2026-05-18,5,116.94,4.7,584.7
C00740,776.655.868-80,P0560,2025-07-20,2,183.92,4.4,367.84
C01010,875.721.586-33,P1639,2026-06-06,2,122.73,4.2,245.46
C00862,189.455.906-17,P1694,2026-01-12,1,323.3,4.1,323.3
C01820,776.657.546-94,P0460,2026-01-13,1,92.73,4.3,92.73
C00610,168.601.347-71,P0247,2026-07-04,1,203.38,4.5,203.38
C01175,375.060.685-40,P1492,2025-02-26,1,181.11,5.0,181.11
C00241,104.332.181-00,P010,2025-12-03,3,99.9,4.2,299.7
C01701,097.461.917-56,P1350,2025-06-07,2,153.9,3.3,307.8
C00769,566.205.634-06,P0256,2026-04-23,2,232.48,5.0,464.96
C00682,029.295.014-48,P0501,2025-02-12,1,118.23,3.5,118.23
C01166,339.055.044-56,P1819,2025-01-31,3,320.21,3.9,960.63
C00998,563.983.652-08,P0659,2025-09-18,3,336.51,5.0,1009.53
C01696,131.869.993-24,P1261,2025-12-05,1,281.13,5.0,281.13
C01063,187.683.160-03,P1276,2026-06-10,2,133.38,4.8,266.76
C01034,759.025.176-30,P1477,2025-07-04,3,276.36,2.7,829.08
C00210,238.849.696-92,P009,2025-11-27,1,119.9,4.4,119.9
C00044,104.332.181-00,P003,2025-06-20,3,149.9,3.7,449.7
C00798,353.693.785-33,P0345,2026-02-09,1,213.68,5.0,213.68
C01997,519.825.309-01,P1020,2025-08-24,1,383.26,4.2,383.26
C01835,955.620.533-06,P1206,2026-01-20,5,148.36,4.3,741.8
C01258,889.937.567-40,P1148,2026-06-22,3,66.51,4.2,199.53
C01262,546.156.793-27,P0854,2026-01-26,1,176.66,4.7,176.66
C00784,088.948.018-45,P0780,2026-08-05,2,326.24,3.7,652.48
C00356,350.305.641-60,P010,2025-10-01,1,99.9,4.1,99.9
C00018,627.048.281-05,P003,2025-04-08,1,149.9,3.8,149.9
C00678,567.086.041-16,P0288,2025-10-16,1,305.54,3.2,305.54
C00633,853.890.972-03,P0037,2025-01-30,2,245.96,4.1,491.92
C00384,278.248.963-15,P012,2025-06-03,2,299.9,4.9,599.8
C00519,346.060.560-02,P1332,2025-04-11,1,359.79,4.9,359.79
C00050,532.871.012-69,P011,2025-10-02,1,249.9,5.0,249.9
C01216,812.236.231-14,P1653,2025-11-19,1,272.12,4.7,272.12
C01855,096.561.014-48,P1038,2025-04-13,3,291.56,4.3,874.68
C01382,909.010.016-43,P0230,2025-08-29,3,377.92,4.3,1133.76
C00897,310.438.419-38,P0675,2026-08-05,2,245.55,4.3,491.1
C00841,587.603.669-23,P1132,2025-04-08,1,253.08,4.9,253.08
C00616,623.471.247-90,P0944,2026-03-09,1,47.06,4.4,47.06
C00285,395.376.724-09,P014,2025-03-07,2,129.9,4.7,259.8
C01197,824.967.183-06,P0401,2025-07-17,3,316.42,4.0,949.26
C01134,816.064.842-14,P0949,2025-11-04,1,317.16,4.3,317.16
C00015,627.048.281-05,P008,2025-04-20,3,219.9,4.5,659.7
C00832,447.146.273-33,P0936,2026-08-10,3,195.04,3.1,585.12
C00557,655.866.525-52,P0859,2025-08-22,1,198.74,4.3,198.74
C00341,627.048.281-05,P004,2025-03-04,1,169.9,4.3,169.9
C01407,344.389.982-04,P0887,2025-03-20,2,335.06,4.5,670.12
C01052,406.468.677-25,P0058,2025-11-20,1,249.65,3.9,249.65
C01268,970.581.629-80,P1987,2026-05-10,1,252.08,3.3,252.08
C01427,223.105.927-49,P0373,2026-06-05,1,149.73,3.7,149.73
C01964,788.614.057-54,P1451,2026-05-27,3,235.29,3.0,705.87
C01606,100.996.881-58,P0940,2025-12-27,1,133.5,4.4,133.5
C01241,434.369.709-64,P1428,2025-07-08,1,237.56,5.0,237.56
C01759,468.105.485-21,P1197,2025-11-30,2,257.82,4.2,515.64
C00956,397.561.547-80,P0864,2026-03-02,2,388.61,4.6,777.22
C01970,130.753.841-00,P1648,2025-10-24,1,244.85,4.4,244.85
C01523,013.290.227-34,P0029,2025-05-01,1,81.4,5.0,81.4
C01302,290.148.706-80,P0557,2025-12-17,1,398.78,2.5,398.78
C01807,073.651.189-03,P0748,2026-08-12,3,151.65,5.0,454.95
C01031,071.261.583-00,P0964,2026-07-07,2,170.43,3.8,340.86
C01442,109.792.158-11,P0024,2026-05-29,2,186.05,4.0,372.1
C00570,734.151.488-40,P1263,2026-05-04,2,63.98,5.0,127.96
C01927,401.399.049-05,P1054,2025-12-12,3,319.57,4.0,958.71
C01247,826.832.303-54,P1304,2026-02-19,1,298.3,4.5,298.3
C01565,824.224.124-40,P1948,2026-01-29,1,127.94,5.0,127.94
C00922,620.959.351-87,P1155,2025-06-01,4,239.17,2.9,956.68
C01734,327.000.466-41,P1532,2025-01-09,1,276.61,4.7,276.61
C00149,095.701.543-73,P001,2025-08-21,1,59.9,4.5,59.9
C00229,095.701.543-73,P012,2025-04-21,1,299.9,4.9,299.9
C01015,100.996.881-58,P0895,2026-01-18,1,184.55,4.7,184.55
C01465,435.864.496-15,P1696,2025-02-04,1,48.91,4.2,48.91
C01619,403.526.356-73,P0226,2025-12-02,3,214.12,3.9,642.36
C00881,824.224.124-40,P1426,2025-08-14,4,162.8,4.0,651.2
C01300,887.071.553-10,P1589,2026-03-20,1,328.74,4.7,328.74
C01107,945.101.622-86,P0864,2026-02-27,1,388.61,3.7,388.61
C01924,580.741.209-53,P0222,2025-03-29,1,275.21,4.3,275.21
C01309,935.923.613-68,P0287,2025-08-13,3,380.19,3.2,1140.57
C00834,441.233.613-15,P1771,2025-05-07,1,92.38,4.3,92.38
C01940,537.599.004-02,P1970,2025-07-14,2,150.3,3.4,300.6
C00215,095.701.543-73,P004,2025-10-28,1,169.9,4.4,169.9
C01970,130.753.841-00,P1648,2025-10-24,1,244.85,4.4,244.85
C00309,026.542.351-14,P013,2025-05-28,1,49.9,4.1,49.9
C00577,640.376.137-43,P0617,2026-05-16,1,74.2,5.0,74.2
C01643,838.903.091-86,P0437,2025-12-03,4,301.05,3.3,1204.2
C01468,403.910.651-22,P0369,2025-06-03,1,348.36,5.0,348.36
C01941,740.148.902-36,P1189,2025-06-22,1,234.84,3.8,234.84
C01500,734.151.773-51,P0114,2025-08-09,1,350.56,3.8,350.56
C01275,808.190.482-40,P0844,2026-07-09,1,297.88,3.6,297.88
C00693,617.357.438-10,P0161,2025-03-13,1,288.54,4.7,288.54
C00010,026.542.351-14,P001,2025-07-26,2,59.9,4.4,119.8
C00248,269.166.978-57,P008,2025-11-07,1,219.9,4.5,219.9
C00596,981.829.922-14,P1452,2026-05-26,1,272.44,3.8,272.44
C00082,104.332.181-00,P014,2025-10-22,1,129.9,3.2,129.9
C01017,189.455.906-17,P0200,2025-02-28,1,139.19,4.4,139.19
C01555,030.366.254-96,P0183,2025-03-16,1,100.04,4.9,100.04
C01927,401.399.049-05,P1054,2025-12-12,3,319.57,4.0,958.71
C00980,306.178.932-41,P0174,2025-09-25,2,160.94,5.0,321.88
C01751,799.196.234-23,P0131,2026-07-05,3,97.51,5.0,292.53
C01972,805.721.514-38,P1214,2026-03-21,1,247.16,4.9,247.16
C01720,867.808.562-23,P1195,2025-09-06,1,399.87,3.4,399.87
C00930,602.562.650-20,P0435,2026-07-06,1,219.09,5.0,219.09
C00651,670.241.038-76,P1379,2025-04-16,1,343.99,4.5,343.99
C01956,826.224.447-88,P1490,2025-09-15,1,313.88,4.1,313.88
C00484,475.255.341-44,P002,2025-12-29,1,79.9,4.2,79.9
C00824,158.904.290-51,P0724,2026-01-08,1,377.24,4.0,377.24
C00149,095.701.543-73,P001,2025-08-21,1,59.9,4.5,59.9
C01588,260.602.908-92,P0345,2026-03-11,1,213.68,3.8,213.68
C01300,887.071.553-10,P1589,2026-03-20,1,328.74,4.7,328.74
C00170,480.184.514-27,P001,2025-03-15,1,59.9,4.7,59.9
C00444,532.871.012-69,P008,2025-07-13,1,219.9,3.9,219.9
C01111,767.735.925-69,P1022,2026-01-20,3,278.19,5.0,834.57
C01081,216.376.182-71,P1870,2025-08-20,1,322.77,4.2,322.77
C01605,638.409.112-73,P1662,2025-08-15,1,178.27,4.0,178.27
C00533,149.851.724-21,P1738,2025-12-28,1,169.86,3.4,169.86
C01850,289.413.475-48,P1730,2025-02-20,1,74.28,3.8,74.28
C00889,335.895.138-37,P1253,2025-11-01,3,306.29,3.9,918.87
C01646,154.660.241-04,P0119,2026-06-03,1,98.78,4.3,98.78
C00477,269.166.978-57,P005,2025-03-20,1,229.9,4.8,229.9
C00074,489.325.288-70,P007,2025-10-08,1,139.9,4.0,139.9
C00111,489.325.288-70,P004,2025-02-13,1,169.9,3.6,169.9
C00746,558.298.493-30,P1833,2025-02-04,2,54.63,3.6,109.26
C01907,964.338.532-93,P0439,2026-08-24,1,336.98,3.9,336.98
C00098,532.871.012-69,P007,2025-04-12,1,139.9,4.1,139.9
C00738,143.468.239-04,P1327,2026-08-05,1,225.32,3.9,225.32
C00219,475.255.341-44,P010,2025-06-15,1,99.9,4.2,99.9
C01864,597.779.014-70,P0217,2026-06-22,1,253.08,4.5,253.08
C01351,581.467.179-34,P1376,2025-06-21,1,69.64,4.0,69.64
C01526,580.305.690-17,P0942,2025-01-19,2,186.25,3.7,372.5
C01427,223.105.927-49,P0373,2026-06-05,1,149.73,3.7,149.73
C01315,212.021.697-59,P0405,2025-07-21,1,56.0,5.0,56.0
C01548,894.184.336-72,P1512,2025-09-22,2,116.81,4.1,233.62
C00017,480.184.514-27,P005,2025-08-05,2,229.9,4.6,459.8
C01731,847.457.054-92,P1147,2026-06-25,2,351.29,4.7,702.58
C01480,508.917.768-69,P1212,2025-06-02,2,74.94,4.3,149.88
C01479,908.984.369-82,P1395,2026-05-09,2,344.11,4.8,688.22
C00787,046.117.295-08,P1401,2025-09-12,1,63.11,5.0,63.11
C01602,143.643.813-65,P0407,2025-07-11,2,399.89,4.8,799.78
C00764,605.766.270-97,P003,2025-07-17,2,149.9,4.3,299.8
C00098,532.871.012-69,P007,2025-04-12,1,139.9,4.1,139.9
C01816,083.136.783-05,P1477,2025-03-08,1,276.36,3.7,276.36
C00470,278.248.963-15,P012,2025-04-15,1,299.9,3.5,299.9
C00204,161.559.407-89,P001,2025-01-20,1,59.9,4.9,59.9
C01244,176.539.705-75,P1863,2025-02-17,2,214.05,4.2,428.1
C00468,395.376.724-09,P005,2025-01-08,1,229.9,4.8,229.9
C01717,983.863.840-42,P0602,2025-04-01,1,130.57,5.0,130.57
C00888,928.327.648-51,P1322,2026-08-20,1,234.62,4.6,234.62
C00010,026.542.351-14,P001,2025-07-26,2,59.9,4.4,119.8
C01904,900.287.721-80,P1275,2025-01-02,1,292.99,5.0,292.99
C01030,268.171.516-43,P1471,2025-10-16,1,287.99,4.9,287.99
C00526,923.234.210-34,P1449,2025-09-23,1,149.73,4.1,149.73
C01355,370.382.407-73,P0873,2025-04-09,1,329.96,3.8,329.96
C01062,788.614.057-54,P1856,2025-12-22,1,76.57,4.4,76.57
C00060,532.871.012-69,P011,2025-03-31,2,249.9,5.0,499.8
C01520,651.939.828-40,P1055,2025-08-04,2,357.31,4.5,714.62
C00803,365.435.884-54,P0401,2026-05-16,3,316.42,4.8,949.26
C01400,009.751.971-50,P1753,2026-07-09,3,399.83,4.2,1199.49
C01792,510.740.913-02,P1646,2026-04-03,1,98.61,3.9,98.61
C01222,264.647.154-88,P1407,2026-04-01,2,361.79,3.8,723.58
C01344,435.811.288-96,P0605,2025-09-21,2,354.74,4.3,709.48
C00510,385.467.854-14,P0616,2026-07-09,1,111.28,4.4,111.28
C00476,095.701.543-73,P015,2025-10-27,2,89.9,4.0,179.8
C00831,657.744.916-33,P1797,2025-07-22,2,303.09,4.2,606.18
C01706,715.879.647-75,P0303,2025-10-17,2,288.37,4.0,576.74
C01049,621.182.339-81,P0834,2025-03-13,4,158.93,4.1,635.72
C00697,436.585.856-41,P0912,2025-01-03,2,336.38,4.7,672.76
C01560,150.274.564-09,P0236,2025-08-18,3,388.9,4.3,1166.7
C01707,642.361.032-06,P1674,2025-07-26,4,313.71,5.0,1254.84
C01806,397.191.260-51,P0930,2025-09-04,2,182.09,5.0,364.18
C00598,090.463.766-21,P1299,2025-11-03,1,174.39,5.0,174.39
C01420,317.912.868-28,P1854,2025-08-24,3,157.31,4.2,471.93
C01181,555.165.176-21,P1764,2025-09-11,1,185.52,4.4,185.52
C00898,481.754.965-33,P1518,2026-03-16,1,215.34,3.2,215.34
C00794,557.325.737-47,P1579,2026-05-09,3,217.21,4.8,651.63
C00230,480.184.514-27,P007,2025-08-01,2,139.9,4.1,279.8
C00550,782.079.799-17,P0338,2025-12-12,4,87.87,3.8,351.48
C01100,327.303.461-04,P0779,2025-09-28,1,345.75,4.6,345.75
C01774,623.869.222-78,P0655,2025-07-10,2,261.48,3.1,522.96
C01733,386.125.904-42,P1583,2025-09-12,1,149.73,3.6,149.73
C00376,532.871.012-69,P001,2025-10-19,2,59.9,4.1,119.8
C01359,809.521.755-76,P0624,2026-07-26,2,68.76,3.8,137.52
C00170,480.184.514-27,P001,2025-03-15,1,59.9,4.7,59.9
C01351,581.467.179-34,P1376,2025-06-21,1,69.64,4.0,69.64
C00684,971.480.263-69,P1871,2026-08-25,1,170.27,4.2,170.27
C00900,072.239.594-95,P1040,2026-07-20,1,252.84,4.0,252.84
C01436,287.431.527-32,P1590,2025-09-17,4,260.91,4.6,1043.64
C00850,541.643.167-99,P0934,2025-10-05,1,279.48,3.6,279.48
C01615,456.350.200-62,P1269,2025-12-10,1,94.32,4.7,94.32
C01068,870.104.159-27,P1444,2025-11-20,1,359.02,4.0,359.02
C01998,529.113.717-71,P1763,2025-01-11,4,97.51,3.8,390.04
C01277,812.099.576-71,P1698,2026-01-05,2,111.8,4.1,223.6
C00593,120.047.113-02,P0323,2025-12-22,1,188.13,5.0,188.13
C01551,123.274.897-84,P0397,2025-12-11,2,169.24,5.0,338.48
C00816,866.281.372-01,P1399,2026-03-28,2,80.92,4.2,161.84
C01069,423.227.752-82,P1709,2026-02-04,2,323.42,3.8,646.84
C00274,395.376.724-09,P010,2025-09-01,2,99.9,3.6,199.8
C00239,928.327.648-51,P010,2025-04-26,3,99.9,4.9,299.7
C01150,289.023.303-03,P1418,2025-07-10,3,48.75,3.7,146.25
C00374,350.305.641-60,P009,2025-01-05,3,119.9,3.4,359.7
C01996,516.994.970-79,P0225,2026-02-25,2,87.25,4.7,174.5
C01712,184.723.046-63,P1642,2025-08-08,4,196.38,3.9,785.52
C01402,895.326.389-11,P0789,2026-08-05,3,344.69,5.0,1034.07
C01470,833.394.522-88,P0677,2025-10-06,2,150.8,3.8,301.6
C01191,102.918.133-05,P1871,2025-05-25,3,170.27,4.6,510.81
C00121,238.849.696-92,P003,2025-06-04,1,149.9,4.2,149.9
C00785,097.461.917-56,P0658,2025-07-10,3,100.46,4.3,301.38
C00992,232.194.168-53,P0025,2026-04-30,1,193.39,3.8,193.39
C01831,278.532.426-97,P1983,2025-09-02,2,84.25,4.3,168.5
C00439,480.184.514-27,P011,2025-06-07,2,249.9,3.9,499.8
C00994,066.643.749-19,P1441,2025-06-26,2,278.06,4.4,556.12
C00689,073.651.189-03,P1648,2025-11-19,2,244.85,3.6,489.7
C00269,480.184.514-27,P011,2025-06-05,3,249.9,4.2,749.7
C00207,269.166.978-57,P010,2025-03-21,3,99.9,3.7,299.7
C00731,920.514.607-28,P0621,2026-02-21,2,88.49,4.2,176.98
C00165,395.376.724-09,P014,2025-04-07,5,129.9,4.3,649.5
C00135,480.184.514-27,P002,2025-12-18,1,79.9,4.1,79.9
C00702,090.255.618-53,P1658,2026-05-01,1,68.99,4.9,68.99
C00404,480.184.514-27,P011,2025-05-12,2,249.9,4.2,499.8
C01110,106.092.098-09,P1180,2026-06-01,1,195.67,4.5,195.67
C00036,161.559.407-89,P011,2025-05-15,1,249.9,4.6,249.9
C00604,014.294.019-40,P1851,2025-11-14,1,313.26,4.8,313.26
C00907,555.165.176-21,P0405,2025-11-26,2,56.0,4.9,112.0
C01927,401.399.049-05,P1054,2025-12-12,3,319.57,4.0,958.71
C01270,350.305.641-60,P0939,2025-05-31,1,78.24,3.6,78.24
C01762,982.173.929-60,P1151,2025-05-15,1,230.57,5.0,230.57
C00687,555.438.404-89,P0051,2025-04-05,1,295.15,4.1,295.15
C00900,072.239.594-95,P1040,2026-07-20,1,252.84,4.0,252.84
C00841,587.603.669-23,P1132,2025-04-08,1,253.08,4.9,253.08
C01775,257.532.603-65,P1706,2026-05-28,2,65.15,3.1,130.3
C01919,586.833.901-01,P0470,2025-03-05,1,76.07,3.7,76.07
C01925,414.060.293-78,P1516,2025-06-24,1,118.32,3.8,118.32
C01504,068.212.235-13,P0985,2025-09-27,1,234.58,4.7,234.58
C01007,243.588.537-73,P0236,2026-01-21,2,388.9,3.6,777.8
C01082,660.965.699-19,P1703,2026-02-21,1,171.46,4.5,171.46
C01962,235.469.510-18,P1268,2026-08-28,2,266.41,3.4,532.82
C00570,734.151.488-40,P1263,2026-05-04,2,63.98,5.0,127.96
C00694,054.932.966-83,P1057,2025-04-17,1,63.83,5.0,63.83
C01794,350.313.650-99,P0581,2025-03-31,1,102.31,5.0,102.31
C00773,080.815.712-48,P0279,2026-02-25,1,308.17,4.8,308.17
C00471,475.255.341-44,P009,2025-06-14,3,119.9,3.6,359.7
C01121,642.361.032-06,P2000,2025-12-17,1,284.24,4.6,284.24
C00651,670.241.038-76,P1379,2025-04-16,1,343.99,4.5,343.99
C01782,148.468.536-91,P0548,2025-10-30,1,302.21,5.0,302.21
C01819,600.559.550-45,P0802,2025-09-11,1,361.3,4.6,361.3
C00613,462.914.865-55,P1925,2025-10-24,1,106.7,4.3,106.7
C01060,754.661.766-99,P0430,2026-07-25,2,59.84,3.2,119.68
C01968,615.372.215-66,P1808,2026-05-20,1,366.29,4.6,366.29
C01485,194.425.892-29,P0334,2026-04-20,1,142.13,4.1,142.13
C00432,475.255.341-44,P011,2025-11-02,3,249.9,3.8,749.7
C01182,253.666.777-42,P0447,2025-11-22,1,348.03,4.7,348.03
C01240,328.980.271-03,P1328,2025-10-19,1,204.81,4.0,204.81
C01307,096.561.014-48,P0529,2025-12-30,1,98.22,5.0,98.22
C00051,104.332.181-00,P002,2025-05-14,1,79.9,4.5,79.9
C00599,396.136.749-34,P1939,2025-03-14,1,184.45,4.8,184.45
C01710,564.240.082-76,P1139,2025-12-11,3,285.39,4.1,856.17
C00483,083.863.794-99,P014,2025-12-09,1,129.9,4.5,129.9
C00600,481.386.667-06,P0162,2025-03-31,2,291.29,4.4,582.58
C00645,339.439.457-07,P0034,2025-12-24,1,270.33,4.1,270.33
C00355,083.863.794-99,P005,2025-04-11,2,229.9,4.5,459.8
C00311,627.048.281-05,P010,2025-10-02,1,99.9,3.9,99.9
C00695,278.248.963-15,P0640,2025-12-17,4,91.58,3.3,366.32
C01749,025.042.901-28,P1923,2025-10-02,3,319.07,3.8,957.21
C00004,475.255.341-44,P001,2025-02-06,2,59.9,4.3,119.8
C00567,287.923.264-39,P0446,2025-10-07,2,293.19,3.9,586.38
C00122,960.013.389-14,P009,2025-05-30,2,119.9,3.9,239.8
C01123,339.977.180-08,P1455,2025-04-28,1,222.3,3.4,222.3
C00502,065.379.473-83,P1819,2025-11-30,3,320.21,5.0,960.63
C01584,966.672.521-56,P0703,2026-01-23,2,148.8,4.3,297.6
C01171,555.165.176-21,P1693,2025-12-22,2,251.38,4.7,502.76
C01568,981.829.922-14,P1958,2025-01-28,1,120.7,4.0,120.7
C01270,350.305.641-60,P0939,2025-05-31,1,78.24,3.6,78.24
C00877,707.139.848-80,P015,2026-05-23,5,89.9,3.8,449.5
C01722,229.712.529-14,P0074,2026-06-03,2,358.51,4.8,717.02
C00953,759.025.176-30,P1825,2025-03-05,4,317.93,4.4,1271.72
C01900,223.105.927-49,P0646,2026-08-17,1,348.56,3.7,348.56
C01990,299.737.631-90,P1914,2025-09-21,3,288.31,4.8,864.93
C01179,736.026.064-73,P0047,2025-10-15,1,147.8,5.0,147.8
C01350,055.269.658-72,P1357,2026-01-25,2,145.2,5.0,290.4
C00512,254.729.284-00,P0040,2025-11-16,1,51.79,4.5,51.79
C01630,037.842.339-88,P1394,2026-02-13,1,356.38,4.4,356.38
C01344,435.811.288-96,P0605,2025-09-21,2,354.74,4.3,709.48
C01806,397.191.260-51,P0930,2025-09-04,2,182.09,5.0,364.18
C00535,660.965.699-19,P1703,2025-07-22,2,171.46,4.3,342.92
C01576,885.652.715-44,P0213,2026-03-31,3,339.93,3.5,1019.79
C00941,640.537.735-04,P0080,2025-08-02,1,295.77,4.5,295.77
C00371,350.305.641-60,P008,2025-01-12,1,219.9,3.9,219.9
C00343,395.376.724-09,P011,2025-06-27,2,249.9,4.2,499.8
C01125,865.890.260-92,P1146,2025-06-14,2,337.09,3.0,674.18
C00639,413.908.088-40,P1079,2026-04-06,2,158.94,4.1,317.88
C00204,161.559.407-89,P001,2025-01-20,1,59.9,4.9,59.9
C00855,509.025.425-75,P1038,2025-07-05,1,291.56,3.9,291.56
C01306,854.329.876-86,P1230,2025-08-11,1,79.72,4.5,79.72
C00638,988.649.767-01,P0533,2026-01-24,2,91.67,3.2,183.34
C01911,659.266.108-93,P0939,2025-04-05,1,78.24,4.6,78.24
C01560,150.274.564-09,P0236,2025-08-18,3,388.9,4.3,1166.7
C01026,616.556.503-43,P0318,2025-05-18,2,53.39,4.7,106.78
C01870,610.277.697-64,P0482,2025-05-08,1,230.74,3.7,230.74
C00866,971.112.125-50,P1016,2025-07-12,2,269.89,4.7,539.78
C00280,395.376.724-09,P002,2025-10-13,2,79.9,3.9,159.8
C00072,161.559.407-89,P013,2025-08-26,2,49.9,3.8,99.8
C01877,655.779.082-05,P1141,2026-02-07,1,165.87,4.6,165.87
C01920,599.302.020-21,P1881,2025-09-23,3,258.95,4.9,776.85
C01479,908.984.369-82,P1395,2026-05-09,2,344.11,4.8,688.22
C00207,269.166.978-57,P010,2025-03-21,3,99.9,3.7,299.7
C00588,565.179.624-09,P0202,2025-10-11,1,226.74,4.6,226.74
C00083,104.332.181-00,P006,2025-06-02,3,189.9,5.0,569.7
C00103,026.542.351-14,P007,2025-07-05,2,139.9,4.7,279.8
C00493,083.863.794-99,P011,2025-11-29,3,249.9,5.0,749.7
C01145,990.767.699-31,P0620,2026-07-21,1,230.85,3.6,230.85
C00132,083.863.794-99,P003,2025-05-03,1,149.9,4.9,149.9
C01970,130.753.841-00,P1648,2025-10-24,1,244.85,4.4,244.85
C00911,975.711.305-06,P0646,2025-09-01,1,348.56,2.8,348.56
C00528,134.125.286-84,P0470,2026-06-29,1,76.07,4.8,76.07
C01033,999.741.926-09,P1916,2026-05-09,4,350.2,4.6,1400.8
C01581,777.296.656-38,P1674,2026-06-05,2,313.71,3.3,627.42
C00626,845.909.022-14,P1910,2025-02-06,4,143.01,5.0,572.04
C00096,278.248.963-15,P010,2025-02-28,3,99.9,4.6,299.7
C00102,104.332.181-00,P014,2025-08-04,3,129.9,4.6,389.7
C01704,121.377.306-77,P1279,2025-06-08,3,163.2,4.4,489.6
C00224,026.542.351-14,P008,2025-12-31,4,219.9,4.4,879.6
C01272,884.422.583-29,P0322,2025-02-01,2,311.69,4.2,623.38
C00770,867.925.298-00,P1943,2026-01-07,1,337.82,5.0,337.82
C01556,616.556.503-43,P1198,2026-07-15,1,360.27,4.6,360.27
C00122,960.013.389-14,P009,2025-05-30,2,119.9,3.9,239.8
C01796,859.655.942-67,P0816,2026-02-28,1,255.71,3.9,255.71
C01397,920.522.299-22,P1570,2026-08-24,1,73.81,4.0,73.81
C00899,339.055.044-56,P0746,2026-04-07,3,330.35,3.3,991.05
C00415,816.184.959-50,P015,2025-05-29,3,89.9,4.7,269.7
C01955,022.356.972-08,P0594,2025-01-13,2,82.35,4.2,164.7
C00605,353.659.746-70,P1252,2025-03-12,1,175.47,3.4,175.47
C00982,234.289.311-65,P1907,2026-02-14,1,331.5,5.0,331.5
C00789,276.528.928-05,P0891,2025-04-29,1,394.39,4.7,394.39
C00462,480.184.514-27,P015,2025-01-30,2,89.9,4.8,179.8
C00834,441.233.613-15,P1771,2025-05-07,1,92.38,4.3,92.38
C00303,104.332.181-00,P007,2025-01-28,1,139.9,4.1,139.9
C00004,475.255.341-44,P001,2025-02-06,2,59.9,4.3,119.8
C00580,531.943.375-13,P0256,2025-03-04,2,232.48,4.0,464.96
C00225,083.863.794-99,P015,2025-02-11,1,89.9,4.2,89.9
C00830,816.184.959-50,P0473,2025-05-26,2,72.11,4.2,144.22
C01726,760.385.977-86,P0355,2025-07-14,1,376.23,4.1,376.23
C00326,532.871.012-69,P006,2025-04-06,2,189.9,5.0,379.8
C00003,475.255.341-44,P004,2025-02-02,1,169.9,3.8,169.9
C00223,480.184.514-27,P011,2025-01-16,1,249.9,4.1,249.9
C01017,189.455.906-17,P0200,2025-02-28,1,139.19,4.4,139.19
C00550,782.079.799-17,P0338,2025-12-12,4,87.87,3.8,351.48
C00980,306.178.932-41,P0174,2025-09-25,2,160.94,5.0,321.88
C00059,532.871.012-69,P012,2025-06-01,2,299.9,4.7,599.8
C00667,928.327.648-51,P0115,2025-09-13,1,94.28,4.4,94.28
C00821,403.526.356-73,P0895,2026-05-17,2,184.55,5.0,369.1
C00863,234.289.311-65,P1961,2025-10-30,1,135.01,3.6,135.01
C01103,471.960.940-69,P0581,2025-12-27,2,102.31,4.7,204.62
C01562,104.332.181-00,P1981,2025-09-15,1,120.12,4.9,120.12
C00935,959.724.665-11,P1159,2025-05-26,2,324.56,3.5,649.12
C01683,195.535.603-34,P1050,2025-04-28,1,239.24,4.6,239.24
C01060,754.661.766-99,P0430,2026-07-25,2,59.84,3.2,119.68
C00521,709.085.991-61,P0350,2026-02-12,1,343.01,3.8,343.01
C00459,238.849.696-92,P011,2025-12-10,1,249.9,3.9,249.9
C00645,339.439.457-07,P0034,2025-12-24,1,270.33,4.1,270.33
C01195,717.217.337-60,P1064,2025-08-29,1,104.9,3.2,104.9
C00485,310.341.316-56,P009,2025-08-22,1,119.9,3.5,119.9
C01829,310.094.318-03,P0780,2026-01-23,1,326.24,3.3,326.24
C00960,724.380.701-10,P1325,2025-09-21,3,62.89,4.6,188.67
C01727,736.050.791-05,P1405,2025-08-11,2,323.89,4.5,647.78
C01367,045.792.714-32,P0523,2025-08-07,2,337.59,4.9,675.18
C00667,928.327.648-51,P0115,2025-09-13,1,94.28,4.4,94.28
C00457,960.013.389-14,P009,2025-10-30,3,119.9,4.5,359.7
C01488,029.233.451-69,P1590,2025-11-04,3,260.91,4.2,782.73
C00662,718.749.603-64,P1008,2026-08-05,4,198.29,4.5,793.16
C00494,095.701.543-73,P008,2025-01-29,2,219.9,4.5,439.8
C01861,793.036.149-76,P0755,2026-08-06,1,155.32,2.7,155.32
C00966,312.172.715-03,P0889,2026-04-10,1,244.52,4.2,244.52
C00098,532.871.012-69,P007,2025-04-12,1,139.9,4.1,139.9
C00990,960.013.389-14,P1895,2026-05-24,1,185.77,3.8,185.77
C00922,620.959.351-87,P1155,2025-06-01,4,239.17,2.9,956.68
C01728,157.676.472-91,P1927,2025-01-03,1,76.97,3.9,76.97
C01424,143.468.239-04,P0099,2025-05-15,2,203.42,3.5,406.84
C00383,489.325.288-70,P003,2025-06-17,4,149.9,4.4,599.6
C00301,928.327.648-51,P008,2025-09-20,1,219.9,3.3,219.9
C01208,837.455.084-83,P1440,2025-05-02,3,340.72,5.0,1022.16
C00095,026.542.351-14,P010,2025-04-22,2,99.9,4.2,199.8
C00639,413.908.088-40,P1079,2026-04-06,2,158.94,4.1,317.88
C00277,475.255.341-44,P012,2025-08-13,5,299.9,3.9,1499.5
C00042,278.248.963-15,P012,2025-03-21,4,299.9,4.2,1199.6
C01838,706.810.390-19,P1443,2025-12-30,3,268.14,4.6,804.42
C00180,475.255.341-44,P008,2025-10-26,1,219.9,3.8,219.9
C00019,960.013.389-14,P010,2025-10-05,1,99.9,4.1,99.9
C01866,740.148.902-36,P1109,2026-05-24,2,61.71,3.5,123.42
C00377,238.849.696-92,P009,2025-05-28,1,119.9,3.2,119.9
C01634,021.923.785-99,P1434,2026-02-26,4,342.84,4.4,1371.36
C00063,480.184.514-27,P008,2025-12-12,1,219.9,3.3,219.9
C00308,161.559.407-89,P009,2025-11-08,2,119.9,4.2,239.8
C00222,278.248.963-15,P001,2025-12-04,2,59.9,4.8,119.8
C01413,981.265.742-83,P0153,2026-08-14,1,254.39,4.9,254.39
C01241,434.369.709-64,P1428,2025-07-08,1,237.56,5.0,237.56
C00952,019.179.202-02,P0664,2025-06-20,2,161.91,3.3,323.82
C00484,475.255.341-44,P002,2025-12-29,1,79.9,4.2,79.9
C00178,161.559.407-89,P004,2025-09-29,1,169.9,4.5,169.9
C01139,013.290.227-34,P0479,2025-01-23,2,273.19,3.3,546.38
C00462,480.184.514-27,P015,2025-01-30,2,89.9,4.8,179.8
C01181,555.165.176-21,P1764,2025-09-11,1,185.52,4.4,185.52
C01375,441.233.613-15,P0089,2026-06-05,3,396.84,5.0,1190.52
C01699,079.863.210-08,P1889,2025-04-19,3,172.39,4.5,517.17
C00988,181.677.848-60,P1328,2025-03-10,1,204.81,4.3,204.81
C00010,026.542.351-14,P001,2025-07-26,2,59.9,4.4,119.8
C00562,041.574.733-37,P1869,2025-04-27,2,46.26,4.8,92.52
C01707,642.361.032-06,P1674,2025-07-26,4,313.71,5.0,1254.84
C01067,374.160.898-08,P1922,2026-06-20,3,396.8,3.9,1190.4
C01239,872.558.777-37,P0230,2025-03-10,4,377.92,5.0,1511.68
C00916,147.379.965-13,P1815,2025-12-19,2,389.36,4.2,778.72
C00326,532.871.012-69,P006,2025-04-06,2,189.9,5.0,379.8
C01794,350.313.650-99,P0581,2025-03-31,1,102.31,5.0,102.31
C01546,581.467.179-34,P1617,2026-02-25,1,150.97,4.3,150.97
C01991,576.084.958-12,P1132,2025-10-12,2,253.08,3.8,506.16
C01711,087.612.385-03,P1819,2026-03-22,1,320.21,4.6,320.21
C00583,947.284.639-40,P1958,2026-02-14,2,120.7,3.4,241.4
C00509,691.311.964-03,P1876,2025-11-14,2,130.48,5.0,260.96
C00497,475.255.341-44,P004,2025-12-21,3,169.9,4.0,509.7
C01838,706.810.390-19,P1443,2025-12-30,3,268.14,4.6,804.42
C01114,975.019.803-49,P0079,2025-08-12,2,339.13,4.1,678.26
C00909,691.983.210-05,P0267,2025-02-14,2,134.22,5.0,268.44
C01937,701.840.943-80,P1333,2026-08-20,1,292.52,3.1,292.52
C01207,566.246.287-90,P1115,2025-08-08,2,238.42,3.4,476.84
C01819,600.559.550-45,P0802,2025-09-11,1,361.3,4.6,361.3
C01970,130.753.841-00,P1648,2025-10-24,1,244.85,4.4,244.85
C00159,627.048.281-05,P008,2025-05-05,2,219.9,4.5,439.8
C00724,842.694.500-70,P1340,2025-07-26,1,251.6,4.4,251.6
C01469,734.151.773-51,P0017,2025-08-22,1,299.42,4.4,299.42
C01627,904.966.319-26,P0840,2026-04-24,1,91.44,4.0,91.44
C00297,532.871.012-69,P009,2025-09-28,1,119.9,4.2,119.9
C00637,342.583.230-12,P0419,2025-03-23,1,294.18,5.0,294.18
C01097,981.987.809-80,P1101,2026-01-04,4,250.01,5.0,1000.04
C01599,812.236.231-14,P1798,2025-12-24,1,198.48,4.4,198.48
C00226,278.248.963-15,P011,2025-10-27,2,249.9,4.8,499.8
C01202,019.179.202-02,P0473,2025-04-19,2,72.11,4.4,144.22
C00593,120.047.113-02,P0323,2025-12-22,1,188.13,5.0,188.13
C00433,083.863.794-99,P009,2025-08-17,2,119.9,3.4,239.8
C01031,071.261.583-00,P0964,2026-07-07,2,170.43,3.8,340.86
C00829,131.869.993-24,P0660,2026-06-26,1,245.2,4.5,245.2
C01272,884.422.583-29,P0322,2025-02-01,2,311.69,4.2,623.38
C00636,287.431.527-32,P0761,2026-07-16,2,396.68,4.0,793.36
C01647,684.732.365-56,P0502,2026-02-04,2,315.96,4.9,631.92
C00157,026.542.351-14,P008,2025-03-02,2,219.9,4.9,439.8
C01724,147.379.965-13,P0181,2025-03-22,1,186.08,4.6,186.08
C00060,532.871.012-69,P011,2025-03-31,2,249.9,5.0,499.8
C01472,769.475.769-89,P1255,2025-09-06,3,142.74,4.0,428.22
C00693,617.357.438-10,P0161,2025-03-13,1,288.54,4.7,288.54
C00767,199.717.911-37,P1747,2025-07-21,1,62.69,2.7,62.69
C00039,039.117.182-84,P009,2025-03-17,1,119.9,4.4,119.9
C01405,165.585.239-65,P1179,2026-08-31,2,50.93,4.3,101.86
C00331,480.184.514-27,P001,2025-06-30,2,59.9,3.9,119.8
C01319,341.465.111-43,P0552,2025-04-14,1,357.79,3.6,357.79
C01451,480.861.317-42,P0400,2025-10-20,1,126.04,4.4,126.04
C01691,328.980.271-03,P0615,2026-04-08,2,54.82,3.7,109.64
C01417,296.711.148-14,P1070,2025-06-08,1,62.77,4.1,62.77
C00604,014.294.019-40,P1851,2025-11-14,1,313.26,4.8,313.26
C01478,164.970.169-10,P1897,2025-07-21,2,227.16,3.8,454.32
C01652,148.951.343-42,P0442,2026-04-18,1,133.31,3.9,133.31
C00635,241.270.493-75,P1557,2026-08-07,2,329.89,3.9,659.78
C00249,928.327.648-51,P004,2025-09-20,1,169.9,3.8,169.9
C01781,657.569.245-15,P0310,2026-06-26,2,341.69,4.6,683.38
C00296,039.117.182-84,P008,2025-08-25,3,219.9,4.9,659.7
C01188,567.983.631-99,P1421,2025-09-07,2,245.06,4.0,490.12
C00473,627.048.281-05,P008,2025-02-20,3,219.9,4.2,659.7
C00253,350.305.641-60,P006,2025-03-03,1,189.9,4.8,189.9
C01553,642.152.265-38,P0976,2025-08-03,1,336.3,4.8,336.3
C00288,627.048.281-05,P004,2025-04-26,5,169.9,4.4,849.5
C01341,563.268.685-05,P0474,2025-11-14,1,115.45,4.0,115.45
C01387,583.938.661-89,P0942,2026-08-20,2,186.25,3.9,372.5
C00121,238.849.696-92,P003,2025-06-04,1,149.9,4.2,149.9
C00346,161.559.407-89,P004,2025-09-10,1,169.9,4.3,169.9
C01589,082.611.231-54,P1813,2025-12-26,2,255.79,4.5,511.58
C01015,100.996.881-58,P0895,2026-01-18,1,184.55,4.7,184.55
C00243,816.184.959-50,P014,2025-03-15,2,129.9,4.1,259.8
C01984,005.329.318-58,P1475,2025-01-04,1,336.67,4.4,336.67
C00530,800.025.787-43,P015,2026-05-24,1,89.9,4.0,89.9
C00009,269.166.978-57,P006,2025-08-05,1,189.9,4.9,189.9
C01849,228.225.120-27,P1204,2025-10-13,1,85.85,2.9,85.85
C00034,928.327.648-51,P009,2025-09-08,1,119.9,4.6,119.9
C01107,945.101.622-86,P0864,2026-02-27,1,388.61,3.7,388.61
C01987,775.095.465-16,P1249,2026-02-14,3,257.41,5.0,772.23
C01156,586.812.259-36,P1139,2026-02-27,2,285.39,4.3,570.78
C01170,931.572.791-65,P0157,2025-03-01,3,118.0,3.9,354.0
C00777,114.921.643-30,P1245,2025-07-13,1,250.99,4.0,250.99
C00254,532.871.012-69,P009,2025-12-27,1,119.9,3.7,119.9
C01146,774.186.520-03,P1844,2025-11-06,1,211.87,4.1,211.87
C01795,842.530.428-80,P0368,2025-12-26,1,128.06,5.0,128.06
C00183,816.184.959-50,P002,2025-08-15,4,79.9,4.6,319.6
C01761,247.073.920-91,P1691,2026-01-30,1,135.29,4.9,135.29
C00831,657.744.916-33,P1797,2025-07-22,2,303.09,4.2,606.18
C01073,127.990.881-55,P1372,2025-06-21,3,85.69,4.5,257.07
C00331,480.184.514-27,P001,2025-06-30,2,59.9,3.9,119.8
C01244,176.539.705-75,P1863,2025-02-17,2,214.05,4.2,428.1
C00365,395.376.724-09,P012,2025-06-26,5,299.9,4.8,1499.5
C00547,217.223.320-00,P0984,2025-09-22,3,191.36,3.9,574.08
C01444,126.691.215-00,P0538,2026-07-14,1,252.78,4.0,252.78
C00102,104.332.181-00,P014,2025-08-04,3,129.9,4.6,389.7
C00895,278.532.426-97,P0224,2025-09-23,1,359.78,3.6,359.78
C01190,477.695.874-09,P1722,2025-11-29,2,202.28,4.9,404.56
C00265,310.341.316-56,P003,2025-11-05,1,149.9,4.6,149.9
C00590,387.584.282-08,P0104,2025-07-03,5,57.92,3.7,289.6
C00688,787.112.166-97,P1789,2026-08-18,2,343.5,4.1,687.0
C01328,396.661.347-64,P1070,2025-05-16,1,62.77,4.5,62.77
C01954,706.056.641-45,P0736,2025-08-30,3,336.15,4.1,1008.45
C01673,374.549.904-28,P1700,2025-03-28,1,271.51,4.7,271.51
C00380,238.849.696-92,P013,2025-03-15,1,49.9,3.5,49.9
C00037,480.184.514-27,P009,2025-12-28,1,119.9,4.2,119.9
C00104,269.166.978-57,P003,2025-09-25,4,149.9,4.0,599.6
C01192,303.723.683-36,P1405,2025-11-20,2,323.89,4.2,647.78
C00313,238.849.696-92,P004,2025-10-20,1,169.9,4.0,169.9
C00463,269.166.978-57,P009,2025-09-29,1,119.9,4.0,119.9
C01695,822.104.016-90,P1664,2026-04-27,1,259.75,4.2,259.75
C01748,228.015.619-91,P1284,2026-07-23,3,153.63,3.5,460.89
C01679,677.462.591-62,P0690,2025-02-12,1,327.48,3.0,327.48
C00508,537.599.004-02,P1163,2026-05-01,3,82.82,4.5,248.46
C01240,328.980.271-03,P1328,2025-10-19,1,204.81,4.0,204.81
C01222,264.647.154-88,P1407,2026-04-01,2,361.79,3.8,723.58
C00371,350.305.641-60,P008,2025-01-12,1,219.9,3.9,219.9
C01108,879.643.474-03,P0050,2025-05-12,2,129.18,4.9,258.36
C01051,650.254.472-08,P1778,2026-04-22,1,50.22,5.0,50.22
C00793,512.080.056-42,P1217,2025-02-27,2,256.89,5.0,513.78
C01504,068.212.235-13,P0985,2025-09-27,1,234.58,4.7,234.58
C01356,047.541.212-52,P1189,2026-03-18,1,234.84,4.0,234.84
C01066,258.660.598-51,P1288,2025-03-19,2,143.57,3.6,287.14
C01452,544.948.126-84,P1015,2025-10-28,2,256.53,3.9,513.06
C01527,706.056.641-45,P0453,2025-12-28,1,152.65,3.7,152.65
C01134,816.064.842-14,P0949,2025-11-04,1,317.16,4.3,317.16
C00536,547.382.023-91,P1545,2025-04-16,2,263.9,3.6,527.8
C01517,063.519.036-29,P1049,2025-05-14,1,363.77,3.9,363.77
C01436,287.431.527-32,P1590,2025-09-17,4,260.91,4.6,1043.64
C01967,780.774.064-75,P0042,2025-02-06,3,243.32,2.5,729.96
C00300,026.542.351-14,P005,2025-02-12,3,229.9,5.0,689.7
C00839,772.519.966-77,P0893,2026-04-21,1,201.68,4.5,201.68
C01849,228.225.120-27,P1204,2025-10-13,1,85.85,2.9,85.85
C01030,268.171.516-43,P1471,2025-10-16,1,287.99,4.9,287.99
C01886,267.146.283-23,P1321,2025-09-08,2,297.44,4.0,594.88
C00025,395.376.724-09,P004,2025-05-16,1,169.9,3.9,169.9
C00071,489.325.288-70,P008,2025-01-26,2,219.9,4.5,439.8
C01593,155.963.632-78,P0715,2025-09-02,3,59.48,3.3,178.44
C00717,617.357.438-10,P0126,2026-06-18,1,349.57,4.2,349.57
C01041,490.531.520-40,P0529,2025-10-29,1,98.22,5.0,98.22
C00857,415.667.652-85,P0453,2025-10-10,5,152.65,3.6,763.25
C00816,866.281.372-01,P1399,2026-03-28,2,80.92,4.2,161.84
C01879,506.159.399-53,P0476,2025-12-06,1,336.05,3.4,336.05
C00189,350.305.641-60,P013,2025-04-28,2,49.9,3.5,99.8
C01545,970.581.629-80,P1146,2025-08-19,2,337.09,3.7,674.18
C01780,457.353.236-60,P1261,2026-01-08,1,281.13,4.9,281.13
C01315,212.021.697-59,P0405,2025-07-21,1,56.0,5.0,56.0
C00791,249.839.225-47,P0050,2025-01-26,2,129.18,5.0,258.36
C00321,083.863.794-99,P012,2025-08-23,1,299.9,4.7,299.9
C01366,132.719.500-32,P1669,2025-11-04,2,209.69,2.8,419.38
C00938,495.528.938-01,P1944,2025-02-08,2,186.87,3.0,373.74
C00299,627.048.281-05,P014,2025-07-10,2,129.9,5.0,259.8
C00720,376.769.459-09,P0517,2026-02-20,1,75.35,5.0,75.35
C01924,580.741.209-53,P0222,2025-03-29,1,275.21,4.3,275.21
C00531,623.504.056-30,P1248,2025-05-16,4,78.15,3.7,312.6
C00357,816.184.959-50,P010,2025-10-25,1,99.9,3.8,99.9
C01364,238.397.283-55,P0600,2026-07-27,4,123.46,3.2,493.84
C00400,627.048.281-05,P006,2025-10-14,4,189.9,4.3,759.6
C01840,816.064.842-14,P1170,2026-05-25,4,82.73,4.1,330.92
C01718,630.453.069-26,P0759,2025-06-12,1,362.18,4.4,362.18
C01968,615.372.215-66,P1808,2026-05-20,1,366.29,4.6,366.29
C01826,175.096.170-90,P0699,2025-08-18,2,72.46,4.3,144.92
C00488,928.327.648-51,P009,2025-05-27,1,119.9,4.0,119.9
C00425,350.305.641-60,P010,2025-10-21,1,99.9,3.8,99.9
C00686,981.265.742-83,P1238,2025-03-29,1,47.19,4.4,47.19
C00940,814.356.140-20,P0049,2025-06-26,2,181.55,4.8,363.1
C01760,993.607.984-10,P1384,2026-01-16,1,394.48,3.3,394.48
C01467,497.567.922-13,P1230,2026-04-09,3,79.72,3.3,239.16
C01289,347.491.624-69,P1746,2025-10-03,3,392.01,5.0,1176.03
C01757,140.049.388-99,P1448,2025-12-01,5,397.79,4.0,1988.95
C01292,082.723.590-90,P0329,2026-05-04,1,330.08,4.9,330.08
C00759,691.311.964-03,P0099,2025-04-24,1,203.42,5.0,203.42
C00827,623.471.247-90,P0880,2025-02-18,1,99.42,3.1,99.42
C01035,016.451.046-05,P0166,2026-04-15,1,155.74,3.7,155.74
C00178,161.559.407-89,P004,2025-09-29,1,169.9,4.5,169.9
C01484,655.125.674-03,P1967,2025-11-15,3,320.5,3.7,961.5
C01306,854.329.876-86,P1230,2025-08-11,1,79.72,4.5,79.72
C01463,884.422.583-29,P0423,2025-06-01,2,208.22,5.0,416.44
C01068,870.104.159-27,P1444,2025-11-20,1,359.02,4.0,359.02
C01566,657.744.916-33,P1592,2025-01-19,3,282.02,3.6,846.06
C01900,223.105.927-49,P0646,2026-08-17,1,348.56,3.7,348.56
C01140,109.678.994-94,P1180,2026-07-19,1,195.67,4.0,195.67
C00889,335.895.138-37,P1253,2025-11-01,3,306.29,3.9,918.87
C00210,238.849.696-92,P009,2025-11-27,1,119.9,4.4,119.9
C01558,604.615.402-23,P0886,2025-01-14,2,229.0,4.5,458.0
C01808,275.539.423-40,P1646,2026-01-15,2,98.61,4.4,197.22
C01399,313.797.166-75,P1794,2025-07-08,1,348.36,4.1,348.36
C01732,344.857.142-33,P0609,2026-02-27,4,279.73,4.5,1118.92
C01723,748.969.083-84,P1119,2025-01-26,2,308.08,3.5,616.16
C01597,370.096.873-66,P1146,2026-06-21,1,337.09,3.6,337.09
C01006,134.213.882-10,P1519,2026-07-01,2,350.72,4.2,701.44
C00200,928.327.648-51,P010,2025-07-15,3,99.9,4.4,299.7
C00007,095.701.543-73,P003,2025-10-20,2,149.9,4.6,299.8
C00409,161.559.407-89,P001,2025-10-09,5,59.9,4.9,299.5
C00863,234.289.311-65,P1961,2025-10-30,1,135.01,3.6,135.01
C01488,029.233.451-69,P1590,2025-11-04,3,260.91,4.2,782.73
C00912,182.226.189-97,P0643,2026-04-07,2,118.52,4.6,237.04
C00047,475.255.341-44,P004,2025-08-24,1,169.9,4.5,169.9
C00421,816.184.959-50,P010,2025-11-24,3,99.9,4.5,299.7
C01959,132.719.500-32,P0642,2025-09-17,4,339.04,5.0,1356.16
C01977,794.620.726-39,P1592,2026-03-13,1,282.02,2.5,282.02
C00755,601.444.856-05,P0514,2025-04-12,1,128.74,3.4,128.74
C01610,973.597.107-07,P0835,2026-08-19,2,125.83,4.2,251.66
C01439,802.620.672-00,P1858,2026-07-20,1,185.67,3.9,185.67
C01863,480.861.317-42,P0721,2026-01-01,1,225.78,3.2,225.78
C01776,071.058.011-82,P1778,2025-07-29,1,50.22,3.8,50.22
C01258,889.937.567-40,P1148,2026-06-22,3,66.51,4.2,199.53
C00790,114.262.582-67,P0153,2025-09-21,3,254.39,5.0,763.17
C01254,734.206.969-81,P1461,2026-07-23,3,148.18,4.6,444.54
C00639,413.908.088-40,P1079,2026-04-06,2,158.94,4.1,317.88
C00697,436.585.856-41,P0912,2025-01-03,2,336.38,4.7,672.76
C01218,033.793.375-87,P1382,2025-01-08,3,78.71,4.2,236.13
C01143,211.882.419-07,P0579,2025-09-16,3,365.38,3.6,1096.14
C01162,155.206.506-59,P1558,2025-11-04,3,102.58,3.6,307.74
C00770,867.925.298-00,P1943,2026-01-07,1,337.82,5.0,337.82
C00819,269.166.978-57,P0274,2026-04-05,1,147.01,4.6,147.01
C00021,489.325.288-70,P002,2025-04-06,1,79.9,5.0,79.9
C01204,646.225.223-57,P1178,2026-06-10,2,257.52,3.4,515.04
C01152,663.439.252-87,P0238,2025-03-30,1,306.67,4.0,306.67
C01871,232.466.513-10,P0364,2025-02-06,1,275.73,3.7,275.73
C01009,020.586.950-54,P1656,2025-02-17,1,292.0,4.2,292.0
C00936,250.583.334-65,P1942,2025-07-08,1,351.24,4.6,351.24
C00136,039.117.182-84,P011,2025-04-12,1,249.9,5.0,249.9
C00394,960.013.389-14,P012,2025-03-12,2,299.9,4.1,599.8
C00677,354.083.866-00,P1638,2025-12-01,1,187.54,4.0,187.54
C00755,601.444.856-05,P0514,2025-04-12,1,128.74,3.4,128.74
C00726,311.907.903-00,P0212,2026-03-10,4,213.59,4.2,854.36
C00789,276.528.928-05,P0891,2025-04-29,1,394.39,4.7,394.39
C01538,998.989.721-22,P0067,2025-07-06,1,320.26,4.2,320.26
C00263,026.542.351-14,P009,2025-09-19,1,119.9,4.1,119.9
C00665,844.198.665-78,P0736,2026-01-22,2,336.15,5.0,672.3
C00326,532.871.012-69,P006,2025-04-06,2,189.9,5.0,379.8
C00616,623.471.247-90,P0944,2026-03-09,1,47.06,4.4,47.06
C01370,787.112.166-97,P0268,2026-03-24,4,251.42,4.6,1005.68
C00094,161.559.407-89,P004,2025-03-06,2,169.9,4.2,339.8
C00679,396.271.286-00,P0621,2025-05-29,1,88.49,4.4,88.49
C00048,475.255.341-44,P001,2025-12-04,1,59.9,3.7,59.9
C01910,358.414.384-50,P0207,2025-11-03,1,90.13,3.5,90.13
C01455,327.303.461-04,P0266,2026-02-02,3,332.81,5.0,998.43
C00488,928.327.648-51,P009,2025-05-27,1,119.9,4.0,119.9
C00397,238.849.696-92,P011,2025-12-15,2,249.9,4.4,499.8
C00198,532.871.012-69,P014,2025-10-13,1,129.9,5.0,129.9
C00946,090.797.727-80,P1517,2025-05-31,1,89.19,5.0,89.19
C01508,615.717.320-39,P1908,2025-07-29,1,202.44,3.8,202.44
C01169,642.361.032-06,P1214,2026-05-20,1,247.16,5.0,247.16
C01763,170.630.489-70,P1878,2026-05-06,2,390.61,4.2,781.22
C00688,787.112.166-97,P1789,2026-08-18,2,343.5,4.1,687.0
C00557,655.866.525-52,P0859,2025-08-22,1,198.74,4.3,198.74
C00957,337.389.877-38,P1442,2026-08-17,1,398.27,4.8,398.27
C00405,310.341.316-56,P004,2025-10-03,1,169.9,3.8,169.9
C01952,855.245.787-31,P1147,2026-06-14,1,351.29,4.4,351.29
C00372,475.255.341-44,P004,2025-10-26,1,169.9,4.4,169.9
C00958,807.836.134-31,P0664,2026-08-05,2,161.91,3.7,323.82
C01045,676.720.957-06,P0373,2025-03-07,1,149.73,2.7,149.73
C00115,095.701.543-73,P009,2025-06-26,1,119.9,4.0,119.9
C00937,945.198.327-99,P0307,2026-01-19,2,274.14,4.0,548.28
C00910,184.723.046-63,P1492,2026-02-07,1,181.11,5.0,181.11
C00519,346.060.560-02,P1332,2025-04-11,1,359.79,4.9,359.79
C00256,960.013.389-14,P007,2025-01-10,2,139.9,4.8,279.8
C00091,269.166.978-57,P005,2025-02-11,2,229.9,4.7,459.8
C00018,627.048.281-05,P003,2025-04-08,1,149.9,3.8,149.9
C00963,759.025.176-30,P1014,2025-09-25,3,111.34,3.6,334.02
C00180,475.255.341-44,P008,2025-10-26,1,219.9,3.8,219.9
C01919,586.833.901-01,P0470,2025-03-05,1,76.07,3.7,76.07
C00490,310.341.316-56,P010,2025-09-27,1,99.9,4.3,99.9
C01306,854.329.876-86,P1230,2025-08-11,1,79.72,4.5,79.72
C01347,537.599.004-02,P0850,2026-01-12,1,254.19,4.7,254.19
C00992,232.194.168-53,P0025,2026-04-30,1,193.39,3.8,193.39
C01768,787.429.671-04,P0364,2026-06-07,1,275.73,4.8,275.73
C00222,278.248.963-15,P001,2025-12-04,2,59.9,4.8,119.8
C00469,310.341.316-56,P012,2025-03-02,2,299.9,4.5,599.8
C00505,144.158.331-95,P1159,2025-06-13,2,324.56,3.9,649.12
C00271,960.013.389-14,P006,2025-05-27,1,189.9,5.0,189.9
C00590,387.584.282-08,P0104,2025-07-03,5,57.92,3.7,289.6
C00626,845.909.022-14,P1910,2025-02-06,4,143.01,5.0,572.04
C01530,539.787.137-05,P0247,2025-05-11,4,203.38,4.6,813.52
C00604,014.294.019-40,P1851,2025-11-14,1,313.26,4.8,313.26
C01754,758.097.453-34,P0381,2026-07-26,1,101.36,4.6,101.36
C01546,581.467.179-34,P1617,2026-02-25,1,150.97,4.3,150.97
C01804,989.319.508-02,P006,2025-07-02,1,189.9,5.0,189.9
C00211,532.871.012-69,P005,2025-04-08,4,229.9,5.0,919.6
C01970,130.753.841-00,P1648,2025-10-24,1,244.85,4.4,244.85
C01228,754.661.766-99,P0068,2025-09-23,1,348.95,4.9,348.95
C01965,216.591.438-88,P0997,2025-02-10,1,333.47,4.9,333.47
C00710,800.106.181-71,P1974,2025-06-21,1,248.69,4.0,248.69
C01906,244.617.679-81,P1035,2025-04-27,3,224.8,3.8,674.4
C01178,837.455.084-83,P1254,2026-04-18,3,301.65,3.8,904.95
C00144,960.013.389-14,P013,2025-03-31,2,49.9,3.6,99.8
C00821,403.526.356-73,P0895,2026-05-17,2,184.55,5.0,369.1
C00276,083.863.794-99,P009,2025-11-27,1,119.9,2.9,119.9
C01883,553.470.574-40,P1751,2025-10-25,2,108.23,3.6,216.46
C00609,331.537.795-20,P0569,2026-03-17,1,362.03,4.7,362.03
C00445,095.701.543-73,P003,2025-12-01,3,149.9,5.0,449.7
C01106,459.701.082-35,P1926,2025-06-13,2,54.95,2.6,109.9
C00851,335.290.422-77,P1516,2025-11-10,4,118.32,3.9,473.28
C00194,095.701.543-73,P015,2025-07-07,2,89.9,4.3,179.8
C01633,235.426.874-21,P1067,2025-04-15,1,287.09,5.0,287.09
C01692,422.711.332-62,P1286,2025-07-04,4,208.83,3.7,835.32
C01486,145.593.766-54,P1064,2025-12-07,2,104.9,4.8,209.8
C01234,532.593.993-99,P1795,2025-12-30,1,100.56,4.4,100.56
C00806,525.459.910-31,P0151,2026-04-12,1,212.86,5.0,212.86
C01085,973.502.080-73,P0984,2026-03-12,1,191.36,3.3,191.36
C01042,921.277.997-20,P1980,2025-05-20,1,312.37,5.0,312.37
C00331,480.184.514-27,P001,2025-06-30,2,59.9,3.9,119.8
C00164,395.376.724-09,P009,2025-10-06,1,119.9,4.2,119.9
C00507,546.212.760-00,P0516,2025-11-14,1,330.48,5.0,330.48
C00909,691.983.210-05,P0267,2025-02-14,2,134.22,5.0,268.44
C00321,083.863.794-99,P012,2025-08-23,1,299.9,4.7,299.9
C00214,039.117.182-84,P004,2025-02-05,3,169.9,4.3,509.7
C01704,121.377.306-77,P1279,2025-06-08,3,163.2,4.4,489.6
C00750,275.480.157-04,P0280,2025-07-12,1,147.63,3.4,147.63
C01169,642.361.032-06,P1214,2026-05-20,1,247.16,5.0,247.16
C01049,621.182.339-81,P0834,2025-03-13,4,158.93,4.1,635.72
C01471,235.469.510-18,P0761,2025-12-04,1,396.68,4.4,396.68
C01480,508.917.768-69,P1212,2025-06-02,2,74.94,4.3,149.88
C00593,120.047.113-02,P0323,2025-12-22,1,188.13,5.0,188.13
C01696,131.869.993-24,P1261,2025-12-05,1,281.13,5.0,281.13
C00743,878.844.344-23,P1774,2026-02-02,2,165.77,4.8,331.54
C01671,822.104.016-90,P1202,2025-06-03,2,270.14,4.6,540.28
C00810,560.945.653-39,P0598,2025-01-15,3,394.85,4.4,1184.55
C00222,278.248.963-15,P001,2025-12-04,2,59.9,4.8,119.8
C01521,801.006.231-66,P0440,2025-07-10,1,71.62,5.0,71.62
C00061,350.305.641-60,P007,2025-10-08,3,139.9,4.3,419.7
C01545,970.581.629-80,P1146,2025-08-19,2,337.09,3.7,674.18
C00087,161.559.407-89,P010,2025-10-01,1,99.9,3.7,99.9
C00414,960.013.389-14,P014,2025-07-23,3,129.9,3.4,389.7
C01207,566.246.287-90,P1115,2025-08-08,2,238.42,3.4,476.84
C01884,421.476.492-79,P1528,2025-05-11,1,234.91,4.6,234.91
C00817,866.281.372-01,P0471,2025-12-28,1,112.85,3.6,112.85
C00242,350.305.641-60,P015,2025-06-23,1,89.9,4.4,89.9
C00466,960.013.389-14,P014,2025-02-07,1,129.9,4.7,129.9
C01793,777.296.656-38,P0490,2025-02-14,3,105.44,4.3,316.32
C01454,867.024.403-91,P0656,2026-02-01,3,290.94,5.0,872.82
C00201,238.849.696-92,P002,2025-12-12,1,79.9,5.0,79.9
C00770,867.925.298-00,P1943,2026-01-07,1,337.82,5.0,337.82
C00530,800.025.787-43,P015,2026-05-24,1,89.9,4.0,89.9
C00356,350.305.641-60,P010,2025-10-01,1,99.9,4.1,99.9
C01693,109.881.385-57,P0758,2025-05-01,3,148.3,4.9,444.9
C01236,538.003.296-62,P0877,2026-05-03,1,54.27,4.8,54.27
C00359,104.332.181-00,P002,2025-01-24,4,79.9,4.2,319.6
C01302,290.148.706-80,P0557,2025-12-17,1,398.78,2.5,398.78
C00828,536.822.239-40,P0027,2025-09-04,1,205.64,4.5,205.64
C00123,161.559.407-89,P011,2025-09-09,1,249.9,5.0,249.9
C00900,072.239.594-95,P1040,2026-07-20,1,252.84,4.0,252.84
C00371,350.305.641-60,P008,2025-01-12,1,219.9,3.9,219.9
C00491,238.849.696-92,P005,2025-07-23,1,229.9,5.0,229.9
C01758,787.112.166-97,P1016,2025-12-02,1,269.89,5.0,269.89
C01421,076.617.711-44,P1878,2026-08-30,5,390.61,3.7,1953.05
C00269,480.184.514-27,P011,2025-06-05,3,249.9,4.2,749.7
C01703,993.160.875-70,P1591,2025-09-27,1,288.03,4.3,288.03
C01149,055.143.776-60,P1231,2026-03-19,2,232.35,4.6,464.7
C01750,229.131.670-20,P1569,2026-06-16,2,175.66,3.4,351.32
C01495,111.457.683-26,P1135,2026-06-08,2,79.1,5.0,158.2
C00679,396.271.286-00,P0621,2025-05-29,1,88.49,4.4,88.49
C01070,838.688.891-16,P1207,2026-07-04,2,143.55,3.3,287.1
C01062,788.614.057-54,P1856,2025-12-22,1,76.57,4.4,76.57
C01440,455.877.169-02,P1722,2026-08-03,1,202.28,3.9,202.28
C00497,475.255.341-44,P004,2025-12-21,3,169.9,4.0,509.7
C00667,928.327.648-51,P0115,2025-09-13,1,94.28,4.4,94.28
C00490,310.341.316-56,P010,2025-09-27,1,99.9,4.3,99.9
C00593,120.047.113-02,P0323,2025-12-22,1,188.13,5.0,188.13
C00323,095.701.543-73,P008,2025-05-10,1,219.9,4.1,219.9
C00074,489.325.288-70,P007,2025-10-08,1,139.9,4.0,139.9
C01881,698.152.873-89,P1589,2025-09-17,4,328.74,5.0,1314.96
C00149,095.701.543-73,P001,2025-08-21,1,59.9,4.5,59.9
C01776,071.058.011-82,P1778,2025-07-29,1,50.22,3.8,50.22
C00007,095.701.543-73,P003,2025-10-20,2,149.9,4.6,299.8
C01555,030.366.254-96,P0183,2025-03-16,1,100.04,4.9,100.04
C00657,296.386.396-95,P1066,2025-11-14,1,372.95,4.1,372.95
C01036,472.197.054-41,P0376,2025-05-28,1,68.31,3.8,68.31
C00565,289.413.475-48,P0863,2025-01-14,4,199.14,5.0,796.56
C00982,234.289.311-65,P1907,2026-02-14,1,331.5,5.0,331.5
C00904,707.139.848-80,P1652,2025-07-17,3,88.99,3.3,266.97
C01060,754.661.766-99,P0430,2026-07-25,2,59.84,3.2,119.68
C00787,046.117.295-08,P1401,2025-09-12,1,63.11,5.0,63.11
C01074,796.958.678-39,P1669,2025-06-21,2,209.69,4.3,419.38
C01651,492.929.831-80,P1846,2026-08-25,5,69.49,4.0,347.45
C00870,594.082.154-51,P0180,2026-01-01,1,302.1,3.7,302.1
C00723,880.053.789-80,P0996,2025-08-16,4,271.59,4.9,1086.36
C00264,161.559.407-89,P004,2025-02-22,1,169.9,3.7,169.9
C00720,376.769.459-09,P0517,2026-02-20,1,75.35,5.0,75.35
C00252,310.341.316-56,P013,2025-03-12,3,49.9,4.0,149.7
C00366,095.701.543-73,P002,2025-06-13,1,79.9,4.5,79.9
C01905,957.443.034-05,P0219,2025-03-14,2,133.88,4.0,267.76
C00179,816.184.959-50,P003,2025-03-31,1,149.9,5.0,149.9
C00965,694.320.293-60,P0652,2025-02-24,1,324.31,3.4,324.31
C01669,287.153.991-09,P1452,2026-06-13,1,272.44,4.1,272.44
C01907,964.338.532-93,P0439,2026-08-24,1,336.98,3.9,336.98
C00294,350.305.641-60,P013,2025-08-18,1,49.9,4.4,49.9
C00328,269.166.978-57,P010,2025-04-03,2,99.9,4.4,199.8
C00746,558.298.493-30,P1833,2025-02-04,2,54.63,3.6,109.26
C01109,280.944.858-25,P1934,2025-09-08,1,202.13,5.0,202.13
C01920,599.302.020-21,P1881,2025-09-23,3,258.95,4.9,776.85
C00416,026.542.351-14,P015,2025-06-21,1,89.9,4.1,89.9
C00329,395.376.724-09,P002,2025-02-10,1,79.9,4.1,79.9
C00507,546.212.760-00,P0516,2025-11-14,1,330.48,5.0,330.48
C01749,025.042.901-28,P1923,2025-10-02,3,319.07,3.8,957.21
C00061,350.305.641-60,P007,2025-10-08,3,139.9,4.3,419.7
C00761,199.867.980-27,P0851,2026-04-16,3,314.25,4.8,942.75
C00238,026.542.351-14,P006,2025-10-12,1,189.9,4.5,189.9
C00315,489.325.288-70,P009,2025-01-11,1,119.9,3.4,119.9
C01834,102.451.091-37,P1243,2026-05-15,2,115.47,4.5,230.94
C00004,475.255.341-44,P001,2025-02-06,2,59.9,4.3,119.8
C00644,780.913.431-08,P1032,2025-05-31,3,168.33,4.0,504.99
C01831,278.532.426-97,P1983,2025-09-02,2,84.25,4.3,168.5
C01217,387.592.712-56,P0576,2025-12-29,3,190.63,3.3,571.89
C00144,960.013.389-14,P013,2025-03-31,2,49.9,3.6,99.8
C00931,082.611.231-54,P1241,2025-08-10,2,71.22,4.1,142.44
C01942,371.162.411-16,P0845,2025-02-01,1,376.3,5.0,376.3
C00801,401.484.399-85,P0706,2026-08-05,2,261.99,4.5,523.98
C01058,663.723.950-02,P0583,2025-03-06,1,54.57,5.0,54.57
C01064,602.437.573-52,P0822,2025-10-31,1,397.81,3.8,397.81
C01321,880.053.789-80,P0978,2026-01-30,1,300.88,3.9,300.88
C00375,269.166.978-57,P003,2025-05-16,2,149.9,4.6,299.8
C01680,171.236.851-64,P0500,2025-12-03,4,361.97,4.8,1447.88
C01978,014.294.019-40,P1057,2025-10-08,1,63.83,5.0,63.83
C00286,489.325.288-70,P002,2025-11-27,2,79.9,3.6,159.8
C01637,480.861.317-42,P1554,2026-02-19,2,118.17,3.7,236.34
C01634,021.923.785-99,P1434,2026-02-26,4,342.84,4.4,1371.36
C01484,655.125.674-03,P1967,2025-11-15,3,320.5,3.7,961.5
C00742,567.983.631-99,P1733,2025-06-07,1,333.2,4.6,333.2
C00938,495.528.938-01,P1944,2025-02-08,2,186.87,3.0,373.74
C01679,677.462.591-62,P0690,2025-02-12,1,327.48,3.0,327.48
C00306,627.048.281-05,P012,2025-03-13,3,299.9,4.6,899.7
C01658,350.313.650-99,P1865,2025-01-04,1,137.23,4.7,137.23
C01842,472.727.423-05,P014,2026-07-05,1,129.9,4.3,129.9
C01364,238.397.283-55,P0600,2026-07-27,4,123.46,3.2,493.84
C00683,503.250.173-52,P0464,2025-04-23,1,48.25,4.1,48.25
C01119,970.996.254-03,P0948,2025-10-30,3,319.57,3.7,958.71
C00101,238.849.696-92,P009,2025-08-08,2,119.9,4.6,239.8
C01864,597.779.014-70,P0217,2026-06-22,1,253.08,4.5,253.08
C00685,856.218.501-90,P1664,2025-05-05,4,259.75,4.5,1039.0
C00115,095.701.543-73,P009,2025-06-26,1,119.9,4.0,119.9
C01589,082.611.231-54,P1813,2025-12-26,2,255.79,4.5,511.58
C01316,047.541.212-52,P1399,2025-08-04,2,80.92,3.2,161.84
C01246,017.320.865-75,P1140,2025-10-18,4,158.21,4.8,632.84
C00109,395.376.724-09,P003,2025-09-07,1,149.9,4.7,149.9
C01502,447.012.045-60,P1238,2026-02-10,1,47.19,4.6,47.19
C01275,808.190.482-40,P0844,2026-07-09,1,297.88,3.6,297.88
C01588,260.602.908-92,P0345,2026-03-11,1,213.68,3.8,213.68
C01655,243.588.537-73,P0255,2025-07-31,1,376.98,4.2,376.98
C00424,480.184.514-27,P013,2025-05-17,4,49.9,3.9,199.6
C00422,083.863.794-99,P007,2025-12-09,1,139.9,3.9,139.9
C01848,441.233.613-15,P0055,2025-01-04,3,101.58,4.8,304.74
C01063,187.683.160-03,P1276,2026-06-10,2,133.38,4.8,266.76
C00876,097.626.374-29,P0267,2025-08-21,2,134.22,4.2,268.44
C00575,678.274.117-20,P0033,2025-02-26,1,330.62,3.7,330.62
C01279,130.753.841-00,P0274,2025-01-02,1,147.01,4.8,147.01
C01508,615.717.320-39,P1908,2025-07-29,1,202.44,3.8,202.44
C00005,960.013.389-14,P004,2025-02-04,4,169.9,4.2,679.6
C01106,459.701.082-35,P1926,2025-06-13,2,54.95,2.6,109.9
C01987,775.095.465-16,P1249,2026-02-14,3,257.41,5.0,772.23
C00562,041.574.733-37,P1869,2025-04-27,2,46.26,4.8,92.52
C00562,041.574.733-37,P1869,2025-04-27,2,46.26,4.8,92.52
C01757,140.049.388-99,P1448,2025-12-01,5,397.79,4.0,1988.95
C00125,960.013.389-14,P005,2025-09-02,1,229.9,5.0,229.9
C00796,838.688.891-16,P0352,2025-09-30,1,338.14,4.7,338.14
C00917,814.973.746-42,P1424,2025-02-12,5,388.18,4.2,1940.9
C01596,320.320.742-73,P1587,2025-01-06,1,165.2,3.5,165.2
C00259,395.376.724-09,P003,2025-11-13,2,149.9,4.4,299.8
C00869,304.120.270-03,P0906,2025-04-17,1,246.42,3.6,246.42
C00305,026.542.351-14,P014,2025-11-29,1,129.9,4.4,129.9
C01576,885.652.715-44,P0213,2026-03-31,3,339.93,3.5,1019.79
C01265,174.101.194-97,P1639,2025-11-06,1,122.73,4.8,122.73
C00994,066.643.749-19,P1441,2025-06-26,2,278.06,4.4,556.12
C00786,033.542.168-75,P0642,2025-11-05,3,339.04,4.7,1017.12
C00307,627.048.281-05,P008,2025-11-12,1,219.9,4.6,219.9
C01844,696.801.867-50,P1337,2025-06-13,2,188.88,3.3,377.76
C01296,655.779.082-05,P0120,2025-09-19,1,91.86,3.9,91.86
C00639,413.908.088-40,P1079,2026-04-06,2,158.94,4.1,317.88
C00828,536.822.239-40,P0027,2025-09-04,1,205.64,4.5,205.64
C01453,038.843.660-33,P1377,2026-06-16,1,64.83,4.0,64.83
C01440,455.877.169-02,P1722,2026-08-03,1,202.28,3.9,202.28
C00923,982.173.929-60,P0979,2025-01-15,2,358.11,4.1,716.22
C00606,682.975.147-06,P1263,2025-11-18,3,63.98,5.0,191.94
C01320,229.712.529-14,P1214,2025-04-27,3,247.16,3.8,741.48
C01317,617.357.438-10,P1093,2025-03-26,1,74.32,3.9,74.32
C01200,865.596.309-78,P0638,2026-05-07,1,340.99,5.0,340.99
C00146,627.048.281-05,P002,2025-08-29,1,79.9,3.9,79.9
C00946,090.797.727-80,P1517,2025-05-31,1,89.19,5.0,89.19
C01228,754.661.766-99,P0068,2025-09-23,1,348.95,4.9,348.95
C01901,121.870.629-53,P1318,2025-04-19,1,92.31,3.5,92.31
C01052,406.468.677-25,P0058,2025-11-20,1,249.65,3.9,249.65
C00686,981.265.742-83,P1238,2025-03-29,1,47.19,4.4,47.19
C01112,471.960.940-69,P0295,2025-02-24,1,126.71,4.3,126.71
C00355,083.863.794-99,P005,2025-04-11,2,229.9,4.5,459.8
C00182,480.184.514-27,P015,2025-05-28,2,89.9,3.3,179.8
C01357,339.439.457-07,P0812,2025-01-24,4,375.61,3.9,1502.44
C01973,166.007.676-50,P1542,2025-08-28,4,241.73,5.0,966.92
C01693,109.881.385-57,P0758,2025-05-01,3,148.3,4.9,444.9
C01168,369.362.689-86,P0047,2025-09-27,3,147.8,4.5,443.4
C00081,960.013.389-14,P004,2025-08-04,1,169.9,4.2,169.9
C01976,552.166.746-67,P1181,2025-06-20,3,170.96,4.0,512.88
C00900,072.239.594-95,P1040,2026-07-20,1,252.84,4.0,252.84
C00580,531.943.375-13,P0256,2025-03-04,2,232.48,4.0,464.96
C01785,951.330.531-77,P0720,2025-04-08,2,157.35,4.4,314.7
C01493,881.056.974-16,P1392,2026-07-21,2,48.57,5.0,97.14
C01500,734.151.773-51,P0114,2025-08-09,1,350.56,3.8,350.56
C00556,033.092.327-78,P1284,2025-03-09,2,153.63,3.5,307.26
C01984,005.329.318-58,P1475,2025-01-04,1,336.67,4.4,336.67
C00906,798.178.904-49,P1008,2025-07-15,2,198.29,4.4,396.58
C01063,187.683.160-03,P1276,2026-06-10,2,133.38,4.8,266.76
C01502,447.012.045-60,P1238,2026-02-10,1,47.19,4.6,47.19
C01320,229.712.529-14,P1214,2025-04-27,3,247.16,3.8,741.48
C00345,816.184.959-50,P013,2025-07-05,2,49.9,4.1,99.8
C00605,353.659.746-70,P1252,2025-03-12,1,175.47,3.4,175.47
C00723,880.053.789-80,P0996,2025-08-16,4,271.59,4.9,1086.36
C01896,927.490.728-16,P1212,2026-03-04,3,74.94,4.1,224.82
C01430,583.938.661-89,P1229,2025-04-18,2,138.51,3.8,277.02
C00733,045.069.176-42,P0984,2025-08-05,2,191.36,4.0,382.72
C01470,833.394.522-88,P0677,2025-10-06,2,150.8,3.8,301.6
C01478,164.970.169-10,P1897,2025-07-21,2,227.16,3.8,454.32
C00789,276.528.928-05,P0891,2025-04-29,1,394.39,4.7,394.39
C00807,024.286.990-40,P0025,2026-03-12,2,193.39,4.5,386.78
C01789,493.618.324-50,P0453,2025-01-12,1,152.65,3.2,152.65
C01124,665.722.402-82,P0616,2025-03-18,1,111.28,5.0,111.28
C00300,026.542.351-14,P005,2025-02-12,3,229.9,5.0,689.7
C01440,455.877.169-02,P1722,2026-08-03,1,202.28,3.9,202.28
C01180,869.996.988-05,P0825,2025-09-09,2,301.41,4.4,602.82
C01018,910.231.211-58,P1866,2026-07-02,2,151.15,4.2,302.3
C01451,480.861.317-42,P0400,2025-10-20,1,126.04,4.4,126.04
C01815,311.907.903-00,P1514,2025-05-27,2,122.19,5.0,244.38
C00661,602.206.953-00,P1267,2025-01-19,1,284.61,5.0,284.61
C00839,772.519.966-77,P0893,2026-04-21,1,201.68,4.5,201.68
C00379,026.542.351-14,P003,2025-02-19,1,149.9,4.7,149.9
C01295,130.753.841-00,P0896,2025-08-20,1,373.08,4.2,373.08
C00806,525.459.910-31,P0151,2026-04-12,1,212.86,5.0,212.86
C00685,856.218.501-90,P1664,2025-05-05,4,259.75,4.5,1039.0
C01394,088.050.171-59,P0643,2026-07-11,2,118.52,4.8,237.04
C00817,866.281.372-01,P0471,2025-12-28,1,112.85,3.6,112.85
C00929,481.832.192-33,P1190,2026-02-22,1,214.81,4.7,214.81
C00881,824.224.124-40,P1426,2025-08-14,4,162.8,4.0,651.2
C00518,088.948.018-45,P1779,2025-11-24,1,321.84,2.5,321.84
C00252,310.341.316-56,P013,2025-03-12,3,49.9,4.0,149.7
C01655,243.588.537-73,P0255,2025-07-31,1,376.98,4.2,376.98
C00184,269.166.978-57,P012,2025-05-09,2,299.9,4.5,599.8
C00650,932.133.480-74,P1604,2026-05-08,3,319.25,4.5,957.75
C01335,158.904.290-51,P0262,2026-03-23,1,224.18,3.8,224.18
C00263,026.542.351-14,P009,2025-09-19,1,119.9,4.1,119.9
C01312,971.506.662-30,P1689,2026-07-11,2,360.37,3.9,720.74
C01467,497.567.922-13,P1230,2026-04-09,3,79.72,3.3,239.16
C01326,724.619.196-82,P0892,2026-04-07,1,318.34,3.8,318.34
C00611,320.320.742-73,P1346,2026-03-19,3,237.2,3.8,711.6
C00040,960.013.389-14,P015,2025-07-03,1,89.9,4.2,89.9
C01775,257.532.603-65,P1706,2026-05-28,2,65.15,3.1,130.3
C00654,956.544.209-92,P0701,2025-02-07,2,145.0,5.0,290.0
C01611,435.811.288-96,P0885,2025-10-26,1,217.97,4.2,217.97
C00396,480.184.514-27,P015,2025-09-30,1,89.9,4.9,89.9
C00325,026.542.351-14,P013,2025-07-08,1,49.9,3.5,49.9
C01557,471.960.940-69,P1337,2025-07-03,3,188.88,3.3,566.64
C01880,346.729.949-02,P0365,2025-10-11,2,353.15,4.9,706.3
C01722,229.712.529-14,P0074,2026-06-03,2,358.51,4.8,717.02
C01503,800.025.787-43,P0263,2025-02-05,2,145.21,3.1,290.42
C00494,095.701.543-73,P008,2025-01-29,2,219.9,4.5,439.8
C01827,525.777.547-60,P1767,2026-08-02,4,50.87,3.0,203.48
C01336,564.915.795-22,P0890,2025-02-07,3,238.3,4.0,714.9
C00345,816.184.959-50,P013,2025-07-05,2,49.9,4.1,99.8
C00259,395.376.724-09,P003,2025-11-13,2,149.9,4.4,299.8
C01743,228.277.288-18,P0638,2025-04-01,2,340.99,5.0,681.98
C00551,108.046.619-36,P1852,2025-11-11,2,211.21,4.2,422.42
C01532,491.165.020-60,P1759,2026-05-08,2,59.73,4.0,119.46
C00278,238.849.696-92,P006,2025-05-25,1,189.9,4.7,189.9
C00562,041.574.733-37,P1869,2025-04-27,2,46.26,4.8,92.52
C00568,247.073.920-91,P0919,2025-09-06,1,102.04,4.4,102.04
C00563,267.146.283-23,P1541,2025-07-06,1,204.33,5.0,204.33
C01350,055.269.658-72,P1357,2026-01-25,2,145.2,5.0,290.4
C01829,310.094.318-03,P0780,2026-01-23,1,326.24,3.3,326.24
C01821,066.504.427-55,P1434,2025-02-24,1,342.84,4.5,342.84
C01484,655.125.674-03,P1967,2025-11-15,3,320.5,3.7,961.5
C00406,026.542.351-14,P010,2025-10-28,1,99.9,4.1,99.9
C01922,074.821.759-20,P0855,2025-03-20,3,151.35,5.0,454.05
C01085,973.502.080-73,P0984,2026-03-12,1,191.36,3.3,191.36
C01092,882.493.534-63,P1890,2025-02-12,1,253.86,4.2,253.86
C01403,146.753.612-18,P1579,2026-02-15,1,217.21,4.3,217.21
C01539,811.386.338-95,P0415,2025-09-28,2,50.69,5.0,101.38
C01906,244.617.679-81,P1035,2025-04-27,3,224.8,3.8,674.4
C01165,879.508.304-92,P1848,2025-04-28,1,173.22,4.3,173.22
C01221,406.557.820-52,P0771,2025-10-01,2,339.29,2.9,678.58
C01492,127.238.046-74,P1310,2026-06-24,1,334.06,5.0,334.06
C00511,776.655.868-80,P1141,2025-01-05,1,165.87,5.0,165.87
C00616,623.471.247-90,P0944,2026-03-09,1,47.06,4.4,47.06
C01251,974.292.501-14,P0642,2025-06-03,1,339.04,4.2,339.04
C00129,278.248.963-15,P004,2025-09-25,1,169.9,4.4,169.9
C00641,469.263.296-80,P0173,2026-03-18,1,186.6,5.0,186.6
C01436,287.431.527-32,P1590,2025-09-17,4,260.91,4.6,1043.64
C01953,459.011.079-26,P0645,2025-04-15,1,192.42,4.3,192.42
C01039,959.660.487-20,P1330,2026-07-09,1,141.36,5.0,141.36
C00800,378.613.715-30,P0664,2025-11-24,1,161.91,3.7,161.91
C00881,824.224.124-40,P1426,2025-08-14,4,162.8,4.0,651.2
C01371,453.198.074-30,P0707,2026-07-21,5,398.54,3.9,1992.7
C01089,024.286.990-40,P0963,2025-05-09,1,209.52,4.9,209.52
C00047,475.255.341-44,P004,2025-08-24,1,169.9,4.5,169.9
C01079,580.305.690-17,P0382,2026-04-19,1,303.6,4.3,303.6
C00801,401.484.399-85,P0706,2026-08-05,2,261.99,4.5,523.98
C01402,895.326.389-11,P0789,2026-08-05,3,344.69,5.0,1034.07
C01751,799.196.234-23,P0131,2026-07-05,3,97.51,5.0,292.53
C01925,414.060.293-78,P1516,2025-06-24,1,118.32,3.8,118.32
C01221,406.557.820-52,P0771,2025-10-01,2,339.29,2.9,678.58
C00726,311.907.903-00,P0212,2026-03-10,4,213.59,4.2,854.36
C00888,928.327.648-51,P1322,2026-08-20,1,234.62,4.6,234.62
C00353,960.013.389-14,P014,2025-03-05,2,129.9,4.2,259.8
C01872,706.540.515-00,P1726,2025-09-18,2,45.91,5.0,91.82
C01695,822.104.016-90,P1664,2026-04-27,1,259.75,4.2,259.75
C01708,287.431.527-32,P0566,2025-02-27,2,312.14,5.0,624.28
C00657,296.386.396-95,P1066,2025-11-14,1,372.95,4.1,372.95
C00645,339.439.457-07,P0034,2025-12-24,1,270.33,4.1,270.33
C01714,457.353.236-60,P1433,2026-07-28,3,232.28,3.6,696.84
C01090,361.128.497-12,P1590,2025-06-24,1,260.91,3.3,260.91
C01410,337.312.552-94,P1539,2026-01-10,4,106.21,4.6,424.84
C00980,306.178.932-41,P0174,2025-09-25,2,160.94,5.0,321.88
C00886,744.890.612-77,P1590,2025-02-22,4,260.91,3.1,1043.64
C01265,174.101.194-97,P1639,2025-11-06,1,122.73,4.8,122.73
C01626,812.248.905-23,P1938,2025-07-07,3,255.31,3.6,765.93
C00669,509.754.510-90,P1523,2025-04-15,1,356.88,3.6,356.88
C01619,403.526.356-73,P0226,2025-12-02,3,214.12,3.9,642.36
C00489,269.166.978-57,P013,2025-04-02,1,49.9,4.1,49.9
C00806,525.459.910-31,P0151,2026-04-12,1,212.86,5.0,212.86
C01826,175.096.170-90,P0699,2025-08-18,2,72.46,4.3,144.92
C01909,567.303.064-91,P1632,2025-03-21,3,249.81,4.6,749.43
C01848,441.233.613-15,P0055,2025-01-04,3,101.58,4.8,304.74
C00633,853.890.972-03,P0037,2025-01-30,2,245.96,4.1,491.92
C01687,695.007.418-22,P1220,2025-12-27,1,159.26,4.1,159.26
C01873,557.325.737-47,P0873,2025-06-02,2,329.96,4.3,659.92
C01957,462.996.065-17,P0809,2026-05-04,4,258.81,3.4,1035.24
C00042,278.248.963-15,P012,2025-03-21,4,299.9,4.2,1199.6
C01490,792.234.103-20,P0401,2025-11-19,2,316.42,3.6,632.84
C01994,083.136.783-05,P1450,2025-04-09,2,364.36,3.4,728.72
C01530,539.787.137-05,P0247,2025-05-11,4,203.38,4.6,813.52
C00467,039.117.182-84,P012,2025-12-10,2,299.9,3.6,599.8
C01526,580.305.690-17,P0942,2025-01-19,2,186.25,3.7,372.5
C00211,532.871.012-69,P005,2025-04-08,4,229.9,5.0,919.6
C00962,093.141.818-63,P0741,2026-04-26,1,284.58,3.8,284.58
C01253,157.184.090-72,P0347,2026-04-29,2,251.36,3.9,502.72
C00913,016.451.046-05,P0320,2025-02-24,2,114.97,5.0,229.94
C01400,009.751.971-50,P1753,2026-07-09,3,399.83,4.2,1199.49
C00481,095.701.543-73,P008,2025-04-05,4,219.9,3.7,879.6
C01213,954.787.698-86,P0360,2025-09-10,1,159.97,5.0,159.97
C01290,175.207.167-08,P1664,2026-02-09,1,259.75,3.4,259.75
C01268,970.581.629-80,P1987,2026-05-10,1,252.08,3.3,252.08
C00579,058.366.834-84,P1464,2025-09-12,1,102.85,4.5,102.85
C00611,320.320.742-73,P1346,2026-03-19,3,237.2,3.8,711.6
C00516,214.770.920-48,P0751,2025-05-21,1,178.08,4.5,178.08
C00924,456.690.782-17,P1726,2025-06-07,1,45.91,4.5,45.91
C01172,645.380.442-53,P1539,2025-06-05,1,106.21,3.8,106.21
C00726,311.907.903-00,P0212,2026-03-10,4,213.59,4.2,854.36
C00820,484.656.482-71,P1731,2025-03-13,2,282.65,4.8,565.3
C00573,344.300.910-72,P1520,2025-08-30,1,154.31,4.7,154.31
C00438,269.166.978-57,P008,2025-10-16,1,219.9,4.4,219.9
C01315,212.021.697-59,P0405,2025-07-21,1,56.0,5.0,56.0
C01633,235.426.874-21,P1067,2025-04-15,1,287.09,5.0,287.09
C00582,216.591.438-88,P1662,2025-11-10,1,178.27,3.5,178.27
C01722,229.712.529-14,P0074,2026-06-03,2,358.51,4.8,717.02
C01142,678.812.786-76,P0725,2025-01-28,2,327.83,3.4,655.66
C00336,480.184.514-27,P006,2025-07-10,1,189.9,4.9,189.9
C00732,264.222.975-05,P1437,2025-04-22,1,270.1,4.3,270.1
C00016,104.332.181-00,P007,2025-05-16,4,139.9,4.2,559.6
C00079,161.559.407-89,P004,2025-07-16,2,169.9,4.1,339.8
C00673,552.717.744-49,P0690,2026-03-18,1,327.48,2.9,327.48
C00909,691.983.210-05,P0267,2025-02-14,2,134.22,5.0,268.44
C01596,320.320.742-73,P1587,2025-01-06,1,165.2,3.5,165.2
C00269,480.184.514-27,P011,2025-06-05,3,249.9,4.2,749.7
C01679,677.462.591-62,P0690,2025-02-12,1,327.48,3.0,327.48
C00470,278.248.963-15,P012,2025-04-15,1,299.9,3.5,299.9
C00277,475.255.341-44,P012,2025-08-13,5,299.9,3.9,1499.5
C01400,009.751.971-50,P1753,2026-07-09,3,399.83,4.2,1199.49
C01549,168.505.423-46,P0342,2026-05-27,2,60.27,3.7,120.54
C01210,547.226.984-90,P1761,2025-06-20,3,288.31,4.7,864.93
C00232,627.048.281-05,P002,2025-02-16,3,79.9,4.4,239.7
C00231,395.376.724-09,P007,2025-06-10,2,139.9,4.2,279.8
C00781,944.171.545-03,P1349,2025-05-24,4,241.56,3.7,966.24
C00902,302.992.280-45,P1688,2025-08-04,5,148.42,4.3,742.1
C01998,529.113.717-71,P1763,2025-01-11,4,97.51,3.8,390.04
C00573,344.300.910-72,P1520,2025-08-30,1,154.31,4.7,154.31
C00386,104.332.181-00,P006,2025-06-19,2,189.9,4.4,379.8
C01892,987.820.829-01,P0423,2025-12-05,1,208.22,4.4,208.22
C00308,161.559.407-89,P009,2025-11-08,2,119.9,4.2,239.8
C00053,395.376.724-09,P007,2025-11-07,5,139.9,5.0,699.5
C00846,997.990.707-08,P0203,2025-06-16,2,330.93,4.2,661.86
C00803,365.435.884-54,P0401,2026-05-16,3,316.42,4.8,949.26
C01240,328.980.271-03,P1328,2025-10-19,1,204.81,4.0,204.81
C01756,038.843.660-33,P1384,2025-11-05,1,394.48,3.4,394.48
C01866,740.148.902-36,P1109,2026-05-24,2,61.71,3.5,123.42
C00580,531.943.375-13,P0256,2025-03-04,2,232.48,4.0,464.96
C01962,235.469.510-18,P1268,2026-08-28,2,266.41,3.4,532.82
C01266,453.198.074-30,P1789,2026-06-13,2,343.5,5.0,687.0
C00140,532.871.012-69,P005,2025-09-14,2,229.9,4.8,459.8
C01877,655.779.082-05,P1141,2026-02-07,1,165.87,4.6,165.87
C00276,083.863.794-99,P009,2025-11-27,1,119.9,2.9,119.9
C01178,837.455.084-83,P1254,2026-04-18,3,301.65,3.8,904.95
C01582,990.767.699-31,P0697,2026-07-18,2,282.15,3.3,564.3
C00499,039.117.182-84,P011,2025-01-17,1,249.9,4.6,249.9
C00542,901.495.427-12,P0613,2025-06-12,3,292.05,4.9,876.15
C00953,759.025.176-30,P1825,2025-03-05,4,317.93,4.4,1271.72
C01770,583.776.749-55,P1773,2026-08-12,1,206.61,3.8,206.61
C00448,095.701.543-73,P007,2025-09-30,1,139.9,4.3,139.9
C01327,541.643.167-99,P0406,2026-03-15,4,147.97,5.0,591.88
C00906,798.178.904-49,P1008,2025-07-15,2,198.29,4.4,396.58
C00224,026.542.351-14,P008,2025-12-31,4,219.9,4.4,879.6
C01422,422.438.649-67,P1701,2025-04-06,4,174.04,4.0,696.16
C01666,663.955.172-10,P1912,2025-05-08,1,223.94,5.0,223.94
C01152,663.439.252-87,P0238,2025-03-30,1,306.67,4.0,306.67
C00353,960.013.389-14,P014,2025-03-05,2,129.9,4.2,259.8
C00312,161.559.407-89,P005,2025-08-08,1,229.9,4.7,229.9
C00847,471.959.796-36,P1451,2025-09-08,1,235.29,3.8,235.29
C01013,344.857.142-33,P0351,2025-12-31,2,101.96,3.6,203.92
C01105,992.937.842-11,P1826,2025-09-26,1,177.27,3.7,177.27
C00488,928.327.648-51,P009,2025-05-27,1,119.9,4.0,119.9
C01002,148.468.536-91,P0232,2026-01-11,2,198.15,4.9,396.3
C00591,278.687.653-21,P0313,2025-09-17,2,103.65,4.0,207.3
C01373,481.386.667-06,P0186,2026-07-07,2,205.73,3.5,411.46
C01593,155.963.632-78,P0715,2025-09-02,3,59.48,3.3,178.44
C01306,854.329.876-86,P1230,2025-08-11,1,79.72,4.5,79.72
C00003,475.255.341-44,P004,2025-02-02,1,169.9,3.8,169.9
C01985,878.844.344-23,P1016,2026-07-26,1,269.89,3.3,269.89
C00048,475.255.341-44,P001,2025-12-04,1,59.9,3.7,59.9
C01999,942.141.052-14,P1931,2025-02-01,1,285.32,4.8,285.32
C00064,816.184.959-50,P011,2025-02-13,1,249.9,4.8,249.9
C01033,999.741.926-09,P1916,2026-05-09,4,350.2,4.6,1400.8
C00212,083.863.794-99,P011,2025-04-19,2,249.9,4.3,499.8
C00191,161.559.407-89,P011,2025-02-19,4,249.9,4.4,999.6
C01367,045.792.714-32,P0523,2025-08-07,2,337.59,4.9,675.18
C01456,740.148.902-36,P0174,2026-07-08,2,160.94,4.1,321.88
C00237,026.542.351-14,P010,2025-09-17,1,99.9,4.0,99.9
C01954,706.056.641-45,P0736,2025-08-30,3,336.15,4.1,1008.45
C00641,469.263.296-80,P0173,2026-03-18,1,186.6,5.0,186.6
C00637,342.583.230-12,P0419,2025-03-23,1,294.18,5.0,294.18
C00594,254.729.284-00,P0092,2025-05-16,3,171.37,4.2,514.11
C00923,982.173.929-60,P0979,2025-01-15,2,358.11,4.1,716.22
C00356,350.305.641-60,P010,2025-10-01,1,99.9,4.1,99.9
C00850,541.643.167-99,P0934,2025-10-05,1,279.48,3.6,279.48
C00420,350.305.641-60,P010,2025-12-12,3,99.9,4.2,299.7
C00103,026.542.351-14,P007,2025-07-05,2,139.9,4.7,279.8
C00738,143.468.239-04,P1327,2026-08-05,1,225.32,3.9,225.32
C01345,119.393.250-56,P1260,2025-10-23,3,380.09,3.8,1140.27
C01527,706.056.641-45,P0453,2025-12-28,1,152.65,3.7,152.65
C00707,475.255.341-44,P0922,2025-08-24,2,113.71,4.4,227.42
C00648,841.484.601-71,P0988,2026-05-23,1,148.8,3.5,148.8
C01575,875.721.586-33,P1867,2026-04-26,2,116.94,4.6,233.88
C01363,699.586.693-23,P1228,2026-03-01,2,307.72,3.7,615.44
C01665,213.125.129-70,P0287,2026-01-29,1,380.19,4.1,380.19
C01813,793.714.521-88,P0303,2025-09-29,1,288.37,5.0,288.37
C01643,838.903.091-86,P0437,2025-12-03,4,301.05,3.3,1204.2
C01873,557.325.737-47,P0873,2025-06-02,2,329.96,4.3,659.92
C00834,441.233.613-15,P1771,2025-05-07,1,92.38,4.3,92.38
C00790,114.262.582-67,P0153,2025-09-21,3,254.39,5.0,763.17
C00644,780.913.431-08,P1032,2025-05-31,3,168.33,4.0,504.99
C00471,475.255.341-44,P009,2025-06-14,3,119.9,3.6,359.7
C01498,661.797.968-07,P1091,2026-05-28,2,53.35,4.4,106.7
C01429,385.467.854-14,P0453,2025-12-16,3,152.65,3.6,457.95
C01603,673.162.526-42,P1478,2026-02-21,1,397.65,4.2,397.65
C00335,238.849.696-92,P006,2025-07-16,4,189.9,5.0,759.6
C00983,682.509.522-60,P0996,2026-01-11,3,271.59,4.7,814.77
C00444,532.871.012-69,P008,2025-07-13,1,219.9,3.9,219.9
C01787,354.083.866-00,P1683,2025-01-07,1,131.24,5.0,131.24
C00535,660.965.699-19,P1703,2025-07-22,2,171.46,4.3,342.92
C00288,627.048.281-05,P004,2025-04-26,5,169.9,4.4,849.5
C01140,109.678.994-94,P1180,2026-07-19,1,195.67,4.0,195.67
C01759,468.105.485-21,P1197,2025-11-30,2,257.82,4.2,515.64
C01832,369.362.689-86,P0063,2026-01-07,2,87.39,4.6,174.78
C00193,161.559.407-89,P002,2025-06-01,1,79.9,3.9,79.9
C00652,016.451.046-05,P0295,2025-10-25,2,126.71,5.0,253.42
C00308,161.559.407-89,P009,2025-11-08,2,119.9,4.2,239.8
C00616,623.471.247-90,P0944,2026-03-09,1,47.06,4.4,47.06
C01068,870.104.159-27,P1444,2025-11-20,1,359.02,4.0,359.02
C00562,041.574.733-37,P1869,2025-04-27,2,46.26,4.8,92.52
C00136,039.117.182-84,P011,2025-04-12,1,249.9,5.0,249.9
C01021,973.502.080-73,P0157,2026-08-14,1,118.0,3.7,118.0
C00106,039.117.182-84,P005,2025-06-15,3,229.9,4.9,689.7
C00454,350.305.641-60,P004,2025-10-22,1,169.9,3.9,169.9
C00002,238.849.696-92,P008,2025-09-22,2,219.9,5.0,439.8
C00174,095.701.543-73,P001,2025-11-13,1,59.9,4.2,59.9
C00873,353.693.785-33,P0372,2025-07-26,2,383.47,5.0,766.94
C01702,485.625.728-53,P0676,2025-06-22,2,211.04,4.0,422.08
C01550,623.039.111-25,P1176,2026-02-24,1,215.06,5.0,215.06
C00198,532.871.012-69,P014,2025-10-13,1,129.9,5.0,129.9
C00070,026.542.351-14,P013,2025-08-06,1,49.9,3.9,49.9
C00677,354.083.866-00,P1638,2025-12-01,1,187.54,4.0,187.54
C01305,798.440.971-42,P0819,2026-02-22,4,160.6,2.9,642.4
C01494,471.959.796-36,P0052,2025-08-24,1,83.57,3.7,83.57
C01647,684.732.365-56,P0502,2026-02-04,2,315.96,4.9,631.92
C00685,856.218.501-90,P1664,2025-05-05,4,259.75,4.5,1039.0
C00337,083.863.794-99,P010,2025-03-12,2,99.9,3.7,199.8
C00053,395.376.724-09,P007,2025-11-07,5,139.9,5.0,699.5
C00294,350.305.641-60,P013,2025-08-18,1,49.9,4.4,49.9
C00131,960.013.389-14,P010,2025-02-20,4,99.9,4.3,399.6
C01722,229.712.529-14,P0074,2026-06-03,2,358.51,4.8,717.02
C00537,982.474.140-23,P0704,2026-01-16,4,80.56,3.9,322.24
C01647,684.732.365-56,P0502,2026-02-04,2,315.96,4.9,631.92
C01107,945.101.622-86,P0864,2026-02-27,1,388.61,3.7,388.61
C01078,470.229.604-37,P1117,2025-12-13,1,94.16,4.5,94.16
C00910,184.723.046-63,P1492,2026-02-07,1,181.11,5.0,181.11
C01639,546.835.652-00,P0084,2026-04-11,1,122.12,3.9,122.12
C00087,161.559.407-89,P010,2025-10-01,1,99.9,3.7,99.9
C00186,238.849.696-92,P010,2025-06-01,5,99.9,4.5,499.5
C00847,471.959.796-36,P1451,2025-09-08,1,235.29,3.8,235.29
C00789,276.528.928-05,P0891,2025-04-29,1,394.39,4.7,394.39
C01092,882.493.534-63,P1890,2025-02-12,1,253.86,4.2,253.86
C01476,661.825.128-14,P1486,2025-03-18,3,291.37,4.6,874.11
C01176,934.065.277-01,P0647,2025-02-01,3,44.38,4.0,133.14
C00515,998.989.721-22,P1482,2025-11-01,2,145.22,3.8,290.44
C00655,580.935.118-22,P1364,2026-07-18,2,376.38,4.3,752.76
C01505,475.255.341-44,P0451,2025-05-05,2,45.32,4.3,90.64
C00403,161.559.407-89,P005,2025-01-22,1,229.9,4.6,229.9
C01009,020.586.950-54,P1656,2025-02-17,1,292.0,4.2,292.0
C01078,470.229.604-37,P1117,2025-12-13,1,94.16,4.5,94.16
C01501,882.493.534-63,P1468,2026-01-04,1,268.48,5.0,268.48
C01429,385.467.854-14,P0453,2025-12-16,3,152.65,3.6,457.95
C00930,602.562.650-20,P0435,2026-07-06,1,219.09,5.0,219.09
C00619,813.190.924-70,P1568,2025-04-09,1,177.89,4.1,177.89
C00736,432.830.965-03,P1196,2026-01-31,1,40.36,4.5,40.36
C00824,158.904.290-51,P0724,2026-01-08,1,377.24,4.0,377.24
C00439,480.184.514-27,P011,2025-06-07,2,249.9,3.9,499.8
C01251,974.292.501-14,P0642,2025-06-03,1,339.04,4.2,339.04
C00417,095.701.543-73,P009,2025-09-10,3,119.9,4.4,359.7
C01298,679.121.416-34,P1951,2025-02-03,1,69.22,4.7,69.22
C01503,800.025.787-43,P0263,2025-02-05,2,145.21,3.1,290.42
C01924,580.741.209-53,P0222,2025-03-29,1,275.21,4.3,275.21
C00238,026.542.351-14,P006,2025-10-12,1,189.9,4.5,189.9
C01520,651.939.828-40,P1055,2025-08-04,2,357.31,4.5,714.62
C00172,532.871.012-69,P011,2025-02-11,3,249.9,5.0,749.7
C00675,642.152.265-38,P0261,2025-10-28,2,332.28,3.6,664.56
C00353,960.013.389-14,P014,2025-03-05,2,129.9,4.2,259.8
C00325,026.542.351-14,P013,2025-07-08,1,49.9,3.5,49.9
C00351,489.325.288-70,P006,2025-03-07,3,189.9,4.9,569.7
C00088,104.332.181-00,P002,2025-11-26,1,79.9,4.6,79.9
C01647,684.732.365-56,P0502,2026-02-04,2,315.96,4.9,631.92
C00123,161.559.407-89,P011,2025-09-09,1,249.9,5.0,249.9
C00798,353.693.785-33,P0345,2026-02-09,1,213.68,5.0,213.68
C01399,313.797.166-75,P1794,2025-07-08,1,348.36,4.1,348.36
C01981,471.754.558-36,P1186,2025-03-24,1,341.88,4.8,341.88
C01708,287.431.527-32,P0566,2025-02-27,2,312.14,5.0,624.28
C00275,960.013.389-14,P008,2025-02-22,3,219.9,5.0,659.7
C01976,552.166.746-67,P1181,2025-06-20,3,170.96,4.0,512.88
C01308,201.753.703-97,P1428,2026-04-22,1,237.56,5.0,237.56
C00360,310.341.316-56,P013,2025-10-20,1,49.9,3.6,49.9
C00898,481.754.965-33,P1518,2026-03-16,1,215.34,3.2,215.34
C01836,624.395.873-62,P0589,2025-09-21,2,193.53,4.2,387.06
C00786,033.542.168-75,P0642,2025-11-05,3,339.04,4.7,1017.12
C00368,532.871.012-69,P014,2025-11-12,1,129.9,4.5,129.9
C01751,799.196.234-23,P0131,2026-07-05,3,97.51,5.0,292.53
C01906,244.617.679-81,P1035,2025-04-27,3,224.8,3.8,674.4
C01952,855.245.787-31,P1147,2026-06-14,1,351.29,4.4,351.29
C01912,778.956.133-24,P1784,2025-06-15,1,73.66,4.4,73.66
C01746,515.093.983-84,P1660,2025-05-28,1,190.68,3.8,190.68
C00909,691.983.210-05,P0267,2025-02-14,2,134.22,5.0,268.44
C00385,489.325.288-70,P014,2025-09-18,2,129.9,4.2,259.8
C01235,702.070.160-46,P0523,2026-02-01,2,337.59,3.7,675.18
C00442,627.048.281-05,P001,2025-05-27,1,59.9,4.9,59.9
C00947,816.184.959-50,P0231,2025-08-18,3,375.37,4.4,1126.11
C01313,646.136.847-73,P1420,2025-08-01,1,192.94,3.6,192.94
C01894,536.051.171-04,P0289,2026-06-12,4,339.92,4.0,1359.68
C00579,058.366.834-84,P1464,2025-09-12,1,102.85,4.5,102.85
C00504,912.896.599-07,P1949,2026-04-29,2,294.25,4.2,588.5
C01470,833.394.522-88,P0677,2025-10-06,2,150.8,3.8,301.6
C00013,083.863.794-99,P008,2025-10-09,1,219.9,4.0,219.9
C01133,833.423.372-81,P0970,2025-09-26,1,51.11,4.0,51.11
C01492,127.238.046-74,P1310,2026-06-24,1,334.06,5.0,334.06
C01102,184.723.046-63,P0425,2025-06-16,2,145.98,4.1,291.96
C00768,045.025.896-32,P1381,2026-06-26,1,168.84,5.0,168.84
C01658,350.313.650-99,P1865,2025-01-04,1,137.23,4.7,137.23
C00743,878.844.344-23,P1774,2026-02-02,2,165.77,4.8,331.54
C01422,422.438.649-67,P1701,2025-04-06,4,174.04,4.0,696.16
C00929,481.832.192-33,P1190,2026-02-22,1,214.81,4.7,214.81
C00054,310.341.316-56,P005,2025-01-23,2,229.9,5.0,459.8
C01062,788.614.057-54,P1856,2025-12-22,1,76.57,4.4,76.57
C00099,475.255.341-44,P002,2025-12-23,3,79.9,4.6,239.7
C01862,773.126.881-01,P1913,2025-06-28,2,337.09,4.5,674.18
C01204,646.225.223-57,P1178,2026-06-10,2,257.52,3.4,515.04
C00745,472.727.423-05,P0561,2025-05-08,1,378.79,5.0,378.79
C00973,513.052.312-10,P1112,2025-07-26,1,143.78,3.0,143.78
C01239,872.558.777-37,P0230,2025-03-10,4,377.92,5.0,1511.68
C00521,709.085.991-61,P0350,2026-02-12,1,343.01,3.8,343.01
C00577,640.376.137-43,P0617,2026-05-16,1,74.2,5.0,74.2
C00838,885.015.569-71,P0766,2025-04-12,3,332.05,4.1,996.15
C00518,088.948.018-45,P1779,2025-11-24,1,321.84,2.5,321.84
C01516,835.523.124-47,P1284,2026-05-03,2,153.63,3.4,307.26
C00208,278.248.963-15,P007,2025-05-24,1,139.9,3.7,139.9
C01654,682.975.147-06,P1731,2025-02-25,3,282.65,4.8,847.95
C00698,958.837.340-90,P0635,2026-08-10,1,298.08,3.9,298.08
C01123,339.977.180-08,P1455,2025-04-28,1,222.3,3.4,222.3
C00316,238.849.696-92,P005,2025-01-09,1,229.9,4.8,229.9
C00771,806.867.177-32,P1986,2025-03-13,2,286.29,4.2,572.58
C01510,336.998.795-34,P0199,2025-09-06,1,131.67,4.5,131.67
C00542,901.495.427-12,P0613,2025-06-12,3,292.05,4.9,876.15
C00265,310.341.316-56,P003,2025-11-05,1,149.9,4.6,149.9
C01044,968.827.697-96,P0852,2026-03-22,3,352.0,3.2,1056.0
C00325,026.542.351-14,P013,2025-07-08,1,49.9,3.5,49.9
C00630,642.152.265-38,P1464,2026-07-22,1,102.85,4.9,102.85
C00901,674.338.005-90,P0148,2025-11-13,1,231.0,3.8,231.0
C01129,026.086.982-12,P0808,2025-03-10,1,277.53,3.7,277.53
C01279,130.753.841-00,P0274,2025-01-02,1,147.01,4.8,147.01
C01354,751.648.072-03,P1881,2025-03-08,1,258.95,3.5,258.95
C01689,281.964.825-82,P1042,2025-03-05,1,386.13,3.3,386.13
C00133,083.863.794-99,P003,2025-01-02,1,149.9,4.4,149.9
C00725,536.462.805-14,P1671,2026-06-25,1,158.86,4.3,158.86
C00003,475.255.341-44,P004,2025-02-02,1,169.9,3.8,169.9
C00019,960.013.389-14,P010,2025-10-05,1,99.9,4.1,99.9
C00425,350.305.641-60,P010,2025-10-21,1,99.9,3.8,99.9
C01197,824.967.183-06,P0401,2025-07-17,3,316.42,4.0,949.26
C01790,434.369.709-64,P1220,2026-02-16,1,159.26,4.1,159.26
C01548,894.184.336-72,P1512,2025-09-22,2,116.81,4.1,233.62
C01293,987.820.829-01,P1183,2025-02-11,1,180.2,4.8,180.2
C01557,471.960.940-69,P1337,2025-07-03,3,188.88,3.3,566.64
C00344,350.305.641-60,P014,2025-03-22,2,129.9,4.2,259.8
C01680,171.236.851-64,P0500,2025-12-03,4,361.97,4.8,1447.88
C01781,657.569.245-15,P0310,2026-06-26,2,341.69,4.6,683.38
C00191,161.559.407-89,P011,2025-02-19,4,249.9,4.4,999.6
C00940,814.356.140-20,P0049,2025-06-26,2,181.55,4.8,363.1
C01661,258.896.792-28,P1399,2025-06-17,1,80.92,3.2,80.92
C00953,759.025.176-30,P1825,2025-03-05,4,317.93,4.4,1271.72
C01681,174.101.194-97,P1731,2026-05-29,1,282.65,4.8,282.65
C01872,706.540.515-00,P1726,2025-09-18,2,45.91,5.0,91.82
C00950,276.365.564-56,P1047,2026-04-10,2,139.94,4.0,279.88
C00119,928.327.648-51,P012,2025-10-29,5,299.9,4.1,1499.5
C00681,617.817.032-72,P1115,2025-03-14,1,238.42,3.6,238.42
C00431,095.701.543-73,P015,2025-08-30,3,89.9,4.4,269.7
C00949,095.493.059-29,P1839,2025-05-29,1,101.36,4.3,101.36
C01172,645.380.442-53,P1539,2025-06-05,1,106.21,3.8,106.21
C00928,805.721.514-38,P0509,2025-12-15,1,296.55,3.5,296.55
C00391,475.255.341-44,P001,2025-10-21,4,59.9,4.6,239.6
C00603,739.610.290-16,P1685,2025-12-20,4,123.65,4.9,494.6
C01360,812.099.576-71,P1816,2026-01-01,2,199.65,4.5,399.3
C00054,310.341.316-56,P005,2025-01-23,2,229.9,5.0,459.8
C00429,350.305.641-60,P006,2025-11-11,1,189.9,5.0,189.9
C01785,951.330.531-77,P0720,2025-04-08,2,157.35,4.4,314.7
C00199,532.871.012-69,P001,2025-05-16,2,59.9,3.9,119.8
C00830,816.184.959-50,P0473,2025-05-26,2,72.11,4.2,144.22
C00414,960.013.389-14,P014,2025-07-23,3,129.9,3.4,389.7
C00210,238.849.696-92,P009,2025-11-27,1,119.9,4.4,119.9
C00846,997.990.707-08,P0203,2025-06-16,2,330.93,4.2,661.86
C01043,510.740.913-02,P1479,2025-08-07,2,238.39,4.6,476.78
C00353,960.013.389-14,P014,2025-03-05,2,129.9,4.2,259.8
C00156,269.166.978-57,P002,2025-04-26,5,79.9,4.3,399.5
C00270,083.863.794-99,P005,2025-08-25,2,229.9,4.5,459.8
C01304,003.791.769-20,P1216,2025-08-03,1,236.0,4.4,236.0
C01721,835.523.124-47,P1783,2026-03-07,2,386.56,3.7,773.12
C00361,104.332.181-00,P008,2025-11-18,2,219.9,4.1,439.8
C00641,469.263.296-80,P0173,2026-03-18,1,186.6,5.0,186.6
C00688,787.112.166-97,P1789,2026-08-18,2,343.5,4.1,687.0
C00722,565.179.624-09,P1887,2026-04-01,1,331.65,3.9,331.65
C00489,269.166.978-57,P013,2025-04-02,1,49.9,4.1,49.9
C00111,489.325.288-70,P004,2025-02-13,1,169.9,3.6,169.9
C01051,650.254.472-08,P1778,2026-04-22,1,50.22,5.0,50.22
C00715,725.204.565-07,P1319,2025-04-07,1,174.61,3.8,174.61
C00685,856.218.501-90,P1664,2025-05-05,4,259.75,4.5,1039.0
C00530,800.025.787-43,P015,2026-05-24,1,89.9,4.0,89.9
C01859,089.268.705-37,P1405,2025-06-21,5,323.89,4.3,1619.45
C01221,406.557.820-52,P0771,2025-10-01,2,339.29,2.9,678.58
C00838,885.015.569-71,P0766,2025-04-12,3,332.05,4.1,996.15
C00411,350.305.641-60,P006,2025-05-27,2,189.9,5.0,379.8
C01603,673.162.526-42,P1478,2026-02-21,1,397.65,4.2,397.65
C01777,045.238.885-66,P0382,2026-08-29,2,303.6,5.0,607.2
C00065,278.248.963-15,P006,2025-02-17,3,189.9,4.8,569.7
C01860,082.400.842-14,P0306,2025-07-29,1,72.43,4.4,72.43
C01399,313.797.166-75,P1794,2025-07-08,1,348.36,4.1,348.36
C00200,928.327.648-51,P010,2025-07-15,3,99.9,4.4,299.7
C01507,732.283.608-14,P1211,2026-01-27,3,207.18,5.0,621.54
C00215,095.701.543-73,P004,2025-10-28,1,169.9,4.4,169.9
C00102,104.332.181-00,P014,2025-08-04,3,129.9,4.6,389.7
C00231,395.376.724-09,P007,2025-06-10,2,139.9,4.2,279.8
C00920,680.648.606-10,P1920,2026-02-06,3,44.01,4.0,132.03
C01240,328.980.271-03,P1328,2025-10-19,1,204.81,4.0,204.81
C00815,311.907.903-00,P1638,2026-04-29,1,187.54,4.2,187.54
C00244,104.332.181-00,P002,2025-09-29,1,79.9,4.3,79.9
C00399,475.255.341-44,P005,2025-05-28,2,229.9,4.5,459.8
C01705,993.607.984-10,P1867,2026-05-18,5,116.94,4.7,584.7
C01926,800.851.403-50,P0339,2026-01-28,2,275.78,4.0,551.56
C01509,921.277.997-20,P0438,2026-05-06,2,392.15,4.1,784.3
C00207,269.166.978-57,P010,2025-03-21,3,99.9,3.7,299.7
C01640,573.993.056-17,P1081,2026-06-28,2,372.72,4.0,745.44
C01384,748.467.737-01,P1119,2025-10-25,1,308.08,4.0,308.08
C01053,875.003.691-23,P1983,2025-02-05,1,84.25,3.7,84.25
C00287,489.325.288-70,P006,2025-01-10,1,189.9,4.9,189.9
C01994,083.136.783-05,P1450,2025-04-09,2,364.36,3.4,728.72
C00886,744.890.612-77,P1590,2025-02-22,4,260.91,3.1,1043.64
C00089,480.184.514-27,P003,2025-01-26,1,149.9,4.4,149.9
C00420,350.305.641-60,P010,2025-12-12,3,99.9,4.2,299.7
C00803,365.435.884-54,P0401,2026-05-16,3,316.42,4.8,949.26
C00125,960.013.389-14,P005,2025-09-02,1,229.9,5.0,229.9
C00648,841.484.601-71,P0988,2026-05-23,1,148.8,3.5,148.8
C00937,945.198.327-99,P0307,2026-01-19,2,274.14,4.0,548.28
C01898,472.727.423-05,P0409,2026-04-17,1,129.55,2.9,129.55
C00173,095.701.543-73,P007,2025-06-12,2,139.9,4.8,279.8
C01154,495.621.372-79,P0172,2026-07-28,1,259.29,3.5,259.29
C01832,369.362.689-86,P0063,2026-01-07,2,87.39,4.6,174.78
C01613,718.924.195-72,P1769,2025-09-11,2,244.63,3.9,489.26
C01850,289.413.475-48,P1730,2025-02-20,1,74.28,3.8,74.28
C00341,627.048.281-05,P004,2025-03-04,1,169.9,4.3,169.9
C01603,673.162.526-42,P1478,2026-02-21,1,397.65,4.2,397.65
C01958,868.740.345-37,P1708,2025-05-23,2,397.6,4.7,795.2
C00653,788.178.847-07,P0691,2025-03-01,1,245.46,4.0,245.46
C00998,563.983.652-08,P0659,2025-09-18,3,336.51,5.0,1009.53
C01062,788.614.057-54,P1856,2025-12-22,1,76.57,4.4,76.57
C00988,181.677.848-60,P1328,2025-03-10,1,204.81,4.3,204.81
C00580,531.943.375-13,P0256,2025-03-04,2,232.48,4.0,464.96
C01942,371.162.411-16,P0845,2025-02-01,1,376.3,5.0,376.3
C01913,184.723.046-63,P0788,2025-12-09,1,205.36,3.6,205.36
C00762,707.057.836-93,P0395,2026-06-11,1,107.4,4.0,107.4
C01611,435.811.288-96,P0885,2025-10-26,1,217.97,4.2,217.97
C00796,838.688.891-16,P0352,2025-09-30,1,338.14,4.7,338.14
C01590,824.224.124-40,P1218,2026-06-15,3,169.24,4.8,507.72
C01170,931.572.791-65,P0157,2025-03-01,3,118.0,3.9,354.0
C00941,640.537.735-04,P0080,2025-08-02,1,295.77,4.5,295.77
C00257,083.863.794-99,P014,2025-06-10,2,129.9,3.7,259.8
C01310,264.712.463-90,P1019,2025-04-15,1,369.29,4.4,369.29
C00643,182.744.857-18,P0622,2025-04-02,4,135.71,2.7,542.84
C00434,026.542.351-14,P001,2025-10-08,4,59.9,5.0,239.6
C00387,269.166.978-57,P010,2025-06-07,3,99.9,4.1,299.7
C01964,788.614.057-54,P1451,2026-05-27,3,235.29,3.0,705.87
C00207,269.166.978-57,P010,2025-03-21,3,99.9,3.7,299.7
C01598,128.463.985-18,P1252,2025-12-07,1,175.47,4.3,175.47
C01733,386.125.904-42,P1583,2025-09-12,1,149.73,3.6,149.73
C00063,480.184.514-27,P008,2025-12-12,1,219.9,3.3,219.9
C01179,736.026.064-73,P0047,2025-10-15,1,147.8,5.0,147.8
C01155,325.250.029-97,P0071,2025-02-21,2,133.89,5.0,267.78
C00718,672.757.844-32,P0820,2026-08-21,2,56.84,4.8,113.68
C01334,500.902.559-09,P1975,2025-01-31,3,348.88,4.1,1046.64
C00818,150.066.664-55,P1562,2026-04-29,1,253.44,4.8,253.44
C00880,723.875.082-11,P1811,2025-12-03,3,92.66,3.9,277.98
C00864,997.990.707-08,P1354,2025-12-28,1,372.49,4.9,372.49
C01602,143.643.813-65,P0407,2025-07-11,2,399.89,4.8,799.78
C01267,002.311.775-34,P1879,2025-12-11,3,226.45,4.3,679.35
C00759,691.311.964-03,P0099,2025-04-24,1,203.42,5.0,203.42
C01854,623.869.222-78,P1608,2026-01-30,1,394.6,3.3,394.6
C01605,638.409.112-73,P1662,2025-08-15,1,178.27,4.0,178.27
C01866,740.148.902-36,P1109,2026-05-24,2,61.71,3.5,123.42
C01462,215.107.029-89,P0092,2025-05-16,1,171.37,3.6,171.37
C00783,018.596.263-78,P1649,2025-06-29,3,115.33,3.2,345.99
C01546,581.467.179-34,P1617,2026-02-25,1,150.97,4.3,150.97
C00659,567.983.631-99,P0510,2025-03-02,1,350.4,4.4,350.4
C00542,901.495.427-12,P0613,2025-06-12,3,292.05,4.9,876.15
C00903,817.932.302-18,P0117,2025-04-11,2,76.63,3.5,153.26
C01939,820.297.021-02,P1539,2026-06-10,1,106.21,4.2,106.21
C01136,997.273.677-63,P1400,2025-06-22,1,388.08,4.5,388.08
C00768,045.025.896-32,P1381,2026-06-26,1,168.84,5.0,168.84
C00924,456.690.782-17,P1726,2025-06-07,1,45.91,4.5,45.91
C00583,947.284.639-40,P1958,2026-02-14,2,120.7,3.4,241.4
C01318,333.447.626-05,P0262,2025-01-13,2,224.18,5.0,448.36
C00701,569.816.934-96,P0142,2025-09-26,1,313.6,4.1,313.6
C01109,280.944.858-25,P1934,2025-09-08,1,202.13,5.0,202.13
C00740,776.655.868-80,P0560,2025-07-20,2,183.92,4.4,367.84
C00642,424.936.312-00,P0094,2025-08-01,2,363.41,4.9,726.82
C01941,740.148.902-36,P1189,2025-06-22,1,234.84,3.8,234.84
C00692,464.083.037-81,P1371,2025-09-26,1,320.82,4.3,320.82
C00142,928.327.648-51,P001,2025-02-16,1,59.9,4.7,59.9
C00758,699.577.738-79,P0675,2025-01-08,2,245.55,5.0,491.1
C01065,215.632.135-32,P0164,2025-06-19,4,62.36,4.4,249.44
C00190,278.248.963-15,P005,2025-12-14,3,229.9,5.0,689.7
C00612,739.774.063-45,P0487,2026-03-23,1,283.56,3.4,283.56
C00333,238.849.696-92,P009,2025-12-14,1,119.9,4.9,119.9
C01002,148.468.536-91,P0232,2026-01-11,2,198.15,4.9,396.3
C01447,959.660.487-20,P1363,2025-10-25,2,394.66,3.5,789.32
C01937,701.840.943-80,P1333,2026-08-20,1,292.52,3.1,292.52
C00779,767.199.038-88,P0890,2025-09-07,1,238.3,4.0,238.3
C01727,736.050.791-05,P1405,2025-08-11,2,323.89,4.5,647.78
C00430,480.184.514-27,P012,2025-11-07,1,299.9,4.4,299.9
C01561,783.391.878-48,P1249,2026-06-23,1,257.41,4.6,257.41
C01126,459.701.082-35,P1413,2025-05-27,1,123.7,5.0,123.7
C01517,063.519.036-29,P1049,2025-05-14,1,363.77,3.9,363.77
C01512,971.509.688-30,P0338,2025-01-26,1,87.87,4.1,87.87
C01065,215.632.135-32,P0164,2025-06-19,4,62.36,4.4,249.44
C00515,998.989.721-22,P1482,2025-11-01,2,145.22,3.8,290.44
C01053,875.003.691-23,P1983,2025-02-05,1,84.25,3.7,84.25
C01654,682.975.147-06,P1731,2025-02-25,3,282.65,4.8,847.95
C01942,371.162.411-16,P0845,2025-02-01,1,376.3,5.0,376.3
C01856,879.508.304-92,P0216,2026-02-15,1,56.43,3.5,56.43
C00363,480.184.514-27,P002,2025-12-19,1,79.9,3.7,79.9
C01195,717.217.337-60,P1064,2025-08-29,1,104.9,3.2,104.9
C00210,238.849.696-92,P009,2025-11-27,1,119.9,4.4,119.9
C01338,431.115.083-07,P1013,2026-08-14,1,310.82,4.1,310.82
C01985,878.844.344-23,P1016,2026-07-26,1,269.89,3.3,269.89
C00106,039.117.182-84,P005,2025-06-15,3,229.9,4.9,689.7
C01314,510.740.913-02,P0515,2025-10-01,3,317.25,5.0,951.75
C01892,987.820.829-01,P0423,2025-12-05,1,208.22,4.4,208.22
C01695,822.104.016-90,P1664,2026-04-27,1,259.75,4.2,259.75
C00785,097.461.917-56,P0658,2025-07-10,3,100.46,4.3,301.38
C00208,278.248.963-15,P007,2025-05-24,1,139.9,3.7,139.9
C01848,441.233.613-15,P0055,2025-01-04,3,101.58,4.8,304.74
C01843,502.329.028-01,P1804,2025-05-31,1,278.78,4.5,278.78
C01158,808.735.437-00,P0240,2025-02-06,2,217.98,3.4,435.96
C01958,868.740.345-37,P1708,2025-05-23,2,397.6,4.7,795.2
C00010,026.542.351-14,P001,2025-07-26,2,59.9,4.4,119.8
C01234,532.593.993-99,P1795,2025-12-30,1,100.56,4.4,100.56
C00078,395.376.724-09,P015,2025-10-04,1,89.9,4.4,89.9
C01872,706.540.515-00,P1726,2025-09-18,2,45.91,5.0,91.82
C01361,875.721.586-33,P1258,2025-10-14,2,159.24,4.6,318.48
C01827,525.777.547-60,P1767,2026-08-02,4,50.87,3.0,203.48
C01126,459.701.082-35,P1413,2025-05-27,1,123.7,5.0,123.7
C00167,532.871.012-69,P007,2025-12-06,3,139.9,4.3,419.7
C00054,310.341.316-56,P005,2025-01-23,2,229.9,5.0,459.8
C00672,534.332.491-64,P1743,2025-01-13,1,351.71,4.2,351.71
C01487,778.265.960-41,P0741,2025-10-17,1,284.58,3.6,284.58
C00303,104.332.181-00,P007,2025-01-28,1,139.9,4.1,139.9
C01705,993.607.984-10,P1867,2026-05-18,5,116.94,4.7,584.7
C00479,395.376.724-09,P005,2025-09-08,4,229.9,4.4,919.6
C00993,066.248.132-10,P0335,2025-08-24,2,298.19,4.6,596.38
C00407,960.013.389-14,P011,2025-09-29,1,249.9,4.6,249.9
C00932,911.289.812-03,P0476,2026-08-14,1,336.05,3.1,336.05
C00905,406.468.677-25,P0648,2025-01-03,1,296.42,4.7,296.42
C00011,026.542.351-14,P004,2025-04-09,1,169.9,3.7,169.9
C01136,997.273.677-63,P1400,2025-06-22,1,388.08,4.5,388.08
C01574,106.273.715-66,P1636,2025-10-01,2,85.55,3.4,171.1
C01873,557.325.737-47,P0873,2025-06-02,2,329.96,4.3,659.92
C00662,718.749.603-64,P1008,2026-08-05,4,198.29,4.5,793.16
C01762,982.173.929-60,P1151,2025-05-15,1,230.57,5.0,230.57
C01758,787.112.166-97,P1016,2025-12-02,1,269.89,5.0,269.89
C01977,794.620.726-39,P1592,2026-03-13,1,282.02,2.5,282.02
C00747,532.871.012-69,P0882,2026-07-27,1,89.1,3.9,89.1
C01702,485.625.728-53,P0676,2025-06-22,2,211.04,4.0,422.08
C01131,949.058.077-51,P1007,2025-11-24,2,156.15,5.0,312.3
C00117,026.542.351-14,P012,2025-04-09,1,299.9,4.5,299.9
C00541,213.074.235-15,P1622,2025-07-07,1,82.39,3.7,82.39
C01345,119.393.250-56,P1260,2025-10-23,3,380.09,3.8,1140.27
C00322,960.013.389-14,P006,2025-06-08,2,189.9,5.0,379.8
C00870,594.082.154-51,P0180,2026-01-01,1,302.1,3.7,302.1
C01550,623.039.111-25,P1176,2026-02-24,1,215.06,5.0,215.06
C00300,026.542.351-14,P005,2025-02-12,3,229.9,5.0,689.7
C00994,066.643.749-19,P1441,2025-06-26,2,278.06,4.4,556.12
C00430,480.184.514-27,P012,2025-11-07,1,299.9,4.4,299.9
C01073,127.990.881-55,P1372,2025-06-21,3,85.69,4.5,257.07
C00482,960.013.389-14,P009,2025-01-18,3,119.9,3.8,359.7
C01931,705.184.390-70,P1926,2025-03-10,3,54.95,3.1,164.85
C00154,627.048.281-05,P002,2025-01-15,5,79.9,4.0,399.5
C01928,286.852.897-00,P0894,2025-12-10,2,378.02,4.3,756.04
C01584,966.672.521-56,P0703,2026-01-23,2,148.8,4.3,297.6
C01712,184.723.046-63,P1642,2025-08-08,4,196.38,3.9,785.52
C01704,121.377.306-77,P1279,2025-06-08,3,163.2,4.4,489.6
C00376,532.871.012-69,P001,2025-10-19,2,59.9,4.1,119.8
C01863,480.861.317-42,P0721,2026-01-01,1,225.78,3.2,225.78
C01189,240.132.234-57,P0959,2025-01-06,2,137.2,3.7,274.4
C01925,414.060.293-78,P1516,2025-06-24,1,118.32,3.8,118.32
C01757,140.049.388-99,P1448,2025-12-01,5,397.79,4.0,1988.95
C01160,788.178.847-07,P0394,2025-07-31,1,82.12,2.9,82.12
C00749,258.857.669-91,P0243,2026-02-02,2,90.28,5.0,180.56
C00235,026.542.351-14,P007,2025-07-01,3,139.9,4.8,419.7
C00203,083.863.794-99,P011,2025-08-26,4,249.9,4.5,999.6
C00780,698.490.277-03,P0302,2025-08-22,3,218.53,3.5,655.59
C01622,933.163.735-78,P1062,2025-03-31,5,62.78,4.3,313.9
C01011,998.279.501-50,P0162,2025-02-05,1,291.29,4.4,291.29
C00964,364.027.011-81,P0029,2026-03-03,1,81.4,4.7,81.4
C00489,269.166.978-57,P013,2025-04-02,1,49.9,4.1,49.9
C01129,026.086.982-12,P0808,2025-03-10,1,277.53,3.7,277.53
C01277,812.099.576-71,P1698,2026-01-05,2,111.8,4.1,223.6
C01965,216.591.438-88,P0997,2025-02-10,1,333.47,4.9,333.47
C01459,814.356.140-20,P1218,2026-02-27,2,169.24,5.0,338.48
C01215,233.027.642-78,P1024,2025-10-01,1,123.97,2.6,123.97
C01821,066.504.427-55,P1434,2025-02-24,1,342.84,4.5,342.84
C00850,541.643.167-99,P0934,2025-10-05,1,279.48,3.6,279.48
C01870,610.277.697-64,P0482,2025-05-08,1,230.74,3.7,230.74
C00740,776.655.868-80,P0560,2025-07-20,2,183.92,4.4,367.84
C00256,960.013.389-14,P007,2025-01-10,2,139.9,4.8,279.8
C00836,174.907.539-37,P1254,2025-01-10,3,301.65,3.0,904.95
C00258,269.166.978-57,P005,2025-02-28,1,229.9,4.4,229.9
C00237,026.542.351-14,P010,2025-09-17,1,99.9,4.0,99.9
C01763,170.630.489-70,P1878,2026-05-06,2,390.61,4.2,781.22
C01590,824.224.124-40,P1218,2026-06-15,3,169.24,4.8,507.72
C00443,161.559.407-89,P013,2025-11-25,5,49.9,3.6,249.5
C01676,514.010.512-86,P1745,2025-12-18,2,355.37,4.4,710.74
C00138,960.013.389-14,P003,2025-06-07,2,149.9,4.8,299.8
C00569,734.764.273-66,P1709,2025-11-27,4,323.42,4.9,1293.68
C01413,981.265.742-83,P0153,2026-08-14,1,254.39,4.9,254.39
C00608,923.603.768-29,P0886,2025-05-15,1,229.0,5.0,229.0
C01462,215.107.029-89,P0092,2025-05-16,1,171.37,3.6,171.37
C01749,025.042.901-28,P1923,2025-10-02,3,319.07,3.8,957.21
C00133,083.863.794-99,P003,2025-01-02,1,149.9,4.4,149.9
C00048,475.255.341-44,P001,2025-12-04,1,59.9,3.7,59.9
C01881,698.152.873-89,P1589,2025-09-17,4,328.74,5.0,1314.96
C01041,490.531.520-40,P0529,2025-10-29,1,98.22,5.0,98.22
C01013,344.857.142-33,P0351,2025-12-31,2,101.96,3.6,203.92
C00928,805.721.514-38,P0509,2025-12-15,1,296.55,3.5,296.55
C00868,524.278.680-94,P0458,2025-05-27,2,328.27,4.1,656.54
C01381,651.207.049-64,P1083,2025-07-01,2,58.91,4.5,117.82
C01160,788.178.847-07,P0394,2025-07-31,1,82.12,2.9,82.12
C00327,627.048.281-05,P006,2025-09-23,1,189.9,5.0,189.9
C01254,734.206.969-81,P1461,2026-07-23,3,148.18,4.6,444.54
C01337,911.289.812-03,P0826,2025-11-01,1,370.57,4.0,370.57
C00228,026.542.351-14,P013,2025-12-26,1,49.9,4.1,49.9
C00754,172.131.451-26,P0739,2025-09-01,1,167.65,4.0,167.65
C01582,990.767.699-31,P0697,2026-07-18,2,282.15,3.3,564.3
C01238,130.232.129-37,P1731,2025-01-13,1,282.65,4.1,282.65
C00273,039.117.182-84,P009,2025-01-22,1,119.9,4.2,119.9
C00081,960.013.389-14,P004,2025-08-04,1,169.9,4.2,169.9
C01163,264.222.975-05,P1995,2025-03-12,2,78.29,3.7,156.58
C00924,456.690.782-17,P1726,2025-06-07,1,45.91,4.5,45.91
C01923,364.027.011-81,P0106,2026-01-02,2,221.98,5.0,443.96
C01045,676.720.957-06,P0373,2025-03-07,1,149.73,2.7,149.73
C01863,480.861.317-42,P0721,2026-01-01,1,225.78,3.2,225.78
C00429,350.305.641-60,P006,2025-11-11,1,189.9,5.0,189.9
C00895,278.532.426-97,P0224,2025-09-23,1,359.78,3.6,359.78
C00280,395.376.724-09,P002,2025-10-13,2,79.9,3.9,159.8
C01149,055.143.776-60,P1231,2026-03-19,2,232.35,4.6,464.7
C00377,238.849.696-92,P009,2025-05-28,1,119.9,3.2,119.9
C00985,428.596.932-70,P0966,2025-10-19,1,299.69,3.8,299.69
C00689,073.651.189-03,P1648,2025-11-19,2,244.85,3.6,489.7
C00372,475.255.341-44,P004,2025-10-26,1,169.9,4.4,169.9
C00194,095.701.543-73,P015,2025-07-07,2,89.9,4.3,179.8
C01025,929.880.858-54,P0303,2025-09-29,3,288.37,4.6,865.11
C01895,182.749.680-00,P0071,2026-01-25,3,133.89,5.0,401.67
C00398,310.341.316-56,P004,2025-05-23,2,169.9,3.5,339.8
C00810,560.945.653-39,P0598,2025-01-15,3,394.85,4.4,1184.55
C00450,026.542.351-14,P001,2025-12-05,1,59.9,5.0,59.9
C01618,489.691.085-05,P0044,2026-07-01,2,244.85,3.5,489.7
C00830,816.184.959-50,P0473,2025-05-26,2,72.11,4.2,144.22
C01949,507.251.786-12,P1945,2026-03-03,4,152.04,5.0,608.16
C00491,238.849.696-92,P005,2025-07-23,1,229.9,5.0,229.9
C00162,104.332.181-00,P005,2025-06-02,3,229.9,4.4,689.7
C01166,339.055.044-56,P1819,2025-01-31,3,320.21,3.9,960.63
C01304,003.791.769-20,P1216,2025-08-03,1,236.0,4.4,236.0
C01982,724.380.701-10,P1486,2025-07-15,2,291.37,4.1,582.74
C01743,228.277.288-18,P0638,2025-04-01,2,340.99,5.0,681.98
C01769,679.121.416-34,P0884,2025-04-13,1,313.91,5.0,313.91
C01269,386.562.422-70,P1988,2026-05-23,2,176.37,4.4,352.74
C00720,376.769.459-09,P0517,2026-02-20,1,75.35,5.0,75.35
C00859,056.420.456-01,P1644,2026-06-04,2,380.0,4.3,760.0
C00268,395.376.724-09,P003,2025-08-14,1,149.9,4.6,149.9
C00863,234.289.311-65,P1961,2025-10-30,1,135.01,3.6,135.01
C00729,071.261.583-00,P1935,2025-12-09,3,246.49,4.6,739.47
C00072,161.559.407-89,P013,2025-08-26,2,49.9,3.8,99.8
C00409,161.559.407-89,P001,2025-10-09,5,59.9,4.9,299.5
C01070,838.688.891-16,P1207,2026-07-04,2,143.55,3.3,287.1
C00739,174.101.194-97,P1780,2025-06-08,2,202.32,4.8,404.64
C01988,876.553.007-12,P0406,2026-03-01,1,147.97,4.6,147.97
C00958,807.836.134-31,P0664,2026-08-05,2,161.91,3.7,323.82
C01918,920.613.638-06,P1004,2025-10-30,3,223.87,3.8,671.61
C01322,911.838.425-03,P1107,2026-01-14,3,332.97,4.3,998.91
C00081,960.013.389-14,P004,2025-08-04,1,169.9,4.2,169.9
C00407,960.013.389-14,P011,2025-09-29,1,249.9,4.6,249.9
C01412,481.705.802-18,P1230,2025-05-24,1,79.72,4.4,79.72
C01091,671.978.897-31,P1128,2026-04-04,3,318.91,3.7,956.73
C00604,014.294.019-40,P1851,2025-11-14,1,313.26,4.8,313.26
C01045,676.720.957-06,P0373,2025-03-07,1,149.73,2.7,149.73
C01806,397.191.260-51,P0930,2025-09-04,2,182.09,5.0,364.18
C00778,385.179.937-21,P0649,2026-04-19,2,165.53,3.8,331.06
C00091,269.166.978-57,P005,2025-02-11,2,229.9,4.7,459.8
C00622,466.766.506-81,P1217,2025-04-28,1,256.89,5.0,256.89
C01872,706.540.515-00,P1726,2025-09-18,2,45.91,5.0,91.82
C01524,060.717.481-19,P0640,2025-08-12,4,91.58,4.0,366.32
C01675,451.713.395-89,P1783,2025-10-09,1,386.56,3.9,386.56
C01824,795.563.318-08,P1311,2025-10-04,1,192.13,3.4,192.13
C00236,960.013.389-14,P005,2025-11-04,1,229.9,4.5,229.9
C00566,299.737.631-90,P1800,2025-08-17,2,302.24,4.5,604.48
C00120,026.542.351-14,P014,2025-04-10,1,129.9,4.2,129.9
C00010,026.542.351-14,P001,2025-07-26,2,59.9,4.4,119.8
C01670,150.937.710-74,P0736,2025-07-29,2,336.15,3.9,672.3
C01874,913.624.835-59,P0782,2026-08-23,2,277.67,3.5,555.34
C00312,161.559.407-89,P005,2025-08-08,1,229.9,4.7,229.9
C01445,491.507.628-85,P1874,2025-02-11,1,116.73,4.0,116.73
C01070,838.688.891-16,P1207,2026-07-04,2,143.55,3.3,287.1
C00139,039.117.182-84,P015,2025-05-28,1,89.9,3.7,89.9
C01832,369.362.689-86,P0063,2026-01-07,2,87.39,4.6,174.78
C01743,228.277.288-18,P0638,2025-04-01,2,340.99,5.0,681.98
C01135,005.329.318-58,P1948,2026-01-07,1,127.94,4.0,127.94
C01416,209.355.610-30,P0979,2026-01-07,2,358.11,5.0,716.22
C00795,694.320.293-60,P1087,2025-02-23,4,187.09,3.7,748.36
C01586,828.040.561-55,P0601,2026-02-25,1,94.31,4.8,94.31
C00891,406.557.820-52,P1781,2025-04-23,1,298.39,2.9,298.39
C01979,053.161.177-94,P0370,2025-12-27,3,91.82,4.1,275.46
C00127,161.559.407-89,P013,2025-10-16,4,49.9,4.2,199.6
C00345,816.184.959-50,P013,2025-07-05,2,49.9,4.1,99.8
C01938,696.815.790-03,P1865,2025-01-08,1,137.23,4.4,137.23
C00578,165.058.714-70,P0511,2025-02-23,2,46.05,4.6,92.1
C00622,466.766.506-81,P1217,2025-04-28,1,256.89,5.0,256.89
C01583,813.190.924-70,P0861,2026-06-21,1,198.31,3.0,198.31
C00379,026.542.351-14,P003,2025-02-19,1,149.9,4.7,149.9
C01028,699.648.997-00,P1120,2026-05-11,1,137.62,3.7,137.62
C00573,344.300.910-72,P1520,2025-08-30,1,154.31,4.7,154.31
C00396,480.184.514-27,P015,2025-09-30,1,89.9,4.9,89.9
C01929,856.218.501-90,P0553,2025-07-21,1,239.15,4.9,239.15
C00400,627.048.281-05,P006,2025-10-14,4,189.9,4.3,759.6
C00189,350.305.641-60,P013,2025-04-28,2,49.9,3.5,99.8
C01348,592.962.229-90,P0407,2025-02-24,1,399.89,3.9,399.89
C01735,942.843.479-50,P1114,2025-04-05,1,114.92,3.4,114.92
C00255,095.701.543-73,P014,2025-12-09,3,129.9,5.0,389.7
C01416,209.355.610-30,P0979,2026-01-07,2,358.11,5.0,716.22
C01082,660.965.699-19,P1703,2026-02-21,1,171.46,4.5,171.46
C01661,258.896.792-28,P1399,2025-06-17,1,80.92,3.2,80.92
C00254,532.871.012-69,P009,2025-12-27,1,119.9,3.7,119.9
C01952,855.245.787-31,P1147,2026-06-14,1,351.29,4.4,351.29
C01239,872.558.777-37,P0230,2025-03-10,4,377.92,5.0,1511.68
C01685,888.992.107-21,P1341,2025-10-25,1,171.21,3.9,171.21
C00724,842.694.500-70,P1340,2025-07-26,1,251.6,4.4,251.6
C01887,729.047.742-11,P1163,2026-03-26,1,82.82,5.0,82.82
C01253,157.184.090-72,P0347,2026-04-29,2,251.36,3.9,502.72
C00254,532.871.012-69,P009,2025-12-27,1,119.9,3.7,119.9
C01846,346.060.560-02,P1614,2026-06-09,3,274.06,4.4,822.18
C01592,659.116.655-65,P1268,2025-03-22,3,266.41,2.9,799.23
C00601,554.864.015-15,P0270,2025-02-06,1,121.94,5.0,121.94
C01092,882.493.534-63,P1890,2025-02-12,1,253.86,4.2,253.86
C00777,114.921.643-30,P1245,2025-07-13,1,250.99,4.0,250.99
C01087,923.234.210-34,P1024,2025-02-07,2,123.97,3.8,247.94
C01931,705.184.390-70,P1926,2025-03-10,3,54.95,3.1,164.85
C01798,196.463.004-56,P0858,2025-06-03,1,221.33,4.3,221.33
C00432,475.255.341-44,P011,2025-11-02,3,249.9,3.8,749.7
C01944,944.064.090-17,P0312,2025-11-11,2,398.74,3.6,797.48
C00876,097.626.374-29,P0267,2025-08-21,2,134.22,4.2,268.44
C01410,337.312.552-94,P1539,2026-01-10,4,106.21,4.6,424.84
C01529,258.660.598-51,P0332,2025-06-08,5,217.53,3.7,1087.65
C00966,312.172.715-03,P0889,2026-04-10,1,244.52,4.2,244.52
C00914,667.116.845-83,P0386,2025-03-18,4,223.92,4.4,895.68
C00913,016.451.046-05,P0320,2025-02-24,2,114.97,5.0,229.94
C01726,760.385.977-86,P0355,2025-07-14,1,376.23,4.1,376.23
C00773,080.815.712-48,P0279,2026-02-25,1,308.17,4.8,308.17
C00560,849.877.694-50,P1890,2025-03-28,1,253.86,4.5,253.86
C00724,842.694.500-70,P1340,2025-07-26,1,251.6,4.4,251.6
C00390,278.248.963-15,P013,2025-07-14,1,49.9,3.8,49.9
C00784,088.948.018-45,P0780,2026-08-05,2,326.24,3.7,652.48
C00229,095.701.543-73,P012,2025-04-21,1,299.9,4.9,299.9
C00180,475.255.341-44,P008,2025-10-26,1,219.9,3.8,219.9
C01448,734.206.969-81,P1271,2026-03-18,1,299.27,4.7,299.27
C00155,278.248.963-15,P013,2025-05-03,2,49.9,3.9,99.8
C01137,424.932.149-51,P1512,2025-10-20,3,116.81,4.2,350.43
C01560,150.274.564-09,P0236,2025-08-18,3,388.9,4.3,1166.7
C01449,739.774.063-45,P0367,2026-07-01,3,340.22,3.6,1020.66
C00893,376.815.118-22,P1524,2025-12-18,1,183.82,4.9,183.82
C00388,104.332.181-00,P010,2025-08-31,1,99.9,3.5,99.9
C01862,773.126.881-01,P1913,2025-06-28,2,337.09,4.5,674.18
C01671,822.104.016-90,P1202,2025-06-03,2,270.14,4.6,540.28
C01225,980.061.558-01,P1930,2026-04-07,1,79.21,4.5,79.21
C00174,095.701.543-73,P001,2025-11-13,1,59.9,4.2,59.9
C00071,489.325.288-70,P008,2025-01-26,2,219.9,4.5,439.8
C00631,392.207.151-12,P0230,2025-10-25,2,377.92,4.5,755.84
C00316,238.849.696-92,P005,2025-01-09,1,229.9,4.8,229.9
C01721,835.523.124-47,P1783,2026-03-07,2,386.56,3.7,773.12
C00412,039.117.182-84,P004,2025-10-01,2,169.9,4.0,339.8
C00566,299.737.631-90,P1800,2025-08-17,2,302.24,4.5,604.48
C01952,855.245.787-31,P1147,2026-06-14,1,351.29,4.4,351.29
C01637,480.861.317-42,P1554,2026-02-19,2,118.17,3.7,236.34
C00438,269.166.978-57,P008,2025-10-16,1,219.9,4.4,219.9
C00768,045.025.896-32,P1381,2026-06-26,1,168.84,5.0,168.84
C01032,328.980.271-03,P0574,2025-09-11,1,264.33,4.2,264.33
C01329,296.711.148-14,P1078,2026-08-09,1,261.35,4.6,261.35
C01873,557.325.737-47,P0873,2025-06-02,2,329.96,4.3,659.92
C01743,228.277.288-18,P0638,2025-04-01,2,340.99,5.0,681.98
C01955,022.356.972-08,P0594,2025-01-13,2,82.35,4.2,164.7
C00082,104.332.181-00,P014,2025-10-22,1,129.9,3.2,129.9
C00473,627.048.281-05,P008,2025-02-20,3,219.9,4.2,659.7
C01127,174.357.483-58,P1657,2026-04-10,1,344.56,3.4,344.56
C00099,475.255.341-44,P002,2025-12-23,3,79.9,4.6,239.7
C00711,924.632.037-90,P0874,2025-12-26,3,98.92,3.8,296.76
C00308,161.559.407-89,P009,2025-11-08,2,119.9,4.2,239.8
C01866,740.148.902-36,P1109,2026-05-24,2,61.71,3.5,123.42
C00127,161.559.407-89,P013,2025-10-16,4,49.9,4.2,199.6
C00297,532.871.012-69,P009,2025-09-28,1,119.9,4.2,119.9
C00391,475.255.341-44,P001,2025-10-21,4,59.9,4.6,239.6
C00298,278.248.963-15,P003,2025-05-09,1,149.9,4.9,149.9
C01138,021.923.785-99,P0020,2026-03-23,2,100.64,3.3,201.28
C00729,071.261.583-00,P1935,2025-12-09,3,246.49,4.6,739.47
C01825,271.111.615-80,P0903,2025-07-08,1,44.87,4.6,44.87
C00522,424.089.164-70,P0114,2026-07-10,2,350.56,3.6,701.12
C01075,176.651.221-67,P0430,2025-01-18,1,59.84,3.8,59.84
C01321,880.053.789-80,P0978,2026-01-30,1,300.88,3.9,300.88
C01252,160.204.181-46,P1613,2026-05-10,3,294.18,3.9,882.54
C01593,155.963.632-78,P0715,2025-09-02,3,59.48,3.3,178.44
C00404,480.184.514-27,P011,2025-05-12,2,249.9,4.2,499.8
C01015,100.996.881-58,P0895,2026-01-18,1,184.55,4.7,184.55
C01602,143.643.813-65,P0407,2025-07-11,2,399.89,4.8,799.78
C01727,736.050.791-05,P1405,2025-08-11,2,323.89,4.5,647.78
C01236,538.003.296-62,P0877,2026-05-03,1,54.27,4.8,54.27
C01304,003.791.769-20,P1216,2025-08-03,1,236.0,4.4,236.0
C01729,645.465.535-01,P1364,2026-07-11,3,376.38,4.0,1129.14
C01250,734.151.773-51,P0356,2025-09-09,2,253.94,3.6,507.88
C01898,472.727.423-05,P0409,2026-04-17,1,129.55,2.9,129.55
C00256,960.013.389-14,P007,2025-01-10,2,139.9,4.8,279.8
C00696,786.814.473-43,P1888,2025-04-29,2,184.55,4.4,369.1
C00225,083.863.794-99,P015,2025-02-11,1,89.9,4.2,89.9
C00182,480.184.514-27,P015,2025-05-28,2,89.9,3.3,179.8
C00944,228.225.120-27,P1129,2025-08-25,1,385.11,3.3,385.11
C00452,960.013.389-14,P004,2025-01-23,1,169.9,3.8,169.9
C00815,311.907.903-00,P1638,2026-04-29,1,187.54,4.2,187.54
C00876,097.626.374-29,P0267,2025-08-21,2,134.22,4.2,268.44
C01242,781.137.995-32,P0480,2026-07-19,2,158.22,4.5,316.44
C01892,987.820.829-01,P0423,2025-12-05,1,208.22,4.4,208.22
C01699,079.863.210-08,P1889,2025-04-19,3,172.39,4.5,517.17
C00757,127.238.046-74,P0742,2025-02-26,1,342.44,5.0,342.44
C00652,016.451.046-05,P0295,2025-10-25,2,126.71,5.0,253.42
C01542,872.333.510-66,P1762,2025-07-05,1,362.16,5.0,362.16
C00248,269.166.978-57,P008,2025-11-07,1,219.9,4.5,219.9
C01081,216.376.182-71,P1870,2025-08-20,1,322.77,4.2,322.77
C00847,471.959.796-36,P1451,2025-09-08,1,235.29,3.8,235.29
C00366,095.701.543-73,P002,2025-06-13,1,79.9,4.5,79.9
C01233,324.006.157-05,P0678,2025-12-10,2,178.52,4.7,357.04
C00642,424.936.312-00,P0094,2025-08-01,2,363.41,4.9,726.82
C00372,475.255.341-44,P004,2025-10-26,1,169.9,4.4,169.9
C01307,096.561.014-48,P0529,2025-12-30,1,98.22,5.0,98.22
C00349,627.048.281-05,P009,2025-07-30,3,119.9,4.1,359.7
C01346,983.863.840-42,P015,2025-10-20,2,89.9,3.6,179.8
C00325,026.542.351-14,P013,2025-07-08,1,49.9,3.5,49.9
C00870,594.082.154-51,P0180,2026-01-01,1,302.1,3.7,302.1
C01616,109.104.300-04,P1218,2025-10-18,3,169.24,4.4,507.72
C00458,269.166.978-57,P009,2025-09-11,1,119.9,3.7,119.9
C01536,697.893.074-11,P1319,2025-02-07,5,174.61,3.4,873.05
C01444,126.691.215-00,P0538,2026-07-14,1,252.78,4.0,252.78
C01806,397.191.260-51,P0930,2025-09-04,2,182.09,5.0,364.18
C00338,475.255.341-44,P002,2025-01-14,2,79.9,4.6,159.8
C01431,607.337.543-33,P1733,2026-02-01,3,333.2,4.3,999.6
C01874,913.624.835-59,P0782,2026-08-23,2,277.67,3.5,555.34
C01527,706.056.641-45,P0453,2025-12-28,1,152.65,3.7,152.65
C00376,532.871.012-69,P001,2025-10-19,2,59.9,4.1,119.8
C01645,805.891.135-69,P1271,2026-06-11,1,299.27,4.2,299.27
C00215,095.701.543-73,P004,2025-10-28,1,169.9,4.4,169.9
C01178,837.455.084-83,P1254,2026-04-18,3,301.65,3.8,904.95
C00996,761.648.198-14,P1853,2025-12-08,3,363.14,3.7,1089.42
C01063,187.683.160-03,P1276,2026-06-10,2,133.38,4.8,266.76
C01040,093.141.818-63,P1075,2026-06-10,4,377.69,4.2,1510.76
C00063,480.184.514-27,P008,2025-12-12,1,219.9,3.3,219.9
C01017,189.455.906-17,P0200,2025-02-28,1,139.19,4.4,139.19
C01874,913.624.835-59,P0782,2026-08-23,2,277.67,3.5,555.34
C00874,633.535.748-83,P0777,2026-06-11,2,186.96,4.7,373.92
C00554,895.400.178-58,P0554,2025-10-28,2,378.3,5.0,756.6
C01990,299.737.631-90,P1914,2025-09-21,3,288.31,4.8,864.93
C00198,532.871.012-69,P014,2025-10-13,1,129.9,5.0,129.9
C00973,513.052.312-10,P1112,2025-07-26,1,143.78,3.0,143.78
C01026,616.556.503-43,P0318,2025-05-18,2,53.39,4.7,106.78
C00956,397.561.547-80,P0864,2026-03-02,2,388.61,4.6,777.22
C01844,696.801.867-50,P1337,2025-06-13,2,188.88,3.3,377.76
C00844,621.182.339-81,P0197,2026-02-22,1,315.11,4.7,315.11
C01947,087.601.467-88,P1416,2025-07-11,1,276.85,3.5,276.85
C00134,960.013.389-14,P004,2025-05-28,2,169.9,3.6,339.8
C01468,403.910.651-22,P0369,2025-06-03,1,348.36,5.0,348.36
C01186,700.518.449-15,P0611,2026-07-02,3,390.48,4.1,1171.44
C00482,960.013.389-14,P009,2025-01-18,3,119.9,3.8,359.7
C00456,489.325.288-70,P004,2025-07-31,1,169.9,5.0,169.9
C01440,455.877.169-02,P1722,2026-08-03,1,202.28,3.9,202.28
C01276,343.626.204-86,P0882,2025-08-09,3,89.1,4.6,267.3
C01223,682.509.522-60,P1524,2026-02-04,3,183.82,3.6,551.46
C00102,104.332.181-00,P014,2025-08-04,3,129.9,4.6,389.7
C01196,546.835.652-00,P0878,2026-05-16,2,126.33,5.0,252.66
C01963,982.474.140-23,P1539,2026-03-13,2,106.21,3.4,212.42
C00035,960.013.389-14,P002,2025-11-21,1,79.9,4.2,79.9
C00939,069.409.600-82,P0885,2026-04-19,4,217.97,4.9,871.88
C00989,701.436.349-25,P0188,2026-08-08,4,289.3,4.0,1157.2
C01794,350.313.650-99,P0581,2025-03-31,1,102.31,5.0,102.31
C00566,299.737.631-90,P1800,2025-08-17,2,302.24,4.5,604.48
C00952,019.179.202-02,P0664,2025-06-20,2,161.91,3.3,323.82
C01435,159.996.504-61,P1063,2025-10-08,1,354.9,3.2,354.9
C00121,238.849.696-92,P003,2025-06-04,1,149.9,4.2,149.9
C01603,673.162.526-42,P1478,2026-02-21,1,397.65,4.2,397.65
C01645,805.891.135-69,P1271,2026-06-11,1,299.27,4.2,299.27
C01440,455.877.169-02,P1722,2026-08-03,1,202.28,3.9,202.28
C01297,217.223.320-00,P0708,2026-01-16,4,123.42,4.2,493.68
C01496,447.163.928-56,P1971,2026-04-30,1,162.81,4.9,162.81
C01564,906.375.791-35,P0536,2026-06-22,2,195.15,4.6,390.3
C01807,073.651.189-03,P0748,2026-08-12,3,151.65,5.0,454.95
C00857,415.667.652-85,P0453,2025-10-10,5,152.65,3.6,763.25
C00913,016.451.046-05,P0320,2025-02-24,2,114.97,5.0,229.94
C01276,343.626.204-86,P0882,2025-08-09,3,89.1,4.6,267.3
C00387,269.166.978-57,P010,2025-06-07,3,99.9,4.1,299.7
C01713,610.277.697-64,P0417,2026-05-11,3,195.4,5.0,586.2
C01542,872.333.510-66,P1762,2025-07-05,1,362.16,5.0,362.16
C01263,465.495.005-24,P1460,2025-04-16,1,144.56,4.6,144.56
C00604,014.294.019-40,P1851,2025-11-14,1,313.26,4.8,313.26
C00696,786.814.473-43,P1888,2025-04-29,2,184.55,4.4,369.1
C00870,594.082.154-51,P0180,2026-01-01,1,302.1,3.7,302.1
C01326,724.619.196-82,P0892,2026-04-07,1,318.34,3.8,318.34
C01557,471.960.940-69,P1337,2025-07-03,3,188.88,3.3,566.64
C01344,435.811.288-96,P0605,2025-09-21,2,354.74,4.3,709.48
C01860,082.400.842-14,P0306,2025-07-29,1,72.43,4.4,72.43
C01922,074.821.759-20,P0855,2025-03-20,3,151.35,5.0,454.05
C01410,337.312.552-94,P1539,2026-01-10,4,106.21,4.6,424.84
C00742,567.983.631-99,P1733,2025-06-07,1,333.2,4.6,333.2
C01199,888.992.107-21,P0843,2026-06-16,1,388.8,4.1,388.8
C00851,335.290.422-77,P1516,2025-11-10,4,118.32,3.9,473.28
C01259,311.587.605-07,P1773,2025-02-08,1,206.61,3.6,206.61
C01625,129.087.814-50,P1209,2025-01-24,3,270.86,5.0,812.58
C00739,174.101.194-97,P1780,2025-06-08,2,202.32,4.8,404.64
C01012,402.681.177-80,P1056,2026-02-15,1,79.52,4.1,79.52
C00092,238.849.696-92,P004,2025-11-29,1,169.9,4.0,169.9
C01474,816.649.690-98,P014,2025-10-05,1,129.9,4.9,129.9
C00980,306.178.932-41,P0174,2025-09-25,2,160.94,5.0,321.88
C00920,680.648.606-10,P1920,2026-02-06,3,44.01,4.0,132.03
C01065,215.632.135-32,P0164,2025-06-19,4,62.36,4.4,249.44
C00431,095.701.543-73,P015,2025-08-30,3,89.9,4.4,269.7
C01196,546.835.652-00,P0878,2026-05-16,2,126.33,5.0,252.66
C01491,956.544.209-92,P0637,2025-05-12,2,262.81,4.4,525.62
C00700,844.198.665-78,P0929,2025-08-06,1,348.17,4.1,348.17
C00263,026.542.351-14,P009,2025-09-19,1,119.9,4.1,119.9
C00774,219.626.335-43,P0437,2025-10-22,1,301.05,3.3,301.05
C00398,310.341.316-56,P004,2025-05-23,2,169.9,3.5,339.8
C00748,301.657.120-07,P1313,2025-05-09,1,185.87,4.3,185.87
C01254,734.206.969-81,P1461,2026-07-23,3,148.18,4.6,444.54
C00227,395.376.724-09,P007,2025-11-02,2,139.9,3.8,279.8
C01495,111.457.683-26,P1135,2026-06-08,2,79.1,5.0,158.2
C00450,026.542.351-14,P001,2025-12-05,1,59.9,5.0,59.9
C01790,434.369.709-64,P1220,2026-02-16,1,159.26,4.1,159.26
C01465,435.864.496-15,P1696,2025-02-04,1,48.91,4.2,48.91
C00546,593.195.256-09,P1491,2026-04-18,1,132.61,5.0,132.61
C01127,174.357.483-58,P1657,2026-04-10,1,344.56,3.4,344.56
C00222,278.248.963-15,P001,2025-12-04,2,59.9,4.8,119.8
C00200,928.327.648-51,P010,2025-07-15,3,99.9,4.4,299.7
C01913,184.723.046-63,P0788,2025-12-09,1,205.36,3.6,205.36
C01605,638.409.112-73,P1662,2025-08-15,1,178.27,4.0,178.27
C00309,026.542.351-14,P013,2025-05-28,1,49.9,4.1,49.9
C00566,299.737.631-90,P1800,2025-08-17,2,302.24,4.5,604.48
C00396,480.184.514-27,P015,2025-09-30,1,89.9,4.9,89.9
C00791,249.839.225-47,P0050,2025-01-26,2,129.18,5.0,258.36
C00583,947.284.639-40,P1958,2026-02-14,2,120.7,3.4,241.4
C00657,296.386.396-95,P1066,2025-11-14,1,372.95,4.1,372.95
C01059,724.500.000-03,P1638,2025-03-20,1,187.54,4.0,187.54
C00379,026.542.351-14,P003,2025-02-19,1,149.9,4.7,149.9
C01766,989.413.435-18,P0957,2025-12-30,1,250.31,5.0,250.31
C01456,740.148.902-36,P0174,2026-07-08,2,160.94,4.1,321.88
C01522,072.587.339-65,P0470,2026-03-26,2,76.07,4.1,152.14
C00339,627.048.281-05,P009,2025-07-18,4,119.9,4.6,479.6
C01417,296.711.148-14,P1070,2025-06-08,1,62.77,4.1,62.77
C01673,374.549.904-28,P1700,2025-03-28,1,271.51,4.7,271.51
C00351,489.325.288-70,P006,2025-03-07,3,189.9,4.9,569.7
C01503,800.025.787-43,P0263,2025-02-05,2,145.21,3.1,290.42
C00716,127.238.046-74,P0340,2025-01-22,1,259.94,5.0,259.94
C01576,885.652.715-44,P0213,2026-03-31,3,339.93,3.5,1019.79
C00957,337.389.877-38,P1442,2026-08-17,1,398.27,4.8,398.27
C01605,638.409.112-73,P1662,2025-08-15,1,178.27,4.0,178.27
C00295,475.255.341-44,P005,2025-08-29,4,229.9,4.9,919.6
C00779,767.199.038-88,P0890,2025-09-07,1,238.3,4.0,238.3
C00547,217.223.320-00,P0984,2025-09-22,3,191.36,3.9,574.08
C00497,475.255.341-44,P004,2025-12-21,3,169.9,4.0,509.7
C00617,385.179.937-21,P0050,2025-02-13,4,129.18,5.0,516.72
C00765,981.987.809-80,P1088,2026-01-20,1,67.04,3.9,67.04
C00255,095.701.543-73,P014,2025-12-09,3,129.9,5.0,389.7
C01415,634.755.752-56,P0085,2025-08-07,1,333.32,3.7,333.32
C01101,805.721.514-38,P1529,2025-08-22,1,102.01,4.3,102.01
C01659,204.653.755-61,P0502,2026-08-31,1,315.96,4.4,315.96
C01411,333.021.260-85,P0036,2025-04-14,3,150.12,2.6,450.36
C00299,627.048.281-05,P014,2025-07-10,2,129.9,5.0,259.8
C00140,532.871.012-69,P005,2025-09-14,2,229.9,4.8,459.8
C00846,997.990.707-08,P0203,2025-06-16,2,330.93,4.2,661.86
C00963,759.025.176-30,P1014,2025-09-25,3,111.34,3.6,334.02
C00481,095.701.543-73,P008,2025-04-05,4,219.9,3.7,879.6
C01565,824.224.124-40,P1948,2026-01-29,1,127.94,5.0,127.94
C01164,290.018.513-04,P1867,2026-07-16,1,116.94,4.7,116.94
C01496,447.163.928-56,P1971,2026-04-30,1,162.81,4.9,162.81
C00219,475.255.341-44,P010,2025-06-15,1,99.9,4.2,99.9
C01631,165.585.239-65,P1890,2026-08-07,3,253.86,4.7,761.58
C00413,960.013.389-14,P015,2025-03-31,1,89.9,4.6,89.9
C00897,310.438.419-38,P0675,2026-08-05,2,245.55,4.3,491.1
C00879,817.852.282-93,P1238,2026-08-15,2,47.19,3.7,94.38
C01642,150.983.930-51,P1650,2026-04-19,1,185.65,3.8,185.65
C00554,895.400.178-58,P0554,2025-10-28,2,378.3,5.0,756.6
C00482,960.013.389-14,P009,2025-01-18,3,119.9,3.8,359.7
C00680,114.983.074-34,P0328,2026-07-04,4,344.41,4.4,1377.64
C00722,565.179.624-09,P1887,2026-04-01,1,331.65,3.9,331.65
C00364,310.341.316-56,P006,2025-11-07,1,189.9,5.0,189.9
C00353,960.013.389-14,P014,2025-03-05,2,129.9,4.2,259.8
C00463,269.166.978-57,P009,2025-09-29,1,119.9,4.0,119.9
C00935,959.724.665-11,P1159,2025-05-26,2,324.56,3.5,649.12
C00687,555.438.404-89,P0051,2025-04-05,1,295.15,4.1,295.15
C00785,097.461.917-56,P0658,2025-07-10,3,100.46,4.3,301.38
C01439,802.620.672-00,P1858,2026-07-20,1,185.67,3.9,185.67
C00482,960.013.389-14,P009,2025-01-18,3,119.9,3.8,359.7
C01820,776.657.546-94,P0460,2026-01-13,1,92.73,4.3,92.73
C01504,068.212.235-13,P0985,2025-09-27,1,234.58,4.7,234.58
C00350,395.376.724-09,P011,2025-02-07,1,249.9,4.4,249.9
C00628,881.056.974-16,P1554,2026-06-21,2,118.17,4.1,236.34
C00368,532.871.012-69,P014,2025-11-12,1,129.9,4.5,129.9
C00546,593.195.256-09,P1491,2026-04-18,1,132.61,5.0,132.61
C00731,920.514.607-28,P0621,2026-02-21,2,88.49,4.2,176.98
C00262,475.255.341-44,P006,2025-03-28,1,189.9,4.3,189.9
C00029,238.849.696-92,P005,2025-03-22,1,229.9,4.3,229.9
C00878,497.567.922-13,P0576,2026-08-09,3,190.63,3.8,571.89
C01402,895.326.389-11,P0789,2026-08-05,3,344.69,5.0,1034.07
C00606,682.975.147-06,P1263,2025-11-18,3,63.98,5.0,191.94
C01721,835.523.124-47,P1783,2026-03-07,2,386.56,3.7,773.12
C00739,174.101.194-97,P1780,2025-06-08,2,202.32,4.8,404.64
C01802,067.571.236-06,P0016,2026-03-24,4,158.68,5.0,634.72
C00472,238.849.696-92,P005,2025-05-14,1,229.9,5.0,229.9
C01079,580.305.690-17,P0382,2026-04-19,1,303.6,4.3,303.6
C01527,706.056.641-45,P0453,2025-12-28,1,152.65,3.7,152.65
C00119,928.327.648-51,P012,2025-10-29,5,299.9,4.1,1499.5
C01861,793.036.149-76,P0755,2026-08-06,1,155.32,2.7,155.32
C00730,912.896.599-07,P1740,2026-06-16,1,233.59,4.3,233.59
C00996,761.648.198-14,P1853,2025-12-08,3,363.14,3.7,1089.42
C01257,234.266.980-13,P0197,2026-06-15,1,315.11,5.0,315.11
C01286,777.809.733-87,P0481,2026-03-22,2,384.85,3.7,769.7
C00048,475.255.341-44,P001,2025-12-04,1,59.9,3.7,59.9
C01735,942.843.479-50,P1114,2025-04-05,1,114.92,3.4,114.92
C01248,065.379.473-83,P1950,2026-08-03,2,161.89,4.4,323.78
C01998,529.113.717-71,P1763,2025-01-11,4,97.51,3.8,390.04
C00944,228.225.120-27,P1129,2025-08-25,1,385.11,3.3,385.11
C01228,754.661.766-99,P0068,2025-09-23,1,348.95,4.9,348.95
C00883,348.389.359-86,P1808,2026-01-10,1,366.29,2.9,366.29
C01780,457.353.236-60,P1261,2026-01-08,1,281.13,4.9,281.13
C01665,213.125.129-70,P0287,2026-01-29,1,380.19,4.1,380.19
C01818,012.424.462-90,P0068,2025-10-19,1,348.95,4.9,348.95
C01009,020.586.950-54,P1656,2025-02-17,1,292.0,4.2,292.0
C01583,813.190.924-70,P0861,2026-06-21,1,198.31,3.0,198.31
C00718,672.757.844-32,P0820,2026-08-21,2,56.84,4.8,113.68
C00922,620.959.351-87,P1155,2025-06-01,4,239.17,2.9,956.68
C01521,801.006.231-66,P0440,2025-07-10,1,71.62,5.0,71.62
C00163,039.117.182-84,P011,2025-09-08,3,249.9,4.1,749.7
C01421,076.617.711-44,P1878,2026-08-30,5,390.61,3.7,1953.05
C00032,026.542.351-14,P012,2025-10-11,1,299.9,4.3,299.9
C01162,155.206.506-59,P1558,2025-11-04,3,102.58,3.6,307.74
C00955,324.609.539-68,P1967,2025-06-21,5,320.5,3.4,1602.5
C00938,495.528.938-01,P1944,2025-02-08,2,186.87,3.0,373.74
C00989,701.436.349-25,P0188,2026-08-08,4,289.3,4.0,1157.2
C00984,341.232.812-06,P0350,2025-02-26,1,343.01,3.8,343.01
C00815,311.907.903-00,P1638,2026-04-29,1,187.54,4.2,187.54
C00903,817.932.302-18,P0117,2025-04-11,2,76.63,3.5,153.26
C01137,424.932.149-51,P1512,2025-10-20,3,116.81,4.2,350.43
C01527,706.056.641-45,P0453,2025-12-28,1,152.65,3.7,152.65
C01105,992.937.842-11,P1826,2025-09-26,1,177.27,3.7,177.27
C01286,777.809.733-87,P0481,2026-03-22,2,384.85,3.7,769.7
C01674,317.121.003-78,P1098,2026-06-12,2,160.69,4.9,321.38
C01980,045.792.714-32,P1851,2026-01-12,1,313.26,4.7,313.26
C00218,104.332.181-00,P003,2025-01-08,1,149.9,5.0,149.9
C01426,715.879.647-75,P1792,2025-03-02,2,311.22,3.7,622.44
C00451,104.332.181-00,P004,2025-04-16,1,169.9,3.7,169.9
C00394,960.013.389-14,P012,2025-03-12,2,299.9,4.1,599.8
C01587,751.868.926-02,P0561,2025-02-22,3,378.79,4.7,1136.37
C00138,960.013.389-14,P003,2025-06-07,2,149.9,4.8,299.8
C01696,131.869.993-24,P1261,2025-12-05,1,281.13,5.0,281.13
C01542,872.333.510-66,P1762,2025-07-05,1,362.16,5.0,362.16
C01990,299.737.631-90,P1914,2025-09-21,3,288.31,4.8,864.93
C01336,564.915.795-22,P0890,2025-02-07,3,238.3,4.0,714.9
C01746,515.093.983-84,P1660,2025-05-28,1,190.68,3.8,190.68
C00238,026.542.351-14,P006,2025-10-12,1,189.9,4.5,189.9
C01780,457.353.236-60,P1261,2026-01-08,1,281.13,4.9,281.13
C00321,083.863.794-99,P012,2025-08-23,1,299.9,4.7,299.9
C00629,566.701.065-80,P0071,2025-06-09,1,133.89,5.0,133.89
C00257,083.863.794-99,P014,2025-06-10,2,129.9,3.7,259.8
C00804,156.277.963-08,P1747,2025-05-30,1,62.69,3.1,62.69
C01498,661.797.968-07,P1091,2026-05-28,2,53.35,4.4,106.7
C00537,982.474.140-23,P0704,2026-01-16,4,80.56,3.9,322.24
C01645,805.891.135-69,P1271,2026-06-11,1,299.27,4.2,299.27
C01213,954.787.698-86,P0360,2025-09-10,1,159.97,5.0,159.97
C01258,889.937.567-40,P1148,2026-06-22,3,66.51,4.2,199.53
C01878,660.937.966-12,P1087,2026-01-18,2,187.09,3.9,374.18
C00864,997.990.707-08,P1354,2025-12-28,1,372.49,4.9,372.49
C00690,921.581.897-97,P1735,2025-11-08,1,238.04,3.4,238.04
C01990,299.737.631-90,P1914,2025-09-21,3,288.31,4.8,864.93
C01115,292.087.510-82,P0424,2025-07-22,1,152.07,4.4,152.07
C01230,998.279.501-50,P0493,2025-07-13,3,116.68,4.2,350.04
C00593,120.047.113-02,P0323,2025-12-22,1,188.13,5.0,188.13
C00431,095.701.543-73,P015,2025-08-30,3,89.9,4.4,269.7
C00340,480.184.514-27,P004,2025-11-10,1,169.9,4.6,169.9
C00448,095.701.543-73,P007,2025-09-30,1,139.9,4.3,139.9
C00391,475.255.341-44,P001,2025-10-21,4,59.9,4.6,239.6
C01494,471.959.796-36,P0052,2025-08-24,1,83.57,3.7,83.57
C00116,480.184.514-27,P005,2025-06-06,1,229.9,4.3,229.9
C01259,311.587.605-07,P1773,2025-02-08,1,206.61,3.6,206.61
C01899,350.305.641-60,P2000,2026-07-04,3,284.24,4.7,852.72
C01532,491.165.020-60,P1759,2026-05-08,2,59.73,4.0,119.46
C00806,525.459.910-31,P0151,2026-04-12,1,212.86,5.0,212.86
C00119,928.327.648-51,P012,2025-10-29,5,299.9,4.1,1499.5
C01669,287.153.991-09,P1452,2026-06-13,1,272.44,4.1,272.44
C00007,095.701.543-73,P003,2025-10-20,2,149.9,4.6,299.8
C01363,699.586.693-23,P1228,2026-03-01,2,307.72,3.7,615.44
C01342,245.393.132-66,P0301,2025-12-27,1,114.27,5.0,114.27
C00384,278.248.963-15,P012,2025-06-03,2,299.9,4.9,599.8
C01480,508.917.768-69,P1212,2025-06-02,2,74.94,4.3,149.88
C00351,489.325.288-70,P006,2025-03-07,3,189.9,4.9,569.7
C00452,960.013.389-14,P004,2025-01-23,1,169.9,3.8,169.9
C01624,717.217.337-60,P0916,2026-06-25,2,130.43,4.3,260.86
C01959,132.719.500-32,P0642,2025-09-17,4,339.04,5.0,1356.16
C00530,800.025.787-43,P015,2026-05-24,1,89.9,4.0,89.9
C01843,502.329.028-01,P1804,2025-05-31,1,278.78,4.5,278.78
C01827,525.777.547-60,P1767,2026-08-02,4,50.87,3.0,203.48
C01539,811.386.338-95,P0415,2025-09-28,2,50.69,5.0,101.38
C00281,350.305.641-60,P005,2025-12-03,4,229.9,4.5,919.6
C00599,396.136.749-34,P1939,2025-03-14,1,184.45,4.8,184.45
C01356,047.541.212-52,P1189,2026-03-18,1,234.84,4.0,234.84
C01999,942.141.052-14,P1931,2025-02-01,1,285.32,4.8,285.32
C01629,842.694.500-70,P0124,2026-07-09,1,220.69,3.6,220.69
C00841,587.603.669-23,P1132,2025-04-08,1,253.08,4.9,253.08
C00471,475.255.341-44,P009,2025-06-14,3,119.9,3.6,359.7
C01921,695.727.908-11,P0968,2025-02-21,1,290.58,4.0,290.58
C00553,121.870.629-53,P1257,2025-08-20,2,369.68,4.4,739.36
C00685,856.218.501-90,P1664,2025-05-05,4,259.75,4.5,1039.0
C01930,181.398.909-52,P0891,2025-12-15,1,394.39,4.5,394.39
C01124,665.722.402-82,P0616,2025-03-18,1,111.28,5.0,111.28
C00530,800.025.787-43,P015,2026-05-24,1,89.9,4.0,89.9
C00011,026.542.351-14,P004,2025-04-09,1,169.9,3.7,169.9
C00860,307.624.843-06,P015,2026-03-19,2,89.9,3.2,179.8
C01973,166.007.676-50,P1542,2025-08-28,4,241.73,5.0,966.92
C00866,971.112.125-50,P1016,2025-07-12,2,269.89,4.7,539.78
C01400,009.751.971-50,P1753,2026-07-09,3,399.83,4.2,1199.49
C00507,546.212.760-00,P0516,2025-11-14,1,330.48,5.0,330.48
C01552,681.820.967-07,P1181,2026-05-20,1,170.96,4.4,170.96
C01552,681.820.967-07,P1181,2026-05-20,1,170.96,4.4,170.96
C01217,387.592.712-56,P0576,2025-12-29,3,190.63,3.3,571.89
C01544,283.483.152-17,P0958,2025-11-11,2,90.43,3.5,180.86
C01158,808.735.437-00,P0240,2025-02-06,2,217.98,3.4,435.96
C00757,127.238.046-74,P0742,2025-02-26,1,342.44,5.0,342.44
C01476,661.825.128-14,P1486,2025-03-18,3,291.37,4.6,874.11
C01671,822.104.016-90,P1202,2025-06-03,2,270.14,4.6,540.28
C01683,195.535.603-34,P1050,2025-04-28,1,239.24,4.6,239.24
C00427,816.184.959-50,P007,2025-12-18,2,139.9,5.0,279.8
C01354,751.648.072-03,P1881,2025-03-08,1,258.95,3.5,258.95
C00009,269.166.978-57,P006,2025-08-05,1,189.9,4.9,189.9
C01144,190.340.438-00,P0182,2025-11-29,3,74.09,4.4,222.27
C01143,211.882.419-07,P0579,2025-09-16,3,365.38,3.6,1096.14
C00727,395.339.421-50,P1705,2025-10-12,5,133.58,4.7,667.9
C01989,200.720.245-00,P0257,2026-07-14,1,212.67,5.0,212.67
C01766,989.413.435-18,P0957,2025-12-30,1,250.31,5.0,250.31
C00078,395.376.724-09,P015,2025-10-04,1,89.9,4.4,89.9
C00418,928.327.648-51,P004,2025-02-27,1,169.9,4.5,169.9
C00416,026.542.351-14,P015,2025-06-21,1,89.9,4.1,89.9
C01796,859.655.942-67,P0816,2026-02-28,1,255.71,3.9,255.71
C01038,095.449.791-07,P0914,2026-06-15,4,76.41,3.8,305.64
C01458,050.922.216-15,P0632,2026-07-16,2,101.19,4.1,202.38
C01620,181.398.909-52,P0236,2026-04-18,1,388.9,3.4,388.9
C01536,697.893.074-11,P1319,2025-02-07,5,174.61,3.4,873.05
C00179,816.184.959-50,P003,2025-03-31,1,149.9,5.0,149.9
C00281,350.305.641-60,P005,2025-12-03,4,229.9,4.5,919.6
C00791,249.839.225-47,P0050,2025-01-26,2,129.18,5.0,258.36
C00677,354.083.866-00,P1638,2025-12-01,1,187.54,4.0,187.54
C01495,111.457.683-26,P1135,2026-06-08,2,79.1,5.0,158.2
C00313,238.849.696-92,P004,2025-10-20,1,169.9,4.0,169.9
C00744,927.742.333-13,P1134,2025-09-05,2,343.18,4.0,686.36
C00474,395.376.724-09,P015,2025-04-15,1,89.9,3.3,89.9
C00378,928.327.648-51,P014,2025-11-16,2,129.9,4.3,259.8
C00346,161.559.407-89,P004,2025-09-10,1,169.9,4.3,169.9
C00391,475.255.341-44,P001,2025-10-21,4,59.9,4.6,239.6
C01129,026.086.982-12,P0808,2025-03-10,1,277.53,3.7,277.53
C00821,403.526.356-73,P0895,2026-05-17,2,184.55,5.0,369.1
C00871,325.122.572-31,P1983,2025-02-09,2,84.25,3.7,168.5
C00959,915.618.298-89,P0854,2025-01-20,2,176.66,4.8,353.32
C01483,082.723.590-90,P0166,2025-01-16,1,155.74,5.0,155.74
C01724,147.379.965-13,P0181,2025-03-22,1,186.08,4.6,186.08
C01053,875.003.691-23,P1983,2025-02-05,1,84.25,3.7,84.25
C01285,261.454.307-10,P1169,2026-06-12,3,399.45,4.2,1198.35
C01478,164.970.169-10,P1897,2025-07-21,2,227.16,3.8,454.32
C01381,651.207.049-64,P1083,2025-07-01,2,58.91,4.5,117.82
C00269,480.184.514-27,P011,2025-06-05,3,249.9,4.2,749.7
C01966,026.086.982-12,P0920,2025-02-23,1,183.07,4.0,183.07
C00330,269.166.978-57,P003,2025-12-20,1,149.9,5.0,149.9
C00824,158.904.290-51,P0724,2026-01-08,1,377.24,4.0,377.24
C01306,854.329.876-86,P1230,2025-08-11,1,79.72,4.5,79.72
C00807,024.286.990-40,P0025,2026-03-12,2,193.39,4.5,386.78
C00487,104.332.181-00,P001,2025-09-30,2,59.9,5.0,119.8
C01847,997.029.271-45,P1763,2025-05-01,1,97.51,4.0,97.51
C00144,960.013.389-14,P013,2025-03-31,2,49.9,3.6,99.8
C00492,475.255.341-44,P012,2025-04-26,1,299.9,4.4,299.9
C01986,235.469.510-18,P1130,2026-08-15,2,362.55,3.9,725.1
C01460,053.161.177-94,P0990,2026-05-25,1,134.79,3.4,134.79
C00174,095.701.543-73,P001,2025-11-13,1,59.9,4.2,59.9
C01510,336.998.795-34,P0199,2025-09-06,1,131.67,4.5,131.67
C01940,537.599.004-02,P1970,2025-07-14,2,150.3,3.4,300.6
C00196,350.305.641-60,P012,2025-06-23,3,299.9,4.0,899.7
C00829,131.869.993-24,P0660,2026-06-26,1,245.2,4.5,245.2
C00937,945.198.327-99,P0307,2026-01-19,2,274.14,4.0,548.28
C00263,026.542.351-14,P009,2025-09-19,1,119.9,4.1,119.9
C00402,532.871.012-69,P014,2025-06-26,4,129.9,4.0,519.6
C00348,083.863.794-99,P002,2025-06-08,1,79.9,4.2,79.9
C00371,350.305.641-60,P008,2025-01-12,1,219.9,3.9,219.9
C00808,353.659.746-70,P0304,2026-03-18,1,184.24,4.8,184.24
C00928,805.721.514-38,P0509,2025-12-15,1,296.55,3.5,296.55
C00476,095.701.543-73,P015,2025-10-27,2,89.9,4.0,179.8
C00579,058.366.834-84,P1464,2025-09-12,1,102.85,4.5,102.85
C00385,489.325.288-70,P014,2025-09-18,2,129.9,4.2,259.8
C01593,155.963.632-78,P0715,2025-09-02,3,59.48,3.3,178.44
C00424,480.184.514-27,P013,2025-05-17,4,49.9,3.9,199.6
C01816,083.136.783-05,P1477,2025-03-08,1,276.36,3.7,276.36
C01078,470.229.604-37,P1117,2025-12-13,1,94.16,4.5,94.16
C01606,100.996.881-58,P0940,2025-12-27,1,133.5,4.4,133.5
C01273,369.552.862-18,P1128,2025-06-19,1,318.91,3.8,318.91
C00533,149.851.724-21,P1738,2025-12-28,1,169.86,3.4,169.86
C01203,481.832.192-33,P0937,2025-06-22,1,227.47,4.7,227.47
C00549,916.503.440-66,P1276,2026-05-23,1,133.38,4.9,133.38
C00238,026.542.351-14,P006,2025-10-12,1,189.9,4.5,189.9
C00510,385.467.854-14,P0616,2026-07-09,1,111.28,4.4,111.28
C00552,906.246.728-83,P0457,2025-06-10,2,389.06,3.9,778.12
C00271,960.013.389-14,P006,2025-05-27,1,189.9,5.0,189.9
C00048,475.255.341-44,P001,2025-12-04,1,59.9,3.7,59.9
C01888,920.613.638-06,P0765,2026-05-09,2,148.09,3.2,296.18
C01027,120.754.527-92,P0018,2025-10-31,3,155.47,3.6,466.41
C00805,339.439.457-07,P0522,2025-03-29,1,53.1,4.9,53.1
C01860,082.400.842-14,P0306,2025-07-29,1,72.43,4.4,72.43
C00450,026.542.351-14,P001,2025-12-05,1,59.9,5.0,59.9
C00806,525.459.910-31,P0151,2026-04-12,1,212.86,5.0,212.86
C01694,318.432.225-40,P0259,2026-08-24,2,105.25,4.4,210.5
C01265,174.101.194-97,P1639,2025-11-06,1,122.73,4.8,122.73
C00799,484.656.482-71,P1485,2025-07-14,1,152.46,3.6,152.46
C00512,254.729.284-00,P0040,2025-11-16,1,51.79,4.5,51.79
C00071,489.325.288-70,P008,2025-01-26,2,219.9,4.5,439.8
C00171,161.559.407-89,P002,2025-08-29,3,79.9,4.1,239.7
C00324,960.013.389-14,P014,2025-12-02,1,129.9,4.0,129.9
C01574,106.273.715-66,P1636,2025-10-01,2,85.55,3.4,171.1
C01279,130.753.841-00,P0274,2025-01-02,1,147.01,4.8,147.01
C00867,686.334.141-71,P1609,2026-07-16,5,213.94,3.5,1069.7
C01566,657.744.916-33,P1592,2025-01-19,3,282.02,3.6,846.06
C00322,960.013.389-14,P006,2025-06-08,2,189.9,5.0,379.8
C00422,083.863.794-99,P007,2025-12-09,1,139.9,3.9,139.9
C00786,033.542.168-75,P0642,2025-11-05,3,339.04,4.7,1017.12
C01835,955.620.533-06,P1206,2026-01-20,5,148.36,4.3,741.8
C01229,607.832.748-82,P1754,2025-01-20,2,260.91,4.8,521.82
C01702,485.625.728-53,P0676,2025-06-22,2,211.04,4.0,422.08
C00497,475.255.341-44,P004,2025-12-21,3,169.9,4.0,509.7
C01697,485.625.728-53,P1829,2025-10-19,2,41.7,5.0,83.4
C00145,480.184.514-27,P015,2025-05-23,1,89.9,3.6,89.9
C00456,489.325.288-70,P004,2025-07-31,1,169.9,5.0,169.9
C01047,850.506.413-57,P0228,2026-06-25,3,323.36,4.8,970.08
C00102,104.332.181-00,P014,2025-08-04,3,129.9,4.6,389.7
C01717,983.863.840-42,P0602,2025-04-01,1,130.57,5.0,130.57
C01735,942.843.479-50,P1114,2025-04-05,1,114.92,3.4,114.92
C01083,634.755.752-56,P0373,2025-08-16,2,149.73,4.3,299.46
C00612,739.774.063-45,P0487,2026-03-23,1,283.56,3.4,283.56
C00198,532.871.012-69,P014,2025-10-13,1,129.9,5.0,129.9
C01238,130.232.129-37,P1731,2025-01-13,1,282.65,4.1,282.65
C01076,860.030.443-14,P0426,2025-10-28,1,382.05,3.5,382.05
C01520,651.939.828-40,P1055,2025-08-04,2,357.31,4.5,714.62
C01206,045.069.176-42,P1535,2025-07-02,1,119.91,3.9,119.91
C00257,083.863.794-99,P014,2025-06-10,2,129.9,3.7,259.8
C00244,104.332.181-00,P002,2025-09-29,1,79.9,4.3,79.9
C01562,104.332.181-00,P1981,2025-09-15,1,120.12,4.9,120.12
C00319,395.376.724-09,P014,2025-11-26,1,129.9,4.4,129.9
C01878,660.937.966-12,P1087,2026-01-18,2,187.09,3.9,374.18
C00212,083.863.794-99,P011,2025-04-19,2,249.9,4.3,499.8
C01457,130.232.129-37,P0818,2025-07-14,1,284.97,5.0,284.97
C01951,020.586.950-54,P0392,2025-04-27,1,322.65,4.4,322.65
C00883,348.389.359-86,P1808,2026-01-10,1,366.29,2.9,366.29
C00114,350.305.641-60,P011,2025-10-25,1,249.9,5.0,249.9
C01754,758.097.453-34,P0381,2026-07-26,1,101.36,4.6,101.36
C00375,269.166.978-57,P003,2025-05-16,2,149.9,4.6,299.8
C01055,809.969.308-68,P0109,2025-06-30,3,380.88,4.3,1142.64
C01970,130.753.841-00,P1648,2025-10-24,1,244.85,4.4,244.85
C01490,792.234.103-20,P0401,2025-11-19,2,316.42,3.6,632.84
C00093,960.013.389-14,P013,2025-01-16,4,49.9,3.9,199.6
C01642,150.983.930-51,P1650,2026-04-19,1,185.65,3.8,185.65
C00323,095.701.543-73,P008,2025-05-10,1,219.9,4.1,219.9
C01499,697.117.980-34,P0915,2025-05-13,2,158.54,4.6,317.08
C01242,781.137.995-32,P0480,2026-07-19,2,158.22,4.5,316.44
C00576,800.106.181-71,P0886,2025-11-16,3,229.0,3.5,687.0
C00848,325.250.029-97,P1427,2025-02-19,1,340.84,4.5,340.84
C00236,960.013.389-14,P005,2025-11-04,1,229.9,4.5,229.9
C01974,418.938.984-66,P1190,2025-04-16,1,214.81,4.5,214.81
C00477,269.166.978-57,P005,2025-03-20,1,229.9,4.8,229.9
C00618,674.584.760-44,P1527,2025-10-19,2,295.85,3.8,591.7
C01006,134.213.882-10,P1519,2026-07-01,2,350.72,4.2,701.44
C01345,119.393.250-56,P1260,2025-10-23,3,380.09,3.8,1140.27
C01011,998.279.501-50,P0162,2025-02-05,1,291.29,4.4,291.29
C01011,998.279.501-50,P0162,2025-02-05,1,291.29,4.4,291.29
C01166,339.055.044-56,P1819,2025-01-31,3,320.21,3.9,960.63
C01716,549.303.646-04,P0618,2025-02-22,2,162.41,4.6,324.82
C00791,249.839.225-47,P0050,2025-01-26,2,129.18,5.0,258.36
C01665,213.125.129-70,P0287,2026-01-29,1,380.19,4.1,380.19
C01574,106.273.715-66,P1636,2025-10-01,2,85.55,3.4,171.1
C01923,364.027.011-81,P0106,2026-01-02,2,221.98,5.0,443.96
C01827,525.777.547-60,P1767,2026-08-02,4,50.87,3.0,203.48
C01597,370.096.873-66,P1146,2026-06-21,1,337.09,3.6,337.09
C00494,095.701.543-73,P008,2025-01-29,2,219.9,4.5,439.8
C01549,168.505.423-46,P0342,2026-05-27,2,60.27,3.7,120.54
C01474,816.649.690-98,P014,2025-10-05,1,129.9,4.9,129.9
C00580,531.943.375-13,P0256,2025-03-04,2,232.48,4.0,464.96
C01356,047.541.212-52,P1189,2026-03-18,1,234.84,4.0,234.84
C00506,943.325.623-99,P1884,2025-03-20,2,246.1,4.2,492.2
C01047,850.506.413-57,P0228,2026-06-25,3,323.36,4.8,970.08
C01594,981.987.809-80,P0564,2025-02-06,1,242.65,4.3,242.65
C00378,928.327.648-51,P014,2025-11-16,2,129.9,4.3,259.8
C00674,532.593.993-99,P0089,2026-08-17,2,396.84,4.5,793.68
C01591,826.832.303-54,P0911,2026-01-30,2,254.9,2.5,509.8
C00908,736.026.064-73,P0579,2025-12-15,1,365.38,3.9,365.38
C01922,074.821.759-20,P0855,2025-03-20,3,151.35,5.0,454.05
C00016,104.332.181-00,P007,2025-05-16,4,139.9,4.2,559.6
C01444,126.691.215-00,P0538,2026-07-14,1,252.78,4.0,252.78
C01629,842.694.500-70,P0124,2026-07-09,1,220.69,3.6,220.69
C01836,624.395.873-62,P0589,2025-09-21,2,193.53,4.2,387.06
C00314,238.849.696-92,P002,2025-09-27,2,79.9,4.0,159.8
C01969,610.089.876-46,P1980,2026-04-19,1,312.37,4.7,312.37
C00785,097.461.917-56,P0658,2025-07-10,3,100.46,4.3,301.38
C00705,772.233.060-68,P1487,2025-08-08,1,344.17,3.5,344.17
C00712,941.184.913-03,P0479,2026-05-16,1,273.19,4.1,273.19
C01277,812.099.576-71,P1698,2026-01-05,2,111.8,4.1,223.6
C01319,341.465.111-43,P0552,2025-04-14,1,357.79,3.6,357.79
C00948,033.810.595-64,P0051,2025-02-26,1,295.15,4.3,295.15
C00143,039.117.182-84,P010,2025-01-11,5,99.9,4.0,499.5
C01974,418.938.984-66,P1190,2025-04-16,1,214.81,4.5,214.81
C00445,095.701.543-73,P003,2025-12-01,3,149.9,5.0,449.7
C00188,960.013.389-14,P015,2025-11-07,2,89.9,4.1,179.8
C01195,717.217.337-60,P1064,2025-08-29,1,104.9,3.2,104.9
C00825,952.058.527-39,P1813,2025-04-28,1,255.79,4.3,255.79
C01232,091.699.854-13,P0070,2026-08-08,2,239.84,3.8,479.68
C01752,348.629.857-77,P0373,2025-05-20,1,149.73,4.0,149.73
C00195,928.327.648-51,P014,2025-03-26,1,129.9,4.5,129.9
C00569,734.764.273-66,P1709,2025-11-27,4,323.42,4.9,1293.68
C01034,759.025.176-30,P1477,2025-07-04,3,276.36,2.7,829.08
C01576,885.652.715-44,P0213,2026-03-31,3,339.93,3.5,1019.79
C01202,019.179.202-02,P0473,2025-04-19,2,72.11,4.4,144.22
C00766,214.477.324-64,P1705,2026-07-29,2,133.58,4.7,267.16
C01221,406.557.820-52,P0771,2025-10-01,2,339.29,2.9,678.58
C01960,341.638.944-11,P0326,2026-04-04,2,223.19,4.2,446.38
C00961,111.978.718-10,P1878,2025-07-01,5,390.61,4.3,1953.05
C01768,787.429.671-04,P0364,2026-06-07,1,275.73,4.8,275.73
C01560,150.274.564-09,P0236,2025-08-18,3,388.9,4.3,1166.7
C00603,739.610.290-16,P1685,2025-12-20,4,123.65,4.9,494.6
C00500,310.341.316-56,P010,2025-03-15,3,99.9,4.1,299.7
C01541,566.246.287-90,P0188,2025-11-13,4,289.3,3.2,1157.2
C00415,816.184.959-50,P015,2025-05-29,3,89.9,4.7,269.7
C00674,532.593.993-99,P0089,2026-08-17,2,396.84,4.5,793.68
C00471,475.255.341-44,P009,2025-06-14,3,119.9,3.6,359.7
C01213,954.787.698-86,P0360,2025-09-10,1,159.97,5.0,159.97
C00589,182.744.857-18,P0698,2025-08-02,2,83.1,4.7,166.2
C01317,617.357.438-10,P1093,2025-03-26,1,74.32,3.9,74.32
C01870,610.277.697-64,P0482,2025-05-08,1,230.74,3.7,230.74
C01660,549.303.646-04,P0241,2025-07-04,1,262.19,4.7,262.19
C01896,927.490.728-16,P1212,2026-03-04,3,74.94,4.1,224.82
C00049,395.376.724-09,P005,2025-02-05,4,229.9,4.6,919.6
C00911,975.711.305-06,P0646,2025-09-01,1,348.56,2.8,348.56
C00441,238.849.696-92,P012,2025-02-02,2,299.9,5.0,599.8
C01836,624.395.873-62,P0589,2025-09-21,2,193.53,4.2,387.06
C01424,143.468.239-04,P0099,2025-05-15,2,203.42,3.5,406.84
C00641,469.263.296-80,P0173,2026-03-18,1,186.6,5.0,186.6
C01128,688.936.289-61,P1832,2025-03-18,2,138.02,4.2,276.04
C01211,199.471.136-12,P0819,2025-12-07,2,160.6,4.1,321.2
C00992,232.194.168-53,P0025,2026-04-30,1,193.39,3.8,193.39
C00949,095.493.059-29,P1839,2025-05-29,1,101.36,4.3,101.36
C00111,489.325.288-70,P004,2025-02-13,1,169.9,3.6,169.9
C00905,406.468.677-25,P0648,2025-01-03,1,296.42,4.7,296.42
C00697,436.585.856-41,P0912,2025-01-03,2,336.38,4.7,672.76
C01637,480.861.317-42,P1554,2026-02-19,2,118.17,3.7,236.34
C01731,847.457.054-92,P1147,2026-06-25,2,351.29,4.7,702.58
C01501,882.493.534-63,P1468,2026-01-04,1,268.48,5.0,268.48
C00062,039.117.182-84,P010,2025-12-02,1,99.9,4.5,99.9
C01683,195.535.603-34,P1050,2025-04-28,1,239.24,4.6,239.24
C00793,512.080.056-42,P1217,2025-02-27,2,256.89,5.0,513.78
C00833,857.256.292-36,P0290,2025-01-31,4,56.82,3.4,227.28
C01891,344.300.910-72,P1371,2025-11-23,1,320.82,4.3,320.82
C01735,942.843.479-50,P1114,2025-04-05,1,114.92,3.4,114.92
C00102,104.332.181-00,P014,2025-08-04,3,129.9,4.6,389.7
C00720,376.769.459-09,P0517,2026-02-20,1,75.35,5.0,75.35
C01500,734.151.773-51,P0114,2025-08-09,1,350.56,3.8,350.56
C01078,470.229.604-37,P1117,2025-12-13,1,94.16,4.5,94.16
C00516,214.770.920-48,P0751,2025-05-21,1,178.08,4.5,178.08
C01050,331.537.795-20,P0738,2025-09-03,2,154.47,4.2,308.94
C01734,327.000.466-41,P1532,2025-01-09,1,276.61,4.7,276.61
C00447,475.255.341-44,P014,2025-01-02,3,129.9,4.8,389.7
C01493,881.056.974-16,P1392,2026-07-21,2,48.57,5.0,97.14
C01470,833.394.522-88,P0677,2025-10-06,2,150.8,3.8,301.6
C01772,029.233.451-69,P1374,2025-04-14,2,289.48,4.1,578.96
C00596,981.829.922-14,P1452,2026-05-26,1,272.44,3.8,272.44
C00432,475.255.341-44,P011,2025-11-02,3,249.9,3.8,749.7
C01096,774.964.990-56,P1330,2026-07-26,1,141.36,5.0,141.36
C01063,187.683.160-03,P1276,2026-06-10,2,133.38,4.8,266.76
C00820,484.656.482-71,P1731,2025-03-13,2,282.65,4.8,565.3
C01559,822.104.016-90,P1392,2026-02-20,2,48.57,4.5,97.14
C01599,812.236.231-14,P1798,2025-12-24,1,198.48,4.4,198.48
C00492,475.255.341-44,P012,2025-04-26,1,299.9,4.4,299.9
C01592,659.116.655-65,P1268,2025-03-22,3,266.41,2.9,799.23
C00462,480.184.514-27,P015,2025-01-30,2,89.9,4.8,179.8
C00816,866.281.372-01,P1399,2026-03-28,2,80.92,4.2,161.84
C00055,104.332.181-00,P009,2025-10-03,2,119.9,4.7,239.8
C00681,617.817.032-72,P1115,2025-03-14,1,238.42,3.6,238.42
C01918,920.613.638-06,P1004,2025-10-30,3,223.87,3.8,671.61
C00886,744.890.612-77,P1590,2025-02-22,4,260.91,3.1,1043.64
C01421,076.617.711-44,P1878,2026-08-30,5,390.61,3.7,1953.05
C00216,161.559.407-89,P013,2025-11-02,1,49.9,3.6,49.9
C01272,884.422.583-29,P0322,2025-02-01,2,311.69,4.2,623.38
C00744,927.742.333-13,P1134,2025-09-05,2,343.18,4.0,686.36
C01488,029.233.451-69,P1590,2025-11-04,3,260.91,4.2,782.73
C01857,630.397.524-05,P0627,2026-05-18,1,312.4,2.9,312.4
C01064,602.437.573-52,P0822,2025-10-31,1,397.81,3.8,397.81
C00206,238.849.696-92,P011,2025-12-23,4,249.9,4.5,999.6
C00953,759.025.176-30,P1825,2025-03-05,4,317.93,4.4,1271.72
C00247,161.559.407-89,P003,2025-11-13,1,149.9,5.0,149.9
C00900,072.239.594-95,P1040,2026-07-20,1,252.84,4.0,252.84
C00123,161.559.407-89,P011,2025-09-09,1,249.9,5.0,249.9
C01281,014.294.019-40,P1727,2025-09-09,1,213.01,3.7,213.01
C00621,629.613.671-40,P1075,2026-07-05,2,377.69,4.1,755.38
C00404,480.184.514-27,P011,2025-05-12,2,249.9,4.2,499.8
C00035,960.013.389-14,P002,2025-11-21,1,79.9,4.2,79.9
C01777,045.238.885-66,P0382,2026-08-29,2,303.6,5.0,607.2
C01675,451.713.395-89,P1783,2025-10-09,1,386.56,3.9,386.56
C01624,717.217.337-60,P0916,2026-06-25,2,130.43,4.3,260.86
C00117,026.542.351-14,P012,2025-04-09,1,299.9,4.5,299.9
C00700,844.198.665-78,P0929,2025-08-06,1,348.17,4.1,348.17
C01943,993.160.875-70,P0222,2025-02-13,1,275.21,3.5,275.21
C01158,808.735.437-00,P0240,2025-02-06,2,217.98,3.4,435.96
C00257,083.863.794-99,P014,2025-06-10,2,129.9,3.7,259.8
C00283,238.849.696-92,P005,2025-12-02,2,229.9,4.2,459.8
C00527,091.843.579-08,P0688,2025-06-07,4,149.58,4.6,598.32
C01945,544.577.029-00,P0893,2026-06-10,4,201.68,4.5,806.72
C00340,480.184.514-27,P004,2025-11-10,1,169.9,4.6,169.9
C01806,397.191.260-51,P0930,2025-09-04,2,182.09,5.0,364.18
C01357,339.439.457-07,P0812,2025-01-24,4,375.61,3.9,1502.44
C01844,696.801.867-50,P1337,2025-06-13,2,188.88,3.3,377.76
C01653,998.989.721-22,P1283,2025-01-06,1,329.87,5.0,329.87
C00665,844.198.665-78,P0736,2026-01-22,2,336.15,5.0,672.3
C01656,181.677.848-60,P1707,2026-02-16,2,67.91,4.0,135.82
C00339,627.048.281-05,P009,2025-07-18,4,119.9,4.6,479.6
C00582,216.591.438-88,P1662,2025-11-10,1,178.27,3.5,178.27
C00424,480.184.514-27,P013,2025-05-17,4,49.9,3.9,199.6
C00267,480.184.514-27,P011,2025-10-17,2,249.9,5.0,499.8
C00181,480.184.514-27,P011,2025-05-11,2,249.9,4.1,499.8
C00375,269.166.978-57,P003,2025-05-16,2,149.9,4.6,299.8
C00241,104.332.181-00,P010,2025-12-03,3,99.9,4.2,299.7
C00761,199.867.980-27,P0851,2026-04-16,3,314.25,4.8,942.75
C00143,039.117.182-84,P010,2025-01-11,5,99.9,4.0,499.5
C00123,161.559.407-89,P011,2025-09-09,1,249.9,5.0,249.9
C01980,045.792.714-32,P1851,2026-01-12,1,313.26,4.7,313.26
C00176,026.542.351-14,P008,2025-03-27,2,219.9,4.7,439.8
C00149,095.701.543-73,P001,2025-08-21,1,59.9,4.5,59.9
C00061,350.305.641-60,P007,2025-10-08,3,139.9,4.3,419.7
C00266,627.048.281-05,P008,2025-10-16,3,219.9,4.1,659.7
C01056,166.123.740-12,P1656,2025-03-11,3,292.0,4.1,876.0
C01655,243.588.537-73,P0255,2025-07-31,1,376.98,4.2,376.98
C01470,833.394.522-88,P0677,2025-10-06,2,150.8,3.8,301.6
C01161,646.225.223-57,P0193,2025-08-28,4,157.31,4.5,629.24
C00171,161.559.407-89,P002,2025-08-29,3,79.9,4.1,239.7
C01549,168.505.423-46,P0342,2026-05-27,2,60.27,3.7,120.54
C00075,816.184.959-50,P012,2025-09-01,2,299.9,4.5,599.8
C01262,546.156.793-27,P0854,2026-01-26,1,176.66,4.7,176.66
C00819,269.166.978-57,P0274,2026-04-05,1,147.01,4.6,147.01
C01765,317.912.868-28,P1983,2025-06-19,3,84.25,4.8,252.75
C00616,623.471.247-90,P0944,2026-03-09,1,47.06,4.4,47.06
C01277,812.099.576-71,P1698,2026-01-05,2,111.8,4.1,223.6
C00880,723.875.082-11,P1811,2025-12-03,3,92.66,3.9,277.98
C01045,676.720.957-06,P0373,2025-03-07,1,149.73,2.7,149.73
C01878,660.937.966-12,P1087,2026-01-18,2,187.09,3.9,374.18
C01426,715.879.647-75,P1792,2025-03-02,2,311.22,3.7,622.44
C00830,816.184.959-50,P0473,2025-05-26,2,72.11,4.2,144.22
C00895,278.532.426-97,P0224,2025-09-23,1,359.78,3.6,359.78
C01410,337.312.552-94,P1539,2026-01-10,4,106.21,4.6,424.84
C00693,617.357.438-10,P0161,2025-03-13,1,288.54,4.7,288.54
C00336,480.184.514-27,P006,2025-07-10,1,189.9,4.9,189.9
C00936,250.583.334-65,P1942,2025-07-08,1,351.24,4.6,351.24
C00137,095.701.543-73,P004,2025-11-28,1,169.9,4.1,169.9
C00340,480.184.514-27,P004,2025-11-10,1,169.9,4.6,169.9
C00842,078.593.110-46,P1004,2025-06-24,1,223.87,3.3,223.87
C01594,981.987.809-80,P0564,2025-02-06,1,242.65,4.3,242.65
C01563,544.577.029-00,P1023,2025-03-18,1,294.21,4.2,294.21
C00522,424.089.164-70,P0114,2026-07-10,2,350.56,3.6,701.12
C00844,621.182.339-81,P0197,2026-02-22,1,315.11,4.7,315.11
C00308,161.559.407-89,P009,2025-11-08,2,119.9,4.2,239.8
C01511,179.469.548-67,P1817,2026-04-07,3,262.67,3.1,788.01
C00493,083.863.794-99,P011,2025-11-29,3,249.9,5.0,749.7
C01600,706.626.682-00,P0573,2026-06-22,3,391.7,5.0,1175.1
C01685,888.992.107-21,P1341,2025-10-25,1,171.21,3.9,171.21
C01379,235.558.099-54,P1643,2025-06-19,4,301.79,3.1,1207.16
C00661,602.206.953-00,P1267,2025-01-19,1,284.61,5.0,284.61
C01906,244.617.679-81,P1035,2025-04-27,3,224.8,3.8,674.4
C01373,481.386.667-06,P0186,2026-07-07,2,205.73,3.5,411.46
C01292,082.723.590-90,P0329,2026-05-04,1,330.08,4.9,330.08
C01713,610.277.697-64,P0417,2026-05-11,3,195.4,5.0,586.2
C01763,170.630.489-70,P1878,2026-05-06,2,390.61,4.2,781.22
C00156,269.166.978-57,P002,2025-04-26,5,79.9,4.3,399.5
C01764,597.779.014-70,P1335,2025-08-08,1,70.57,4.0,70.57
C01531,980.061.558-01,P0248,2025-08-06,3,315.19,3.3,945.57
C00414,960.013.389-14,P014,2025-07-23,3,129.9,3.4,389.7
C00616,623.471.247-90,P0944,2026-03-09,1,47.06,4.4,47.06
C01506,445.822.067-51,P0032,2025-05-26,1,96.97,3.8,96.97
C00434,026.542.351-14,P001,2025-10-08,4,59.9,5.0,239.6
C00905,406.468.677-25,P0648,2025-01-03,1,296.42,4.7,296.42
C01378,157.676.472-91,P1763,2026-02-07,2,97.51,3.9,195.02
C01301,877.347.784-29,P1055,2025-06-02,1,357.31,5.0,357.31
C01820,776.657.546-94,P0460,2026-01-13,1,92.73,4.3,92.73
C00224,026.542.351-14,P008,2025-12-31,4,219.9,4.4,879.6
C00591,278.687.653-21,P0313,2025-09-17,2,103.65,4.0,207.3
C01970,130.753.841-00,P1648,2025-10-24,1,244.85,4.4,244.85
C01138,021.923.785-99,P0020,2026-03-23,2,100.64,3.3,201.28
C00498,083.863.794-99,P011,2025-05-24,3,249.9,4.6,749.7
C00580,531.943.375-13,P0256,2025-03-04,2,232.48,4.0,464.96
C00679,396.271.286-00,P0621,2025-05-29,1,88.49,4.4,88.49
C01109,280.944.858-25,P1934,2025-09-08,1,202.13,5.0,202.13
C00570,734.151.488-40,P1263,2026-05-04,2,63.98,5.0,127.96
C01244,176.539.705-75,P1863,2025-02-17,2,214.05,4.2,428.1
C00891,406.557.820-52,P1781,2025-04-23,1,298.39,2.9,298.39
C01221,406.557.820-52,P0771,2025-10-01,2,339.29,2.9,678.58
C00311,627.048.281-05,P010,2025-10-02,1,99.9,3.9,99.9
C01248,065.379.473-83,P1950,2026-08-03,2,161.89,4.4,323.78
C01850,289.413.475-48,P1730,2025-02-20,1,74.28,3.8,74.28
C00271,960.013.389-14,P006,2025-05-27,1,189.9,5.0,189.9
C00655,580.935.118-22,P1364,2026-07-18,2,376.38,4.3,752.76
C01388,252.129.328-82,P0251,2025-07-01,2,205.31,4.0,410.62
C01235,702.070.160-46,P0523,2026-02-01,2,337.59,3.7,675.18
C01350,055.269.658-72,P1357,2026-01-25,2,145.2,5.0,290.4
C01120,769.475.769-89,P0724,2026-01-15,2,377.24,3.4,754.48
C01366,132.719.500-32,P1669,2025-11-04,2,209.69,2.8,419.38
C01219,312.172.715-03,P1744,2026-02-28,1,293.19,4.6,293.19
C00149,095.701.543-73,P001,2025-08-21,1,59.9,4.5,59.9
C01503,800.025.787-43,P0263,2025-02-05,2,145.21,3.1,290.42
C00894,967.379.487-15,P0584,2026-08-05,1,347.16,4.9,347.16
C00103,026.542.351-14,P007,2025-07-05,2,139.9,4.7,279.8
C00819,269.166.978-57,P0274,2026-04-05,1,147.01,4.6,147.01
C00871,325.122.572-31,P1983,2025-02-09,2,84.25,3.7,168.5
C00174,095.701.543-73,P001,2025-11-13,1,59.9,4.2,59.9
C01993,339.137.326-16,P0402,2025-07-13,3,130.66,4.5,391.98
C00445,095.701.543-73,P003,2025-12-01,3,149.9,5.0,449.7
C00662,718.749.603-64,P1008,2026-08-05,4,198.29,4.5,793.16
C00882,390.409.074-71,P0433,2025-12-28,2,244.31,3.5,488.62
C01666,663.955.172-10,P1912,2025-05-08,1,223.94,5.0,223.94
C01486,145.593.766-54,P1064,2025-12-07,2,104.9,4.8,209.8
C01542,872.333.510-66,P1762,2025-07-05,1,362.16,5.0,362.16
C00475,269.166.978-57,P001,2025-10-16,3,59.9,4.5,179.7
C01691,328.980.271-03,P0615,2026-04-08,2,54.82,3.7,109.64
C01660,549.303.646-04,P0241,2025-07-04,1,262.19,4.7,262.19
C00928,805.721.514-38,P0509,2025-12-15,1,296.55,3.5,296.55
C01092,882.493.534-63,P1890,2025-02-12,1,253.86,4.2,253.86
C00075,816.184.959-50,P012,2025-09-01,2,299.9,4.5,599.8
C01521,801.006.231-66,P0440,2025-07-10,1,71.62,5.0,71.62
C01922,074.821.759-20,P0855,2025-03-20,3,151.35,5.0,454.05
C00946,090.797.727-80,P1517,2025-05-31,1,89.19,5.0,89.19
C01082,660.965.699-19,P1703,2026-02-21,1,171.46,4.5,171.46
C00999,145.057.661-36,P1703,2025-06-04,1,171.46,3.7,171.46
C00166,269.166.978-57,P001,2025-06-12,2,59.9,4.9,119.8
C01240,328.980.271-03,P1328,2025-10-19,1,204.81,4.0,204.81
C01443,842.530.428-80,P0072,2026-04-13,3,133.27,3.6,399.81
C01856,879.508.304-92,P0216,2026-02-15,1,56.43,3.5,56.43
C01860,082.400.842-14,P0306,2025-07-29,1,72.43,4.4,72.43
C00984,341.232.812-06,P0350,2025-02-26,1,343.01,3.8,343.01
C01918,920.613.638-06,P1004,2025-10-30,3,223.87,3.8,671.61
C01058,663.723.950-02,P0583,2025-03-06,1,54.57,5.0,54.57
C01285,261.454.307-10,P1169,2026-06-12,3,399.45,4.2,1198.35
C01204,646.225.223-57,P1178,2026-06-10,2,257.52,3.4,515.04
C01998,529.113.717-71,P1763,2025-01-11,4,97.51,3.8,390.04
C01476,661.825.128-14,P1486,2025-03-18,3,291.37,4.6,874.11
C00241,104.332.181-00,P010,2025-12-03,3,99.9,4.2,299.7
C00144,960.013.389-14,P013,2025-03-31,2,49.9,3.6,99.8
C00820,484.656.482-71,P1731,2025-03-13,2,282.65,4.8,565.3
C01032,328.980.271-03,P0574,2025-09-11,1,264.33,4.2,264.33
C01338,431.115.083-07,P1013,2026-08-14,1,310.82,4.1,310.82
C00964,364.027.011-81,P0029,2026-03-03,1,81.4,4.7,81.4
C01030,268.171.516-43,P1471,2025-10-16,1,287.99,4.9,287.99
C01844,696.801.867-50,P1337,2025-06-13,2,188.88,3.3,377.76
C00670,152.910.867-50,P0378,2025-02-14,1,381.19,4.0,381.19
C00988,181.677.848-60,P1328,2025-03-10,1,204.81,4.3,204.81
C01115,292.087.510-82,P0424,2025-07-22,1,152.07,4.4,152.07
C00937,945.198.327-99,P0307,2026-01-19,2,274.14,4.0,548.28
C01937,701.840.943-80,P1333,2026-08-20,1,292.52,3.1,292.52
C01925,414.060.293-78,P1516,2025-06-24,1,118.32,3.8,118.32
C01027,120.754.527-92,P0018,2025-10-31,3,155.47,3.6,466.41
C00902,302.992.280-45,P1688,2025-08-04,5,148.42,4.3,742.1
C01178,837.455.084-83,P1254,2026-04-18,3,301.65,3.8,904.95
C00362,475.255.341-44,P013,2025-12-17,1,49.9,3.6,49.9
C00852,543.173.505-56,P1018,2025-07-23,1,193.39,3.6,193.39
C00434,026.542.351-14,P001,2025-10-08,4,59.9,5.0,239.6
C00289,161.559.407-89,P002,2025-06-01,3,79.9,4.8,239.7
C00191,161.559.407-89,P011,2025-02-19,4,249.9,4.4,999.6
C01175,375.060.685-40,P1492,2025-02-26,1,181.11,5.0,181.11
C00002,238.849.696-92,P008,2025-09-22,2,219.9,5.0,439.8
C01293,987.820.829-01,P1183,2025-02-11,1,180.2,4.8,180.2
C00864,997.990.707-08,P1354,2025-12-28,1,372.49,4.9,372.49
C00733,045.069.176-42,P0984,2025-08-05,2,191.36,4.0,382.72
C01539,811.386.338-95,P0415,2025-09-28,2,50.69,5.0,101.38
C01078,470.229.604-37,P1117,2025-12-13,1,94.16,4.5,94.16
C01467,497.567.922-13,P1230,2026-04-09,3,79.72,3.3,239.16
C01419,453.198.074-30,P1415,2025-07-05,3,223.17,4.7,669.51
C00065,278.248.963-15,P006,2025-02-17,3,189.9,4.8,569.7
C00431,095.701.543-73,P015,2025-08-30,3,89.9,4.4,269.7
C01140,109.678.994-94,P1180,2026-07-19,1,195.67,4.0,195.67
C01952,855.245.787-31,P1147,2026-06-14,1,351.29,4.4,351.29
C00309,026.542.351-14,P013,2025-05-28,1,49.9,4.1,49.9
C00212,083.863.794-99,P011,2025-04-19,2,249.9,4.3,499.8
C01883,553.470.574-40,P1751,2025-10-25,2,108.23,3.6,216.46
C01934,093.106.684-07,P1489,2025-07-01,2,338.86,3.8,677.72
C00335,238.849.696-92,P006,2025-07-16,4,189.9,5.0,759.6
C00804,156.277.963-08,P1747,2025-05-30,1,62.69,3.1,62.69
C01254,734.206.969-81,P1461,2026-07-23,3,148.18,4.6,444.54
C00391,475.255.341-44,P001,2025-10-21,4,59.9,4.6,239.6
C00653,788.178.847-07,P0691,2025-03-01,1,245.46,4.0,245.46
C00791,249.839.225-47,P0050,2025-01-26,2,129.18,5.0,258.36
C01284,090.255.618-53,P1539,2025-02-05,4,106.21,4.0,424.84
C00617,385.179.937-21,P0050,2025-02-13,4,129.18,5.0,516.72
C00825,952.058.527-39,P1813,2025-04-28,1,255.79,4.3,255.79
C00580,531.943.375-13,P0256,2025-03-04,2,232.48,4.0,464.96
C01520,651.939.828-40,P1055,2025-08-04,2,357.31,4.5,714.62
C00307,627.048.281-05,P008,2025-11-12,1,219.9,4.6,219.9
C00462,480.184.514-27,P015,2025-01-30,2,89.9,4.8,179.8
C00500,310.341.316-56,P010,2025-03-15,3,99.9,4.1,299.7
C01812,173.934.835-48,P0608,2025-02-02,1,299.03,5.0,299.03
C01889,540.641.769-01,P1419,2026-05-10,2,372.65,3.4,745.3
C01001,150.317.807-20,P0116,2025-10-19,1,262.11,3.7,262.11
C00313,238.849.696-92,P004,2025-10-20,1,169.9,4.0,169.9
C01513,639.821.465-00,P1537,2025-11-06,2,305.68,4.0,611.36
C00985,428.596.932-70,P0966,2025-10-19,1,299.69,3.8,299.69
C01700,724.380.701-10,P0894,2026-03-08,1,378.02,3.4,378.02
C00720,376.769.459-09,P0517,2026-02-20,1,75.35,5.0,75.35
C01998,529.113.717-71,P1763,2025-01-11,4,97.51,3.8,390.04
C01615,456.350.200-62,P1269,2025-12-10,1,94.32,4.7,94.32
C00448,095.701.543-73,P007,2025-09-30,1,139.9,4.3,139.9
C01452,544.948.126-84,P1015,2025-10-28,2,256.53,3.9,513.06
C00574,223.105.927-49,P0825,2026-07-31,1,301.41,4.0,301.41
C00700,844.198.665-78,P0929,2025-08-06,1,348.17,4.1,348.17
C00501,889.937.567-40,P1948,2025-09-13,1,127.94,4.8,127.94
C01365,500.978.820-97,P0221,2026-05-18,1,244.91,2.7,244.91
C00526,923.234.210-34,P1449,2025-09-23,1,149.73,4.1,149.73
C01278,940.244.550-10,P0941,2026-06-27,1,91.64,2.9,91.64
C01165,879.508.304-92,P1848,2025-04-28,1,173.22,4.3,173.22
C01502,447.012.045-60,P1238,2026-02-10,1,47.19,4.6,47.19
C01988,876.553.007-12,P0406,2026-03-01,1,147.97,4.6,147.97
C00018,627.048.281-05,P003,2025-04-08,1,149.9,3.8,149.9
C01981,471.754.558-36,P1186,2025-03-24,1,341.88,4.8,341.88
C00219,475.255.341-44,P010,2025-06-15,1,99.9,4.2,99.9
C01054,307.624.843-06,P0269,2025-09-12,1,231.52,3.9,231.52
C00682,029.295.014-48,P0501,2025-02-12,1,118.23,3.5,118.23
C01279,130.753.841-00,P0274,2025-01-02,1,147.01,4.8,147.01
C01444,126.691.215-00,P0538,2026-07-14,1,252.78,4.0,252.78
C01720,867.808.562-23,P1195,2025-09-06,1,399.87,3.4,399.87
C00804,156.277.963-08,P1747,2025-05-30,1,62.69,3.1,62.69
C01866,740.148.902-36,P1109,2026-05-24,2,61.71,3.5,123.42
C00645,339.439.457-07,P0034,2025-12-24,1,270.33,4.1,270.33
C00408,395.376.724-09,P012,2025-08-30,1,299.9,4.7,299.9
C00759,691.311.964-03,P0099,2025-04-24,1,203.42,5.0,203.42
C01058,663.723.950-02,P0583,2025-03-06,1,54.57,5.0,54.57
C01337,911.289.812-03,P0826,2025-11-01,1,370.57,4.0,370.57
C01666,663.955.172-10,P1912,2025-05-08,1,223.94,5.0,223.94
C00450,026.542.351-14,P001,2025-12-05,1,59.9,5.0,59.9
C00607,681.820.967-07,P0734,2026-02-06,4,377.86,4.9,1511.44
C01878,660.937.966-12,P1087,2026-01-18,2,187.09,3.9,374.18
C00880,723.875.082-11,P1811,2025-12-03,3,92.66,3.9,277.98
C00484,475.255.341-44,P002,2025-12-29,1,79.9,4.2,79.9
C01972,805.721.514-38,P1214,2026-03-21,1,247.16,4.9,247.16
C00898,481.754.965-33,P1518,2026-03-16,1,215.34,3.2,215.34
C01971,901.476.797-88,P1814,2026-06-29,1,233.38,4.4,233.38
C01839,252.410.564-40,P1696,2025-12-09,4,48.91,5.0,195.64
C01813,793.714.521-88,P0303,2025-09-29,1,288.37,5.0,288.37
C01164,290.018.513-04,P1867,2026-07-16,1,116.94,4.7,116.94
C01597,370.096.873-66,P1146,2026-06-21,1,337.09,3.6,337.09
C01922,074.821.759-20,P0855,2025-03-20,3,151.35,5.0,454.05
C00539,076.810.409-27,P0171,2025-01-20,2,348.71,4.4,697.42
C00076,928.327.648-51,P013,2025-09-24,2,49.9,3.0,99.8
C00642,424.936.312-00,P0094,2025-08-01,2,363.41,4.9,726.82
C01274,216.376.182-71,P0832,2026-02-20,2,148.33,4.0,296.66
C01095,020.586.950-54,P1186,2026-04-15,1,341.88,5.0,341.88
C00162,104.332.181-00,P005,2025-06-02,3,229.9,4.4,689.7
C01122,916.503.440-66,P0664,2026-07-31,2,161.91,3.6,323.82
C00349,627.048.281-05,P009,2025-07-30,3,119.9,4.1,359.7
C01012,402.681.177-80,P1056,2026-02-15,1,79.52,4.1,79.52
C01152,663.439.252-87,P0238,2025-03-30,1,306.67,4.0,306.67
C01274,216.376.182-71,P0832,2026-02-20,2,148.33,4.0,296.66
C00826,174.101.194-97,P1267,2025-05-12,2,284.61,5.0,569.22
C00817,866.281.372-01,P0471,2025-12-28,1,112.85,3.6,112.85
C01358,646.225.223-57,P1532,2025-11-13,1,276.61,4.8,276.61
C01499,697.117.980-34,P0915,2025-05-13,2,158.54,4.6,317.08
C01616,109.104.300-04,P1218,2025-10-18,3,169.24,4.4,507.72
C00668,096.561.014-48,P0077,2026-01-27,1,148.35,4.8,148.35
C00849,121.461.476-01,P0665,2025-07-17,3,102.68,3.6,308.04
C00662,718.749.603-64,P1008,2026-08-05,4,198.29,4.5,793.16
C01056,166.123.740-12,P1656,2025-03-11,3,292.0,4.1,876.0
C00255,095.701.543-73,P014,2025-12-09,3,129.9,5.0,389.7
C00861,114.983.074-34,P0139,2025-11-13,3,195.23,5.0,585.69
C00378,928.327.648-51,P014,2025-11-16,2,129.9,4.3,259.8
C01065,215.632.135-32,P0164,2025-06-19,4,62.36,4.4,249.44
C01702,485.625.728-53,P0676,2025-06-22,2,211.04,4.0,422.08
C01971,901.476.797-88,P1814,2026-06-29,1,233.38,4.4,233.38
C00893,376.815.118-22,P1524,2025-12-18,1,183.82,4.9,183.82
C00113,627.048.281-05,P008,2025-01-09,1,219.9,4.4,219.9
C00456,489.325.288-70,P004,2025-07-31,1,169.9,5.0,169.9
C00210,238.849.696-92,P009,2025-11-27,1,119.9,4.4,119.9
C01519,066.149.828-00,P0935,2025-08-13,4,166.64,4.8,666.56
C01970,130.753.841-00,P1648,2025-10-24,1,244.85,4.4,244.85
C01108,879.643.474-03,P0050,2025-05-12,2,129.18,4.9,258.36
C00354,475.255.341-44,P006,2025-09-23,3,189.9,5.0,569.7
C00043,475.255.341-44,P014,2025-03-25,5,129.9,4.6,649.5
C01953,459.011.079-26,P0645,2025-04-15,1,192.42,4.3,192.42
C00633,853.890.972-03,P0037,2025-01-30,2,245.96,4.1,491.92
C00225,083.863.794-99,P015,2025-02-11,1,89.9,4.2,89.9
C00355,083.863.794-99,P005,2025-04-11,2,229.9,4.5,459.8
C00511,776.655.868-80,P1141,2025-01-05,1,165.87,5.0,165.87
C01312,971.506.662-30,P1689,2026-07-11,2,360.37,3.9,720.74
C01784,241.270.493-75,P1266,2025-07-04,1,96.02,4.6,96.02
C00551,108.046.619-36,P1852,2025-11-11,2,211.21,4.2,422.42
C01375,441.233.613-15,P0089,2026-06-05,3,396.84,5.0,1190.52
C00130,039.117.182-84,P007,2025-06-06,2,139.9,4.2,279.8
C00021,489.325.288-70,P002,2025-04-06,1,79.9,5.0,79.9
C00110,278.248.963-15,P012,2025-05-22,2,299.9,4.1,599.8
C01847,997.029.271-45,P1763,2025-05-01,1,97.51,4.0,97.51
C01164,290.018.513-04,P1867,2026-07-16,1,116.94,4.7,116.94
C01611,435.811.288-96,P0885,2025-10-26,1,217.97,4.2,217.97
C00044,104.332.181-00,P003,2025-06-20,3,149.9,3.7,449.7
C00045,269.166.978-57,P013,2025-12-09,3,49.9,4.0,149.7
C01698,661.016.831-84,P1122,2025-09-29,1,322.43,3.6,322.43
C00206,238.849.696-92,P011,2025-12-23,4,249.9,4.5,999.6
C00311,627.048.281-05,P010,2025-10-02,1,99.9,3.9,99.9
C01038,095.449.791-07,P0914,2026-06-15,4,76.41,3.8,305.64
C01214,776.655.868-80,P0778,2025-08-26,2,245.77,5.0,491.54
C00458,269.166.978-57,P009,2025-09-11,1,119.9,3.7,119.9
C00890,179.469.548-67,P1602,2025-09-16,1,132.85,4.3,132.85
C01350,055.269.658-72,P1357,2026-01-25,2,145.2,5.0,290.4
C00886,744.890.612-77,P1590,2025-02-22,4,260.91,3.1,1043.64
C00766,214.477.324-64,P1705,2026-07-29,2,133.58,4.7,267.16
C00144,960.013.389-14,P013,2025-03-31,2,49.9,3.6,99.8
C00904,707.139.848-80,P1652,2025-07-17,3,88.99,3.3,266.97
C01606,100.996.881-58,P0940,2025-12-27,1,133.5,4.4,133.5
C01254,734.206.969-81,P1461,2026-07-23,3,148.18,4.6,444.54
C01787,354.083.866-00,P1683,2025-01-07,1,131.24,5.0,131.24
C00253,350.305.641-60,P006,2025-03-03,1,189.9,4.8,189.9
C00023,278.248.963-15,P001,2025-11-14,1,59.9,4.2,59.9
C01097,981.987.809-80,P1101,2026-01-04,4,250.01,5.0,1000.04
C00358,278.248.963-15,P006,2025-10-16,1,189.9,4.2,189.9
C01188,567.983.631-99,P1421,2025-09-07,2,245.06,4.0,490.12
C01808,275.539.423-40,P1646,2026-01-15,2,98.61,4.4,197.22
C00675,642.152.265-38,P0261,2025-10-28,2,332.28,3.6,664.56
C01099,563.268.685-05,P0477,2025-12-18,1,358.18,3.3,358.18
C01364,238.397.283-55,P0600,2026-07-27,4,123.46,3.2,493.84
C00301,928.327.648-51,P008,2025-09-20,1,219.9,3.3,219.9
C01795,842.530.428-80,P0368,2025-12-26,1,128.06,5.0,128.06
C00406,026.542.351-14,P010,2025-10-28,1,99.9,4.1,99.9
C01617,790.504.043-75,P1676,2025-04-01,1,156.21,3.4,156.21
C01320,229.712.529-14,P1214,2025-04-27,3,247.16,3.8,741.48
C00282,083.863.794-99,P010,2025-12-06,1,99.9,4.0,99.9
C01450,018.596.263-78,P0590,2025-12-20,1,164.76,4.0,164.76
C00393,310.341.316-56,P007,2025-09-14,3,139.9,5.0,419.7
C01199,888.992.107-21,P0843,2026-06-16,1,388.8,4.1,388.8
C01920,599.302.020-21,P1881,2025-09-23,3,258.95,4.9,776.85
C01907,964.338.532-93,P0439,2026-08-24,1,336.98,3.9,336.98
C01743,228.277.288-18,P0638,2025-04-01,2,340.99,5.0,681.98
C00989,701.436.349-25,P0188,2026-08-08,4,289.3,4.0,1157.2
C01120,769.475.769-89,P0724,2026-01-15,2,377.24,3.4,754.48
C00601,554.864.015-15,P0270,2025-02-06,1,121.94,5.0,121.94
C01842,472.727.423-05,P014,2026-07-05,1,129.9,4.3,129.9
C00955,324.609.539-68,P1967,2025-06-21,5,320.5,3.4,1602.5
C01544,283.483.152-17,P0958,2025-11-11,2,90.43,3.5,180.86
C00720,376.769.459-09,P0517,2026-02-20,1,75.35,5.0,75.35
C01481,895.400.178-58,P0198,2026-06-28,1,47.67,4.6,47.67
C00449,475.255.341-44,P004,2025-08-24,1,169.9,3.9,169.9
C01468,403.910.651-22,P0369,2025-06-03,1,348.36,5.0,348.36
C00092,238.849.696-92,P004,2025-11-29,1,169.9,4.0,169.9
C00210,238.849.696-92,P009,2025-11-27,1,119.9,4.4,119.9
C00705,772.233.060-68,P1487,2025-08-08,1,344.17,3.5,344.17
C00965,694.320.293-60,P0652,2025-02-24,1,324.31,3.4,324.31
C01423,375.243.106-76,P0345,2026-03-18,1,213.68,5.0,213.68
C00719,105.053.795-54,P1672,2026-06-05,2,156.44,3.8,312.88
C00037,480.184.514-27,P009,2025-12-28,1,119.9,4.2,119.9
C00651,670.241.038-76,P1379,2025-04-16,1,343.99,4.5,343.99
C00879,817.852.282-93,P1238,2026-08-15,2,47.19,3.7,94.38
C01088,082.404.335-96,P0115,2026-08-22,1,94.28,4.0,94.28
C01289,347.491.624-69,P1746,2025-10-03,3,392.01,5.0,1176.03
C00496,026.542.351-14,P015,2025-09-28,4,89.9,3.8,359.6
C01221,406.557.820-52,P0771,2025-10-01,2,339.29,2.9,678.58
C01264,491.165.020-60,P1194,2026-01-07,2,232.88,4.0,465.76
C01554,732.283.608-14,P0740,2025-11-13,2,220.34,5.0,440.68
C01045,676.720.957-06,P0373,2025-03-07,1,149.73,2.7,149.73
C01622,933.163.735-78,P1062,2025-03-31,5,62.78,4.3,313.9
C00444,532.871.012-69,P008,2025-07-13,1,219.9,3.9,219.9
C01424,143.468.239-04,P0099,2025-05-15,2,203.42,3.5,406.84
C00092,238.849.696-92,P004,2025-11-29,1,169.9,4.0,169.9
C00206,238.849.696-92,P011,2025-12-23,4,249.9,4.5,999.6
C01730,455.574.696-13,P1148,2025-03-06,1,66.51,4.6,66.51
C00951,481.754.965-33,P1597,2026-07-28,1,331.04,4.7,331.04
C01242,781.137.995-32,P0480,2026-07-19,2,158.22,4.5,316.44
C01207,566.246.287-90,P1115,2025-08-08,2,238.42,3.4,476.84
C01390,678.274.117-20,P1489,2025-12-26,3,338.86,4.1,1016.58
C00492,475.255.341-44,P012,2025-04-26,1,299.9,4.4,299.9
C00357,816.184.959-50,P010,2025-10-25,1,99.9,3.8,99.9
C00086,532.871.012-69,P012,2025-03-26,3,299.9,4.5,899.7
C01730,455.574.696-13,P1148,2025-03-06,1,66.51,4.6,66.51
C00448,095.701.543-73,P007,2025-09-30,1,139.9,4.3,139.9
C01151,722.820.055-11,P1011,2025-05-12,1,233.36,4.1,233.36
C00910,184.723.046-63,P1492,2026-02-07,1,181.11,5.0,181.11
C00325,026.542.351-14,P013,2025-07-08,1,49.9,3.5,49.9
C00828,536.822.239-40,P0027,2025-09-04,1,205.64,4.5,205.64
C00167,532.871.012-69,P007,2025-12-06,3,139.9,4.3,419.7
C00354,475.255.341-44,P006,2025-09-23,3,189.9,5.0,569.7
C00280,395.376.724-09,P002,2025-10-13,2,79.9,3.9,159.8
C01649,014.188.421-50,P0667,2025-10-01,2,211.6,4.0,423.2
C01135,005.329.318-58,P1948,2026-01-07,1,127.94,4.0,127.94
C01852,253.666.777-42,P1024,2026-06-21,1,123.97,3.2,123.97
C00872,721.329.016-94,P1635,2025-06-21,1,283.55,3.6,283.55
C00403,161.559.407-89,P005,2025-01-22,1,229.9,4.6,229.9
C01218,033.793.375-87,P1382,2025-01-08,3,78.71,4.2,236.13
C01860,082.400.842-14,P0306,2025-07-29,1,72.43,4.4,72.43
C01066,258.660.598-51,P1288,2025-03-19,2,143.57,3.6,287.14
C00036,161.559.407-89,P011,2025-05-15,1,249.9,4.6,249.9
C00608,923.603.768-29,P0886,2025-05-15,1,229.0,5.0,229.0
C01850,289.413.475-48,P1730,2025-02-20,1,74.28,3.8,74.28
C01037,661.016.831-84,P1273,2026-03-10,3,152.06,4.3,456.18
C01904,900.287.721-80,P1275,2025-01-02,1,292.99,5.0,292.99
C01019,033.793.375-87,P0513,2026-06-08,2,347.89,3.1,695.78
C00025,395.376.724-09,P004,2025-05-16,1,169.9,3.9,169.9
C01747,394.498.830-25,P0402,2025-06-06,1,130.66,4.4,130.66
C01527,706.056.641-45,P0453,2025-12-28,1,152.65,3.7,152.65
C01431,607.337.543-33,P1733,2026-02-01,3,333.2,4.3,999.6
C01941,740.148.902-36,P1189,2025-06-22,1,234.84,3.8,234.84
C00393,310.341.316-56,P007,2025-09-14,3,139.9,5.0,419.7
C01812,173.934.835-48,P0608,2025-02-02,1,299.03,5.0,299.03
C00466,960.013.389-14,P014,2025-02-07,1,129.9,4.7,129.9
C01942,371.162.411-16,P0845,2025-02-01,1,376.3,5.0,376.3
C00383,489.325.288-70,P003,2025-06-17,4,149.9,4.4,599.6
C01101,805.721.514-38,P1529,2025-08-22,1,102.01,4.3,102.01
C01579,221.158.718-63,P1708,2026-05-27,1,397.6,4.0,397.6
C00157,026.542.351-14,P008,2025-03-02,2,219.9,4.9,439.8
C00134,960.013.389-14,P004,2025-05-28,2,169.9,3.6,339.8
C01700,724.380.701-10,P0894,2026-03-08,1,378.02,3.4,378.02
C00121,238.849.696-92,P003,2025-06-04,1,149.9,4.2,149.9
C01228,754.661.766-99,P0068,2025-09-23,1,348.95,4.9,348.95
C01877,655.779.082-05,P1141,2026-02-07,1,165.87,4.6,165.87
C01230,998.279.501-50,P0493,2025-07-13,3,116.68,4.2,350.04
C00963,759.025.176-30,P1014,2025-09-25,3,111.34,3.6,334.02
C00835,638.318.285-47,P0865,2026-03-13,3,249.97,4.1,749.91
C01277,812.099.576-71,P1698,2026-01-05,2,111.8,4.1,223.6
C01144,190.340.438-00,P0182,2025-11-29,3,74.09,4.4,222.27
C01004,297.585.988-05,P0489,2026-03-31,4,54.41,4.5,217.64
C00308,161.559.407-89,P009,2025-11-08,2,119.9,4.2,239.8
C01326,724.619.196-82,P0892,2026-04-07,1,318.34,3.8,318.34
C01480,508.917.768-69,P1212,2025-06-02,2,74.94,4.3,149.88
C01418,686.334.141-71,P1468,2025-03-11,1,268.48,5.0,268.48
C00151,104.332.181-00,P011,2025-10-05,2,249.9,5.0,499.8
C01406,491.507.628-85,P0456,2026-05-29,4,257.56,3.8,1030.24
C01460,053.161.177-94,P0990,2026-05-25,1,134.79,3.4,134.79
C00367,026.542.351-14,P005,2025-08-19,1,229.9,5.0,229.9
C01698,661.016.831-84,P1122,2025-09-29,1,322.43,3.6,322.43
C01048,298.315.229-40,P0587,2025-12-24,1,290.15,4.2,290.15
C00945,042.359.737-03,P1205,2025-03-16,2,263.84,4.8,527.68
C01446,646.225.179-49,P0998,2025-05-27,1,369.45,3.9,369.45
C01020,706.626.682-00,P1249,2025-06-19,2,257.41,4.5,514.82
C01090,361.128.497-12,P1590,2025-06-24,1,260.91,3.3,260.91
C00625,563.268.685-05,P0182,2025-12-28,3,74.09,5.0,222.27
C01856,879.508.304-92,P0216,2026-02-15,1,56.43,3.5,56.43
C01939,820.297.021-02,P1539,2026-06-10,1,106.21,4.2,106.21
C00261,039.117.182-84,P007,2025-09-26,1,139.9,4.9,139.9
C01467,497.567.922-13,P1230,2026-04-09,3,79.72,3.3,239.16
C00047,475.255.341-44,P004,2025-08-24,1,169.9,4.5,169.9
C00738,143.468.239-04,P1327,2026-08-05,1,225.32,3.9,225.32
C01940,537.599.004-02,P1970,2025-07-14,2,150.3,3.4,300.6
C00350,395.376.724-09,P011,2025-02-07,1,249.9,4.4,249.9
C00754,172.131.451-26,P0739,2025-09-01,1,167.65,4.0,167.65
C00440,310.341.316-56,P010,2025-02-07,1,99.9,4.7,99.9
C01457,130.232.129-37,P0818,2025-07-14,1,284.97,5.0,284.97
C00928,805.721.514-38,P0509,2025-12-15,1,296.55,3.5,296.55
C01187,019.179.202-02,P1594,2026-07-09,1,284.73,4.2,284.73
C01886,267.146.283-23,P1321,2025-09-08,2,297.44,4.0,594.88
C01043,510.740.913-02,P1479,2025-08-07,2,238.39,4.6,476.78
C01469,734.151.773-51,P0017,2025-08-22,1,299.42,4.4,299.42
C00196,350.305.641-60,P012,2025-06-23,3,299.9,4.0,899.7
C00431,095.701.543-73,P015,2025-08-30,3,89.9,4.4,269.7
C01894,536.051.171-04,P0289,2026-06-12,4,339.92,4.0,1359.68
C01720,867.808.562-23,P1195,2025-09-06,1,399.87,3.4,399.87
C01314,510.740.913-02,P0515,2025-10-01,3,317.25,5.0,951.75
C00757,127.238.046-74,P0742,2025-02-26,1,342.44,5.0,342.44
C00400,627.048.281-05,P006,2025-10-14,4,189.9,4.3,759.6
C01704,121.377.306-77,P1279,2025-06-08,3,163.2,4.4,489.6
C01571,995.123.972-26,P1197,2025-02-16,1,257.82,4.8,257.82
C00484,475.255.341-44,P002,2025-12-29,1,79.9,4.2,79.9
C01180,869.996.988-05,P0825,2025-09-09,2,301.41,4.4,602.82
C01238,130.232.129-37,P1731,2025-01-13,1,282.65,4.1,282.65
C00955,324.609.539-68,P1967,2025-06-21,5,320.5,3.4,1602.5
C01854,623.869.222-78,P1608,2026-01-30,1,394.6,3.3,394.6
C00249,928.327.648-51,P004,2025-09-20,1,169.9,3.8,169.9
C00516,214.770.920-48,P0751,2025-05-21,1,178.08,4.5,178.08
C00191,161.559.407-89,P011,2025-02-19,4,249.9,4.4,999.6
C01386,163.248.889-24,P1204,2025-10-10,1,85.85,3.0,85.85
C01289,347.491.624-69,P1746,2025-10-03,3,392.01,5.0,1176.03
C01975,081.974.005-55,P1649,2026-06-08,1,115.33,4.3,115.33
C01085,973.502.080-73,P0984,2026-03-12,1,191.36,3.3,191.36
C00302,475.255.341-44,P014,2025-08-19,3,129.9,4.7,389.7
C00902,302.992.280-45,P1688,2025-08-04,5,148.42,4.3,742.1
C00177,104.332.181-00,P001,2025-06-16,3,59.9,4.4,179.7
C01342,245.393.132-66,P0301,2025-12-27,1,114.27,5.0,114.27
C01349,773.126.881-01,P0307,2025-01-17,3,274.14,4.0,822.42
C01716,549.303.646-04,P0618,2025-02-22,2,162.41,4.6,324.82
C00680,114.983.074-34,P0328,2026-07-04,4,344.41,4.4,1377.64
C00621,629.613.671-40,P1075,2026-07-05,2,377.69,4.1,755.38
C00143,039.117.182-84,P010,2025-01-11,5,99.9,4.0,499.5
C00831,657.744.916-33,P1797,2025-07-22,2,303.09,4.2,606.18
C00951,481.754.965-33,P1597,2026-07-28,1,331.04,4.7,331.04
C01509,921.277.997-20,P0438,2026-05-06,2,392.15,4.1,784.3
C01508,615.717.320-39,P1908,2025-07-29,1,202.44,3.8,202.44
C00281,350.305.641-60,P005,2025-12-03,4,229.9,4.5,919.6
C00571,536.462.805-14,P1633,2025-12-28,1,164.81,3.8,164.81
C01023,182.226.189-97,P1482,2025-10-09,1,145.22,5.0,145.22
C00671,016.451.046-05,P1692,2026-06-13,1,138.04,4.7,138.04
C00052,026.542.351-14,P010,2025-08-11,1,99.9,4.1,99.9
C01692,422.711.332-62,P1286,2025-07-04,4,208.83,3.7,835.32
C01463,884.422.583-29,P0423,2025-06-01,2,208.22,5.0,416.44
C01041,490.531.520-40,P0529,2025-10-29,1,98.22,5.0,98.22
C00635,241.270.493-75,P1557,2026-08-07,2,329.89,3.9,659.78
C01686,876.220.234-00,P0085,2026-02-27,3,333.32,4.5,999.96
C00071,489.325.288-70,P008,2025-01-26,2,219.9,4.5,439.8
C00893,376.815.118-22,P1524,2025-12-18,1,183.82,4.9,183.82
C01602,143.643.813-65,P0407,2025-07-11,2,399.89,4.8,799.78
C01906,244.617.679-81,P1035,2025-04-27,3,224.8,3.8,674.4
C00503,793.036.149-76,P1148,2025-08-02,4,66.51,4.4,266.04
C01302,290.148.706-80,P0557,2025-12-17,1,398.78,2.5,398.78
C00380,238.849.696-92,P013,2025-03-15,1,49.9,3.5,49.9
C00232,627.048.281-05,P002,2025-02-16,3,79.9,4.4,239.7
C00707,475.255.341-44,P0922,2025-08-24,2,113.71,4.4,227.42
C01771,289.413.475-48,P0190,2025-12-22,4,175.57,4.2,702.28
C01379,235.558.099-54,P1643,2025-06-19,4,301.79,3.1,1207.16
C00979,341.678.127-97,P0171,2025-01-19,1,348.71,4.5,348.71
C00566,299.737.631-90,P1800,2025-08-17,2,302.24,4.5,604.48
C00284,083.863.794-99,P005,2025-10-14,1,229.9,5.0,229.9
C00542,901.495.427-12,P0613,2025-06-12,3,292.05,4.9,876.15
C00306,627.048.281-05,P012,2025-03-13,3,299.9,4.6,899.7
C00375,269.166.978-57,P003,2025-05-16,2,149.9,4.6,299.8
C01376,959.660.487-20,P0654,2025-11-28,1,75.93,4.5,75.93
C00266,627.048.281-05,P008,2025-10-16,3,219.9,4.1,659.7
C00095,026.542.351-14,P010,2025-04-22,2,99.9,4.2,199.8
C01085,973.502.080-73,P0984,2026-03-12,1,191.36,3.3,191.36
C00574,223.105.927-49,P0825,2026-07-31,1,301.41,4.0,301.41
C00910,184.723.046-63,P1492,2026-02-07,1,181.11,5.0,181.11
C00280,395.376.724-09,P002,2025-10-13,2,79.9,3.9,159.8
C00420,350.305.641-60,P010,2025-12-12,3,99.9,4.2,299.7
C00883,348.389.359-86,P1808,2026-01-10,1,366.29,2.9,366.29
C01381,651.207.049-64,P1083,2025-07-01,2,58.91,4.5,117.82
C00829,131.869.993-24,P0660,2026-06-26,1,245.2,4.5,245.2
C01084,987.411.325-13,P0545,2026-01-13,2,196.98,4.7,393.96
C01044,968.827.697-96,P0852,2026-03-22,3,352.0,3.2,1056.0
C00538,756.704.310-65,P1873,2026-03-31,3,319.51,5.0,958.53
C00560,849.877.694-50,P1890,2025-03-28,1,253.86,4.5,253.86
C00852,543.173.505-56,P1018,2025-07-23,1,193.39,3.6,193.39
C00065,278.248.963-15,P006,2025-02-17,3,189.9,4.8,569.7
C01371,453.198.074-30,P0707,2026-07-21,5,398.54,3.9,1992.7
C01229,607.832.748-82,P1754,2025-01-20,2,260.91,4.8,521.82
C00613,462.914.865-55,P1925,2025-10-24,1,106.7,4.3,106.7
C00748,301.657.120-07,P1313,2025-05-09,1,185.87,4.3,185.87
C00658,972.896.230-45,P0774,2025-10-16,1,369.43,4.0,369.43
C01303,771.070.449-23,P1451,2026-08-12,1,235.29,3.4,235.29
C01520,651.939.828-40,P1055,2025-08-04,2,357.31,4.5,714.62
C00218,104.332.181-00,P003,2025-01-08,1,149.9,5.0,149.9
C00827,623.471.247-90,P0880,2025-02-18,1,99.42,3.1,99.42
C00028,238.849.696-92,P015,2025-02-05,3,89.9,4.4,269.7
C00905,406.468.677-25,P0648,2025-01-03,1,296.42,4.7,296.42
C00497,475.255.341-44,P004,2025-12-21,3,169.9,4.0,509.7
C00672,534.332.491-64,P1743,2025-01-13,1,351.71,4.2,351.71
C00914,667.116.845-83,P0386,2025-03-18,4,223.92,4.4,895.68
C00648,841.484.601-71,P0988,2026-05-23,1,148.8,3.5,148.8
C00789,276.528.928-05,P0891,2025-04-29,1,394.39,4.7,394.39
C01530,539.787.137-05,P0247,2025-05-11,4,203.38,4.6,813.52
C01621,889.536.902-50,P0975,2025-07-27,2,220.13,4.1,440.26
C00012,928.327.648-51,P008,2025-05-08,3,219.9,4.4,659.7
C00756,975.019.803-49,P1484,2025-06-04,5,123.47,4.0,617.35
C01694,318.432.225-40,P0259,2026-08-24,2,105.25,4.4,210.5
C01061,642.152.265-38,P1852,2025-02-18,2,211.21,3.9,422.42
C00411,350.305.641-60,P006,2025-05-27,2,189.9,5.0,379.8
C01188,567.983.631-99,P1421,2025-09-07,2,245.06,4.0,490.12
C00290,489.325.288-70,P001,2025-12-05,1,59.9,5.0,59.9
C00044,104.332.181-00,P003,2025-06-20,3,149.9,3.7,449.7
C01265,174.101.194-97,P1639,2025-11-06,1,122.73,4.8,122.73
C01031,071.261.583-00,P0964,2026-07-07,2,170.43,3.8,340.86
C01514,478.189.137-34,P0464,2026-07-10,1,48.25,3.6,48.25
C00690,921.581.897-97,P1735,2025-11-08,1,238.04,3.4,238.04
C01709,701.840.943-80,P0695,2025-12-11,4,314.58,4.0,1258.32
C00843,475.255.341-44,P1057,2025-10-30,2,63.83,4.4,127.66
C01477,717.217.337-60,P0576,2026-07-06,1,190.63,4.6,190.63
C00201,238.849.696-92,P002,2025-12-12,1,79.9,5.0,79.9
C00195,928.327.648-51,P014,2025-03-26,1,129.9,4.5,129.9
C01566,657.744.916-33,P1592,2025-01-19,3,282.02,3.6,846.06
C01668,055.800.027-42,P1864,2025-10-22,1,208.49,4.2,208.49
C01885,156.277.963-08,P0282,2026-03-28,1,373.06,5.0,373.06
C00650,932.133.480-74,P1604,2026-05-08,3,319.25,4.5,957.75
C00045,269.166.978-57,P013,2025-12-09,3,49.9,4.0,149.7
C01960,341.638.944-11,P0326,2026-04-04,2,223.19,4.2,446.38
C01203,481.832.192-33,P0937,2025-06-22,1,227.47,4.7,227.47
C00495,816.184.959-50,P002,2025-09-13,3,79.9,4.0,239.7
C01528,338.726.247-76,P0824,2025-05-23,1,211.28,5.0,211.28
C01808,275.539.423-40,P1646,2026-01-15,2,98.61,4.4,197.22
C00570,734.151.488-40,P1263,2026-05-04,2,63.98,5.0,127.96
C01540,175.207.167-08,P0422,2026-07-30,2,231.02,4.0,462.04
C01576,885.652.715-44,P0213,2026-03-31,3,339.93,3.5,1019.79
C01004,297.585.988-05,P0489,2026-03-31,4,54.41,4.5,217.64
C01265,174.101.194-97,P1639,2025-11-06,1,122.73,4.8,122.73
C00540,901.707.568-66,P1852,2025-04-24,1,211.21,4.1,211.21
C01859,089.268.705-37,P1405,2025-06-21,5,323.89,4.3,1619.45
C01967,780.774.064-75,P0042,2025-02-06,3,243.32,2.5,729.96
C01963,982.474.140-23,P1539,2026-03-13,2,106.21,3.4,212.42
C01475,646.225.179-49,P1877,2025-08-20,3,302.53,3.6,907.59
C00085,475.255.341-44,P008,2025-04-23,1,219.9,3.9,219.9
C00733,045.069.176-42,P0984,2025-08-05,2,191.36,4.0,382.72
C00890,179.469.548-67,P1602,2025-09-16,1,132.85,4.3,132.85
C01920,599.302.020-21,P1881,2025-09-23,3,258.95,4.9,776.85
C01094,190.833.428-24,P0701,2025-08-17,1,145.0,3.1,145.0
C01073,127.990.881-55,P1372,2025-06-21,3,85.69,4.5,257.07
C00294,350.305.641-60,P013,2025-08-18,1,49.9,4.4,49.9
C01588,260.602.908-92,P0345,2026-03-11,1,213.68,3.8,213.68
C00673,552.717.744-49,P0690,2026-03-18,1,327.48,2.9,327.48
C00184,269.166.978-57,P012,2025-05-09,2,299.9,4.5,599.8
C01976,552.166.746-67,P1181,2025-06-20,3,170.96,4.0,512.88
C00381,489.325.288-70,P007,2025-09-14,1,139.9,5.0,139.9
C00033,350.305.641-60,P010,2025-04-18,2,99.9,4.4,199.8
C00156,269.166.978-57,P002,2025-04-26,5,79.9,4.3,399.5
C00906,798.178.904-49,P1008,2025-07-15,2,198.29,4.4,396.58
C00206,238.849.696-92,P011,2025-12-23,4,249.9,4.5,999.6
C01686,876.220.234-00,P0085,2026-02-27,3,333.32,4.5,999.96
C01025,929.880.858-54,P0303,2025-09-29,3,288.37,4.6,865.11
C00648,841.484.601-71,P0988,2026-05-23,1,148.8,3.5,148.8
C00007,095.701.543-73,P003,2025-10-20,2,149.9,4.6,299.8
C00960,724.380.701-10,P1325,2025-09-21,3,62.89,4.6,188.67
C00303,104.332.181-00,P007,2025-01-28,1,139.9,4.1,139.9
C01957,462.996.065-17,P0809,2026-05-04,4,258.81,3.4,1035.24
C00583,947.284.639-40,P1958,2026-02-14,2,120.7,3.4,241.4
C00950,276.365.564-56,P1047,2026-04-10,2,139.94,4.0,279.88
C00038,161.559.407-89,P009,2025-01-19,3,119.9,4.0,359.7
C00262,475.255.341-44,P006,2025-03-28,1,189.9,4.3,189.9
C00415,816.184.959-50,P015,2025-05-29,3,89.9,4.7,269.7
C00104,269.166.978-57,P003,2025-09-25,4,149.9,4.0,599.6
C01452,544.948.126-84,P1015,2025-10-28,2,256.53,3.9,513.06
C01891,344.300.910-72,P1371,2025-11-23,1,320.82,4.3,320.82
C01971,901.476.797-88,P1814,2026-06-29,1,233.38,4.4,233.38
C00532,555.727.738-24,P0057,2025-05-03,1,280.74,4.7,280.74
C01578,480.184.514-27,P0957,2025-04-09,1,250.31,3.8,250.31
C01009,020.586.950-54,P1656,2025-02-17,1,292.0,4.2,292.0
C00092,238.849.696-92,P004,2025-11-29,1,169.9,4.0,169.9
C00182,480.184.514-27,P015,2025-05-28,2,89.9,3.3,179.8
C01096,774.964.990-56,P1330,2026-07-26,1,141.36,5.0,141.36
C00848,325.250.029-97,P1427,2025-02-19,1,340.84,4.5,340.84
C00017,480.184.514-27,P005,2025-08-05,2,229.9,4.6,459.8
C01861,793.036.149-76,P0755,2026-08-06,1,155.32,2.7,155.32
C01461,019.179.202-02,P1528,2025-10-30,3,234.91,4.7,704.73
C01005,346.729.949-02,P1617,2026-02-09,3,150.97,4.0,452.91
C01974,418.938.984-66,P1190,2025-04-16,1,214.81,4.5,214.81
C01943,993.160.875-70,P0222,2025-02-13,1,275.21,3.5,275.21
C01948,114.983.074-34,P1925,2025-12-01,2,106.7,4.3,213.4
C00518,088.948.018-45,P1779,2025-11-24,1,321.84,2.5,321.84
C01762,982.173.929-60,P1151,2025-05-15,1,230.57,5.0,230.57
C01010,875.721.586-33,P1639,2026-06-06,2,122.73,4.2,245.46
C01453,038.843.660-33,P1377,2026-06-16,1,64.83,4.0,64.83
C01720,867.808.562-23,P1195,2025-09-06,1,399.87,3.4,399.87
C00327,627.048.281-05,P006,2025-09-23,1,189.9,5.0,189.9
C00897,310.438.419-38,P0675,2026-08-05,2,245.55,4.3,491.1
C00258,269.166.978-57,P005,2025-02-28,1,229.9,4.4,229.9
C00559,390.892.613-03,P0258,2025-06-07,1,142.59,3.6,142.59
C00828,536.822.239-40,P0027,2025-09-04,1,205.64,4.5,205.64
C01711,087.612.385-03,P1819,2026-03-22,1,320.21,4.6,320.21
C01726,760.385.977-86,P0355,2025-07-14,1,376.23,4.1,376.23
C00780,698.490.277-03,P0302,2025-08-22,3,218.53,3.5,655.59
C00659,567.983.631-99,P0510,2025-03-02,1,350.4,4.4,350.4
C01062,788.614.057-54,P1856,2025-12-22,1,76.57,4.4,76.57
C01824,795.563.318-08,P1311,2025-10-04,1,192.13,3.4,192.13
C01954,706.056.641-45,P0736,2025-08-30,3,336.15,4.1,1008.45
C00454,350.305.641-60,P004,2025-10-22,1,169.9,3.9,169.9
C00373,960.013.389-14,P005,2025-09-11,2,229.9,5.0,459.8
C01414,851.569.154-00,P0723,2025-09-29,4,66.99,5.0,267.96
C00603,739.610.290-16,P1685,2025-12-20,4,123.65,4.9,494.6
C00400,627.048.281-05,P006,2025-10-14,4,189.9,4.3,759.6
C00063,480.184.514-27,P008,2025-12-12,1,219.9,3.3,219.9
C00807,024.286.990-40,P0025,2026-03-12,2,193.39,4.5,386.78
C00784,088.948.018-45,P0780,2026-08-05,2,326.24,3.7,652.48
C01127,174.357.483-58,P1657,2026-04-10,1,344.56,3.4,344.56
C00401,928.327.648-51,P005,2025-03-04,2,229.9,3.8,459.8
C01429,385.467.854-14,P0453,2025-12-16,3,152.65,3.6,457.95
C01361,875.721.586-33,P1258,2025-10-14,2,159.24,4.6,318.48
C00925,397.191.260-51,P0346,2026-07-09,1,383.61,4.7,383.61
C00363,480.184.514-27,P002,2025-12-19,1,79.9,3.7,79.9
C01014,245.933.441-90,P0910,2026-07-26,1,52.28,4.9,52.28
C01350,055.269.658-72,P1357,2026-01-25,2,145.2,5.0,290.4
C00746,558.298.493-30,P1833,2025-02-04,2,54.63,3.6,109.26
C00527,091.843.579-08,P0688,2025-06-07,4,149.58,4.6,598.32
C01014,245.933.441-90,P0910,2026-07-26,1,52.28,4.9,52.28
C00711,924.632.037-90,P0874,2025-12-26,3,98.92,3.8,296.76
C00802,931.350.305-04,P1949,2026-08-08,1,294.25,4.6,294.25
C00698,958.837.340-90,P0635,2026-08-10,1,298.08,3.9,298.08
C00607,681.820.967-07,P0734,2026-02-06,4,377.86,4.9,1511.44
C01434,374.545.892-35,P0134,2025-01-07,2,300.95,5.0,601.9
C00921,412.833.372-74,P0228,2026-07-19,1,323.36,4.2,323.36
C00934,980.699.016-16,P0073,2026-02-14,2,376.34,4.3,752.68
C01307,096.561.014-48,P0529,2025-12-30,1,98.22,5.0,98.22
C00723,880.053.789-80,P0996,2025-08-16,4,271.59,4.9,1086.36
C00203,083.863.794-99,P011,2025-08-26,4,249.9,4.5,999.6
C01706,715.879.647-75,P0303,2025-10-17,2,288.37,4.0,576.74
C00112,475.255.341-44,P012,2025-09-01,2,299.9,4.8,599.8
C01144,190.340.438-00,P0182,2025-11-29,3,74.09,4.4,222.27
C00532,555.727.738-24,P0057,2025-05-03,1,280.74,4.7,280.74
C00428,350.305.641-60,P012,2025-03-02,2,299.9,4.1,599.8
C00084,269.166.978-57,P009,2025-10-07,3,119.9,3.1,359.7
C01801,166.007.676-50,P0932,2025-01-08,1,42.57,3.4,42.57
C00859,056.420.456-01,P1644,2026-06-04,2,380.0,4.3,760.0
C00686,981.265.742-83,P1238,2025-03-29,1,47.19,4.4,47.19
C01483,082.723.590-90,P0166,2025-01-16,1,155.74,5.0,155.74
C00078,395.376.724-09,P015,2025-10-04,1,89.9,4.4,89.9
C01130,534.332.491-64,P1250,2026-01-19,2,40.64,4.9,81.28
C00990,960.013.389-14,P1895,2026-05-24,1,185.77,3.8,185.77
C01107,945.101.622-86,P0864,2026-02-27,1,388.61,3.7,388.61
C00248,269.166.978-57,P008,2025-11-07,1,219.9,4.5,219.9
C01906,244.617.679-81,P1035,2025-04-27,3,224.8,3.8,674.4
C00477,269.166.978-57,P005,2025-03-20,1,229.9,4.8,229.9
C01357,339.439.457-07,P0812,2025-01-24,4,375.61,3.9,1502.44
C01495,111.457.683-26,P1135,2026-06-08,2,79.1,5.0,158.2
C00688,787.112.166-97,P1789,2026-08-18,2,343.5,4.1,687.0
C00262,475.255.341-44,P006,2025-03-28,1,189.9,4.3,189.9
C00594,254.729.284-00,P0092,2025-05-16,3,171.37,4.2,514.11
C01614,957.443.034-05,P0448,2026-08-08,3,356.46,5.0,1069.38
C01813,793.714.521-88,P0303,2025-09-29,1,288.37,5.0,288.37
C01874,913.624.835-59,P0782,2026-08-23,2,277.67,3.5,555.34
C00453,475.255.341-44,P009,2025-04-22,3,119.9,4.0,359.7
C01214,776.655.868-80,P0778,2025-08-26,2,245.77,5.0,491.54
C00303,104.332.181-00,P007,2025-01-28,1,139.9,4.1,139.9
C01421,076.617.711-44,P1878,2026-08-30,5,390.61,3.7,1953.05
C00832,447.146.273-33,P0936,2026-08-10,3,195.04,3.1,585.12
C01428,990.970.051-40,P1575,2025-06-04,2,97.94,5.0,195.88
C01371,453.198.074-30,P0707,2026-07-21,5,398.54,3.9,1992.7
C01986,235.469.510-18,P1130,2026-08-15,2,362.55,3.9,725.1
C00978,881.056.974-16,P0274,2025-10-04,2,147.01,4.3,294.02
C00684,971.480.263-69,P1871,2026-08-25,1,170.27,4.2,170.27
C01054,307.624.843-06,P0269,2025-09-12,1,231.52,3.9,231.52
C00326,532.871.012-69,P006,2025-04-06,2,189.9,5.0,379.8
C00224,026.542.351-14,P008,2025-12-31,4,219.9,4.4,879.6
C01039,959.660.487-20,P1330,2026-07-09,1,141.36,5.0,141.36
C01651,492.929.831-80,P1846,2026-08-25,5,69.49,4.0,347.45
C01067,374.160.898-08,P1922,2026-06-20,3,396.8,3.9,1190.4
C01564,906.375.791-35,P0536,2026-06-22,2,195.15,4.6,390.3
C00356,350.305.641-60,P010,2025-10-01,1,99.9,4.1,99.9
C00899,339.055.044-56,P0746,2026-04-07,3,330.35,3.3,991.05
C01227,990.767.699-31,P0175,2026-01-05,2,183.05,5.0,366.1
C00696,786.814.473-43,P1888,2025-04-29,2,184.55,4.4,369.1
C00029,238.849.696-92,P005,2025-03-22,1,229.9,4.3,229.9
C00147,395.376.724-09,P006,2025-12-10,1,189.9,5.0,189.9
C01856,879.508.304-92,P0216,2026-02-15,1,56.43,3.5,56.43
C01211,199.471.136-12,P0819,2025-12-07,2,160.6,4.1,321.2
C00530,800.025.787-43,P015,2026-05-24,1,89.9,4.0,89.9
C00518,088.948.018-45,P1779,2025-11-24,1,321.84,2.5,321.84
C00080,269.166.978-57,P006,2025-10-05,2,189.9,4.6,379.8
C01890,523.867.673-53,P1600,2025-05-09,2,294.3,3.8,588.6
C00217,161.559.407-89,P003,2025-10-04,1,149.9,4.9,149.9
C01519,066.149.828-00,P0935,2025-08-13,4,166.64,4.8,666.56
C00481,095.701.543-73,P008,2025-04-05,4,219.9,3.7,879.6
C00672,534.332.491-64,P1743,2025-01-13,1,351.71,4.2,351.71
C00548,212.021.697-59,P0609,2025-11-08,2,279.73,5.0,559.46
C01650,051.477.053-84,P1942,2026-08-10,5,351.24,5.0,1756.2
C00066,475.255.341-44,P013,2025-04-12,1,49.9,3.2,49.9
C00705,772.233.060-68,P1487,2025-08-08,1,344.17,3.5,344.17
C00559,390.892.613-03,P0258,2025-06-07,1,142.59,3.6,142.59
C00546,593.195.256-09,P1491,2026-04-18,1,132.61,5.0,132.61
C00386,104.332.181-00,P006,2025-06-19,2,189.9,4.4,379.8
C01825,271.111.615-80,P0903,2025-07-08,1,44.87,4.6,44.87
C00758,699.577.738-79,P0675,2025-01-08,2,245.55,5.0,491.1
C00837,336.138.612-83,P0510,2025-09-18,3,350.4,4.4,1051.2
C00771,806.867.177-32,P1986,2025-03-13,2,286.29,4.2,572.58
C01961,468.105.485-21,P0971,2025-05-18,1,205.23,3.8,205.23
C00679,396.271.286-00,P0621,2025-05-29,1,88.49,4.4,88.49
C00684,971.480.263-69,P1871,2026-08-25,1,170.27,4.2,170.27
C00656,268.424.508-88,P1727,2025-08-31,2,213.01,3.0,426.02
C00654,956.544.209-92,P0701,2025-02-07,2,145.0,5.0,290.0
C00180,475.255.341-44,P008,2025-10-26,1,219.9,3.8,219.9
C01209,050.506.138-41,P0209,2025-02-01,1,137.3,4.2,137.3
C00051,104.332.181-00,P002,2025-05-14,1,79.9,4.5,79.9
C00452,960.013.389-14,P004,2025-01-23,1,169.9,3.8,169.9
C00405,310.341.316-56,P004,2025-10-03,1,169.9,3.8,169.9
C00583,947.284.639-40,P1958,2026-02-14,2,120.7,3.4,241.4
C01514,478.189.137-34,P0464,2026-07-10,1,48.25,3.6,48.25
C01199,888.992.107-21,P0843,2026-06-16,1,388.8,4.1,388.8
C01982,724.380.701-10,P1486,2025-07-15,2,291.37,4.1,582.74
C00703,033.620.275-04,P0257,2026-04-14,2,212.67,4.8,425.34
C01858,816.064.842-14,P0921,2026-07-31,2,318.67,4.9,637.34
C00090,395.376.724-09,P013,2025-07-14,1,49.9,4.3,49.9
C01009,020.586.950-54,P1656,2025-02-17,1,292.0,4.2,292.0
C01598,128.463.985-18,P1252,2025-12-07,1,175.47,4.3,175.47
C01064,602.437.573-52,P0822,2025-10-31,1,397.81,3.8,397.81
C01867,060.002.589-68,P0537,2025-10-16,1,326.94,3.6,326.94
C00630,642.152.265-38,P1464,2026-07-22,1,102.85,4.9,102.85
C00067,960.013.389-14,P004,2025-09-01,2,169.9,4.2,339.8
C01548,894.184.336-72,P1512,2025-09-22,2,116.81,4.1,233.62
C00137,095.701.543-73,P004,2025-11-28,1,169.9,4.1,169.9
C01530,539.787.137-05,P0247,2025-05-11,4,203.38,4.6,813.52
C01467,497.567.922-13,P1230,2026-04-09,3,79.72,3.3,239.16
C01689,281.964.825-82,P1042,2025-03-05,1,386.13,3.3,386.13
C00958,807.836.134-31,P0664,2026-08-05,2,161.91,3.7,323.82
C01792,510.740.913-02,P1646,2026-04-03,1,98.61,3.9,98.61
C00340,480.184.514-27,P004,2025-11-10,1,169.9,4.6,169.9
C00869,304.120.270-03,P0906,2025-04-17,1,246.42,3.6,246.42
C00244,104.332.181-00,P002,2025-09-29,1,79.9,4.3,79.9
C01534,724.380.701-10,P0274,2025-07-22,1,147.01,4.5,147.01
C01429,385.467.854-14,P0453,2025-12-16,3,152.65,3.6,457.95
C01613,718.924.195-72,P1769,2025-09-11,2,244.63,3.9,489.26
C01529,258.660.598-51,P0332,2025-06-08,5,217.53,3.7,1087.65
C00617,385.179.937-21,P0050,2025-02-13,4,129.18,5.0,516.72
C00137,095.701.543-73,P004,2025-11-28,1,169.9,4.1,169.9
C01859,089.268.705-37,P1405,2025-06-21,5,323.89,4.3,1619.45
C00986,796.114.351-34,P0464,2026-03-30,1,48.25,3.5,48.25
C00189,350.305.641-60,P013,2025-04-28,2,49.9,3.5,99.8
C01855,096.561.014-48,P1038,2025-04-13,3,291.56,4.3,874.68
C01989,200.720.245-00,P0257,2026-07-14,1,212.67,5.0,212.67
C00891,406.557.820-52,P1781,2025-04-23,1,298.39,2.9,298.39
C01541,566.246.287-90,P0188,2025-11-13,4,289.3,3.2,1157.2
C00073,095.701.543-73,P010,2025-06-12,4,99.9,4.7,399.6
C00187,350.305.641-60,P001,2025-12-04,1,59.9,5.0,59.9
C00554,895.400.178-58,P0554,2025-10-28,2,378.3,5.0,756.6
C01313,646.136.847-73,P1420,2025-08-01,1,192.94,3.6,192.94
C00267,480.184.514-27,P011,2025-10-17,2,249.9,5.0,499.8
C00069,532.871.012-69,P004,2025-03-17,2,169.9,4.8,339.8
C01338,431.115.083-07,P1013,2026-08-14,1,310.82,4.1,310.82
C01541,566.246.287-90,P0188,2025-11-13,4,289.3,3.2,1157.2
C01479,908.984.369-82,P1395,2026-05-09,2,344.11,4.8,688.22
C01599,812.236.231-14,P1798,2025-12-24,1,198.48,4.4,198.48
C01606,100.996.881-58,P0940,2025-12-27,1,133.5,4.4,133.5
C01205,350.305.641-60,P0619,2025-04-24,2,357.93,3.7,715.86
C01039,959.660.487-20,P1330,2026-07-09,1,141.36,5.0,141.36
C01714,457.353.236-60,P1433,2026-07-28,3,232.28,3.6,696.84
C00697,436.585.856-41,P0912,2025-01-03,2,336.38,4.7,672.76
C00196,350.305.641-60,P012,2025-06-23,3,299.9,4.0,899.7
C01504,068.212.235-13,P0985,2025-09-27,1,234.58,4.7,234.58
C00552,906.246.728-83,P0457,2025-06-10,2,389.06,3.9,778.12
C01958,868.740.345-37,P1708,2025-05-23,2,397.6,4.7,795.2
C00829,131.869.993-24,P0660,2026-06-26,1,245.2,4.5,245.2
C01704,121.377.306-77,P1279,2025-06-08,3,163.2,4.4,489.6
C00085,475.255.341-44,P008,2025-04-23,1,219.9,3.9,219.9
C01319,341.465.111-43,P0552,2025-04-14,1,357.79,3.6,357.79
C00897,310.438.419-38,P0675,2026-08-05,2,245.55,4.3,491.1
C00926,355.449.647-26,P1330,2025-10-31,2,141.36,4.6,282.72
C00531,623.504.056-30,P1248,2025-05-16,4,78.15,3.7,312.6
C01943,993.160.875-70,P0222,2025-02-13,1,275.21,3.5,275.21
C00786,033.542.168-75,P0642,2025-11-05,3,339.04,4.7,1017.12
C01701,097.461.917-56,P1350,2025-06-07,2,153.9,3.3,307.8
C00851,335.290.422-77,P1516,2025-11-10,4,118.32,3.9,473.28
C00097,816.184.959-50,P005,2025-02-25,2,229.9,5.0,459.8
C01759,468.105.485-21,P1197,2025-11-30,2,257.82,4.2,515.64
C00371,350.305.641-60,P008,2025-01-12,1,219.9,3.9,219.9
C00541,213.074.235-15,P1622,2025-07-07,1,82.39,3.7,82.39
C01723,748.969.083-84,P1119,2025-01-26,2,308.08,3.5,616.16
C01788,290.018.513-04,P1286,2025-05-07,1,208.83,4.4,208.83
C01834,102.451.091-37,P1243,2026-05-15,2,115.47,4.5,230.94
C00852,543.173.505-56,P1018,2025-07-23,1,193.39,3.6,193.39
C01514,478.189.137-34,P0464,2026-07-10,1,48.25,3.6,48.25
C00656,268.424.508-88,P1727,2025-08-31,2,213.01,3.0,426.02
C01481,895.400.178-58,P0198,2026-06-28,1,47.67,4.6,47.67
C01006,134.213.882-10,P1519,2026-07-01,2,350.72,4.2,701.44
C00104,269.166.978-57,P003,2025-09-25,4,149.9,4.0,599.6
C00836,174.907.539-37,P1254,2025-01-10,3,301.65,3.0,904.95
C00936,250.583.334-65,P1942,2025-07-08,1,351.24,4.6,351.24
C00515,998.989.721-22,P1482,2025-11-01,2,145.22,3.8,290.44
C00749,258.857.669-91,P0243,2026-02-02,2,90.28,5.0,180.56
C01006,134.213.882-10,P1519,2026-07-01,2,350.72,4.2,701.44
C00100,026.542.351-14,P013,2025-10-17,3,49.9,3.4,149.7
C00304,083.863.794-99,P006,2025-04-25,1,189.9,5.0,189.9
C01534,724.380.701-10,P0274,2025-07-22,1,147.01,4.5,147.01
C00704,601.444.856-05,P0672,2026-04-11,4,132.21,3.1,528.84
C01217,387.592.712-56,P0576,2025-12-29,3,190.63,3.3,571.89
C01132,212.499.856-09,P0306,2025-05-19,3,72.43,4.9,217.29
C01103,471.960.940-69,P0581,2025-12-27,2,102.31,4.7,204.62
C00827,623.471.247-90,P0880,2025-02-18,1,99.42,3.1,99.42
C00967,058.366.834-84,P1953,2025-11-10,1,66.44,4.1,66.44
C01648,931.572.791-65,P1646,2026-06-16,1,98.61,4.8,98.61
C01931,705.184.390-70,P1926,2025-03-10,3,54.95,3.1,164.85
C00514,828.503.172-17,P0302,2025-03-26,1,218.53,3.7,218.53
C01339,882.211.457-42,P1390,2025-05-26,1,236.5,3.5,236.5
C01940,537.599.004-02,P1970,2025-07-14,2,150.3,3.4,300.6
C00016,104.332.181-00,P007,2025-05-16,4,139.9,4.2,559.6
C01570,515.542.340-69,P0781,2025-02-07,2,121.09,4.4,242.18
C00994,066.643.749-19,P1441,2025-06-26,2,278.06,4.4,556.12
C01936,786.814.473-43,P0349,2025-04-16,3,105.9,5.0,317.7
C01157,655.158.482-92,P0619,2025-07-12,1,357.93,3.0,357.93
C01677,072.587.339-65,P0379,2026-04-24,1,177.52,3.7,177.52
C00333,238.849.696-92,P009,2025-12-14,1,119.9,4.9,119.9
C00285,395.376.724-09,P014,2025-03-07,2,129.9,4.7,259.8
C01854,623.869.222-78,P1608,2026-01-30,1,394.6,3.3,394.6
C01053,875.003.691-23,P1983,2025-02-05,1,84.25,3.7,84.25
C01117,106.092.098-09,P0340,2025-03-14,2,259.94,4.7,519.88
C00340,480.184.514-27,P004,2025-11-10,1,169.9,4.6,169.9
C00454,350.305.641-60,P004,2025-10-22,1,169.9,3.9,169.9
C01637,480.861.317-42,P1554,2026-02-19,2,118.17,3.7,236.34
C00607,681.820.967-07,P0734,2026-02-06,4,377.86,4.9,1511.44
C01169,642.361.032-06,P1214,2026-05-20,1,247.16,5.0,247.16
C00634,703.965.313-34,P1965,2026-06-17,1,234.8,4.0,234.8
C00527,091.843.579-08,P0688,2025-06-07,4,149.58,4.6,598.32
C00333,238.849.696-92,P009,2025-12-14,1,119.9,4.9,119.9
C01860,082.400.842-14,P0306,2025-07-29,1,72.43,4.4,72.43
C01881,698.152.873-89,P1589,2025-09-17,4,328.74,5.0,1314.96
C00231,395.376.724-09,P007,2025-06-10,2,139.9,4.2,279.8
C00707,475.255.341-44,P0922,2025-08-24,2,113.71,4.4,227.42
C01128,688.936.289-61,P1832,2025-03-18,2,138.02,4.2,276.04
C00767,199.717.911-37,P1747,2025-07-21,1,62.69,2.7,62.69
C01443,842.530.428-80,P0072,2026-04-13,3,133.27,3.6,399.81
C00521,709.085.991-61,P0350,2026-02-12,1,343.01,3.8,343.01
C00118,816.184.959-50,P004,2025-04-21,2,169.9,3.0,339.8
C00674,532.593.993-99,P0089,2026-08-17,2,396.84,4.5,793.68
C01196,546.835.652-00,P0878,2026-05-16,2,126.33,5.0,252.66
C00362,475.255.341-44,P013,2025-12-17,1,49.9,3.6,49.9
C01632,526.547.935-08,P0225,2026-08-26,1,87.25,4.0,87.25
C00025,395.376.724-09,P004,2025-05-16,1,169.9,3.9,169.9
C00136,039.117.182-84,P011,2025-04-12,1,249.9,5.0,249.9
C01018,910.231.211-58,P1866,2026-07-02,2,151.15,4.2,302.3
C01025,929.880.858-54,P0303,2025-09-29,3,288.37,4.6,865.11
C00590,387.584.282-08,P0104,2025-07-03,5,57.92,3.7,289.6
C00518,088.948.018-45,P1779,2025-11-24,1,321.84,2.5,321.84
C00140,532.871.012-69,P005,2025-09-14,2,229.9,4.8,459.8
C01326,724.619.196-82,P0892,2026-04-07,1,318.34,3.8,318.34
C00759,691.311.964-03,P0099,2025-04-24,1,203.42,5.0,203.42
C00238,026.542.351-14,P006,2025-10-12,1,189.9,4.5,189.9
C00800,378.613.715-30,P0664,2025-11-24,1,161.91,3.7,161.91
C01875,197.218.114-91,P1179,2025-09-02,1,50.93,3.9,50.93
C00523,732.798.059-88,P1909,2025-07-26,3,105.01,4.5,315.03
C01790,434.369.709-64,P1220,2026-02-16,1,159.26,4.1,159.26
C00518,088.948.018-45,P1779,2025-11-24,1,321.84,2.5,321.84
C00372,475.255.341-44,P004,2025-10-26,1,169.9,4.4,169.9
C00522,424.089.164-70,P0114,2026-07-10,2,350.56,3.6,701.12
C00647,934.065.277-01,P0492,2026-05-04,1,51.23,4.8,51.23
C00242,350.305.641-60,P015,2025-06-23,1,89.9,4.4,89.9
C01176,934.065.277-01,P0647,2025-02-01,3,44.38,4.0,133.14
C00667,928.327.648-51,P0115,2025-09-13,1,94.28,4.4,94.28
C01437,339.994.853-02,P0523,2026-02-21,3,337.59,3.8,1012.77
C00982,234.289.311-65,P1907,2026-02-14,1,331.5,5.0,331.5
C00886,744.890.612-77,P1590,2025-02-22,4,260.91,3.1,1043.64
C00942,114.262.582-67,P0518,2025-06-17,2,175.4,3.7,350.8
C00313,238.849.696-92,P004,2025-10-20,1,169.9,4.0,169.9
C01426,715.879.647-75,P1792,2025-03-02,2,311.22,3.7,622.44
C00209,238.849.696-92,P004,2025-08-16,1,169.9,4.1,169.9
C01444,126.691.215-00,P0538,2026-07-14,1,252.78,4.0,252.78
C02000,901.476.797-88,P0516,2025-05-26,2,330.48,3.6,660.96
C01528,338.726.247-76,P0824,2025-05-23,1,211.28,5.0,211.28
C00911,975.711.305-06,P0646,2025-09-01,1,348.56,2.8,348.56
C00629,566.701.065-80,P0071,2025-06-09,1,133.89,5.0,133.89
C01746,515.093.983-84,P1660,2025-05-28,1,190.68,3.8,190.68
C00515,998.989.721-22,P1482,2025-11-01,2,145.22,3.8,290.44
C00965,694.320.293-60,P0652,2025-02-24,1,324.31,3.4,324.31
C01542,872.333.510-66,P1762,2025-07-05,1,362.16,5.0,362.16
C01845,986.872.774-07,P0842,2026-01-28,2,208.2,4.2,416.4
C01842,472.727.423-05,P014,2026-07-05,1,129.9,4.3,129.9
C00176,026.542.351-14,P008,2025-03-27,2,219.9,4.7,439.8
C01797,837.606.441-04,P1983,2025-01-23,1,84.25,4.6,84.25
C00229,095.701.543-73,P012,2025-04-21,1,299.9,4.9,299.9
C01169,642.361.032-06,P1214,2026-05-20,1,247.16,5.0,247.16
C01860,082.400.842-14,P0306,2025-07-29,1,72.43,4.4,72.43
C01310,264.712.463-90,P1019,2025-04-15,1,369.29,4.4,369.29
C01895,182.749.680-00,P0071,2026-01-25,3,133.89,5.0,401.67
C00689,073.651.189-03,P1648,2025-11-19,2,244.85,3.6,489.7
C00630,642.152.265-38,P1464,2026-07-22,1,102.85,4.9,102.85
C00653,788.178.847-07,P0691,2025-03-01,1,245.46,4.0,245.46
C00711,924.632.037-90,P0874,2025-12-26,3,98.92,3.8,296.76
C01366,132.719.500-32,P1669,2025-11-04,2,209.69,2.8,419.38
C00905,406.468.677-25,P0648,2025-01-03,1,296.42,4.7,296.42
C01475,646.225.179-49,P1877,2025-08-20,3,302.53,3.6,907.59
C00833,857.256.292-36,P0290,2025-01-31,4,56.82,3.4,227.28
C00616,623.471.247-90,P0944,2026-03-09,1,47.06,4.4,47.06
C00381,489.325.288-70,P007,2025-09-14,1,139.9,5.0,139.9
C01103,471.960.940-69,P0581,2025-12-27,2,102.31,4.7,204.62
C01797,837.606.441-04,P1983,2025-01-23,1,84.25,4.6,84.25
C01718,630.453.069-26,P0759,2025-06-12,1,362.18,4.4,362.18
C00507,546.212.760-00,P0516,2025-11-14,1,330.48,5.0,330.48
C00956,397.561.547-80,P0864,2026-03-02,2,388.61,4.6,777.22
C01411,333.021.260-85,P0036,2025-04-14,3,150.12,2.6,450.36
C01225,980.061.558-01,P1930,2026-04-07,1,79.21,4.5,79.21
C00135,480.184.514-27,P002,2025-12-18,1,79.9,4.1,79.9
C01183,915.618.298-89,P1071,2025-01-28,1,142.65,4.2,142.65
C00078,395.376.724-09,P015,2025-10-04,1,89.9,4.4,89.9
C00233,083.863.794-99,P007,2025-02-19,2,139.9,4.2,279.8
C01308,201.753.703-97,P1428,2026-04-22,1,237.56,5.0,237.56
C00206,238.849.696-92,P011,2025-12-23,4,249.9,4.5,999.6
C00679,396.271.286-00,P0621,2025-05-29,1,88.49,4.4,88.49
C01177,499.261.891-05,P1955,2026-08-11,2,125.96,2.8,251.92
C01311,276.365.564-56,P0073,2026-04-28,3,376.34,5.0,1129.02
C00892,213.074.235-15,P1741,2025-06-24,1,314.29,3.3,314.29
C00189,350.305.641-60,P013,2025-04-28,2,49.9,3.5,99.8
C01599,812.236.231-14,P1798,2025-12-24,1,198.48,4.4,198.48
C01900,223.105.927-49,P0646,2026-08-17,1,348.56,3.7,348.56
C01778,330.800.370-81,P1417,2026-07-16,1,236.01,3.8,236.01
C01498,661.797.968-07,P1091,2026-05-28,2,53.35,4.4,106.7
C00805,339.439.457-07,P0522,2025-03-29,1,53.1,4.9,53.1
C01753,738.997.563-63,P0546,2025-05-21,2,126.75,4.0,253.5
C00977,462.996.065-17,P1803,2025-09-26,2,253.38,3.9,506.76
C00273,039.117.182-84,P009,2025-01-22,1,119.9,4.2,119.9
C01702,485.625.728-53,P0676,2025-06-22,2,211.04,4.0,422.08
C00641,469.263.296-80,P0173,2026-03-18,1,186.6,5.0,186.6
C01878,660.937.966-12,P1087,2026-01-18,2,187.09,3.9,374.18
C00737,995.342.836-06,P1470,2026-05-05,4,89.47,4.2,357.88
C01739,116.318.732-10,P1570,2026-05-22,2,73.81,4.7,147.62
C01075,176.651.221-67,P0430,2025-01-18,1,59.84,3.8,59.84
C00935,959.724.665-11,P1159,2025-05-26,2,324.56,3.5,649.12
C00594,254.729.284-00,P0092,2025-05-16,3,171.37,4.2,514.11
C01672,087.612.385-03,P0555,2026-06-23,2,348.23,3.0,696.46
C00122,960.013.389-14,P009,2025-05-30,2,119.9,3.9,239.8
C00938,495.528.938-01,P1944,2025-02-08,2,186.87,3.0,373.74
C00738,143.468.239-04,P1327,2026-08-05,1,225.32,3.9,225.32
C01087,923.234.210-34,P1024,2025-02-07,2,123.97,3.8,247.94
C00510,385.467.854-14,P0616,2026-07-09,1,111.28,4.4,111.28
C01330,298.068.650-65,P0078,2026-06-15,2,189.55,3.7,379.1
C00772,923.309.584-39,P1241,2026-07-15,1,71.22,5.0,71.22
C00377,238.849.696-92,P009,2025-05-28,1,119.9,3.2,119.9
C00394,960.013.389-14,P012,2025-03-12,2,299.9,4.1,599.8
C01394,088.050.171-59,P0643,2026-07-11,2,118.52,4.8,237.04
C00524,214.477.324-64,P0028,2025-09-01,4,191.23,3.7,764.92
C00615,231.164.913-21,P1368,2026-04-02,1,347.59,4.3,347.59
C01254,734.206.969-81,P1461,2026-07-23,3,148.18,4.6,444.54
C00660,641.708.053-64,P0057,2025-11-11,2,280.74,4.4,561.48
C00777,114.921.643-30,P1245,2025-07-13,1,250.99,4.0,250.99
C00489,269.166.978-57,P013,2025-04-02,1,49.9,4.1,49.9
C00691,172.131.451-26,P1488,2026-07-20,1,128.98,3.6,128.98
C01386,163.248.889-24,P1204,2025-10-10,1,85.85,3.0,85.85
C01068,870.104.159-27,P1444,2025-11-20,1,359.02,4.0,359.02
C01996,516.994.970-79,P0225,2026-02-25,2,87.25,4.7,174.5
C01544,283.483.152-17,P0958,2025-11-11,2,90.43,3.5,180.86
C00034,928.327.648-51,P009,2025-09-08,1,119.9,4.6,119.9
C00758,699.577.738-79,P0675,2025-01-08,2,245.55,5.0,491.1
C00580,531.943.375-13,P0256,2025-03-04,2,232.48,4.0,464.96
C01176,934.065.277-01,P0647,2025-02-01,3,44.38,4.0,133.14
C00532,555.727.738-24,P0057,2025-05-03,1,280.74,4.7,280.74
C01933,795.563.318-08,P0900,2026-01-18,2,301.95,4.2,603.9
C00599,396.136.749-34,P1939,2025-03-14,1,184.45,4.8,184.45
C01044,968.827.697-96,P0852,2026-03-22,3,352.0,3.2,1056.0
C00246,039.117.182-84,P010,2025-02-13,3,99.9,4.6,299.7
C01820,776.657.546-94,P0460,2026-01-13,1,92.73,4.3,92.73
C01824,795.563.318-08,P1311,2025-10-04,1,192.13,3.4,192.13
C01588,260.602.908-92,P0345,2026-03-11,1,213.68,3.8,213.68
C00704,601.444.856-05,P0672,2026-04-11,4,132.21,3.1,528.84
C00118,816.184.959-50,P004,2025-04-21,2,169.9,3.0,339.8
C01422,422.438.649-67,P1701,2025-04-06,4,174.04,4.0,696.16
C00859,056.420.456-01,P1644,2026-06-04,2,380.0,4.3,760.0
C01981,471.754.558-36,P1186,2025-03-24,1,341.88,4.8,341.88
C01397,920.522.299-22,P1570,2026-08-24,1,73.81,4.0,73.81
C01078,470.229.604-37,P1117,2025-12-13,1,94.16,4.5,94.16
C01974,418.938.984-66,P1190,2025-04-16,1,214.81,4.5,214.81
C01601,079.334.960-59,P015,2025-08-10,1,89.9,4.4,89.9
C00917,814.973.746-42,P1424,2025-02-12,5,388.18,4.2,1940.9
C00038,161.559.407-89,P009,2025-01-19,3,119.9,4.0,359.7
C00186,238.849.696-92,P010,2025-06-01,5,99.9,4.5,499.5
C00888,928.327.648-51,P1322,2026-08-20,1,234.62,4.6,234.62
C01125,865.890.260-92,P1146,2025-06-14,2,337.09,3.0,674.18
C00061,350.305.641-60,P007,2025-10-08,3,139.9,4.3,419.7
C00254,532.871.012-69,P009,2025-12-27,1,119.9,3.7,119.9
C01409,957.443.034-05,P1224,2025-06-16,1,168.68,3.4,168.68
C01504,068.212.235-13,P0985,2025-09-27,1,234.58,4.7,234.58
C00060,532.871.012-69,P011,2025-03-31,2,249.9,5.0,499.8
C01016,442.703.120-09,P1567,2025-04-22,1,277.98,5.0,277.98
C00162,104.332.181-00,P005,2025-06-02,3,229.9,4.4,689.7
C01447,959.660.487-20,P1363,2025-10-25,2,394.66,3.5,789.32
C01669,287.153.991-09,P1452,2026-06-13,1,272.44,4.1,272.44
C01739,116.318.732-10,P1570,2026-05-22,2,73.81,4.7,147.62
C01197,824.967.183-06,P0401,2025-07-17,3,316.42,4.0,949.26
C01258,889.937.567-40,P1148,2026-06-22,3,66.51,4.2,199.53
C01854,623.869.222-78,P1608,2026-01-30,1,394.6,3.3,394.6
C01225,980.061.558-01,P1930,2026-04-07,1,79.21,4.5,79.21
C00893,376.815.118-22,P1524,2025-12-18,1,183.82,4.9,183.82
C01510,336.998.795-34,P0199,2025-09-06,1,131.67,4.5,131.67
C01182,253.666.777-42,P0447,2025-11-22,1,348.03,4.7,348.03
C01685,888.992.107-21,P1341,2025-10-25,1,171.21,3.9,171.21
C01050,331.537.795-20,P0738,2025-09-03,2,154.47,4.2,308.94
C01739,116.318.732-10,P1570,2026-05-22,2,73.81,4.7,147.62
C00090,395.376.724-09,P013,2025-07-14,1,49.9,4.3,49.9
C00073,095.701.543-73,P010,2025-06-12,4,99.9,4.7,399.6
C00199,532.871.012-69,P001,2025-05-16,2,59.9,3.9,119.8
C01113,095.314.196-98,P0657,2025-03-19,3,150.65,4.8,451.95
C01418,686.334.141-71,P1468,2025-03-11,1,268.48,5.0,268.48
C00433,083.863.794-99,P009,2025-08-17,2,119.9,3.4,239.8
C00312,161.559.407-89,P005,2025-08-08,1,229.9,4.7,229.9
C01721,835.523.124-47,P1783,2026-03-07,2,386.56,3.7,773.12
C01502,447.012.045-60,P1238,2026-02-10,1,47.19,4.6,47.19
C01297,217.223.320-00,P0708,2026-01-16,4,123.42,4.2,493.68
C00977,462.996.065-17,P1803,2025-09-26,2,253.38,3.9,506.76
C00841,587.603.669-23,P1132,2025-04-08,1,253.08,4.9,253.08
C00042,278.248.963-15,P012,2025-03-21,4,299.9,4.2,1199.6
C00377,238.849.696-92,P009,2025-05-28,1,119.9,3.2,119.9
C01794,350.313.650-99,P0581,2025-03-31,1,102.31,5.0,102.31
C00679,396.271.286-00,P0621,2025-05-29,1,88.49,4.4,88.49
C01410,337.312.552-94,P1539,2026-01-10,4,106.21,4.6,424.84
C01408,627.048.281-05,P0990,2025-06-01,2,134.79,3.4,269.58
C00619,813.190.924-70,P1568,2025-04-09,1,177.89,4.1,177.89
C00409,161.559.407-89,P001,2025-10-09,5,59.9,4.9,299.5
C01384,748.467.737-01,P1119,2025-10-25,1,308.08,4.0,308.08
C00188,960.013.389-14,P015,2025-11-07,2,89.9,4.1,179.8
C00990,960.013.389-14,P1895,2026-05-24,1,185.77,3.8,185.77
C01777,045.238.885-66,P0382,2026-08-29,2,303.6,5.0,607.2
C01423,375.243.106-76,P0345,2026-03-18,1,213.68,5.0,213.68
C01529,258.660.598-51,P0332,2025-06-08,5,217.53,3.7,1087.65
C00167,532.871.012-69,P007,2025-12-06,3,139.9,4.3,419.7
C00400,627.048.281-05,P006,2025-10-14,4,189.9,4.3,759.6
C00551,108.046.619-36,P1852,2025-11-11,2,211.21,4.2,422.42
C00585,175.250.074-11,P1772,2025-12-22,3,241.09,3.0,723.27
C00389,039.117.182-84,P010,2025-04-27,2,99.9,4.0,199.8
C01945,544.577.029-00,P0893,2026-06-10,4,201.68,4.5,806.72
C00330,269.166.978-57,P003,2025-12-20,1,149.9,5.0,149.9
C01417,296.711.148-14,P1070,2025-06-08,1,62.77,4.1,62.77
C01174,095.200.461-51,P0241,2026-05-31,1,262.19,4.6,262.19
C01222,264.647.154-88,P1407,2026-04-01,2,361.79,3.8,723.58
C00430,480.184.514-27,P012,2025-11-07,1,299.9,4.4,299.9
C00616,623.471.247-90,P0944,2026-03-09,1,47.06,4.4,47.06
C01213,954.787.698-86,P0360,2025-09-10,1,159.97,5.0,159.97
C00599,396.136.749-34,P1939,2025-03-14,1,184.45,4.8,184.45
C01389,836.381.643-49,P0238,2025-09-01,1,306.67,3.8,306.67
C00080,269.166.978-57,P006,2025-10-05,2,189.9,4.6,379.8
C00146,627.048.281-05,P002,2025-08-29,1,79.9,3.9,79.9
C01457,130.232.129-37,P0818,2025-07-14,1,284.97,5.0,284.97
C01234,532.593.993-99,P1795,2025-12-30,1,100.56,4.4,100.56
C00087,161.559.407-89,P010,2025-10-01,1,99.9,3.7,99.9
C01799,888.718.981-17,P0863,2025-02-25,4,199.14,4.6,796.56
C00010,026.542.351-14,P001,2025-07-26,2,59.9,4.4,119.8
C01912,778.956.133-24,P1784,2025-06-15,1,73.66,4.4,73.66
C01459,814.356.140-20,P1218,2026-02-27,2,169.24,5.0,338.48
C01977,794.620.726-39,P1592,2026-03-13,1,282.02,2.5,282.02
C01898,472.727.423-05,P0409,2026-04-17,1,129.55,2.9,129.55
C00627,034.469.459-38,P1354,2026-02-14,1,372.49,4.9,372.49
C01514,478.189.137-34,P0464,2026-07-10,1,48.25,3.6,48.25
C00422,083.863.794-99,P007,2025-12-09,1,139.9,3.9,139.9
C00944,228.225.120-27,P1129,2025-08-25,1,385.11,3.3,385.11
C00481,095.701.543-73,P008,2025-04-05,4,219.9,3.7,879.6
C00973,513.052.312-10,P1112,2025-07-26,1,143.78,3.0,143.78
C01745,645.380.442-53,P1263,2025-04-05,1,63.98,5.0,63.98
C00873,353.693.785-33,P0372,2025-07-26,2,383.47,5.0,766.94
C00185,350.305.641-60,P004,2025-07-16,3,169.9,4.4,509.7
C00650,932.133.480-74,P1604,2026-05-08,3,319.25,4.5,957.75
C01574,106.273.715-66,P1636,2025-10-01,2,85.55,3.4,171.1
C01044,968.827.697-96,P0852,2026-03-22,3,352.0,3.2,1056.0
C01121,642.361.032-06,P2000,2025-12-17,1,284.24,4.6,284.24
C00863,234.289.311-65,P1961,2025-10-30,1,135.01,3.6,135.01
C00586,536.170.617-53,P0358,2025-07-22,1,249.92,4.6,249.92
C01197,824.967.183-06,P0401,2025-07-17,3,316.42,4.0,949.26
C01267,002.311.775-34,P1879,2025-12-11,3,226.45,4.3,679.35
C01797,837.606.441-04,P1983,2025-01-23,1,84.25,4.6,84.25
C01236,538.003.296-62,P0877,2026-05-03,1,54.27,4.8,54.27
C01991,576.084.958-12,P1132,2025-10-12,2,253.08,3.8,506.16
C01654,682.975.147-06,P1731,2025-02-25,3,282.65,4.8,847.95
C00158,350.305.641-60,P009,2025-12-28,1,119.9,4.9,119.9
C00785,097.461.917-56,P0658,2025-07-10,3,100.46,4.3,301.38
C00770,867.925.298-00,P1943,2026-01-07,1,337.82,5.0,337.82
C00007,095.701.543-73,P003,2025-10-20,2,149.9,4.6,299.8
C00362,475.255.341-44,P013,2025-12-17,1,49.9,3.6,49.9
C01525,824.967.183-06,P1634,2025-11-14,2,244.63,3.3,489.26
C00705,772.233.060-68,P1487,2025-08-08,1,344.17,3.5,344.17
C00296,039.117.182-84,P008,2025-08-25,3,219.9,4.9,659.7
C00575,678.274.117-20,P0033,2025-02-26,1,330.62,3.7,330.62
C00550,782.079.799-17,P0338,2025-12-12,4,87.87,3.8,351.48
C00350,395.376.724-09,P011,2025-02-07,1,249.9,4.4,249.9
C00203,083.863.794-99,P011,2025-08-26,4,249.9,4.5,999.6
C01529,258.660.598-51,P0332,2025-06-08,5,217.53,3.7,1087.65
C01650,051.477.053-84,P1942,2026-08-10,5,351.24,5.0,1756.2
C00993,066.248.132-10,P0335,2025-08-24,2,298.19,4.6,596.38
C01231,948.963.406-98,P1786,2026-04-20,4,223.02,3.0,892.08
C01839,252.410.564-40,P1696,2025-12-09,4,48.91,5.0,195.64
C01686,876.220.234-00,P0085,2026-02-27,3,333.32,4.5,999.96
C00066,475.255.341-44,P013,2025-04-12,1,49.9,3.2,49.9
C01906,244.617.679-81,P1035,2025-04-27,3,224.8,3.8,674.4
C00134,960.013.389-14,P004,2025-05-28,2,169.9,3.6,339.8
C00054,310.341.316-56,P005,2025-01-23,2,229.9,5.0,459.8
C00807,024.286.990-40,P0025,2026-03-12,2,193.39,4.5,386.78
C01492,127.238.046-74,P1310,2026-06-24,1,334.06,5.0,334.06
C00161,928.327.648-51,P013,2025-08-01,1,49.9,4.0,49.9
C00586,536.170.617-53,P0358,2025-07-22,1,249.92,4.6,249.92
C00526,923.234.210-34,P1449,2025-09-23,1,149.73,4.1,149.73
C00795,694.320.293-60,P1087,2025-02-23,4,187.09,3.7,748.36
C01973,166.007.676-50,P1542,2025-08-28,4,241.73,5.0,966.92
C00663,861.634.212-56,P1160,2025-11-18,2,321.67,5.0,643.34
C00418,928.327.648-51,P004,2025-02-27,1,169.9,4.5,169.9
C00245,269.166.978-57,P008,2025-06-24,1,219.9,4.1,219.9
C00397,238.849.696-92,P011,2025-12-15,2,249.9,4.4,499.8
C00267,480.184.514-27,P011,2025-10-17,2,249.9,5.0,499.8
C01148,247.073.920-91,P0537,2025-08-08,2,326.94,4.1,653.88
C00842,078.593.110-46,P1004,2025-06-24,1,223.87,3.3,223.87
C00996,761.648.198-14,P1853,2025-12-08,3,363.14,3.7,1089.42
C01665,213.125.129-70,P0287,2026-01-29,1,380.19,4.1,380.19
C01161,646.225.223-57,P0193,2025-08-28,4,157.31,4.5,629.24
C00311,627.048.281-05,P010,2025-10-02,1,99.9,3.9,99.9
C00754,172.131.451-26,P0739,2025-09-01,1,167.65,4.0,167.65
C00626,845.909.022-14,P1910,2025-02-06,4,143.01,5.0,572.04
C01654,682.975.147-06,P1731,2025-02-25,3,282.65,4.8,847.95
C00615,231.164.913-21,P1368,2026-04-02,1,347.59,4.3,347.59
C00278,238.849.696-92,P006,2025-05-25,1,189.9,4.7,189.9
C01473,657.569.245-15,P0307,2025-05-07,2,274.14,4.7,548.28
C00857,415.667.652-85,P0453,2025-10-10,5,152.65,3.6,763.25
C00192,480.184.514-27,P001,2025-10-24,1,59.9,4.2,59.9
C01380,695.007.418-22,P0544,2025-09-15,1,254.24,3.7,254.24
C00422,083.863.794-99,P007,2025-12-09,1,139.9,3.9,139.9
C01737,210.202.758-98,P0570,2026-02-27,2,165.2,4.5,330.4
C01665,213.125.129-70,P0287,2026-01-29,1,380.19,4.1,380.19
C00740,776.655.868-80,P0560,2025-07-20,2,183.92,4.4,367.84
C01112,471.960.940-69,P0295,2025-02-24,1,126.71,4.3,126.71
C01136,997.273.677-63,P1400,2025-06-22,1,388.08,4.5,388.08
C01307,096.561.014-48,P0529,2025-12-30,1,98.22,5.0,98.22
C00139,039.117.182-84,P015,2025-05-28,1,89.9,3.7,89.9
C00650,932.133.480-74,P1604,2026-05-08,3,319.25,4.5,957.75
C00341,627.048.281-05,P004,2025-03-04,1,169.9,4.3,169.9
C01395,259.045.990-48,P0852,2026-02-15,2,352.0,4.2,704.0
C00139,039.117.182-84,P015,2025-05-28,1,89.9,3.7,89.9
C01034,759.025.176-30,P1477,2025-07-04,3,276.36,2.7,829.08
C01456,740.148.902-36,P0174,2026-07-08,2,160.94,4.1,321.88
C01897,327.000.466-41,P0382,2025-07-21,2,303.6,4.7,607.2
C00577,640.376.137-43,P0617,2026-05-16,1,74.2,5.0,74.2
C00016,104.332.181-00,P007,2025-05-16,4,139.9,4.2,559.6
C01448,734.206.969-81,P1271,2026-03-18,1,299.27,4.7,299.27
C00004,475.255.341-44,P001,2025-02-06,2,59.9,4.3,119.8
C00133,083.863.794-99,P003,2025-01-02,1,149.9,4.4,149.9
C01981,471.754.558-36,P1186,2025-03-24,1,341.88,4.8,341.88
C01726,760.385.977-86,P0355,2025-07-14,1,376.23,4.1,376.23
C01416,209.355.610-30,P0979,2026-01-07,2,358.11,5.0,716.22
C01672,087.612.385-03,P0555,2026-06-23,2,348.23,3.0,696.46
C00151,104.332.181-00,P011,2025-10-05,2,249.9,5.0,499.8
C00178,161.559.407-89,P004,2025-09-29,1,169.9,4.5,169.9
C00602,172.131.451-26,P1928,2025-09-13,2,121.33,4.6,242.66
C00048,475.255.341-44,P001,2025-12-04,1,59.9,3.7,59.9
C01777,045.238.885-66,P0382,2026-08-29,2,303.6,5.0,607.2
C00113,627.048.281-05,P008,2025-01-09,1,219.9,4.4,219.9
C01089,024.286.990-40,P0963,2025-05-09,1,209.52,4.9,209.52
C01708,287.431.527-32,P0566,2025-02-27,2,312.14,5.0,624.28
C01470,833.394.522-88,P0677,2025-10-06,2,150.8,3.8,301.6
C00470,278.248.963-15,P012,2025-04-15,1,299.9,3.5,299.9
C00941,640.537.735-04,P0080,2025-08-02,1,295.77,4.5,295.77
C01097,981.987.809-80,P1101,2026-01-04,4,250.01,5.0,1000.04
C01536,697.893.074-11,P1319,2025-02-07,5,174.61,3.4,873.05
C00853,485.625.728-53,P1221,2025-04-20,1,361.62,5.0,361.62
C00571,536.462.805-14,P1633,2025-12-28,1,164.81,3.8,164.81
C01592,659.116.655-65,P1268,2025-03-22,3,266.41,2.9,799.23
C01773,495.621.372-79,P0483,2026-07-15,1,307.98,3.7,307.98
C00978,881.056.974-16,P0274,2025-10-04,2,147.01,4.3,294.02
C00057,395.376.724-09,P010,2025-06-10,2,99.9,4.9,199.8
C01002,148.468.536-91,P0232,2026-01-11,2,198.15,4.9,396.3
C01779,026.542.351-14,P0197,2026-06-02,1,315.11,5.0,315.11
C01979,053.161.177-94,P0370,2025-12-27,3,91.82,4.1,275.46
C00803,365.435.884-54,P0401,2026-05-16,3,316.42,4.8,949.26
C00301,928.327.648-51,P008,2025-09-20,1,219.9,3.3,219.9
C01145,990.767.699-31,P0620,2026-07-21,1,230.85,3.6,230.85
C01662,801.006.231-66,P0053,2025-08-09,1,139.18,4.7,139.18
C01891,344.300.910-72,P1371,2025-11-23,1,320.82,4.3,320.82
C00104,269.166.978-57,P003,2025-09-25,4,149.9,4.0,599.6
C00582,216.591.438-88,P1662,2025-11-10,1,178.27,3.5,178.27
C00956,397.561.547-80,P0864,2026-03-02,2,388.61,4.6,777.22
C00197,480.184.514-27,P002,2025-03-14,3,79.9,4.3,239.7
C01773,495.621.372-79,P0483,2026-07-15,1,307.98,3.7,307.98
C00225,083.863.794-99,P015,2025-02-11,1,89.9,4.2,89.9
C01331,651.777.392-44,P1767,2025-03-24,2,50.87,3.0,101.74
C01838,706.810.390-19,P1443,2025-12-30,3,268.14,4.6,804.42
C01371,453.198.074-30,P0707,2026-07-21,5,398.54,3.9,1992.7
C01527,706.056.641-45,P0453,2025-12-28,1,152.65,3.7,152.65
C00527,091.843.579-08,P0688,2025-06-07,4,149.58,4.6,598.32
C01655,243.588.537-73,P0255,2025-07-31,1,376.98,4.2,376.98
C00838,885.015.569-71,P0766,2025-04-12,3,332.05,4.1,996.15
C00123,161.559.407-89,P011,2025-09-09,1,249.9,5.0,249.9
C00734,227.026.728-17,P1489,2025-02-26,1,338.86,5.0,338.86
C00700,844.198.665-78,P0929,2025-08-06,1,348.17,4.1,348.17
C01043,510.740.913-02,P1479,2025-08-07,2,238.39,4.6,476.78
C00530,800.025.787-43,P015,2026-05-24,1,89.9,4.0,89.9
C00925,397.191.260-51,P0346,2026-07-09,1,383.61,4.7,383.61
C00856,091.843.579-08,P0949,2025-02-11,2,317.16,4.1,634.32
C00654,956.544.209-92,P0701,2025-02-07,2,145.0,5.0,290.0
C01393,298.315.229-40,P0087,2025-05-06,3,112.28,4.1,336.84
C00611,320.320.742-73,P1346,2026-03-19,3,237.2,3.8,711.6
C01532,491.165.020-60,P1759,2026-05-08,2,59.73,4.0,119.46
C00502,065.379.473-83,P1819,2025-11-30,3,320.21,5.0,960.63
C01730,455.574.696-13,P1148,2025-03-06,1,66.51,4.6,66.51
C00731,920.514.607-28,P0621,2026-02-21,2,88.49,4.2,176.98
C00082,104.332.181-00,P014,2025-10-22,1,129.9,3.2,129.9
C00300,026.542.351-14,P005,2025-02-12,3,229.9,5.0,689.7
C01613,718.924.195-72,P1769,2025-09-11,2,244.63,3.9,489.26
C01745,645.380.442-53,P1263,2025-04-05,1,63.98,5.0,63.98
C00424,480.184.514-27,P013,2025-05-17,4,49.9,3.9,199.6
C01205,350.305.641-60,P0619,2025-04-24,2,357.93,3.7,715.86
C01149,055.143.776-60,P1231,2026-03-19,2,232.35,4.6,464.7
C00268,395.376.724-09,P003,2025-08-14,1,149.9,4.6,149.9
C00904,707.139.848-80,P1652,2025-07-17,3,88.99,3.3,266.97
C01388,252.129.328-82,P0251,2025-07-01,2,205.31,4.0,410.62
C01935,729.893.762-67,P1511,2025-07-02,1,85.44,4.4,85.44
C01696,131.869.993-24,P1261,2025-12-05,1,281.13,5.0,281.13
C00196,350.305.641-60,P012,2025-06-23,3,299.9,4.0,899.7
C00476,095.701.543-73,P015,2025-10-27,2,89.9,4.0,179.8
C00874,633.535.748-83,P0777,2026-06-11,2,186.96,4.7,373.92
C00302,475.255.341-44,P014,2025-08-19,3,129.9,4.7,389.7
C01142,678.812.786-76,P0725,2025-01-28,2,327.83,3.4,655.66
C00018,627.048.281-05,P003,2025-04-08,1,149.9,3.8,149.9
C00228,026.542.351-14,P013,2025-12-26,1,49.9,4.1,49.9
C00095,026.542.351-14,P010,2025-04-22,2,99.9,4.2,199.8
C00591,278.687.653-21,P0313,2025-09-17,2,103.65,4.0,207.3
C01525,824.967.183-06,P1634,2025-11-14,2,244.63,3.3,489.26
C00355,083.863.794-99,P005,2025-04-11,2,229.9,4.5,459.8
C01975,081.974.005-55,P1649,2026-06-08,1,115.33,4.3,115.33
C00540,901.707.568-66,P1852,2025-04-24,1,211.21,4.1,211.21
C00090,395.376.724-09,P013,2025-07-14,1,49.9,4.3,49.9
C00671,016.451.046-05,P1692,2026-06-13,1,138.04,4.7,138.04
C01497,910.771.199-92,P0892,2025-02-15,3,318.34,3.7,955.02
C00214,039.117.182-84,P004,2025-02-05,3,169.9,4.3,509.7
C00144,960.013.389-14,P013,2025-03-31,2,49.9,3.6,99.8
C01699,079.863.210-08,P1889,2025-04-19,3,172.39,4.5,517.17
C01185,699.586.693-23,P0862,2025-08-10,1,104.43,4.5,104.43
C00687,555.438.404-89,P0051,2025-04-05,1,295.15,4.1,295.15
C01513,639.821.465-00,P1537,2025-11-06,2,305.68,4.0,611.36
C01689,281.964.825-82,P1042,2025-03-05,1,386.13,3.3,386.13
C00719,105.053.795-54,P1672,2026-06-05,2,156.44,3.8,312.88
C01123,339.977.180-08,P1455,2025-04-28,1,222.3,3.4,222.3
C00022,532.871.012-69,P002,2025-10-19,1,79.9,4.6,79.9
C00613,462.914.865-55,P1925,2025-10-24,1,106.7,4.3,106.7
C01191,102.918.133-05,P1871,2025-05-25,3,170.27,4.6,510.81
C00395,095.701.543-73,P006,2025-12-06,2,189.9,4.0,379.8
C01983,620.959.351-87,P0653,2026-04-24,1,331.09,3.7,331.09
C01943,993.160.875-70,P0222,2025-02-13,1,275.21,3.5,275.21
C00516,214.770.920-48,P0751,2025-05-21,1,178.08,4.5,178.08
C00793,512.080.056-42,P1217,2025-02-27,2,256.89,5.0,513.78
C00379,026.542.351-14,P003,2025-02-19,1,149.9,4.7,149.9
C01008,610.089.876-46,P1572,2025-04-01,1,71.4,4.3,71.4
C00248,269.166.978-57,P008,2025-11-07,1,219.9,4.5,219.9
C00782,450.119.292-56,P1615,2026-02-16,2,228.98,4.2,457.96
C01111,767.735.925-69,P1022,2026-01-20,3,278.19,5.0,834.57
C01224,325.122.572-31,P1634,2025-02-26,1,244.63,3.8,244.63
C01193,566.246.287-90,P1783,2025-04-28,1,386.56,4.4,386.56
C00443,161.559.407-89,P013,2025-11-25,5,49.9,3.6,249.5
C01585,694.320.293-60,P1983,2026-08-29,3,84.25,4.5,252.75
C01384,748.467.737-01,P1119,2025-10-25,1,308.08,4.0,308.08
C01507,732.283.608-14,P1211,2026-01-27,3,207.18,5.0,621.54
C00936,250.583.334-65,P1942,2025-07-08,1,351.24,4.6,351.24
C01786,427.086.688-89,P1961,2026-05-31,3,135.01,4.5,405.03
C00780,698.490.277-03,P0302,2025-08-22,3,218.53,3.5,655.59
C01612,654.610.339-70,P1894,2026-02-08,1,367.78,3.9,367.78
C00408,395.376.724-09,P012,2025-08-30,1,299.9,4.7,299.9
C00495,816.184.959-50,P002,2025-09-13,3,79.9,4.0,239.7
C01054,307.624.843-06,P0269,2025-09-12,1,231.52,3.9,231.52
C01112,471.960.940-69,P0295,2025-02-24,1,126.71,4.3,126.71
C01493,881.056.974-16,P1392,2026-07-21,2,48.57,5.0,97.14
C00595,825.952.694-88,P0669,2026-05-15,3,119.87,4.5,359.61
C01746,515.093.983-84,P1660,2025-05-28,1,190.68,3.8,190.68
C00660,641.708.053-64,P0057,2025-11-11,2,280.74,4.4,561.48
C01069,423.227.752-82,P1709,2026-02-04,2,323.42,3.8,646.84
C01864,597.779.014-70,P0217,2026-06-22,1,253.08,4.5,253.08
C01079,580.305.690-17,P0382,2026-04-19,1,303.6,4.3,303.6
C01364,238.397.283-55,P0600,2026-07-27,4,123.46,3.2,493.84
C01818,012.424.462-90,P0068,2025-10-19,1,348.95,4.9,348.95
C01950,440.766.349-93,P0640,2025-11-17,1,91.58,3.9,91.58
C00999,145.057.661-36,P1703,2025-06-04,1,171.46,3.7,171.46
C00834,441.233.613-15,P1771,2025-05-07,1,92.38,4.3,92.38
C00394,960.013.389-14,P012,2025-03-12,2,299.9,4.1,599.8
C01075,176.651.221-67,P0430,2025-01-18,1,59.84,3.8,59.84
C01837,496.739.385-39,P1481,2025-12-25,1,120.34,4.7,120.34
C00975,132.176.720-03,P1986,2026-01-12,2,286.29,3.9,572.58
C00697,436.585.856-41,P0912,2025-01-03,2,336.38,4.7,672.76
C00215,095.701.543-73,P004,2025-10-28,1,169.9,4.4,169.9
C00780,698.490.277-03,P0302,2025-08-22,3,218.53,3.5,655.59
C00474,395.376.724-09,P015,2025-04-15,1,89.9,3.3,89.9
C01954,706.056.641-45,P0736,2025-08-30,3,336.15,4.1,1008.45
C01056,166.123.740-12,P1656,2025-03-11,3,292.0,4.1,876.0
C00274,395.376.724-09,P010,2025-09-01,2,99.9,3.6,199.8
C00135,480.184.514-27,P002,2025-12-18,1,79.9,4.1,79.9
C01702,485.625.728-53,P0676,2025-06-22,2,211.04,4.0,422.08
C01863,480.861.317-42,P0721,2026-01-01,1,225.78,3.2,225.78
C01527,706.056.641-45,P0453,2025-12-28,1,152.65,3.7,152.65
C00248,269.166.978-57,P008,2025-11-07,1,219.9,4.5,219.9
C00197,480.184.514-27,P002,2025-03-14,3,79.9,4.3,239.7
C00396,480.184.514-27,P015,2025-09-30,1,89.9,4.9,89.9
C01503,800.025.787-43,P0263,2025-02-05,2,145.21,3.1,290.42
C01531,980.061.558-01,P0248,2025-08-06,3,315.19,3.3,945.57
C01676,514.010.512-86,P1745,2025-12-18,2,355.37,4.4,710.74
C00194,095.701.543-73,P015,2025-07-07,2,89.9,4.3,179.8
C00307,627.048.281-05,P008,2025-11-12,1,219.9,4.6,219.9
C01801,166.007.676-50,P0932,2025-01-08,1,42.57,3.4,42.57
C01858,816.064.842-14,P0921,2026-07-31,2,318.67,4.9,637.34
C01452,544.948.126-84,P1015,2025-10-28,2,256.53,3.9,513.06
C00213,278.248.963-15,P001,2025-01-26,3,59.9,4.5,179.7
C00138,960.013.389-14,P003,2025-06-07,2,149.9,4.8,299.8
C00112,475.255.341-44,P012,2025-09-01,2,299.9,4.8,599.8
C01384,748.467.737-01,P1119,2025-10-25,1,308.08,4.0,308.08
C01692,422.711.332-62,P1286,2025-07-04,4,208.83,3.7,835.32
C01264,491.165.020-60,P1194,2026-01-07,2,232.88,4.0,465.76
C00525,027.240.559-00,P1411,2026-07-02,1,221.28,4.7,221.28
C01515,837.606.441-04,P1436,2026-02-28,3,137.02,3.9,411.06
C00119,928.327.648-51,P012,2025-10-29,5,299.9,4.1,1499.5
C01657,885.102.726-97,P0781,2025-06-19,1,121.09,4.2,121.09
C01784,241.270.493-75,P1266,2025-07-04,1,96.02,4.6,96.02
C01437,339.994.853-02,P0523,2026-02-21,3,337.59,3.8,1012.77
C01759,468.105.485-21,P1197,2025-11-30,2,257.82,4.2,515.64
C01173,473.597.746-59,P0464,2025-08-02,3,48.25,3.3,144.75
C00937,945.198.327-99,P0307,2026-01-19,2,274.14,4.0,548.28
C00645,339.439.457-07,P0034,2025-12-24,1,270.33,4.1,270.33
C01844,696.801.867-50,P1337,2025-06-13,2,188.88,3.3,377.76
C01395,259.045.990-48,P0852,2026-02-15,2,352.0,4.2,704.0
C00381,489.325.288-70,P007,2025-09-14,1,139.9,5.0,139.9
C01914,492.424.375-22,P1861,2025-07-02,1,203.65,4.1,203.65
C00119,928.327.648-51,P012,2025-10-29,5,299.9,4.1,1499.5
C01176,934.065.277-01,P0647,2025-02-01,3,44.38,4.0,133.14
C00382,627.048.281-05,P009,2025-08-22,1,119.9,4.2,119.9
C01329,296.711.148-14,P1078,2026-08-09,1,261.35,4.6,261.35
C00826,174.101.194-97,P1267,2025-05-12,2,284.61,5.0,569.22
C00875,025.922.220-81,P0401,2025-03-14,1,316.42,4.1,316.42
C01344,435.811.288-96,P0605,2025-09-21,2,354.74,4.3,709.48
C01513,639.821.465-00,P1537,2025-11-06,2,305.68,4.0,611.36
C00761,199.867.980-27,P0851,2026-04-16,3,314.25,4.8,942.75
C01996,516.994.970-79,P0225,2026-02-25,2,87.25,4.7,174.5
C00997,334.333.395-62,P1311,2026-03-09,3,192.13,3.5,576.39
C00321,083.863.794-99,P012,2025-08-23,1,299.9,4.7,299.9
C00013,083.863.794-99,P008,2025-10-09,1,219.9,4.0,219.9
C00405,310.341.316-56,P004,2025-10-03,1,169.9,3.8,169.9
C01383,233.027.642-78,P1034,2026-06-18,1,62.81,3.8,62.81
C01079,580.305.690-17,P0382,2026-04-19,1,303.6,4.3,303.6
C00676,561.681.472-50,P1580,2026-01-26,2,186.2,3.8,372.4
C00963,759.025.176-30,P1014,2025-09-25,3,111.34,3.6,334.02
C01677,072.587.339-65,P0379,2026-04-24,1,177.52,3.7,177.52
C01144,190.340.438-00,P0182,2025-11-29,3,74.09,4.4,222.27
C00117,026.542.351-14,P012,2025-04-09,1,299.9,4.5,299.9
C00099,475.255.341-44,P002,2025-12-23,3,79.9,4.6,239.7
C00965,694.320.293-60,P0652,2025-02-24,1,324.31,3.4,324.31
C00809,287.431.527-32,P0214,2026-07-23,1,165.05,4.5,165.05
C01702,485.625.728-53,P0676,2025-06-22,2,211.04,4.0,422.08
C01166,339.055.044-56,P1819,2025-01-31,3,320.21,3.9,960.63
C01514,478.189.137-34,P0464,2026-07-10,1,48.25,3.6,48.25
C01171,555.165.176-21,P1693,2025-12-22,2,251.38,4.7,502.76
C00691,172.131.451-26,P1488,2026-07-20,1,128.98,3.6,128.98
C01315,212.021.697-59,P0405,2025-07-21,1,56.0,5.0,56.0
C01243,068.826.917-62,P0467,2025-10-13,1,69.51,3.3,69.51
C01441,204.482.070-60,P1793,2026-02-18,1,83.55,3.8,83.55
C00379,026.542.351-14,P003,2025-02-19,1,149.9,4.7,149.9
C01284,090.255.618-53,P1539,2025-02-05,4,106.21,4.0,424.84
C00571,536.462.805-14,P1633,2025-12-28,1,164.81,3.8,164.81
C01581,777.296.656-38,P1674,2026-06-05,2,313.71,3.3,627.42
C01598,128.463.985-18,P1252,2025-12-07,1,175.47,4.3,175.47
C01250,734.151.773-51,P0356,2025-09-09,2,253.94,3.6,507.88
C01894,536.051.171-04,P0289,2026-06-12,4,339.92,4.0,1359.68
C01076,860.030.443-14,P0426,2025-10-28,1,382.05,3.5,382.05
C00051,104.332.181-00,P002,2025-05-14,1,79.9,4.5,79.9
C01213,954.787.698-86,P0360,2025-09-10,1,159.97,5.0,159.97
C01556,616.556.503-43,P1198,2026-07-15,1,360.27,4.6,360.27
C00203,083.863.794-99,P011,2025-08-26,4,249.9,4.5,999.6
C00210,238.849.696-92,P009,2025-11-27,1,119.9,4.4,119.9
C00547,217.223.320-00,P0984,2025-09-22,3,191.36,3.9,574.08
C01689,281.964.825-82,P1042,2025-03-05,1,386.13,3.3,386.13
C01055,809.969.308-68,P0109,2025-06-30,3,380.88,4.3,1142.64
C01953,459.011.079-26,P0645,2025-04-15,1,192.42,4.3,192.42
C01746,515.093.983-84,P1660,2025-05-28,1,190.68,3.8,190.68
C01110,106.092.098-09,P1180,2026-06-01,1,195.67,4.5,195.67
C01359,809.521.755-76,P0624,2026-07-26,2,68.76,3.8,137.52
C00663,861.634.212-56,P1160,2025-11-18,2,321.67,5.0,643.34
C00181,480.184.514-27,P011,2025-05-11,2,249.9,4.1,499.8
C00798,353.693.785-33,P0345,2026-02-09,1,213.68,5.0,213.68
C01185,699.586.693-23,P0862,2025-08-10,1,104.43,4.5,104.43
C00365,395.376.724-09,P012,2025-06-26,5,299.9,4.8,1499.5
C00444,532.871.012-69,P008,2025-07-13,1,219.9,3.9,219.9
C00030,489.325.288-70,P001,2025-12-08,3,59.9,4.4,179.7
C01469,734.151.773-51,P0017,2025-08-22,1,299.42,4.4,299.42
C01799,888.718.981-17,P0863,2025-02-25,4,199.14,4.6,796.56
C01655,243.588.537-73,P0255,2025-07-31,1,376.98,4.2,376.98
C00760,934.065.277-01,P1367,2025-03-17,2,259.28,4.9,518.56
C01187,019.179.202-02,P1594,2026-07-09,1,284.73,4.2,284.73
C01922,074.821.759-20,P0855,2025-03-20,3,151.35,5.0,454.05
C01183,915.618.298-89,P1071,2025-01-28,1,142.65,4.2,142.65
C00592,784.448.354-71,P0045,2026-04-15,2,207.64,3.9,415.28
C00678,567.086.041-16,P0288,2025-10-16,1,305.54,3.2,305.54
C01455,327.303.461-04,P0266,2026-02-02,3,332.81,5.0,998.43
C00893,376.815.118-22,P1524,2025-12-18,1,183.82,4.9,183.82
C01675,451.713.395-89,P1783,2025-10-09,1,386.56,3.9,386.56
C01729,645.465.535-01,P1364,2026-07-11,3,376.38,4.0,1129.14
C00072,161.559.407-89,P013,2025-08-26,2,49.9,3.8,99.8
C01447,959.660.487-20,P1363,2025-10-25,2,394.66,3.5,789.32
C00740,776.655.868-80,P0560,2025-07-20,2,183.92,4.4,367.84
C01040,093.141.818-63,P1075,2026-06-10,4,377.69,4.2,1510.76
C00530,800.025.787-43,P015,2026-05-24,1,89.9,4.0,89.9
C00737,995.342.836-06,P1470,2026-05-05,4,89.47,4.2,357.88
C00661,602.206.953-00,P1267,2025-01-19,1,284.61,5.0,284.61
C00101,238.849.696-92,P009,2025-08-08,2,119.9,4.6,239.8
C01566,657.744.916-33,P1592,2025-01-19,3,282.02,3.6,846.06
C00287,489.325.288-70,P006,2025-01-10,1,189.9,4.9,189.9
C00752,066.504.427-55,P0806,2026-04-04,1,125.78,4.0,125.78
C00387,269.166.978-57,P010,2025-06-07,3,99.9,4.1,299.7
C00322,960.013.389-14,P006,2025-06-08,2,189.9,5.0,379.8
C00747,532.871.012-69,P0882,2026-07-27,1,89.1,3.9,89.1
C01838,706.810.390-19,P1443,2025-12-30,3,268.14,4.6,804.42
C01889,540.641.769-01,P1419,2026-05-10,2,372.65,3.4,745.3
C00764,605.766.270-97,P003,2025-07-17,2,149.9,4.3,299.8
C01011,998.279.501-50,P0162,2025-02-05,1,291.29,4.4,291.29
C01972,805.721.514-38,P1214,2026-03-21,1,247.16,4.9,247.16
C00470,278.248.963-15,P012,2025-04-15,1,299.9,3.5,299.9
C01890,523.867.673-53,P1600,2025-05-09,2,294.3,3.8,588.6
C00212,083.863.794-99,P011,2025-04-19,2,249.9,4.3,499.8
C00452,960.013.389-14,P004,2025-01-23,1,169.9,3.8,169.9
C00677,354.083.866-00,P1638,2025-12-01,1,187.54,4.0,187.54
C00075,816.184.959-50,P012,2025-09-01,2,299.9,4.5,599.8
C01632,526.547.935-08,P0225,2026-08-26,1,87.25,4.0,87.25
C01711,087.612.385-03,P1819,2026-03-22,1,320.21,4.6,320.21
C00767,199.717.911-37,P1747,2025-07-21,1,62.69,2.7,62.69
C01673,374.549.904-28,P1700,2025-03-28,1,271.51,4.7,271.51
C01546,581.467.179-34,P1617,2026-02-25,1,150.97,4.3,150.97
C01603,673.162.526-42,P1478,2026-02-21,1,397.65,4.2,397.65
C01606,100.996.881-58,P0940,2025-12-27,1,133.5,4.4,133.5
C01147,213.074.235-15,P1518,2025-08-27,2,215.34,3.8,430.68
C00222,278.248.963-15,P001,2025-12-04,2,59.9,4.8,119.8
C01847,997.029.271-45,P1763,2025-05-01,1,97.51,4.0,97.51
C01218,033.793.375-87,P1382,2025-01-08,3,78.71,4.2,236.13
C01803,022.526.771-39,P1127,2026-08-16,1,86.99,3.8,86.99
C01919,586.833.901-01,P0470,2025-03-05,1,76.07,3.7,76.07
C00375,269.166.978-57,P003,2025-05-16,2,149.9,4.6,299.8
C00805,339.439.457-07,P0522,2025-03-29,1,53.1,4.9,53.1
C00385,489.325.288-70,P014,2025-09-18,2,129.9,4.2,259.8
C00102,104.332.181-00,P014,2025-08-04,3,129.9,4.6,389.7
C01933,795.563.318-08,P0900,2026-01-18,2,301.95,4.2,603.9
C01847,997.029.271-45,P1763,2025-05-01,1,97.51,4.0,97.51
C01864,597.779.014-70,P0217,2026-06-22,1,253.08,4.5,253.08
C01768,787.429.671-04,P0364,2026-06-07,1,275.73,4.8,275.73
C01298,679.121.416-34,P1951,2025-02-03,1,69.22,4.7,69.22
C01045,676.720.957-06,P0373,2025-03-07,1,149.73,2.7,149.73
C01983,620.959.351-87,P0653,2026-04-24,1,331.09,3.7,331.09
C01105,992.937.842-11,P1826,2025-09-26,1,177.27,3.7,177.27
C01285,261.454.307-10,P1169,2026-06-12,3,399.45,4.2,1198.35
C00424,480.184.514-27,P013,2025-05-17,4,49.9,3.9,199.6
C01494,471.959.796-36,P0052,2025-08-24,1,83.57,3.7,83.57
C01639,546.835.652-00,P0084,2026-04-11,1,122.12,3.9,122.12
C01358,646.225.223-57,P1532,2025-11-13,1,276.61,4.8,276.61
C00998,563.983.652-08,P0659,2025-09-18,3,336.51,5.0,1009.53
C00396,480.184.514-27,P015,2025-09-30,1,89.9,4.9,89.9
C00068,039.117.182-84,P004,2025-12-23,1,169.9,3.6,169.9
C01255,372.450.184-64,P0256,2025-05-22,1,232.48,4.2,232.48
C01367,045.792.714-32,P0523,2025-08-07,2,337.59,4.9,675.18
C01546,581.467.179-34,P1617,2026-02-25,1,150.97,4.3,150.97
C01901,121.870.629-53,P1318,2025-04-19,1,92.31,3.5,92.31
C00995,189.455.906-17,P1270,2026-01-09,3,233.99,4.1,701.97
C01659,204.653.755-61,P0502,2026-08-31,1,315.96,4.4,315.96
C01433,374.529.912-49,P0736,2025-04-02,1,336.15,4.8,336.15
C00555,835.832.863-08,P0965,2025-02-21,3,224.75,5.0,674.25
C01691,328.980.271-03,P0615,2026-04-08,2,54.82,3.7,109.64
C00107,083.863.794-99,P005,2025-08-19,1,229.9,4.1,229.9
C01198,530.281.650-40,P0298,2025-08-30,1,127.51,4.1,127.51
C01881,698.152.873-89,P1589,2025-09-17,4,328.74,5.0,1314.96
C01318,333.447.626-05,P0262,2025-01-13,2,224.18,5.0,448.36
C01875,197.218.114-91,P1179,2025-09-02,1,50.93,3.9,50.93
C00113,627.048.281-05,P008,2025-01-09,1,219.9,4.4,219.9
C01065,215.632.135-32,P0164,2025-06-19,4,62.36,4.4,249.44
C01562,104.332.181-00,P1981,2025-09-15,1,120.12,4.9,120.12
C01285,261.454.307-10,P1169,2026-06-12,3,399.45,4.2,1198.35
C01762,982.173.929-60,P1151,2025-05-15,1,230.57,5.0,230.57
C00926,355.449.647-26,P1330,2025-10-31,2,141.36,4.6,282.72
C01366,132.719.500-32,P1669,2025-11-04,2,209.69,2.8,419.38
C00840,033.092.327-78,P009,2025-12-06,2,119.9,3.8,239.8
C01745,645.380.442-53,P1263,2025-04-05,1,63.98,5.0,63.98
C00239,928.327.648-51,P010,2025-04-26,3,99.9,4.9,299.7
C00509,691.311.964-03,P1876,2025-11-14,2,130.48,5.0,260.96
C00194,095.701.543-73,P015,2025-07-07,2,89.9,4.3,179.8
C01405,165.585.239-65,P1179,2026-08-31,2,50.93,4.3,101.86
C00466,960.013.389-14,P014,2025-02-07,1,129.9,4.7,129.9
C00635,241.270.493-75,P1557,2026-08-07,2,329.89,3.9,659.78
C01674,317.121.003-78,P1098,2026-06-12,2,160.69,4.9,321.38
C00721,910.883.982-43,P1656,2025-02-24,1,292.0,4.4,292.0
C00292,278.248.963-15,P013,2025-03-26,2,49.9,4.6,99.8
C00042,278.248.963-15,P012,2025-03-21,4,299.9,4.2,1199.6
C00454,350.305.641-60,P004,2025-10-22,1,169.9,3.9,169.9
C01830,775.965.555-00,P1240,2025-08-31,1,214.63,4.7,214.63
C01098,680.447.314-07,P1616,2026-04-17,1,188.15,4.6,188.15
C01990,299.737.631-90,P1914,2025-09-21,3,288.31,4.8,864.93
C00431,095.701.543-73,P015,2025-08-30,3,89.9,4.4,269.7
C00703,033.620.275-04,P0257,2026-04-14,2,212.67,4.8,425.34
C00327,627.048.281-05,P006,2025-09-23,1,189.9,5.0,189.9
C00797,497.567.922-13,P1955,2026-04-25,4,125.96,4.4,503.84
C01127,174.357.483-58,P1657,2026-04-10,1,344.56,3.4,344.56
C01617,790.504.043-75,P1676,2025-04-01,1,156.21,3.4,156.21
C00737,995.342.836-06,P1470,2026-05-05,4,89.47,4.2,357.88
C01544,283.483.152-17,P0958,2025-11-11,2,90.43,3.5,180.86
C01253,157.184.090-72,P0347,2026-04-29,2,251.36,3.9,502.72
C00584,505.331.586-80,P1204,2026-08-28,1,85.85,3.9,85.85
C01825,271.111.615-80,P0903,2025-07-08,1,44.87,4.6,44.87
C00869,304.120.270-03,P0906,2025-04-17,1,246.42,3.6,246.42
C00302,475.255.341-44,P014,2025-08-19,3,129.9,4.7,389.7
C01926,800.851.403-50,P0339,2026-01-28,2,275.78,4.0,551.56
C01827,525.777.547-60,P1767,2026-08-02,4,50.87,3.0,203.48
C00100,026.542.351-14,P013,2025-10-17,3,49.9,3.4,149.7
C01805,650.471.580-71,P0171,2026-01-28,2,348.71,4.1,697.42
C01895,182.749.680-00,P0071,2026-01-25,3,133.89,5.0,401.67
C01659,204.653.755-61,P0502,2026-08-31,1,315.96,4.4,315.96
C00510,385.467.854-14,P0616,2026-07-09,1,111.28,4.4,111.28
C01263,465.495.005-24,P1460,2025-04-16,1,144.56,4.6,144.56
C01077,298.315.229-40,P0260,2026-05-08,1,157.52,4.1,157.52
C01241,434.369.709-64,P1428,2025-07-08,1,237.56,5.0,237.56
C01233,324.006.157-05,P0678,2025-12-10,2,178.52,4.7,357.04
C01279,130.753.841-00,P0274,2025-01-02,1,147.01,4.8,147.01
C01029,684.732.365-56,P1888,2025-04-15,2,184.55,3.8,369.1
C01381,651.207.049-64,P1083,2025-07-01,2,58.91,4.5,117.82
C01054,307.624.843-06,P0269,2025-09-12,1,231.52,3.9,231.52
C00033,350.305.641-60,P010,2025-04-18,2,99.9,4.4,199.8
C00071,489.325.288-70,P008,2025-01-26,2,219.9,4.5,439.8
C01917,387.829.456-59,P1360,2025-01-05,2,57.2,4.3,114.4
C01819,600.559.550-45,P0802,2025-09-11,1,361.3,4.6,361.3
C01172,645.380.442-53,P1539,2025-06-05,1,106.21,3.8,106.21
C00350,395.376.724-09,P011,2025-02-07,1,249.9,4.4,249.9
C01563,544.577.029-00,P1023,2025-03-18,1,294.21,4.2,294.21
C00287,489.325.288-70,P006,2025-01-10,1,189.9,4.9,189.9
C00755,601.444.856-05,P0514,2025-04-12,1,128.74,3.4,128.74
C00660,641.708.053-64,P0057,2025-11-11,2,280.74,4.4,561.48
C00025,395.376.724-09,P004,2025-05-16,1,169.9,3.9,169.9
C01615,456.350.200-62,P1269,2025-12-10,1,94.32,4.7,94.32
C01020,706.626.682-00,P1249,2025-06-19,2,257.41,4.5,514.82
C00633,853.890.972-03,P0037,2025-01-30,2,245.96,4.1,491.92
C01015,100.996.881-58,P0895,2026-01-18,1,184.55,4.7,184.55
C00001,095.701.543-73,P013,2025-12-20,1,49.9,3.3,49.9
C00874,633.535.748-83,P0777,2026-06-11,2,186.96,4.7,373.92
C01040,093.141.818-63,P1075,2026-06-10,4,377.69,4.2,1510.76
C00680,114.983.074-34,P0328,2026-07-04,4,344.41,4.4,1377.64
C01661,258.896.792-28,P1399,2025-06-17,1,80.92,3.2,80.92
C00500,310.341.316-56,P010,2025-03-15,3,99.9,4.1,299.7
C00276,083.863.794-99,P009,2025-11-27,1,119.9,2.9,119.9
C01056,166.123.740-12,P1656,2025-03-11,3,292.0,4.1,876.0
C01775,257.532.603-65,P1706,2026-05-28,2,65.15,3.1,130.3
C00751,564.915.795-22,P1914,2025-09-27,1,288.31,3.8,288.31
C00094,161.559.407-89,P004,2025-03-06,2,169.9,4.2,339.8
C01940,537.599.004-02,P1970,2025-07-14,2,150.3,3.4,300.6
C00889,335.895.138-37,P1253,2025-11-01,3,306.29,3.9,918.87
C00346,161.559.407-89,P004,2025-09-10,1,169.9,4.3,169.9
C01232,091.699.854-13,P0070,2026-08-08,2,239.84,3.8,479.68
C00640,835.523.124-47,P0764,2025-04-14,3,306.73,3.5,920.19
C01876,094.777.520-02,P1390,2026-05-05,1,236.5,5.0,236.5
C00588,565.179.624-09,P0202,2025-10-11,1,226.74,4.6,226.74
C01101,805.721.514-38,P1529,2025-08-22,1,102.01,4.3,102.01
C01087,923.234.210-34,P1024,2025-02-07,2,123.97,3.8,247.94
C00485,310.341.316-56,P009,2025-08-22,1,119.9,3.5,119.9
C00999,145.057.661-36,P1703,2025-06-04,1,171.46,3.7,171.46
C00219,475.255.341-44,P010,2025-06-15,1,99.9,4.2,99.9
C01288,331.537.795-20,P1772,2025-03-02,4,241.09,3.9,964.36
C01517,063.519.036-29,P1049,2025-05-14,1,363.77,3.9,363.77
C01901,121.870.629-53,P1318,2025-04-19,1,92.31,3.5,92.31
C00652,016.451.046-05,P0295,2025-10-25,2,126.71,5.0,253.42
C00571,536.462.805-14,P1633,2025-12-28,1,164.81,3.8,164.81
C01098,680.447.314-07,P1616,2026-04-17,1,188.15,4.6,188.15
C01386,163.248.889-24,P1204,2025-10-10,1,85.85,3.0,85.85
C01985,878.844.344-23,P1016,2026-07-26,1,269.89,3.3,269.89
C00051,104.332.181-00,P002,2025-05-14,1,79.9,4.5,79.9
C00477,269.166.978-57,P005,2025-03-20,1,229.9,4.8,229.9
C00525,027.240.559-00,P1411,2026-07-02,1,221.28,4.7,221.28
C00511,776.655.868-80,P1141,2025-01-05,1,165.87,5.0,165.87
C00928,805.721.514-38,P0509,2025-12-15,1,296.55,3.5,296.55
C01746,515.093.983-84,P1660,2025-05-28,1,190.68,3.8,190.68
C00062,039.117.182-84,P010,2025-12-02,1,99.9,4.5,99.9
C01632,526.547.935-08,P0225,2026-08-26,1,87.25,4.0,87.25
C01236,538.003.296-62,P0877,2026-05-03,1,54.27,4.8,54.27
C01231,948.963.406-98,P1786,2026-04-20,4,223.02,3.0,892.08
C01357,339.439.457-07,P0812,2025-01-24,4,375.61,3.9,1502.44
C00231,395.376.724-09,P007,2025-06-10,2,139.9,4.2,279.8
C01494,471.959.796-36,P0052,2025-08-24,1,83.57,3.7,83.57
C00497,475.255.341-44,P004,2025-12-21,3,169.9,4.0,509.7
C01034,759.025.176-30,P1477,2025-07-04,3,276.36,2.7,829.08
C01354,751.648.072-03,P1881,2025-03-08,1,258.95,3.5,258.95
C01208,837.455.084-83,P1440,2025-05-02,3,340.72,5.0,1022.16
C00647,934.065.277-01,P0492,2026-05-04,1,51.23,4.8,51.23
C00793,512.080.056-42,P1217,2025-02-27,2,256.89,5.0,513.78
C00954,354.083.866-00,P0820,2025-01-27,1,56.84,4.3,56.84
C00083,104.332.181-00,P006,2025-06-02,3,189.9,5.0,569.7
C01453,038.843.660-33,P1377,2026-06-16,1,64.83,4.0,64.83
C00200,928.327.648-51,P010,2025-07-15,3,99.9,4.4,299.7
C00918,210.202.758-98,P1871,2025-03-17,1,170.27,3.3,170.27
C01310,264.712.463-90,P1019,2025-04-15,1,369.29,4.4,369.29
C00161,928.327.648-51,P013,2025-08-01,1,49.9,4.0,49.9
C01992,374.160.898-08,P1533,2025-04-14,1,306.38,4.7,306.38
C00755,601.444.856-05,P0514,2025-04-12,1,128.74,3.4,128.74
C00032,026.542.351-14,P012,2025-10-11,1,299.9,4.3,299.9
C01318,333.447.626-05,P0262,2025-01-13,2,224.18,5.0,448.36
C01116,063.519.036-29,P0668,2026-05-18,1,57.87,4.1,57.87
C01281,014.294.019-40,P1727,2025-09-09,1,213.01,3.7,213.01
C01503,800.025.787-43,P0263,2025-02-05,2,145.21,3.1,290.42
C00952,019.179.202-02,P0664,2025-06-20,2,161.91,3.3,323.82
C01654,682.975.147-06,P1731,2025-02-25,3,282.65,4.8,847.95
C00741,014.188.421-50,P1624,2025-12-24,3,142.5,3.0,427.5
C01091,671.978.897-31,P1128,2026-04-04,3,318.91,3.7,956.73
C00318,395.376.724-09,P003,2025-01-23,1,149.9,4.0,149.9
C01240,328.980.271-03,P1328,2025-10-19,1,204.81,4.0,204.81
C00524,214.477.324-64,P0028,2025-09-01,4,191.23,3.7,764.92
C01394,088.050.171-59,P0643,2026-07-11,2,118.52,4.8,237.04
C01603,673.162.526-42,P1478,2026-02-21,1,397.65,4.2,397.65
C01718,630.453.069-26,P0759,2025-06-12,1,362.18,4.4,362.18
C01859,089.268.705-37,P1405,2025-06-21,5,323.89,4.3,1619.45
C00245,269.166.978-57,P008,2025-06-24,1,219.9,4.1,219.9
C00276,083.863.794-99,P009,2025-11-27,1,119.9,2.9,119.9
C01853,290.148.706-80,P0946,2026-05-23,3,102.31,4.5,306.93
C00762,707.057.836-93,P0395,2026-06-11,1,107.4,4.0,107.4
C00053,395.376.724-09,P007,2025-11-07,5,139.9,5.0,699.5
C00574,223.105.927-49,P0825,2026-07-31,1,301.41,4.0,301.41
C01673,374.549.904-28,P1700,2025-03-28,1,271.51,4.7,271.51
C00710,800.106.181-71,P1974,2025-06-21,1,248.69,4.0,248.69
C00154,627.048.281-05,P002,2025-01-15,5,79.9,4.0,399.5
C01445,491.507.628-85,P1874,2025-02-11,1,116.73,4.0,116.73
C00390,278.248.963-15,P013,2025-07-14,1,49.9,3.8,49.9
C00706,120.122.759-31,P1757,2026-06-22,1,307.01,5.0,307.01
C00008,269.166.978-57,P004,2025-02-18,1,169.9,4.6,169.9
C01204,646.225.223-57,P1178,2026-06-10,2,257.52,3.4,515.04
C00891,406.557.820-52,P1781,2025-04-23,1,298.39,2.9,298.39
C01735,942.843.479-50,P1114,2025-04-05,1,114.92,3.4,114.92
C00669,509.754.510-90,P1523,2025-04-15,1,356.88,3.6,356.88
C00410,627.048.281-05,P008,2025-11-30,1,219.9,4.8,219.9
C00332,960.013.389-14,P002,2025-12-10,2,79.9,4.5,159.8
C00401,928.327.648-51,P005,2025-03-04,2,229.9,3.8,459.8
C00903,817.932.302-18,P0117,2025-04-11,2,76.63,3.5,153.26
C00175,350.305.641-60,P004,2025-02-16,1,169.9,4.6,169.9
C00805,339.439.457-07,P0522,2025-03-29,1,53.1,4.9,53.1
C01710,564.240.082-76,P1139,2025-12-11,3,285.39,4.1,856.17
C01536,697.893.074-11,P1319,2025-02-07,5,174.61,3.4,873.05
C01275,808.190.482-40,P0844,2026-07-09,1,297.88,3.6,297.88
C01787,354.083.866-00,P1683,2025-01-07,1,131.24,5.0,131.24
C01561,783.391.878-48,P1249,2026-06-23,1,257.41,4.6,257.41
C01306,854.329.876-86,P1230,2025-08-11,1,79.72,4.5,79.72
C01727,736.050.791-05,P1405,2025-08-11,2,323.89,4.5,647.78
C00249,928.327.648-51,P004,2025-09-20,1,169.9,3.8,169.9
C01637,480.861.317-42,P1554,2026-02-19,2,118.17,3.7,236.34
C00591,278.687.653-21,P0313,2025-09-17,2,103.65,4.0,207.3
C01467,497.567.922-13,P1230,2026-04-09,3,79.72,3.3,239.16
C01827,525.777.547-60,P1767,2026-08-02,4,50.87,3.0,203.48
C00993,066.248.132-10,P0335,2025-08-24,2,298.19,4.6,596.38
C00178,161.559.407-89,P004,2025-09-29,1,169.9,4.5,169.9
C00741,014.188.421-50,P1624,2025-12-24,3,142.5,3.0,427.5
C00814,106.092.098-09,P0286,2025-06-25,1,248.02,4.1,248.02
C01874,913.624.835-59,P0782,2026-08-23,2,277.67,3.5,555.34
C01886,267.146.283-23,P1321,2025-09-08,2,297.44,4.0,594.88
C01137,424.932.149-51,P1512,2025-10-20,3,116.81,4.2,350.43
C01902,551.293.913-06,P0124,2026-05-14,2,220.69,4.0,441.38
C00873,353.693.785-33,P0372,2025-07-26,2,383.47,5.0,766.94
C00823,317.121.003-78,P0136,2025-12-02,2,94.49,3.4,188.98
C01674,317.121.003-78,P1098,2026-06-12,2,160.69,4.9,321.38
C01335,158.904.290-51,P0262,2026-03-23,1,224.18,3.8,224.18
C01045,676.720.957-06,P0373,2025-03-07,1,149.73,2.7,149.73
C00914,667.116.845-83,P0386,2025-03-18,4,223.92,4.4,895.68
C01412,481.705.802-18,P1230,2025-05-24,1,79.72,4.4,79.72
C01507,732.283.608-14,P1211,2026-01-27,3,207.18,5.0,621.54
C00982,234.289.311-65,P1907,2026-02-14,1,331.5,5.0,331.5
C00064,816.184.959-50,P011,2025-02-13,1,249.9,4.8,249.9
C00204,161.559.407-89,P001,2025-01-20,1,59.9,4.9,59.9
C00289,161.559.407-89,P002,2025-06-01,3,79.9,4.8,239.7
C00925,397.191.260-51,P0346,2026-07-09,1,383.61,4.7,383.61
C01229,607.832.748-82,P1754,2025-01-20,2,260.91,4.8,521.82
C01608,336.998.795-34,P0362,2025-04-16,5,275.47,4.3,1377.35
C00466,960.013.389-14,P014,2025-02-07,1,129.9,4.7,129.9
C01574,106.273.715-66,P1636,2025-10-01,2,85.55,3.4,171.1
C01333,556.383.000-40,P1552,2026-03-07,3,217.89,4.6,653.67
C00104,269.166.978-57,P003,2025-09-25,4,149.9,4.0,599.6
C00703,033.620.275-04,P0257,2026-04-14,2,212.67,4.8,425.34
C00606,682.975.147-06,P1263,2025-11-18,3,63.98,5.0,191.94
C01774,623.869.222-78,P0655,2025-07-10,2,261.48,3.1,522.96
C01843,502.329.028-01,P1804,2025-05-31,1,278.78,4.5,278.78
C01639,546.835.652-00,P0084,2026-04-11,1,122.12,3.9,122.12
C01057,842.530.428-80,P1100,2025-06-15,2,318.01,3.0,636.02
C00986,796.114.351-34,P0464,2026-03-30,1,48.25,3.5,48.25
C00623,947.950.740-46,P0791,2026-06-20,1,318.71,3.4,318.71
C01546,581.467.179-34,P1617,2026-02-25,1,150.97,4.3,150.97
C00173,095.701.543-73,P007,2025-06-12,2,139.9,4.8,279.8
C00543,889.937.567-40,P0790,2025-03-23,1,217.52,4.4,217.52
C00271,960.013.389-14,P006,2025-05-27,1,189.9,5.0,189.9
C00989,701.436.349-25,P0188,2026-08-08,4,289.3,4.0,1157.2
C00600,481.386.667-06,P0162,2025-03-31,2,291.29,4.4,582.58
C00395,095.701.543-73,P006,2025-12-06,2,189.9,4.0,379.8
C00753,677.345.401-80,P0032,2025-12-02,4,96.97,3.3,387.88
C01722,229.712.529-14,P0074,2026-06-03,2,358.51,4.8,717.02
C01117,106.092.098-09,P0340,2025-03-14,2,259.94,4.7,519.88
C01647,684.732.365-56,P0502,2026-02-04,2,315.96,4.9,631.92
C01828,502.374.167-27,P1526,2026-01-19,1,186.81,3.4,186.81
C01805,650.471.580-71,P0171,2026-01-28,2,348.71,4.1,697.42
C00703,033.620.275-04,P0257,2026-04-14,2,212.67,4.8,425.34
C01755,868.034.764-72,P1585,2026-02-01,1,230.84,4.3,230.84
C01819,600.559.550-45,P0802,2025-09-11,1,361.3,4.6,361.3
C01920,599.302.020-21,P1881,2025-09-23,3,258.95,4.9,776.85
C00703,033.620.275-04,P0257,2026-04-14,2,212.67,4.8,425.34
C00457,960.013.389-14,P009,2025-10-30,3,119.9,4.5,359.7
C01169,642.361.032-06,P1214,2026-05-20,1,247.16,5.0,247.16
C01864,597.779.014-70,P0217,2026-06-22,1,253.08,4.5,253.08
C01802,067.571.236-06,P0016,2026-03-24,4,158.68,5.0,634.72
C01143,211.882.419-07,P0579,2025-09-16,3,365.38,3.6,1096.14
C00299,627.048.281-05,P014,2025-07-10,2,129.9,5.0,259.8
C00845,214.477.324-64,P1261,2026-03-02,4,281.13,4.9,1124.52
C01429,385.467.854-14,P0453,2025-12-16,3,152.65,3.6,457.95
C01121,642.361.032-06,P2000,2025-12-17,1,284.24,4.6,284.24
C00691,172.131.451-26,P1488,2026-07-20,1,128.98,3.6,128.98
C00686,981.265.742-83,P1238,2025-03-29,1,47.19,4.4,47.19
C00120,026.542.351-14,P014,2025-04-10,1,129.9,4.2,129.9
C00578,165.058.714-70,P0511,2025-02-23,2,46.05,4.6,92.1
C01339,882.211.457-42,P1390,2025-05-26,1,236.5,3.5,236.5
C00483,083.863.794-99,P014,2025-12-09,1,129.9,4.5,129.9
C01987,775.095.465-16,P1249,2026-02-14,3,257.41,5.0,772.23
C00165,395.376.724-09,P014,2025-04-07,5,129.9,4.3,649.5
C01178,837.455.084-83,P1254,2026-04-18,3,301.65,3.8,904.95
C00994,066.643.749-19,P1441,2025-06-26,2,278.06,4.4,556.12
C01667,327.599.801-38,P1602,2025-09-01,1,132.85,4.4,132.85
C01776,071.058.011-82,P1778,2025-07-29,1,50.22,3.8,50.22
C01087,923.234.210-34,P1024,2025-02-07,2,123.97,3.8,247.94
C01261,808.190.482-40,P0999,2025-04-29,2,56.85,4.6,113.7
C01398,212.899.151-05,P0694,2025-04-19,3,50.61,4.2,151.83
C01042,921.277.997-20,P1980,2025-05-20,1,312.37,5.0,312.37
C00370,816.184.959-50,P008,2025-09-21,2,219.9,4.0,439.8
C00858,161.620.281-51,P1089,2026-01-03,1,393.82,4.8,393.82
C00484,475.255.341-44,P002,2025-12-29,1,79.9,4.2,79.9
C00929,481.832.192-33,P1190,2026-02-22,1,214.81,4.7,214.81
C01231,948.963.406-98,P1786,2026-04-20,4,223.02,3.0,892.08
C00419,480.184.514-27,P011,2025-05-12,2,249.9,5.0,499.8
C00499,039.117.182-84,P011,2025-01-17,1,249.9,4.6,249.9
C01646,154.660.241-04,P0119,2026-06-03,1,98.78,4.3,98.78
C00756,975.019.803-49,P1484,2025-06-04,5,123.47,4.0,617.35
C00397,238.849.696-92,P011,2025-12-15,2,249.9,4.4,499.8
C01427,223.105.927-49,P0373,2026-06-05,1,149.73,3.7,149.73
C01434,374.545.892-35,P0134,2025-01-07,2,300.95,5.0,601.9
C01653,998.989.721-22,P1283,2025-01-06,1,329.87,5.0,329.87
C01520,651.939.828-40,P1055,2025-08-04,2,357.31,4.5,714.62
C01984,005.329.318-58,P1475,2025-01-04,1,336.67,4.4,336.67
C01150,289.023.303-03,P1418,2025-07-10,3,48.75,3.7,146.25
C00574,223.105.927-49,P0825,2026-07-31,1,301.41,4.0,301.41
C01726,760.385.977-86,P0355,2025-07-14,1,376.23,4.1,376.23
C00530,800.025.787-43,P015,2026-05-24,1,89.9,4.0,89.9
C00583,947.284.639-40,P1958,2026-02-14,2,120.7,3.4,241.4
C01657,885.102.726-97,P0781,2025-06-19,1,121.09,4.2,121.09
C01764,597.779.014-70,P1335,2025-08-08,1,70.57,4.0,70.57
C00679,396.271.286-00,P0621,2025-05-29,1,88.49,4.4,88.49
C01459,814.356.140-20,P1218,2026-02-27,2,169.24,5.0,338.48
C01845,986.872.774-07,P0842,2026-01-28,2,208.2,4.2,416.4
C01598,128.463.985-18,P1252,2025-12-07,1,175.47,4.3,175.47
C00010,026.542.351-14,P001,2025-07-26,2,59.9,4.4,119.8
C01330,298.068.650-65,P0078,2026-06-15,2,189.55,3.7,379.1
C00340,480.184.514-27,P004,2025-11-10,1,169.9,4.6,169.9
C01693,109.881.385-57,P0758,2025-05-01,3,148.3,4.9,444.9
C00135,480.184.514-27,P002,2025-12-18,1,79.9,4.1,79.9
C01987,775.095.465-16,P1249,2026-02-14,3,257.41,5.0,772.23
C00355,083.863.794-99,P005,2025-04-11,2,229.9,4.5,459.8
C00841,587.603.669-23,P1132,2025-04-08,1,253.08,4.9,253.08
C00469,310.341.316-56,P012,2025-03-02,2,299.9,4.5,599.8
C01628,427.865.619-06,P0060,2026-04-27,1,61.93,4.3,61.93
C00787,046.117.295-08,P1401,2025-09-12,1,63.11,5.0,63.11
C01490,792.234.103-20,P0401,2025-11-19,2,316.42,3.6,632.84
C00135,480.184.514-27,P002,2025-12-18,1,79.9,4.1,79.9
C00906,798.178.904-49,P1008,2025-07-15,2,198.29,4.4,396.58
C01823,377.294.209-10,P0478,2025-02-03,4,391.9,4.9,1567.6
C01854,623.869.222-78,P1608,2026-01-30,1,394.6,3.3,394.6
C00418,928.327.648-51,P004,2025-02-27,1,169.9,4.5,169.9
C00789,276.528.928-05,P0891,2025-04-29,1,394.39,4.7,394.39
C00819,269.166.978-57,P0274,2026-04-05,1,147.01,4.6,147.01
C01131,949.058.077-51,P1007,2025-11-24,2,156.15,5.0,312.3
C01075,176.651.221-67,P0430,2025-01-18,1,59.84,3.8,59.84
C00212,083.863.794-99,P011,2025-04-19,2,249.9,4.3,499.8
C01526,580.305.690-17,P0942,2025-01-19,2,186.25,3.7,372.5
C00452,960.013.389-14,P004,2025-01-23,1,169.9,3.8,169.9
C00630,642.152.265-38,P1464,2026-07-22,1,102.85,4.9,102.85
C01682,988.649.767-01,P0929,2025-10-29,1,348.17,3.9,348.17
C01380,695.007.418-22,P0544,2025-09-15,1,254.24,3.7,254.24
C00794,557.325.737-47,P1579,2026-05-09,3,217.21,4.8,651.63
C01825,271.111.615-80,P0903,2025-07-08,1,44.87,4.6,44.87
C00789,276.528.928-05,P0891,2025-04-29,1,394.39,4.7,394.39
C01131,949.058.077-51,P1007,2025-11-24,2,156.15,5.0,312.3
C00492,475.255.341-44,P012,2025-04-26,1,299.9,4.4,299.9
C00367,026.542.351-14,P005,2025-08-19,1,229.9,5.0,229.9
C00984,341.232.812-06,P0350,2025-02-26,1,343.01,3.8,343.01
C01127,174.357.483-58,P1657,2026-04-10,1,344.56,3.4,344.56
C01612,654.610.339-70,P1894,2026-02-08,1,367.78,3.9,367.78
C00782,450.119.292-56,P1615,2026-02-16,2,228.98,4.2,457.96
C01791,161.620.281-51,P1126,2025-12-14,1,289.97,4.3,289.97
C01215,233.027.642-78,P1024,2025-10-01,1,123.97,2.6,123.97
C00141,480.184.514-27,P002,2025-11-03,1,79.9,3.8,79.9
C01479,908.984.369-82,P1395,2026-05-09,2,344.11,4.8,688.22
C01150,289.023.303-03,P1418,2025-07-10,3,48.75,3.7,146.25
C00779,767.199.038-88,P0890,2025-09-07,1,238.3,4.0,238.3
C00935,959.724.665-11,P1159,2025-05-26,2,324.56,3.5,649.12
C00604,014.294.019-40,P1851,2025-11-14,1,313.26,4.8,313.26
C01229,607.832.748-82,P1754,2025-01-20,2,260.91,4.8,521.82
C01134,816.064.842-14,P0949,2025-11-04,1,317.16,4.3,317.16
C00895,278.532.426-97,P0224,2025-09-23,1,359.78,3.6,359.78
C00571,536.462.805-14,P1633,2025-12-28,1,164.81,3.8,164.81
C00798,353.693.785-33,P0345,2026-02-09,1,213.68,5.0,213.68
C00996,761.648.198-14,P1853,2025-12-08,3,363.14,3.7,1089.42
C00944,228.225.120-27,P1129,2025-08-25,1,385.11,3.3,385.11
C00619,813.190.924-70,P1568,2025-04-09,1,177.89,4.1,177.89
C01164,290.018.513-04,P1867,2026-07-16,1,116.94,4.7,116.94
C00454,350.305.641-60,P004,2025-10-22,1,169.9,3.9,169.9
C01002,148.468.536-91,P0232,2026-01-11,2,198.15,4.9,396.3
C00244,104.332.181-00,P002,2025-09-29,1,79.9,4.3,79.9
C00945,042.359.737-03,P1205,2025-03-16,2,263.84,4.8,527.68
C01568,981.829.922-14,P1958,2025-01-28,1,120.7,4.0,120.7
C01636,000.515.532-01,P1878,2025-03-09,2,390.61,5.0,781.22
C01390,678.274.117-20,P1489,2025-12-26,3,338.86,4.1,1016.58
C01492,127.238.046-74,P1310,2026-06-24,1,334.06,5.0,334.06
C00132,083.863.794-99,P003,2025-05-03,1,149.9,4.9,149.9
C00683,503.250.173-52,P0464,2025-04-23,1,48.25,4.1,48.25
C01309,935.923.613-68,P0287,2025-08-13,3,380.19,3.2,1140.57
C01602,143.643.813-65,P0407,2025-07-11,2,399.89,4.8,799.78
C01166,339.055.044-56,P1819,2025-01-31,3,320.21,3.9,960.63
C01708,287.431.527-32,P0566,2025-02-27,2,312.14,5.0,624.28
C00547,217.223.320-00,P0984,2025-09-22,3,191.36,3.9,574.08
C00307,627.048.281-05,P008,2025-11-12,1,219.9,4.6,219.9
C00173,095.701.543-73,P007,2025-06-12,2,139.9,4.8,279.8
C01166,339.055.044-56,P1819,2025-01-31,3,320.21,3.9,960.63
C01331,651.777.392-44,P1767,2025-03-24,2,50.87,3.0,101.74
C00571,536.462.805-14,P1633,2025-12-28,1,164.81,3.8,164.81
C01568,981.829.922-14,P1958,2025-01-28,1,120.7,4.0,120.7
C01479,908.984.369-82,P1395,2026-05-09,2,344.11,4.8,688.22
C00721,910.883.982-43,P1656,2025-02-24,1,292.0,4.4,292.0
C00478,475.255.341-44,P008,2025-10-09,2,219.9,4.9,439.8
C01485,194.425.892-29,P0334,2026-04-20,1,142.13,4.1,142.13
C01343,677.537.260-48,P1160,2026-03-29,1,321.67,5.0,321.67
C00342,480.184.514-27,P002,2025-12-16,4,79.9,4.3,319.6
C00511,776.655.868-80,P1141,2025-01-05,1,165.87,5.0,165.87
C00972,731.584.776-61,P1322,2026-02-12,4,234.62,5.0,938.48
C01023,182.226.189-97,P1482,2025-10-09,1,145.22,5.0,145.22
C00332,960.013.389-14,P002,2025-12-10,2,79.9,4.5,159.8
C01898,472.727.423-05,P0409,2026-04-17,1,129.55,2.9,129.55
C00778,385.179.937-21,P0649,2026-04-19,2,165.53,3.8,331.06
C00763,223.253.672-66,P0168,2025-08-25,4,376.61,4.9,1506.44
C00122,960.013.389-14,P009,2025-05-30,2,119.9,3.9,239.8
C01752,348.629.857-77,P0373,2025-05-20,1,149.73,4.0,149.73
C00471,475.255.341-44,P009,2025-06-14,3,119.9,3.6,359.7
C01974,418.938.984-66,P1190,2025-04-16,1,214.81,4.5,214.81
C00993,066.248.132-10,P0335,2025-08-24,2,298.19,4.6,596.38
C01750,229.131.670-20,P1569,2026-06-16,2,175.66,3.4,351.32
C00359,104.332.181-00,P002,2025-01-24,4,79.9,4.2,319.6
C00332,960.013.389-14,P002,2025-12-10,2,79.9,4.5,159.8
C01603,673.162.526-42,P1478,2026-02-21,1,397.65,4.2,397.65
C01640,573.993.056-17,P1081,2026-06-28,2,372.72,4.0,745.44
C01087,923.234.210-34,P1024,2025-02-07,2,123.97,3.8,247.94
C00065,278.248.963-15,P006,2025-02-17,3,189.9,4.8,569.7
C01888,920.613.638-06,P0765,2026-05-09,2,148.09,3.2,296.18
C00787,046.117.295-08,P1401,2025-09-12,1,63.11,5.0,63.11
C01872,706.540.515-00,P1726,2025-09-18,2,45.91,5.0,91.82
C01742,150.937.710-74,P0972,2025-06-22,3,115.42,4.3,346.26
C01703,993.160.875-70,P1591,2025-09-27,1,288.03,4.3,288.03
C01378,157.676.472-91,P1763,2026-02-07,2,97.51,3.9,195.02
C01347,537.599.004-02,P0850,2026-01-12,1,254.19,4.7,254.19
C01066,258.660.598-51,P1288,2025-03-19,2,143.57,3.6,287.14
C00050,532.871.012-69,P011,2025-10-02,1,249.9,5.0,249.9
C00776,980.699.016-16,P1697,2026-03-23,1,167.59,3.5,167.59
C01462,215.107.029-89,P0092,2025-05-16,1,171.37,3.6,171.37
C01625,129.087.814-50,P1209,2025-01-24,3,270.86,5.0,812.58
C01120,769.475.769-89,P0724,2026-01-15,2,377.24,3.4,754.48
C01420,317.912.868-28,P1854,2025-08-24,3,157.31,4.2,471.93
C00044,104.332.181-00,P003,2025-06-20,3,149.9,3.7,449.7
C00937,945.198.327-99,P0307,2026-01-19,2,274.14,4.0,548.28
C01016,442.703.120-09,P1567,2025-04-22,1,277.98,5.0,277.98
C01785,951.330.531-77,P0720,2025-04-08,2,157.35,4.4,314.7
C00623,947.950.740-46,P0791,2026-06-20,1,318.71,3.4,318.71
C00460,269.166.978-57,P003,2025-06-03,1,149.9,4.5,149.9
C00705,772.233.060-68,P1487,2025-08-08,1,344.17,3.5,344.17
C00341,627.048.281-05,P004,2025-03-04,1,169.9,4.3,169.9
C01117,106.092.098-09,P0340,2025-03-14,2,259.94,4.7,519.88
C01286,777.809.733-87,P0481,2026-03-22,2,384.85,3.7,769.7
C01603,673.162.526-42,P1478,2026-02-21,1,397.65,4.2,397.65
C01944,944.064.090-17,P0312,2025-11-11,2,398.74,3.6,797.48
C00148,627.048.281-05,P005,2025-12-06,4,229.9,5.0,919.6
C00495,816.184.959-50,P002,2025-09-13,3,79.9,4.0,239.7
C00602,172.131.451-26,P1928,2025-09-13,2,121.33,4.6,242.66
C00500,310.341.316-56,P010,2025-03-15,3,99.9,4.1,299.7
C01655,243.588.537-73,P0255,2025-07-31,1,376.98,4.2,376.98
C00279,395.376.724-09,P011,2025-11-03,1,249.9,4.3,249.9
C00060,532.871.012-69,P011,2025-03-31,2,249.9,5.0,499.8
C01722,229.712.529-14,P0074,2026-06-03,2,358.51,4.8,717.02
C01924,580.741.209-53,P0222,2025-03-29,1,275.21,4.3,275.21
C00453,475.255.341-44,P009,2025-04-22,3,119.9,4.0,359.7
C00666,999.404.389-74,P0322,2026-02-18,1,311.69,3.9,311.69
C01007,243.588.537-73,P0236,2026-01-21,2,388.9,3.6,777.8
C01052,406.468.677-25,P0058,2025-11-20,1,249.65,3.9,249.65
C01982,724.380.701-10,P1486,2025-07-15,2,291.37,4.1,582.74
C00809,287.431.527-32,P0214,2026-07-23,1,165.05,4.5,165.05
C00025,395.376.724-09,P004,2025-05-16,1,169.9,3.9,169.9
C00846,997.990.707-08,P0203,2025-06-16,2,330.93,4.2,661.86
C01113,095.314.196-98,P0657,2025-03-19,3,150.65,4.8,451.95
C01034,759.025.176-30,P1477,2025-07-04,3,276.36,2.7,829.08
C01025,929.880.858-54,P0303,2025-09-29,3,288.37,4.6,865.11
C01846,346.060.560-02,P1614,2026-06-09,3,274.06,4.4,822.18
C01615,456.350.200-62,P1269,2025-12-10,1,94.32,4.7,94.32
C00504,912.896.599-07,P1949,2026-04-29,2,294.25,4.2,588.5
C00711,924.632.037-90,P0874,2025-12-26,3,98.92,3.8,296.76
C01336,564.915.795-22,P0890,2025-02-07,3,238.3,4.0,714.9
C00821,403.526.356-73,P0895,2026-05-17,2,184.55,5.0,369.1
C00857,415.667.652-85,P0453,2025-10-10,5,152.65,3.6,763.25
C00336,480.184.514-27,P006,2025-07-10,1,189.9,4.9,189.9
C00509,691.311.964-03,P1876,2025-11-14,2,130.48,5.0,260.96
C01482,947.697.357-90,P0302,2026-06-14,1,218.53,2.7,218.53
C01686,876.220.234-00,P0085,2026-02-27,3,333.32,4.5,999.96
C01570,515.542.340-69,P0781,2025-02-07,2,121.09,4.4,242.18
C00616,623.471.247-90,P0944,2026-03-09,1,47.06,4.4,47.06
C00274,395.376.724-09,P010,2025-09-01,2,99.9,3.6,199.8
C00320,627.048.281-05,P011,2025-04-04,3,249.9,4.1,749.7
C00787,046.117.295-08,P1401,2025-09-12,1,63.11,5.0,63.11
C01036,472.197.054-41,P0376,2025-05-28,1,68.31,3.8,68.31
C01786,427.086.688-89,P1961,2026-05-31,3,135.01,4.5,405.03
C01798,196.463.004-56,P0858,2025-06-03,1,221.33,4.3,221.33
C00006,475.255.341-44,P005,2025-12-09,2,229.9,4.6,459.8
C01416,209.355.610-30,P0979,2026-01-07,2,358.11,5.0,716.22
C00598,090.463.766-21,P1299,2025-11-03,1,174.39,5.0,174.39
C00396,480.184.514-27,P015,2025-09-30,1,89.9,4.9,89.9
C01111,767.735.925-69,P1022,2026-01-20,3,278.19,5.0,834.57
C00068,039.117.182-84,P004,2025-12-23,1,169.9,3.6,169.9
C00669,509.754.510-90,P1523,2025-04-15,1,356.88,3.6,356.88
C01105,992.937.842-11,P1826,2025-09-26,1,177.27,3.7,177.27
C00545,142.573.160-04,P1951,2026-04-27,3,69.22,3.3,207.66
C01187,019.179.202-02,P1594,2026-07-09,1,284.73,4.2,284.73
C00921,412.833.372-74,P0228,2026-07-19,1,323.36,4.2,323.36
C01599,812.236.231-14,P1798,2025-12-24,1,198.48,4.4,198.48
C00364,310.341.316-56,P006,2025-11-07,1,189.9,5.0,189.9
C00115,095.701.543-73,P009,2025-06-26,1,119.9,4.0,119.9
C01060,754.661.766-99,P0430,2026-07-25,2,59.84,3.2,119.68
C00514,828.503.172-17,P0302,2025-03-26,1,218.53,3.7,218.53
C01414,851.569.154-00,P0723,2025-09-29,4,66.99,5.0,267.96
C00187,350.305.641-60,P001,2025-12-04,1,59.9,5.0,59.9
C01151,722.820.055-11,P1011,2025-05-12,1,233.36,4.1,233.36
C01980,045.792.714-32,P1851,2026-01-12,1,313.26,4.7,313.26
C00187,350.305.641-60,P001,2025-12-04,1,59.9,5.0,59.9
C00604,014.294.019-40,P1851,2025-11-14,1,313.26,4.8,313.26
C01689,281.964.825-82,P1042,2025-03-05,1,386.13,3.3,386.13
C01068,870.104.159-27,P1444,2025-11-20,1,359.02,4.0,359.02
C00350,395.376.724-09,P011,2025-02-07,1,249.9,4.4,249.9
C00427,816.184.959-50,P007,2025-12-18,2,139.9,5.0,279.8
C01530,539.787.137-05,P0247,2025-05-11,4,203.38,4.6,813.52
C01722,229.712.529-14,P0074,2026-06-03,2,358.51,4.8,717.02
C00722,565.179.624-09,P1887,2026-04-01,1,331.65,3.9,331.65
C00948,033.810.595-64,P0051,2025-02-26,1,295.15,4.3,295.15
C01566,657.744.916-33,P1592,2025-01-19,3,282.02,3.6,846.06
C00354,475.255.341-44,P006,2025-09-23,3,189.9,5.0,569.7
C00413,960.013.389-14,P015,2025-03-31,1,89.9,4.6,89.9
C01549,168.505.423-46,P0342,2026-05-27,2,60.27,3.7,120.54
C00374,350.305.641-60,P009,2025-01-05,3,119.9,3.4,359.7
C01542,872.333.510-66,P1762,2025-07-05,1,362.16,5.0,362.16
C00995,189.455.906-17,P1270,2026-01-09,3,233.99,4.1,701.97
C01981,471.754.558-36,P1186,2025-03-24,1,341.88,4.8,341.88
C00066,475.255.341-44,P013,2025-04-12,1,49.9,3.2,49.9
C01892,987.820.829-01,P0423,2025-12-05,1,208.22,4.4,208.22
C00451,104.332.181-00,P004,2025-04-16,1,169.9,3.7,169.9
C00071,489.325.288-70,P008,2025-01-26,2,219.9,4.5,439.8
C01449,739.774.063-45,P0367,2026-07-01,3,340.22,3.6,1020.66
C01066,258.660.598-51,P1288,2025-03-19,2,143.57,3.6,287.14
C01675,451.713.395-89,P1783,2025-10-09,1,386.56,3.9,386.56
C00217,161.559.407-89,P003,2025-10-04,1,149.9,4.9,149.9
C00162,104.332.181-00,P005,2025-06-02,3,229.9,4.4,689.7
C01135,005.329.318-58,P1948,2026-01-07,1,127.94,4.0,127.94
C01765,317.912.868-28,P1983,2025-06-19,3,84.25,4.8,252.75
C00812,435.864.496-15,P0066,2025-06-20,4,59.56,4.8,238.24
C01596,320.320.742-73,P1587,2025-01-06,1,165.2,3.5,165.2
C01813,793.714.521-88,P0303,2025-09-29,1,288.37,5.0,288.37
C01740,509.263.223-20,P1228,2025-12-02,1,307.72,4.5,307.72
C01018,910.231.211-58,P1866,2026-07-02,2,151.15,4.2,302.3
C01397,920.522.299-22,P1570,2026-08-24,1,73.81,4.0,73.81
C01052,406.468.677-25,P0058,2025-11-20,1,249.65,3.9,249.65
C01349,773.126.881-01,P0307,2025-01-17,3,274.14,4.0,822.42
C01135,005.329.318-58,P1948,2026-01-07,1,127.94,4.0,127.94
C01051,650.254.472-08,P1778,2026-04-22,1,50.22,5.0,50.22
C00874,633.535.748-83,P0777,2026-06-11,2,186.96,4.7,373.92
C01306,854.329.876-86,P1230,2025-08-11,1,79.72,4.5,79.72
C01503,800.025.787-43,P0263,2025-02-05,2,145.21,3.1,290.42
C01839,252.410.564-40,P1696,2025-12-09,4,48.91,5.0,195.64
C01227,990.767.699-31,P0175,2026-01-05,2,183.05,5.0,366.1
C00202,095.701.543-73,P006,2025-11-09,1,189.9,4.9,189.9
C01175,375.060.685-40,P1492,2025-02-26,1,181.11,5.0,181.11
C00632,623.445.655-31,P0917,2025-10-17,2,306.77,3.9,613.54
C00054,310.341.316-56,P005,2025-01-23,2,229.9,5.0,459.8
C00145,480.184.514-27,P015,2025-05-23,1,89.9,3.6,89.9
C01183,915.618.298-89,P1071,2025-01-28,1,142.65,4.2,142.65
C01890,523.867.673-53,P1600,2025-05-09,2,294.3,3.8,588.6
C01012,402.681.177-80,P1056,2026-02-15,1,79.52,4.1,79.52
C00891,406.557.820-52,P1781,2025-04-23,1,298.39,2.9,298.39
C00178,161.559.407-89,P004,2025-09-29,1,169.9,4.5,169.9
C01351,581.467.179-34,P1376,2025-06-21,1,69.64,4.0,69.64
C00111,489.325.288-70,P004,2025-02-13,1,169.9,3.6,169.9
C01683,195.535.603-34,P1050,2025-04-28,1,239.24,4.6,239.24
C01633,235.426.874-21,P1067,2025-04-15,1,287.09,5.0,287.09
C01983,620.959.351-87,P0653,2026-04-24,1,331.09,3.7,331.09
C00569,734.764.273-66,P1709,2025-11-27,4,323.42,4.9,1293.68
C00324,960.013.389-14,P014,2025-12-02,1,129.9,4.0,129.9
C00600,481.386.667-06,P0162,2025-03-31,2,291.29,4.4,582.58
C01600,706.626.682-00,P0573,2026-06-22,3,391.7,5.0,1175.1
C00438,269.166.978-57,P008,2025-10-16,1,219.9,4.4,219.9
C01775,257.532.603-65,P1706,2026-05-28,2,65.15,3.1,130.3
C00309,026.542.351-14,P013,2025-05-28,1,49.9,4.1,49.9
C00098,532.871.012-69,P007,2025-04-12,1,139.9,4.1,139.9
C00439,480.184.514-27,P011,2025-06-07,2,249.9,3.9,499.8
C01509,921.277.997-20,P0438,2026-05-06,2,392.15,4.1,784.3
C01205,350.305.641-60,P0619,2025-04-24,2,357.93,3.7,715.86
C00710,800.106.181-71,P1974,2025-06-21,1,248.69,4.0,248.69
C01313,646.136.847-73,P1420,2025-08-01,1,192.94,3.6,192.94
C01298,679.121.416-34,P1951,2025-02-03,1,69.22,4.7,69.22
C01110,106.092.098-09,P1180,2026-06-01,1,195.67,4.5,195.67
C01029,684.732.365-56,P1888,2025-04-15,2,184.55,3.8,369.1
C00203,083.863.794-99,P011,2025-08-26,4,249.9,4.5,999.6
C00520,374.160.898-08,P0729,2025-10-10,1,329.0,3.8,329.0
C01056,166.123.740-12,P1656,2025-03-11,3,292.0,4.1,876.0
C00271,960.013.389-14,P006,2025-05-27,1,189.9,5.0,189.9
C00952,019.179.202-02,P0664,2025-06-20,2,161.91,3.3,323.82
C00234,960.013.389-14,P010,2025-10-15,2,99.9,4.4,199.8
C01575,875.721.586-33,P1867,2026-04-26,2,116.94,4.6,233.88
C00207,269.166.978-57,P010,2025-03-21,3,99.9,3.7,299.7
C00186,238.849.696-92,P010,2025-06-01,5,99.9,4.5,499.5
C01276,343.626.204-86,P0882,2025-08-09,3,89.1,4.6,267.3
C00442,627.048.281-05,P001,2025-05-27,1,59.9,4.9,59.9
C00703,033.620.275-04,P0257,2026-04-14,2,212.67,4.8,425.34
C00629,566.701.065-80,P0071,2025-06-09,1,133.89,5.0,133.89
C00434,026.542.351-14,P001,2025-10-08,4,59.9,5.0,239.6
C01524,060.717.481-19,P0640,2025-08-12,4,91.58,4.0,366.32
C01384,748.467.737-01,P1119,2025-10-25,1,308.08,4.0,308.08
C00478,475.255.341-44,P008,2025-10-09,2,219.9,4.9,439.8
C01374,225.699.611-59,P1030,2025-12-30,4,367.64,3.9,1470.56
C01427,223.105.927-49,P0373,2026-06-05,1,149.73,3.7,149.73
C01079,580.305.690-17,P0382,2026-04-19,1,303.6,4.3,303.6
C01157,655.158.482-92,P0619,2025-07-12,1,357.93,3.0,357.93
C01870,610.277.697-64,P0482,2025-05-08,1,230.74,3.7,230.74
C00908,736.026.064-73,P0579,2025-12-15,1,365.38,3.9,365.38
C00771,806.867.177-32,P1986,2025-03-13,2,286.29,4.2,572.58
C01079,580.305.690-17,P0382,2026-04-19,1,303.6,4.3,303.6
C01672,087.612.385-03,P0555,2026-06-23,2,348.23,3.0,696.46
C01420,317.912.868-28,P1854,2025-08-24,3,157.31,4.2,471.93
C00151,104.332.181-00,P011,2025-10-05,2,249.9,5.0,499.8
C00919,544.439.284-48,P0399,2025-09-29,4,129.42,4.6,517.68
C01480,508.917.768-69,P1212,2025-06-02,2,74.94,4.3,149.88
C00448,095.701.543-73,P007,2025-09-30,1,139.9,4.3,139.9
C01977,794.620.726-39,P1592,2026-03-13,1,282.02,2.5,282.02
C01617,790.504.043-75,P1676,2025-04-01,1,156.21,3.4,156.21
C01694,318.432.225-40,P0259,2026-08-24,2,105.25,4.4,210.5
C00164,395.376.724-09,P009,2025-10-06,1,119.9,4.2,119.9
C01160,788.178.847-07,P0394,2025-07-31,1,82.12,2.9,82.12
C01056,166.123.740-12,P1656,2025-03-11,3,292.0,4.1,876.0
C01254,734.206.969-81,P1461,2026-07-23,3,148.18,4.6,444.54
C01701,097.461.917-56,P1350,2025-06-07,2,153.9,3.3,307.8
C00707,475.255.341-44,P0922,2025-08-24,2,113.71,4.4,227.42
C01068,870.104.159-27,P1444,2025-11-20,1,359.02,4.0,359.02
C01359,809.521.755-76,P0624,2026-07-26,2,68.76,3.8,137.52
C01507,732.283.608-14,P1211,2026-01-27,3,207.18,5.0,621.54
C01541,566.246.287-90,P0188,2025-11-13,4,289.3,3.2,1157.2
C00674,532.593.993-99,P0089,2026-08-17,2,396.84,4.5,793.68
C01997,519.825.309-01,P1020,2025-08-24,1,383.26,4.2,383.26
C00020,627.048.281-05,P009,2025-09-29,1,119.9,4.1,119.9
C00985,428.596.932-70,P0966,2025-10-19,1,299.69,3.8,299.69
C01218,033.793.375-87,P1382,2025-01-08,3,78.71,4.2,236.13
C00123,161.559.407-89,P011,2025-09-09,1,249.9,5.0,249.9
C00903,817.932.302-18,P0117,2025-04-11,2,76.63,3.5,153.26
C01192,303.723.683-36,P1405,2025-11-20,2,323.89,4.2,647.78
C01216,812.236.231-14,P1653,2025-11-19,1,272.12,4.7,272.12
C00239,928.327.648-51,P010,2025-04-26,3,99.9,4.9,299.7
C00556,033.092.327-78,P1284,2025-03-09,2,153.63,3.5,307.26
C00490,310.341.316-56,P010,2025-09-27,1,99.9,4.3,99.9
C01280,687.234.309-58,P1699,2026-08-31,1,61.28,5.0,61.28
C00658,972.896.230-45,P0774,2025-10-16,1,369.43,4.0,369.43
C01143,211.882.419-07,P0579,2025-09-16,3,365.38,3.6,1096.14
C01463,884.422.583-29,P0423,2025-06-01,2,208.22,5.0,416.44
C01595,706.734.996-69,P1469,2025-01-25,1,242.3,4.3,242.3
C00368,532.871.012-69,P014,2025-11-12,1,129.9,4.5,129.9
C01808,275.539.423-40,P1646,2026-01-15,2,98.61,4.4,197.22
C00332,960.013.389-14,P002,2025-12-10,2,79.9,4.5,159.8
C00044,104.332.181-00,P003,2025-06-20,3,149.9,3.7,449.7
C00090,395.376.724-09,P013,2025-07-14,1,49.9,4.3,49.9
C00403,161.559.407-89,P005,2025-01-22,1,229.9,4.6,229.9
C01747,394.498.830-25,P0402,2025-06-06,1,130.66,4.4,130.66
C00416,026.542.351-14,P015,2025-06-21,1,89.9,4.1,89.9
C01388,252.129.328-82,P0251,2025-07-01,2,205.31,4.0,410.62
C00837,336.138.612-83,P0510,2025-09-18,3,350.4,4.4,1051.2
C00080,269.166.978-57,P006,2025-10-05,2,189.9,4.6,379.8
C00889,335.895.138-37,P1253,2025-11-01,3,306.29,3.9,918.87
C00057,395.376.724-09,P010,2025-06-10,2,99.9,4.9,199.8
C00953,759.025.176-30,P1825,2025-03-05,4,317.93,4.4,1271.72
C01118,170.454.218-93,P0653,2026-01-12,1,331.09,3.5,331.09
C01043,510.740.913-02,P1479,2025-08-07,2,238.39,4.6,476.78
C00566,299.737.631-90,P1800,2025-08-17,2,302.24,4.5,604.48
C01534,724.380.701-10,P0274,2025-07-22,1,147.01,4.5,147.01
C01194,538.003.296-62,P1832,2025-11-15,4,138.02,4.9,552.08
C00510,385.467.854-14,P0616,2026-07-09,1,111.28,4.4,111.28
C00870,594.082.154-51,P0180,2026-01-01,1,302.1,3.7,302.1
C00218,104.332.181-00,P003,2025-01-08,1,149.9,5.0,149.9
C01847,997.029.271-45,P1763,2025-05-01,1,97.51,4.0,97.51
C01507,732.283.608-14,P1211,2026-01-27,3,207.18,5.0,621.54
C00576,800.106.181-71,P0886,2025-11-16,3,229.0,3.5,687.0
C01350,055.269.658-72,P1357,2026-01-25,2,145.2,5.0,290.4
C01359,809.521.755-76,P0624,2026-07-26,2,68.76,3.8,137.52
C01220,807.836.134-31,P1318,2026-06-20,1,92.31,3.9,92.31
C00109,395.376.724-09,P003,2025-09-07,1,149.9,4.7,149.9
C01758,787.112.166-97,P1016,2025-12-02,1,269.89,5.0,269.89
C01912,778.956.133-24,P1784,2025-06-15,1,73.66,4.4,73.66
C01949,507.251.786-12,P1945,2026-03-03,4,152.04,5.0,608.16
C01962,235.469.510-18,P1268,2026-08-28,2,266.41,3.4,532.82
C01858,816.064.842-14,P0921,2026-07-31,2,318.67,4.9,637.34
C01479,908.984.369-82,P1395,2026-05-09,2,344.11,4.8,688.22
C00114,350.305.641-60,P011,2025-10-25,1,249.9,5.0,249.9
C00931,082.611.231-54,P1241,2025-08-10,2,71.22,4.1,142.44
C00491,238.849.696-92,P005,2025-07-23,1,229.9,5.0,229.9
C00440,310.341.316-56,P010,2025-02-07,1,99.9,4.7,99.9
C01662,801.006.231-66,P0053,2025-08-09,1,139.18,4.7,139.18
C01626,812.248.905-23,P1938,2025-07-07,3,255.31,3.6,765.93
C01045,676.720.957-06,P0373,2025-03-07,1,149.73,2.7,149.73
C01473,657.569.245-15,P0307,2025-05-07,2,274.14,4.7,548.28
C00259,395.376.724-09,P003,2025-11-13,2,149.9,4.4,299.8
C00444,532.871.012-69,P008,2025-07-13,1,219.9,3.9,219.9
C01721,835.523.124-47,P1783,2026-03-07,2,386.56,3.7,773.12
C00903,817.932.302-18,P0117,2025-04-11,2,76.63,3.5,153.26
C01094,190.833.428-24,P0701,2025-08-17,1,145.0,3.1,145.0
C00926,355.449.647-26,P1330,2025-10-31,2,141.36,4.6,282.72
C00405,310.341.316-56,P004,2025-10-03,1,169.9,3.8,169.9
C01653,998.989.721-22,P1283,2025-01-06,1,329.87,5.0,329.87
C01517,063.519.036-29,P1049,2025-05-14,1,363.77,3.9,363.77
C01368,311.587.605-07,P1411,2025-02-28,4,221.28,3.9,885.12
C00707,475.255.341-44,P0922,2025-08-24,2,113.71,4.4,227.42
C01287,651.460.401-33,P1008,2026-03-27,1,198.29,4.2,198.29
C01907,964.338.532-93,P0439,2026-08-24,1,336.98,3.9,336.98
C01300,887.071.553-10,P1589,2026-03-20,1,328.74,4.7,328.74
C00989,701.436.349-25,P0188,2026-08-08,4,289.3,4.0,1157.2
C00541,213.074.235-15,P1622,2025-07-07,1,82.39,3.7,82.39
C01046,835.832.863-08,P1431,2025-01-28,1,238.42,4.6,238.42
C00744,927.742.333-13,P1134,2025-09-05,2,343.18,4.0,686.36
C01223,682.509.522-60,P1524,2026-02-04,3,183.82,3.6,551.46
C00092,238.849.696-92,P004,2025-11-29,1,169.9,4.0,169.9
C00381,489.325.288-70,P007,2025-09-14,1,139.9,5.0,139.9
C01574,106.273.715-66,P1636,2025-10-01,2,85.55,3.4,171.1
C00762,707.057.836-93,P0395,2026-06-11,1,107.4,4.0,107.4
C00866,971.112.125-50,P1016,2025-07-12,2,269.89,4.7,539.78
C01088,082.404.335-96,P0115,2026-08-22,1,94.28,4.0,94.28
C00877,707.139.848-80,P015,2026-05-23,5,89.9,3.8,449.5
C01518,504.165.915-07,P0237,2025-08-11,2,292.45,5.0,584.9
C00491,238.849.696-92,P005,2025-07-23,1,229.9,5.0,229.9
C01517,063.519.036-29,P1049,2025-05-14,1,363.77,3.9,363.77
C00419,480.184.514-27,P011,2025-05-12,2,249.9,5.0,499.8
C00742,567.983.631-99,P1733,2025-06-07,1,333.2,4.6,333.2
C01176,934.065.277-01,P0647,2025-02-01,3,44.38,4.0,133.14
C01772,029.233.451-69,P1374,2025-04-14,2,289.48,4.1,578.96
C00466,960.013.389-14,P014,2025-02-07,1,129.9,4.7,129.9
C01175,375.060.685-40,P1492,2025-02-26,1,181.11,5.0,181.11
C00129,278.248.963-15,P004,2025-09-25,1,169.9,4.4,169.9
C00151,104.332.181-00,P011,2025-10-05,2,249.9,5.0,499.8
C01536,697.893.074-11,P1319,2025-02-07,5,174.61,3.4,873.05
C01438,655.125.674-03,P1720,2026-05-27,3,64.05,4.2,192.15
C00753,677.345.401-80,P0032,2025-12-02,4,96.97,3.3,387.88
C01246,017.320.865-75,P1140,2025-10-18,4,158.21,4.8,632.84
C00761,199.867.980-27,P0851,2026-04-16,3,314.25,4.8,942.75
C00555,835.832.863-08,P0965,2025-02-21,3,224.75,5.0,674.25
C00863,234.289.311-65,P1961,2025-10-30,1,135.01,3.6,135.01
C00624,392.845.679-20,P0234,2025-12-27,4,254.92,3.3,1019.68
C01631,165.585.239-65,P1890,2026-08-07,3,253.86,4.7,761.58
C00824,158.904.290-51,P0724,2026-01-08,1,377.24,4.0,377.24
C00642,424.936.312-00,P0094,2025-08-01,2,363.41,4.9,726.82
C01073,127.990.881-55,P1372,2025-06-21,3,85.69,4.5,257.07
C01517,063.519.036-29,P1049,2025-05-14,1,363.77,3.9,363.77
C00548,212.021.697-59,P0609,2025-11-08,2,279.73,5.0,559.46
C01880,346.729.949-02,P0365,2025-10-11,2,353.15,4.9,706.3
C00928,805.721.514-38,P0509,2025-12-15,1,296.55,3.5,296.55
C01322,911.838.425-03,P1107,2026-01-14,3,332.97,4.3,998.91
C01915,114.262.655-57,P1970,2025-12-16,3,150.3,3.9,450.9
C00864,997.990.707-08,P1354,2025-12-28,1,372.49,4.9,372.49
C00400,627.048.281-05,P006,2025-10-14,4,189.9,4.3,759.6
C01496,447.163.928-56,P1971,2026-04-30,1,162.81,4.9,162.81
C00014,104.332.181-00,P002,2025-05-02,1,79.9,3.7,79.9
C00916,147.379.965-13,P1815,2025-12-19,2,389.36,4.2,778.72
C01960,341.638.944-11,P0326,2026-04-04,2,223.19,4.2,446.38
C00829,131.869.993-24,P0660,2026-06-26,1,245.2,4.5,245.2
C01369,934.065.277-01,P1525,2025-11-30,3,42.96,3.9,128.88
C01051,650.254.472-08,P1778,2026-04-22,1,50.22,5.0,50.22
C00430,480.184.514-27,P012,2025-11-07,1,299.9,4.4,299.9
C00636,287.431.527-32,P0761,2026-07-16,2,396.68,4.0,793.36
C01048,298.315.229-40,P0587,2025-12-24,1,290.15,4.2,290.15
C00209,238.849.696-92,P004,2025-08-16,1,169.9,4.1,169.9
C00830,816.184.959-50,P0473,2025-05-26,2,72.11,4.2,144.22
C00830,816.184.959-50,P0473,2025-05-26,2,72.11,4.2,144.22
C01670,150.937.710-74,P0736,2025-07-29,2,336.15,3.9,672.3
C00248,269.166.978-57,P008,2025-11-07,1,219.9,4.5,219.9
C01686,876.220.234-00,P0085,2026-02-27,3,333.32,4.5,999.96
C00821,403.526.356-73,P0895,2026-05-17,2,184.55,5.0,369.1
C01303,771.070.449-23,P1451,2026-08-12,1,235.29,3.4,235.29
C01114,975.019.803-49,P0079,2025-08-12,2,339.13,4.1,678.26
C00600,481.386.667-06,P0162,2025-03-31,2,291.29,4.4,582.58
C01862,773.126.881-01,P1913,2025-06-28,2,337.09,4.5,674.18
C00449,475.255.341-44,P004,2025-08-24,1,169.9,3.9,169.9
C00073,095.701.543-73,P010,2025-06-12,4,99.9,4.7,399.6
C01501,882.493.534-63,P1468,2026-01-04,1,268.48,5.0,268.48
C01243,068.826.917-62,P0467,2025-10-13,1,69.51,3.3,69.51
C01782,148.468.536-91,P0548,2025-10-30,1,302.21,5.0,302.21
C00916,147.379.965-13,P1815,2025-12-19,2,389.36,4.2,778.72
C00034,928.327.648-51,P009,2025-09-08,1,119.9,4.6,119.9
C00041,475.255.341-44,P011,2025-02-22,1,249.9,3.7,249.9
C00867,686.334.141-71,P1609,2026-07-16,5,213.94,3.5,1069.7
C00500,310.341.316-56,P010,2025-03-15,3,99.9,4.1,299.7
C01845,986.872.774-07,P0842,2026-01-28,2,208.2,4.2,416.4
C00237,026.542.351-14,P010,2025-09-17,1,99.9,4.0,99.9
C01762,982.173.929-60,P1151,2025-05-15,1,230.57,5.0,230.57
C00434,026.542.351-14,P001,2025-10-08,4,59.9,5.0,239.6
C00239,928.327.648-51,P010,2025-04-26,3,99.9,4.9,299.7
C00550,782.079.799-17,P0338,2025-12-12,4,87.87,3.8,351.48
C00289,161.559.407-89,P002,2025-06-01,3,79.9,4.8,239.7
C00803,365.435.884-54,P0401,2026-05-16,3,316.42,4.8,949.26
C00661,602.206.953-00,P1267,2025-01-19,1,284.61,5.0,284.61
C01059,724.500.000-03,P1638,2025-03-20,1,187.54,4.0,187.54
C01075,176.651.221-67,P0430,2025-01-18,1,59.84,3.8,59.84
C00002,238.849.696-92,P008,2025-09-22,2,219.9,5.0,439.8
C00250,039.117.182-84,P008,2025-09-27,2,219.9,4.5,439.8
C00324,960.013.389-14,P014,2025-12-02,1,129.9,4.0,129.9
C00390,278.248.963-15,P013,2025-07-14,1,49.9,3.8,49.9
C00188,960.013.389-14,P015,2025-11-07,2,89.9,4.1,179.8
C00630,642.152.265-38,P1464,2026-07-22,1,102.85,4.9,102.85
C01100,327.303.461-04,P0779,2025-09-28,1,345.75,4.6,345.75
C00618,674.584.760-44,P1527,2025-10-19,2,295.85,3.8,591.7
C00659,567.983.631-99,P0510,2025-03-02,1,350.4,4.4,350.4
C00940,814.356.140-20,P0049,2025-06-26,2,181.55,4.8,363.1
C01097,981.987.809-80,P1101,2026-01-04,4,250.01,5.0,1000.04
C00662,718.749.603-64,P1008,2026-08-05,4,198.29,4.5,793.16
C00444,532.871.012-69,P008,2025-07-13,1,219.9,3.9,219.9
C00819,269.166.978-57,P0274,2026-04-05,1,147.01,4.6,147.01
C00049,395.376.724-09,P005,2025-02-05,4,229.9,4.6,919.6
C00986,796.114.351-34,P0464,2026-03-30,1,48.25,3.5,48.25
C01883,553.470.574-40,P1751,2025-10-25,2,108.23,3.6,216.46
C00796,838.688.891-16,P0352,2025-09-30,1,338.14,4.7,338.14
C00217,161.559.407-89,P003,2025-10-04,1,149.9,4.9,149.9
C01415,634.755.752-56,P0085,2025-08-07,1,333.32,3.7,333.32
C00254,532.871.012-69,P009,2025-12-27,1,119.9,3.7,119.9
C00388,104.332.181-00,P010,2025-08-31,1,99.9,3.5,99.9
C00294,350.305.641-60,P013,2025-08-18,1,49.9,4.4,49.9
C01768,787.429.671-04,P0364,2026-06-07,1,275.73,4.8,275.73
C01963,982.474.140-23,P1539,2026-03-13,2,106.21,3.4,212.42
C01140,109.678.994-94,P1180,2026-07-19,1,195.67,4.0,195.67
C01236,538.003.296-62,P0877,2026-05-03,1,54.27,4.8,54.27
C01291,982.173.929-60,P0739,2026-06-07,1,167.65,3.7,167.65
C01221,406.557.820-52,P0771,2025-10-01,2,339.29,2.9,678.58
C01089,024.286.990-40,P0963,2025-05-09,1,209.52,4.9,209.52
C01974,418.938.984-66,P1190,2025-04-16,1,214.81,4.5,214.81
C01467,497.567.922-13,P1230,2026-04-09,3,79.72,3.3,239.16
C00177,104.332.181-00,P001,2025-06-16,3,59.9,4.4,179.7
C00784,088.948.018-45,P0780,2026-08-05,2,326.24,3.7,652.48
C01950,440.766.349-93,P0640,2025-11-17,1,91.58,3.9,91.58
C00808,353.659.746-70,P0304,2026-03-18,1,184.24,4.8,184.24
C00409,161.559.407-89,P001,2025-10-09,5,59.9,4.9,299.5
C01737,210.202.758-98,P0570,2026-02-27,2,165.2,4.5,330.4
C01247,826.832.303-54,P1304,2026-02-19,1,298.3,4.5,298.3
C01126,459.701.082-35,P1413,2025-05-27,1,123.7,5.0,123.7
C00841,587.603.669-23,P1132,2025-04-08,1,253.08,4.9,253.08
C00249,928.327.648-51,P004,2025-09-20,1,169.9,3.8,169.9
C00768,045.025.896-32,P1381,2026-06-26,1,168.84,5.0,168.84
C00875,025.922.220-81,P0401,2025-03-14,1,316.42,4.1,316.42
C01863,480.861.317-42,P0721,2026-01-01,1,225.78,3.2,225.78
C00615,231.164.913-21,P1368,2026-04-02,1,347.59,4.3,347.59
C00299,627.048.281-05,P014,2025-07-10,2,129.9,5.0,259.8
C00856,091.843.579-08,P0949,2025-02-11,2,317.16,4.1,634.32
C01995,865.596.309-78,P1192,2025-12-29,1,353.17,3.8,353.17
C00965,694.320.293-60,P0652,2025-02-24,1,324.31,3.4,324.31
C00759,691.311.964-03,P0099,2025-04-24,1,203.42,5.0,203.42
C01334,500.902.559-09,P1975,2025-01-31,3,348.88,4.1,1046.64
C01298,679.121.416-34,P1951,2025-02-03,1,69.22,4.7,69.22
C00599,396.136.749-34,P1939,2025-03-14,1,184.45,4.8,184.45
C01936,786.814.473-43,P0349,2025-04-16,3,105.9,5.0,317.7
C01186,700.518.449-15,P0611,2026-07-02,3,390.48,4.1,1171.44
C00116,480.184.514-27,P005,2025-06-06,1,229.9,4.3,229.9
C00816,866.281.372-01,P1399,2026-03-28,2,80.92,4.2,161.84
C01846,346.060.560-02,P1614,2026-06-09,3,274.06,4.4,822.18
C00787,046.117.295-08,P1401,2025-09-12,1,63.11,5.0,63.11
C01136,997.273.677-63,P1400,2025-06-22,1,388.08,4.5,388.08
C01226,164.970.169-10,P0044,2026-08-11,2,244.85,4.0,489.7
C01409,957.443.034-05,P1224,2025-06-16,1,168.68,3.4,168.68
C01745,645.380.442-53,P1263,2025-04-05,1,63.98,5.0,63.98
C00299,627.048.281-05,P014,2025-07-10,2,129.9,5.0,259.8
C01034,759.025.176-30,P1477,2025-07-04,3,276.36,2.7,829.08
C01067,374.160.898-08,P1922,2026-06-20,3,396.8,3.9,1190.4
C00305,026.542.351-14,P014,2025-11-29,1,129.9,4.4,129.9
C01348,592.962.229-90,P0407,2025-02-24,1,399.89,3.9,399.89
C00237,026.542.351-14,P010,2025-09-17,1,99.9,4.0,99.9
C00913,016.451.046-05,P0320,2025-02-24,2,114.97,5.0,229.94
C00661,602.206.953-00,P1267,2025-01-19,1,284.61,5.0,284.61
C00310,278.248.963-15,P008,2025-02-02,1,219.9,4.5,219.9
C01645,805.891.135-69,P1271,2026-06-11,1,299.27,4.2,299.27
C00489,269.166.978-57,P013,2025-04-02,1,49.9,4.1,49.9
C00511,776.655.868-80,P1141,2025-01-05,1,165.87,5.0,165.87
C01709,701.840.943-80,P0695,2025-12-11,4,314.58,4.0,1258.32
C01755,868.034.764-72,P1585,2026-02-01,1,230.84,4.3,230.84
C00069,532.871.012-69,P004,2025-03-17,2,169.9,4.8,339.8
C00556,033.092.327-78,P1284,2025-03-09,2,153.63,3.5,307.26
C01418,686.334.141-71,P1468,2025-03-11,1,268.48,5.0,268.48
C01557,471.960.940-69,P1337,2025-07-03,3,188.88,3.3,566.64
C01999,942.141.052-14,P1931,2025-02-01,1,285.32,4.8,285.32
C01110,106.092.098-09,P1180,2026-06-01,1,195.67,4.5,195.67
C00015,627.048.281-05,P008,2025-04-20,3,219.9,4.5,659.7
C01748,228.015.619-91,P1284,2026-07-23,3,153.63,3.5,460.89
C00323,095.701.543-73,P008,2025-05-10,1,219.9,4.1,219.9
C00242,350.305.641-60,P015,2025-06-23,1,89.9,4.4,89.9
C01349,773.126.881-01,P0307,2025-01-17,3,274.14,4.0,822.42
C01208,837.455.084-83,P1440,2025-05-02,3,340.72,5.0,1022.16
C00120,026.542.351-14,P014,2025-04-10,1,129.9,4.2,129.9
C00339,627.048.281-05,P009,2025-07-18,4,119.9,4.6,479.6
C01180,869.996.988-05,P0825,2025-09-09,2,301.41,4.4,602.82
C00511,776.655.868-80,P1141,2025-01-05,1,165.87,5.0,165.87
C01369,934.065.277-01,P1525,2025-11-30,3,42.96,3.9,128.88
C00824,158.904.290-51,P0724,2026-01-08,1,377.24,4.0,377.24
C01177,499.261.891-05,P1955,2026-08-11,2,125.96,2.8,251.92
C00950,276.365.564-56,P1047,2026-04-10,2,139.94,4.0,279.88
C00731,920.514.607-28,P0621,2026-02-21,2,88.49,4.2,176.98
C00685,856.218.501-90,P1664,2025-05-05,4,259.75,4.5,1039.0
C01395,259.045.990-48,P0852,2026-02-15,2,352.0,4.2,704.0
C01029,684.732.365-56,P1888,2025-04-15,2,184.55,3.8,369.1
C01189,240.132.234-57,P0959,2025-01-06,2,137.2,3.7,274.4
C01155,325.250.029-97,P0071,2025-02-21,2,133.89,5.0,267.78
C00416,026.542.351-14,P015,2025-06-21,1,89.9,4.1,89.9
C01827,525.777.547-60,P1767,2026-08-02,4,50.87,3.0,203.48
C01127,174.357.483-58,P1657,2026-04-10,1,344.56,3.4,344.56
C01437,339.994.853-02,P0523,2026-02-21,3,337.59,3.8,1012.77
C01764,597.779.014-70,P1335,2025-08-08,1,70.57,4.0,70.57
C01850,289.413.475-48,P1730,2025-02-20,1,74.28,3.8,74.28
C01334,500.902.559-09,P1975,2025-01-31,3,348.88,4.1,1046.64
C01575,875.721.586-33,P1867,2026-04-26,2,116.94,4.6,233.88
C00944,228.225.120-27,P1129,2025-08-25,1,385.11,3.3,385.11
C01476,661.825.128-14,P1486,2025-03-18,3,291.37,4.6,874.11
C00644,780.913.431-08,P1032,2025-05-31,3,168.33,4.0,504.99
C01424,143.468.239-04,P0099,2025-05-15,2,203.42,3.5,406.84
C00172,532.871.012-69,P011,2025-02-11,3,249.9,5.0,749.7
C01829,310.094.318-03,P0780,2026-01-23,1,326.24,3.3,326.24
C00490,310.341.316-56,P010,2025-09-27,1,99.9,4.3,99.9
C01314,510.740.913-02,P0515,2025-10-01,3,317.25,5.0,951.75
C00023,278.248.963-15,P001,2025-11-14,1,59.9,4.2,59.9
C00312,161.559.407-89,P005,2025-08-08,1,229.9,4.7,229.9
C01974,418.938.984-66,P1190,2025-04-16,1,214.81,4.5,214.81
C01667,327.599.801-38,P1602,2025-09-01,1,132.85,4.4,132.85
C00445,095.701.543-73,P003,2025-12-01,3,149.9,5.0,449.7
C00262,475.255.341-44,P006,2025-03-28,1,189.9,4.3,189.9
C01630,037.842.339-88,P1394,2026-02-13,1,356.38,4.4,356.38
C01981,471.754.558-36,P1186,2025-03-24,1,341.88,4.8,341.88
C00338,475.255.341-44,P002,2025-01-14,2,79.9,4.6,159.8
C01328,396.661.347-64,P1070,2025-05-16,1,62.77,4.5,62.77
C00568,247.073.920-91,P0919,2025-09-06,1,102.04,4.4,102.04
C01489,215.632.135-32,P1029,2025-05-28,4,195.73,4.5,782.92
C00837,336.138.612-83,P0510,2025-09-18,3,350.4,4.4,1051.2
C00251,960.013.389-14,P004,2025-07-22,5,169.9,4.4,849.5
C00649,283.483.152-17,P1409,2026-08-30,2,285.02,3.9,570.04
C01078,470.229.604-37,P1117,2025-12-13,1,94.16,4.5,94.16
C01597,370.096.873-66,P1146,2026-06-21,1,337.09,3.6,337.09
C00043,475.255.341-44,P014,2025-03-25,5,129.9,4.6,649.5
C01916,109.678.994-94,P1453,2025-05-28,3,140.95,4.1,422.85
C01300,887.071.553-10,P1589,2026-03-20,1,328.74,4.7,328.74
C01751,799.196.234-23,P0131,2026-07-05,3,97.51,5.0,292.53
C01861,793.036.149-76,P0755,2026-08-06,1,155.32,2.7,155.32
C00308,161.559.407-89,P009,2025-11-08,2,119.9,4.2,239.8
C00188,960.013.389-14,P015,2025-11-07,2,89.9,4.1,179.8
C01554,732.283.608-14,P0740,2025-11-13,2,220.34,5.0,440.68
C00376,532.871.012-69,P001,2025-10-19,2,59.9,4.1,119.8
C00296,039.117.182-84,P008,2025-08-25,3,219.9,4.9,659.7
C00938,495.528.938-01,P1944,2025-02-08,2,186.87,3.0,373.74
C01827,525.777.547-60,P1767,2026-08-02,4,50.87,3.0,203.48
C01592,659.116.655-65,P1268,2025-03-22,3,266.41,2.9,799.23
C01036,472.197.054-41,P0376,2025-05-28,1,68.31,3.8,68.31
C00393,310.341.316-56,P007,2025-09-14,3,139.9,5.0,419.7
C00673,552.717.744-49,P0690,2026-03-18,1,327.48,2.9,327.48
C01377,491.778.507-34,P0119,2026-06-08,1,98.78,4.0,98.78
C00315,489.325.288-70,P009,2025-01-11,1,119.9,3.4,119.9
C01049,621.182.339-81,P0834,2025-03-13,4,158.93,4.1,635.72
C00024,395.376.724-09,P015,2025-05-14,1,89.9,3.6,89.9
C00651,670.241.038-76,P1379,2025-04-16,1,343.99,4.5,343.99
C00496,026.542.351-14,P015,2025-09-28,4,89.9,3.8,359.6
C01363,699.586.693-23,P1228,2026-03-01,2,307.72,3.7,615.44
C01829,310.094.318-03,P0780,2026-01-23,1,326.24,3.3,326.24
C00293,960.013.389-14,P007,2025-07-06,2,139.9,4.4,279.8
C01595,706.734.996-69,P1469,2025-01-25,1,242.3,4.3,242.3
C01312,971.506.662-30,P1689,2026-07-11,2,360.37,3.9,720.74
C01940,537.599.004-02,P1970,2025-07-14,2,150.3,3.4,300.6
C01824,795.563.318-08,P1311,2025-10-04,1,192.13,3.4,192.13
C00202,095.701.543-73,P006,2025-11-09,1,189.9,4.9,189.9
C01487,778.265.960-41,P0741,2025-10-17,1,284.58,3.6,284.58
C01185,699.586.693-23,P0862,2025-08-10,1,104.43,4.5,104.43
C00227,395.376.724-09,P007,2025-11-02,2,139.9,3.8,279.8
C00515,998.989.721-22,P1482,2025-11-01,2,145.22,3.8,290.44
C01854,623.869.222-78,P1608,2026-01-30,1,394.6,3.3,394.6
C01086,900.287.721-80,P0356,2026-04-09,4,253.94,4.9,1015.76
C00677,354.083.866-00,P1638,2025-12-01,1,187.54,4.0,187.54
C00641,469.263.296-80,P0173,2026-03-18,1,186.6,5.0,186.6
C01676,514.010.512-86,P1745,2025-12-18,2,355.37,4.4,710.74
C00567,287.923.264-39,P0446,2025-10-07,2,293.19,3.9,586.38
C00318,395.376.724-09,P003,2025-01-23,1,149.9,4.0,149.9
C01148,247.073.920-91,P0537,2025-08-08,2,326.94,4.1,653.88
C01986,235.469.510-18,P1130,2026-08-15,2,362.55,3.9,725.1
C00367,026.542.351-14,P005,2025-08-19,1,229.9,5.0,229.9
C00511,776.655.868-80,P1141,2025-01-05,1,165.87,5.0,165.87
C00939,069.409.600-82,P0885,2026-04-19,4,217.97,4.9,871.88
C00400,627.048.281-05,P006,2025-10-14,4,189.9,4.3,759.6
C01302,290.148.706-80,P0557,2025-12-17,1,398.78,2.5,398.78
C00508,537.599.004-02,P1163,2026-05-01,3,82.82,4.5,248.46
C00257,083.863.794-99,P014,2025-06-10,2,129.9,3.7,259.8
C00523,732.798.059-88,P1909,2025-07-26,3,105.01,4.5,315.03
C01862,773.126.881-01,P1913,2025-06-28,2,337.09,4.5,674.18
C01870,610.277.697-64,P0482,2025-05-08,1,230.74,3.7,230.74
C01012,402.681.177-80,P1056,2026-02-15,1,79.52,4.1,79.52
C00801,401.484.399-85,P0706,2026-08-05,2,261.99,4.5,523.98
C01640,573.993.056-17,P1081,2026-06-28,2,372.72,4.0,745.44
C00389,039.117.182-84,P010,2025-04-27,2,99.9,4.0,199.8
C01308,201.753.703-97,P1428,2026-04-22,1,237.56,5.0,237.56
C01361,875.721.586-33,P1258,2025-10-14,2,159.24,4.6,318.48
C01421,076.617.711-44,P1878,2026-08-30,5,390.61,3.7,1953.05
C00436,026.542.351-14,P011,2025-04-16,2,249.9,5.0,499.8
C01433,374.529.912-49,P0736,2025-04-02,1,336.15,4.8,336.15
C01224,325.122.572-31,P1634,2025-02-26,1,244.63,3.8,244.63
C01751,799.196.234-23,P0131,2026-07-05,3,97.51,5.0,292.53
C00349,627.048.281-05,P009,2025-07-30,3,119.9,4.1,359.7
C01228,754.661.766-99,P0068,2025-09-23,1,348.95,4.9,348.95
C01660,549.303.646-04,P0241,2025-07-04,1,262.19,4.7,262.19
C00557,655.866.525-52,P0859,2025-08-22,1,198.74,4.3,198.74
C01488,029.233.451-69,P1590,2025-11-04,3,260.91,4.2,782.73
C00200,928.327.648-51,P010,2025-07-15,3,99.9,4.4,299.7
C01437,339.994.853-02,P0523,2026-02-21,3,337.59,3.8,1012.77
C01213,954.787.698-86,P0360,2025-09-10,1,159.97,5.0,159.97
C00386,104.332.181-00,P006,2025-06-19,2,189.9,4.4,379.8
C00133,083.863.794-99,P003,2025-01-02,1,149.9,4.4,149.9
C01491,956.544.209-92,P0637,2025-05-12,2,262.81,4.4,525.62
C00483,083.863.794-99,P014,2025-12-09,1,129.9,4.5,129.9
C00995,189.455.906-17,P1270,2026-01-09,3,233.99,4.1,701.97
C00122,960.013.389-14,P009,2025-05-30,2,119.9,3.9,239.8
C01927,401.399.049-05,P1054,2025-12-12,3,319.57,4.0,958.71
C01098,680.447.314-07,P1616,2026-04-17,1,188.15,4.6,188.15
C01864,597.779.014-70,P0217,2026-06-22,1,253.08,4.5,253.08
C00321,083.863.794-99,P012,2025-08-23,1,299.9,4.7,299.9
C00412,039.117.182-84,P004,2025-10-01,2,169.9,4.0,339.8
C01221,406.557.820-52,P0771,2025-10-01,2,339.29,2.9,678.58
C01209,050.506.138-41,P0209,2025-02-01,1,137.3,4.2,137.3
C01582,990.767.699-31,P0697,2026-07-18,2,282.15,3.3,564.3
C01857,630.397.524-05,P0627,2026-05-18,1,312.4,2.9,312.4
C01644,702.070.160-46,P1352,2025-09-26,2,193.43,4.7,386.86
C00281,350.305.641-60,P005,2025-12-03,4,229.9,4.5,919.6
C00620,693.792.374-05,P1740,2026-06-10,2,233.59,3.9,467.18
C01828,502.374.167-27,P1526,2026-01-19,1,186.81,3.4,186.81
C01098,680.447.314-07,P1616,2026-04-17,1,188.15,4.6,188.15
C01735,942.843.479-50,P1114,2025-04-05,1,114.92,3.4,114.92
C01127,174.357.483-58,P1657,2026-04-10,1,344.56,3.4,344.56
C00100,026.542.351-14,P013,2025-10-17,3,49.9,3.4,149.7
C00946,090.797.727-80,P1517,2025-05-31,1,89.19,5.0,89.19
C01650,051.477.053-84,P1942,2026-08-10,5,351.24,5.0,1756.2
C01311,276.365.564-56,P0073,2026-04-28,3,376.34,5.0,1129.02
C00266,627.048.281-05,P008,2025-10-16,3,219.9,4.1,659.7
C00421,816.184.959-50,P010,2025-11-24,3,99.9,4.5,299.7
C01709,701.840.943-80,P0695,2025-12-11,4,314.58,4.0,1258.32
C01959,132.719.500-32,P0642,2025-09-17,4,339.04,5.0,1356.16
C01506,445.822.067-51,P0032,2025-05-26,1,96.97,3.8,96.97
C00197,480.184.514-27,P002,2025-03-14,3,79.9,4.3,239.7
C01239,872.558.777-37,P0230,2025-03-10,4,377.92,5.0,1511.68
C01659,204.653.755-61,P0502,2026-08-31,1,315.96,4.4,315.96
C01281,014.294.019-40,P1727,2025-09-09,1,213.01,3.7,213.01
C01189,240.132.234-57,P0959,2025-01-06,2,137.2,3.7,274.4
C00935,959.724.665-11,P1159,2025-05-26,2,324.56,3.5,649.12
C00490,310.341.316-56,P010,2025-09-27,1,99.9,4.3,99.9
C00562,041.574.733-37,P1869,2025-04-27,2,46.26,4.8,92.52
C01492,127.238.046-74,P1310,2026-06-24,1,334.06,5.0,334.06
C00140,532.871.012-69,P005,2025-09-14,2,229.9,4.8,459.8
C00169,395.376.724-09,P014,2025-02-21,3,129.9,3.8,389.7
C00794,557.325.737-47,P1579,2026-05-09,3,217.21,4.8,651.63
C01549,168.505.423-46,P0342,2026-05-27,2,60.27,3.7,120.54
C01315,212.021.697-59,P0405,2025-07-21,1,56.0,5.0,56.0
C01180,869.996.988-05,P0825,2025-09-09,2,301.41,4.4,602.82
C01069,423.227.752-82,P1709,2026-02-04,2,323.42,3.8,646.84
C00222,278.248.963-15,P001,2025-12-04,2,59.9,4.8,119.8
C00664,865.596.309-78,P0556,2025-07-19,2,363.36,4.6,726.72
C00160,278.248.963-15,P009,2025-03-11,3,119.9,4.2,359.7
C01517,063.519.036-29,P1049,2025-05-14,1,363.77,3.9,363.77
C01502,447.012.045-60,P1238,2026-02-10,1,47.19,4.6,47.19
C00517,997.029.271-45,P1349,2025-02-26,2,241.56,4.8,483.12
C00586,536.170.617-53,P0358,2025-07-22,1,249.92,4.6,249.92
C00635,241.270.493-75,P1557,2026-08-07,2,329.89,3.9,659.78
C01779,026.542.351-14,P0197,2026-06-02,1,315.11,5.0,315.11
C00978,881.056.974-16,P0274,2025-10-04,2,147.01,4.3,294.02
C01525,824.967.183-06,P1634,2025-11-14,2,244.63,3.3,489.26
C00898,481.754.965-33,P1518,2026-03-16,1,215.34,3.2,215.34
C01397,920.522.299-22,P1570,2026-08-24,1,73.81,4.0,73.81
C01057,842.530.428-80,P1100,2025-06-15,2,318.01,3.0,636.02
C00558,690.333.736-96,P0979,2025-05-22,1,358.11,5.0,358.11
C01753,738.997.563-63,P0546,2025-05-21,2,126.75,4.0,253.5
C01418,686.334.141-71,P1468,2025-03-11,1,268.48,5.0,268.48
C01539,811.386.338-95,P0415,2025-09-28,2,50.69,5.0,101.38
C01897,327.000.466-41,P0382,2025-07-21,2,303.6,4.7,607.2
C00498,083.863.794-99,P011,2025-05-24,3,249.9,4.6,749.7
C00184,269.166.978-57,P012,2025-05-09,2,299.9,4.5,599.8
C01165,879.508.304-92,P1848,2025-04-28,1,173.22,4.3,173.22
C00653,788.178.847-07,P0691,2025-03-01,1,245.46,4.0,245.46
C00872,721.329.016-94,P1635,2025-06-21,1,283.55,3.6,283.55
C00470,278.248.963-15,P012,2025-04-15,1,299.9,3.5,299.9
C00797,497.567.922-13,P1955,2026-04-25,4,125.96,4.4,503.84
C00787,046.117.295-08,P1401,2025-09-12,1,63.11,5.0,63.11
C00702,090.255.618-53,P1658,2026-05-01,1,68.99,4.9,68.99
C01485,194.425.892-29,P0334,2026-04-20,1,142.13,4.1,142.13
C01186,700.518.449-15,P0611,2026-07-02,3,390.48,4.1,1171.44
C00949,095.493.059-29,P1839,2025-05-29,1,101.36,4.3,101.36
C00226,278.248.963-15,P011,2025-10-27,2,249.9,4.8,499.8
C01142,678.812.786-76,P0725,2025-01-28,2,327.83,3.4,655.66
C00351,489.325.288-70,P006,2025-03-07,3,189.9,4.9,569.7
C00629,566.701.065-80,P0071,2025-06-09,1,133.89,5.0,133.89
C00830,816.184.959-50,P0473,2025-05-26,2,72.11,4.2,144.22
C00283,238.849.696-92,P005,2025-12-02,2,229.9,4.2,459.8
C00779,767.199.038-88,P0890,2025-09-07,1,238.3,4.0,238.3
C00534,261.117.800-34,P0259,2025-01-04,1,105.25,4.6,105.25
C01700,724.380.701-10,P0894,2026-03-08,1,378.02,3.4,378.02
C01720,867.808.562-23,P1195,2025-09-06,1,399.87,3.4,399.87
C00010,026.542.351-14,P001,2025-07-26,2,59.9,4.4,119.8
C01205,350.305.641-60,P0619,2025-04-24,2,357.93,3.7,715.86
C01282,046.117.295-08,P0999,2026-03-03,2,56.85,4.1,113.7
C00756,975.019.803-49,P1484,2025-06-04,5,123.47,4.0,617.35
C00939,069.409.600-82,P0885,2026-04-19,4,217.97,4.9,871.88
C01580,124.912.565-09,P0422,2025-01-05,3,231.02,4.0,693.06
C00756,975.019.803-49,P1484,2025-06-04,5,123.47,4.0,617.35
C00129,278.248.963-15,P004,2025-09-25,1,169.9,4.4,169.9
C00746,558.298.493-30,P1833,2025-02-04,2,54.63,3.6,109.26
C00508,537.599.004-02,P1163,2026-05-01,3,82.82,4.5,248.46
C00766,214.477.324-64,P1705,2026-07-29,2,133.58,4.7,267.16
C00461,095.701.543-73,P008,2025-05-04,3,219.9,4.1,659.7
C00300,026.542.351-14,P005,2025-02-12,3,229.9,5.0,689.7
C01971,901.476.797-88,P1814,2026-06-29,1,233.38,4.4,233.38
C00258,269.166.978-57,P005,2025-02-28,1,229.9,4.4,229.9
C01413,981.265.742-83,P0153,2026-08-14,1,254.39,4.9,254.39
C01436,287.431.527-32,P1590,2025-09-17,4,260.91,4.6,1043.64
C01236,538.003.296-62,P0877,2026-05-03,1,54.27,4.8,54.27
C01823,377.294.209-10,P0478,2025-02-03,4,391.9,4.9,1567.6
C00010,026.542.351-14,P001,2025-07-26,2,59.9,4.4,119.8
C00604,014.294.019-40,P1851,2025-11-14,1,313.26,4.8,313.26
C00369,816.184.959-50,P014,2025-06-17,4,129.9,4.2,519.6
C01154,495.621.372-79,P0172,2026-07-28,1,259.29,3.5,259.29
C01272,884.422.583-29,P0322,2025-02-01,2,311.69,4.2,623.38
C01796,859.655.942-67,P0816,2026-02-28,1,255.71,3.9,255.71
C00760,934.065.277-01,P1367,2025-03-17,2,259.28,4.9,518.56
C00472,238.849.696-92,P005,2025-05-14,1,229.9,5.0,229.9
C01849,228.225.120-27,P1204,2025-10-13,1,85.85,2.9,85.85
C01346,983.863.840-42,P015,2025-10-20,2,89.9,3.6,179.8
C01530,539.787.137-05,P0247,2025-05-11,4,203.38,4.6,813.52
C00890,179.469.548-67,P1602,2025-09-16,1,132.85,4.3,132.85
C00895,278.532.426-97,P0224,2025-09-23,1,359.78,3.6,359.78
C00779,767.199.038-88,P0890,2025-09-07,1,238.3,4.0,238.3
C01500,734.151.773-51,P0114,2025-08-09,1,350.56,3.8,350.56
C00422,083.863.794-99,P007,2025-12-09,1,139.9,3.9,139.9
C01951,020.586.950-54,P0392,2025-04-27,1,322.65,4.4,322.65
C00352,816.184.959-50,P013,2025-03-08,1,49.9,3.3,49.9
C00922,620.959.351-87,P1155,2025-06-01,4,239.17,2.9,956.68
C00630,642.152.265-38,P1464,2026-07-22,1,102.85,4.9,102.85
C01286,777.809.733-87,P0481,2026-03-22,2,384.85,3.7,769.7
C01362,290.018.513-04,P0188,2025-01-24,5,289.3,4.1,1446.5
C01838,706.810.390-19,P1443,2025-12-30,3,268.14,4.6,804.42
C01579,221.158.718-63,P1708,2026-05-27,1,397.6,4.0,397.6
C00498,083.863.794-99,P011,2025-05-24,3,249.9,4.6,749.7
C00414,960.013.389-14,P014,2025-07-23,3,129.9,3.4,389.7
C01774,623.869.222-78,P0655,2025-07-10,2,261.48,3.1,522.96
C00976,525.459.910-31,P1303,2025-05-07,1,291.44,4.6,291.44
C00196,350.305.641-60,P012,2025-06-23,3,299.9,4.0,899.7
C01650,051.477.053-84,P1942,2026-08-10,5,351.24,5.0,1756.2
C01297,217.223.320-00,P0708,2026-01-16,4,123.42,4.2,493.68
C00052,026.542.351-14,P010,2025-08-11,1,99.9,4.1,99.9
C01566,657.744.916-33,P1592,2025-01-19,3,282.02,3.6,846.06
C01215,233.027.642-78,P1024,2025-10-01,1,123.97,2.6,123.97
C01230,998.279.501-50,P0493,2025-07-13,3,116.68,4.2,350.04
C01730,455.574.696-13,P1148,2025-03-06,1,66.51,4.6,66.51
C00992,232.194.168-53,P0025,2026-04-30,1,193.39,3.8,193.39
C00923,982.173.929-60,P0979,2025-01-15,2,358.11,4.1,716.22
C01235,702.070.160-46,P0523,2026-02-01,2,337.59,3.7,675.18
C00396,480.184.514-27,P015,2025-09-30,1,89.9,4.9,89.9
C00304,083.863.794-99,P006,2025-04-25,1,189.9,5.0,189.9
C01688,650.471.580-71,P1232,2025-12-07,3,344.4,4.6,1033.2
C00432,475.255.341-44,P011,2025-11-02,3,249.9,3.8,749.7
C01009,020.586.950-54,P1656,2025-02-17,1,292.0,4.2,292.0
C00540,901.707.568-66,P1852,2025-04-24,1,211.21,4.1,211.21
C00461,095.701.543-73,P008,2025-05-04,3,219.9,4.1,659.7
C01196,546.835.652-00,P0878,2026-05-16,2,126.33,5.0,252.66
C01605,638.409.112-73,P1662,2025-08-15,1,178.27,4.0,178.27
C00884,772.512.957-09,P1503,2026-02-11,4,78.44,3.8,313.76
C00278,238.849.696-92,P006,2025-05-25,1,189.9,4.7,189.9
C00489,269.166.978-57,P013,2025-04-02,1,49.9,4.1,49.9
C00330,269.166.978-57,P003,2025-12-20,1,149.9,5.0,149.9
C01766,989.413.435-18,P0957,2025-12-30,1,250.31,5.0,250.31
C00640,835.523.124-47,P0764,2025-04-14,3,306.73,3.5,920.19
C00748,301.657.120-07,P1313,2025-05-09,1,185.87,4.3,185.87
C00143,039.117.182-84,P010,2025-01-11,5,99.9,4.0,499.5
C00893,376.815.118-22,P1524,2025-12-18,1,183.82,4.9,183.82
C01828,502.374.167-27,P1526,2026-01-19,1,186.81,3.4,186.81
C00820,484.656.482-71,P1731,2025-03-13,2,282.65,4.8,565.3
C01303,771.070.449-23,P1451,2026-08-12,1,235.29,3.4,235.29
C00364,310.341.316-56,P006,2025-11-07,1,189.9,5.0,189.9
C00286,489.325.288-70,P002,2025-11-27,2,79.9,3.6,159.8
C01464,463.031.617-58,P0661,2025-12-16,1,176.16,4.6,176.16
C00132,083.863.794-99,P003,2025-05-03,1,149.9,4.9,149.9
C00897,310.438.419-38,P0675,2026-08-05,2,245.55,4.3,491.1
C00634,703.965.313-34,P1965,2026-06-17,1,234.8,4.0,234.8
C00033,350.305.641-60,P010,2025-04-18,2,99.9,4.4,199.8
C01063,187.683.160-03,P1276,2026-06-10,2,133.38,4.8,266.76
C01929,856.218.501-90,P0553,2025-07-21,1,239.15,4.9,239.15
C00139,039.117.182-84,P015,2025-05-28,1,89.9,3.7,89.9
C01632,526.547.935-08,P0225,2026-08-26,1,87.25,4.0,87.25
C01079,580.305.690-17,P0382,2026-04-19,1,303.6,4.3,303.6
C01448,734.206.969-81,P1271,2026-03-18,1,299.27,4.7,299.27
C00194,095.701.543-73,P015,2025-07-07,2,89.9,4.3,179.8
C01739,116.318.732-10,P1570,2026-05-22,2,73.81,4.7,147.62
C00023,278.248.963-15,P001,2025-11-14,1,59.9,4.2,59.9
C01814,269.608.437-82,P0845,2025-12-05,2,376.3,3.8,752.6
C01316,047.541.212-52,P1399,2025-08-04,2,80.92,3.2,161.84
C00675,642.152.265-38,P0261,2025-10-28,2,332.28,3.6,664.56
C00015,627.048.281-05,P008,2025-04-20,3,219.9,4.5,659.7
C01222,264.647.154-88,P1407,2026-04-01,2,361.79,3.8,723.58
C00175,350.305.641-60,P004,2025-02-16,1,169.9,4.6,169.9
C01218,033.793.375-87,P1382,2025-01-08,3,78.71,4.2,236.13
C01547,387.592.712-56,P1489,2026-01-06,2,338.86,4.4,677.72
C00535,660.965.699-19,P1703,2025-07-22,2,171.46,4.3,342.92
C00478,475.255.341-44,P008,2025-10-09,2,219.9,4.9,439.8
C00444,532.871.012-69,P008,2025-07-13,1,219.9,3.9,219.9
C00450,026.542.351-14,P001,2025-12-05,1,59.9,5.0,59.9
C00228,026.542.351-14,P013,2025-12-26,1,49.9,4.1,49.9
C00500,310.341.316-56,P010,2025-03-15,3,99.9,4.1,299.7
C01319,341.465.111-43,P0552,2025-04-14,1,357.79,3.6,357.79
C00606,682.975.147-06,P1263,2025-11-18,3,63.98,5.0,191.94
C01562,104.332.181-00,P1981,2025-09-15,1,120.12,4.9,120.12
C01639,546.835.652-00,P0084,2026-04-11,1,122.12,3.9,122.12
C01522,072.587.339-65,P0470,2026-03-26,2,76.07,4.1,152.14
C01080,228.015.619-91,P1514,2026-06-02,5,122.19,4.1,610.95
C00633,853.890.972-03,P0037,2025-01-30,2,245.96,4.1,491.92
C01860,082.400.842-14,P0306,2025-07-29,1,72.43,4.4,72.43
C00411,350.305.641-60,P006,2025-05-27,2,189.9,5.0,379.8
C00930,602.562.650-20,P0435,2026-07-06,1,219.09,5.0,219.09
C00908,736.026.064-73,P0579,2025-12-15,1,365.38,3.9,365.38
C01492,127.238.046-74,P1310,2026-06-24,1,334.06,5.0,334.06
C01094,190.833.428-24,P0701,2025-08-17,1,145.0,3.1,145.0
C01600,706.626.682-00,P0573,2026-06-22,3,391.7,5.0,1175.1
C01839,252.410.564-40,P1696,2025-12-09,4,48.91,5.0,195.64
C00782,450.119.292-56,P1615,2026-02-16,2,228.98,4.2,457.96
C01750,229.131.670-20,P1569,2026-06-16,2,175.66,3.4,351.32
C00340,480.184.514-27,P004,2025-11-10,1,169.9,4.6,169.9
C01833,709.085.991-61,P1828,2026-01-23,2,389.4,4.0,778.8
C00356,350.305.641-60,P010,2025-10-01,1,99.9,4.1,99.9
C01701,097.461.917-56,P1350,2025-06-07,2,153.9,3.3,307.8
C00781,944.171.545-03,P1349,2025-05-24,4,241.56,3.7,966.24
C01930,181.398.909-52,P0891,2025-12-15,1,394.39,4.5,394.39
C00259,395.376.724-09,P003,2025-11-13,2,149.9,4.4,299.8
C00931,082.611.231-54,P1241,2025-08-10,2,71.22,4.1,142.44
C01804,989.319.508-02,P006,2025-07-02,1,189.9,5.0,189.9
C00095,026.542.351-14,P010,2025-04-22,2,99.9,4.2,199.8
C00531,623.504.056-30,P1248,2025-05-16,4,78.15,3.7,312.6
C00168,960.013.389-14,P003,2025-09-15,4,149.9,4.4,599.6
C00643,182.744.857-18,P0622,2025-04-02,4,135.71,2.7,542.84
C00781,944.171.545-03,P1349,2025-05-24,4,241.56,3.7,966.24
C01238,130.232.129-37,P1731,2025-01-13,1,282.65,4.1,282.65
C00516,214.770.920-48,P0751,2025-05-21,1,178.08,4.5,178.08
C00318,395.376.724-09,P003,2025-01-23,1,149.9,4.0,149.9
C00340,480.184.514-27,P004,2025-11-10,1,169.9,4.6,169.9
C01877,655.779.082-05,P1141,2026-02-07,1,165.87,4.6,165.87
C01907,964.338.532-93,P0439,2026-08-24,1,336.98,3.9,336.98
C00443,161.559.407-89,P013,2025-11-25,5,49.9,3.6,249.5
C00391,475.255.341-44,P001,2025-10-21,4,59.9,4.6,239.6
C00109,395.376.724-09,P003,2025-09-07,1,149.9,4.7,149.9
C01919,586.833.901-01,P0470,2025-03-05,1,76.07,3.7,76.07
C01413,981.265.742-83,P0153,2026-08-14,1,254.39,4.9,254.39
C01522,072.587.339-65,P0470,2026-03-26,2,76.07,4.1,152.14
C00582,216.591.438-88,P1662,2025-11-10,1,178.27,3.5,178.27
C01282,046.117.295-08,P0999,2026-03-03,2,56.85,4.1,113.7
C00120,026.542.351-14,P014,2025-04-10,1,129.9,4.2,129.9
C01353,214.770.920-48,P0349,2025-10-19,2,105.9,4.2,211.8
C01160,788.178.847-07,P0394,2025-07-31,1,82.12,2.9,82.12
C00663,861.634.212-56,P1160,2025-11-18,2,321.67,5.0,643.34
C01421,076.617.711-44,P1878,2026-08-30,5,390.61,3.7,1953.05
C01293,987.820.829-01,P1183,2025-02-11,1,180.2,4.8,180.2
C00878,497.567.922-13,P0576,2026-08-09,3,190.63,3.8,571.89
C00374,350.305.641-60,P009,2025-01-05,3,119.9,3.4,359.7
C00048,475.255.341-44,P001,2025-12-04,1,59.9,3.7,59.9
C01876,094.777.520-02,P1390,2026-05-05,1,236.5,5.0,236.5
C00563,267.146.283-23,P1541,2025-07-06,1,204.33,5.0,204.33
C00604,014.294.019-40,P1851,2025-11-14,1,313.26,4.8,313.26
C01363,699.586.693-23,P1228,2026-03-01,2,307.72,3.7,615.44
C00511,776.655.868-80,P1141,2025-01-05,1,165.87,5.0,165.87
C00752,066.504.427-55,P0806,2026-04-04,1,125.78,4.0,125.78
C01423,375.243.106-76,P0345,2026-03-18,1,213.68,5.0,213.68
C01191,102.918.133-05,P1871,2025-05-25,3,170.27,4.6,510.81
C01313,646.136.847-73,P1420,2025-08-01,1,192.94,3.6,192.94
C00010,026.542.351-14,P001,2025-07-26,2,59.9,4.4,119.8
C00903,817.932.302-18,P0117,2025-04-11,2,76.63,3.5,153.26
C00951,481.754.965-33,P1597,2026-07-28,1,331.04,4.7,331.04
C01265,174.101.194-97,P1639,2025-11-06,1,122.73,4.8,122.73
C00303,104.332.181-00,P007,2025-01-28,1,139.9,4.1,139.9
C00319,395.376.724-09,P014,2025-11-26,1,129.9,4.4,129.9
C01525,824.967.183-06,P1634,2025-11-14,2,244.63,3.3,489.26
C01347,537.599.004-02,P0850,2026-01-12,1,254.19,4.7,254.19
C01623,650.948.014-06,P0540,2025-11-26,1,379.59,4.0,379.59
C00542,901.495.427-12,P0613,2025-06-12,3,292.05,4.9,876.15
C01996,516.994.970-79,P0225,2026-02-25,2,87.25,4.7,174.5
C00546,593.195.256-09,P1491,2026-04-18,1,132.61,5.0,132.61
C01302,290.148.706-80,P0557,2025-12-17,1,398.78,2.5,398.78
C00325,026.542.351-14,P013,2025-07-08,1,49.9,3.5,49.9
C01838,706.810.390-19,P1443,2025-12-30,3,268.14,4.6,804.42
C00665,844.198.665-78,P0736,2026-01-22,2,336.15,5.0,672.3
C01605,638.409.112-73,P1662,2025-08-15,1,178.27,4.0,178.27
C00663,861.634.212-56,P1160,2025-11-18,2,321.67,5.0,643.34
C01582,990.767.699-31,P0697,2026-07-18,2,282.15,3.3,564.3
C00909,691.983.210-05,P0267,2025-02-14,2,134.22,5.0,268.44
C00125,960.013.389-14,P005,2025-09-02,1,229.9,5.0,229.9
C00381,489.325.288-70,P007,2025-09-14,1,139.9,5.0,139.9
C01367,045.792.714-32,P0523,2025-08-07,2,337.59,4.9,675.18
C00387,269.166.978-57,P010,2025-06-07,3,99.9,4.1,299.7
C00551,108.046.619-36,P1852,2025-11-11,2,211.21,4.2,422.42
C01084,987.411.325-13,P0545,2026-01-13,2,196.98,4.7,393.96
C00507,546.212.760-00,P0516,2025-11-14,1,330.48,5.0,330.48
C00258,269.166.978-57,P005,2025-02-28,1,229.9,4.4,229.9
C01249,095.493.059-29,P0618,2025-10-23,1,162.41,5.0,162.41
C01378,157.676.472-91,P1763,2026-02-07,2,97.51,3.9,195.02
C01467,497.567.922-13,P1230,2026-04-09,3,79.72,3.3,239.16
C01888,920.613.638-06,P0765,2026-05-09,2,148.09,3.2,296.18
C00249,928.327.648-51,P004,2025-09-20,1,169.9,3.8,169.9
C00854,932.048.996-32,P0179,2025-11-24,3,165.66,5.0,496.98
C00468,395.376.724-09,P005,2025-01-08,1,229.9,4.8,229.9
C01803,022.526.771-39,P1127,2026-08-16,1,86.99,3.8,86.99
C01080,228.015.619-91,P1514,2026-06-02,5,122.19,4.1,610.95
C00197,480.184.514-27,P002,2025-03-14,3,79.9,4.3,239.7
C01385,563.600.412-51,P0782,2025-11-03,1,277.67,3.7,277.67
C00086,532.871.012-69,P012,2025-03-26,3,299.9,4.5,899.7
C00549,916.503.440-66,P1276,2026-05-23,1,133.38,4.9,133.38
C01443,842.530.428-80,P0072,2026-04-13,3,133.27,3.6,399.81
C01013,344.857.142-33,P0351,2025-12-31,2,101.96,3.6,203.92
C01523,013.290.227-34,P0029,2025-05-01,1,81.4,5.0,81.4
C01143,211.882.419-07,P0579,2025-09-16,3,365.38,3.6,1096.14
C01687,695.007.418-22,P1220,2025-12-27,1,159.26,4.1,159.26
C01126,459.701.082-35,P1413,2025-05-27,1,123.7,5.0,123.7
C00114,350.305.641-60,P011,2025-10-25,1,249.9,5.0,249.9
C00143,039.117.182-84,P010,2025-01-11,5,99.9,4.0,499.5
C01554,732.283.608-14,P0740,2025-11-13,2,220.34,5.0,440.68
C00078,395.376.724-09,P015,2025-10-04,1,89.9,4.4,89.9
C00754,172.131.451-26,P0739,2025-09-01,1,167.65,4.0,167.65
C00033,350.305.641-60,P010,2025-04-18,2,99.9,4.4,199.8
C00607,681.820.967-07,P0734,2026-02-06,4,377.86,4.9,1511.44
C01191,102.918.133-05,P1871,2025-05-25,3,170.27,4.6,510.81
C00347,095.701.543-73,P010,2025-07-08,2,99.9,4.4,199.8
C00933,432.447.417-62,P1482,2026-02-25,1,145.22,5.0,145.22
C01993,339.137.326-16,P0402,2025-07-13,3,130.66,4.5,391.98
C00141,480.184.514-27,P002,2025-11-03,1,79.9,3.8,79.9
C00128,095.701.543-73,P013,2025-08-02,2,49.9,4.1,99.8
C00543,889.937.567-40,P0790,2025-03-23,1,217.52,4.4,217.52
C01655,243.588.537-73,P0255,2025-07-31,1,376.98,4.2,376.98
C00812,435.864.496-15,P0066,2025-06-20,4,59.56,4.8,238.24
C01279,130.753.841-00,P0274,2025-01-02,1,147.01,4.8,147.01
C00068,039.117.182-84,P004,2025-12-23,1,169.9,3.6,169.9
C01471,235.469.510-18,P0761,2025-12-04,1,396.68,4.4,396.68
C00135,480.184.514-27,P002,2025-12-18,1,79.9,4.1,79.9
C01424,143.468.239-04,P0099,2025-05-15,2,203.42,3.5,406.84
C00296,039.117.182-84,P008,2025-08-25,3,219.9,4.9,659.7
C01717,983.863.840-42,P0602,2025-04-01,1,130.57,5.0,130.57
C00593,120.047.113-02,P0323,2025-12-22,1,188.13,5.0,188.13
C00368,532.871.012-69,P014,2025-11-12,1,129.9,4.5,129.9
C00674,532.593.993-99,P0089,2026-08-17,2,396.84,4.5,793.68
C00002,238.849.696-92,P008,2025-09-22,2,219.9,5.0,439.8
C00331,480.184.514-27,P001,2025-06-30,2,59.9,3.9,119.8
C01198,530.281.650-40,P0298,2025-08-30,1,127.51,4.1,127.51
C00602,172.131.451-26,P1928,2025-09-13,2,121.33,4.6,242.66
C00708,327.303.461-04,P0506,2025-10-23,1,331.27,4.4,331.27
C01615,456.350.200-62,P1269,2025-12-10,1,94.32,4.7,94.32
C00248,269.166.978-57,P008,2025-11-07,1,219.9,4.5,219.9
C00792,707.057.836-93,P0657,2025-12-23,2,150.65,4.7,301.3
C00373,960.013.389-14,P005,2025-09-11,2,229.9,5.0,459.8
C00966,312.172.715-03,P0889,2026-04-10,1,244.52,4.2,244.52
C00664,865.596.309-78,P0556,2025-07-19,2,363.36,4.6,726.72
C00093,960.013.389-14,P013,2025-01-16,4,49.9,3.9,199.6
C00141,480.184.514-27,P002,2025-11-03,1,79.9,3.8,79.9
C01705,993.607.984-10,P1867,2026-05-18,5,116.94,4.7,584.7
C00114,350.305.641-60,P011,2025-10-25,1,249.9,5.0,249.9
C01566,657.744.916-33,P1592,2025-01-19,3,282.02,3.6,846.06
C01833,709.085.991-61,P1828,2026-01-23,2,389.4,4.0,778.8
C00932,911.289.812-03,P0476,2026-08-14,1,336.05,3.1,336.05
C00625,563.268.685-05,P0182,2025-12-28,3,74.09,5.0,222.27
C01553,642.152.265-38,P0976,2025-08-03,1,336.3,4.8,336.3
C01965,216.591.438-88,P0997,2025-02-10,1,333.47,4.9,333.47
C00241,104.332.181-00,P010,2025-12-03,3,99.9,4.2,299.7
C01929,856.218.501-90,P0553,2025-07-21,1,239.15,4.9,239.15
C01888,920.613.638-06,P0765,2026-05-09,2,148.09,3.2,296.18
C00286,489.325.288-70,P002,2025-11-27,2,79.9,3.6,159.8
C00110,278.248.963-15,P012,2025-05-22,2,299.9,4.1,599.8
C01430,583.938.661-89,P1229,2025-04-18,2,138.51,3.8,277.02
C00156,269.166.978-57,P002,2025-04-26,5,79.9,4.3,399.5
C01202,019.179.202-02,P0473,2025-04-19,2,72.11,4.4,144.22
C00130,039.117.182-84,P007,2025-06-06,2,139.9,4.2,279.8
C01382,909.010.016-43,P0230,2025-08-29,3,377.92,4.3,1133.76
C00464,083.863.794-99,P015,2025-08-19,3,89.9,4.4,269.7
C00193,161.559.407-89,P002,2025-06-01,1,79.9,3.9,79.9
C00134,960.013.389-14,P004,2025-05-28,2,169.9,3.6,339.8
C00378,928.327.648-51,P014,2025-11-16,2,129.9,4.3,259.8
C01082,660.965.699-19,P1703,2026-02-21,1,171.46,4.5,171.46
C00154,627.048.281-05,P002,2025-01-15,5,79.9,4.0,399.5
C01605,638.409.112-73,P1662,2025-08-15,1,178.27,4.0,178.27
C01209,050.506.138-41,P0209,2025-02-01,1,137.3,4.2,137.3
C00595,825.952.694-88,P0669,2026-05-15,3,119.87,4.5,359.61
C01974,418.938.984-66,P1190,2025-04-16,1,214.81,4.5,214.81
C01318,333.447.626-05,P0262,2025-01-13,2,224.18,5.0,448.36
C01344,435.811.288-96,P0605,2025-09-21,2,354.74,4.3,709.48
C00348,083.863.794-99,P002,2025-06-08,1,79.9,4.2,79.9
C01422,422.438.649-67,P1701,2025-04-06,4,174.04,4.0,696.16
C01119,970.996.254-03,P0948,2025-10-30,3,319.57,3.7,958.71
C01970,130.753.841-00,P1648,2025-10-24,1,244.85,4.4,244.85
C00956,397.561.547-80,P0864,2026-03-02,2,388.61,4.6,777.22
C01357,339.439.457-07,P0812,2025-01-24,4,375.61,3.9,1502.44
C00683,503.250.173-52,P0464,2025-04-23,1,48.25,4.1,48.25
C00081,960.013.389-14,P004,2025-08-04,1,169.9,4.2,169.9
C00256,960.013.389-14,P007,2025-01-10,2,139.9,4.8,279.8
C01735,942.843.479-50,P1114,2025-04-05,1,114.92,3.4,114.92
C01477,717.217.337-60,P0576,2026-07-06,1,190.63,4.6,190.63
C00730,912.896.599-07,P1740,2026-06-16,1,233.59,4.3,233.59
C01396,041.574.733-37,P003,2025-01-01,3,149.9,4.2,449.7
C00009,269.166.978-57,P006,2025-08-05,1,189.9,4.9,189.9
C00075,816.184.959-50,P012,2025-09-01,2,299.9,4.5,599.8
C01015,100.996.881-58,P0895,2026-01-18,1,184.55,4.7,184.55
C01250,734.151.773-51,P0356,2025-09-09,2,253.94,3.6,507.88
C01875,197.218.114-91,P1179,2025-09-02,1,50.93,3.9,50.93
C01520,651.939.828-40,P1055,2025-08-04,2,357.31,4.5,714.62
C00515,998.989.721-22,P1482,2025-11-01,2,145.22,3.8,290.44
C01631,165.585.239-65,P1890,2026-08-07,3,253.86,4.7,761.58
C00984,341.232.812-06,P0350,2025-02-26,1,343.01,3.8,343.01
C01653,998.989.721-22,P1283,2025-01-06,1,329.87,5.0,329.87
C00348,083.863.794-99,P002,2025-06-08,1,79.9,4.2,79.9
C00053,395.376.724-09,P007,2025-11-07,5,139.9,5.0,699.5
C00116,480.184.514-27,P005,2025-06-06,1,229.9,4.3,229.9
C01982,724.380.701-10,P1486,2025-07-15,2,291.37,4.1,582.74
C00162,104.332.181-00,P005,2025-06-02,3,229.9,4.4,689.7
C01879,506.159.399-53,P0476,2025-12-06,1,336.05,3.4,336.05
C01455,327.303.461-04,P0266,2026-02-02,3,332.81,5.0,998.43
C00293,960.013.389-14,P007,2025-07-06,2,139.9,4.4,279.8
C01729,645.465.535-01,P1364,2026-07-11,3,376.38,4.0,1129.14
C00289,161.559.407-89,P002,2025-06-01,3,79.9,4.8,239.7
C00287,489.325.288-70,P006,2025-01-10,1,189.9,4.9,189.9
C01152,663.439.252-87,P0238,2025-03-30,1,306.67,4.0,306.67
C00577,640.376.137-43,P0617,2026-05-16,1,74.2,5.0,74.2
C00582,216.591.438-88,P1662,2025-11-10,1,178.27,3.5,178.27
C00391,475.255.341-44,P001,2025-10-21,4,59.9,4.6,239.6
C01216,812.236.231-14,P1653,2025-11-19,1,272.12,4.7,272.12
C00054,310.341.316-56,P005,2025-01-23,2,229.9,5.0,459.8
C00491,238.849.696-92,P005,2025-07-23,1,229.9,5.0,229.9
C01107,945.101.622-86,P0864,2026-02-27,1,388.61,3.7,388.61
C00974,253.666.777-42,P0153,2026-04-29,3,254.39,4.7,763.17
C01400,009.751.971-50,P1753,2026-07-09,3,399.83,4.2,1199.49
C00433,083.863.794-99,P009,2025-08-17,2,119.9,3.4,239.8
C01296,655.779.082-05,P0120,2025-09-19,1,91.86,3.9,91.86
C01520,651.939.828-40,P1055,2025-08-04,2,357.31,4.5,714.62
C00777,114.921.643-30,P1245,2025-07-13,1,250.99,4.0,250.99
C00514,828.503.172-17,P0302,2025-03-26,1,218.53,3.7,218.53
C01111,767.735.925-69,P1022,2026-01-20,3,278.19,5.0,834.57
C01158,808.735.437-00,P0240,2025-02-06,2,217.98,3.4,435.96
C00189,350.305.641-60,P013,2025-04-28,2,49.9,3.5,99.8
C01131,949.058.077-51,P1007,2025-11-24,2,156.15,5.0,312.3
C00309,026.542.351-14,P013,2025-05-28,1,49.9,4.1,49.9
C01138,021.923.785-99,P0020,2026-03-23,2,100.64,3.3,201.28
C01864,597.779.014-70,P0217,2026-06-22,1,253.08,4.5,253.08
C01075,176.651.221-67,P0430,2025-01-18,1,59.84,3.8,59.84
C01524,060.717.481-19,P0640,2025-08-12,4,91.58,4.0,366.32
C00620,693.792.374-05,P1740,2026-06-10,2,233.59,3.9,467.18
C01846,346.060.560-02,P1614,2026-06-09,3,274.06,4.4,822.18
C01626,812.248.905-23,P1938,2025-07-07,3,255.31,3.6,765.93
C01834,102.451.091-37,P1243,2026-05-15,2,115.47,4.5,230.94
C01484,655.125.674-03,P1967,2025-11-15,3,320.5,3.7,961.5
C01299,724.264.236-17,P0946,2025-09-22,2,102.31,4.5,204.62
C01051,650.254.472-08,P1778,2026-04-22,1,50.22,5.0,50.22
C01857,630.397.524-05,P0627,2026-05-18,1,312.4,2.9,312.4
C01697,485.625.728-53,P1829,2025-10-19,2,41.7,5.0,83.4
C00834,441.233.613-15,P1771,2025-05-07,1,92.38,4.3,92.38
C00172,532.871.012-69,P011,2025-02-11,3,249.9,5.0,749.7
C00008,269.166.978-57,P004,2025-02-18,1,169.9,4.6,169.9
C00467,039.117.182-84,P012,2025-12-10,2,299.9,3.6,599.8
C00126,039.117.182-84,P011,2025-12-18,1,249.9,4.8,249.9
C00424,480.184.514-27,P013,2025-05-17,4,49.9,3.9,199.6
C00219,475.255.341-44,P010,2025-06-15,1,99.9,4.2,99.9
C01963,982.474.140-23,P1539,2026-03-13,2,106.21,3.4,212.42
C00191,161.559.407-89,P011,2025-02-19,4,249.9,4.4,999.6
C01254,734.206.969-81,P1461,2026-07-23,3,148.18,4.6,444.54
C00704,601.444.856-05,P0672,2026-04-11,4,132.21,3.1,528.84
C00349,627.048.281-05,P009,2025-07-30,3,119.9,4.1,359.7
C01403,146.753.612-18,P1579,2026-02-15,1,217.21,4.3,217.21
C01942,371.162.411-16,P0845,2025-02-01,1,376.3,5.0,376.3
C01582,990.767.699-31,P0697,2026-07-18,2,282.15,3.3,564.3
C01951,020.586.950-54,P0392,2025-04-27,1,322.65,4.4,322.65
C01181,555.165.176-21,P1764,2025-09-11,1,185.52,4.4,185.52
C01348,592.962.229-90,P0407,2025-02-24,1,399.89,3.9,399.89
C00293,960.013.389-14,P007,2025-07-06,2,139.9,4.4,279.8
C01705,993.607.984-10,P1867,2026-05-18,5,116.94,4.7,584.7
C01496,447.163.928-56,P1971,2026-04-30,1,162.81,4.9,162.81
C00509,691.311.964-03,P1876,2025-11-14,2,130.48,5.0,260.96
C00710,800.106.181-71,P1974,2025-06-21,1,248.69,4.0,248.69
C01222,264.647.154-88,P1407,2026-04-01,2,361.79,3.8,723.58
C00026,395.376.724-09,P015,2025-02-07,1,89.9,3.8,89.9
C01636,000.515.532-01,P1878,2025-03-09,2,390.61,5.0,781.22
C00562,041.574.733-37,P1869,2025-04-27,2,46.26,4.8,92.52
C00150,532.871.012-69,P014,2025-09-21,3,129.9,4.5,389.7
C00662,718.749.603-64,P1008,2026-08-05,4,198.29,4.5,793.16
C01672,087.612.385-03,P0555,2026-06-23,2,348.23,3.0,696.46
C00549,916.503.440-66,P1276,2026-05-23,1,133.38,4.9,133.38
C01079,580.305.690-17,P0382,2026-04-19,1,303.6,4.3,303.6
C01624,717.217.337-60,P0916,2026-06-25,2,130.43,4.3,260.86
C00068,039.117.182-84,P004,2025-12-23,1,169.9,3.6,169.9
C01520,651.939.828-40,P1055,2025-08-04,2,357.31,4.5,714.62
C00578,165.058.714-70,P0511,2025-02-23,2,46.05,4.6,92.1
C01392,170.454.218-93,P1457,2025-02-15,2,196.2,3.3,392.4
C00377,238.849.696-92,P009,2025-05-28,1,119.9,3.2,119.9
C00279,395.376.724-09,P011,2025-11-03,1,249.9,4.3,249.9
C01577,975.711.305-06,P1266,2026-05-16,1,96.02,3.9,96.02
C01616,109.104.300-04,P1218,2025-10-18,3,169.24,4.4,507.72
C01963,982.474.140-23,P1539,2026-03-13,2,106.21,3.4,212.42
C01355,370.382.407-73,P0873,2025-04-09,1,329.96,3.8,329.96
C00932,911.289.812-03,P0476,2026-08-14,1,336.05,3.1,336.05
C00390,278.248.963-15,P013,2025-07-14,1,49.9,3.8,49.9
C00591,278.687.653-21,P0313,2025-09-17,2,103.65,4.0,207.3
C01297,217.223.320-00,P0708,2026-01-16,4,123.42,4.2,493.68
C00693,617.357.438-10,P0161,2025-03-13,1,288.54,4.7,288.54
C00968,743.553.795-07,P0318,2025-05-31,2,53.39,4.1,106.78
C00337,083.863.794-99,P010,2025-03-12,2,99.9,3.7,199.8
C00879,817.852.282-93,P1238,2026-08-15,2,47.19,3.7,94.38
C00476,095.701.543-73,P015,2025-10-27,2,89.9,4.0,179.8
C00225,083.863.794-99,P015,2025-02-11,1,89.9,4.2,89.9
C00264,161.559.407-89,P004,2025-02-22,1,169.9,3.7,169.9
C01037,661.016.831-84,P1273,2026-03-10,3,152.06,4.3,456.18
C00733,045.069.176-42,P0984,2025-08-05,2,191.36,4.0,382.72
C00200,928.327.648-51,P010,2025-07-15,3,99.9,4.4,299.7
C01029,684.732.365-56,P1888,2025-04-15,2,184.55,3.8,369.1
C00329,395.376.724-09,P002,2025-02-10,1,79.9,4.1,79.9
C00031,350.305.641-60,P015,2025-12-06,1,89.9,4.4,89.9
C00266,627.048.281-05,P008,2025-10-16,3,219.9,4.1,659.7
C00898,481.754.965-33,P1518,2026-03-16,1,215.34,3.2,215.34
C01909,567.303.064-91,P1632,2025-03-21,3,249.81,4.6,749.43
C00484,475.255.341-44,P002,2025-12-29,1,79.9,4.2,79.9
C00570,734.151.488-40,P1263,2026-05-04,2,63.98,5.0,127.96
C00486,278.248.963-15,P015,2025-09-05,2,89.9,3.6,179.8
C00711,924.632.037-90,P0874,2025-12-26,3,98.92,3.8,296.76
C01435,159.996.504-61,P1063,2025-10-08,1,354.9,3.2,354.9
C00645,339.439.457-07,P0034,2025-12-24,1,270.33,4.1,270.33
C01316,047.541.212-52,P1399,2025-08-04,2,80.92,3.2,161.84
C01797,837.606.441-04,P1983,2025-01-23,1,84.25,4.6,84.25
C01893,347.786.603-74,P1014,2026-08-25,1,111.34,3.7,111.34
C01126,459.701.082-35,P1413,2025-05-27,1,123.7,5.0,123.7
C01427,223.105.927-49,P0373,2026-06-05,1,149.73,3.7,149.73
C01839,252.410.564-40,P1696,2025-12-09,4,48.91,5.0,195.64
C01574,106.273.715-66,P1636,2025-10-01,2,85.55,3.4,171.1
C00600,481.386.667-06,P0162,2025-03-31,2,291.29,4.4,582.58
C00265,310.341.316-56,P003,2025-11-05,1,149.9,4.6,149.9
C00230,480.184.514-27,P007,2025-08-01,2,139.9,4.1,279.8
C01765,317.912.868-28,P1983,2025-06-19,3,84.25,4.8,252.75
C01113,095.314.196-98,P0657,2025-03-19,3,150.65,4.8,451.95
C00593,120.047.113-02,P0323,2025-12-22,1,188.13,5.0,188.13
C00692,464.083.037-81,P1371,2025-09-26,1,320.82,4.3,320.82
C00564,876.329.092-81,P0812,2025-12-03,3,375.61,3.8,1126.83
C01604,910.771.199-92,P1231,2025-10-11,1,232.35,4.5,232.35
C01225,980.061.558-01,P1930,2026-04-07,1,79.21,4.5,79.21
C01759,468.105.485-21,P1197,2025-11-30,2,257.82,4.2,515.64
C00604,014.294.019-40,P1851,2025-11-14,1,313.26,4.8,313.26
C00946,090.797.727-80,P1517,2025-05-31,1,89.19,5.0,89.19
C00244,104.332.181-00,P002,2025-09-29,1,79.9,4.3,79.9
C01943,993.160.875-70,P0222,2025-02-13,1,275.21,3.5,275.21
C01024,602.206.953-00,P1420,2025-06-09,3,192.94,4.6,578.82
C01107,945.101.622-86,P0864,2026-02-27,1,388.61,3.7,388.61
C00828,536.822.239-40,P0027,2025-09-04,1,205.64,4.5,205.64
C00542,901.495.427-12,P0613,2025-06-12,3,292.05,4.9,876.15
C01897,327.000.466-41,P0382,2025-07-21,2,303.6,4.7,607.2
C00978,881.056.974-16,P0274,2025-10-04,2,147.01,4.3,294.02
C01350,055.269.658-72,P1357,2026-01-25,2,145.2,5.0,290.4
C00075,816.184.959-50,P012,2025-09-01,2,299.9,4.5,599.8
C00552,906.246.728-83,P0457,2025-06-10,2,389.06,3.9,778.12
C01609,082.611.231-54,P0094,2025-05-25,2,363.41,4.7,726.82
C00176,026.542.351-14,P008,2025-03-27,2,219.9,4.7,439.8
C00203,083.863.794-99,P011,2025-08-26,4,249.9,4.5,999.6
C01620,181.398.909-52,P0236,2026-04-18,1,388.9,3.4,388.9
C00618,674.584.760-44,P1527,2025-10-19,2,295.85,3.8,591.7
C00548,212.021.697-59,P0609,2025-11-08,2,279.73,5.0,559.46
C01131,949.058.077-51,P1007,2025-11-24,2,156.15,5.0,312.3
C00390,278.248.963-15,P013,2025-07-14,1,49.9,3.8,49.9
C00086,532.871.012-69,P012,2025-03-26,3,299.9,4.5,899.7
C00009,269.166.978-57,P006,2025-08-05,1,189.9,4.9,189.9
C00159,627.048.281-05,P008,2025-05-05,2,219.9,4.5,439.8
C00318,395.376.724-09,P003,2025-01-23,1,149.9,4.0,149.9
C01393,298.315.229-40,P0087,2025-05-06,3,112.28,4.1,336.84
C00596,981.829.922-14,P1452,2026-05-26,1,272.44,3.8,272.44
C00144,960.013.389-14,P013,2025-03-31,2,49.9,3.6,99.8
C00029,238.849.696-92,P005,2025-03-22,1,229.9,4.3,229.9
C00955,324.609.539-68,P1967,2025-06-21,5,320.5,3.4,1602.5
C01681,174.101.194-97,P1731,2026-05-29,1,282.65,4.8,282.65
C00678,567.086.041-16,P0288,2025-10-16,1,305.54,3.2,305.54
C00128,095.701.543-73,P013,2025-08-02,2,49.9,4.1,99.8
C00457,960.013.389-14,P009,2025-10-30,3,119.9,4.5,359.7
C00999,145.057.661-36,P1703,2025-06-04,1,171.46,3.7,171.46
C00378,928.327.648-51,P014,2025-11-16,2,129.9,4.3,259.8
C01957,462.996.065-17,P0809,2026-05-04,4,258.81,3.4,1035.24
C01527,706.056.641-45,P0453,2025-12-28,1,152.65,3.7,152.65
C00690,921.581.897-97,P1735,2025-11-08,1,238.04,3.4,238.04
C01904,900.287.721-80,P1275,2025-01-02,1,292.99,5.0,292.99
C00651,670.241.038-76,P1379,2025-04-16,1,343.99,4.5,343.99
C00281,350.305.641-60,P005,2025-12-03,4,229.9,4.5,919.6
C01877,655.779.082-05,P1141,2026-02-07,1,165.87,4.6,165.87
C01920,599.302.020-21,P1881,2025-09-23,3,258.95,4.9,776.85
C00626,845.909.022-14,P1910,2025-02-06,4,143.01,5.0,572.04
C01190,477.695.874-09,P1722,2025-11-29,2,202.28,4.9,404.56
C00347,095.701.543-73,P010,2025-07-08,2,99.9,4.4,199.8
C01284,090.255.618-53,P1539,2025-02-05,4,106.21,4.0,424.84
C01381,651.207.049-64,P1083,2025-07-01,2,58.91,4.5,117.82
C01420,317.912.868-28,P1854,2025-08-24,3,157.31,4.2,471.93
C01138,021.923.785-99,P0020,2026-03-23,2,100.64,3.3,201.28
C01409,957.443.034-05,P1224,2025-06-16,1,168.68,3.4,168.68
C01111,767.735.925-69,P1022,2026-01-20,3,278.19,5.0,834.57
C01640,573.993.056-17,P1081,2026-06-28,2,372.72,4.0,745.44
C00360,310.341.316-56,P013,2025-10-20,1,49.9,3.6,49.9
C00967,058.366.834-84,P1953,2025-11-10,1,66.44,4.1,66.44
C00833,857.256.292-36,P0290,2025-01-31,4,56.82,3.4,227.28
C01067,374.160.898-08,P1922,2026-06-20,3,396.8,3.9,1190.4
C00285,395.376.724-09,P014,2025-03-07,2,129.9,4.7,259.8
C00648,841.484.601-71,P0988,2026-05-23,1,148.8,3.5,148.8
C01909,567.303.064-91,P1632,2025-03-21,3,249.81,4.6,749.43
C00211,532.871.012-69,P005,2025-04-08,4,229.9,5.0,919.6
C01271,631.224.179-36,P0698,2025-04-08,1,83.1,4.2,83.1
C01330,298.068.650-65,P0078,2026-06-15,2,189.55,3.7,379.1
C00950,276.365.564-56,P1047,2026-04-10,2,139.94,4.0,279.88
C00068,039.117.182-84,P004,2025-12-23,1,169.9,3.6,169.9
C00069,532.871.012-69,P004,2025-03-17,2,169.9,4.8,339.8
C00552,906.246.728-83,P0457,2025-06-10,2,389.06,3.9,778.12
C00206,238.849.696-92,P011,2025-12-23,4,249.9,4.5,999.6
C00189,350.305.641-60,P013,2025-04-28,2,49.9,3.5,99.8
C00321,083.863.794-99,P012,2025-08-23,1,299.9,4.7,299.9
C00382,627.048.281-05,P009,2025-08-22,1,119.9,4.2,119.9
C01677,072.587.339-65,P0379,2026-04-24,1,177.52,3.7,177.52
C01278,940.244.550-10,P0941,2026-06-27,1,91.64,2.9,91.64
C00061,350.305.641-60,P007,2025-10-08,3,139.9,4.3,419.7
C01257,234.266.980-13,P0197,2026-06-15,1,315.11,5.0,315.11
C00274,395.376.724-09,P010,2025-09-01,2,99.9,3.6,199.8
C00843,475.255.341-44,P1057,2025-10-30,2,63.83,4.4,127.66
C00077,475.255.341-44,P005,2025-08-14,1,229.9,4.6,229.9
C00181,480.184.514-27,P011,2025-05-11,2,249.9,4.1,499.8
C00266,627.048.281-05,P008,2025-10-16,3,219.9,4.1,659.7
C00867,686.334.141-71,P1609,2026-07-16,5,213.94,3.5,1069.7
C00927,337.389.877-38,P0581,2025-12-28,2,102.31,4.4,204.62
C00706,120.122.759-31,P1757,2026-06-22,1,307.01,5.0,307.01
C01241,434.369.709-64,P1428,2025-07-08,1,237.56,5.0,237.56
C01441,204.482.070-60,P1793,2026-02-18,1,83.55,3.8,83.55
C01458,050.922.216-15,P0632,2026-07-16,2,101.19,4.1,202.38
C01159,719.182.619-38,P1051,2025-08-11,1,210.67,3.0,210.67
C01092,882.493.534-63,P1890,2025-02-12,1,253.86,4.2,253.86
C00984,341.232.812-06,P0350,2025-02-26,1,343.01,3.8,343.01
C00476,095.701.543-73,P015,2025-10-27,2,89.9,4.0,179.8
C00974,253.666.777-42,P0153,2026-04-29,3,254.39,4.7,763.17
C00021,489.325.288-70,P002,2025-04-06,1,79.9,5.0,79.9
C01933,795.563.318-08,P0900,2026-01-18,2,301.95,4.2,603.9
C00741,014.188.421-50,P1624,2025-12-24,3,142.5,3.0,427.5
C01513,639.821.465-00,P1537,2025-11-06,2,305.68,4.0,611.36
C01914,492.424.375-22,P1861,2025-07-02,1,203.65,4.1,203.65
C00994,066.643.749-19,P1441,2025-06-26,2,278.06,4.4,556.12
C01724,147.379.965-13,P0181,2025-03-22,1,186.08,4.6,186.08
C00959,915.618.298-89,P0854,2025-01-20,2,176.66,4.8,353.32
C00265,310.341.316-56,P003,2025-11-05,1,149.9,4.6,149.9
C00053,395.376.724-09,P007,2025-11-07,5,139.9,5.0,699.5
C00272,278.248.963-15,P010,2025-09-17,1,99.9,3.5,99.9
C01886,267.146.283-23,P1321,2025-09-08,2,297.44,4.0,594.88
C00951,481.754.965-33,P1597,2026-07-28,1,331.04,4.7,331.04
C00639,413.908.088-40,P1079,2026-04-06,2,158.94,4.1,317.88
C00893,376.815.118-22,P1524,2025-12-18,1,183.82,4.9,183.82
C00512,254.729.284-00,P0040,2025-11-16,1,51.79,4.5,51.79
C01742,150.937.710-74,P0972,2025-06-22,3,115.42,4.3,346.26
C01999,942.141.052-14,P1931,2025-02-01,1,285.32,4.8,285.32
C00170,480.184.514-27,P001,2025-03-15,1,59.9,4.7,59.9
C01438,655.125.674-03,P1720,2026-05-27,3,64.05,4.2,192.15
C00672,534.332.491-64,P1743,2025-01-13,1,351.71,4.2,351.71
C00095,026.542.351-14,P010,2025-04-22,2,99.9,4.2,199.8
C01845,986.872.774-07,P0842,2026-01-28,2,208.2,4.2,416.4
C00124,627.048.281-05,P008,2025-06-24,1,219.9,4.3,219.9
C00412,039.117.182-84,P004,2025-10-01,2,169.9,4.0,339.8
C00052,026.542.351-14,P010,2025-08-11,1,99.9,4.1,99.9
C00943,354.033.173-50,P1869,2025-03-17,1,46.26,4.8,46.26
C01200,865.596.309-78,P0638,2026-05-07,1,340.99,5.0,340.99
C00642,424.936.312-00,P0094,2025-08-01,2,363.41,4.9,726.82
C00144,960.013.389-14,P013,2025-03-31,2,49.9,3.6,99.8
C00233,083.863.794-99,P007,2025-02-19,2,139.9,4.2,279.8
C01867,060.002.589-68,P0537,2025-10-16,1,326.94,3.6,326.94
C01612,654.610.339-70,P1894,2026-02-08,1,367.78,3.9,367.78
C01874,913.624.835-59,P0782,2026-08-23,2,277.67,3.5,555.34
C01062,788.614.057-54,P1856,2025-12-22,1,76.57,4.4,76.57
C01093,557.782.058-80,P1564,2025-12-06,4,140.09,3.5,560.36
C01572,724.825.135-61,P1641,2025-08-18,2,364.81,4.4,729.62
C01234,532.593.993-99,P1795,2025-12-30,1,100.56,4.4,100.56
C00873,353.693.785-33,P0372,2025-07-26,2,383.47,5.0,766.94
C00584,505.331.586-80,P1204,2026-08-28,1,85.85,3.9,85.85
C00972,731.584.776-61,P1322,2026-02-12,4,234.62,5.0,938.48
C00128,095.701.543-73,P013,2025-08-02,2,49.9,4.1,99.8
C00385,489.325.288-70,P014,2025-09-18,2,129.9,4.2,259.8
C01475,646.225.179-49,P1877,2025-08-20,3,302.53,3.6,907.59
C01737,210.202.758-98,P0570,2026-02-27,2,165.2,4.5,330.4
C00204,161.559.407-89,P001,2025-01-20,1,59.9,4.9,59.9
C00194,095.701.543-73,P015,2025-07-07,2,89.9,4.3,179.8
C00172,532.871.012-69,P011,2025-02-11,3,249.9,5.0,749.7
C01584,966.672.521-56,P0703,2026-01-23,2,148.8,4.3,297.6
C00623,947.950.740-46,P0791,2026-06-20,1,318.71,3.4,318.71
C00654,956.544.209-92,P0701,2025-02-07,2,145.0,5.0,290.0
C00025,395.376.724-09,P004,2025-05-16,1,169.9,3.9,169.9
C01946,390.409.074-71,P1967,2025-03-17,1,320.5,3.7,320.5
C00869,304.120.270-03,P0906,2025-04-17,1,246.42,3.6,246.42
C01595,706.734.996-69,P1469,2025-01-25,1,242.3,4.3,242.3
C01416,209.355.610-30,P0979,2026-01-07,2,358.11,5.0,716.22
C00284,083.863.794-99,P005,2025-10-14,1,229.9,5.0,229.9
C01603,673.162.526-42,P1478,2026-02-21,1,397.65,4.2,397.65
C01101,805.721.514-38,P1529,2025-08-22,1,102.01,4.3,102.01
C01209,050.506.138-41,P0209,2025-02-01,1,137.3,4.2,137.3
C00401,928.327.648-51,P005,2025-03-04,2,229.9,3.8,459.8
C01694,318.432.225-40,P0259,2026-08-24,2,105.25,4.4,210.5
C01864,597.779.014-70,P0217,2026-06-22,1,253.08,4.5,253.08
C00814,106.092.098-09,P0286,2025-06-25,1,248.02,4.1,248.02
C00185,350.305.641-60,P004,2025-07-16,3,169.9,4.4,509.7
C01698,661.016.831-84,P1122,2025-09-29,1,322.43,3.6,322.43
C01775,257.532.603-65,P1706,2026-05-28,2,65.15,3.1,130.3
C01013,344.857.142-33,P0351,2025-12-31,2,101.96,3.6,203.92
C01159,719.182.619-38,P1051,2025-08-11,1,210.67,3.0,210.67
C00447,475.255.341-44,P014,2025-01-02,3,129.9,4.8,389.7
C00135,480.184.514-27,P002,2025-12-18,1,79.9,4.1,79.9
C01889,540.641.769-01,P1419,2026-05-10,2,372.65,3.4,745.3
C00966,312.172.715-03,P0889,2026-04-10,1,244.52,4.2,244.52
C00550,782.079.799-17,P0338,2025-12-12,4,87.87,3.8,351.48
C01387,583.938.661-89,P0942,2026-08-20,2,186.25,3.9,372.5
C00053,395.376.724-09,P007,2025-11-07,5,139.9,5.0,699.5
C00160,278.248.963-15,P009,2025-03-11,3,119.9,4.2,359.7
C00486,278.248.963-15,P015,2025-09-05,2,89.9,3.6,179.8
C00902,302.992.280-45,P1688,2025-08-04,5,148.42,4.3,742.1
C00734,227.026.728-17,P1489,2025-02-26,1,338.86,5.0,338.86
C00375,269.166.978-57,P003,2025-05-16,2,149.9,4.6,299.8
C00703,033.620.275-04,P0257,2026-04-14,2,212.67,4.8,425.34
C00668,096.561.014-48,P0077,2026-01-27,1,148.35,4.8,148.35
C01050,331.537.795-20,P0738,2025-09-03,2,154.47,4.2,308.94
C01126,459.701.082-35,P1413,2025-05-27,1,123.7,5.0,123.7
C01767,459.011.079-26,P0396,2025-09-17,1,63.63,5.0,63.63
C01614,957.443.034-05,P0448,2026-08-08,3,356.46,5.0,1069.38
C00585,175.250.074-11,P1772,2025-12-22,3,241.09,3.0,723.27
C01806,397.191.260-51,P0930,2025-09-04,2,182.09,5.0,364.18
C01042,921.277.997-20,P1980,2025-05-20,1,312.37,5.0,312.37
C00376,532.871.012-69,P001,2025-10-19,2,59.9,4.1,119.8
C00681,617.817.032-72,P1115,2025-03-14,1,238.42,3.6,238.42
C01484,655.125.674-03,P1967,2025-11-15,3,320.5,3.7,961.5
C01644,702.070.160-46,P1352,2025-09-26,2,193.43,4.7,386.86
C00749,258.857.669-91,P0243,2026-02-02,2,90.28,5.0,180.56
C00316,238.849.696-92,P005,2025-01-09,1,229.9,4.8,229.9
C00384,278.248.963-15,P012,2025-06-03,2,299.9,4.9,599.8
C00208,278.248.963-15,P007,2025-05-24,1,139.9,3.7,139.9
C01398,212.899.151-05,P0694,2025-04-19,3,50.61,4.2,151.83
C01006,134.213.882-10,P1519,2026-07-01,2,350.72,4.2,701.44
C00903,817.932.302-18,P0117,2025-04-11,2,76.63,3.5,153.26
C01344,435.811.288-96,P0605,2025-09-21,2,354.74,4.3,709.48
C01658,350.313.650-99,P1865,2025-01-04,1,137.23,4.7,137.23
C01592,659.116.655-65,P1268,2025-03-22,3,266.41,2.9,799.23
C00275,960.013.389-14,P008,2025-02-22,3,219.9,5.0,659.7
C01180,869.996.988-05,P0825,2025-09-09,2,301.41,4.4,602.82
C01766,989.413.435-18,P0957,2025-12-30,1,250.31,5.0,250.31
C01548,894.184.336-72,P1512,2025-09-22,2,116.81,4.1,233.62
C00659,567.983.631-99,P0510,2025-03-02,1,350.4,4.4,350.4
C00786,033.542.168-75,P0642,2025-11-05,3,339.04,4.7,1017.12
C01781,657.569.245-15,P0310,2026-06-26,2,341.69,4.6,683.38
C00066,475.255.341-44,P013,2025-04-12,1,49.9,3.2,49.9
C01051,650.254.472-08,P1778,2026-04-22,1,50.22,5.0,50.22
C00233,083.863.794-99,P007,2025-02-19,2,139.9,4.2,279.8
C01790,434.369.709-64,P1220,2026-02-16,1,159.26,4.1,159.26
C00078,395.376.724-09,P015,2025-10-04,1,89.9,4.4,89.9
C00047,475.255.341-44,P004,2025-08-24,1,169.9,4.5,169.9
C00658,972.896.230-45,P0774,2025-10-16,1,369.43,4.0,369.43
C00401,928.327.648-51,P005,2025-03-04,2,229.9,3.8,459.8
C00991,712.961.803-52,P1138,2025-06-30,1,244.08,4.8,244.08
C00600,481.386.667-06,P0162,2025-03-31,2,291.29,4.4,582.58
C00713,921.581.897-97,P1896,2025-03-31,1,212.62,4.2,212.62
C01130,534.332.491-64,P1250,2026-01-19,2,40.64,4.9,81.28
C01122,916.503.440-66,P0664,2026-07-31,2,161.91,3.6,323.82
C01870,610.277.697-64,P0482,2025-05-08,1,230.74,3.7,230.74
C00962,093.141.818-63,P0741,2026-04-26,1,284.58,3.8,284.58
C01129,026.086.982-12,P0808,2025-03-10,1,277.53,3.7,277.53
C01356,047.541.212-52,P1189,2026-03-18,1,234.84,4.0,234.84
C00349,627.048.281-05,P009,2025-07-30,3,119.9,4.1,359.7
C01334,500.902.559-09,P1975,2025-01-31,3,348.88,4.1,1046.64
C01724,147.379.965-13,P0181,2025-03-22,1,186.08,4.6,186.08
C00637,342.583.230-12,P0419,2025-03-23,1,294.18,5.0,294.18
C00357,816.184.959-50,P010,2025-10-25,1,99.9,3.8,99.9
C00693,617.357.438-10,P0161,2025-03-13,1,288.54,4.7,288.54
C00551,108.046.619-36,P1852,2025-11-11,2,211.21,4.2,422.42
C01171,555.165.176-21,P1693,2025-12-22,2,251.38,4.7,502.76
C01728,157.676.472-91,P1927,2025-01-03,1,76.97,3.9,76.97
C01193,566.246.287-90,P1783,2025-04-28,1,386.56,4.4,386.56
C00252,310.341.316-56,P013,2025-03-12,3,49.9,4.0,149.7
C00630,642.152.265-38,P1464,2026-07-22,1,102.85,4.9,102.85
C01379,235.558.099-54,P1643,2025-06-19,4,301.79,3.1,1207.16
C00661,602.206.953-00,P1267,2025-01-19,1,284.61,5.0,284.61
C01173,473.597.746-59,P0464,2025-08-02,3,48.25,3.3,144.75
C01389,836.381.643-49,P0238,2025-09-01,1,306.67,3.8,306.67
C00659,567.983.631-99,P0510,2025-03-02,1,350.4,4.4,350.4
C01295,130.753.841-00,P0896,2025-08-20,1,373.08,4.2,373.08
C00797,497.567.922-13,P1955,2026-04-25,4,125.96,4.4,503.84
C00271,960.013.389-14,P006,2025-05-27,1,189.9,5.0,189.9
C00745,472.727.423-05,P0561,2025-05-08,1,378.79,5.0,378.79
C00883,348.389.359-86,P1808,2026-01-10,1,366.29,2.9,366.29
C00005,960.013.389-14,P004,2025-02-04,4,169.9,4.2,679.6
C01786,427.086.688-89,P1961,2026-05-31,3,135.01,4.5,405.03
C01056,166.123.740-12,P1656,2025-03-11,3,292.0,4.1,876.0
C00073,095.701.543-73,P010,2025-06-12,4,99.9,4.7,399.6
C01736,009.751.971-50,P0381,2026-05-08,1,101.36,5.0,101.36
C01711,087.612.385-03,P1819,2026-03-22,1,320.21,4.6,320.21
C00025,395.376.724-09,P004,2025-05-16,1,169.9,3.9,169.9
C00327,627.048.281-05,P006,2025-09-23,1,189.9,5.0,189.9
C00728,699.577.738-79,P1262,2025-03-30,1,296.04,4.3,296.04
C01015,100.996.881-58,P0895,2026-01-18,1,184.55,4.7,184.55
C01452,544.948.126-84,P1015,2025-10-28,2,256.53,3.9,513.06
C00849,121.461.476-01,P0665,2025-07-17,3,102.68,3.6,308.04
C01224,325.122.572-31,P1634,2025-02-26,1,244.63,3.8,244.63
C00021,489.325.288-70,P002,2025-04-06,1,79.9,5.0,79.9
C01318,333.447.626-05,P0262,2025-01-13,2,224.18,5.0,448.36
C01831,278.532.426-97,P1983,2025-09-02,2,84.25,4.3,168.5
C01053,875.003.691-23,P1983,2025-02-05,1,84.25,3.7,84.25
C00910,184.723.046-63,P1492,2026-02-07,1,181.11,5.0,181.11
C00595,825.952.694-88,P0669,2026-05-15,3,119.87,4.5,359.61
C01909,567.303.064-91,P1632,2025-03-21,3,249.81,4.6,749.43
C00067,960.013.389-14,P004,2025-09-01,2,169.9,4.2,339.8
C00574,223.105.927-49,P0825,2026-07-31,1,301.41,4.0,301.41
C00278,238.849.696-92,P006,2025-05-25,1,189.9,4.7,189.9
C01733,386.125.904-42,P1583,2025-09-12,1,149.73,3.6,149.73
C00966,312.172.715-03,P0889,2026-04-10,1,244.52,4.2,244.52
C01845,986.872.774-07,P0842,2026-01-28,2,208.2,4.2,416.4
C01331,651.777.392-44,P1767,2025-03-24,2,50.87,3.0,101.74
C01114,975.019.803-49,P0079,2025-08-12,2,339.13,4.1,678.26
C01035,016.451.046-05,P0166,2026-04-15,1,155.74,3.7,155.74
C00406,026.542.351-14,P010,2025-10-28,1,99.9,4.1,99.9
C01125,865.890.260-92,P1146,2025-06-14,2,337.09,3.0,674.18
C01371,453.198.074-30,P0707,2026-07-21,5,398.54,3.9,1992.7
C01931,705.184.390-70,P1926,2025-03-10,3,54.95,3.1,164.85
C01098,680.447.314-07,P1616,2026-04-17,1,188.15,4.6,188.15
C01878,660.937.966-12,P1087,2026-01-18,2,187.09,3.9,374.18
C01890,523.867.673-53,P1600,2025-05-09,2,294.3,3.8,588.6
C01046,835.832.863-08,P1431,2025-01-28,1,238.42,4.6,238.42
C00879,817.852.282-93,P1238,2026-08-15,2,47.19,3.7,94.38
C00286,489.325.288-70,P002,2025-11-27,2,79.9,3.6,159.8
C00538,756.704.310-65,P1873,2026-03-31,3,319.51,5.0,958.53
C01759,468.105.485-21,P1197,2025-11-30,2,257.82,4.2,515.64
C00277,475.255.341-44,P012,2025-08-13,5,299.9,3.9,1499.5
C00795,694.320.293-60,P1087,2025-02-23,4,187.09,3.7,748.36
C01398,212.899.151-05,P0694,2025-04-19,3,50.61,4.2,151.83
C00482,960.013.389-14,P009,2025-01-18,3,119.9,3.8,359.7
C01949,507.251.786-12,P1945,2026-03-03,4,152.04,5.0,608.16
C01299,724.264.236-17,P0946,2025-09-22,2,102.31,4.5,204.62
C00057,395.376.724-09,P010,2025-06-10,2,99.9,4.9,199.8
C00495,816.184.959-50,P002,2025-09-13,3,79.9,4.0,239.7
C01481,895.400.178-58,P0198,2026-06-28,1,47.67,4.6,47.67
C01727,736.050.791-05,P1405,2025-08-11,2,323.89,4.5,647.78
C01854,623.869.222-78,P1608,2026-01-30,1,394.6,3.3,394.6
C01703,993.160.875-70,P1591,2025-09-27,1,288.03,4.3,288.03
C00150,532.871.012-69,P014,2025-09-21,3,129.9,4.5,389.7
C01460,053.161.177-94,P0990,2026-05-25,1,134.79,3.4,134.79
C00221,627.048.281-05,P008,2025-07-05,2,219.9,4.7,439.8
C00154,627.048.281-05,P002,2025-01-15,5,79.9,4.0,399.5
C01384,748.467.737-01,P1119,2025-10-25,1,308.08,4.0,308.08
C00957,337.389.877-38,P1442,2026-08-17,1,398.27,4.8,398.27
C01296,655.779.082-05,P0120,2025-09-19,1,91.86,3.9,91.86
C01703,993.160.875-70,P1591,2025-09-27,1,288.03,4.3,288.03
C00138,960.013.389-14,P003,2025-06-07,2,149.9,4.8,299.8
C01056,166.123.740-12,P1656,2025-03-11,3,292.0,4.1,876.0
C01669,287.153.991-09,P1452,2026-06-13,1,272.44,4.1,272.44
C00881,824.224.124-40,P1426,2025-08-14,4,162.8,4.0,651.2
C01047,850.506.413-57,P0228,2026-06-25,3,323.36,4.8,970.08
C00996,761.648.198-14,P1853,2025-12-08,3,363.14,3.7,1089.42
C01815,311.907.903-00,P1514,2025-05-27,2,122.19,5.0,244.38
C00100,026.542.351-14,P013,2025-10-17,3,49.9,3.4,149.7
C01756,038.843.660-33,P1384,2025-11-05,1,394.48,3.4,394.48
C01633,235.426.874-21,P1067,2025-04-15,1,287.09,5.0,287.09
C01626,812.248.905-23,P1938,2025-07-07,3,255.31,3.6,765.93
C00825,952.058.527-39,P1813,2025-04-28,1,255.79,4.3,255.79
C01032,328.980.271-03,P0574,2025-09-11,1,264.33,4.2,264.33
C00738,143.468.239-04,P1327,2026-08-05,1,225.32,3.9,225.32
C00504,912.896.599-07,P1949,2026-04-29,2,294.25,4.2,588.5
C01751,799.196.234-23,P0131,2026-07-05,3,97.51,5.0,292.53
C01012,402.681.177-80,P1056,2026-02-15,1,79.52,4.1,79.52
C01447,959.660.487-20,P1363,2025-10-25,2,394.66,3.5,789.32
C00202,095.701.543-73,P006,2025-11-09,1,189.9,4.9,189.9
C01578,480.184.514-27,P0957,2025-04-09,1,250.31,3.8,250.31
C01318,333.447.626-05,P0262,2025-01-13,2,224.18,5.0,448.36
C01996,516.994.970-79,P0225,2026-02-25,2,87.25,4.7,174.5
C00268,395.376.724-09,P003,2025-08-14,1,149.9,4.6,149.9
C01081,216.376.182-71,P1870,2025-08-20,1,322.77,4.2,322.77
C01023,182.226.189-97,P1482,2025-10-09,1,145.22,5.0,145.22
C01077,298.315.229-40,P0260,2026-05-08,1,157.52,4.1,157.52
C00109,395.376.724-09,P003,2025-09-07,1,149.9,4.7,149.9
C00947,816.184.959-50,P0231,2025-08-18,3,375.37,4.4,1126.11
C00600,481.386.667-06,P0162,2025-03-31,2,291.29,4.4,582.58
C01235,702.070.160-46,P0523,2026-02-01,2,337.59,3.7,675.18
C00465,083.863.794-99,P009,2025-04-08,1,119.9,3.6,119.9
C00871,325.122.572-31,P1983,2025-02-09,2,84.25,3.7,168.5
C01241,434.369.709-64,P1428,2025-07-08,1,237.56,5.0,237.56
C00129,278.248.963-15,P004,2025-09-25,1,169.9,4.4,169.9
C01574,106.273.715-66,P1636,2025-10-01,2,85.55,3.4,171.1
C01432,286.790.874-40,P1297,2025-10-23,2,394.13,3.4,788.26
C00115,095.701.543-73,P009,2025-06-26,1,119.9,4.0,119.9
C00130,039.117.182-84,P007,2025-06-06,2,139.9,4.2,279.8
C01701,097.461.917-56,P1350,2025-06-07,2,153.9,3.3,307.8
C00567,287.923.264-39,P0446,2025-10-07,2,293.19,3.9,586.38
C01722,229.712.529-14,P0074,2026-06-03,2,358.51,4.8,717.02
C00999,145.057.661-36,P1703,2025-06-04,1,171.46,3.7,171.46
C00685,856.218.501-90,P1664,2025-05-05,4,259.75,4.5,1039.0
C00548,212.021.697-59,P0609,2025-11-08,2,279.73,5.0,559.46
C01319,341.465.111-43,P0552,2025-04-14,1,357.79,3.6,357.79
C00220,269.166.978-57,P009,2025-02-28,2,119.9,4.2,239.8
C00806,525.459.910-31,P0151,2026-04-12,1,212.86,5.0,212.86
C00692,464.083.037-81,P1371,2025-09-26,1,320.82,4.3,320.82
C00309,026.542.351-14,P013,2025-05-28,1,49.9,4.1,49.9
C00706,120.122.759-31,P1757,2026-06-22,1,307.01,5.0,307.01
C01058,663.723.950-02,P0583,2025-03-06,1,54.57,5.0,54.57
C01356,047.541.212-52,P1189,2026-03-18,1,234.84,4.0,234.84
C00173,095.701.543-73,P007,2025-06-12,2,139.9,4.8,279.8
C01745,645.380.442-53,P1263,2025-04-05,1,63.98,5.0,63.98
C01757,140.049.388-99,P1448,2025-12-01,5,397.79,4.0,1988.95
C01384,748.467.737-01,P1119,2025-10-25,1,308.08,4.0,308.08
C01849,228.225.120-27,P1204,2025-10-13,1,85.85,2.9,85.85
C00856,091.843.579-08,P0949,2025-02-11,2,317.16,4.1,634.32
C01644,702.070.160-46,P1352,2025-09-26,2,193.43,4.7,386.86
C01455,327.303.461-04,P0266,2026-02-02,3,332.81,5.0,998.43
C01126,459.701.082-35,P1413,2025-05-27,1,123.7,5.0,123.7
C00360,310.341.316-56,P013,2025-10-20,1,49.9,3.6,49.9
C01116,063.519.036-29,P0668,2026-05-18,1,57.87,4.1,57.87
C01803,022.526.771-39,P1127,2026-08-16,1,86.99,3.8,86.99
C01970,130.753.841-00,P1648,2025-10-24,1,244.85,4.4,244.85
C00897,310.438.419-38,P0675,2026-08-05,2,245.55,4.3,491.1
C00496,026.542.351-14,P015,2025-09-28,4,89.9,3.8,359.6
C01496,447.163.928-56,P1971,2026-04-30,1,162.81,4.9,162.81
C00152,278.248.963-15,P013,2025-09-13,2,49.9,4.1,99.8
C00303,104.332.181-00,P007,2025-01-28,1,139.9,4.1,139.9
C01124,665.722.402-82,P0616,2025-03-18,1,111.28,5.0,111.28
C01981,471.754.558-36,P1186,2025-03-24,1,341.88,4.8,341.88
C00658,972.896.230-45,P0774,2025-10-16,1,369.43,4.0,369.43
C00887,123.274.897-84,P1458,2025-01-09,3,152.65,5.0,457.95
C00645,339.439.457-07,P0034,2025-12-24,1,270.33,4.1,270.33
C00882,390.409.074-71,P0433,2025-12-28,2,244.31,3.5,488.62
C00015,627.048.281-05,P008,2025-04-20,3,219.9,4.5,659.7
C01190,477.695.874-09,P1722,2025-11-29,2,202.28,4.9,404.56
C01193,566.246.287-90,P1783,2025-04-28,1,386.56,4.4,386.56
C00632,623.445.655-31,P0917,2025-10-17,2,306.77,3.9,613.54
C00529,740.903.802-00,P0701,2026-04-17,2,145.0,4.1,290.0
C01524,060.717.481-19,P0640,2025-08-12,4,91.58,4.0,366.32
C00376,532.871.012-69,P001,2025-10-19,2,59.9,4.1,119.8
C00095,026.542.351-14,P010,2025-04-22,2,99.9,4.2,199.8
C00081,960.013.389-14,P004,2025-08-04,1,169.9,4.2,169.9
C01764,597.779.014-70,P1335,2025-08-08,1,70.57,4.0,70.57
C00729,071.261.583-00,P1935,2025-12-09,3,246.49,4.6,739.47
C00204,161.559.407-89,P001,2025-01-20,1,59.9,4.9,59.9
C01758,787.112.166-97,P1016,2025-12-02,1,269.89,5.0,269.89
C00298,278.248.963-15,P003,2025-05-09,1,149.9,4.9,149.9
C00674,532.593.993-99,P0089,2026-08-17,2,396.84,4.5,793.68
C00042,278.248.963-15,P012,2025-03-21,4,299.9,4.2,1199.6
C01359,809.521.755-76,P0624,2026-07-26,2,68.76,3.8,137.52
C01399,313.797.166-75,P1794,2025-07-08,1,348.36,4.1,348.36
C01514,478.189.137-34,P0464,2026-07-10,1,48.25,3.6,48.25
C00527,091.843.579-08,P0688,2025-06-07,4,149.58,4.6,598.32
C00657,296.386.396-95,P1066,2025-11-14,1,372.95,4.1,372.95
C01877,655.779.082-05,P1141,2026-02-07,1,165.87,4.6,165.87
C01644,702.070.160-46,P1352,2025-09-26,2,193.43,4.7,386.86
C00075,816.184.959-50,P012,2025-09-01,2,299.9,4.5,599.8
C01384,748.467.737-01,P1119,2025-10-25,1,308.08,4.0,308.08
C01626,812.248.905-23,P1938,2025-07-07,3,255.31,3.6,765.93
C01119,970.996.254-03,P0948,2025-10-30,3,319.57,3.7,958.71
C01280,687.234.309-58,P1699,2026-08-31,1,61.28,5.0,61.28
C00002,238.849.696-92,P008,2025-09-22,2,219.9,5.0,439.8
C00061,350.305.641-60,P007,2025-10-08,3,139.9,4.3,419.7
C00071,489.325.288-70,P008,2025-01-26,2,219.9,4.5,439.8
C00318,395.376.724-09,P003,2025-01-23,1,149.9,4.0,149.9
C01982,724.380.701-10,P1486,2025-07-15,2,291.37,4.1,582.74
C01269,386.562.422-70,P1988,2026-05-23,2,176.37,4.4,352.74
C01565,824.224.124-40,P1948,2026-01-29,1,127.94,5.0,127.94
C00592,784.448.354-71,P0045,2026-04-15,2,207.64,3.9,415.28
C01876,094.777.520-02,P1390,2026-05-05,1,236.5,5.0,236.5
C00398,310.341.316-56,P004,2025-05-23,2,169.9,3.5,339.8
C01805,650.471.580-71,P0171,2026-01-28,2,348.71,4.1,697.42
C00062,039.117.182-84,P010,2025-12-02,1,99.9,4.5,99.9
C00041,475.255.341-44,P011,2025-02-22,1,249.9,3.7,249.9
C00158,350.305.641-60,P009,2025-12-28,1,119.9,4.9,119.9
C01584,966.672.521-56,P0703,2026-01-23,2,148.8,4.3,297.6
C00515,998.989.721-22,P1482,2025-11-01,2,145.22,3.8,290.44
C00903,817.932.302-18,P0117,2025-04-11,2,76.63,3.5,153.26
C00943,354.033.173-50,P1869,2025-03-17,1,46.26,4.8,46.26
C01580,124.912.565-09,P0422,2025-01-05,3,231.02,4.0,693.06
C00698,958.837.340-90,P0635,2026-08-10,1,298.08,3.9,298.08
C00014,104.332.181-00,P002,2025-05-02,1,79.9,3.7,79.9
C00773,080.815.712-48,P0279,2026-02-25,1,308.17,4.8,308.17
C00577,640.376.137-43,P0617,2026-05-16,1,74.2,5.0,74.2
C01462,215.107.029-89,P0092,2025-05-16,1,171.37,3.6,171.37
C01503,800.025.787-43,P0263,2025-02-05,2,145.21,3.1,290.42
C00184,269.166.978-57,P012,2025-05-09,2,299.9,4.5,599.8
C01587,751.868.926-02,P0561,2025-02-22,3,378.79,4.7,1136.37
C00141,480.184.514-27,P002,2025-11-03,1,79.9,3.8,79.9
C01240,328.980.271-03,P1328,2025-10-19,1,204.81,4.0,204.81
C00779,767.199.038-88,P0890,2025-09-07,1,238.3,4.0,238.3
C00603,739.610.290-16,P1685,2025-12-20,4,123.65,4.9,494.6
C00967,058.366.834-84,P1953,2025-11-10,1,66.44,4.1,66.44
C00621,629.613.671-40,P1075,2026-07-05,2,377.69,4.1,755.38
C01588,260.602.908-92,P0345,2026-03-11,1,213.68,3.8,213.68
C01934,093.106.684-07,P1489,2025-07-01,2,338.86,3.8,677.72
C01632,526.547.935-08,P0225,2026-08-26,1,87.25,4.0,87.25
C00879,817.852.282-93,P1238,2026-08-15,2,47.19,3.7,94.38
C01007,243.588.537-73,P0236,2026-01-21,2,388.9,3.6,777.8
C00895,278.532.426-97,P0224,2025-09-23,1,359.78,3.6,359.78
C01588,260.602.908-92,P0345,2026-03-11,1,213.68,3.8,213.68
C01105,992.937.842-11,P1826,2025-09-26,1,177.27,3.7,177.27
C00937,945.198.327-99,P0307,2026-01-19,2,274.14,4.0,548.28
C00820,484.656.482-71,P1731,2025-03-13,2,282.65,4.8,565.3
C00751,564.915.795-22,P1914,2025-09-27,1,288.31,3.8,288.31
C01106,459.701.082-35,P1926,2025-06-13,2,54.95,2.6,109.9
C01378,157.676.472-91,P1763,2026-02-07,2,97.51,3.9,195.02
C00865,078.593.110-46,P1155,2026-04-01,1,239.17,3.8,239.17
C01614,957.443.034-05,P0448,2026-08-08,3,356.46,5.0,1069.38
C01654,682.975.147-06,P1731,2025-02-25,3,282.65,4.8,847.95
C00859,056.420.456-01,P1644,2026-06-04,2,380.0,4.3,760.0
C01819,600.559.550-45,P0802,2025-09-11,1,361.3,4.6,361.3
C00347,095.701.543-73,P010,2025-07-08,2,99.9,4.4,199.8
C01865,054.857.417-03,P0853,2026-01-07,1,261.85,4.8,261.85
C00589,182.744.857-18,P0698,2025-08-02,2,83.1,4.7,166.2
C01129,026.086.982-12,P0808,2025-03-10,1,277.53,3.7,277.53
C00568,247.073.920-91,P0919,2025-09-06,1,102.04,4.4,102.04
C00885,231.164.913-21,P1050,2025-09-22,1,239.24,4.4,239.24
C00681,617.817.032-72,P1115,2025-03-14,1,238.42,3.6,238.42
C01411,333.021.260-85,P0036,2025-04-14,3,150.12,2.6,450.36
C00163,039.117.182-84,P011,2025-09-08,3,249.9,4.1,749.7
C01677,072.587.339-65,P0379,2026-04-24,1,177.52,3.7,177.52
C01808,275.539.423-40,P1646,2026-01-15,2,98.61,4.4,197.22
C01126,459.701.082-35,P1413,2025-05-27,1,123.7,5.0,123.7
C01095,020.586.950-54,P1186,2026-04-15,1,341.88,5.0,341.88
C01400,009.751.971-50,P1753,2026-07-09,3,399.83,4.2,1199.49
C00399,475.255.341-44,P005,2025-05-28,2,229.9,4.5,459.8
C01500,734.151.773-51,P0114,2025-08-09,1,350.56,3.8,350.56
C00438,269.166.978-57,P008,2025-10-16,1,219.9,4.4,219.9
C01353,214.770.920-48,P0349,2025-10-19,2,105.9,4.2,211.8
C00612,739.774.063-45,P0487,2026-03-23,1,283.56,3.4,283.56
C01493,881.056.974-16,P1392,2026-07-21,2,48.57,5.0,97.14
C01583,813.190.924-70,P0861,2026-06-21,1,198.31,3.0,198.31
C00418,928.327.648-51,P004,2025-02-27,1,169.9,4.5,169.9
C01235,702.070.160-46,P0523,2026-02-01,2,337.59,3.7,675.18
C00997,334.333.395-62,P1311,2026-03-09,3,192.13,3.5,576.39
C00589,182.744.857-18,P0698,2025-08-02,2,83.1,4.7,166.2
C01177,499.261.891-05,P1955,2026-08-11,2,125.96,2.8,251.92
C01986,235.469.510-18,P1130,2026-08-15,2,362.55,3.9,725.1
C00005,960.013.389-14,P004,2025-02-04,4,169.9,4.2,679.6
C01914,492.424.375-22,P1861,2025-07-02,1,203.65,4.1,203.65
C01712,184.723.046-63,P1642,2025-08-08,4,196.38,3.9,785.52
C01059,724.500.000-03,P1638,2025-03-20,1,187.54,4.0,187.54
C01221,406.557.820-52,P0771,2025-10-01,2,339.29,2.9,678.58
C00739,174.101.194-97,P1780,2025-06-08,2,202.32,4.8,404.64
C00259,395.376.724-09,P003,2025-11-13,2,149.9,4.4,299.8
C01143,211.882.419-07,P0579,2025-09-16,3,365.38,3.6,1096.14
C01633,235.426.874-21,P1067,2025-04-15,1,287.09,5.0,287.09
C00463,269.166.978-57,P009,2025-09-29,1,119.9,4.0,119.9
C01435,159.996.504-61,P1063,2025-10-08,1,354.9,3.2,354.9
C01497,910.771.199-92,P0892,2025-02-15,3,318.34,3.7,955.02
C01517,063.519.036-29,P1049,2025-05-14,1,363.77,3.9,363.77
C00681,617.817.032-72,P1115,2025-03-14,1,238.42,3.6,238.42
C00785,097.461.917-56,P0658,2025-07-10,3,100.46,4.3,301.38
C00833,857.256.292-36,P0290,2025-01-31,4,56.82,3.4,227.28
C01709,701.840.943-80,P0695,2025-12-11,4,314.58,4.0,1258.32
C01801,166.007.676-50,P0932,2025-01-08,1,42.57,3.4,42.57
C00829,131.869.993-24,P0660,2026-06-26,1,245.2,4.5,245.2
C01940,537.599.004-02,P1970,2025-07-14,2,150.3,3.4,300.6
C01142,678.812.786-76,P0725,2025-01-28,2,327.83,3.4,655.66
C00771,806.867.177-32,P1986,2025-03-13,2,286.29,4.2,572.58
C00002,238.849.696-92,P008,2025-09-22,2,219.9,5.0,439.8
C01223,682.509.522-60,P1524,2026-02-04,3,183.82,3.6,551.46
C01290,175.207.167-08,P1664,2026-02-09,1,259.75,3.4,259.75
C01937,701.840.943-80,P1333,2026-08-20,1,292.52,3.1,292.52
C01437,339.994.853-02,P0523,2026-02-21,3,337.59,3.8,1012.77
C00060,532.871.012-69,P011,2025-03-31,2,249.9,5.0,499.8
C01135,005.329.318-58,P1948,2026-01-07,1,127.94,4.0,127.94
C01486,145.593.766-54,P1064,2025-12-07,2,104.9,4.8,209.8
C00994,066.643.749-19,P1441,2025-06-26,2,278.06,4.4,556.12
C00859,056.420.456-01,P1644,2026-06-04,2,380.0,4.3,760.0
C01620,181.398.909-52,P0236,2026-04-18,1,388.9,3.4,388.9
C01223,682.509.522-60,P1524,2026-02-04,3,183.82,3.6,551.46
C01363,699.586.693-23,P1228,2026-03-01,2,307.72,3.7,615.44
C00929,481.832.192-33,P1190,2026-02-22,1,214.81,4.7,214.81
C00557,655.866.525-52,P0859,2025-08-22,1,198.74,4.3,198.74
C01039,959.660.487-20,P1330,2026-07-09,1,141.36,5.0,141.36
C01919,586.833.901-01,P0470,2025-03-05,1,76.07,3.7,76.07
C01206,045.069.176-42,P1535,2025-07-02,1,119.91,3.9,119.91
C01415,634.755.752-56,P0085,2025-08-07,1,333.32,3.7,333.32
C00249,928.327.648-51,P004,2025-09-20,1,169.9,3.8,169.9
C01976,552.166.746-67,P1181,2025-06-20,3,170.96,4.0,512.88
C00490,310.341.316-56,P010,2025-09-27,1,99.9,4.3,99.9
C01943,993.160.875-70,P0222,2025-02-13,1,275.21,3.5,275.21
C00892,213.074.235-15,P1741,2025-06-24,1,314.29,3.3,314.29
C01838,706.810.390-19,P1443,2025-12-30,3,268.14,4.6,804.42
C01784,241.270.493-75,P1266,2025-07-04,1,96.02,4.6,96.02
C01511,179.469.548-67,P1817,2026-04-07,3,262.67,3.1,788.01
C01833,709.085.991-61,P1828,2026-01-23,2,389.4,4.0,778.8
C01219,312.172.715-03,P1744,2026-02-28,1,293.19,4.6,293.19
C01698,661.016.831-84,P1122,2025-09-29,1,322.43,3.6,322.43
C00345,816.184.959-50,P013,2025-07-05,2,49.9,4.1,99.8
C00141,480.184.514-27,P002,2025-11-03,1,79.9,3.8,79.9
C01087,923.234.210-34,P1024,2025-02-07,2,123.97,3.8,247.94
C01620,181.398.909-52,P0236,2026-04-18,1,388.9,3.4,388.9
C01531,980.061.558-01,P0248,2025-08-06,3,315.19,3.3,945.57
C01056,166.123.740-12,P1656,2025-03-11,3,292.0,4.1,876.0
C01042,921.277.997-20,P1980,2025-05-20,1,312.37,5.0,312.37
C01220,807.836.134-31,P1318,2026-06-20,1,92.31,3.9,92.31
C01737,210.202.758-98,P0570,2026-02-27,2,165.2,4.5,330.4
C01684,682.975.147-06,P1813,2025-05-20,3,255.79,4.4,767.37
C00220,269.166.978-57,P009,2025-02-28,2,119.9,4.2,239.8
C01192,303.723.683-36,P1405,2025-11-20,2,323.89,4.2,647.78
C00762,707.057.836-93,P0395,2026-06-11,1,107.4,4.0,107.4
C01599,812.236.231-14,P1798,2025-12-24,1,198.48,4.4,198.48
C01012,402.681.177-80,P1056,2026-02-15,1,79.52,4.1,79.52
C01983,620.959.351-87,P0653,2026-04-24,1,331.09,3.7,331.09
C00865,078.593.110-46,P1155,2026-04-01,1,239.17,3.8,239.17
C01359,809.521.755-76,P0624,2026-07-26,2,68.76,3.8,137.52
C00218,104.332.181-00,P003,2025-01-08,1,149.9,5.0,149.9
C01865,054.857.417-03,P0853,2026-01-07,1,261.85,4.8,261.85
C00308,161.559.407-89,P009,2025-11-08,2,119.9,4.2,239.8
C00757,127.238.046-74,P0742,2025-02-26,1,342.44,5.0,342.44
C01676,514.010.512-86,P1745,2025-12-18,2,355.37,4.4,710.74
C01935,729.893.762-67,P1511,2025-07-02,1,85.44,4.4,85.44
C00969,793.036.149-76,P1831,2025-03-14,2,77.46,4.6,154.92
C00970,624.395.873-62,P1449,2025-01-02,2,149.73,3.9,299.46
C00098,532.871.012-69,P007,2025-04-12,1,139.9,4.1,139.9
C01958,868.740.345-37,P1708,2025-05-23,2,397.6,4.7,795.2
C00033,350.305.641-60,P010,2025-04-18,2,99.9,4.4,199.8
C00053,395.376.724-09,P007,2025-11-07,5,139.9,5.0,699.5
C00947,816.184.959-50,P0231,2025-08-18,3,375.37,4.4,1126.11
C00008,269.166.978-57,P004,2025-02-18,1,169.9,4.6,169.9
C00329,395.376.724-09,P002,2025-02-10,1,79.9,4.1,79.9
C01256,943.325.623-99,P0850,2026-04-29,1,254.19,3.9,254.19
C01411,333.021.260-85,P0036,2025-04-14,3,150.12,2.6,450.36
C00597,191.203.818-83,P0111,2025-10-01,2,70.33,4.6,140.66
C01591,826.832.303-54,P0911,2026-01-30,2,254.9,2.5,509.8
C01216,812.236.231-14,P1653,2025-11-19,1,272.12,4.7,272.12
C00457,960.013.389-14,P009,2025-10-30,3,119.9,4.5,359.7
C01425,337.320.430-53,P1769,2025-08-24,2,244.63,3.9,489.26
C01185,699.586.693-23,P0862,2025-08-10,1,104.43,4.5,104.43
C01625,129.087.814-50,P1209,2025-01-24,3,270.86,5.0,812.58
C00309,026.542.351-14,P013,2025-05-28,1,49.9,4.1,49.9
C00462,480.184.514-27,P015,2025-01-30,2,89.9,4.8,179.8
C00608,923.603.768-29,P0886,2025-05-15,1,229.0,5.0,229.0
C00683,503.250.173-52,P0464,2025-04-23,1,48.25,4.1,48.25
C01778,330.800.370-81,P1417,2026-07-16,1,236.01,3.8,236.01
C01466,088.050.171-59,P002,2025-11-13,1,79.9,4.7,79.9
C01089,024.286.990-40,P0963,2025-05-09,1,209.52,4.9,209.52
C01081,216.376.182-71,P1870,2025-08-20,1,322.77,4.2,322.77
C01772,029.233.451-69,P1374,2025-04-14,2,289.48,4.1,578.96
C00894,967.379.487-15,P0584,2026-08-05,1,347.16,4.9,347.16
C00451,104.332.181-00,P004,2025-04-16,1,169.9,3.7,169.9
C00274,395.376.724-09,P010,2025-09-01,2,99.9,3.6,199.8
C00661,602.206.953-00,P1267,2025-01-19,1,284.61,5.0,284.61
C01307,096.561.014-48,P0529,2025-12-30,1,98.22,5.0,98.22
C00942,114.262.582-67,P0518,2025-06-17,2,175.4,3.7,350.8
C00844,621.182.339-81,P0197,2026-02-22,1,315.11,4.7,315.11
C00961,111.978.718-10,P1878,2025-07-01,5,390.61,4.3,1953.05
C01950,440.766.349-93,P0640,2025-11-17,1,91.58,3.9,91.58
C01996,516.994.970-79,P0225,2026-02-25,2,87.25,4.7,174.5
C00323,095.701.543-73,P008,2025-05-10,1,219.9,4.1,219.9
C00229,095.701.543-73,P012,2025-04-21,1,299.9,4.9,299.9
C00489,269.166.978-57,P013,2025-04-02,1,49.9,4.1,49.9
C01704,121.377.306-77,P1279,2025-06-08,3,163.2,4.4,489.6
C00920,680.648.606-10,P1920,2026-02-06,3,44.01,4.0,132.03
C01728,157.676.472-91,P1927,2025-01-03,1,76.97,3.9,76.97
C01294,293.102.707-30,P0397,2025-07-10,1,169.24,5.0,169.24
C01107,945.101.622-86,P0864,2026-02-27,1,388.61,3.7,388.61
C00564,876.329.092-81,P0812,2025-12-03,3,375.61,3.8,1126.83
C00689,073.651.189-03,P1648,2025-11-19,2,244.85,3.6,489.7
C00296,039.117.182-84,P008,2025-08-25,3,219.9,4.9,659.7
C01039,959.660.487-20,P1330,2026-07-09,1,141.36,5.0,141.36
C00561,965.049.627-07,P1471,2025-03-02,1,287.99,3.7,287.99
C00585,175.250.074-11,P1772,2025-12-22,3,241.09,3.0,723.27
C00080,269.166.978-57,P006,2025-10-05,2,189.9,4.6,379.8
C01599,812.236.231-14,P1798,2025-12-24,1,198.48,4.4,198.48
C01879,506.159.399-53,P0476,2025-12-06,1,336.05,3.4,336.05
C00997,334.333.395-62,P1311,2026-03-09,3,192.13,3.5,576.39
C01073,127.990.881-55,P1372,2025-06-21,3,85.69,4.5,257.07
C01852,253.666.777-42,P1024,2026-06-21,1,123.97,3.2,123.97
C01023,182.226.189-97,P1482,2025-10-09,1,145.22,5.0,145.22
C01246,017.320.865-75,P1140,2025-10-18,4,158.21,4.8,632.84
C00857,415.667.652-85,P0453,2025-10-10,5,152.65,3.6,763.25
C01029,684.732.365-56,P1888,2025-04-15,2,184.55,3.8,369.1
C01044,968.827.697-96,P0852,2026-03-22,3,352.0,3.2,1056.0
C01423,375.243.106-76,P0345,2026-03-18,1,213.68,5.0,213.68
C01209,050.506.138-41,P0209,2025-02-01,1,137.3,4.2,137.3
C01008,610.089.876-46,P1572,2025-04-01,1,71.4,4.3,71.4
C00152,278.248.963-15,P013,2025-09-13,2,49.9,4.1,99.8
C01810,165.790.552-78,P1436,2026-04-30,4,137.02,4.6,548.08
C01777,045.238.885-66,P0382,2026-08-29,2,303.6,5.0,607.2
C00369,816.184.959-50,P014,2025-06-17,4,129.9,4.2,519.6
C00587,140.849.932-04,P0509,2026-06-08,3,296.55,3.1,889.65
C01947,087.601.467-88,P1416,2025-07-11,1,276.85,3.5,276.85
C00643,182.744.857-18,P0622,2025-04-02,4,135.71,2.7,542.84
C01625,129.087.814-50,P1209,2025-01-24,3,270.86,5.0,812.58
C01572,724.825.135-61,P1641,2025-08-18,2,364.81,4.4,729.62
C01722,229.712.529-14,P0074,2026-06-03,2,358.51,4.8,717.02
C00033,350.305.641-60,P010,2025-04-18,2,99.9,4.4,199.8
C00966,312.172.715-03,P0889,2026-04-10,1,244.52,4.2,244.52
C01132,212.499.856-09,P0306,2025-05-19,3,72.43,4.9,217.29
C01675,451.713.395-89,P1783,2025-10-09,1,386.56,3.9,386.56
C00449,475.255.341-44,P004,2025-08-24,1,169.9,3.9,169.9
C00614,120.047.113-02,P0316,2026-01-03,1,268.36,3.9,268.36
C00360,310.341.316-56,P013,2025-10-20,1,49.9,3.6,49.9
C01524,060.717.481-19,P0640,2025-08-12,4,91.58,4.0,366.32
C01998,529.113.717-71,P1763,2025-01-11,4,97.51,3.8,390.04
C00281,350.305.641-60,P005,2025-12-03,4,229.9,4.5,919.6
C00467,039.117.182-84,P012,2025-12-10,2,299.9,3.6,599.8
C00615,231.164.913-21,P1368,2026-04-02,1,347.59,4.3,347.59
C01779,026.542.351-14,P0197,2026-06-02,1,315.11,5.0,315.11
C00892,213.074.235-15,P1741,2025-06-24,1,314.29,3.3,314.29
C00564,876.329.092-81,P0812,2025-12-03,3,375.61,3.8,1126.83
C00645,339.439.457-07,P0034,2025-12-24,1,270.33,4.1,270.33
C01197,824.967.183-06,P0401,2025-07-17,3,316.42,4.0,949.26
C00775,842.694.500-70,P0249,2025-08-17,1,354.48,3.4,354.48
C00281,350.305.641-60,P005,2025-12-03,4,229.9,4.5,919.6
C01641,660.965.699-19,P1497,2025-07-20,2,369.08,3.2,738.16
C00845,214.477.324-64,P1261,2026-03-02,4,281.13,4.9,1124.52
C00514,828.503.172-17,P0302,2025-03-26,1,218.53,3.7,218.53
C01457,130.232.129-37,P0818,2025-07-14,1,284.97,5.0,284.97
C01491,956.544.209-92,P0637,2025-05-12,2,262.81,4.4,525.62
C00311,627.048.281-05,P010,2025-10-02,1,99.9,3.9,99.9
C00148,627.048.281-05,P005,2025-12-06,4,229.9,5.0,919.6
C00091,269.166.978-57,P005,2025-02-11,2,229.9,4.7,459.8
C01532,491.165.020-60,P1759,2026-05-08,2,59.73,4.0,119.46
C01252,160.204.181-46,P1613,2026-05-10,3,294.18,3.9,882.54
C01585,694.320.293-60,P1983,2026-08-29,3,84.25,4.5,252.75
C01253,157.184.090-72,P0347,2026-04-29,2,251.36,3.9,502.72
C00804,156.277.963-08,P1747,2025-05-30,1,62.69,3.1,62.69
C01180,869.996.988-05,P0825,2025-09-09,2,301.41,4.4,602.82
C01445,491.507.628-85,P1874,2025-02-11,1,116.73,4.0,116.73
C00798,353.693.785-33,P0345,2026-02-09,1,213.68,5.0,213.68
C01831,278.532.426-97,P1983,2025-09-02,2,84.25,4.3,168.5
C01800,341.638.944-11,P1382,2025-05-28,1,78.71,4.4,78.71
C01602,143.643.813-65,P0407,2025-07-11,2,399.89,4.8,799.78
C01985,878.844.344-23,P1016,2026-07-26,1,269.89,3.3,269.89
C00781,944.171.545-03,P1349,2025-05-24,4,241.56,3.7,966.24
C00229,095.701.543-73,P012,2025-04-21,1,299.9,4.9,299.9
C00969,793.036.149-76,P1831,2025-03-14,2,77.46,4.6,154.92
C01492,127.238.046-74,P1310,2026-06-24,1,334.06,5.0,334.06
C01559,822.104.016-90,P1392,2026-02-20,2,48.57,4.5,97.14
C00778,385.179.937-21,P0649,2026-04-19,2,165.53,3.8,331.06
C00586,536.170.617-53,P0358,2025-07-22,1,249.92,4.6,249.92
C00891,406.557.820-52,P1781,2025-04-23,1,298.39,2.9,298.39
C01608,336.998.795-34,P0362,2025-04-16,5,275.47,4.3,1377.35
C00122,960.013.389-14,P009,2025-05-30,2,119.9,3.9,239.8
C00657,296.386.396-95,P1066,2025-11-14,1,372.95,4.1,372.95
C00460,269.166.978-57,P003,2025-06-03,1,149.9,4.5,149.9
C01612,654.610.339-70,P1894,2026-02-08,1,367.78,3.9,367.78
C00940,814.356.140-20,P0049,2025-06-26,2,181.55,4.8,363.1
C00174,095.701.543-73,P001,2025-11-13,1,59.9,4.2,59.9
C00524,214.477.324-64,P0028,2025-09-01,4,191.23,3.7,764.92
C00089,480.184.514-27,P003,2025-01-26,1,149.9,4.4,149.9
C00952,019.179.202-02,P0664,2025-06-20,2,161.91,3.3,323.82
C01996,516.994.970-79,P0225,2026-02-25,2,87.25,4.7,174.5
C01135,005.329.318-58,P1948,2026-01-07,1,127.94,4.0,127.94
C01739,116.318.732-10,P1570,2026-05-22,2,73.81,4.7,147.62
C01486,145.593.766-54,P1064,2025-12-07,2,104.9,4.8,209.8
C01766,989.413.435-18,P0957,2025-12-30,1,250.31,5.0,250.31
C00623,947.950.740-46,P0791,2026-06-20,1,318.71,3.4,318.71
C01903,792.234.103-20,P1597,2025-09-24,2,331.04,4.6,662.08
C00478,475.255.341-44,P008,2025-10-09,2,219.9,4.9,439.8
C00877,707.139.848-80,P015,2026-05-23,5,89.9,3.8,449.5
C01363,699.586.693-23,P1228,2026-03-01,2,307.72,3.7,615.44
C00574,223.105.927-49,P0825,2026-07-31,1,301.41,4.0,301.41
C00529,740.903.802-00,P0701,2026-04-17,2,145.0,4.1,290.0
C00261,039.117.182-84,P007,2025-09-26,1,139.9,4.9,139.9
C00009,269.166.978-57,P006,2025-08-05,1,189.9,4.9,189.9
C01003,398.863.653-31,P0191,2025-07-12,3,260.09,3.9,780.27
C01974,418.938.984-66,P1190,2025-04-16,1,214.81,4.5,214.81
C00441,238.849.696-92,P012,2025-02-02,2,299.9,5.0,599.8
C00881,824.224.124-40,P1426,2025-08-14,4,162.8,4.0,651.2
C01872,706.540.515-00,P1726,2025-09-18,2,45.91,5.0,91.82
C01545,970.581.629-80,P1146,2025-08-19,2,337.09,3.7,674.18
C00009,269.166.978-57,P006,2025-08-05,1,189.9,4.9,189.9
C01002,148.468.536-91,P0232,2026-01-11,2,198.15,4.9,396.3
C00287,489.325.288-70,P006,2025-01-10,1,189.9,4.9,189.9
C00495,816.184.959-50,P002,2025-09-13,3,79.9,4.0,239.7
C00493,083.863.794-99,P011,2025-11-29,3,249.9,5.0,749.7
C01225,980.061.558-01,P1930,2026-04-07,1,79.21,4.5,79.21
C00398,310.341.316-56,P004,2025-05-23,2,169.9,3.5,339.8
C00504,912.896.599-07,P1949,2026-04-29,2,294.25,4.2,588.5
C00452,960.013.389-14,P004,2025-01-23,1,169.9,3.8,169.9
C00714,920.613.638-06,P1404,2026-02-20,1,127.18,4.6,127.18
C01313,646.136.847-73,P1420,2025-08-01,1,192.94,3.6,192.94
C00800,378.613.715-30,P0664,2025-11-24,1,161.91,3.7,161.91
C00656,268.424.508-88,P1727,2025-08-31,2,213.01,3.0,426.02
C01036,472.197.054-41,P0376,2025-05-28,1,68.31,3.8,68.31
C01231,948.963.406-98,P1786,2026-04-20,4,223.02,3.0,892.08
C00031,350.305.641-60,P015,2025-12-06,1,89.9,4.4,89.9
C01781,657.569.245-15,P0310,2026-06-26,2,341.69,4.6,683.38
C01833,709.085.991-61,P1828,2026-01-23,2,389.4,4.0,778.8
C01206,045.069.176-42,P1535,2025-07-02,1,119.91,3.9,119.91
C01150,289.023.303-03,P1418,2025-07-10,3,48.75,3.7,146.25
C01390,678.274.117-20,P1489,2025-12-26,3,338.86,4.1,1016.58
C00882,390.409.074-71,P0433,2025-12-28,2,244.31,3.5,488.62
C00732,264.222.975-05,P1437,2025-04-22,1,270.1,4.3,270.1
C00706,120.122.759-31,P1757,2026-06-22,1,307.01,5.0,307.01
C00320,627.048.281-05,P011,2025-04-04,3,249.9,4.1,749.7
C01683,195.535.603-34,P1050,2025-04-28,1,239.24,4.6,239.24
C00642,424.936.312-00,P0094,2025-08-01,2,363.41,4.9,726.82
C00569,734.764.273-66,P1709,2025-11-27,4,323.42,4.9,1293.68
C01929,856.218.501-90,P0553,2025-07-21,1,239.15,4.9,239.15
C01014,245.933.441-90,P0910,2026-07-26,1,52.28,4.9,52.28
C01244,176.539.705-75,P1863,2025-02-17,2,214.05,4.2,428.1
C00491,238.849.696-92,P005,2025-07-23,1,229.9,5.0,229.9
C00556,033.092.327-78,P1284,2025-03-09,2,153.63,3.5,307.26
C01457,130.232.129-37,P0818,2025-07-14,1,284.97,5.0,284.97
C00902,302.992.280-45,P1688,2025-08-04,5,148.42,4.3,742.1
C00296,039.117.182-84,P008,2025-08-25,3,219.9,4.9,659.7
C01672,087.612.385-03,P0555,2026-06-23,2,348.23,3.0,696.46
C00806,525.459.910-31,P0151,2026-04-12,1,212.86,5.0,212.86
C01337,911.289.812-03,P0826,2025-11-01,1,370.57,4.0,370.57
C00683,503.250.173-52,P0464,2025-04-23,1,48.25,4.1,48.25
C01122,916.503.440-66,P0664,2026-07-31,2,161.91,3.6,323.82
C01552,681.820.967-07,P1181,2026-05-20,1,170.96,4.4,170.96
C01771,289.413.475-48,P0190,2025-12-22,4,175.57,4.2,702.28
C00415,816.184.959-50,P015,2025-05-29,3,89.9,4.7,269.7
C01345,119.393.250-56,P1260,2025-10-23,3,380.09,3.8,1140.27
C01830,775.965.555-00,P1240,2025-08-31,1,214.63,4.7,214.63
C01286,777.809.733-87,P0481,2026-03-22,2,384.85,3.7,769.7
C00287,489.325.288-70,P006,2025-01-10,1,189.9,4.9,189.9
C00380,238.849.696-92,P013,2025-03-15,1,49.9,3.5,49.9
C00406,026.542.351-14,P010,2025-10-28,1,99.9,4.1,99.9
C00213,278.248.963-15,P001,2025-01-26,3,59.9,4.5,179.7
C01508,615.717.320-39,P1908,2025-07-29,1,202.44,3.8,202.44
C01931,705.184.390-70,P1926,2025-03-10,3,54.95,3.1,164.85
C01034,759.025.176-30,P1477,2025-07-04,3,276.36,2.7,829.08
C01198,530.281.650-40,P0298,2025-08-30,1,127.51,4.1,127.51
C01548,894.184.336-72,P1512,2025-09-22,2,116.81,4.1,233.62
C00832,447.146.273-33,P0936,2026-08-10,3,195.04,3.1,585.12
C00945,042.359.737-03,P1205,2025-03-16,2,263.84,4.8,527.68
C01179,736.026.064-73,P0047,2025-10-15,1,147.8,5.0,147.8
C00610,168.601.347-71,P0247,2026-07-04,1,203.38,4.5,203.38
C00124,627.048.281-05,P008,2025-06-24,1,219.9,4.3,219.9
C01136,997.273.677-63,P1400,2025-06-22,1,388.08,4.5,388.08
C01645,805.891.135-69,P1271,2026-06-11,1,299.27,4.2,299.27
C00147,395.376.724-09,P006,2025-12-10,1,189.9,5.0,189.9
C00434,026.542.351-14,P001,2025-10-08,4,59.9,5.0,239.6
C00526,923.234.210-34,P1449,2025-09-23,1,149.73,4.1,149.73
C01610,973.597.107-07,P0835,2026-08-19,2,125.83,4.2,251.66
C01010,875.721.586-33,P1639,2026-06-06,2,122.73,4.2,245.46
C01069,423.227.752-82,P1709,2026-02-04,2,323.42,3.8,646.84
C01291,982.173.929-60,P0739,2026-06-07,1,167.65,3.7,167.65
C00554,895.400.178-58,P0554,2025-10-28,2,378.3,5.0,756.6
C01428,990.970.051-40,P1575,2025-06-04,2,97.94,5.0,195.88
C00061,350.305.641-60,P007,2025-10-08,3,139.9,4.3,419.7
C00228,026.542.351-14,P013,2025-12-26,1,49.9,4.1,49.9
C01632,526.547.935-08,P0225,2026-08-26,1,87.25,4.0,87.25
C01317,617.357.438-10,P1093,2025-03-26,1,74.32,3.9,74.32
C00353,960.013.389-14,P014,2025-03-05,2,129.9,4.2,259.8
C00878,497.567.922-13,P0576,2026-08-09,3,190.63,3.8,571.89
C00104,269.166.978-57,P003,2025-09-25,4,149.9,4.0,599.6
C01344,435.811.288-96,P0605,2025-09-21,2,354.74,4.3,709.48
C01512,971.509.688-30,P0338,2025-01-26,1,87.87,4.1,87.87
C00557,655.866.525-52,P0859,2025-08-22,1,198.74,4.3,198.74
C00701,569.816.934-96,P0142,2025-09-26,1,313.6,4.1,313.6
C00474,395.376.724-09,P015,2025-04-15,1,89.9,3.3,89.9
C00779,767.199.038-88,P0890,2025-09-07,1,238.3,4.0,238.3
C00545,142.573.160-04,P1951,2026-04-27,3,69.22,3.3,207.66
C00495,816.184.959-50,P002,2025-09-13,3,79.9,4.0,239.7
C00861,114.983.074-34,P0139,2025-11-13,3,195.23,5.0,585.69
C01719,734.151.773-51,P0192,2026-04-13,2,156.42,4.5,312.84
C01526,580.305.690-17,P0942,2025-01-19,2,186.25,3.7,372.5
C00595,825.952.694-88,P0669,2026-05-15,3,119.87,4.5,359.61
C01886,267.146.283-23,P1321,2025-09-08,2,297.44,4.0,594.88
C00421,816.184.959-50,P010,2025-11-24,3,99.9,4.5,299.7
C01822,477.695.874-09,P006,2025-09-27,3,189.9,5.0,569.7
C00619,813.190.924-70,P1568,2025-04-09,1,177.89,4.1,177.89
C01081,216.376.182-71,P1870,2025-08-20,1,322.77,4.2,322.77
C00407,960.013.389-14,P011,2025-09-29,1,249.9,4.6,249.9
C01525,824.967.183-06,P1634,2025-11-14,2,244.63,3.3,489.26
C00636,287.431.527-32,P0761,2026-07-16,2,396.68,4.0,793.36
C01746,515.093.983-84,P1660,2025-05-28,1,190.68,3.8,190.68
C00166,269.166.978-57,P001,2025-06-12,2,59.9,4.9,119.8
C01005,346.729.949-02,P1617,2026-02-09,3,150.97,4.0,452.91
C00318,395.376.724-09,P003,2025-01-23,1,149.9,4.0,149.9
C01778,330.800.370-81,P1417,2026-07-16,1,236.01,3.8,236.01
C00835,638.318.285-47,P0865,2026-03-13,3,249.97,4.1,749.91
C01349,773.126.881-01,P0307,2025-01-17,3,274.14,4.0,822.42
C01759,468.105.485-21,P1197,2025-11-30,2,257.82,4.2,515.64
C01072,686.334.141-71,P0587,2025-03-23,3,290.15,4.5,870.45
C00115,095.701.543-73,P009,2025-06-26,1,119.9,4.0,119.9
C00442,627.048.281-05,P001,2025-05-27,1,59.9,4.9,59.9
C00426,960.013.389-14,P011,2025-03-02,2,249.9,4.0,499.8
C01829,310.094.318-03,P0780,2026-01-23,1,326.24,3.3,326.24
C01817,970.581.629-80,P0662,2026-06-01,1,244.32,3.6,244.32
C00954,354.083.866-00,P0820,2025-01-27,1,56.84,4.3,56.84
C01781,657.569.245-15,P0310,2026-06-26,2,341.69,4.6,683.38
C00493,083.863.794-99,P011,2025-11-29,3,249.9,5.0,749.7
C01359,809.521.755-76,P0624,2026-07-26,2,68.76,3.8,137.52
C00784,088.948.018-45,P0780,2026-08-05,2,326.24,3.7,652.48
C00481,095.701.543-73,P008,2025-04-05,4,219.9,3.7,879.6
C00501,889.937.567-40,P1948,2025-09-13,1,127.94,4.8,127.94
C00840,033.092.327-78,P009,2025-12-06,2,119.9,3.8,239.8
C00680,114.983.074-34,P0328,2026-07-04,4,344.41,4.4,1377.64
C00423,161.559.407-89,P008,2025-06-15,4,219.9,4.7,879.6
C00669,509.754.510-90,P1523,2025-04-15,1,356.88,3.6,356.88
C00258,269.166.978-57,P005,2025-02-28,1,229.9,4.4,229.9
C01940,537.599.004-02,P1970,2025-07-14,2,150.3,3.4,300.6
C00760,934.065.277-01,P1367,2025-03-17,2,259.28,4.9,518.56
C00215,095.701.543-73,P004,2025-10-28,1,169.9,4.4,169.9
C01152,663.439.252-87,P0238,2025-03-30,1,306.67,4.0,306.67
C01767,459.011.079-26,P0396,2025-09-17,1,63.63,5.0,63.63
C00720,376.769.459-09,P0517,2026-02-20,1,75.35,5.0,75.35
C01691,328.980.271-03,P0615,2026-04-08,2,54.82,3.7,109.64
C01222,264.647.154-88,P1407,2026-04-01,2,361.79,3.8,723.58
C01479,908.984.369-82,P1395,2026-05-09,2,344.11,4.8,688.22
C00593,120.047.113-02,P0323,2025-12-22,1,188.13,5.0,188.13
C00074,489.325.288-70,P007,2025-10-08,1,139.9,4.0,139.9
C00692,464.083.037-81,P1371,2025-09-26,1,320.82,4.3,320.82
C01849,228.225.120-27,P1204,2025-10-13,1,85.85,2.9,85.85
C01582,990.767.699-31,P0697,2026-07-18,2,282.15,3.3,564.3
C01569,018.596.263-78,P0782,2026-08-10,2,277.67,3.9,555.34
C01757,140.049.388-99,P1448,2025-12-01,5,397.79,4.0,1988.95
C00747,532.871.012-69,P0882,2026-07-27,1,89.1,3.9,89.1
C00645,339.439.457-07,P0034,2025-12-24,1,270.33,4.1,270.33
C01851,682.509.522-60,P0101,2025-05-20,1,277.7,3.9,277.7
C01144,190.340.438-00,P0182,2025-11-29,3,74.09,4.4,222.27
C00596,981.829.922-14,P1452,2026-05-26,1,272.44,3.8,272.44
C00557,655.866.525-52,P0859,2025-08-22,1,198.74,4.3,198.74
C01755,868.034.764-72,P1585,2026-02-01,1,230.84,4.3,230.84
C00107,083.863.794-99,P005,2025-08-19,1,229.9,4.1,229.9
C00124,627.048.281-05,P008,2025-06-24,1,219.9,4.3,219.9
C01476,661.825.128-14,P1486,2025-03-18,3,291.37,4.6,874.11
C00003,475.255.341-44,P004,2025-02-02,1,169.9,3.8,169.9
C00343,395.376.724-09,P011,2025-06-27,2,249.9,4.2,499.8
C01982,724.380.701-10,P1486,2025-07-15,2,291.37,4.1,582.74
C00852,543.173.505-56,P1018,2025-07-23,1,193.39,3.6,193.39
C01456,740.148.902-36,P0174,2026-07-08,2,160.94,4.1,321.88
C00975,132.176.720-03,P1986,2026-01-12,2,286.29,3.9,572.58
C00182,480.184.514-27,P015,2025-05-28,2,89.9,3.3,179.8
C00369,816.184.959-50,P014,2025-06-17,4,129.9,4.2,519.6
C01523,013.290.227-34,P0029,2025-05-01,1,81.4,5.0,81.4
C00190,278.248.963-15,P005,2025-12-14,3,229.9,5.0,689.7
C01190,477.695.874-09,P1722,2025-11-29,2,202.28,4.9,404.56
C00697,436.585.856-41,P0912,2025-01-03,2,336.38,4.7,672.76
C00741,014.188.421-50,P1624,2025-12-24,3,142.5,3.0,427.5
C01905,957.443.034-05,P0219,2025-03-14,2,133.88,4.0,267.76
C01212,479.473.864-12,P0700,2025-09-22,2,192.14,4.3,384.28
C01231,948.963.406-98,P1786,2026-04-20,4,223.02,3.0,892.08
C00701,569.816.934-96,P0142,2025-09-26,1,313.6,4.1,313.6
C00763,223.253.672-66,P0168,2025-08-25,4,376.61,4.9,1506.44
C01372,817.932.302-18,P0392,2026-03-30,2,322.65,5.0,645.3
C00078,395.376.724-09,P015,2025-10-04,1,89.9,4.4,89.9
C00475,269.166.978-57,P001,2025-10-16,3,59.9,4.5,179.7
C01201,245.759.833-81,P1933,2026-02-07,1,147.31,3.4,147.31
C01248,065.379.473-83,P1950,2026-08-03,2,161.89,4.4,323.78
C00185,350.305.641-60,P004,2025-07-16,3,169.9,4.4,509.7
C01576,885.652.715-44,P0213,2026-03-31,3,339.93,3.5,1019.79
C01086,900.287.721-80,P0356,2026-04-09,4,253.94,4.9,1015.76
C00476,095.701.543-73,P015,2025-10-27,2,89.9,4.0,179.8
C01504,068.212.235-13,P0985,2025-09-27,1,234.58,4.7,234.58
C01982,724.380.701-10,P1486,2025-07-15,2,291.37,4.1,582.74
C00848,325.250.029-97,P1427,2025-02-19,1,340.84,4.5,340.84
C00567,287.923.264-39,P0446,2025-10-07,2,293.19,3.9,586.38
C00599,396.136.749-34,P1939,2025-03-14,1,184.45,4.8,184.45
C01186,700.518.449-15,P0611,2026-07-02,3,390.48,4.1,1171.44
C00095,026.542.351-14,P010,2025-04-22,2,99.9,4.2,199.8
C00967,058.366.834-84,P1953,2025-11-10,1,66.44,4.1,66.44
C00050,532.871.012-69,P011,2025-10-02,1,249.9,5.0,249.9
C00078,395.376.724-09,P015,2025-10-04,1,89.9,4.4,89.9
C00861,114.983.074-34,P0139,2025-11-13,3,195.23,5.0,585.69
C01492,127.238.046-74,P1310,2026-06-24,1,334.06,5.0,334.06
C01767,459.011.079-26,P0396,2025-09-17,1,63.63,5.0,63.63
C00176,026.542.351-14,P008,2025-03-27,2,219.9,4.7,439.8
C00489,269.166.978-57,P013,2025-04-02,1,49.9,4.1,49.9
C00844,621.182.339-81,P0197,2026-02-22,1,315.11,4.7,315.11
C01149,055.143.776-60,P1231,2026-03-19,2,232.35,4.6,464.7
C01975,081.974.005-55,P1649,2026-06-08,1,115.33,4.3,115.33
C01369,934.065.277-01,P1525,2025-11-30,3,42.96,3.9,128.88
C01077,298.315.229-40,P0260,2026-05-08,1,157.52,4.1,157.52
C00122,960.013.389-14,P009,2025-05-30,2,119.9,3.9,239.8
C00162,104.332.181-00,P005,2025-06-02,3,229.9,4.4,689.7
C00307,627.048.281-05,P008,2025-11-12,1,219.9,4.6,219.9
C01322,911.838.425-03,P1107,2026-01-14,3,332.97,4.3,998.91
C00663,861.634.212-56,P1160,2025-11-18,2,321.67,5.0,643.34
C00482,960.013.389-14,P009,2025-01-18,3,119.9,3.8,359.7
C01341,563.268.685-05,P0474,2025-11-14,1,115.45,4.0,115.45
C01631,165.585.239-65,P1890,2026-08-07,3,253.86,4.7,761.58
C00879,817.852.282-93,P1238,2026-08-15,2,47.19,3.7,94.38
C01764,597.779.014-70,P1335,2025-08-08,1,70.57,4.0,70.57
C01469,734.151.773-51,P0017,2025-08-22,1,299.42,4.4,299.42
C01433,374.529.912-49,P0736,2025-04-02,1,336.15,4.8,336.15
C01736,009.751.971-50,P0381,2026-05-08,1,101.36,5.0,101.36
C00368,532.871.012-69,P014,2025-11-12,1,129.9,4.5,129.9
C01517,063.519.036-29,P1049,2025-05-14,1,363.77,3.9,363.77
C01916,109.678.994-94,P1453,2025-05-28,3,140.95,4.1,422.85
C01985,878.844.344-23,P1016,2026-07-26,1,269.89,3.3,269.89
C01157,655.158.482-92,P0619,2025-07-12,1,357.93,3.0,357.93
C01509,921.277.997-20,P0438,2026-05-06,2,392.15,4.1,784.3
C01778,330.800.370-81,P1417,2026-07-16,1,236.01,3.8,236.01
C01705,993.607.984-10,P1867,2026-05-18,5,116.94,4.7,584.7
C01796,859.655.942-67,P0816,2026-02-28,1,255.71,3.9,255.71
C01665,213.125.129-70,P0287,2026-01-29,1,380.19,4.1,380.19
C00763,223.253.672-66,P0168,2025-08-25,4,376.61,4.9,1506.44
C01461,019.179.202-02,P1528,2025-10-30,3,234.91,4.7,704.73
C00821,403.526.356-73,P0895,2026-05-17,2,184.55,5.0,369.1
C01604,910.771.199-92,P1231,2025-10-11,1,232.35,4.5,232.35
C01621,889.536.902-50,P0975,2025-07-27,2,220.13,4.1,440.26
C01870,610.277.697-64,P0482,2025-05-08,1,230.74,3.7,230.74
C01177,499.261.891-05,P1955,2026-08-11,2,125.96,2.8,251.92
C00951,481.754.965-33,P1597,2026-07-28,1,331.04,4.7,331.04
C00332,960.013.389-14,P002,2025-12-10,2,79.9,4.5,159.8
C01277,812.099.576-71,P1698,2026-01-05,2,111.8,4.1,223.6
C01133,833.423.372-81,P0970,2025-09-26,1,51.11,4.0,51.11
C01030,268.171.516-43,P1471,2025-10-16,1,287.99,4.9,287.99
C01353,214.770.920-48,P0349,2025-10-19,2,105.9,4.2,211.8
C01703,993.160.875-70,P1591,2025-09-27,1,288.03,4.3,288.03
C00298,278.248.963-15,P003,2025-05-09,1,149.9,4.9,149.9
C00863,234.289.311-65,P1961,2025-10-30,1,135.01,3.6,135.01
C01445,491.507.628-85,P1874,2025-02-11,1,116.73,4.0,116.73
C01640,573.993.056-17,P1081,2026-06-28,2,372.72,4.0,745.44
C01557,471.960.940-69,P1337,2025-07-03,3,188.88,3.3,566.64
C01599,812.236.231-14,P1798,2025-12-24,1,198.48,4.4,198.48
C01711,087.612.385-03,P1819,2026-03-22,1,320.21,4.6,320.21
C01924,580.741.209-53,P0222,2025-03-29,1,275.21,4.3,275.21
C01217,387.592.712-56,P0576,2025-12-29,3,190.63,3.3,571.89
C00498,083.863.794-99,P011,2025-05-24,3,249.9,4.6,749.7
C01128,688.936.289-61,P1832,2025-03-18,2,138.02,4.2,276.04
C01420,317.912.868-28,P1854,2025-08-24,3,157.31,4.2,471.93
C00202,095.701.543-73,P006,2025-11-09,1,189.9,4.9,189.9
C01514,478.189.137-34,P0464,2026-07-10,1,48.25,3.6,48.25
C01089,024.286.990-40,P0963,2025-05-09,1,209.52,4.9,209.52
C01873,557.325.737-47,P0873,2025-06-02,2,329.96,4.3,659.92
C00424,480.184.514-27,P013,2025-05-17,4,49.9,3.9,199.6
C01814,269.608.437-82,P0845,2025-12-05,2,376.3,3.8,752.6
C00897,310.438.419-38,P0675,2026-08-05,2,245.55,4.3,491.1
C01148,247.073.920-91,P0537,2025-08-08,2,326.94,4.1,653.88
C01321,880.053.789-80,P0978,2026-01-30,1,300.88,3.9,300.88
C01159,719.182.619-38,P1051,2025-08-11,1,210.67,3.0,210.67
C01808,275.539.423-40,P1646,2026-01-15,2,98.61,4.4,197.22
C00335,238.849.696-92,P006,2025-07-16,4,189.9,5.0,759.6
C01460,053.161.177-94,P0990,2026-05-25,1,134.79,3.4,134.79
C01950,440.766.349-93,P0640,2025-11-17,1,91.58,3.9,91.58
C00441,238.849.696-92,P012,2025-02-02,2,299.9,5.0,599.8
C00511,776.655.868-80,P1141,2025-01-05,1,165.87,5.0,165.87
C00951,481.754.965-33,P1597,2026-07-28,1,331.04,4.7,331.04
C01450,018.596.263-78,P0590,2025-12-20,1,164.76,4.0,164.76
C01918,920.613.638-06,P1004,2025-10-30,3,223.87,3.8,671.61
C01592,659.116.655-65,P1268,2025-03-22,3,266.41,2.9,799.23
C01589,082.611.231-54,P1813,2025-12-26,2,255.79,4.5,511.58
C00883,348.389.359-86,P1808,2026-01-10,1,366.29,2.9,366.29
C01291,982.173.929-60,P0739,2026-06-07,1,167.65,3.7,167.65
C00423,161.559.407-89,P008,2025-06-15,4,219.9,4.7,879.6
C00927,337.389.877-38,P0581,2025-12-28,2,102.31,4.4,204.62
C00378,928.327.648-51,P014,2025-11-16,2,129.9,4.3,259.8
C00055,104.332.181-00,P009,2025-10-03,2,119.9,4.7,239.8
C01713,610.277.697-64,P0417,2026-05-11,3,195.4,5.0,586.2
C01610,973.597.107-07,P0835,2026-08-19,2,125.83,4.2,251.66
C01022,387.509.977-00,P0844,2026-04-10,2,297.88,4.2,595.76
C00029,238.849.696-92,P005,2025-03-22,1,229.9,4.3,229.9
C00181,480.184.514-27,P011,2025-05-11,2,249.9,4.1,499.8
C00224,026.542.351-14,P008,2025-12-31,4,219.9,4.4,879.6
C01435,159.996.504-61,P1063,2025-10-08,1,354.9,3.2,354.9
C00407,960.013.389-14,P011,2025-09-29,1,249.9,4.6,249.9
C00501,889.937.567-40,P1948,2025-09-13,1,127.94,4.8,127.94
C01723,748.969.083-84,P1119,2025-01-26,2,308.08,3.5,616.16
C01753,738.997.563-63,P0546,2025-05-21,2,126.75,4.0,253.5
C01527,706.056.641-45,P0453,2025-12-28,1,152.65,3.7,152.65
C00620,693.792.374-05,P1740,2026-06-10,2,233.59,3.9,467.18
C01160,788.178.847-07,P0394,2025-07-31,1,82.12,2.9,82.12
C00401,928.327.648-51,P005,2025-03-04,2,229.9,3.8,459.8
C01716,549.303.646-04,P0618,2025-02-22,2,162.41,4.6,324.82
C00170,480.184.514-27,P001,2025-03-15,1,59.9,4.7,59.9
C01489,215.632.135-32,P1029,2025-05-28,4,195.73,4.5,782.92
C01024,602.206.953-00,P1420,2025-06-09,3,192.94,4.6,578.82
C01515,837.606.441-04,P1436,2026-02-28,3,137.02,3.9,411.06
C00902,302.992.280-45,P1688,2025-08-04,5,148.42,4.3,742.1
C00317,083.863.794-99,P006,2025-05-04,2,189.9,4.3,379.8
C01503,800.025.787-43,P0263,2025-02-05,2,145.21,3.1,290.42
C01263,465.495.005-24,P1460,2025-04-16,1,144.56,4.6,144.56
C00930,602.562.650-20,P0435,2026-07-06,1,219.09,5.0,219.09
C00746,558.298.493-30,P1833,2025-02-04,2,54.63,3.6,109.26
C00688,787.112.166-97,P1789,2026-08-18,2,343.5,4.1,687.0
C00963,759.025.176-30,P1014,2025-09-25,3,111.34,3.6,334.02
C00524,214.477.324-64,P0028,2025-09-01,4,191.23,3.7,764.92
C00565,289.413.475-48,P0863,2025-01-14,4,199.14,5.0,796.56
C00557,655.866.525-52,P0859,2025-08-22,1,198.74,4.3,198.74
C00026,395.376.724-09,P015,2025-02-07,1,89.9,3.8,89.9
C01856,879.508.304-92,P0216,2026-02-15,1,56.43,3.5,56.43
C00474,395.376.724-09,P015,2025-04-15,1,89.9,3.3,89.9
C00331,480.184.514-27,P001,2025-06-30,2,59.9,3.9,119.8
C00303,104.332.181-00,P007,2025-01-28,1,139.9,4.1,139.9
C01977,794.620.726-39,P1592,2026-03-13,1,282.02,2.5,282.02
C00954,354.083.866-00,P0820,2025-01-27,1,56.84,4.3,56.84
C00654,956.544.209-92,P0701,2025-02-07,2,145.0,5.0,290.0
C00808,353.659.746-70,P0304,2026-03-18,1,184.24,4.8,184.24
C00177,104.332.181-00,P001,2025-06-16,3,59.9,4.4,179.7
C00628,881.056.974-16,P1554,2026-06-21,2,118.17,4.1,236.34
C00498,083.863.794-99,P011,2025-05-24,3,249.9,4.6,749.7
C01607,047.692.105-82,P003,2025-08-12,3,149.9,4.2,449.7
C00117,026.542.351-14,P012,2025-04-09,1,299.9,4.5,299.9
C00851,335.290.422-77,P1516,2025-11-10,4,118.32,3.9,473.28
C01581,777.296.656-38,P1674,2026-06-05,2,313.71,3.3,627.42
C01668,055.800.027-42,P1864,2025-10-22,1,208.49,4.2,208.49
C01026,616.556.503-43,P0318,2025-05-18,2,53.39,4.7,106.78
C00446,532.871.012-69,P009,2025-03-07,2,119.9,5.0,239.8
C00674,532.593.993-99,P0089,2026-08-17,2,396.84,4.5,793.68
C00445,095.701.543-73,P003,2025-12-01,3,149.9,5.0,449.7
C01325,818.063.565-11,P1622,2025-06-11,1,82.39,4.5,82.39
C00586,536.170.617-53,P0358,2025-07-22,1,249.92,4.6,249.92
C01262,546.156.793-27,P0854,2026-01-26,1,176.66,4.7,176.66
C01312,971.506.662-30,P1689,2026-07-11,2,360.37,3.9,720.74
C01880,346.729.949-02,P0365,2025-10-11,2,353.15,4.9,706.3
C00741,014.188.421-50,P1624,2025-12-24,3,142.5,3.0,427.5
C01923,364.027.011-81,P0106,2026-01-02,2,221.98,5.0,443.96
C00802,931.350.305-04,P1949,2026-08-08,1,294.25,4.6,294.25
C01362,290.018.513-04,P0188,2025-01-24,5,289.3,4.1,1446.5
C01324,400.273.008-54,P1491,2026-07-07,2,132.61,5.0,265.22
C01636,000.515.532-01,P1878,2025-03-09,2,390.61,5.0,781.22
C00939,069.409.600-82,P0885,2026-04-19,4,217.97,4.9,871.88
C01585,694.320.293-60,P1983,2026-08-29,3,84.25,4.5,252.75
C00711,924.632.037-90,P0874,2025-12-26,3,98.92,3.8,296.76
C00983,682.509.522-60,P0996,2026-01-11,3,271.59,4.7,814.77
C01000,057.798.066-16,P0786,2025-06-19,2,290.1,4.0,580.2
C01409,957.443.034-05,P1224,2025-06-16,1,168.68,3.4,168.68
C01237,676.720.957-06,P1726,2025-12-29,2,45.91,5.0,91.82
C00157,026.542.351-14,P008,2025-03-02,2,219.9,4.9,439.8
C01619,403.526.356-73,P0226,2025-12-02,3,214.12,3.9,642.36
C01517,063.519.036-29,P1049,2025-05-14,1,363.77,3.9,363.77
C00210,238.849.696-92,P009,2025-11-27,1,119.9,4.4,119.9
C01924,580.741.209-53,P0222,2025-03-29,1,275.21,4.3,275.21
C01322,911.838.425-03,P1107,2026-01-14,3,332.97,4.3,998.91
C00170,480.184.514-27,P001,2025-03-15,1,59.9,4.7,59.9
C00983,682.509.522-60,P0996,2026-01-11,3,271.59,4.7,814.77
C01673,374.549.904-28,P1700,2025-03-28,1,271.51,4.7,271.51
C00560,849.877.694-50,P1890,2025-03-28,1,253.86,4.5,253.86
C01866,740.148.902-36,P1109,2026-05-24,2,61.71,3.5,123.42
C00837,336.138.612-83,P0510,2025-09-18,3,350.4,4.4,1051.2
C00453,475.255.341-44,P009,2025-04-22,3,119.9,4.0,359.7
C00713,921.581.897-97,P1896,2025-03-31,1,212.62,4.2,212.62
C01050,331.537.795-20,P0738,2025-09-03,2,154.47,4.2,308.94
C01377,491.778.507-34,P0119,2026-06-08,1,98.78,4.0,98.78
C01856,879.508.304-92,P0216,2026-02-15,1,56.43,3.5,56.43
C00390,278.248.963-15,P013,2025-07-14,1,49.9,3.8,49.9
C01921,695.727.908-11,P0968,2025-02-21,1,290.58,4.0,290.58
C01056,166.123.740-12,P1656,2025-03-11,3,292.0,4.1,876.0
C00256,960.013.389-14,P007,2025-01-10,2,139.9,4.8,279.8
C01853,290.148.706-80,P0946,2026-05-23,3,102.31,4.5,306.93
C00699,945.101.622-86,P1526,2026-01-31,3,186.81,4.0,560.43
C01242,781.137.995-32,P0480,2026-07-19,2,158.22,4.5,316.44
C01397,920.522.299-22,P1570,2026-08-24,1,73.81,4.0,73.81
C00027,278.248.963-15,P010,2025-02-21,1,99.9,4.3,99.9
C00444,532.871.012-69,P008,2025-07-13,1,219.9,3.9,219.9
C01373,481.386.667-06,P0186,2026-07-07,2,205.73,3.5,411.46
C00650,932.133.480-74,P1604,2026-05-08,3,319.25,4.5,957.75
C00019,960.013.389-14,P010,2025-10-05,1,99.9,4.1,99.9
C00047,475.255.341-44,P004,2025-08-24,1,169.9,4.5,169.9
C01653,998.989.721-22,P1283,2025-01-06,1,329.87,5.0,329.87
C00308,161.559.407-89,P009,2025-11-08,2,119.9,4.2,239.8
C00201,238.849.696-92,P002,2025-12-12,1,79.9,5.0,79.9
C01125,865.890.260-92,P1146,2025-06-14,2,337.09,3.0,674.18
C00238,026.542.351-14,P006,2025-10-12,1,189.9,4.5,189.9
C01307,096.561.014-48,P0529,2025-12-30,1,98.22,5.0,98.22
C01089,024.286.990-40,P0963,2025-05-09,1,209.52,4.9,209.52
C01298,679.121.416-34,P1951,2025-02-03,1,69.22,4.7,69.22
C00984,341.232.812-06,P0350,2025-02-26,1,343.01,3.8,343.01
C01557,471.960.940-69,P1337,2025-07-03,3,188.88,3.3,566.64
C01290,175.207.167-08,P1664,2026-02-09,1,259.75,3.4,259.75
C00831,657.744.916-33,P1797,2025-07-22,2,303.09,4.2,606.18
C00031,350.305.641-60,P015,2025-12-06,1,89.9,4.4,89.9
C00547,217.223.320-00,P0984,2025-09-22,3,191.36,3.9,574.08
C00263,026.542.351-14,P009,2025-09-19,1,119.9,4.1,119.9
C00032,026.542.351-14,P012,2025-10-11,1,299.9,4.3,299.9
C00547,217.223.320-00,P0984,2025-09-22,3,191.36,3.9,574.08
C00414,960.013.389-14,P014,2025-07-23,3,129.9,3.4,389.7
C00154,627.048.281-05,P002,2025-01-15,5,79.9,4.0,399.5
C00625,563.268.685-05,P0182,2025-12-28,3,74.09,5.0,222.27
C01014,245.933.441-90,P0910,2026-07-26,1,52.28,4.9,52.28
C00357,816.184.959-50,P010,2025-10-25,1,99.9,3.8,99.9
C00547,217.223.320-00,P0984,2025-09-22,3,191.36,3.9,574.08
C00041,475.255.341-44,P011,2025-02-22,1,249.9,3.7,249.9
C00101,238.849.696-92,P009,2025-08-08,2,119.9,4.6,239.8
C00315,489.325.288-70,P009,2025-01-11,1,119.9,3.4,119.9
C00906,798.178.904-49,P1008,2025-07-15,2,198.29,4.4,396.58
C01333,556.383.000-40,P1552,2026-03-07,3,217.89,4.6,653.67
C01577,975.711.305-06,P1266,2026-05-16,1,96.02,3.9,96.02
C01260,496.112.879-17,P1383,2025-01-03,2,127.19,3.8,254.38
C01234,532.593.993-99,P1795,2025-12-30,1,100.56,4.4,100.56
C01872,706.540.515-00,P1726,2025-09-18,2,45.91,5.0,91.82
C00512,254.729.284-00,P0040,2025-11-16,1,51.79,4.5,51.79
C01597,370.096.873-66,P1146,2026-06-21,1,337.09,3.6,337.09
C01874,913.624.835-59,P0782,2026-08-23,2,277.67,3.5,555.34
C01136,997.273.677-63,P1400,2025-06-22,1,388.08,4.5,388.08
C01682,988.649.767-01,P0929,2025-10-29,1,348.17,3.9,348.17
C00276,083.863.794-99,P009,2025-11-27,1,119.9,2.9,119.9
C01758,787.112.166-97,P1016,2025-12-02,1,269.89,5.0,269.89
C01129,026.086.982-12,P0808,2025-03-10,1,277.53,3.7,277.53
C00444,532.871.012-69,P008,2025-07-13,1,219.9,3.9,219.9
C00124,627.048.281-05,P008,2025-06-24,1,219.9,4.3,219.9
C01440,455.877.169-02,P1722,2026-08-03,1,202.28,3.9,202.28
C00862,189.455.906-17,P1694,2026-01-12,1,323.3,4.1,323.3
C00621,629.613.671-40,P1075,2026-07-05,2,377.69,4.1,755.38
C00781,944.171.545-03,P1349,2025-05-24,4,241.56,3.7,966.24
C01983,620.959.351-87,P0653,2026-04-24,1,331.09,3.7,331.09
C00856,091.843.579-08,P0949,2025-02-11,2,317.16,4.1,634.32
C00158,350.305.641-60,P009,2025-12-28,1,119.9,4.9,119.9
C00560,849.877.694-50,P1890,2025-03-28,1,253.86,4.5,253.86
C00291,278.248.963-15,P003,2025-11-02,1,149.9,5.0,149.9
C01372,817.932.302-18,P0392,2026-03-30,2,322.65,5.0,645.3
C01601,079.334.960-59,P015,2025-08-10,1,89.9,4.4,89.9
C01682,988.649.767-01,P0929,2025-10-29,1,348.17,3.9,348.17
C01266,453.198.074-30,P1789,2026-06-13,2,343.5,5.0,687.0
C01538,998.989.721-22,P0067,2025-07-06,1,320.26,4.2,320.26
C00835,638.318.285-47,P0865,2026-03-13,3,249.97,4.1,749.91
C01256,943.325.623-99,P0850,2026-04-29,1,254.19,3.9,254.19
C00214,039.117.182-84,P004,2025-02-05,3,169.9,4.3,509.7
C01077,298.315.229-40,P0260,2026-05-08,1,157.52,4.1,157.52
C01115,292.087.510-82,P0424,2025-07-22,1,152.07,4.4,152.07
C00063,480.184.514-27,P008,2025-12-12,1,219.9,3.3,219.9
C01097,981.987.809-80,P1101,2026-01-04,4,250.01,5.0,1000.04
C01446,646.225.179-49,P0998,2025-05-27,1,369.45,3.9,369.45
C00736,432.830.965-03,P1196,2026-01-31,1,40.36,4.5,40.36
C01090,361.128.497-12,P1590,2025-06-24,1,260.91,3.3,260.91
C00573,344.300.910-72,P1520,2025-08-30,1,154.31,4.7,154.31
C00542,901.495.427-12,P0613,2025-06-12,3,292.05,4.9,876.15
C00259,395.376.724-09,P003,2025-11-13,2,149.9,4.4,299.8
C00656,268.424.508-88,P1727,2025-08-31,2,213.01,3.0,426.02
C01607,047.692.105-82,P003,2025-08-12,3,149.9,4.2,449.7
C01872,706.540.515-00,P1726,2025-09-18,2,45.91,5.0,91.82
C01272,884.422.583-29,P0322,2025-02-01,2,311.69,4.2,623.38
C01249,095.493.059-29,P0618,2025-10-23,1,162.41,5.0,162.41
C01228,754.661.766-99,P0068,2025-09-23,1,348.95,4.9,348.95
C00952,019.179.202-02,P0664,2025-06-20,2,161.91,3.3,323.82
C00847,471.959.796-36,P1451,2025-09-08,1,235.29,3.8,235.29
C01242,781.137.995-32,P0480,2026-07-19,2,158.22,4.5,316.44
C01569,018.596.263-78,P0782,2026-08-10,2,277.67,3.9,555.34
C00828,536.822.239-40,P0027,2025-09-04,1,205.64,4.5,205.64
C01132,212.499.856-09,P0306,2025-05-19,3,72.43,4.9,217.29
C00941,640.537.735-04,P0080,2025-08-02,1,295.77,4.5,295.77
C00572,216.591.438-88,P0511,2025-06-17,2,46.05,4.9,92.1
C00581,838.903.091-86,P1505,2026-01-08,1,298.5,4.1,298.5
C00158,350.305.641-60,P009,2025-12-28,1,119.9,4.9,119.9
C00880,723.875.082-11,P1811,2025-12-03,3,92.66,3.9,277.98
C01425,337.320.430-53,P1769,2025-08-24,2,244.63,3.9,489.26
C01372,817.932.302-18,P0392,2026-03-30,2,322.65,5.0,645.3
C01972,805.721.514-38,P1214,2026-03-21,1,247.16,4.9,247.16
C00080,269.166.978-57,P006,2025-10-05,2,189.9,4.6,379.8
C01522,072.587.339-65,P0470,2026-03-26,2,76.07,4.1,152.14
C01591,826.832.303-54,P0911,2026-01-30,2,254.9,2.5,509.8
C00873,353.693.785-33,P0372,2025-07-26,2,383.47,5.0,766.94
C00566,299.737.631-90,P1800,2025-08-17,2,302.24,4.5,604.48
C00715,725.204.565-07,P1319,2025-04-07,1,174.61,3.8,174.61
C01366,132.719.500-32,P1669,2025-11-04,2,209.69,2.8,419.38
C01725,403.910.651-22,P0191,2025-07-29,1,260.09,2.9,260.09
C01286,777.809.733-87,P0481,2026-03-22,2,384.85,3.7,769.7
C01029,684.732.365-56,P1888,2025-04-15,2,184.55,3.8,369.1
C01306,854.329.876-86,P1230,2025-08-11,1,79.72,4.5,79.72
C00142,928.327.648-51,P001,2025-02-16,1,59.9,4.7,59.9
C01217,387.592.712-56,P0576,2025-12-29,3,190.63,3.3,571.89
C00085,475.255.341-44,P008,2025-04-23,1,219.9,3.9,219.9
C01919,586.833.901-01,P0470,2025-03-05,1,76.07,3.7,76.07
C01779,026.542.351-14,P0197,2026-06-02,1,315.11,5.0,315.11
C01017,189.455.906-17,P0200,2025-02-28,1,139.19,4.4,139.19
C00749,258.857.669-91,P0243,2026-02-02,2,90.28,5.0,180.56
C01465,435.864.496-15,P1696,2025-02-04,1,48.91,4.2,48.91
C01276,343.626.204-86,P0882,2025-08-09,3,89.1,4.6,267.3
C01411,333.021.260-85,P0036,2025-04-14,3,150.12,2.6,450.36
C01032,328.980.271-03,P0574,2025-09-11,1,264.33,4.2,264.33
C00473,627.048.281-05,P008,2025-02-20,3,219.9,4.2,659.7
C00147,395.376.724-09,P006,2025-12-10,1,189.9,5.0,189.9
C00567,287.923.264-39,P0446,2025-10-07,2,293.19,3.9,586.38
C01058,663.723.950-02,P0583,2025-03-06,1,54.57,5.0,54.57
C00849,121.461.476-01,P0665,2025-07-17,3,102.68,3.6,308.04
C01013,344.857.142-33,P0351,2025-12-31,2,101.96,3.6,203.92
C00556,033.092.327-78,P1284,2025-03-09,2,153.63,3.5,307.26
C01876,094.777.520-02,P1390,2026-05-05,1,236.5,5.0,236.5
C00734,227.026.728-17,P1489,2025-02-26,1,338.86,5.0,338.86
C01693,109.881.385-57,P0758,2025-05-01,3,148.3,4.9,444.9
C00782,450.119.292-56,P1615,2026-02-16,2,228.98,4.2,457.96
C00888,928.327.648-51,P1322,2026-08-20,1,234.62,4.6,234.62
C01208,837.455.084-83,P1440,2025-05-02,3,340.72,5.0,1022.16
C00527,091.843.579-08,P0688,2025-06-07,4,149.58,4.6,598.32
C00440,310.341.316-56,P010,2025-02-07,1,99.9,4.7,99.9
C00759,691.311.964-03,P0099,2025-04-24,1,203.42,5.0,203.42
C01609,082.611.231-54,P0094,2025-05-25,2,363.41,4.7,726.82
C00290,489.325.288-70,P001,2025-12-05,1,59.9,5.0,59.9
C00876,097.626.374-29,P0267,2025-08-21,2,134.22,4.2,268.44
C01345,119.393.250-56,P1260,2025-10-23,3,380.09,3.8,1140.27
C01413,981.265.742-83,P0153,2026-08-14,1,254.39,4.9,254.39
C00869,304.120.270-03,P0906,2025-04-17,1,246.42,3.6,246.42
C00163,039.117.182-84,P011,2025-09-08,3,249.9,4.1,749.7
C00032,026.542.351-14,P012,2025-10-11,1,299.9,4.3,299.9
C00940,814.356.140-20,P0049,2025-06-26,2,181.55,4.8,363.1
C01621,889.536.902-50,P0975,2025-07-27,2,220.13,4.1,440.26
C00057,395.376.724-09,P010,2025-06-10,2,99.9,4.9,199.8
C01775,257.532.603-65,P1706,2026-05-28,2,65.15,3.1,130.3
C01352,858.167.046-64,P0719,2025-07-10,1,102.49,4.7,102.49
C00017,480.184.514-27,P005,2025-08-05,2,229.9,4.6,459.8
C00688,787.112.166-97,P1789,2026-08-18,2,343.5,4.1,687.0
C00442,627.048.281-05,P001,2025-05-27,1,59.9,4.9,59.9
C01899,350.305.641-60,P2000,2026-07-04,3,284.24,4.7,852.72
C01110,106.092.098-09,P1180,2026-06-01,1,195.67,4.5,195.67
C00649,283.483.152-17,P1409,2026-08-30,2,285.02,3.9,570.04
C00557,655.866.525-52,P0859,2025-08-22,1,198.74,4.3,198.74
C01128,688.936.289-61,P1832,2025-03-18,2,138.02,4.2,276.04
C00011,026.542.351-14,P004,2025-04-09,1,169.9,3.7,169.9
C00515,998.989.721-22,P1482,2025-11-01,2,145.22,3.8,290.44
C00331,480.184.514-27,P001,2025-06-30,2,59.9,3.9,119.8
C01241,434.369.709-64,P1428,2025-07-08,1,237.56,5.0,237.56
C01339,882.211.457-42,P1390,2025-05-26,1,236.5,3.5,236.5
C00935,959.724.665-11,P1159,2025-05-26,2,324.56,3.5,649.12
C00281,350.305.641-60,P005,2025-12-03,4,229.9,4.5,919.6
C00742,567.983.631-99,P1733,2025-06-07,1,333.2,4.6,333.2
C01686,876.220.234-00,P0085,2026-02-27,3,333.32,4.5,999.96
C00408,395.376.724-09,P012,2025-08-30,1,299.9,4.7,299.9
C00327,627.048.281-05,P006,2025-09-23,1,189.9,5.0,189.9
C00224,026.542.351-14,P008,2025-12-31,4,219.9,4.4,879.6
C01634,021.923.785-99,P1434,2026-02-26,4,342.84,4.4,1371.36
C00240,278.248.963-15,P010,2025-12-12,2,99.9,3.2,199.8
C01164,290.018.513-04,P1867,2026-07-16,1,116.94,4.7,116.94
C01999,942.141.052-14,P1931,2025-02-01,1,285.32,4.8,285.32
C01284,090.255.618-53,P1539,2025-02-05,4,106.21,4.0,424.84
C00825,952.058.527-39,P1813,2025-04-28,1,255.79,4.3,255.79
C00414,960.013.389-14,P014,2025-07-23,3,129.9,3.4,389.7
C00004,475.255.341-44,P001,2025-02-06,2,59.9,4.3,119.8
C00312,161.559.407-89,P005,2025-08-08,1,229.9,4.7,229.9
C01906,244.617.679-81,P1035,2025-04-27,3,224.8,3.8,674.4
C00288,627.048.281-05,P004,2025-04-26,5,169.9,4.4,849.5
C00040,960.013.389-14,P015,2025-07-03,1,89.9,4.2,89.9
C01633,235.426.874-21,P1067,2025-04-15,1,287.09,5.0,287.09
C00838,885.015.569-71,P0766,2025-04-12,3,332.05,4.1,996.15
C00714,920.613.638-06,P1404,2026-02-20,1,127.18,4.6,127.18
C01435,159.996.504-61,P1063,2025-10-08,1,354.9,3.2,354.9
C01047,850.506.413-57,P0228,2026-06-25,3,323.36,4.8,970.08
C01830,775.965.555-00,P1240,2025-08-31,1,214.63,4.7,214.63
C00936,250.583.334-65,P1942,2025-07-08,1,351.24,4.6,351.24
C01426,715.879.647-75,P1792,2025-03-02,2,311.22,3.7,622.44
C01758,787.112.166-97,P1016,2025-12-02,1,269.89,5.0,269.89
C00928,805.721.514-38,P0509,2025-12-15,1,296.55,3.5,296.55
C00569,734.764.273-66,P1709,2025-11-27,4,323.42,4.9,1293.68
C01949,507.251.786-12,P1945,2026-03-03,4,152.04,5.0,608.16
C00454,350.305.641-60,P004,2025-10-22,1,169.9,3.9,169.9
C00079,161.559.407-89,P004,2025-07-16,2,169.9,4.1,339.8
C01157,655.158.482-92,P0619,2025-07-12,1,357.93,3.0,357.93
C01974,418.938.984-66,P1190,2025-04-16,1,214.81,4.5,214.81
C00173,095.701.543-73,P007,2025-06-12,2,139.9,4.8,279.8
C01699,079.863.210-08,P1889,2025-04-19,3,172.39,4.5,517.17
C01661,258.896.792-28,P1399,2025-06-17,1,80.92,3.2,80.92
C01858,816.064.842-14,P0921,2026-07-31,2,318.67,4.9,637.34
C00844,621.182.339-81,P0197,2026-02-22,1,315.11,4.7,315.11
C00510,385.467.854-14,P0616,2026-07-09,1,111.28,4.4,111.28
C01025,929.880.858-54,P0303,2025-09-29,3,288.37,4.6,865.11
C00285,395.376.724-09,P014,2025-03-07,2,129.9,4.7,259.8
C01686,876.220.234-00,P0085,2026-02-27,3,333.32,4.5,999.96
C01327,541.643.167-99,P0406,2026-03-15,4,147.97,5.0,591.88
C00967,058.366.834-84,P1953,2025-11-10,1,66.44,4.1,66.44
C01032,328.980.271-03,P0574,2025-09-11,1,264.33,4.2,264.33
C01425,337.320.430-53,P1769,2025-08-24,2,244.63,3.9,489.26
C01047,850.506.413-57,P0228,2026-06-25,3,323.36,4.8,970.08
C01680,171.236.851-64,P0500,2025-12-03,4,361.97,4.8,1447.88
C01850,289.413.475-48,P1730,2025-02-20,1,74.28,3.8,74.28
C01900,223.105.927-49,P0646,2026-08-17,1,348.56,3.7,348.56
C01241,434.369.709-64,P1428,2025-07-08,1,237.56,5.0,237.56
C01486,145.593.766-54,P1064,2025-12-07,2,104.9,4.8,209.8
C00623,947.950.740-46,P0791,2026-06-20,1,318.71,3.4,318.71
C00077,475.255.341-44,P005,2025-08-14,1,229.9,4.6,229.9
C00801,401.484.399-85,P0706,2026-08-05,2,261.99,4.5,523.98
C01744,045.025.896-32,P0627,2026-08-06,4,312.4,3.1,1249.6
C00267,480.184.514-27,P011,2025-10-17,2,249.9,5.0,499.8
C01092,882.493.534-63,P1890,2025-02-12,1,253.86,4.2,253.86
C00385,489.325.288-70,P014,2025-09-18,2,129.9,4.2,259.8
C00859,056.420.456-01,P1644,2026-06-04,2,380.0,4.3,760.0
C00287,489.325.288-70,P006,2025-01-10,1,189.9,4.9,189.9
C01470,833.394.522-88,P0677,2025-10-06,2,150.8,3.8,301.6
C01621,889.536.902-50,P0975,2025-07-27,2,220.13,4.1,440.26
C01517,063.519.036-29,P1049,2025-05-14,1,363.77,3.9,363.77
C01410,337.312.552-94,P1539,2026-01-10,4,106.21,4.6,424.84
C00471,475.255.341-44,P009,2025-06-14,3,119.9,3.6,359.7
C01061,642.152.265-38,P1852,2025-02-18,2,211.21,3.9,422.42
C00210,238.849.696-92,P009,2025-11-27,1,119.9,4.4,119.9
C00749,258.857.669-91,P0243,2026-02-02,2,90.28,5.0,180.56
C01012,402.681.177-80,P1056,2026-02-15,1,79.52,4.1,79.52
C01337,911.289.812-03,P0826,2025-11-01,1,370.57,4.0,370.57
C00194,095.701.543-73,P015,2025-07-07,2,89.9,4.3,179.8
C01626,812.248.905-23,P1938,2025-07-07,3,255.31,3.6,765.93
C00918,210.202.758-98,P1871,2025-03-17,1,170.27,3.3,170.27
C01763,170.630.489-70,P1878,2026-05-06,2,390.61,4.2,781.22
C01055,809.969.308-68,P0109,2025-06-30,3,380.88,4.3,1142.64
C01095,020.586.950-54,P1186,2026-04-15,1,341.88,5.0,341.88
C01386,163.248.889-24,P1204,2025-10-10,1,85.85,3.0,85.85
C01640,573.993.056-17,P1081,2026-06-28,2,372.72,4.0,745.44
C00316,238.849.696-92,P005,2025-01-09,1,229.9,4.8,229.9
C01023,182.226.189-97,P1482,2025-10-09,1,145.22,5.0,145.22
C00060,532.871.012-69,P011,2025-03-31,2,249.9,5.0,499.8
C00950,276.365.564-56,P1047,2026-04-10,2,139.94,4.0,279.88
C01628,427.865.619-06,P0060,2026-04-27,1,61.93,4.3,61.93
C01731,847.457.054-92,P1147,2026-06-25,2,351.29,4.7,702.58
C00568,247.073.920-91,P0919,2025-09-06,1,102.04,4.4,102.04
C00773,080.815.712-48,P0279,2026-02-25,1,308.17,4.8,308.17
C01104,290.148.706-80,P1095,2026-03-10,3,150.33,4.0,450.99
C00792,707.057.836-93,P0657,2025-12-23,2,150.65,4.7,301.3
C00357,816.184.959-50,P010,2025-10-25,1,99.9,3.8,99.9
C00610,168.601.347-71,P0247,2026-07-04,1,203.38,4.5,203.38
C00809,287.431.527-32,P0214,2026-07-23,1,165.05,4.5,165.05
C01038,095.449.791-07,P0914,2026-06-15,4,76.41,3.8,305.64
C01842,472.727.423-05,P014,2026-07-05,1,129.9,4.3,129.9
C01090,361.128.497-12,P1590,2025-06-24,1,260.91,3.3,260.91
C00775,842.694.500-70,P0249,2025-08-17,1,354.48,3.4,354.48
C01321,880.053.789-80,P0978,2026-01-30,1,300.88,3.9,300.88
C01547,387.592.712-56,P1489,2026-01-06,2,338.86,4.4,677.72
C00862,189.455.906-17,P1694,2026-01-12,1,323.3,4.1,323.3
C00979,341.678.127-97,P0171,2025-01-19,1,348.71,4.5,348.71
C00436,026.542.351-14,P011,2025-04-16,2,249.9,5.0,499.8
C01730,455.574.696-13,P1148,2025-03-06,1,66.51,4.6,66.51
C01734,327.000.466-41,P1532,2025-01-09,1,276.61,4.7,276.61
C00350,395.376.724-09,P011,2025-02-07,1,249.9,4.4,249.9
C00693,617.357.438-10,P0161,2025-03-13,1,288.54,4.7,288.54
C00544,264.222.975-05,P1060,2026-08-12,2,147.41,4.5,294.82
C01846,346.060.560-02,P1614,2026-06-09,3,274.06,4.4,822.18
C00131,960.013.389-14,P010,2025-02-20,4,99.9,4.3,399.6
C00415,816.184.959-50,P015,2025-05-29,3,89.9,4.7,269.7
C00630,642.152.265-38,P1464,2026-07-22,1,102.85,4.9,102.85
C01121,642.361.032-06,P2000,2025-12-17,1,284.24,4.6,284.24
C00498,083.863.794-99,P011,2025-05-24,3,249.9,4.6,749.7
C01074,796.958.678-39,P1669,2025-06-21,2,209.69,4.3,419.38
C01495,111.457.683-26,P1135,2026-06-08,2,79.1,5.0,158.2
C01658,350.313.650-99,P1865,2025-01-04,1,137.23,4.7,137.23
C00199,532.871.012-69,P001,2025-05-16,2,59.9,3.9,119.8
C00278,238.849.696-92,P006,2025-05-25,1,189.9,4.7,189.9
C00191,161.559.407-89,P011,2025-02-19,4,249.9,4.4,999.6
C01820,776.657.546-94,P0460,2026-01-13,1,92.73,4.3,92.73
C01305,798.440.971-42,P0819,2026-02-22,4,160.6,2.9,642.4
C01063,187.683.160-03,P1276,2026-06-10,2,133.38,4.8,266.76
C01582,990.767.699-31,P0697,2026-07-18,2,282.15,3.3,564.3
C01173,473.597.746-59,P0464,2025-08-02,3,48.25,3.3,144.75
C00471,475.255.341-44,P009,2025-06-14,3,119.9,3.6,359.7
C01021,973.502.080-73,P0157,2026-08-14,1,118.0,3.7,118.0
C01407,344.389.982-04,P0887,2025-03-20,2,335.06,4.5,670.12
C00073,095.701.543-73,P010,2025-06-12,4,99.9,4.7,399.6
C01213,954.787.698-86,P0360,2025-09-10,1,159.97,5.0,159.97
C00995,189.455.906-17,P1270,2026-01-09,3,233.99,4.1,701.97
C00140,532.871.012-69,P005,2025-09-14,2,229.9,4.8,459.8
C00528,134.125.286-84,P0470,2026-06-29,1,76.07,4.8,76.07
C00898,481.754.965-33,P1518,2026-03-16,1,215.34,3.2,215.34
C00686,981.265.742-83,P1238,2025-03-29,1,47.19,4.4,47.19
C00581,838.903.091-86,P1505,2026-01-08,1,298.5,4.1,298.5
C01299,724.264.236-17,P0946,2025-09-22,2,102.31,4.5,204.62
C00809,287.431.527-32,P0214,2026-07-23,1,165.05,4.5,165.05
C00996,761.648.198-14,P1853,2025-12-08,3,363.14,3.7,1089.42
C01597,370.096.873-66,P1146,2026-06-21,1,337.09,3.6,337.09
C00187,350.305.641-60,P001,2025-12-04,1,59.9,5.0,59.9
C00720,376.769.459-09,P0517,2026-02-20,1,75.35,5.0,75.35
C00147,395.376.724-09,P006,2025-12-10,1,189.9,5.0,189.9
C01855,096.561.014-48,P1038,2025-04-13,3,291.56,4.3,874.68
C00372,475.255.341-44,P004,2025-10-26,1,169.9,4.4,169.9
C01640,573.993.056-17,P1081,2026-06-28,2,372.72,4.0,745.44
C00382,627.048.281-05,P009,2025-08-22,1,119.9,4.2,119.9
C00649,283.483.152-17,P1409,2026-08-30,2,285.02,3.9,570.04
C01217,387.592.712-56,P0576,2025-12-29,3,190.63,3.3,571.89
C01663,104.967.066-32,P0192,2025-12-01,4,156.42,4.3,625.68
C00356,350.305.641-60,P010,2025-10-01,1,99.9,4.1,99.9
C00427,816.184.959-50,P007,2025-12-18,2,139.9,5.0,279.8
C01764,597.779.014-70,P1335,2025-08-08,1,70.57,4.0,70.57
C00644,780.913.431-08,P1032,2025-05-31,3,168.33,4.0,504.99
C00420,350.305.641-60,P010,2025-12-12,3,99.9,4.2,299.7
C01488,029.233.451-69,P1590,2025-11-04,3,260.91,4.2,782.73
C00183,816.184.959-50,P002,2025-08-15,4,79.9,4.6,319.6
C01734,327.000.466-41,P1532,2025-01-09,1,276.61,4.7,276.61
C01752,348.629.857-77,P0373,2025-05-20,1,149.73,4.0,149.73
C01714,457.353.236-60,P1433,2026-07-28,3,232.28,3.6,696.84
C00591,278.687.653-21,P0313,2025-09-17,2,103.65,4.0,207.3
C00229,095.701.543-73,P012,2025-04-21,1,299.9,4.9,299.9
C00851,335.290.422-77,P1516,2025-11-10,4,118.32,3.9,473.28
C00670,152.910.867-50,P0378,2025-02-14,1,381.19,4.0,381.19
C01919,586.833.901-01,P0470,2025-03-05,1,76.07,3.7,76.07
C01264,491.165.020-60,P1194,2026-01-07,2,232.88,4.0,465.76
C01889,540.641.769-01,P1419,2026-05-10,2,372.65,3.4,745.3
C01502,447.012.045-60,P1238,2026-02-10,1,47.19,4.6,47.19
C01430,583.938.661-89,P1229,2025-04-18,2,138.51,3.8,277.02
C00224,026.542.351-14,P008,2025-12-31,4,219.9,4.4,879.6
C00138,960.013.389-14,P003,2025-06-07,2,149.9,4.8,299.8
C00093,960.013.389-14,P013,2025-01-16,4,49.9,3.9,199.6
C01187,019.179.202-02,P1594,2026-07-09,1,284.73,4.2,284.73
C00404,480.184.514-27,P011,2025-05-12,2,249.9,4.2,499.8
C01979,053.161.177-94,P0370,2025-12-27,3,91.82,4.1,275.46
C00266,627.048.281-05,P008,2025-10-16,3,219.9,4.1,659.7
C01894,536.051.171-04,P0289,2026-06-12,4,339.92,4.0,1359.68
C01336,564.915.795-22,P0890,2025-02-07,3,238.3,4.0,714.9
C00213,278.248.963-15,P001,2025-01-26,3,59.9,4.5,179.7
C00117,026.542.351-14,P012,2025-04-09,1,299.9,4.5,299.9
C00792,707.057.836-93,P0657,2025-12-23,2,150.65,4.7,301.3
C00678,567.086.041-16,P0288,2025-10-16,1,305.54,3.2,305.54
C00632,623.445.655-31,P0917,2025-10-17,2,306.77,3.9,613.54
C01058,663.723.950-02,P0583,2025-03-06,1,54.57,5.0,54.57
C00260,269.166.978-57,P014,2025-02-24,1,129.9,3.9,129.9
C00259,395.376.724-09,P003,2025-11-13,2,149.9,4.4,299.8
C01390,678.274.117-20,P1489,2025-12-26,3,338.86,4.1,1016.58
C01981,471.754.558-36,P1186,2025-03-24,1,341.88,4.8,341.88
C00548,212.021.697-59,P0609,2025-11-08,2,279.73,5.0,559.46
C01864,597.779.014-70,P0217,2026-06-22,1,253.08,4.5,253.08
C00690,921.581.897-97,P1735,2025-11-08,1,238.04,3.4,238.04
C00672,534.332.491-64,P1743,2025-01-13,1,351.71,4.2,351.71
C00181,480.184.514-27,P011,2025-05-11,2,249.9,4.1,499.8
C00847,471.959.796-36,P1451,2025-09-08,1,235.29,3.8,235.29
C00996,761.648.198-14,P1853,2025-12-08,3,363.14,3.7,1089.42
C01328,396.661.347-64,P1070,2025-05-16,1,62.77,4.5,62.77
C00317,083.863.794-99,P006,2025-05-04,2,189.9,4.3,379.8
C00378,928.327.648-51,P014,2025-11-16,2,129.9,4.3,259.8
C00865,078.593.110-46,P1155,2026-04-01,1,239.17,3.8,239.17
C00140,532.871.012-69,P005,2025-09-14,2,229.9,4.8,459.8
C00287,489.325.288-70,P006,2025-01-10,1,189.9,4.9,189.9
C01259,311.587.605-07,P1773,2025-02-08,1,206.61,3.6,206.61
C01908,327.881.476-27,P0503,2025-11-11,1,233.65,4.4,233.65
C01146,774.186.520-03,P1844,2025-11-06,1,211.87,4.1,211.87
C00290,489.325.288-70,P001,2025-12-05,1,59.9,5.0,59.9
C01982,724.380.701-10,P1486,2025-07-15,2,291.37,4.1,582.74
C01044,968.827.697-96,P0852,2026-03-22,3,352.0,3.2,1056.0
C01434,374.545.892-35,P0134,2025-01-07,2,300.95,5.0,601.9
C00394,960.013.389-14,P012,2025-03-12,2,299.9,4.1,599.8
C01157,655.158.482-92,P0619,2025-07-12,1,357.93,3.0,357.93
C00153,960.013.389-14,P004,2025-05-17,2,169.9,4.5,339.8
C01252,160.204.181-46,P1613,2026-05-10,3,294.18,3.9,882.54
C00405,310.341.316-56,P004,2025-10-03,1,169.9,3.8,169.9
C01820,776.657.546-94,P0460,2026-01-13,1,92.73,4.3,92.73
C00110,278.248.963-15,P012,2025-05-22,2,299.9,4.1,599.8
C01306,854.329.876-86,P1230,2025-08-11,1,79.72,4.5,79.72
C00279,395.376.724-09,P011,2025-11-03,1,249.9,4.3,249.9
C01375,441.233.613-15,P0089,2026-06-05,3,396.84,5.0,1190.52
C00987,837.455.084-83,P1223,2025-06-05,1,251.49,4.7,251.49
C01935,729.893.762-67,P1511,2025-07-02,1,85.44,4.4,85.44
C01304,003.791.769-20,P1216,2025-08-03,1,236.0,4.4,236.0
C00744,927.742.333-13,P1134,2025-09-05,2,343.18,4.0,686.36
C00175,350.305.641-60,P004,2025-02-16,1,169.9,4.6,169.9
C01192,303.723.683-36,P1405,2025-11-20,2,323.89,4.2,647.78
C00883,348.389.359-86,P1808,2026-01-10,1,366.29,2.9,366.29
C00106,039.117.182-84,P005,2025-06-15,3,229.9,4.9,689.7
C01163,264.222.975-05,P1995,2025-03-12,2,78.29,3.7,156.58
C00420,350.305.641-60,P010,2025-12-12,3,99.9,4.2,299.7
C00469,310.341.316-56,P012,2025-03-02,2,299.9,4.5,599.8
C00018,627.048.281-05,P003,2025-04-08,1,149.9,3.8,149.9
C00745,472.727.423-05,P0561,2025-05-08,1,378.79,5.0,378.79
C00437,627.048.281-05,P002,2025-09-19,1,79.9,4.4,79.9
C00144,960.013.389-14,P013,2025-03-31,2,49.9,3.6,99.8
C00869,304.120.270-03,P0906,2025-04-17,1,246.42,3.6,246.42
C00441,238.849.696-92,P012,2025-02-02,2,299.9,5.0,599.8
C00269,480.184.514-27,P011,2025-06-05,3,249.9,4.2,749.7
C00934,980.699.016-16,P0073,2026-02-14,2,376.34,4.3,752.68
C00127,161.559.407-89,P013,2025-10-16,4,49.9,4.2,199.6
C01981,471.754.558-36,P1186,2025-03-24,1,341.88,4.8,341.88
C00942,114.262.582-67,P0518,2025-06-17,2,175.4,3.7,350.8
C01993,339.137.326-16,P0402,2025-07-13,3,130.66,4.5,391.98
C01763,170.630.489-70,P1878,2026-05-06,2,390.61,4.2,781.22
C01960,341.638.944-11,P0326,2026-04-04,2,223.19,4.2,446.38
C01086,900.287.721-80,P0356,2026-04-09,4,253.94,4.9,1015.76
C00847,471.959.796-36,P1451,2025-09-08,1,235.29,3.8,235.29
C01440,455.877.169-02,P1722,2026-08-03,1,202.28,3.9,202.28
C00162,104.332.181-00,P005,2025-06-02,3,229.9,4.4,689.7
C01681,174.101.194-97,P1731,2026-05-29,1,282.65,4.8,282.65
C00648,841.484.601-71,P0988,2026-05-23,1,148.8,3.5,148.8
C00015,627.048.281-05,P008,2025-04-20,3,219.9,4.5,659.7
C00476,095.701.543-73,P015,2025-10-27,2,89.9,4.0,179.8
C00485,310.341.316-56,P009,2025-08-22,1,119.9,3.5,119.9
C00029,238.849.696-92,P005,2025-03-22,1,229.9,4.3,229.9
C01338,431.115.083-07,P1013,2026-08-14,1,310.82,4.1,310.82
C00191,161.559.407-89,P011,2025-02-19,4,249.9,4.4,999.6
C01694,318.432.225-40,P0259,2026-08-24,2,105.25,4.4,210.5
C00907,555.165.176-21,P0405,2025-11-26,2,56.0,4.9,112.0
C01437,339.994.853-02,P0523,2026-02-21,3,337.59,3.8,1012.77
C00680,114.983.074-34,P0328,2026-07-04,4,344.41,4.4,1377.64
C00264,161.559.407-89,P004,2025-02-22,1,169.9,3.7,169.9
C00361,104.332.181-00,P008,2025-11-18,2,219.9,4.1,439.8
C01292,082.723.590-90,P0329,2026-05-04,1,330.08,4.9,330.08
C01433,374.529.912-49,P0736,2025-04-02,1,336.15,4.8,336.15
C00536,547.382.023-91,P1545,2025-04-16,2,263.9,3.6,527.8
C00715,725.204.565-07,P1319,2025-04-07,1,174.61,3.8,174.61
C01891,344.300.910-72,P1371,2025-11-23,1,320.82,4.3,320.82
C01704,121.377.306-77,P1279,2025-06-08,3,163.2,4.4,489.6
C00827,623.471.247-90,P0880,2025-02-18,1,99.42,3.1,99.42
C00482,960.013.389-14,P009,2025-01-18,3,119.9,3.8,359.7
C00603,739.610.290-16,P1685,2025-12-20,4,123.65,4.9,494.6
C01077,298.315.229-40,P0260,2026-05-08,1,157.52,4.1,157.52
C01134,816.064.842-14,P0949,2025-11-04,1,317.16,4.3,317.16
C00369,816.184.959-50,P014,2025-06-17,4,129.9,4.2,519.6
C00132,083.863.794-99,P003,2025-05-03,1,149.9,4.9,149.9
C00991,712.961.803-52,P1138,2025-06-30,1,244.08,4.8,244.08
C01595,706.734.996-69,P1469,2025-01-25,1,242.3,4.3,242.3
C00305,026.542.351-14,P014,2025-11-29,1,129.9,4.4,129.9
C00817,866.281.372-01,P0471,2025-12-28,1,112.85,3.6,112.85
C00324,960.013.389-14,P014,2025-12-02,1,129.9,4.0,129.9
C00485,310.341.316-56,P009,2025-08-22,1,119.9,3.5,119.9
C01225,980.061.558-01,P1930,2026-04-07,1,79.21,4.5,79.21
C00573,344.300.910-72,P1520,2025-08-30,1,154.31,4.7,154.31
C00528,134.125.286-84,P0470,2026-06-29,1,76.07,4.8,76.07
C01992,374.160.898-08,P1533,2025-04-14,1,306.38,4.7,306.38
C00345,816.184.959-50,P013,2025-07-05,2,49.9,4.1,99.8
C00379,026.542.351-14,P003,2025-02-19,1,149.9,4.7,149.9
C01860,082.400.842-14,P0306,2025-07-29,1,72.43,4.4,72.43
C01101,805.721.514-38,P1529,2025-08-22,1,102.01,4.3,102.01
C00087,161.559.407-89,P010,2025-10-01,1,99.9,3.7,99.9
C00850,541.643.167-99,P0934,2025-10-05,1,279.48,3.6,279.48
C01131,949.058.077-51,P1007,2025-11-24,2,156.15,5.0,312.3
C00507,546.212.760-00,P0516,2025-11-14,1,330.48,5.0,330.48
C01097,981.987.809-80,P1101,2026-01-04,4,250.01,5.0,1000.04
C01298,679.121.416-34,P1951,2025-02-03,1,69.22,4.7,69.22
C00502,065.379.473-83,P1819,2025-11-30,3,320.21,5.0,960.63
C01625,129.087.814-50,P1209,2025-01-24,3,270.86,5.0,812.58
C00906,798.178.904-49,P1008,2025-07-15,2,198.29,4.4,396.58
C01927,401.399.049-05,P1054,2025-12-12,3,319.57,4.0,958.71
C00176,026.542.351-14,P008,2025-03-27,2,219.9,4.7,439.8
C00649,283.483.152-17,P1409,2026-08-30,2,285.02,3.9,570.04
C01443,842.530.428-80,P0072,2026-04-13,3,133.27,3.6,399.81
C01790,434.369.709-64,P1220,2026-02-16,1,159.26,4.1,159.26
C00444,532.871.012-69,P008,2025-07-13,1,219.9,3.9,219.9
C01961,468.105.485-21,P0971,2025-05-18,1,205.23,3.8,205.23
C00387,269.166.978-57,P010,2025-06-07,3,99.9,4.1,299.7
C00833,857.256.292-36,P0290,2025-01-31,4,56.82,3.4,227.28
C00630,642.152.265-38,P1464,2026-07-22,1,102.85,4.9,102.85
C00849,121.461.476-01,P0665,2025-07-17,3,102.68,3.6,308.04
C01805,650.471.580-71,P0171,2026-01-28,2,348.71,4.1,697.42
C01466,088.050.171-59,P002,2025-11-13,1,79.9,4.7,79.9
C01593,155.963.632-78,P0715,2025-09-02,3,59.48,3.3,178.44
C00508,537.599.004-02,P1163,2026-05-01,3,82.82,4.5,248.46
C01894,536.051.171-04,P0289,2026-06-12,4,339.92,4.0,1359.68
C00872,721.329.016-94,P1635,2025-06-21,1,283.55,3.6,283.55
C01304,003.791.769-20,P1216,2025-08-03,1,236.0,4.4,236.0
C01396,041.574.733-37,P003,2025-01-01,3,149.9,4.2,449.7
C01326,724.619.196-82,P0892,2026-04-07,1,318.34,3.8,318.34
C01204,646.225.223-57,P1178,2026-06-10,2,257.52,3.4,515.04
C00961,111.978.718-10,P1878,2025-07-01,5,390.61,4.3,1953.05
C01296,655.779.082-05,P0120,2025-09-19,1,91.86,3.9,91.86
C01811,640.537.735-04,P1675,2026-08-19,3,349.3,4.5,1047.9
C00780,698.490.277-03,P0302,2025-08-22,3,218.53,3.5,655.59
C01022,387.509.977-00,P0844,2026-04-10,2,297.88,4.2,595.76
C00361,104.332.181-00,P008,2025-11-18,2,219.9,4.1,439.8
C00711,924.632.037-90,P0874,2025-12-26,3,98.92,3.8,296.76
C01545,970.581.629-80,P1146,2025-08-19,2,337.09,3.7,674.18
C01281,014.294.019-40,P1727,2025-09-09,1,213.01,3.7,213.01
C00423,161.559.407-89,P008,2025-06-15,4,219.9,4.7,879.6
C01093,557.782.058-80,P1564,2025-12-06,4,140.09,3.5,560.36
C01624,717.217.337-60,P0916,2026-06-25,2,130.43,4.3,260.86
C00249,928.327.648-51,P004,2025-09-20,1,169.9,3.8,169.9
C00124,627.048.281-05,P008,2025-06-24,1,219.9,4.3,219.9
C00786,033.542.168-75,P0642,2025-11-05,3,339.04,4.7,1017.12
C01314,510.740.913-02,P0515,2025-10-01,3,317.25,5.0,951.75
C00627,034.469.459-38,P1354,2026-02-14,1,372.49,4.9,372.49
C01643,838.903.091-86,P0437,2025-12-03,4,301.05,3.3,1204.2
C01694,318.432.225-40,P0259,2026-08-24,2,105.25,4.4,210.5
C01066,258.660.598-51,P1288,2025-03-19,2,143.57,3.6,287.14
C00758,699.577.738-79,P0675,2025-01-08,2,245.55,5.0,491.1
C00084,269.166.978-57,P009,2025-10-07,3,119.9,3.1,359.7
C01644,702.070.160-46,P1352,2025-09-26,2,193.43,4.7,386.86
C01791,161.620.281-51,P1126,2025-12-14,1,289.97,4.3,289.97
C00885,231.164.913-21,P1050,2025-09-22,1,239.24,4.4,239.24
C01033,999.741.926-09,P1916,2026-05-09,4,350.2,4.6,1400.8
C01508,615.717.320-39,P1908,2025-07-29,1,202.44,3.8,202.44
C01391,378.306.396-55,P1129,2026-05-30,1,385.11,3.4,385.11
C00271,960.013.389-14,P006,2025-05-27,1,189.9,5.0,189.9
C01345,119.393.250-56,P1260,2025-10-23,3,380.09,3.8,1140.27
C01850,289.413.475-48,P1730,2025-02-20,1,74.28,3.8,74.28
C01502,447.012.045-60,P1238,2026-02-10,1,47.19,4.6,47.19
C00962,093.141.818-63,P0741,2026-04-26,1,284.58,3.8,284.58
C01047,850.506.413-57,P0228,2026-06-25,3,323.36,4.8,970.08
C00520,374.160.898-08,P0729,2025-10-10,1,329.0,3.8,329.0
C01322,911.838.425-03,P1107,2026-01-14,3,332.97,4.3,998.91
C00483,083.863.794-99,P014,2025-12-09,1,129.9,4.5,129.9
C00684,971.480.263-69,P1871,2026-08-25,1,170.27,4.2,170.27
C00531,623.504.056-30,P1248,2025-05-16,4,78.15,3.7,312.6
C00671,016.451.046-05,P1692,2026-06-13,1,138.04,4.7,138.04
C00734,227.026.728-17,P1489,2025-02-26,1,338.86,5.0,338.86
C00166,269.166.978-57,P001,2025-06-12,2,59.9,4.9,119.8
C01436,287.431.527-32,P1590,2025-09-17,4,260.91,4.6,1043.64
C00882,390.409.074-71,P0433,2025-12-28,2,244.31,3.5,488.62
C01900,223.105.927-49,P0646,2026-08-17,1,348.56,3.7,348.56
C00362,475.255.341-44,P013,2025-12-17,1,49.9,3.6,49.9
C01339,882.211.457-42,P1390,2025-05-26,1,236.5,3.5,236.5
C00359,104.332.181-00,P002,2025-01-24,4,79.9,4.2,319.6
C01095,020.586.950-54,P1186,2026-04-15,1,341.88,5.0,341.88
C00982,234.289.311-65,P1907,2026-02-14,1,331.5,5.0,331.5
C00898,481.754.965-33,P1518,2026-03-16,1,215.34,3.2,215.34
C01310,264.712.463-90,P1019,2025-04-15,1,369.29,4.4,369.29
C01657,885.102.726-97,P0781,2025-06-19,1,121.09,4.2,121.09
C00634,703.965.313-34,P1965,2026-06-17,1,234.8,4.0,234.8
C01700,724.380.701-10,P0894,2026-03-08,1,378.02,3.4,378.02
C00370,816.184.959-50,P008,2025-09-21,2,219.9,4.0,439.8
C00587,140.849.932-04,P0509,2026-06-08,3,296.55,3.1,889.65
C00622,466.766.506-81,P1217,2025-04-28,1,256.89,5.0,256.89
C01907,964.338.532-93,P0439,2026-08-24,1,336.98,3.9,336.98
C00238,026.542.351-14,P006,2025-10-12,1,189.9,4.5,189.9
C00791,249.839.225-47,P0050,2025-01-26,2,129.18,5.0,258.36
C00849,121.461.476-01,P0665,2025-07-17,3,102.68,3.6,308.04
C01601,079.334.960-59,P015,2025-08-10,1,89.9,4.4,89.9
C00972,731.584.776-61,P1322,2026-02-12,4,234.62,5.0,938.48
C01934,093.106.684-07,P1489,2025-07-01,2,338.86,3.8,677.72
C01481,895.400.178-58,P0198,2026-06-28,1,47.67,4.6,47.67
C01408,627.048.281-05,P0990,2025-06-01,2,134.79,3.4,269.58
C01506,445.822.067-51,P0032,2025-05-26,1,96.97,3.8,96.97
C00324,960.013.389-14,P014,2025-12-02,1,129.9,4.0,129.9
C00899,339.055.044-56,P0746,2026-04-07,3,330.35,3.3,991.05
C01173,473.597.746-59,P0464,2025-08-02,3,48.25,3.3,144.75
C00417,095.701.543-73,P009,2025-09-10,3,119.9,4.4,359.7
C00238,026.542.351-14,P006,2025-10-12,1,189.9,4.5,189.9
C00272,278.248.963-15,P010,2025-09-17,1,99.9,3.5,99.9
C01579,221.158.718-63,P1708,2026-05-27,1,397.6,4.0,397.6
C01314,510.740.913-02,P0515,2025-10-01,3,317.25,5.0,951.75
C00563,267.146.283-23,P1541,2025-07-06,1,204.33,5.0,204.33
C01475,646.225.179-49,P1877,2025-08-20,3,302.53,3.6,907.59
C01391,378.306.396-55,P1129,2026-05-30,1,385.11,3.4,385.11
C01634,021.923.785-99,P1434,2026-02-26,4,342.84,4.4,1371.36
C01821,066.504.427-55,P1434,2025-02-24,1,342.84,4.5,342.84
C01765,317.912.868-28,P1983,2025-06-19,3,84.25,4.8,252.75
C00363,480.184.514-27,P002,2025-12-19,1,79.9,3.7,79.9
C01539,811.386.338-95,P0415,2025-09-28,2,50.69,5.0,101.38
C00786,033.542.168-75,P0642,2025-11-05,3,339.04,4.7,1017.12
C00807,024.286.990-40,P0025,2026-03-12,2,193.39,4.5,386.78
C01295,130.753.841-00,P0896,2025-08-20,1,373.08,4.2,373.08
C01205,350.305.641-60,P0619,2025-04-24,2,357.93,3.7,715.86
C00840,033.092.327-78,P009,2025-12-06,2,119.9,3.8,239.8
C01999,942.141.052-14,P1931,2025-02-01,1,285.32,4.8,285.32
C00350,395.376.724-09,P011,2025-02-07,1,249.9,4.4,249.9
C00194,095.701.543-73,P015,2025-07-07,2,89.9,4.3,179.8
C00059,532.871.012-69,P012,2025-06-01,2,299.9,4.7,599.8
C01629,842.694.500-70,P0124,2026-07-09,1,220.69,3.6,220.69
C00814,106.092.098-09,P0286,2025-06-25,1,248.02,4.1,248.02
C00875,025.922.220-81,P0401,2025-03-14,1,316.42,4.1,316.42
C01299,724.264.236-17,P0946,2025-09-22,2,102.31,4.5,204.62
C00871,325.122.572-31,P1983,2025-02-09,2,84.25,3.7,168.5
C01148,247.073.920-91,P0537,2025-08-08,2,326.94,4.1,653.88
C00117,026.542.351-14,P012,2025-04-09,1,299.9,4.5,299.9
C00313,238.849.696-92,P004,2025-10-20,1,169.9,4.0,169.9
C01865,054.857.417-03,P0853,2026-01-07,1,261.85,4.8,261.85
C00902,302.992.280-45,P1688,2025-08-04,5,148.42,4.3,742.1
C00335,238.849.696-92,P006,2025-07-16,4,189.9,5.0,759.6
C00739,174.101.194-97,P1780,2025-06-08,2,202.32,4.8,404.64
C00670,152.910.867-50,P0378,2025-02-14,1,381.19,4.0,381.19
C00549,916.503.440-66,P1276,2026-05-23,1,133.38,4.9,133.38
C00588,565.179.624-09,P0202,2025-10-11,1,226.74,4.6,226.74
C01459,814.356.140-20,P1218,2026-02-27,2,169.24,5.0,338.48
C00214,039.117.182-84,P004,2025-02-05,3,169.9,4.3,509.7
C00620,693.792.374-05,P1740,2026-06-10,2,233.59,3.9,467.18
C00936,250.583.334-65,P1942,2025-07-08,1,351.24,4.6,351.24
C01081,216.376.182-71,P1870,2025-08-20,1,322.77,4.2,322.77
C01762,982.173.929-60,P1151,2025-05-15,1,230.57,5.0,230.57
C01847,997.029.271-45,P1763,2025-05-01,1,97.51,4.0,97.51
C00595,825.952.694-88,P0669,2026-05-15,3,119.87,4.5,359.61
C01079,580.305.690-17,P0382,2026-04-19,1,303.6,4.3,303.6
C00045,269.166.978-57,P013,2025-12-09,3,49.9,4.0,149.7
C01235,702.070.160-46,P0523,2026-02-01,2,337.59,3.7,675.18
C00306,627.048.281-05,P012,2025-03-13,3,299.9,4.6,899.7
C00147,395.376.724-09,P006,2025-12-10,1,189.9,5.0,189.9
C01344,435.811.288-96,P0605,2025-09-21,2,354.74,4.3,709.48
C00357,816.184.959-50,P010,2025-10-25,1,99.9,3.8,99.9
C00955,324.609.539-68,P1967,2025-06-21,5,320.5,3.4,1602.5
C00202,095.701.543-73,P006,2025-11-09,1,189.9,4.9,189.9
C01492,127.238.046-74,P1310,2026-06-24,1,334.06,5.0,334.06
C01530,539.787.137-05,P0247,2025-05-11,4,203.38,4.6,813.52
C01150,289.023.303-03,P1418,2025-07-10,3,48.75,3.7,146.25
C01672,087.612.385-03,P0555,2026-06-23,2,348.23,3.0,696.46
C00874,633.535.748-83,P0777,2026-06-11,2,186.96,4.7,373.92
C00373,960.013.389-14,P005,2025-09-11,2,229.9,5.0,459.8
C00303,104.332.181-00,P007,2025-01-28,1,139.9,4.1,139.9
C00439,480.184.514-27,P011,2025-06-07,2,249.9,3.9,499.8
C00401,928.327.648-51,P005,2025-03-04,2,229.9,3.8,459.8
C00647,934.065.277-01,P0492,2026-05-04,1,51.23,4.8,51.23
C00429,350.305.641-60,P006,2025-11-11,1,189.9,5.0,189.9
C01183,915.618.298-89,P1071,2025-01-28,1,142.65,4.2,142.65
C00297,532.871.012-69,P009,2025-09-28,1,119.9,4.2,119.9
C01244,176.539.705-75,P1863,2025-02-17,2,214.05,4.2,428.1
C00669,509.754.510-90,P1523,2025-04-15,1,356.88,3.6,356.88
C01374,225.699.611-59,P1030,2025-12-30,4,367.64,3.9,1470.56
C01026,616.556.503-43,P0318,2025-05-18,2,53.39,4.7,106.78
C01811,640.537.735-04,P1675,2026-08-19,3,349.3,4.5,1047.9
C00880,723.875.082-11,P1811,2025-12-03,3,92.66,3.9,277.98
C00591,278.687.653-21,P0313,2025-09-17,2,103.65,4.0,207.3
C01179,736.026.064-73,P0047,2025-10-15,1,147.8,5.0,147.8
C01318,333.447.626-05,P0262,2025-01-13,2,224.18,5.0,448.36
C00879,817.852.282-93,P1238,2026-08-15,2,47.19,3.7,94.38
C01120,769.475.769-89,P0724,2026-01-15,2,377.24,3.4,754.48
C00942,114.262.582-67,P0518,2025-06-17,2,175.4,3.7,350.8
C00612,739.774.063-45,P0487,2026-03-23,1,283.56,3.4,283.56
C00628,881.056.974-16,P1554,2026-06-21,2,118.17,4.1,236.34
C01815,311.907.903-00,P1514,2025-05-27,2,122.19,5.0,244.38
C01351,581.467.179-34,P1376,2025-06-21,1,69.64,4.0,69.64
C00191,161.559.407-89,P011,2025-02-19,4,249.9,4.4,999.6
C01925,414.060.293-78,P1516,2025-06-24,1,118.32,3.8,118.32
C01425,337.320.430-53,P1769,2025-08-24,2,244.63,3.9,489.26
C00101,238.849.696-92,P009,2025-08-08,2,119.9,4.6,239.8
C01456,740.148.902-36,P0174,2026-07-08,2,160.94,4.1,321.88
C01180,869.996.988-05,P0825,2025-09-09,2,301.41,4.4,602.82
C01831,278.532.426-97,P1983,2025-09-02,2,84.25,4.3,168.5
C00979,341.678.127-97,P0171,2025-01-19,1,348.71,4.5,348.71
C01038,095.449.791-07,P0914,2026-06-15,4,76.41,3.8,305.64
C00630,642.152.265-38,P1464,2026-07-22,1,102.85,4.9,102.85
C00644,780.913.431-08,P1032,2025-05-31,3,168.33,4.0,504.99
C01236,538.003.296-62,P0877,2026-05-03,1,54.27,4.8,54.27
C01656,181.677.848-60,P1707,2026-02-16,2,67.91,4.0,135.82
C01782,148.468.536-91,P0548,2025-10-30,1,302.21,5.0,302.21
C01542,872.333.510-66,P1762,2025-07-05,1,362.16,5.0,362.16
C01220,807.836.134-31,P1318,2026-06-20,1,92.31,3.9,92.31
C01001,150.317.807-20,P0116,2025-10-19,1,262.11,3.7,262.11
C00680,114.983.074-34,P0328,2026-07-04,4,344.41,4.4,1377.64
C01536,697.893.074-11,P1319,2025-02-07,5,174.61,3.4,873.05
C00637,342.583.230-12,P0419,2025-03-23,1,294.18,5.0,294.18
C00536,547.382.023-91,P1545,2025-04-16,2,263.9,3.6,527.8
C01736,009.751.971-50,P0381,2026-05-08,1,101.36,5.0,101.36
C01180,869.996.988-05,P0825,2025-09-09,2,301.41,4.4,602.82
C00709,257.532.603-65,P0183,2026-02-19,3,100.04,5.0,300.12
C01731,847.457.054-92,P1147,2026-06-25,2,351.29,4.7,702.58
C01926,800.851.403-50,P0339,2026-01-28,2,275.78,4.0,551.56
C00636,287.431.527-32,P0761,2026-07-16,2,396.68,4.0,793.36
C01043,510.740.913-02,P1479,2025-08-07,2,238.39,4.6,476.78
C00968,743.553.795-07,P0318,2025-05-31,2,53.39,4.1,106.78
C01404,104.246.245-32,P1281,2025-05-04,2,329.28,4.9,658.56
C01903,792.234.103-20,P1597,2025-09-24,2,331.04,4.6,662.08
C01098,680.447.314-07,P1616,2026-04-17,1,188.15,4.6,188.15
C01597,370.096.873-66,P1146,2026-06-21,1,337.09,3.6,337.09
C01192,303.723.683-36,P1405,2025-11-20,2,323.89,4.2,647.78
C01775,257.532.603-65,P1706,2026-05-28,2,65.15,3.1,130.3
C00810,560.945.653-39,P0598,2025-01-15,3,394.85,4.4,1184.55
C00771,806.867.177-32,P1986,2025-03-13,2,286.29,4.2,572.58
C00845,214.477.324-64,P1261,2026-03-02,4,281.13,4.9,1124.52
C01994,083.136.783-05,P1450,2025-04-09,2,364.36,3.4,728.72
C01223,682.509.522-60,P1524,2026-02-04,3,183.82,3.6,551.46
C00306,627.048.281-05,P012,2025-03-13,3,299.9,4.6,899.7
C00082,104.332.181-00,P014,2025-10-22,1,129.9,3.2,129.9
C01038,095.449.791-07,P0914,2026-06-15,4,76.41,3.8,305.64
C01612,654.610.339-70,P1894,2026-02-08,1,367.78,3.9,367.78
C00959,915.618.298-89,P0854,2025-01-20,2,176.66,4.8,353.32
C01121,642.361.032-06,P2000,2025-12-17,1,284.24,4.6,284.24
C01597,370.096.873-66,P1146,2026-06-21,1,337.09,3.6,337.09
C01033,999.741.926-09,P1916,2026-05-09,4,350.2,4.6,1400.8
C01818,012.424.462-90,P0068,2025-10-19,1,348.95,4.9,348.95
C01276,343.626.204-86,P0882,2025-08-09,3,89.1,4.6,267.3
C01463,884.422.583-29,P0423,2025-06-01,2,208.22,5.0,416.44
C01563,544.577.029-00,P1023,2025-03-18,1,294.21,4.2,294.21
C01254,734.206.969-81,P1461,2026-07-23,3,148.18,4.6,444.54
C00101,238.849.696-92,P009,2025-08-08,2,119.9,4.6,239.8
C00855,509.025.425-75,P1038,2025-07-05,1,291.56,3.9,291.56
C00283,238.849.696-92,P005,2025-12-02,2,229.9,4.2,459.8
C01021,973.502.080-73,P0157,2026-08-14,1,118.0,3.7,118.0
C00287,489.325.288-70,P006,2025-01-10,1,189.9,4.9,189.9
C01019,033.793.375-87,P0513,2026-06-08,2,347.89,3.1,695.78
C00688,787.112.166-97,P1789,2026-08-18,2,343.5,4.1,687.0
C00041,475.255.341-44,P011,2025-02-22,1,249.9,3.7,249.9
C00250,039.117.182-84,P008,2025-09-27,2,219.9,4.5,439.8
C01007,243.588.537-73,P0236,2026-01-21,2,388.9,3.6,777.8
C00158,350.305.641-60,P009,2025-12-28,1,119.9,4.9,119.9
C01712,184.723.046-63,P1642,2025-08-08,4,196.38,3.9,785.52
C01518,504.165.915-07,P0237,2025-08-11,2,292.45,5.0,584.9
C01419,453.198.074-30,P1415,2025-07-05,3,223.17,4.7,669.51
C00345,816.184.959-50,P013,2025-07-05,2,49.9,4.1,99.8
C01592,659.116.655-65,P1268,2025-03-22,3,266.41,2.9,799.23
C01270,350.305.641-60,P0939,2025-05-31,1,78.24,3.6,78.24
C00781,944.171.545-03,P1349,2025-05-24,4,241.56,3.7,966.24
C00001,095.701.543-73,P013,2025-12-20,1,49.9,3.3,49.9
C01058,663.723.950-02,P0583,2025-03-06,1,54.57,5.0,54.57
C01592,659.116.655-65,P1268,2025-03-22,3,266.41,2.9,799.23
C00067,960.013.389-14,P004,2025-09-01,2,169.9,4.2,339.8
C00106,039.117.182-84,P005,2025-06-15,3,229.9,4.9,689.7
C00766,214.477.324-64,P1705,2026-07-29,2,133.58,4.7,267.16
C01024,602.206.953-00,P1420,2025-06-09,3,192.94,4.6,578.82
C00949,095.493.059-29,P1839,2025-05-29,1,101.36,4.3,101.36
C00853,485.625.728-53,P1221,2025-04-20,1,361.62,5.0,361.62
C00511,776.655.868-80,P1141,2025-01-05,1,165.87,5.0,165.87
C00120,026.542.351-14,P014,2025-04-10,1,129.9,4.2,129.9
C00063,480.184.514-27,P008,2025-12-12,1,219.9,3.3,219.9
C00198,532.871.012-69,P014,2025-10-13,1,129.9,5.0,129.9
C01381,651.207.049-64,P1083,2025-07-01,2,58.91,4.5,117.82
C01572,724.825.135-61,P1641,2025-08-18,2,364.81,4.4,729.62
C00871,325.122.572-31,P1983,2025-02-09,2,84.25,3.7,168.5
C00155,278.248.963-15,P013,2025-05-03,2,49.9,3.9,99.8
C00832,447.146.273-33,P0936,2026-08-10,3,195.04,3.1,585.12
C01972,805.721.514-38,P1214,2026-03-21,1,247.16,4.9,247.16
C00500,310.341.316-56,P010,2025-03-15,3,99.9,4.1,299.7
C00983,682.509.522-60,P0996,2026-01-11,3,271.59,4.7,814.77
C01076,860.030.443-14,P0426,2025-10-28,1,382.05,3.5,382.05
C00660,641.708.053-64,P0057,2025-11-11,2,280.74,4.4,561.48
C00877,707.139.848-80,P015,2026-05-23,5,89.9,3.8,449.5
C00944,228.225.120-27,P1129,2025-08-25,1,385.11,3.3,385.11
C00948,033.810.595-64,P0051,2025-02-26,1,295.15,4.3,295.15
C01436,287.431.527-32,P1590,2025-09-17,4,260.91,4.6,1043.64
C01162,155.206.506-59,P1558,2025-11-04,3,102.58,3.6,307.74
C00107,083.863.794-99,P005,2025-08-19,1,229.9,4.1,229.9
C00013,083.863.794-99,P008,2025-10-09,1,219.9,4.0,219.9
C00822,650.471.580-71,P1256,2025-12-01,1,307.34,5.0,307.34
C01816,083.136.783-05,P1477,2025-03-08,1,276.36,3.7,276.36
C00074,489.325.288-70,P007,2025-10-08,1,139.9,4.0,139.9
C00143,039.117.182-84,P010,2025-01-11,5,99.9,4.0,499.5
C01359,809.521.755-76,P0624,2026-07-26,2,68.76,3.8,137.52
C00902,302.992.280-45,P1688,2025-08-04,5,148.42,4.3,742.1
C00462,480.184.514-27,P015,2025-01-30,2,89.9,4.8,179.8
C00415,816.184.959-50,P015,2025-05-29,3,89.9,4.7,269.7
C01331,651.777.392-44,P1767,2025-03-24,2,50.87,3.0,101.74
C01048,298.315.229-40,P0587,2025-12-24,1,290.15,4.2,290.15
C01277,812.099.576-71,P1698,2026-01-05,2,111.8,4.1,223.6
C00561,965.049.627-07,P1471,2025-03-02,1,287.99,3.7,287.99
C01053,875.003.691-23,P1983,2025-02-05,1,84.25,3.7,84.25
C01721,835.523.124-47,P1783,2026-03-07,2,386.56,3.7,773.12
C00634,703.965.313-34,P1965,2026-06-17,1,234.8,4.0,234.8
C00793,512.080.056-42,P1217,2025-02-27,2,256.89,5.0,513.78
C00328,269.166.978-57,P010,2025-04-03,2,99.9,4.4,199.8
C01278,940.244.550-10,P0941,2026-06-27,1,91.64,2.9,91.64
C00066,475.255.341-44,P013,2025-04-12,1,49.9,3.2,49.9
C00498,083.863.794-99,P011,2025-05-24,3,249.9,4.6,749.7
C01427,223.105.927-49,P0373,2026-06-05,1,149.73,3.7,149.73
C00039,039.117.182-84,P009,2025-03-17,1,119.9,4.4,119.9
C01979,053.161.177-94,P0370,2025-12-27,3,91.82,4.1,275.46
C00809,287.431.527-32,P0214,2026-07-23,1,165.05,4.5,165.05
C00798,353.693.785-33,P0345,2026-02-09,1,213.68,5.0,213.68
C01073,127.990.881-55,P1372,2025-06-21,3,85.69,4.5,257.07
C01279,130.753.841-00,P0274,2025-01-02,1,147.01,4.8,147.01
C00920,680.648.606-10,P1920,2026-02-06,3,44.01,4.0,132.03
C01769,679.121.416-34,P0884,2025-04-13,1,313.91,5.0,313.91
C01925,414.060.293-78,P1516,2025-06-24,1,118.32,3.8,118.32
C00401,928.327.648-51,P005,2025-03-04,2,229.9,3.8,459.8
C01414,851.569.154-00,P0723,2025-09-29,4,66.99,5.0,267.96
C00602,172.131.451-26,P1928,2025-09-13,2,121.33,4.6,242.66
C01992,374.160.898-08,P1533,2025-04-14,1,306.38,4.7,306.38
C00507,546.212.760-00,P0516,2025-11-14,1,330.48,5.0,330.48
C00591,278.687.653-21,P0313,2025-09-17,2,103.65,4.0,207.3
C01429,385.467.854-14,P0453,2025-12-16,3,152.65,3.6,457.95
C01579,221.158.718-63,P1708,2026-05-27,1,397.6,4.0,397.6
C00258,269.166.978-57,P005,2025-02-28,1,229.9,4.4,229.9
C01112,471.960.940-69,P0295,2025-02-24,1,126.71,4.3,126.71
C00692,464.083.037-81,P1371,2025-09-26,1,320.82,4.3,320.82
C01224,325.122.572-31,P1634,2025-02-26,1,244.63,3.8,244.63
C01114,975.019.803-49,P0079,2025-08-12,2,339.13,4.1,678.26
C01972,805.721.514-38,P1214,2026-03-21,1,247.16,4.9,247.16
C01868,377.294.209-10,P1023,2025-12-08,2,294.21,2.9,588.42
C01308,201.753.703-97,P1428,2026-04-22,1,237.56,5.0,237.56
C01359,809.521.755-76,P0624,2026-07-26,2,68.76,3.8,137.52
C01798,196.463.004-56,P0858,2025-06-03,1,221.33,4.3,221.33
C00367,026.542.351-14,P005,2025-08-19,1,229.9,5.0,229.9
C01452,544.948.126-84,P1015,2025-10-28,2,256.53,3.9,513.06
C01545,970.581.629-80,P1146,2025-08-19,2,337.09,3.7,674.18
C00255,095.701.543-73,P014,2025-12-09,3,129.9,5.0,389.7
C01763,170.630.489-70,P1878,2026-05-06,2,390.61,4.2,781.22
C01399,313.797.166-75,P1794,2025-07-08,1,348.36,4.1,348.36
C00695,278.248.963-15,P0640,2025-12-17,4,91.58,3.3,366.32
C00969,793.036.149-76,P1831,2025-03-14,2,77.46,4.6,154.92
C00980,306.178.932-41,P0174,2025-09-25,2,160.94,5.0,321.88
C01838,706.810.390-19,P1443,2025-12-30,3,268.14,4.6,804.42
C01939,820.297.021-02,P1539,2026-06-10,1,106.21,4.2,106.21
C01614,957.443.034-05,P0448,2026-08-08,3,356.46,5.0,1069.38
C01305,798.440.971-42,P0819,2026-02-22,4,160.6,2.9,642.4
C00209,238.849.696-92,P004,2025-08-16,1,169.9,4.1,169.9
C01830,775.965.555-00,P1240,2025-08-31,1,214.63,4.7,214.63
C00268,395.376.724-09,P003,2025-08-14,1,149.9,4.6,149.9
C00334,480.184.514-27,P001,2025-03-06,1,59.9,4.7,59.9
C00140,532.871.012-69,P005,2025-09-14,2,229.9,4.8,459.8
C01896,927.490.728-16,P1212,2026-03-04,3,74.94,4.1,224.82
C00987,837.455.084-83,P1223,2025-06-05,1,251.49,4.7,251.49
C00472,238.849.696-92,P005,2025-05-14,1,229.9,5.0,229.9
C00162,104.332.181-00,P005,2025-06-02,3,229.9,4.4,689.7
C00824,158.904.290-51,P0724,2026-01-08,1,377.24,4.0,377.24
C01448,734.206.969-81,P1271,2026-03-18,1,299.27,4.7,299.27
C01990,299.737.631-90,P1914,2025-09-21,3,288.31,4.8,864.93
C01105,992.937.842-11,P1826,2025-09-26,1,177.27,3.7,177.27
C01215,233.027.642-78,P1024,2025-10-01,1,123.97,2.6,123.97
C01672,087.612.385-03,P0555,2026-06-23,2,348.23,3.0,696.46
C01804,989.319.508-02,P006,2025-07-02,1,189.9,5.0,189.9
C00560,849.877.694-50,P1890,2025-03-28,1,253.86,4.5,253.86
C01984,005.329.318-58,P1475,2025-01-04,1,336.67,4.4,336.67
C01039,959.660.487-20,P1330,2026-07-09,1,141.36,5.0,141.36
C01861,793.036.149-76,P0755,2026-08-06,1,155.32,2.7,155.32
C00235,026.542.351-14,P007,2025-07-01,3,139.9,4.8,419.7
C00195,928.327.648-51,P014,2025-03-26,1,129.9,4.5,129.9
C01770,583.776.749-55,P1773,2026-08-12,1,206.61,3.8,206.61
C01346,983.863.840-42,P015,2025-10-20,2,89.9,3.6,179.8
C00351,489.325.288-70,P006,2025-03-07,3,189.9,4.9,569.7
C01790,434.369.709-64,P1220,2026-02-16,1,159.26,4.1,159.26
C00205,627.048.281-05,P002,2025-02-19,1,79.9,3.8,79.9
C01365,500.978.820-97,P0221,2026-05-18,1,244.91,2.7,244.91
C00411,350.305.641-60,P006,2025-05-27,2,189.9,5.0,379.8
C00142,928.327.648-51,P001,2025-02-16,1,59.9,4.7,59.9
C01613,718.924.195-72,P1769,2025-09-11,2,244.63,3.9,489.26
C01695,822.104.016-90,P1664,2026-04-27,1,259.75,4.2,259.75
C00212,083.863.794-99,P011,2025-04-19,2,249.9,4.3,499.8
C00187,350.305.641-60,P001,2025-12-04,1,59.9,5.0,59.9
C01229,607.832.748-82,P1754,2025-01-20,2,260.91,4.8,521.82
C00058,489.325.288-70,P005,2025-12-08,1,229.9,5.0,229.9
C01493,881.056.974-16,P1392,2026-07-21,2,48.57,5.0,97.14
C01832,369.362.689-86,P0063,2026-01-07,2,87.39,4.6,174.78
C01503,800.025.787-43,P0263,2025-02-05,2,145.21,3.1,290.42
C00462,480.184.514-27,P015,2025-01-30,2,89.9,4.8,179.8
C00381,489.325.288-70,P007,2025-09-14,1,139.9,5.0,139.9
C01362,290.018.513-04,P0188,2025-01-24,5,289.3,4.1,1446.5
C00124,627.048.281-05,P008,2025-06-24,1,219.9,4.3,219.9
C01076,860.030.443-14,P0426,2025-10-28,1,382.05,3.5,382.05
C00898,481.754.965-33,P1518,2026-03-16,1,215.34,3.2,215.34
C01490,792.234.103-20,P0401,2025-11-19,2,316.42,3.6,632.84
C00405,310.341.316-56,P004,2025-10-03,1,169.9,3.8,169.9
C01525,824.967.183-06,P1634,2025-11-14,2,244.63,3.3,489.26
C01399,313.797.166-75,P1794,2025-07-08,1,348.36,4.1,348.36
C00478,475.255.341-44,P008,2025-10-09,2,219.9,4.9,439.8
C00714,920.613.638-06,P1404,2026-02-20,1,127.18,4.6,127.18
C00133,083.863.794-99,P003,2025-01-02,1,149.9,4.4,149.9
C00899,339.055.044-56,P0746,2026-04-07,3,330.35,3.3,991.05
C00522,424.089.164-70,P0114,2026-07-10,2,350.56,3.6,701.12
C00227,395.376.724-09,P007,2025-11-02,2,139.9,3.8,279.8
C01120,769.475.769-89,P0724,2026-01-15,2,377.24,3.4,754.48
C01136,997.273.677-63,P1400,2025-06-22,1,388.08,4.5,388.08
C00172,532.871.012-69,P011,2025-02-11,3,249.9,5.0,749.7
C00372,475.255.341-44,P004,2025-10-26,1,169.9,4.4,169.9
C00166,269.166.978-57,P001,2025-06-12,2,59.9,4.9,119.8
C01358,646.225.223-57,P1532,2025-11-13,1,276.61,4.8,276.61
C00677,354.083.866-00,P1638,2025-12-01,1,187.54,4.0,187.54
C00143,039.117.182-84,P010,2025-01-11,5,99.9,4.0,499.5
C00384,278.248.963-15,P012,2025-06-03,2,299.9,4.9,599.8
C01952,855.245.787-31,P1147,2026-06-14,1,351.29,4.4,351.29
C00512,254.729.284-00,P0040,2025-11-16,1,51.79,4.5,51.79
C01370,787.112.166-97,P0268,2026-03-24,4,251.42,4.6,1005.68
C00937,945.198.327-99,P0307,2026-01-19,2,274.14,4.0,548.28
C00364,310.341.316-56,P006,2025-11-07,1,189.9,5.0,189.9
C00615,231.164.913-21,P1368,2026-04-02,1,347.59,4.3,347.59
C00029,238.849.696-92,P005,2025-03-22,1,229.9,4.3,229.9
C01494,471.959.796-36,P0052,2025-08-24,1,83.57,3.7,83.57
C00669,509.754.510-90,P1523,2025-04-15,1,356.88,3.6,356.88
C00999,145.057.661-36,P1703,2025-06-04,1,171.46,3.7,171.46
C00306,627.048.281-05,P012,2025-03-13,3,299.9,4.6,899.7
C01649,014.188.421-50,P0667,2025-10-01,2,211.6,4.0,423.2
C00437,627.048.281-05,P002,2025-09-19,1,79.9,4.4,79.9
C01133,833.423.372-81,P0970,2025-09-26,1,51.11,4.0,51.11
C01746,515.093.983-84,P1660,2025-05-28,1,190.68,3.8,190.68
C01427,223.105.927-49,P0373,2026-06-05,1,149.73,3.7,149.73
C01207,566.246.287-90,P1115,2025-08-08,2,238.42,3.4,476.84
C01777,045.238.885-66,P0382,2026-08-29,2,303.6,5.0,607.2
C00353,960.013.389-14,P014,2025-03-05,2,129.9,4.2,259.8
C01928,286.852.897-00,P0894,2025-12-10,2,378.02,4.3,756.04
C01114,975.019.803-49,P0079,2025-08-12,2,339.13,4.1,678.26
C00820,484.656.482-71,P1731,2025-03-13,2,282.65,4.8,565.3
C00512,254.729.284-00,P0040,2025-11-16,1,51.79,4.5,51.79
C01490,792.234.103-20,P0401,2025-11-19,2,316.42,3.6,632.84
C01953,459.011.079-26,P0645,2025-04-15,1,192.42,4.3,192.42
C01381,651.207.049-64,P1083,2025-07-01,2,58.91,4.5,117.82
C00066,475.255.341-44,P013,2025-04-12,1,49.9,3.2,49.9
C00939,069.409.600-82,P0885,2026-04-19,4,217.97,4.9,871.88
C01465,435.864.496-15,P1696,2025-02-04,1,48.91,4.2,48.91
C00795,694.320.293-60,P1087,2025-02-23,4,187.09,3.7,748.36
C01546,581.467.179-34,P1617,2026-02-25,1,150.97,4.3,150.97
C01415,634.755.752-56,P0085,2025-08-07,1,333.32,3.7,333.32
C00135,480.184.514-27,P002,2025-12-18,1,79.9,4.1,79.9
C01116,063.519.036-29,P0668,2026-05-18,1,57.87,4.1,57.87
C00344,350.305.641-60,P014,2025-03-22,2,129.9,4.2,259.8
C00974,253.666.777-42,P0153,2026-04-29,3,254.39,4.7,763.17
C00769,566.205.634-06,P0256,2026-04-23,2,232.48,5.0,464.96
C01614,957.443.034-05,P0448,2026-08-08,3,356.46,5.0,1069.38
C01737,210.202.758-98,P0570,2026-02-27,2,165.2,4.5,330.4
C00923,982.173.929-60,P0979,2025-01-15,2,358.11,4.1,716.22
C01074,796.958.678-39,P1669,2025-06-21,2,209.69,4.3,419.38
C01253,157.184.090-72,P0347,2026-04-29,2,251.36,3.9,502.72
C01311,276.365.564-56,P0073,2026-04-28,3,376.34,5.0,1129.02
C01271,631.224.179-36,P0698,2025-04-08,1,83.1,4.2,83.1
C01567,221.021.798-93,P0639,2026-08-08,2,290.04,5.0,580.08
C01964,788.614.057-54,P1451,2026-05-27,3,235.29,3.0,705.87
C01657,885.102.726-97,P0781,2025-06-19,1,121.09,4.2,121.09
C00270,083.863.794-99,P005,2025-08-25,2,229.9,4.5,459.8
C00953,759.025.176-30,P1825,2025-03-05,4,317.93,4.4,1271.72
C00923,982.173.929-60,P0979,2025-01-15,2,358.11,4.1,716.22
C01018,910.231.211-58,P1866,2026-07-02,2,151.15,4.2,302.3
C01057,842.530.428-80,P1100,2025-06-15,2,318.01,3.0,636.02
C01437,339.994.853-02,P0523,2026-02-21,3,337.59,3.8,1012.77
C00843,475.255.341-44,P1057,2025-10-30,2,63.83,4.4,127.66
C00527,091.843.579-08,P0688,2025-06-07,4,149.58,4.6,598.32
C00916,147.379.965-13,P1815,2025-12-19,2,389.36,4.2,778.72
C01709,701.840.943-80,P0695,2025-12-11,4,314.58,4.0,1258.32
C00623,947.950.740-46,P0791,2026-06-20,1,318.71,3.4,318.71
C00042,278.248.963-15,P012,2025-03-21,4,299.9,4.2,1199.6
C01953,459.011.079-26,P0645,2025-04-15,1,192.42,4.3,192.42
C00392,395.376.724-09,P007,2025-03-19,1,139.9,4.5,139.9
C01206,045.069.176-42,P1535,2025-07-02,1,119.91,3.9,119.91
C01601,079.334.960-59,P015,2025-08-10,1,89.9,4.4,89.9
C00549,916.503.440-66,P1276,2026-05-23,1,133.38,4.9,133.38
C00681,617.817.032-72,P1115,2025-03-14,1,238.42,3.6,238.42
C00561,965.049.627-07,P1471,2025-03-02,1,287.99,3.7,287.99
C00300,026.542.351-14,P005,2025-02-12,3,229.9,5.0,689.7
C00306,627.048.281-05,P012,2025-03-13,3,299.9,4.6,899.7
C00374,350.305.641-60,P009,2025-01-05,3,119.9,3.4,359.7
C00917,814.973.746-42,P1424,2025-02-12,5,388.18,4.2,1940.9
C01062,788.614.057-54,P1856,2025-12-22,1,76.57,4.4,76.57
C00032,026.542.351-14,P012,2025-10-11,1,299.9,4.3,299.9
C01693,109.881.385-57,P0758,2025-05-01,3,148.3,4.9,444.9
C01352,858.167.046-64,P0719,2025-07-10,1,102.49,4.7,102.49
C00142,928.327.648-51,P001,2025-02-16,1,59.9,4.7,59.9
C01686,876.220.234-00,P0085,2026-02-27,3,333.32,4.5,999.96
C00061,350.305.641-60,P007,2025-10-08,3,139.9,4.3,419.7
C01122,916.503.440-66,P0664,2026-07-31,2,161.91,3.6,323.82
C00931,082.611.231-54,P1241,2025-08-10,2,71.22,4.1,142.44
C01005,346.729.949-02,P1617,2026-02-09,3,150.97,4.0,452.91
C01913,184.723.046-63,P0788,2025-12-09,1,205.36,3.6,205.36
C01855,096.561.014-48,P1038,2025-04-13,3,291.56,4.3,874.68
C00559,390.892.613-03,P0258,2025-06-07,1,142.59,3.6,142.59
C01160,788.178.847-07,P0394,2025-07-31,1,82.12,2.9,82.12
C01919,586.833.901-01,P0470,2025-03-05,1,76.07,3.7,76.07
C01458,050.922.216-15,P0632,2026-07-16,2,101.19,4.1,202.38
C01776,071.058.011-82,P1778,2025-07-29,1,50.22,3.8,50.22
C00870,594.082.154-51,P0180,2026-01-01,1,302.1,3.7,302.1
C00567,287.923.264-39,P0446,2025-10-07,2,293.19,3.9,586.38
C01022,387.509.977-00,P0844,2026-04-10,2,297.88,4.2,595.76
C01634,021.923.785-99,P1434,2026-02-26,4,342.84,4.4,1371.36
C01858,816.064.842-14,P0921,2026-07-31,2,318.67,4.9,637.34
C01372,817.932.302-18,P0392,2026-03-30,2,322.65,5.0,645.3
C01414,851.569.154-00,P0723,2025-09-29,4,66.99,5.0,267.96
C01024,602.206.953-00,P1420,2025-06-09,3,192.94,4.6,578.82
C00640,835.523.124-47,P0764,2025-04-14,3,306.73,3.5,920.19
C00846,997.990.707-08,P0203,2025-06-16,2,330.93,4.2,661.86
C00996,761.648.198-14,P1853,2025-12-08,3,363.14,3.7,1089.42
C01632,526.547.935-08,P0225,2026-08-26,1,87.25,4.0,87.25
C01111,767.735.925-69,P1022,2026-01-20,3,278.19,5.0,834.57
C01587,751.868.926-02,P0561,2025-02-22,3,378.79,4.7,1136.37
C00055,104.332.181-00,P009,2025-10-03,2,119.9,4.7,239.8
C01514,478.189.137-34,P0464,2026-07-10,1,48.25,3.6,48.25
C01015,100.996.881-58,P0895,2026-01-18,1,184.55,4.7,184.55
C01997,519.825.309-01,P1020,2025-08-24,1,383.26,4.2,383.26
C00944,228.225.120-27,P1129,2025-08-25,1,385.11,3.3,385.11
C00958,807.836.134-31,P0664,2026-08-05,2,161.91,3.7,323.82
C00255,095.701.543-73,P014,2025-12-09,3,129.9,5.0,389.7
C01614,957.443.034-05,P0448,2026-08-08,3,356.46,5.0,1069.38
C01404,104.246.245-32,P1281,2025-05-04,2,329.28,4.9,658.56
C01725,403.910.651-22,P0191,2025-07-29,1,260.09,2.9,260.09
C00186,238.849.696-92,P010,2025-06-01,5,99.9,4.5,499.5
C00424,480.184.514-27,P013,2025-05-17,4,49.9,3.9,199.6
C01754,758.097.453-34,P0381,2026-07-26,1,101.36,4.6,101.36
C00085,475.255.341-44,P008,2025-04-23,1,219.9,3.9,219.9
C01017,189.455.906-17,P0200,2025-02-28,1,139.19,4.4,139.19
C00810,560.945.653-39,P0598,2025-01-15,3,394.85,4.4,1184.55
C01879,506.159.399-53,P0476,2025-12-06,1,336.05,3.4,336.05
C01714,457.353.236-60,P1433,2026-07-28,3,232.28,3.6,696.84
C01794,350.313.650-99,P0581,2025-03-31,1,102.31,5.0,102.31
C00579,058.366.834-84,P1464,2025-09-12,1,102.85,4.5,102.85
C01176,934.065.277-01,P0647,2025-02-01,3,44.38,4.0,133.14
C01401,882.493.534-63,P0190,2025-02-26,1,175.57,3.8,175.57
C01935,729.893.762-67,P1511,2025-07-02,1,85.44,4.4,85.44
C00015,627.048.281-05,P008,2025-04-20,3,219.9,4.5,659.7
C01955,022.356.972-08,P0594,2025-01-13,2,82.35,4.2,164.7
C00711,924.632.037-90,P0874,2025-12-26,3,98.92,3.8,296.76
C00257,083.863.794-99,P014,2025-06-10,2,129.9,3.7,259.8
C01232,091.699.854-13,P0070,2026-08-08,2,239.84,3.8,479.68
C01564,906.375.791-35,P0536,2026-06-22,2,195.15,4.6,390.3
C00260,269.166.978-57,P014,2025-02-24,1,129.9,3.9,129.9
C00082,104.332.181-00,P014,2025-10-22,1,129.9,3.2,129.9
C01794,350.313.650-99,P0581,2025-03-31,1,102.31,5.0,102.31
C01868,377.294.209-10,P1023,2025-12-08,2,294.21,2.9,588.42
C00313,238.849.696-92,P004,2025-10-20,1,169.9,4.0,169.9
C01809,396.661.347-64,P0559,2026-08-20,1,202.11,4.1,202.11
C01820,776.657.546-94,P0460,2026-01-13,1,92.73,4.3,92.73
C01995,865.596.309-78,P1192,2025-12-29,1,353.17,3.8,353.17
C00433,083.863.794-99,P009,2025-08-17,2,119.9,3.4,239.8
C01158,808.735.437-00,P0240,2025-02-06,2,217.98,3.4,435.96
C01989,200.720.245-00,P0257,2026-07-14,1,212.67,5.0,212.67
C01806,397.191.260-51,P0930,2025-09-04,2,182.09,5.0,364.18
C01210,547.226.984-90,P1761,2025-06-20,3,288.31,4.7,864.93
C00395,095.701.543-73,P006,2025-12-06,2,189.9,4.0,379.8
C00169,395.376.724-09,P014,2025-02-21,3,129.9,3.8,389.7
C00519,346.060.560-02,P1332,2025-04-11,1,359.79,4.9,359.79
C00131,960.013.389-14,P010,2025-02-20,4,99.9,4.3,399.6
C00391,475.255.341-44,P001,2025-10-21,4,59.9,4.6,239.6
C00150,532.871.012-69,P014,2025-09-21,3,129.9,4.5,389.7
C01525,824.967.183-06,P1634,2025-11-14,2,244.63,3.3,489.26
C01180,869.996.988-05,P0825,2025-09-09,2,301.41,4.4,602.82
C01036,472.197.054-41,P0376,2025-05-28,1,68.31,3.8,68.31
C01620,181.398.909-52,P0236,2026-04-18,1,388.9,3.4,388.9
C00822,650.471.580-71,P1256,2025-12-01,1,307.34,5.0,307.34
C00806,525.459.910-31,P0151,2026-04-12,1,212.86,5.0,212.86
C00414,960.013.389-14,P014,2025-07-23,3,129.9,3.4,389.7
C00890,179.469.548-67,P1602,2025-09-16,1,132.85,4.3,132.85
C00350,395.376.724-09,P011,2025-02-07,1,249.9,4.4,249.9
C01179,736.026.064-73,P0047,2025-10-15,1,147.8,5.0,147.8
C01995,865.596.309-78,P1192,2025-12-29,1,353.17,3.8,353.17
C01067,374.160.898-08,P1922,2026-06-20,3,396.8,3.9,1190.4
C00599,396.136.749-34,P1939,2025-03-14,1,184.45,4.8,184.45
C01377,491.778.507-34,P0119,2026-06-08,1,98.78,4.0,98.78
C01641,660.965.699-19,P1497,2025-07-20,2,369.08,3.2,738.16
C00944,228.225.120-27,P1129,2025-08-25,1,385.11,3.3,385.11
C00501,889.937.567-40,P1948,2025-09-13,1,127.94,4.8,127.94
C01428,990.970.051-40,P1575,2025-06-04,2,97.94,5.0,195.88
C00375,269.166.978-57,P003,2025-05-16,2,149.9,4.6,299.8
C01995,865.596.309-78,P1192,2025-12-29,1,353.17,3.8,353.17
C00636,287.431.527-32,P0761,2026-07-16,2,396.68,4.0,793.36
C00701,569.816.934-96,P0142,2025-09-26,1,313.6,4.1,313.6
C01454,867.024.403-91,P0656,2026-02-01,3,290.94,5.0,872.82
C00025,395.376.724-09,P004,2025-05-16,1,169.9,3.9,169.9
C00406,026.542.351-14,P010,2025-10-28,1,99.9,4.1,99.9
C00252,310.341.316-56,P013,2025-03-12,3,49.9,4.0,149.7
C00783,018.596.263-78,P1649,2025-06-29,3,115.33,3.2,345.99
C01108,879.643.474-03,P0050,2025-05-12,2,129.18,4.9,258.36
C00360,310.341.316-56,P013,2025-10-20,1,49.9,3.6,49.9
C00689,073.651.189-03,P1648,2025-11-19,2,244.85,3.6,489.7
C01545,970.581.629-80,P1146,2025-08-19,2,337.09,3.7,674.18
C01880,346.729.949-02,P0365,2025-10-11,2,353.15,4.9,706.3
C00029,238.849.696-92,P005,2025-03-22,1,229.9,4.3,229.9
C01255,372.450.184-64,P0256,2025-05-22,1,232.48,4.2,232.48
C00052,026.542.351-14,P010,2025-08-11,1,99.9,4.1,99.9
C01041,490.531.520-40,P0529,2025-10-29,1,98.22,5.0,98.22
C01759,468.105.485-21,P1197,2025-11-30,2,257.82,4.2,515.64
C01597,370.096.873-66,P1146,2026-06-21,1,337.09,3.6,337.09
C00466,960.013.389-14,P014,2025-02-07,1,129.9,4.7,129.9
C00518,088.948.018-45,P1779,2025-11-24,1,321.84,2.5,321.84
C01568,981.829.922-14,P1958,2025-01-28,1,120.7,4.0,120.7
C01640,573.993.056-17,P1081,2026-06-28,2,372.72,4.0,745.44
C00562,041.574.733-37,P1869,2025-04-27,2,46.26,4.8,92.52
C00007,095.701.543-73,P003,2025-10-20,2,149.9,4.6,299.8
C00889,335.895.138-37,P1253,2025-11-01,3,306.29,3.9,918.87
C01240,328.980.271-03,P1328,2025-10-19,1,204.81,4.0,204.81
C00888,928.327.648-51,P1322,2026-08-20,1,234.62,4.6,234.62
C01870,610.277.697-64,P0482,2025-05-08,1,230.74,3.7,230.74
C01628,427.865.619-06,P0060,2026-04-27,1,61.93,4.3,61.93
C01576,885.652.715-44,P0213,2026-03-31,3,339.93,3.5,1019.79
C00041,475.255.341-44,P011,2025-02-22,1,249.9,3.7,249.9
C01708,287.431.527-32,P0566,2025-02-27,2,312.14,5.0,624.28
C01511,179.469.548-67,P1817,2026-04-07,3,262.67,3.1,788.01
C00794,557.325.737-47,P1579,2026-05-09,3,217.21,4.8,651.63
C01180,869.996.988-05,P0825,2025-09-09,2,301.41,4.4,602.82
C01649,014.188.421-50,P0667,2025-10-01,2,211.6,4.0,423.2
C01813,793.714.521-88,P0303,2025-09-29,1,288.37,5.0,288.37
C01102,184.723.046-63,P0425,2025-06-16,2,145.98,4.1,291.96
C00083,104.332.181-00,P006,2025-06-02,3,189.9,5.0,569.7
C01238,130.232.129-37,P1731,2025-01-13,1,282.65,4.1,282.65
C01361,875.721.586-33,P1258,2025-10-14,2,159.24,4.6,318.48
C00118,816.184.959-50,P004,2025-04-21,2,169.9,3.0,339.8
C01635,629.613.671-40,P1916,2025-12-09,1,350.2,4.4,350.2
C00404,480.184.514-27,P011,2025-05-12,2,249.9,4.2,499.8
C01781,657.569.245-15,P0310,2026-06-26,2,341.69,4.6,683.38
C01102,184.723.046-63,P0425,2025-06-16,2,145.98,4.1,291.96
C00645,339.439.457-07,P0034,2025-12-24,1,270.33,4.1,270.33
C00118,816.184.959-50,P004,2025-04-21,2,169.9,3.0,339.8
C00036,161.559.407-89,P011,2025-05-15,1,249.9,4.6,249.9
C01483,082.723.590-90,P0166,2025-01-16,1,155.74,5.0,155.74
C00755,601.444.856-05,P0514,2025-04-12,1,128.74,3.4,128.74
C01681,174.101.194-97,P1731,2026-05-29,1,282.65,4.8,282.65
C00462,480.184.514-27,P015,2025-01-30,2,89.9,4.8,179.8
C01841,928.553.595-03,P1746,2026-01-13,5,392.01,4.8,1960.05
C01884,421.476.492-79,P1528,2025-05-11,1,234.91,4.6,234.91
C00204,161.559.407-89,P001,2025-01-20,1,59.9,4.9,59.9
C01294,293.102.707-30,P0397,2025-07-10,1,169.24,5.0,169.24
C01880,346.729.949-02,P0365,2025-10-11,2,353.15,4.9,706.3
C00647,934.065.277-01,P0492,2026-05-04,1,51.23,4.8,51.23
C00136,039.117.182-84,P011,2025-04-12,1,249.9,5.0,249.9
C01751,799.196.234-23,P0131,2026-07-05,3,97.51,5.0,292.53
C00949,095.493.059-29,P1839,2025-05-29,1,101.36,4.3,101.36
C00055,104.332.181-00,P009,2025-10-03,2,119.9,4.7,239.8
C01681,174.101.194-97,P1731,2026-05-29,1,282.65,4.8,282.65
C01358,646.225.223-57,P1532,2025-11-13,1,276.61,4.8,276.61
C00141,480.184.514-27,P002,2025-11-03,1,79.9,3.8,79.9
C00518,088.948.018-45,P1779,2025-11-24,1,321.84,2.5,321.84
C00037,480.184.514-27,P009,2025-12-28,1,119.9,4.2,119.9
C01910,358.414.384-50,P0207,2025-11-03,1,90.13,3.5,90.13
C00050,532.871.012-69,P011,2025-10-02,1,249.9,5.0,249.9
C01592,659.116.655-65,P1268,2025-03-22,3,266.41,2.9,799.23
C01023,182.226.189-97,P1482,2025-10-09,1,145.22,5.0,145.22
C01166,339.055.044-56,P1819,2025-01-31,3,320.21,3.9,960.63
C01624,717.217.337-60,P0916,2026-06-25,2,130.43,4.3,260.86
C01790,434.369.709-64,P1220,2026-02-16,1,159.26,4.1,159.26
C00255,095.701.543-73,P014,2025-12-09,3,129.9,5.0,389.7
C00036,161.559.407-89,P011,2025-05-15,1,249.9,4.6,249.9
C00250,039.117.182-84,P008,2025-09-27,2,219.9,4.5,439.8
C01366,132.719.500-32,P1669,2025-11-04,2,209.69,2.8,419.38
C01138,021.923.785-99,P0020,2026-03-23,2,100.64,3.3,201.28
C00168,960.013.389-14,P003,2025-09-15,4,149.9,4.4,599.6
C00469,310.341.316-56,P012,2025-03-02,2,299.9,4.5,599.8
C01075,176.651.221-67,P0430,2025-01-18,1,59.84,3.8,59.84
C01461,019.179.202-02,P1528,2025-10-30,3,234.91,4.7,704.73
C00687,555.438.404-89,P0051,2025-04-05,1,295.15,4.1,295.15
C01900,223.105.927-49,P0646,2026-08-17,1,348.56,3.7,348.56
C01985,878.844.344-23,P1016,2026-07-26,1,269.89,3.3,269.89
C01533,292.913.203-58,P1138,2026-03-27,1,244.08,4.1,244.08
C00909,691.983.210-05,P0267,2025-02-14,2,134.22,5.0,268.44
C01755,868.034.764-72,P1585,2026-02-01,1,230.84,4.3,230.84
C01456,740.148.902-36,P0174,2026-07-08,2,160.94,4.1,321.88
C01040,093.141.818-63,P1075,2026-06-10,4,377.69,4.2,1510.76
C00888,928.327.648-51,P1322,2026-08-20,1,234.62,4.6,234.62
C01665,213.125.129-70,P0287,2026-01-29,1,380.19,4.1,380.19
C01115,292.087.510-82,P0424,2025-07-22,1,152.07,4.4,152.07
C00366,095.701.543-73,P002,2025-06-13,1,79.9,4.5,79.9
C02000,901.476.797-88,P0516,2025-05-26,2,330.48,3.6,660.96
C00137,095.701.543-73,P004,2025-11-28,1,169.9,4.1,169.9
C01391,378.306.396-55,P1129,2026-05-30,1,385.11,3.4,385.11
C01312,971.506.662-30,P1689,2026-07-11,2,360.37,3.9,720.74
C01173,473.597.746-59,P0464,2025-08-02,3,48.25,3.3,144.75
C00104,269.166.978-57,P003,2025-09-25,4,149.9,4.0,599.6
C00986,796.114.351-34,P0464,2026-03-30,1,48.25,3.5,48.25
C01785,951.330.531-77,P0720,2025-04-08,2,157.35,4.4,314.7
C00480,816.184.959-50,P012,2025-06-30,1,299.9,4.1,299.9
C01384,748.467.737-01,P1119,2025-10-25,1,308.08,4.0,308.08
C01718,630.453.069-26,P0759,2025-06-12,1,362.18,4.4,362.18
C01905,957.443.034-05,P0219,2025-03-14,2,133.88,4.0,267.76
C01033,999.741.926-09,P1916,2026-05-09,4,350.2,4.6,1400.8
C00628,881.056.974-16,P1554,2026-06-21,2,118.17,4.1,236.34
C01400,009.751.971-50,P1753,2026-07-09,3,399.83,4.2,1199.49
C00973,513.052.312-10,P1112,2025-07-26,1,143.78,3.0,143.78
C01255,372.450.184-64,P0256,2025-05-22,1,232.48,4.2,232.48
C01484,655.125.674-03,P1967,2025-11-15,3,320.5,3.7,961.5
C01421,076.617.711-44,P1878,2026-08-30,5,390.61,3.7,1953.05
C00486,278.248.963-15,P015,2025-09-05,2,89.9,3.6,179.8
C01512,971.509.688-30,P0338,2025-01-26,1,87.87,4.1,87.87
C01084,987.411.325-13,P0545,2026-01-13,2,196.98,4.7,393.96
C01862,773.126.881-01,P1913,2025-06-28,2,337.09,4.5,674.18
C01319,341.465.111-43,P0552,2025-04-14,1,357.79,3.6,357.79
C01784,241.270.493-75,P1266,2025-07-04,1,96.02,4.6,96.02
C01958,868.740.345-37,P1708,2025-05-23,2,397.6,4.7,795.2
C01990,299.737.631-90,P1914,2025-09-21,3,288.31,4.8,864.93
C01490,792.234.103-20,P0401,2025-11-19,2,316.42,3.6,632.84
C01195,717.217.337-60,P1064,2025-08-29,1,104.9,3.2,104.9
C00237,026.542.351-14,P010,2025-09-17,1,99.9,4.0,99.9
C00773,080.815.712-48,P0279,2026-02-25,1,308.17,4.8,308.17
C00951,481.754.965-33,P1597,2026-07-28,1,331.04,4.7,331.04
C01562,104.332.181-00,P1981,2025-09-15,1,120.12,4.9,120.12
C01178,837.455.084-83,P1254,2026-04-18,3,301.65,3.8,904.95
C00879,817.852.282-93,P1238,2026-08-15,2,47.19,3.7,94.38
C00294,350.305.641-60,P013,2025-08-18,1,49.9,4.4,49.9
C01432,286.790.874-40,P1297,2025-10-23,2,394.13,3.4,788.26
C00864,997.990.707-08,P1354,2025-12-28,1,372.49,4.9,372.49
C00073,095.701.543-73,P010,2025-06-12,4,99.9,4.7,399.6
C00569,734.764.273-66,P1709,2025-11-27,4,323.42,4.9,1293.68
C01759,468.105.485-21,P1197,2025-11-30,2,257.82,4.2,515.64
C00238,026.542.351-14,P006,2025-10-12,1,189.9,4.5,189.9
C00813,288.619.576-68,P1287,2026-07-27,5,193.21,3.9,966.05
C01025,929.880.858-54,P0303,2025-09-29,3,288.37,4.6,865.11
C00168,960.013.389-14,P003,2025-09-15,4,149.9,4.4,599.6
C00332,960.013.389-14,P002,2025-12-10,2,79.9,4.5,159.8
C01881,698.152.873-89,P1589,2025-09-17,4,328.74,5.0,1314.96
C01182,253.666.777-42,P0447,2025-11-22,1,348.03,4.7,348.03
C00421,816.184.959-50,P010,2025-11-24,3,99.9,4.5,299.7
C00340,480.184.514-27,P004,2025-11-10,1,169.9,4.6,169.9
C00852,543.173.505-56,P1018,2025-07-23,1,193.39,3.6,193.39
C01448,734.206.969-81,P1271,2026-03-18,1,299.27,4.7,299.27
C01461,019.179.202-02,P1528,2025-10-30,3,234.91,4.7,704.73
C00391,475.255.341-44,P001,2025-10-21,4,59.9,4.6,239.6
C01452,544.948.126-84,P1015,2025-10-28,2,256.53,3.9,513.06
C01793,777.296.656-38,P0490,2025-02-14,3,105.44,4.3,316.32
C00453,475.255.341-44,P009,2025-04-22,3,119.9,4.0,359.7
C00053,395.376.724-09,P007,2025-11-07,5,139.9,5.0,699.5
C01918,920.613.638-06,P1004,2025-10-30,3,223.87,3.8,671.61
C01044,968.827.697-96,P0852,2026-03-22,3,352.0,3.2,1056.0
C01553,642.152.265-38,P0976,2025-08-03,1,336.3,4.8,336.3
C00641,469.263.296-80,P0173,2026-03-18,1,186.6,5.0,186.6
C00599,396.136.749-34,P1939,2025-03-14,1,184.45,4.8,184.45
C00451,104.332.181-00,P004,2025-04-16,1,169.9,3.7,169.9
C00435,310.341.316-56,P010,2025-10-02,1,99.9,3.9,99.9
C00944,228.225.120-27,P1129,2025-08-25,1,385.11,3.3,385.11
C00212,083.863.794-99,P011,2025-04-19,2,249.9,4.3,499.8
C01685,888.992.107-21,P1341,2025-10-25,1,171.21,3.9,171.21
C01023,182.226.189-97,P1482,2025-10-09,1,145.22,5.0,145.22
C01831,278.532.426-97,P1983,2025-09-02,2,84.25,4.3,168.5
C01005,346.729.949-02,P1617,2026-02-09,3,150.97,4.0,452.91
C00607,681.820.967-07,P0734,2026-02-06,4,377.86,4.9,1511.44
C01030,268.171.516-43,P1471,2025-10-16,1,287.99,4.9,287.99
C00309,026.542.351-14,P013,2025-05-28,1,49.9,4.1,49.9
C01649,014.188.421-50,P0667,2025-10-01,2,211.6,4.0,423.2
C01441,204.482.070-60,P1793,2026-02-18,1,83.55,3.8,83.55
C00295,475.255.341-44,P005,2025-08-29,4,229.9,4.9,919.6
C01164,290.018.513-04,P1867,2026-07-16,1,116.94,4.7,116.94
C01076,860.030.443-14,P0426,2025-10-28,1,382.05,3.5,382.05
C00403,161.559.407-89,P005,2025-01-22,1,229.9,4.6,229.9
C00245,269.166.978-57,P008,2025-06-24,1,219.9,4.1,219.9
C01521,801.006.231-66,P0440,2025-07-10,1,71.62,5.0,71.62
C00529,740.903.802-00,P0701,2026-04-17,2,145.0,4.1,290.0
C01038,095.449.791-07,P0914,2026-06-15,4,76.41,3.8,305.64
C00496,026.542.351-14,P015,2025-09-28,4,89.9,3.8,359.6
C01307,096.561.014-48,P0529,2025-12-30,1,98.22,5.0,98.22
C00098,532.871.012-69,P007,2025-04-12,1,139.9,4.1,139.9
C00719,105.053.795-54,P1672,2026-06-05,2,156.44,3.8,312.88
C01095,020.586.950-54,P1186,2026-04-15,1,341.88,5.0,341.88
C00879,817.852.282-93,P1238,2026-08-15,2,47.19,3.7,94.38
C01225,980.061.558-01,P1930,2026-04-07,1,79.21,4.5,79.21
C00361,104.332.181-00,P008,2025-11-18,2,219.9,4.1,439.8
C00884,772.512.957-09,P1503,2026-02-11,4,78.44,3.8,313.76
C01514,478.189.137-34,P0464,2026-07-10,1,48.25,3.6,48.25
C00668,096.561.014-48,P0077,2026-01-27,1,148.35,4.8,148.35
C00315,489.325.288-70,P009,2025-01-11,1,119.9,3.4,119.9
C01696,131.869.993-24,P1261,2025-12-05,1,281.13,5.0,281.13
C01557,471.960.940-69,P1337,2025-07-03,3,188.88,3.3,566.64
C01361,875.721.586-33,P1258,2025-10-14,2,159.24,4.6,318.48
C01597,370.096.873-66,P1146,2026-06-21,1,337.09,3.6,337.09
C01558,604.615.402-23,P0886,2025-01-14,2,229.0,4.5,458.0
C01494,471.959.796-36,P0052,2025-08-24,1,83.57,3.7,83.57
C01019,033.793.375-87,P0513,2026-06-08,2,347.89,3.1,695.78
C00039,039.117.182-84,P009,2025-03-17,1,119.9,4.4,119.9
C01195,717.217.337-60,P1064,2025-08-29,1,104.9,3.2,104.9
C00547,217.223.320-00,P0984,2025-09-22,3,191.36,3.9,574.08
C01547,387.592.712-56,P1489,2026-01-06,2,338.86,4.4,677.72
C00937,945.198.327-99,P0307,2026-01-19,2,274.14,4.0,548.28
C01811,640.537.735-04,P1675,2026-08-19,3,349.3,4.5,1047.9
C01192,303.723.683-36,P1405,2025-11-20,2,323.89,4.2,647.78
C01102,184.723.046-63,P0425,2025-06-16,2,145.98,4.1,291.96
C01839,252.410.564-40,P1696,2025-12-09,4,48.91,5.0,195.64
C00951,481.754.965-33,P1597,2026-07-28,1,331.04,4.7,331.04
C00752,066.504.427-55,P0806,2026-04-04,1,125.78,4.0,125.78
C00744,927.742.333-13,P1134,2025-09-05,2,343.18,4.0,686.36
C01751,799.196.234-23,P0131,2026-07-05,3,97.51,5.0,292.53
C01513,639.821.465-00,P1537,2025-11-06,2,305.68,4.0,611.36
C00327,627.048.281-05,P006,2025-09-23,1,189.9,5.0,189.9
C00985,428.596.932-70,P0966,2025-10-19,1,299.69,3.8,299.69
C00743,878.844.344-23,P1774,2026-02-02,2,165.77,4.8,331.54
C01294,293.102.707-30,P0397,2025-07-10,1,169.24,5.0,169.24
C00105,928.327.648-51,P010,2025-10-03,3,99.9,3.4,299.7
C01429,385.467.854-14,P0453,2025-12-16,3,152.65,3.6,457.95
C01485,194.425.892-29,P0334,2026-04-20,1,142.13,4.1,142.13
C00454,350.305.641-60,P004,2025-10-22,1,169.9,3.9,169.9
C00302,475.255.341-44,P014,2025-08-19,3,129.9,4.7,389.7
C01256,943.325.623-99,P0850,2026-04-29,1,254.19,3.9,254.19
C00515,998.989.721-22,P1482,2025-11-01,2,145.22,3.8,290.44
C01884,421.476.492-79,P1528,2025-05-11,1,234.91,4.6,234.91
C01551,123.274.897-84,P0397,2025-12-11,2,169.24,5.0,338.48
C01911,659.266.108-93,P0939,2025-04-05,1,78.24,4.6,78.24
C01070,838.688.891-16,P1207,2026-07-04,2,143.55,3.3,287.1
C01877,655.779.082-05,P1141,2026-02-07,1,165.87,4.6,165.87
C00028,238.849.696-92,P015,2025-02-05,3,89.9,4.4,269.7
C00580,531.943.375-13,P0256,2025-03-04,2,232.48,4.0,464.96
C00005,960.013.389-14,P004,2025-02-04,4,169.9,4.2,679.6
C01356,047.541.212-52,P1189,2026-03-18,1,234.84,4.0,234.84
C01022,387.509.977-00,P0844,2026-04-10,2,297.88,4.2,595.76
C00576,800.106.181-71,P0886,2025-11-16,3,229.0,3.5,687.0
C00610,168.601.347-71,P0247,2026-07-04,1,203.38,4.5,203.38
C01288,331.537.795-20,P1772,2025-03-02,4,241.09,3.9,964.36
C00361,104.332.181-00,P008,2025-11-18,2,219.9,4.1,439.8
C01030,268.171.516-43,P1471,2025-10-16,1,287.99,4.9,287.99
C01228,754.661.766-99,P0068,2025-09-23,1,348.95,4.9,348.95
C00480,816.184.959-50,P012,2025-06-30,1,299.9,4.1,299.9
C00457,960.013.389-14,P009,2025-10-30,3,119.9,4.5,359.7
C00709,257.532.603-65,P0183,2026-02-19,3,100.04,5.0,300.12
C01185,699.586.693-23,P0862,2025-08-10,1,104.43,4.5,104.43
C00509,691.311.964-03,P1876,2025-11-14,2,130.48,5.0,260.96
C00759,691.311.964-03,P0099,2025-04-24,1,203.42,5.0,203.42
C01087,923.234.210-34,P1024,2025-02-07,2,123.97,3.8,247.94
C00374,350.305.641-60,P009,2025-01-05,3,119.9,3.4,359.7
C01138,021.923.785-99,P0020,2026-03-23,2,100.64,3.3,201.28
C00277,475.255.341-44,P012,2025-08-13,5,299.9,3.9,1499.5
C00286,489.325.288-70,P002,2025-11-27,2,79.9,3.6,159.8
C00474,395.376.724-09,P015,2025-04-15,1,89.9,3.3,89.9
C00574,223.105.927-49,P0825,2026-07-31,1,301.41,4.0,301.41
C00060,532.871.012-69,P011,2025-03-31,2,249.9,5.0,499.8
C01924,580.741.209-53,P0222,2025-03-29,1,275.21,4.3,275.21
C00617,385.179.937-21,P0050,2025-02-13,4,129.18,5.0,516.72
C01610,973.597.107-07,P0835,2026-08-19,2,125.83,4.2,251.66
C01804,989.319.508-02,P006,2025-07-02,1,189.9,5.0,189.9
C01602,143.643.813-65,P0407,2025-07-11,2,399.89,4.8,799.78
C01663,104.967.066-32,P0192,2025-12-01,4,156.42,4.3,625.68
C00201,238.849.696-92,P002,2025-12-12,1,79.9,5.0,79.9
C00745,472.727.423-05,P0561,2025-05-08,1,378.79,5.0,378.79
C01493,881.056.974-16,P1392,2026-07-21,2,48.57,5.0,97.14
C01152,663.439.252-87,P0238,2025-03-30,1,306.67,4.0,306.67
C00012,928.327.648-51,P008,2025-05-08,3,219.9,4.4,659.7
C01135,005.329.318-58,P1948,2026-01-07,1,127.94,4.0,127.94
C01610,973.597.107-07,P0835,2026-08-19,2,125.83,4.2,251.66
C01658,350.313.650-99,P1865,2025-01-04,1,137.23,4.7,137.23
C00768,045.025.896-32,P1381,2026-06-26,1,168.84,5.0,168.84
C00473,627.048.281-05,P008,2025-02-20,3,219.9,4.2,659.7
C00620,693.792.374-05,P1740,2026-06-10,2,233.59,3.9,467.18
C00593,120.047.113-02,P0323,2025-12-22,1,188.13,5.0,188.13
C00694,054.932.966-83,P1057,2025-04-17,1,63.83,5.0,63.83
C00604,014.294.019-40,P1851,2025-11-14,1,313.26,4.8,313.26
C00915,743.027.169-32,P0599,2025-12-04,3,292.98,5.0,878.94
C00082,104.332.181-00,P014,2025-10-22,1,129.9,3.2,129.9
C00551,108.046.619-36,P1852,2025-11-11,2,211.21,4.2,422.42
C00630,642.152.265-38,P1464,2026-07-22,1,102.85,4.9,102.85
C00307,627.048.281-05,P008,2025-11-12,1,219.9,4.6,219.9
C01756,038.843.660-33,P1384,2025-11-05,1,394.48,3.4,394.48
C01351,581.467.179-34,P1376,2025-06-21,1,69.64,4.0,69.64
C01824,795.563.318-08,P1311,2025-10-04,1,192.13,3.4,192.13
C01124,665.722.402-82,P0616,2025-03-18,1,111.28,5.0,111.28
C00220,269.166.978-57,P009,2025-02-28,2,119.9,4.2,239.8
C01810,165.790.552-78,P1436,2026-04-30,4,137.02,4.6,548.08
C00917,814.973.746-42,P1424,2025-02-12,5,388.18,4.2,1940.9
C01369,934.065.277-01,P1525,2025-11-30,3,42.96,3.9,128.88
C00763,223.253.672-66,P0168,2025-08-25,4,376.61,4.9,1506.44
C00989,701.436.349-25,P0188,2026-08-08,4,289.3,4.0,1157.2
C00979,341.678.127-97,P0171,2025-01-19,1,348.71,4.5,348.71
C00570,734.151.488-40,P1263,2026-05-04,2,63.98,5.0,127.96
C01110,106.092.098-09,P1180,2026-06-01,1,195.67,4.5,195.67
C01468,403.910.651-22,P0369,2025-06-03,1,348.36,5.0,348.36
C00041,475.255.341-44,P011,2025-02-22,1,249.9,3.7,249.9
C00262,475.255.341-44,P006,2025-03-28,1,189.9,4.3,189.9
C01685,888.992.107-21,P1341,2025-10-25,1,171.21,3.9,171.21
C01140,109.678.994-94,P1180,2026-07-19,1,195.67,4.0,195.67
C01948,114.983.074-34,P1925,2025-12-01,2,106.7,4.3,213.4
C01210,547.226.984-90,P1761,2025-06-20,3,288.31,4.7,864.93
C01307,096.561.014-48,P0529,2025-12-30,1,98.22,5.0,98.22
C01799,888.718.981-17,P0863,2025-02-25,4,199.14,4.6,796.56
C01321,880.053.789-80,P0978,2026-01-30,1,300.88,3.9,300.88
C00660,641.708.053-64,P0057,2025-11-11,2,280.74,4.4,561.48
C01056,166.123.740-12,P1656,2025-03-11,3,292.0,4.1,876.0
C00472,238.849.696-92,P005,2025-05-14,1,229.9,5.0,229.9
C00669,509.754.510-90,P1523,2025-04-15,1,356.88,3.6,356.88
C01361,875.721.586-33,P1258,2025-10-14,2,159.24,4.6,318.48
C00298,278.248.963-15,P003,2025-05-09,1,149.9,4.9,149.9
C01344,435.811.288-96,P0605,2025-09-21,2,354.74,4.3,709.48
C01169,642.361.032-06,P1214,2026-05-20,1,247.16,5.0,247.16
C00617,385.179.937-21,P0050,2025-02-13,4,129.18,5.0,516.72
C00090,395.376.724-09,P013,2025-07-14,1,49.9,4.3,49.9
C01410,337.312.552-94,P1539,2026-01-10,4,106.21,4.6,424.84
C01650,051.477.053-84,P1942,2026-08-10,5,351.24,5.0,1756.2
C01461,019.179.202-02,P1528,2025-10-30,3,234.91,4.7,704.73
C00842,078.593.110-46,P1004,2025-06-24,1,223.87,3.3,223.87
C01308,201.753.703-97,P1428,2026-04-22,1,237.56,5.0,237.56
C00830,816.184.959-50,P0473,2025-05-26,2,72.11,4.2,144.22
C00717,617.357.438-10,P0126,2026-06-18,1,349.57,4.2,349.57
C00655,580.935.118-22,P1364,2026-07-18,2,376.38,4.3,752.76
C00422,083.863.794-99,P007,2025-12-09,1,139.9,3.9,139.9
C01939,820.297.021-02,P1539,2026-06-10,1,106.21,4.2,106.21
C01333,556.383.000-40,P1552,2026-03-07,3,217.89,4.6,653.67
C00350,395.376.724-09,P011,2025-02-07,1,249.9,4.4,249.9
C01731,847.457.054-92,P1147,2026-06-25,2,351.29,4.7,702.58
C00303,104.332.181-00,P007,2025-01-28,1,139.9,4.1,139.9
C01188,567.983.631-99,P1421,2025-09-07,2,245.06,4.0,490.12
C00332,960.013.389-14,P002,2025-12-10,2,79.9,4.5,159.8
C00723,880.053.789-80,P0996,2025-08-16,4,271.59,4.9,1086.36
C01318,333.447.626-05,P0262,2025-01-13,2,224.18,5.0,448.36
C01999,942.141.052-14,P1931,2025-02-01,1,285.32,4.8,285.32
C01984,005.329.318-58,P1475,2025-01-04,1,336.67,4.4,336.67
C01792,510.740.913-02,P1646,2026-04-03,1,98.61,3.9,98.61
C00471,475.255.341-44,P009,2025-06-14,3,119.9,3.6,359.7
C00188,960.013.389-14,P015,2025-11-07,2,89.9,4.1,179.8
C01812,173.934.835-48,P0608,2025-02-02,1,299.03,5.0,299.03
C01847,997.029.271-45,P1763,2025-05-01,1,97.51,4.0,97.51
C00558,690.333.736-96,P0979,2025-05-22,1,358.11,5.0,358.11
C00039,039.117.182-84,P009,2025-03-17,1,119.9,4.4,119.9
C01296,655.779.082-05,P0120,2025-09-19,1,91.86,3.9,91.86
C00153,960.013.389-14,P004,2025-05-17,2,169.9,4.5,339.8
C00081,960.013.389-14,P004,2025-08-04,1,169.9,4.2,169.9
C01875,197.218.114-91,P1179,2025-09-02,1,50.93,3.9,50.93
C00992,232.194.168-53,P0025,2026-04-30,1,193.39,3.8,193.39
C00225,083.863.794-99,P015,2025-02-11,1,89.9,4.2,89.9
C01310,264.712.463-90,P1019,2025-04-15,1,369.29,4.4,369.29
C00739,174.101.194-97,P1780,2025-06-08,2,202.32,4.8,404.64
C01073,127.990.881-55,P1372,2025-06-21,3,85.69,4.5,257.07
C01798,196.463.004-56,P0858,2025-06-03,1,221.33,4.3,221.33
C00476,095.701.543-73,P015,2025-10-27,2,89.9,4.0,179.8
C01294,293.102.707-30,P0397,2025-07-10,1,169.24,5.0,169.24
C01657,885.102.726-97,P0781,2025-06-19,1,121.09,4.2,121.09
C00848,325.250.029-97,P1427,2025-02-19,1,340.84,4.5,340.84
C01941,740.148.902-36,P1189,2025-06-22,1,234.84,3.8,234.84
C00897,310.438.419-38,P0675,2026-08-05,2,245.55,4.3,491.1
C00919,544.439.284-48,P0399,2025-09-29,4,129.42,4.6,517.68
C01769,679.121.416-34,P0884,2025-04-13,1,313.91,5.0,313.91
C01272,884.422.583-29,P0322,2025-02-01,2,311.69,4.2,623.38
C01738,945.101.622-86,P0629,2025-07-18,3,346.29,5.0,1038.87
C01581,777.296.656-38,P1674,2026-06-05,2,313.71,3.3,627.42
C01425,337.320.430-53,P1769,2025-08-24,2,244.63,3.9,489.26
C00483,083.863.794-99,P014,2025-12-09,1,129.9,4.5,129.9
C00798,353.693.785-33,P0345,2026-02-09,1,213.68,5.0,213.68
C01729,645.465.535-01,P1364,2026-07-11,3,376.38,4.0,1129.14
C01233,324.006.157-05,P0678,2025-12-10,2,178.52,4.7,357.04
C00561,965.049.627-07,P1471,2025-03-02,1,287.99,3.7,287.99
C00655,580.935.118-22,P1364,2026-07-18,2,376.38,4.3,752.76
C01552,681.820.967-07,P1181,2026-05-20,1,170.96,4.4,170.96
C00357,816.184.959-50,P010,2025-10-25,1,99.9,3.8,99.9
C00225,083.863.794-99,P015,2025-02-11,1,89.9,4.2,89.9
C01531,980.061.558-01,P0248,2025-08-06,3,315.19,3.3,945.57
C00577,640.376.137-43,P0617,2026-05-16,1,74.2,5.0,74.2
C01531,980.061.558-01,P0248,2025-08-06,3,315.19,3.3,945.57
C01068,870.104.159-27,P1444,2025-11-20,1,359.02,4.0,359.02
C01996,516.994.970-79,P0225,2026-02-25,2,87.25,4.7,174.5
C01050,331.537.795-20,P0738,2025-09-03,2,154.47,4.2,308.94
C01735,942.843.479-50,P1114,2025-04-05,1,114.92,3.4,114.92
C01701,097.461.917-56,P1350,2025-06-07,2,153.9,3.3,307.8
C00424,480.184.514-27,P013,2025-05-17,4,49.9,3.9,199.6
C01993,339.137.326-16,P0402,2025-07-13,3,130.66,4.5,391.98
C01492,127.238.046-74,P1310,2026-06-24,1,334.06,5.0,334.06
C00215,095.701.543-73,P004,2025-10-28,1,169.9,4.4,169.9
C00013,083.863.794-99,P008,2025-10-09,1,219.9,4.0,219.9
C00543,889.937.567-40,P0790,2025-03-23,1,217.52,4.4,217.52
C00033,350.305.641-60,P010,2025-04-18,2,99.9,4.4,199.8
C00716,127.238.046-74,P0340,2025-01-22,1,259.94,5.0,259.94
C01993,339.137.326-16,P0402,2025-07-13,3,130.66,4.5,391.98
C00958,807.836.134-31,P0664,2026-08-05,2,161.91,3.7,323.82
C00048,475.255.341-44,P001,2025-12-04,1,59.9,3.7,59.9
C00988,181.677.848-60,P1328,2025-03-10,1,204.81,4.3,204.81
C00439,480.184.514-27,P011,2025-06-07,2,249.9,3.9,499.8
C01713,610.277.697-64,P0417,2026-05-11,3,195.4,5.0,586.2
C00182,480.184.514-27,P015,2025-05-28,2,89.9,3.3,179.8
C01542,872.333.510-66,P1762,2025-07-05,1,362.16,5.0,362.16
C00892,213.074.235-15,P1741,2025-06-24,1,314.29,3.3,314.29
C00038,161.559.407-89,P009,2025-01-19,3,119.9,4.0,359.7
C01347,537.599.004-02,P0850,2026-01-12,1,254.19,4.7,254.19
C00911,975.711.305-06,P0646,2025-09-01,1,348.56,2.8,348.56
C01544,283.483.152-17,P0958,2025-11-11,2,90.43,3.5,180.86
C01237,676.720.957-06,P1726,2025-12-29,2,45.91,5.0,91.82
C01575,875.721.586-33,P1867,2026-04-26,2,116.94,4.6,233.88
C00921,412.833.372-74,P0228,2026-07-19,1,323.36,4.2,323.36
C00016,104.332.181-00,P007,2025-05-16,4,139.9,4.2,559.6
C00262,475.255.341-44,P006,2025-03-28,1,189.9,4.3,189.9
C00918,210.202.758-98,P1871,2025-03-17,1,170.27,3.3,170.27
C00795,694.320.293-60,P1087,2025-02-23,4,187.09,3.7,748.36
C01589,082.611.231-54,P1813,2025-12-26,2,255.79,4.5,511.58
C00824,158.904.290-51,P0724,2026-01-08,1,377.24,4.0,377.24
C01721,835.523.124-47,P1783,2026-03-07,2,386.56,3.7,773.12
C00376,532.871.012-69,P001,2025-10-19,2,59.9,4.1,119.8
C00770,867.925.298-00,P1943,2026-01-07,1,337.82,5.0,337.82
C01513,639.821.465-00,P1537,2025-11-06,2,305.68,4.0,611.36
C00249,928.327.648-51,P004,2025-09-20,1,169.9,3.8,169.9
C00643,182.744.857-18,P0622,2025-04-02,4,135.71,2.7,542.84
C01504,068.212.235-13,P0985,2025-09-27,1,234.58,4.7,234.58
C01178,837.455.084-83,P1254,2026-04-18,3,301.65,3.8,904.95
C01557,471.960.940-69,P1337,2025-07-03,3,188.88,3.3,566.64
C01032,328.980.271-03,P0574,2025-09-11,1,264.33,4.2,264.33
C01719,734.151.773-51,P0192,2026-04-13,2,156.42,4.5,312.84
C01755,868.034.764-72,P1585,2026-02-01,1,230.84,4.3,230.84
C01950,440.766.349-93,P0640,2025-11-17,1,91.58,3.9,91.58
C00245,269.166.978-57,P008,2025-06-24,1,219.9,4.1,219.9
C01183,915.618.298-89,P1071,2025-01-28,1,142.65,4.2,142.65
C00229,095.701.543-73,P012,2025-04-21,1,299.9,4.9,299.9
C00458,269.166.978-57,P009,2025-09-11,1,119.9,3.7,119.9
C00601,554.864.015-15,P0270,2025-02-06,1,121.94,5.0,121.94
C01293,987.820.829-01,P1183,2025-02-11,1,180.2,4.8,180.2
C00863,234.289.311-65,P1961,2025-10-30,1,135.01,3.6,135.01
C01730,455.574.696-13,P1148,2025-03-06,1,66.51,4.6,66.51
C00598,090.463.766-21,P1299,2025-11-03,1,174.39,5.0,174.39
C01235,702.070.160-46,P0523,2026-02-01,2,337.59,3.7,675.18
C01527,706.056.641-45,P0453,2025-12-28,1,152.65,3.7,152.65
C01961,468.105.485-21,P0971,2025-05-18,1,205.23,3.8,205.23
C00491,238.849.696-92,P005,2025-07-23,1,229.9,5.0,229.9
C01468,403.910.651-22,P0369,2025-06-03,1,348.36,5.0,348.36
C00170,480.184.514-27,P001,2025-03-15,1,59.9,4.7,59.9
C01087,923.234.210-34,P1024,2025-02-07,2,123.97,3.8,247.94
C00828,536.822.239-40,P0027,2025-09-04,1,205.64,4.5,205.64
C01918,920.613.638-06,P1004,2025-10-30,3,223.87,3.8,671.61
C01547,387.592.712-56,P1489,2026-01-06,2,338.86,4.4,677.72
C01855,096.561.014-48,P1038,2025-04-13,3,291.56,4.3,874.68
C01702,485.625.728-53,P0676,2025-06-22,2,211.04,4.0,422.08
C00822,650.471.580-71,P1256,2025-12-01,1,307.34,5.0,307.34
C01467,497.567.922-13,P1230,2026-04-09,3,79.72,3.3,239.16
C00061,350.305.641-60,P007,2025-10-08,3,139.9,4.3,419.7
C01116,063.519.036-29,P0668,2026-05-18,1,57.87,4.1,57.87
C00095,026.542.351-14,P010,2025-04-22,2,99.9,4.2,199.8
C01449,739.774.063-45,P0367,2026-07-01,3,340.22,3.6,1020.66
C01934,093.106.684-07,P1489,2025-07-01,2,338.86,3.8,677.72
C01363,699.586.693-23,P1228,2026-03-01,2,307.72,3.7,615.44
C01680,171.236.851-64,P0500,2025-12-03,4,361.97,4.8,1447.88
C00469,310.341.316-56,P012,2025-03-02,2,299.9,4.5,599.8
C01988,876.553.007-12,P0406,2026-03-01,1,147.97,4.6,147.97
C01102,184.723.046-63,P0425,2025-06-16,2,145.98,4.1,291.96
C01349,773.126.881-01,P0307,2025-01-17,3,274.14,4.0,822.42
C01542,872.333.510-66,P1762,2025-07-05,1,362.16,5.0,362.16
C01280,687.234.309-58,P1699,2026-08-31,1,61.28,5.0,61.28
C00635,241.270.493-75,P1557,2026-08-07,2,329.89,3.9,659.78
C01223,682.509.522-60,P1524,2026-02-04,3,183.82,3.6,551.46
C01308,201.753.703-97,P1428,2026-04-22,1,237.56,5.0,237.56
C01715,876.553.007-12,P1681,2025-01-08,2,175.28,4.0,350.56
C00963,759.025.176-30,P1014,2025-09-25,3,111.34,3.6,334.02
C01004,297.585.988-05,P0489,2026-03-31,4,54.41,4.5,217.64
C01007,243.588.537-73,P0236,2026-01-21,2,388.9,3.6,777.8
C00229,095.701.543-73,P012,2025-04-21,1,299.9,4.9,299.9
C00181,480.184.514-27,P011,2025-05-11,2,249.9,4.1,499.8
C00041,475.255.341-44,P011,2025-02-22,1,249.9,3.7,249.9
C01333,556.383.000-40,P1552,2026-03-07,3,217.89,4.6,653.67
C00838,885.015.569-71,P0766,2025-04-12,3,332.05,4.1,996.15
C01732,344.857.142-33,P0609,2026-02-27,4,279.73,4.5,1118.92
C01405,165.585.239-65,P1179,2026-08-31,2,50.93,4.3,101.86
C00283,238.849.696-92,P005,2025-12-02,2,229.9,4.2,459.8
C00201,238.849.696-92,P002,2025-12-12,1,79.9,5.0,79.9
C00733,045.069.176-42,P0984,2025-08-05,2,191.36,4.0,382.72
C01842,472.727.423-05,P014,2026-07-05,1,129.9,4.3,129.9
C00098,532.871.012-69,P007,2025-04-12,1,139.9,4.1,139.9
C00375,269.166.978-57,P003,2025-05-16,2,149.9,4.6,299.8
C00060,532.871.012-69,P011,2025-03-31,2,249.9,5.0,499.8
C00828,536.822.239-40,P0027,2025-09-04,1,205.64,4.5,205.64
C01980,045.792.714-32,P1851,2026-01-12,1,313.26,4.7,313.26
C01368,311.587.605-07,P1411,2025-02-28,4,221.28,3.9,885.12
C00987,837.455.084-83,P1223,2025-06-05,1,251.49,4.7,251.49
C00289,161.559.407-89,P002,2025-06-01,3,79.9,4.8,239.7
C00712,941.184.913-03,P0479,2026-05-16,1,273.19,4.1,273.19
C01050,331.537.795-20,P0738,2025-09-03,2,154.47,4.2,308.94
C00550,782.079.799-17,P0338,2025-12-12,4,87.87,3.8,351.48
C01411,333.021.260-85,P0036,2025-04-14,3,150.12,2.6,450.36
C01961,468.105.485-21,P0971,2025-05-18,1,205.23,3.8,205.23
C00412,039.117.182-84,P004,2025-10-01,2,169.9,4.0,339.8
C00505,144.158.331-95,P1159,2025-06-13,2,324.56,3.9,649.12
C00253,350.305.641-60,P006,2025-03-03,1,189.9,4.8,189.9
C01452,544.948.126-84,P1015,2025-10-28,2,256.53,3.9,513.06
C00924,456.690.782-17,P1726,2025-06-07,1,45.91,4.5,45.91
C00568,247.073.920-91,P0919,2025-09-06,1,102.04,4.4,102.04
C00439,480.184.514-27,P011,2025-06-07,2,249.9,3.9,499.8
C00141,480.184.514-27,P002,2025-11-03,1,79.9,3.8,79.9
C00953,759.025.176-30,P1825,2025-03-05,4,317.93,4.4,1271.72
C01367,045.792.714-32,P0523,2025-08-07,2,337.59,4.9,675.18
C00471,475.255.341-44,P009,2025-06-14,3,119.9,3.6,359.7
C00004,475.255.341-44,P001,2025-02-06,2,59.9,4.3,119.8
C00947,816.184.959-50,P0231,2025-08-18,3,375.37,4.4,1126.11
C01352,858.167.046-64,P0719,2025-07-10,1,102.49,4.7,102.49
C00690,921.581.897-97,P1735,2025-11-08,1,238.04,3.4,238.04
C00501,889.937.567-40,P1948,2025-09-13,1,127.94,4.8,127.94
C00309,026.542.351-14,P013,2025-05-28,1,49.9,4.1,49.9
C01493,881.056.974-16,P1392,2026-07-21,2,48.57,5.0,97.14
C01724,147.379.965-13,P0181,2025-03-22,1,186.08,4.6,186.08
C01540,175.207.167-08,P0422,2026-07-30,2,231.02,4.0,462.04
C01037,661.016.831-84,P1273,2026-03-10,3,152.06,4.3,456.18
C01449,739.774.063-45,P0367,2026-07-01,3,340.22,3.6,1020.66
C00794,557.325.737-47,P1579,2026-05-09,3,217.21,4.8,651.63
C00049,395.376.724-09,P005,2025-02-05,4,229.9,4.6,919.6
C00736,432.830.965-03,P1196,2026-01-31,1,40.36,4.5,40.36
C01408,627.048.281-05,P0990,2025-06-01,2,134.79,3.4,269.58
C01295,130.753.841-00,P0896,2025-08-20,1,373.08,4.2,373.08
C01981,471.754.558-36,P1186,2025-03-24,1,341.88,4.8,341.88
C01995,865.596.309-78,P1192,2025-12-29,1,353.17,3.8,353.17
C00486,278.248.963-15,P015,2025-09-05,2,89.9,3.6,179.8
C00020,627.048.281-05,P009,2025-09-29,1,119.9,4.1,119.9
C00549,916.503.440-66,P1276,2026-05-23,1,133.38,4.9,133.38
C01753,738.997.563-63,P0546,2025-05-21,2,126.75,4.0,253.5
C01628,427.865.619-06,P0060,2026-04-27,1,61.93,4.3,61.93
C00198,532.871.012-69,P014,2025-10-13,1,129.9,5.0,129.9
C00321,083.863.794-99,P012,2025-08-23,1,299.9,4.7,299.9
C01128,688.936.289-61,P1832,2025-03-18,2,138.02,4.2,276.04
C01322,911.838.425-03,P1107,2026-01-14,3,332.97,4.3,998.91
C01965,216.591.438-88,P0997,2025-02-10,1,333.47,4.9,333.47
C01511,179.469.548-67,P1817,2026-04-07,3,262.67,3.1,788.01
C00424,480.184.514-27,P013,2025-05-17,4,49.9,3.9,199.6
C00075,816.184.959-50,P012,2025-09-01,2,299.9,4.5,599.8
C01268,970.581.629-80,P1987,2026-05-10,1,252.08,3.3,252.08
C01108,879.643.474-03,P0050,2025-05-12,2,129.18,4.9,258.36
C01844,696.801.867-50,P1337,2025-06-13,2,188.88,3.3,377.76
C01152,663.439.252-87,P0238,2025-03-30,1,306.67,4.0,306.67
C01003,398.863.653-31,P0191,2025-07-12,3,260.09,3.9,780.27
C00607,681.820.967-07,P0734,2026-02-06,4,377.86,4.9,1511.44
C00173,095.701.543-73,P007,2025-06-12,2,139.9,4.8,279.8
C01753,738.997.563-63,P0546,2025-05-21,2,126.75,4.0,253.5
C01653,998.989.721-22,P1283,2025-01-06,1,329.87,5.0,329.87
C00326,532.871.012-69,P006,2025-04-06,2,189.9,5.0,379.8
C01408,627.048.281-05,P0990,2025-06-01,2,134.79,3.4,269.58
C00729,071.261.583-00,P1935,2025-12-09,3,246.49,4.6,739.47
C00875,025.922.220-81,P0401,2025-03-14,1,316.42,4.1,316.42
C01698,661.016.831-84,P1122,2025-09-29,1,322.43,3.6,322.43
C01685,888.992.107-21,P1341,2025-10-25,1,171.21,3.9,171.21
C00382,627.048.281-05,P009,2025-08-22,1,119.9,4.2,119.9
C00616,623.471.247-90,P0944,2026-03-09,1,47.06,4.4,47.06
C01643,838.903.091-86,P0437,2025-12-03,4,301.05,3.3,1204.2
C01834,102.451.091-37,P1243,2026-05-15,2,115.47,4.5,230.94
C00159,627.048.281-05,P008,2025-05-05,2,219.9,4.5,439.8
C01668,055.800.027-42,P1864,2025-10-22,1,208.49,4.2,208.49
C00979,341.678.127-97,P0171,2025-01-19,1,348.71,4.5,348.71
C01181,555.165.176-21,P1764,2025-09-11,1,185.52,4.4,185.52
C00151,104.332.181-00,P011,2025-10-05,2,249.9,5.0,499.8
C01361,875.721.586-33,P1258,2025-10-14,2,159.24,4.6,318.48
C01356,047.541.212-52,P1189,2026-03-18,1,234.84,4.0,234.84
C01326,724.619.196-82,P0892,2026-04-07,1,318.34,3.8,318.34
C01582,990.767.699-31,P0697,2026-07-18,2,282.15,3.3,564.3
C01893,347.786.603-74,P1014,2026-08-25,1,111.34,3.7,111.34
C01700,724.380.701-10,P0894,2026-03-08,1,378.02,3.4,378.02
C01490,792.234.103-20,P0401,2025-11-19,2,316.42,3.6,632.84
C01963,982.474.140-23,P1539,2026-03-13,2,106.21,3.4,212.42
C01350,055.269.658-72,P1357,2026-01-25,2,145.2,5.0,290.4
C01345,119.393.250-56,P1260,2025-10-23,3,380.09,3.8,1140.27
C01085,973.502.080-73,P0984,2026-03-12,1,191.36,3.3,191.36
C01539,811.386.338-95,P0415,2025-09-28,2,50.69,5.0,101.38
C00143,039.117.182-84,P010,2025-01-11,5,99.9,4.0,499.5
C01012,402.681.177-80,P1056,2026-02-15,1,79.52,4.1,79.52
C00851,335.290.422-77,P1516,2025-11-10,4,118.32,3.9,473.28
C01826,175.096.170-90,P0699,2025-08-18,2,72.46,4.3,144.92
C00146,627.048.281-05,P002,2025-08-29,1,79.9,3.9,79.9
C01288,331.537.795-20,P1772,2025-03-02,4,241.09,3.9,964.36
C00369,816.184.959-50,P014,2025-06-17,4,129.9,4.2,519.6
C01768,787.429.671-04,P0364,2026-06-07,1,275.73,4.8,275.73
C01704,121.377.306-77,P1279,2025-06-08,3,163.2,4.4,489.6
C00471,475.255.341-44,P009,2025-06-14,3,119.9,3.6,359.7
C01744,045.025.896-32,P0627,2026-08-06,4,312.4,3.1,1249.6
C00994,066.643.749-19,P1441,2025-06-26,2,278.06,4.4,556.12
C01943,993.160.875-70,P0222,2025-02-13,1,275.21,3.5,275.21
C01460,053.161.177-94,P0990,2026-05-25,1,134.79,3.4,134.79
C00069,532.871.012-69,P004,2025-03-17,2,169.9,4.8,339.8
C00406,026.542.351-14,P010,2025-10-28,1,99.9,4.1,99.9
C00808,353.659.746-70,P0304,2026-03-18,1,184.24,4.8,184.24
C00423,161.559.407-89,P008,2025-06-15,4,219.9,4.7,879.6
C00265,310.341.316-56,P003,2025-11-05,1,149.9,4.6,149.9
C01957,462.996.065-17,P0809,2026-05-04,4,258.81,3.4,1035.24
C01739,116.318.732-10,P1570,2026-05-22,2,73.81,4.7,147.62
C00870,594.082.154-51,P0180,2026-01-01,1,302.1,3.7,302.1
C00431,095.701.543-73,P015,2025-08-30,3,89.9,4.4,269.7
C00364,310.341.316-56,P006,2025-11-07,1,189.9,5.0,189.9
C01832,369.362.689-86,P0063,2026-01-07,2,87.39,4.6,174.78
C00663,861.634.212-56,P1160,2025-11-18,2,321.67,5.0,643.34
C00026,395.376.724-09,P015,2025-02-07,1,89.9,3.8,89.9
C00795,694.320.293-60,P1087,2025-02-23,4,187.09,3.7,748.36
C00909,691.983.210-05,P0267,2025-02-14,2,134.22,5.0,268.44
C01247,826.832.303-54,P1304,2026-02-19,1,298.3,4.5,298.3
C00678,567.086.041-16,P0288,2025-10-16,1,305.54,3.2,305.54
C01847,997.029.271-45,P1763,2025-05-01,1,97.51,4.0,97.51
C01288,331.537.795-20,P1772,2025-03-02,4,241.09,3.9,964.36
C01974,418.938.984-66,P1190,2025-04-16,1,214.81,4.5,214.81
C00735,555.727.738-24,P0638,2026-08-23,2,340.99,4.4,681.98
C01304,003.791.769-20,P1216,2025-08-03,1,236.0,4.4,236.0
C00731,920.514.607-28,P0621,2026-02-21,2,88.49,4.2,176.98
C01400,009.751.971-50,P1753,2026-07-09,3,399.83,4.2,1199.49
C01492,127.238.046-74,P1310,2026-06-24,1,334.06,5.0,334.06
C00644,780.913.431-08,P1032,2025-05-31,3,168.33,4.0,504.99
C01876,094.777.520-02,P1390,2026-05-05,1,236.5,5.0,236.5
C01715,876.553.007-12,P1681,2025-01-08,2,175.28,4.0,350.56
C01789,493.618.324-50,P0453,2025-01-12,1,152.65,3.2,152.65
C00436,026.542.351-14,P011,2025-04-16,2,249.9,5.0,499.8
C01436,287.431.527-32,P1590,2025-09-17,4,260.91,4.6,1043.64
C00213,278.248.963-15,P001,2025-01-26,3,59.9,4.5,179.7
C00212,083.863.794-99,P011,2025-04-19,2,249.9,4.3,499.8
C01947,087.601.467-88,P1416,2025-07-11,1,276.85,3.5,276.85
C00306,627.048.281-05,P012,2025-03-13,3,299.9,4.6,899.7
C01729,645.465.535-01,P1364,2026-07-11,3,376.38,4.0,1129.14
C00862,189.455.906-17,P1694,2026-01-12,1,323.3,4.1,323.3
C00608,923.603.768-29,P0886,2025-05-15,1,229.0,5.0,229.0
C00147,395.376.724-09,P006,2025-12-10,1,189.9,5.0,189.9
C01351,581.467.179-34,P1376,2025-06-21,1,69.64,4.0,69.64
C01443,842.530.428-80,P0072,2026-04-13,3,133.27,3.6,399.81
C00935,959.724.665-11,P1159,2025-05-26,2,324.56,3.5,649.12
C01620,181.398.909-52,P0236,2026-04-18,1,388.9,3.4,388.9
C00647,934.065.277-01,P0492,2026-05-04,1,51.23,4.8,51.23
C01104,290.148.706-80,P1095,2026-03-10,3,150.33,4.0,450.99
C00574,223.105.927-49,P0825,2026-07-31,1,301.41,4.0,301.41
C01165,879.508.304-92,P1848,2025-04-28,1,173.22,4.3,173.22
C00273,039.117.182-84,P009,2025-01-22,1,119.9,4.2,119.9
C00953,759.025.176-30,P1825,2025-03-05,4,317.93,4.4,1271.72
C01099,563.268.685-05,P0477,2025-12-18,1,358.18,3.3,358.18
C01114,975.019.803-49,P0079,2025-08-12,2,339.13,4.1,678.26
C00894,967.379.487-15,P0584,2026-08-05,1,347.16,4.9,347.16
C01288,331.537.795-20,P1772,2025-03-02,4,241.09,3.9,964.36
C01025,929.880.858-54,P0303,2025-09-29,3,288.37,4.6,865.11
C00567,287.923.264-39,P0446,2025-10-07,2,293.19,3.9,586.38
C00431,095.701.543-73,P015,2025-08-30,3,89.9,4.4,269.7
C01296,655.779.082-05,P0120,2025-09-19,1,91.86,3.9,91.86
C01878,660.937.966-12,P1087,2026-01-18,2,187.09,3.9,374.18
C01507,732.283.608-14,P1211,2026-01-27,3,207.18,5.0,621.54
C01278,940.244.550-10,P0941,2026-06-27,1,91.64,2.9,91.64
C01844,696.801.867-50,P1337,2025-06-13,2,188.88,3.3,377.76
C01800,341.638.944-11,P1382,2025-05-28,1,78.71,4.4,78.71
C01013,344.857.142-33,P0351,2025-12-31,2,101.96,3.6,203.92
C00219,475.255.341-44,P010,2025-06-15,1,99.9,4.2,99.9
C01269,386.562.422-70,P1988,2026-05-23,2,176.37,4.4,352.74
C01246,017.320.865-75,P1140,2025-10-18,4,158.21,4.8,632.84
C00555,835.832.863-08,P0965,2025-02-21,3,224.75,5.0,674.25
C01699,079.863.210-08,P1889,2025-04-19,3,172.39,4.5,517.17
C01740,509.263.223-20,P1228,2025-12-02,1,307.72,4.5,307.72
C00662,718.749.603-64,P1008,2026-08-05,4,198.29,4.5,793.16
C00954,354.083.866-00,P0820,2025-01-27,1,56.84,4.3,56.84
C00391,475.255.341-44,P001,2025-10-21,4,59.9,4.6,239.6
C00357,816.184.959-50,P010,2025-10-25,1,99.9,3.8,99.9
C00531,623.504.056-30,P1248,2025-05-16,4,78.15,3.7,312.6
C00732,264.222.975-05,P1437,2025-04-22,1,270.1,4.3,270.1
C00546,593.195.256-09,P1491,2026-04-18,1,132.61,5.0,132.61
C00304,083.863.794-99,P006,2025-04-25,1,189.9,5.0,189.9
C00895,278.532.426-97,P0224,2025-09-23,1,359.78,3.6,359.78
C01248,065.379.473-83,P1950,2026-08-03,2,161.89,4.4,323.78
C00652,016.451.046-05,P0295,2025-10-25,2,126.71,5.0,253.42
C01068,870.104.159-27,P1444,2025-11-20,1,359.02,4.0,359.02
C00543,889.937.567-40,P0790,2025-03-23,1,217.52,4.4,217.52
C01408,627.048.281-05,P0990,2025-06-01,2,134.79,3.4,269.58
C01298,679.121.416-34,P1951,2025-02-03,1,69.22,4.7,69.22
C01921,695.727.908-11,P0968,2025-02-21,1,290.58,4.0,290.58
C00107,083.863.794-99,P005,2025-08-19,1,229.9,4.1,229.9
C01707,642.361.032-06,P1674,2025-07-26,4,313.71,5.0,1254.84
C00681,617.817.032-72,P1115,2025-03-14,1,238.42,3.6,238.42
C00133,083.863.794-99,P003,2025-01-02,1,149.9,4.4,149.9
C01380,695.007.418-22,P0544,2025-09-15,1,254.24,3.7,254.24
C00344,350.305.641-60,P014,2025-03-22,2,129.9,4.2,259.8
C00352,816.184.959-50,P013,2025-03-08,1,49.9,3.3,49.9
C01960,341.638.944-11,P0326,2026-04-04,2,223.19,4.2,446.38
C00442,627.048.281-05,P001,2025-05-27,1,59.9,4.9,59.9
C01095,020.586.950-54,P1186,2026-04-15,1,341.88,5.0,341.88
C00402,532.871.012-69,P014,2025-06-26,4,129.9,4.0,519.6
C00248,269.166.978-57,P008,2025-11-07,1,219.9,4.5,219.9
C00002,238.849.696-92,P008,2025-09-22,2,219.9,5.0,439.8
C00033,350.305.641-60,P010,2025-04-18,2,99.9,4.4,199.8
C00948,033.810.595-64,P0051,2025-02-26,1,295.15,4.3,295.15
C00869,304.120.270-03,P0906,2025-04-17,1,246.42,3.6,246.42
C00078,395.376.724-09,P015,2025-10-04,1,89.9,4.4,89.9
C00700,844.198.665-78,P0929,2025-08-06,1,348.17,4.1,348.17
C00546,593.195.256-09,P1491,2026-04-18,1,132.61,5.0,132.61
C01143,211.882.419-07,P0579,2025-09-16,3,365.38,3.6,1096.14
C01990,299.737.631-90,P1914,2025-09-21,3,288.31,4.8,864.93
C01384,748.467.737-01,P1119,2025-10-25,1,308.08,4.0,308.08
C01837,496.739.385-39,P1481,2025-12-25,1,120.34,4.7,120.34
C00385,489.325.288-70,P014,2025-09-18,2,129.9,4.2,259.8
C00431,095.701.543-73,P015,2025-08-30,3,89.9,4.4,269.7
C01502,447.012.045-60,P1238,2026-02-10,1,47.19,4.6,47.19
C00621,629.613.671-40,P1075,2026-07-05,2,377.69,4.1,755.38
C01698,661.016.831-84,P1122,2025-09-29,1,322.43,3.6,322.43
C00928,805.721.514-38,P0509,2025-12-15,1,296.55,3.5,296.55
C00402,532.871.012-69,P014,2025-06-26,4,129.9,4.0,519.6
C01689,281.964.825-82,P1042,2025-03-05,1,386.13,3.3,386.13
C01101,805.721.514-38,P1529,2025-08-22,1,102.01,4.3,102.01
C01606,100.996.881-58,P0940,2025-12-27,1,133.5,4.4,133.5
C00905,406.468.677-25,P0648,2025-01-03,1,296.42,4.7,296.42
C00253,350.305.641-60,P006,2025-03-03,1,189.9,4.8,189.9
C01363,699.586.693-23,P1228,2026-03-01,2,307.72,3.7,615.44
C00249,928.327.648-51,P004,2025-09-20,1,169.9,3.8,169.9
C01327,541.643.167-99,P0406,2026-03-15,4,147.97,5.0,591.88
C00834,441.233.613-15,P1771,2025-05-07,1,92.38,4.3,92.38
C01584,966.672.521-56,P0703,2026-01-23,2,148.8,4.3,297.6
C01741,016.873.395-11,P1062,2026-07-17,2,62.78,4.9,125.56
C00815,311.907.903-00,P1638,2026-04-29,1,187.54,4.2,187.54
C01765,317.912.868-28,P1983,2025-06-19,3,84.25,4.8,252.75
C00222,278.248.963-15,P001,2025-12-04,2,59.9,4.8,119.8
C00215,095.701.543-73,P004,2025-10-28,1,169.9,4.4,169.9
C01988,876.553.007-12,P0406,2026-03-01,1,147.97,4.6,147.97
C01149,055.143.776-60,P1231,2026-03-19,2,232.35,4.6,464.7
C00902,302.992.280-45,P1688,2025-08-04,5,148.42,4.3,742.1
C00312,161.559.407-89,P005,2025-08-08,1,229.9,4.7,229.9
C00578,165.058.714-70,P0511,2025-02-23,2,46.05,4.6,92.1
C01373,481.386.667-06,P0186,2026-07-07,2,205.73,3.5,411.46
C01644,702.070.160-46,P1352,2025-09-26,2,193.43,4.7,386.86
C01833,709.085.991-61,P1828,2026-01-23,2,389.4,4.0,778.8
C00816,866.281.372-01,P1399,2026-03-28,2,80.92,4.2,161.84
C00910,184.723.046-63,P1492,2026-02-07,1,181.11,5.0,181.11
C00327,627.048.281-05,P006,2025-09-23,1,189.9,5.0,189.9
C00167,532.871.012-69,P007,2025-12-06,3,139.9,4.3,419.7
C00876,097.626.374-29,P0267,2025-08-21,2,134.22,4.2,268.44
C01159,719.182.619-38,P1051,2025-08-11,1,210.67,3.0,210.67
C00209,238.849.696-92,P004,2025-08-16,1,169.9,4.1,169.9
C00818,150.066.664-55,P1562,2026-04-29,1,253.44,4.8,253.44
C01284,090.255.618-53,P1539,2025-02-05,4,106.21,4.0,424.84
C01622,933.163.735-78,P1062,2025-03-31,5,62.78,4.3,313.9
C01877,655.779.082-05,P1141,2026-02-07,1,165.87,4.6,165.87
C00681,617.817.032-72,P1115,2025-03-14,1,238.42,3.6,238.42
C00784,088.948.018-45,P0780,2026-08-05,2,326.24,3.7,652.48
C01750,229.131.670-20,P1569,2026-06-16,2,175.66,3.4,351.32
C01387,583.938.661-89,P0942,2026-08-20,2,186.25,3.9,372.5
C00548,212.021.697-59,P0609,2025-11-08,2,279.73,5.0,559.46
C01371,453.198.074-30,P0707,2026-07-21,5,398.54,3.9,1992.7
C00316,238.849.696-92,P005,2025-01-09,1,229.9,4.8,229.9
C00899,339.055.044-56,P0746,2026-04-07,3,330.35,3.3,991.05
C00613,462.914.865-55,P1925,2025-10-24,1,106.7,4.3,106.7
C01986,235.469.510-18,P1130,2026-08-15,2,362.55,3.9,725.1
C00070,026.542.351-14,P013,2025-08-06,1,49.9,3.9,49.9
C01714,457.353.236-60,P1433,2026-07-28,3,232.28,3.6,696.84
C00563,267.146.283-23,P1541,2025-07-06,1,204.33,5.0,204.33
C00073,095.701.543-73,P010,2025-06-12,4,99.9,4.7,399.6
C01321,880.053.789-80,P0978,2026-01-30,1,300.88,3.9,300.88
C01357,339.439.457-07,P0812,2025-01-24,4,375.61,3.9,1502.44
C00285,395.376.724-09,P014,2025-03-07,2,129.9,4.7,259.8
C00077,475.255.341-44,P005,2025-08-14,1,229.9,4.6,229.9
C00223,480.184.514-27,P011,2025-01-16,1,249.9,4.1,249.9
C00818,150.066.664-55,P1562,2026-04-29,1,253.44,4.8,253.44
C00265,310.341.316-56,P003,2025-11-05,1,149.9,4.6,149.9
C01407,344.389.982-04,P0887,2025-03-20,2,335.06,4.5,670.12
C00156,269.166.978-57,P002,2025-04-26,5,79.9,4.3,399.5
C01578,480.184.514-27,P0957,2025-04-09,1,250.31,3.8,250.31
C01750,229.131.670-20,P1569,2026-06-16,2,175.66,3.4,351.32
C01434,374.545.892-35,P0134,2025-01-07,2,300.95,5.0,601.9
C01889,540.641.769-01,P1419,2026-05-10,2,372.65,3.4,745.3
C01879,506.159.399-53,P0476,2025-12-06,1,336.05,3.4,336.05
C00094,161.559.407-89,P004,2025-03-06,2,169.9,4.2,339.8
C00684,971.480.263-69,P1871,2026-08-25,1,170.27,4.2,170.27
C01521,801.006.231-66,P0440,2025-07-10,1,71.62,5.0,71.62
C00680,114.983.074-34,P0328,2026-07-04,4,344.41,4.4,1377.64
C01475,646.225.179-49,P1877,2025-08-20,3,302.53,3.6,907.59
C01549,168.505.423-46,P0342,2026-05-27,2,60.27,3.7,120.54
C01994,083.136.783-05,P1450,2025-04-09,2,364.36,3.4,728.72
C00660,641.708.053-64,P0057,2025-11-11,2,280.74,4.4,561.48
C00696,786.814.473-43,P1888,2025-04-29,2,184.55,4.4,369.1
C00049,395.376.724-09,P005,2025-02-05,4,229.9,4.6,919.6
C00572,216.591.438-88,P0511,2025-06-17,2,46.05,4.9,92.1
C00562,041.574.733-37,P1869,2025-04-27,2,46.26,4.8,92.52
C00907,555.165.176-21,P0405,2025-11-26,2,56.0,4.9,112.0
C00843,475.255.341-44,P1057,2025-10-30,2,63.83,4.4,127.66
C01714,457.353.236-60,P1433,2026-07-28,3,232.28,3.6,696.84
C01548,894.184.336-72,P1512,2025-09-22,2,116.81,4.1,233.62
C01458,050.922.216-15,P0632,2026-07-16,2,101.19,4.1,202.38
C00011,026.542.351-14,P004,2025-04-09,1,169.9,3.7,169.9
C00944,228.225.120-27,P1129,2025-08-25,1,385.11,3.3,385.11
C01460,053.161.177-94,P0990,2026-05-25,1,134.79,3.4,134.79
C00490,310.341.316-56,P010,2025-09-27,1,99.9,4.3,99.9
C00850,541.643.167-99,P0934,2025-10-05,1,279.48,3.6,279.48
C01455,327.303.461-04,P0266,2026-02-02,3,332.81,5.0,998.43
C01590,824.224.124-40,P1218,2026-06-15,3,169.24,4.8,507.72
C01710,564.240.082-76,P1139,2025-12-11,3,285.39,4.1,856.17
C00860,307.624.843-06,P015,2026-03-19,2,89.9,3.2,179.8
C00800,378.613.715-30,P0664,2025-11-24,1,161.91,3.7,161.91
C00766,214.477.324-64,P1705,2026-07-29,2,133.58,4.7,267.16
C01338,431.115.083-07,P1013,2026-08-14,1,310.82,4.1,310.82
C00840,033.092.327-78,P009,2025-12-06,2,119.9,3.8,239.8
C00801,401.484.399-85,P0706,2026-08-05,2,261.99,4.5,523.98
C00337,083.863.794-99,P010,2025-03-12,2,99.9,3.7,199.8
C00957,337.389.877-38,P1442,2026-08-17,1,398.27,4.8,398.27
C00475,269.166.978-57,P001,2025-10-16,3,59.9,4.5,179.7
C01050,331.537.795-20,P0738,2025-09-03,2,154.47,4.2,308.94
C01778,330.800.370-81,P1417,2026-07-16,1,236.01,3.8,236.01
C01552,681.820.967-07,P1181,2026-05-20,1,170.96,4.4,170.96
C00957,337.389.877-38,P1442,2026-08-17,1,398.27,4.8,398.27
C01956,826.224.447-88,P1490,2025-09-15,1,313.88,4.1,313.88
C01961,468.105.485-21,P0971,2025-05-18,1,205.23,3.8,205.23
C00889,335.895.138-37,P1253,2025-11-01,3,306.29,3.9,918.87
C01528,338.726.247-76,P0824,2025-05-23,1,211.28,5.0,211.28
C00685,856.218.501-90,P1664,2025-05-05,4,259.75,4.5,1039.0
C01758,787.112.166-97,P1016,2025-12-02,1,269.89,5.0,269.89
C00748,301.657.120-07,P1313,2025-05-09,1,185.87,4.3,185.87
C00517,997.029.271-45,P1349,2025-02-26,2,241.56,4.8,483.12
C00268,395.376.724-09,P003,2025-08-14,1,149.9,4.6,149.9
C01686,876.220.234-00,P0085,2026-02-27,3,333.32,4.5,999.96
C00594,254.729.284-00,P0092,2025-05-16,3,171.37,4.2,514.11
C01627,904.966.319-26,P0840,2026-04-24,1,91.44,4.0,91.44
C00173,095.701.543-73,P007,2025-06-12,2,139.9,4.8,279.8
C01002,148.468.536-91,P0232,2026-01-11,2,198.15,4.9,396.3
C00856,091.843.579-08,P0949,2025-02-11,2,317.16,4.1,634.32
C00878,497.567.922-13,P0576,2026-08-09,3,190.63,3.8,571.89
C00335,238.849.696-92,P006,2025-07-16,4,189.9,5.0,759.6
C00148,627.048.281-05,P005,2025-12-06,4,229.9,5.0,919.6
C00693,617.357.438-10,P0161,2025-03-13,1,288.54,4.7,288.54
C00941,640.537.735-04,P0080,2025-08-02,1,295.77,4.5,295.77
C01588,260.602.908-92,P0345,2026-03-11,1,213.68,3.8,213.68
C00925,397.191.260-51,P0346,2026-07-09,1,383.61,4.7,383.61
C00492,475.255.341-44,P012,2025-04-26,1,299.9,4.4,299.9
C00525,027.240.559-00,P1411,2026-07-02,1,221.28,4.7,221.28
C01224,325.122.572-31,P1634,2025-02-26,1,244.63,3.8,244.63
C00872,721.329.016-94,P1635,2025-06-21,1,283.55,3.6,283.55
C01803,022.526.771-39,P1127,2026-08-16,1,86.99,3.8,86.99
C00880,723.875.082-11,P1811,2025-12-03,3,92.66,3.9,277.98
C01134,816.064.842-14,P0949,2025-11-04,1,317.16,4.3,317.16
C00128,095.701.543-73,P013,2025-08-02,2,49.9,4.1,99.8
C00388,104.332.181-00,P010,2025-08-31,1,99.9,3.5,99.9
C01701,097.461.917-56,P1350,2025-06-07,2,153.9,3.3,307.8
C00690,921.581.897-97,P1735,2025-11-08,1,238.04,3.4,238.04
C00843,475.255.341-44,P1057,2025-10-30,2,63.83,4.4,127.66
C01181,555.165.176-21,P1764,2025-09-11,1,185.52,4.4,185.52
C00116,480.184.514-27,P005,2025-06-06,1,229.9,4.3,229.9
C01014,245.933.441-90,P0910,2026-07-26,1,52.28,4.9,52.28
C00693,617.357.438-10,P0161,2025-03-13,1,288.54,4.7,288.54
C00298,278.248.963-15,P003,2025-05-09,1,149.9,4.9,149.9
C00837,336.138.612-83,P0510,2025-09-18,3,350.4,4.4,1051.2
C00894,967.379.487-15,P0584,2026-08-05,1,347.16,4.9,347.16
C00373,960.013.389-14,P005,2025-09-11,2,229.9,5.0,459.8
C01087,923.234.210-34,P1024,2025-02-07,2,123.97,3.8,247.94
C01493,881.056.974-16,P1392,2026-07-21,2,48.57,5.0,97.14
C00535,660.965.699-19,P1703,2025-07-22,2,171.46,4.3,342.92
C01934,093.106.684-07,P1489,2025-07-01,2,338.86,3.8,677.72
C01225,980.061.558-01,P1930,2026-04-07,1,79.21,4.5,79.21
C01547,387.592.712-56,P1489,2026-01-06,2,338.86,4.4,677.72
C00141,480.184.514-27,P002,2025-11-03,1,79.9,3.8,79.9
C01535,310.518.347-75,P1742,2026-01-04,3,360.85,3.6,1082.55
C00674,532.593.993-99,P0089,2026-08-17,2,396.84,4.5,793.68
C01421,076.617.711-44,P1878,2026-08-30,5,390.61,3.7,1953.05
C01609,082.611.231-54,P0094,2025-05-25,2,363.41,4.7,726.82
C00501,889.937.567-40,P1948,2025-09-13,1,127.94,4.8,127.94
C00519,346.060.560-02,P1332,2025-04-11,1,359.79,4.9,359.79
C00120,026.542.351-14,P014,2025-04-10,1,129.9,4.2,129.9
C01211,199.471.136-12,P0819,2025-12-07,2,160.6,4.1,321.2
C01549,168.505.423-46,P0342,2026-05-27,2,60.27,3.7,120.54
C00821,403.526.356-73,P0895,2026-05-17,2,184.55,5.0,369.1
C00322,960.013.389-14,P006,2025-06-08,2,189.9,5.0,379.8
C00633,853.890.972-03,P0037,2025-01-30,2,245.96,4.1,491.92
C00806,525.459.910-31,P0151,2026-04-12,1,212.86,5.0,212.86
C01833,709.085.991-61,P1828,2026-01-23,2,389.4,4.0,778.8
C00249,928.327.648-51,P004,2025-09-20,1,169.9,3.8,169.9
C00687,555.438.404-89,P0051,2025-04-05,1,295.15,4.1,295.15
C01277,812.099.576-71,P1698,2026-01-05,2,111.8,4.1,223.6
C00474,395.376.724-09,P015,2025-04-15,1,89.9,3.3,89.9
C01770,583.776.749-55,P1773,2026-08-12,1,206.61,3.8,206.61
C01819,600.559.550-45,P0802,2025-09-11,1,361.3,4.6,361.3
C00761,199.867.980-27,P0851,2026-04-16,3,314.25,4.8,942.75
C01492,127.238.046-74,P1310,2026-06-24,1,334.06,5.0,334.06
C01512,971.509.688-30,P0338,2025-01-26,1,87.87,4.1,87.87
C01364,238.397.283-55,P0600,2026-07-27,4,123.46,3.2,493.84
C00373,960.013.389-14,P005,2025-09-11,2,229.9,5.0,459.8
C00100,026.542.351-14,P013,2025-10-17,3,49.9,3.4,149.7
C00695,278.248.963-15,P0640,2025-12-17,4,91.58,3.3,366.32
C00263,026.542.351-14,P009,2025-09-19,1,119.9,4.1,119.9
C00585,175.250.074-11,P1772,2025-12-22,3,241.09,3.0,723.27
C01277,812.099.576-71,P1698,2026-01-05,2,111.8,4.1,223.6
C01178,837.455.084-83,P1254,2026-04-18,3,301.65,3.8,904.95
C00419,480.184.514-27,P011,2025-05-12,2,249.9,5.0,499.8
C00036,161.559.407-89,P011,2025-05-15,1,249.9,4.6,249.9
C00452,960.013.389-14,P004,2025-01-23,1,169.9,3.8,169.9
C00910,184.723.046-63,P1492,2026-02-07,1,181.11,5.0,181.11
C01559,822.104.016-90,P1392,2026-02-20,2,48.57,4.5,97.14
C00731,920.514.607-28,P0621,2026-02-21,2,88.49,4.2,176.98
C00572,216.591.438-88,P0511,2025-06-17,2,46.05,4.9,92.1
C01103,471.960.940-69,P0581,2025-12-27,2,102.31,4.7,204.62
C00144,960.013.389-14,P013,2025-03-31,2,49.9,3.6,99.8
C00451,104.332.181-00,P004,2025-04-16,1,169.9,3.7,169.9
C00073,095.701.543-73,P010,2025-06-12,4,99.9,4.7,399.6
C01052,406.468.677-25,P0058,2025-11-20,1,249.65,3.9,249.65
C00887,123.274.897-84,P1458,2025-01-09,3,152.65,5.0,457.95
C01166,339.055.044-56,P1819,2025-01-31,3,320.21,3.9,960.63
C01235,702.070.160-46,P0523,2026-02-01,2,337.59,3.7,675.18
C00791,249.839.225-47,P0050,2025-01-26,2,129.18,5.0,258.36
C01738,945.101.622-86,P0629,2025-07-18,3,346.29,5.0,1038.87
C01837,496.739.385-39,P1481,2025-12-25,1,120.34,4.7,120.34
C00222,278.248.963-15,P001,2025-12-04,2,59.9,4.8,119.8
C01841,928.553.595-03,P1746,2026-01-13,5,392.01,4.8,1960.05
C00394,960.013.389-14,P012,2025-03-12,2,299.9,4.1,599.8
C00497,475.255.341-44,P004,2025-12-21,3,169.9,4.0,509.7
C01060,754.661.766-99,P0430,2026-07-25,2,59.84,3.2,119.68
C00059,532.871.012-69,P012,2025-06-01,2,299.9,4.7,599.8
C00729,071.261.583-00,P1935,2025-12-09,3,246.49,4.6,739.47
C00390,278.248.963-15,P013,2025-07-14,1,49.9,3.8,49.9
C00966,312.172.715-03,P0889,2026-04-10,1,244.52,4.2,244.52
C01630,037.842.339-88,P1394,2026-02-13,1,356.38,4.4,356.38
C01849,228.225.120-27,P1204,2025-10-13,1,85.85,2.9,85.85
C00425,350.305.641-60,P010,2025-10-21,1,99.9,3.8,99.9
C01090,361.128.497-12,P1590,2025-06-24,1,260.91,3.3,260.91
C00949,095.493.059-29,P1839,2025-05-29,1,101.36,4.3,101.36
C00831,657.744.916-33,P1797,2025-07-22,2,303.09,4.2,606.18
C01266,453.198.074-30,P1789,2026-06-13,2,343.5,5.0,687.0
C01979,053.161.177-94,P0370,2025-12-27,3,91.82,4.1,275.46
C00811,655.125.674-03,P1113,2025-09-13,1,298.98,4.9,298.98
C00131,960.013.389-14,P010,2025-02-20,4,99.9,4.3,399.6
C01832,369.362.689-86,P0063,2026-01-07,2,87.39,4.6,174.78
C01865,054.857.417-03,P0853,2026-01-07,1,261.85,4.8,261.85
C00645,339.439.457-07,P0034,2025-12-24,1,270.33,4.1,270.33
C01004,297.585.988-05,P0489,2026-03-31,4,54.41,4.5,217.64
C01726,760.385.977-86,P0355,2025-07-14,1,376.23,4.1,376.23
C01008,610.089.876-46,P1572,2025-04-01,1,71.4,4.3,71.4
C00963,759.025.176-30,P1014,2025-09-25,3,111.34,3.6,334.02
C01844,696.801.867-50,P1337,2025-06-13,2,188.88,3.3,377.76
C01658,350.313.650-99,P1865,2025-01-04,1,137.23,4.7,137.23
C01015,100.996.881-58,P0895,2026-01-18,1,184.55,4.7,184.55
C00324,960.013.389-14,P014,2025-12-02,1,129.9,4.0,129.9
C00877,707.139.848-80,P015,2026-05-23,5,89.9,3.8,449.5
C01353,214.770.920-48,P0349,2025-10-19,2,105.9,4.2,211.8
C00545,142.573.160-04,P1951,2026-04-27,3,69.22,3.3,207.66
C01075,176.651.221-67,P0430,2025-01-18,1,59.84,3.8,59.84
C01318,333.447.626-05,P0262,2025-01-13,2,224.18,5.0,448.36
C00171,161.559.407-89,P002,2025-08-29,3,79.9,4.1,239.7
C01140,109.678.994-94,P1180,2026-07-19,1,195.67,4.0,195.67
C01476,661.825.128-14,P1486,2025-03-18,3,291.37,4.6,874.11
C00429,350.305.641-60,P006,2025-11-11,1,189.9,5.0,189.9
C01097,981.987.809-80,P1101,2026-01-04,4,250.01,5.0,1000.04
C01419,453.198.074-30,P1415,2025-07-05,3,223.17,4.7,669.51
C00089,480.184.514-27,P003,2025-01-26,1,149.9,4.4,149.9
C01289,347.491.624-69,P1746,2025-10-03,3,392.01,5.0,1176.03
C00520,374.160.898-08,P0729,2025-10-10,1,329.0,3.8,329.0
C00795,694.320.293-60,P1087,2025-02-23,4,187.09,3.7,748.36
C01297,217.223.320-00,P0708,2026-01-16,4,123.42,4.2,493.68
C00009,269.166.978-57,P006,2025-08-05,1,189.9,4.9,189.9
C00034,928.327.648-51,P009,2025-09-08,1,119.9,4.6,119.9
C00894,967.379.487-15,P0584,2026-08-05,1,347.16,4.9,347.16
C01900,223.105.927-49,P0646,2026-08-17,1,348.56,3.7,348.56
C00013,083.863.794-99,P008,2025-10-09,1,219.9,4.0,219.9
C01578,480.184.514-27,P0957,2025-04-09,1,250.31,3.8,250.31
C00150,532.871.012-69,P014,2025-09-21,3,129.9,4.5,389.7
C00978,881.056.974-16,P0274,2025-10-04,2,147.01,4.3,294.02
C00862,189.455.906-17,P1694,2026-01-12,1,323.3,4.1,323.3
C00937,945.198.327-99,P0307,2026-01-19,2,274.14,4.0,548.28
C00164,395.376.724-09,P009,2025-10-06,1,119.9,4.2,119.9
C01508,615.717.320-39,P1908,2025-07-29,1,202.44,3.8,202.44
C00552,906.246.728-83,P0457,2025-06-10,2,389.06,3.9,778.12
C01543,980.699.016-16,P0243,2025-08-29,3,90.28,5.0,270.84
C01311,276.365.564-56,P0073,2026-04-28,3,376.34,5.0,1129.02
C01103,471.960.940-69,P0581,2025-12-27,2,102.31,4.7,204.62
C00618,674.584.760-44,P1527,2025-10-19,2,295.85,3.8,591.7
C01305,798.440.971-42,P0819,2026-02-22,4,160.6,2.9,642.4
C01996,516.994.970-79,P0225,2026-02-25,2,87.25,4.7,174.5
C01847,997.029.271-45,P1763,2025-05-01,1,97.51,4.0,97.51
C01833,709.085.991-61,P1828,2026-01-23,2,389.4,4.0,778.8
C00440,310.341.316-56,P010,2025-02-07,1,99.9,4.7,99.9
C01171,555.165.176-21,P1693,2025-12-22,2,251.38,4.7,502.76
C00796,838.688.891-16,P0352,2025-09-30,1,338.14,4.7,338.14
C01934,093.106.684-07,P1489,2025-07-01,2,338.86,3.8,677.72
C01901,121.870.629-53,P1318,2025-04-19,1,92.31,3.5,92.31
C01737,210.202.758-98,P0570,2026-02-27,2,165.2,4.5,330.4
C00326,532.871.012-69,P006,2025-04-06,2,189.9,5.0,379.8
C00638,988.649.767-01,P0533,2026-01-24,2,91.67,3.2,183.34
C01423,375.243.106-76,P0345,2026-03-18,1,213.68,5.0,213.68
C01500,734.151.773-51,P0114,2025-08-09,1,350.56,3.8,350.56
C00701,569.816.934-96,P0142,2025-09-26,1,313.6,4.1,313.6
C00274,395.376.724-09,P010,2025-09-01,2,99.9,3.6,199.8
C00274,395.376.724-09,P010,2025-09-01,2,99.9,3.6,199.8
C01370,787.112.166-97,P0268,2026-03-24,4,251.42,4.6,1005.68
C00909,691.983.210-05,P0267,2025-02-14,2,134.22,5.0,268.44
C00983,682.509.522-60,P0996,2026-01-11,3,271.59,4.7,814.77
C01631,165.585.239-65,P1890,2026-08-07,3,253.86,4.7,761.58
C00034,928.327.648-51,P009,2025-09-08,1,119.9,4.6,119.9
C01510,336.998.795-34,P0199,2025-09-06,1,131.67,4.5,131.67
C00549,916.503.440-66,P1276,2026-05-23,1,133.38,4.9,133.38
C01863,480.861.317-42,P0721,2026-01-01,1,225.78,3.2,225.78
C01911,659.266.108-93,P0939,2025-04-05,1,78.24,4.6,78.24
C01005,346.729.949-02,P1617,2026-02-09,3,150.97,4.0,452.91
C00632,623.445.655-31,P0917,2025-10-17,2,306.77,3.9,613.54
C00467,039.117.182-84,P012,2025-12-10,2,299.9,3.6,599.8
C00363,480.184.514-27,P002,2025-12-19,1,79.9,3.7,79.9
C01999,942.141.052-14,P1931,2025-02-01,1,285.32,4.8,285.32
C00376,532.871.012-69,P001,2025-10-19,2,59.9,4.1,119.8
C00894,967.379.487-15,P0584,2026-08-05,1,347.16,4.9,347.16
C00959,915.618.298-89,P0854,2025-01-20,2,176.66,4.8,353.32
C01359,809.521.755-76,P0624,2026-07-26,2,68.76,3.8,137.52
C01686,876.220.234-00,P0085,2026-02-27,3,333.32,4.5,999.96
C01116,063.519.036-29,P0668,2026-05-18,1,57.87,4.1,57.87
C01517,063.519.036-29,P1049,2025-05-14,1,363.77,3.9,363.77
C01134,816.064.842-14,P0949,2025-11-04,1,317.16,4.3,317.16
C00874,633.535.748-83,P0777,2026-06-11,2,186.96,4.7,373.92
C00316,238.849.696-92,P005,2025-01-09,1,229.9,4.8,229.9
C00418,928.327.648-51,P004,2025-02-27,1,169.9,4.5,169.9
C00865,078.593.110-46,P1155,2026-04-01,1,239.17,3.8,239.17
C00093,960.013.389-14,P013,2025-01-16,4,49.9,3.9,199.6
C00633,853.890.972-03,P0037,2025-01-30,2,245.96,4.1,491.92
C00926,355.449.647-26,P1330,2025-10-31,2,141.36,4.6,282.72
C00946,090.797.727-80,P1517,2025-05-31,1,89.19,5.0,89.19
C01630,037.842.339-88,P1394,2026-02-13,1,356.38,4.4,356.38
C01936,786.814.473-43,P0349,2025-04-16,3,105.9,5.0,317.7
C01460,053.161.177-94,P0990,2026-05-25,1,134.79,3.4,134.79
C00160,278.248.963-15,P009,2025-03-11,3,119.9,4.2,359.7
C00818,150.066.664-55,P1562,2026-04-29,1,253.44,4.8,253.44
C01460,053.161.177-94,P0990,2026-05-25,1,134.79,3.4,134.79
C01190,477.695.874-09,P1722,2025-11-29,2,202.28,4.9,404.56
C00916,147.379.965-13,P1815,2025-12-19,2,389.36,4.2,778.72
C00873,353.693.785-33,P0372,2025-07-26,2,383.47,5.0,766.94
C00812,435.864.496-15,P0066,2025-06-20,4,59.56,4.8,238.24
C01159,719.182.619-38,P1051,2025-08-11,1,210.67,3.0,210.67
C00358,278.248.963-15,P006,2025-10-16,1,189.9,4.2,189.9
C01036,472.197.054-41,P0376,2025-05-28,1,68.31,3.8,68.31
C00412,039.117.182-84,P004,2025-10-01,2,169.9,4.0,339.8
C01362,290.018.513-04,P0188,2025-01-24,5,289.3,4.1,1446.5
C01730,455.574.696-13,P1148,2025-03-06,1,66.51,4.6,66.51
C01016,442.703.120-09,P1567,2025-04-22,1,277.98,5.0,277.98
C00776,980.699.016-16,P1697,2026-03-23,1,167.59,3.5,167.59
C01882,778.265.960-41,P0984,2026-08-29,1,191.36,4.2,191.36
C01320,229.712.529-14,P1214,2025-04-27,3,247.16,3.8,741.48
C00857,415.667.652-85,P0453,2025-10-10,5,152.65,3.6,763.25
C00058,489.325.288-70,P005,2025-12-08,1,229.9,5.0,229.9
C00032,026.542.351-14,P012,2025-10-11,1,299.9,4.3,299.9
C00443,161.559.407-89,P013,2025-11-25,5,49.9,3.6,249.5
C00473,627.048.281-05,P008,2025-02-20,3,219.9,4.2,659.7
C01443,842.530.428-80,P0072,2026-04-13,3,133.27,3.6,399.81
C01002,148.468.536-91,P0232,2026-01-11,2,198.15,4.9,396.3
C02000,901.476.797-88,P0516,2025-05-26,2,330.48,3.6,660.96
C01082,660.965.699-19,P1703,2026-02-21,1,171.46,4.5,171.46
C01807,073.651.189-03,P0748,2026-08-12,3,151.65,5.0,454.95
C01105,992.937.842-11,P1826,2025-09-26,1,177.27,3.7,177.27
C00717,617.357.438-10,P0126,2026-06-18,1,349.57,4.2,349.57
C01430,583.938.661-89,P1229,2025-04-18,2,138.51,3.8,277.02
C00899,339.055.044-56,P0746,2026-04-07,3,330.35,3.3,991.05
C00550,782.079.799-17,P0338,2025-12-12,4,87.87,3.8,351.48
C00947,816.184.959-50,P0231,2025-08-18,3,375.37,4.4,1126.11
C01330,298.068.650-65,P0078,2026-06-15,2,189.55,3.7,379.1
C00752,066.504.427-55,P0806,2026-04-04,1,125.78,4.0,125.78
C01409,957.443.034-05,P1224,2025-06-16,1,168.68,3.4,168.68
C01962,235.469.510-18,P1268,2026-08-28,2,266.41,3.4,532.82
C00823,317.121.003-78,P0136,2025-12-02,2,94.49,3.4,188.98
C00591,278.687.653-21,P0313,2025-09-17,2,103.65,4.0,207.3
C00805,339.439.457-07,P0522,2025-03-29,1,53.1,4.9,53.1
C01677,072.587.339-65,P0379,2026-04-24,1,177.52,3.7,177.52
C00358,278.248.963-15,P006,2025-10-16,1,189.9,4.2,189.9
C01948,114.983.074-34,P1925,2025-12-01,2,106.7,4.3,213.4
C00828,536.822.239-40,P0027,2025-09-04,1,205.64,4.5,205.64
C01684,682.975.147-06,P1813,2025-05-20,3,255.79,4.4,767.37
C01574,106.273.715-66,P1636,2025-10-01,2,85.55,3.4,171.1
C01568,981.829.922-14,P1958,2025-01-28,1,120.7,4.0,120.7
C01818,012.424.462-90,P0068,2025-10-19,1,348.95,4.9,348.95
C00370,816.184.959-50,P008,2025-09-21,2,219.9,4.0,439.8
C01188,567.983.631-99,P1421,2025-09-07,2,245.06,4.0,490.12
C00199,532.871.012-69,P001,2025-05-16,2,59.9,3.9,119.8
C00599,396.136.749-34,P1939,2025-03-14,1,184.45,4.8,184.45
C00082,104.332.181-00,P014,2025-10-22,1,129.9,3.2,129.9
C01365,500.978.820-97,P0221,2026-05-18,1,244.91,2.7,244.91
C01216,812.236.231-14,P1653,2025-11-19,1,272.12,4.7,272.12
C01481,895.400.178-58,P0198,2026-06-28,1,47.67,4.6,47.67
C00353,960.013.389-14,P014,2025-03-05,2,129.9,4.2,259.8
C00665,844.198.665-78,P0736,2026-01-22,2,336.15,5.0,672.3
C01353,214.770.920-48,P0349,2025-10-19,2,105.9,4.2,211.8
C01654,682.975.147-06,P1731,2025-02-25,3,282.65,4.8,847.95
C01772,029.233.451-69,P1374,2025-04-14,2,289.48,4.1,578.96
C00148,627.048.281-05,P005,2025-12-06,4,229.9,5.0,919.6
C00806,525.459.910-31,P0151,2026-04-12,1,212.86,5.0,212.86
C00022,532.871.012-69,P002,2025-10-19,1,79.9,4.6,79.9
C01638,080.850.960-80,P1731,2025-10-01,1,282.65,5.0,282.65
C00246,039.117.182-84,P010,2025-02-13,3,99.9,4.6,299.7
C01645,805.891.135-69,P1271,2026-06-11,1,299.27,4.2,299.27
C00313,238.849.696-92,P004,2025-10-20,1,169.9,4.0,169.9
C00031,350.305.641-60,P015,2025-12-06,1,89.9,4.4,89.9
C01758,787.112.166-97,P1016,2025-12-02,1,269.89,5.0,269.89
C00878,497.567.922-13,P0576,2026-08-09,3,190.63,3.8,571.89
C00850,541.643.167-99,P0934,2025-10-05,1,279.48,3.6,279.48
C01294,293.102.707-30,P0397,2025-07-10,1,169.24,5.0,169.24
C00550,782.079.799-17,P0338,2025-12-12,4,87.87,3.8,351.48
C01382,909.010.016-43,P0230,2025-08-29,3,377.92,4.3,1133.76
C00859,056.420.456-01,P1644,2026-06-04,2,380.0,4.3,760.0
C00546,593.195.256-09,P1491,2026-04-18,1,132.61,5.0,132.61
C00790,114.262.582-67,P0153,2025-09-21,3,254.39,5.0,763.17
C00013,083.863.794-99,P008,2025-10-09,1,219.9,4.0,219.9
C00603,739.610.290-16,P1685,2025-12-20,4,123.65,4.9,494.6
C01183,915.618.298-89,P1071,2025-01-28,1,142.65,4.2,142.65
C00276,083.863.794-99,P009,2025-11-27,1,119.9,2.9,119.9
C00238,026.542.351-14,P006,2025-10-12,1,189.9,4.5,189.9
C01312,971.506.662-30,P1689,2026-07-11,2,360.37,3.9,720.74
C00857,415.667.652-85,P0453,2025-10-10,5,152.65,3.6,763.25
C00274,395.376.724-09,P010,2025-09-01,2,99.9,3.6,199.8
C01496,447.163.928-56,P1971,2026-04-30,1,162.81,4.9,162.81
C01551,123.274.897-84,P0397,2025-12-11,2,169.24,5.0,338.48
C00070,026.542.351-14,P013,2025-08-06,1,49.9,3.9,49.9
C00404,480.184.514-27,P011,2025-05-12,2,249.9,4.2,499.8
C00741,014.188.421-50,P1624,2025-12-24,3,142.5,3.0,427.5
C01463,884.422.583-29,P0423,2025-06-01,2,208.22,5.0,416.44
C00149,095.701.543-73,P001,2025-08-21,1,59.9,4.5,59.9
C01612,654.610.339-70,P1894,2026-02-08,1,367.78,3.9,367.78
C00639,413.908.088-40,P1079,2026-04-06,2,158.94,4.1,317.88
C00251,960.013.389-14,P004,2025-07-22,5,169.9,4.4,849.5
C01727,736.050.791-05,P1405,2025-08-11,2,323.89,4.5,647.78
C00174,095.701.543-73,P001,2025-11-13,1,59.9,4.2,59.9
C00260,269.166.978-57,P014,2025-02-24,1,129.9,3.9,129.9
C01900,223.105.927-49,P0646,2026-08-17,1,348.56,3.7,348.56
C01040,093.141.818-63,P1075,2026-06-10,4,377.69,4.2,1510.76
C00927,337.389.877-38,P0581,2025-12-28,2,102.31,4.4,204.62
C01375,441.233.613-15,P0089,2026-06-05,3,396.84,5.0,1190.52
C01261,808.190.482-40,P0999,2025-04-29,2,56.85,4.6,113.7
C01228,754.661.766-99,P0068,2025-09-23,1,348.95,4.9,348.95
C00047,475.255.341-44,P004,2025-08-24,1,169.9,4.5,169.9
C01104,290.148.706-80,P1095,2026-03-10,3,150.33,4.0,450.99
C00558,690.333.736-96,P0979,2025-05-22,1,358.11,5.0,358.11
C01616,109.104.300-04,P1218,2025-10-18,3,169.24,4.4,507.72
C01011,998.279.501-50,P0162,2025-02-05,1,291.29,4.4,291.29
C00248,269.166.978-57,P008,2025-11-07,1,219.9,4.5,219.9
C01773,495.621.372-79,P0483,2026-07-15,1,307.98,3.7,307.98
C00569,734.764.273-66,P1709,2025-11-27,4,323.42,4.9,1293.68
C00543,889.937.567-40,P0790,2025-03-23,1,217.52,4.4,217.52
C01873,557.325.737-47,P0873,2025-06-02,2,329.96,4.3,659.92
C01551,123.274.897-84,P0397,2025-12-11,2,169.24,5.0,338.48
C01720,867.808.562-23,P1195,2025-09-06,1,399.87,3.4,399.87
C01325,818.063.565-11,P1622,2025-06-11,1,82.39,4.5,82.39
C01821,066.504.427-55,P1434,2025-02-24,1,342.84,4.5,342.84
C00231,395.376.724-09,P007,2025-06-10,2,139.9,4.2,279.8
C01200,865.596.309-78,P0638,2026-05-07,1,340.99,5.0,340.99
C00587,140.849.932-04,P0509,2026-06-08,3,296.55,3.1,889.65
C00797,497.567.922-13,P1955,2026-04-25,4,125.96,4.4,503.84
C00476,095.701.543-73,P015,2025-10-27,2,89.9,4.0,179.8
C00411,350.305.641-60,P006,2025-05-27,2,189.9,5.0,379.8
C00886,744.890.612-77,P1590,2025-02-22,4,260.91,3.1,1043.64
C01837,496.739.385-39,P1481,2025-12-25,1,120.34,4.7,120.34
C01271,631.224.179-36,P0698,2025-04-08,1,83.1,4.2,83.1
C00699,945.101.622-86,P1526,2026-01-31,3,186.81,4.0,560.43
C00867,686.334.141-71,P1609,2026-07-16,5,213.94,3.5,1069.7
C01060,754.661.766-99,P0430,2026-07-25,2,59.84,3.2,119.68
C00490,310.341.316-56,P010,2025-09-27,1,99.9,4.3,99.9
C01043,510.740.913-02,P1479,2025-08-07,2,238.39,4.6,476.78
C01392,170.454.218-93,P1457,2025-02-15,2,196.2,3.3,392.4
C00487,104.332.181-00,P001,2025-09-30,2,59.9,5.0,119.8
C01169,642.361.032-06,P1214,2026-05-20,1,247.16,5.0,247.16
C01417,296.711.148-14,P1070,2025-06-08,1,62.77,4.1,62.77
C01039,959.660.487-20,P1330,2026-07-09,1,141.36,5.0,141.36
C00584,505.331.586-80,P1204,2026-08-28,1,85.85,3.9,85.85
C01109,280.944.858-25,P1934,2025-09-08,1,202.13,5.0,202.13
C01587,751.868.926-02,P0561,2025-02-22,3,378.79,4.7,1136.37
C00444,532.871.012-69,P008,2025-07-13,1,219.9,3.9,219.9
C01150,289.023.303-03,P1418,2025-07-10,3,48.75,3.7,146.25
C01361,875.721.586-33,P1258,2025-10-14,2,159.24,4.6,318.48
C00643,182.744.857-18,P0622,2025-04-02,4,135.71,2.7,542.84
C00776,980.699.016-16,P1697,2026-03-23,1,167.59,3.5,167.59
C01778,330.800.370-81,P1417,2026-07-16,1,236.01,3.8,236.01
C00727,395.339.421-50,P1705,2025-10-12,5,133.58,4.7,667.9
C01197,824.967.183-06,P0401,2025-07-17,3,316.42,4.0,949.26
C00300,026.542.351-14,P005,2025-02-12,3,229.9,5.0,689.7
C01852,253.666.777-42,P1024,2026-06-21,1,123.97,3.2,123.97
C01194,538.003.296-62,P1832,2025-11-15,4,138.02,4.9,552.08
C01521,801.006.231-66,P0440,2025-07-10,1,71.62,5.0,71.62
C01206,045.069.176-42,P1535,2025-07-02,1,119.91,3.9,119.91
C00711,924.632.037-90,P0874,2025-12-26,3,98.92,3.8,296.76
C00681,617.817.032-72,P1115,2025-03-14,1,238.42,3.6,238.42
C01403,146.753.612-18,P1579,2026-02-15,1,217.21,4.3,217.21
C01720,867.808.562-23,P1195,2025-09-06,1,399.87,3.4,399.87
C00256,960.013.389-14,P007,2025-01-10,2,139.9,4.8,279.8
C01691,328.980.271-03,P0615,2026-04-08,2,54.82,3.7,109.64
C01661,258.896.792-28,P1399,2025-06-17,1,80.92,3.2,80.92
C00219,475.255.341-44,P010,2025-06-15,1,99.9,4.2,99.9
C00217,161.559.407-89,P003,2025-10-04,1,149.9,4.9,149.9
C01391,378.306.396-55,P1129,2026-05-30,1,385.11,3.4,385.11
C01686,876.220.234-00,P0085,2026-02-27,3,333.32,4.5,999.96
C00788,689.996.269-11,P1642,2026-07-10,2,196.38,3.8,392.76
C01282,046.117.295-08,P0999,2026-03-03,2,56.85,4.1,113.7
C02000,901.476.797-88,P0516,2025-05-26,2,330.48,3.6,660.96
C00646,925.081.776-28,P1084,2025-08-08,4,385.12,3.1,1540.48
C00451,104.332.181-00,P004,2025-04-16,1,169.9,3.7,169.9
C01984,005.329.318-58,P1475,2025-01-04,1,336.67,4.4,336.67
C00562,041.574.733-37,P1869,2025-04-27,2,46.26,4.8,92.52
C00946,090.797.727-80,P1517,2025-05-31,1,89.19,5.0,89.19
C00885,231.164.913-21,P1050,2025-09-22,1,239.24,4.4,239.24
C01047,850.506.413-57,P0228,2026-06-25,3,323.36,4.8,970.08
C00538,756.704.310-65,P1873,2026-03-31,3,319.51,5.0,958.53
C01359,809.521.755-76,P0624,2026-07-26,2,68.76,3.8,137.52
C01384,748.467.737-01,P1119,2025-10-25,1,308.08,4.0,308.08
C00402,532.871.012-69,P014,2025-06-26,4,129.9,4.0,519.6
C00962,093.141.818-63,P0741,2026-04-26,1,284.58,3.8,284.58
C00115,095.701.543-73,P009,2025-06-26,1,119.9,4.0,119.9
C00442,627.048.281-05,P001,2025-05-27,1,59.9,4.9,59.9
C01975,081.974.005-55,P1649,2026-06-08,1,115.33,4.3,115.33
C01013,344.857.142-33,P0351,2025-12-31,2,101.96,3.6,203.92
C01246,017.320.865-75,P1140,2025-10-18,4,158.21,4.8,632.84
C01778,330.800.370-81,P1417,2026-07-16,1,236.01,3.8,236.01
C01428,990.970.051-40,P1575,2025-06-04,2,97.94,5.0,195.88
C01585,694.320.293-60,P1983,2026-08-29,3,84.25,4.5,252.75
C01425,337.320.430-53,P1769,2025-08-24,2,244.63,3.9,489.26
C00998,563.983.652-08,P0659,2025-09-18,3,336.51,5.0,1009.53
C01266,453.198.074-30,P1789,2026-06-13,2,343.5,5.0,687.0
C00577,640.376.137-43,P0617,2026-05-16,1,74.2,5.0,74.2
C01781,657.569.245-15,P0310,2026-06-26,2,341.69,4.6,683.38
C00360,310.341.316-56,P013,2025-10-20,1,49.9,3.6,49.9
C01769,679.121.416-34,P0884,2025-04-13,1,313.91,5.0,313.91
C01757,140.049.388-99,P1448,2025-12-01,5,397.79,4.0,1988.95
C00285,395.376.724-09,P014,2025-03-07,2,129.9,4.7,259.8
C01421,076.617.711-44,P1878,2026-08-30,5,390.61,3.7,1953.05
C01980,045.792.714-32,P1851,2026-01-12,1,313.26,4.7,313.26
C01145,990.767.699-31,P0620,2026-07-21,1,230.85,3.6,230.85
C00681,617.817.032-72,P1115,2025-03-14,1,238.42,3.6,238.42
C01759,468.105.485-21,P1197,2025-11-30,2,257.82,4.2,515.64
C01026,616.556.503-43,P0318,2025-05-18,2,53.39,4.7,106.78
C00244,104.332.181-00,P002,2025-09-29,1,79.9,4.3,79.9
C00499,039.117.182-84,P011,2025-01-17,1,249.9,4.6,249.9
C01365,500.978.820-97,P0221,2026-05-18,1,244.91,2.7,244.91
C00911,975.711.305-06,P0646,2025-09-01,1,348.56,2.8,348.56
C00434,026.542.351-14,P001,2025-10-08,4,59.9,5.0,239.6
C01599,812.236.231-14,P1798,2025-12-24,1,198.48,4.4,198.48
C00242,350.305.641-60,P015,2025-06-23,1,89.9,4.4,89.9
C00439,480.184.514-27,P011,2025-06-07,2,249.9,3.9,499.8
C00932,911.289.812-03,P0476,2026-08-14,1,336.05,3.1,336.05
C00080,269.166.978-57,P006,2025-10-05,2,189.9,4.6,379.8
C00775,842.694.500-70,P0249,2025-08-17,1,354.48,3.4,354.48
C01820,776.657.546-94,P0460,2026-01-13,1,92.73,4.3,92.73
C01883,553.470.574-40,P1751,2025-10-25,2,108.23,3.6,216.46
C01744,045.025.896-32,P0627,2026-08-06,4,312.4,3.1,1249.6
C00648,841.484.601-71,P0988,2026-05-23,1,148.8,3.5,148.8
C00130,039.117.182-84,P007,2025-06-06,2,139.9,4.2,279.8
C01630,037.842.339-88,P1394,2026-02-13,1,356.38,4.4,356.38
C00747,532.871.012-69,P0882,2026-07-27,1,89.1,3.9,89.1
C01498,661.797.968-07,P1091,2026-05-28,2,53.35,4.4,106.7
C00239,928.327.648-51,P010,2025-04-26,3,99.9,4.9,299.7
C01336,564.915.795-22,P0890,2025-02-07,3,238.3,4.0,714.9
C01173,473.597.746-59,P0464,2025-08-02,3,48.25,3.3,144.75
C01841,928.553.595-03,P1746,2026-01-13,5,392.01,4.8,1960.05
C00204,161.559.407-89,P001,2025-01-20,1,59.9,4.9,59.9
C00816,866.281.372-01,P1399,2026-03-28,2,80.92,4.2,161.84
C01980,045.792.714-32,P1851,2026-01-12,1,313.26,4.7,313.26
C00780,698.490.277-03,P0302,2025-08-22,3,218.53,3.5,655.59
C01317,617.357.438-10,P1093,2025-03-26,1,74.32,3.9,74.32
C00322,960.013.389-14,P006,2025-06-08,2,189.9,5.0,379.8
C01457,130.232.129-37,P0818,2025-07-14,1,284.97,5.0,284.97
C00552,906.246.728-83,P0457,2025-06-10,2,389.06,3.9,778.12
C01145,990.767.699-31,P0620,2026-07-21,1,230.85,3.6,230.85
C01760,993.607.984-10,P1384,2026-01-16,1,394.48,3.3,394.48
C01323,602.562.650-20,P1729,2025-11-06,1,373.14,3.2,373.14
C00949,095.493.059-29,P1839,2025-05-29,1,101.36,4.3,101.36
C00381,489.325.288-70,P007,2025-09-14,1,139.9,5.0,139.9
C00683,503.250.173-52,P0464,2025-04-23,1,48.25,4.1,48.25
C01699,079.863.210-08,P1889,2025-04-19,3,172.39,4.5,517.17
C00433,083.863.794-99,P009,2025-08-17,2,119.9,3.4,239.8
C01313,646.136.847-73,P1420,2025-08-01,1,192.94,3.6,192.94
C00970,624.395.873-62,P1449,2025-01-02,2,149.73,3.9,299.46
C00642,424.936.312-00,P0094,2025-08-01,2,363.41,4.9,726.82
C01434,374.545.892-35,P0134,2025-01-07,2,300.95,5.0,601.9
C00725,536.462.805-14,P1671,2026-06-25,1,158.86,4.3,158.86
C00574,223.105.927-49,P0825,2026-07-31,1,301.41,4.0,301.41
C01059,724.500.000-03,P1638,2025-03-20,1,187.54,4.0,187.54
C01516,835.523.124-47,P1284,2026-05-03,2,153.63,3.4,307.26
C01729,645.465.535-01,P1364,2026-07-11,3,376.38,4.0,1129.14
C01260,496.112.879-17,P1383,2025-01-03,2,127.19,3.8,254.38
C01324,400.273.008-54,P1491,2026-07-07,2,132.61,5.0,265.22
C01576,885.652.715-44,P0213,2026-03-31,3,339.93,3.5,1019.79
C00539,076.810.409-27,P0171,2025-01-20,2,348.71,4.4,697.42
C00502,065.379.473-83,P1819,2025-11-30,3,320.21,5.0,960.63
C00968,743.553.795-07,P0318,2025-05-31,2,53.39,4.1,106.78
C01263,465.495.005-24,P1460,2025-04-16,1,144.56,4.6,144.56
C01292,082.723.590-90,P0329,2026-05-04,1,330.08,4.9,330.08
C00308,161.559.407-89,P009,2025-11-08,2,119.9,4.2,239.8
C01562,104.332.181-00,P1981,2025-09-15,1,120.12,4.9,120.12
C00728,699.577.738-79,P1262,2025-03-30,1,296.04,4.3,296.04
C01755,868.034.764-72,P1585,2026-02-01,1,230.84,4.3,230.84
C01449,739.774.063-45,P0367,2026-07-01,3,340.22,3.6,1020.66
C01966,026.086.982-12,P0920,2025-02-23,1,183.07,4.0,183.07
C01264,491.165.020-60,P1194,2026-01-07,2,232.88,4.0,465.76
C01055,809.969.308-68,P0109,2025-06-30,3,380.88,4.3,1142.64
C00376,532.871.012-69,P001,2025-10-19,2,59.9,4.1,119.8
C00798,353.693.785-33,P0345,2026-02-09,1,213.68,5.0,213.68
C01717,983.863.840-42,P0602,2025-04-01,1,130.57,5.0,130.57
C00765,981.987.809-80,P1088,2026-01-20,1,67.04,3.9,67.04
C00107,083.863.794-99,P005,2025-08-19,1,229.9,4.1,229.9
C00491,238.849.696-92,P005,2025-07-23,1,229.9,5.0,229.9
C01191,102.918.133-05,P1871,2025-05-25,3,170.27,4.6,510.81
C01259,311.587.605-07,P1773,2025-02-08,1,206.61,3.6,206.61
C01968,615.372.215-66,P1808,2026-05-20,1,366.29,4.6,366.29
C01868,377.294.209-10,P1023,2025-12-08,2,294.21,2.9,588.42
C01064,602.437.573-52,P0822,2025-10-31,1,397.81,3.8,397.81
C01110,106.092.098-09,P1180,2026-06-01,1,195.67,4.5,195.67
C01602,143.643.813-65,P0407,2025-07-11,2,399.89,4.8,799.78
C00098,532.871.012-69,P007,2025-04-12,1,139.9,4.1,139.9
C01191,102.918.133-05,P1871,2025-05-25,3,170.27,4.6,510.81
C00949,095.493.059-29,P1839,2025-05-29,1,101.36,4.3,101.36
C01567,221.021.798-93,P0639,2026-08-08,2,290.04,5.0,580.08
C01601,079.334.960-59,P015,2025-08-10,1,89.9,4.4,89.9
C01312,971.506.662-30,P1689,2026-07-11,2,360.37,3.9,720.74
C01315,212.021.697-59,P0405,2025-07-21,1,56.0,5.0,56.0
C01383,233.027.642-78,P1034,2026-06-18,1,62.81,3.8,62.81
C01161,646.225.223-57,P0193,2025-08-28,4,157.31,4.5,629.24
C00456,489.325.288-70,P004,2025-07-31,1,169.9,5.0,169.9
C00570,734.151.488-40,P1263,2026-05-04,2,63.98,5.0,127.96
C01484,655.125.674-03,P1967,2025-11-15,3,320.5,3.7,961.5
C01237,676.720.957-06,P1726,2025-12-29,2,45.91,5.0,91.82
C00476,095.701.543-73,P015,2025-10-27,2,89.9,4.0,179.8
C01756,038.843.660-33,P1384,2025-11-05,1,394.48,3.4,394.48
C01962,235.469.510-18,P1268,2026-08-28,2,266.41,3.4,532.82
C01253,157.184.090-72,P0347,2026-04-29,2,251.36,3.9,502.72
C00456,489.325.288-70,P004,2025-07-31,1,169.9,5.0,169.9
C01877,655.779.082-05,P1141,2026-02-07,1,165.87,4.6,165.87
C00474,395.376.724-09,P015,2025-04-15,1,89.9,3.3,89.9
C00865,078.593.110-46,P1155,2026-04-01,1,239.17,3.8,239.17
C01718,630.453.069-26,P0759,2025-06-12,1,362.18,4.4,362.18
C01042,921.277.997-20,P1980,2025-05-20,1,312.37,5.0,312.37
C00486,278.248.963-15,P015,2025-09-05,2,89.9,3.6,179.8
C00161,928.327.648-51,P013,2025-08-01,1,49.9,4.0,49.9
C00722,565.179.624-09,P1887,2026-04-01,1,331.65,3.9,331.65
C01345,119.393.250-56,P1260,2025-10-23,3,380.09,3.8,1140.27
C01430,583.938.661-89,P1229,2025-04-18,2,138.51,3.8,277.02
C00446,532.871.012-69,P009,2025-03-07,2,119.9,5.0,239.8
C00318,395.376.724-09,P003,2025-01-23,1,149.9,4.0,149.9
C01403,146.753.612-18,P1579,2026-02-15,1,217.21,4.3,217.21
C00319,395.376.724-09,P014,2025-11-26,1,129.9,4.4,129.9
C00129,278.248.963-15,P004,2025-09-25,1,169.9,4.4,169.9
C00973,513.052.312-10,P1112,2025-07-26,1,143.78,3.0,143.78
C01142,678.812.786-76,P0725,2025-01-28,2,327.83,3.4,655.66
C00488,928.327.648-51,P009,2025-05-27,1,119.9,4.0,119.9
C00423,161.559.407-89,P008,2025-06-15,4,219.9,4.7,879.6
C00472,238.849.696-92,P005,2025-05-14,1,229.9,5.0,229.9
C00686,981.265.742-83,P1238,2025-03-29,1,47.19,4.4,47.19
C00019,960.013.389-14,P010,2025-10-05,1,99.9,4.1,99.9
C00024,395.376.724-09,P015,2025-05-14,1,89.9,3.6,89.9
C00741,014.188.421-50,P1624,2025-12-24,3,142.5,3.0,427.5
C00040,960.013.389-14,P015,2025-07-03,1,89.9,4.2,89.9
C00637,342.583.230-12,P0419,2025-03-23,1,294.18,5.0,294.18
C01162,155.206.506-59,P1558,2025-11-04,3,102.58,3.6,307.74
C00063,480.184.514-27,P008,2025-12-12,1,219.9,3.3,219.9
C01236,538.003.296-62,P0877,2026-05-03,1,54.27,4.8,54.27
C01243,068.826.917-62,P0467,2025-10-13,1,69.51,3.3,69.51
C01147,213.074.235-15,P1518,2025-08-27,2,215.34,3.8,430.68
C01254,734.206.969-81,P1461,2026-07-23,3,148.18,4.6,444.54
C01619,403.526.356-73,P0226,2025-12-02,3,214.12,3.9,642.36
C00142,928.327.648-51,P001,2025-02-16,1,59.9,4.7,59.9
C00338,475.255.341-44,P002,2025-01-14,2,79.9,4.6,159.8
C00635,241.270.493-75,P1557,2026-08-07,2,329.89,3.9,659.78
C01377,491.778.507-34,P0119,2026-06-08,1,98.78,4.0,98.78
C01746,515.093.983-84,P1660,2025-05-28,1,190.68,3.8,190.68
C01838,706.810.390-19,P1443,2025-12-30,3,268.14,4.6,804.42
C01165,879.508.304-92,P1848,2025-04-28,1,173.22,4.3,173.22
C00821,403.526.356-73,P0895,2026-05-17,2,184.55,5.0,369.1
C00824,158.904.290-51,P0724,2026-01-08,1,377.24,4.0,377.24
C00120,026.542.351-14,P014,2025-04-10,1,129.9,4.2,129.9
C00931,082.611.231-54,P1241,2025-08-10,2,71.22,4.1,142.44
C01026,616.556.503-43,P0318,2025-05-18,2,53.39,4.7,106.78
C00417,095.701.543-73,P009,2025-09-10,3,119.9,4.4,359.7
C01536,697.893.074-11,P1319,2025-02-07,5,174.61,3.4,873.05
C01624,717.217.337-60,P0916,2026-06-25,2,130.43,4.3,260.86
C00605,353.659.746-70,P1252,2025-03-12,1,175.47,3.4,175.47
C01829,310.094.318-03,P0780,2026-01-23,1,326.24,3.3,326.24
C00215,095.701.543-73,P004,2025-10-28,1,169.9,4.4,169.9
C01822,477.695.874-09,P006,2025-09-27,3,189.9,5.0,569.7
C01537,249.384.308-86,P1844,2026-02-11,1,211.87,4.0,211.87
C00448,095.701.543-73,P007,2025-09-30,1,139.9,4.3,139.9
C01301,877.347.784-29,P1055,2025-06-02,1,357.31,5.0,357.31
C00622,466.766.506-81,P1217,2025-04-28,1,256.89,5.0,256.89
C01600,706.626.682-00,P0573,2026-06-22,3,391.7,5.0,1175.1
C00322,960.013.389-14,P006,2025-06-08,2,189.9,5.0,379.8
C00490,310.341.316-56,P010,2025-09-27,1,99.9,4.3,99.9
C00615,231.164.913-21,P1368,2026-04-02,1,347.59,4.3,347.59
C00400,627.048.281-05,P006,2025-10-14,4,189.9,4.3,759.6
C00666,999.404.389-74,P0322,2026-02-18,1,311.69,3.9,311.69
C01206,045.069.176-42,P1535,2025-07-02,1,119.91,3.9,119.91
C01267,002.311.775-34,P1879,2025-12-11,3,226.45,4.3,679.35
C01108,879.643.474-03,P0050,2025-05-12,2,129.18,4.9,258.36
C00380,238.849.696-92,P013,2025-03-15,1,49.9,3.5,49.9
C00405,310.341.316-56,P004,2025-10-03,1,169.9,3.8,169.9
C01839,252.410.564-40,P1696,2025-12-09,4,48.91,5.0,195.64
C00503,793.036.149-76,P1148,2025-08-02,4,66.51,4.4,266.04
C00207,269.166.978-57,P010,2025-03-21,3,99.9,3.7,299.7
C00908,736.026.064-73,P0579,2025-12-15,1,365.38,3.9,365.38
C00014,104.332.181-00,P002,2025-05-02,1,79.9,3.7,79.9
C00686,981.265.742-83,P1238,2025-03-29,1,47.19,4.4,47.19
C01710,564.240.082-76,P1139,2025-12-11,3,285.39,4.1,856.17
C00535,660.965.699-19,P1703,2025-07-22,2,171.46,4.3,342.92
C01408,627.048.281-05,P0990,2025-06-01,2,134.79,3.4,269.58
C00980,306.178.932-41,P0174,2025-09-25,2,160.94,5.0,321.88
C00711,924.632.037-90,P0874,2025-12-26,3,98.92,3.8,296.76
C01324,400.273.008-54,P1491,2026-07-07,2,132.61,5.0,265.22
C01191,102.918.133-05,P1871,2025-05-25,3,170.27,4.6,510.81
C00637,342.583.230-12,P0419,2025-03-23,1,294.18,5.0,294.18
C00448,095.701.543-73,P007,2025-09-30,1,139.9,4.3,139.9
C01834,102.451.091-37,P1243,2026-05-15,2,115.47,4.5,230.94
C00337,083.863.794-99,P010,2025-03-12,2,99.9,3.7,199.8
C01919,586.833.901-01,P0470,2025-03-05,1,76.07,3.7,76.07
C00943,354.033.173-50,P1869,2025-03-17,1,46.26,4.8,46.26
C01994,083.136.783-05,P1450,2025-04-09,2,364.36,3.4,728.72
C00707,475.255.341-44,P0922,2025-08-24,2,113.71,4.4,227.42
C01132,212.499.856-09,P0306,2025-05-19,3,72.43,4.9,217.29
C01231,948.963.406-98,P1786,2026-04-20,4,223.02,3.0,892.08
