id,nome,categoria,preco,estoque,peso,satisfacao_media,data_cadastro,inconsistente
1,Sofá Plus,Livros,589.74,253,10.35,100,2026-10-09T17:31:44.583642,True
2,sMartpHone PreMIUm,Esportes,624.32,60,44.78,2.1,2026-10-09T17:31:44.583642,True
3,ARROZ PRO,Alimentos,640.04,59,0.22,1.3,2026-10-09T17:31:44.583642,True
4,Ursinho Premium,Casa,97.11,336,22.2,,2026-10-09T17:31:44.583642,True
5,Smartphone Max,Brinquedos,429.62,-75,7.59,0.5,2026-10-09T17:31:44.583642,True
6,BOLA MAX,Roupas,568.01,315,42.58,4.4,2026-10-09T17:31:44.583642,True
7,Sofá Max,Brinquedos,0.0,302,47.35,4.7,2026-10-09T17:31:44.583642,True
8,Feijão Plus,Roupas,377.21,-45,29.97,1.3,2026-10-09T17:31:44.583642,True
9,AVENTURA PREMIUM,Roupas,36.18,26,1.99,0.1,2026-10-09T17:31:44.583642,True
10,Notebook max,Eletrônicos,12.29,0,22.77,0.1,2026-10-09T17:31:44.583642,True
11,Romance Max,Eletrônicos,0.0,319,25.11,2.3,2026-10-09T17:31:44.583642,True
12,Romance Premium,Categoria Inexistente,366.26,131,39.08,4.0,2026-10-09T17:31:44.583642,True
13,,Roupas,935.06,208,31.52,1.0,2026-10-09T17:31:44.583642,True
14,soFá Pro,Livros,527.95,2,35.25,1.4,2026-10-09T17:31:44.583642,True
15,uRSInHo MAX,Alimentos,180.47,348,36.7,0.2,2026-10-09T17:31:44.583642,True
16,Sofá Basic,Roupas,-8.19,40,48.74,3.1,2026-10-09T17:31:44.583642,True
17,feijão basic,Esportes,455.77,356,40.28,3.1,2026-10-09T17:31:44.583642,True
18,TV Pro,Livros,0.0,162,10.56,1.9,2026-10-09T17:31:44.583642,True
19,Sofá Premium,Eletrônicos,985.66,47,-4.04,2.1,2026-10-09T17:31:44.583642,True
20,Aventura Plus,Alimentos,979.29,3,-9.7,0.2,2026-10-09T17:31:44.583642,True
21,Mesa Plus,Casa,525.09,-71,41.5,4.9,2026-10-09T17:31:44.583642,True
22,Smartphone Pro,Roupas,714.68,194,-4.38,2.5,2026-10-09T17:31:44.583642,True
23,Calça Premium,Livros,0.0,480,27.91,4.2,2026-10-09T17:31:44.583642,True
24,Arroz Pro,Eletrônicos,0.0,203,42.79,2.9,2026-10-09T17:31:44.583642,True
25,noteBook PrO,Brinquedos,55.43,195,9.86,0.2,2026-10-09T17:31:44.583642,True
26,Aventura Premium,,43.82,156,3.85,1.5,2026-10-09T17:31:44.583642,True
27,Bola Basic,Livros,797.07,12,21.22,,2026-10-09T17:31:44.583642,True
28,Notebook Pro,Eletrônicos,69.79,198,20.62,6,2026-10-09T17:31:44.583642,True
29,,Alimentos,163.04,500,14.55,0.9,2026-10-09T17:31:44.583642,True
30,Notebook Premium,Categoria Inexistente,116.15,429,36.87,3.3,2026-10-09T17:31:44.583642,True
31,Ursinho Plus,Alimentos,0.0,0,0.4,3.6,2026-10-09T17:31:44.583642,True
32,NOTEBOOK MAX,Roupas,434.58,234,5.39,4.2,2026-10-09T17:31:44.583642,True
33,Smartphone Basic,Esportes,344.31,265,47.81,10,2026-10-09T17:31:44.583642,True
34,Feijão Plus,Esportes,0.0,104,40.35,1.6,2026-10-09T17:31:44.583642,True
35,Mesa Premium,Alimentos,0.0,374,42.32,4.4,2026-10-09T17:31:44.583642,True
36,BOLA PLUS,Alimentos,563.25,90,10.01,5.0,2026-10-09T17:31:44.583642,True
37,Mesa Premium,Livros,313.34,3,36.73,-1,2026-10-09T17:31:44.583642,True
38,sofá basic,Casa,736.45,487,13.91,3.9,2026-10-09T17:31:44.583642,True
39,Aventura Pro,Roupas,313.04,85,-4.78,2.3,2026-10-09T17:31:44.583642,True
40,Sofá Pro,Categoria Inexistente,177.36,69,29.01,4.9,2026-10-09T17:31:44.583642,True
41,Calça Plus,Esportes,543.73,164,34.27,-1,2026-10-09T17:31:44.583642,True
42,camiseta max,Casa,509.58,10,11.58,0.9,2026-10-09T17:31:44.583642,True
43,Ursinho Max,Esportes,732.07,265,31.76,10,2026-10-09T17:31:44.583642,True
44,TV Plus,Esportes,717.38,372,19.13,-1,2026-10-09T17:31:44.583642,True
45,Camiseta Basic,Categoria Inexistente,975.45,356,22.6,3.3,2026-10-09T17:31:44.583642,True
46,Feijão Basic,Esportes,-59.58,133,22.39,2.6,2026-10-09T17:31:44.583642,True
47,,Casa,881.57,165,16.03,2.4,2026-10-09T17:31:44.583642,True
48,TV Plus,Casa,207.58,45,-7.15,3.4,2026-10-09T17:31:44.583642,True
49,Camiseta Max,Eletrônicos,0.0,333,28.97,3.6,2026-10-09T17:31:44.583642,True
50,Sofá Pro,Livros,902.32,-74,8.64,4.8,2026-10-09T17:31:44.583642,True
51,Calça Plus,Brinquedos,786.79,-11,30.71,0.8,2026-10-09T17:31:44.583642,True
52,Smartphone Max,Alimentos,0.0,117,8.71,1.3,2026-10-09T17:31:44.583642,True
53,Calça Pro,,536.89,284,37.3,0.2,2026-10-09T17:31:44.583642,True
54,Arroz Plus,Esportes,0.0,290,12.42,2.0,2026-10-09T17:31:44.583642,True
55,,Livros,691.38,404,43.91,3.1,2026-10-09T17:31:44.583642,True
56,SoFÁ prO,Alimentos,158.78,132,8.91,2.8,2026-10-09T17:31:44.583642,True
57,CAMISETA PLUS,Eletrônicos,554.93,47,18.95,1.3,2026-10-09T17:31:44.583642,True
58,arroz pro,Alimentos,919.92,116,18.08,2.9,2026-10-09T17:31:44.583642,True
59,Camiseta premium,Eletrônicos,413.04,324,44.54,0.4,2026-10-09T17:31:44.583642,True
60,calça basic,Brinquedos,67.08,498,8.89,1.8,2026-10-09T17:31:44.583642,True
61,Romance Premium,Esportes,137.96,129,2.89,10,2026-10-09T17:31:44.583642,True
62,Smartphone Premium,Roupas,0.0,163,2.94,1.2,2026-10-09T17:31:44.583642,True
63,Ursinho premium,Alimentos,318.3,368,21.97,0.7,2026-10-09T17:31:44.583642,True
64,,Eletrônicos,227.44,136,2.16,1.2,2026-10-09T17:31:44.583642,True
65,Notebook pro,Casa,255.27,183,19.62,0.2,2026-10-09T17:31:44.583642,True
66,Mesa plus,Roupas,710.18,6,41.15,2.2,2026-10-09T17:31:44.583642,True
67,Ursinho Max,,225.34,178,38.21,3.5,2026-10-09T17:31:44.583642,True
68,bola basic,Brinquedos,97.6,385,24.82,4.5,2026-10-09T17:31:44.583642,True
69,,Roupas,221.29,375,5.25,0.9,2026-10-09T17:31:44.583642,True
70,,Alimentos,729.58,84,36.48,0.8,2026-10-09T17:31:44.583642,True
71,Sofá Pro,Brinquedos,0.0,373,22.29,2.5,2026-10-09T17:31:44.583642,True
72,MESA PRO,Roupas,32.16,415,39.86,0.6,2026-10-09T17:31:44.583642,True
73,Notebook Premium,Alimentos,0.0,227,33.02,0.1,2026-10-09T17:31:44.583642,True
74,Mesa Max,Brinquedos,895.0,288,47.2,6,2026-10-09T17:31:44.583642,True
75,BolA pReMIUM,Eletrônicos,884.58,372,25.55,1.8,2026-10-09T17:31:44.583642,True
76,Romance Pro,Eletrônicos,0.0,237,8.46,2.7,2026-10-09T17:31:44.583642,True
77,TV Basic,Casa,721.98,258,43.94,10,2026-10-09T17:31:44.583642,True
78,Calça Premium,Casa,826.84,177,-8.6,2.7,2026-10-09T17:31:44.583642,True
79,Tv max,Alimentos,558.0,153,18.87,4.3,2026-10-09T17:31:44.583642,True
80,tv max,Esportes,771.6,343,43.76,0.1,2026-10-09T17:31:44.583642,True
81,Notebook Premium,Esportes,148.24,-91,11.66,3.2,2026-10-09T17:31:44.583642,True
82,Notebook Pro,Brinquedos,503.15,16,-1.78,2.9,2026-10-09T17:31:44.583642,True
83,Camiseta max,Roupas,750.09,260,43.06,3.5,2026-10-09T17:31:44.583642,True
84,Calça Premium,Roupas,0.0,151,31.16,3.3,2026-10-09T17:31:44.583642,True
85,Sofá Plus,Roupas,691.31,-39,32.48,4.7,2026-10-09T17:31:44.583642,True
86,SMARTPHONE PLUS,Eletrônicos,35.29,60,19.62,0.1,2026-10-09T17:31:44.583642,True
87,TV Max,Casa,0.0,20,22.81,2.1,2026-10-09T17:31:44.583642,True
88,aventura pro,Eletrônicos,637.73,27,18.21,0.4,2026-10-09T17:31:44.583642,True
89,Calça Basic,Roupas,-67.68,10,30.53,1.0,2026-10-09T17:31:44.583642,True
90,Sofá Max,Eletrônicos,444.03,335,-4.57,1.7,2026-10-09T17:31:44.583642,True
91,Bola Pro,Roupas,0.0,336,13.29,1.1,2026-10-09T17:31:44.583642,True
92,TV Basic,Alimentos,-52.77,130,6.19,1.3,2026-10-09T17:31:44.583642,True
93,TV Plus,Brinquedos,0.0,176,23.9,0.9,2026-10-09T17:31:44.583642,True
94,NoTeboOk max,Alimentos,763.36,176,13.73,3.5,2026-10-09T17:31:44.583642,True
95,Arroz Plus,,809.86,352,4.05,3.7,2026-10-09T17:31:44.583642,True
96,cAlça basIC,Alimentos,480.8,4,29.77,3.4,2026-10-09T17:31:44.583642,True
97,Feijão Basic,Casa,0.0,280,11.55,1.4,2026-10-09T17:31:44.583642,True
98,,Livros,808.21,155,43.61,2.7,2026-10-09T17:31:44.583642,True
99,aventura max,Brinquedos,599.78,20,31.19,2.3,2026-10-09T17:31:44.583642,True
100,avenTuRA PRO,Alimentos,509.03,421,26.83,3.4,2026-10-09T17:31:44.583642,True
101,notebook basic,Alimentos,157.73,178,30.37,0.3,2026-10-09T17:31:44.583642,True
102,SOfá PlUS,Roupas,665.13,437,15.91,2.2,2026-10-09T17:31:44.583642,True
103,Arroz Plus,Esportes,577.12,189,-9.15,2.0,2026-10-09T17:31:44.583642,True
104,Romance Pro,Casa,0.0,381,35.69,4.3,2026-10-09T17:31:44.583642,True
105, ,Alimentos,250.64,265,42.59,4.2,2026-10-09T17:31:44.583642,True
106,Sofá max,Roupas,431.71,151,31.52,0.6,2026-10-09T17:31:44.583642,True
107,ARROZ BASIC,Roupas,79.85,46,9.36,0.6,2026-10-09T17:31:44.583642,True
108,Smartphone Premium,Esportes,862.37,229,-6.16,1.4,2026-10-09T17:31:44.583642,True
109,caLÇa bASIc,Roupas,341.6,221,20.29,0.8,2026-10-09T17:31:44.583642,True
110,Mesa basic,Roupas,66.13,29,3.26,3.1,2026-10-09T17:31:44.583642,True
111,roMANCe premIuM,Roupas,466.18,154,19.89,1.1,2026-10-09T17:31:44.583642,True
112,Feijão Basic,Alimentos,429.41,-2,42.51,2.2,2026-10-09T17:31:44.583642,True
113,Notebook Basic,Esportes,825.71,487,-4.81,4.2,2026-10-09T17:31:44.583642,True
114,Aventura plus,Alimentos,727.01,31,35.63,4.5,2026-10-09T17:31:44.583642,True
115,TV Basic,Alimentos,0.0,38,6.46,4.7,2026-10-09T17:31:44.583642,True
116,Camiseta basic,Livros,24.38,92,13.61,4.0,2026-10-09T17:31:44.583642,True
117,mesa basic,Esportes,606.58,429,43.2,0.1,2026-10-09T17:31:44.583642,True
118,Notebook Basic,Roupas,61.16,19,-4.39,0.3,2026-10-09T17:31:44.583642,True
119,Sofá Max,Eletrônicos,210.64,274,-4.86,1.8,2026-10-09T17:31:44.583642,True
120,tv basic,Roupas,450.17,190,46.34,4.6,2026-10-09T17:31:44.583642,True
121,Romance Max,Livros,0.0,27,27.05,2.1,2026-10-09T17:31:44.583642,True
122,TV Basic,Alimentos,347.36,371,-1.73,1.6,2026-10-09T17:31:44.583642,True
123,Aventura Premium,Alimentos,67.77,193,-6.64,0.3,2026-10-09T17:31:44.583642,True
124,Ursinho pro,Esportes,91.77,324,32.12,2.9,2026-10-09T17:31:44.583642,True
125,Feijão Basic,Roupas,646.96,281,34.14,,2026-10-09T17:31:44.583642,True
126,Aventura Basic,Brinquedos,-67.92,270,4.52,4.0,2026-10-09T17:31:44.583642,True
127,notebook max,Esportes,250.24,240,23.66,2.9,2026-10-09T17:31:44.583642,True
128,Arroz plus,Eletrônicos,259.53,363,39.22,3.0,2026-10-09T17:31:44.583642,True
129,Mesa Plus,Casa,648.51,-8,13.61,3.0,2026-10-09T17:31:44.583642,True
130,,Brinquedos,398.56,188,17.97,0.7,2026-10-09T17:31:44.583642,True
131,tv premium,Roupas,937.71,412,16.1,2.7,2026-10-09T17:31:44.583642,True
132,,Brinquedos,956.46,229,28.69,1.5,2026-10-09T17:31:44.583642,True
133,Camiseta Max,Eletrônicos,0.0,272,44.05,3.6,2026-10-09T17:31:44.583642,True
134,Aventura max,Brinquedos,946.39,464,35.83,4.8,2026-10-09T17:31:44.583642,True
135,Camiseta Max,Eletrônicos,707.65,185,28.09,100,2026-10-09T17:31:44.583642,True
136,Arroz Premium,Roupas,211.22,284,-1.02,2.7,2026-10-09T17:31:44.583642,True
137,Arroz Premium,Casa,739.57,92,-7.61,0.4,2026-10-09T17:31:44.583642,True
138,CALÇA PRO,Brinquedos,203.78,301,16.99,4.2,2026-10-09T17:31:44.583642,True
139,sofá max,Esportes,309.27,137,34.3,0.3,2026-10-09T17:31:44.583642,True
140,Smartphone Pro,Livros,529.77,440,24.91,10,2026-10-09T17:31:44.583642,True
141,Mesa Basic,Alimentos,322.05,356,47.16,10,2026-10-09T17:31:44.583642,True
142,Camiseta Max,,761.08,82,0.36,1.5,2026-10-09T17:31:44.583642,True
143,Bola Plus,Livros,633.52,-95,46.51,5.0,2026-10-09T17:31:44.583642,True
144,bola PRo,Roupas,16.88,465,44.32,1.1,2026-10-09T17:31:44.583642,True
145,Aventura Basic,Brinquedos,-35.64,496,17.91,2.8,2026-10-09T17:31:44.583642,True
146,FEIJÃO PLUS,Alimentos,858.51,380,34.67,4.0,2026-10-09T17:31:44.583642,True
147,meSa PrEMiUm,Alimentos,274.59,121,17.86,3.5,2026-10-09T17:31:44.583642,True
148,Mesa Premium,Alimentos,0.0,272,1.8,1.0,2026-10-09T17:31:44.583642,True
149,Bola Plus,Eletrônicos,0.0,226,13.49,2.0,2026-10-09T17:31:44.583642,True
150,,Eletrônicos,489.9,398,31.3,1.0,2026-10-09T17:31:44.583642,True
151,Sofá plus,Casa,759.87,11,3.37,2.0,2026-10-09T17:31:44.583642,True
152,Camiseta Premium,Livros,517.96,-89,44.61,0.2,2026-10-09T17:31:44.583642,True
153,NOTEBOOK PREMIUM,Roupas,879.57,397,36.14,4.0,2026-10-09T17:31:44.583642,True
154,Ursinho Basic,123,784.22,16,21.09,0.1,2026-10-09T17:31:44.583642,True
155,calça basic,Eletrônicos,565.88,148,4.51,2.7,2026-10-09T17:31:44.583642,True
156,Ursinho Pro,Roupas,817.04,13,17.09,10,2026-10-09T17:31:44.583642,True
157,Camiseta plus,Eletrônicos,654.85,161,2.03,2.2,2026-10-09T17:31:44.583642,True
158,Aventura Max,Esportes,0.0,282,20.12,0.2,2026-10-09T17:31:44.583642,True
159,Notebook Pro,123,454.6,473,44.78,4.3,2026-10-09T17:31:44.583642,True
160,bOLA PREMiUM,Esportes,193.18,150,30.35,2.9,2026-10-09T17:31:44.583642,True
161,Smartphone Max,Categoria Inexistente,775.81,184,49.35,2.0,2026-10-09T17:31:44.583642,True
162,Ursinho Plus,Casa,340.29,-30,36.65,1.8,2026-10-09T17:31:44.583642,True
163,Romance Basic,Brinquedos,0.0,361,23.63,0.8,2026-10-09T17:31:44.583642,True
164,,Brinquedos,243.65,131,43.69,2.5,2026-10-09T17:31:44.583642,True
165,TV PLUS,Roupas,539.75,315,28.34,3.1,2026-10-09T17:31:44.583642,True
166,Aventura Pro,Eletrônicos,0.0,414,48.64,2.9,2026-10-09T17:31:44.583642,True
167,Notebook Max,Casa,610.05,-9,14.44,3.6,2026-10-09T17:31:44.583642,True
168,FEIJÃO BASIC,Livros,119.27,28,31.68,4.9,2026-10-09T17:31:44.583642,True
169,Aventura basic,Esportes,782.1,92,3.95,1.1,2026-10-09T17:31:44.583642,True
170,Calça Basic,Alimentos,520.15,78,16.57,10,2026-10-09T17:31:44.583642,True
171,Sofá pro,Esportes,725.48,260,25.36,1.2,2026-10-09T17:31:44.583642,True
172,Notebook premium,Esportes,725.58,399,40.91,3.7,2026-10-09T17:31:44.583642,True
173,Arroz Basic,Casa,-38.22,135,36.74,1.5,2026-10-09T17:31:44.583642,True
174,arroz max,Brinquedos,260.38,63,12.94,3.7,2026-10-09T17:31:44.583642,True
175, ,Livros,480.73,235,12.4,0.1,2026-10-09T17:31:44.583642,True
176,sMArtPhONE mAX,Alimentos,795.71,390,44.56,3.7,2026-10-09T17:31:44.583642,True
177,Romance premium,Casa,950.78,221,21.21,0.1,2026-10-09T17:31:44.583642,True
178,Romance Plus,Roupas,818.74,-69,10.3,0.5,2026-10-09T17:31:44.583642,True
179,Tv MAX,Brinquedos,420.33,97,14.41,1.1,2026-10-09T17:31:44.583642,True
180,Sofá Plus,123,415.69,292,21.06,4.8,2026-10-09T17:31:44.583642,True
181,URSINHO PLUS,Casa,328.73,444,45.27,4.6,2026-10-09T17:31:44.583642,True
182,Ursinho Max,,891.27,135,1.17,4.1,2026-10-09T17:31:44.583642,True
183,Ursinho Plus,Categoria Inexistente,538.79,445,26.48,5.0,2026-10-09T17:31:44.583642,True
184,Arroz Basic,Roupas,0.0,345,12.92,4.9,2026-10-09T17:31:44.583642,True
185,Smartphone Pro,Esportes,402.87,-86,49.14,2.3,2026-10-09T17:31:44.583642,True
186,Feijão basic,Brinquedos,69.38,148,4.36,0.3,2026-10-09T17:31:44.583642,True
187,Aventura Pro,,586.17,443,13.11,3.9,2026-10-09T17:31:44.583642,True
188,CALÇA PLUS,Eletrônicos,318.42,192,24.95,5.0,2026-10-09T17:31:44.583642,True
189,Aventura Premium,Casa,-71.66,433,49.26,2.8,2026-10-09T17:31:44.583642,True
190,Sofá Basic,123,350.63,171,49.27,2.2,2026-10-09T17:31:44.583642,True
191,,Esportes,405.71,180,23.7,0.2,2026-10-09T17:31:44.583642,True
192,,Brinquedos,347.88,427,11.83,2.1,2026-10-09T17:31:44.583642,True
193,,Casa,485.52,387,36.89,4.5,2026-10-09T17:31:44.583642,True
194,,Casa,215.26,343,3.0,4.3,2026-10-09T17:31:44.583642,True
195,Calça Premium,Categoria Inexistente,778.28,47,40.74,2.7,2026-10-09T17:31:44.583642,True
196,arroz premium,Casa,841.07,421,6.05,4.1,2026-10-09T17:31:44.583642,True
197,Arroz Plus,Casa,80.75,-46,6.19,4.5,2026-10-09T17:31:44.583642,True
198,Aventura plus,Roupas,248.84,367,5.26,0.6,2026-10-09T17:31:44.583642,True
199,ursinho pro,Casa,342.37,186,24.39,4.7,2026-10-09T17:31:44.583642,True
200,Aventura Max,Roupas,-21.76,460,2.1,2.7,2026-10-09T17:31:44.583642,True
201,Calça Premium,Casa,565.85,-46,17.09,1.6,2026-10-09T17:31:44.583642,True
202,Romance plus,Livros,651.84,417,38.91,1.1,2026-10-09T17:31:44.583642,True
203,MESA PRO,Roupas,464.56,82,47.23,0.5,2026-10-09T17:31:44.583642,True
204,TV Premium,Eletrônicos,0.0,335,29.35,2.5,2026-10-09T17:31:44.583642,True
205,CALÇA BASIC,Livros,640.43,85,49.68,0.2,2026-10-09T17:31:44.583642,True
206,ARROZ MAX,Casa,651.69,32,12.14,3.1,2026-10-09T17:31:44.583642,True
207,Camiseta Max,Esportes,70.21,434,17.6,100,2026-10-09T17:31:44.583642,True
208,caMIseTA plUs,Roupas,317.97,370,19.78,2.9,2026-10-09T17:31:44.583642,True
209,ROMANCE MAX,Brinquedos,784.22,96,31.83,1.8,2026-10-09T17:31:44.583642,True
210,Mesa Pro,Eletrônicos,0.0,83,9.92,1.4,2026-10-09T17:31:44.583642,True
211,TV Premium,Eletrônicos,468.91,339,28.5,-1,2026-10-09T17:31:44.583642,True
212,Notebook Premium,Alimentos,508.36,162,-2.85,0.6,2026-10-09T17:31:44.583642,True
213,Mesa Pro,Brinquedos,112.45,182,-6.46,0.8,2026-10-09T17:31:44.583642,True
214,Mesa Plus,Casa,560.19,180,-4.93,1.6,2026-10-09T17:31:44.583642,True
215,arroz pro,Esportes,358.04,253,45.69,4.4,2026-10-09T17:31:44.583642,True
216,bola basic,Esportes,794.41,397,14.45,3.7,2026-10-09T17:31:44.583642,True
217,ROMANCE MAX,Roupas,659.67,432,26.5,2.2,2026-10-09T17:31:44.583642,True
218,ROMANCE PREMIUM,Brinquedos,806.55,432,17.25,1.1,2026-10-09T17:31:44.583642,True
219,mesa basic,Alimentos,700.29,486,40.17,4.2,2026-10-09T17:31:44.583642,True
220,Arroz Plus,Esportes,735.41,-10,48.49,3.0,2026-10-09T17:31:44.583642,True
221,ARROZ MAX,Brinquedos,344.02,206,25.17,4.7,2026-10-09T17:31:44.583642,True
222,Mesa Pro,Livros,671.26,496,26.27,10,2026-10-09T17:31:44.583642,True
223,,Alimentos,791.69,248,31.42,3.9,2026-10-09T17:31:44.583642,True
224,Sofá premium,Eletrônicos,52.21,388,26.26,1.0,2026-10-09T17:31:44.583642,True
225,Calça Max,Esportes,121.14,365,23.71,100,2026-10-09T17:31:44.583642,True
226,,Livros,762.4,136,41.38,0.6,2026-10-09T17:31:44.583642,True
227,Mesa basic,Eletrônicos,573.08,150,22.35,1.2,2026-10-09T17:31:44.583642,True
228,Smartphone Plus,Livros,877.19,-7,27.81,0.1,2026-10-09T17:31:44.583642,True
229,Sofá Premium,Alimentos,-10.3,347,47.75,3.1,2026-10-09T17:31:44.583642,True
230, ,Roupas,702.8,384,12.61,3.0,2026-10-09T17:31:44.583642,True
231,sofá basic,Livros,166.98,75,27.7,1.1,2026-10-09T17:31:44.583642,True
232,Feijão Basic,Casa,-92.61,275,19.74,4.1,2026-10-09T17:31:44.583642,True
233,TV Basic,Brinquedos,242.79,36,-8.09,4.4,2026-10-09T17:31:44.583642,True
234,Aventura Pro,Livros,82.71,407,-0.43,1.7,2026-10-09T17:31:44.583642,True
235,Arroz Premium,Esportes,826.71,144,34.13,6,2026-10-09T17:31:44.583642,True
236,aventura basic,Alimentos,725.76,91,44.08,1.2,2026-10-09T17:31:44.583642,True
237,Smartphone Premium,Casa,471.35,59,-6.73,2.5,2026-10-09T17:31:44.583642,True
238,TV Max,Livros,533.67,-53,9.24,4.6,2026-10-09T17:31:44.583642,True
239,Romance Pro,Livros,0.0,428,28.66,3.0,2026-10-09T17:31:44.583642,True
240,Calça Basic,Brinquedos,0.0,299,6.23,2.0,2026-10-09T17:31:44.583642,True
241,,Roupas,883.87,349,32.36,3.9,2026-10-09T17:31:44.583642,True
242,feijão max,Brinquedos,740.74,415,22.99,4.6,2026-10-09T17:31:44.583642,True
243,Notebook Max,Eletrônicos,940.29,69,-2.07,2.8,2026-10-09T17:31:44.583642,True
244,Mesa Max,Casa,316.01,363,-3.12,0.3,2026-10-09T17:31:44.583642,True
245,TV Max,,160.74,143,42.89,1.2,2026-10-09T17:31:44.583642,True
246,Calça Basic,,759.75,34,29.1,1.4,2026-10-09T17:31:44.583642,True
247,,Casa,805.02,249,45.51,0.9,2026-10-09T17:31:44.583642,True
248,Smartphone pro,Eletrônicos,99.3,11,28.67,1.7,2026-10-09T17:31:44.583642,True
249,Ursinho Plus,Brinquedos,0.0,404,38.18,2.7,2026-10-09T17:31:44.583642,True
250,Tv plus,Roupas,945.94,280,45.55,0.2,2026-10-09T17:31:44.583642,True
251,BoLA MaX,Alimentos,906.37,34,35.67,3.8,2026-10-09T17:31:44.583642,True
252,Aventura Pro,Casa,0.0,403,33.05,3.8,2026-10-09T17:31:44.583642,True
253,RoMANcE pLuS,Casa,20.68,166,13.88,2.0,2026-10-09T17:31:44.583642,True
254, ,Casa,18.53,164,33.19,4.3,2026-10-09T17:31:44.583642,True
255,Sofá Premium,Brinquedos,65.59,-49,27.3,2.3,2026-10-09T17:31:44.583642,True
256, ,Brinquedos,655.75,177,37.25,1.2,2026-10-09T17:31:44.583642,True
257,Romance Pro,Alimentos,0.0,482,18.09,2.4,2026-10-09T17:31:44.583642,True
258,Arroz basic,Alimentos,591.5,164,42.39,4.9,2026-10-09T17:31:44.583642,True
259,Aventura Premium,Casa,-24.65,260,8.87,3.6,2026-10-09T17:31:44.583642,True
260,cAmisETa max,Esportes,904.75,194,0.67,3.7,2026-10-09T17:31:44.583642,True
261,Calça Plus,Casa,-46.53,174,31.05,3.0,2026-10-09T17:31:44.583642,True
262,Arroz Max,,411.61,459,29.0,2.7,2026-10-09T17:31:44.583642,True
263,mesa max,Alimentos,885.85,197,29.7,4.4,2026-10-09T17:31:44.583642,True
264,uRSINhO PreMIUm,Alimentos,935.66,278,40.96,4.4,2026-10-09T17:31:44.583642,True
265,mesa max,Casa,571.5,356,27.92,0.3,2026-10-09T17:31:44.583642,True
266,tv bASIC,Brinquedos,276.32,39,15.14,1.8,2026-10-09T17:31:44.583642,True
267,aventura basic,Roupas,469.22,436,20.89,0.1,2026-10-09T17:31:44.583642,True
268,CALÇA BASIC,Brinquedos,164.37,190,30.48,0.1,2026-10-09T17:31:44.583642,True
269,CAMISETA PRO,Livros,322.61,318,17.8,1.0,2026-10-09T17:31:44.583642,True
270, ,Casa,451.2,490,39.56,2.3,2026-10-09T17:31:44.583642,True
271,Camiseta Basic,Livros,807.05,58,-5.47,4.1,2026-10-09T17:31:44.583642,True
272,,Esportes,642.68,137,43.45,3.1,2026-10-09T17:31:44.583642,True
273,Feijão Pro,Roupas,520.01,-66,40.05,0.6,2026-10-09T17:31:44.583642,True
274,Calça Max,Casa,-51.88,499,20.5,4.3,2026-10-09T17:31:44.583642,True
275,Tv pro,Alimentos,369.5,457,42.77,2.4,2026-10-09T17:31:44.583642,True
276,CALÇA BASIC,Livros,48.03,162,30.43,3.0,2026-10-09T17:31:44.583642,True
277,TV Pro,Casa,292.95,-20,29.66,0.4,2026-10-09T17:31:44.583642,True
278,Arroz Max,Esportes,661.2,208,-6.44,3.3,2026-10-09T17:31:44.583642,True
279,Bola Pro,Livros,0.0,98,25.4,1.0,2026-10-09T17:31:44.583642,True
280,NOTEBOOK PRO,Alimentos,748.28,28,1.69,2.1,2026-10-09T17:31:44.583642,True
281,Notebook Pro,Casa,73.81,42,40.37,10,2026-10-09T17:31:44.583642,True
282,Notebook Premium,Roupas,850.81,18,42.54,,2026-10-09T17:31:44.583642,True
283,Sofá Pro,Roupas,461.8,-21,5.74,2.6,2026-10-09T17:31:44.583642,True
284,Arroz Plus,,422.57,310,31.3,4.0,2026-10-09T17:31:44.583642,True
285,calça pLus,Casa,868.09,95,18.47,3.2,2026-10-09T17:31:44.583642,True
286,Smartphone Max,Livros,272.46,349,33.4,6,2026-10-09T17:31:44.583642,True
287,Arroz max,Roupas,542.8,97,36.46,0.7,2026-10-09T17:31:44.583642,True
288,Calça Pro,Esportes,247.77,492,-0.47,4.6,2026-10-09T17:31:44.583642,True
289,Camiseta Pro,Roupas,0.0,270,35.02,3.5,2026-10-09T17:31:44.583642,True
290,Mesa Max,Livros,879.64,273,22.3,,2026-10-09T17:31:44.583642,True
291,Mesa Pro,Livros,36.83,-25,2.98,3.0,2026-10-09T17:31:44.583642,True
292,Calça max,Casa,968.79,321,30.3,0.6,2026-10-09T17:31:44.583642,True
293,Ursinho Basic,Eletrônicos,-25.99,143,18.77,3.3,2026-10-09T17:31:44.583642,True
294,Calça Plus,Casa,517.24,413,-9.02,0.9,2026-10-09T17:31:44.583642,True
295,calça plus,Livros,679.56,207,29.12,4.5,2026-10-09T17:31:44.583642,True
296,aventura premium,Esportes,433.68,47,40.82,3.5,2026-10-09T17:31:44.583642,True
297,,Esportes,325.15,263,43.09,4.5,2026-10-09T17:31:44.583642,True
298,ROMANCE MAX,Eletrônicos,185.44,129,30.24,1.9,2026-10-09T17:31:44.583642,True
299,Romance Premium,Esportes,21.35,-79,12.96,1.5,2026-10-09T17:31:44.583642,True
300,Feijão Max,Brinquedos,0.0,26,16.88,2.0,2026-10-09T17:31:44.583642,True
301,Ursinho premium,Livros,876.53,112,34.06,3.4,2026-10-09T17:31:44.583642,True
302,Bola Max,Casa,503.43,-53,8.51,4.4,2026-10-09T17:31:44.583642,True
303,TV Pro,Livros,474.15,-73,7.95,1.7,2026-10-09T17:31:44.583642,True
304,Bola premium,Alimentos,346.45,335,1.98,1.4,2026-10-09T17:31:44.583642,True
305,CalçA baSIc,Brinquedos,770.89,229,19.08,3.4,2026-10-09T17:31:44.583642,True
306,Aventura pro,Brinquedos,484.9,450,47.84,4.8,2026-10-09T17:31:44.583642,True
307, ,Roupas,910.25,494,16.67,2.7,2026-10-09T17:31:44.583642,True
308,romance pro,Livros,751.78,461,28.69,2.7,2026-10-09T17:31:44.583642,True
309,Sofá Max,123,688.67,147,45.43,3.8,2026-10-09T17:31:44.583642,True
310,rOMAnce BasIC,Casa,165.61,316,44.71,4.1,2026-10-09T17:31:44.583642,True
311,Sofá Basic,Esportes,0.0,482,39.17,1.8,2026-10-09T17:31:44.583642,True
312,Smartphone Max,Esportes,364.88,469,7.46,10,2026-10-09T17:31:44.583642,True
313,Feijão pro,Roupas,614.35,143,43.75,4.7,2026-10-09T17:31:44.583642,True
314,ARROZ PLUS,Brinquedos,926.24,69,6.29,0.5,2026-10-09T17:31:44.583642,True
315,RomAnCe PLUS,Roupas,123.19,104,28.94,2.6,2026-10-09T17:31:44.583642,True
316,aVENtURA PrEmiUM,Roupas,957.07,284,34.55,2.0,2026-10-09T17:31:44.583642,True
317,Mesa Premium,,11.91,417,0.38,0.6,2026-10-09T17:31:44.583642,True
318,Sofá Premium,Brinquedos,773.47,133,-8.09,1.9,2026-10-09T17:31:44.583642,True
319,Ursinho pro,Roupas,485.49,441,42.33,2.2,2026-10-09T17:31:44.583642,True
320,Smartphone Premium,,747.18,298,13.97,1.6,2026-10-09T17:31:44.583642,True
321,Aventura plus,Eletrônicos,169.36,435,22.48,2.2,2026-10-09T17:31:44.583642,True
322,Arroz Basic,Livros,488.59,50,19.2,100,2026-10-09T17:31:44.583642,True
323,calça premium,Alimentos,973.38,274,8.92,2.7,2026-10-09T17:31:44.583642,True
324,Mesa Premium,Esportes,924.64,259,-4.86,3.3,2026-10-09T17:31:44.583642,True
325,ursinho pro,Roupas,499.44,298,24.37,0.3,2026-10-09T17:31:44.583642,True
326,,Brinquedos,919.38,400,43.87,5.0,2026-10-09T17:31:44.583642,True
327,Ursinho Pro,Roupas,952.77,470,15.62,-1,2026-10-09T17:31:44.583642,True
328,Smartphone Pro,Alimentos,137.95,69,10.45,,2026-10-09T17:31:44.583642,True
329,TV Max,Roupas,267.82,428,48.4,100,2026-10-09T17:31:44.583642,True
330,FEijão baSiC,Esportes,458.07,291,37.45,0.7,2026-10-09T17:31:44.583642,True
331,Notebook basic,Alimentos,231.05,255,9.4,4.6,2026-10-09T17:31:44.583642,True
332,Sofá Basic,,410.16,197,14.67,3.5,2026-10-09T17:31:44.583642,True
333,Calça Pro,Casa,-1.78,478,25.46,3.0,2026-10-09T17:31:44.583642,True
334,Ursinho Max,Categoria Inexistente,22.67,56,10.08,3.3,2026-10-09T17:31:44.583642,True
335,NOTEBOOK PRO,Eletrônicos,866.97,221,18.25,4.7,2026-10-09T17:31:44.583642,True
336,Feijão Basic,Alimentos,989.5,366,11.39,-1,2026-10-09T17:31:44.583642,True
337,Notebook Premium,Esportes,-33.57,363,3.07,3.3,2026-10-09T17:31:44.583642,True
338,Mesa Premium,Categoria Inexistente,585.74,49,6.91,1.3,2026-10-09T17:31:44.583642,True
339,Camiseta Pro,Roupas,347.77,380,37.52,100,2026-10-09T17:31:44.583642,True
340,aRroz baSiC,Casa,394.78,38,40.03,2.5,2026-10-09T17:31:44.583642,True
341,Notebook Basic,,867.93,409,16.42,1.9,2026-10-09T17:31:44.583642,True
342,BOLA Basic,Livros,988.41,16,34.57,3.0,2026-10-09T17:31:44.583642,True
343,Notebook Basic,Livros,0.0,124,40.6,3.0,2026-10-09T17:31:44.583642,True
344,CamISeTA Pro,Alimentos,586.82,318,6.82,4.2,2026-10-09T17:31:44.583642,True
345,Romance Max,Esportes,430.01,336,-1.12,2.5,2026-10-09T17:31:44.583642,True
346,Mesa Pro,Esportes,-82.96,209,27.82,4.9,2026-10-09T17:31:44.583642,True
347,,Esportes,565.52,314,37.29,1.0,2026-10-09T17:31:44.583642,True
348,Notebook Premium,,183.45,273,46.74,3.9,2026-10-09T17:31:44.583642,True
349,FEIJÃO BASIC,Casa,86.03,309,3.68,2.9,2026-10-09T17:31:44.583642,True
350,TV Plus,Alimentos,693.4,-5,1.29,2.6,2026-10-09T17:31:44.583642,True
351,URSINHO PRO,Livros,774.46,104,5.56,3.9,2026-10-09T17:31:44.583642,True
352,Romance Max,Roupas,614.34,302,1.87,100,2026-10-09T17:31:44.583642,True
353,TV Max,,272.74,449,41.38,1.2,2026-10-09T17:31:44.583642,True
354,Bola Premium,Brinquedos,-36.04,462,22.66,3.6,2026-10-09T17:31:44.583642,True
355,ROMANCE PLUS,Livros,293.36,399,18.71,1.2,2026-10-09T17:31:44.583642,True
356,Bola Max,Casa,652.22,175,-1.69,2.9,2026-10-09T17:31:44.583642,True
357,Calça Premium,Roupas,205.33,413,-4.83,4.4,2026-10-09T17:31:44.583642,True
358,Calça Max,Esportes,332.72,-22,16.06,4.7,2026-10-09T17:31:44.583642,True
359,TV Plus,Alimentos,27.81,83,-8.74,3.1,2026-10-09T17:31:44.583642,True
360,,Esportes,768.51,193,1.4,1.5,2026-10-09T17:31:44.583642,True
361,aventura plus,Esportes,654.38,142,13.01,4.6,2026-10-09T17:31:44.583642,True
362,mesa plus,Brinquedos,250.11,58,28.04,1.2,2026-10-09T17:31:44.583642,True
363,Arroz Plus,Eletrônicos,108.26,-31,30.6,4.2,2026-10-09T17:31:44.583642,True
364,Bola Plus,,178.8,401,20.12,0.4,2026-10-09T17:31:44.583642,True
365,,Esportes,150.45,105,27.48,1.4,2026-10-09T17:31:44.583642,True
366,,Roupas,254.68,290,19.39,3.7,2026-10-09T17:31:44.583642,True
367,Aventura Max,Roupas,-60.13,321,5.0,3.5,2026-10-09T17:31:44.583642,True
368,TV Pro,Casa,871.66,359,11.75,100,2026-10-09T17:31:44.583642,True
369,Bola Basic,Eletrônicos,-26.26,375,20.75,2.0,2026-10-09T17:31:44.583642,True
370,ROMANCE PREMIUM,Brinquedos,696.95,108,37.0,1.1,2026-10-09T17:31:44.583642,True
371,Bola max,Brinquedos,220.2,61,32.6,4.5,2026-10-09T17:31:44.583642,True
372,Calça Pro,Brinquedos,0.0,336,29.11,2.3,2026-10-09T17:31:44.583642,True
373,bola premium,Esportes,997.44,38,44.09,0.9,2026-10-09T17:31:44.583642,True
374,sOfÁ BAsic,Eletrônicos,354.0,37,28.91,5.0,2026-10-09T17:31:44.583642,True
375,,Eletrônicos,490.05,88,3.25,2.0,2026-10-09T17:31:44.583642,True
376,Bola premium,Brinquedos,604.09,65,14.87,0.2,2026-10-09T17:31:44.583642,True
377,FEIJÃO PREMIUM,Esportes,688.75,469,38.1,1.6,2026-10-09T17:31:44.583642,True
378,ArRoZ Pro,Esportes,76.35,144,9.89,3.9,2026-10-09T17:31:44.583642,True
379,Calça Plus,Roupas,-8.22,63,39.92,3.9,2026-10-09T17:31:44.583642,True
380,Arroz Pro,Categoria Inexistente,199.41,478,40.62,1.2,2026-10-09T17:31:44.583642,True
381,Romance basic,Livros,856.38,327,13.62,2.6,2026-10-09T17:31:44.583642,True
382,Mesa Pro,Roupas,184.46,36,-2.73,0.3,2026-10-09T17:31:44.583642,True
383,calça premium,Livros,692.39,470,31.4,1.0,2026-10-09T17:31:44.583642,True
384,SoFá PLuS,Brinquedos,867.2,210,49.41,3.6,2026-10-09T17:31:44.583642,True
385,bola plus,Casa,953.19,180,1.26,2.6,2026-10-09T17:31:44.583642,True
386,Aventura Max,,915.32,74,36.63,2.4,2026-10-09T17:31:44.583642,True
387,,Brinquedos,854.64,346,19.83,4.0,2026-10-09T17:31:44.583642,True
388,Ursinho Basic,Livros,-67.77,120,44.8,0.4,2026-10-09T17:31:44.583642,True
389,Ursinho Premium,Categoria Inexistente,940.66,228,24.12,0.1,2026-10-09T17:31:44.583642,True
390,Smartphone premium,Eletrônicos,556.54,371,22.24,1.9,2026-10-09T17:31:44.583642,True
391,Calça Max,Esportes,-79.56,146,25.32,3.3,2026-10-09T17:31:44.583642,True
392,notebook max,Alimentos,576.12,235,10.57,4.2,2026-10-09T17:31:44.583642,True
393,Notebook pro,Livros,973.85,244,2.74,4.2,2026-10-09T17:31:44.583642,True
394,Romance Basic,Esportes,659.38,-26,33.36,1.0,2026-10-09T17:31:44.583642,True
395,MEsA premIUm,Roupas,211.11,489,27.42,3.1,2026-10-09T17:31:44.583642,True
396,TV Pro,Roupas,0.0,366,6.16,4.4,2026-10-09T17:31:44.583642,True
397,calça premium,Esportes,189.53,157,47.58,1.9,2026-10-09T17:31:44.583642,True
398,Mesa Max,Livros,0.0,296,29.48,4.9,2026-10-09T17:31:44.583642,True
399,Romance Plus,Alimentos,-67.24,118,13.03,4.2,2026-10-09T17:31:44.583642,True
400,Feijão Premium,Alimentos,411.49,455,0.42,10,2026-10-09T17:31:44.583642,True
401,noTeBooK BAsIC,Esportes,614.71,377,41.29,3.9,2026-10-09T17:31:44.583642,True
402,Feijão Basic,123,787.98,57,47.68,0.6,2026-10-09T17:31:44.583642,True
403,Arroz Max,Livros,198.48,242,29.08,10,2026-10-09T17:31:44.583642,True
404,SOfá PReMium,Esportes,515.8,396,36.43,0.4,2026-10-09T17:31:44.583642,True
405,,Casa,424.07,306,31.62,0.5,2026-10-09T17:31:44.583642,True
406,Calça pro,Eletrônicos,865.79,468,28.71,0.5,2026-10-09T17:31:44.583642,True
407,Feijão Premium,Casa,276.66,78,-6.4,0.2,2026-10-09T17:31:44.583642,True
408,,Alimentos,32.9,47,25.23,0.8,2026-10-09T17:31:44.583642,True
409,Romance Max,Brinquedos,-12.7,123,12.15,0.8,2026-10-09T17:31:44.583642,True
410,Ursinho Plus,Alimentos,18.97,-3,25.87,4.3,2026-10-09T17:31:44.583642,True
411,Sofá premium,Esportes,307.18,398,21.01,4.0,2026-10-09T17:31:44.583642,True
412,Notebook Basic,Roupas,300.13,-45,47.09,5.0,2026-10-09T17:31:44.583642,True
413, ,Casa,967.3,342,35.66,0.6,2026-10-09T17:31:44.583642,True
414,ArrOz pro,Roupas,17.49,217,22.21,3.4,2026-10-09T17:31:44.583642,True
415,tV mAX,Roupas,757.44,151,41.43,3.3,2026-10-09T17:31:44.583642,True
416,Arroz Plus,Brinquedos,602.12,388,-2.71,1.6,2026-10-09T17:31:44.583642,True
417,Romance Pro,Casa,694.82,436,28.98,-1,2026-10-09T17:31:44.583642,True
418,CAMISETA PLUS,Casa,316.03,247,19.38,1.9,2026-10-09T17:31:44.583642,True
419,,Livros,143.69,17,13.96,3.1,2026-10-09T17:31:44.583642,True
420,Camiseta Basic,123,17.57,74,14.88,4.9,2026-10-09T17:31:44.583642,True
421,Notebook Plus,123,435.73,328,40.51,3.1,2026-10-09T17:31:44.583642,True
422,Bola Max,Esportes,-76.1,30,10.57,4.6,2026-10-09T17:31:44.583642,True
423,MESA PREMIUM,Casa,349.74,329,30.18,0.7,2026-10-09T17:31:44.583642,True
424,Calça Premium,Eletrônicos,340.03,177,-1.83,0.6,2026-10-09T17:31:44.583642,True
425,Ursinho Premium,Brinquedos,801.51,168,-7.41,1.8,2026-10-09T17:31:44.583642,True
426,feijão basic,Alimentos,364.65,309,26.25,3.3,2026-10-09T17:31:44.583642,True
427,BOLA PREMIUM,Alimentos,402.38,417,17.68,4.5,2026-10-09T17:31:44.583642,True
428,FEIJÃO MAX,Brinquedos,273.24,499,18.08,1.3,2026-10-09T17:31:44.583642,True
429,TV PREMIUM,Livros,201.66,380,31.51,1.8,2026-10-09T17:31:44.583642,True
430,Bola Max,Casa,344.29,-97,18.48,1.2,2026-10-09T17:31:44.583642,True
431,SMArTPhone PRO,Brinquedos,294.74,428,42.74,4.8,2026-10-09T17:31:44.583642,True
432,Mesa Premium,,304.94,340,31.33,4.2,2026-10-09T17:31:44.583642,True
433,feIJÃo bAsIc,Brinquedos,911.45,104,40.7,3.1,2026-10-09T17:31:44.583642,True
434,Smartphone Max,Brinquedos,312.12,476,23.26,10,2026-10-09T17:31:44.583642,True
435,Aventura Premium,Alimentos,434.06,191,23.99,10,2026-10-09T17:31:44.583642,True
436,Ursinho Plus,Eletrônicos,0.0,106,42.26,1.2,2026-10-09T17:31:44.583642,True
437,romance pro,Roupas,737.73,347,48.84,2.5,2026-10-09T17:31:44.583642,True
438,Mesa plus,Eletrônicos,584.36,304,42.73,0.6,2026-10-09T17:31:44.583642,True
439,Arroz Pro,,798.07,448,27.29,1.4,2026-10-09T17:31:44.583642,True
440,TV Pro,Esportes,103.55,-84,45.16,3.9,2026-10-09T17:31:44.583642,True
441,URSINHO PRO,Brinquedos,128.05,196,19.16,1.3,2026-10-09T17:31:44.583642,True
442,TV Plus,Livros,974.72,291,25.6,6,2026-10-09T17:31:44.583642,True
443,Arroz Max,Casa,-89.21,124,31.77,4.7,2026-10-09T17:31:44.583642,True
444,aventura pro,Roupas,322.67,2,29.4,4.5,2026-10-09T17:31:44.583642,True
445, ,Casa,437.6,249,16.05,0.1,2026-10-09T17:31:44.583642,True
446,bola max,Roupas,145.97,399,34.88,4.5,2026-10-09T17:31:44.583642,True
447,Calça Max,Roupas,0.0,55,2.21,3.5,2026-10-09T17:31:44.583642,True
448, ,Livros,776.3,38,30.61,4.3,2026-10-09T17:31:44.583642,True
449,Romance pro,Roupas,87.37,279,35.81,3.6,2026-10-09T17:31:44.583642,True
450,Calça Pro,Roupas,883.94,14,14.62,,2026-10-09T17:31:44.583642,True
451,aventura max,Esportes,66.86,309,43.88,4.1,2026-10-09T17:31:44.583642,True
452,,Eletrônicos,586.03,377,26.78,3.6,2026-10-09T17:31:44.583642,True
453,nOTEBoOk MaX,Livros,77.59,31,38.21,3.6,2026-10-09T17:31:44.583642,True
454,TV PREMIUM,Esportes,380.53,403,0.88,3.8,2026-10-09T17:31:44.583642,True
455,Mesa Basic,Esportes,660.37,-74,30.45,2.4,2026-10-09T17:31:44.583642,True
456,SMARTPHONE BASIC,Casa,851.84,183,44.15,2.7,2026-10-09T17:31:44.583642,True
457,Ursinho Max,Brinquedos,922.11,373,-3.99,1.1,2026-10-09T17:31:44.583642,True
458,TV BASIC,Livros,172.8,345,28.46,3.8,2026-10-09T17:31:44.583642,True
459,Smartphone Premium,Roupas,230.98,-89,15.87,4.1,2026-10-09T17:31:44.583642,True
460,TV PRO,Livros,485.51,186,19.74,3.6,2026-10-09T17:31:44.583642,True
461,Camiseta Basic,Casa,444.34,383,-0.83,2.8,2026-10-09T17:31:44.583642,True
462,Romance Max,Casa,644.97,221,27.91,10,2026-10-09T17:31:44.583642,True
463,ARROZ BASIC,Alimentos,358.54,482,38.98,0.9,2026-10-09T17:31:44.583642,True
464,Camiseta Premium,Alimentos,0.0,433,37.5,4.7,2026-10-09T17:31:44.583642,True
465,TV Plus,123,807.22,65,22.6,3.3,2026-10-09T17:31:44.583642,True
466,Camiseta Plus,Brinquedos,0.0,317,0.54,2.0,2026-10-09T17:31:44.583642,True
467,TV Pro,Esportes,400.17,-61,10.6,2.3,2026-10-09T17:31:44.583642,True
468,Smartphone Pro,Roupas,145.32,59,-4.65,4.8,2026-10-09T17:31:44.583642,True
469,Arroz max,Eletrônicos,731.39,260,12.79,2.6,2026-10-09T17:31:44.583642,True
470,Smartphone Max,,305.08,36,16.71,1.5,2026-10-09T17:31:44.583642,True
471,Mesa Pro,Alimentos,536.66,335,-5.42,0.9,2026-10-09T17:31:44.583642,True
472,romance max,Livros,437.42,39,26.32,1.2,2026-10-09T17:31:44.583642,True
473,camiseta max,Roupas,659.05,319,9.62,2.8,2026-10-09T17:31:44.583642,True
474,Camiseta plus,Alimentos,881.78,308,42.14,3.3,2026-10-09T17:31:44.583642,True
475,Feijão Plus,Livros,-15.31,78,37.91,0.7,2026-10-09T17:31:44.583642,True
476,Ursinho Plus,Casa,-44.61,466,43.1,4.0,2026-10-09T17:31:44.583642,True
477,Arroz Premium,Brinquedos,102.25,146,8.43,100,2026-10-09T17:31:44.583642,True
478,aventura plus,Brinquedos,207.95,441,30.54,4.3,2026-10-09T17:31:44.583642,True
479,Notebook Basic,Categoria Inexistente,422.73,41,47.15,4.4,2026-10-09T17:31:44.583642,True
480,CALÇA prEMIUM,Alimentos,774.82,292,17.9,3.9,2026-10-09T17:31:44.583642,True
481,Ursinho Premium,Brinquedos,120.2,257,39.05,,2026-10-09T17:31:44.583642,True
482,TV Premium,,589.78,244,48.93,1.9,2026-10-09T17:31:44.583642,True
483,Smartphone Plus,Brinquedos,211.82,101,26.19,100,2026-10-09T17:31:44.583642,True
484,Camiseta Plus,Brinquedos,763.02,-8,3.17,3.0,2026-10-09T17:31:44.583642,True
485,BOLA MAX,Livros,23.52,34,6.22,3.6,2026-10-09T17:31:44.583642,True
486, ,Livros,138.08,492,23.65,3.8,2026-10-09T17:31:44.583642,True
487,MESA MAX,Livros,564.69,231,42.39,1.4,2026-10-09T17:31:44.583642,True
488,nOtEbOoK Max,Esportes,177.79,222,46.14,2.1,2026-10-09T17:31:44.583642,True
489,Romance pro,Roupas,742.82,167,35.04,1.3,2026-10-09T17:31:44.583642,True
490,Aventura Pro,Alimentos,0.0,121,18.76,3.8,2026-10-09T17:31:44.583642,True
491,Romance Pro,Alimentos,813.36,-21,5.16,0.5,2026-10-09T17:31:44.583642,True
492,Smartphone Basic,Eletrônicos,726.7,438,0.96,10,2026-10-09T17:31:44.583642,True
493,Sofá Basic,Livros,160.84,493,13.72,,2026-10-09T17:31:44.583642,True
494,smartphone plus,Eletrônicos,638.58,88,6.64,2.0,2026-10-09T17:31:44.583642,True
495,Notebook Basic,Alimentos,302.1,-58,0.73,1.6,2026-10-09T17:31:44.583642,True
496,cALÇa prEmIUm,Esportes,229.86,287,1.99,2.3,2026-10-09T17:31:44.583642,True
497,Bola premium,Casa,284.68,484,22.9,4.6,2026-10-09T17:31:44.583642,True
498,aventura max,Roupas,643.23,390,18.64,1.1,2026-10-09T17:31:44.583642,True
499,Tv max,Esportes,582.11,154,37.1,4.2,2026-10-09T17:31:44.583642,True
500,Mesa Pro,Livros,476.69,84,-8.51,3.3,2026-10-09T17:31:44.583642,True
501,Ursinho Max,Brinquedos,609.04,-31,27.62,3.0,2026-10-09T17:31:44.583642,True
502,Notebook max,Alimentos,277.58,245,28.43,0.4,2026-10-09T17:31:44.583642,True
503,Bola Max,Eletrônicos,0.0,9,33.53,1.0,2026-10-09T17:31:44.583642,True
504,BOLA BASIC,Esportes,676.03,200,8.09,3.3,2026-10-09T17:31:44.583642,True
505,TV Pro,Casa,48.15,-38,45.72,3.5,2026-10-09T17:31:44.583642,True
506,Romance Pro,Casa,0.0,428,24.59,3.4,2026-10-09T17:31:44.583642,True
507,Sofá Max,Alimentos,879.97,485,35.27,100,2026-10-09T17:31:44.583642,True
508,SOfá pRo,Eletrônicos,978.43,445,6.13,2.5,2026-10-09T17:31:44.583642,True
509,Notebook Plus,Roupas,-56.53,187,8.23,4.6,2026-10-09T17:31:44.583642,True
510,Feijão Basic,Livros,656.1,-28,34.02,1.5,2026-10-09T17:31:44.583642,True
511,Arroz Max,Brinquedos,0.0,318,15.0,4.3,2026-10-09T17:31:44.583642,True
512,tv baSIc,Alimentos,260.97,337,48.08,1.7,2026-10-09T17:31:44.583642,True
513,Romance pro,Esportes,985.62,334,4.12,3.8,2026-10-09T17:31:44.583642,True
514,,Alimentos,332.15,478,19.39,2.7,2026-10-09T17:31:44.583642,True
515,Mesa premium,Brinquedos,826.69,193,9.1,1.0,2026-10-09T17:31:44.583642,True
516,NoteBook plus,Alimentos,646.37,348,26.05,3.0,2026-10-09T17:31:44.583642,True
517,Aventura max,Roupas,332.41,445,36.56,4.8,2026-10-09T17:31:44.583642,True
518,Smartphone Plus,Roupas,879.82,-42,22.13,0.2,2026-10-09T17:31:44.583642,True
519,ursinho premium,Roupas,338.52,460,45.71,2.3,2026-10-09T17:31:44.583642,True
520,Notebook Plus,Casa,516.29,-86,48.37,0.1,2026-10-09T17:31:44.583642,True
521,Camiseta Basic,Casa,935.61,-96,8.82,3.6,2026-10-09T17:31:44.583642,True
522,Sofá Premium,,469.4,21,12.29,0.5,2026-10-09T17:31:44.583642,True
523,,Alimentos,103.78,419,3.16,0.7,2026-10-09T17:31:44.583642,True
524,,Livros,549.08,245,41.67,4.2,2026-10-09T17:31:44.583642,True
525,Aventura Basic,Roupas,144.34,142,-9.57,0.8,2026-10-09T17:31:44.583642,True
526,Sofá Plus,Eletrônicos,-79.34,320,42.22,4.0,2026-10-09T17:31:44.583642,True
527,Romance premium,Brinquedos,883.95,96,32.06,3.7,2026-10-09T17:31:44.583642,True
528,,Esportes,347.74,461,48.77,3.4,2026-10-09T17:31:44.583642,True
529,CAMiseTA plus,Casa,538.28,152,17.58,0.8,2026-10-09T17:31:44.583642,True
530,,Brinquedos,254.61,463,47.94,2.2,2026-10-09T17:31:44.583642,True
531,sMarTPHoNE PlUS,Esportes,963.33,62,9.8,4.4,2026-10-09T17:31:44.583642,True
532,Romance Pro,Livros,497.81,-97,37.12,0.8,2026-10-09T17:31:44.583642,True
533,Notebook Basic,Livros,777.11,251,38.88,6,2026-10-09T17:31:44.583642,True
534,NOTEBOOK PRO,Casa,884.93,195,5.94,2.1,2026-10-09T17:31:44.583642,True
535,Notebook Plus,Esportes,450.16,266,-5.99,0.3,2026-10-09T17:31:44.583642,True
536,Arroz Premium,,289.03,340,48.62,0.7,2026-10-09T17:31:44.583642,True
537,Bola bASIC,Livros,553.09,112,43.33,3.7,2026-10-09T17:31:44.583642,True
538,Romance Max,Roupas,0.0,146,20.15,4.3,2026-10-09T17:31:44.583642,True
539,Sofá Plus,Eletrônicos,420.09,116,27.5,-1,2026-10-09T17:31:44.583642,True
540,TV Pro,Brinquedos,262.23,409,33.65,-1,2026-10-09T17:31:44.583642,True
541,SMarTPHONe plUS,Alimentos,256.01,10,31.9,3.5,2026-10-09T17:31:44.583642,True
542,sOFÁ pRemIuM,Esportes,537.21,376,3.23,2.2,2026-10-09T17:31:44.583642,True
543,Aventura Pro,123,210.39,41,7.6,4.4,2026-10-09T17:31:44.583642,True
544,SOfá Pro,Livros,501.88,233,28.85,1.6,2026-10-09T17:31:44.583642,True
545,Romance Pro,Brinquedos,525.23,471,-5.75,3.2,2026-10-09T17:31:44.583642,True
546,TV Max,Eletrônicos,87.78,342,34.72,100,2026-10-09T17:31:44.583642,True
547,Mesa Pro,Casa,0.0,221,22.97,4.0,2026-10-09T17:31:44.583642,True
548,Sofá Plus,Esportes,612.85,213,14.39,,2026-10-09T17:31:44.583642,True
549,NoteBoOk PReMIUm,Roupas,790.24,143,47.86,0.8,2026-10-09T17:31:44.583642,True
550,mesa basic,Casa,143.68,458,24.27,1.8,2026-10-09T17:31:44.583642,True
551,Sofá plus,Eletrônicos,274.46,494,9.9,3.7,2026-10-09T17:31:44.583642,True
552,Camiseta Premium,Livros,412.02,467,17.74,100,2026-10-09T17:31:44.583642,True
553,NotebooK pro,Livros,156.18,388,18.12,3.4,2026-10-09T17:31:44.583642,True
554,Smartphone Basic,Casa,-9.72,433,36.49,2.1,2026-10-09T17:31:44.583642,True
555,feIjão Basic,Brinquedos,248.17,149,19.97,3.4,2026-10-09T17:31:44.583642,True
556,feijão max,Alimentos,834.99,89,4.51,1.4,2026-10-09T17:31:44.583642,True
557,Notebook Max,Livros,436.91,-64,45.06,4.1,2026-10-09T17:31:44.583642,True
558,Romance Pro,Brinquedos,-59.7,279,10.43,1.1,2026-10-09T17:31:44.583642,True
559,Sofá max,Eletrônicos,786.69,431,17.44,4.5,2026-10-09T17:31:44.583642,True
560,MeSa basIc,Roupas,356.78,268,20.23,3.3,2026-10-09T17:31:44.583642,True
561,Tv basic,Brinquedos,645.54,327,18.34,2.7,2026-10-09T17:31:44.583642,True
562,feijão pro,Brinquedos,500.74,298,27.85,4.7,2026-10-09T17:31:44.583642,True
563,MESA pREMium,Alimentos,281.34,481,1.91,4.2,2026-10-09T17:31:44.583642,True
564,smartphone max,Casa,206.5,147,30.97,1.8,2026-10-09T17:31:44.583642,True
565,ROMANCE PLUS,Livros,896.24,14,45.23,0.7,2026-10-09T17:31:44.583642,True
566,Aventura Premium,Brinquedos,0.0,373,29.81,1.0,2026-10-09T17:31:44.583642,True
567,Ursinho plus,Livros,759.27,294,47.3,3.0,2026-10-09T17:31:44.583642,True
568,,Alimentos,319.89,155,40.78,2.4,2026-10-09T17:31:44.583642,True
569,Arroz Max,Esportes,-69.77,432,12.87,5.0,2026-10-09T17:31:44.583642,True
570,ARROZ PLUS,Brinquedos,944.25,196,30.48,3.6,2026-10-09T17:31:44.583642,True
571,FEIJÃO PRO,Brinquedos,237.86,278,15.12,4.3,2026-10-09T17:31:44.583642,True
572,aventura plus,Brinquedos,266.76,277,22.65,2.5,2026-10-09T17:31:44.583642,True
573,TV Pro,Brinquedos,734.72,103,33.38,-1,2026-10-09T17:31:44.583642,True
574,calÇA BaSIC,Esportes,49.05,220,42.25,1.6,2026-10-09T17:31:44.583642,True
575,Tv PrEMIUm,Livros,965.16,91,2.41,0.3,2026-10-09T17:31:44.583642,True
576,SOFÁ PREMIUM,Roupas,320.65,55,11.76,2.3,2026-10-09T17:31:44.583642,True
577,SOFÁ PLUS,Eletrônicos,257.69,472,18.92,4.3,2026-10-09T17:31:44.583642,True
578,Feijão Premium,Eletrônicos,-87.46,498,3.91,2.7,2026-10-09T17:31:44.583642,True
579,,Brinquedos,270.1,473,13.35,3.3,2026-10-09T17:31:44.583642,True
580,Arroz Pro,Roupas,0.0,378,37.67,1.6,2026-10-09T17:31:44.583642,True
581,arroz max,Esportes,707.46,43,13.63,0.5,2026-10-09T17:31:44.583642,True
582,BOlA PRO,Eletrônicos,99.72,144,27.31,0.8,2026-10-09T17:31:44.583642,True
583,SMARTPHONE PLUS,Casa,843.53,353,26.15,3.0,2026-10-09T17:31:44.583642,True
584,Ursinho Pro,Casa,220.36,-75,42.89,0.4,2026-10-09T17:31:44.583642,True
585,TV Premium,Brinquedos,-85.4,42,31.92,0.3,2026-10-09T17:31:44.583642,True
586,Smartphone Premium,Esportes,0.0,456,39.21,2.3,2026-10-09T17:31:44.583642,True
587,Arroz Max,Eletrônicos,-69.23,359,14.44,4.7,2026-10-09T17:31:44.583642,True
588,NOTEBOOK PRO,Brinquedos,230.49,191,36.97,0.7,2026-10-09T17:31:44.583642,True
589,calça max,Alimentos,270.36,122,31.99,0.1,2026-10-09T17:31:44.583642,True
590,TV Basic,Eletrônicos,0.0,434,24.6,2.6,2026-10-09T17:31:44.583642,True
591,,Roupas,552.2,309,20.6,2.6,2026-10-09T17:31:44.583642,True
592,Notebook Max,Eletrônicos,0.0,146,41.91,2.4,2026-10-09T17:31:44.583642,True
593,Sofá Plus,Livros,0.0,391,32.83,4.2,2026-10-09T17:31:44.583642,True
594,TV Pro,Alimentos,0.0,317,11.65,2.9,2026-10-09T17:31:44.583642,True
595,TV Max,Livros,0.0,336,22.74,4.9,2026-10-09T17:31:44.583642,True
596,TV Basic,Esportes,-8.14,179,26.51,0.0,2026-10-09T17:31:44.583642,True
597,,Brinquedos,900.28,287,29.87,3.8,2026-10-09T17:31:44.583642,True
598,TV Basic,Brinquedos,0.0,395,14.37,4.9,2026-10-09T17:31:44.583642,True
599,Bola Max,Livros,599.62,-70,25.3,3.4,2026-10-09T17:31:44.583642,True
600,,Roupas,228.43,89,35.92,2.4,2026-10-09T17:31:44.583642,True
601,Aventura Max,Casa,-3.53,127,7.59,1.1,2026-10-09T17:31:44.583642,True
602,Smartphone Premium,Eletrônicos,800.38,-68,6.94,2.0,2026-10-09T17:31:44.583642,True
603,Calça Basic,Brinquedos,910.24,50,-8.34,1.9,2026-10-09T17:31:44.583642,True
604,Feijão Pro,Roupas,-33.37,328,25.49,0.8,2026-10-09T17:31:44.583642,True
605,Mesa Pro,Casa,109.99,414,17.4,10,2026-10-09T17:31:44.583642,True
606,Romance Premium,Roupas,278.9,379,-7.43,4.4,2026-10-09T17:31:44.583642,True
607,TV Max,Livros,975.57,-94,23.2,3.7,2026-10-09T17:31:44.583642,True
608,Ursinho Basic,Alimentos,0.0,135,9.9,2.3,2026-10-09T17:31:44.583642,True
609,,Brinquedos,154.5,467,39.08,1.4,2026-10-09T17:31:44.583642,True
610,Feijão Pro,Eletrônicos,435.12,-60,6.1,1.1,2026-10-09T17:31:44.583642,True
611,sofá basic,Esportes,198.12,76,0.25,2.6,2026-10-09T17:31:44.583642,True
612,SmaRtPHonE BaSiC,Eletrônicos,861.17,124,29.28,2.3,2026-10-09T17:31:44.583642,True
613,TV Basic,Esportes,767.49,-69,48.09,4.7,2026-10-09T17:31:44.583642,True
614,notebook max,Brinquedos,734.01,308,16.06,1.6,2026-10-09T17:31:44.583642,True
615,Aventura Plus,Categoria Inexistente,172.09,402,42.45,1.8,2026-10-09T17:31:44.583642,True
616,,Brinquedos,972.81,438,5.57,1.1,2026-10-09T17:31:44.583642,True
617,ARROZ MAX,Livros,910.94,19,0.15,4.4,2026-10-09T17:31:44.583642,True
618,NOTEBOOK PLUS,Esportes,109.26,4,19.38,0.9,2026-10-09T17:31:44.583642,True
619,,Alimentos,101.11,326,10.22,4.7,2026-10-09T17:31:44.583642,True
620,NotEbOoK basIC,Esportes,478.77,103,31.72,2.6,2026-10-09T17:31:44.583642,True
621,Arroz Pro,Livros,661.5,363,30.35,6,2026-10-09T17:31:44.583642,True
622,Sofá Plus,Brinquedos,0.0,268,11.61,3.5,2026-10-09T17:31:44.583642,True
623,Notebook Premium,Esportes,95.69,338,45.15,6,2026-10-09T17:31:44.583642,True
624,Notebook Basic,Eletrônicos,237.81,-22,3.23,3.5,2026-10-09T17:31:44.583642,True
625, ,Alimentos,731.11,491,12.03,3.6,2026-10-09T17:31:44.583642,True
626,Calça Max,Esportes,0.0,336,6.72,1.2,2026-10-09T17:31:44.583642,True
627,Aventura Pro,Alimentos,0.0,171,24.91,4.4,2026-10-09T17:31:44.583642,True
628,CALÇA PLUS,Roupas,825.18,349,6.55,3.3,2026-10-09T17:31:44.583642,True
629,sofá plus,Eletrônicos,317.91,8,28.34,0.6,2026-10-09T17:31:44.583642,True
630,Notebook Premium,Alimentos,0.0,187,11.76,0.9,2026-10-09T17:31:44.583642,True
631,Feijão Premium,123,912.93,341,4.48,2.6,2026-10-09T17:31:44.583642,True
632,Notebook Pro,Casa,-36.19,406,20.92,2.8,2026-10-09T17:31:44.583642,True
633,,Alimentos,139.32,292,0.12,0.3,2026-10-09T17:31:44.583642,True
634,Ursinho Plus,123,587.88,487,20.29,1.0,2026-10-09T17:31:44.583642,True
635,Aventura premium,Esportes,607.26,432,37.28,2.3,2026-10-09T17:31:44.583642,True
636,sOfÁ Pro,Esportes,964.34,370,10.7,2.9,2026-10-09T17:31:44.583642,True
637,ROMANCE PREMIUM,Esportes,495.49,66,32.89,4.4,2026-10-09T17:31:44.583642,True
638,Aventura Plus,Eletrônicos,-93.1,152,12.22,3.1,2026-10-09T17:31:44.583642,True
639,feijÃO PRO,Esportes,255.1,396,49.29,2.5,2026-10-09T17:31:44.583642,True
640,Mesa Max,Alimentos,-29.14,18,43.27,1.0,2026-10-09T17:31:44.583642,True
641,Arroz Basic,Alimentos,-80.82,15,15.02,3.1,2026-10-09T17:31:44.583642,True
642,Ursinho Max,,466.18,183,5.77,1.3,2026-10-09T17:31:44.583642,True
643,Notebook Plus,Alimentos,11.17,161,-8.23,1.1,2026-10-09T17:31:44.583642,True
644,Calça Pro,,435.47,445,0.2,2.7,2026-10-09T17:31:44.583642,True
645,Feijão Basic,Brinquedos,-25.63,29,21.0,2.1,2026-10-09T17:31:44.583642,True
646,mesa baSiC,Esportes,603.68,157,39.24,1.9,2026-10-09T17:31:44.583642,True
647,SOFÁ MAX,Livros,493.48,479,21.31,1.8,2026-10-09T17:31:44.583642,True
648,Aventura Plus,Livros,443.89,83,21.82,100,2026-10-09T17:31:44.583642,True
649,aventura pro,Casa,711.7,395,40.46,0.4,2026-10-09T17:31:44.583642,True
650,Ursinho Pro,Livros,436.27,441,-3.77,3.0,2026-10-09T17:31:44.583642,True
651,,Brinquedos,238.26,15,25.18,1.8,2026-10-09T17:31:44.583642,True
652,,Livros,805.2,18,23.19,2.8,2026-10-09T17:31:44.583642,True
653,Smartphone Basic,Livros,417.38,194,-9.5,0.8,2026-10-09T17:31:44.583642,True
654, ,Casa,550.78,59,32.05,1.9,2026-10-09T17:31:44.583642,True
655,Aventura Pro,Esportes,618.43,254,42.77,6,2026-10-09T17:31:44.583642,True
656,Feijão Basic,Alimentos,481.8,310,34.51,,2026-10-09T17:31:44.583642,True
657,aventura basic,Eletrônicos,118.66,345,41.41,4.7,2026-10-09T17:31:44.583642,True
658,Calça Premium,123,515.23,206,49.96,0.9,2026-10-09T17:31:44.583642,True
659,Calça Basic,123,452.83,60,36.68,0.4,2026-10-09T17:31:44.583642,True
660,calça pro,Roupas,611.52,312,43.17,4.3,2026-10-09T17:31:44.583642,True
661,Arroz Max,Brinquedos,369.64,-87,42.23,0.6,2026-10-09T17:31:44.583642,True
662,Notebook Plus,Roupas,149.18,479,3.99,10,2026-10-09T17:31:44.583642,True
663,Feijão Premium,Esportes,631.81,-50,8.55,0.1,2026-10-09T17:31:44.583642,True
664,Camiseta Pro,Casa,565.53,122,-3.48,2.3,2026-10-09T17:31:44.583642,True
665,arroz plus,Alimentos,68.83,471,8.93,0.2,2026-10-09T17:31:44.583642,True
666,Arroz Pro,Casa,224.98,174,2.03,-1,2026-10-09T17:31:44.583642,True
667,Calça Max,Livros,0.0,162,17.56,2.5,2026-10-09T17:31:44.583642,True
668,Bola Basic,Livros,478.5,253,41.88,,2026-10-09T17:31:44.583642,True
669,ROManCe bASIC,Alimentos,743.78,346,15.38,3.3,2026-10-09T17:31:44.583642,True
670,Tv Max,Casa,531.12,241,13.77,4.0,2026-10-09T17:31:44.583642,True
671,Mesa basic,Eletrônicos,783.44,99,8.89,1.9,2026-10-09T17:31:44.583642,True
672,Sofá Basic,Casa,555.16,-67,8.28,1.1,2026-10-09T17:31:44.583642,True
673,Ursinho plus,Brinquedos,362.31,306,1.62,1.6,2026-10-09T17:31:44.583642,True
674,aRROZ baSic,Alimentos,510.4,31,30.14,2.0,2026-10-09T17:31:44.583642,True
675,BOLA BASIC,Livros,401.94,296,3.92,0.8,2026-10-09T17:31:44.583642,True
676,Smartphone Max,123,161.82,285,33.67,3.3,2026-10-09T17:31:44.583642,True
677,Tv BasiC,Alimentos,753.0,434,37.25,2.4,2026-10-09T17:31:44.583642,True
678,BOLA PLUS,Casa,515.82,451,30.08,0.0,2026-10-09T17:31:44.583642,True
679,URSINHO PREMIUM,Eletrônicos,65.65,271,27.9,4.6,2026-10-09T17:31:44.583642,True
680,,Roupas,986.16,156,43.51,4.5,2026-10-09T17:31:44.583642,True
681,Mesa basic,Roupas,554.64,330,29.11,1.0,2026-10-09T17:31:44.583642,True
682,Notebook Pro,Brinquedos,-95.32,244,16.67,3.6,2026-10-09T17:31:44.583642,True
683,SMARTPHONE PLUS,Livros,184.73,172,9.9,2.4,2026-10-09T17:31:44.583642,True
684,Smartphone Max,Livros,-97.07,32,41.88,3.5,2026-10-09T17:31:44.583642,True
685,Ursinho Basic,Alimentos,-75.99,490,44.59,0.7,2026-10-09T17:31:44.583642,True
686,camIsEtA PLuS,Brinquedos,422.96,5,32.85,2.4,2026-10-09T17:31:44.583642,True
687,mesa plus,Casa,515.21,202,25.46,1.6,2026-10-09T17:31:44.583642,True
688,Arroz Premium,Alimentos,64.91,-55,30.51,3.7,2026-10-09T17:31:44.583642,True
689,Ursinho Pro,Roupas,607.11,65,-2.92,4.1,2026-10-09T17:31:44.583642,True
690,FEIJÃO PREMIUM,Brinquedos,25.68,94,33.16,4.3,2026-10-09T17:31:44.583642,True
691,ROmANCe MAx,Eletrônicos,175.89,30,9.17,1.4,2026-10-09T17:31:44.583642,True
692,Smartphone Premium,Eletrônicos,811.57,272,-1.43,2.3,2026-10-09T17:31:44.583642,True
693,Camiseta Basic,Casa,-3.85,379,5.53,3.2,2026-10-09T17:31:44.583642,True
694,,Alimentos,393.19,186,24.86,2.0,2026-10-09T17:31:44.583642,True
695,Camiseta Premium,Eletrônicos,-8.96,463,42.86,0.7,2026-10-09T17:31:44.583642,True
696,Romance Max,Esportes,-92.41,491,10.52,4.1,2026-10-09T17:31:44.583642,True
697,Tv maX,Brinquedos,52.85,421,19.02,4.7,2026-10-09T17:31:44.583642,True
698,Notebook Max,Eletrônicos,497.99,230,-9.16,0.4,2026-10-09T17:31:44.583642,True
699,,Eletrônicos,825.1,306,31.64,4.0,2026-10-09T17:31:44.583642,True
700,BOLA PRO,Alimentos,869.41,451,42.05,4.6,2026-10-09T17:31:44.583642,True
701,Sofá Max,Roupas,-98.5,6,42.68,0.0,2026-10-09T17:31:44.583642,True
702,Smartphone Premium,Eletrônicos,306.58,417,8.55,6,2026-10-09T17:31:44.583642,True
703,,Alimentos,733.98,154,23.2,0.3,2026-10-09T17:31:44.583642,True
704,Romance Pro,Eletrônicos,711.25,257,-4.72,3.4,2026-10-09T17:31:44.583642,True
705,Calça Basic,Alimentos,-91.27,56,32.77,4.6,2026-10-09T17:31:44.583642,True
706,TV PRO,Esportes,451.62,265,16.3,3.0,2026-10-09T17:31:44.583642,True
707,Bola Premium,,19.93,488,23.71,1.3,2026-10-09T17:31:44.583642,True
708,meSA basiC,Esportes,946.49,457,18.54,1.0,2026-10-09T17:31:44.583642,True
709,Notebook Plus,Eletrônicos,900.32,345,-9.12,0.6,2026-10-09T17:31:44.583642,True
710,Calça Plus,Casa,742.83,63,-4.09,2.1,2026-10-09T17:31:44.583642,True
711,Camiseta Basic,Eletrônicos,842.52,-20,1.1,1.0,2026-10-09T17:31:44.583642,True
712,CAMISETA PLUS,Alimentos,778.3,118,2.56,2.1,2026-10-09T17:31:44.583642,True
713,uRsINho prEmium,Livros,359.47,447,12.95,3.9,2026-10-09T17:31:44.583642,True
714,Sofá Basic,Brinquedos,-10.32,284,15.59,2.7,2026-10-09T17:31:44.583642,True
715,Smartphone Basic,Alimentos,95.61,166,33.52,100,2026-10-09T17:31:44.583642,True
716,Ursinho Pro,Eletrônicos,-38.89,258,42.43,2.7,2026-10-09T17:31:44.583642,True
717,Ursinho basic,Eletrônicos,345.86,292,29.58,4.3,2026-10-09T17:31:44.583642,True
718,Arroz Pro,Esportes,0.0,364,31.19,2.4,2026-10-09T17:31:44.583642,True
719,Camiseta Max,Esportes,543.31,77,-1.17,3.9,2026-10-09T17:31:44.583642,True
720,SMARTPHONE PREMIUM,Casa,600.09,94,14.54,0.6,2026-10-09T17:31:44.583642,True
721,Romance Plus,Casa,0.0,137,11.12,1.6,2026-10-09T17:31:44.583642,True
722,,Alimentos,934.78,257,17.33,4.5,2026-10-09T17:31:44.583642,True
723,TV PREMIUM,Brinquedos,583.89,64,21.73,0.3,2026-10-09T17:31:44.583642,True
724,Calça Pro,Esportes,394.71,229,46.64,-1,2026-10-09T17:31:44.583642,True
725, ,Eletrônicos,688.1,0,17.0,2.7,2026-10-09T17:31:44.583642,True
726,ursinho plus,Livros,128.23,219,2.82,1.1,2026-10-09T17:31:44.583642,True
727,mesa plus,Esportes,805.98,291,47.02,1.7,2026-10-09T17:31:44.583642,True
728,Calça max,Casa,359.66,157,47.67,2.1,2026-10-09T17:31:44.583642,True
729,Notebook Max,Roupas,0.0,370,35.65,0.6,2026-10-09T17:31:44.583642,True
730,Arroz Plus,Brinquedos,70.91,-50,40.38,3.5,2026-10-09T17:31:44.583642,True
731,tv plus,Casa,205.35,340,41.34,4.0,2026-10-09T17:31:44.583642,True
732,Arroz Premium,Esportes,-38.04,51,17.55,0.6,2026-10-09T17:31:44.583642,True
733,Romance Pro,Roupas,459.28,81,-9.94,4.3,2026-10-09T17:31:44.583642,True
734,ARROZ PREMIUM,Alimentos,312.35,441,11.39,2.9,2026-10-09T17:31:44.583642,True
735,calça pro,Esportes,278.68,443,10.6,4.2,2026-10-09T17:31:44.583642,True
736,Smartphone Plus,123,992.16,469,28.89,4.2,2026-10-09T17:31:44.583642,True
737,Calça Plus,Esportes,513.66,438,3.87,100,2026-10-09T17:31:44.583642,True
738,Smartphone Max,,657.44,422,24.8,0.6,2026-10-09T17:31:44.583642,True
739,notebook max,Brinquedos,984.5,368,21.16,3.6,2026-10-09T17:31:44.583642,True
740,tv PRO,Brinquedos,624.04,185,35.34,4.2,2026-10-09T17:31:44.583642,True
741,Feijão Pro,Casa,582.73,339,-6.87,0.4,2026-10-09T17:31:44.583642,True
742,Notebook Max,Alimentos,-7.03,491,27.34,4.7,2026-10-09T17:31:44.583642,True
743,AVENTURA MAX,Esportes,170.4,59,3.68,2.7,2026-10-09T17:31:44.583642,True
744,Aventura Pro,Casa,664.49,367,4.39,,2026-10-09T17:31:44.583642,True
745,Smartphone Max,Esportes,172.95,76,-0.76,1.2,2026-10-09T17:31:44.583642,True
746,Aventura Max,Casa,0.0,66,35.83,4.0,2026-10-09T17:31:44.583642,True
747,Feijão Basic,Casa,-53.74,53,4.16,4.2,2026-10-09T17:31:44.583642,True
748,bola basic,Esportes,685.94,188,14.71,2.3,2026-10-09T17:31:44.583642,True
749,FEiJão PrEMiUM,Alimentos,58.68,126,10.22,1.0,2026-10-09T17:31:44.583642,True
750,Feijão Premium,Alimentos,301.56,466,-5.91,0.7,2026-10-09T17:31:44.583642,True
751,Mesa Max,Esportes,424.26,-82,46.95,1.4,2026-10-09T17:31:44.583642,True
752,Camiseta premium,Alimentos,479.0,122,47.06,2.3,2026-10-09T17:31:44.583642,True
753,Calça Plus,Livros,-43.29,314,23.17,2.2,2026-10-09T17:31:44.583642,True
754,TV Plus,Esportes,226.83,-31,35.63,2.2,2026-10-09T17:31:44.583642,True
755,Ursinho Pro,Casa,0.0,55,29.02,1.9,2026-10-09T17:31:44.583642,True
756,ARROZ PRO,Esportes,60.33,258,3.84,1.8,2026-10-09T17:31:44.583642,True
757,,Eletrônicos,355.36,159,6.06,0.1,2026-10-09T17:31:44.583642,True
758,,Alimentos,381.35,421,2.16,3.3,2026-10-09T17:31:44.583642,True
759,Notebook Max,Roupas,617.4,309,-5.97,3.9,2026-10-09T17:31:44.583642,True
760,TV MAX,Alimentos,311.39,192,38.89,4.1,2026-10-09T17:31:44.583642,True
761,Notebook Pro,Alimentos,280.41,-10,34.13,1.8,2026-10-09T17:31:44.583642,True
762,FEIjãO pLUS,Eletrônicos,110.65,481,45.55,1.1,2026-10-09T17:31:44.583642,True
763,,Alimentos,278.0,384,26.71,5.0,2026-10-09T17:31:44.583642,True
764,rOMAnCE MAx,Roupas,262.06,160,10.49,0.9,2026-10-09T17:31:44.583642,True
765,Romance Pro,Brinquedos,792.01,296,-2.63,4.3,2026-10-09T17:31:44.583642,True
766,Camiseta pro,Brinquedos,519.23,356,37.02,2.6,2026-10-09T17:31:44.583642,True
767,NOTEBOOK PLUS,Eletrônicos,893.75,304,30.78,0.3,2026-10-09T17:31:44.583642,True
768,Arroz Premium,Alimentos,883.7,-81,48.3,0.7,2026-10-09T17:31:44.583642,True
769,Feijão pro,Eletrônicos,111.54,73,34.63,2.3,2026-10-09T17:31:44.583642,True
770,Ursinho Max,Livros,-92.7,340,22.01,0.9,2026-10-09T17:31:44.583642,True
771,Camiseta Max,Alimentos,-89.51,73,23.64,2.1,2026-10-09T17:31:44.583642,True
772,Notebook Premium,,598.45,181,29.09,4.6,2026-10-09T17:31:44.583642,True
773,Smartphone Premium,Livros,-14.31,118,6.85,1.4,2026-10-09T17:31:44.583642,True
774,Smartphone Premium,Casa,249.78,-65,35.27,2.0,2026-10-09T17:31:44.583642,True
775,Sofá pro,Brinquedos,206.0,177,47.25,4.6,2026-10-09T17:31:44.583642,True
776,romance pro,Eletrônicos,899.95,368,41.04,3.7,2026-10-09T17:31:44.583642,True
777,Mesa Premium,123,67.0,471,8.71,4.9,2026-10-09T17:31:44.583642,True
778,,Casa,817.0,284,49.34,3.4,2026-10-09T17:31:44.583642,True
779,NoTEbOOK BaSiC,Roupas,883.08,481,27.0,0.9,2026-10-09T17:31:44.583642,True
780,CALÇA MAX,Casa,255.13,424,1.79,4.8,2026-10-09T17:31:44.583642,True
781,Arroz Basic,,543.32,361,30.74,0.1,2026-10-09T17:31:44.583642,True
782,Camiseta Pro,Esportes,54.0,-72,32.49,1.9,2026-10-09T17:31:44.583642,True
783,SmARTpHONe pREmIUM,Brinquedos,610.03,459,29.53,2.5,2026-10-09T17:31:44.583642,True
784,Romance Premium,Esportes,0.0,83,42.0,2.1,2026-10-09T17:31:44.583642,True
785,CALÇA MAX,Brinquedos,824.74,220,24.14,4.4,2026-10-09T17:31:44.583642,True
786,notebook basic,Livros,62.09,395,8.9,2.8,2026-10-09T17:31:44.583642,True
787,Arroz Premium,Casa,742.84,235,-7.27,0.9,2026-10-09T17:31:44.583642,True
788,calça premium,Esportes,499.9,421,29.56,2.2,2026-10-09T17:31:44.583642,True
789,Bola Max,Eletrônicos,270.31,397,23.6,6,2026-10-09T17:31:44.583642,True
790, ,Livros,536.25,160,12.26,0.2,2026-10-09T17:31:44.583642,True
791,Calça Basic,Alimentos,-95.5,438,2.12,4.2,2026-10-09T17:31:44.583642,True
792,Romance Pro,Livros,-73.38,302,46.1,0.9,2026-10-09T17:31:44.583642,True
793,Mesa Max,Esportes,584.63,248,-3.99,2.6,2026-10-09T17:31:44.583642,True
794,Arroz Plus,Brinquedos,682.85,3,35.26,,2026-10-09T17:31:44.583642,True
795,CAMISETA PREMIUM,Eletrônicos,408.59,489,33.02,4.5,2026-10-09T17:31:44.583642,True
796,notebook premium,Eletrônicos,923.09,108,5.66,4.6,2026-10-09T17:31:44.583642,True
797,Mesa Max,Esportes,-6.18,478,20.26,3.6,2026-10-09T17:31:44.583642,True
798,romance basic,Esportes,755.62,311,5.43,0.8,2026-10-09T17:31:44.583642,True
799,Smartphone max,Roupas,609.39,83,5.99,3.8,2026-10-09T17:31:44.583642,True
800,Notebook Basic,Livros,949.76,342,36.67,-1,2026-10-09T17:31:44.583642,True
801,Arroz premium,Eletrônicos,457.95,180,25.84,0.1,2026-10-09T17:31:44.583642,True
802,CAMISETA BASIC,Roupas,908.81,242,36.91,0.1,2026-10-09T17:31:44.583642,True
803,,Livros,834.86,47,36.45,0.6,2026-10-09T17:31:44.583642,True
804,Calça Max,Livros,847.54,309,-7.72,0.7,2026-10-09T17:31:44.583642,True
805,Ursinho Pro,Categoria Inexistente,260.65,291,4.25,2.0,2026-10-09T17:31:44.583642,True
806,Calça max,Roupas,806.34,201,30.39,2.5,2026-10-09T17:31:44.583642,True
807,Calça Pro,Esportes,0.0,415,29.06,3.2,2026-10-09T17:31:44.583642,True
808,Ursinho Basic,Casa,737.28,198,-8.57,1.7,2026-10-09T17:31:44.583642,True
809,TV Max,Livros,-1.0,414,37.36,1.0,2026-10-09T17:31:44.583642,True
810,urSInHO premIUm,Livros,591.82,10,39.12,0.5,2026-10-09T17:31:44.583642,True
811,CALÇA MAX,Brinquedos,655.36,167,48.93,1.3,2026-10-09T17:31:44.583642,True
812,Mesa Plus,Livros,0.0,229,25.49,1.2,2026-10-09T17:31:44.583642,True
813,Notebook Pro,Casa,350.86,67,-6.82,4.5,2026-10-09T17:31:44.583642,True
814,ursinho plus,Roupas,31.2,197,11.35,3.5,2026-10-09T17:31:44.583642,True
815,nOTEBoOk BASIC,Alimentos,91.42,303,16.12,4.8,2026-10-09T17:31:44.583642,True
816, ,Alimentos,328.63,100,27.53,1.4,2026-10-09T17:31:44.583642,True
817,Mesa Premium,Brinquedos,13.01,-95,18.23,2.1,2026-10-09T17:31:44.583642,True
818,Bola Premium,,389.51,133,14.63,4.3,2026-10-09T17:31:44.583642,True
819, ,Livros,254.99,436,8.22,2.1,2026-10-09T17:31:44.583642,True
820,Calça Plus,Roupas,574.16,472,-0.23,2.1,2026-10-09T17:31:44.583642,True
821,Mesa Premium,Alimentos,967.97,431,48.86,10,2026-10-09T17:31:44.583642,True
822,Mesa Basic,Eletrônicos,866.27,64,-0.77,4.1,2026-10-09T17:31:44.583642,True
823,Notebook Basic,Eletrônicos,-92.16,437,2.14,5.0,2026-10-09T17:31:44.583642,True
824,Calça Basic,Roupas,677.34,250,1.11,100,2026-10-09T17:31:44.583642,True
825,Arroz Max,Livros,777.18,-83,12.03,2.1,2026-10-09T17:31:44.583642,True
826,Calça Basic,Casa,301.27,371,31.69,,2026-10-09T17:31:44.583642,True
827,,Eletrônicos,723.2,182,14.74,1.5,2026-10-09T17:31:44.583642,True
828,Calça Max,Categoria Inexistente,315.0,229,21.84,4.9,2026-10-09T17:31:44.583642,True
829,BOLA BASIC,Livros,692.78,277,43.35,0.9,2026-10-09T17:31:44.583642,True
830,mesA PrEMiUM,Brinquedos,343.21,93,17.63,3.8,2026-10-09T17:31:44.583642,True
831,Calça max,Roupas,444.43,460,4.82,4.5,2026-10-09T17:31:44.583642,True
832,Arroz Premium,Casa,962.23,270,-5.39,5.0,2026-10-09T17:31:44.583642,True
833,Ursinho Pro,Alimentos,496.66,51,-9.47,1.3,2026-10-09T17:31:44.583642,True
834,sofá max,Livros,608.26,230,48.45,2.8,2026-10-09T17:31:44.583642,True
835,Calça Max,123,754.98,364,34.35,1.8,2026-10-09T17:31:44.583642,True
836,Bola Pro,Alimentos,0.0,116,14.95,4.6,2026-10-09T17:31:44.583642,True
837,Mesa Plus,123,632.06,181,1.96,1.2,2026-10-09T17:31:44.583642,True
838,Romance Basic,Esportes,-55.29,266,7.41,4.7,2026-10-09T17:31:44.583642,True
839,Notebook Plus,Esportes,-43.44,211,34.41,2.5,2026-10-09T17:31:44.583642,True
840,,Eletrônicos,463.07,64,44.84,4.5,2026-10-09T17:31:44.583642,True
841,aVenTurA PrO,Alimentos,119.71,260,44.18,0.6,2026-10-09T17:31:44.583642,True
842,Calça Pro,Livros,693.45,147,42.21,100,2026-10-09T17:31:44.583642,True
843,Notebook Max,Eletrônicos,922.89,-32,39.12,4.4,2026-10-09T17:31:44.583642,True
844,Arroz Basic,,953.63,468,37.84,5.0,2026-10-09T17:31:44.583642,True
845,Notebook Max,Roupas,-27.69,276,0.97,4.6,2026-10-09T17:31:44.583642,True
846,Bola Premium,Esportes,956.73,-8,32.41,2.4,2026-10-09T17:31:44.583642,True
847,Aventura Max,Eletrônicos,-49.37,64,12.85,3.5,2026-10-09T17:31:44.583642,True
848,Feijão Basic,Alimentos,0.0,144,5.42,4.2,2026-10-09T17:31:44.583642,True
849,Aventura Pro,Esportes,0.0,315,4.17,0.9,2026-10-09T17:31:44.583642,True
850,sofá premium,Esportes,234.02,424,9.35,0.4,2026-10-09T17:31:44.583642,True
851,mesa basic,Roupas,220.2,497,44.89,2.7,2026-10-09T17:31:44.583642,True
852,CAMISETA BASIC,Alimentos,95.36,244,9.66,0.3,2026-10-09T17:31:44.583642,True
853,Notebook basic,Esportes,493.97,131,46.37,0.6,2026-10-09T17:31:44.583642,True
854,ursinho plus,Alimentos,618.33,394,14.82,2.6,2026-10-09T17:31:44.583642,True
855,Sofá Basic,Alimentos,-71.79,347,41.56,4.7,2026-10-09T17:31:44.583642,True
856,Aventura Pro,Eletrônicos,467.11,28,-2.24,4.7,2026-10-09T17:31:44.583642,True
857,aventura basic,Esportes,58.89,248,34.33,3.2,2026-10-09T17:31:44.583642,True
858,Notebook Basic,Esportes,937.51,179,-0.99,2.2,2026-10-09T17:31:44.583642,True
859,Mesa Pro,Casa,905.41,229,10.42,10,2026-10-09T17:31:44.583642,True
860,Romance Max,Eletrônicos,-84.54,185,14.37,2.8,2026-10-09T17:31:44.583642,True
861,Aventura pro,Roupas,519.37,271,6.18,3.4,2026-10-09T17:31:44.583642,True
862,Romance Plus,Livros,785.18,131,-2.88,3.6,2026-10-09T17:31:44.583642,True
863,Sofá Premium,Casa,-70.62,307,27.0,3.4,2026-10-09T17:31:44.583642,True
864,Ursinho Basic,Casa,-61.57,12,38.64,3.7,2026-10-09T17:31:44.583642,True
865,Feijão Plus,,957.2,260,0.91,3.1,2026-10-09T17:31:44.583642,True
866,Mesa plus,Esportes,274.37,69,43.34,1.9,2026-10-09T17:31:44.583642,True
867,Bola pro,Livros,188.78,499,26.36,0.7,2026-10-09T17:31:44.583642,True
868,Ursinho Max,Eletrônicos,-71.46,201,38.32,2.9,2026-10-09T17:31:44.583642,True
869,Romance basic,Roupas,77.86,301,15.83,1.3,2026-10-09T17:31:44.583642,True
870,Mesa Premium,Brinquedos,0.0,146,16.0,3.3,2026-10-09T17:31:44.583642,True
871,romance plus,Eletrônicos,632.98,253,42.03,0.7,2026-10-09T17:31:44.583642,True
872,arroz basic,Roupas,387.58,204,4.11,2.6,2026-10-09T17:31:44.583642,True
873,,Roupas,987.84,452,1.49,2.5,2026-10-09T17:31:44.583642,True
874,Feijão Pro,Casa,890.14,-88,20.3,4.1,2026-10-09T17:31:44.583642,True
875,Arroz Max,Roupas,718.41,138,-5.94,0.8,2026-10-09T17:31:44.583642,True
876,Notebook Premium,Eletrônicos,494.69,32,-5.58,0.1,2026-10-09T17:31:44.583642,True
877,,Alimentos,76.34,10,3.32,0.1,2026-10-09T17:31:44.583642,True
878,Arroz Pro,,875.41,429,36.46,1.9,2026-10-09T17:31:44.583642,True
879,mesa Max,Esportes,256.9,264,33.02,4.6,2026-10-09T17:31:44.583642,True
880,romance plus,Roupas,772.72,105,43.83,4.1,2026-10-09T17:31:44.583642,True
881,Arroz Pro,,957.86,352,37.3,3.7,2026-10-09T17:31:44.583642,True
882,Smartphone Plus,Alimentos,0.0,240,17.78,0.7,2026-10-09T17:31:44.583642,True
883,Notebook Max,Casa,845.37,151,24.81,6,2026-10-09T17:31:44.583642,True
884,aventura max,Livros,867.46,129,39.66,4.9,2026-10-09T17:31:44.583642,True
885,Smartphone Basic,,160.43,190,7.13,2.8,2026-10-09T17:31:44.583642,True
886,Mesa Max,Brinquedos,142.27,444,12.15,100,2026-10-09T17:31:44.583642,True
887,Romance Max,Casa,955.2,-12,3.42,0.5,2026-10-09T17:31:44.583642,True
888,Romance premium,Eletrônicos,218.12,62,4.16,0.4,2026-10-09T17:31:44.583642,True
889,TV Pro,Esportes,618.6,361,49.24,,2026-10-09T17:31:44.583642,True
890,Mesa Basic,Livros,302.76,425,-6.77,3.9,2026-10-09T17:31:44.583642,True
891,TV Basic,Livros,-63.36,393,16.28,3.6,2026-10-09T17:31:44.583642,True
892,Bola Basic,Categoria Inexistente,109.38,6,21.03,3.8,2026-10-09T17:31:44.583642,True
893,CALÇA PLUS,Brinquedos,49.15,382,3.57,1.2,2026-10-09T17:31:44.583642,True
894,Ursinho Plus,Eletrônicos,947.88,-18,17.34,2.9,2026-10-09T17:31:44.583642,True
895, ,Casa,641.81,230,7.36,1.3,2026-10-09T17:31:44.583642,True
896,Arroz Max,,594.3,188,34.85,3.5,2026-10-09T17:31:44.583642,True
897,Bola plus,Roupas,521.38,469,2.97,3.0,2026-10-09T17:31:44.583642,True
898,Camiseta Premium,Roupas,470.05,338,-8.74,2.3,2026-10-09T17:31:44.583642,True
899,Notebook Max,Esportes,-37.69,93,44.04,2.7,2026-10-09T17:31:44.583642,True
900,,Eletrônicos,253.93,497,12.64,1.3,2026-10-09T17:31:44.583642,True
901,TV Pro,Alimentos,-7.96,92,29.54,0.1,2026-10-09T17:31:44.583642,True
902,Camiseta Plus,123,900.28,424,36.13,3.8,2026-10-09T17:31:44.583642,True
903,Ursinho Plus,Livros,811.67,-13,7.39,4.8,2026-10-09T17:31:44.583642,True
904,Feijão Plus,Esportes,786.85,180,3.43,,2026-10-09T17:31:44.583642,True
905,Arroz Premium,Casa,0.0,356,39.35,0.4,2026-10-09T17:31:44.583642,True
906,Camiseta pro,Roupas,42.29,366,7.27,1.3,2026-10-09T17:31:44.583642,True
907,Feijão Max,Brinquedos,-88.65,490,45.35,0.6,2026-10-09T17:31:44.583642,True
908,Calça Plus,Roupas,0.0,75,32.81,2.5,2026-10-09T17:31:44.583642,True
909,SmarTpHOnE PrEmIUm,Roupas,124.71,78,6.51,1.4,2026-10-09T17:31:44.583642,True
910,SMARTPHONE BASIC,Esportes,777.49,260,41.89,3.5,2026-10-09T17:31:44.583642,True
911,bola basic,Roupas,494.31,287,16.47,3.6,2026-10-09T17:31:44.583642,True
912,SofÁ PrO,Esportes,173.39,228,16.52,2.3,2026-10-09T17:31:44.583642,True
913,,Alimentos,54.97,396,0.15,3.6,2026-10-09T17:31:44.583642,True
914,arroz premium,Alimentos,382.91,475,11.95,0.8,2026-10-09T17:31:44.583642,True
915,Romance Max,Esportes,528.36,31,-6.84,3.1,2026-10-09T17:31:44.583642,True
916,Arroz Basic,Livros,0.0,452,19.82,0.0,2026-10-09T17:31:44.583642,True
917,ursinho premium,Casa,597.47,345,12.36,0.7,2026-10-09T17:31:44.583642,True
918,ArroZ bAsIc,Eletrônicos,628.78,398,8.69,4.1,2026-10-09T17:31:44.583642,True
919,Camiseta Premium,Livros,785.65,155,7.84,10,2026-10-09T17:31:44.583642,True
920,CamIsetA baSIc,Livros,166.29,438,46.99,4.1,2026-10-09T17:31:44.583642,True
921,Ursinho Plus,123,212.92,27,41.03,4.2,2026-10-09T17:31:44.583642,True
922,,Casa,684.78,70,47.36,4.9,2026-10-09T17:31:44.583642,True
923,Romance Basic,Brinquedos,-88.87,163,46.71,4.9,2026-10-09T17:31:44.583642,True
924,SMARTPHONE PLUS,Alimentos,891.63,164,34.58,4.5,2026-10-09T17:31:44.583642,True
925,smartphone plus,Alimentos,745.3,345,1.89,3.4,2026-10-09T17:31:44.583642,True
926,mesa plus,Roupas,686.37,497,8.7,2.2,2026-10-09T17:31:44.583642,True
927,Aventura Max,Esportes,0.0,289,13.94,0.4,2026-10-09T17:31:44.583642,True
928,CAMISETA BASIC,Eletrônicos,949.55,48,25.0,3.0,2026-10-09T17:31:44.583642,True
929,Sofá plus,Alimentos,96.92,27,15.4,3.7,2026-10-09T17:31:44.583642,True
930,Bola Basic,Esportes,245.15,227,38.23,6,2026-10-09T17:31:44.583642,True
931,AvENturA prO,Alimentos,804.74,407,19.09,3.5,2026-10-09T17:31:44.583642,True
932,Aventura Max,Livros,0.0,354,12.36,3.9,2026-10-09T17:31:44.583642,True
933,Mesa Pro,Brinquedos,615.7,239,30.78,6,2026-10-09T17:31:44.583642,True
934,Notebook Premium,Alimentos,353.46,94,-2.38,0.2,2026-10-09T17:31:44.583642,True
935, ,Esportes,345.35,309,40.59,1.9,2026-10-09T17:31:44.583642,True
936,TV PRO,Casa,166.75,252,9.3,1.4,2026-10-09T17:31:44.583642,True
937,Ursinho Basic,Brinquedos,-94.44,119,32.75,0.5,2026-10-09T17:31:44.583642,True
938,BOLA PREMIUM,Brinquedos,962.16,27,21.3,4.0,2026-10-09T17:31:44.583642,True
939,Mesa max,Eletrônicos,744.85,416,48.57,1.9,2026-10-09T17:31:44.583642,True
940,,Brinquedos,779.23,81,37.74,2.2,2026-10-09T17:31:44.583642,True
941,ARROZ BASIC,Roupas,565.3,123,21.27,0.5,2026-10-09T17:31:44.583642,True
942,Sofá Plus,Livros,53.78,233,39.96,,2026-10-09T17:31:44.583642,True
943,Smartphone Plus,Brinquedos,920.05,196,-1.39,1.4,2026-10-09T17:31:44.583642,True
944,Calça Max,123,904.08,373,13.08,2.5,2026-10-09T17:31:44.583642,True
945,Calça Basic,Esportes,0.0,122,48.63,3.9,2026-10-09T17:31:44.583642,True
946,TV Premium,Livros,814.91,262,-0.86,3.4,2026-10-09T17:31:44.583642,True
947,Notebook basic,Brinquedos,217.57,14,6.88,3.9,2026-10-09T17:31:44.583642,True
948,aventura basic,Brinquedos,612.59,194,31.18,2.6,2026-10-09T17:31:44.583642,True
949,,Roupas,142.46,474,13.7,2.1,2026-10-09T17:31:44.583642,True
950,mesa max,Alimentos,125.54,443,47.16,2.0,2026-10-09T17:31:44.583642,True
951,Mesa premium,Roupas,657.52,299,25.42,1.3,2026-10-09T17:31:44.583642,True
952,Bola Basic,Livros,513.16,208,-8.69,3.9,2026-10-09T17:31:44.583642,True
953,FEIJÃO MAX,Esportes,79.93,156,26.56,0.8,2026-10-09T17:31:44.583642,True
954,Smartphone Pro,Eletrônicos,286.23,402,3.26,10,2026-10-09T17:31:44.583642,True
955,MEsA MAx,Esportes,202.1,460,34.34,2.9,2026-10-09T17:31:44.583642,True
956,Bola Basic,Casa,-94.5,163,12.44,2.6,2026-10-09T17:31:44.583642,True
957,tv PReMiuM,Esportes,515.86,407,43.71,2.3,2026-10-09T17:31:44.583642,True
958,Notebook Plus,Eletrônicos,797.77,291,-7.66,0.4,2026-10-09T17:31:44.583642,True
959,Mesa Pro,Roupas,-48.54,38,21.94,0.8,2026-10-09T17:31:44.583642,True
960,aRRoz baSIc,Alimentos,489.86,84,47.72,0.1,2026-10-09T17:31:44.583642,True
961,Aventura Pro,Alimentos,921.07,396,32.49,,2026-10-09T17:31:44.583642,True
962,Calça Basic,Eletrônicos,801.5,127,-5.67,1.4,2026-10-09T17:31:44.583642,True
963,bolA PRO,Brinquedos,199.19,28,41.97,3.9,2026-10-09T17:31:44.583642,True
964,Calça Premium,Casa,890.34,116,-4.14,4.3,2026-10-09T17:31:44.583642,True
965,Notebook Pro,Casa,-47.23,289,48.19,1.4,2026-10-09T17:31:44.583642,True
966,Smartphone Pro,Casa,775.39,-55,28.64,3.2,2026-10-09T17:31:44.583642,True
967,Tv PremIUM,Livros,837.94,120,15.75,4.9,2026-10-09T17:31:44.583642,True
968,AVENTURA PLUS,Esportes,178.14,192,19.93,0.7,2026-10-09T17:31:44.583642,True
969,tv premium,Brinquedos,434.66,453,4.91,4.6,2026-10-09T17:31:44.583642,True
970,Bola Pro,,679.31,45,17.33,2.8,2026-10-09T17:31:44.583642,True
971,,Alimentos,95.94,305,8.92,1.3,2026-10-09T17:31:44.583642,True
972,CAMISETA BASIC,Esportes,913.72,187,10.5,4.0,2026-10-09T17:31:44.583642,True
973,Bola Premium,Roupas,-31.14,354,14.2,3.5,2026-10-09T17:31:44.583642,True
974,notebook basic,Livros,407.1,435,6.04,2.9,2026-10-09T17:31:44.583642,True
975,,Casa,151.0,176,11.75,4.9,2026-10-09T17:31:44.583642,True
976,Mesa Basic,Roupas,-63.15,492,43.31,0.7,2026-10-09T17:31:44.583642,True
977,TV BASIC,Livros,448.28,363,13.66,2.5,2026-10-09T17:31:44.583642,True
978,Arroz Premium,123,400.12,451,15.28,2.4,2026-10-09T17:31:44.583642,True
979,Calça Basic,Alimentos,-76.1,72,15.17,0.7,2026-10-09T17:31:44.583642,True
980,Arroz Basic,Categoria Inexistente,987.61,69,30.94,2.3,2026-10-09T17:31:44.583642,True
981,,Eletrônicos,302.95,194,30.8,3.0,2026-10-09T17:31:44.583642,True
982,Calça Premium,,641.98,301,19.08,3.3,2026-10-09T17:31:44.583642,True
983,Romance Max,Eletrônicos,-28.82,121,23.9,2.8,2026-10-09T17:31:44.583642,True
984,TV Premium,Eletrônicos,606.68,343,31.79,6,2026-10-09T17:31:44.583642,True
985,ROMANCE PLUS,Alimentos,253.02,116,42.48,1.3,2026-10-09T17:31:44.583642,True
986,Romance Max,Esportes,0.0,277,25.92,4.0,2026-10-09T17:31:44.583642,True
987, ,Casa,244.16,398,39.7,2.2,2026-10-09T17:31:44.583642,True
988,ARROZ PREMIUM,Brinquedos,781.3,275,3.57,2.4,2026-10-09T17:31:44.583642,True
989,Notebook Max,Roupas,-25.1,412,40.69,3.3,2026-10-09T17:31:44.583642,True
990,ROmANcE prEMiuM,Livros,358.35,378,10.08,0.3,2026-10-09T17:31:44.583642,True
991,Aventura basic,Brinquedos,777.03,306,5.3,0.9,2026-10-09T17:31:44.583642,True
992,Tv max,Livros,764.3,291,4.84,4.1,2026-10-09T17:31:44.583642,True
993,mesa premium,Esportes,86.04,318,35.84,0.2,2026-10-09T17:31:44.583642,True
994,Mesa Max,Roupas,-41.9,445,34.79,1.3,2026-10-09T17:31:44.583642,True
995,MESA BASIC,Alimentos,25.34,374,10.47,0.2,2026-10-09T17:31:44.583642,True
996,TV Premium,Alimentos,637.51,-39,39.82,3.9,2026-10-09T17:31:44.583642,True
997, ,Roupas,55.28,484,3.81,3.2,2026-10-09T17:31:44.583642,True
998, ,Casa,219.11,423,36.16,1.1,2026-10-09T17:31:44.583642,True
999,FEIJÃO PLUS,Roupas,556.76,200,5.87,1.7,2026-10-09T17:31:44.583642,True
1000,Smartphone Max,Eletrônicos,0.0,136,29.01,4.9,2026-10-09T17:31:44.583642,True
1001,AVENTURA PRO,Casa,549.21,36,45.79,4.0,2026-10-09T17:31:44.583642,True
1002,SmArTPHonE pRo,Esportes,242.23,160,4.7,1.4,2026-10-09T17:31:44.583642,True
1003,Arroz Premium,,352.8,213,16.82,4.2,2026-10-09T17:31:44.583642,True
1004,cAMIseta pLus,Esportes,20.93,440,42.98,4.7,2026-10-09T17:31:44.583642,True
1005,Calça plus,Esportes,423.88,103,24.93,3.6,2026-10-09T17:31:44.583642,True
1006,Camiseta Premium,123,548.82,267,18.47,4.8,2026-10-09T17:31:44.583642,True
1007,Mesa Premium,Eletrônicos,-29.22,329,48.7,0.9,2026-10-09T17:31:44.583642,True
1008,Romance premium,Roupas,153.08,262,12.63,2.9,2026-10-09T17:31:44.583642,True
1009,Ursinho Plus,Brinquedos,373.1,226,-1.67,3.9,2026-10-09T17:31:44.583642,True
1010,Arroz Basic,Roupas,-89.11,196,24.85,0.2,2026-10-09T17:31:44.583642,True
1011,Romance Premium,Roupas,-93.3,102,30.1,2.4,2026-10-09T17:31:44.583642,True
1012,URSINHO MAX,Roupas,692.47,458,39.3,0.8,2026-10-09T17:31:44.583642,True
1013,TV Basic,,100.43,73,1.2,0.5,2026-10-09T17:31:44.583642,True
1014,Sofá Premium,Eletrônicos,-8.76,15,31.51,3.9,2026-10-09T17:31:44.583642,True
1015, ,Alimentos,418.86,207,39.38,2.6,2026-10-09T17:31:44.583642,True
1016,,Alimentos,919.47,457,19.23,3.5,2026-10-09T17:31:44.583642,True
1017,Sofá premium,Esportes,86.62,88,39.01,2.9,2026-10-09T17:31:44.583642,True
1018,,Brinquedos,397.56,317,13.06,0.7,2026-10-09T17:31:44.583642,True
1019,TV prO,Eletrônicos,571.7,360,12.17,2.0,2026-10-09T17:31:44.583642,True
1020,Calça Plus,Brinquedos,789.75,-18,33.72,1.5,2026-10-09T17:31:44.583642,True
1021,sofá basic,Eletrônicos,75.99,102,15.55,4.2,2026-10-09T17:31:44.583642,True
1022,Mesa Basic,Esportes,555.25,234,25.94,10,2026-10-09T17:31:44.583642,True
1023,TV Basic,Livros,92.61,456,19.15,10,2026-10-09T17:31:44.583642,True
1024,AVENTURA PLUS,Roupas,437.87,358,36.67,1.5,2026-10-09T17:31:44.583642,True
1025,SOFÁ BASIC,Eletrônicos,237.47,296,23.38,3.6,2026-10-09T17:31:44.583642,True
1026,Ursinho Plus,Roupas,0.0,497,46.71,4.8,2026-10-09T17:31:44.583642,True
1027,Camiseta Plus,Alimentos,-96.22,470,45.75,4.2,2026-10-09T17:31:44.583642,True
1028,Calça Basic,Casa,-69.39,37,7.36,4.0,2026-10-09T17:31:44.583642,True
1029,nOTEBoOk BASiC,Brinquedos,238.64,51,18.65,2.5,2026-10-09T17:31:44.583642,True
1030,Smartphone Max,Brinquedos,702.83,61,38.63,,2026-10-09T17:31:44.583642,True
1031,Mesa Basic,Roupas,165.97,188,-8.82,3.5,2026-10-09T17:31:44.583642,True
1032,noTebOOk MaX,Esportes,999.37,72,2.38,0.3,2026-10-09T17:31:44.583642,True
1033,feijãO basiC,Brinquedos,375.21,486,5.04,4.0,2026-10-09T17:31:44.583642,True
1034,calça basic,Esportes,184.12,55,7.85,1.2,2026-10-09T17:31:44.583642,True
1035,FEIJÃO PLUS,Alimentos,637.38,52,39.05,1.1,2026-10-09T17:31:44.583642,True
1036,Feijão Pro,,265.41,316,14.03,5.0,2026-10-09T17:31:44.583642,True
1037,Feijão Premium,Brinquedos,400.56,467,33.35,6,2026-10-09T17:31:44.583642,True
1038, ,Livros,310.27,221,21.16,3.0,2026-10-09T17:31:44.583642,True
1039,Sofá Pro,Casa,952.04,402,-2.88,1.4,2026-10-09T17:31:44.583642,True
1040,Tv plus,Eletrônicos,498.66,404,47.55,0.6,2026-10-09T17:31:44.583642,True
1041,TV Plus,,530.67,489,7.18,1.0,2026-10-09T17:31:44.583642,True
1042, ,Livros,58.71,212,37.63,0.9,2026-10-09T17:31:44.583642,True
1043,NOTEBOOK BASIC,Alimentos,255.07,347,28.12,2.9,2026-10-09T17:31:44.583642,True
1044,Calça Premium,Brinquedos,11.45,384,40.06,6,2026-10-09T17:31:44.583642,True
1045,Bola pro,Brinquedos,525.67,185,38.89,1.7,2026-10-09T17:31:44.583642,True
1046,Notebook Basic,Esportes,473.14,-7,36.73,4.7,2026-10-09T17:31:44.583642,True
1047,Aventura Max,Casa,557.89,-69,29.92,2.9,2026-10-09T17:31:44.583642,True
1048,sOFÁ PRo,Livros,485.23,204,48.39,4.1,2026-10-09T17:31:44.583642,True
1049,Mesa Plus,Eletrônicos,-23.49,176,47.04,3.7,2026-10-09T17:31:44.583642,True
1050,ARROZ PREMIUM,Roupas,54.36,204,20.99,0.3,2026-10-09T17:31:44.583642,True
1051,Aventura Premium,Casa,-0.92,459,10.26,0.4,2026-10-09T17:31:44.583642,True
1052,Aventura Basic,Roupas,280.43,350,-9.19,2.2,2026-10-09T17:31:44.583642,True
1053,Camiseta Max,Esportes,-48.54,227,42.79,3.2,2026-10-09T17:31:44.583642,True
1054,CAMISETA PLUS,Brinquedos,873.17,455,15.76,2.8,2026-10-09T17:31:44.583642,True
1055,Calça Plus,Livros,-21.62,189,7.73,3.0,2026-10-09T17:31:44.583642,True
1056,Bola Pro,,584.69,382,44.85,0.3,2026-10-09T17:31:44.583642,True
1057,Camiseta Pro,Esportes,508.07,192,15.76,,2026-10-09T17:31:44.583642,True
1058,Smartphone Plus,Alimentos,262.23,-97,0.13,2.7,2026-10-09T17:31:44.583642,True
1059,,Eletrônicos,122.35,445,44.36,2.7,2026-10-09T17:31:44.583642,True
1060,Arroz max,Casa,99.58,478,41.41,4.0,2026-10-09T17:31:44.583642,True
1061,Romance Basic,Casa,0.0,441,32.01,2.2,2026-10-09T17:31:44.583642,True
1062,CALÇA BASIC,Livros,521.13,459,39.34,0.5,2026-10-09T17:31:44.583642,True
1063,Romance Pro,Categoria Inexistente,780.85,80,26.05,2.7,2026-10-09T17:31:44.583642,True
1064,Ursinho Plus,Eletrônicos,344.37,180,36.7,100,2026-10-09T17:31:44.583642,True
1065,Bola pro,Casa,481.2,23,27.41,1.7,2026-10-09T17:31:44.583642,True
1066,Smartphone Plus,Brinquedos,606.73,305,-2.27,3.5,2026-10-09T17:31:44.583642,True
1067,camiseta max,Eletrônicos,625.52,14,20.6,2.8,2026-10-09T17:31:44.583642,True
1068,Aventura Premium,Roupas,512.39,221,5.8,100,2026-10-09T17:31:44.583642,True
1069,Romance Max,Alimentos,-46.14,86,8.54,1.5,2026-10-09T17:31:44.583642,True
1070,Feijão Premium,Brinquedos,152.22,181,-0.82,1.2,2026-10-09T17:31:44.583642,True
1071,Calça Basic,Livros,0.0,280,4.78,1.7,2026-10-09T17:31:44.583642,True
1072,Camiseta plus,Esportes,452.15,223,14.8,3.4,2026-10-09T17:31:44.583642,True
1073,Camiseta Pro,Livros,78.79,23,-0.68,2.9,2026-10-09T17:31:44.583642,True
1074,Romance Pro,Livros,915.54,70,-0.91,4.9,2026-10-09T17:31:44.583642,True
1075,Bola Basic,Livros,169.99,-25,22.85,3.4,2026-10-09T17:31:44.583642,True
1076,Smartphone Premium,Categoria Inexistente,769.63,347,20.56,5.0,2026-10-09T17:31:44.583642,True
1077,Feijão Basic,Brinquedos,-60.57,19,33.73,3.6,2026-10-09T17:31:44.583642,True
1078,Smartphone Max,Livros,-61.04,138,47.26,4.2,2026-10-09T17:31:44.583642,True
1079,TV Pro,Brinquedos,77.67,-50,20.48,0.2,2026-10-09T17:31:44.583642,True
1080,Mesa Basic,Casa,321.64,-16,31.54,2.0,2026-10-09T17:31:44.583642,True
1081,Camiseta Pro,Eletrônicos,367.51,279,28.86,,2026-10-09T17:31:44.583642,True
1082,,Livros,771.07,480,3.64,0.9,2026-10-09T17:31:44.583642,True
1083,Calça Pro,Roupas,136.15,257,12.61,-1,2026-10-09T17:31:44.583642,True
1084,Arroz Max,Roupas,701.08,75,11.11,100,2026-10-09T17:31:44.583642,True
1085,Aventura pro,Eletrônicos,77.99,379,9.14,0.6,2026-10-09T17:31:44.583642,True
1086,Feijão Max,Brinquedos,0.0,151,2.63,1.8,2026-10-09T17:31:44.583642,True
1087,URSINHO PLUS,Roupas,591.1,290,34.66,3.6,2026-10-09T17:31:44.583642,True
1088,Feijão Premium,Esportes,0.0,45,11.49,1.1,2026-10-09T17:31:44.583642,True
1089,Aventura Plus,Eletrônicos,-56.78,14,7.1,2.1,2026-10-09T17:31:44.583642,True
1090,RomaNCE PRo,Brinquedos,796.91,481,38.36,3.7,2026-10-09T17:31:44.583642,True
1091,Feijão Plus,Casa,842.66,-54,38.85,3.3,2026-10-09T17:31:44.583642,True
1092,TV Pro,Casa,0.0,433,26.88,4.9,2026-10-09T17:31:44.583642,True
1093,Sofá Pro,Alimentos,0.0,371,49.77,3.1,2026-10-09T17:31:44.583642,True
1094,Arroz Plus,Alimentos,0.0,2,34.73,3.1,2026-10-09T17:31:44.583642,True
1095,Ursinho plus,Casa,584.21,413,4.79,2.5,2026-10-09T17:31:44.583642,True
1096,Sofá Plus,Livros,0.0,288,2.58,2.6,2026-10-09T17:31:44.583642,True
1097,Feijão Plus,Eletrônicos,0.0,81,40.07,3.0,2026-10-09T17:31:44.583642,True
1098,CAMISETA MAX,Brinquedos,386.22,176,22.06,4.5,2026-10-09T17:31:44.583642,True
1099,MESA PLUS,Roupas,365.29,384,21.7,0.7,2026-10-09T17:31:44.583642,True
1100,ARROZ MAX,Brinquedos,353.72,168,26.21,3.7,2026-10-09T17:31:44.583642,True
1101,CAMISETA PRO,Esportes,866.27,255,26.53,0.9,2026-10-09T17:31:44.583642,True
1102,Camiseta Basic,Esportes,-96.05,247,49.89,2.8,2026-10-09T17:31:44.583642,True
1103,Arroz Pro,Roupas,-73.25,228,30.08,3.0,2026-10-09T17:31:44.583642,True
1104,Aventura Basic,Roupas,0.0,10,36.05,3.0,2026-10-09T17:31:44.583642,True
1105,TV Max,Brinquedos,0.0,241,14.17,3.8,2026-10-09T17:31:44.583642,True
1106,Bola Max,Casa,-27.28,327,25.29,2.5,2026-10-09T17:31:44.583642,True
1107,Aventura Basic,Categoria Inexistente,421.2,44,43.96,3.0,2026-10-09T17:31:44.583642,True
1108,Romance basic,Livros,203.98,416,12.3,4.8,2026-10-09T17:31:44.583642,True
1109,mesa max,Casa,326.31,412,46.92,0.3,2026-10-09T17:31:44.583642,True
1110,Romance Basic,Casa,247.23,-2,3.48,4.6,2026-10-09T17:31:44.583642,True
1111,romance basic,Brinquedos,580.21,96,24.97,4.4,2026-10-09T17:31:44.583642,True
1112,Calça Max,Eletrônicos,0.0,85,23.32,2.0,2026-10-09T17:31:44.583642,True
1113,Aventura plus,Casa,173.12,165,38.77,3.0,2026-10-09T17:31:44.583642,True
1114,Arroz Max,Roupas,-85.62,287,8.18,0.2,2026-10-09T17:31:44.583642,True
1115,Calça Max,Eletrônicos,106.89,284,8.1,6,2026-10-09T17:31:44.583642,True
1116,Bola Max,Brinquedos,949.55,139,40.18,100,2026-10-09T17:31:44.583642,True
1117,Mesa Plus,123,665.06,81,49.05,4.0,2026-10-09T17:31:44.583642,True
1118,,Esportes,998.55,215,6.12,3.6,2026-10-09T17:31:44.583642,True
1119,Ursinho Pro,Livros,619.55,-3,35.46,2.0,2026-10-09T17:31:44.583642,True
1120,Sofá Plus,Esportes,305.38,467,35.28,-1,2026-10-09T17:31:44.583642,True
1121,Tv pLuS,Roupas,521.19,73,45.36,0.3,2026-10-09T17:31:44.583642,True
1122,Smartphone Max,123,524.04,110,37.51,0.4,2026-10-09T17:31:44.583642,True
1123,Notebook Pro,Eletrônicos,651.68,409,-9.59,2.0,2026-10-09T17:31:44.583642,True
1124,Romance basic,Alimentos,140.1,167,38.12,1.4,2026-10-09T17:31:44.583642,True
1125,Ursinho Plus,Roupas,0.0,412,8.49,2.5,2026-10-09T17:31:44.583642,True
1126,Bola Basic,Roupas,0.0,468,34.78,1.0,2026-10-09T17:31:44.583642,True
1127,Feijão Basic,Esportes,0.0,408,7.08,2.2,2026-10-09T17:31:44.583642,True
1128,NoteBOOk pluS,Roupas,166.43,110,35.96,3.5,2026-10-09T17:31:44.583642,True
1129,Sofá Premium,Casa,780.75,74,-3.5,4.0,2026-10-09T17:31:44.583642,True
1130,Smartphone Plus,,557.94,499,13.37,4.4,2026-10-09T17:31:44.583642,True
1131,Romance Pro,Alimentos,958.0,243,4.48,-1,2026-10-09T17:31:44.583642,True
1132,Bola Max,Roupas,0.0,452,17.6,3.2,2026-10-09T17:31:44.583642,True
1133,TV Max,Esportes,0.0,490,7.47,2.1,2026-10-09T17:31:44.583642,True
1134,notebook basic,Alimentos,738.24,180,48.89,0.6,2026-10-09T17:31:44.583642,True
1135,arroz BaSiC,Esportes,936.54,303,23.92,4.7,2026-10-09T17:31:44.583642,True
1136,MesA pReMiUm,Esportes,559.42,170,3.35,2.9,2026-10-09T17:31:44.583642,True
1137,NOTEBOOK PREMIUM,Livros,730.78,496,41.83,2.1,2026-10-09T17:31:44.583642,True
1138,Sofá Plus,Alimentos,201.99,375,11.49,6,2026-10-09T17:31:44.583642,True
1139,feijão plus,Eletrônicos,797.3,289,16.59,2.8,2026-10-09T17:31:44.583642,True
1140,mesa pro,Eletrônicos,527.26,309,6.46,3.5,2026-10-09T17:31:44.583642,True
1141,Ursinho Basic,Roupas,967.72,291,38.63,,2026-10-09T17:31:44.583642,True
1142,FEIJÃO MAX,Livros,224.63,486,48.31,2.8,2026-10-09T17:31:44.583642,True
1143,SmaRTPHoNe preMIUM,Roupas,261.14,398,20.71,3.8,2026-10-09T17:31:44.583642,True
1144,Camiseta Premium,Casa,0.0,468,46.14,2.2,2026-10-09T17:31:44.583642,True
1145,Arroz Premium,Alimentos,-40.19,70,27.24,4.2,2026-10-09T17:31:44.583642,True
1146,NOTEBOOK BASIC,Eletrônicos,494.6,323,6.76,3.1,2026-10-09T17:31:44.583642,True
1147,feIJÃo pro,Roupas,334.15,471,29.54,2.2,2026-10-09T17:31:44.583642,True
1148,Aventura Plus,Eletrônicos,103.91,-26,12.35,0.7,2026-10-09T17:31:44.583642,True
1149,Aventura Basic,Roupas,773.02,75,3.81,100,2026-10-09T17:31:44.583642,True
1150,Arroz Pro,Roupas,763.52,-37,7.63,3.1,2026-10-09T17:31:44.583642,True
1151,ARrOZ PREMIuM,Eletrônicos,230.37,186,18.98,4.3,2026-10-09T17:31:44.583642,True
1152,Notebook plus,Livros,762.61,169,17.24,2.3,2026-10-09T17:31:44.583642,True
1153,ArroZ BAsIc,Casa,761.46,197,28.68,0.3,2026-10-09T17:31:44.583642,True
1154,,Roupas,245.3,465,16.13,0.5,2026-10-09T17:31:44.583642,True
1155,MESA BASIC,Esportes,56.44,140,7.38,3.1,2026-10-09T17:31:44.583642,True
1156,TV BASIC,Casa,351.34,494,38.73,3.3,2026-10-09T17:31:44.583642,True
1157,Feijão premium,Esportes,766.86,454,13.14,0.4,2026-10-09T17:31:44.583642,True
1158,Romance Premium,Alimentos,0.0,247,18.29,2.6,2026-10-09T17:31:44.583642,True
1159,Bola Max,Esportes,0.0,470,22.54,2.0,2026-10-09T17:31:44.583642,True
1160, ,Alimentos,196.86,122,40.69,4.8,2026-10-09T17:31:44.583642,True
1161,Notebook Max,Brinquedos,516.36,420,-5.55,0.8,2026-10-09T17:31:44.583642,True
1162,CAMISETA PLUS,Livros,17.77,479,1.87,3.2,2026-10-09T17:31:44.583642,True
1163,Arroz Plus,Esportes,309.83,-6,31.45,0.9,2026-10-09T17:31:44.583642,True
1164,Notebook Plus,Alimentos,962.05,-82,1.7,2.5,2026-10-09T17:31:44.583642,True
1165,Smartphone Basic,Casa,587.96,-24,38.99,0.9,2026-10-09T17:31:44.583642,True
1166,Arroz Premium,Roupas,547.95,-5,43.34,1.6,2026-10-09T17:31:44.583642,True
1167,TV Basic,Roupas,291.65,-13,23.92,4.5,2026-10-09T17:31:44.583642,True
1168,smartphone premium,Livros,998.03,414,25.69,3.2,2026-10-09T17:31:44.583642,True
1169,,Livros,870.1,54,6.42,1.2,2026-10-09T17:31:44.583642,True
1170,ursinho pro,Alimentos,787.35,168,37.28,1.4,2026-10-09T17:31:44.583642,True
1171,Camiseta max,Casa,214.35,63,32.52,3.3,2026-10-09T17:31:44.583642,True
1172,CAMISETA BASIC,Brinquedos,757.19,273,22.12,4.1,2026-10-09T17:31:44.583642,True
1173,Calça Plus,,137.71,180,3.28,2.8,2026-10-09T17:31:44.583642,True
1174,Ursinho Max,Alimentos,0.0,248,49.01,1.3,2026-10-09T17:31:44.583642,True
1175,ROMANCE PREMIUM,Brinquedos,212.36,489,12.14,4.9,2026-10-09T17:31:44.583642,True
1176,Sofá max,Alimentos,122.43,266,44.84,4.0,2026-10-09T17:31:44.583642,True
1177,Feijão Basic,123,699.62,131,34.92,2.3,2026-10-09T17:31:44.583642,True
1178,Ursinho Pro,Livros,205.84,145,16.11,10,2026-10-09T17:31:44.583642,True
1179,Mesa Premium,Roupas,457.31,-18,22.55,2.5,2026-10-09T17:31:44.583642,True
1180,Romance basic,Roupas,403.13,114,41.66,1.7,2026-10-09T17:31:44.583642,True
1181,FEIJÃO PRO,Roupas,919.72,205,26.66,2.4,2026-10-09T17:31:44.583642,True
1182,smartphone max,Alimentos,222.13,41,0.22,4.3,2026-10-09T17:31:44.583642,True
1183,Romance Premium,Brinquedos,0.0,32,11.72,4.8,2026-10-09T17:31:44.583642,True
1184,Camiseta plus,Alimentos,565.59,310,9.64,4.2,2026-10-09T17:31:44.583642,True
1185,TV Max,Casa,659.97,440,-3.44,3.0,2026-10-09T17:31:44.583642,True
1186,AVENTURA PLUS,Esportes,377.01,226,40.53,0.8,2026-10-09T17:31:44.583642,True
1187,URSINHO PLUS,Livros,575.72,64,30.43,4.5,2026-10-09T17:31:44.583642,True
1188,smartphone max,Casa,462.4,279,18.47,1.2,2026-10-09T17:31:44.583642,True
1189,Smartphone Basic,,161.36,382,45.51,1.0,2026-10-09T17:31:44.583642,True
1190,Sofá Max,123,186.62,151,41.97,3.5,2026-10-09T17:31:44.583642,True
1191,Aventura Basic,Casa,0.0,260,3.46,0.8,2026-10-09T17:31:44.583642,True
1192,Camiseta Pro,Livros,-72.75,254,38.95,3.5,2026-10-09T17:31:44.583642,True
1193,,Eletrônicos,54.69,436,19.24,1.0,2026-10-09T17:31:44.583642,True
1194,camiseta basic,Brinquedos,231.42,312,49.12,4.9,2026-10-09T17:31:44.583642,True
1195,URSINHO PLUS,Brinquedos,106.13,136,16.99,4.6,2026-10-09T17:31:44.583642,True
1196,Aventura Pro,Roupas,204.38,-14,36.77,0.9,2026-10-09T17:31:44.583642,True
1197,Ursinho Premium,Casa,381.12,-14,24.61,4.3,2026-10-09T17:31:44.583642,True
1198,Camiseta Premium,Casa,623.19,68,-1.04,2.5,2026-10-09T17:31:44.583642,True
1199,Calça Max,Casa,433.81,-47,26.48,0.2,2026-10-09T17:31:44.583642,True
1200,Aventura Basic,Casa,968.05,15,-0.82,0.2,2026-10-09T17:31:44.583642,True
1201,Feijão plus,Esportes,915.66,299,23.53,2.5,2026-10-09T17:31:44.583642,True
1202,NOtebooK PlUS,Livros,809.39,360,2.19,2.7,2026-10-09T17:31:44.583642,True
1203,Notebook Pro,Alimentos,0.0,496,23.08,0.9,2026-10-09T17:31:44.583642,True
1204,mesa basic,Casa,593.15,226,26.44,3.4,2026-10-09T17:31:44.583642,True
1205,Smartphone Premium,Roupas,430.06,-30,21.76,3.1,2026-10-09T17:31:44.583642,True
1206,feijão plus,Roupas,768.3,252,5.82,1.4,2026-10-09T17:31:44.583642,True
1207,Calça Plus,Casa,-5.42,483,0.71,0.7,2026-10-09T17:31:44.583642,True
1208,arroz basic,Casa,722.85,95,29.48,4.1,2026-10-09T17:31:44.583642,True
1209,notebook plus,Livros,724.25,268,47.63,1.8,2026-10-09T17:31:44.583642,True
1210,Aventura Basic,Esportes,-93.18,267,35.99,1.0,2026-10-09T17:31:44.583642,True
1211,camiseta pro,Roupas,219.34,457,2.23,4.5,2026-10-09T17:31:44.583642,True
1212,Notebook Pro,Roupas,419.48,-73,28.17,0.5,2026-10-09T17:31:44.583642,True
1213,CALÇA Basic,Alimentos,786.9,148,10.0,1.6,2026-10-09T17:31:44.583642,True
1214,Bola pro,Eletrônicos,346.1,4,26.7,1.5,2026-10-09T17:31:44.583642,True
1215,FEIJÃO PREMIUM,Alimentos,199.54,405,29.52,2.4,2026-10-09T17:31:44.583642,True
1216,Aventura Max,Alimentos,0.0,438,39.11,1.5,2026-10-09T17:31:44.583642,True
1217,Bola Plus,Eletrônicos,675.78,108,-3.82,1.3,2026-10-09T17:31:44.583642,True
1218,Mesa Plus,Categoria Inexistente,625.61,17,28.35,3.9,2026-10-09T17:31:44.583642,True
1219,FEIJÃO PREMIUM,Brinquedos,330.33,332,21.51,4.2,2026-10-09T17:31:44.583642,True
1220,Feijão Plus,Esportes,-48.14,344,45.96,4.6,2026-10-09T17:31:44.583642,True
1221, ,Alimentos,783.66,361,4.43,2.4,2026-10-09T17:31:44.583642,True
1222,Arroz Max,Livros,551.45,370,-8.43,0.8,2026-10-09T17:31:44.583642,True
1223,Mesa Max,Alimentos,122.57,404,-3.15,0.0,2026-10-09T17:31:44.583642,True
1224,Camiseta Premium,Alimentos,834.18,304,-4.35,2.9,2026-10-09T17:31:44.583642,True
1225,Arroz premium,Alimentos,869.53,233,18.05,4.9,2026-10-09T17:31:44.583642,True
1226,TV PREMIUM,Casa,956.96,435,10.47,1.1,2026-10-09T17:31:44.583642,True
1227,Bola Basic,Alimentos,0.0,270,0.68,2.9,2026-10-09T17:31:44.583642,True
1228,Ursinho plus,Casa,267.08,476,32.02,1.4,2026-10-09T17:31:44.583642,True
1229,,Brinquedos,469.43,58,27.75,0.7,2026-10-09T17:31:44.583642,True
1230,Aventura Pro,Roupas,11.78,154,48.84,-1,2026-10-09T17:31:44.583642,True
1231,CAMISETA PRO,Brinquedos,349.28,39,37.55,3.5,2026-10-09T17:31:44.583642,True
1232, ,Brinquedos,431.64,197,47.26,1.1,2026-10-09T17:31:44.583642,True
1233,Camiseta Basic,Roupas,-16.35,289,20.28,2.0,2026-10-09T17:31:44.583642,True
1234,,Casa,220.61,128,8.86,0.4,2026-10-09T17:31:44.583642,True
1235,Romance premium,Alimentos,139.44,469,36.31,1.9,2026-10-09T17:31:44.583642,True
1236,tv PremIUM,Brinquedos,442.52,381,20.98,2.6,2026-10-09T17:31:44.583642,True
1237,Arroz Basic,Categoria Inexistente,344.96,27,11.17,0.4,2026-10-09T17:31:44.583642,True
1238,tv pro,Brinquedos,694.0,158,37.45,3.5,2026-10-09T17:31:44.583642,True
1239,,Esportes,88.75,3,24.84,0.2,2026-10-09T17:31:44.583642,True
1240,FEIJÃO BASIC,Roupas,802.11,299,23.58,0.8,2026-10-09T17:31:44.583642,True
1241,Tv premium,Roupas,345.48,98,42.91,1.1,2026-10-09T17:31:44.583642,True
1242,Bola Max,Brinquedos,-1.19,401,30.35,1.2,2026-10-09T17:31:44.583642,True
1243,SOFÁ MAX,Livros,373.55,220,2.34,4.2,2026-10-09T17:31:44.583642,True
1244,romance pro,Livros,96.35,425,36.9,4.2,2026-10-09T17:31:44.583642,True
1245,,Brinquedos,528.37,339,3.86,1.6,2026-10-09T17:31:44.583642,True
1246,Feijão Pro,Livros,589.51,169,-6.59,4.2,2026-10-09T17:31:44.583642,True
1247,Camiseta Pro,Alimentos,542.44,466,-3.35,2.2,2026-10-09T17:31:44.583642,True
1248,CaMiSEta PluS,Esportes,607.37,344,0.46,0.4,2026-10-09T17:31:44.583642,True
1249,notebook pro,Esportes,475.52,215,45.66,2.2,2026-10-09T17:31:44.583642,True
1250,Arroz Max,,551.07,486,48.14,2.9,2026-10-09T17:31:44.583642,True
1251,romance premium,Roupas,89.39,187,36.91,4.0,2026-10-09T17:31:44.583642,True
1252,mesa basic,Roupas,852.56,316,6.1,1.3,2026-10-09T17:31:44.583642,True
1253,smartphone pro,Alimentos,280.71,259,7.91,4.1,2026-10-09T17:31:44.583642,True
1254,ARROz BaSIc,Brinquedos,344.95,365,4.29,3.5,2026-10-09T17:31:44.583642,True
1255,NOTEBOOK BASIC,Eletrônicos,501.76,279,0.98,0.5,2026-10-09T17:31:44.583642,True
1256,,Eletrônicos,310.38,58,15.91,2.8,2026-10-09T17:31:44.583642,True
1257,Camiseta Plus,Livros,-21.15,97,45.81,3.0,2026-10-09T17:31:44.583642,True
1258,arROz Pro,Brinquedos,904.5,12,1.28,0.9,2026-10-09T17:31:44.583642,True
1259,bola max,Eletrônicos,739.77,84,45.64,2.9,2026-10-09T17:31:44.583642,True
1260,,Roupas,323.29,209,2.09,1.5,2026-10-09T17:31:44.583642,True
1261,Smartphone Max,,488.23,474,44.75,2.9,2026-10-09T17:31:44.583642,True
1262,TV Pro,Esportes,0.0,411,11.26,3.9,2026-10-09T17:31:44.583642,True
1263,Ursinho premium,Casa,491.18,36,15.39,0.4,2026-10-09T17:31:44.583642,True
1264,Smartphone Pro,,161.36,447,48.42,3.6,2026-10-09T17:31:44.583642,True
1265,Romance Pro,,450.77,194,28.68,3.1,2026-10-09T17:31:44.583642,True
1266,Ursinho Pro,Eletrônicos,0.0,340,17.09,1.9,2026-10-09T17:31:44.583642,True
1267,Romance Basic,Roupas,0.0,386,3.5,3.6,2026-10-09T17:31:44.583642,True
1268,Arroz Plus,Brinquedos,121.08,201,-9.52,4.4,2026-10-09T17:31:44.583642,True
1269,feijão basic,Roupas,396.91,456,9.83,3.9,2026-10-09T17:31:44.583642,True
1270,Sofá Plus,Esportes,782.77,349,-8.03,3.1,2026-10-09T17:31:44.583642,True
1271,smartphone max,Esportes,764.46,379,20.88,4.7,2026-10-09T17:31:44.583642,True
1272,Sofá Basic,123,947.75,374,8.61,3.4,2026-10-09T17:31:44.583642,True
1273,Ursinho Max,Categoria Inexistente,102.81,294,31.44,2.5,2026-10-09T17:31:44.583642,True
1274,cALÇA pREmiuM,Eletrônicos,794.49,435,42.21,0.7,2026-10-09T17:31:44.583642,True
1275,Arroz Basic,Roupas,-99.44,103,15.21,0.1,2026-10-09T17:31:44.583642,True
1276,Bola Premium,Livros,896.17,411,29.53,10,2026-10-09T17:31:44.583642,True
1277,cALÇa pLUS,Casa,863.95,300,11.28,1.2,2026-10-09T17:31:44.583642,True
1278,Arroz Plus,Livros,661.13,203,14.72,10,2026-10-09T17:31:44.583642,True
1279,Arroz Pro,,903.61,400,15.21,3.9,2026-10-09T17:31:44.583642,True
1280,Calça Pro,Casa,620.57,116,-1.17,0.7,2026-10-09T17:31:44.583642,True
1281,smartphone basic,Casa,549.37,181,3.51,3.2,2026-10-09T17:31:44.583642,True
1282,noTEBOoK BasIC,Alimentos,368.52,82,42.49,4.4,2026-10-09T17:31:44.583642,True
1283,Calça Plus,Casa,627.51,-92,37.38,1.8,2026-10-09T17:31:44.583642,True
1284,Mesa Plus,Brinquedos,600.58,-59,41.95,0.2,2026-10-09T17:31:44.583642,True
1285,MESA MAX,Brinquedos,271.18,206,41.03,2.0,2026-10-09T17:31:44.583642,True
1286,Calça Plus,Eletrônicos,480.01,55,27.45,10,2026-10-09T17:31:44.583642,True
1287,Ursinho Max,Roupas,0.0,402,14.65,3.4,2026-10-09T17:31:44.583642,True
1288, ,Eletrônicos,346.36,311,34.71,0.3,2026-10-09T17:31:44.583642,True
1289,Romance plus,Roupas,169.67,163,39.73,1.1,2026-10-09T17:31:44.583642,True
1290,Bola Basic,Esportes,724.92,150,-0.66,0.1,2026-10-09T17:31:44.583642,True
1291,FEIJÃO PREMIUM,Roupas,250.01,144,4.9,3.3,2026-10-09T17:31:44.583642,True
1292, ,Brinquedos,184.17,227,11.04,4.7,2026-10-09T17:31:44.583642,True
1293,Sofá Max,Livros,141.14,307,-9.97,4.1,2026-10-09T17:31:44.583642,True
1294,Camiseta Basic,Casa,572.23,339,-6.09,2.8,2026-10-09T17:31:44.583642,True
1295,Smartphone Max,Eletrônicos,-82.7,81,35.12,0.9,2026-10-09T17:31:44.583642,True
1296,mesa max,Roupas,295.47,395,31.04,3.4,2026-10-09T17:31:44.583642,True
1297,tv premium,Eletrônicos,586.14,393,49.78,2.7,2026-10-09T17:31:44.583642,True
1298,ARROZ PRO,Esportes,349.93,369,44.22,0.5,2026-10-09T17:31:44.583642,True
1299,Romance Pro,Brinquedos,349.02,11,-1.65,0.2,2026-10-09T17:31:44.583642,True
1300,Arroz Pro,Brinquedos,-19.17,141,4.66,1.9,2026-10-09T17:31:44.583642,True
1301,CAlçA plUs,Alimentos,842.4,441,24.15,4.5,2026-10-09T17:31:44.583642,True
1302,Sofá max,Brinquedos,301.68,310,28.02,2.1,2026-10-09T17:31:44.583642,True
1303,Mesa Basic,Roupas,-59.95,291,24.31,0.3,2026-10-09T17:31:44.583642,True
1304,caMiSeTA pLUS,Brinquedos,388.94,53,7.48,1.3,2026-10-09T17:31:44.583642,True
1305,Calça Basic,Casa,-38.29,404,21.09,2.9,2026-10-09T17:31:44.583642,True
1306,TV Premium,Alimentos,867.94,311,32.25,-1,2026-10-09T17:31:44.583642,True
1307,Camiseta Pro,Esportes,-7.26,128,30.41,2.0,2026-10-09T17:31:44.583642,True
1308,Bola Max,Casa,-56.24,93,2.13,4.8,2026-10-09T17:31:44.583642,True
1309,Feijão Premium,Alimentos,0.0,142,6.77,2.0,2026-10-09T17:31:44.583642,True
1310,Sofá Plus,Livros,-49.1,17,44.16,4.8,2026-10-09T17:31:44.583642,True
1311,Aventura Premium,123,696.53,403,8.42,4.6,2026-10-09T17:31:44.583642,True
1312,Ursinho Pro,Eletrônicos,59.26,-6,26.04,4.8,2026-10-09T17:31:44.583642,True
1313,Ursinho Pro,Eletrônicos,-98.73,287,33.75,0.4,2026-10-09T17:31:44.583642,True
1314,TV Max,Casa,222.05,-25,32.38,4.4,2026-10-09T17:31:44.583642,True
1315,Arroz Max,Roupas,-52.12,200,37.79,3.1,2026-10-09T17:31:44.583642,True
1316,tv pro,Esportes,877.01,97,47.34,0.1,2026-10-09T17:31:44.583642,True
1317,Camiseta Max,Alimentos,-55.77,85,5.66,3.7,2026-10-09T17:31:44.583642,True
1318,SMARTPHONE BASIC,Eletrônicos,301.42,183,22.77,4.8,2026-10-09T17:31:44.583642,True
1319,Camiseta Max,Livros,783.95,169,41.65,6,2026-10-09T17:31:44.583642,True
1320,Mesa basic,Roupas,651.93,72,6.54,0.1,2026-10-09T17:31:44.583642,True
1321,Arroz basic,Casa,315.43,430,9.64,1.1,2026-10-09T17:31:44.583642,True
1322,SMARTPHONE BASIC,Brinquedos,843.82,342,47.64,1.3,2026-10-09T17:31:44.583642,True
1323,smartphone max,Esportes,841.73,256,30.04,2.5,2026-10-09T17:31:44.583642,True
1324,tv pro,Brinquedos,619.54,408,38.73,3.5,2026-10-09T17:31:44.583642,True
1325, ,Casa,625.14,147,16.23,0.2,2026-10-09T17:31:44.583642,True
1326,Sofá Pro,Roupas,757.04,234,-8.91,0.6,2026-10-09T17:31:44.583642,True
1327,Sofá Premium,Eletrônicos,30.43,-53,44.79,4.5,2026-10-09T17:31:44.583642,True
1328,Bola Pro,Casa,0.0,500,47.74,2.0,2026-10-09T17:31:44.583642,True
1329,SOFÁ PRO,Livros,758.69,212,11.05,0.7,2026-10-09T17:31:44.583642,True
1330,Calça Premium,Livros,106.58,392,17.83,10,2026-10-09T17:31:44.583642,True
1331,,Eletrônicos,940.44,142,45.99,0.2,2026-10-09T17:31:44.583642,True
1332,Sofá Pro,Eletrônicos,0.0,472,7.87,3.4,2026-10-09T17:31:44.583642,True
1333,Sofá Premium,Roupas,70.02,-83,49.09,4.2,2026-10-09T17:31:44.583642,True
1334,MESA PRO,Eletrônicos,91.87,24,31.76,4.5,2026-10-09T17:31:44.583642,True
1335,Sofá Plus,Brinquedos,519.72,118,-6.07,3.1,2026-10-09T17:31:44.583642,True
1336,Ursinho Pro,Livros,0.0,473,10.21,2.8,2026-10-09T17:31:44.583642,True
1337,,Brinquedos,415.84,264,5.0,1.6,2026-10-09T17:31:44.583642,True
1338,Sofá Basic,Alimentos,799.27,458,10.05,,2026-10-09T17:31:44.583642,True
1339,Calça Plus,Brinquedos,378.09,-87,49.6,1.2,2026-10-09T17:31:44.583642,True
1340,Notebook Max,123,464.93,472,44.59,1.6,2026-10-09T17:31:44.583642,True
1341,TV Max,Esportes,0.0,35,9.25,1.1,2026-10-09T17:31:44.583642,True
1342,Bola Pro,Categoria Inexistente,16.59,78,29.48,3.6,2026-10-09T17:31:44.583642,True
1343,Mesa Premium,Livros,807.59,227,-5.8,4.8,2026-10-09T17:31:44.583642,True
1344,Smartphone Pro,Roupas,0.0,37,7.33,0.4,2026-10-09T17:31:44.583642,True
1345,Smartphone Plus,Roupas,780.8,440,-4.29,1.7,2026-10-09T17:31:44.583642,True
1346,Tv basic,Alimentos,158.61,274,1.05,2.5,2026-10-09T17:31:44.583642,True
1347,NOTEBOOK PLUS,Alimentos,134.35,397,12.65,1.4,2026-10-09T17:31:44.583642,True
1348, ,Livros,149.32,349,31.56,1.2,2026-10-09T17:31:44.583642,True
1349,FEIJÃO PLUS,Livros,110.46,9,30.38,4.5,2026-10-09T17:31:44.583642,True
1350,Smartphone Pro,Roupas,0.0,286,45.05,4.6,2026-10-09T17:31:44.583642,True
1351,CamisETa PRo,Casa,571.28,162,25.66,2.5,2026-10-09T17:31:44.583642,True
1352,Romance Premium,Roupas,190.53,444,-1.76,2.8,2026-10-09T17:31:44.583642,True
1353,arroz premium,Esportes,293.69,339,17.18,4.6,2026-10-09T17:31:44.583642,True
1354,Sofá Max,Esportes,323.74,444,-7.98,4.3,2026-10-09T17:31:44.583642,True
1355,Mesa Basic,Brinquedos,0.0,316,46.61,2.3,2026-10-09T17:31:44.583642,True
1356,Bola basic,Alimentos,74.08,40,1.47,0.5,2026-10-09T17:31:44.583642,True
1357,Camiseta Pro,Eletrônicos,451.38,433,-7.84,0.3,2026-10-09T17:31:44.583642,True
1358,sofá plus,Roupas,855.41,45,4.19,3.7,2026-10-09T17:31:44.583642,True
1359,Ursinho Basic,Esportes,634.72,268,-3.23,3.8,2026-10-09T17:31:44.583642,True
1360,Sofá Plus,Roupas,-14.51,55,42.62,4.8,2026-10-09T17:31:44.583642,True
1361,Romance max,Alimentos,869.73,56,41.74,3.4,2026-10-09T17:31:44.583642,True
1362,ROMANCE BASIC,Brinquedos,961.66,124,8.49,3.5,2026-10-09T17:31:44.583642,True
1363,Notebook Basic,Brinquedos,969.3,402,-7.55,3.5,2026-10-09T17:31:44.583642,True
1364,Smartphone Plus,Brinquedos,0.0,325,8.6,3.0,2026-10-09T17:31:44.583642,True
1365,Feijão Max,Livros,-7.53,444,40.49,4.4,2026-10-09T17:31:44.583642,True
1366,Aventura Plus,123,79.65,107,12.86,1.4,2026-10-09T17:31:44.583642,True
1367,mESA mAx,Roupas,96.8,215,8.22,3.7,2026-10-09T17:31:44.583642,True
1368,Romance Basic,Livros,720.29,90,-2.36,4.8,2026-10-09T17:31:44.583642,True
1369,,Eletrônicos,819.23,129,4.55,2.3,2026-10-09T17:31:44.583642,True
1370,Aventura Basic,Esportes,0.0,205,10.04,4.8,2026-10-09T17:31:44.583642,True
1371,Feijão Basic,Roupas,0.0,429,33.28,3.6,2026-10-09T17:31:44.583642,True
1372,Aventura Plus,Casa,310.51,277,-4.75,3.9,2026-10-09T17:31:44.583642,True
1373,,Esportes,139.1,354,21.36,1.7,2026-10-09T17:31:44.583642,True
1374,Camiseta Plus,Esportes,866.01,-37,18.38,4.1,2026-10-09T17:31:44.583642,True
1375,Feijão Premium,Casa,454.92,-80,10.86,1.7,2026-10-09T17:31:44.583642,True
1376,Sofá Premium,Brinquedos,339.82,375,23.43,,2026-10-09T17:31:44.583642,True
1377,TV Basic,Alimentos,890.15,-33,24.11,3.7,2026-10-09T17:31:44.583642,True
1378, ,Livros,733.06,412,9.24,2.4,2026-10-09T17:31:44.583642,True
1379,TV BASIC,Eletrônicos,858.25,165,33.92,2.3,2026-10-09T17:31:44.583642,True
1380,tv basic,Casa,472.11,234,35.44,4.7,2026-10-09T17:31:44.583642,True
1381,Romance Max,Alimentos,-54.52,78,7.3,2.4,2026-10-09T17:31:44.583642,True
1382,CAMISETA PreMIuM,Alimentos,162.45,290,13.02,4.6,2026-10-09T17:31:44.583642,True
1383,Bola Premium,Alimentos,-49.48,388,40.08,5.0,2026-10-09T17:31:44.583642,True
1384,Notebook Premium,Roupas,0.0,0,43.05,1.8,2026-10-09T17:31:44.583642,True
1385,NOTEBOOK MAX,Eletrônicos,947.38,311,12.12,4.2,2026-10-09T17:31:44.583642,True
1386,Arroz Plus,Alimentos,964.65,479,-5.37,4.0,2026-10-09T17:31:44.583642,True
1387,Sofá Pro,Eletrônicos,-24.86,290,5.41,0.4,2026-10-09T17:31:44.583642,True
1388,NOTEBOOK PLUS,Eletrônicos,498.56,197,3.59,4.6,2026-10-09T17:31:44.583642,True
1389,Ursinho Basic,Alimentos,0.0,159,40.84,2.3,2026-10-09T17:31:44.583642,True
1390,Sofá basic,Roupas,384.24,498,36.96,0.3,2026-10-09T17:31:44.583642,True
1391,Ursinho pro,Casa,997.12,354,47.97,2.3,2026-10-09T17:31:44.583642,True
1392,Romance Pro,Alimentos,658.11,261,21.02,10,2026-10-09T17:31:44.583642,True
1393,AVENTURA PRO,Alimentos,604.07,39,48.73,2.5,2026-10-09T17:31:44.583642,True
1394,arrOZ premIUM,Alimentos,769.55,462,1.89,1.8,2026-10-09T17:31:44.583642,True
1395,Calça Pro,Alimentos,-98.94,107,18.64,4.9,2026-10-09T17:31:44.583642,True
1396,CAlçA bASic,Alimentos,889.25,394,48.59,0.4,2026-10-09T17:31:44.583642,True
1397,smartphone premium,Eletrônicos,271.88,72,11.69,1.9,2026-10-09T17:31:44.583642,True
1398,Camiseta Plus,Eletrônicos,0.0,265,29.41,0.2,2026-10-09T17:31:44.583642,True
1399,Arroz pro,Livros,855.79,316,1.92,0.0,2026-10-09T17:31:44.583642,True
1400,FEIJÃO PRO,Alimentos,585.88,164,7.53,0.4,2026-10-09T17:31:44.583642,True
1401,TV PRemiuM,Brinquedos,528.34,76,9.37,4.6,2026-10-09T17:31:44.583642,True
1402,Smartphone Premium,Livros,158.02,-79,37.07,3.7,2026-10-09T17:31:44.583642,True
1403,,Casa,977.0,289,12.11,4.1,2026-10-09T17:31:44.583642,True
1404,noTeBooK prO,Eletrônicos,803.97,244,28.04,1.6,2026-10-09T17:31:44.583642,True
1405,BOLA BASIC,Casa,384.32,55,15.79,3.2,2026-10-09T17:31:44.583642,True
1406,camiseta premium,Livros,408.84,140,22.78,0.3,2026-10-09T17:31:44.583642,True
1407,Romance Pro,Esportes,60.74,57,28.56,10,2026-10-09T17:31:44.583642,True
1408,smartphone plus,Eletrônicos,656.75,486,10.58,3.8,2026-10-09T17:31:44.583642,True
1409,mEsa bAsic,Eletrônicos,591.78,159,16.48,3.5,2026-10-09T17:31:44.583642,True
1410,camisETA pLuS,Esportes,251.94,312,13.26,3.1,2026-10-09T17:31:44.583642,True
1411,Mesa Premium,Roupas,0.0,217,35.49,0.3,2026-10-09T17:31:44.583642,True
1412,Notebook Pro,Categoria Inexistente,757.6,9,2.27,0.2,2026-10-09T17:31:44.583642,True
1413,Calça Premium,Eletrônicos,964.1,148,18.37,10,2026-10-09T17:31:44.583642,True
1414,Arroz Premium,Livros,850.52,463,-5.57,3.5,2026-10-09T17:31:44.583642,True
1415,Feijão pro,Esportes,935.61,443,6.55,3.6,2026-10-09T17:31:44.583642,True
1416,TV Basic,Categoria Inexistente,862.57,291,18.29,0.1,2026-10-09T17:31:44.583642,True
1417,Arroz Premium,Eletrônicos,0.0,62,24.37,0.0,2026-10-09T17:31:44.583642,True
1418,Bola Max,123,357.11,53,4.39,1.1,2026-10-09T17:31:44.583642,True
1419,Sofá Max,Esportes,-48.22,145,7.85,1.7,2026-10-09T17:31:44.583642,True
1420,,Esportes,578.21,388,13.72,1.4,2026-10-09T17:31:44.583642,True
1421,Calça pro,Casa,58.11,142,45.16,0.1,2026-10-09T17:31:44.583642,True
1422,Bola max,Esportes,992.45,123,37.05,2.5,2026-10-09T17:31:44.583642,True
1423,roMAnCe maX,Esportes,744.33,319,2.28,0.1,2026-10-09T17:31:44.583642,True
1424,notebook max,Casa,546.97,352,1.02,3.7,2026-10-09T17:31:44.583642,True
1425,Ursinho Premium,Esportes,558.71,243,48.98,10,2026-10-09T17:31:44.583642,True
1426,fEijãO BASIc,Alimentos,477.93,244,30.48,2.8,2026-10-09T17:31:44.583642,True
1427,,Livros,761.01,85,10.18,2.4,2026-10-09T17:31:44.583642,True
1428,Mesa max,Eletrônicos,938.67,99,42.64,4.8,2026-10-09T17:31:44.583642,True
1429,Feijão Max,Livros,-86.27,214,12.37,1.8,2026-10-09T17:31:44.583642,True
1430,notebook premium,Esportes,677.73,266,38.03,3.7,2026-10-09T17:31:44.583642,True
1431,Bola premium,Brinquedos,578.37,274,1.74,3.6,2026-10-09T17:31:44.583642,True
1432,CaLçA MaX,Eletrônicos,892.7,109,11.04,3.5,2026-10-09T17:31:44.583642,True
1433,Aventura Pro,Categoria Inexistente,389.58,380,39.59,3.7,2026-10-09T17:31:44.583642,True
1434,Camiseta Basic,Livros,250.0,149,-4.17,2.1,2026-10-09T17:31:44.583642,True
1435,,Brinquedos,185.49,440,19.33,2.1,2026-10-09T17:31:44.583642,True
1436,NOTEBOOK MAX,Brinquedos,984.28,74,43.23,3.6,2026-10-09T17:31:44.583642,True
1437,Romance Basic,Livros,782.47,460,-3.73,1.0,2026-10-09T17:31:44.583642,True
1438,TV Plus,Alimentos,0.0,390,4.1,1.3,2026-10-09T17:31:44.583642,True
1439,Camiseta Premium,Eletrônicos,-61.01,370,45.1,3.7,2026-10-09T17:31:44.583642,True
1440,arroz plus,Eletrônicos,112.77,131,18.61,4.9,2026-10-09T17:31:44.583642,True
1441,TV PRO,Brinquedos,458.15,302,26.98,0.1,2026-10-09T17:31:44.583642,True
1442,Romance Basic,Roupas,381.53,492,24.23,10,2026-10-09T17:31:44.583642,True
1443,Ursinho Basic,Casa,350.23,200,46.2,10,2026-10-09T17:31:44.583642,True
1444, ,Livros,578.31,48,17.01,0.6,2026-10-09T17:31:44.583642,True
1445,TV Premium,Brinquedos,734.89,338,-3.26,4.8,2026-10-09T17:31:44.583642,True
1446,Notebook Plus,Categoria Inexistente,468.91,225,21.28,0.1,2026-10-09T17:31:44.583642,True
1447,Calça Premium,Categoria Inexistente,831.65,330,43.17,4.2,2026-10-09T17:31:44.583642,True
1448,calça basic,Casa,898.9,461,34.11,3.6,2026-10-09T17:31:44.583642,True
1449,Bola Basic,Esportes,906.06,281,-4.85,3.5,2026-10-09T17:31:44.583642,True
1450,tv basic,Brinquedos,892.83,352,16.32,2.8,2026-10-09T17:31:44.583642,True
1451,Calça Basic,Roupas,0.0,184,28.74,3.6,2026-10-09T17:31:44.583642,True
1452,Arroz Premium,Categoria Inexistente,332.14,394,49.5,1.8,2026-10-09T17:31:44.583642,True
1453,TV Premium,Roupas,659.75,368,45.61,6,2026-10-09T17:31:44.583642,True
1454,Notebook Max,Roupas,0.0,320,31.98,4.1,2026-10-09T17:31:44.583642,True
1455,Ursinho premium,Livros,270.25,419,13.89,1.5,2026-10-09T17:31:44.583642,True
1456,,Eletrônicos,464.4,174,8.24,3.3,2026-10-09T17:31:44.583642,True
1457,Feijão Max,Alimentos,15.48,65,48.17,10,2026-10-09T17:31:44.583642,True
1458,Aventura Plus,Eletrônicos,-87.71,313,40.72,4.0,2026-10-09T17:31:44.583642,True
1459,Arroz basic,Eletrônicos,531.79,70,35.95,2.3,2026-10-09T17:31:44.583642,True
1460,URSINHO PLUS,Brinquedos,113.05,1,46.42,2.4,2026-10-09T17:31:44.583642,True
1461,Feijão Pro,Brinquedos,0.0,216,8.34,0.1,2026-10-09T17:31:44.583642,True
1462,,Roupas,308.52,205,46.75,1.5,2026-10-09T17:31:44.583642,True
1463,TV Basic,Livros,-88.98,117,19.4,1.1,2026-10-09T17:31:44.583642,True
1464,BOLA MAX,Casa,853.33,346,29.98,4.7,2026-10-09T17:31:44.583642,True
1465,ursinho pro,Esportes,329.77,370,46.95,0.6,2026-10-09T17:31:44.583642,True
1466, ,Alimentos,989.69,382,26.74,4.2,2026-10-09T17:31:44.583642,True
1467,romance plus,Livros,546.63,21,23.75,5.0,2026-10-09T17:31:44.583642,True
1468,Arroz Basic,Livros,220.24,271,-0.65,2.5,2026-10-09T17:31:44.583642,True
1469,Notebook pro,Esportes,120.42,189,19.9,0.9,2026-10-09T17:31:44.583642,True
1470,Romance plus,Livros,652.19,169,19.18,1.6,2026-10-09T17:31:44.583642,True
1471,camiseta pro,Brinquedos,691.92,462,12.05,4.4,2026-10-09T17:31:44.583642,True
1472,Sofá Max,Roupas,233.08,-69,41.42,1.7,2026-10-09T17:31:44.583642,True
1473,Feijão Pro,Alimentos,0.0,373,39.93,1.4,2026-10-09T17:31:44.583642,True
1474,Tv premium,Roupas,197.66,445,0.8,1.2,2026-10-09T17:31:44.583642,True
1475,BOLA PRO,Casa,787.83,487,12.6,4.7,2026-10-09T17:31:44.583642,True
1476,Ursinho Pro,Eletrônicos,835.18,49,-7.99,2.8,2026-10-09T17:31:44.583642,True
1477,Sofá pro,Alimentos,305.77,480,43.2,1.0,2026-10-09T17:31:44.583642,True
1478,Arroz Pro,Alimentos,61.71,-74,34.49,2.8,2026-10-09T17:31:44.583642,True
1479,Feijão Pro,Brinquedos,360.95,78,22.1,6,2026-10-09T17:31:44.583642,True
1480,TV Basic,Esportes,0.0,442,18.54,4.6,2026-10-09T17:31:44.583642,True
1481,Aventura Basic,Brinquedos,-4.64,496,33.28,0.0,2026-10-09T17:31:44.583642,True
1482,MESA PREMIUM,Brinquedos,680.3,317,21.88,3.1,2026-10-09T17:31:44.583642,True
1483,Notebook Plus,Livros,-68.17,94,32.61,0.6,2026-10-09T17:31:44.583642,True
1484,Camiseta Premium,Eletrônicos,386.82,292,15.13,10,2026-10-09T17:31:44.583642,True
1485,Arroz Premium,Eletrônicos,-10.47,374,37.63,2.8,2026-10-09T17:31:44.583642,True
1486,URSINHO MAX,Brinquedos,40.96,52,27.05,3.5,2026-10-09T17:31:44.583642,True
1487,Bola Premium,Alimentos,-96.44,50,7.76,1.8,2026-10-09T17:31:44.583642,True
1488,Camiseta Basic,Brinquedos,867.6,442,0.98,6,2026-10-09T17:31:44.583642,True
1489,Camiseta Basic,Livros,161.59,463,16.38,-1,2026-10-09T17:31:44.583642,True
1490,TV Pro,Livros,700.82,182,16.88,,2026-10-09T17:31:44.583642,True
1491,BOLA PRO,Esportes,809.53,361,0.99,3.0,2026-10-09T17:31:44.583642,True
1492,TV Plus,Livros,814.84,35,-6.04,4.3,2026-10-09T17:31:44.583642,True
1493,camIseTa premium,Roupas,168.69,54,1.54,4.3,2026-10-09T17:31:44.583642,True
1494,,Roupas,132.14,415,22.48,4.3,2026-10-09T17:31:44.583642,True
1495,Smartphone premium,Esportes,926.98,90,11.33,3.5,2026-10-09T17:31:44.583642,True
1496,Camiseta Max,Livros,397.8,-14,40.85,4.6,2026-10-09T17:31:44.583642,True
1497,Romance Max,Casa,939.2,-46,35.18,1.0,2026-10-09T17:31:44.583642,True
1498, ,Brinquedos,892.87,3,13.29,1.8,2026-10-09T17:31:44.583642,True
1499,Ursinho Pro,Eletrônicos,164.59,-41,9.22,3.2,2026-10-09T17:31:44.583642,True
1500,,Roupas,422.46,273,15.59,2.4,2026-10-09T17:31:44.583642,True
1501,ursinho basic,Livros,739.8,289,19.48,0.8,2026-10-09T17:31:44.583642,True
1502,Romance Basic,Alimentos,851.11,36,30.69,6,2026-10-09T17:31:44.583642,True
1503,ROMANCE BASIC,Eletrônicos,674.19,450,13.01,1.3,2026-10-09T17:31:44.583642,True
1504,TV Premium,Esportes,-65.05,83,6.95,1.7,2026-10-09T17:31:44.583642,True
1505,ARrOZ pRO,Esportes,588.15,93,30.26,2.9,2026-10-09T17:31:44.583642,True
1506,camiseta max,Roupas,435.1,291,23.7,1.3,2026-10-09T17:31:44.583642,True
1507,Camiseta Max,,287.24,42,14.75,2.3,2026-10-09T17:31:44.583642,True
1508,Mesa Basic,Alimentos,0.0,38,35.55,4.7,2026-10-09T17:31:44.583642,True
1509,smartphone max,Livros,58.56,336,23.79,0.2,2026-10-09T17:31:44.583642,True
1510,ursinho premium,Eletrônicos,791.21,473,48.17,4.0,2026-10-09T17:31:44.583642,True
1511,Camiseta Basic,Casa,356.55,-9,33.21,2.0,2026-10-09T17:31:44.583642,True
1512,Camiseta Max,Casa,365.39,437,47.32,6,2026-10-09T17:31:44.583642,True
1513,TV Premium,Categoria Inexistente,810.61,322,25.72,1.5,2026-10-09T17:31:44.583642,True
1514,Notebook basic,Alimentos,701.7,249,46.19,0.9,2026-10-09T17:31:44.583642,True
1515,Sofá Plus,Eletrônicos,0.0,372,21.78,2.6,2026-10-09T17:31:44.583642,True
1516,Smartphone Basic,Brinquedos,0.0,483,20.3,2.1,2026-10-09T17:31:44.583642,True
1517,Calça premium,Eletrônicos,690.52,385,19.24,0.3,2026-10-09T17:31:44.583642,True
1518,Mesa Plus,Esportes,0.0,398,26.86,4.4,2026-10-09T17:31:44.583642,True
1519,Aventura basic,Casa,411.85,101,21.34,4.0,2026-10-09T17:31:44.583642,True
1520,feijÃo PRemIum,Alimentos,148.66,2,4.61,1.8,2026-10-09T17:31:44.583642,True
1521,,Livros,797.22,219,48.4,4.8,2026-10-09T17:31:44.583642,True
1522,Notebook Basic,Brinquedos,514.93,471,-9.77,1.2,2026-10-09T17:31:44.583642,True
1523,Mesa Basic,123,866.3,309,44.93,1.3,2026-10-09T17:31:44.583642,True
1524,Ursinho Pro,Alimentos,0.0,425,23.04,4.1,2026-10-09T17:31:44.583642,True
1525,,Eletrônicos,489.76,415,1.18,4.2,2026-10-09T17:31:44.583642,True
1526,Sofá max,Brinquedos,188.81,271,36.49,4.3,2026-10-09T17:31:44.583642,True
1527,Feijão Pro,Alimentos,-10.58,41,49.15,3.0,2026-10-09T17:31:44.583642,True
1528,cALÇA PLUS,Roupas,795.69,199,31.81,0.2,2026-10-09T17:31:44.583642,True
1529,SOFÁ PREMIUM,Livros,263.65,130,34.87,4.3,2026-10-09T17:31:44.583642,True
1530,Smartphone Max,Casa,478.48,88,23.76,-1,2026-10-09T17:31:44.583642,True
1531,Notebook basic,Casa,940.99,111,19.19,3.2,2026-10-09T17:31:44.583642,True
1532,Calça Basic,,280.06,246,8.65,0.7,2026-10-09T17:31:44.583642,True
1533,URSINHO PLUS,Eletrônicos,303.59,446,40.08,2.4,2026-10-09T17:31:44.583642,True
1534,Notebook Plus,Esportes,-62.96,401,33.22,4.2,2026-10-09T17:31:44.583642,True
1535,Romance Pro,Roupas,221.74,82,46.49,100,2026-10-09T17:31:44.583642,True
1536,Sofá pro,Brinquedos,355.9,198,47.83,0.1,2026-10-09T17:31:44.583642,True
1537,Mesa premium,Casa,546.32,117,34.54,2.7,2026-10-09T17:31:44.583642,True
1538,AVENTURA PRO,Eletrônicos,313.6,263,19.39,2.6,2026-10-09T17:31:44.583642,True
1539,Camiseta Plus,Roupas,-89.88,199,23.62,2.9,2026-10-09T17:31:44.583642,True
1540,uRsINho pRemiuM,Eletrônicos,932.84,308,43.04,2.0,2026-10-09T17:31:44.583642,True
1541,MeSa Max,Eletrônicos,246.85,69,11.01,2.6,2026-10-09T17:31:44.583642,True
1542,Bola Pro,123,428.68,427,33.96,0.1,2026-10-09T17:31:44.583642,True
1543,,Casa,454.19,19,41.62,2.7,2026-10-09T17:31:44.583642,True
1544,Mesa Pro,Roupas,221.91,124,14.23,,2026-10-09T17:31:44.583642,True
1545,Aventura Premium,Alimentos,121.15,247,-7.48,3.8,2026-10-09T17:31:44.583642,True
1546,Feijão Premium,Eletrônicos,598.46,304,27.24,10,2026-10-09T17:31:44.583642,True
1547,Romance basic,Esportes,712.32,49,9.8,2.1,2026-10-09T17:31:44.583642,True
1548, ,Alimentos,561.32,319,29.41,1.0,2026-10-09T17:31:44.583642,True
1549,TV Max,Brinquedos,28.26,-65,6.22,4.3,2026-10-09T17:31:44.583642,True
1550,Notebook pro,Brinquedos,529.57,197,27.43,0.0,2026-10-09T17:31:44.583642,True
1551,TV PRO,Esportes,915.86,76,8.44,2.3,2026-10-09T17:31:44.583642,True
1552,Arroz Max,Categoria Inexistente,683.86,239,46.29,4.8,2026-10-09T17:31:44.583642,True
1553,Ursinho Basic,Alimentos,627.79,-96,31.83,0.3,2026-10-09T17:31:44.583642,True
1554,Aventura Premium,Esportes,649.66,454,-1.66,2.1,2026-10-09T17:31:44.583642,True
1555,Aventura Basic,Casa,-9.12,419,30.84,4.7,2026-10-09T17:31:44.583642,True
1556,MeSA pLUs,Esportes,319.75,151,42.99,2.0,2026-10-09T17:31:44.583642,True
1557,Aventura Plus,Casa,625.28,330,18.94,6,2026-10-09T17:31:44.583642,True
1558,URSINHO PRO,Esportes,350.03,375,4.14,4.5,2026-10-09T17:31:44.583642,True
1559,Arroz Plus,Livros,237.83,-14,47.2,2.1,2026-10-09T17:31:44.583642,True
1560,Ursinho Basic,Alimentos,226.98,-19,15.83,3.9,2026-10-09T17:31:44.583642,True
1561,,Casa,42.91,152,12.32,3.5,2026-10-09T17:31:44.583642,True
1562,Smartphone Plus,Eletrônicos,-17.76,224,8.34,3.8,2026-10-09T17:31:44.583642,True
1563,Ursinho Max,Alimentos,0.0,476,21.78,1.2,2026-10-09T17:31:44.583642,True
1564,bola pro,Brinquedos,246.55,21,4.55,0.3,2026-10-09T17:31:44.583642,True
1565,CAMISETA BASIC,Esportes,686.48,122,12.2,4.9,2026-10-09T17:31:44.583642,True
1566,Camiseta Plus,Esportes,746.08,82,19.62,100,2026-10-09T17:31:44.583642,True
1567,Calça premium,Casa,445.46,457,26.68,4.3,2026-10-09T17:31:44.583642,True
1568,NOTEBOOK BASIC,Roupas,169.17,2,19.55,4.2,2026-10-09T17:31:44.583642,True
1569,ARROZ PREMIUM,Casa,919.02,408,1.84,1.8,2026-10-09T17:31:44.583642,True
1570,NotebOok BAsiC,Brinquedos,151.17,439,18.13,0.2,2026-10-09T17:31:44.583642,True
1571,Calça Max,Roupas,78.12,28,-1.25,1.9,2026-10-09T17:31:44.583642,True
1572,romance basic,Livros,785.4,478,2.39,0.4,2026-10-09T17:31:44.583642,True
1573,Calça max,Livros,347.29,319,0.94,0.6,2026-10-09T17:31:44.583642,True
1574,ursinho max,Alimentos,243.77,179,4.58,2.1,2026-10-09T17:31:44.583642,True
1575,Ursinho Premium,Eletrônicos,538.58,-18,31.14,3.1,2026-10-09T17:31:44.583642,True
1576,Camiseta Basic,Esportes,0.0,77,22.53,2.8,2026-10-09T17:31:44.583642,True
1577,Mesa Basic,Alimentos,-45.79,231,32.53,1.8,2026-10-09T17:31:44.583642,True
1578,,Livros,141.17,312,31.08,3.4,2026-10-09T17:31:44.583642,True
1579,Smartphone Plus,Brinquedos,261.32,253,-7.76,4.4,2026-10-09T17:31:44.583642,True
1580,Smartphone Plus,Esportes,786.29,106,-6.97,3.8,2026-10-09T17:31:44.583642,True
1581,Calça Basic,Esportes,0.0,76,43.47,2.1,2026-10-09T17:31:44.583642,True
1582,Tv PLUs,Eletrônicos,450.06,152,33.34,4.7,2026-10-09T17:31:44.583642,True
1583,Mesa Pro,,173.46,482,12.48,2.5,2026-10-09T17:31:44.583642,True
1584,Tv plus,Livros,665.61,253,32.57,1.3,2026-10-09T17:31:44.583642,True
1585, ,Esportes,101.56,284,1.85,2.9,2026-10-09T17:31:44.583642,True
1586,Arroz Max,Livros,-57.63,235,28.11,1.9,2026-10-09T17:31:44.583642,True
1587,Ursinho Pro,Livros,450.93,147,-3.79,3.2,2026-10-09T17:31:44.583642,True
1588,arroz premium,Roupas,103.21,433,45.72,2.2,2026-10-09T17:31:44.583642,True
1589,,Eletrônicos,835.0,242,49.8,2.2,2026-10-09T17:31:44.583642,True
1590,tv plus,Eletrônicos,973.65,147,45.03,0.9,2026-10-09T17:31:44.583642,True
1591,MEsa PLUS,Eletrônicos,367.1,77,1.32,2.8,2026-10-09T17:31:44.583642,True
1592,Arroz Max,Esportes,547.09,-18,30.57,3.1,2026-10-09T17:31:44.583642,True
1593,,Livros,439.46,148,1.93,1.1,2026-10-09T17:31:44.583642,True
1594,SOFÁ PREMIUM,Eletrônicos,995.82,247,33.79,3.0,2026-10-09T17:31:44.583642,True
1595,URSINHO BASIC,Livros,945.0,69,16.73,3.6,2026-10-09T17:31:44.583642,True
1596,NOTEBOOK PRO,Casa,468.9,337,48.77,4.7,2026-10-09T17:31:44.583642,True
1597,Notebook Plus,Eletrônicos,436.97,98,27.17,,2026-10-09T17:31:44.583642,True
1598,CALça PREmiuM,Casa,992.02,391,37.32,4.7,2026-10-09T17:31:44.583642,True
1599,Feijão Plus,Livros,-35.33,431,43.06,4.4,2026-10-09T17:31:44.583642,True
1600,noteBoOK PlUs,Livros,925.69,10,32.4,4.7,2026-10-09T17:31:44.583642,True
1601,Arroz Plus,Eletrônicos,120.09,-46,18.74,2.4,2026-10-09T17:31:44.583642,True
1602,,Alimentos,735.39,389,10.85,1.0,2026-10-09T17:31:44.583642,True
1603,Romance plus,Esportes,55.48,294,3.53,1.7,2026-10-09T17:31:44.583642,True
1604,feijão plus,Roupas,314.22,328,32.51,2.1,2026-10-09T17:31:44.583642,True
1605,Ursinho Max,Alimentos,-31.82,354,47.21,4.6,2026-10-09T17:31:44.583642,True
1606,Mesa Max,Categoria Inexistente,227.24,19,34.61,4.5,2026-10-09T17:31:44.583642,True
1607,Ursinho Pro,Eletrônicos,436.85,9,28.12,10,2026-10-09T17:31:44.583642,True
1608,Sofá Pro,Casa,-50.93,373,13.43,2.8,2026-10-09T17:31:44.583642,True
1609,Aventura Plus,Livros,-75.73,110,41.94,3.2,2026-10-09T17:31:44.583642,True
1610,SmaRTPHonE pro,Livros,778.27,255,12.59,0.4,2026-10-09T17:31:44.583642,True
1611,Mesa Basic,123,316.62,198,17.24,0.7,2026-10-09T17:31:44.583642,True
1612,Camiseta Plus,123,66.21,225,37.13,1.7,2026-10-09T17:31:44.583642,True
1613,,Alimentos,43.39,49,41.59,1.7,2026-10-09T17:31:44.583642,True
1614,URSINHO PLUS,Esportes,420.12,266,30.51,4.4,2026-10-09T17:31:44.583642,True
1615,Arroz Max,Casa,0.0,144,49.72,2.9,2026-10-09T17:31:44.583642,True
1616,,Brinquedos,934.98,86,12.33,0.2,2026-10-09T17:31:44.583642,True
1617,SOFÁ PRO,Livros,693.8,255,2.85,2.8,2026-10-09T17:31:44.583642,True
1618,feIjÃO MAX,Alimentos,441.6,203,8.38,2.3,2026-10-09T17:31:44.583642,True
1619,Ursinho Basic,,434.39,20,35.3,4.8,2026-10-09T17:31:44.583642,True
1620,Arroz Premium,Roupas,907.08,-97,39.38,0.7,2026-10-09T17:31:44.583642,True
1621,Romance Plus,,842.39,21,46.8,3.8,2026-10-09T17:31:44.583642,True
1622,Ursinho Premium,,631.68,205,27.01,0.1,2026-10-09T17:31:44.583642,True
1623,SMARTPHONE PRO,Esportes,299.11,373,23.4,0.9,2026-10-09T17:31:44.583642,True
1624,TV Max,Eletrônicos,25.92,-86,11.66,3.6,2026-10-09T17:31:44.583642,True
1625,CamIsEtA pLUS,Roupas,884.74,496,38.36,1.9,2026-10-09T17:31:44.583642,True
1626,Notebook Plus,,292.53,158,44.51,4.3,2026-10-09T17:31:44.583642,True
1627,TV Plus,Esportes,868.21,217,-9.2,2.0,2026-10-09T17:31:44.583642,True
1628,Ursinho Plus,Casa,280.6,325,43.9,100,2026-10-09T17:31:44.583642,True
1629,Camiseta Pro,Categoria Inexistente,326.43,321,12.53,2.8,2026-10-09T17:31:44.583642,True
1630,calça premium,Casa,309.61,370,14.34,2.2,2026-10-09T17:31:44.583642,True
1631,Smartphone plus,Brinquedos,443.4,464,14.93,2.4,2026-10-09T17:31:44.583642,True
1632,,Eletrônicos,341.25,109,10.41,0.5,2026-10-09T17:31:44.583642,True
1633,Mesa Plus,123,314.62,379,37.26,4.9,2026-10-09T17:31:44.583642,True
1634,ArRoz PLuS,Brinquedos,487.45,86,6.73,1.7,2026-10-09T17:31:44.583642,True
1635,Calça pro,Eletrônicos,477.24,94,23.15,3.9,2026-10-09T17:31:44.583642,True
1636,Smartphone Basic,Livros,72.28,465,-3.86,2.0,2026-10-09T17:31:44.583642,True
1637,CAMISETA MAX,Casa,108.53,366,23.67,0.0,2026-10-09T17:31:44.583642,True
1638,Mesa Pro,Casa,-96.63,428,10.74,4.3,2026-10-09T17:31:44.583642,True
1639,Smartphone Premium,Esportes,-92.45,439,26.37,2.5,2026-10-09T17:31:44.583642,True
1640,Ursinho Basic,Alimentos,975.81,-49,7.51,4.9,2026-10-09T17:31:44.583642,True
1641,Romance Plus,Livros,503.56,424,21.03,6,2026-10-09T17:31:44.583642,True
1642,TV Max,,79.49,94,38.59,0.3,2026-10-09T17:31:44.583642,True
1643,Romance Max,Casa,0.0,276,7.59,2.2,2026-10-09T17:31:44.583642,True
1644,Arroz premium,Roupas,954.44,419,10.58,2.6,2026-10-09T17:31:44.583642,True
1645,notebook plus,Livros,113.67,488,13.21,1.7,2026-10-09T17:31:44.583642,True
1646,Aventura Basic,Roupas,-97.09,351,6.42,3.9,2026-10-09T17:31:44.583642,True
1647,Calça Plus,Casa,769.11,-63,47.97,4.3,2026-10-09T17:31:44.583642,True
1648,NOTEBOOK PLUS,Livros,795.35,119,43.27,3.6,2026-10-09T17:31:44.583642,True
1649,TV PLUS,Eletrônicos,339.02,434,17.51,4.3,2026-10-09T17:31:44.583642,True
1650,Calça Max,Eletrônicos,545.28,3,-0.17,3.4,2026-10-09T17:31:44.583642,True
1651,Arroz Basic,Livros,806.79,71,-8.51,3.8,2026-10-09T17:31:44.583642,True
1652,Sofá Plus,Livros,-33.96,436,7.34,0.6,2026-10-09T17:31:44.583642,True
1653,Notebook Premium,Casa,0.0,172,33.69,1.3,2026-10-09T17:31:44.583642,True
1654,rOmANCE BASIc,Esportes,66.93,168,38.49,0.8,2026-10-09T17:31:44.583642,True
1655,Smartphone Pro,Categoria Inexistente,806.66,28,9.25,3.7,2026-10-09T17:31:44.583642,True
1656,Calça Basic,Livros,200.75,-4,2.41,4.9,2026-10-09T17:31:44.583642,True
1657,Camiseta Basic,Eletrônicos,0.0,468,25.92,2.2,2026-10-09T17:31:44.583642,True
1658,mesa max,Roupas,222.42,424,16.74,4.7,2026-10-09T17:31:44.583642,True
1659,Mesa basic,Brinquedos,422.38,191,41.63,1.8,2026-10-09T17:31:44.583642,True
1660,Notebook plus,Alimentos,80.91,477,37.28,0.9,2026-10-09T17:31:44.583642,True
1661,Ursinho Plus,Categoria Inexistente,162.57,321,29.6,2.9,2026-10-09T17:31:44.583642,True
1662,feiJÃo PReMIum,Livros,407.76,494,11.18,0.8,2026-10-09T17:31:44.583642,True
1663,Feijão Basic,Alimentos,812.24,107,-8.53,0.8,2026-10-09T17:31:44.583642,True
1664, ,Casa,189.68,202,34.69,1.2,2026-10-09T17:31:44.583642,True
1665,Arroz Max,Esportes,378.99,38,-0.98,0.4,2026-10-09T17:31:44.583642,True
1666,Ursinho Max,Roupas,235.02,120,0.21,6,2026-10-09T17:31:44.583642,True
1667,Arroz Pro,Eletrônicos,-12.71,26,14.05,4.8,2026-10-09T17:31:44.583642,True
1668,Camiseta Pro,Casa,995.05,-72,4.78,0.7,2026-10-09T17:31:44.583642,True
1669,Notebook Basic,Casa,885.92,402,-3.72,1.9,2026-10-09T17:31:44.583642,True
1670,Arroz Pro,,582.62,264,31.91,3.6,2026-10-09T17:31:44.583642,True
1671,Mesa Plus,Roupas,281.43,108,34.32,6,2026-10-09T17:31:44.583642,True
1672,,Brinquedos,147.92,224,32.25,0.2,2026-10-09T17:31:44.583642,True
1673,Sofá Premium,Alimentos,868.06,-70,46.08,3.0,2026-10-09T17:31:44.583642,True
1674,Smartphone Plus,Roupas,310.6,-47,40.97,2.7,2026-10-09T17:31:44.583642,True
1675,arroz max,Livros,987.83,342,38.76,0.8,2026-10-09T17:31:44.583642,True
1676,Bola Plus,Livros,-56.03,305,13.15,0.4,2026-10-09T17:31:44.583642,True
1677,Camiseta Pro,Casa,-10.85,11,13.25,4.2,2026-10-09T17:31:44.583642,True
1678,Arroz Premium,,839.28,216,18.67,2.6,2026-10-09T17:31:44.583642,True
1679,Feijão Premium,Esportes,0.0,82,19.71,1.5,2026-10-09T17:31:44.583642,True
1680,Aventura Pro,Roupas,273.14,-58,23.34,4.0,2026-10-09T17:31:44.583642,True
1681,Romance Max,,453.74,148,13.66,3.8,2026-10-09T17:31:44.583642,True
1682,Calça Pro,,729.56,235,28.91,0.5,2026-10-09T17:31:44.583642,True
1683,Calça Basic,Casa,841.15,339,12.83,,2026-10-09T17:31:44.583642,True
1684,Romance Pro,,155.38,481,11.3,0.3,2026-10-09T17:31:44.583642,True
1685,Mesa max,Roupas,580.18,223,41.61,1.1,2026-10-09T17:31:44.583642,True
1686,Notebook Basic,Esportes,0.0,274,6.83,2.2,2026-10-09T17:31:44.583642,True
1687,Sofá Max,Eletrônicos,613.08,212,6.78,6,2026-10-09T17:31:44.583642,True
1688,SofÁ pLUS,Brinquedos,796.61,38,13.6,3.6,2026-10-09T17:31:44.583642,True
1689,Feijão basic,Livros,595.45,34,18.08,1.0,2026-10-09T17:31:44.583642,True
1690,Mesa Max,Alimentos,810.67,260,17.49,-1,2026-10-09T17:31:44.583642,True
1691,Bola Pro,Casa,0.0,497,39.23,2.8,2026-10-09T17:31:44.583642,True
1692,Smartphone Pro,Brinquedos,594.06,-24,41.52,1.7,2026-10-09T17:31:44.583642,True
1693,Camiseta Plus,Esportes,-83.54,379,48.3,1.3,2026-10-09T17:31:44.583642,True
1694,Notebook Plus,123,943.04,274,44.82,1.6,2026-10-09T17:31:44.583642,True
1695,ursinho pro,Brinquedos,646.01,266,27.92,2.7,2026-10-09T17:31:44.583642,True
1696,Calça Pro,Alimentos,0.0,407,29.98,0.8,2026-10-09T17:31:44.583642,True
1697,Calça Max,Brinquedos,719.83,231,46.7,100,2026-10-09T17:31:44.583642,True
1698,Camiseta basic,Brinquedos,524.26,380,7.76,3.1,2026-10-09T17:31:44.583642,True
1699,feIJÃO maX,Brinquedos,802.93,371,24.24,1.7,2026-10-09T17:31:44.583642,True
1700,noTebOOK pReMiUM,Livros,103.08,101,30.85,0.1,2026-10-09T17:31:44.583642,True
1701,Calça Pro,Esportes,-43.1,46,48.97,3.3,2026-10-09T17:31:44.583642,True
1702,Calça basic,Livros,148.99,413,17.66,1.3,2026-10-09T17:31:44.583642,True
1703,MESA PREMIUM,Casa,478.94,457,44.25,2.3,2026-10-09T17:31:44.583642,True
1704,Sofá Premium,Brinquedos,-26.38,392,34.8,1.0,2026-10-09T17:31:44.583642,True
1705,FEIJÃO PRO,Brinquedos,795.22,15,38.72,4.5,2026-10-09T17:31:44.583642,True
1706,CALÇA PRO,Roupas,429.96,441,20.1,3.4,2026-10-09T17:31:44.583642,True
1707,MESA MAX,Roupas,32.79,110,48.08,1.5,2026-10-09T17:31:44.583642,True
1708,Sofá mAx,Esportes,345.76,454,49.56,1.7,2026-10-09T17:31:44.583642,True
1709,CALÇA PREMIUM,Brinquedos,91.35,358,6.23,1.0,2026-10-09T17:31:44.583642,True
1710,Feijão Pro,Brinquedos,-26.96,230,47.37,0.4,2026-10-09T17:31:44.583642,True
1711,,Roupas,581.51,132,43.13,0.2,2026-10-09T17:31:44.583642,True
1712,Bola Premium,Eletrônicos,520.29,185,45.73,100,2026-10-09T17:31:44.583642,True
1713,Aventura Max,Casa,985.35,-10,43.21,4.6,2026-10-09T17:31:44.583642,True
1714,Mesa Max,Roupas,353.29,395,-4.06,4.9,2026-10-09T17:31:44.583642,True
1715,ursinho pro,Casa,436.24,421,6.89,3.6,2026-10-09T17:31:44.583642,True
1716,bOLA pREmIuM,Brinquedos,371.57,411,34.11,2.3,2026-10-09T17:31:44.583642,True
1717,Notebook Plus,Eletrônicos,0.0,16,13.05,3.0,2026-10-09T17:31:44.583642,True
1718,Sofá plus,Brinquedos,23.29,206,4.49,4.3,2026-10-09T17:31:44.583642,True
1719,TV PLus,Esportes,605.85,427,30.08,1.5,2026-10-09T17:31:44.583642,True
1720,Feijão Basic,Alimentos,647.45,99,-5.19,0.9,2026-10-09T17:31:44.583642,True
1721,TV Pro,Alimentos,271.49,292,20.42,10,2026-10-09T17:31:44.583642,True
1722,feijão pro,Casa,264.63,291,33.58,3.9,2026-10-09T17:31:44.583642,True
1723,Bola basic,Esportes,919.42,372,16.94,3.6,2026-10-09T17:31:44.583642,True
1724,Bola max,Livros,129.54,249,28.2,1.4,2026-10-09T17:31:44.583642,True
1725,Notebook Premium,Eletrônicos,31.1,-95,1.41,1.2,2026-10-09T17:31:44.583642,True
1726,Notebook Basic,Casa,397.44,-91,24.98,1.2,2026-10-09T17:31:44.583642,True
1727,Calça Pro,Brinquedos,733.97,-79,35.41,1.0,2026-10-09T17:31:44.583642,True
1728,TV Max,Eletrônicos,-69.18,67,37.23,0.1,2026-10-09T17:31:44.583642,True
1729,Arroz Pro,Casa,676.45,378,19.86,,2026-10-09T17:31:44.583642,True
1730,,Livros,646.42,146,5.08,3.6,2026-10-09T17:31:44.583642,True
1731,Ursinho Premium,Livros,353.59,89,-0.57,4.2,2026-10-09T17:31:44.583642,True
1732, ,Eletrônicos,73.74,331,31.93,1.6,2026-10-09T17:31:44.583642,True
1733,,Esportes,922.68,132,11.31,4.7,2026-10-09T17:31:44.583642,True
1734,Calça Premium,Roupas,-32.09,355,23.37,4.0,2026-10-09T17:31:44.583642,True
1735,bola pro,Livros,307.96,118,31.93,2.5,2026-10-09T17:31:44.583642,True
1736,Calça Plus,Alimentos,839.06,443,-3.02,4.1,2026-10-09T17:31:44.583642,True
1737,Smartphone Basic,Esportes,637.57,96,-3.47,0.5,2026-10-09T17:31:44.583642,True
1738,meSA MaX,Roupas,416.48,235,40.76,0.3,2026-10-09T17:31:44.583642,True
1739,CALÇA PREMIUM,Livros,486.44,28,10.89,2.5,2026-10-09T17:31:44.583642,True
1740,CALÇA MAX,Eletrônicos,483.9,257,6.11,3.6,2026-10-09T17:31:44.583642,True
1741,Notebook Max,Brinquedos,756.98,312,26.16,10,2026-10-09T17:31:44.583642,True
1742,SOFÁ PLUS,Alimentos,411.91,261,40.31,3.0,2026-10-09T17:31:44.583642,True
1743,URSINHO PREMIUM,Casa,272.95,486,39.93,4.2,2026-10-09T17:31:44.583642,True
1744,Calça Max,Alimentos,967.17,46,45.56,-1,2026-10-09T17:31:44.583642,True
1745,Aventura Pro,Alimentos,0.0,447,4.29,1.1,2026-10-09T17:31:44.583642,True
1746,Feijão Pro,Categoria Inexistente,754.73,299,28.13,2.6,2026-10-09T17:31:44.583642,True
1747,Sofá Premium,Brinquedos,-76.41,45,5.82,0.2,2026-10-09T17:31:44.583642,True
1748,Smartphone Plus,Casa,0.0,451,14.27,0.2,2026-10-09T17:31:44.583642,True
1749, ,Livros,439.34,470,3.59,3.4,2026-10-09T17:31:44.583642,True
1750,Feijão basic,Alimentos,963.03,19,14.92,2.7,2026-10-09T17:31:44.583642,True
1751,Aventura Premium,Roupas,300.12,-62,22.68,3.3,2026-10-09T17:31:44.583642,True
1752,,Eletrônicos,714.65,291,25.23,1.5,2026-10-09T17:31:44.583642,True
1753,Bola max,Livros,643.15,258,10.97,3.9,2026-10-09T17:31:44.583642,True
1754,Bola Pro,Eletrônicos,300.65,383,40.44,-1,2026-10-09T17:31:44.583642,True
1755,Ursinho Max,Casa,589.39,280,-5.74,1.6,2026-10-09T17:31:44.583642,True
1756,Romance Plus,Brinquedos,-85.74,343,1.72,2.6,2026-10-09T17:31:44.583642,True
1757,Ursinho Basic,Eletrônicos,0.0,104,35.86,3.7,2026-10-09T17:31:44.583642,True
1758,ursinho max,Brinquedos,940.85,493,41.87,4.7,2026-10-09T17:31:44.583642,True
1759,Feijão pro,Roupas,539.78,380,37.88,3.1,2026-10-09T17:31:44.583642,True
1760,Notebook Pro,Alimentos,142.06,22,42.43,100,2026-10-09T17:31:44.583642,True
1761,Sofá Plus,Roupas,920.5,252,-7.85,0.5,2026-10-09T17:31:44.583642,True
1762,Camiseta Max,Esportes,-19.87,177,25.01,0.1,2026-10-09T17:31:44.583642,True
1763,Calça Premium,Eletrônicos,0.0,79,37.91,0.3,2026-10-09T17:31:44.583642,True
1764,Sofá baSiC,Esportes,583.02,375,2.86,0.1,2026-10-09T17:31:44.583642,True
1765,Aventura Basic,Eletrônicos,296.49,143,42.65,10,2026-10-09T17:31:44.583642,True
1766,Notebook Basic,Brinquedos,-96.44,395,48.87,0.3,2026-10-09T17:31:44.583642,True
1767,Feijão Pro,Esportes,897.67,268,-8.78,3.7,2026-10-09T17:31:44.583642,True
1768,cAlça Max,Casa,423.21,292,43.19,0.5,2026-10-09T17:31:44.583642,True
1769,Bola Basic,Esportes,736.51,-49,45.49,3.9,2026-10-09T17:31:44.583642,True
1770,camiseta basic,Brinquedos,467.02,442,5.63,2.6,2026-10-09T17:31:44.583642,True
1771,Smartphone Basic,Alimentos,31.94,-57,23.3,1.7,2026-10-09T17:31:44.583642,True
1772,bola plus,Eletrônicos,509.36,270,12.16,4.0,2026-10-09T17:31:44.583642,True
1773, ,Livros,751.24,289,20.59,1.4,2026-10-09T17:31:44.583642,True
1774,Romance Plus,Eletrônicos,732.05,-37,23.14,4.1,2026-10-09T17:31:44.583642,True
1775,Bola Premium,Alimentos,373.67,454,27.76,-1,2026-10-09T17:31:44.583642,True
1776,Tv BaSiC,Livros,688.05,157,46.69,1.8,2026-10-09T17:31:44.583642,True
1777,Bola Basic,Casa,0.0,211,38.25,3.6,2026-10-09T17:31:44.583642,True
1778,Camiseta Plus,Roupas,346.88,212,-9.24,2.1,2026-10-09T17:31:44.583642,True
1779,Bola Pro,Livros,449.96,266,28.3,6,2026-10-09T17:31:44.583642,True
1780,mESa Pro,Brinquedos,765.53,441,20.61,1.2,2026-10-09T17:31:44.583642,True
1781,Tv max,Brinquedos,349.8,169,17.84,4.7,2026-10-09T17:31:44.583642,True
1782,Notebook Max,,848.01,57,40.61,4.6,2026-10-09T17:31:44.583642,True
1783,Smartphone pro,Alimentos,74.03,60,45.04,0.7,2026-10-09T17:31:44.583642,True
1784,aVENtUra MAx,Casa,420.89,316,10.66,1.2,2026-10-09T17:31:44.583642,True
1785,Calça Premium,Esportes,516.39,389,15.07,100,2026-10-09T17:31:44.583642,True
1786,mesa premium,Casa,869.12,494,2.35,0.4,2026-10-09T17:31:44.583642,True
1787,Sofá Premium,,324.72,162,1.28,2.3,2026-10-09T17:31:44.583642,True
1788,notEBOok mAX,Brinquedos,239.88,101,15.61,1.8,2026-10-09T17:31:44.583642,True
1789,CaMiSEta PReMiUm,Casa,316.1,446,12.21,4.8,2026-10-09T17:31:44.583642,True
1790,calÇa BaSIC,Casa,902.01,113,40.6,2.4,2026-10-09T17:31:44.583642,True
1791,Aventura Plus,Eletrônicos,-64.93,28,15.84,1.5,2026-10-09T17:31:44.583642,True
1792,Aventura Premium,Eletrônicos,984.62,147,-7.9,4.9,2026-10-09T17:31:44.583642,True
1793,sofá plus,Eletrônicos,542.56,106,27.87,4.9,2026-10-09T17:31:44.583642,True
1794,tv PRemIuM,Livros,876.88,464,49.4,3.4,2026-10-09T17:31:44.583642,True
1795,Mesa Max,Roupas,191.84,122,-9.6,4.6,2026-10-09T17:31:44.583642,True
1796,Feijão plus,Esportes,898.23,458,45.84,4.6,2026-10-09T17:31:44.583642,True
1797,Sofá Max,,562.61,215,33.78,3.0,2026-10-09T17:31:44.583642,True
1798,Romance basic,Livros,34.18,344,1.45,2.9,2026-10-09T17:31:44.583642,True
1799,Calça Pro,Esportes,996.49,305,27.84,,2026-10-09T17:31:44.583642,True
1800,Mesa Pro,Roupas,945.56,430,-3.3,2.9,2026-10-09T17:31:44.583642,True
1801,tv pLus,Brinquedos,436.72,74,21.97,3.0,2026-10-09T17:31:44.583642,True
1802,camiseta pro,Roupas,163.63,409,16.26,1.4,2026-10-09T17:31:44.583642,True
1803,Sofá Max,Roupas,0.0,368,23.22,4.3,2026-10-09T17:31:44.583642,True
1804,Calça Max,Casa,-75.65,418,47.71,4.6,2026-10-09T17:31:44.583642,True
1805,MESA MAX,Esportes,270.58,197,25.12,2.1,2026-10-09T17:31:44.583642,True
1806,Romance Plus,Brinquedos,-50.98,299,10.1,0.1,2026-10-09T17:31:44.583642,True
1807,Bola Basic,Eletrônicos,11.9,56,27.94,-1,2026-10-09T17:31:44.583642,True
1808,,Roupas,433.46,386,17.51,1.8,2026-10-09T17:31:44.583642,True
1809,Romance max,Casa,446.99,401,10.34,3.4,2026-10-09T17:31:44.583642,True
1810,ARROZ PREMIUM,Livros,794.33,111,35.77,1.5,2026-10-09T17:31:44.583642,True
1811,Smartphone Plus,Esportes,0.0,131,32.01,3.2,2026-10-09T17:31:44.583642,True
1812,Bola Pro,Casa,-93.89,407,1.3,4.8,2026-10-09T17:31:44.583642,True
1813,romance max,Livros,828.79,499,15.64,2.6,2026-10-09T17:31:44.583642,True
1814,Sofá Basic,Brinquedos,435.81,-32,32.22,0.7,2026-10-09T17:31:44.583642,True
1815, ,Casa,574.67,168,16.21,2.5,2026-10-09T17:31:44.583642,True
1816,sofá pro,Livros,246.46,172,35.25,3.6,2026-10-09T17:31:44.583642,True
1817,ARROZ BASIC,Casa,216.93,313,36.29,4.2,2026-10-09T17:31:44.583642,True
1818,ARROZ MAX,Roupas,428.67,441,18.6,4.4,2026-10-09T17:31:44.583642,True
1819, ,Alimentos,403.17,245,2.19,0.7,2026-10-09T17:31:44.583642,True
1820,bola max,Eletrônicos,15.86,406,2.86,3.3,2026-10-09T17:31:44.583642,True
1821,Camiseta premium,Brinquedos,26.84,323,11.31,4.1,2026-10-09T17:31:44.583642,True
1822,Mesa Max,Eletrônicos,-37.53,408,49.93,4.0,2026-10-09T17:31:44.583642,True
1823,Ursinho plus,Roupas,142.46,54,22.13,2.1,2026-10-09T17:31:44.583642,True
1824,Aventura Plus,Brinquedos,371.79,-21,33.98,1.6,2026-10-09T17:31:44.583642,True
1825,Bola Max,Alimentos,733.02,-79,5.07,3.6,2026-10-09T17:31:44.583642,True
1826,Aventura Premium,Brinquedos,532.35,205,-4.7,4.8,2026-10-09T17:31:44.583642,True
1827,SOFÁ MAX,Alimentos,418.11,325,18.9,4.4,2026-10-09T17:31:44.583642,True
1828, ,Esportes,406.5,444,29.12,1.1,2026-10-09T17:31:44.583642,True
1829,Camiseta Basic,Brinquedos,984.99,-51,27.15,0.7,2026-10-09T17:31:44.583642,True
1830,Camiseta Basic,,704.83,396,20.68,0.1,2026-10-09T17:31:44.583642,True
1831,Sofá Basic,Casa,823.69,-15,34.66,2.7,2026-10-09T17:31:44.583642,True
1832,ROMANCE PLUS,Eletrônicos,158.22,2,0.21,0.5,2026-10-09T17:31:44.583642,True
1833,Aventura Max,Casa,842.19,172,8.7,-1,2026-10-09T17:31:44.583642,True
1834,Camiseta Max,Casa,373.56,215,9.49,10,2026-10-09T17:31:44.583642,True
1835,Calça Premium,Esportes,600.17,455,-3.86,4.2,2026-10-09T17:31:44.583642,True
1836,Calça Max,Esportes,0.0,256,43.65,1.4,2026-10-09T17:31:44.583642,True
1837,smartphone pro,Alimentos,369.07,337,48.88,1.0,2026-10-09T17:31:44.583642,True
1838, ,Alimentos,571.19,463,33.69,3.2,2026-10-09T17:31:44.583642,True
1839,Tv premium,Roupas,884.66,223,38.16,3.7,2026-10-09T17:31:44.583642,True
1840,BoLA maX,Brinquedos,795.91,306,37.75,1.3,2026-10-09T17:31:44.583642,True
1841, ,Esportes,527.12,471,33.78,2.5,2026-10-09T17:31:44.583642,True
1842,Bola Pro,Roupas,557.01,404,-9.25,2.9,2026-10-09T17:31:44.583642,True
1843,Arroz Plus,Alimentos,0.0,182,22.21,1.4,2026-10-09T17:31:44.583642,True
1844,Romance Plus,,565.82,416,7.89,2.3,2026-10-09T17:31:44.583642,True
1845,Camiseta Pro,Eletrônicos,141.65,-60,17.6,1.8,2026-10-09T17:31:44.583642,True
1846,Smartphone pro,Brinquedos,133.32,45,36.38,3.6,2026-10-09T17:31:44.583642,True
1847,Tv max,Livros,668.96,445,28.5,1.8,2026-10-09T17:31:44.583642,True
1848,Camiseta Basic,Eletrônicos,-10.95,302,3.72,4.5,2026-10-09T17:31:44.583642,True
1849,Sofá Premium,Livros,568.7,-16,44.11,3.0,2026-10-09T17:31:44.583642,True
1850,Smartphone Premium,123,626.45,85,44.27,4.1,2026-10-09T17:31:44.583642,True
1851,Arroz Basic,Alimentos,595.4,-50,43.56,2.3,2026-10-09T17:31:44.583642,True
1852,Mesa Pro,Alimentos,-37.36,97,1.64,0.0,2026-10-09T17:31:44.583642,True
1853,romance pro,Casa,769.83,326,33.54,2.6,2026-10-09T17:31:44.583642,True
1854,Aventura Premium,123,863.69,127,0.14,3.2,2026-10-09T17:31:44.583642,True
1855,Feijão Plus,Brinquedos,-12.63,421,21.82,3.4,2026-10-09T17:31:44.583642,True
1856,Sofá Plus,Alimentos,65.39,170,-6.63,4.3,2026-10-09T17:31:44.583642,True
1857,Smartphone Max,Brinquedos,680.92,362,37.94,-1,2026-10-09T17:31:44.583642,True
1858,avENtUra bAsic,Roupas,329.7,427,26.65,2.9,2026-10-09T17:31:44.583642,True
1859,Notebook Pro,Esportes,0.0,308,37.5,0.7,2026-10-09T17:31:44.583642,True
1860,Bola Basic,Roupas,428.6,469,-5.67,4.2,2026-10-09T17:31:44.583642,True
1861,Mesa Premium,Casa,774.4,311,-6.85,5.0,2026-10-09T17:31:44.583642,True
1862,Calça Pro,Livros,0.0,145,36.96,2.8,2026-10-09T17:31:44.583642,True
1863,bola plus,Alimentos,918.65,436,43.8,1.9,2026-10-09T17:31:44.583642,True
1864,Mesa Pro,Livros,0.0,56,11.71,2.7,2026-10-09T17:31:44.583642,True
1865,,Eletrônicos,215.32,267,23.08,1.7,2026-10-09T17:31:44.583642,True
1866,Ursinho Basic,Livros,860.01,282,17.94,-1,2026-10-09T17:31:44.583642,True
1867,ROMANCE BASIC,Casa,308.77,30,6.03,0.4,2026-10-09T17:31:44.583642,True
1868,Calça Basic,123,78.84,336,35.97,1.9,2026-10-09T17:31:44.583642,True
1869,ROMANCe PLuS,Eletrônicos,899.01,428,14.21,4.6,2026-10-09T17:31:44.583642,True
1870,camiseta basic,Casa,778.86,446,18.3,3.0,2026-10-09T17:31:44.583642,True
1871,TV Pro,Categoria Inexistente,414.46,43,42.44,4.3,2026-10-09T17:31:44.583642,True
1872,Smartphone Plus,Brinquedos,245.29,-66,17.11,4.6,2026-10-09T17:31:44.583642,True
1873,Arroz Premium,Brinquedos,731.15,-88,29.75,3.2,2026-10-09T17:31:44.583642,True
1874,Calça Plus,Roupas,474.12,410,-2.3,0.5,2026-10-09T17:31:44.583642,True
1875,TV Premium,,90.19,360,20.36,3.4,2026-10-09T17:31:44.583642,True
1876,avenTurA Pro,Casa,583.29,23,1.07,3.2,2026-10-09T17:31:44.583642,True
1877,cAlçA pro,Alimentos,918.27,451,45.95,1.7,2026-10-09T17:31:44.583642,True
1878,Camiseta pro,Alimentos,891.58,57,46.39,0.8,2026-10-09T17:31:44.583642,True
1879,Ursinho Plus,Eletrônicos,400.43,14,-8.23,0.7,2026-10-09T17:31:44.583642,True
1880,Ursinho Premium,Roupas,-69.08,304,15.44,2.1,2026-10-09T17:31:44.583642,True
1881,Aventura Premium,Casa,33.41,-57,34.5,1.4,2026-10-09T17:31:44.583642,True
1882,Feijão Max,Roupas,396.49,410,-8.15,2.4,2026-10-09T17:31:44.583642,True
1883,sofÁ BasIc,Casa,66.57,22,9.09,0.0,2026-10-09T17:31:44.583642,True
1884,TV MAX,Esportes,697.18,312,7.84,4.2,2026-10-09T17:31:44.583642,True
1885,AVENTURA PLUS,Livros,862.78,394,40.48,4.0,2026-10-09T17:31:44.583642,True
1886,Arroz Plus,Categoria Inexistente,499.17,127,21.33,2.0,2026-10-09T17:31:44.583642,True
1887,Romance Pro,Casa,165.2,468,30.97,-1,2026-10-09T17:31:44.583642,True
1888,calça plus,Eletrônicos,371.73,273,44.89,1.6,2026-10-09T17:31:44.583642,True
1889,Romance Basic,Casa,744.42,-38,20.03,1.6,2026-10-09T17:31:44.583642,True
1890,Arroz max,Brinquedos,703.92,17,22.91,3.2,2026-10-09T17:31:44.583642,True
1891, ,Eletrônicos,580.19,182,48.16,0.2,2026-10-09T17:31:44.583642,True
1892,Mesa Max,Roupas,-38.97,473,25.19,4.3,2026-10-09T17:31:44.583642,True
1893,Bola Premium,Alimentos,635.1,139,20.15,-1,2026-10-09T17:31:44.583642,True
1894,Calça Plus,Alimentos,-12.8,151,5.65,4.8,2026-10-09T17:31:44.583642,True
1895,ArroZ PRO,Brinquedos,889.39,327,1.32,3.4,2026-10-09T17:31:44.583642,True
1896,Romance Pro,Casa,0.0,185,11.26,4.2,2026-10-09T17:31:44.583642,True
1897,calça pREmiUM,Alimentos,655.61,154,42.15,1.7,2026-10-09T17:31:44.583642,True
1898,mesa pro,Casa,704.32,310,39.72,3.2,2026-10-09T17:31:44.583642,True
1899,BOLA PRO,Alimentos,378.64,453,13.86,3.1,2026-10-09T17:31:44.583642,True
1900,Camiseta Basic,Eletrônicos,0.0,166,17.14,1.7,2026-10-09T17:31:44.583642,True
1901,Notebook Max,Eletrônicos,-42.74,445,15.78,0.4,2026-10-09T17:31:44.583642,True
1902,Notebook Premium,Eletrônicos,0.0,344,31.87,4.6,2026-10-09T17:31:44.583642,True
1903,,Alimentos,990.63,204,26.35,3.6,2026-10-09T17:31:44.583642,True
1904,Camiseta Max,Alimentos,36.9,-25,23.84,4.4,2026-10-09T17:31:44.583642,True
1905,Camiseta Basic,Eletrônicos,339.5,188,-8.59,1.4,2026-10-09T17:31:44.583642,True
1906,ursinho max,Esportes,732.65,376,13.35,5.0,2026-10-09T17:31:44.583642,True
1907,Camiseta Plus,Roupas,134.05,-77,4.12,3.1,2026-10-09T17:31:44.583642,True
1908,TV Plus,Casa,134.31,-31,42.5,1.3,2026-10-09T17:31:44.583642,True
1909,tV PrO,Livros,392.73,239,13.54,1.6,2026-10-09T17:31:44.583642,True
1910,NOTEBOOK BASIC,Esportes,407.1,272,37.14,4.5,2026-10-09T17:31:44.583642,True
1911,,Esportes,847.66,315,23.01,0.7,2026-10-09T17:31:44.583642,True
1912,Ursinho Plus,Livros,0.0,113,47.21,0.1,2026-10-09T17:31:44.583642,True
1913,Arroz basic,Brinquedos,421.64,476,38.9,3.7,2026-10-09T17:31:44.583642,True
1914,Bola Max,123,813.0,248,26.41,4.4,2026-10-09T17:31:44.583642,True
1915,TV Plus,123,195.46,82,9.67,4.3,2026-10-09T17:31:44.583642,True
1916,ROMANCE MAX,Brinquedos,371.53,332,32.53,1.0,2026-10-09T17:31:44.583642,True
1917,Bola Pro,Eletrônicos,541.02,250,35.76,,2026-10-09T17:31:44.583642,True
1918,Romance Max,Brinquedos,223.67,358,-0.79,1.9,2026-10-09T17:31:44.583642,True
1919,Arroz Basic,Casa,800.68,125,-8.76,4.3,2026-10-09T17:31:44.583642,True
1920,Feijão Pro,Livros,903.65,133,20.09,100,2026-10-09T17:31:44.583642,True
1921,,Brinquedos,432.01,160,7.58,3.8,2026-10-09T17:31:44.583642,True
1922,,Eletrônicos,296.94,113,47.23,4.9,2026-10-09T17:31:44.583642,True
1923,,Casa,805.7,209,24.78,0.7,2026-10-09T17:31:44.583642,True
1924, ,Livros,489.26,454,0.58,3.5,2026-10-09T17:31:44.583642,True
1925, ,Roupas,728.89,278,17.2,4.6,2026-10-09T17:31:44.583642,True
1926,,Eletrônicos,459.77,56,18.63,0.8,2026-10-09T17:31:44.583642,True
1927,Sofá Pro,Livros,124.61,393,34.76,6,2026-10-09T17:31:44.583642,True
1928,Feijão Plus,Roupas,332.79,27,33.82,,2026-10-09T17:31:44.583642,True
1929,Sofá Premium,123,771.54,25,8.18,0.5,2026-10-09T17:31:44.583642,True
1930,Feijão Max,Categoria Inexistente,336.51,320,4.42,2.8,2026-10-09T17:31:44.583642,True
1931,romance basic,Esportes,438.1,88,20.97,2.8,2026-10-09T17:31:44.583642,True
1932,Smartphone Plus,Roupas,771.37,37,-1.54,0.8,2026-10-09T17:31:44.583642,True
1933,Mesa Basic,Alimentos,-81.77,261,26.66,4.4,2026-10-09T17:31:44.583642,True
1934,BOLA PRO,Casa,539.61,88,43.77,4.7,2026-10-09T17:31:44.583642,True
1935,Sofá Plus,Brinquedos,182.84,91,18.05,-1,2026-10-09T17:31:44.583642,True
1936,NOTEBOOK PREMIUM,Livros,520.69,450,37.94,2.0,2026-10-09T17:31:44.583642,True
1937,CALÇA BASIC,Livros,700.38,404,0.75,4.8,2026-10-09T17:31:44.583642,True
1938,Arroz Plus,Casa,-72.48,476,28.54,2.9,2026-10-09T17:31:44.583642,True
1939,ursinho max,Eletrônicos,920.04,340,43.91,2.9,2026-10-09T17:31:44.583642,True
1940,SOfá prEmIum,Brinquedos,539.88,112,13.89,2.9,2026-10-09T17:31:44.583642,True
1941,sOFá plUs,Brinquedos,107.31,278,32.75,2.2,2026-10-09T17:31:44.583642,True
1942,ursinho basic,Livros,25.54,359,30.97,2.6,2026-10-09T17:31:44.583642,True
1943,Aventura Max,Esportes,261.85,183,-5.92,0.6,2026-10-09T17:31:44.583642,True
1944,TV basiC,Casa,598.51,74,6.83,3.0,2026-10-09T17:31:44.583642,True
1945,FEIJÃO PLUS,Eletrônicos,342.18,94,14.59,3.8,2026-10-09T17:31:44.583642,True
1946,URSINHO PREMIUM,Alimentos,410.11,9,44.95,0.2,2026-10-09T17:31:44.583642,True
1947,Camiseta Plus,Alimentos,-64.69,9,21.22,4.4,2026-10-09T17:31:44.583642,True
1948,AVENTURA PRO,Casa,18.09,298,38.1,2.1,2026-10-09T17:31:44.583642,True
1949,mesa prEmiuM,Livros,368.82,19,34.98,3.7,2026-10-09T17:31:44.583642,True
1950,Sofá Pro,Esportes,0.0,325,47.88,4.7,2026-10-09T17:31:44.583642,True
1951,avEnturA bASIC,Casa,260.81,483,30.06,3.6,2026-10-09T17:31:44.583642,True
1952,Arroz max,Eletrônicos,964.53,324,11.19,2.5,2026-10-09T17:31:44.583642,True
1953,TV Max,,517.41,51,24.93,2.6,2026-10-09T17:31:44.583642,True
1954,Sofá Pro,Livros,257.77,483,-1.53,0.5,2026-10-09T17:31:44.583642,True
1955,arroz pro,Eletrônicos,334.86,71,32.81,4.6,2026-10-09T17:31:44.583642,True
1956,Sofá Plus,Casa,359.77,93,48.88,100,2026-10-09T17:31:44.583642,True
1957,Bola max,Esportes,777.67,4,40.95,0.6,2026-10-09T17:31:44.583642,True
1958,Ursinho Max,Brinquedos,0.0,272,4.07,4.1,2026-10-09T17:31:44.583642,True
1959,Calça Max,Brinquedos,-62.91,361,2.91,4.4,2026-10-09T17:31:44.583642,True
1960,Calça Basic,Esportes,487.4,34,47.31,10,2026-10-09T17:31:44.583642,True
1961,FeIjão PLUs,Eletrônicos,257.35,190,23.91,4.4,2026-10-09T17:31:44.583642,True
1962,Notebook Basic,Roupas,0.0,289,16.68,1.2,2026-10-09T17:31:44.583642,True
1963,Smartphone Plus,Livros,691.94,-17,13.59,3.2,2026-10-09T17:31:44.583642,True
1964,NOTEBOOK MAX,Roupas,398.07,293,23.13,1.5,2026-10-09T17:31:44.583642,True
1965,CALÇA MAX,Alimentos,716.75,351,1.62,0.1,2026-10-09T17:31:44.583642,True
1966,Arroz Basic,Eletrônicos,0.0,494,1.29,4.3,2026-10-09T17:31:44.583642,True
1967,AVENTuRa MAx,Eletrônicos,163.03,237,3.62,2.6,2026-10-09T17:31:44.583642,True
1968,Ursinho Plus,Livros,538.06,238,38.19,10,2026-10-09T17:31:44.583642,True
1969,Sofá Pro,Alimentos,904.35,42,9.67,6,2026-10-09T17:31:44.583642,True
1970,Tv basic,Esportes,522.19,37,23.0,4.2,2026-10-09T17:31:44.583642,True
1971,Mesa Pro,Brinquedos,88.98,462,47.53,,2026-10-09T17:31:44.583642,True
1972,Notebook Max,Esportes,925.39,325,-3.36,0.5,2026-10-09T17:31:44.583642,True
1973,Romance Premium,Livros,698.59,442,-7.5,4.3,2026-10-09T17:31:44.583642,True
1974,Sofá Plus,Categoria Inexistente,161.09,343,48.89,0.4,2026-10-09T17:31:44.583642,True
1975,Mesa Max,Roupas,0.0,72,13.03,0.2,2026-10-09T17:31:44.583642,True
1976,Calça Plus,123,425.68,355,35.45,2.0,2026-10-09T17:31:44.583642,True
1977,URSINHO PLUS,Livros,883.57,144,29.88,0.3,2026-10-09T17:31:44.583642,True
1978,Bola Basic,,845.52,58,19.08,2.6,2026-10-09T17:31:44.583642,True
1979,Arroz premium,Alimentos,261.63,355,2.32,0.5,2026-10-09T17:31:44.583642,True
1980,mesA BasiC,Brinquedos,375.02,155,15.32,1.6,2026-10-09T17:31:44.583642,True
1981,Romance Premium,,722.15,486,2.72,3.4,2026-10-09T17:31:44.583642,True
1982,Camiseta Max,Roupas,207.08,-32,25.73,4.2,2026-10-09T17:31:44.583642,True
1983,Arroz Pro,Eletrônicos,976.61,354,10.64,,2026-10-09T17:31:44.583642,True
1984,Sofá Max,Brinquedos,0.0,221,22.67,4.0,2026-10-09T17:31:44.583642,True
1985,ursinho plus,Esportes,913.21,73,29.19,0.3,2026-10-09T17:31:44.583642,True
1986,Mesa Pro,Esportes,65.59,66,17.65,-1,2026-10-09T17:31:44.583642,True
1987,Smartphone Plus,Alimentos,767.86,-90,34.5,1.8,2026-10-09T17:31:44.583642,True
1988,Mesa Max,Alimentos,658.39,-41,15.24,2.2,2026-10-09T17:31:44.583642,True
1989,Bola plus,Brinquedos,142.28,112,34.92,2.3,2026-10-09T17:31:44.583642,True
1990,CALÇa Max,Eletrônicos,32.52,491,18.84,1.9,2026-10-09T17:31:44.583642,True
1991,mESA plUs,Eletrônicos,187.01,243,47.53,4.3,2026-10-09T17:31:44.583642,True
1992,CAMISETA PRO,Roupas,353.93,318,6.74,3.0,2026-10-09T17:31:44.583642,True
1993,,Roupas,866.14,443,10.07,4.9,2026-10-09T17:31:44.583642,True
1994,Feijão pro,Roupas,208.92,385,2.61,4.7,2026-10-09T17:31:44.583642,True
1995,Ursinho Max,Livros,-50.97,153,23.95,2.1,2026-10-09T17:31:44.583642,True
1996,Smartphone Max,123,614.82,480,38.03,1.5,2026-10-09T17:31:44.583642,True
1997,Camiseta Premium,,127.19,498,10.83,3.0,2026-10-09T17:31:44.583642,True
1998,Notebook premium,Casa,531.21,30,34.95,3.3,2026-10-09T17:31:44.583642,True
1999,Camiseta Plus,123,538.58,378,34.48,3.3,2026-10-09T17:31:44.583642,True
2000,notebook premium,Alimentos,302.45,500,25.93,3.5,2026-10-09T17:31:44.583642,True
2001,Sofá basic,Livros,864.58,383,16.03,1.7,2026-10-09T17:31:44.583642,True
2002,TV Pro,Brinquedos,726.95,203,6.84,6,2026-10-09T17:31:44.583642,True
2003,Notebook Basic,Categoria Inexistente,20.16,12,41.25,2.1,2026-10-09T17:31:44.583642,True
2004,Romance Plus,Casa,916.0,467,49.29,10,2026-10-09T17:31:44.583642,True
2005,Sofá Pro,Esportes,0.0,45,31.0,4.0,2026-10-09T17:31:44.583642,True
2006,Ursinho max,Esportes,397.66,44,2.94,4.5,2026-10-09T17:31:44.583642,True
2007,BOLA BASIC,Brinquedos,401.15,313,21.08,1.2,2026-10-09T17:31:44.583642,True
2008,SOFÁ PRO,Eletrônicos,409.24,220,6.99,2.6,2026-10-09T17:31:44.583642,True
2009,Calça basic,Casa,679.42,490,28.94,3.2,2026-10-09T17:31:44.583642,True
2010,BOLA PLUS,Alimentos,23.68,343,47.88,1.7,2026-10-09T17:31:44.583642,True
2011,Aventura Pro,Brinquedos,195.93,181,-8.42,1.5,2026-10-09T17:31:44.583642,True
2012,,Brinquedos,55.72,239,37.64,0.5,2026-10-09T17:31:44.583642,True
2013,bola pro,Alimentos,89.27,117,28.05,0.4,2026-10-09T17:31:44.583642,True
2014,rOmaNce PRo,Alimentos,616.87,96,16.96,2.4,2026-10-09T17:31:44.583642,True
2015,Camiseta Pro,Livros,747.13,238,-5.74,2.8,2026-10-09T17:31:44.583642,True
2016,Notebook Max,Alimentos,-98.69,204,26.21,2.5,2026-10-09T17:31:44.583642,True
2017, ,Eletrônicos,414.13,330,13.17,3.9,2026-10-09T17:31:44.583642,True
2018,arroz basic,Esportes,733.44,304,5.73,1.1,2026-10-09T17:31:44.583642,True
2019,SMARTPHONE PRO,Brinquedos,519.69,444,5.39,1.9,2026-10-09T17:31:44.583642,True
2020,,Brinquedos,659.78,124,41.22,3.7,2026-10-09T17:31:44.583642,True
2021,Aventura Max,Alimentos,-50.14,194,11.66,1.1,2026-10-09T17:31:44.583642,True
2022,AVENTURA PREMIUM,Alimentos,955.76,261,14.04,3.0,2026-10-09T17:31:44.583642,True
2023,Aventura Premium,Alimentos,309.9,382,-4.23,3.8,2026-10-09T17:31:44.583642,True
2024,arRoZ preMIUM,Roupas,508.34,315,15.79,3.5,2026-10-09T17:31:44.583642,True
2025,Aventura Premium,Brinquedos,-75.81,2,49.71,2.0,2026-10-09T17:31:44.583642,True
2026,URSINHO PRO,Brinquedos,371.84,225,34.58,4.5,2026-10-09T17:31:44.583642,True
2027,Mesa premium,Roupas,501.16,104,0.68,1.9,2026-10-09T17:31:44.583642,True
2028,Calça Basic,Livros,488.52,330,-3.79,2.9,2026-10-09T17:31:44.583642,True
2029,Notebook Max,Eletrônicos,0.0,149,32.05,2.2,2026-10-09T17:31:44.583642,True
2030,mesa basic,Casa,349.1,371,46.87,4.5,2026-10-09T17:31:44.583642,True
2031,TV Plus,Roupas,887.56,191,9.82,10,2026-10-09T17:31:44.583642,True
2032,Calça Premium,Roupas,753.11,275,14.99,10,2026-10-09T17:31:44.583642,True
2033,Calça Max,123,471.14,38,11.34,3.0,2026-10-09T17:31:44.583642,True
2034,NoTeboOK bAsiC,Eletrônicos,289.5,71,18.51,3.2,2026-10-09T17:31:44.583642,True
2035,Aventura Pro,Brinquedos,927.45,168,47.45,10,2026-10-09T17:31:44.583642,True
2036,URSInHO mAx,Livros,981.7,467,47.4,4.6,2026-10-09T17:31:44.583642,True
2037,Bola Max,Casa,-25.08,404,5.9,4.7,2026-10-09T17:31:44.583642,True
2038,Calça Pro,Eletrônicos,0.0,382,4.56,3.9,2026-10-09T17:31:44.583642,True
2039,Aventura plus,Alimentos,294.92,141,46.79,2.2,2026-10-09T17:31:44.583642,True
2040,sofá plus,Livros,893.67,453,19.65,0.2,2026-10-09T17:31:44.583642,True
2041,ursinho premium,Roupas,572.06,379,44.92,2.4,2026-10-09T17:31:44.583642,True
2042,Camiseta basic,Alimentos,709.31,251,43.75,0.7,2026-10-09T17:31:44.583642,True
2043,ursinho MaX,Eletrônicos,471.71,418,1.77,4.7,2026-10-09T17:31:44.583642,True
2044,URSINHO PREMIUM,Eletrônicos,933.82,129,20.39,0.5,2026-10-09T17:31:44.583642,True
2045,Romance Basic,Eletrônicos,0.0,144,0.29,1.4,2026-10-09T17:31:44.583642,True
2046,Camiseta pro,Alimentos,778.86,108,7.3,3.4,2026-10-09T17:31:44.583642,True
2047,TV Plus,Eletrônicos,-18.33,437,28.92,4.4,2026-10-09T17:31:44.583642,True
2048,Aventura Pro,Brinquedos,214.4,-45,35.46,4.8,2026-10-09T17:31:44.583642,True
2049,Ursinho Basic,Esportes,36.76,250,30.39,100,2026-10-09T17:31:44.583642,True
2050,Aventura pro,Brinquedos,640.27,275,7.57,0.6,2026-10-09T17:31:44.583642,True
2051,Ursinho Pro,,599.41,218,0.88,1.9,2026-10-09T17:31:44.583642,True
2052,CAmISEta MAx,Eletrônicos,868.67,301,34.49,4.4,2026-10-09T17:31:44.583642,True
2053,,Livros,913.7,383,10.43,1.4,2026-10-09T17:31:44.583642,True
2054,Camiseta Pro,Casa,0.0,94,22.21,1.3,2026-10-09T17:31:44.583642,True
2055,Bola Premium,Roupas,-39.42,80,49.48,4.0,2026-10-09T17:31:44.583642,True
2056,Feijão Max,Esportes,-83.71,39,18.15,3.0,2026-10-09T17:31:44.583642,True
2057,Sofá Pro,,196.09,382,45.43,4.3,2026-10-09T17:31:44.583642,True
2058,,Brinquedos,813.0,326,22.25,1.8,2026-10-09T17:31:44.583642,True
2059,Bola Premium,Esportes,-12.76,250,25.13,3.7,2026-10-09T17:31:44.583642,True
2060,CAMISETA PRO,Esportes,39.83,6,40.37,3.6,2026-10-09T17:31:44.583642,True
2061,Bola Max,Alimentos,0.0,122,17.43,1.8,2026-10-09T17:31:44.583642,True
2062,rOmANCe pLus,Esportes,224.54,388,16.96,1.8,2026-10-09T17:31:44.583642,True
2063,SMARTPHONE PREMIUM,Livros,489.39,5,21.65,3.6,2026-10-09T17:31:44.583642,True
2064,Smartphone premium,Eletrônicos,389.89,431,25.08,3.1,2026-10-09T17:31:44.583642,True
2065,Calça Premium,Alimentos,-92.86,484,23.38,2.1,2026-10-09T17:31:44.583642,True
2066,Arroz Basic,Livros,0.0,113,3.22,4.8,2026-10-09T17:31:44.583642,True
2067,FEIJÃO BASIC,Esportes,102.61,170,16.7,2.0,2026-10-09T17:31:44.583642,True
2068,FEIJÃO BASIC,Livros,223.0,269,42.6,0.4,2026-10-09T17:31:44.583642,True
2069,arroz pro,Casa,291.66,459,40.38,2.6,2026-10-09T17:31:44.583642,True
2070,Camiseta Premium,Alimentos,424.75,5,27.9,10,2026-10-09T17:31:44.583642,True
2071,Ursinho Premium,Brinquedos,303.26,213,-8.61,0.7,2026-10-09T17:31:44.583642,True
2072,Camiseta Basic,Alimentos,324.82,-1,1.33,3.3,2026-10-09T17:31:44.583642,True
2073,Aventura premium,Alimentos,700.44,332,41.55,1.4,2026-10-09T17:31:44.583642,True
2074,CAMISETA BASIC,Alimentos,768.22,409,33.03,3.2,2026-10-09T17:31:44.583642,True
2075,TV Premium,Livros,363.97,-30,32.21,2.8,2026-10-09T17:31:44.583642,True
2076,notebook plus,Alimentos,580.78,423,21.14,1.1,2026-10-09T17:31:44.583642,True
2077,SOFÁ MAX,Alimentos,92.63,476,21.75,2.8,2026-10-09T17:31:44.583642,True
2078,,Alimentos,187.58,131,24.91,4.8,2026-10-09T17:31:44.583642,True
2079,,Livros,281.89,234,8.51,3.3,2026-10-09T17:31:44.583642,True
2080,Bola Plus,Esportes,39.83,-45,22.1,2.1,2026-10-09T17:31:44.583642,True
2081,Camiseta Plus,Brinquedos,-34.28,485,39.15,3.4,2026-10-09T17:31:44.583642,True
2082,Smartphone Premium,Livros,171.19,98,24.24,100,2026-10-09T17:31:44.583642,True
2083,arroz pro,Roupas,620.93,489,16.49,0.0,2026-10-09T17:31:44.583642,True
2084,Bola Premium,123,942.52,47,21.07,3.5,2026-10-09T17:31:44.583642,True
2085,caLçA PluS,Roupas,432.27,385,46.16,0.5,2026-10-09T17:31:44.583642,True
2086,arroz basic,Livros,454.18,222,26.77,0.8,2026-10-09T17:31:44.583642,True
2087,Sofá Basic,Alimentos,536.86,-4,4.37,3.0,2026-10-09T17:31:44.583642,True
2088, ,Eletrônicos,539.49,198,34.11,4.5,2026-10-09T17:31:44.583642,True
2089,SoFÁ PLUs,Brinquedos,374.94,155,14.0,3.4,2026-10-09T17:31:44.583642,True
2090,bola pRo,Livros,205.73,194,8.79,3.7,2026-10-09T17:31:44.583642,True
2091,BOLA PREMIUM,Casa,170.73,415,30.37,4.8,2026-10-09T17:31:44.583642,True
2092,Arroz Premium,Roupas,983.04,301,-8.43,3.6,2026-10-09T17:31:44.583642,True
2093,TV PLUS,Esportes,763.31,92,6.85,0.4,2026-10-09T17:31:44.583642,True
2094,ursinho basic,Eletrônicos,159.88,47,8.74,0.7,2026-10-09T17:31:44.583642,True
2095,Smartphone Basic,Esportes,0.0,444,43.42,1.7,2026-10-09T17:31:44.583642,True
2096,NOTEBOOK PREMIUM,Brinquedos,427.69,263,12.96,2.0,2026-10-09T17:31:44.583642,True
2097,Aventura Max,Eletrônicos,0.0,389,48.63,3.4,2026-10-09T17:31:44.583642,True
2098,Sofá Max,Alimentos,667.63,-88,41.28,0.6,2026-10-09T17:31:44.583642,True
2099,SoFá PReMium,Roupas,156.45,180,38.5,3.1,2026-10-09T17:31:44.583642,True
2100,Arroz Pro,123,818.61,185,32.57,3.8,2026-10-09T17:31:44.583642,True
2101,arroz premium,Esportes,502.8,419,32.87,1.8,2026-10-09T17:31:44.583642,True
2102,Arroz Plus,Brinquedos,707.99,-91,14.84,1.2,2026-10-09T17:31:44.583642,True
2103,CalçA bASic,Esportes,548.7,295,25.83,3.3,2026-10-09T17:31:44.583642,True
2104, ,Esportes,295.07,387,18.34,4.2,2026-10-09T17:31:44.583642,True
2105,Feijão Basic,Livros,0.0,403,34.45,3.8,2026-10-09T17:31:44.583642,True
2106,Camiseta Max,Livros,913.42,317,46.4,100,2026-10-09T17:31:44.583642,True
2107,,Casa,147.08,262,41.19,0.5,2026-10-09T17:31:44.583642,True
2108,romance max,Casa,244.82,72,10.17,1.6,2026-10-09T17:31:44.583642,True
2109,Mesa Basic,Livros,378.34,414,34.03,100,2026-10-09T17:31:44.583642,True
2110,Mesa Plus,Casa,0.0,321,30.24,0.4,2026-10-09T17:31:44.583642,True
2111,romance max,Eletrônicos,747.73,138,37.42,0.3,2026-10-09T17:31:44.583642,True
2112,ursinho premium,Roupas,297.68,211,36.85,4.7,2026-10-09T17:31:44.583642,True
2113,Romance Basic,Esportes,454.05,329,-5.69,2.6,2026-10-09T17:31:44.583642,True
2114,Sofá Pro,Roupas,-25.64,135,9.72,1.6,2026-10-09T17:31:44.583642,True
2115,,Alimentos,494.85,60,37.21,1.8,2026-10-09T17:31:44.583642,True
2116,ROMANCE MAX,Livros,148.42,222,2.5,3.2,2026-10-09T17:31:44.583642,True
2117,ROMANCE BASIC,Esportes,80.64,470,32.55,1.8,2026-10-09T17:31:44.583642,True
2118,Arroz Pro,Alimentos,333.71,196,-8.03,4.7,2026-10-09T17:31:44.583642,True
2119,camiseta pro,Casa,313.2,220,5.34,1.3,2026-10-09T17:31:44.583642,True
2120,Calça Basic,Esportes,-67.75,249,37.45,3.9,2026-10-09T17:31:44.583642,True
2121,arroz max,Esportes,310.61,7,8.84,2.5,2026-10-09T17:31:44.583642,True
2122,Sofá Plus,Livros,99.95,287,27.89,10,2026-10-09T17:31:44.583642,True
2123,Romance Max,Roupas,-76.57,90,29.71,1.6,2026-10-09T17:31:44.583642,True
2124,TV Pro,Eletrônicos,634.75,277,-4.56,2.2,2026-10-09T17:31:44.583642,True
2125,Bola Basic,Roupas,143.0,-85,39.37,0.2,2026-10-09T17:31:44.583642,True
2126,Tv plus,Alimentos,63.46,468,31.13,4.3,2026-10-09T17:31:44.583642,True
2127,Aventura Max,Brinquedos,875.37,-87,2.15,3.6,2026-10-09T17:31:44.583642,True
2128,Sofá Basic,Alimentos,56.3,-93,39.29,1.8,2026-10-09T17:31:44.583642,True
2129,Bola basic,Roupas,890.9,109,19.03,2.9,2026-10-09T17:31:44.583642,True
2130,Ursinho Plus,Livros,885.55,55,20.6,-1,2026-10-09T17:31:44.583642,True
2131,TV Pro,Brinquedos,-48.77,105,18.38,4.2,2026-10-09T17:31:44.583642,True
2132,Calça Pro,,45.57,139,35.05,0.1,2026-10-09T17:31:44.583642,True
2133,Notebook Plus,Casa,233.5,-63,43.98,3.9,2026-10-09T17:31:44.583642,True
2134,Romance Premium,Alimentos,-77.8,426,19.33,2.1,2026-10-09T17:31:44.583642,True
2135,Sofá Basic,Eletrônicos,432.07,32,40.21,100,2026-10-09T17:31:44.583642,True
2136,Aventura Premium,123,327.97,41,40.4,0.3,2026-10-09T17:31:44.583642,True
2137,Arroz Max,Alimentos,187.24,465,8.42,10,2026-10-09T17:31:44.583642,True
2138,Notebook Pro,Roupas,0.0,273,27.87,1.4,2026-10-09T17:31:44.583642,True
2139,mESA Pro,Roupas,168.2,387,30.13,1.8,2026-10-09T17:31:44.583642,True
2140,Camiseta basic,Roupas,697.37,384,29.3,0.1,2026-10-09T17:31:44.583642,True
2141,Smartphone Premium,Esportes,-9.44,54,22.6,3.3,2026-10-09T17:31:44.583642,True
2142,Arroz Plus,Livros,590.3,85,40.02,,2026-10-09T17:31:44.583642,True
2143,URSINHO BASIC,Casa,858.07,72,18.25,2.3,2026-10-09T17:31:44.583642,True
2144,Notebook Plus,Livros,699.22,388,-3.47,4.6,2026-10-09T17:31:44.583642,True
2145,notebook premium,Alimentos,245.8,265,39.99,4.1,2026-10-09T17:31:44.583642,True
2146,sofá pro,Alimentos,412.87,73,5.78,1.1,2026-10-09T17:31:44.583642,True
2147,Feijão Pro,Roupas,730.97,-46,33.21,1.3,2026-10-09T17:31:44.583642,True
2148,arroz plus,Eletrônicos,627.74,328,26.86,3.6,2026-10-09T17:31:44.583642,True
2149,Arroz Basic,Roupas,965.11,298,16.4,10,2026-10-09T17:31:44.583642,True
2150,fEiJÃo PREmiuM,Alimentos,880.34,385,17.03,1.3,2026-10-09T17:31:44.583642,True
2151,cAMisETA PRo,Alimentos,961.0,434,2.99,4.8,2026-10-09T17:31:44.583642,True
2152,CaLÇA Pro,Livros,136.7,198,2.22,0.2,2026-10-09T17:31:44.583642,True
2153,TV Plus,,619.68,51,41.51,2.9,2026-10-09T17:31:44.583642,True
2154,Mesa Max,Eletrônicos,48.59,246,-1.11,4.9,2026-10-09T17:31:44.583642,True
2155,Bola Plus,Livros,170.04,358,12.13,100,2026-10-09T17:31:44.583642,True
2156,BOLA PLUS,Esportes,826.57,289,7.35,3.1,2026-10-09T17:31:44.583642,True
2157,Calça Max,Livros,711.12,-25,37.25,5.0,2026-10-09T17:31:44.583642,True
2158,Bola pro,Esportes,388.56,445,20.61,3.8,2026-10-09T17:31:44.583642,True
2159,Aventura Plus,Livros,-18.68,183,36.31,5.0,2026-10-09T17:31:44.583642,True
2160,Tv basIc,Brinquedos,837.97,424,44.12,4.4,2026-10-09T17:31:44.583642,True
2161,Notebook Premium,Roupas,786.38,261,-6.55,3.5,2026-10-09T17:31:44.583642,True
2162,sofá pro,Esportes,547.27,433,35.64,2.7,2026-10-09T17:31:44.583642,True
2163,TV Max,Alimentos,0.0,455,45.25,3.2,2026-10-09T17:31:44.583642,True
2164,Calça Max,Eletrônicos,-32.58,410,42.28,3.3,2026-10-09T17:31:44.583642,True
2165,Romance Max,Alimentos,421.72,-100,5.87,1.0,2026-10-09T17:31:44.583642,True
2166,Camiseta Basic,Roupas,492.05,-44,30.84,2.6,2026-10-09T17:31:44.583642,True
2167,,Casa,171.76,128,18.39,2.9,2026-10-09T17:31:44.583642,True
2168,Sofá Max,Categoria Inexistente,483.47,2,15.32,5.0,2026-10-09T17:31:44.583642,True
2169,Arroz Max,Livros,297.7,123,-5.11,1.0,2026-10-09T17:31:44.583642,True
2170,Romance max,Livros,376.03,294,31.72,3.0,2026-10-09T17:31:44.583642,True
2171,Mesa Pro,Alimentos,479.85,477,0.2,10,2026-10-09T17:31:44.583642,True
2172,Sofá Plus,Eletrônicos,-73.33,481,25.56,2.0,2026-10-09T17:31:44.583642,True
2173,Arroz basic,Roupas,446.72,116,6.69,2.1,2026-10-09T17:31:44.583642,True
2174,feijão basic,Esportes,312.13,499,1.02,4.4,2026-10-09T17:31:44.583642,True
2175,ARROZ MAX,Casa,715.5,9,16.22,4.8,2026-10-09T17:31:44.583642,True
2176,Aventura Max,,599.16,231,30.72,3.6,2026-10-09T17:31:44.583642,True
2177,Feijão pro,Livros,47.51,279,9.66,2.7,2026-10-09T17:31:44.583642,True
2178,roMANce pLUs,Brinquedos,509.97,67,26.68,3.0,2026-10-09T17:31:44.583642,True
2179,Romance Basic,Livros,512.71,-38,15.11,1.8,2026-10-09T17:31:44.583642,True
2180,Arroz max,Brinquedos,964.57,168,23.35,2.8,2026-10-09T17:31:44.583642,True
2181,Notebook Premium,Eletrônicos,564.21,398,32.34,100,2026-10-09T17:31:44.583642,True
2182,Feijão Max,Eletrônicos,892.58,-99,35.65,0.8,2026-10-09T17:31:44.583642,True
2183,Aventura pro,Eletrônicos,546.0,144,8.37,0.4,2026-10-09T17:31:44.583642,True
2184,sofá plus,Casa,556.15,228,35.44,1.0,2026-10-09T17:31:44.583642,True
2185,Smartphone Max,Alimentos,0.0,215,18.45,1.7,2026-10-09T17:31:44.583642,True
2186,Bola Basic,Brinquedos,-87.22,231,30.77,4.0,2026-10-09T17:31:44.583642,True
2187,Feijão Plus,,611.19,260,44.41,4.3,2026-10-09T17:31:44.583642,True
2188,Sofá Premium,,173.77,495,5.72,2.4,2026-10-09T17:31:44.583642,True
2189,Arroz Basic,Livros,252.85,111,-0.2,4.5,2026-10-09T17:31:44.583642,True
2190,mesa max,Esportes,808.13,181,27.46,4.1,2026-10-09T17:31:44.583642,True
2191,arroz max,Casa,963.34,137,41.76,1.9,2026-10-09T17:31:44.583642,True
2192,aventura max,Esportes,57.16,361,6.94,3.1,2026-10-09T17:31:44.583642,True
2193,Camiseta Premium,Brinquedos,60.26,-84,37.75,2.0,2026-10-09T17:31:44.583642,True
2194,MEsA PrO,Esportes,43.29,323,32.37,1.8,2026-10-09T17:31:44.583642,True
2195,Notebook Basic,Roupas,0.0,302,16.54,1.4,2026-10-09T17:31:44.583642,True
2196, ,Brinquedos,523.72,151,11.37,2.8,2026-10-09T17:31:44.583642,True
2197,Smartphone Premium,Alimentos,674.19,463,-8.55,1.2,2026-10-09T17:31:44.583642,True
2198,Ursinho Premium,Casa,741.71,168,26.37,-1,2026-10-09T17:31:44.583642,True
2199,Calça Basic,,626.52,133,37.04,1.9,2026-10-09T17:31:44.583642,True
2200,Notebook Premium,Casa,695.36,51,-6.56,3.5,2026-10-09T17:31:44.583642,True
2201,Aventura Pro,Alimentos,511.05,158,0.8,6,2026-10-09T17:31:44.583642,True
2202,Bola Pro,Categoria Inexistente,700.11,280,30.05,4.4,2026-10-09T17:31:44.583642,True
2203,MESA PREMIUM,Eletrônicos,458.75,92,25.22,4.9,2026-10-09T17:31:44.583642,True
2204,Notebook Basic,Eletrônicos,355.88,194,-3.68,0.9,2026-10-09T17:31:44.583642,True
2205,MeSa BAsic,Roupas,185.09,163,4.59,2.2,2026-10-09T17:31:44.583642,True
2206, ,Casa,692.18,352,28.74,5.0,2026-10-09T17:31:44.583642,True
2207,romance max,Alimentos,624.26,369,41.47,2.4,2026-10-09T17:31:44.583642,True
2208,Romance Pro,Eletrônicos,113.15,-90,15.53,2.2,2026-10-09T17:31:44.583642,True
2209,,Casa,397.34,91,10.1,2.8,2026-10-09T17:31:44.583642,True
2210,Sofá Basic,Alimentos,0.0,438,20.89,3.3,2026-10-09T17:31:44.583642,True
2211,AVENTURA MAX,Livros,887.56,158,36.16,1.3,2026-10-09T17:31:44.583642,True
2212,Feijão Max,Roupas,309.62,170,-1.14,2.5,2026-10-09T17:31:44.583642,True
2213,,Esportes,582.16,401,23.86,3.1,2026-10-09T17:31:44.583642,True
2214,Ursinho Max,Roupas,0.0,173,20.11,0.1,2026-10-09T17:31:44.583642,True
2215,Aventura plus,Brinquedos,461.98,55,26.03,1.3,2026-10-09T17:31:44.583642,True
2216,Bola Plus,Esportes,553.16,-89,37.49,0.3,2026-10-09T17:31:44.583642,True
2217,sofá basic,Roupas,721.36,429,38.2,0.3,2026-10-09T17:31:44.583642,True
2218,notebook basic,Eletrônicos,505.48,494,36.88,1.3,2026-10-09T17:31:44.583642,True
2219,Camiseta Max,Brinquedos,681.03,279,-9.48,2.6,2026-10-09T17:31:44.583642,True
2220,Bola Plus,Alimentos,332.05,278,-4.75,4.1,2026-10-09T17:31:44.583642,True
2221,Notebook Pro,Livros,0.0,60,32.58,0.7,2026-10-09T17:31:44.583642,True
2222,SOFÁ MAX,Livros,608.75,256,26.85,1.1,2026-10-09T17:31:44.583642,True
2223,,Alimentos,868.48,140,32.1,0.6,2026-10-09T17:31:44.583642,True
2224,Notebook Max,Brinquedos,-26.12,325,47.38,4.4,2026-10-09T17:31:44.583642,True
2225,notebook plus,Alimentos,145.16,265,20.62,2.7,2026-10-09T17:31:44.583642,True
2226,Bola Plus,Roupas,457.87,36,42.27,100,2026-10-09T17:31:44.583642,True
2227,Feijão Premium,Eletrônicos,883.84,-72,48.48,4.8,2026-10-09T17:31:44.583642,True
2228,Feijão Pro,Esportes,-45.0,255,24.84,0.3,2026-10-09T17:31:44.583642,True
2229,Calça Pro,123,157.97,98,17.12,0.2,2026-10-09T17:31:44.583642,True
2230,Notebook basic,Roupas,585.81,3,45.5,0.6,2026-10-09T17:31:44.583642,True
2231,,Esportes,422.26,97,28.79,3.6,2026-10-09T17:31:44.583642,True
2232,Bola Max,Esportes,114.75,154,26.54,10,2026-10-09T17:31:44.583642,True
2233,Aventura Pro,Brinquedos,91.85,207,-6.44,0.7,2026-10-09T17:31:44.583642,True
2234,Romance Pro,Brinquedos,-24.58,298,47.61,3.2,2026-10-09T17:31:44.583642,True
2235,Romance Pro,Brinquedos,-48.26,258,48.02,3.1,2026-10-09T17:31:44.583642,True
2236,Calça Basic,Eletrônicos,903.94,-92,24.15,3.0,2026-10-09T17:31:44.583642,True
2237,Camiseta Pro,Alimentos,311.74,208,-1.46,4.9,2026-10-09T17:31:44.583642,True
2238,FEIJÃo prO,Brinquedos,885.91,231,35.08,1.9,2026-10-09T17:31:44.583642,True
2239,TV Premium,Alimentos,391.16,221,8.76,100,2026-10-09T17:31:44.583642,True
2240,Calça Premium,Casa,0.0,385,30.53,0.2,2026-10-09T17:31:44.583642,True
2241,smartphone premium,Livros,449.82,24,34.47,3.3,2026-10-09T17:31:44.583642,True
2242,Mesa Pro,Alimentos,952.39,-18,39.94,2.0,2026-10-09T17:31:44.583642,True
2243,TV Pro,123,72.82,400,32.63,3.0,2026-10-09T17:31:44.583642,True
2244,Smartphone Plus,Brinquedos,0.0,304,33.03,4.3,2026-10-09T17:31:44.583642,True
2245,CAMISETA PREMIUM,Brinquedos,507.52,327,46.55,0.8,2026-10-09T17:31:44.583642,True
2246,Bola basic,Roupas,548.35,239,5.89,1.2,2026-10-09T17:31:44.583642,True
2247, ,Casa,907.75,415,47.92,3.9,2026-10-09T17:31:44.583642,True
2248,Mesa Max,Roupas,816.12,333,-6.81,1.4,2026-10-09T17:31:44.583642,True
2249,Ursinho Plus,Eletrônicos,737.34,402,-7.24,3.7,2026-10-09T17:31:44.583642,True
2250,romance max,Esportes,413.67,487,35.19,4.1,2026-10-09T17:31:44.583642,True
2251,Sofá Pro,Livros,0.0,334,10.41,1.3,2026-10-09T17:31:44.583642,True
2252,Arroz Pro,Casa,-60.1,63,9.34,4.1,2026-10-09T17:31:44.583642,True
2253,smartphone max,Brinquedos,608.78,246,37.75,2.0,2026-10-09T17:31:44.583642,True
2254,sofá premium,Casa,561.03,183,10.39,2.4,2026-10-09T17:31:44.583642,True
2255,Calça pro,Esportes,182.54,418,23.25,1.9,2026-10-09T17:31:44.583642,True
2256,Romance premium,Esportes,666.26,120,28.17,3.2,2026-10-09T17:31:44.583642,True
2257,Smartphone Premium,Alimentos,471.01,-34,9.93,1.2,2026-10-09T17:31:44.583642,True
2258,Camiseta premium,Esportes,877.31,241,2.27,0.1,2026-10-09T17:31:44.583642,True
2259,URSINHO BASIC,Brinquedos,136.2,487,14.0,5.0,2026-10-09T17:31:44.583642,True
2260,feijão plus,Brinquedos,66.42,321,26.05,3.1,2026-10-09T17:31:44.583642,True
2261,,Eletrônicos,838.02,166,46.57,4.6,2026-10-09T17:31:44.583642,True
2262,BoLa Basic,Eletrônicos,809.0,437,44.52,4.0,2026-10-09T17:31:44.583642,True
2263,Notebook Basic,Casa,579.95,-92,18.87,1.0,2026-10-09T17:31:44.583642,True
2264,Smartphone Premium,Roupas,-47.49,232,15.46,0.7,2026-10-09T17:31:44.583642,True
2265,Mesa Max,Categoria Inexistente,153.68,126,7.58,4.6,2026-10-09T17:31:44.583642,True
2266,,Eletrônicos,576.99,355,47.63,4.2,2026-10-09T17:31:44.583642,True
2267,Smartphone Premium,Casa,18.37,193,45.34,10,2026-10-09T17:31:44.583642,True
2268,Feijão Premium,Livros,495.19,34,-5.64,3.3,2026-10-09T17:31:44.583642,True
2269,Aventura Max,Brinquedos,-46.52,54,33.4,1.5,2026-10-09T17:31:44.583642,True
2270,MESa PREMIUm,Alimentos,716.19,33,45.73,0.9,2026-10-09T17:31:44.583642,True
2271,Sofá Pro,Brinquedos,900.14,-34,41.53,2.8,2026-10-09T17:31:44.583642,True
2272,SmaRTphoNE bASiC,Esportes,348.37,379,35.41,1.2,2026-10-09T17:31:44.583642,True
2273,Camiseta Premium,Eletrônicos,0.0,285,9.42,3.9,2026-10-09T17:31:44.583642,True
2274,Calça Premium,,889.51,427,21.39,5.0,2026-10-09T17:31:44.583642,True
2275,Calça Basic,Esportes,130.2,-22,10.51,4.4,2026-10-09T17:31:44.583642,True
2276,,Livros,918.04,324,6.67,3.8,2026-10-09T17:31:44.583642,True
2277,Aventura Basic,Alimentos,-72.61,441,22.17,3.2,2026-10-09T17:31:44.583642,True
2278,aventura basic,Livros,537.83,488,2.52,2.9,2026-10-09T17:31:44.583642,True
2279,Sofá Basic,Livros,598.91,51,-5.46,0.9,2026-10-09T17:31:44.583642,True
2280,Arroz max,Casa,750.2,152,42.69,4.6,2026-10-09T17:31:44.583642,True
2281,Ursinho Basic,123,74.08,87,0.22,2.4,2026-10-09T17:31:44.583642,True
2282,Smartphone Plus,Alimentos,0.0,360,27.59,4.7,2026-10-09T17:31:44.583642,True
2283,Feijão Pro,Casa,-63.19,401,8.66,4.2,2026-10-09T17:31:44.583642,True
2284,calça premium,Livros,413.13,413,35.5,3.6,2026-10-09T17:31:44.583642,True
2285,Mesa Premium,Casa,0.0,363,26.65,3.2,2026-10-09T17:31:44.583642,True
2286,ROMANCE PRO,Eletrônicos,981.59,80,41.9,4.0,2026-10-09T17:31:44.583642,True
2287,BOLA pLuS,Livros,602.46,199,21.87,3.6,2026-10-09T17:31:44.583642,True
2288,rOmancE prEMium,Alimentos,923.3,168,16.17,2.4,2026-10-09T17:31:44.583642,True
2289,Sofá Max,Casa,715.16,245,-0.76,2.8,2026-10-09T17:31:44.583642,True
2290,Feijão Max,Roupas,-66.09,231,24.85,2.5,2026-10-09T17:31:44.583642,True
2291,,Alimentos,910.07,166,18.36,3.9,2026-10-09T17:31:44.583642,True
2292,Ursinho basic,Casa,813.05,36,41.16,2.1,2026-10-09T17:31:44.583642,True
2293,Arroz pro,Brinquedos,763.51,229,35.75,1.4,2026-10-09T17:31:44.583642,True
2294,Notebook Premium,Esportes,116.61,-13,26.58,3.2,2026-10-09T17:31:44.583642,True
2295,Bola Premium,Eletrônicos,234.35,-59,5.27,1.5,2026-10-09T17:31:44.583642,True
2296,bola basic,Casa,696.85,124,26.65,1.4,2026-10-09T17:31:44.583642,True
2297,Sofá Basic,Brinquedos,399.03,249,-2.78,2.4,2026-10-09T17:31:44.583642,True
2298,Feijão Plus,Alimentos,963.88,218,49.04,100,2026-10-09T17:31:44.583642,True
2299,BOLA PRO,Roupas,131.19,22,14.91,3.8,2026-10-09T17:31:44.583642,True
2300,Mesa Basic,Roupas,-0.5,168,40.9,3.9,2026-10-09T17:31:44.583642,True
2301,Smartphone plus,Livros,640.03,438,16.7,1.2,2026-10-09T17:31:44.583642,True
2302,notebook basic,Roupas,527.64,199,49.56,3.4,2026-10-09T17:31:44.583642,True
2303,Romance Pro,Categoria Inexistente,43.0,115,14.76,3.0,2026-10-09T17:31:44.583642,True
2304,Romance Max,Livros,0.0,108,24.52,4.5,2026-10-09T17:31:44.583642,True
2305,CAMISETA PLUS,Eletrônicos,283.83,78,25.92,3.8,2026-10-09T17:31:44.583642,True
2306,Sofá Basic,,224.68,185,8.92,4.4,2026-10-09T17:31:44.583642,True
2307,,Brinquedos,586.16,93,20.32,1.0,2026-10-09T17:31:44.583642,True
2308,Notebook Pro,Casa,51.74,255,8.6,,2026-10-09T17:31:44.583642,True
2309,Romance Basic,Eletrônicos,897.79,248,13.29,6,2026-10-09T17:31:44.583642,True
2310,sofá basic,Alimentos,222.85,37,49.04,0.5,2026-10-09T17:31:44.583642,True
2311,TV Max,Casa,804.57,-71,27.34,4.3,2026-10-09T17:31:44.583642,True
2312,Mesa Max,Casa,628.59,324,-3.54,3.0,2026-10-09T17:31:44.583642,True
2313,Aventura Plus,Eletrônicos,840.95,-68,41.91,2.5,2026-10-09T17:31:44.583642,True
2314,Aventura Basic,Esportes,652.1,55,-4.77,3.8,2026-10-09T17:31:44.583642,True
2315,TV PRO,Roupas,513.64,38,11.0,4.9,2026-10-09T17:31:44.583642,True
2316,mesa plus,Livros,606.68,343,13.51,3.6,2026-10-09T17:31:44.583642,True
2317,Calça Basic,Brinquedos,230.62,438,31.64,6,2026-10-09T17:31:44.583642,True
2318,Aventura Max,Casa,0.0,159,33.01,3.5,2026-10-09T17:31:44.583642,True
2319,Arroz Plus,Alimentos,305.28,316,49.02,,2026-10-09T17:31:44.583642,True
2320,,Eletrônicos,477.55,231,47.26,1.3,2026-10-09T17:31:44.583642,True
2321,Aventura Max,Livros,799.58,250,34.4,100,2026-10-09T17:31:44.583642,True
2322,TV Premium,Livros,0.0,385,24.63,0.4,2026-10-09T17:31:44.583642,True
2323,Aventura Max,Eletrônicos,93.51,388,48.05,100,2026-10-09T17:31:44.583642,True
2324,CAMISETA PRO,Casa,290.31,403,27.44,4.7,2026-10-09T17:31:44.583642,True
2325,Smartphone Premium,Esportes,596.8,383,-9.86,4.1,2026-10-09T17:31:44.583642,True
2326,MESA BASIC,Casa,431.57,495,13.28,0.9,2026-10-09T17:31:44.583642,True
2327,Ursinho Max,Alimentos,137.53,-78,33.14,4.9,2026-10-09T17:31:44.583642,True
2328,NOTEBOOK PLUS,Alimentos,420.59,430,24.14,0.4,2026-10-09T17:31:44.583642,True
2329,tv plus,Roupas,715.08,332,16.27,2.8,2026-10-09T17:31:44.583642,True
2330,Smartphone Premium,Eletrônicos,124.45,131,-0.03,1.3,2026-10-09T17:31:44.583642,True
2331,Bola Premium,Brinquedos,-13.39,419,3.38,3.7,2026-10-09T17:31:44.583642,True
2332,Aventura Premium,Alimentos,303.04,-6,10.42,3.8,2026-10-09T17:31:44.583642,True
2333,Ursinho Pro,,805.49,355,31.46,0.4,2026-10-09T17:31:44.583642,True
2334,TV Pro,Brinquedos,-69.23,176,38.49,1.3,2026-10-09T17:31:44.583642,True
2335,Bola Plus,Esportes,659.79,-11,10.26,1.2,2026-10-09T17:31:44.583642,True
2336,TV Premium,Casa,349.27,-15,49.23,0.5,2026-10-09T17:31:44.583642,True
2337,Aventura Pro,Brinquedos,0.0,293,6.01,2.9,2026-10-09T17:31:44.583642,True
2338,camiseta plus,Eletrônicos,452.72,253,49.18,3.8,2026-10-09T17:31:44.583642,True
2339,Mesa Premium,Casa,250.14,-68,11.98,0.7,2026-10-09T17:31:44.583642,True
2340, ,Brinquedos,495.79,306,45.05,1.0,2026-10-09T17:31:44.583642,True
2341,cAlça PrO,Eletrônicos,971.36,319,42.3,2.7,2026-10-09T17:31:44.583642,True
2342,Smartphone Plus,Roupas,0.0,202,33.53,2.8,2026-10-09T17:31:44.583642,True
2343,Romance Plus,Categoria Inexistente,579.34,495,44.51,2.9,2026-10-09T17:31:44.583642,True
2344, ,Livros,268.11,9,43.44,3.7,2026-10-09T17:31:44.583642,True
2345,Mesa Plus,Eletrônicos,-46.1,204,44.37,3.4,2026-10-09T17:31:44.583642,True
2346,Bola Pro,Brinquedos,-80.04,35,30.16,0.2,2026-10-09T17:31:44.583642,True
2347,Sofá Pro,Roupas,-74.95,194,6.16,4.9,2026-10-09T17:31:44.583642,True
2348,notebook pro,Livros,94.94,175,24.69,2.5,2026-10-09T17:31:44.583642,True
2349,,Esportes,455.72,122,16.36,4.7,2026-10-09T17:31:44.583642,True
2350,Notebook Premium,Categoria Inexistente,929.89,257,33.0,2.0,2026-10-09T17:31:44.583642,True
2351,Notebook Plus,Eletrônicos,81.73,-76,11.22,1.9,2026-10-09T17:31:44.583642,True
2352,Ursinho Pro,Categoria Inexistente,69.1,498,5.03,3.6,2026-10-09T17:31:44.583642,True
2353,urSinHo baSIC,Esportes,187.08,87,36.05,0.8,2026-10-09T17:31:44.583642,True
2354,Camiseta Premium,Alimentos,372.66,5,38.24,-1,2026-10-09T17:31:44.583642,True
2355,ARROZ PREMIUM,Livros,815.98,119,19.29,4.3,2026-10-09T17:31:44.583642,True
2356,Smartphone Plus,,979.92,332,46.91,0.7,2026-10-09T17:31:44.583642,True
2357,Romance Plus,Eletrônicos,353.89,485,-6.36,3.8,2026-10-09T17:31:44.583642,True
2358,Romance Plus,Brinquedos,362.16,-83,12.61,3.4,2026-10-09T17:31:44.583642,True
2359,Aventura Max,Eletrônicos,0.0,211,20.71,1.9,2026-10-09T17:31:44.583642,True
2360,Ursinho Max,Eletrônicos,269.3,415,45.31,6,2026-10-09T17:31:44.583642,True
2361,Notebook Premium,Roupas,364.68,216,-1.59,4.5,2026-10-09T17:31:44.583642,True
2362,,Brinquedos,274.06,168,49.21,3.3,2026-10-09T17:31:44.583642,True
2363,Romance Max,Roupas,514.99,60,-2.17,1.9,2026-10-09T17:31:44.583642,True
2364,Mesa Max,Alimentos,0.0,275,33.09,1.6,2026-10-09T17:31:44.583642,True
2365,Calça Max,Roupas,0.0,147,34.61,2.4,2026-10-09T17:31:44.583642,True
2366,CAMISETA MAX,Eletrônicos,999.67,81,40.57,0.8,2026-10-09T17:31:44.583642,True
2367,Calça Premium,Casa,343.32,259,49.57,100,2026-10-09T17:31:44.583642,True
2368,Notebook Plus,Eletrônicos,256.26,104,-7.87,0.5,2026-10-09T17:31:44.583642,True
2369, ,Roupas,448.99,219,18.06,2.3,2026-10-09T17:31:44.583642,True
2370,Aventura Plus,Casa,0.0,446,7.56,1.3,2026-10-09T17:31:44.583642,True
2371,Bola Pro,Categoria Inexistente,359.43,46,43.64,0.8,2026-10-09T17:31:44.583642,True
2372,Calça Plus,Roupas,737.22,82,30.01,100,2026-10-09T17:31:44.583642,True
2373,Bola Plus,Casa,601.41,182,-5.98,1.5,2026-10-09T17:31:44.583642,True
2374,FEijÃO prO,Brinquedos,543.91,412,38.64,1.3,2026-10-09T17:31:44.583642,True
2375,MESA BASIC,Casa,197.39,0,46.46,0.6,2026-10-09T17:31:44.583642,True
2376,Ursinho Plus,Categoria Inexistente,375.09,3,15.63,1.2,2026-10-09T17:31:44.583642,True
2377,smartphone basic,Esportes,269.38,468,7.13,0.4,2026-10-09T17:31:44.583642,True
2378,calça pro,Casa,703.43,368,40.82,0.7,2026-10-09T17:31:44.583642,True
2379,Sofá Max,Roupas,478.16,82,-6.58,4.3,2026-10-09T17:31:44.583642,True
2380,Camiseta max,Esportes,775.49,91,41.45,2.8,2026-10-09T17:31:44.583642,True
2381,Sofá Plus,,348.77,75,21.1,4.6,2026-10-09T17:31:44.583642,True
2382,Romance Pro,Esportes,645.49,293,-0.28,4.4,2026-10-09T17:31:44.583642,True
2383,,Brinquedos,233.5,306,9.46,1.7,2026-10-09T17:31:44.583642,True
2384,calça basic,Esportes,648.93,273,3.95,3.2,2026-10-09T17:31:44.583642,True
2385,Aventura basic,Esportes,161.11,63,38.62,1.0,2026-10-09T17:31:44.583642,True
2386,Calça Basic,Categoria Inexistente,671.31,385,17.34,2.1,2026-10-09T17:31:44.583642,True
2387,Camiseta Pro,Eletrônicos,895.47,-90,12.73,0.4,2026-10-09T17:31:44.583642,True
2388,Smartphone Premium,Livros,387.43,200,47.12,-1,2026-10-09T17:31:44.583642,True
2389,Aventura Basic,Roupas,0.0,320,36.26,2.7,2026-10-09T17:31:44.583642,True
2390,Calça Premium,Livros,675.99,244,-1.88,0.4,2026-10-09T17:31:44.583642,True
2391,Smartphone Basic,Brinquedos,0.0,439,33.99,1.1,2026-10-09T17:31:44.583642,True
2392,Calça Max,,130.19,359,47.3,3.7,2026-10-09T17:31:44.583642,True
2393,CAlçA PlUS,Alimentos,748.78,285,4.36,4.7,2026-10-09T17:31:44.583642,True
2394,Ursinho plus,Casa,609.48,311,1.84,3.4,2026-10-09T17:31:44.583642,True
2395,,Eletrônicos,939.33,321,23.39,3.9,2026-10-09T17:31:44.583642,True
2396,Feijão Plus,123,68.88,389,37.32,4.3,2026-10-09T17:31:44.583642,True
2397, ,Livros,542.88,96,6.92,3.5,2026-10-09T17:31:44.583642,True
2398,Arroz Plus,Esportes,277.37,38,-8.66,1.5,2026-10-09T17:31:44.583642,True
2399,,Casa,244.03,136,9.11,2.3,2026-10-09T17:31:44.583642,True
2400,Aventura Max,Casa,-37.57,299,30.53,0.7,2026-10-09T17:31:44.583642,True
2401,Notebook Basic,Livros,724.51,84,29.71,6,2026-10-09T17:31:44.583642,True
2402,Notebook Pro,Casa,81.44,-81,13.51,0.3,2026-10-09T17:31:44.583642,True
2403,Smartphone Plus,Casa,0.0,166,49.29,2.1,2026-10-09T17:31:44.583642,True
2404,Aventura pro,Livros,69.33,44,5.83,5.0,2026-10-09T17:31:44.583642,True
2405,romance premium,Casa,948.99,325,32.49,2.0,2026-10-09T17:31:44.583642,True
2406,Ursinho Pro,Casa,753.56,-18,33.32,0.2,2026-10-09T17:31:44.583642,True
2407,Notebook Plus,Alimentos,-31.86,484,45.65,0.8,2026-10-09T17:31:44.583642,True
2408,Ursinho Plus,Esportes,185.14,-50,36.18,4.0,2026-10-09T17:31:44.583642,True
2409,Camiseta Premium,Alimentos,0.0,256,35.71,0.9,2026-10-09T17:31:44.583642,True
2410,Ursinho max,Esportes,609.36,195,26.19,0.3,2026-10-09T17:31:44.583642,True
2411,Tv plus,Casa,477.79,30,0.46,0.1,2026-10-09T17:31:44.583642,True
2412,Smartphone Pro,Livros,0.0,118,6.78,1.6,2026-10-09T17:31:44.583642,True
2413,Calça Max,Categoria Inexistente,963.37,30,34.96,3.4,2026-10-09T17:31:44.583642,True
2414,Sofá Premium,Livros,0.0,303,6.63,0.9,2026-10-09T17:31:44.583642,True
2415,URSINHO BASIC,Roupas,610.46,243,38.01,1.5,2026-10-09T17:31:44.583642,True
2416,Aventura Basic,Roupas,538.18,-1,34.91,3.9,2026-10-09T17:31:44.583642,True
2417,Sofá Premium,Brinquedos,0.0,110,2.35,4.3,2026-10-09T17:31:44.583642,True
2418,Calça premium,Eletrônicos,70.02,215,14.46,1.9,2026-10-09T17:31:44.583642,True
2419,Calça Premium,Brinquedos,-29.41,155,17.82,0.9,2026-10-09T17:31:44.583642,True
2420,Bola Pro,Eletrônicos,633.23,-18,2.11,0.6,2026-10-09T17:31:44.583642,True
2421,Camiseta Max,Eletrônicos,495.8,-100,25.25,3.4,2026-10-09T17:31:44.583642,True
2422,SMARTPHONE MAX,Casa,710.41,46,46.72,4.0,2026-10-09T17:31:44.583642,True
2423,ursinho plus,Esportes,711.61,484,7.55,4.9,2026-10-09T17:31:44.583642,True
2424,ursinho plus,Roupas,36.94,359,5.97,2.0,2026-10-09T17:31:44.583642,True
2425,Ursinho Basic,123,361.47,48,4.91,4.5,2026-10-09T17:31:44.583642,True
2426,Smartphone Premium,Categoria Inexistente,348.69,328,37.44,3.5,2026-10-09T17:31:44.583642,True
2427,Mesa Basic,Roupas,96.14,-93,1.79,3.6,2026-10-09T17:31:44.583642,True
2428,SMARTPHONE BASIC,Roupas,672.05,401,40.66,0.8,2026-10-09T17:31:44.583642,True
2429,Arroz premium,Brinquedos,820.22,267,3.02,0.5,2026-10-09T17:31:44.583642,True
2430,soFá pRO,Eletrônicos,311.12,163,19.65,2.0,2026-10-09T17:31:44.583642,True
2431,Camiseta Plus,Brinquedos,-76.98,9,48.25,2.6,2026-10-09T17:31:44.583642,True
2432,sofá basic,Livros,547.41,428,16.65,1.9,2026-10-09T17:31:44.583642,True
2433, ,Esportes,333.86,84,18.19,3.8,2026-10-09T17:31:44.583642,True
2434,Arroz Pro,Esportes,-29.75,266,32.93,1.2,2026-10-09T17:31:44.583642,True
2435,mEsA PrEmiuM,Roupas,581.57,395,33.8,3.8,2026-10-09T17:31:44.583642,True
2436,Aventura plus,Brinquedos,573.05,120,17.41,0.6,2026-10-09T17:31:44.583642,True
2437,Arroz basic,Livros,588.38,139,42.53,4.7,2026-10-09T17:31:44.583642,True
2438,Aventura Pro,,188.68,93,48.32,2.7,2026-10-09T17:31:44.583642,True
2439,Ursinho Plus,Esportes,947.19,-64,6.15,0.8,2026-10-09T17:31:44.583642,True
2440,roMancE plUs,Livros,184.66,279,15.67,4.8,2026-10-09T17:31:44.583642,True
2441,Notebook Max,Alimentos,-0.07,394,21.75,4.2,2026-10-09T17:31:44.583642,True
2442,TV PLUS,Alimentos,797.06,63,37.41,1.1,2026-10-09T17:31:44.583642,True
2443,Tv pLus,Esportes,897.49,225,19.53,1.0,2026-10-09T17:31:44.583642,True
2444,Sofá Max,Roupas,222.98,-47,28.04,3.4,2026-10-09T17:31:44.583642,True
2445,Smartphone basic,Esportes,616.24,135,11.53,3.1,2026-10-09T17:31:44.583642,True
2446,Tv premium,Brinquedos,996.91,386,27.53,2.2,2026-10-09T17:31:44.583642,True
2447,MESA pLus,Eletrônicos,232.16,274,12.94,1.4,2026-10-09T17:31:44.583642,True
2448,boLa pLUS,Esportes,662.89,421,23.66,3.8,2026-10-09T17:31:44.583642,True
2449,Ursinho Plus,123,384.15,200,12.89,3.1,2026-10-09T17:31:44.583642,True
2450,Ursinho premium,Casa,431.01,160,7.05,1.6,2026-10-09T17:31:44.583642,True
2451,MESA MAX,Brinquedos,805.37,317,12.18,0.8,2026-10-09T17:31:44.583642,True
2452,Romance premium,Livros,567.38,243,25.56,4.0,2026-10-09T17:31:44.583642,True
2453, ,Livros,663.98,45,48.21,0.1,2026-10-09T17:31:44.583642,True
2454,Bola Max,Livros,0.0,233,27.22,1.0,2026-10-09T17:31:44.583642,True
2455,TV Basic,Livros,0.0,37,33.86,0.7,2026-10-09T17:31:44.583642,True
2456,Ursinho plus,Roupas,848.62,2,43.8,4.7,2026-10-09T17:31:44.583642,True
2457,Bola Plus,Esportes,0.0,382,4.61,1.4,2026-10-09T17:31:44.583642,True
2458,FeIJÃo MAX,Casa,174.58,451,5.52,3.2,2026-10-09T17:31:44.583642,True
2459,smartphone premium,Livros,725.29,167,3.22,1.9,2026-10-09T17:31:44.583642,True
2460,Smartphone Pro,Casa,0.0,356,33.3,3.1,2026-10-09T17:31:44.583642,True
2461,,Roupas,602.9,24,32.57,2.4,2026-10-09T17:31:44.583642,True
2462,Notebook Plus,Casa,445.92,-47,9.28,3.2,2026-10-09T17:31:44.583642,True
2463,ArrOZ BaSiC,Livros,517.94,131,7.96,2.7,2026-10-09T17:31:44.583642,True
2464,Bola premium,Roupas,507.99,226,47.76,4.5,2026-10-09T17:31:44.583642,True
2465,Feijão Pro,Casa,710.9,-68,26.4,2.3,2026-10-09T17:31:44.583642,True
2466,Ursinho Plus,Roupas,240.82,233,34.73,6,2026-10-09T17:31:44.583642,True
2467,Sofá Basic,123,145.95,460,38.36,4.8,2026-10-09T17:31:44.583642,True
2468,SOFÁ PLUS,Casa,709.73,143,38.5,0.3,2026-10-09T17:31:44.583642,True
2469,Sofá Max,Brinquedos,667.99,265,18.12,,2026-10-09T17:31:44.583642,True
2470,Romance Premium,Brinquedos,797.16,182,18.34,,2026-10-09T17:31:44.583642,True
2471,ursinho pro,Brinquedos,465.36,392,15.38,3.5,2026-10-09T17:31:44.583642,True
2472,Calça Pro,Roupas,-65.54,293,11.64,1.7,2026-10-09T17:31:44.583642,True
2473,Arroz Max,Brinquedos,116.33,188,-0.35,2.5,2026-10-09T17:31:44.583642,True
2474,Romance Max,Eletrônicos,705.36,455,35.76,6,2026-10-09T17:31:44.583642,True
2475,URSiNHo Pro,Casa,85.25,168,32.47,1.9,2026-10-09T17:31:44.583642,True
2476,,Brinquedos,131.07,364,24.19,1.0,2026-10-09T17:31:44.583642,True
2477,Camiseta Premium,,804.86,369,31.5,0.1,2026-10-09T17:31:44.583642,True
2478,Sofá Basic,123,390.71,188,35.89,1.7,2026-10-09T17:31:44.583642,True
2479,CAMISETA BASIC,Alimentos,134.09,88,36.99,3.2,2026-10-09T17:31:44.583642,True
2480,Sofá Plus,Roupas,312.47,282,-9.35,3.7,2026-10-09T17:31:44.583642,True
2481,Notebook Plus,Esportes,838.41,208,44.21,-1,2026-10-09T17:31:44.583642,True
2482,Smartphone basic,Brinquedos,107.51,49,16.27,1.8,2026-10-09T17:31:44.583642,True
2483,Aventura Basic,Eletrônicos,579.45,168,-7.16,4.7,2026-10-09T17:31:44.583642,True
2484,Arroz Max,,438.55,324,42.25,4.0,2026-10-09T17:31:44.583642,True
2485,TV Pro,Livros,813.89,320,-6.33,1.2,2026-10-09T17:31:44.583642,True
2486,TV Pro,Eletrônicos,517.99,-96,18.62,0.7,2026-10-09T17:31:44.583642,True
2487,Feijão Pro,Roupas,0.0,163,18.99,2.5,2026-10-09T17:31:44.583642,True
2488,notebook premium,Roupas,164.09,391,25.86,3.1,2026-10-09T17:31:44.583642,True
2489,AVENTURA PREMIUM,Roupas,109.24,80,15.66,4.5,2026-10-09T17:31:44.583642,True
2490,Bola Max,,137.05,35,17.36,4.9,2026-10-09T17:31:44.583642,True
2491,Bola Pro,Brinquedos,734.44,-36,34.81,4.3,2026-10-09T17:31:44.583642,True
2492,Arroz Basic,Casa,-14.84,67,48.4,0.3,2026-10-09T17:31:44.583642,True
2493,TV Max,Roupas,0.0,390,2.39,3.0,2026-10-09T17:31:44.583642,True
2494,ROMANCE BASIC,Roupas,511.14,161,17.09,1.6,2026-10-09T17:31:44.583642,True
2495,ARROZ MAX,Casa,879.55,294,5.78,2.4,2026-10-09T17:31:44.583642,True
2496,URSINHO PRO,Eletrônicos,250.84,322,3.27,2.9,2026-10-09T17:31:44.583642,True
2497,Smartphone Pro,Categoria Inexistente,773.63,481,6.52,4.7,2026-10-09T17:31:44.583642,True
2498,TV Basic,Alimentos,0.0,91,16.24,1.0,2026-10-09T17:31:44.583642,True
2499,URsInhO Plus,Alimentos,688.94,231,33.7,1.0,2026-10-09T17:31:44.583642,True
2500,smartphone premium,Roupas,733.44,78,36.45,0.2,2026-10-09T17:31:44.583642,True
2501,Bola Basic,Esportes,428.7,164,47.29,-1,2026-10-09T17:31:44.583642,True
2502,Camiseta Max,Alimentos,274.0,237,-0.49,4.8,2026-10-09T17:31:44.583642,True
2503, ,Brinquedos,56.23,185,2.11,2.1,2026-10-09T17:31:44.583642,True
2504,Aventura Plus,Alimentos,928.73,352,25.89,,2026-10-09T17:31:44.583642,True
2505,bola basic,Roupas,135.53,426,42.82,2.4,2026-10-09T17:31:44.583642,True
2506,Aventura Max,Roupas,750.72,358,47.42,-1,2026-10-09T17:31:44.583642,True
2507,,Roupas,611.5,356,39.96,1.2,2026-10-09T17:31:44.583642,True
2508,Calça Pro,123,997.77,55,0.41,2.2,2026-10-09T17:31:44.583642,True
2509,feijão plus,Roupas,275.91,391,7.2,2.1,2026-10-09T17:31:44.583642,True
2510,Sofá Pro,Eletrônicos,954.23,253,39.64,6,2026-10-09T17:31:44.583642,True
2511,Calça Premium,123,128.36,500,35.9,4.9,2026-10-09T17:31:44.583642,True
2512,Aventura Max,Esportes,967.23,396,42.25,6,2026-10-09T17:31:44.583642,True
2513,Mesa Basic,,454.58,72,42.61,1.2,2026-10-09T17:31:44.583642,True
2514,Smartphone plus,Esportes,285.28,250,34.57,2.6,2026-10-09T17:31:44.583642,True
2515,Bola Plus,Esportes,0.0,495,25.27,3.5,2026-10-09T17:31:44.583642,True
2516,ARROZ PLUS,Brinquedos,840.0,425,38.47,4.0,2026-10-09T17:31:44.583642,True
2517,Calça Basic,Brinquedos,822.08,450,24.12,,2026-10-09T17:31:44.583642,True
2518,Aventura Premium,123,661.91,9,47.16,1.3,2026-10-09T17:31:44.583642,True
2519,Arroz Plus,Alimentos,468.55,-87,44.38,1.2,2026-10-09T17:31:44.583642,True
2520,AvENTuRa PrO,Roupas,180.6,250,27.69,3.2,2026-10-09T17:31:44.583642,True
2521,Notebook max,Esportes,472.82,9,26.39,0.3,2026-10-09T17:31:44.583642,True
2522,mesa max,Esportes,701.43,345,37.28,0.8,2026-10-09T17:31:44.583642,True
2523,ARROZ PREMIUM,Brinquedos,368.95,431,30.06,2.9,2026-10-09T17:31:44.583642,True
2524,Notebook Max,,941.77,185,6.62,3.6,2026-10-09T17:31:44.583642,True
2525,Calça Pro,Esportes,133.06,493,-4.4,3.5,2026-10-09T17:31:44.583642,True
2526,Smartphone Pro,Roupas,0.0,82,8.83,2.4,2026-10-09T17:31:44.583642,True
2527,feijão pro,Livros,896.11,353,11.49,4.3,2026-10-09T17:31:44.583642,True
2528,camiseta basic,Alimentos,131.02,318,43.08,3.1,2026-10-09T17:31:44.583642,True
2529,Notebook basic,Esportes,919.72,425,4.68,0.3,2026-10-09T17:31:44.583642,True
2530,Camiseta premium,Brinquedos,620.75,357,41.91,2.3,2026-10-09T17:31:44.583642,True
2531,,Brinquedos,599.53,190,49.06,3.8,2026-10-09T17:31:44.583642,True
2532,Notebook Basic,123,462.36,338,46.49,3.0,2026-10-09T17:31:44.583642,True
2533, ,Casa,942.53,249,15.82,1.9,2026-10-09T17:31:44.583642,True
2534,AVeNtura mAx,Brinquedos,734.98,344,21.0,3.9,2026-10-09T17:31:44.583642,True
2535,Bola Plus,Esportes,225.59,187,24.43,6,2026-10-09T17:31:44.583642,True
2536,Aventura Max,Casa,320.21,145,18.59,6,2026-10-09T17:31:44.583642,True
2537,Aventura Pro,Esportes,0.0,380,10.24,3.8,2026-10-09T17:31:44.583642,True
2538,FEIJÃO PREMIUM,Brinquedos,256.07,480,13.49,2.7,2026-10-09T17:31:44.583642,True
2539,Smartphone Pro,Roupas,-35.38,353,49.47,4.3,2026-10-09T17:31:44.583642,True
2540,,Esportes,852.71,287,11.33,4.1,2026-10-09T17:31:44.583642,True
2541,Mesa Pro,Eletrônicos,447.38,425,0.85,-1,2026-10-09T17:31:44.583642,True
2542,Bola Pro,,945.47,312,35.69,1.9,2026-10-09T17:31:44.583642,True
2543,camiseta premium,Eletrônicos,898.46,165,17.8,1.3,2026-10-09T17:31:44.583642,True
2544,smarTpHONE bAsIC,Casa,754.02,160,31.17,0.5,2026-10-09T17:31:44.583642,True
2545,Calça Plus,Esportes,532.15,-46,44.19,3.2,2026-10-09T17:31:44.583642,True
2546,Camiseta premium,Eletrônicos,358.14,127,23.67,4.5,2026-10-09T17:31:44.583642,True
2547,Camiseta Basic,Brinquedos,248.39,229,-2.06,1.6,2026-10-09T17:31:44.583642,True
2548,ROMANCE BASIC,Livros,330.63,233,1.37,3.8,2026-10-09T17:31:44.583642,True
2549,,Casa,227.73,332,25.23,2.4,2026-10-09T17:31:44.583642,True
2550,NOTEBOOK PREMIUM,Casa,356.42,476,38.09,0.9,2026-10-09T17:31:44.583642,True
2551,MESA MAX,Esportes,749.61,240,21.14,1.9,2026-10-09T17:31:44.583642,True
2552,TV Premium,Livros,922.33,63,-7.9,4.9,2026-10-09T17:31:44.583642,True
2553,Arroz plus,Casa,670.85,111,26.09,2.1,2026-10-09T17:31:44.583642,True
2554,TV Max,Esportes,946.48,421,-9.22,1.0,2026-10-09T17:31:44.583642,True
2555,TV Basic,Esportes,-65.87,404,35.37,4.9,2026-10-09T17:31:44.583642,True
2556,Tv pro,Casa,819.95,75,40.13,4.5,2026-10-09T17:31:44.583642,True
2557,,Esportes,240.36,448,24.43,3.5,2026-10-09T17:31:44.583642,True
2558,Notebook max,Roupas,763.08,184,25.97,0.2,2026-10-09T17:31:44.583642,True
2559,,Alimentos,40.31,230,44.84,3.4,2026-10-09T17:31:44.583642,True
2560,TV Premium,Alimentos,422.59,165,4.02,-1,2026-10-09T17:31:44.583642,True
2561,Calça Pro,Roupas,20.1,360,-6.34,4.8,2026-10-09T17:31:44.583642,True
2562,SOFÁ PRO,Casa,568.77,298,12.5,0.5,2026-10-09T17:31:44.583642,True
2563,Camiseta Basic,Esportes,222.37,187,-5.42,4.4,2026-10-09T17:31:44.583642,True
2564,,Eletrônicos,237.82,147,46.25,0.5,2026-10-09T17:31:44.583642,True
2565,Aventura Max,Brinquedos,64.98,399,-4.81,2.7,2026-10-09T17:31:44.583642,True
2566,Mesa Max,Brinquedos,198.61,-94,3.78,1.3,2026-10-09T17:31:44.583642,True
2567,FEIJÃO PREMIUM,Eletrônicos,981.05,154,16.97,2.1,2026-10-09T17:31:44.583642,True
2568,Notebook Basic,,152.47,213,37.37,4.6,2026-10-09T17:31:44.583642,True
2569,,Brinquedos,408.1,445,6.84,3.1,2026-10-09T17:31:44.583642,True
2570,Arroz basic,Eletrônicos,421.92,485,19.58,4.3,2026-10-09T17:31:44.583642,True
2571,Arroz Max,Alimentos,600.72,140,41.63,6,2026-10-09T17:31:44.583642,True
2572,Tv basic,Livros,987.83,441,22.81,0.9,2026-10-09T17:31:44.583642,True
2573,Ursinho Plus,Brinquedos,675.05,392,-1.14,4.3,2026-10-09T17:31:44.583642,True
2574,sofá pro,Esportes,234.42,21,13.69,4.9,2026-10-09T17:31:44.583642,True
2575,Notebook Premium,Eletrônicos,632.72,373,-9.82,1.3,2026-10-09T17:31:44.583642,True
2576,Aventura Pro,Alimentos,-73.91,59,13.47,2.4,2026-10-09T17:31:44.583642,True
2577,Camiseta Basic,Livros,779.61,118,-0.77,4.6,2026-10-09T17:31:44.583642,True
2578,,Esportes,395.89,497,31.03,1.7,2026-10-09T17:31:44.583642,True
2579,Notebook Premium,Casa,822.29,93,40.73,-1,2026-10-09T17:31:44.583642,True
2580,Bola premium,Casa,739.77,138,27.39,2.0,2026-10-09T17:31:44.583642,True
2581,Smartphone Plus,Casa,-66.1,209,11.31,0.9,2026-10-09T17:31:44.583642,True
2582,,Roupas,792.32,285,48.84,3.8,2026-10-09T17:31:44.583642,True
2583,Tv basic,Alimentos,549.45,207,3.67,4.7,2026-10-09T17:31:44.583642,True
2584,Ursinho Pro,Alimentos,560.14,361,-0.63,1.9,2026-10-09T17:31:44.583642,True
2585,Aventura Premium,Brinquedos,909.83,-78,38.73,2.4,2026-10-09T17:31:44.583642,True
2586,Calça plus,Livros,29.13,439,10.9,4.8,2026-10-09T17:31:44.583642,True
2587,mesa max,Esportes,824.25,320,46.98,0.9,2026-10-09T17:31:44.583642,True
2588,TV Basic,,69.64,448,43.72,0.4,2026-10-09T17:31:44.583642,True
2589,Camiseta Premium,Esportes,747.52,469,-2.86,4.8,2026-10-09T17:31:44.583642,True
2590,feijão premium,Alimentos,769.16,102,8.55,4.2,2026-10-09T17:31:44.583642,True
2591,Aventura Basic,123,882.8,39,29.34,3.2,2026-10-09T17:31:44.583642,True
2592,Arroz Premium,Livros,-98.98,61,34.43,1.9,2026-10-09T17:31:44.583642,True
2593,Sofá Basic,Alimentos,688.16,237,-3.52,1.2,2026-10-09T17:31:44.583642,True
2594,Notebook Max,Brinquedos,-39.97,201,19.16,1.7,2026-10-09T17:31:44.583642,True
2595,Notebook Basic,Esportes,-41.57,250,13.73,3.9,2026-10-09T17:31:44.583642,True
2596,BOla Basic,Roupas,267.1,39,49.31,0.7,2026-10-09T17:31:44.583642,True
2597,Romance Plus,Alimentos,25.64,361,-1.29,2.3,2026-10-09T17:31:44.583642,True
2598,feijão basic,Alimentos,238.48,420,3.8,3.4,2026-10-09T17:31:44.583642,True
2599,Sofá Basic,Brinquedos,549.47,139,-1.23,3.1,2026-10-09T17:31:44.583642,True
2600,Bola Premium,Roupas,56.18,-81,20.13,4.0,2026-10-09T17:31:44.583642,True
2601,Aventura Plus,Roupas,234.8,104,-8.83,3.5,2026-10-09T17:31:44.583642,True
2602,TV Basic,Eletrônicos,0.0,480,6.99,4.2,2026-10-09T17:31:44.583642,True
2603,Camiseta Basic,Categoria Inexistente,987.33,90,8.91,1.0,2026-10-09T17:31:44.583642,True
2604,Calça Pro,Roupas,466.27,-70,23.79,1.3,2026-10-09T17:31:44.583642,True
2605,Feijão Max,Esportes,327.64,483,22.53,6,2026-10-09T17:31:44.583642,True
2606,,Brinquedos,611.74,262,23.69,4.0,2026-10-09T17:31:44.583642,True
2607,feijão max,Alimentos,402.83,128,40.71,1.1,2026-10-09T17:31:44.583642,True
2608,Smartphone Max,Alimentos,-19.06,322,21.72,2.9,2026-10-09T17:31:44.583642,True
2609,Camiseta Plus,Esportes,707.85,-44,6.72,3.6,2026-10-09T17:31:44.583642,True
2610,TV Pro,Roupas,0.0,191,30.25,2.9,2026-10-09T17:31:44.583642,True
2611,Notebook premium,Casa,252.96,381,37.61,1.8,2026-10-09T17:31:44.583642,True
2612,Notebook max,Eletrônicos,949.36,115,40.34,4.5,2026-10-09T17:31:44.583642,True
2613,Smartphone Pro,,503.94,236,30.93,2.1,2026-10-09T17:31:44.583642,True
2614,Romance Plus,Alimentos,-32.68,11,38.27,4.7,2026-10-09T17:31:44.583642,True
2615,Aventura Plus,Brinquedos,116.54,96,2.2,,2026-10-09T17:31:44.583642,True
2616,Camiseta Max,Eletrônicos,991.24,145,-0.6,3.7,2026-10-09T17:31:44.583642,True
2617,SMARTPHONE MAX,Eletrônicos,186.08,103,8.18,2.3,2026-10-09T17:31:44.583642,True
2618,MEsA pREmIUM,Eletrônicos,373.8,296,48.72,3.4,2026-10-09T17:31:44.583642,True
2619,Smartphone Pro,123,258.37,499,21.59,3.5,2026-10-09T17:31:44.583642,True
2620,Feijão Premium,Livros,0.0,320,14.74,0.4,2026-10-09T17:31:44.583642,True
2621,,Brinquedos,761.5,168,41.63,3.5,2026-10-09T17:31:44.583642,True
2622, ,Casa,369.17,226,32.78,1.8,2026-10-09T17:31:44.583642,True
2623,Camiseta max,Livros,309.24,182,2.4,1.4,2026-10-09T17:31:44.583642,True
2624,Mesa Basic,,482.21,450,21.02,0.5,2026-10-09T17:31:44.583642,True
2625,sofá max,Brinquedos,458.78,12,41.79,4.3,2026-10-09T17:31:44.583642,True
2626,TV Pro,Esportes,973.1,-11,13.09,4.2,2026-10-09T17:31:44.583642,True
2627,,Esportes,192.39,398,6.54,1.9,2026-10-09T17:31:44.583642,True
2628,avENtUra PLUs,Roupas,966.04,416,48.77,1.6,2026-10-09T17:31:44.583642,True
2629,Sofá Premium,123,318.65,54,27.77,1.1,2026-10-09T17:31:44.583642,True
2630, ,Eletrônicos,126.21,362,20.01,1.6,2026-10-09T17:31:44.583642,True
2631,,Livros,505.25,477,8.02,0.5,2026-10-09T17:31:44.583642,True
2632,ROMANCE PRO,Esportes,346.63,170,41.32,4.5,2026-10-09T17:31:44.583642,True
2633,Ursinho Basic,Roupas,131.49,238,28.65,,2026-10-09T17:31:44.583642,True
2634,,Casa,553.72,270,29.89,1.4,2026-10-09T17:31:44.583642,True
2635, ,Esportes,779.95,168,17.71,1.7,2026-10-09T17:31:44.583642,True
2636,Aventura Pro,Roupas,803.91,-30,6.17,0.4,2026-10-09T17:31:44.583642,True
2637,Sofá Pro,Brinquedos,102.27,20,-1.01,3.7,2026-10-09T17:31:44.583642,True
2638,Mesa Premium,,243.26,272,11.24,4.4,2026-10-09T17:31:44.583642,True
2639,Romance Pro,Eletrônicos,-13.06,305,41.57,2.4,2026-10-09T17:31:44.583642,True
2640,TV Premium,Esportes,0.0,37,34.62,4.9,2026-10-09T17:31:44.583642,True
2641,Smartphone Plus,,35.89,357,13.49,0.6,2026-10-09T17:31:44.583642,True
2642, ,Livros,236.57,144,42.79,4.2,2026-10-09T17:31:44.583642,True
2643,Mesa Plus,Brinquedos,0.0,329,23.41,1.7,2026-10-09T17:31:44.583642,True
2644,Calça Basic,Alimentos,-82.03,472,33.36,2.3,2026-10-09T17:31:44.583642,True
2645,Ursinho Basic,,518.92,53,5.08,2.7,2026-10-09T17:31:44.583642,True
2646,Notebook Pro,Alimentos,417.82,380,15.43,6,2026-10-09T17:31:44.583642,True
2647,Bola Pro,Brinquedos,0.0,406,14.38,2.9,2026-10-09T17:31:44.583642,True
2648,Aventura Plus,Roupas,259.04,124,45.73,100,2026-10-09T17:31:44.583642,True
2649,URSINHO BASIC,Brinquedos,804.56,82,31.57,3.1,2026-10-09T17:31:44.583642,True
2650,SMARTPHONE BASIC,Livros,582.24,129,43.55,0.2,2026-10-09T17:31:44.583642,True
2651,Aventura pro,Livros,149.86,456,1.44,3.0,2026-10-09T17:31:44.583642,True
2652,URSINHO PLUS,Esportes,888.15,413,7.39,3.2,2026-10-09T17:31:44.583642,True
2653,Calça Plus,,908.54,245,25.78,4.6,2026-10-09T17:31:44.583642,True
2654,MESA PREMIUM,Eletrônicos,973.43,356,46.46,0.5,2026-10-09T17:31:44.583642,True
2655,smartphone plus,Alimentos,377.78,159,7.59,2.5,2026-10-09T17:31:44.583642,True
2656,,Brinquedos,709.24,294,8.45,3.6,2026-10-09T17:31:44.583642,True
2657,Aventura Plus,Esportes,805.71,-60,23.15,0.4,2026-10-09T17:31:44.583642,True
2658,mESa pLUS,Alimentos,254.79,184,21.44,2.9,2026-10-09T17:31:44.583642,True
2659,Aventura max,Alimentos,933.26,228,10.83,3.4,2026-10-09T17:31:44.583642,True
2660,sofá pro,Esportes,452.07,181,20.02,0.8,2026-10-09T17:31:44.583642,True
2661,Arroz Pro,Brinquedos,-84.81,380,4.76,2.2,2026-10-09T17:31:44.583642,True
2662,Aventura Basic,,723.38,393,37.5,2.4,2026-10-09T17:31:44.583642,True
2663,Mesa Max,Eletrônicos,190.88,157,21.65,100,2026-10-09T17:31:44.583642,True
2664,Feijão Basic,Eletrônicos,408.74,-59,3.28,3.3,2026-10-09T17:31:44.583642,True
2665,Mesa pro,Roupas,472.17,97,0.96,0.1,2026-10-09T17:31:44.583642,True
2666,Ursinho max,Esportes,142.5,49,20.81,1.1,2026-10-09T17:31:44.583642,True
2667,NOTEBOOK PREMIUM,Livros,153.51,297,16.66,4.5,2026-10-09T17:31:44.583642,True
2668,Bola Max,Esportes,667.38,63,-1.35,2.7,2026-10-09T17:31:44.583642,True
2669,TV Basic,Casa,0.0,348,10.55,2.6,2026-10-09T17:31:44.583642,True
2670,Ursinho Plus,Alimentos,-23.51,245,32.03,2.8,2026-10-09T17:31:44.583642,True
2671,,Casa,414.56,229,4.91,0.3,2026-10-09T17:31:44.583642,True
2672,,Eletrônicos,982.23,121,28.08,0.1,2026-10-09T17:31:44.583642,True
2673,Mesa Basic,Casa,0.0,396,41.07,3.6,2026-10-09T17:31:44.583642,True
2674,Ursinho Plus,Livros,-48.44,144,0.21,2.7,2026-10-09T17:31:44.583642,True
2675,NOTEBOOK PREMIUM,Alimentos,145.65,202,25.81,3.3,2026-10-09T17:31:44.583642,True
2676,Mesa Plus,,480.04,293,41.4,2.0,2026-10-09T17:31:44.583642,True
2677,tv baSiC,Eletrônicos,594.17,373,1.82,0.3,2026-10-09T17:31:44.583642,True
2678,Notebook Plus,Roupas,749.14,3,26.89,-1,2026-10-09T17:31:44.583642,True
2679,sofá pro,Casa,103.09,378,7.15,0.3,2026-10-09T17:31:44.583642,True
2680, ,Livros,13.76,353,23.76,2.8,2026-10-09T17:31:44.583642,True
2681,Bola Pro,Livros,320.95,-70,21.31,0.6,2026-10-09T17:31:44.583642,True
2682,Aventura Premium,Eletrônicos,0.0,202,19.72,3.1,2026-10-09T17:31:44.583642,True
2683,Notebook Pro,123,492.4,494,14.59,0.0,2026-10-09T17:31:44.583642,True
2684,Mesa Max,Livros,-42.97,349,24.12,0.4,2026-10-09T17:31:44.583642,True
2685,smarTpHonE PREmiuM,Eletrônicos,119.71,383,10.74,2.9,2026-10-09T17:31:44.583642,True
2686,,Esportes,245.89,459,34.77,1.4,2026-10-09T17:31:44.583642,True
2687,TV Pro,Eletrônicos,-4.83,250,23.31,1.1,2026-10-09T17:31:44.583642,True
2688,romance premium,Brinquedos,665.1,6,40.34,4.6,2026-10-09T17:31:44.583642,True
2689,TV Premium,Brinquedos,471.59,4,19.37,-1,2026-10-09T17:31:44.583642,True
2690,Sofá Max,Esportes,661.79,229,-2.81,0.5,2026-10-09T17:31:44.583642,True
2691,Mesa Pro,,769.72,474,0.7,1.9,2026-10-09T17:31:44.583642,True
2692,ROMANCE PREMIUM,Esportes,996.73,276,4.76,0.1,2026-10-09T17:31:44.583642,True
2693,Mesa Pro,Livros,0.0,385,41.37,2.1,2026-10-09T17:31:44.583642,True
2694,Mesa Max,Eletrônicos,0.0,465,13.69,1.4,2026-10-09T17:31:44.583642,True
2695,notebook max,Brinquedos,876.59,77,3.99,0.2,2026-10-09T17:31:44.583642,True
2696,Feijão Pro,Categoria Inexistente,23.4,363,9.63,0.1,2026-10-09T17:31:44.583642,True
2697,Bola Premium,Alimentos,-12.17,395,45.79,1.4,2026-10-09T17:31:44.583642,True
2698,ArRoZ pro,Alimentos,947.42,484,19.27,0.3,2026-10-09T17:31:44.583642,True
2699,Romance Premium,Brinquedos,901.56,-99,11.5,4.7,2026-10-09T17:31:44.583642,True
2700,AVEnTurA pro,Roupas,970.98,114,4.86,2.2,2026-10-09T17:31:44.583642,True
2701,Feijão Pro,Casa,0.0,220,37.1,3.3,2026-10-09T17:31:44.583642,True
2702,Feijão Premium,Eletrônicos,560.19,190,-6.2,1.4,2026-10-09T17:31:44.583642,True
2703,Mesa Max,Roupas,990.52,355,8.61,6,2026-10-09T17:31:44.583642,True
2704,Romance Pro,Livros,-22.94,101,45.64,1.7,2026-10-09T17:31:44.583642,True
2705,Camiseta Max,Esportes,-84.16,21,33.76,3.7,2026-10-09T17:31:44.583642,True
2706,Sofá Max,Brinquedos,-86.42,432,41.04,2.7,2026-10-09T17:31:44.583642,True
2707,Bola Pro,Casa,928.23,-3,22.4,0.7,2026-10-09T17:31:44.583642,True
2708,Arroz Pro,Brinquedos,0.0,479,36.06,1.5,2026-10-09T17:31:44.583642,True
2709,Feijão Max,Livros,711.66,329,-4.21,5.0,2026-10-09T17:31:44.583642,True
2710, ,Esportes,146.8,497,0.74,4.0,2026-10-09T17:31:44.583642,True
2711,Notebook Pro,Eletrônicos,372.02,166,-2.8,3.1,2026-10-09T17:31:44.583642,True
2712,Romance pro,Esportes,895.82,494,7.99,1.4,2026-10-09T17:31:44.583642,True
2713,Calça Max,Roupas,595.49,498,-4.41,3.6,2026-10-09T17:31:44.583642,True
2714,Romance Premium,Livros,406.46,105,-8.89,3.4,2026-10-09T17:31:44.583642,True
2715,Romance Premium,Roupas,0.0,104,37.32,3.6,2026-10-09T17:31:44.583642,True
2716,Camiseta Basic,Roupas,0.0,495,49.01,2.8,2026-10-09T17:31:44.583642,True
2717,TV Plus,Casa,-40.91,481,3.03,5.0,2026-10-09T17:31:44.583642,True
2718,Aventura Pro,Eletrônicos,990.52,344,-8.0,3.8,2026-10-09T17:31:44.583642,True
2719,Feijão basic,Eletrônicos,178.34,82,7.89,3.1,2026-10-09T17:31:44.583642,True
2720,Mesa Premium,Casa,-11.65,499,12.36,1.5,2026-10-09T17:31:44.583642,True
2721,ROMANCE PRO,Eletrônicos,181.35,177,37.71,4.5,2026-10-09T17:31:44.583642,True
2722,Feijão Pro,,811.62,318,39.76,1.2,2026-10-09T17:31:44.583642,True
2723,,Brinquedos,977.48,83,48.28,1.0,2026-10-09T17:31:44.583642,True
2724,Smartphone Premium,Livros,-89.82,27,25.41,1.5,2026-10-09T17:31:44.583642,True
2725,Arroz plus,Esportes,383.31,363,36.52,1.9,2026-10-09T17:31:44.583642,True
2726,Aventura Pro,Roupas,744.14,-9,12.8,4.2,2026-10-09T17:31:44.583642,True
2727, ,Casa,772.3,321,32.47,1.2,2026-10-09T17:31:44.583642,True
2728,Bola basic,Livros,923.73,247,37.55,1.6,2026-10-09T17:31:44.583642,True
2729,Mesa Basic,Livros,506.14,202,29.5,-1,2026-10-09T17:31:44.583642,True
2730,Notebook plus,Alimentos,982.6,283,39.27,1.4,2026-10-09T17:31:44.583642,True
2731,romance pro,Alimentos,542.32,270,40.86,3.9,2026-10-09T17:31:44.583642,True
2732,Notebook Basic,Categoria Inexistente,689.8,475,23.3,0.1,2026-10-09T17:31:44.583642,True
2733,Arroz Max,Casa,257.78,-37,10.11,2.3,2026-10-09T17:31:44.583642,True
2734,bola max,Alimentos,773.85,489,10.45,0.9,2026-10-09T17:31:44.583642,True
2735,,Roupas,724.93,230,15.97,2.0,2026-10-09T17:31:44.583642,True
2736,Calça Pro,Eletrônicos,-42.48,76,31.81,3.2,2026-10-09T17:31:44.583642,True
2737,ARROZ BASIC,Roupas,23.74,124,39.58,3.7,2026-10-09T17:31:44.583642,True
2738,sofá max,Livros,614.58,291,5.06,1.0,2026-10-09T17:31:44.583642,True
2739,TV Max,Casa,216.35,-46,48.85,3.5,2026-10-09T17:31:44.583642,True
2740,Mesa Basic,Eletrônicos,473.64,309,14.0,6,2026-10-09T17:31:44.583642,True
2741,Ursinho Max,Categoria Inexistente,166.94,4,14.93,3.1,2026-10-09T17:31:44.583642,True
2742,Camiseta max,Eletrônicos,658.3,316,13.19,3.2,2026-10-09T17:31:44.583642,True
2743, ,Brinquedos,835.33,41,16.48,2.5,2026-10-09T17:31:44.583642,True
2744,,Esportes,427.88,78,36.38,2.6,2026-10-09T17:31:44.583642,True
2745,Mesa Basic,Brinquedos,-88.36,312,35.13,4.8,2026-10-09T17:31:44.583642,True
2746,URSINHO PRO,Roupas,901.42,399,42.11,3.8,2026-10-09T17:31:44.583642,True
2747,URSINHO PLUS,Casa,823.11,155,47.35,3.7,2026-10-09T17:31:44.583642,True
2748,Ursinho Basic,Livros,43.41,379,17.16,-1,2026-10-09T17:31:44.583642,True
2749,Sofá basic,Roupas,441.69,149,26.44,4.3,2026-10-09T17:31:44.583642,True
2750,Arroz Pro,Livros,-71.95,84,27.79,2.7,2026-10-09T17:31:44.583642,True
2751,Arroz Max,Livros,137.06,305,17.89,100,2026-10-09T17:31:44.583642,True
2752,TV Premium,Eletrônicos,857.28,202,-2.15,0.2,2026-10-09T17:31:44.583642,True
2753,FEIJÃO BASIC,Brinquedos,213.3,304,49.22,0.8,2026-10-09T17:31:44.583642,True
2754,Romance Basic,Livros,404.63,-16,13.31,0.1,2026-10-09T17:31:44.583642,True
2755,Ursinho Pro,Esportes,-66.76,278,44.73,2.1,2026-10-09T17:31:44.583642,True
2756,BOLA PRO,Alimentos,131.24,222,15.48,1.6,2026-10-09T17:31:44.583642,True
2757,bOLa Max,Eletrônicos,559.73,490,27.76,2.7,2026-10-09T17:31:44.583642,True
2758,Notebook Premium,Eletrônicos,844.57,384,9.91,,2026-10-09T17:31:44.583642,True
2759,Bola Premium,Livros,0.0,424,2.62,3.7,2026-10-09T17:31:44.583642,True
2760,ROMANCE BASIC,Roupas,673.37,325,21.08,2.5,2026-10-09T17:31:44.583642,True
2761,UrsiNHo plUs,Eletrônicos,591.65,348,34.77,1.6,2026-10-09T17:31:44.583642,True
2762,camiseta plus,Brinquedos,346.76,163,16.63,4.2,2026-10-09T17:31:44.583642,True
2763,TV Basic,Alimentos,770.19,206,-3.73,3.9,2026-10-09T17:31:44.583642,True
2764,,Alimentos,298.42,60,18.15,2.1,2026-10-09T17:31:44.583642,True
2765,Sofá Max,Brinquedos,0.0,435,25.62,0.4,2026-10-09T17:31:44.583642,True
2766,Smartphone Basic,Brinquedos,0.0,62,9.33,3.0,2026-10-09T17:31:44.583642,True
2767,Calça Max,Livros,-76.88,298,8.59,2.2,2026-10-09T17:31:44.583642,True
2768,Sofá Basic,Alimentos,265.43,254,-3.6,1.2,2026-10-09T17:31:44.583642,True
2769,TV Basic,Categoria Inexistente,174.62,154,39.24,4.5,2026-10-09T17:31:44.583642,True
2770,Mesa Basic,Livros,0.0,338,13.07,1.7,2026-10-09T17:31:44.583642,True
2771,Bola Pro,Casa,-16.61,407,36.79,3.2,2026-10-09T17:31:44.583642,True
2772,Tv plus,Esportes,501.22,192,8.0,1.2,2026-10-09T17:31:44.583642,True
2773,Camiseta Pro,Esportes,246.91,231,-7.15,2.6,2026-10-09T17:31:44.583642,True
2774,Bola Pro,Alimentos,78.96,267,-6.3,2.5,2026-10-09T17:31:44.583642,True
2775,sofá basic,Roupas,485.05,49,14.34,0.7,2026-10-09T17:31:44.583642,True
2776,TV PRO,Esportes,64.2,123,4.14,1.2,2026-10-09T17:31:44.583642,True
2777,,Brinquedos,558.44,138,48.91,0.5,2026-10-09T17:31:44.583642,True
2778,Aventura Pro,Brinquedos,-21.29,152,34.19,2.1,2026-10-09T17:31:44.583642,True
2779,TV Premium,Alimentos,374.29,58,5.8,-1,2026-10-09T17:31:44.583642,True
2780,Aventura Max,Brinquedos,-41.8,128,4.39,5.0,2026-10-09T17:31:44.583642,True
2781,CALÇA PLUS,Esportes,696.87,250,26.44,1.0,2026-10-09T17:31:44.583642,True
2782,Ursinho Pro,,163.65,17,46.79,0.7,2026-10-09T17:31:44.583642,True
2783,Sofá Basic,Categoria Inexistente,403.97,427,18.5,0.1,2026-10-09T17:31:44.583642,True
2784,Notebook Max,Brinquedos,-5.86,193,37.02,0.7,2026-10-09T17:31:44.583642,True
2785,Arroz Premium,Casa,409.19,-60,29.44,1.0,2026-10-09T17:31:44.583642,True
2786,Notebook Basic,123,623.05,116,4.1,1.8,2026-10-09T17:31:44.583642,True
2787,TV Max,,248.56,287,44.27,4.3,2026-10-09T17:31:44.583642,True
2788,Smartphone pro,Alimentos,273.4,50,44.63,0.6,2026-10-09T17:31:44.583642,True
2789,smartphone plus,Esportes,424.02,170,31.99,4.1,2026-10-09T17:31:44.583642,True
2790,URSINHO PRO,Brinquedos,944.59,472,33.19,4.1,2026-10-09T17:31:44.583642,True
2791,AVenTURA MAX,Roupas,956.22,418,7.59,0.4,2026-10-09T17:31:44.583642,True
2792,Sofá Pro,,631.15,230,10.21,0.8,2026-10-09T17:31:44.583642,True
2793,Bola Premium,Eletrônicos,865.01,-31,39.06,4.7,2026-10-09T17:31:44.583642,True
2794,Notebook Plus,Livros,0.0,268,28.23,0.7,2026-10-09T17:31:44.583642,True
2795,TV Max,Alimentos,351.07,41,-0.55,0.9,2026-10-09T17:31:44.583642,True
2796,Aventura basic,Brinquedos,236.27,477,22.03,4.2,2026-10-09T17:31:44.583642,True
2797,Tv basic,Casa,690.63,329,15.83,0.2,2026-10-09T17:31:44.583642,True
2798,AVENTURA PREMIUM,Roupas,543.13,69,28.28,0.4,2026-10-09T17:31:44.583642,True
2799,SOFÁ PREMIUM,Casa,654.99,169,45.04,1.0,2026-10-09T17:31:44.583642,True
2800,,Casa,723.09,401,12.48,1.8,2026-10-09T17:31:44.583642,True
2801,Notebook Plus,Alimentos,761.91,207,-5.55,1.7,2026-10-09T17:31:44.583642,True
2802,Feijão Premium,Casa,508.39,413,25.76,6,2026-10-09T17:31:44.583642,True
2803,Romance plus,Roupas,579.86,309,24.52,3.5,2026-10-09T17:31:44.583642,True
2804,aventura pro,Esportes,392.89,446,35.36,1.6,2026-10-09T17:31:44.583642,True
2805,Romance Max,Eletrônicos,951.68,-19,13.39,1.8,2026-10-09T17:31:44.583642,True
2806,CaMiSEta PRo,Casa,493.02,307,12.05,3.5,2026-10-09T17:31:44.583642,True
2807,Sofá Basic,Casa,58.98,348,16.68,-1,2026-10-09T17:31:44.583642,True
2808,SOFÁ PREMIUM,Livros,630.38,331,39.72,3.2,2026-10-09T17:31:44.583642,True
2809,Feijão premium,Alimentos,922.77,392,20.33,4.9,2026-10-09T17:31:44.583642,True
2810,Ursinho Basic,Casa,830.35,180,-5.76,4.8,2026-10-09T17:31:44.583642,True
2811,Aventura Pro,Brinquedos,-98.09,95,8.46,4.8,2026-10-09T17:31:44.583642,True
2812,calça basic,Eletrônicos,468.16,482,48.14,2.5,2026-10-09T17:31:44.583642,True
2813,mesa max,Casa,159.24,191,29.18,4.6,2026-10-09T17:31:44.583642,True
2814,mesa plus,Livros,904.76,422,37.23,0.9,2026-10-09T17:31:44.583642,True
2815,Camiseta Pro,Esportes,865.88,295,45.28,100,2026-10-09T17:31:44.583642,True
2816,,Eletrônicos,643.08,470,32.0,4.5,2026-10-09T17:31:44.583642,True
2817, ,Esportes,518.49,436,6.34,1.7,2026-10-09T17:31:44.583642,True
2818,Feijão Max,Esportes,275.1,-40,40.87,0.3,2026-10-09T17:31:44.583642,True
2819,Camiseta Premium,Esportes,213.53,-11,5.96,1.8,2026-10-09T17:31:44.583642,True
2820, ,Brinquedos,93.18,37,4.83,0.2,2026-10-09T17:31:44.583642,True
2821,FEIJÃO BASIC,Esportes,42.9,371,37.41,1.9,2026-10-09T17:31:44.583642,True
2822,Aventura premium,Brinquedos,837.86,61,27.5,1.6,2026-10-09T17:31:44.583642,True
2823,Mesa pro,Alimentos,322.33,1,46.94,0.5,2026-10-09T17:31:44.583642,True
2824,Notebook Premium,Brinquedos,529.71,82,23.13,100,2026-10-09T17:31:44.583642,True
2825,Aventura Premium,Esportes,-63.44,312,13.25,3.9,2026-10-09T17:31:44.583642,True
2826,Mesa premium,Livros,216.64,346,19.23,4.2,2026-10-09T17:31:44.583642,True
2827,Feijão Premium,Livros,-61.31,350,6.52,4.0,2026-10-09T17:31:44.583642,True
2828,tv basic,Eletrônicos,336.47,184,27.96,0.6,2026-10-09T17:31:44.583642,True
2829,Arroz max,Brinquedos,250.67,329,30.02,2.1,2026-10-09T17:31:44.583642,True
2830,ursinho pro,Livros,15.55,334,38.03,3.6,2026-10-09T17:31:44.583642,True
2831,Smartphone Plus,Brinquedos,138.3,222,41.65,,2026-10-09T17:31:44.583642,True
2832,Smartphone Plus,123,941.85,295,29.85,5.0,2026-10-09T17:31:44.583642,True
2833,Smartphone Basic,Brinquedos,56.2,10,9.65,,2026-10-09T17:31:44.583642,True
2834,URSINHO MAX,Alimentos,220.04,7,34.6,4.3,2026-10-09T17:31:44.583642,True
2835,Feijão Basic,Esportes,0.0,214,0.18,2.9,2026-10-09T17:31:44.583642,True
2836,Mesa plus,Livros,861.55,473,37.01,2.7,2026-10-09T17:31:44.583642,True
2837,bola plus,Brinquedos,290.06,144,21.45,4.9,2026-10-09T17:31:44.583642,True
2838,Bola Max,Brinquedos,635.48,486,-9.24,4.7,2026-10-09T17:31:44.583642,True
2839,Mesa Basic,Alimentos,-84.63,379,19.69,4.5,2026-10-09T17:31:44.583642,True
2840,,Eletrônicos,270.52,157,25.99,2.1,2026-10-09T17:31:44.583642,True
2841,,Alimentos,204.21,174,34.47,0.6,2026-10-09T17:31:44.583642,True
2842,Ursinho Basic,Alimentos,0.0,496,26.56,1.8,2026-10-09T17:31:44.583642,True
2843,Ursinho Premium,Roupas,194.12,369,-2.81,4.9,2026-10-09T17:31:44.583642,True
2844,feijão plus,Esportes,625.23,427,30.29,1.2,2026-10-09T17:31:44.583642,True
2845,Ursinho Plus,Alimentos,0.0,445,37.62,4.0,2026-10-09T17:31:44.583642,True
2846,Camiseta Basic,Alimentos,-91.33,304,34.15,3.1,2026-10-09T17:31:44.583642,True
2847,feijão plus,Casa,124.52,392,19.71,0.8,2026-10-09T17:31:44.583642,True
2848,Aventura Premium,Livros,463.1,489,13.82,100,2026-10-09T17:31:44.583642,True
2849,Notebook Pro,Eletrônicos,-55.9,187,17.37,2.0,2026-10-09T17:31:44.583642,True
2850,Aventura Basic,Casa,723.07,-24,26.35,3.7,2026-10-09T17:31:44.583642,True
2851,Ursinho premium,Casa,958.9,269,17.32,1.1,2026-10-09T17:31:44.583642,True
2852,Arroz Premium,,801.17,218,9.56,3.4,2026-10-09T17:31:44.583642,True
2853,Aventura Max,Brinquedos,0.0,290,40.51,4.1,2026-10-09T17:31:44.583642,True
2854,sofá pro,Esportes,70.63,438,24.37,4.4,2026-10-09T17:31:44.583642,True
2855,,Roupas,530.22,142,7.25,4.1,2026-10-09T17:31:44.583642,True
2856,uRsinho PLus,Eletrônicos,109.25,393,22.42,3.0,2026-10-09T17:31:44.583642,True
2857,Romance Max,Esportes,634.94,-39,19.61,2.6,2026-10-09T17:31:44.583642,True
2858,Sofá Plus,Casa,0.0,88,7.82,3.6,2026-10-09T17:31:44.583642,True
2859,Sofá Pro,Roupas,0.0,23,2.65,3.6,2026-10-09T17:31:44.583642,True
2860,Feijão Max,Categoria Inexistente,133.79,343,3.62,1.7,2026-10-09T17:31:44.583642,True
2861,Romance Pro,Alimentos,724.12,-26,13.58,0.8,2026-10-09T17:31:44.583642,True
2862,cAmiSeTA basIC,Brinquedos,401.65,41,44.38,2.3,2026-10-09T17:31:44.583642,True
2863,Arroz Premium,Alimentos,-28.41,457,45.53,1.2,2026-10-09T17:31:44.583642,True
2864,Aventura plus,Casa,933.38,441,8.88,2.0,2026-10-09T17:31:44.583642,True
2865,Romance Max,Esportes,0.0,222,11.6,0.1,2026-10-09T17:31:44.583642,True
2866,URSINHO BASIC,Brinquedos,136.25,465,47.39,0.6,2026-10-09T17:31:44.583642,True
2867,SMARTPHONE BASIC,Eletrônicos,782.2,456,20.8,1.4,2026-10-09T17:31:44.583642,True
2868,Sofá Max,Eletrônicos,-41.32,454,17.47,0.8,2026-10-09T17:31:44.583642,True
2869,Romance Premium,Esportes,-50.89,338,25.65,0.6,2026-10-09T17:31:44.583642,True
2870,Mesa Premium,Roupas,-77.33,144,13.29,4.5,2026-10-09T17:31:44.583642,True
2871,Sofá Pro,Categoria Inexistente,192.31,209,37.47,4.4,2026-10-09T17:31:44.583642,True
2872,Arroz Premium,Eletrônicos,735.58,-74,15.7,3.2,2026-10-09T17:31:44.583642,True
2873,Smartphone Pro,123,115.18,224,45.82,2.8,2026-10-09T17:31:44.583642,True
2874,bola premium,Brinquedos,988.07,295,37.41,4.8,2026-10-09T17:31:44.583642,True
2875,Ursinho Max,Eletrônicos,-71.96,469,10.62,2.1,2026-10-09T17:31:44.583642,True
2876,uRsinHo pro,Casa,180.48,247,6.69,4.4,2026-10-09T17:31:44.583642,True
2877,Smartphone Premium,Eletrônicos,860.72,122,-2.48,4.9,2026-10-09T17:31:44.583642,True
2878,mesa basic,Livros,653.34,182,32.83,1.8,2026-10-09T17:31:44.583642,True
2879,aVEnturA maX,Livros,35.24,129,19.51,1.6,2026-10-09T17:31:44.583642,True
2880,MESa BaSiC,Casa,91.58,253,34.17,1.2,2026-10-09T17:31:44.583642,True
2881,arroz plus,Livros,764.74,15,29.81,2.0,2026-10-09T17:31:44.583642,True
2882,caLçA premIUM,Eletrônicos,205.59,404,27.84,2.3,2026-10-09T17:31:44.583642,True
2883,TV BASIC,Casa,147.93,258,33.46,1.0,2026-10-09T17:31:44.583642,True
2884, ,Esportes,284.94,91,6.4,1.9,2026-10-09T17:31:44.583642,True
2885,SmarTPHOnE preMiuM,Brinquedos,481.28,126,17.21,2.3,2026-10-09T17:31:44.583642,True
2886,Calça Plus,Esportes,0.0,438,40.32,0.5,2026-10-09T17:31:44.583642,True
2887,Arroz Basic,,512.71,277,9.64,0.3,2026-10-09T17:31:44.583642,True
2888,Smartphone Premium,123,147.31,389,31.62,4.3,2026-10-09T17:31:44.583642,True
2889,ursinho max,Alimentos,280.06,479,32.06,4.3,2026-10-09T17:31:44.583642,True
2890,Feijão basic,Alimentos,418.73,236,7.78,1.8,2026-10-09T17:31:44.583642,True
2891,Arroz Pro,Casa,814.19,235,25.46,-1,2026-10-09T17:31:44.583642,True
2892,Camiseta Basic,Brinquedos,-83.13,247,47.45,2.8,2026-10-09T17:31:44.583642,True
2893,Arroz Plus,Eletrônicos,68.63,-65,40.89,1.0,2026-10-09T17:31:44.583642,True
2894,roMAnCE baSIC,Casa,100.94,23,49.34,0.8,2026-10-09T17:31:44.583642,True
2895,TV Plus,Eletrônicos,389.85,247,-1.74,1.0,2026-10-09T17:31:44.583642,True
2896,Smartphone premium,Casa,298.15,316,45.14,1.8,2026-10-09T17:31:44.583642,True
2897,Notebook Basic,Esportes,83.24,177,3.35,-1,2026-10-09T17:31:44.583642,True
2898,,Livros,540.14,307,30.21,4.4,2026-10-09T17:31:44.583642,True
2899, ,Livros,254.03,58,30.3,3.4,2026-10-09T17:31:44.583642,True
2900,Notebook Premium,Roupas,573.99,47,-2.5,4.3,2026-10-09T17:31:44.583642,True
2901,Mesa Pro,Esportes,-55.27,250,18.05,1.3,2026-10-09T17:31:44.583642,True
2902,Mesa Max,Roupas,340.38,-52,41.76,4.6,2026-10-09T17:31:44.583642,True
2903,,Brinquedos,33.13,60,2.28,2.6,2026-10-09T17:31:44.583642,True
2904,Mesa Pro,123,337.71,174,22.09,0.1,2026-10-09T17:31:44.583642,True
2905,Ursinho Max,Esportes,361.88,250,13.65,6,2026-10-09T17:31:44.583642,True
2906,sMARTPhonE mAx,Alimentos,435.58,352,27.78,3.4,2026-10-09T17:31:44.583642,True
2907,Feijão Basic,Casa,-23.1,7,1.2,4.5,2026-10-09T17:31:44.583642,True
2908,Mesa Max,Casa,0.0,96,49.85,4.5,2026-10-09T17:31:44.583642,True
2909,ARROZ PRO,Roupas,441.57,382,24.96,2.6,2026-10-09T17:31:44.583642,True
2910,Camiseta Basic,Roupas,-88.32,137,5.63,2.2,2026-10-09T17:31:44.583642,True
2911,Ursinho Plus,123,555.51,238,49.11,0.0,2026-10-09T17:31:44.583642,True
2912,Sofá Basic,Esportes,0.0,471,18.82,2.3,2026-10-09T17:31:44.583642,True
2913,Calça Plus,Casa,0.0,260,10.02,4.9,2026-10-09T17:31:44.583642,True
2914,Calça Basic,Livros,-5.77,237,32.89,2.8,2026-10-09T17:31:44.583642,True
2915,Camiseta Max,Casa,-32.05,385,16.28,1.8,2026-10-09T17:31:44.583642,True
2916,Bola Premium,Esportes,707.63,-3,33.19,0.8,2026-10-09T17:31:44.583642,True
2917,Arroz Plus,Roupas,547.5,177,5.21,-1,2026-10-09T17:31:44.583642,True
2918,aRRoZ Pro,Eletrônicos,117.84,452,28.64,3.1,2026-10-09T17:31:44.583642,True
2919,tv BaSic,Livros,763.35,115,23.4,3.8,2026-10-09T17:31:44.583642,True
2920,mesa pro,Roupas,398.67,6,13.98,2.0,2026-10-09T17:31:44.583642,True
2921,TV Basic,Brinquedos,-42.13,0,12.67,0.8,2026-10-09T17:31:44.583642,True
2922,TV Basic,Casa,537.96,476,-1.1,1.7,2026-10-09T17:31:44.583642,True
2923,Ursinho Basic,Casa,-21.61,403,11.46,2.4,2026-10-09T17:31:44.583642,True
2924,Romance Pro,Roupas,0.0,258,47.64,3.2,2026-10-09T17:31:44.583642,True
2925,Calça Pro,Esportes,620.1,-70,6.2,1.0,2026-10-09T17:31:44.583642,True
2926,Mesa Premium,Alimentos,463.56,100,-5.72,3.4,2026-10-09T17:31:44.583642,True
2927,arroz mAX,Livros,353.3,479,31.16,0.9,2026-10-09T17:31:44.583642,True
2928,romance pro,Livros,436.22,498,10.71,2.1,2026-10-09T17:31:44.583642,True
2929,TV Premium,Roupas,461.27,326,-9.98,3.2,2026-10-09T17:31:44.583642,True
2930,Sofá Premium,123,919.34,476,45.13,3.9,2026-10-09T17:31:44.583642,True
2931,Smartphone Plus,Brinquedos,-6.33,211,13.98,0.4,2026-10-09T17:31:44.583642,True
2932,Ursinho Max,Brinquedos,899.31,-82,8.25,4.5,2026-10-09T17:31:44.583642,True
2933,mesa basic,Alimentos,979.57,146,34.3,4.0,2026-10-09T17:31:44.583642,True
2934,Sofá Basic,Livros,-49.64,192,0.23,2.5,2026-10-09T17:31:44.583642,True
2935,CAMISETA PRO,Esportes,170.92,446,30.84,2.7,2026-10-09T17:31:44.583642,True
2936,Feijão Premium,Roupas,-24.58,220,30.57,2.4,2026-10-09T17:31:44.583642,True
2937,Mesa Plus,Livros,141.27,-73,43.37,1.9,2026-10-09T17:31:44.583642,True
2938,Mesa basic,Livros,130.58,481,9.04,3.7,2026-10-09T17:31:44.583642,True
2939,TV Premium,Brinquedos,-21.08,360,12.01,3.6,2026-10-09T17:31:44.583642,True
2940,Smartphone Pro,Roupas,0.0,423,28.7,4.7,2026-10-09T17:31:44.583642,True
2941,Arroz Premium,Esportes,934.89,15,27.45,,2026-10-09T17:31:44.583642,True
2942,Bola pro,Casa,92.42,394,10.76,3.6,2026-10-09T17:31:44.583642,True
2943,,Livros,597.48,225,23.98,1.1,2026-10-09T17:31:44.583642,True
2944,tv plus,Alimentos,900.63,174,37.91,3.7,2026-10-09T17:31:44.583642,True
2945,Feijão Pro,Alimentos,0.0,40,24.81,2.8,2026-10-09T17:31:44.583642,True
2946,Sofá Plus,Roupas,176.04,116,29.9,10,2026-10-09T17:31:44.583642,True
2947,Aventura Basic,Eletrônicos,-67.97,369,23.08,0.4,2026-10-09T17:31:44.583642,True
2948,Arroz Max,Casa,605.91,-93,25.33,2.4,2026-10-09T17:31:44.583642,True
2949,Sofá Pro,Esportes,377.65,298,37.76,100,2026-10-09T17:31:44.583642,True
2950,Arroz premium,Roupas,291.69,398,40.94,0.1,2026-10-09T17:31:44.583642,True
2951,Smartphone Premium,Brinquedos,733.9,-10,1.14,5.0,2026-10-09T17:31:44.583642,True
2952,,Eletrônicos,767.03,450,0.69,3.5,2026-10-09T17:31:44.583642,True
2953,notebook max,Eletrônicos,447.4,262,49.71,0.3,2026-10-09T17:31:44.583642,True
2954,Sofá Basic,Brinquedos,211.39,369,15.74,-1,2026-10-09T17:31:44.583642,True
2955,FeiJãO PREmIUm,Eletrônicos,427.0,309,14.58,0.4,2026-10-09T17:31:44.583642,True
2956,Ursinho max,Brinquedos,178.62,269,41.78,1.8,2026-10-09T17:31:44.583642,True
2957,CAMISETA PLUS,Livros,335.11,36,3.15,0.4,2026-10-09T17:31:44.583642,True
2958,Camiseta Basic,Casa,-86.04,483,8.03,2.2,2026-10-09T17:31:44.583642,True
2959, ,Livros,678.37,419,31.06,0.7,2026-10-09T17:31:44.583642,True
2960,Aventura Basic,Alimentos,-13.32,274,21.41,4.0,2026-10-09T17:31:44.583642,True
2961,smARTpHoNe PreMium,Roupas,405.76,258,42.54,2.2,2026-10-09T17:31:44.583642,True
2962, ,Eletrônicos,11.92,498,28.93,4.4,2026-10-09T17:31:44.583642,True
2963,CAMISETA BASIC,Alimentos,511.64,234,45.07,1.1,2026-10-09T17:31:44.583642,True
2964,Romance Pro,Casa,-93.97,179,33.48,2.7,2026-10-09T17:31:44.583642,True
2965,TV Premium,Esportes,-66.71,130,3.73,1.4,2026-10-09T17:31:44.583642,True
2966,ROMANCE PRO,Eletrônicos,102.62,126,28.99,3.4,2026-10-09T17:31:44.583642,True
2967,Bola Pro,123,162.34,483,26.42,1.7,2026-10-09T17:31:44.583642,True
2968,tv max,Casa,638.47,101,9.63,3.1,2026-10-09T17:31:44.583642,True
2969,TV Premium,123,411.87,482,6.36,4.2,2026-10-09T17:31:44.583642,True
2970,TV Plus,Livros,0.0,174,33.33,1.7,2026-10-09T17:31:44.583642,True
2971,Bola Pro,,392.42,123,29.34,3.7,2026-10-09T17:31:44.583642,True
2972,SmArTpHONe PRO,Casa,498.34,127,31.62,1.9,2026-10-09T17:31:44.583642,True
2973,Ursinho Max,Casa,-72.09,478,43.18,3.9,2026-10-09T17:31:44.583642,True
2974,TV PLUS,Eletrônicos,395.3,249,0.41,1.0,2026-10-09T17:31:44.583642,True
2975,Romance Basic,,637.56,195,4.31,4.2,2026-10-09T17:31:44.583642,True
2976,Feijão Basic,,451.34,395,35.23,1.9,2026-10-09T17:31:44.583642,True
2977,Tv premium,Esportes,127.87,224,46.18,1.2,2026-10-09T17:31:44.583642,True
2978,Calça Premium,Brinquedos,914.32,-18,30.11,1.3,2026-10-09T17:31:44.583642,True
2979,Arroz Pro,123,115.28,160,1.83,4.7,2026-10-09T17:31:44.583642,True
2980,Arroz Pro,Casa,104.61,297,-9.51,4.7,2026-10-09T17:31:44.583642,True
2981,Ursinho Premium,Alimentos,0.0,443,22.5,0.6,2026-10-09T17:31:44.583642,True
2982,smarTPhOnE mAX,Alimentos,936.31,42,14.28,2.0,2026-10-09T17:31:44.583642,True
2983,smartphone pro,Casa,211.42,336,39.23,4.0,2026-10-09T17:31:44.583642,True
2984,Feijão Premium,Eletrônicos,701.59,264,14.21,,2026-10-09T17:31:44.583642,True
2985,,Alimentos,189.53,307,45.07,3.4,2026-10-09T17:31:44.583642,True
2986,Romance Pro,Roupas,873.35,-80,24.73,0.4,2026-10-09T17:31:44.583642,True
2987,ARROZ MAX,Livros,616.07,405,30.41,0.4,2026-10-09T17:31:44.583642,True
2988,CAmISeta BASIc,Brinquedos,191.66,269,24.08,2.2,2026-10-09T17:31:44.583642,True
2989,TV Plus,Brinquedos,-75.44,140,27.61,2.9,2026-10-09T17:31:44.583642,True
2990,MESA PREMIUM,Livros,963.35,347,22.83,2.4,2026-10-09T17:31:44.583642,True
2991,Aventura Pro,Alimentos,152.89,-31,8.82,0.7,2026-10-09T17:31:44.583642,True
2992,Ursinho Pro,,75.97,356,0.82,1.7,2026-10-09T17:31:44.583642,True
2993,mesa max,Esportes,208.82,335,13.04,0.9,2026-10-09T17:31:44.583642,True
2994,tv pro,Livros,449.32,441,26.06,1.4,2026-10-09T17:31:44.583642,True
2995,Aventura Basic,Casa,276.5,479,30.37,6,2026-10-09T17:31:44.583642,True
2996,Mesa Plus,Eletrônicos,364.39,432,33.62,6,2026-10-09T17:31:44.583642,True
2997,BolA max,Livros,388.59,22,49.67,1.5,2026-10-09T17:31:44.583642,True
2998,Romance Pro,123,159.43,74,2.91,1.2,2026-10-09T17:31:44.583642,True
2999,Sofá Premium,Eletrônicos,492.18,156,15.45,,2026-10-09T17:31:44.583642,True
3000,Mesa Basic,Casa,891.27,396,26.63,10,2026-10-09T17:31:44.583642,True
3001,romance premium,Livros,334.61,63,32.01,4.5,2026-10-09T17:31:44.583642,True
3002,Arroz Premium,Roupas,446.6,175,-1.94,2.9,2026-10-09T17:31:44.583642,True
3003,Mesa Plus,Esportes,928.09,441,31.4,100,2026-10-09T17:31:44.583642,True
3004,Bola Premium,Brinquedos,0.0,203,20.82,4.6,2026-10-09T17:31:44.583642,True
3005,romance basic,Casa,491.08,300,11.06,1.0,2026-10-09T17:31:44.583642,True
3006,Sofá Basic,Roupas,0.0,268,6.49,4.8,2026-10-09T17:31:44.583642,True
3007,Camiseta Max,Casa,-55.56,3,45.39,2.4,2026-10-09T17:31:44.583642,True
3008,Calça premium,Livros,810.2,413,6.65,1.8,2026-10-09T17:31:44.583642,True
3009,Mesa Basic,Alimentos,0.0,56,26.82,2.1,2026-10-09T17:31:44.583642,True
3010,Camiseta Max,Eletrônicos,-6.45,429,34.21,2.1,2026-10-09T17:31:44.583642,True
3011,tv plus,Esportes,250.37,27,2.24,3.6,2026-10-09T17:31:44.583642,True
3012, ,Brinquedos,790.48,120,41.78,1.9,2026-10-09T17:31:44.583642,True
3013,camiseta premium,Alimentos,847.34,216,29.69,0.6,2026-10-09T17:31:44.583642,True
3014,Sofá pro,Alimentos,115.81,166,35.13,3.4,2026-10-09T17:31:44.583642,True
3015,bola max,Alimentos,457.34,488,16.99,0.4,2026-10-09T17:31:44.583642,True
3016,Calça Max,Livros,-77.73,236,17.82,0.9,2026-10-09T17:31:44.583642,True
3017,Ursinho Pro,Esportes,172.21,102,12.44,100,2026-10-09T17:31:44.583642,True
3018,Mesa Basic,Roupas,0.0,448,35.0,2.7,2026-10-09T17:31:44.583642,True
3019,Calça Plus,Categoria Inexistente,581.86,118,17.67,4.3,2026-10-09T17:31:44.583642,True
3020,bolA PreMium,Livros,648.37,340,26.82,2.5,2026-10-09T17:31:44.583642,True
3021,mESa bAsIC,Casa,129.43,426,8.76,4.0,2026-10-09T17:31:44.583642,True
3022,notEboOk pRO,Esportes,245.84,289,33.37,1.3,2026-10-09T17:31:44.583642,True
3023,Aventura pro,Eletrônicos,586.68,286,15.95,2.3,2026-10-09T17:31:44.583642,True
3024,Smartphone Basic,123,851.61,93,42.27,3.5,2026-10-09T17:31:44.583642,True
3025, ,Eletrônicos,636.82,244,45.28,2.8,2026-10-09T17:31:44.583642,True
3026, ,Alimentos,618.61,394,31.22,1.4,2026-10-09T17:31:44.583642,True
3027,Smartphone Pro,123,860.8,282,37.89,3.3,2026-10-09T17:31:44.583642,True
3028,,Brinquedos,976.86,397,13.08,4.0,2026-10-09T17:31:44.583642,True
3029,Tv pro,Alimentos,141.94,130,38.71,1.3,2026-10-09T17:31:44.583642,True
3030,Calça Pro,Categoria Inexistente,439.87,472,3.95,3.1,2026-10-09T17:31:44.583642,True
3031,Ursinho Premium,,804.77,488,1.31,3.8,2026-10-09T17:31:44.583642,True
3032,Romance basic,Brinquedos,497.64,398,33.43,2.0,2026-10-09T17:31:44.583642,True
3033,Bola Max,Casa,0.0,211,12.08,4.8,2026-10-09T17:31:44.583642,True
3034,Arroz plus,Livros,549.74,194,48.48,4.5,2026-10-09T17:31:44.583642,True
3035,sofá PrEMIum,Livros,667.84,220,42.26,4.1,2026-10-09T17:31:44.583642,True
3036,Sofá Max,Eletrônicos,0.0,363,7.2,0.8,2026-10-09T17:31:44.583642,True
3037,bola pro,Casa,704.52,380,5.37,4.9,2026-10-09T17:31:44.583642,True
3038,FEIJÃO PLUS,Roupas,17.22,80,18.27,2.6,2026-10-09T17:31:44.583642,True
3039,Sofá Pro,Esportes,0.0,269,40.53,3.2,2026-10-09T17:31:44.583642,True
3040,Ursinho Max,Esportes,387.58,295,-0.17,1.4,2026-10-09T17:31:44.583642,True
3041,Aventura Plus,Roupas,397.21,109,-8.79,4.3,2026-10-09T17:31:44.583642,True
3042,Smartphone Plus,Brinquedos,497.9,258,21.06,10,2026-10-09T17:31:44.583642,True
3043,Bola Pro,Alimentos,877.19,41,25.64,6,2026-10-09T17:31:44.583642,True
3044,,Livros,841.58,329,5.21,4.8,2026-10-09T17:31:44.583642,True
3045,Aventura Plus,Alimentos,659.04,-33,43.29,1.0,2026-10-09T17:31:44.583642,True
3046,NOTEBOOK BASIC,Brinquedos,647.49,179,5.18,0.3,2026-10-09T17:31:44.583642,True
3047,Smartphone Premium,Casa,237.18,428,16.1,,2026-10-09T17:31:44.583642,True
3048, ,Livros,614.85,395,41.71,2.6,2026-10-09T17:31:44.583642,True
3049,BOLA BASIC,Casa,285.6,356,15.58,4.1,2026-10-09T17:31:44.583642,True
3050,Aventura Plus,Esportes,285.3,-68,13.2,2.2,2026-10-09T17:31:44.583642,True
3051,Romance Pro,Brinquedos,623.8,-80,2.15,4.0,2026-10-09T17:31:44.583642,True
3052,Arroz Pro,Esportes,0.0,409,0.78,0.4,2026-10-09T17:31:44.583642,True
3053,,Casa,112.56,52,49.26,0.7,2026-10-09T17:31:44.583642,True
3054,Bola Premium,Alimentos,398.58,117,-8.03,1.0,2026-10-09T17:31:44.583642,True
3055,Notebook Basic,Categoria Inexistente,494.25,249,25.29,0.7,2026-10-09T17:31:44.583642,True
3056,TV Pro,Esportes,45.18,461,-8.1,1.9,2026-10-09T17:31:44.583642,True
3057,Calça Basic,Brinquedos,688.02,208,23.26,6,2026-10-09T17:31:44.583642,True
3058,aRROZ plus,Esportes,135.66,351,45.25,3.5,2026-10-09T17:31:44.583642,True
3059,Mesa Pro,Alimentos,811.88,-65,34.02,3.8,2026-10-09T17:31:44.583642,True
3060,Romance Plus,Livros,608.84,-92,23.02,0.5,2026-10-09T17:31:44.583642,True
3061,Sofá basic,Brinquedos,435.21,105,16.48,3.5,2026-10-09T17:31:44.583642,True
3062,ARROZ PLUS,Eletrônicos,178.45,499,7.8,4.1,2026-10-09T17:31:44.583642,True
3063,ROMANCE MAX,Eletrônicos,819.58,428,48.86,0.2,2026-10-09T17:31:44.583642,True
3064,MESA PLUS,Brinquedos,242.68,18,18.96,4.5,2026-10-09T17:31:44.583642,True
3065,Sofá Plus,Roupas,0.0,430,44.79,2.0,2026-10-09T17:31:44.583642,True
3066,Arroz Plus,Roupas,605.45,-75,32.74,0.5,2026-10-09T17:31:44.583642,True
3067,Romance Plus,Roupas,0.0,27,29.88,4.8,2026-10-09T17:31:44.583642,True
3068,Smartphone Basic,Eletrônicos,108.79,-43,37.42,2.4,2026-10-09T17:31:44.583642,True
3069,,Roupas,577.86,9,17.26,2.7,2026-10-09T17:31:44.583642,True
3070,Sofá Plus,Livros,0.0,184,36.28,1.4,2026-10-09T17:31:44.583642,True
3071,Ursinho Premium,Esportes,819.22,-4,14.07,4.0,2026-10-09T17:31:44.583642,True
3072,Mesa plus,Casa,273.31,494,16.06,1.3,2026-10-09T17:31:44.583642,True
3073,,Alimentos,229.72,239,6.98,4.3,2026-10-09T17:31:44.583642,True
3074,Calça Max,Roupas,0.0,338,16.04,4.8,2026-10-09T17:31:44.583642,True
3075,Notebook premium,Casa,757.66,277,3.42,2.1,2026-10-09T17:31:44.583642,True
3076,Camiseta Premium,,506.36,126,45.35,4.0,2026-10-09T17:31:44.583642,True
3077,romance pro,Livros,252.37,298,29.83,2.8,2026-10-09T17:31:44.583642,True
3078,TV PRO,Casa,58.37,442,21.59,0.9,2026-10-09T17:31:44.583642,True
3079,Ursinho premium,Casa,468.66,111,47.53,2.3,2026-10-09T17:31:44.583642,True
3080,SOfÁ PrO,Brinquedos,452.33,285,28.6,0.5,2026-10-09T17:31:44.583642,True
3081,notebook basic,Livros,35.82,234,41.04,0.4,2026-10-09T17:31:44.583642,True
3082,Calça basic,Eletrônicos,958.46,261,38.12,4.6,2026-10-09T17:31:44.583642,True
3083,Calça Premium,Livros,922.86,-86,46.18,2.4,2026-10-09T17:31:44.583642,True
3084,Calça Plus,Alimentos,0.0,281,1.23,4.5,2026-10-09T17:31:44.583642,True
3085,NOTEBOOK MAX,Livros,784.72,263,32.68,2.7,2026-10-09T17:31:44.583642,True
3086,Sofá Premium,Casa,931.31,-21,43.67,3.0,2026-10-09T17:31:44.583642,True
3087,Notebook Pro,Livros,-69.86,37,39.89,2.3,2026-10-09T17:31:44.583642,True
3088,Calça Plus,123,776.14,403,43.63,5.0,2026-10-09T17:31:44.583642,True
3089,Romance Premium,Alimentos,17.21,-33,37.58,1.2,2026-10-09T17:31:44.583642,True
3090,TV Pro,Brinquedos,0.0,83,25.22,0.4,2026-10-09T17:31:44.583642,True
3091,Camiseta pro,Roupas,24.14,410,34.56,0.3,2026-10-09T17:31:44.583642,True
3092,ROMANCE PLUS,Esportes,766.44,322,45.9,2.3,2026-10-09T17:31:44.583642,True
3093,TV BASIC,Esportes,120.05,296,42.02,0.4,2026-10-09T17:31:44.583642,True
3094,ursinho basic,Brinquedos,311.39,491,10.51,2.4,2026-10-09T17:31:44.583642,True
3095,Romance Plus,Roupas,709.12,-29,14.85,2.5,2026-10-09T17:31:44.583642,True
3096,Smartphone Pro,Livros,593.12,94,-9.18,4.8,2026-10-09T17:31:44.583642,True
3097,sofá pro,Roupas,28.6,274,31.04,3.4,2026-10-09T17:31:44.583642,True
3098,calça plus,Brinquedos,733.16,81,37.8,1.3,2026-10-09T17:31:44.583642,True
3099,Camiseta Max,Esportes,-39.26,137,41.28,4.0,2026-10-09T17:31:44.583642,True
3100,SMArtPhonE MAx,Alimentos,113.15,127,20.86,2.1,2026-10-09T17:31:44.583642,True
3101,notebook pro,Roupas,832.06,500,42.99,3.9,2026-10-09T17:31:44.583642,True
3102,Aventura Max,,344.0,149,4.32,3.2,2026-10-09T17:31:44.583642,True
3103,FEIJÃO PLUS,Livros,423.84,93,21.57,2.7,2026-10-09T17:31:44.583642,True
3104,Smartphone Basic,Eletrônicos,395.24,-8,8.08,2.2,2026-10-09T17:31:44.583642,True
3105,MESa PRO,Livros,880.48,277,47.04,1.9,2026-10-09T17:31:44.583642,True
3106,Ursinho Basic,Casa,124.57,-78,19.69,4.7,2026-10-09T17:31:44.583642,True
3107,Notebook plus,Esportes,685.58,479,16.47,4.6,2026-10-09T17:31:44.583642,True
3108,Mesa Basic,Brinquedos,-37.7,261,2.96,3.3,2026-10-09T17:31:44.583642,True
3109,Camiseta plus,Casa,288.88,364,9.42,0.5,2026-10-09T17:31:44.583642,True
3110,calça premium,Casa,269.88,489,6.55,0.2,2026-10-09T17:31:44.583642,True
3111,Notebook Basic,Casa,0.0,304,1.81,1.1,2026-10-09T17:31:44.583642,True
3112,BOLA MAX,Casa,803.5,447,38.51,2.7,2026-10-09T17:31:44.583642,True
3113,Sofá Premium,Roupas,0.0,253,21.62,4.7,2026-10-09T17:31:44.583642,True
3114,NOTEBOOK PLUS,Esportes,764.88,259,40.74,2.9,2026-10-09T17:31:44.583642,True
3115,,Livros,616.42,364,38.09,0.3,2026-10-09T17:31:44.583642,True
3116,Sofá Pro,,23.25,449,13.0,1.6,2026-10-09T17:31:44.583642,True
3117,Aventura Plus,Esportes,667.74,119,-5.81,3.2,2026-10-09T17:31:44.583642,True
3118,,Casa,315.72,475,24.62,2.4,2026-10-09T17:31:44.583642,True
3119,Calça Premium,,717.02,8,3.41,4.1,2026-10-09T17:31:44.583642,True
3120,Aventura Plus,Brinquedos,0.0,5,6.8,2.8,2026-10-09T17:31:44.583642,True
3121,TV Max,Eletrônicos,972.12,326,-1.41,3.0,2026-10-09T17:31:44.583642,True
3122,Aventura Max,,483.21,29,21.39,2.6,2026-10-09T17:31:44.583642,True
3123,Sofá pro,Eletrônicos,184.08,486,29.19,1.2,2026-10-09T17:31:44.583642,True
3124,Romance Max,Roupas,500.56,34,-4.17,3.3,2026-10-09T17:31:44.583642,True
3125,tv plus,Alimentos,994.98,86,37.27,1.5,2026-10-09T17:31:44.583642,True
3126,Feijão Max,Livros,334.84,-2,39.42,4.1,2026-10-09T17:31:44.583642,True
3127,,Esportes,135.98,235,40.6,4.4,2026-10-09T17:31:44.583642,True
3128,Tv PRo,Brinquedos,553.14,39,20.29,2.7,2026-10-09T17:31:44.583642,True
3129,Calça Premium,Livros,0.0,353,14.27,4.4,2026-10-09T17:31:44.583642,True
3130,Smartphone Basic,Alimentos,0.0,272,21.09,4.9,2026-10-09T17:31:44.583642,True
3131,Notebook Basic,Brinquedos,109.76,428,-2.04,0.4,2026-10-09T17:31:44.583642,True
3132,Arroz Max,Livros,0.0,192,40.17,0.0,2026-10-09T17:31:44.583642,True
3133,Sofá Basic,Alimentos,-51.75,255,47.45,1.8,2026-10-09T17:31:44.583642,True
3134,sofÁ prO,Casa,877.31,207,39.85,3.8,2026-10-09T17:31:44.583642,True
3135,CAMISETA PRO,Brinquedos,174.86,499,12.87,1.9,2026-10-09T17:31:44.583642,True
3136,Notebook Max,Esportes,522.31,167,-3.3,1.9,2026-10-09T17:31:44.583642,True
3137,TV Basic,Casa,0.0,216,21.14,1.7,2026-10-09T17:31:44.583642,True
3138,Mesa Max,,101.84,448,46.11,5.0,2026-10-09T17:31:44.583642,True
3139,Smartphone Premium,Brinquedos,256.85,72,-9.29,1.8,2026-10-09T17:31:44.583642,True
3140,Calça basic,Casa,270.11,464,9.72,4.7,2026-10-09T17:31:44.583642,True
3141,Bola basic,Brinquedos,696.18,97,25.49,4.0,2026-10-09T17:31:44.583642,True
3142,NOteBoOK BaSiC,Alimentos,352.69,203,30.25,3.3,2026-10-09T17:31:44.583642,True
3143,Aventura Basic,Roupas,459.94,-18,29.15,1.6,2026-10-09T17:31:44.583642,True
3144,CaMiseTa BASiC,Livros,91.34,77,26.96,2.4,2026-10-09T17:31:44.583642,True
3145,notebook premium,Eletrônicos,994.22,351,3.15,4.5,2026-10-09T17:31:44.583642,True
3146,ursinho pro,Brinquedos,910.24,365,24.47,5.0,2026-10-09T17:31:44.583642,True
3147,arroz premium,Roupas,413.8,285,39.94,2.9,2026-10-09T17:31:44.583642,True
3148,Notebook Premium,Alimentos,-6.91,305,14.14,3.7,2026-10-09T17:31:44.583642,True
3149,Bola Plus,Alimentos,0.0,419,4.58,1.9,2026-10-09T17:31:44.583642,True
3150,Calça Basic,,937.55,120,7.37,2.5,2026-10-09T17:31:44.583642,True
3151,uRSINHO prO,Esportes,426.92,416,48.24,4.7,2026-10-09T17:31:44.583642,True
3152,Calça Max,Categoria Inexistente,273.42,332,36.58,1.8,2026-10-09T17:31:44.583642,True
3153,Camiseta premium,Livros,198.87,463,35.78,0.6,2026-10-09T17:31:44.583642,True
3154,camISeta PrO,Roupas,941.9,204,10.14,1.9,2026-10-09T17:31:44.583642,True
3155,Smartphone Pro,Roupas,910.57,144,41.13,10,2026-10-09T17:31:44.583642,True
3156,Aventura Premium,Esportes,-79.66,31,9.02,3.4,2026-10-09T17:31:44.583642,True
3157,,Livros,679.71,162,16.97,4.8,2026-10-09T17:31:44.583642,True
3158,tv premium,Roupas,171.36,265,22.28,0.4,2026-10-09T17:31:44.583642,True
3159,Calça Plus,Eletrônicos,0.0,258,18.08,1.8,2026-10-09T17:31:44.583642,True
3160,CAMISETA MAX,Esportes,506.58,71,3.67,3.1,2026-10-09T17:31:44.583642,True
3161,TV Pro,Esportes,242.49,-45,36.59,3.8,2026-10-09T17:31:44.583642,True
3162,Sofá pro,Alimentos,805.02,287,17.85,2.7,2026-10-09T17:31:44.583642,True
3163,Ursinho Premium,Livros,231.11,23,0.87,-1,2026-10-09T17:31:44.583642,True
3164,Smartphone Plus,Casa,755.47,-69,25.35,1.3,2026-10-09T17:31:44.583642,True
3165,Feijão Basic,,424.44,452,6.45,1.0,2026-10-09T17:31:44.583642,True
3166,Notebook Basic,Roupas,51.28,-100,2.7,3.9,2026-10-09T17:31:44.583642,True
3167,Ursinho Basic,Livros,852.03,364,22.48,6,2026-10-09T17:31:44.583642,True
3168,MESA PLUS,Esportes,198.38,60,22.0,2.7,2026-10-09T17:31:44.583642,True
3169,Calça Max,Alimentos,847.22,2,8.2,-1,2026-10-09T17:31:44.583642,True
3170,ARroz BASiC,Casa,619.99,0,48.88,4.6,2026-10-09T17:31:44.583642,True
3171,Aventura pro,Alimentos,947.61,267,40.92,4.8,2026-10-09T17:31:44.583642,True
3172,Bola Premium,Roupas,238.47,-2,12.46,0.6,2026-10-09T17:31:44.583642,True
3173,RoMAnCe PRo,Esportes,756.38,170,38.83,1.5,2026-10-09T17:31:44.583642,True
3174,Bola Max,Esportes,46.43,-37,41.97,0.2,2026-10-09T17:31:44.583642,True
3175,Bola Basic,Brinquedos,56.07,490,5.09,,2026-10-09T17:31:44.583642,True
3176,calça plus,Alimentos,304.38,392,10.35,2.3,2026-10-09T17:31:44.583642,True
3177,Aventura Plus,Eletrônicos,622.9,437,-7.15,0.8,2026-10-09T17:31:44.583642,True
3178,Mesa max,Casa,604.63,177,36.23,4.9,2026-10-09T17:31:44.583642,True
3179,Arroz Pro,Roupas,568.28,154,-8.87,0.8,2026-10-09T17:31:44.583642,True
3180,Notebook Max,Livros,0.0,156,44.66,2.0,2026-10-09T17:31:44.583642,True
3181,Feijão Pro,Casa,427.42,-52,36.13,3.8,2026-10-09T17:31:44.583642,True
3182,Mesa Pro,Roupas,43.73,474,-0.85,4.5,2026-10-09T17:31:44.583642,True
3183,feijão max,Roupas,592.06,322,24.03,1.9,2026-10-09T17:31:44.583642,True
3184,Smartphone Max,Alimentos,84.62,-91,9.86,4.3,2026-10-09T17:31:44.583642,True
3185,tv max,Livros,833.51,291,19.95,3.2,2026-10-09T17:31:44.583642,True
3186, ,Brinquedos,686.36,311,19.3,3.2,2026-10-09T17:31:44.583642,True
3187,feiJãO maX,Alimentos,209.43,382,24.76,2.1,2026-10-09T17:31:44.583642,True
3188,Ursinho Premium,Eletrônicos,-2.89,335,43.95,2.5,2026-10-09T17:31:44.583642,True
3189,MESA PREMIUM,Alimentos,976.99,322,9.25,0.6,2026-10-09T17:31:44.583642,True
3190,rOmAncE mAx,Esportes,754.44,59,29.46,0.9,2026-10-09T17:31:44.583642,True
3191,Camiseta Pro,,95.54,277,6.73,1.9,2026-10-09T17:31:44.583642,True
3192,ARROZ PLUS,Brinquedos,426.19,269,36.21,4.9,2026-10-09T17:31:44.583642,True
3193,romance plus,Brinquedos,634.02,89,47.3,2.6,2026-10-09T17:31:44.583642,True
3194,Arroz Basic,Brinquedos,802.38,275,-7.6,0.9,2026-10-09T17:31:44.583642,True
3195,ROMANCE PLUS,Esportes,534.93,391,20.47,0.4,2026-10-09T17:31:44.583642,True
3196,ARROZ PREMIUM,Eletrônicos,321.91,284,38.7,3.5,2026-10-09T17:31:44.583642,True
3197,Aventura Basic,Alimentos,0.0,493,33.27,1.9,2026-10-09T17:31:44.583642,True
3198,AVENTURA PLUS,Brinquedos,537.91,289,22.88,1.8,2026-10-09T17:31:44.583642,True
3199,mesa pro,Casa,556.11,259,16.59,2.4,2026-10-09T17:31:44.583642,True
3200,Arroz Basic,Eletrônicos,585.38,-7,23.07,1.9,2026-10-09T17:31:44.583642,True
3201,Aventura Basic,Eletrônicos,-20.39,379,14.66,2.4,2026-10-09T17:31:44.583642,True
3202,Notebook Plus,Categoria Inexistente,482.12,176,33.64,1.0,2026-10-09T17:31:44.583642,True
3203,Ursinho Basic,Roupas,967.6,-71,33.58,0.2,2026-10-09T17:31:44.583642,True
3204,,Casa,221.79,267,8.0,3.1,2026-10-09T17:31:44.583642,True
3205,TV PrO,Brinquedos,322.42,410,1.79,0.1,2026-10-09T17:31:44.583642,True
3206,AVENTURA PLUS,Esportes,489.45,105,45.91,2.1,2026-10-09T17:31:44.583642,True
3207,ROmaNce MAX,Esportes,268.86,450,45.96,1.7,2026-10-09T17:31:44.583642,True
3208,Smartphone Premium,Eletrônicos,785.37,179,38.92,,2026-10-09T17:31:44.583642,True
3209,Sofá Pro,Brinquedos,972.04,70,-2.51,4.9,2026-10-09T17:31:44.583642,True
3210,Camiseta Premium,Livros,724.53,102,-8.64,2.8,2026-10-09T17:31:44.583642,True
3211,Arroz Max,,216.23,109,42.61,1.4,2026-10-09T17:31:44.583642,True
3212,Romance premium,Eletrônicos,465.85,221,12.14,1.3,2026-10-09T17:31:44.583642,True
3213,Arroz Premium,Livros,656.81,-72,47.05,1.7,2026-10-09T17:31:44.583642,True
3214,Bola Premium,Brinquedos,545.53,-43,46.95,1.5,2026-10-09T17:31:44.583642,True
3215,Bola Basic,Livros,919.11,278,-1.94,0.1,2026-10-09T17:31:44.583642,True
3216,Mesa Basic,,844.24,215,16.1,0.8,2026-10-09T17:31:44.583642,True
3217,Romance Pro,Eletrônicos,0.0,386,43.67,0.8,2026-10-09T17:31:44.583642,True
3218,Ursinho Premium,Eletrônicos,750.98,-61,43.54,2.3,2026-10-09T17:31:44.583642,True
3219,BOLA PLUS,Esportes,938.69,151,42.5,3.0,2026-10-09T17:31:44.583642,True
3220,,Eletrônicos,517.11,185,17.91,1.7,2026-10-09T17:31:44.583642,True
3221,FEIJÃO PRO,Eletrônicos,145.39,70,39.39,4.3,2026-10-09T17:31:44.583642,True
3222,Calça Basic,Alimentos,0.0,207,15.48,2.8,2026-10-09T17:31:44.583642,True
3223,Camiseta Premium,123,36.01,315,28.68,2.4,2026-10-09T17:31:44.583642,True
3224,Romance Plus,Brinquedos,-23.23,289,41.93,0.9,2026-10-09T17:31:44.583642,True
3225,Notebook Basic,Esportes,-74.99,335,4.17,1.9,2026-10-09T17:31:44.583642,True
3226, ,Alimentos,976.96,124,25.6,2.3,2026-10-09T17:31:44.583642,True
3227,Ursinho Basic,Esportes,-17.73,372,11.42,1.1,2026-10-09T17:31:44.583642,True
3228,ROmAncE max,Eletrônicos,800.18,478,45.01,2.7,2026-10-09T17:31:44.583642,True
3229,Ursinho Plus,Brinquedos,265.82,130,12.74,10,2026-10-09T17:31:44.583642,True
3230,Calça Pro,Eletrônicos,0.0,251,6.68,2.8,2026-10-09T17:31:44.583642,True
3231,smartphone plus,Alimentos,648.69,47,1.83,2.7,2026-10-09T17:31:44.583642,True
3232,Arroz Pro,Casa,621.24,-96,26.72,4.4,2026-10-09T17:31:44.583642,True
3233, ,Alimentos,184.17,249,8.01,1.6,2026-10-09T17:31:44.583642,True
3234,,Livros,855.39,407,20.44,2.3,2026-10-09T17:31:44.583642,True
3235,Notebook Plus,Eletrônicos,76.12,213,-7.14,1.9,2026-10-09T17:31:44.583642,True
3236,Mesa Premium,Brinquedos,-33.79,240,44.4,4.1,2026-10-09T17:31:44.583642,True
3237,Romance Plus,Roupas,0.0,483,22.09,4.6,2026-10-09T17:31:44.583642,True
3238,Feijão Premium,Eletrônicos,532.1,-96,45.29,0.4,2026-10-09T17:31:44.583642,True
3239,bola basic,Eletrônicos,916.62,267,3.7,3.1,2026-10-09T17:31:44.583642,True
3240,Mesa Max,Eletrônicos,0.0,249,38.37,1.9,2026-10-09T17:31:44.583642,True
3241,Calça Plus,Casa,167.36,-92,5.17,1.4,2026-10-09T17:31:44.583642,True
3242,Bola plus,Roupas,909.3,292,31.1,0.4,2026-10-09T17:31:44.583642,True
3243, ,Alimentos,894.6,198,22.66,4.7,2026-10-09T17:31:44.583642,True
3244,TV Plus,123,438.64,497,40.51,2.6,2026-10-09T17:31:44.583642,True
3245,Camiseta Basic,Eletrônicos,134.19,374,-7.04,2.0,2026-10-09T17:31:44.583642,True
3246,sofÁ MAX,Casa,201.19,6,47.04,4.9,2026-10-09T17:31:44.583642,True
3247,Romance Max,Alimentos,883.98,466,-7.99,2.5,2026-10-09T17:31:44.583642,True
3248,Ursinho Plus,123,442.76,260,42.09,2.7,2026-10-09T17:31:44.583642,True
3249,ARROZ PREMIUM,Roupas,343.94,486,31.53,4.1,2026-10-09T17:31:44.583642,True
3250,Sofá Basic,Alimentos,0.0,34,29.44,2.2,2026-10-09T17:31:44.583642,True
3251,Arroz Basic,Esportes,0.0,72,4.42,4.7,2026-10-09T17:31:44.583642,True
3252,Mesa Max,Categoria Inexistente,676.77,164,37.16,0.9,2026-10-09T17:31:44.583642,True
3253,Aventura Premium,Roupas,-78.28,372,13.48,1.8,2026-10-09T17:31:44.583642,True
3254,uRsiNho prEMIuM,Roupas,779.91,29,46.23,3.8,2026-10-09T17:31:44.583642,True
3255,Calça Basic,Roupas,848.5,-25,1.56,4.4,2026-10-09T17:31:44.583642,True
3256,aventura max,Alimentos,958.44,353,30.81,4.7,2026-10-09T17:31:44.583642,True
3257,CAMISETA PRO,Brinquedos,773.26,126,1.08,1.5,2026-10-09T17:31:44.583642,True
3258,mesa basic,Casa,999.97,105,10.38,4.0,2026-10-09T17:31:44.583642,True
3259, ,Livros,381.43,315,2.24,1.2,2026-10-09T17:31:44.583642,True
3260,Aventura Plus,Esportes,-2.44,252,49.13,3.8,2026-10-09T17:31:44.583642,True
3261,Sofá Max,Alimentos,0.0,127,20.66,1.0,2026-10-09T17:31:44.583642,True
3262,Arroz Plus,,557.81,189,8.57,2.6,2026-10-09T17:31:44.583642,True
3263,Smartphone Pro,Casa,-7.05,359,9.45,1.0,2026-10-09T17:31:44.583642,True
3264,Sofá Plus,Casa,919.16,40,46.82,100,2026-10-09T17:31:44.583642,True
3265,Smartphone Premium,Eletrônicos,422.06,-65,46.92,4.2,2026-10-09T17:31:44.583642,True
3266,smartphone max,Brinquedos,925.5,424,40.88,3.5,2026-10-09T17:31:44.583642,True
3267,Aventura Plus,,23.76,53,49.09,0.5,2026-10-09T17:31:44.583642,True
3268,Aventura Premium,Categoria Inexistente,116.15,12,17.16,2.0,2026-10-09T17:31:44.583642,True
3269,Sofá Plus,Esportes,-25.01,429,12.83,0.5,2026-10-09T17:31:44.583642,True
3270,CAMiSETA MAx,Alimentos,415.53,461,5.09,4.2,2026-10-09T17:31:44.583642,True
3271, ,Livros,615.29,61,28.77,3.6,2026-10-09T17:31:44.583642,True
3272,CAMISETA MAX,Alimentos,29.21,477,8.27,4.3,2026-10-09T17:31:44.583642,True
3273,Bola premium,Roupas,123.65,456,38.09,2.9,2026-10-09T17:31:44.583642,True
3274,Aventura Plus,Esportes,77.1,208,11.09,10,2026-10-09T17:31:44.583642,True
3275,Bola Max,Roupas,644.01,209,-7.99,3.7,2026-10-09T17:31:44.583642,True
3276,Romance basic,Brinquedos,920.6,119,45.79,3.4,2026-10-09T17:31:44.583642,True
3277,Calça Premium,,348.12,349,47.89,2.2,2026-10-09T17:31:44.583642,True
3278,Calça Premium,123,876.82,382,38.68,0.9,2026-10-09T17:31:44.583642,True
3279,Notebook Max,123,326.21,370,40.83,1.9,2026-10-09T17:31:44.583642,True
3280,Sofá Max,Alimentos,-42.82,133,20.62,2.6,2026-10-09T17:31:44.583642,True
3281,Mesa Max,,189.39,53,7.76,1.2,2026-10-09T17:31:44.583642,True
3282,TV Pro,,728.78,500,16.09,2.9,2026-10-09T17:31:44.583642,True
3283,,Brinquedos,375.79,205,3.38,4.2,2026-10-09T17:31:44.583642,True
3284,Arroz Max,Casa,0.0,336,31.14,2.7,2026-10-09T17:31:44.583642,True
3285,Arroz max,Alimentos,853.75,249,8.2,1.6,2026-10-09T17:31:44.583642,True
3286,,Livros,588.16,131,42.44,4.0,2026-10-09T17:31:44.583642,True
3287,mesA maX,Eletrônicos,456.63,263,46.17,3.1,2026-10-09T17:31:44.583642,True
3288,Romance Pro,Roupas,252.21,-77,35.02,2.5,2026-10-09T17:31:44.583642,True
3289,Feijão Premium,,749.88,413,6.72,3.3,2026-10-09T17:31:44.583642,True
3290,Arroz Basic,Esportes,-36.03,397,41.68,3.5,2026-10-09T17:31:44.583642,True
3291,CALÇA PRO,Alimentos,151.25,178,11.87,4.7,2026-10-09T17:31:44.583642,True
3292,Romance Max,Esportes,-28.76,151,9.46,4.5,2026-10-09T17:31:44.583642,True
3293,arroz premium,Brinquedos,862.27,163,42.36,2.7,2026-10-09T17:31:44.583642,True
3294,,Livros,788.77,393,38.54,2.4,2026-10-09T17:31:44.583642,True
3295,Romance Plus,Brinquedos,-77.03,495,47.11,4.8,2026-10-09T17:31:44.583642,True
3296,sofá max,Livros,939.6,56,38.77,4.9,2026-10-09T17:31:44.583642,True
3297,Bola Premium,Eletrônicos,-93.79,241,32.09,2.3,2026-10-09T17:31:44.583642,True
3298,ARROZ BASIC,Esportes,557.82,195,34.7,1.2,2026-10-09T17:31:44.583642,True
3299,feijÃo pRO,Esportes,598.49,388,23.0,4.7,2026-10-09T17:31:44.583642,True
3300,Smartphone Basic,Livros,656.53,327,45.38,100,2026-10-09T17:31:44.583642,True
3301,Notebook Plus,Brinquedos,0.0,388,8.75,2.9,2026-10-09T17:31:44.583642,True
3302,Mesa Max,Brinquedos,-65.44,201,47.69,2.2,2026-10-09T17:31:44.583642,True
3303,romanCe bAsIC,Alimentos,96.45,237,0.82,1.7,2026-10-09T17:31:44.583642,True
3304,CaMisETA BAsIc,Casa,34.12,5,13.15,0.7,2026-10-09T17:31:44.583642,True
3305,CALÇA BASIC,Eletrônicos,949.67,106,12.59,2.4,2026-10-09T17:31:44.583642,True
3306,Notebook Basic,Brinquedos,0.0,184,33.02,0.1,2026-10-09T17:31:44.583642,True
3307,Aventura Pro,Categoria Inexistente,216.15,117,47.89,3.5,2026-10-09T17:31:44.583642,True
3308,Calça Plus,,599.82,166,16.34,2.1,2026-10-09T17:31:44.583642,True
3309,SOFÁ PRO,Roupas,809.56,159,40.49,2.0,2026-10-09T17:31:44.583642,True
3310,CaLçA mAX,Casa,802.56,324,11.64,0.9,2026-10-09T17:31:44.583642,True
3311,FEIJÃO BASIC,Casa,961.27,283,37.94,4.8,2026-10-09T17:31:44.583642,True
3312,Calça Premium,Eletrônicos,-70.88,299,42.97,4.8,2026-10-09T17:31:44.583642,True
3313,mESa MAX,Brinquedos,513.12,432,43.31,3.9,2026-10-09T17:31:44.583642,True
3314,Arroz Plus,Roupas,554.48,251,0.34,100,2026-10-09T17:31:44.583642,True
3315,notebook pro,Livros,750.85,338,18.24,0.6,2026-10-09T17:31:44.583642,True
3316,Sofá Pro,123,805.0,152,18.67,3.2,2026-10-09T17:31:44.583642,True
3317,Bola Basic,123,69.58,329,32.4,0.8,2026-10-09T17:31:44.583642,True
3318,ARRoZ BaSIc,Livros,471.48,359,28.84,4.6,2026-10-09T17:31:44.583642,True
3319,Feijão Max,Esportes,0.0,469,0.92,0.2,2026-10-09T17:31:44.583642,True
3320,Tv pro,Roupas,391.48,452,34.52,0.3,2026-10-09T17:31:44.583642,True
3321,sofá pro,Livros,396.67,154,21.53,1.6,2026-10-09T17:31:44.583642,True
3322,tv pLus,Eletrônicos,738.32,33,22.32,4.8,2026-10-09T17:31:44.583642,True
3323,BOLA PLUS,Eletrônicos,858.23,91,40.18,4.2,2026-10-09T17:31:44.583642,True
3324,FEIJÃO BASIC,Alimentos,767.65,398,11.54,2.7,2026-10-09T17:31:44.583642,True
3325,Camiseta max,Livros,832.02,22,19.98,0.3,2026-10-09T17:31:44.583642,True
3326,Ursinho Pro,Casa,0.0,274,7.35,0.6,2026-10-09T17:31:44.583642,True
3327,TV Max,Alimentos,537.79,76,10.01,-1,2026-10-09T17:31:44.583642,True
3328,Romance plus,Eletrônicos,187.95,353,0.12,4.3,2026-10-09T17:31:44.583642,True
3329,Sofá Pro,Eletrônicos,-92.22,152,29.14,4.9,2026-10-09T17:31:44.583642,True
3330,Sofá Pro,123,854.05,490,45.6,4.3,2026-10-09T17:31:44.583642,True
3331, ,Eletrônicos,784.66,324,44.79,2.7,2026-10-09T17:31:44.583642,True
3332,Camiseta Max,Casa,548.5,133,7.76,10,2026-10-09T17:31:44.583642,True
3333,Arroz Pro,Livros,672.56,61,33.05,100,2026-10-09T17:31:44.583642,True
3334,Notebook Premium,Livros,0.0,303,1.34,3.8,2026-10-09T17:31:44.583642,True
3335,Arroz plus,Roupas,753.6,309,23.47,3.9,2026-10-09T17:31:44.583642,True
3336,Sofá Plus,Casa,448.36,-15,48.4,3.2,2026-10-09T17:31:44.583642,True
3337,arroz pro,Esportes,280.98,169,24.81,0.3,2026-10-09T17:31:44.583642,True
3338,Camiseta basic,Livros,184.26,225,6.74,3.8,2026-10-09T17:31:44.583642,True
3339,notebook basic,Brinquedos,252.42,436,17.83,1.2,2026-10-09T17:31:44.583642,True
3340,Sofá Premium,Casa,0.0,269,21.27,0.6,2026-10-09T17:31:44.583642,True
3341,Feijão Pro,Categoria Inexistente,764.0,199,28.44,3.2,2026-10-09T17:31:44.583642,True
3342,Ursinho Premium,Eletrônicos,752.82,461,-5.45,2.0,2026-10-09T17:31:44.583642,True
3343,Arroz Pro,Categoria Inexistente,178.97,467,28.78,1.2,2026-10-09T17:31:44.583642,True
3344,Romance Premium,Livros,0.0,94,29.6,2.4,2026-10-09T17:31:44.583642,True
3345,Camiseta Basic,Alimentos,-23.38,59,37.54,2.1,2026-10-09T17:31:44.583642,True
3346,CALÇA PLUS,Esportes,289.53,71,48.63,0.6,2026-10-09T17:31:44.583642,True
3347,,Eletrônicos,526.04,353,20.54,4.6,2026-10-09T17:31:44.583642,True
3348,Camiseta Plus,Eletrônicos,-47.03,332,46.39,3.9,2026-10-09T17:31:44.583642,True
3349,Romance plus,Roupas,904.77,194,5.48,0.2,2026-10-09T17:31:44.583642,True
3350,Sofá Pro,Casa,216.23,249,41.28,100,2026-10-09T17:31:44.583642,True
3351,Smartphone Premium,Esportes,306.05,232,-6.1,1.9,2026-10-09T17:31:44.583642,True
3352,Smartphone Premium,Esportes,-18.21,242,1.0,2.5,2026-10-09T17:31:44.583642,True
3353, ,Esportes,305.16,376,48.54,0.6,2026-10-09T17:31:44.583642,True
3354,TV pRO,Esportes,824.56,323,16.4,4.2,2026-10-09T17:31:44.583642,True
3355,Feijão Premium,Eletrônicos,0.0,442,23.55,4.2,2026-10-09T17:31:44.583642,True
3356,Notebook Pro,Alimentos,951.65,323,23.76,100,2026-10-09T17:31:44.583642,True
3357,Sofá Basic,123,457.05,412,12.02,1.5,2026-10-09T17:31:44.583642,True
3358,Aventura Basic,Eletrônicos,-61.15,475,21.15,1.8,2026-10-09T17:31:44.583642,True
3359,Mesa Pro,Casa,951.61,160,-4.54,3.8,2026-10-09T17:31:44.583642,True
3360,,Roupas,904.95,189,36.03,1.9,2026-10-09T17:31:44.583642,True
3361,FEIJÃO PREMIUM,Brinquedos,977.81,382,27.98,0.0,2026-10-09T17:31:44.583642,True
3362,Sofá Premium,,256.05,37,16.27,3.3,2026-10-09T17:31:44.583642,True
3363,Feijão Pro,Livros,987.11,241,17.17,,2026-10-09T17:31:44.583642,True
3364,Bola Plus,Casa,509.44,-56,1.0,4.6,2026-10-09T17:31:44.583642,True
3365,MeSa pRO,Brinquedos,40.61,313,31.98,1.3,2026-10-09T17:31:44.583642,True
3366,Sofá Premium,123,856.59,355,0.89,2.7,2026-10-09T17:31:44.583642,True
3367,calça pro,Casa,432.8,280,1.72,3.4,2026-10-09T17:31:44.583642,True
3368,Romance Plus,Livros,641.47,-29,29.96,2.8,2026-10-09T17:31:44.583642,True
3369,Aventura Max,Roupas,-71.73,121,3.17,4.5,2026-10-09T17:31:44.583642,True
3370,AVENTURA BASIC,Brinquedos,41.11,40,14.9,0.2,2026-10-09T17:31:44.583642,True
3371,Aventura max,Alimentos,745.26,203,43.3,0.1,2026-10-09T17:31:44.583642,True
3372,Calça basic,Alimentos,56.57,335,2.87,4.8,2026-10-09T17:31:44.583642,True
3373,Feijão plus,Eletrônicos,142.26,72,41.37,1.9,2026-10-09T17:31:44.583642,True
3374,MeSa pLuS,Brinquedos,87.49,262,28.76,3.9,2026-10-09T17:31:44.583642,True
3375,bola pro,Esportes,958.58,487,29.48,0.7,2026-10-09T17:31:44.583642,True
3376,Mesa Pro,Eletrônicos,-39.27,1,10.75,3.8,2026-10-09T17:31:44.583642,True
3377,Camiseta Basic,Esportes,0.0,366,30.59,2.5,2026-10-09T17:31:44.583642,True
3378,SMARTPHONE PRO,Brinquedos,594.91,76,41.86,2.1,2026-10-09T17:31:44.583642,True
3379, ,Roupas,414.44,363,31.01,3.1,2026-10-09T17:31:44.583642,True
3380,Romance pro,Alimentos,465.42,96,16.32,0.0,2026-10-09T17:31:44.583642,True
3381,ROMANCE PLUS,Casa,792.7,295,33.89,0.7,2026-10-09T17:31:44.583642,True
3382,Aventura Premium,Roupas,960.08,229,31.96,-1,2026-10-09T17:31:44.583642,True
3383,boLa PRO,Casa,974.08,386,33.11,0.6,2026-10-09T17:31:44.583642,True
3384,Smartphone max,Esportes,991.46,5,45.57,0.1,2026-10-09T17:31:44.583642,True
3385,Romance pro,Esportes,654.06,486,44.05,3.3,2026-10-09T17:31:44.583642,True
3386,Aventura Premium,Esportes,928.88,466,12.15,10,2026-10-09T17:31:44.583642,True
3387,Notebook Premium,Brinquedos,502.54,-70,15.05,3.2,2026-10-09T17:31:44.583642,True
3388,,Roupas,412.34,220,21.26,0.2,2026-10-09T17:31:44.583642,True
3389,,Roupas,386.52,410,2.46,3.3,2026-10-09T17:31:44.583642,True
3390,,Alimentos,966.08,140,48.12,1.6,2026-10-09T17:31:44.583642,True
3391,rOmANce pLuS,Brinquedos,404.96,29,21.18,4.5,2026-10-09T17:31:44.583642,True
3392,,Livros,41.0,63,0.52,3.0,2026-10-09T17:31:44.583642,True
3393,Bola Premium,,994.71,408,30.55,1.9,2026-10-09T17:31:44.583642,True
3394,AVENTURA PLUS,Livros,113.82,430,35.53,0.8,2026-10-09T17:31:44.583642,True
3395,TV Pro,Alimentos,176.03,118,-7.1,4.6,2026-10-09T17:31:44.583642,True
3396,Notebook Pro,Categoria Inexistente,494.77,462,43.83,3.2,2026-10-09T17:31:44.583642,True
3397,Aventura pro,Livros,713.51,242,48.32,4.1,2026-10-09T17:31:44.583642,True
3398,Feijão Pro,Categoria Inexistente,831.38,21,48.73,4.1,2026-10-09T17:31:44.583642,True
3399,,Livros,531.51,81,28.15,2.0,2026-10-09T17:31:44.583642,True
3400,arroz pro,Roupas,858.15,350,14.44,2.1,2026-10-09T17:31:44.583642,True
3401,BOLA PLUS,Roupas,704.27,417,5.49,0.3,2026-10-09T17:31:44.583642,True
3402,Tv plus,Casa,168.44,401,29.43,3.0,2026-10-09T17:31:44.583642,True
3403,bola premium,Eletrônicos,354.86,388,25.88,2.7,2026-10-09T17:31:44.583642,True
3404,Mesa Max,Categoria Inexistente,660.41,197,20.0,3.4,2026-10-09T17:31:44.583642,True
3405,TV PRO,Casa,808.12,333,6.14,1.8,2026-10-09T17:31:44.583642,True
3406,Notebook Plus,Alimentos,-10.7,16,25.07,0.9,2026-10-09T17:31:44.583642,True
3407, ,Casa,662.47,469,7.6,2.8,2026-10-09T17:31:44.583642,True
3408,Smartphone Max,Esportes,476.59,62,7.04,10,2026-10-09T17:31:44.583642,True
3409,Mesa premium,Roupas,675.65,189,42.49,4.9,2026-10-09T17:31:44.583642,True
3410,SOFÁ PRO,Livros,273.04,320,26.0,0.3,2026-10-09T17:31:44.583642,True
3411,AVENTURA MAX,Esportes,890.29,102,19.62,1.0,2026-10-09T17:31:44.583642,True
3412,MESA MAX,Roupas,102.96,435,15.4,1.3,2026-10-09T17:31:44.583642,True
3413,Feijão Pro,Eletrônicos,0.0,450,49.01,2.9,2026-10-09T17:31:44.583642,True
3414,Romance Max,Esportes,-65.92,249,40.76,0.0,2026-10-09T17:31:44.583642,True
3415,TV Pro,Alimentos,-17.17,477,41.66,0.2,2026-10-09T17:31:44.583642,True
3416,Smartphone pro,Roupas,940.67,172,20.29,0.7,2026-10-09T17:31:44.583642,True
3417,ursinho premium,Alimentos,542.82,293,46.93,2.3,2026-10-09T17:31:44.583642,True
3418,Bola Basic,Alimentos,571.69,124,-4.35,1.0,2026-10-09T17:31:44.583642,True
3419,BOLA PREMIUM,Brinquedos,684.26,157,43.94,3.0,2026-10-09T17:31:44.583642,True
3420,Camiseta Pro,Eletrônicos,112.41,312,-0.08,1.4,2026-10-09T17:31:44.583642,True
3421,Notebook Pro,,821.77,81,42.44,1.8,2026-10-09T17:31:44.583642,True
3422,Smartphone Premium,Livros,0.0,293,2.78,0.7,2026-10-09T17:31:44.583642,True
3423,Notebook Max,Roupas,892.62,-95,0.16,1.4,2026-10-09T17:31:44.583642,True
3424, ,Alimentos,570.39,341,27.06,1.6,2026-10-09T17:31:44.583642,True
3425,SoFÁ PLUS,Esportes,672.42,27,31.16,2.2,2026-10-09T17:31:44.583642,True
3426,tv pro,Esportes,601.52,392,25.94,4.7,2026-10-09T17:31:44.583642,True
3427,Notebook plus,Alimentos,448.35,287,21.93,5.0,2026-10-09T17:31:44.583642,True
3428,Sofá Basic,,385.2,75,12.71,4.0,2026-10-09T17:31:44.583642,True
3429,Camiseta Pro,,459.28,431,25.39,4.9,2026-10-09T17:31:44.583642,True
3430,Camiseta Pro,Esportes,-44.9,86,11.21,3.8,2026-10-09T17:31:44.583642,True
3431,Mesa Pro,Esportes,0.0,23,9.55,4.9,2026-10-09T17:31:44.583642,True
3432,,Casa,724.15,355,1.14,4.5,2026-10-09T17:31:44.583642,True
3433,Smartphone Plus,Roupas,0.0,119,15.95,3.7,2026-10-09T17:31:44.583642,True
3434,Notebook Pro,,521.18,163,15.59,0.6,2026-10-09T17:31:44.583642,True
3435,Camiseta Max,Casa,0.0,242,37.76,4.8,2026-10-09T17:31:44.583642,True
3436,Sofá Premium,Roupas,763.92,-86,0.12,0.1,2026-10-09T17:31:44.583642,True
3437,Sofá Basic,Brinquedos,238.5,280,49.41,10,2026-10-09T17:31:44.583642,True
3438,Calça Plus,Alimentos,755.99,-98,22.57,1.1,2026-10-09T17:31:44.583642,True
3439,Sofá Premium,Roupas,571.17,326,-5.63,0.1,2026-10-09T17:31:44.583642,True
3440,Arroz Premium,Brinquedos,387.07,-85,14.69,2.6,2026-10-09T17:31:44.583642,True
3441,RoMaNcE pRo,Casa,507.62,311,33.26,2.8,2026-10-09T17:31:44.583642,True
3442,ROMANCE PLUS,Casa,111.26,117,42.67,2.2,2026-10-09T17:31:44.583642,True
3443,Arroz Basic,Esportes,-93.34,31,27.5,2.7,2026-10-09T17:31:44.583642,True
3444,Feijão Max,Alimentos,0.0,393,31.38,3.9,2026-10-09T17:31:44.583642,True
3445,Mesa Max,Esportes,0.0,277,7.84,1.0,2026-10-09T17:31:44.583642,True
3446,Bola plus,Alimentos,241.24,112,1.5,2.8,2026-10-09T17:31:44.583642,True
3447,notebook pro,Livros,329.38,278,25.01,4.5,2026-10-09T17:31:44.583642,True
3448,smaRtphOne PrEMIum,Brinquedos,107.43,451,25.32,1.4,2026-10-09T17:31:44.583642,True
3449,Arroz Plus,Eletrônicos,356.35,27,16.63,100,2026-10-09T17:31:44.583642,True
3450,Arroz Max,,322.38,109,34.2,0.1,2026-10-09T17:31:44.583642,True
3451,Bola Pro,Livros,-98.46,448,40.13,3.6,2026-10-09T17:31:44.583642,True
3452,TV Pro,Brinquedos,748.38,299,-2.55,3.4,2026-10-09T17:31:44.583642,True
3453, ,Casa,47.23,484,24.45,2.7,2026-10-09T17:31:44.583642,True
3454,MESA MAX,Brinquedos,832.62,292,25.35,0.3,2026-10-09T17:31:44.583642,True
3455,SOFÁ PREMIUM,Esportes,616.57,340,7.28,2.2,2026-10-09T17:31:44.583642,True
3456,Sofá Max,Brinquedos,-17.44,423,9.62,0.6,2026-10-09T17:31:44.583642,True
3457,Feijão Plus,Eletrônicos,144.19,121,-5.48,1.8,2026-10-09T17:31:44.583642,True
3458,AVeNtURA MAX,Livros,57.9,382,49.08,0.9,2026-10-09T17:31:44.583642,True
3459,Notebook Basic,Casa,-72.7,39,42.05,4.4,2026-10-09T17:31:44.583642,True
3460,Arroz Plus,Eletrônicos,497.42,-86,41.96,3.6,2026-10-09T17:31:44.583642,True
3461,arroz max,Brinquedos,408.56,106,2.85,1.2,2026-10-09T17:31:44.583642,True
3462,Arroz Max,,477.86,226,11.09,1.9,2026-10-09T17:31:44.583642,True
3463,Romance Max,Alimentos,644.51,383,48.9,6,2026-10-09T17:31:44.583642,True
3464,Romance Plus,Roupas,163.49,479,14.38,100,2026-10-09T17:31:44.583642,True
3465,TV Premium,Eletrônicos,483.09,-22,41.72,0.9,2026-10-09T17:31:44.583642,True
3466,SOFÁ PRO,Livros,639.45,86,44.22,2.3,2026-10-09T17:31:44.583642,True
3467,smartphone pro,Casa,278.05,331,42.36,1.5,2026-10-09T17:31:44.583642,True
3468,SMARTPHONE MAX,Livros,159.71,420,26.19,1.2,2026-10-09T17:31:44.583642,True
3469,Feijão Plus,Livros,189.14,304,-5.1,1.9,2026-10-09T17:31:44.583642,True
3470,boLA BaSIC,Eletrônicos,444.84,6,48.03,0.8,2026-10-09T17:31:44.583642,True
3471,Romance Plus,Casa,-69.07,76,45.08,4.7,2026-10-09T17:31:44.583642,True
3472,Ursinho Premium,Esportes,0.0,302,4.24,2.1,2026-10-09T17:31:44.583642,True
3473, ,Roupas,600.2,245,32.67,1.1,2026-10-09T17:31:44.583642,True
3474,MESA MAX,Brinquedos,944.56,189,20.3,3.5,2026-10-09T17:31:44.583642,True
3475,Calça Max,Casa,673.2,328,31.37,-1,2026-10-09T17:31:44.583642,True
3476,Calça Pro,Categoria Inexistente,794.09,330,14.95,0.1,2026-10-09T17:31:44.583642,True
3477,CAMISETA BASIC,Eletrônicos,875.2,323,9.53,2.5,2026-10-09T17:31:44.583642,True
3478,Camiseta Pro,Roupas,-67.33,181,28.83,4.5,2026-10-09T17:31:44.583642,True
3479,Calça Premium,Eletrônicos,-66.22,382,6.31,2.5,2026-10-09T17:31:44.583642,True
3480,camiSeTa PRO,Livros,785.84,83,8.42,1.6,2026-10-09T17:31:44.583642,True
3481,smartphone max,Livros,798.61,51,0.53,2.0,2026-10-09T17:31:44.583642,True
3482, ,Livros,563.54,209,48.26,0.5,2026-10-09T17:31:44.583642,True
3483,Aventura Plus,Roupas,941.97,84,-4.76,0.2,2026-10-09T17:31:44.583642,True
3484,mEsa PrO,Brinquedos,21.07,213,40.68,1.9,2026-10-09T17:31:44.583642,True
3485,Mesa Pro,Brinquedos,0.0,50,24.19,0.4,2026-10-09T17:31:44.583642,True
3486,Aventura Premium,Brinquedos,329.91,-100,17.79,3.7,2026-10-09T17:31:44.583642,True
3487,TV Plus,Esportes,447.26,409,31.63,100,2026-10-09T17:31:44.583642,True
3488,aRRoz bAsiC,Esportes,563.34,261,8.44,2.4,2026-10-09T17:31:44.583642,True
3489,Romance plus,Esportes,983.78,341,12.06,3.1,2026-10-09T17:31:44.583642,True
3490,Smartphone Plus,Alimentos,900.04,-68,44.54,3.0,2026-10-09T17:31:44.583642,True
3491,Sofá Pro,Esportes,0.0,226,18.35,3.0,2026-10-09T17:31:44.583642,True
3492,nOtEBoOk PREmium,Esportes,717.17,284,25.38,4.0,2026-10-09T17:31:44.583642,True
3493,Notebook Basic,Roupas,191.7,-63,10.66,4.8,2026-10-09T17:31:44.583642,True
3494,Ursinho Basic,Brinquedos,893.7,150,-7.99,2.8,2026-10-09T17:31:44.583642,True
3495,Romance Pro,Esportes,76.39,12,33.7,10,2026-10-09T17:31:44.583642,True
3496,NoTeBOOK BASIC,Brinquedos,692.38,244,34.0,4.0,2026-10-09T17:31:44.583642,True
3497,Aventura Max,,430.27,3,47.84,4.5,2026-10-09T17:31:44.583642,True
3498,arroz pro,Livros,66.71,364,1.11,2.4,2026-10-09T17:31:44.583642,True
3499,Romance Max,Livros,0.0,361,6.36,4.9,2026-10-09T17:31:44.583642,True
3500,Smartphone Basic,Alimentos,0.0,225,0.44,2.8,2026-10-09T17:31:44.583642,True
3501,Sofá Basic,Roupas,217.34,292,44.32,-1,2026-10-09T17:31:44.583642,True
3502,Calça Basic,Livros,0.0,437,39.15,5.0,2026-10-09T17:31:44.583642,True
3503,Smartphone Max,Brinquedos,775.89,407,-0.71,1.2,2026-10-09T17:31:44.583642,True
3504,,Esportes,19.09,108,22.68,3.0,2026-10-09T17:31:44.583642,True
3505,Romance Pro,Alimentos,-32.78,451,26.41,0.6,2026-10-09T17:31:44.583642,True
3506,Feijão max,Alimentos,941.31,335,14.33,0.7,2026-10-09T17:31:44.583642,True
3507,Aventura Max,Alimentos,189.58,-8,37.5,0.0,2026-10-09T17:31:44.583642,True
3508,Smartphone Basic,Alimentos,355.04,-86,10.89,4.7,2026-10-09T17:31:44.583642,True
3509,SMARTPHONE PLUS,Roupas,258.8,354,40.56,3.4,2026-10-09T17:31:44.583642,True
3510,Arroz Premium,Livros,-82.95,237,36.84,3.9,2026-10-09T17:31:44.583642,True
3511,Ursinho Pro,Casa,640.71,-65,7.96,1.1,2026-10-09T17:31:44.583642,True
3512, ,Eletrônicos,23.1,411,12.89,0.4,2026-10-09T17:31:44.583642,True
3513,Ursinho Pro,Roupas,510.86,401,24.56,10,2026-10-09T17:31:44.583642,True
3514,BoLa premium,Roupas,48.4,287,19.19,3.5,2026-10-09T17:31:44.583642,True
3515,Arroz basic,Esportes,152.02,230,41.59,0.8,2026-10-09T17:31:44.583642,True
3516,Sofá Max,Esportes,398.33,156,-8.6,2.9,2026-10-09T17:31:44.583642,True
3517,Sofá Basic,Casa,718.15,346,-2.66,0.9,2026-10-09T17:31:44.583642,True
3518,Arroz Premium,Roupas,986.93,-56,18.29,4.0,2026-10-09T17:31:44.583642,True
3519,Bola basic,Roupas,938.89,74,3.04,0.5,2026-10-09T17:31:44.583642,True
3520,Calça basic,Brinquedos,572.48,123,7.72,3.5,2026-10-09T17:31:44.583642,True
3521,mesa max,Casa,23.08,400,43.12,3.0,2026-10-09T17:31:44.583642,True
3522,ROMANCE BASIC,Casa,52.26,10,19.92,1.3,2026-10-09T17:31:44.583642,True
3523,smartphone max,Alimentos,616.44,166,19.67,4.5,2026-10-09T17:31:44.583642,True
3524,tV PReMiuM,Roupas,378.65,24,42.23,2.1,2026-10-09T17:31:44.583642,True
3525,Mesa Plus,Esportes,579.2,182,28.24,6,2026-10-09T17:31:44.583642,True
3526,Feijão Plus,Casa,37.08,-6,0.4,4.1,2026-10-09T17:31:44.583642,True
3527,tv max,Livros,973.1,299,46.29,3.3,2026-10-09T17:31:44.583642,True
3528,ARrOZ pLuS,Eletrônicos,331.75,335,48.61,4.9,2026-10-09T17:31:44.583642,True
3529,SOfá PREmiUm,Brinquedos,151.83,5,12.29,4.2,2026-10-09T17:31:44.583642,True
3530,Feijão basic,Eletrônicos,721.65,85,8.98,0.7,2026-10-09T17:31:44.583642,True
3531,TV Premium,,448.74,435,33.69,2.0,2026-10-09T17:31:44.583642,True
3532,Smartphone Premium,Esportes,751.28,453,-2.93,4.4,2026-10-09T17:31:44.583642,True
3533,Arroz Premium,123,237.46,384,24.4,3.3,2026-10-09T17:31:44.583642,True
3534,Mesa Max,Casa,-82.7,256,24.5,1.6,2026-10-09T17:31:44.583642,True
3535,TV Pro,Livros,226.6,-25,47.24,4.3,2026-10-09T17:31:44.583642,True
3536,tV max,Casa,207.28,12,5.96,4.4,2026-10-09T17:31:44.583642,True
3537,Aventura Premium,Casa,723.52,-52,29.99,4.4,2026-10-09T17:31:44.583642,True
3538,URSINHO MAX,Livros,562.98,233,48.39,3.4,2026-10-09T17:31:44.583642,True
3539,Calça Pro,Alimentos,43.86,295,12.46,,2026-10-09T17:31:44.583642,True
3540,TV Pro,Brinquedos,214.68,97,42.74,100,2026-10-09T17:31:44.583642,True
3541,BOLA PREMIUM,Roupas,663.44,308,20.98,1.3,2026-10-09T17:31:44.583642,True
3542,Ursinho Basic,Livros,-11.83,408,1.14,0.2,2026-10-09T17:31:44.583642,True
3543,Calça Basic,Alimentos,78.87,-87,47.81,3.2,2026-10-09T17:31:44.583642,True
3544,Notebook Premium,Brinquedos,642.23,297,14.06,,2026-10-09T17:31:44.583642,True
3545,Ursinho Pro,123,694.83,86,17.29,2.7,2026-10-09T17:31:44.583642,True
3546,Camiseta Plus,,249.32,141,33.29,0.5,2026-10-09T17:31:44.583642,True
3547,Aventura Max,Livros,749.92,59,46.26,6,2026-10-09T17:31:44.583642,True
3548,Mesa Max,Brinquedos,808.63,-94,27.12,3.4,2026-10-09T17:31:44.583642,True
3549,Camiseta Plus,123,553.2,457,14.83,2.1,2026-10-09T17:31:44.583642,True
3550,Arroz Basic,,149.65,431,18.19,4.2,2026-10-09T17:31:44.583642,True
3551,Smartphone basic,Roupas,34.11,302,40.74,4.5,2026-10-09T17:31:44.583642,True
3552,Calça Plus,Casa,53.25,-18,16.27,3.0,2026-10-09T17:31:44.583642,True
3553,,Eletrônicos,615.51,382,28.94,1.1,2026-10-09T17:31:44.583642,True
3554,tv pro,Roupas,145.29,456,3.5,1.7,2026-10-09T17:31:44.583642,True
3555,FEIJÃO BASIC,Casa,997.13,464,13.9,0.3,2026-10-09T17:31:44.583642,True
3556,caLça PRO,Esportes,208.11,337,49.49,4.6,2026-10-09T17:31:44.583642,True
3557,ARROZ MAX,Roupas,729.52,24,12.87,0.5,2026-10-09T17:31:44.583642,True
3558,NOTEBOOK PRO,Casa,310.2,206,9.78,0.2,2026-10-09T17:31:44.583642,True
3559,Mesa Premium,Brinquedos,0.0,480,6.14,3.0,2026-10-09T17:31:44.583642,True
3560,Calça Max,Eletrônicos,695.55,-32,39.62,3.1,2026-10-09T17:31:44.583642,True
3561,arroz plus,Livros,690.8,474,26.71,3.6,2026-10-09T17:31:44.583642,True
3562,romance premium,Casa,213.5,289,41.98,4.4,2026-10-09T17:31:44.583642,True
3563,SOfÁ PrEMIUM,Alimentos,489.52,381,33.01,1.9,2026-10-09T17:31:44.583642,True
3564,Arroz Pro,Roupas,-20.07,459,31.0,2.4,2026-10-09T17:31:44.583642,True
3565,TV PluS,Alimentos,583.89,429,12.64,2.2,2026-10-09T17:31:44.583642,True
3566,Camiseta Pro,Alimentos,493.68,401,-1.89,4.0,2026-10-09T17:31:44.583642,True
3567,Sofá Premium,Casa,-98.27,393,1.81,3.5,2026-10-09T17:31:44.583642,True
3568,Mesa Premium,,65.04,134,5.97,3.7,2026-10-09T17:31:44.583642,True
3569,,Roupas,73.06,483,42.01,4.5,2026-10-09T17:31:44.583642,True
3570,Camiseta Premium,Brinquedos,865.24,-32,24.04,0.2,2026-10-09T17:31:44.583642,True
3571,Mesa Max,Roupas,-11.72,10,29.79,0.2,2026-10-09T17:31:44.583642,True
3572,Ursinho Max,Alimentos,60.93,497,7.72,,2026-10-09T17:31:44.583642,True
3573, ,Eletrônicos,825.04,99,17.08,3.7,2026-10-09T17:31:44.583642,True
3574,feijão premium,Eletrônicos,204.27,284,8.81,4.9,2026-10-09T17:31:44.583642,True
3575,Bola max,Roupas,34.31,372,41.09,2.2,2026-10-09T17:31:44.583642,True
3576,Camiseta Plus,Alimentos,-5.59,482,4.34,1.3,2026-10-09T17:31:44.583642,True
3577,Calça Premium,Categoria Inexistente,468.26,300,26.78,0.9,2026-10-09T17:31:44.583642,True
3578,Sofá pro,Brinquedos,455.78,437,1.56,1.6,2026-10-09T17:31:44.583642,True
3579,Camiseta Premium,Esportes,0.0,197,10.33,2.1,2026-10-09T17:31:44.583642,True
3580,Smartphone Max,Roupas,-57.71,271,20.83,3.5,2026-10-09T17:31:44.583642,True
3581,Romance Premium,Categoria Inexistente,955.85,99,4.67,3.9,2026-10-09T17:31:44.583642,True
3582,Feijão Basic,Eletrônicos,938.72,-53,38.39,3.1,2026-10-09T17:31:44.583642,True
3583,Sofá Basic,Roupas,812.62,361,-2.18,4.2,2026-10-09T17:31:44.583642,True
3584,TV Pro,Roupas,0.0,251,12.48,3.3,2026-10-09T17:31:44.583642,True
3585,Romance Basic,Casa,794.9,2,5.05,100,2026-10-09T17:31:44.583642,True
3586,Ursinho Max,123,322.15,275,47.3,4.1,2026-10-09T17:31:44.583642,True
3587,aRRoz pRO,Esportes,188.41,6,26.59,0.2,2026-10-09T17:31:44.583642,True
3588,FEIJÃO MAX,Brinquedos,950.83,19,34.79,0.7,2026-10-09T17:31:44.583642,True
3589,Arroz PreMiuM,Casa,177.58,162,8.75,4.3,2026-10-09T17:31:44.583642,True
3590,Notebook Basic,Eletrônicos,0.0,376,48.49,3.2,2026-10-09T17:31:44.583642,True
3591,sofá premium,Casa,31.99,205,6.8,4.8,2026-10-09T17:31:44.583642,True
3592,Smartphone Premium,Roupas,801.94,-24,32.43,4.7,2026-10-09T17:31:44.583642,True
3593,Ursinho Max,Casa,0.0,471,25.83,1.3,2026-10-09T17:31:44.583642,True
3594,Bola Max,Livros,511.39,272,-9.64,2.7,2026-10-09T17:31:44.583642,True
3595, ,Casa,559.61,165,32.51,3.6,2026-10-09T17:31:44.583642,True
3596,Feijão Pro,Casa,109.09,-32,2.93,3.3,2026-10-09T17:31:44.583642,True
3597,Arroz max,Brinquedos,459.17,460,47.61,2.3,2026-10-09T17:31:44.583642,True
3598,Bola Pro,Casa,-88.72,208,47.05,2.8,2026-10-09T17:31:44.583642,True
3599,Feijão Plus,Eletrônicos,450.32,-31,46.78,0.3,2026-10-09T17:31:44.583642,True
3600,Feijão Premium,Brinquedos,-69.94,18,19.88,4.1,2026-10-09T17:31:44.583642,True
3601,FEIJÃO PLUS,Brinquedos,348.9,27,9.09,2.7,2026-10-09T17:31:44.583642,True
3602,Mesa max,Roupas,231.53,107,13.39,0.8,2026-10-09T17:31:44.583642,True
3603,Feijão Basic,Categoria Inexistente,76.13,58,39.92,4.0,2026-10-09T17:31:44.583642,True
3604,ArrOz MaX,Brinquedos,294.88,126,28.2,2.0,2026-10-09T17:31:44.583642,True
3605,Aventura Pro,Eletrônicos,0.0,99,45.4,4.9,2026-10-09T17:31:44.583642,True
3606,,Livros,288.16,168,9.93,0.0,2026-10-09T17:31:44.583642,True
3607,smartphone pro,Alimentos,331.53,31,24.24,4.6,2026-10-09T17:31:44.583642,True
3608,Arroz Basic,Alimentos,886.06,-63,1.66,0.3,2026-10-09T17:31:44.583642,True
3609,Ursinho Max,Alimentos,628.85,173,-3.05,2.6,2026-10-09T17:31:44.583642,True
3610,Bola Pro,Casa,276.26,424,-7.96,4.7,2026-10-09T17:31:44.583642,True
3611,Camiseta Pro,Roupas,809.04,65,-5.62,3.6,2026-10-09T17:31:44.583642,True
3612,CALÇA PRO,Brinquedos,131.42,328,24.49,0.2,2026-10-09T17:31:44.583642,True
3613,,Alimentos,464.13,101,2.36,2.2,2026-10-09T17:31:44.583642,True
3614,NotEbOOK pLuS,Alimentos,394.52,62,14.21,0.3,2026-10-09T17:31:44.583642,True
3615,Calça Basic,Categoria Inexistente,591.69,121,38.56,1.8,2026-10-09T17:31:44.583642,True
3616,,Casa,211.2,392,6.09,2.7,2026-10-09T17:31:44.583642,True
3617,Feijão Max,Alimentos,-66.91,158,8.97,2.7,2026-10-09T17:31:44.583642,True
3618,Calça Basic,Roupas,61.95,-77,38.53,3.8,2026-10-09T17:31:44.583642,True
3619,Smartphone Pro,123,413.72,183,31.97,4.8,2026-10-09T17:31:44.583642,True
3620,Calça Pro,Brinquedos,0.0,61,23.57,2.8,2026-10-09T17:31:44.583642,True
3621,,Roupas,142.0,323,36.75,0.8,2026-10-09T17:31:44.583642,True
3622,Notebook Premium,Eletrônicos,0.0,327,25.21,4.8,2026-10-09T17:31:44.583642,True
3623,TV Premium,Esportes,27.81,-70,47.79,3.8,2026-10-09T17:31:44.583642,True
3624,Smartphone Max,Livros,927.71,-71,1.92,1.5,2026-10-09T17:31:44.583642,True
3625,bola plus,Eletrônicos,632.58,114,27.16,4.5,2026-10-09T17:31:44.583642,True
3626,TV Plus,Livros,180.93,227,-0.71,3.6,2026-10-09T17:31:44.583642,True
3627,Romance Max,Brinquedos,62.97,276,-5.3,0.1,2026-10-09T17:31:44.583642,True
3628,feiJão PLUS,Alimentos,272.21,350,20.73,1.3,2026-10-09T17:31:44.583642,True
3629,Tv pro,Eletrônicos,396.32,382,38.33,5.0,2026-10-09T17:31:44.583642,True
3630,Arroz Pro,Eletrônicos,329.7,-79,13.24,0.8,2026-10-09T17:31:44.583642,True
3631,Arroz Pro,Livros,111.3,150,10.96,6,2026-10-09T17:31:44.583642,True
3632,ursinho plus,Eletrônicos,66.61,203,4.2,3.5,2026-10-09T17:31:44.583642,True
3633,Bola Plus,Livros,0.0,279,5.96,3.7,2026-10-09T17:31:44.583642,True
3634,Bola Pro,Alimentos,754.08,-75,27.48,2.8,2026-10-09T17:31:44.583642,True
3635,arroz basic,Esportes,93.85,487,33.63,3.2,2026-10-09T17:31:44.583642,True
3636,Arroz Max,Brinquedos,561.7,314,-7.39,4.4,2026-10-09T17:31:44.583642,True
3637,TV Pro,Esportes,-24.5,250,9.15,1.0,2026-10-09T17:31:44.583642,True
3638,noTEbOoK MAX,Alimentos,262.55,93,15.93,4.2,2026-10-09T17:31:44.583642,True
3639,NOTEBOOK PLUS,Esportes,109.18,223,44.03,0.9,2026-10-09T17:31:44.583642,True
3640,Bola Plus,Roupas,664.82,465,-7.86,4.5,2026-10-09T17:31:44.583642,True
3641,Romance Plus,Roupas,342.65,265,23.32,-1,2026-10-09T17:31:44.583642,True
3642,Sofá Basic,Livros,176.59,116,-6.06,0.1,2026-10-09T17:31:44.583642,True
3643,Aventura Pro,Esportes,710.57,487,44.33,6,2026-10-09T17:31:44.583642,True
3644,Feijão Pro,Brinquedos,733.07,267,28.77,10,2026-10-09T17:31:44.583642,True
3645,Aventura Plus,Casa,-32.66,101,35.35,4.1,2026-10-09T17:31:44.583642,True
3646,CALÇA PRO,Casa,539.51,48,3.32,1.8,2026-10-09T17:31:44.583642,True
3647,Sofá Pro,Brinquedos,47.72,221,-3.39,2.1,2026-10-09T17:31:44.583642,True
3648,Romance Premium,Esportes,344.0,3,-9.48,4.9,2026-10-09T17:31:44.583642,True
3649,BOLA PRO,Alimentos,465.06,183,2.2,3.9,2026-10-09T17:31:44.583642,True
3650,camiseta pro,Alimentos,343.57,40,31.22,3.6,2026-10-09T17:31:44.583642,True
3651,bola premium,Casa,111.67,273,5.32,2.1,2026-10-09T17:31:44.583642,True
3652,Aventura Premium,Livros,624.4,253,14.51,10,2026-10-09T17:31:44.583642,True
3653,MESA BASIC,Livros,309.25,419,38.83,2.4,2026-10-09T17:31:44.583642,True
3654,Ursinho Premium,Esportes,0.0,131,7.78,0.0,2026-10-09T17:31:44.583642,True
3655,Arroz Premium,Casa,-31.15,90,35.88,4.6,2026-10-09T17:31:44.583642,True
3656,AVENTURA BASIC,Esportes,238.49,474,27.45,4.1,2026-10-09T17:31:44.583642,True
3657,CAMISETA PLUS,Brinquedos,330.19,214,24.67,5.0,2026-10-09T17:31:44.583642,True
3658,CALÇA PREMIUM,Roupas,621.56,74,37.96,0.5,2026-10-09T17:31:44.583642,True
3659,MESA PREMIUM,Alimentos,565.12,345,35.2,2.5,2026-10-09T17:31:44.583642,True
3660,Notebook Plus,Roupas,418.32,-23,18.0,1.7,2026-10-09T17:31:44.583642,True
3661,TV Pro,Livros,0.0,66,11.27,2.4,2026-10-09T17:31:44.583642,True
3662,bolA mAX,Roupas,410.93,343,14.46,0.4,2026-10-09T17:31:44.583642,True
3663,URSINHO BASIC,Casa,835.4,431,38.47,2.8,2026-10-09T17:31:44.583642,True
3664,Ursinho Plus,,634.25,63,32.24,2.6,2026-10-09T17:31:44.583642,True
3665,smarTphonE PrO,Esportes,79.92,192,25.04,4.2,2026-10-09T17:31:44.583642,True
3666,URSINHO PREMIUM,Eletrônicos,170.43,248,38.36,3.3,2026-10-09T17:31:44.583642,True
3667,Camiseta Max,Alimentos,284.69,-97,8.4,3.3,2026-10-09T17:31:44.583642,True
3668,MesA mAX,Casa,52.47,477,20.34,3.7,2026-10-09T17:31:44.583642,True
3669,Bola Plus,Roupas,-51.38,187,14.46,2.2,2026-10-09T17:31:44.583642,True
3670,Notebook Basic,Esportes,599.29,-82,2.75,4.6,2026-10-09T17:31:44.583642,True
3671,Mesa Basic,Roupas,868.86,494,22.35,10,2026-10-09T17:31:44.583642,True
3672,TV Basic,Roupas,-48.74,456,36.89,0.8,2026-10-09T17:31:44.583642,True
3673, ,Eletrônicos,130.18,247,45.37,4.3,2026-10-09T17:31:44.583642,True
3674,Romance Max,Categoria Inexistente,790.71,83,14.02,4.0,2026-10-09T17:31:44.583642,True
3675,avenTurA PRemIuM,Casa,863.48,382,22.93,0.1,2026-10-09T17:31:44.583642,True
3676,feijão pro,Brinquedos,408.98,38,2.26,0.4,2026-10-09T17:31:44.583642,True
3677,Camiseta Pro,Brinquedos,-30.33,328,2.73,2.8,2026-10-09T17:31:44.583642,True
3678,Sofá Basic,Esportes,0.0,458,1.66,4.5,2026-10-09T17:31:44.583642,True
3679,Calça Pro,Categoria Inexistente,280.51,185,45.32,2.7,2026-10-09T17:31:44.583642,True
3680,Ursinho Basic,Esportes,188.79,226,47.54,100,2026-10-09T17:31:44.583642,True
3681,Sofá Premium,Brinquedos,0.0,238,43.61,0.6,2026-10-09T17:31:44.583642,True
3682,Bola Basic,Livros,30.22,-49,24.03,4.7,2026-10-09T17:31:44.583642,True
3683,Smartphone Pro,123,298.25,432,20.16,1.9,2026-10-09T17:31:44.583642,True
3684,Romance Basic,Brinquedos,0.0,353,29.21,3.4,2026-10-09T17:31:44.583642,True
3685,Romance Plus,Eletrônicos,0.0,262,39.55,0.6,2026-10-09T17:31:44.583642,True
3686,Camiseta basic,Brinquedos,42.11,138,9.02,2.0,2026-10-09T17:31:44.583642,True
3687,URSINHO BASIC,Esportes,247.23,159,4.25,3.5,2026-10-09T17:31:44.583642,True
3688,Ursinho Premium,,735.32,11,48.67,4.5,2026-10-09T17:31:44.583642,True
3689,Feijão Max,Alimentos,420.66,227,-5.78,1.5,2026-10-09T17:31:44.583642,True
3690,Aventura Pro,Esportes,-56.49,384,19.64,3.8,2026-10-09T17:31:44.583642,True
3691,,Eletrônicos,528.5,441,44.83,3.5,2026-10-09T17:31:44.583642,True
3692,Arroz Max,Esportes,-22.38,339,5.99,2.1,2026-10-09T17:31:44.583642,True
3693,,Casa,157.53,438,26.8,3.7,2026-10-09T17:31:44.583642,True
3694,Sofá plus,Brinquedos,151.92,279,30.8,0.8,2026-10-09T17:31:44.583642,True
3695,Arroz Basic,Casa,167.72,68,16.31,100,2026-10-09T17:31:44.583642,True
3696,Camiseta Plus,Alimentos,-82.49,376,10.2,2.7,2026-10-09T17:31:44.583642,True
3697,TV Premium,,792.95,490,22.88,2.9,2026-10-09T17:31:44.583642,True
3698,,Esportes,143.67,273,43.71,0.4,2026-10-09T17:31:44.583642,True
3699,tv max,Brinquedos,427.8,240,22.07,2.6,2026-10-09T17:31:44.583642,True
3700,Notebook Premium,Livros,388.3,91,6.95,6,2026-10-09T17:31:44.583642,True
3701,aventura basic,Casa,143.37,410,23.3,0.7,2026-10-09T17:31:44.583642,True
3702,Calça Basic,Esportes,463.0,-15,5.62,0.3,2026-10-09T17:31:44.583642,True
3703,ARROZ PREMIUM,Alimentos,336.4,459,34.48,4.7,2026-10-09T17:31:44.583642,True
3704,NOTEBOOK PLUS,Brinquedos,266.64,125,13.77,0.4,2026-10-09T17:31:44.583642,True
3705,TV Pro,Alimentos,741.7,-40,27.73,4.9,2026-10-09T17:31:44.583642,True
3706,Romance Max,Alimentos,0.0,368,28.08,4.8,2026-10-09T17:31:44.583642,True
3707,Mesa Plus,Categoria Inexistente,179.77,259,39.79,1.9,2026-10-09T17:31:44.583642,True
3708,FeIJÃo basIc,Eletrônicos,764.42,293,0.49,5.0,2026-10-09T17:31:44.583642,True
3709,Tv plus,Brinquedos,868.91,126,0.61,2.4,2026-10-09T17:31:44.583642,True
3710,SMARTPHONE BASIC,Livros,371.03,172,23.43,1.3,2026-10-09T17:31:44.583642,True
3711,ROMANCE MAX,Alimentos,168.18,459,25.29,2.9,2026-10-09T17:31:44.583642,True
3712,Feijão Pro,123,976.5,444,29.64,4.6,2026-10-09T17:31:44.583642,True
3713,FEiJÃo plus,Livros,848.91,203,41.77,0.4,2026-10-09T17:31:44.583642,True
3714,Arroz Premium,Brinquedos,668.41,33,46.69,10,2026-10-09T17:31:44.583642,True
3715,Romance Max,Esportes,-4.17,239,10.6,2.9,2026-10-09T17:31:44.583642,True
3716,Smartphone Pro,Eletrônicos,217.43,304,-8.37,0.4,2026-10-09T17:31:44.583642,True
3717,sofá max,Eletrônicos,58.56,289,23.73,4.6,2026-10-09T17:31:44.583642,True
3718,Aventura Plus,Esportes,-94.24,126,40.5,3.3,2026-10-09T17:31:44.583642,True
3719,TV Pro,Esportes,110.22,102,-3.49,2.1,2026-10-09T17:31:44.583642,True
3720,Mesa Basic,Roupas,84.27,30,-3.03,2.8,2026-10-09T17:31:44.583642,True
3721,Bola Max,Roupas,-95.32,119,10.22,3.8,2026-10-09T17:31:44.583642,True
3722,Arroz premium,Brinquedos,492.34,67,26.9,4.4,2026-10-09T17:31:44.583642,True
3723,Romance Max,Esportes,-99.07,32,46.89,0.2,2026-10-09T17:31:44.583642,True
3724,CaLÇa PLus,Brinquedos,657.33,240,46.73,2.0,2026-10-09T17:31:44.583642,True
3725,aRROz PrO,Esportes,134.16,66,14.41,0.4,2026-10-09T17:31:44.583642,True
3726,Ursinho Pro,Esportes,721.61,-100,29.55,4.3,2026-10-09T17:31:44.583642,True
3727,Calça Premium,Alimentos,392.92,-96,9.57,1.6,2026-10-09T17:31:44.583642,True
3728,Calça Pro,Eletrônicos,164.36,161,-3.85,3.3,2026-10-09T17:31:44.583642,True
3729,Aventura Max,,492.4,184,27.32,4.3,2026-10-09T17:31:44.583642,True
3730,notebook premium,Casa,669.44,238,21.18,3.2,2026-10-09T17:31:44.583642,True
3731,Bola plus,Alimentos,370.3,356,22.25,4.1,2026-10-09T17:31:44.583642,True
3732,URSINHO PREMIUM,Esportes,394.34,93,7.05,3.2,2026-10-09T17:31:44.583642,True
3733,Sofá Basic,Brinquedos,-42.78,140,4.42,4.8,2026-10-09T17:31:44.583642,True
3734,Arroz Basic,Brinquedos,966.66,284,-3.28,0.4,2026-10-09T17:31:44.583642,True
3735,Bola Plus,Eletrônicos,0.0,173,15.87,3.8,2026-10-09T17:31:44.583642,True
3736,Notebook Premium,Eletrônicos,-27.18,79,25.47,4.6,2026-10-09T17:31:44.583642,True
3737,Arroz Max,,395.4,353,15.66,3.2,2026-10-09T17:31:44.583642,True
3738,Romance Premium,Livros,0.0,317,40.36,1.7,2026-10-09T17:31:44.583642,True
3739,Bola premium,Alimentos,532.56,177,11.42,1.1,2026-10-09T17:31:44.583642,True
3740,ROMANCE BASIC,Alimentos,96.87,185,14.06,0.2,2026-10-09T17:31:44.583642,True
3741,Sofá Basic,Esportes,386.15,154,-8.97,3.4,2026-10-09T17:31:44.583642,True
3742,Bola Plus,Brinquedos,0.0,283,17.34,1.8,2026-10-09T17:31:44.583642,True
3743,NoTEbOok maX,Roupas,89.73,431,22.25,3.4,2026-10-09T17:31:44.583642,True
3744,,Esportes,284.37,239,8.68,1.3,2026-10-09T17:31:44.583642,True
3745,Bola max,Casa,664.77,54,38.42,1.5,2026-10-09T17:31:44.583642,True
3746,Aventura Premium,123,380.48,117,27.22,3.6,2026-10-09T17:31:44.583642,True
3747,arRoz BasIC,Brinquedos,186.18,63,37.74,2.0,2026-10-09T17:31:44.583642,True
3748,TV MAX,Eletrônicos,501.45,89,25.25,1.5,2026-10-09T17:31:44.583642,True
3749,URSINHO BASIC,Eletrônicos,454.4,387,12.38,0.5,2026-10-09T17:31:44.583642,True
3750,Feijão Premium,Livros,-61.11,162,6.39,0.8,2026-10-09T17:31:44.583642,True
3751,Feijão Pro,Alimentos,0.0,349,25.3,2.5,2026-10-09T17:31:44.583642,True
3752,Romance Pro,Casa,0.0,85,42.85,1.9,2026-10-09T17:31:44.583642,True
3753,Bola Pro,,745.67,71,35.59,0.6,2026-10-09T17:31:44.583642,True
3754,Smartphone Plus,,837.58,232,27.95,4.7,2026-10-09T17:31:44.583642,True
3755,CAMISETA PLUS,Casa,206.48,333,43.55,4.2,2026-10-09T17:31:44.583642,True
3756,Bola Basic,Brinquedos,-63.44,81,27.61,0.6,2026-10-09T17:31:44.583642,True
3757,romance premium,Esportes,734.5,17,9.31,0.9,2026-10-09T17:31:44.583642,True
3758,SOfÁ MAX,Roupas,316.22,390,23.8,4.7,2026-10-09T17:31:44.583642,True
3759,NOTEBOOK MAX,Roupas,276.8,401,22.91,2.8,2026-10-09T17:31:44.583642,True
3760,CAMISETA PLUS,Esportes,981.25,498,21.83,4.2,2026-10-09T17:31:44.583642,True
3761,ROMANCE BASIC,Esportes,276.69,453,20.84,0.5,2026-10-09T17:31:44.583642,True
3762,Bola Plus,Eletrônicos,11.65,-97,0.14,0.3,2026-10-09T17:31:44.583642,True
3763,Sofá Plus,Esportes,148.91,386,20.93,6,2026-10-09T17:31:44.583642,True
3764,,Roupas,601.29,364,8.06,2.7,2026-10-09T17:31:44.583642,True
3765,Arroz Plus,Esportes,243.24,331,-4.96,4.8,2026-10-09T17:31:44.583642,True
3766,Camiseta Premium,,948.93,168,35.04,3.0,2026-10-09T17:31:44.583642,True
3767,Feijão Basic,Esportes,-26.07,98,46.75,4.9,2026-10-09T17:31:44.583642,True
3768,Romance pro,Roupas,477.0,117,26.71,3.5,2026-10-09T17:31:44.583642,True
3769,Smartphone Pro,Casa,966.37,121,-3.43,3.9,2026-10-09T17:31:44.583642,True
3770,MESA MAX,Livros,157.52,265,18.4,0.5,2026-10-09T17:31:44.583642,True
3771,Ursinho Max,Alimentos,-42.46,205,14.93,0.6,2026-10-09T17:31:44.583642,True
3772,NOTEBOOK MAX,Brinquedos,573.96,16,10.51,1.8,2026-10-09T17:31:44.583642,True
3773,FEIJÃO PRO,Casa,315.62,284,5.88,2.3,2026-10-09T17:31:44.583642,True
3774,URSINHO BASIC,Alimentos,790.95,258,33.72,4.0,2026-10-09T17:31:44.583642,True
3775,caLça max,Brinquedos,280.49,355,26.34,3.8,2026-10-09T17:31:44.583642,True
3776, ,Livros,807.36,116,46.5,3.4,2026-10-09T17:31:44.583642,True
3777,Ursinho Pro,,11.22,397,43.58,2.6,2026-10-09T17:31:44.583642,True
3778,Calça Basic,123,157.78,86,2.47,4.8,2026-10-09T17:31:44.583642,True
3779,avENtuRa bASic,Livros,907.42,209,21.94,1.5,2026-10-09T17:31:44.583642,True
3780,Smartphone Max,Eletrônicos,949.05,-91,46.05,1.8,2026-10-09T17:31:44.583642,True
3781,ursinho plus,Livros,714.3,299,45.83,4.9,2026-10-09T17:31:44.583642,True
3782,Romance Premium,Roupas,150.99,379,-8.65,0.2,2026-10-09T17:31:44.583642,True
3783,aventura pro,Eletrônicos,211.27,82,14.24,4.8,2026-10-09T17:31:44.583642,True
3784,SmaRTphonE BAsIc,Esportes,920.1,189,34.12,3.2,2026-10-09T17:31:44.583642,True
3785,Feijão Plus,Esportes,339.89,136,15.97,10,2026-10-09T17:31:44.583642,True
3786,,Livros,60.35,265,5.51,1.2,2026-10-09T17:31:44.583642,True
3787,Aventura Pro,,149.86,329,27.21,4.9,2026-10-09T17:31:44.583642,True
3788,Feijão Max,Esportes,0.0,244,9.94,0.3,2026-10-09T17:31:44.583642,True
3789,Sofá Pro,,584.58,339,20.87,4.9,2026-10-09T17:31:44.583642,True
3790,calça pro,Esportes,620.37,122,36.5,2.0,2026-10-09T17:31:44.583642,True
3791,bOla Max,Livros,341.3,13,2.46,1.6,2026-10-09T17:31:44.583642,True
3792,,Eletrônicos,403.57,353,15.18,3.0,2026-10-09T17:31:44.583642,True
3793,Romance Max,Roupas,489.48,-43,16.94,2.2,2026-10-09T17:31:44.583642,True
3794,Aventura Basic,Eletrônicos,937.99,-59,14.82,1.7,2026-10-09T17:31:44.583642,True
3795,Romance Pro,Casa,-1.07,37,43.99,2.0,2026-10-09T17:31:44.583642,True
3796,sofá PlUs,Brinquedos,774.71,234,21.75,4.2,2026-10-09T17:31:44.583642,True
3797,Sofá Pro,Categoria Inexistente,437.55,375,7.21,3.5,2026-10-09T17:31:44.583642,True
3798,calça basic,Livros,520.04,421,3.2,3.4,2026-10-09T17:31:44.583642,True
3799, ,Eletrônicos,267.51,415,2.72,4.8,2026-10-09T17:31:44.583642,True
3800,ROMANCE PLUS,Livros,479.39,267,12.13,1.6,2026-10-09T17:31:44.583642,True
3801,,Alimentos,922.09,30,14.24,1.7,2026-10-09T17:31:44.583642,True
3802,TV Plus,Livros,699.83,-85,48.85,3.7,2026-10-09T17:31:44.583642,True
3803,Smartphone basic,Brinquedos,129.92,96,30.21,2.0,2026-10-09T17:31:44.583642,True
3804,Notebook Pro,Livros,480.09,305,22.65,100,2026-10-09T17:31:44.583642,True
3805,notebook premium,Casa,171.85,376,40.72,0.2,2026-10-09T17:31:44.583642,True
3806,Camiseta Plus,Eletrônicos,483.85,9,41.77,,2026-10-09T17:31:44.583642,True
3807,Smartphone Plus,,361.68,8,3.08,0.3,2026-10-09T17:31:44.583642,True
3808,arROz BASiC,Alimentos,227.08,224,21.11,1.8,2026-10-09T17:31:44.583642,True
3809,TV Premium,Roupas,668.19,332,-9.3,4.2,2026-10-09T17:31:44.583642,True
3810,Feijão Premium,Livros,895.45,274,-2.17,3.2,2026-10-09T17:31:44.583642,True
3811,AVENTURA PLUS,Roupas,658.35,433,33.57,2.2,2026-10-09T17:31:44.583642,True
3812,TV Max,Casa,503.55,198,11.89,100,2026-10-09T17:31:44.583642,True
3813,bola max,Esportes,835.55,200,2.27,4.7,2026-10-09T17:31:44.583642,True
3814,mesa maX,Eletrônicos,716.42,465,39.42,0.3,2026-10-09T17:31:44.583642,True
3815,Notebook Pro,Livros,182.3,-61,46.16,2.6,2026-10-09T17:31:44.583642,True
3816,Bola Pro,Alimentos,0.0,388,11.24,1.4,2026-10-09T17:31:44.583642,True
3817,CamisEtA pro,Esportes,769.93,322,19.5,4.5,2026-10-09T17:31:44.583642,True
3818,CaMISETa basic,Casa,437.25,149,11.68,1.6,2026-10-09T17:31:44.583642,True
3819,Arroz Max,Livros,-70.19,208,30.24,2.7,2026-10-09T17:31:44.583642,True
3820,Bola Max,Alimentos,589.22,-76,3.79,2.4,2026-10-09T17:31:44.583642,True
3821,ROMANCE MAX,Alimentos,864.11,9,37.79,4.2,2026-10-09T17:31:44.583642,True
3822,smarTpHone max,Roupas,915.07,447,23.24,1.4,2026-10-09T17:31:44.583642,True
3823,Arroz Pro,Brinquedos,132.38,205,-3.08,0.9,2026-10-09T17:31:44.583642,True
3824,,Eletrônicos,259.9,126,12.32,1.7,2026-10-09T17:31:44.583642,True
3825, ,Eletrônicos,964.31,68,47.74,1.7,2026-10-09T17:31:44.583642,True
3826,Sofá Premium,Eletrônicos,0.0,384,13.7,4.4,2026-10-09T17:31:44.583642,True
3827,romance max,Brinquedos,820.82,110,13.6,4.9,2026-10-09T17:31:44.583642,True
3828,Calça Basic,Livros,355.19,-54,34.78,1.9,2026-10-09T17:31:44.583642,True
3829,Feijão Plus,Categoria Inexistente,236.02,493,5.9,4.1,2026-10-09T17:31:44.583642,True
3830,Camiseta Premium,Alimentos,957.75,-59,0.19,4.1,2026-10-09T17:31:44.583642,True
3831,SOFÁ PREMIUM,Brinquedos,157.48,115,45.11,5.0,2026-10-09T17:31:44.583642,True
3832,Calça Premium,,814.84,222,15.47,1.0,2026-10-09T17:31:44.583642,True
3833,Tv plus,Roupas,64.11,256,28.84,4.4,2026-10-09T17:31:44.583642,True
3834,Aventura Plus,Livros,811.42,-79,32.05,0.7,2026-10-09T17:31:44.583642,True
3835,Calça Basic,Roupas,889.59,297,-3.54,3.1,2026-10-09T17:31:44.583642,True
3836,Ursinho Pro,Eletrônicos,582.75,-95,48.86,1.2,2026-10-09T17:31:44.583642,True
3837,BOLA PLUS,Eletrônicos,567.24,247,20.17,2.7,2026-10-09T17:31:44.583642,True
3838,Notebook Max,Eletrônicos,0.0,240,13.22,0.4,2026-10-09T17:31:44.583642,True
3839,Notebook Plus,Brinquedos,0.0,114,34.29,3.8,2026-10-09T17:31:44.583642,True
3840,Smartphone Basic,Livros,868.04,-94,19.24,1.7,2026-10-09T17:31:44.583642,True
3841,ROMANce maX,Alimentos,250.05,379,6.83,2.6,2026-10-09T17:31:44.583642,True
3842,Smartphone Max,Livros,-20.9,461,46.2,1.1,2026-10-09T17:31:44.583642,True
3843,smartphone basic,Casa,513.68,460,39.61,1.1,2026-10-09T17:31:44.583642,True
3844,Mesa basic,Alimentos,973.52,218,1.42,2.0,2026-10-09T17:31:44.583642,True
3845,arroz max,Roupas,33.36,348,35.36,3.1,2026-10-09T17:31:44.583642,True
3846,Mesa max,Alimentos,891.17,249,23.15,2.5,2026-10-09T17:31:44.583642,True
3847,calça basic,Alimentos,448.82,251,36.82,1.3,2026-10-09T17:31:44.583642,True
3848,Aventura Plus,,611.15,406,27.1,0.1,2026-10-09T17:31:44.583642,True
3849,Feijão Basic,Brinquedos,0.0,388,37.86,4.6,2026-10-09T17:31:44.583642,True
3850,Arroz Max,Brinquedos,23.25,400,3.34,100,2026-10-09T17:31:44.583642,True
3851,Romance Basic,Roupas,122.7,389,-8.54,4.3,2026-10-09T17:31:44.583642,True
3852, ,Eletrônicos,532.2,84,43.54,3.0,2026-10-09T17:31:44.583642,True
3853,Sofá max,Casa,353.89,9,5.88,1.9,2026-10-09T17:31:44.583642,True
3854,URsinHo BAsic,Livros,712.42,115,18.07,4.1,2026-10-09T17:31:44.583642,True
3855,Camiseta Pro,Livros,795.46,59,-9.98,4.6,2026-10-09T17:31:44.583642,True
3856,Arroz Max,Casa,634.66,290,-5.49,1.2,2026-10-09T17:31:44.583642,True
3857,FEIJÃO MAX,Casa,130.0,212,30.98,1.5,2026-10-09T17:31:44.583642,True
3858,Notebook Pro,Alimentos,-64.01,476,24.19,1.0,2026-10-09T17:31:44.583642,True
3859,Bola premium,Livros,921.5,20,49.49,3.8,2026-10-09T17:31:44.583642,True
3860,Mesa Premium,Casa,969.99,-40,14.08,1.2,2026-10-09T17:31:44.583642,True
3861,Aventura Max,Alimentos,995.97,216,-1.2,2.1,2026-10-09T17:31:44.583642,True
3862,Romance Basic,Eletrônicos,964.37,313,-2.28,1.4,2026-10-09T17:31:44.583642,True
3863,Mesa Basic,,746.5,383,40.33,4.4,2026-10-09T17:31:44.583642,True
3864,ursinho premium,Roupas,606.83,477,16.41,4.8,2026-10-09T17:31:44.583642,True
3865,ROmANcE PLUS,Livros,917.89,135,43.61,2.6,2026-10-09T17:31:44.583642,True
3866,,Livros,450.26,307,32.84,0.4,2026-10-09T17:31:44.583642,True
3867,Romance Basic,Eletrônicos,291.42,268,-2.05,2.4,2026-10-09T17:31:44.583642,True
3868,Smartphone Pro,Esportes,-38.73,296,17.69,3.8,2026-10-09T17:31:44.583642,True
3869,aventura max,Casa,813.97,390,0.35,4.3,2026-10-09T17:31:44.583642,True
3870,Mesa Pro,Casa,951.72,140,5.2,10,2026-10-09T17:31:44.583642,True
3871,Mesa Pro,Eletrônicos,0.0,498,13.13,3.4,2026-10-09T17:31:44.583642,True
3872,Ursinho Plus,Livros,-71.6,164,26.25,4.1,2026-10-09T17:31:44.583642,True
3873,Notebook Pro,Eletrônicos,0.0,145,15.3,0.4,2026-10-09T17:31:44.583642,True
3874,bola plus,Alimentos,648.69,387,30.11,3.1,2026-10-09T17:31:44.583642,True
3875,,Casa,524.25,70,32.76,1.2,2026-10-09T17:31:44.583642,True
3876,Mesa Premium,Eletrônicos,0.0,117,20.05,0.8,2026-10-09T17:31:44.583642,True
3877,Notebook Pro,Eletrônicos,196.5,432,33.31,10,2026-10-09T17:31:44.583642,True
3878,SMARTPHONE PRO,Casa,927.34,241,42.35,2.3,2026-10-09T17:31:44.583642,True
3879,NOTebOok MAX,Esportes,339.26,6,15.76,3.3,2026-10-09T17:31:44.583642,True
3880,Romance Plus,Eletrônicos,0.0,142,2.89,1.0,2026-10-09T17:31:44.583642,True
3881,Bola Max,Casa,69.95,-44,41.21,1.0,2026-10-09T17:31:44.583642,True
3882,ROMANCE BASIC,Roupas,105.07,248,44.39,2.7,2026-10-09T17:31:44.583642,True
3883,BOlA pRO,Roupas,153.39,296,3.14,2.7,2026-10-09T17:31:44.583642,True
3884,Romance Basic,Roupas,-35.43,452,49.04,2.1,2026-10-09T17:31:44.583642,True
3885,Sofá Basic,Roupas,631.72,128,16.11,100,2026-10-09T17:31:44.583642,True
3886,Bola Pro,Roupas,286.75,-81,24.74,4.1,2026-10-09T17:31:44.583642,True
3887,UrsINhO PRO,Livros,847.47,208,42.95,0.2,2026-10-09T17:31:44.583642,True
3888,Sofá Premium,Roupas,-22.09,285,34.92,0.3,2026-10-09T17:31:44.583642,True
3889,TV Premium,Roupas,-87.71,139,36.27,3.9,2026-10-09T17:31:44.583642,True
3890,Notebook Plus,Brinquedos,0.0,256,14.12,4.7,2026-10-09T17:31:44.583642,True
3891,TV Max,Brinquedos,319.06,19,40.44,10,2026-10-09T17:31:44.583642,True
3892,Sofá plus,Esportes,174.79,467,24.28,3.9,2026-10-09T17:31:44.583642,True
3893,,Eletrônicos,472.98,346,10.33,2.4,2026-10-09T17:31:44.583642,True
3894,ARROZ PREMIUM,Eletrônicos,12.77,139,1.14,0.7,2026-10-09T17:31:44.583642,True
3895,Smartphone Plus,Roupas,628.76,-16,6.15,3.5,2026-10-09T17:31:44.583642,True
3896,Tv MAX,Roupas,843.53,296,44.42,3.4,2026-10-09T17:31:44.583642,True
3897,,Brinquedos,277.25,156,7.38,0.2,2026-10-09T17:31:44.583642,True
3898,Smartphone pro,Roupas,317.51,421,20.18,0.8,2026-10-09T17:31:44.583642,True
3899,Camiseta Basic,,733.66,115,27.7,1.2,2026-10-09T17:31:44.583642,True
3900, ,Casa,151.68,339,14.66,4.4,2026-10-09T17:31:44.583642,True
3901,Mesa Premium,Livros,609.03,402,43.91,,2026-10-09T17:31:44.583642,True
3902,Notebook pro,Casa,829.88,454,14.49,3.0,2026-10-09T17:31:44.583642,True
3903,bola pro,Alimentos,243.49,8,39.86,2.3,2026-10-09T17:31:44.583642,True
3904,Feijão Max,Eletrônicos,274.64,-72,33.94,1.6,2026-10-09T17:31:44.583642,True
3905,Notebook Pro,Eletrônicos,0.0,75,49.37,3.5,2026-10-09T17:31:44.583642,True
3906, ,Livros,341.38,83,27.36,2.2,2026-10-09T17:31:44.583642,True
3907,ARROZ PRO,Esportes,701.73,32,20.72,2.3,2026-10-09T17:31:44.583642,True
3908,SMARTPHONE BASIC,Esportes,125.12,174,30.67,2.2,2026-10-09T17:31:44.583642,True
3909,Smartphone Basic,Esportes,384.74,164,8.27,,2026-10-09T17:31:44.583642,True
3910,Mesa Pro,Esportes,423.91,155,-4.1,4.0,2026-10-09T17:31:44.583642,True
3911,Mesa Pro,Livros,112.21,342,-7.8,3.3,2026-10-09T17:31:44.583642,True
3912,TV Basic,Livros,-0.44,278,45.2,1.9,2026-10-09T17:31:44.583642,True
3913,Bola Pro,Livros,576.07,-36,15.45,4.8,2026-10-09T17:31:44.583642,True
3914,Notebook Pro,Livros,900.77,-15,18.82,2.5,2026-10-09T17:31:44.583642,True
3915,Aventura Max,123,514.17,249,43.85,3.6,2026-10-09T17:31:44.583642,True
3916,SMARTPHONE PREMIUM,Livros,702.68,85,4.36,2.9,2026-10-09T17:31:44.583642,True
3917,Tv pRO,Brinquedos,33.48,200,24.96,4.9,2026-10-09T17:31:44.583642,True
3918,Arroz Max,Esportes,-20.9,451,46.09,4.9,2026-10-09T17:31:44.583642,True
3919,Camiseta Plus,Eletrônicos,-20.78,350,3.99,2.5,2026-10-09T17:31:44.583642,True
3920,TV PLUS,Eletrônicos,61.69,214,24.2,2.2,2026-10-09T17:31:44.583642,True
3921,notebook plus,Casa,59.7,56,47.83,2.6,2026-10-09T17:31:44.583642,True
3922,Camiseta Pro,,948.34,4,16.55,2.6,2026-10-09T17:31:44.583642,True
3923,feijão basic,Eletrônicos,667.44,421,35.3,0.3,2026-10-09T17:31:44.583642,True
3924,AvEnturA BAsiC,Esportes,755.99,28,44.65,3.6,2026-10-09T17:31:44.583642,True
3925,Smartphone basic,Alimentos,541.62,189,13.89,2.4,2026-10-09T17:31:44.583642,True
3926,TV Basic,123,909.21,29,26.96,0.6,2026-10-09T17:31:44.583642,True
3927,Mesa Basic,Alimentos,108.89,368,15.76,100,2026-10-09T17:31:44.583642,True
3928,feijÃO MaX,Brinquedos,779.87,238,31.96,1.7,2026-10-09T17:31:44.583642,True
3929,roMancE BasIC,Roupas,852.8,200,18.5,3.7,2026-10-09T17:31:44.583642,True
3930,Sofá Basic,Brinquedos,529.94,-19,17.36,4.7,2026-10-09T17:31:44.583642,True
3931,Arroz Premium,Livros,-78.44,221,45.98,3.1,2026-10-09T17:31:44.583642,True
3932,ROMANCE PREMIUM,Livros,25.71,79,3.0,2.3,2026-10-09T17:31:44.583642,True
3933, ,Brinquedos,941.48,277,15.92,4.3,2026-10-09T17:31:44.583642,True
3934,Sofá Premium,Casa,-34.55,111,8.83,4.8,2026-10-09T17:31:44.583642,True
3935,bolA Plus,Roupas,126.19,457,40.68,1.4,2026-10-09T17:31:44.583642,True
3936,Romance Plus,Roupas,774.64,68,-9.11,4.3,2026-10-09T17:31:44.583642,True
3937,Feijão Premium,Brinquedos,0.0,319,7.33,1.8,2026-10-09T17:31:44.583642,True
3938,Romance pro,Eletrônicos,119.7,456,34.74,3.5,2026-10-09T17:31:44.583642,True
3939,Camiseta Pro,Roupas,180.18,425,44.32,10,2026-10-09T17:31:44.583642,True
3940,Romance Max,Brinquedos,0.0,393,12.2,1.5,2026-10-09T17:31:44.583642,True
3941,Smartphone Plus,Eletrônicos,-34.16,83,3.68,1.8,2026-10-09T17:31:44.583642,True
3942,Aventura Plus,Roupas,854.47,248,-0.8,2.5,2026-10-09T17:31:44.583642,True
3943,aRrOZ maX,Casa,586.03,43,5.73,1.1,2026-10-09T17:31:44.583642,True
3944,TV Basic,Alimentos,-63.35,348,20.11,1.8,2026-10-09T17:31:44.583642,True
3945, ,Eletrônicos,240.86,370,45.83,4.9,2026-10-09T17:31:44.583642,True
3946,aVENtura Max,Roupas,641.68,264,17.89,0.9,2026-10-09T17:31:44.583642,True
3947,Bola Basic,Casa,371.7,139,-2.63,3.4,2026-10-09T17:31:44.583642,True
3948,Feijão premium,Brinquedos,574.01,361,19.15,1.9,2026-10-09T17:31:44.583642,True
3949,Calça Plus,Esportes,860.44,-98,31.65,0.5,2026-10-09T17:31:44.583642,True
3950,,Alimentos,166.3,209,17.99,1.9,2026-10-09T17:31:44.583642,True
3951,Calça Max,Casa,608.62,-22,5.67,3.6,2026-10-09T17:31:44.583642,True
3952,Arroz Plus,Eletrônicos,-12.91,304,25.34,3.0,2026-10-09T17:31:44.583642,True
3953,Smartphone Pro,Esportes,311.8,246,24.12,6,2026-10-09T17:31:44.583642,True
3954,Notebook Premium,Roupas,793.76,255,1.06,100,2026-10-09T17:31:44.583642,True
3955,Notebook Plus,Casa,356.27,492,46.19,10,2026-10-09T17:31:44.583642,True
3956,Romance Basic,Casa,405.0,-26,24.92,2.4,2026-10-09T17:31:44.583642,True
3957,,Roupas,62.07,461,12.99,3.6,2026-10-09T17:31:44.583642,True
3958,Bola Basic,,178.37,54,37.7,3.6,2026-10-09T17:31:44.583642,True
3959,TV MAX,Brinquedos,842.08,102,38.94,0.1,2026-10-09T17:31:44.583642,True
3960,caLçA maX,Livros,207.01,48,41.98,3.3,2026-10-09T17:31:44.583642,True
3961,camiseta premium,Casa,30.65,135,6.2,3.7,2026-10-09T17:31:44.583642,True
3962,Romance basic,Brinquedos,328.81,475,2.69,1.0,2026-10-09T17:31:44.583642,True
3963, ,Brinquedos,324.46,162,48.01,0.9,2026-10-09T17:31:44.583642,True
3964,Arroz Pro,Eletrônicos,429.61,-27,7.83,4.5,2026-10-09T17:31:44.583642,True
3965,TV Pro,Alimentos,682.49,156,-6.91,1.2,2026-10-09T17:31:44.583642,True
3966,Bola Plus,Alimentos,437.93,11,-5.09,2.3,2026-10-09T17:31:44.583642,True
3967,Romance Plus,Eletrônicos,0.0,423,8.5,1.0,2026-10-09T17:31:44.583642,True
3968,Sofá Max,Casa,682.7,-92,50.0,4.8,2026-10-09T17:31:44.583642,True
3969,Notebook Premium,Roupas,244.92,89,-9.3,0.9,2026-10-09T17:31:44.583642,True
3970,Bola Pro,Eletrônicos,0.0,211,9.33,3.6,2026-10-09T17:31:44.583642,True
3971,FEIJÃO PREMIUM,Casa,594.95,139,23.42,2.3,2026-10-09T17:31:44.583642,True
3972,Romance Pro,Brinquedos,-45.04,432,29.63,3.5,2026-10-09T17:31:44.583642,True
3973,Feijão Max,Eletrônicos,0.0,121,13.64,3.9,2026-10-09T17:31:44.583642,True
3974,tv plus,Livros,690.56,374,23.63,1.9,2026-10-09T17:31:44.583642,True
3975,CALÇA PLUS,Livros,99.54,119,30.4,4.8,2026-10-09T17:31:44.583642,True
3976,calça plus,Brinquedos,206.11,78,1.34,4.0,2026-10-09T17:31:44.583642,True
3977,Notebook Max,Eletrônicos,826.73,447,10.16,10,2026-10-09T17:31:44.583642,True
3978,mesa pro,Livros,808.08,64,24.27,0.1,2026-10-09T17:31:44.583642,True
3979,Aventura Max,Livros,607.6,429,25.38,100,2026-10-09T17:31:44.583642,True
3980,Arroz Max,Esportes,-13.96,282,26.37,0.8,2026-10-09T17:31:44.583642,True
3981,Sofá Basic,Roupas,-58.59,11,13.17,4.2,2026-10-09T17:31:44.583642,True
3982,,Casa,681.23,46,17.34,2.3,2026-10-09T17:31:44.583642,True
3983, ,Brinquedos,627.18,247,21.87,0.2,2026-10-09T17:31:44.583642,True
3984,AVENTURA PLUS,Brinquedos,195.57,53,21.53,3.7,2026-10-09T17:31:44.583642,True
3985,Romance Pro,Brinquedos,-62.06,287,44.37,3.3,2026-10-09T17:31:44.583642,True
3986,calça premium,Eletrônicos,463.33,387,29.65,4.8,2026-10-09T17:31:44.583642,True
3987,mESA baSiC,Alimentos,175.79,461,4.66,3.9,2026-10-09T17:31:44.583642,True
3988,Camiseta Plus,Livros,298.67,353,-6.42,4.0,2026-10-09T17:31:44.583642,True
3989,Bola Plus,Livros,563.17,371,23.64,6,2026-10-09T17:31:44.583642,True
3990,Sofá Basic,Casa,981.87,90,28.51,,2026-10-09T17:31:44.583642,True
3991,Calça Pro,Alimentos,559.73,-49,30.6,4.8,2026-10-09T17:31:44.583642,True
3992,Mesa Plus,Livros,0.0,247,5.87,2.7,2026-10-09T17:31:44.583642,True
3993,Romance Max,Brinquedos,-46.53,276,7.68,4.9,2026-10-09T17:31:44.583642,True
3994,Camiseta Max,Roupas,-38.01,338,34.39,0.6,2026-10-09T17:31:44.583642,True
3995,arroz pro,Alimentos,408.21,60,12.91,4.2,2026-10-09T17:31:44.583642,True
3996,Sofá Plus,Brinquedos,818.13,293,47.67,,2026-10-09T17:31:44.583642,True
3997,Calça Basic,Brinquedos,930.72,312,-6.24,3.9,2026-10-09T17:31:44.583642,True
3998,Notebook Premium,Eletrônicos,401.56,-18,21.62,2.4,2026-10-09T17:31:44.583642,True
3999,Feijão Pro,Alimentos,824.32,105,42.78,100,2026-10-09T17:31:44.583642,True
4000,Notebook Pro,123,700.22,235,28.38,1.7,2026-10-09T17:31:44.583642,True
4001,MESA PLUS,Casa,762.21,230,24.86,3.5,2026-10-09T17:31:44.583642,True
4002,Sofá Pro,Roupas,-47.09,267,8.89,2.7,2026-10-09T17:31:44.583642,True
4003,Notebook Pro,Alimentos,41.35,47,-3.19,4.7,2026-10-09T17:31:44.583642,True
4004,Ursinho Pro,123,179.33,67,42.78,4.9,2026-10-09T17:31:44.583642,True
4005,Sofá Pro,Categoria Inexistente,977.96,64,3.32,0.8,2026-10-09T17:31:44.583642,True
4006,camiseta plus,Brinquedos,238.2,192,26.57,2.2,2026-10-09T17:31:44.583642,True
4007,ursinho premium,Eletrônicos,859.11,407,2.26,2.8,2026-10-09T17:31:44.583642,True
4008,Smartphone Premium,Brinquedos,-95.66,319,46.7,2.0,2026-10-09T17:31:44.583642,True
4009,smartphone pro,Alimentos,12.05,500,10.45,3.3,2026-10-09T17:31:44.583642,True
4010,Arroz pro,Roupas,757.37,279,35.16,2.6,2026-10-09T17:31:44.583642,True
4011,Notebook Plus,Brinquedos,786.21,410,-7.73,1.4,2026-10-09T17:31:44.583642,True
4012,sofá max,Eletrônicos,331.5,19,21.51,2.9,2026-10-09T17:31:44.583642,True
4013, ,Casa,362.72,71,42.1,1.4,2026-10-09T17:31:44.583642,True
4014,sofÁ PRo,Livros,59.47,262,13.99,3.6,2026-10-09T17:31:44.583642,True
4015,Feijão basic,Roupas,503.97,330,15.59,3.9,2026-10-09T17:31:44.583642,True
4016,,Roupas,317.41,460,39.42,0.6,2026-10-09T17:31:44.583642,True
4017,Calça Max,Brinquedos,175.3,452,-1.84,3.6,2026-10-09T17:31:44.583642,True
4018,AVENTURA PRO,Roupas,744.16,102,42.59,4.6,2026-10-09T17:31:44.583642,True
4019,TV PLUS,Eletrônicos,439.4,79,10.72,3.1,2026-10-09T17:31:44.583642,True
4020,Sofá Pro,Alimentos,-14.11,195,3.6,0.9,2026-10-09T17:31:44.583642,True
4021,AveNtURa pro,Casa,465.86,340,4.05,0.0,2026-10-09T17:31:44.583642,True
4022,NoTEBOOK PrEMIUM,Casa,590.75,326,8.74,2.3,2026-10-09T17:31:44.583642,True
4023,,Alimentos,157.06,443,40.71,1.1,2026-10-09T17:31:44.583642,True
4024,Calça Pro,Esportes,0.0,419,28.39,3.9,2026-10-09T17:31:44.583642,True
4025,,Livros,952.46,350,29.84,0.4,2026-10-09T17:31:44.583642,True
4026,,Alimentos,806.67,76,16.75,1.4,2026-10-09T17:31:44.583642,True
4027,Sofá Premium,Brinquedos,82.9,-25,29.09,4.6,2026-10-09T17:31:44.583642,True
4028,,Roupas,52.42,384,26.08,0.3,2026-10-09T17:31:44.583642,True
4029,MESA PREMIUM,Alimentos,776.3,166,12.84,0.7,2026-10-09T17:31:44.583642,True
4030,Smartphone max,Alimentos,845.13,227,44.55,1.0,2026-10-09T17:31:44.583642,True
4031,Bola Basic,,469.84,206,7.63,2.5,2026-10-09T17:31:44.583642,True
4032,arroz plus,Livros,705.55,308,43.7,4.2,2026-10-09T17:31:44.583642,True
4033,Tv premium,Eletrônicos,724.66,141,41.15,2.8,2026-10-09T17:31:44.583642,True
4034,Aventura Premium,Categoria Inexistente,380.82,290,39.58,4.4,2026-10-09T17:31:44.583642,True
4035,Arroz Plus,Brinquedos,546.09,25,18.51,100,2026-10-09T17:31:44.583642,True
4036,Aventura Max,Eletrônicos,39.39,49,-3.92,3.2,2026-10-09T17:31:44.583642,True
4037,Mesa Premium,Esportes,538.98,-60,21.28,4.6,2026-10-09T17:31:44.583642,True
4038,Ursinho Plus,,301.63,266,8.99,3.6,2026-10-09T17:31:44.583642,True
4039,,Roupas,97.3,188,4.32,4.7,2026-10-09T17:31:44.583642,True
4040,,Brinquedos,340.99,293,14.45,2.7,2026-10-09T17:31:44.583642,True
4041,Mesa Plus,Brinquedos,660.22,382,-3.36,2.9,2026-10-09T17:31:44.583642,True
4042,Camiseta Premium,Eletrônicos,912.6,-13,9.44,1.4,2026-10-09T17:31:44.583642,True
4043,Feijão Pro,Esportes,0.0,346,49.38,4.8,2026-10-09T17:31:44.583642,True
4044,Smartphone Pro,Brinquedos,52.67,74,-4.97,0.5,2026-10-09T17:31:44.583642,True
4045,ROMANCE PREMIUM,Roupas,452.21,89,7.89,2.9,2026-10-09T17:31:44.583642,True
4046,tV bAsIC,Roupas,908.38,368,38.32,0.6,2026-10-09T17:31:44.583642,True
4047,Camiseta Basic,Livros,-71.65,401,8.79,2.8,2026-10-09T17:31:44.583642,True
4048,Notebook Basic,,221.52,312,34.4,1.5,2026-10-09T17:31:44.583642,True
4049,,Brinquedos,55.23,124,13.73,3.0,2026-10-09T17:31:44.583642,True
4050,feijão pro,Brinquedos,542.57,148,5.44,0.6,2026-10-09T17:31:44.583642,True
4051,sofÁ BASic,Eletrônicos,382.76,140,21.78,0.8,2026-10-09T17:31:44.583642,True
4052,SMARTPHONE PREMIUM,Livros,784.38,59,45.28,1.6,2026-10-09T17:31:44.583642,True
4053,RomaNce pRO,Livros,939.46,96,24.84,3.7,2026-10-09T17:31:44.583642,True
4054,aventura basic,Casa,646.6,2,47.86,1.7,2026-10-09T17:31:44.583642,True
4055,URSINHO PLUS,Alimentos,241.2,421,45.96,0.5,2026-10-09T17:31:44.583642,True
4056,Sofá Basic,,391.87,21,15.67,0.2,2026-10-09T17:31:44.583642,True
4057,,Roupas,827.77,482,20.08,3.8,2026-10-09T17:31:44.583642,True
4058,romance pro,Eletrônicos,997.14,109,8.61,3.2,2026-10-09T17:31:44.583642,True
4059,Romance Basic,Brinquedos,342.89,457,38.68,-1,2026-10-09T17:31:44.583642,True
4060,Romance Basic,Livros,0.0,360,42.33,2.5,2026-10-09T17:31:44.583642,True
4061,Calça Plus,Alimentos,288.43,306,40.71,,2026-10-09T17:31:44.583642,True
4062,Arroz Premium,Eletrônicos,555.74,-87,3.62,3.1,2026-10-09T17:31:44.583642,True
4063,,Esportes,635.38,258,37.05,1.7,2026-10-09T17:31:44.583642,True
4064,Bola Basic,Brinquedos,-13.79,407,18.35,2.5,2026-10-09T17:31:44.583642,True
4065,CAMiSeTA PlUS,Roupas,105.71,464,36.9,2.1,2026-10-09T17:31:44.583642,True
4066,Arroz Pro,Roupas,405.55,490,41.9,6,2026-10-09T17:31:44.583642,True
4067,Calça premium,Livros,29.35,0,24.83,3.2,2026-10-09T17:31:44.583642,True
4068,Camiseta Pro,,735.99,71,8.29,1.8,2026-10-09T17:31:44.583642,True
4069,Calça Max,Casa,189.72,239,21.61,6,2026-10-09T17:31:44.583642,True
4070,Sofá Premium,Casa,386.73,356,19.92,,2026-10-09T17:31:44.583642,True
4071,Arroz Max,,783.05,13,28.88,0.0,2026-10-09T17:31:44.583642,True
4072,TV Pro,Roupas,876.6,-33,44.91,1.0,2026-10-09T17:31:44.583642,True
4073,Arroz Basic,Brinquedos,0.0,284,20.8,4.4,2026-10-09T17:31:44.583642,True
4074,SoFÁ prO,Alimentos,734.67,477,23.42,3.8,2026-10-09T17:31:44.583642,True
4075,tv plus,Roupas,708.5,318,31.53,4.3,2026-10-09T17:31:44.583642,True
4076,cAmiSEtA Pro,Roupas,982.82,447,25.06,4.1,2026-10-09T17:31:44.583642,True
4077,CAMISETA PRO,Alimentos,116.99,185,48.33,2.5,2026-10-09T17:31:44.583642,True
4078,sofá basic,Livros,367.15,185,19.98,1.2,2026-10-09T17:31:44.583642,True
4079,TV MAX,Brinquedos,978.91,16,6.04,0.8,2026-10-09T17:31:44.583642,True
4080,Smartphone Plus,Livros,578.91,318,4.2,6,2026-10-09T17:31:44.583642,True
4081,rOmAnCE PRemIUm,Casa,781.57,176,34.93,1.9,2026-10-09T17:31:44.583642,True
4082,Arroz Max,Livros,892.59,437,-7.89,2.0,2026-10-09T17:31:44.583642,True
4083,,Esportes,942.04,356,44.01,4.0,2026-10-09T17:31:44.583642,True
4084,tv pro,Esportes,782.59,87,6.1,4.3,2026-10-09T17:31:44.583642,True
4085,Ursinho plus,Alimentos,453.78,432,21.68,1.0,2026-10-09T17:31:44.583642,True
4086, ,Brinquedos,67.69,413,1.62,0.8,2026-10-09T17:31:44.583642,True
4087,Arroz Premium,Eletrônicos,21.05,313,41.11,6,2026-10-09T17:31:44.583642,True
4088,Aventura Plus,,661.8,160,39.89,4.4,2026-10-09T17:31:44.583642,True
4089,,Brinquedos,446.79,397,42.56,3.8,2026-10-09T17:31:44.583642,True
4090,Arroz Max,Roupas,-43.95,254,0.46,3.3,2026-10-09T17:31:44.583642,True
4091,Notebook Premium,Esportes,-82.04,131,16.89,0.2,2026-10-09T17:31:44.583642,True
4092,sofá pro,Roupas,198.86,416,35.9,3.3,2026-10-09T17:31:44.583642,True
4093,Ursinho Max,,153.63,467,42.78,4.4,2026-10-09T17:31:44.583642,True
4094,Mesa Premium,Categoria Inexistente,609.43,449,34.69,4.7,2026-10-09T17:31:44.583642,True
4095,Tv max,Brinquedos,557.11,477,16.96,2.2,2026-10-09T17:31:44.583642,True
4096,feijão premium,Eletrônicos,642.14,336,4.24,0.5,2026-10-09T17:31:44.583642,True
4097,ARROZ MAX,Eletrônicos,316.21,376,49.51,1.8,2026-10-09T17:31:44.583642,True
4098,Camiseta Basic,Roupas,-55.75,230,39.24,1.0,2026-10-09T17:31:44.583642,True
4099,,Esportes,862.26,303,1.12,2.3,2026-10-09T17:31:44.583642,True
4100,Romance Pro,Livros,403.55,92,-4.86,1.2,2026-10-09T17:31:44.583642,True
4101,Camiseta Pro,Alimentos,-41.3,388,36.38,4.9,2026-10-09T17:31:44.583642,True
4102,Ursinho Plus,Livros,-2.7,358,0.97,1.2,2026-10-09T17:31:44.583642,True
4103,Arroz max,Brinquedos,728.35,345,19.16,2.4,2026-10-09T17:31:44.583642,True
4104,Mesa Max,Alimentos,845.72,348,-3.35,1.1,2026-10-09T17:31:44.583642,True
4105,Calça Max,123,609.29,332,5.72,4.1,2026-10-09T17:31:44.583642,True
4106,TV Basic,Brinquedos,-22.95,92,22.14,1.9,2026-10-09T17:31:44.583642,True
4107,Feijão Max,Eletrônicos,0.0,393,49.37,1.6,2026-10-09T17:31:44.583642,True
4108,Tv PrO,Alimentos,267.5,23,22.59,0.2,2026-10-09T17:31:44.583642,True
4109,Sofá plus,Esportes,754.58,461,19.39,1.3,2026-10-09T17:31:44.583642,True
4110,Mesa Premium,123,106.05,13,7.76,1.3,2026-10-09T17:31:44.583642,True
4111,Bola Premium,Esportes,961.38,57,-9.32,0.6,2026-10-09T17:31:44.583642,True
4112,Arroz Plus,Alimentos,0.0,384,11.94,1.8,2026-10-09T17:31:44.583642,True
4113,Arroz Max,Eletrônicos,153.04,468,5.03,6,2026-10-09T17:31:44.583642,True
4114,FeIjão preMIum,Casa,880.14,287,12.51,4.4,2026-10-09T17:31:44.583642,True
4115,,Brinquedos,371.82,362,45.95,3.3,2026-10-09T17:31:44.583642,True
4116,Sofá Max,Alimentos,55.92,477,26.61,-1,2026-10-09T17:31:44.583642,True
4117,Bola premium,Brinquedos,811.2,6,17.94,3.4,2026-10-09T17:31:44.583642,True
4118,Mesa pro,Brinquedos,232.06,297,22.48,1.1,2026-10-09T17:31:44.583642,True
4119,,Esportes,424.47,182,41.36,2.6,2026-10-09T17:31:44.583642,True
4120,Aventura max,Roupas,757.09,231,44.67,3.1,2026-10-09T17:31:44.583642,True
4121,Arroz Pro,,873.63,131,10.31,3.5,2026-10-09T17:31:44.583642,True
4122, ,Roupas,224.84,496,6.39,0.8,2026-10-09T17:31:44.583642,True
4123,Sofá max,Casa,566.38,346,9.53,3.2,2026-10-09T17:31:44.583642,True
4124,calça plus,Esportes,14.34,220,8.54,3.5,2026-10-09T17:31:44.583642,True
4125,CAMISeTA PLUS,Roupas,959.22,375,9.44,4.4,2026-10-09T17:31:44.583642,True
4126,Calça Pro,123,468.53,406,3.32,0.7,2026-10-09T17:31:44.583642,True
4127,Romance Basic,Livros,309.71,414,0.31,10,2026-10-09T17:31:44.583642,True
4128,Romance Plus,Alimentos,-15.26,319,0.1,1.4,2026-10-09T17:31:44.583642,True
4129,arroz premium,Casa,405.5,92,33.25,4.9,2026-10-09T17:31:44.583642,True
4130,Bola Basic,Casa,611.51,282,-0.24,0.5,2026-10-09T17:31:44.583642,True
4131,Sofá Premium,Casa,-31.9,500,12.79,1.6,2026-10-09T17:31:44.583642,True
4132,Ursinho Pro,Esportes,851.74,255,2.38,,2026-10-09T17:31:44.583642,True
4133,TV Pro,Brinquedos,-87.23,358,21.52,4.7,2026-10-09T17:31:44.583642,True
4134,Camiseta Pro,Alimentos,-46.05,234,2.75,2.0,2026-10-09T17:31:44.583642,True
4135,sMaRTPhOne MAx,Livros,29.06,36,21.82,3.6,2026-10-09T17:31:44.583642,True
4136,Smartphone Max,Esportes,0.0,131,1.61,4.1,2026-10-09T17:31:44.583642,True
4137,Camiseta Premium,Livros,0.0,355,44.46,1.3,2026-10-09T17:31:44.583642,True
4138,BolA BASIC,Livros,601.47,4,27.53,4.9,2026-10-09T17:31:44.583642,True
4139,SOFÁ MAX,Brinquedos,445.98,288,6.88,4.2,2026-10-09T17:31:44.583642,True
4140,Smartphone Plus,Eletrônicos,697.7,-64,48.72,2.8,2026-10-09T17:31:44.583642,True
4141,Aventura Basic,Roupas,-38.63,80,40.47,0.7,2026-10-09T17:31:44.583642,True
4142,Aventura Premium,Casa,101.08,-70,29.57,1.1,2026-10-09T17:31:44.583642,True
4143,ROMANCE PREMIUM,Roupas,106.01,254,4.82,1.4,2026-10-09T17:31:44.583642,True
4144,FEIjão bAsic,Eletrônicos,585.41,63,30.42,1.9,2026-10-09T17:31:44.583642,True
4145,Notebook Plus,123,167.3,114,26.63,1.5,2026-10-09T17:31:44.583642,True
4146,TV Max,Alimentos,0.0,79,41.76,2.3,2026-10-09T17:31:44.583642,True
4147,CALÇA PLUS,Esportes,788.09,58,0.14,4.4,2026-10-09T17:31:44.583642,True
4148,Ursinho Plus,Esportes,896.8,-45,35.97,1.2,2026-10-09T17:31:44.583642,True
4149,Aventura Basic,Alimentos,549.86,483,-1.33,1.0,2026-10-09T17:31:44.583642,True
4150,Ursinho Max,,733.35,432,26.53,4.6,2026-10-09T17:31:44.583642,True
4151,AVENTURA PREMIUM,Esportes,123.11,332,6.89,0.7,2026-10-09T17:31:44.583642,True
4152,Smartphone Max,Alimentos,102.39,-55,17.66,2.7,2026-10-09T17:31:44.583642,True
4153,tv pro,Alimentos,780.28,166,5.98,4.4,2026-10-09T17:31:44.583642,True
4154,Ursinho Pro,Brinquedos,194.86,370,21.34,100,2026-10-09T17:31:44.583642,True
4155,tV pLuS,Eletrônicos,853.32,18,27.4,0.1,2026-10-09T17:31:44.583642,True
4156,Camiseta Premium,Casa,302.89,-17,13.64,3.8,2026-10-09T17:31:44.583642,True
4157,Aventura Pro,Livros,338.23,-50,36.66,1.5,2026-10-09T17:31:44.583642,True
4158,Sofá Plus,,557.52,229,26.26,0.9,2026-10-09T17:31:44.583642,True
4159,NOtEbOOK PrO,Alimentos,520.25,473,38.08,2.1,2026-10-09T17:31:44.583642,True
4160,Ursinho Premium,Casa,145.54,461,38.12,100,2026-10-09T17:31:44.583642,True
4161,Aventura Pro,,721.61,271,49.67,2.6,2026-10-09T17:31:44.583642,True
4162,Camiseta Basic,Alimentos,816.26,171,-6.31,3.6,2026-10-09T17:31:44.583642,True
4163,Sofá Pro,Roupas,277.54,220,-0.08,2.6,2026-10-09T17:31:44.583642,True
4164,sOFá mAx,Livros,924.15,390,41.38,1.5,2026-10-09T17:31:44.583642,True
4165,Aventura Pro,Casa,-61.63,177,11.56,3.3,2026-10-09T17:31:44.583642,True
4166,Ursinho Premium,Alimentos,490.43,-100,27.26,2.5,2026-10-09T17:31:44.583642,True
4167,mesa PRo,Livros,639.36,238,27.43,0.1,2026-10-09T17:31:44.583642,True
4168,fEIjÃo pREmIUM,Roupas,305.36,93,20.4,0.1,2026-10-09T17:31:44.583642,True
4169,Notebook Max,Alimentos,800.97,466,-5.15,0.6,2026-10-09T17:31:44.583642,True
4170,Smartphone Premium,Esportes,472.24,37,-5.82,4.0,2026-10-09T17:31:44.583642,True
4171,Aventura Premium,Roupas,286.7,437,-6.09,2.5,2026-10-09T17:31:44.583642,True
4172,Smartphone basic,Eletrônicos,982.27,42,27.65,3.3,2026-10-09T17:31:44.583642,True
4173, ,Casa,465.27,454,46.0,1.6,2026-10-09T17:31:44.583642,True
4174, ,Roupas,585.16,310,35.33,1.9,2026-10-09T17:31:44.583642,True
4175,Mesa premium,Eletrônicos,376.41,162,29.3,1.1,2026-10-09T17:31:44.583642,True
4176,,Esportes,820.1,347,36.3,2.6,2026-10-09T17:31:44.583642,True
4177,calça pro,Esportes,696.12,16,4.9,3.7,2026-10-09T17:31:44.583642,True
4178,Camiseta Basic,Esportes,260.74,-69,31.92,1.0,2026-10-09T17:31:44.583642,True
4179,arroz basic,Casa,899.66,192,3.75,1.4,2026-10-09T17:31:44.583642,True
4180,Feijão Max,Brinquedos,0.0,319,17.09,2.8,2026-10-09T17:31:44.583642,True
4181,Mesa Pro,Casa,162.44,215,20.12,6,2026-10-09T17:31:44.583642,True
4182,Sofá Premium,Roupas,-49.25,231,33.62,1.1,2026-10-09T17:31:44.583642,True
4183,Sofá plus,Livros,459.54,169,1.42,3.2,2026-10-09T17:31:44.583642,True
4184,Notebook Pro,Brinquedos,606.27,172,-5.12,2.9,2026-10-09T17:31:44.583642,True
4185,Feijão Basic,Brinquedos,14.89,305,26.87,10,2026-10-09T17:31:44.583642,True
4186,BOLA PREMIUM,Livros,691.63,307,44.06,4.4,2026-10-09T17:31:44.583642,True
4187,Aventura Basic,Alimentos,501.93,-61,12.36,2.1,2026-10-09T17:31:44.583642,True
4188,Calça Max,Eletrônicos,602.93,132,43.7,6,2026-10-09T17:31:44.583642,True
4189,Mesa Plus,Roupas,413.32,287,-3.98,0.1,2026-10-09T17:31:44.583642,True
4190,Romance Pro,Categoria Inexistente,894.76,455,8.1,4.8,2026-10-09T17:31:44.583642,True
4191,Camiseta Max,Eletrônicos,-54.66,88,23.84,2.1,2026-10-09T17:31:44.583642,True
4192,soFá pro,Eletrônicos,557.93,385,16.66,2.5,2026-10-09T17:31:44.583642,True
4193,sMArtphoNE mAX,Casa,810.66,381,6.59,0.9,2026-10-09T17:31:44.583642,True
4194,Tv plus,Brinquedos,612.94,308,33.55,3.8,2026-10-09T17:31:44.583642,True
4195,TV Premium,Alimentos,0.0,221,24.11,4.3,2026-10-09T17:31:44.583642,True
4196, ,Livros,868.27,55,34.08,5.0,2026-10-09T17:31:44.583642,True
4197,Sofá max,Eletrônicos,545.58,484,43.88,4.2,2026-10-09T17:31:44.583642,True
4198,SMARTPHONE PRO,Brinquedos,769.81,43,5.29,4.5,2026-10-09T17:31:44.583642,True
4199,Romance Plus,Brinquedos,27.65,90,-9.85,0.6,2026-10-09T17:31:44.583642,True
4200,aventura max,Esportes,290.89,28,46.5,2.0,2026-10-09T17:31:44.583642,True
4201,Mesa Max,Brinquedos,-72.79,118,37.05,1.8,2026-10-09T17:31:44.583642,True
4202,Bola plus,Esportes,91.88,56,14.97,0.9,2026-10-09T17:31:44.583642,True
4203,ARROZ PREMIUM,Casa,884.67,140,34.92,1.1,2026-10-09T17:31:44.583642,True
4204,Sofá Max,Casa,494.86,487,9.84,10,2026-10-09T17:31:44.583642,True
4205,Ursinho premium,Esportes,299.96,369,19.39,2.1,2026-10-09T17:31:44.583642,True
4206,Arroz Plus,Livros,943.24,156,-9.93,2.1,2026-10-09T17:31:44.583642,True
4207,Sofá Pro,Roupas,-31.83,290,39.88,4.8,2026-10-09T17:31:44.583642,True
4208, ,Esportes,96.1,297,27.24,4.8,2026-10-09T17:31:44.583642,True
4209,aventura max,Eletrônicos,880.64,225,35.13,0.5,2026-10-09T17:31:44.583642,True
4210, ,Livros,464.17,61,41.1,2.1,2026-10-09T17:31:44.583642,True
4211,Notebook basic,Esportes,202.36,494,40.84,1.7,2026-10-09T17:31:44.583642,True
4212,arroz max,Alimentos,728.23,169,17.18,3.7,2026-10-09T17:31:44.583642,True
4213,,Roupas,864.84,347,20.25,1.4,2026-10-09T17:31:44.583642,True
4214,Smartphone premium,Eletrônicos,901.86,420,32.91,2.3,2026-10-09T17:31:44.583642,True
4215,Sofá Plus,Categoria Inexistente,84.22,35,34.93,1.7,2026-10-09T17:31:44.583642,True
4216,Feijão Premium,Alimentos,-88.35,383,12.06,1.2,2026-10-09T17:31:44.583642,True
4217,CALÇA PRO,Eletrônicos,408.74,287,1.69,3.3,2026-10-09T17:31:44.583642,True
4218,Notebook Premium,Esportes,0.0,149,41.82,3.7,2026-10-09T17:31:44.583642,True
4219,Romance Premium,Categoria Inexistente,888.96,226,19.85,0.2,2026-10-09T17:31:44.583642,True
4220,Feijão Max,Alimentos,-53.03,195,37.8,1.9,2026-10-09T17:31:44.583642,True
4221,Sofá Pro,Eletrônicos,691.85,302,-4.3,1.0,2026-10-09T17:31:44.583642,True
4222,nOtEBoOk PRO,Livros,985.06,65,41.7,2.4,2026-10-09T17:31:44.583642,True
4223,Mesa basic,Esportes,740.77,478,26.47,4.0,2026-10-09T17:31:44.583642,True
4224,ARROZ PRO,Eletrônicos,793.41,473,21.29,3.1,2026-10-09T17:31:44.583642,True
4225,aVeNtURA preMiUM,Livros,736.23,52,47.1,1.8,2026-10-09T17:31:44.583642,True
4226,Aventura Basic,Esportes,274.75,434,-4.1,2.3,2026-10-09T17:31:44.583642,True
4227,Calça Plus,Casa,74.07,359,-4.9,0.6,2026-10-09T17:31:44.583642,True
4228,sMarTpHonE BAsiC,Eletrônicos,171.75,16,6.85,2.9,2026-10-09T17:31:44.583642,True
4229,AVENTURA BASIC,Brinquedos,812.47,341,38.54,2.9,2026-10-09T17:31:44.583642,True
4230,Camiseta Plus,Esportes,0.0,57,23.12,0.2,2026-10-09T17:31:44.583642,True
4231,Mesa Plus,Casa,75.15,-85,46.36,3.4,2026-10-09T17:31:44.583642,True
4232,Sofá Plus,Esportes,641.19,78,7.8,100,2026-10-09T17:31:44.583642,True
4233,,Eletrônicos,529.67,35,31.84,4.0,2026-10-09T17:31:44.583642,True
4234,Camiseta Basic,Alimentos,724.28,50,-7.53,2.6,2026-10-09T17:31:44.583642,True
4235,SMARTPHONE PREMIUM,Roupas,540.16,172,7.53,4.2,2026-10-09T17:31:44.583642,True
4236,Sofá Max,Eletrônicos,215.86,-37,6.74,3.8,2026-10-09T17:31:44.583642,True
4237,ursinho plus,Eletrônicos,592.73,218,45.58,1.6,2026-10-09T17:31:44.583642,True
4238,Bola Plus,Alimentos,177.66,-29,1.98,1.1,2026-10-09T17:31:44.583642,True
4239, ,Livros,329.68,272,5.95,4.8,2026-10-09T17:31:44.583642,True
4240,tv preMIUm,Esportes,245.73,143,34.45,4.9,2026-10-09T17:31:44.583642,True
4241,Mesa Basic,Brinquedos,769.12,185,40.91,6,2026-10-09T17:31:44.583642,True
4242,BOLA PRO,Esportes,505.83,331,27.52,2.2,2026-10-09T17:31:44.583642,True
4243,Notebook Plus,Eletrônicos,-26.79,138,35.21,4.3,2026-10-09T17:31:44.583642,True
4244,Ursinho Max,Esportes,778.65,-66,14.14,1.3,2026-10-09T17:31:44.583642,True
4245,FEIJÃO MAX,Casa,543.46,136,16.48,4.2,2026-10-09T17:31:44.583642,True
4246,Aventura Basic,Eletrônicos,464.83,172,4.64,,2026-10-09T17:31:44.583642,True
4247,smartphone basic,Roupas,42.92,466,25.97,2.1,2026-10-09T17:31:44.583642,True
4248,Notebook Max,Brinquedos,573.73,499,3.3,10,2026-10-09T17:31:44.583642,True
4249,CAMISETA PLUS,Livros,277.81,490,35.15,2.8,2026-10-09T17:31:44.583642,True
4250,bOla pREMIUM,Alimentos,835.04,224,38.95,2.6,2026-10-09T17:31:44.583642,True
4251, ,Livros,844.23,320,45.96,2.0,2026-10-09T17:31:44.583642,True
4252,aVentUrA baSic,Casa,374.11,73,46.75,0.4,2026-10-09T17:31:44.583642,True
4253,Ursinho Basic,Brinquedos,315.37,34,-9.71,4.2,2026-10-09T17:31:44.583642,True
4254,Mesa Max,Casa,374.71,396,-7.83,1.7,2026-10-09T17:31:44.583642,True
4255,Sofá Max,,83.2,50,15.87,2.2,2026-10-09T17:31:44.583642,True
4256,Sofá Premium,Esportes,910.85,445,-0.91,0.3,2026-10-09T17:31:44.583642,True
4257, ,Livros,940.24,1,12.03,0.1,2026-10-09T17:31:44.583642,True
4258, ,Casa,242.07,213,45.2,3.8,2026-10-09T17:31:44.583642,True
4259,mesa premium,Brinquedos,943.96,481,17.42,1.2,2026-10-09T17:31:44.583642,True
4260,Bola basic,Livros,461.5,463,20.13,4.8,2026-10-09T17:31:44.583642,True
4261,Bola pro,Brinquedos,27.45,383,9.04,1.0,2026-10-09T17:31:44.583642,True
4262, ,Roupas,650.04,320,46.02,4.2,2026-10-09T17:31:44.583642,True
4263,Ursinho premium,Brinquedos,802.68,433,24.2,0.6,2026-10-09T17:31:44.583642,True
4264,smartphone pro,Eletrônicos,668.64,25,10.1,4.8,2026-10-09T17:31:44.583642,True
4265,feijão max,Roupas,213.24,275,6.66,0.2,2026-10-09T17:31:44.583642,True
4266,Smartphone Max,123,491.44,71,49.2,1.2,2026-10-09T17:31:44.583642,True
4267,ROmAncE PluS,Esportes,333.29,212,34.29,1.6,2026-10-09T17:31:44.583642,True
4268,Calça Basic,Eletrônicos,310.48,403,-5.88,3.6,2026-10-09T17:31:44.583642,True
4269,Ursinho Basic,Casa,-8.76,412,4.87,4.0,2026-10-09T17:31:44.583642,True
4270,Sofá Max,123,410.17,130,49.54,1.6,2026-10-09T17:31:44.583642,True
4271,Calça Max,Esportes,817.02,416,21.14,,2026-10-09T17:31:44.583642,True
4272,Sofá Pro,Alimentos,0.0,324,33.0,2.7,2026-10-09T17:31:44.583642,True
4273,Smartphone Basic,Alimentos,-20.87,14,8.23,2.1,2026-10-09T17:31:44.583642,True
4274,Calça Premium,Esportes,0.0,401,42.7,0.3,2026-10-09T17:31:44.583642,True
4275,,Brinquedos,745.13,496,30.09,1.9,2026-10-09T17:31:44.583642,True
4276,Aventura Max,Esportes,0.0,90,3.14,0.6,2026-10-09T17:31:44.583642,True
4277,Notebook Pro,123,393.91,389,38.01,0.3,2026-10-09T17:31:44.583642,True
4278,Sofá Plus,Eletrônicos,865.34,-90,35.44,3.8,2026-10-09T17:31:44.583642,True
4279,TV Premium,Brinquedos,659.92,-11,9.1,2.3,2026-10-09T17:31:44.583642,True
4280,Romance Premium,Roupas,252.34,135,-7.24,1.3,2026-10-09T17:31:44.583642,True
4281,Ursinho max,Alimentos,756.1,269,48.69,1.6,2026-10-09T17:31:44.583642,True
4282,Romance Premium,Esportes,-29.32,19,30.77,4.0,2026-10-09T17:31:44.583642,True
4283,aventura max,Roupas,191.02,18,36.04,0.8,2026-10-09T17:31:44.583642,True
4284,Feijão Plus,Categoria Inexistente,740.81,286,49.81,4.6,2026-10-09T17:31:44.583642,True
4285,aVeNtUra mAx,Eletrônicos,977.46,381,0.63,1.4,2026-10-09T17:31:44.583642,True
4286,Sofá Premium,Eletrônicos,0.0,122,33.78,4.2,2026-10-09T17:31:44.583642,True
4287,BOla PRO,Eletrônicos,263.83,0,29.26,2.2,2026-10-09T17:31:44.583642,True
4288, ,Brinquedos,322.01,78,18.21,4.3,2026-10-09T17:31:44.583642,True
4289,URSINHO BASIC,Livros,855.28,285,34.15,4.3,2026-10-09T17:31:44.583642,True
4290,Calça Max,Categoria Inexistente,796.08,353,39.18,2.8,2026-10-09T17:31:44.583642,True
4291, ,Brinquedos,94.91,466,42.65,3.2,2026-10-09T17:31:44.583642,True
4292,Ursinho plus,Brinquedos,338.06,311,20.88,3.2,2026-10-09T17:31:44.583642,True
4293,NOTEBOOK MAX,Casa,45.08,100,9.21,0.4,2026-10-09T17:31:44.583642,True
4294,Aventura pro,Roupas,983.54,401,7.41,2.8,2026-10-09T17:31:44.583642,True
4295,Aventura Pro,Alimentos,33.93,-70,37.76,2.3,2026-10-09T17:31:44.583642,True
4296,Sofá Basic,Eletrônicos,597.93,-55,34.92,3.6,2026-10-09T17:31:44.583642,True
4297,Sofá Pro,,349.35,403,28.83,4.6,2026-10-09T17:31:44.583642,True
4298,UrSinho Plus,Eletrônicos,560.64,309,8.66,3.9,2026-10-09T17:31:44.583642,True
4299,ursinho premium,Roupas,613.99,147,49.39,3.1,2026-10-09T17:31:44.583642,True
4300,Camiseta Premium,Casa,374.12,-21,6.69,4.7,2026-10-09T17:31:44.583642,True
4301,TV Max,Eletrônicos,-20.1,431,37.89,1.0,2026-10-09T17:31:44.583642,True
4302,Feijão Basic,,121.91,10,35.17,1.6,2026-10-09T17:31:44.583642,True
4303,Notebook Pro,Brinquedos,0.0,446,43.0,2.9,2026-10-09T17:31:44.583642,True
4304,TV Premium,Eletrônicos,964.55,-80,27.42,2.5,2026-10-09T17:31:44.583642,True
4305,Aventura Max,Alimentos,263.89,234,-1.28,0.8,2026-10-09T17:31:44.583642,True
4306,Arroz Basic,Livros,-64.2,445,2.22,2.7,2026-10-09T17:31:44.583642,True
4307,Mesa Basic,Eletrônicos,320.57,393,42.76,,2026-10-09T17:31:44.583642,True
4308,Arroz Max,Eletrônicos,798.51,-66,31.01,1.1,2026-10-09T17:31:44.583642,True
4309,FEIJÃO PLUS,Brinquedos,407.11,215,40.15,1.1,2026-10-09T17:31:44.583642,True
4310,Sofá Premium,Livros,104.95,291,-9.53,5.0,2026-10-09T17:31:44.583642,True
4311,Feijão Basic,,618.05,409,37.35,1.0,2026-10-09T17:31:44.583642,True
4312,Mesa Basic,Esportes,0.0,67,36.38,0.4,2026-10-09T17:31:44.583642,True
4313,Sofá Pro,Alimentos,734.57,476,17.21,6,2026-10-09T17:31:44.583642,True
4314,camiseta pro,Casa,909.51,69,15.71,1.2,2026-10-09T17:31:44.583642,True
4315,Camiseta Max,Alimentos,941.78,102,29.72,10,2026-10-09T17:31:44.583642,True
4316,CALÇA PRO,Livros,451.95,153,31.83,4.8,2026-10-09T17:31:44.583642,True
4317, ,Esportes,987.22,270,1.58,2.0,2026-10-09T17:31:44.583642,True
4318,Notebook Pro,Categoria Inexistente,86.13,95,2.31,4.6,2026-10-09T17:31:44.583642,True
4319,Romance Premium,Alimentos,77.14,-47,13.4,0.9,2026-10-09T17:31:44.583642,True
4320,AVENTURA PLUS,Eletrônicos,735.0,16,27.84,0.7,2026-10-09T17:31:44.583642,True
4321,Bola Basic,Livros,-36.88,207,23.21,4.3,2026-10-09T17:31:44.583642,True
4322,TV Pro,Brinquedos,-60.69,152,20.32,3.6,2026-10-09T17:31:44.583642,True
4323,feijão plus,Brinquedos,973.4,279,27.17,3.0,2026-10-09T17:31:44.583642,True
4324,TV Premium,Eletrônicos,-90.88,425,1.23,1.3,2026-10-09T17:31:44.583642,True
4325,URSINHO PRO,Esportes,203.62,104,17.56,2.4,2026-10-09T17:31:44.583642,True
4326,Smartphone Pro,Esportes,832.82,-20,19.32,4.0,2026-10-09T17:31:44.583642,True
4327,Notebook Max,Eletrônicos,984.87,121,13.74,100,2026-10-09T17:31:44.583642,True
4328,Camiseta Max,Eletrônicos,0.0,492,6.33,3.4,2026-10-09T17:31:44.583642,True
4329,BOLA MAX,Eletrônicos,657.59,48,24.64,1.3,2026-10-09T17:31:44.583642,True
4330,Bola basic,Brinquedos,382.38,29,28.45,3.0,2026-10-09T17:31:44.583642,True
4331,Arroz Plus,Brinquedos,-35.12,73,43.86,4.7,2026-10-09T17:31:44.583642,True
4332,Mesa Max,Alimentos,263.75,104,15.39,6,2026-10-09T17:31:44.583642,True
4333,ursinho basic,Brinquedos,992.91,416,34.3,4.4,2026-10-09T17:31:44.583642,True
4334,BOLA PLUS,Brinquedos,359.11,317,14.54,4.6,2026-10-09T17:31:44.583642,True
4335,Aventura Plus,Alimentos,700.06,-35,14.91,4.3,2026-10-09T17:31:44.583642,True
4336,ROMANCE PRO,Eletrônicos,233.89,242,9.44,4.5,2026-10-09T17:31:44.583642,True
4337,Notebook Pro,Roupas,-6.03,80,40.52,4.7,2026-10-09T17:31:44.583642,True
4338,Mesa plus,Eletrônicos,831.73,44,41.9,2.8,2026-10-09T17:31:44.583642,True
4339,Calça Premium,,752.72,214,10.25,0.4,2026-10-09T17:31:44.583642,True
4340,ARROZ BASIC,Esportes,772.25,485,11.51,1.8,2026-10-09T17:31:44.583642,True
4341,Sofá Premium,Roupas,230.05,49,7.5,6,2026-10-09T17:31:44.583642,True
4342,Romance Max,Livros,0.0,130,38.64,1.8,2026-10-09T17:31:44.583642,True
4343,AvEnTura max,Roupas,174.7,216,29.43,3.6,2026-10-09T17:31:44.583642,True
4344,,Casa,246.38,156,34.58,5.0,2026-10-09T17:31:44.583642,True
4345,Aventura Plus,Brinquedos,29.78,481,-1.83,1.2,2026-10-09T17:31:44.583642,True
4346,tv plus,Brinquedos,677.38,356,40.05,0.3,2026-10-09T17:31:44.583642,True
4347,Mesa Basic,,200.45,379,23.39,0.2,2026-10-09T17:31:44.583642,True
4348,Ursinho plus,Eletrônicos,780.76,223,49.39,1.9,2026-10-09T17:31:44.583642,True
4349,Arroz Pro,Eletrônicos,487.79,18,-1.71,1.6,2026-10-09T17:31:44.583642,True
4350,Sofá Max,Casa,0.0,280,12.39,2.0,2026-10-09T17:31:44.583642,True
4351,tv premium,Casa,71.79,344,33.57,0.3,2026-10-09T17:31:44.583642,True
4352, ,Brinquedos,483.3,238,24.06,3.7,2026-10-09T17:31:44.583642,True
4353,SOFÁ BASIC,Brinquedos,111.35,20,12.48,5.0,2026-10-09T17:31:44.583642,True
4354,Bola Max,Roupas,159.56,-52,49.57,4.5,2026-10-09T17:31:44.583642,True
4355,CaLÇa PLus,Alimentos,569.49,214,44.89,1.4,2026-10-09T17:31:44.583642,True
4356,tV BAsIc,Alimentos,962.58,188,9.41,0.9,2026-10-09T17:31:44.583642,True
4357,Bola Basic,Eletrônicos,839.28,346,5.8,10,2026-10-09T17:31:44.583642,True
4358,Mesa Basic,Roupas,-31.23,234,23.44,3.9,2026-10-09T17:31:44.583642,True
4359,Aventura Basic,Categoria Inexistente,827.71,459,16.18,3.4,2026-10-09T17:31:44.583642,True
4360,Bola Max,Alimentos,28.77,300,-7.82,1.8,2026-10-09T17:31:44.583642,True
4361,Notebook Premium,Alimentos,-78.61,267,14.98,4.4,2026-10-09T17:31:44.583642,True
4362,SOFÁ PRO,Brinquedos,589.32,422,36.15,3.0,2026-10-09T17:31:44.583642,True
4363,Romance premium,Livros,629.39,96,29.23,2.7,2026-10-09T17:31:44.583642,True
4364,Bola Max,Esportes,432.95,246,-9.77,4.7,2026-10-09T17:31:44.583642,True
4365,Smartphone plus,Alimentos,191.14,249,14.67,1.5,2026-10-09T17:31:44.583642,True
4366,Camiseta Pro,Livros,220.24,-28,0.54,3.3,2026-10-09T17:31:44.583642,True
4367,Feijão Pro,Alimentos,-35.69,206,11.74,3.0,2026-10-09T17:31:44.583642,True
4368,BOLA PRO,Esportes,599.17,378,14.89,3.8,2026-10-09T17:31:44.583642,True
4369,Mesa basic,Brinquedos,94.53,40,17.01,0.7,2026-10-09T17:31:44.583642,True
4370,ROMANCE PREMIUM,Esportes,68.47,19,46.74,1.9,2026-10-09T17:31:44.583642,True
4371,Sofá Plus,Casa,863.42,415,3.74,6,2026-10-09T17:31:44.583642,True
4372,,Roupas,458.95,389,16.94,1.6,2026-10-09T17:31:44.583642,True
4373,uRSInHO MAX,Casa,287.04,236,42.34,3.0,2026-10-09T17:31:44.583642,True
4374,Ursinho Plus,Casa,527.35,-84,5.9,0.4,2026-10-09T17:31:44.583642,True
4375,Feijão Premium,Casa,177.61,366,-2.44,2.3,2026-10-09T17:31:44.583642,True
4376,Romance pro,Livros,548.78,457,34.61,3.1,2026-10-09T17:31:44.583642,True
4377,NotEBoOK mAx,Brinquedos,135.68,387,16.68,1.7,2026-10-09T17:31:44.583642,True
4378,mesa premium,Roupas,19.57,375,39.08,3.2,2026-10-09T17:31:44.583642,True
4379,Notebook Premium,Categoria Inexistente,996.86,345,0.73,1.7,2026-10-09T17:31:44.583642,True
4380,TV Premium,,730.72,410,39.18,2.5,2026-10-09T17:31:44.583642,True
4381,Calça Basic,123,320.94,411,48.62,0.2,2026-10-09T17:31:44.583642,True
4382,Bola Premium,,198.07,431,4.12,3.9,2026-10-09T17:31:44.583642,True
4383,Feijão max,Brinquedos,215.16,354,15.2,4.7,2026-10-09T17:31:44.583642,True
4384,Sofá Basic,Categoria Inexistente,393.21,466,36.99,1.3,2026-10-09T17:31:44.583642,True
4385,mesa basic,Roupas,475.27,136,17.81,4.0,2026-10-09T17:31:44.583642,True
4386,Aventura max,Brinquedos,626.58,82,19.1,1.5,2026-10-09T17:31:44.583642,True
4387,Ursinho max,Livros,224.12,159,12.84,1.9,2026-10-09T17:31:44.583642,True
4388,Aventura Premium,Livros,760.96,338,-9.88,0.2,2026-10-09T17:31:44.583642,True
4389,Romance Plus,Esportes,0.0,334,2.55,0.1,2026-10-09T17:31:44.583642,True
4390,Arroz Plus,Brinquedos,298.71,101,2.7,-1,2026-10-09T17:31:44.583642,True
4391,Sofá Basic,,56.55,3,29.58,2.7,2026-10-09T17:31:44.583642,True
4392,Sofá Pro,Brinquedos,384.7,33,-4.86,4.7,2026-10-09T17:31:44.583642,True
4393,Arroz Basic,Alimentos,38.46,189,-8.34,2.5,2026-10-09T17:31:44.583642,True
4394,,Brinquedos,908.37,306,25.77,1.6,2026-10-09T17:31:44.583642,True
4395,Bola Pro,Casa,0.0,111,45.69,4.5,2026-10-09T17:31:44.583642,True
4396,Aventura pro,Brinquedos,796.6,233,13.97,2.2,2026-10-09T17:31:44.583642,True
4397,,Esportes,975.87,92,23.24,2.7,2026-10-09T17:31:44.583642,True
4398,MESA BASIC,Esportes,933.65,423,34.74,1.7,2026-10-09T17:31:44.583642,True
4399,Notebook Premium,Roupas,-21.89,334,10.53,5.0,2026-10-09T17:31:44.583642,True
4400,Sofá plus,Roupas,693.67,60,35.94,2.8,2026-10-09T17:31:44.583642,True
4401,mesa pro,Esportes,263.44,210,36.2,3.3,2026-10-09T17:31:44.583642,True
4402,Romance Plus,,430.43,109,21.96,4.9,2026-10-09T17:31:44.583642,True
4403,CALÇA PREMIUM,Casa,350.69,202,1.34,1.4,2026-10-09T17:31:44.583642,True
4404,Aventura Plus,Livros,11.86,302,-4.77,3.0,2026-10-09T17:31:44.583642,True
4405,Arroz Pro,Livros,104.59,141,-9.06,1.3,2026-10-09T17:31:44.583642,True
4406,Notebook Max,,287.75,79,28.77,2.3,2026-10-09T17:31:44.583642,True
4407,Camiseta Premium,Alimentos,954.2,43,18.7,10,2026-10-09T17:31:44.583642,True
4408,,Livros,169.95,126,12.48,3.9,2026-10-09T17:31:44.583642,True
4409,Bola Max,Eletrônicos,61.51,224,-1.6,3.7,2026-10-09T17:31:44.583642,True
4410,,Brinquedos,652.31,78,46.96,1.7,2026-10-09T17:31:44.583642,True
4411,TV Pro,Eletrônicos,784.11,201,-1.38,3.4,2026-10-09T17:31:44.583642,True
4412,TV Basic,Casa,820.86,239,-3.34,2.4,2026-10-09T17:31:44.583642,True
4413,,Casa,938.91,382,3.82,3.1,2026-10-09T17:31:44.583642,True
4414,feijão basic,Eletrônicos,615.39,155,43.45,0.2,2026-10-09T17:31:44.583642,True
4415,feijão max,Alimentos,449.84,446,29.07,1.4,2026-10-09T17:31:44.583642,True
4416,Romance Max,Roupas,745.7,-93,49.21,4.8,2026-10-09T17:31:44.583642,True
4417,,Alimentos,754.71,66,35.97,1.5,2026-10-09T17:31:44.583642,True
4418,cAmisetA pro,Eletrônicos,157.44,390,18.86,3.4,2026-10-09T17:31:44.583642,True
4419,,Eletrônicos,650.03,116,33.7,2.8,2026-10-09T17:31:44.583642,True
4420,cAMIsEtA PRo,Roupas,111.16,360,8.53,4.8,2026-10-09T17:31:44.583642,True
4421,TV PREMIUM,Livros,158.17,448,39.55,1.1,2026-10-09T17:31:44.583642,True
4422,aventura basic,Alimentos,629.75,14,43.56,2.4,2026-10-09T17:31:44.583642,True
4423,SMARTPHONE PRO,Esportes,812.9,189,43.53,2.4,2026-10-09T17:31:44.583642,True
4424,feijão max,Alimentos,996.12,46,46.21,2.3,2026-10-09T17:31:44.583642,True
4425,Mesa Premium,Alimentos,817.74,210,19.33,,2026-10-09T17:31:44.583642,True
4426,Romance Max,Eletrônicos,708.23,-100,42.37,2.1,2026-10-09T17:31:44.583642,True
4427,Notebook Plus,Esportes,-76.72,84,36.42,0.6,2026-10-09T17:31:44.583642,True
4428,,Casa,442.03,337,29.74,0.7,2026-10-09T17:31:44.583642,True
4429,Aventura Max,Brinquedos,18.06,-97,40.36,1.7,2026-10-09T17:31:44.583642,True
4430,notebook basic,Esportes,891.87,101,25.71,2.9,2026-10-09T17:31:44.583642,True
4431,MeSa pLUS,Roupas,320.8,50,31.35,3.6,2026-10-09T17:31:44.583642,True
4432,Bola Max,Alimentos,761.39,411,38.77,6,2026-10-09T17:31:44.583642,True
4433,NotEBOok premIUm,Esportes,916.29,181,37.85,4.8,2026-10-09T17:31:44.583642,True
4434,Mesa Max,,652.27,226,5.58,2.5,2026-10-09T17:31:44.583642,True
4435,Bola Pro,Casa,797.04,260,30.01,6,2026-10-09T17:31:44.583642,True
4436, ,Casa,289.59,219,19.98,3.6,2026-10-09T17:31:44.583642,True
4437,Mesa plus,Brinquedos,740.38,94,1.0,2.1,2026-10-09T17:31:44.583642,True
4438, ,Brinquedos,794.22,262,15.09,0.5,2026-10-09T17:31:44.583642,True
4439,Aventura plus,Esportes,704.9,426,6.84,3.8,2026-10-09T17:31:44.583642,True
4440,,Roupas,236.94,386,3.93,0.9,2026-10-09T17:31:44.583642,True
4441,Feijão Max,Brinquedos,123.69,411,37.38,,2026-10-09T17:31:44.583642,True
4442,Smartphone Plus,,716.85,78,37.09,3.5,2026-10-09T17:31:44.583642,True
4443,Camiseta Max,Casa,905.61,398,22.42,100,2026-10-09T17:31:44.583642,True
4444,,Eletrônicos,132.04,230,34.99,4.7,2026-10-09T17:31:44.583642,True
4445,TV Max,Roupas,-1.5,192,12.81,1.5,2026-10-09T17:31:44.583642,True
4446,Camiseta Max,Eletrônicos,-46.71,265,29.29,3.8,2026-10-09T17:31:44.583642,True
4447,Smartphone max,Esportes,344.88,419,30.21,2.5,2026-10-09T17:31:44.583642,True
4448,smartphone max,Livros,383.37,44,28.23,0.3,2026-10-09T17:31:44.583642,True
4449,Calça pro,Livros,494.6,125,28.78,1.1,2026-10-09T17:31:44.583642,True
4450,Sofá Premium,Livros,375.22,-97,1.64,2.6,2026-10-09T17:31:44.583642,True
4451,tv basic,Roupas,388.11,238,32.94,0.6,2026-10-09T17:31:44.583642,True
4452,,Livros,627.93,55,23.02,0.9,2026-10-09T17:31:44.583642,True
4453,Feijão Plus,Roupas,518.24,361,-9.46,2.4,2026-10-09T17:31:44.583642,True
4454,Mesa Basic,Roupas,147.4,-52,28.9,1.0,2026-10-09T17:31:44.583642,True
4455,ARROZ MAX,Livros,791.72,203,46.73,2.3,2026-10-09T17:31:44.583642,True
4456,mesa pro,Roupas,599.92,160,35.52,3.6,2026-10-09T17:31:44.583642,True
4457,camiseta plus,Alimentos,38.9,85,46.9,0.5,2026-10-09T17:31:44.583642,True
4458,Mesa Max,Casa,74.73,-90,49.75,4.5,2026-10-09T17:31:44.583642,True
4459,Ursinho Max,Casa,949.17,482,42.87,10,2026-10-09T17:31:44.583642,True
4460,Notebook Max,,459.43,29,23.0,2.2,2026-10-09T17:31:44.583642,True
4461,tv maX,Roupas,156.76,426,48.26,2.2,2026-10-09T17:31:44.583642,True
4462,CAMISETA PRO,Alimentos,149.42,320,2.11,1.4,2026-10-09T17:31:44.583642,True
4463,Camiseta premium,Esportes,761.48,7,49.62,3.3,2026-10-09T17:31:44.583642,True
4464,Aventura Max,Livros,936.75,123,-9.45,0.5,2026-10-09T17:31:44.583642,True
4465,Romance Basic,123,586.52,340,40.95,0.8,2026-10-09T17:31:44.583642,True
4466,Feijão Basic,Eletrônicos,880.46,153,34.79,100,2026-10-09T17:31:44.583642,True
4467,Romance Plus,Brinquedos,11.39,229,44.28,6,2026-10-09T17:31:44.583642,True
4468,sMARtpHonE Pro,Brinquedos,828.03,435,9.46,3.7,2026-10-09T17:31:44.583642,True
4469,NOTeBoOK maX,Roupas,814.27,312,9.71,1.0,2026-10-09T17:31:44.583642,True
4470,Notebook Plus,Esportes,-73.38,392,23.01,1.8,2026-10-09T17:31:44.583642,True
4471,Aventura Max,,383.08,86,0.75,3.5,2026-10-09T17:31:44.583642,True
4472,Smartphone Premium,Casa,753.04,-62,11.98,3.4,2026-10-09T17:31:44.583642,True
4473,Ursinho Plus,Categoria Inexistente,911.67,219,9.06,2.6,2026-10-09T17:31:44.583642,True
4474,Arroz premium,Eletrônicos,242.91,35,6.8,2.7,2026-10-09T17:31:44.583642,True
4475,Calça Basic,Esportes,249.12,-59,48.47,4.5,2026-10-09T17:31:44.583642,True
4476,,Livros,982.24,143,12.22,4.6,2026-10-09T17:31:44.583642,True
4477,Aventura Max,Alimentos,409.05,397,-9.87,2.2,2026-10-09T17:31:44.583642,True
4478,TV Basic,Casa,-50.81,442,0.5,2.0,2026-10-09T17:31:44.583642,True
4479,Sofá Premium,Esportes,976.62,85,-4.27,1.9,2026-10-09T17:31:44.583642,True
4480,Romance Premium,Alimentos,0.0,359,8.44,3.3,2026-10-09T17:31:44.583642,True
4481,Aventura Basic,Esportes,108.28,405,37.78,-1,2026-10-09T17:31:44.583642,True
4482,Feijão Pro,Categoria Inexistente,505.69,29,27.72,0.6,2026-10-09T17:31:44.583642,True
4483,TV Pro,Casa,349.53,352,-1.52,1.6,2026-10-09T17:31:44.583642,True
4484,tv premium,Roupas,579.86,433,39.73,3.3,2026-10-09T17:31:44.583642,True
4485,TV Plus,Roupas,101.96,339,33.98,6,2026-10-09T17:31:44.583642,True
4486,Mesa Premium,Alimentos,422.44,8,-6.49,0.9,2026-10-09T17:31:44.583642,True
4487, ,Roupas,566.33,363,36.7,0.2,2026-10-09T17:31:44.583642,True
4488,Smartphone Basic,Livros,-14.68,42,23.01,2.1,2026-10-09T17:31:44.583642,True
4489,TV Max,Alimentos,-3.46,458,26.06,1.6,2026-10-09T17:31:44.583642,True
4490,Feijão Premium,Brinquedos,188.11,177,4.36,6,2026-10-09T17:31:44.583642,True
4491,BOLA MAX,Roupas,751.43,429,0.45,4.6,2026-10-09T17:31:44.583642,True
4492,Bola Max,Eletrônicos,144.32,-79,46.45,0.1,2026-10-09T17:31:44.583642,True
4493,tv basic,Brinquedos,817.59,291,38.12,2.7,2026-10-09T17:31:44.583642,True
4494,Aventura Pro,,994.89,390,36.52,1.6,2026-10-09T17:31:44.583642,True
4495,Camiseta Pro,,473.3,89,1.03,2.0,2026-10-09T17:31:44.583642,True
4496,calça plus,Eletrônicos,227.63,125,3.68,1.8,2026-10-09T17:31:44.583642,True
4497,Feijão Max,Esportes,885.64,-28,43.43,0.1,2026-10-09T17:31:44.583642,True
4498,Mesa Max,Esportes,356.48,344,-1.35,4.6,2026-10-09T17:31:44.583642,True
4499,Arroz Plus,Roupas,0.0,72,48.37,0.2,2026-10-09T17:31:44.583642,True
4500,Sofá Pro,Livros,794.4,7,2.74,10,2026-10-09T17:31:44.583642,True
4501,Ursinho max,Brinquedos,997.74,253,42.43,3.1,2026-10-09T17:31:44.583642,True
4502,UrsINHO pLuS,Casa,788.86,329,30.4,0.6,2026-10-09T17:31:44.583642,True
4503,Aventura Basic,Esportes,841.29,-10,18.53,3.3,2026-10-09T17:31:44.583642,True
4504,Smartphone Pro,Brinquedos,-20.32,99,29.83,4.0,2026-10-09T17:31:44.583642,True
4505,Feijão Pro,Brinquedos,117.7,152,-3.3,0.2,2026-10-09T17:31:44.583642,True
4506,Camiseta plus,Esportes,574.81,393,41.59,3.2,2026-10-09T17:31:44.583642,True
4507,cAlÇA max,Alimentos,562.56,189,35.62,2.5,2026-10-09T17:31:44.583642,True
4508,Feijão Max,Alimentos,928.96,248,-2.57,3.2,2026-10-09T17:31:44.583642,True
4509,Ursinho Basic,Brinquedos,262.67,139,12.63,,2026-10-09T17:31:44.583642,True
4510,smartphone plus,Livros,61.69,96,23.37,2.2,2026-10-09T17:31:44.583642,True
4511,Bola Pro,Eletrônicos,223.15,242,-0.39,1.9,2026-10-09T17:31:44.583642,True
4512, ,Livros,900.61,320,21.8,1.3,2026-10-09T17:31:44.583642,True
4513, ,Eletrônicos,456.6,303,10.25,1.2,2026-10-09T17:31:44.583642,True
4514,Bola basic,Casa,55.43,58,35.56,2.9,2026-10-09T17:31:44.583642,True
4515,bola basic,Casa,297.63,255,5.89,3.7,2026-10-09T17:31:44.583642,True
4516,Calça Plus,Roupas,917.05,-1,46.69,4.5,2026-10-09T17:31:44.583642,True
4517,TV max,Esportes,407.03,197,18.5,2.8,2026-10-09T17:31:44.583642,True
4518,Sofá Max,Brinquedos,-73.76,401,15.5,3.8,2026-10-09T17:31:44.583642,True
4519,Bola pro,Alimentos,81.64,399,35.18,2.1,2026-10-09T17:31:44.583642,True
4520,NOTebOoK BaSic,Brinquedos,683.14,147,42.49,3.3,2026-10-09T17:31:44.583642,True
4521,smartphone plus,Roupas,438.78,429,46.31,4.9,2026-10-09T17:31:44.583642,True
4522,URsINHO PrEMIuM,Roupas,519.04,197,29.33,2.0,2026-10-09T17:31:44.583642,True
4523,SOFÁ BASIC,Casa,125.08,161,45.83,0.8,2026-10-09T17:31:44.583642,True
4524,MESA PRO,Livros,404.44,338,33.89,0.5,2026-10-09T17:31:44.583642,True
4525,,Alimentos,865.83,375,49.1,2.1,2026-10-09T17:31:44.583642,True
4526,ursinho basic,Brinquedos,946.03,316,29.22,4.6,2026-10-09T17:31:44.583642,True
4527,Camiseta Plus,,395.64,297,0.62,2.8,2026-10-09T17:31:44.583642,True
4528,Camiseta Plus,Casa,228.98,377,-0.48,1.5,2026-10-09T17:31:44.583642,True
4529,Aventura Max,Casa,702.79,437,-9.5,1.7,2026-10-09T17:31:44.583642,True
4530,ursinho pro,Livros,335.66,361,41.05,2.9,2026-10-09T17:31:44.583642,True
4531,Camiseta Plus,Livros,473.18,-25,12.45,3.0,2026-10-09T17:31:44.583642,True
4532,Mesa Max,Esportes,559.62,356,29.5,-1,2026-10-09T17:31:44.583642,True
4533,MESA prEMIUM,Roupas,501.72,341,17.8,3.3,2026-10-09T17:31:44.583642,True
4534,Notebook premium,Livros,213.2,338,5.68,2.3,2026-10-09T17:31:44.583642,True
4535,Sofá max,Alimentos,32.69,265,25.18,3.3,2026-10-09T17:31:44.583642,True
4536,,Roupas,289.4,41,9.96,4.5,2026-10-09T17:31:44.583642,True
4537, ,Brinquedos,955.3,346,20.22,1.3,2026-10-09T17:31:44.583642,True
4538,ROmAnCe pro,Brinquedos,433.37,400,45.87,3.8,2026-10-09T17:31:44.583642,True
4539,Bola premium,Alimentos,713.33,89,48.36,0.8,2026-10-09T17:31:44.583642,True
4540,Arroz Premium,Brinquedos,0.0,67,28.26,0.9,2026-10-09T17:31:44.583642,True
4541,FEIJÃO PRO,Livros,498.54,448,0.73,1.7,2026-10-09T17:31:44.583642,True
4542,Ursinho Max,Eletrônicos,53.12,401,25.88,10,2026-10-09T17:31:44.583642,True
4543,,Casa,345.57,125,0.4,2.6,2026-10-09T17:31:44.583642,True
4544,Ursinho Premium,Esportes,-25.69,492,49.78,2.2,2026-10-09T17:31:44.583642,True
4545,Arroz Basic,,470.85,225,12.89,1.5,2026-10-09T17:31:44.583642,True
4546,Calça Basic,Casa,547.14,402,-4.19,2.9,2026-10-09T17:31:44.583642,True
4547,Arroz max,Roupas,255.62,313,33.33,3.6,2026-10-09T17:31:44.583642,True
4548,Ursinho Premium,Livros,0.0,280,5.39,4.8,2026-10-09T17:31:44.583642,True
4549,TV plUS,Alimentos,644.57,198,45.88,4.4,2026-10-09T17:31:44.583642,True
4550,Notebook Pro,Eletrônicos,0.0,232,35.59,3.5,2026-10-09T17:31:44.583642,True
4551,URSINHO PREMIUM,Roupas,734.15,335,5.79,1.7,2026-10-09T17:31:44.583642,True
4552,feijão max,Brinquedos,279.72,8,8.32,3.2,2026-10-09T17:31:44.583642,True
4553,CALÇA BASIC,Eletrônicos,13.75,472,12.92,2.5,2026-10-09T17:31:44.583642,True
4554,Romance Pro,Roupas,64.14,316,34.65,,2026-10-09T17:31:44.583642,True
4555,Feijão Premium,Brinquedos,978.8,459,-1.12,4.8,2026-10-09T17:31:44.583642,True
4556,Ursinho plus,Livros,486.13,39,34.13,4.8,2026-10-09T17:31:44.583642,True
4557,TV Max,Casa,76.87,-18,17.27,2.6,2026-10-09T17:31:44.583642,True
4558,URSINHO PRO,Eletrônicos,239.15,80,3.85,3.0,2026-10-09T17:31:44.583642,True
4559,Ursinho Premium,123,499.51,380,36.92,1.3,2026-10-09T17:31:44.583642,True
4560,Sofá Plus,Casa,284.82,-77,9.86,0.2,2026-10-09T17:31:44.583642,True
4561,Romance Max,Eletrônicos,672.83,487,13.57,-1,2026-10-09T17:31:44.583642,True
4562,TV PLuS,Eletrônicos,834.64,66,16.66,3.7,2026-10-09T17:31:44.583642,True
4563,Notebook premium,Esportes,469.08,352,33.62,4.0,2026-10-09T17:31:44.583642,True
4564,Camiseta max,Casa,486.96,370,46.42,3.4,2026-10-09T17:31:44.583642,True
4565,Camiseta Plus,Alimentos,0.0,36,12.22,0.2,2026-10-09T17:31:44.583642,True
4566,Smartphone Premium,Roupas,215.17,361,30.38,100,2026-10-09T17:31:44.583642,True
4567,,Alimentos,340.43,93,0.31,3.2,2026-10-09T17:31:44.583642,True
4568,Bola Basic,Livros,710.56,-91,23.26,0.1,2026-10-09T17:31:44.583642,True
4569,Romance Max,Esportes,943.22,379,-6.42,0.9,2026-10-09T17:31:44.583642,True
4570,Notebook Pro,123,675.96,381,40.43,4.8,2026-10-09T17:31:44.583642,True
4571,Smartphone Premium,Esportes,349.49,-25,12.88,3.5,2026-10-09T17:31:44.583642,True
4572,AVENTURA PREMIUM,Esportes,883.53,278,42.31,3.8,2026-10-09T17:31:44.583642,True
4573,Feijão Basic,Eletrônicos,725.05,269,-1.1,1.5,2026-10-09T17:31:44.583642,True
4574,Sofá Max,Roupas,0.0,374,27.46,1.5,2026-10-09T17:31:44.583642,True
4575,Sofá Basic,Categoria Inexistente,653.1,388,35.89,1.9,2026-10-09T17:31:44.583642,True
4576,Mesa Plus,Eletrônicos,0.0,369,7.83,4.3,2026-10-09T17:31:44.583642,True
4577,Feijão basic,Brinquedos,342.61,417,19.13,3.4,2026-10-09T17:31:44.583642,True
4578,mesa max,Esportes,161.87,134,43.87,4.4,2026-10-09T17:31:44.583642,True
4579,NOTEbook pREmiUm,Casa,548.99,408,14.2,0.7,2026-10-09T17:31:44.583642,True
4580,Arroz Pro,Esportes,375.33,-67,20.3,3.2,2026-10-09T17:31:44.583642,True
4581,,Brinquedos,337.69,357,8.07,0.1,2026-10-09T17:31:44.583642,True
4582,Notebook Basic,Roupas,25.12,376,-6.81,4.8,2026-10-09T17:31:44.583642,True
4583,CALÇA MAX,Esportes,616.03,177,30.86,2.9,2026-10-09T17:31:44.583642,True
4584, ,Esportes,439.59,297,43.29,0.0,2026-10-09T17:31:44.583642,True
4585,Aventura Pro,Casa,681.54,204,-1.59,1.9,2026-10-09T17:31:44.583642,True
4586,Aventura Premium,Categoria Inexistente,612.54,484,3.37,4.1,2026-10-09T17:31:44.583642,True
4587,ursinho basic,Alimentos,544.49,224,42.96,3.9,2026-10-09T17:31:44.583642,True
4588,CAMISETA PREMIUM,Roupas,436.38,239,45.05,1.6,2026-10-09T17:31:44.583642,True
4589,Notebook basic,Brinquedos,597.6,356,45.8,4.5,2026-10-09T17:31:44.583642,True
4590,Feijão Basic,Categoria Inexistente,670.01,91,42.0,3.9,2026-10-09T17:31:44.583642,True
4591,Aventura plus,Eletrônicos,16.64,95,35.17,3.2,2026-10-09T17:31:44.583642,True
4592,,Alimentos,196.46,342,39.25,2.2,2026-10-09T17:31:44.583642,True
4593,TV PREMIUM,Alimentos,759.28,306,22.5,0.8,2026-10-09T17:31:44.583642,True
4594,Mesa pro,Casa,969.45,397,12.81,3.5,2026-10-09T17:31:44.583642,True
4595,Smartphone Basic,Brinquedos,100.14,106,2.39,-1,2026-10-09T17:31:44.583642,True
4596,sMartphOne BaSiC,Eletrônicos,555.45,196,18.37,4.1,2026-10-09T17:31:44.583642,True
4597,Ursinho Pro,Alimentos,897.69,-34,14.04,2.4,2026-10-09T17:31:44.583642,True
4598,Ursinho max,Roupas,418.01,443,29.14,1.2,2026-10-09T17:31:44.583642,True
4599,camiseta basic,Casa,960.19,327,39.43,1.3,2026-10-09T17:31:44.583642,True
4600,Sofá Basic,Esportes,891.74,86,-9.48,2.7,2026-10-09T17:31:44.583642,True
4601,Sofá Max,Esportes,835.1,-6,28.39,2.6,2026-10-09T17:31:44.583642,True
4602,ursinho basic,Casa,832.49,45,30.04,1.8,2026-10-09T17:31:44.583642,True
4603,notebook max,Alimentos,907.58,460,17.19,0.4,2026-10-09T17:31:44.583642,True
4604, ,Roupas,842.66,194,48.79,1.6,2026-10-09T17:31:44.583642,True
4605, ,Brinquedos,924.24,171,27.13,1.3,2026-10-09T17:31:44.583642,True
4606,Calça premium,Brinquedos,969.6,378,48.29,3.2,2026-10-09T17:31:44.583642,True
4607,Mesa Max,Esportes,19.51,484,30.28,100,2026-10-09T17:31:44.583642,True
4608,Ursinho Pro,Eletrônicos,160.31,-48,3.2,0.9,2026-10-09T17:31:44.583642,True
4609,Arroz Basic,Eletrônicos,535.63,18,-0.26,3.8,2026-10-09T17:31:44.583642,True
4610,,Eletrônicos,226.84,488,26.05,4.9,2026-10-09T17:31:44.583642,True
4611,ursiNHo Pro,Roupas,854.67,253,28.13,4.0,2026-10-09T17:31:44.583642,True
4612,BOLA plUS,Esportes,286.92,455,36.84,0.6,2026-10-09T17:31:44.583642,True
4613,,Alimentos,996.78,167,10.43,2.4,2026-10-09T17:31:44.583642,True
4614,ARROZ PREMIUM,Livros,299.67,175,43.35,2.3,2026-10-09T17:31:44.583642,True
4615,TV Pro,Alimentos,0.0,412,46.62,2.5,2026-10-09T17:31:44.583642,True
4616,TV PLUS,Livros,793.22,207,43.75,4.0,2026-10-09T17:31:44.583642,True
4617,CALÇA MAX,Alimentos,439.01,488,36.07,0.1,2026-10-09T17:31:44.583642,True
4618,bolA PRO,Esportes,334.87,84,28.89,0.7,2026-10-09T17:31:44.583642,True
4619,Camiseta max,Livros,889.07,298,41.1,1.4,2026-10-09T17:31:44.583642,True
4620,Sofá plus,Alimentos,216.5,360,4.82,3.8,2026-10-09T17:31:44.583642,True
4621,,Roupas,504.59,316,45.48,3.0,2026-10-09T17:31:44.583642,True
4622,Mesa Pro,Roupas,-38.75,460,30.11,1.9,2026-10-09T17:31:44.583642,True
4623,Mesa Plus,Eletrônicos,-36.89,305,16.44,4.3,2026-10-09T17:31:44.583642,True
4624,Feijão Max,Eletrônicos,623.08,10,-0.68,4.1,2026-10-09T17:31:44.583642,True
4625,Arroz Pro,Esportes,969.44,90,1.83,6,2026-10-09T17:31:44.583642,True
4626,Sofá Premium,Eletrônicos,795.24,-34,34.32,0.0,2026-10-09T17:31:44.583642,True
4627,,Brinquedos,859.6,192,6.41,0.7,2026-10-09T17:31:44.583642,True
4628,Camiseta Basic,Livros,0.0,106,49.04,3.1,2026-10-09T17:31:44.583642,True
4629, ,Livros,336.95,279,38.37,2.8,2026-10-09T17:31:44.583642,True
4630,Notebook Pro,Categoria Inexistente,971.87,171,23.78,0.5,2026-10-09T17:31:44.583642,True
4631,Notebook Max,Livros,-93.48,66,22.23,0.4,2026-10-09T17:31:44.583642,True
4632,Aventura Premium,123,840.97,486,22.91,4.4,2026-10-09T17:31:44.583642,True
4633,,Brinquedos,108.12,392,42.95,4.3,2026-10-09T17:31:44.583642,True
4634,Ursinho Max,Livros,773.73,-69,10.45,1.2,2026-10-09T17:31:44.583642,True
4635,Mesa Max,Brinquedos,471.36,204,-9.73,2.2,2026-10-09T17:31:44.583642,True
4636,Feijão Premium,Categoria Inexistente,172.81,98,9.71,0.3,2026-10-09T17:31:44.583642,True
4637,Camiseta Max,Brinquedos,420.52,92,16.46,,2026-10-09T17:31:44.583642,True
4638,Bola Pro,Eletrônicos,777.42,433,33.25,10,2026-10-09T17:31:44.583642,True
4639,calça max,Eletrônicos,959.89,230,3.19,4.5,2026-10-09T17:31:44.583642,True
4640,Notebook Max,Eletrônicos,-77.54,156,34.15,2.5,2026-10-09T17:31:44.583642,True
4641,Notebook Premium,Casa,0.0,101,5.94,1.1,2026-10-09T17:31:44.583642,True
4642,Camiseta Basic,Esportes,224.56,470,20.82,,2026-10-09T17:31:44.583642,True
4643,aVeNtura premIum,Roupas,297.84,220,5.76,2.1,2026-10-09T17:31:44.583642,True
4644,Smartphone Pro,Roupas,583.46,360,-2.67,1.0,2026-10-09T17:31:44.583642,True
4645,,Casa,452.92,459,14.2,2.0,2026-10-09T17:31:44.583642,True
4646,Ursinho Pro,Alimentos,863.27,-63,23.33,1.0,2026-10-09T17:31:44.583642,True
4647,Camiseta Premium,Livros,161.55,154,45.92,,2026-10-09T17:31:44.583642,True
4648,arroz basic,Alimentos,52.74,329,45.89,3.0,2026-10-09T17:31:44.583642,True
4649,Camiseta Max,Categoria Inexistente,839.87,78,48.66,2.2,2026-10-09T17:31:44.583642,True
4650,Arroz Max,Alimentos,980.13,-22,25.22,4.9,2026-10-09T17:31:44.583642,True
4651,Aventura Max,Brinquedos,0.0,303,34.07,1.5,2026-10-09T17:31:44.583642,True
4652,,Esportes,598.47,51,47.7,0.5,2026-10-09T17:31:44.583642,True
4653,Romance Premium,Roupas,-61.59,78,10.82,1.8,2026-10-09T17:31:44.583642,True
4654,Arroz Basic,Casa,0.0,5,26.89,4.3,2026-10-09T17:31:44.583642,True
4655,MESA BASIC,Casa,111.64,162,28.74,2.6,2026-10-09T17:31:44.583642,True
4656,Arroz Pro,Categoria Inexistente,617.89,185,13.17,2.5,2026-10-09T17:31:44.583642,True
4657,camiseta pro,Brinquedos,572.08,209,27.34,3.9,2026-10-09T17:31:44.583642,True
4658,,Eletrônicos,925.36,43,40.64,2.1,2026-10-09T17:31:44.583642,True
4659,,Roupas,530.41,82,7.22,0.7,2026-10-09T17:31:44.583642,True
4660,Aventura Basic,Brinquedos,791.61,94,3.49,100,2026-10-09T17:31:44.583642,True
4661,rOmanCE prEmiUM,Roupas,206.38,53,20.12,0.9,2026-10-09T17:31:44.583642,True
4662,,Alimentos,962.65,399,43.16,2.8,2026-10-09T17:31:44.583642,True
4663,Bola Premium,Brinquedos,56.41,-22,40.55,3.9,2026-10-09T17:31:44.583642,True
4664,Camiseta Basic,Roupas,904.99,-77,47.45,3.5,2026-10-09T17:31:44.583642,True
4665,Sofá Plus,Brinquedos,733.26,-76,40.5,3.4,2026-10-09T17:31:44.583642,True
4666,Feijão max,Eletrônicos,867.9,234,0.8,3.0,2026-10-09T17:31:44.583642,True
4667,Notebook Plus,Eletrônicos,0.0,221,0.71,2.7,2026-10-09T17:31:44.583642,True
4668,sofá max,Roupas,586.15,490,45.5,2.7,2026-10-09T17:31:44.583642,True
4669,smartphone premium,Livros,715.93,103,37.58,4.1,2026-10-09T17:31:44.583642,True
4670,feijão pro,Livros,463.07,445,20.26,4.1,2026-10-09T17:31:44.583642,True
4671,Notebook Plus,Alimentos,0.0,263,39.98,1.6,2026-10-09T17:31:44.583642,True
4672,RomaNce PRemiUM,Brinquedos,59.85,378,23.56,1.3,2026-10-09T17:31:44.583642,True
4673,Tv pro,Roupas,769.35,101,29.65,3.1,2026-10-09T17:31:44.583642,True
4674,Romance Basic,Roupas,815.71,-67,41.56,0.3,2026-10-09T17:31:44.583642,True
4675,Bola Premium,Eletrônicos,0.0,156,25.27,3.2,2026-10-09T17:31:44.583642,True
4676,aRroZ PrO,Esportes,469.57,90,42.28,4.4,2026-10-09T17:31:44.583642,True
4677,Camiseta Pro,Livros,90.88,362,-1.34,3.6,2026-10-09T17:31:44.583642,True
4678,Bola Plus,Roupas,257.32,304,23.71,6,2026-10-09T17:31:44.583642,True
4679,Aventura Max,Alimentos,795.63,150,-8.24,1.7,2026-10-09T17:31:44.583642,True
4680,URSINHO PRO,Alimentos,246.54,180,47.5,4.3,2026-10-09T17:31:44.583642,True
4681,RomAnCE PREmIUm,Roupas,176.15,120,8.05,0.2,2026-10-09T17:31:44.583642,True
4682,arroz basic,Eletrônicos,149.72,215,31.22,3.6,2026-10-09T17:31:44.583642,True
4683,Arroz Pro,Alimentos,-57.14,96,47.46,0.3,2026-10-09T17:31:44.583642,True
4684,Bola Pro,Categoria Inexistente,982.12,474,49.25,4.6,2026-10-09T17:31:44.583642,True
4685,Bola Plus,Roupas,-37.23,333,37.22,4.5,2026-10-09T17:31:44.583642,True
4686,Aventura plus,Alimentos,85.8,40,35.8,2.9,2026-10-09T17:31:44.583642,True
4687,TV Max,,139.48,297,34.06,4.5,2026-10-09T17:31:44.583642,True
4688,ARROZ PREMIUM,Roupas,536.86,490,30.61,1.6,2026-10-09T17:31:44.583642,True
4689,AVEnTuRa pLUs,Brinquedos,141.42,289,21.34,3.8,2026-10-09T17:31:44.583642,True
4690,Smartphone Basic,Esportes,0.0,246,32.79,4.0,2026-10-09T17:31:44.583642,True
4691,Camiseta Max,Livros,-9.19,302,16.59,3.6,2026-10-09T17:31:44.583642,True
4692,Feijão Basic,Brinquedos,0.0,224,30.78,3.3,2026-10-09T17:31:44.583642,True
4693,ursinho max,Esportes,684.51,91,13.4,0.9,2026-10-09T17:31:44.583642,True
4694,ArrOz MAX,Livros,417.41,87,11.57,3.0,2026-10-09T17:31:44.583642,True
4695, ,Eletrônicos,745.94,121,16.59,1.0,2026-10-09T17:31:44.583642,True
4696,TV Max,Roupas,385.85,17,11.26,,2026-10-09T17:31:44.583642,True
4697,Smartphone Pro,Categoria Inexistente,927.42,74,46.25,3.0,2026-10-09T17:31:44.583642,True
4698,Calça Basic,Roupas,710.42,113,24.91,-1,2026-10-09T17:31:44.583642,True
4699,Ursinho Max,Brinquedos,494.74,169,43.49,,2026-10-09T17:31:44.583642,True
4700,Sofá Basic,Brinquedos,566.83,324,-4.05,4.9,2026-10-09T17:31:44.583642,True
4701,Camiseta Plus,Eletrônicos,138.45,-10,15.36,4.2,2026-10-09T17:31:44.583642,True
4702,Calça plus,Livros,980.14,318,8.63,3.5,2026-10-09T17:31:44.583642,True
4703,Notebook Max,Eletrônicos,0.0,74,15.73,3.1,2026-10-09T17:31:44.583642,True
4704,Aventura Premium,Categoria Inexistente,562.21,359,21.71,3.4,2026-10-09T17:31:44.583642,True
4705,ROMAnCE BASiC,Alimentos,876.06,43,16.08,0.4,2026-10-09T17:31:44.583642,True
4706,Romance Pro,Casa,594.29,-92,34.56,1.9,2026-10-09T17:31:44.583642,True
4707,camiseta basic,Casa,378.04,88,3.27,3.1,2026-10-09T17:31:44.583642,True
4708,,Brinquedos,984.46,136,0.9,4.1,2026-10-09T17:31:44.583642,True
4709,Smartphone basic,Esportes,556.09,444,19.47,3.5,2026-10-09T17:31:44.583642,True
4710,Feijão premium,Esportes,964.39,359,1.24,3.3,2026-10-09T17:31:44.583642,True
4711,Arroz Plus,Esportes,532.85,-41,23.16,3.1,2026-10-09T17:31:44.583642,True
4712,romance premium,Casa,145.78,350,46.01,0.3,2026-10-09T17:31:44.583642,True
4713,ROmanCe PRemIUm,Livros,351.81,86,3.14,2.1,2026-10-09T17:31:44.583642,True
4714,Mesa Plus,Casa,-37.69,435,46.6,4.2,2026-10-09T17:31:44.583642,True
4715,,Livros,110.85,167,43.9,4.3,2026-10-09T17:31:44.583642,True
4716,ursinho plus,Brinquedos,835.8,104,18.83,4.1,2026-10-09T17:31:44.583642,True
4717,Calça Max,Livros,-6.76,4,0.73,2.3,2026-10-09T17:31:44.583642,True
4718,Bola Plus,Casa,0.0,223,7.1,0.9,2026-10-09T17:31:44.583642,True
4719,Mesa Pro,Esportes,694.93,376,-8.82,1.5,2026-10-09T17:31:44.583642,True
4720,Aventura Premium,Livros,269.96,491,-2.5,0.1,2026-10-09T17:31:44.583642,True
4721,Mesa Pro,Roupas,68.92,-73,16.84,1.7,2026-10-09T17:31:44.583642,True
4722,Sofá Plus,123,644.37,337,49.85,2.3,2026-10-09T17:31:44.583642,True
4723,CAMISETA PLUS,Brinquedos,242.32,91,27.2,0.3,2026-10-09T17:31:44.583642,True
4724,Ursinho plus,Roupas,791.44,410,5.63,2.6,2026-10-09T17:31:44.583642,True
4725,Notebook pro,Eletrônicos,254.07,215,3.78,0.4,2026-10-09T17:31:44.583642,True
4726,URSINHO MAX,Roupas,809.8,14,31.78,3.7,2026-10-09T17:31:44.583642,True
4727,Sofá Plus,Brinquedos,963.13,484,-7.69,0.1,2026-10-09T17:31:44.583642,True
4728,Smartphone Max,Esportes,0.0,379,20.65,3.1,2026-10-09T17:31:44.583642,True
4729,TV PLUS,Roupas,807.68,287,37.03,3.0,2026-10-09T17:31:44.583642,True
4730,feijão basic,Esportes,912.68,99,14.16,2.5,2026-10-09T17:31:44.583642,True
4731,Mesa Basic,Eletrônicos,0.0,106,34.05,1.0,2026-10-09T17:31:44.583642,True
4732,Calça Premium,Eletrônicos,981.1,195,-0.27,1.1,2026-10-09T17:31:44.583642,True
4733,Notebook Basic,,518.77,442,2.79,1.2,2026-10-09T17:31:44.583642,True
4734,Arroz Pro,123,251.21,81,23.43,1.3,2026-10-09T17:31:44.583642,True
4735,Bola Premium,Alimentos,-79.37,453,23.04,2.0,2026-10-09T17:31:44.583642,True
4736,Calça plus,Roupas,759.37,139,48.56,0.9,2026-10-09T17:31:44.583642,True
4737,Calça Max,Livros,-9.33,97,6.02,4.0,2026-10-09T17:31:44.583642,True
4738,Calça Pro,Brinquedos,740.25,148,8.57,,2026-10-09T17:31:44.583642,True
4739,Calça Max,Esportes,644.3,-10,15.22,0.8,2026-10-09T17:31:44.583642,True
4740,Notebook Pro,Livros,206.38,31,38.22,10,2026-10-09T17:31:44.583642,True
4741,Arroz Pro,Brinquedos,-50.71,473,24.56,3.3,2026-10-09T17:31:44.583642,True
4742,BOLA MAX,Eletrônicos,310.2,116,16.75,0.8,2026-10-09T17:31:44.583642,True
4743,Arroz Basic,Livros,710.5,236,-4.02,4.2,2026-10-09T17:31:44.583642,True
4744,Smartphone Premium,,279.8,50,12.63,0.7,2026-10-09T17:31:44.583642,True
4745,Calça Basic,Brinquedos,995.61,339,-9.47,4.3,2026-10-09T17:31:44.583642,True
4746,Romance Plus,Brinquedos,789.88,298,-1.24,1.8,2026-10-09T17:31:44.583642,True
4747,,Casa,838.73,454,44.94,2.2,2026-10-09T17:31:44.583642,True
4748, ,Roupas,394.93,217,21.99,4.0,2026-10-09T17:31:44.583642,True
4749,Mesa Pro,Casa,572.57,-12,7.95,2.0,2026-10-09T17:31:44.583642,True
4750,Aventura Pro,Alimentos,496.21,147,-6.72,2.1,2026-10-09T17:31:44.583642,True
4751,URSINHO PLUS,Alimentos,656.47,279,3.09,1.1,2026-10-09T17:31:44.583642,True
4752,Camiseta Plus,Roupas,0.0,251,7.93,1.4,2026-10-09T17:31:44.583642,True
4753,Camiseta Basic,Brinquedos,219.89,299,-7.48,3.3,2026-10-09T17:31:44.583642,True
4754,arroz pro,Eletrônicos,685.84,342,23.42,2.2,2026-10-09T17:31:44.583642,True
4755,rOMaNCE prEmiUM,Roupas,312.01,327,21.32,1.5,2026-10-09T17:31:44.583642,True
4756,nOteboOK plus,Casa,898.87,392,19.42,0.1,2026-10-09T17:31:44.583642,True
4757,ursinho basic,Alimentos,834.51,171,7.05,0.9,2026-10-09T17:31:44.583642,True
4758,Bola Premium,Categoria Inexistente,436.78,405,20.42,2.5,2026-10-09T17:31:44.583642,True
4759,Aventura Max,Eletrônicos,-50.52,333,45.66,0.1,2026-10-09T17:31:44.583642,True
4760,Calça Premium,Roupas,-44.57,63,33.11,1.7,2026-10-09T17:31:44.583642,True
4761,BOLA MAX,Roupas,203.57,88,13.27,4.2,2026-10-09T17:31:44.583642,True
4762,Notebook Plus,Roupas,334.6,283,-8.98,4.8,2026-10-09T17:31:44.583642,True
4763,Notebook Plus,Roupas,0.0,347,5.15,0.7,2026-10-09T17:31:44.583642,True
4764, ,Alimentos,392.65,32,12.41,2.6,2026-10-09T17:31:44.583642,True
4765,,Roupas,444.87,123,32.7,3.5,2026-10-09T17:31:44.583642,True
4766,TV Pro,Categoria Inexistente,42.07,149,48.65,2.1,2026-10-09T17:31:44.583642,True
4767,CALÇA PREMIUM,Livros,858.47,247,17.97,4.6,2026-10-09T17:31:44.583642,True
4768,calçA PLUs,Roupas,307.51,115,20.87,3.7,2026-10-09T17:31:44.583642,True
4769,Ursinho Basic,Livros,-13.21,19,40.44,1.9,2026-10-09T17:31:44.583642,True
4770,Arroz plus,Casa,256.2,404,40.03,2.7,2026-10-09T17:31:44.583642,True
4771,Feijão Premium,Livros,-67.35,140,41.18,4.9,2026-10-09T17:31:44.583642,True
4772,,Alimentos,170.4,250,2.54,4.5,2026-10-09T17:31:44.583642,True
4773,Bola Max,Esportes,91.15,-74,18.78,2.1,2026-10-09T17:31:44.583642,True
4774,Romance Premium,Casa,0.0,429,3.13,3.6,2026-10-09T17:31:44.583642,True
4775,Aventura Max,,189.12,109,48.56,4.2,2026-10-09T17:31:44.583642,True
4776,Ursinho Pro,Roupas,508.0,79,-5.02,0.8,2026-10-09T17:31:44.583642,True
4777,CAMISETA MAX,Esportes,779.13,380,46.24,2.9,2026-10-09T17:31:44.583642,True
4778,NotEBoOk pRo,Brinquedos,359.82,13,17.99,3.8,2026-10-09T17:31:44.583642,True
4779,Sofá Plus,Esportes,-45.88,350,10.11,2.3,2026-10-09T17:31:44.583642,True
4780,SMARTPHONE PLUS,Livros,696.31,185,31.3,4.3,2026-10-09T17:31:44.583642,True
4781,Ursinho Plus,,695.97,486,41.97,2.9,2026-10-09T17:31:44.583642,True
4782,Smartphone Basic,Livros,-57.31,465,19.21,1.2,2026-10-09T17:31:44.583642,True
4783,Mesa Max,Esportes,-97.98,358,22.65,3.7,2026-10-09T17:31:44.583642,True
4784,Arroz Pro,Brinquedos,189.06,-85,21.58,4.5,2026-10-09T17:31:44.583642,True
4785,Arroz max,Livros,427.68,133,31.52,4.9,2026-10-09T17:31:44.583642,True
4786,sofá premium,Alimentos,323.05,273,25.87,2.5,2026-10-09T17:31:44.583642,True
4787,feijão basic,Alimentos,742.43,72,0.31,4.9,2026-10-09T17:31:44.583642,True
4788,FEIJÃO MAX,Alimentos,221.15,369,3.26,1.7,2026-10-09T17:31:44.583642,True
4789,NOTEBOOK PREMIUM,Livros,572.22,43,17.23,3.5,2026-10-09T17:31:44.583642,True
4790,Bola Basic,Alimentos,528.38,15,30.71,100,2026-10-09T17:31:44.583642,True
4791,Calça basic,Brinquedos,849.78,348,25.22,4.1,2026-10-09T17:31:44.583642,True
4792,Aventura Pro,Brinquedos,-22.53,351,31.72,4.6,2026-10-09T17:31:44.583642,True
4793,ARROZ PREMIUM,Livros,975.22,215,4.02,1.2,2026-10-09T17:31:44.583642,True
4794,BOLA PRO,Roupas,496.15,254,36.04,2.3,2026-10-09T17:31:44.583642,True
4795,SOFÁ PRO,Roupas,957.47,23,25.29,2.8,2026-10-09T17:31:44.583642,True
4796,Calça Plus,Esportes,-31.98,148,19.48,0.5,2026-10-09T17:31:44.583642,True
4797,Arroz Max,Eletrônicos,361.24,-92,16.64,2.2,2026-10-09T17:31:44.583642,True
4798,Aventura Premium,Alimentos,345.88,-30,15.19,4.4,2026-10-09T17:31:44.583642,True
4799,aventura plus,Brinquedos,413.63,393,1.09,4.4,2026-10-09T17:31:44.583642,True
4800,tv plus,Alimentos,297.21,304,40.99,1.8,2026-10-09T17:31:44.583642,True
4801,Aventura Basic,Categoria Inexistente,671.88,247,34.57,1.2,2026-10-09T17:31:44.583642,True
4802,tv max,Brinquedos,54.39,379,31.16,1.2,2026-10-09T17:31:44.583642,True
4803,Ursinho Pro,123,792.22,394,9.81,4.8,2026-10-09T17:31:44.583642,True
4804,MESA PRO,Casa,447.24,472,49.42,4.9,2026-10-09T17:31:44.583642,True
4805,Feijão Max,123,423.37,459,40.8,2.9,2026-10-09T17:31:44.583642,True
4806,romance pro,Alimentos,127.93,225,40.64,2.9,2026-10-09T17:31:44.583642,True
4807,arroz premium,Alimentos,908.85,162,17.24,3.5,2026-10-09T17:31:44.583642,True
4808,Notebook Max,Alimentos,450.55,391,-5.92,3.3,2026-10-09T17:31:44.583642,True
4809,Notebook Pro,Esportes,326.21,389,6.62,-1,2026-10-09T17:31:44.583642,True
4810,TV Pro,Brinquedos,0.0,433,5.75,1.1,2026-10-09T17:31:44.583642,True
4811,Bola Max,Brinquedos,-8.07,309,49.69,1.1,2026-10-09T17:31:44.583642,True
4812,Feijão Pro,Alimentos,586.06,-46,33.11,4.9,2026-10-09T17:31:44.583642,True
4813,Calça Max,Casa,169.0,-69,14.77,2.1,2026-10-09T17:31:44.583642,True
4814, ,Esportes,278.75,281,34.9,0.5,2026-10-09T17:31:44.583642,True
4815,camiseta max,Alimentos,277.97,163,28.23,1.5,2026-10-09T17:31:44.583642,True
4816,Mesa Max,Alimentos,420.03,250,-3.11,4.2,2026-10-09T17:31:44.583642,True
4817,Sofá Max,Roupas,580.98,217,-8.59,1.9,2026-10-09T17:31:44.583642,True
4818,MESA BASIC,Esportes,550.95,54,35.9,3.7,2026-10-09T17:31:44.583642,True
4819,TV Max,Alimentos,480.73,398,33.21,-1,2026-10-09T17:31:44.583642,True
4820,Feijão Plus,Livros,0.0,249,49.7,0.1,2026-10-09T17:31:44.583642,True
4821,Feijão Max,Livros,0.0,274,23.15,0.7,2026-10-09T17:31:44.583642,True
4822,camiseta plus,Casa,917.68,282,21.46,4.7,2026-10-09T17:31:44.583642,True
4823,Sofá max,Eletrônicos,852.87,460,44.65,0.4,2026-10-09T17:31:44.583642,True
4824,Aventura Premium,Eletrônicos,470.86,259,-4.15,0.8,2026-10-09T17:31:44.583642,True
4825,Camiseta plus,Roupas,582.15,386,13.31,0.8,2026-10-09T17:31:44.583642,True
4826,,Esportes,302.26,201,39.59,0.0,2026-10-09T17:31:44.583642,True
4827,TV Plus,Esportes,0.0,324,24.82,0.1,2026-10-09T17:31:44.583642,True
4828,Bola PLus,Casa,837.38,449,28.3,2.4,2026-10-09T17:31:44.583642,True
4829,arroz premium,Eletrônicos,809.34,469,12.68,0.7,2026-10-09T17:31:44.583642,True
4830,Sofá Premium,Eletrônicos,-6.09,347,23.16,0.8,2026-10-09T17:31:44.583642,True
4831,TV Premium,Brinquedos,95.08,367,-7.86,1.6,2026-10-09T17:31:44.583642,True
4832,TV PRO,Brinquedos,550.87,371,23.08,1.5,2026-10-09T17:31:44.583642,True
4833,Romance Max,Roupas,0.0,148,2.94,2.7,2026-10-09T17:31:44.583642,True
4834,Ursinho Pro,123,127.85,187,27.34,3.4,2026-10-09T17:31:44.583642,True
4835,Bola pro,Eletrônicos,391.99,308,16.67,4.2,2026-10-09T17:31:44.583642,True
4836,Tv premium,Esportes,477.75,482,49.76,2.8,2026-10-09T17:31:44.583642,True
4837,Calça Max,Esportes,-40.17,434,4.13,0.3,2026-10-09T17:31:44.583642,True
4838,CAlÇa MAx,Casa,524.07,433,30.5,4.6,2026-10-09T17:31:44.583642,True
4839,Romance Premium,Esportes,137.58,-24,7.42,4.9,2026-10-09T17:31:44.583642,True
4840,Camiseta Max,Livros,-67.27,232,46.59,3.6,2026-10-09T17:31:44.583642,True
4841,Tv premium,Casa,645.4,408,4.0,3.1,2026-10-09T17:31:44.583642,True
4842,,Esportes,230.96,185,40.97,4.8,2026-10-09T17:31:44.583642,True
4843,Aventura Plus,Categoria Inexistente,606.6,450,19.19,3.9,2026-10-09T17:31:44.583642,True
4844,Notebook Pro,Casa,310.47,61,8.46,6,2026-10-09T17:31:44.583642,True
4845,Sofá Max,Esportes,-32.91,250,49.57,3.7,2026-10-09T17:31:44.583642,True
4846,,Alimentos,712.76,373,22.13,3.7,2026-10-09T17:31:44.583642,True
4847,Mesa Premium,Brinquedos,887.42,-93,45.96,1.7,2026-10-09T17:31:44.583642,True
4848,TV Basic,Roupas,464.52,338,-0.69,0.6,2026-10-09T17:31:44.583642,True
4849,Sofá Plus,Roupas,431.38,-24,28.45,0.9,2026-10-09T17:31:44.583642,True
4850,Aventura Basic,Livros,756.82,457,-1.04,0.5,2026-10-09T17:31:44.583642,True
4851,SMARTPHONE BASIC,Alimentos,487.73,19,9.46,3.0,2026-10-09T17:31:44.583642,True
4852,Sofá max,Alimentos,900.09,267,4.41,0.7,2026-10-09T17:31:44.583642,True
4853,smartphone pro,Casa,613.28,140,27.89,3.7,2026-10-09T17:31:44.583642,True
4854,MESA PRO,Eletrônicos,349.96,354,48.26,3.1,2026-10-09T17:31:44.583642,True
4855,TV Pro,Alimentos,961.74,287,-5.71,0.1,2026-10-09T17:31:44.583642,True
4856,FEIJÃO MaX,Casa,175.53,291,16.68,2.9,2026-10-09T17:31:44.583642,True
4857,TV Premium,123,730.9,450,7.86,4.5,2026-10-09T17:31:44.583642,True
4858,notEBook PreMIum,Roupas,565.2,477,37.46,2.7,2026-10-09T17:31:44.583642,True
4859,Mesa Max,Categoria Inexistente,234.29,163,37.61,1.1,2026-10-09T17:31:44.583642,True
4860,Bola Pro,Alimentos,856.0,363,5.15,,2026-10-09T17:31:44.583642,True
4861,,Alimentos,122.93,258,36.4,1.8,2026-10-09T17:31:44.583642,True
4862,Aventura Basic,Brinquedos,-84.83,204,42.81,2.7,2026-10-09T17:31:44.583642,True
4863,Feijão Max,Brinquedos,293.92,-24,21.5,3.9,2026-10-09T17:31:44.583642,True
4864,Smartphone premium,Roupas,31.55,319,47.44,1.6,2026-10-09T17:31:44.583642,True
4865,Mesa Basic,Alimentos,765.32,30,-9.93,2.0,2026-10-09T17:31:44.583642,True
4866,,Casa,419.54,84,4.52,0.0,2026-10-09T17:31:44.583642,True
4867,aVEnTUrA pro,Brinquedos,730.85,352,21.23,0.9,2026-10-09T17:31:44.583642,True
4868,Feijão Max,Esportes,-75.42,414,8.92,3.6,2026-10-09T17:31:44.583642,True
4869, ,Esportes,414.39,396,1.66,2.2,2026-10-09T17:31:44.583642,True
4870,sofá pro,Roupas,523.76,51,2.98,0.8,2026-10-09T17:31:44.583642,True
4871,Mesa premium,Roupas,980.93,15,0.78,2.7,2026-10-09T17:31:44.583642,True
4872,,Alimentos,603.84,225,26.77,3.8,2026-10-09T17:31:44.583642,True
4873, ,Eletrônicos,624.78,297,16.59,1.3,2026-10-09T17:31:44.583642,True
4874,Smartphone Basic,Casa,161.91,16,36.45,6,2026-10-09T17:31:44.583642,True
4875,bola premium,Eletrônicos,166.38,457,18.23,0.0,2026-10-09T17:31:44.583642,True
4876,Smartphone Max,Livros,940.13,-83,17.53,2.2,2026-10-09T17:31:44.583642,True
4877,Feijão Premium,Eletrônicos,318.83,155,17.94,-1,2026-10-09T17:31:44.583642,True
4878,bola plus,Brinquedos,192.39,256,46.8,4.7,2026-10-09T17:31:44.583642,True
4879,Notebook pro,Livros,43.18,174,8.58,0.6,2026-10-09T17:31:44.583642,True
4880,Romance Basic,Livros,0.0,373,31.4,1.4,2026-10-09T17:31:44.583642,True
4881,Romance Max,Categoria Inexistente,657.17,259,2.18,0.2,2026-10-09T17:31:44.583642,True
4882,Smartphone Max,Livros,183.65,34,27.91,6,2026-10-09T17:31:44.583642,True
4883,Calça max,Alimentos,615.92,325,32.57,4.5,2026-10-09T17:31:44.583642,True
4884,BolA PREMIuM,Casa,604.3,407,8.94,0.8,2026-10-09T17:31:44.583642,True
4885,cAmISETA MAx,Livros,604.09,137,23.09,1.3,2026-10-09T17:31:44.583642,True
4886,Calça pro,Alimentos,521.83,493,35.41,0.8,2026-10-09T17:31:44.583642,True
4887,ROMANCE MAX,Livros,379.47,96,14.69,2.8,2026-10-09T17:31:44.583642,True
4888,SOFá pLUs,Alimentos,530.47,403,35.4,1.6,2026-10-09T17:31:44.583642,True
4889,Mesa premium,Roupas,436.95,410,29.42,2.4,2026-10-09T17:31:44.583642,True
4890,ARROZ MAX,Casa,834.73,160,39.38,4.6,2026-10-09T17:31:44.583642,True
4891,Arroz Pro,Alimentos,409.47,84,-3.57,3.4,2026-10-09T17:31:44.583642,True
4892,Notebook Basic,Eletrônicos,772.35,379,42.71,-1,2026-10-09T17:31:44.583642,True
4893,Sofá Plus,Alimentos,0.0,438,4.82,2.2,2026-10-09T17:31:44.583642,True
4894,Arroz Basic,Alimentos,994.98,317,37.26,-1,2026-10-09T17:31:44.583642,True
4895,Sofá Basic,Roupas,0.0,392,8.11,1.1,2026-10-09T17:31:44.583642,True
4896,Ursinho basic,Eletrônicos,50.5,466,16.79,4.2,2026-10-09T17:31:44.583642,True
4897,Feijão Basic,Roupas,-24.62,492,38.59,1.5,2026-10-09T17:31:44.583642,True
4898,URSINHO BASIC,Alimentos,689.36,313,33.55,4.9,2026-10-09T17:31:44.583642,True
4899,Smartphone Max,123,17.05,349,18.77,2.3,2026-10-09T17:31:44.583642,True
4900,,Roupas,789.53,266,32.63,0.3,2026-10-09T17:31:44.583642,True
4901,mESa pREmIuM,Esportes,52.18,158,2.57,3.3,2026-10-09T17:31:44.583642,True
4902,notebook premium,Brinquedos,593.42,216,41.05,4.3,2026-10-09T17:31:44.583642,True
4903,Romance Plus,Brinquedos,-42.8,322,8.56,4.8,2026-10-09T17:31:44.583642,True
4904,Bola Premium,,886.07,127,44.24,0.6,2026-10-09T17:31:44.583642,True
4905,Romance max,Esportes,193.74,25,23.41,0.4,2026-10-09T17:31:44.583642,True
4906,romance pro,Esportes,170.46,282,10.39,4.3,2026-10-09T17:31:44.583642,True
4907,soFÁ maX,Alimentos,126.64,304,18.98,2.9,2026-10-09T17:31:44.583642,True
4908,Feijão Basic,Roupas,361.88,189,-4.13,1.4,2026-10-09T17:31:44.583642,True
4909,URSINHO PRO,Eletrônicos,581.48,227,47.4,4.1,2026-10-09T17:31:44.583642,True
4910,Ursinho Plus,Eletrônicos,-93.85,203,12.44,0.4,2026-10-09T17:31:44.583642,True
4911,Aventura basic,Esportes,368.51,334,32.89,2.2,2026-10-09T17:31:44.583642,True
4912,,Casa,55.21,98,49.85,3.1,2026-10-09T17:31:44.583642,True
4913,Mesa Basic,Roupas,496.79,167,-8.88,1.4,2026-10-09T17:31:44.583642,True
4914,calça plus,Casa,950.48,485,32.52,1.2,2026-10-09T17:31:44.583642,True
4915,Mesa Max,Eletrônicos,-80.71,104,17.57,3.8,2026-10-09T17:31:44.583642,True
4916,Mesa Basic,Alimentos,0.0,467,31.8,1.6,2026-10-09T17:31:44.583642,True
4917,BOLA MAX,Alimentos,252.64,180,23.83,0.2,2026-10-09T17:31:44.583642,True
4918,Bola Plus,Roupas,436.29,-99,17.74,4.3,2026-10-09T17:31:44.583642,True
4919,,Eletrônicos,125.87,65,8.74,0.2,2026-10-09T17:31:44.583642,True
4920,CAlça pREmIUM,Eletrônicos,950.81,58,1.98,2.5,2026-10-09T17:31:44.583642,True
4921,Mesa Basic,Casa,0.0,293,28.28,2.0,2026-10-09T17:31:44.583642,True
4922,bola basic,Esportes,447.5,34,26.75,3.5,2026-10-09T17:31:44.583642,True
4923,SOFÁ MAX,Esportes,225.85,201,46.59,1.8,2026-10-09T17:31:44.583642,True
4924,Smartphone plus,Brinquedos,257.75,244,27.18,2.4,2026-10-09T17:31:44.583642,True
4925,TV Max,Eletrônicos,139.0,449,-6.61,3.3,2026-10-09T17:31:44.583642,True
4926,CALÇA PRO,Livros,395.87,413,36.71,1.0,2026-10-09T17:31:44.583642,True
4927,Calça Pro,Brinquedos,571.46,214,-4.19,1.5,2026-10-09T17:31:44.583642,True
4928,romance max,Alimentos,680.9,23,7.45,3.9,2026-10-09T17:31:44.583642,True
4929,TV Plus,Roupas,502.16,218,39.59,100,2026-10-09T17:31:44.583642,True
4930,mEsA MaX,Alimentos,22.93,220,11.31,1.6,2026-10-09T17:31:44.583642,True
4931,Smartphone Premium,Eletrônicos,815.95,400,4.87,6,2026-10-09T17:31:44.583642,True
4932,Calça Premium,Eletrônicos,0.0,132,43.94,2.3,2026-10-09T17:31:44.583642,True
4933,Calça Max,Esportes,642.3,57,-2.71,1.1,2026-10-09T17:31:44.583642,True
4934, ,Esportes,806.05,215,22.97,2.1,2026-10-09T17:31:44.583642,True
4935,CALÇA BASIC,Casa,469.28,416,22.51,0.5,2026-10-09T17:31:44.583642,True
4936,Calça Plus,Casa,-66.35,224,24.02,0.8,2026-10-09T17:31:44.583642,True
4937,Calça Basic,,796.17,255,48.05,0.7,2026-10-09T17:31:44.583642,True
4938,SOFá PLuS,Casa,64.59,328,46.93,0.9,2026-10-09T17:31:44.583642,True
4939,Ursinho Pro,Casa,175.04,-42,46.21,1.9,2026-10-09T17:31:44.583642,True
4940,TV Max,Esportes,846.79,412,27.7,10,2026-10-09T17:31:44.583642,True
4941,Romance Pro,Casa,561.43,174,40.18,-1,2026-10-09T17:31:44.583642,True
4942,Smartphone Plus,Casa,66.81,457,46.52,100,2026-10-09T17:31:44.583642,True
4943,SMARTPHONE PRO,Roupas,423.5,494,37.93,2.3,2026-10-09T17:31:44.583642,True
4944,Smartphone basic,Alimentos,887.22,294,32.14,3.2,2026-10-09T17:31:44.583642,True
4945,Mesa Pro,Brinquedos,-43.56,26,47.86,2.4,2026-10-09T17:31:44.583642,True
4946,,Casa,951.87,271,29.1,2.5,2026-10-09T17:31:44.583642,True
4947,aventura pro,Casa,949.64,311,30.41,4.7,2026-10-09T17:31:44.583642,True
4948,Calça Plus,Eletrônicos,222.6,-21,18.82,1.9,2026-10-09T17:31:44.583642,True
4949,FEIJÃO PLUS,Eletrônicos,744.95,274,43.42,0.1,2026-10-09T17:31:44.583642,True
4950,Mesa basic,Alimentos,631.13,446,22.15,2.3,2026-10-09T17:31:44.583642,True
4951,Sofá Basic,Casa,0.0,40,29.81,1.7,2026-10-09T17:31:44.583642,True
4952,Arroz Pro,Esportes,315.9,-59,45.36,0.8,2026-10-09T17:31:44.583642,True
4953,TV Basic,Brinquedos,74.85,341,45.82,6,2026-10-09T17:31:44.583642,True
4954,,Brinquedos,189.83,293,20.15,4.9,2026-10-09T17:31:44.583642,True
4955,Notebook plus,Livros,623.39,154,12.11,0.9,2026-10-09T17:31:44.583642,True
4956,Calça Max,Categoria Inexistente,796.82,330,44.69,2.1,2026-10-09T17:31:44.583642,True
4957,FEiJÃO basic,Eletrônicos,220.47,90,44.11,3.0,2026-10-09T17:31:44.583642,True
4958,FEIJÃO PREMIUM,Casa,193.36,418,28.0,3.6,2026-10-09T17:31:44.583642,True
4959,Bola Premium,,377.02,452,32.33,2.6,2026-10-09T17:31:44.583642,True
4960,Ursinho Basic,Alimentos,381.81,426,-5.25,3.0,2026-10-09T17:31:44.583642,True
4961,calça premium,Brinquedos,755.27,379,28.13,4.9,2026-10-09T17:31:44.583642,True
4962,Feijão Basic,Brinquedos,-50.13,106,15.64,1.5,2026-10-09T17:31:44.583642,True
4963,notebook basic,Eletrônicos,849.4,451,29.06,3.8,2026-10-09T17:31:44.583642,True
4964,tv prO,Eletrônicos,618.13,399,23.8,4.7,2026-10-09T17:31:44.583642,True
4965,Mesa Max,Esportes,636.73,341,7.25,,2026-10-09T17:31:44.583642,True
4966,Calça Max,Casa,382.03,66,20.46,,2026-10-09T17:31:44.583642,True
4967,Mesa Basic,Categoria Inexistente,484.94,190,37.5,1.7,2026-10-09T17:31:44.583642,True
4968,Mesa Plus,Roupas,-1.96,204,39.02,2.4,2026-10-09T17:31:44.583642,True
4969,Feijão basic,Roupas,28.68,296,21.69,5.0,2026-10-09T17:31:44.583642,True
4970,SOFÁ BASIC,Eletrônicos,450.85,264,45.0,2.2,2026-10-09T17:31:44.583642,True
4971,arroz premium,Brinquedos,455.18,220,37.42,0.3,2026-10-09T17:31:44.583642,True
4972,Feijão Basic,Eletrônicos,384.49,-87,8.11,5.0,2026-10-09T17:31:44.583642,True
4973,tv premium,Livros,165.26,12,26.03,1.6,2026-10-09T17:31:44.583642,True
4974,Camiseta Plus,Casa,706.83,40,-8.06,5.0,2026-10-09T17:31:44.583642,True
4975,MESa preMIUM,Alimentos,616.2,453,43.85,0.0,2026-10-09T17:31:44.583642,True
4976,Bola Basic,Livros,0.0,346,25.18,3.8,2026-10-09T17:31:44.583642,True
4977,Aventura Pro,Roupas,628.88,-13,45.64,1.9,2026-10-09T17:31:44.583642,True
4978,Notebook Plus,Eletrônicos,206.91,222,6.86,100,2026-10-09T17:31:44.583642,True
4979,uRsiNhO mAx,Brinquedos,210.38,27,49.01,1.4,2026-10-09T17:31:44.583642,True
4980,Mesa Plus,Roupas,355.84,-95,40.2,1.2,2026-10-09T17:31:44.583642,True
4981,Smartphone Pro,Alimentos,-60.67,319,37.48,0.7,2026-10-09T17:31:44.583642,True
4982,Romance Plus,Eletrônicos,0.0,279,45.41,4.0,2026-10-09T17:31:44.583642,True
4983,Bola plus,Roupas,545.47,15,34.24,2.2,2026-10-09T17:31:44.583642,True
4984,Romance max,Brinquedos,571.49,312,28.81,0.7,2026-10-09T17:31:44.583642,True
4985,Sofá pro,Brinquedos,692.51,93,39.9,2.0,2026-10-09T17:31:44.583642,True
4986,,Esportes,617.67,25,10.57,1.5,2026-10-09T17:31:44.583642,True
4987,ARROZ MAX,Eletrônicos,481.84,136,31.51,1.7,2026-10-09T17:31:44.583642,True
4988,Bola max,Livros,390.23,217,25.79,1.2,2026-10-09T17:31:44.583642,True
4989,Romance Premium,,406.31,367,10.35,2.2,2026-10-09T17:31:44.583642,True
4990,Arroz Premium,Eletrônicos,616.26,142,39.06,6,2026-10-09T17:31:44.583642,True
4991,calça basic,Esportes,309.94,87,32.31,2.1,2026-10-09T17:31:44.583642,True
4992,,Casa,205.78,488,9.84,2.4,2026-10-09T17:31:44.583642,True
4993,Feijão Premium,Roupas,653.66,485,-8.07,4.4,2026-10-09T17:31:44.583642,True
4994,Notebook Plus,Esportes,-10.27,171,1.33,0.7,2026-10-09T17:31:44.583642,True
4995,Feijão Max,Brinquedos,-87.93,456,36.46,3.8,2026-10-09T17:31:44.583642,True
4996,Feijão Pro,Alimentos,494.54,120,-8.68,0.3,2026-10-09T17:31:44.583642,True
4997,TV Plus,123,858.78,21,26.01,0.6,2026-10-09T17:31:44.583642,True
4998,Arroz Basic,Brinquedos,0.0,50,16.59,0.7,2026-10-09T17:31:44.583642,True
4999,Mesa MAX,Livros,581.82,197,2.29,4.4,2026-10-09T17:31:44.583642,True
5000, ,Roupas,349.51,384,34.68,2.8,2026-10-09T17:31:44.583642,True
