ID,Nome,Email,CPF,Telefone
,Ana Silva,ana.silva@exemplo.com,104.332.181-00,(11) 97926919
,Bruno Santos,bruno.santos@exemplo.com,960.013.389-14,(11) 97934838
,Carlos Oliveira,carlos.oliveira@exemplo.com,N/A,N/A
,Daniela Souza,daniela.souza@exemplo.com,N/A,N/A
,Eduardo Costa,eduardo.costa@exemplo.com,161.559.407-89,(11) 97958595
,Fernanda Alves,fernanda.alves@exemplo.com,816.184.959-50,(11) 97966514
,Gabriel Pereira,gabriel.pereira@exemplo.com,310.341.316-56,(11) 97974433
,Helena Rodrigues,helena.rodrigues@exemplo.com,N/A,N/A
,Igor Martins,igor.martins@exemplo.com,928.327.648-51,(11) 97990271
,Juliana Lima,juliana.lima@exemplo.com,350.305.641-60,(11) 97998190
,Lucas Ferreira,lucas.ferreira@exemplo.com,N/A,N/A
,Mariana Gomes,mariana.gomes@exemplo.com,238.849.696-92,(11) 98014028
,Nathan Ribeiro,nathan.ribeiro@exemplo.com,N/A,N/A
,Patricia Carvalho,patricia.carvalho@exemplo.com,269.166.978-57,(11) 98029866
,Rafael Barbosa,rafael.barbosa@exemplo.com,480.184.514-27,(11) 98037785
,Sofia Mendes,sofia.mendes@exemplo.com,627.048.281-05,(11) 98045704
,Thiago Rocha,thiago.rocha@exemplo.com,N/A,N/A
,Vanessa Dias,vanessa.dias@exemplo.com,095.701.543-73,(11) 98061542
,William Nunes,william.nunes@exemplo.com,N/A,N/A
,Yasmin Teixeira,yasmin.teixeira@exemplo.com,278.248.963-15,(11) 98077380
,Rafael Almeida,rafael.almeida21@exemplo.com,834.657.871-70,(11) 98085299
,Eduardo Santos,eduardo.santos22@exemplo.com,150.983.930-51,(11) 98093218
,Olivia Moura,olivia.moura23@exemplo.com,N/A,N/A
,Gabriel Gomes,gabriel.gomes24@exemplo.com,299.737.631-90,(11) 98109056
,Gabriel Almeida,gabriel.almeida25@exemplo.com,566.701.065-80,(11) 98116975
,Rafael Oliveira,rafael.oliveira26@exemplo.com,338.726.247-76,(11) 98124894
,Henrique Ribeiro,henrique.ribeiro27@exemplo.com,781.080.132-59,(11) 98132813
,Larissa Lima,larissa.lima28@exemplo.com,736.026.064-73,(11) 98140732
,Rodrigo Santos,rodrigo.santos29@exemplo.com,N/A,N/A
,Otavio Oliveira,otavio.oliveira30@exemplo.com,500.978.820-97,(11) 98156570
,Yasmin Teixeira,yasmin.teixeira31@exemplo.com,219.136.193-54,(11) 98164489
,Olivia Araujo,olivia.araujo32@exemplo.com,091.699.854-13,(11) 98172408
,Larissa Teixeira,larissa.teixeira33@exemplo.com,346.247.510-00,(11) 98180327
,Eduardo Almeida,eduardo.almeida34@exemplo.com,N/A,N/A
,Sara Lima,sara.lima35@exemplo.com,542.784.980-71,(11) 98196165
,Olivia Araujo,olivia.araujo36@exemplo.com,124.118.244-24,(11) 98204084
,Carlos Silva,carlos.silva37@exemplo.com,N/A,N/A
,Helena Oliveira,helena.oliveira38@exemplo.com,524.278.680-94,(11) 98219922
,Carlos Lima,carlos.lima39@exemplo.com,N/A,N/A
,Juliana Almeida,juliana.almeida40@exemplo.com,505.331.586-80,(11) 98235760
,Lucas Souza,lucas.souza41@exemplo.com,N/A,N/A
,Paulo Silva,paulo.silva42@exemplo.com,N/A,N/A
,Rodrigo Araujo,rodrigo.araujo43@exemplo.com,N/A,N/A
,Isabela Fernandes,isabela.fernandes44@exemplo.com,N/A,N/A
,Carlos Gomes,carlos.gomes45@exemplo.com,N/A,N/A
,Beatriz Souza,beatriz.souza46@exemplo.com,088.356.159-09,(11) 98283274
,Nicolas Gomes,nicolas.gomes47@exemplo.com,N/A,N/A
,Valentina Rodrigues,valentina.rodrigues48@exemplo.com,629.946.804-16,(11) 98299112
,Marcelo Pereira,marcelo.pereira49@exemplo.com,699.577.738-79,(11) 98307031
,Nicolas Costa,nicolas.costa50@exemplo.com,N/A,N/A
,Nicolas Carvalho,nicolas.carvalho51@exemplo.com,003.791.769-20,(11) 98322869
,Patricia Martins,patricia.martins52@exemplo.com,N/A,N/A
,Beatriz Martins,beatriz.martins53@exemplo.com,083.172.788-83,(11) 98338707
,Rafael Nascimento,rafael.nascimento54@exemplo.com,N/A,N/A
,Camila Araujo,camila.araujo55@exemplo.com,873.471.434-03,(11) 98354545
,Henrique Gomes,henrique.gomes56@exemplo.com,N/A,N/A
,Bruno Dias,bruno.dias57@exemplo.com,587.603.669-23,(11) 98370383
,Paulo Ribeiro,paulo.ribeiro58@exemplo.com,N/A,N/A
,Larissa Costa,larissa.costa59@exemplo.com,346.706.562-79,(11) 98386221
,Igor Martins,igor.martins60@exemplo.com,N/A,N/A
,Felipe Nascimento,felipe.nascimento61@exemplo.com,N/A,N/A
,Eduardo Santos,eduardo.santos62@exemplo.com,641.708.053-64,(11) 98409978
,Helena Dias,helena.dias63@exemplo.com,033.092.327-78,(11) 98417897
,Vinicius Souza,vinicius.souza64@exemplo.com,374.529.912-49,(11) 98425816
,Rafael Souza,rafael.souza65@exemplo.com,904.966.319-26,(11) 98433735
,Eduardo Barbosa,eduardo.barbosa66@exemplo.com,N/A,N/A
,Isabela Pereira,isabela.pereira67@exemplo.com,506.716.572-32,(11) 98449573
,Beatriz Almeida,beatriz.almeida68@exemplo.com,849.877.694-50,(11) 98457492
,Bruno Ribeiro,bruno.ribeiro69@exemplo.com,147.379.965-13,(11) 98465411
,Thiago Moura,thiago.moura70@exemplo.com,527.354.549-83,(11) 98473330
,Marcelo Ribeiro,marcelo.ribeiro71@exemplo.com,083.136.783-05,(11) 98481249
,Elisa Ribeiro,elisa.ribeiro72@exemplo.com,701.436.349-25,(11) 98489168
,Vinicius Nascimento,vinicius.nascimento73@exemplo.com,885.685.574-73,(11) 98497087
,Marcelo Nascimento,marcelo.nascimento74@exemplo.com,313.518.233-96,(11) 98505006
,Mariana Lima,mariana.lima75@exemplo.com,N/A,N/A
,Natalia Souza,natalia.souza76@exemplo.com,082.400.842-14,(11) 98520844
,Sofia Ribeiro,sofia.ribeiro77@exemplo.com,094.777.520-02,(11) 98528763
,Victor Lima,victor.lima78@exemplo.com,116.719.022-03,(11) 98536682
,Patricia Carvalho,patricia.carvalho79@exemplo.com,131.869.993-24,(11) 98544601
,Gabriel Rodrigues,gabriel.rodrigues80@exemplo.com,N/A,N/A
,Ana Gomes,ana.gomes81@exemplo.com,341.232.812-06,(11) 98560439
,Eduardo Almeida,eduardo.almeida82@exemplo.com,797.403.447-55,(11) 98568358
,Juliana Oliveira,juliana.oliveira83@exemplo.com,493.618.324-50,(11) 98576277
,Vinicius Carvalho,vinicius.carvalho84@exemplo.com,024.994.717-00,(11) 98584196
,Beatriz Teixeira,beatriz.teixeira85@exemplo.com,488.771.906-04,(11) 98592115
,Carlos Pereira,carlos.pereira86@exemplo.com,401.399.049-05,(11) 98600034
,Marcelo Fernandes,marcelo.fernandes87@exemplo.com,787.429.671-04,(11) 98607953
,Giovana Moura,giovana.moura88@exemplo.com,655.125.674-03,(11) 98615872
,Ana Moura,ana.moura89@exemplo.com,N/A,N/A
,Daniela Rodrigues,daniela.rodrigues90@exemplo.com,N/A,N/A
,Rafael Pereira,rafael.pereira91@exemplo.com,482.477.109-94,(11) 98639629
,Helena Costa,helena.costa92@exemplo.com,480.861.317-42,(11) 98647548
,Sara Costa,sara.costa93@exemplo.com,N/A,N/A
,Otavio Nascimento,otavio.nascimento94@exemplo.com,639.821.465-00,(11) 98663386
,Marcelo Fernandes,marcelo.fernandes95@exemplo.com,044.997.278-04,(11) 98671305
,Felipe Almeida,felipe.almeida96@exemplo.com,588.675.339-75,(11) 98679224
,Igor Barbosa,igor.barbosa97@exemplo.com,605.766.270-97,(11) 98687143
,Henrique Costa,henrique.costa98@exemplo.com,951.718.702-50,(11) 98695062
,Felipe Araujo,felipe.araujo99@exemplo.com,174.596.158-54,(11) 98702981
,Isabela Souza,isabela.souza100@exemplo.com,N/A,N/A
,Diego Fernandes,diego.fernandes101@exemplo.com,N/A,N/A
,Fernanda Teixeira,fernanda.teixeira102@exemplo.com,N/A,N/A
,Larissa Nascimento,larissa.nascimento103@exemplo.com,693.792.374-05,(11) 98734657
,Vinicius Gomes,vinicius.gomes104@exemplo.com,N/A,N/A
,Victor Fernandes,victor.fernandes105@exemplo.com,N/A,N/A
,Natalia Lima,natalia.lima106@exemplo.com,944.064.090-17,(11) 98758414
,Carlos Lima,carlos.lima107@exemplo.com,395.339.421-50,(11) 98766333
,Mariana Rodrigues,mariana.rodrigues108@exemplo.com,709.521.456-50,(11) 98774252
,Valentina Araujo,valentina.araujo109@exemplo.com,N/A,N/A
,Giovana Silva,giovana.silva110@exemplo.com,171.236.851-64,(11) 98790090
,Gabriel Almeida,gabriel.almeida111@exemplo.com,481.754.965-33,(11) 98798009
,Vinicius Gomes,vinicius.gomes112@exemplo.com,709.859.317-60,(11) 98805928
,Rodrigo Costa,rodrigo.costa113@exemplo.com,120.047.113-02,(11) 98813847
,Natalia Teixeira,natalia.teixeira114@exemplo.com,N/A,N/A
,Gabriel Fernandes,gabriel.fernandes115@exemplo.com,N/A,N/A
,Olivia Teixeira,olivia.teixeira116@exemplo.com,850.643.171-90,(11) 98837604
,Olivia Dias,olivia.dias117@exemplo.com,005.329.318-58,(11) 98845523
,Rodrigo Nascimento,rodrigo.nascimento118@exemplo.com,335.290.422-77,(11) 98853442
,Bruno Pereira,bruno.pereira119@exemplo.com,210.205.395-42,(11) 98861361
,Elisa Barbosa,elisa.barbosa120@exemplo.com,402.681.177-80,(11) 98869280
,Larissa Silva,larissa.silva121@exemplo.com,917.839.084-24,(11) 98877199
,Beatriz Teixeira,beatriz.teixeira122@exemplo.com,076.617.711-44,(11) 98885118
,Patricia Lima,patricia.lima123@exemplo.com,212.499.856-09,(11) 98893037
,Joao Almeida,joao.almeida124@exemplo.com,789.611.836-05,(11) 98900956
,Sofia Fernandes,sofia.fernandes125@exemplo.com,N/A,N/A
,Igor Moura,igor.moura126@exemplo.com,271.111.615-80,(11) 98916794
,Daniela Lima,daniela.lima127@exemplo.com,098.851.656-06,(11) 98924713
,Paulo Souza,paulo.souza128@exemplo.com,N/A,N/A
,Sara Silva,sara.silva129@exemplo.com,N/A,N/A
,Mariana Costa,mariana.costa130@exemplo.com,940.244.550-10,(11) 98948470
,Henrique Martins,henrique.martins131@exemplo.com,N/A,N/A
,Juliana Pereira,juliana.pereira132@exemplo.com,N/A,N/A
,Henrique Nascimento,henrique.nascimento133@exemplo.com,N/A,N/A
,Patricia Lima,patricia.lima134@exemplo.com,N/A,N/A
,Igor Nascimento,igor.nascimento135@exemplo.com,036.900.343-88,(11) 98988065
,Rodrigo Almeida,rodrigo.almeida136@exemplo.com,N/A,N/A
,Eduardo Araujo,eduardo.araujo137@exemplo.com,885.160.607-21,(11) 99003903
,Beatriz Pereira,beatriz.pereira138@exemplo.com,N/A,N/A
,Giovana Barbosa,giovana.barbosa139@exemplo.com,N/A,N/A
,Helena Barbosa,helena.barbosa140@exemplo.com,164.535.218-81,(11) 99027660
,Nicolas Pereira,nicolas.pereira141@exemplo.com,835.523.124-47,(11) 99035579
,Victor Teixeira,victor.teixeira142@exemplo.com,N/A,N/A
,Yasmin Santos,yasmin.santos143@exemplo.com,552.717.744-49,(11) 99051417
,Valentina Oliveira,valentina.oliveira144@exemplo.com,N/A,N/A
,Joao Dias,joao.dias145@exemplo.com,N/A,N/A
,Camila Oliveira,camila.oliveira146@exemplo.com,N/A,N/A
,Lucas Fernandes,lucas.fernandes147@exemplo.com,820.377.889-59,(11) 99083093
,Camila Souza,camila.souza148@exemplo.com,546.659.051-77,(11) 99091012
,Juliana Fernandes,juliana.fernandes149@exemplo.com,N/A,N/A
,Igor Barbosa,igor.barbosa150@exemplo.com,462.914.865-55,(11) 99106850
,Camila Ribeiro,camila.ribeiro151@exemplo.com,168.505.423-46,(11) 99114769
,Patricia Santos,patricia.santos152@exemplo.com,332.214.188-84,(11) 99122688
,Lucas Martins,lucas.martins153@exemplo.com,N/A,N/A
,Rodrigo Almeida,rodrigo.almeida154@exemplo.com,N/A,N/A
,Otavio Barbosa,otavio.barbosa155@exemplo.com,473.597.746-59,(11) 99146445
,Sara Souza,sara.souza156@exemplo.com,N/A,N/A
,Isabela Oliveira,isabela.oliveira157@exemplo.com,814.124.782-43,(11) 99162283
,Rafael Carvalho,rafael.carvalho158@exemplo.com,375.060.685-40,(11) 99170202
,Carlos Lima,carlos.lima159@exemplo.com,N/A,N/A
,Olivia Costa,olivia.costa160@exemplo.com,727.790.104-52,(11) 99186040
,Daniela Almeida,daniela.almeida161@exemplo.com,898.614.341-00,(11) 99193959
,Otavio Dias,otavio.dias162@exemplo.com,697.117.980-34,(11) 99201878
,Henrique Pereira,henrique.pereira163@exemplo.com,324.609.539-68,(11) 99209797
,Bruno Carvalho,bruno.carvalho164@exemplo.com,185.188.888-83,(11) 99217716
,Rafael Souza,rafael.souza165@exemplo.com,706.540.515-00,(11) 99225635
,Marcelo Pereira,marcelo.pereira166@exemplo.com,952.058.527-39,(11) 99233554
,Beatriz Lima,beatriz.lima167@exemplo.com,217.043.030-01,(11) 99241473
,Daniela Araujo,daniela.araujo168@exemplo.com,868.740.345-37,(11) 99249392
,Natalia Ribeiro,natalia.ribeiro169@exemplo.com,415.667.652-85,(11) 99257311
,Rodrigo Lima,rodrigo.lima170@exemplo.com,N/A,N/A
,Lucas Martins,lucas.martins171@exemplo.com,511.544.796-76,(11) 99273149
,Giovana Fernandes,giovana.fernandes172@exemplo.com,N/A,N/A
,Rafael Fernandes,rafael.fernandes173@exemplo.com,820.297.021-02,(11) 99288987
,Joao Oliveira,joao.oliveira174@exemplo.com,569.092.755-43,(11) 99296906
,Bruno Pereira,bruno.pereira175@exemplo.com,928.565.431-20,(11) 99304825
,Valentina Ribeiro,valentina.ribeiro176@exemplo.com,786.814.473-43,(11) 99312744
,Diego Oliveira,diego.oliveira177@exemplo.com,312.172.715-03,(11) 99320663
,Helena Rodrigues,helena.rodrigues178@exemplo.com,884.422.583-29,(11) 99328582
,Sara Costa,sara.costa179@exemplo.com,N/A,N/A
,Victor Oliveira,victor.oliveira180@exemplo.com,N/A,N/A
,Yasmin Pereira,yasmin.pereira181@exemplo.com,251.778.528-73,(11) 99352339
,Lucas Araujo,lucas.araujo182@exemplo.com,268.018.242-10,(11) 99360258
,Igor Lima,igor.lima183@exemplo.com,358.414.384-50,(11) 99368177
,Camila Dias,camila.dias184@exemplo.com,N/A,N/A
,Bruno Ribeiro,bruno.ribeiro185@exemplo.com,001.094.396-00,(11) 99384015
,Daniela Pereira,daniela.pereira186@exemplo.com,844.736.471-29,(11) 99391934
,Beatriz Fernandes,beatriz.fernandes187@exemplo.com,767.735.925-69,(11) 99399853
,Helena Nascimento,helena.nascimento188@exemplo.com,N/A,N/A
,Rafael Pereira,rafael.pereira189@exemplo.com,732.104.696-60,(11) 99415691
,Vinicius Ribeiro,vinicius.ribeiro190@exemplo.com,595.327.877-20,(11) 99423610
,Daniela Santos,daniela.santos191@exemplo.com,N/A,N/A
,Igor Nascimento,igor.nascimento192@exemplo.com,479.748.016-54,(11) 99439448
,Elisa Moura,elisa.moura193@exemplo.com,565.060.983-76,(11) 99447367
,Helena Costa,helena.costa194@exemplo.com,416.878.499-19,(11) 99455286
,Otavio Carvalho,otavio.carvalho195@exemplo.com,N/A,N/A
,Juliana Teixeira,juliana.teixeira196@exemplo.com,N/A,N/A
,Yasmin Araujo,yasmin.araujo197@exemplo.com,825.952.694-88,(11) 99479043
,Camila Souza,camila.souza198@exemplo.com,N/A,N/A
,Paulo Santos,paulo.santos199@exemplo.com,N/A,N/A
,Victor Souza,victor.souza200@exemplo.com,972.896.230-45,(11) 99502800
,Otavio Teixeira,otavio.teixeira201@exemplo.com,N/A,N/A
,Felipe Araujo,felipe.araujo202@exemplo.com,702.838.578-70,(11) 99518638
,Nicolas Almeida,nicolas.almeida203@exemplo.com,N/A,N/A
,Marcelo Fernandes,marcelo.fernandes204@exemplo.com,N/A,N/A
,Juliana Lima,juliana.lima205@exemplo.com,N/A,N/A
,Rodrigo Nascimento,rodrigo.nascimento206@exemplo.com,041.574.733-37,(11) 99550314
,Patricia Almeida,patricia.almeida207@exemplo.com,842.199.330-50,(11) 99558233
,Sara Pereira,sara.pereira208@exemplo.com,301.657.120-07,(11) 99566152
,Victor Almeida,victor.almeida209@exemplo.com,677.345.401-80,(11) 99574071
,Valentina Santos,valentina.santos210@exemplo.com,802.620.672-00,(11) 99581990
,Patricia Ribeiro,patricia.ribeiro211@exemplo.com,049.915.478-90,(11) 99589909
,Sofia Pereira,sofia.pereira212@exemplo.com,287.431.527-32,(11) 99597828
,Otavio Araujo,otavio.araujo213@exemplo.com,054.932.966-83,(11) 99605747
,Sofia Carvalho,sofia.carvalho214@exemplo.com,161.227.530-33,(11) 99613666
,Elisa Almeida,elisa.almeida215@exemplo.com,374.549.904-28,(11) 99621585
,Valentina Fernandes,valentina.fernandes216@exemplo.com,017.426.841-65,(11) 99629504
,Henrique Moura,henrique.moura217@exemplo.com,933.272.795-35,(11) 99637423
,Elisa Oliveira,elisa.oliveira218@exemplo.com,N/A,N/A
,Lucas Araujo,lucas.araujo219@exemplo.com,N/A,N/A
,Daniela Martins,daniela.martins220@exemplo.com,871.397.187-50,(11) 99661180
,Bruno Carvalho,bruno.carvalho221@exemplo.com,N/A,N/A
,Rodrigo Santos,rodrigo.santos222@exemplo.com,403.910.651-22,(11) 99677018
,Felipe Martins,felipe.martins223@exemplo.com,N/A,N/A
,Giovana Barbosa,giovana.barbosa224@exemplo.com,661.825.128-14,(11) 99692856
,Felipe Almeida,felipe.almeida225@exemplo.com,N/A,N/A
,Bruno Almeida,bruno.almeida226@exemplo.com,375.243.106-76,(11) 99708694
,Carlos Carvalho,carlos.carvalho227@exemplo.com,311.907.903-00,(11) 99716613
,Victor Araujo,victor.araujo228@exemplo.com,N/A,N/A
,Vinicius Nascimento,vinicius.nascimento229@exemplo.com,995.342.836-06,(11) 99732451
,Felipe Barbosa,felipe.barbosa230@exemplo.com,N/A,N/A
,Rafael Almeida,rafael.almeida231@exemplo.com,566.246.287-90,(11) 99748289
,Igor Carvalho,igor.carvalho232@exemplo.com,427.086.688-89,(11) 99756208
,Nicolas Santos,nicolas.santos233@exemplo.com,N/A,N/A
,Olivia Ribeiro,olivia.ribeiro234@exemplo.com,N/A,N/A
,Olivia Carvalho,olivia.carvalho235@exemplo.com,354.033.173-50,(11) 99779965
,Sofia Fernandes,sofia.fernandes236@exemplo.com,N/A,N/A
,Henrique Santos,henrique.santos237@exemplo.com,877.175.355-99,(11) 99795803
,Valentina Costa,valentina.costa238@exemplo.com,932.048.996-32,(11) 99803722
,Sofia Ribeiro,sofia.ribeiro239@exemplo.com,N/A,N/A
,Rodrigo Santos,rodrigo.santos240@exemplo.com,772.522.872-11,(11) 99819560
,Juliana Silva,juliana.silva241@exemplo.com,N/A,N/A
,Bruno Silva,bruno.silva242@exemplo.com,387.509.977-00,(11) 99835398
,Bruno Barbosa,bruno.barbosa243@exemplo.com,886.008.484-90,(11) 99843317
,Patricia Nascimento,patricia.nascimento244@exemplo.com,621.182.339-81,(11) 99851236
,Paulo Lima,paulo.lima245@exemplo.com,546.156.793-27,(11) 99859155
,Ana Pereira,ana.pereira246@exemplo.com,101.666.870-81,(11) 99867074
,Olivia Dias,olivia.dias247@exemplo.com,176.591.803-04,(11) 99874993
,Beatriz Silva,beatriz.silva248@exemplo.com,740.148.902-36,(11) 99882912
,Victor Carvalho,victor.carvalho249@exemplo.com,392.614.293-60,(11) 99890831
,Isabela Almeida,isabela.almeida250@exemplo.com,N/A,N/A
,Joao Ribeiro,joao.ribeiro251@exemplo.com,159.996.504-61,(11) 99906669
,Valentina Almeida,valentina.almeida252@exemplo.com,358.662.961-36,(11) 99914588
,Gabriel Oliveira,gabriel.oliveira253@exemplo.com,114.262.655-57,(11) 99922507
,Isabela Martins,isabela.martins254@exemplo.com,047.541.212-52,(11) 99930426
,Fernanda Teixeira,fernanda.teixeira255@exemplo.com,888.610.158-91,(11) 99938345
,Rafael Dias,rafael.dias256@exemplo.com,956.046.618-64,(11) 99946264
,Juliana Oliveira,juliana.oliveira257@exemplo.com,826.224.447-88,(11) 99954183
,Rafael Ribeiro,rafael.ribeiro258@exemplo.com,N/A,N/A
,Camila Teixeira,camila.teixeira259@exemplo.com,993.712.406-95,(11) 99970021
,Nicolas Ribeiro,nicolas.ribeiro260@exemplo.com,657.569.245-15,(11) 99977940
,Felipe Nascimento,felipe.nascimento261@exemplo.com,526.547.935-08,(11) 99985859
,Bruno Martins,bruno.martins262@exemplo.com,651.939.828-40,(11) 99993778
,Sofia Costa,sofia.costa263@exemplo.com,374.167.243-25,(11) 90001697
,Otavio Gomes,otavio.gomes264@exemplo.com,661.797.968-07,(11) 90009616
,Lucas Teixeira,lucas.teixeira265@exemplo.com,805.891.135-69,(11) 90017535
,Paulo Barbosa,paulo.barbosa266@exemplo.com,096.561.014-48,(11) 90025454
,Yasmin Barbosa,yasmin.barbosa267@exemplo.com,889.937.567-40,(11) 90033373
,Juliana Fernandes,juliana.fernandes268@exemplo.com,N/A,N/A
,Joao Martins,joao.martins269@exemplo.com,N/A,N/A
,Rafael Barbosa,rafael.barbosa270@exemplo.com,514.010.512-86,(11) 90057130
,Mariana Pereira,mariana.pereira271@exemplo.com,N/A,N/A
,Ana Rodrigues,ana.rodrigues272@exemplo.com,660.937.966-12,(11) 90072968
,Nicolas Martins,nicolas.martins273@exemplo.com,341.918.255-42,(11) 90080887
,Yasmin Souza,yasmin.souza274@exemplo.com,147.859.696-10,(11) 90088806
,Igor Araujo,igor.araujo275@exemplo.com,557.924.991-87,(11) 90096725
,Henrique Teixeira,henrique.teixeira276@exemplo.com,134.125.286-84,(11) 90104644
,Lucas Ribeiro,lucas.ribeiro277@exemplo.com,296.627.828-50,(11) 90112563
,Natalia Costa,natalia.costa278@exemplo.com,422.579.050-91,(11) 90120482
,Natalia Pereira,natalia.pereira279@exemplo.com,368.876.767-53,(11) 90128401
,Valentina Pereira,valentina.pereira280@exemplo.com,N/A,N/A
,Rodrigo Fernandes,rodrigo.fernandes281@exemplo.com,797.881.914-01,(11) 90144239
,Carlos Martins,carlos.martins282@exemplo.com,N/A,N/A
,Isabela Pereira,isabela.pereira283@exemplo.com,N/A,N/A
,Rodrigo Pereira,rodrigo.pereira284@exemplo.com,923.309.584-39,(11) 90167996
,Daniela Nascimento,daniela.nascimento285@exemplo.com,N/A,N/A
,Victor Nascimento,victor.nascimento286@exemplo.com,223.253.672-66,(11) 90183834
,Larissa Ribeiro,larissa.ribeiro287@exemplo.com,667.116.845-83,(11) 90191753
,Olivia Gomes,olivia.gomes288@exemplo.com,N/A,N/A
,Victor Ribeiro,victor.ribeiro289@exemplo.com,374.545.892-35,(11) 90207591
,Larissa Silva,larissa.silva290@exemplo.com,N/A,N/A
,Fernanda Fernandes,fernanda.fernandes291@exemplo.com,N/A,N/A
,Olivia Ribeiro,olivia.ribeiro292@exemplo.com,206.436.110-37,(11) 90231348
,Helena Gomes,helena.gomes293@exemplo.com,N/A,N/A
,Elisa Lima,elisa.lima294@exemplo.com,271.361.115-60,(11) 90247186
,Lucas Martins,lucas.martins295@exemplo.com,262.218.909-50,(11) 90255105
,Igor Souza,igor.souza296@exemplo.com,N/A,N/A
,Rafael Moura,rafael.moura297@exemplo.com,965.652.341-59,(11) 90270943
,Otavio Rodrigues,otavio.rodrigues298@exemplo.com,N/A,N/A
,Eduardo Barbosa,eduardo.barbosa299@exemplo.com,N/A,N/A
,Mariana Ribeiro,mariana.ribeiro300@exemplo.com,055.269.658-72,(11) 90294700
,Giovana Barbosa,giovana.barbosa301@exemplo.com,109.104.300-04,(11) 90302619
,Juliana Nascimento,juliana.nascimento302@exemplo.com,486.661.889-28,(11) 90310538
,Yasmin Oliveira,yasmin.oliveira303@exemplo.com,N/A,N/A
,Daniela Lima,daniela.lima304@exemplo.com,N/A,N/A
,Patricia Nascimento,patricia.nascimento305@exemplo.com,210.202.758-98,(11) 90334295
,Patricia Oliveira,patricia.oliveira306@exemplo.com,252.410.564-40,(11) 90342214
,Victor Pereira,victor.pereira307@exemplo.com,491.778.507-34,(11) 90350133
,Carlos Silva,carlos.silva308@exemplo.com,N/A,N/A
,Henrique Almeida,henrique.almeida309@exemplo.com,N/A,N/A
,Otavio Santos,otavio.santos310@exemplo.com,N/A,N/A
,Beatriz Oliveira,beatriz.oliveira311@exemplo.com,238.061.744-90,(11) 90381809
,Rafael Martins,rafael.martins312@exemplo.com,870.534.949-42,(11) 90389728
,Bruno Almeida,bruno.almeida313@exemplo.com,597.383.206-66,(11) 90397647
,Patricia Almeida,patricia.almeida314@exemplo.com,850.506.413-57,(11) 90405566
,Henrique Fernandes,henrique.fernandes315@exemplo.com,670.241.038-76,(11) 90413485
,Victor Santos,victor.santos316@exemplo.com,719.182.619-38,(11) 90421404
,Joao Nascimento,joao.nascimento317@exemplo.com,623.445.655-31,(11) 90429323
,Joao Martins,joao.martins318@exemplo.com,313.291.212-36,(11) 90437242
,Sofia Souza,sofia.souza319@exemplo.com,561.853.747-81,(11) 90445161
,Rafael Fernandes,rafael.fernandes320@exemplo.com,124.903.521-05,(11) 90453080
,Sara Moura,sara.moura321@exemplo.com,680.442.067-52,(11) 90460999
,Igor Rodrigues,igor.rodrigues322@exemplo.com,317.121.003-78,(11) 90468918
,Nicolas Martins,nicolas.martins323@exemplo.com,651.994.101-80,(11) 90476837
,Isabela Carvalho,isabela.carvalho324@exemplo.com,215.107.029-89,(11) 90484756
,Thiago Martins,thiago.martins325@exemplo.com,706.625.324-81,(11) 90492675
,Sara Ribeiro,sara.ribeiro326@exemplo.com,209.993.476-24,(11) 90500594
,Rodrigo Silva,rodrigo.silva327@exemplo.com,014.626.383-92,(11) 90508513
,Felipe Nascimento,felipe.nascimento328@exemplo.com,657.875.985-98,(11) 90516432
,Patricia Fernandes,patricia.fernandes329@exemplo.com,205.930.407-59,(11) 90524351
,Paulo Dias,paulo.dias330@exemplo.com,932.133.480-74,(11) 90532270
,Bruno Fernandes,bruno.fernandes331@exemplo.com,652.239.559-27,(11) 90540189
,Natalia Santos,natalia.santos332@exemplo.com,992.937.842-11,(11) 90548108
,Camila Teixeira,camila.teixeira333@exemplo.com,103.930.870-85,(11) 90556027
,Juliana Souza,juliana.souza334@exemplo.com,N/A,N/A
,Beatriz Costa,beatriz.costa335@exemplo.com,851.569.154-00,(11) 90571865
,Yasmin Pereira,yasmin.pereira336@exemplo.com,N/A,N/A
,Carlos Pereira,carlos.pereira337@exemplo.com,N/A,N/A
,Eduardo Almeida,eduardo.almeida338@exemplo.com,959.391.725-04,(11) 90595622
,Rafael Oliveira,rafael.oliveira339@exemplo.com,N/A,N/A
,Henrique Ribeiro,henrique.ribeiro340@exemplo.com,541.006.762-20,(11) 90611460
,Joao Oliveira,joao.oliveira341@exemplo.com,N/A,N/A
,Felipe Pereira,felipe.pereira342@exemplo.com,040.541.152-92,(11) 90627298
,Lucas Teixeira,lucas.teixeira343@exemplo.com,181.599.706-09,(11) 90635217
,Rodrigo Nascimento,rodrigo.nascimento344@exemplo.com,620.153.368-00,(11) 90643136
,Juliana Santos,juliana.santos345@exemplo.com,N/A,N/A
,Bruno Rodrigues,bruno.rodrigues346@exemplo.com,N/A,N/A
,Sofia Oliveira,sofia.oliveira347@exemplo.com,241.714.677-05,(11) 90666893
,Sofia Martins,sofia.martins348@exemplo.com,N/A,N/A
,Diego Moura,diego.moura349@exemplo.com,743.490.211-67,(11) 90682731
,Marcelo Dias,marcelo.dias350@exemplo.com,N/A,N/A
,Victor Teixeira,victor.teixeira351@exemplo.com,374.160.898-08,(11) 90698569
,Isabela Oliveira,isabela.oliveira352@exemplo.com,217.223.320-00,(11) 90706488
,Sara Carvalho,sara.carvalho353@exemplo.com,632.945.116-80,(11) 90714407
,Henrique Souza,henrique.souza354@exemplo.com,854.870.998-71,(11) 90722326
,Gabriel Lima,gabriel.lima355@exemplo.com,622.999.119-52,(11) 90730245
,Carlos Pereira,carlos.pereira356@exemplo.com,856.467.997-32,(11) 90738164
,Rafael Santos,rafael.santos357@exemplo.com,N/A,N/A
,Gabriel Almeida,gabriel.almeida358@exemplo.com,745.054.447-40,(11) 90754002
,Joao Rodrigues,joao.rodrigues359@exemplo.com,247.546.913-77,(11) 90761921
,Otavio Carvalho,otavio.carvalho360@exemplo.com,678.508.214-59,(11) 90769840
,Carlos Martins,carlos.martins361@exemplo.com,N/A,N/A
,Bruno Almeida,bruno.almeida362@exemplo.com,053.457.861-60,(11) 90785678
,Diego Pereira,diego.pereira363@exemplo.com,579.727.985-16,(11) 90793597
,Paulo Almeida,paulo.almeida364@exemplo.com,N/A,N/A
,Ana Almeida,ana.almeida365@exemplo.com,346.800.722-10,(11) 90809435
,Olivia Martins,olivia.martins366@exemplo.com,N/A,N/A
,Sara Teixeira,sara.teixeira367@exemplo.com,N/A,N/A
,Thiago Nascimento,thiago.nascimento368@exemplo.com,944.171.545-03,(11) 90833192
,Igor Silva,igor.silva369@exemplo.com,432.830.965-03,(11) 90841111
,Nicolas Araujo,nicolas.araujo370@exemplo.com,744.666.099-69,(11) 90849030
,Valentina Souza,valentina.souza371@exemplo.com,387.584.282-08,(11) 90856949
,Paulo Lima,paulo.lima372@exemplo.com,724.825.135-61,(11) 90864868
,Daniela Dias,daniela.dias373@exemplo.com,N/A,N/A
,Vinicius Gomes,vinicius.gomes374@exemplo.com,N/A,N/A
,Beatriz Pereira,beatriz.pereira375@exemplo.com,N/A,N/A
,Olivia Pereira,olivia.pereira376@exemplo.com,175.250.074-11,(11) 90896544
,Isabela Ribeiro,isabela.ribeiro377@exemplo.com,927.129.666-43,(11) 90904463
,Nicolas Silva,nicolas.silva378@exemplo.com,N/A,N/A
,Yasmin Lima,yasmin.lima379@exemplo.com,033.542.168-75,(11) 90920301
,Camila Gomes,camila.gomes380@exemplo.com,210.447.898-75,(11) 90928220
,Paulo Costa,paulo.costa381@exemplo.com,N/A,N/A
,Sofia Moura,sofia.moura382@exemplo.com,N/A,N/A
,Joao Carvalho,joao.carvalho383@exemplo.com,909.010.016-43,(11) 90951977
,Gabriel Barbosa,gabriel.barbosa384@exemplo.com,N/A,N/A
,Valentina Souza,valentina.souza385@exemplo.com,499.261.891-05,(11) 90967815
,Henrique Lima,henrique.lima386@exemplo.com,173.934.835-48,(11) 90975734
,Ana Oliveira,ana.oliveira387@exemplo.com,N/A,N/A
,Paulo Martins,paulo.martins388@exemplo.com,197.218.114-91,(11) 90991572
,Beatriz Gomes,beatriz.gomes389@exemplo.com,447.012.045-60,(11) 90999491
,Thiago Oliveira,thiago.oliveira390@exemplo.com,110.022.557-91,(11) 91007410
,Marcelo Gomes,marcelo.gomes391@exemplo.com,552.166.746-67,(11) 91015329
,Victor Martins,victor.martins392@exemplo.com,N/A,N/A
,Helena Gomes,helena.gomes393@exemplo.com,296.590.277-53,(11) 91031167
,Paulo Araujo,paulo.araujo394@exemplo.com,701.450.899-75,(11) 91039086
,Juliana Moura,juliana.moura395@exemplo.com,889.163.756-49,(11) 91047005
,Natalia Araujo,natalia.araujo396@exemplo.com,N/A,N/A
,Rafael Oliveira,rafael.oliveira397@exemplo.com,N/A,N/A
,Natalia Silva,natalia.silva398@exemplo.com,779.717.751-13,(11) 91070762
,Vinicius Barbosa,vinicius.barbosa399@exemplo.com,N/A,N/A
,Sara Teixeira,sara.teixeira400@exemplo.com,837.550.375-48,(11) 91086600
,Diego Lima,diego.lima401@exemplo.com,N/A,N/A
,Gabriel Nascimento,gabriel.nascimento402@exemplo.com,885.102.726-97,(11) 91102438
,Gabriel Gomes,gabriel.gomes403@exemplo.com,N/A,N/A
,Ana Barbosa,ana.barbosa404@exemplo.com,N/A,N/A
,Igor Souza,igor.souza405@exemplo.com,086.978.292-40,(11) 91126195
,Thiago Carvalho,thiago.carvalho406@exemplo.com,N/A,N/A
,Sara Araujo,sara.araujo407@exemplo.com,547.226.984-90,(11) 91142033
,Otavio Moura,otavio.moura408@exemplo.com,833.394.522-88,(11) 91149952
,Valentina Gomes,valentina.gomes409@exemplo.com,515.879.968-71,(11) 91157871
,Thiago Pereira,thiago.pereira410@exemplo.com,081.062.003-02,(11) 91165790
,Joao Souza,joao.souza411@exemplo.com,442.043.805-30,(11) 91173709
,Felipe Carvalho,felipe.carvalho412@exemplo.com,N/A,N/A
,Paulo Fernandes,paulo.fernandes413@exemplo.com,658.004.397-02,(11) 91189547
,Mariana Pereira,mariana.pereira414@exemplo.com,989.334.721-18,(11) 91197466
,Lucas Dias,lucas.dias415@exemplo.com,816.064.842-14,(11) 91205385
,Daniela Teixeira,daniela.teixeira416@exemplo.com,405.720.259-55,(11) 91213304
,Mariana Barbosa,mariana.barbosa417@exemplo.com,N/A,N/A
,Paulo Rodrigues,paulo.rodrigues418@exemplo.com,N/A,N/A
,Ana Souza,ana.souza419@exemplo.com,555.439.878-20,(11) 91237061
,Helena Carvalho,helena.carvalho420@exemplo.com,573.993.056-17,(11) 91244980
,Natalia Santos,natalia.santos421@exemplo.com,N/A,N/A
,Ana Oliveira,ana.oliveira422@exemplo.com,N/A,N/A
,Bruno Martins,bruno.martins423@exemplo.com,N/A,N/A
,Victor Almeida,victor.almeida424@exemplo.com,501.102.481-47,(11) 91276656
,Helena Moura,helena.moura425@exemplo.com,466.766.506-81,(11) 91284575
,Valentina Lima,valentina.lima426@exemplo.com,091.901.581-64,(11) 91292494
,Rodrigo Almeida,rodrigo.almeida427@exemplo.com,914.766.072-49,(11) 91300413
,Sara Costa,sara.costa428@exemplo.com,268.424.508-88,(11) 91308332
,Vinicius Rodrigues,vinicius.rodrigues429@exemplo.com,100.996.881-58,(11) 91316251
,Sofia Rodrigues,sofia.rodrigues430@exemplo.com,536.822.239-40,(11) 91324170
,Eduardo Nascimento,eduardo.nascimento431@exemplo.com,N/A,N/A
,Valentina Teixeira,valentina.teixeira432@exemplo.com,139.755.231-07,(11) 91340008
,Juliana Dias,juliana.dias433@exemplo.com,135.775.949-50,(11) 91347927
,Isabela Nascimento,isabela.nascimento434@exemplo.com,955.620.533-06,(11) 91355846
,Sara Souza,sara.souza435@exemplo.com,525.777.547-60,(11) 91363765
,Eduardo Silva,eduardo.silva436@exemplo.com,291.428.341-55,(11) 91371684
,Sofia Moura,sofia.moura437@exemplo.com,N/A,N/A
,Larissa Barbosa,larissa.barbosa438@exemplo.com,N/A,N/A
,Otavio Costa,otavio.costa439@exemplo.com,816.580.392-11,(11) 91395441
,Paulo Ribeiro,paulo.ribeiro440@exemplo.com,N/A,N/A
,Felipe Ribeiro,felipe.ribeiro441@exemplo.com,314.530.385-66,(11) 91411279
,Rodrigo Dias,rodrigo.dias442@exemplo.com,700.518.449-15,(11) 91419198
,Paulo Barbosa,paulo.barbosa443@exemplo.com,266.591.846-35,(11) 91427117
,Joao Pereira,joao.pereira444@exemplo.com,655.779.082-05,(11) 91435036
,Helena Almeida,helena.almeida445@exemplo.com,318.432.225-40,(11) 91442955
,Henrique Silva,henrique.silva446@exemplo.com,651.777.392-44,(11) 91450874
,Victor Costa,victor.costa447@exemplo.com,302.992.280-45,(11) 91458793
,Valentina Oliveira,valentina.oliveira448@exemplo.com,024.286.990-40,(11) 91466712
,Juliana Dias,juliana.dias449@exemplo.com,379.772.369-58,(11) 91474631
,Eduardo Almeida,eduardo.almeida450@exemplo.com,298.425.799-56,(11) 91482550
,Juliana Teixeira,juliana.teixeira451@exemplo.com,662.103.886-04,(11) 91490469
,Fernanda Ribeiro,fernanda.ribeiro452@exemplo.com,N/A,N/A
,Patricia Gomes,patricia.gomes453@exemplo.com,298.068.650-65,(11) 91506307
,Sofia Ribeiro,sofia.ribeiro454@exemplo.com,376.599.162-70,(11) 91514226
,Ana Dias,ana.dias455@exemplo.com,314.986.430-51,(11) 91522145
,Gabriel Costa,gabriel.costa456@exemplo.com,N/A,N/A
,Thiago Carvalho,thiago.carvalho457@exemplo.com,N/A,N/A
,Marcelo Nascimento,marcelo.nascimento458@exemplo.com,N/A,N/A
,Gabriel Rodrigues,gabriel.rodrigues459@exemplo.com,495.621.372-79,(11) 91553821
,Fernanda Costa,fernanda.costa460@exemplo.com,865.890.260-92,(11) 91561740
,Carlos Carvalho,carlos.carvalho461@exemplo.com,796.114.351-34,(11) 91569659
,Ana Rodrigues,ana.rodrigues462@exemplo.com,698.490.277-03,(11) 91577578
,Lucas Santos,lucas.santos463@exemplo.com,843.098.839-40,(11) 91585497
,Giovana Dias,giovana.dias464@exemplo.com,530.214.656-84,(11) 91593416
,Diego Fernandes,diego.fernandes465@exemplo.com,380.118.489-76,(11) 91601335
,Mariana Gomes,mariana.gomes466@exemplo.com,439.376.904-09,(11) 91609254
,Sofia Moura,sofia.moura467@exemplo.com,N/A,N/A
,Larissa Dias,larissa.dias468@exemplo.com,947.697.357-90,(11) 91625092
,Henrique Fernandes,henrique.fernandes469@exemplo.com,N/A,N/A
,Eduardo Moura,eduardo.moura470@exemplo.com,880.434.165-32,(11) 91640930
,Natalia Rodrigues,natalia.rodrigues471@exemplo.com,275.539.423-40,(11) 91648849
,Juliana Souza,juliana.souza472@exemplo.com,334.333.395-62,(11) 91656768
,Beatriz Ribeiro,beatriz.ribeiro473@exemplo.com,117.908.075-06,(11) 91664687
,Igor Santos,igor.santos474@exemplo.com,N/A,N/A
,Larissa Souza,larissa.souza475@exemplo.com,867.808.562-23,(11) 91680525
,Beatriz Fernandes,beatriz.fernandes476@exemplo.com,875.003.691-23,(11) 91688444
,Camila Fernandes,camila.fernandes477@exemplo.com,942.843.479-50,(11) 91696363
,Joao Pereira,joao.pereira478@exemplo.com,276.365.564-56,(11) 91704282
,Felipe Rodrigues,felipe.rodrigues479@exemplo.com,N/A,N/A
,Rodrigo Araujo,rodrigo.araujo480@exemplo.com,N/A,N/A
,Daniela Rodrigues,daniela.rodrigues481@exemplo.com,744.890.612-77,(11) 91728039
,Sara Nascimento,sara.nascimento482@exemplo.com,471.754.558-36,(11) 91735958
,Rodrigo Pereira,rodrigo.pereira483@exemplo.com,506.159.399-53,(11) 91743877
,Valentina Martins,valentina.martins484@exemplo.com,N/A,N/A
,Lucas Araujo,lucas.araujo485@exemplo.com,N/A,N/A
,Elisa Dias,elisa.dias486@exemplo.com,N/A,N/A
,Fernanda Rodrigues,fernanda.rodrigues487@exemplo.com,876.220.234-00,(11) 91775553
,Giovana Barbosa,giovana.barbosa488@exemplo.com,N/A,N/A
,Rafael Lima,rafael.lima489@exemplo.com,114.921.643-30,(11) 91791391
,Marcelo Martins,marcelo.martins490@exemplo.com,722.820.055-11,(11) 91799310
,Larissa Dias,larissa.dias491@exemplo.com,N/A,N/A
,Joao Lima,joao.lima492@exemplo.com,688.457.831-97,(11) 91815148
,Diego Lima,diego.lima493@exemplo.com,564.240.082-76,(11) 91823067
,Paulo Silva,paulo.silva494@exemplo.com,780.774.064-75,(11) 91830986
,Felipe Carvalho,felipe.carvalho495@exemplo.com,N/A,N/A
,Rodrigo Nascimento,rodrigo.nascimento496@exemplo.com,N/A,N/A
,Joao Nascimento,joao.nascimento497@exemplo.com,N/A,N/A
,Mariana Souza,mariana.souza498@exemplo.com,973.502.080-73,(11) 91862662
,Natalia Rodrigues,natalia.rodrigues499@exemplo.com,442.703.120-09,(11) 91870581
,Juliana Santos,juliana.santos500@exemplo.com,N/A,N/A
,Ana Souza,ana.souza501@exemplo.com,461.872.346-77,(11) 91886419
,Olivia Ribeiro,olivia.ribeiro502@exemplo.com,N/A,N/A
,Marcelo Lima,marcelo.lima503@exemplo.com,645.208.814-98,(11) 91902257
,Lucas Nascimento,lucas.nascimento504@exemplo.com,N/A,N/A
,Juliana Fernandes,juliana.fernandes505@exemplo.com,916.300.979-00,(11) 91918095
,Diego Costa,diego.costa506@exemplo.com,N/A,N/A
,Nicolas Silva,nicolas.silva507@exemplo.com,812.735.857-63,(11) 91933933
,Rodrigo Ribeiro,rodrigo.ribeiro508@exemplo.com,N/A,N/A
,Sara Pereira,sara.pereira509@exemplo.com,392.855.749-12,(11) 91949771
,Ana Barbosa,ana.barbosa510@exemplo.com,N/A,N/A
,Rodrigo Carvalho,rodrigo.carvalho511@exemplo.com,620.959.351-87,(11) 91965609
,Beatriz Souza,beatriz.souza512@exemplo.com,387.829.456-59,(11) 91973528
,Natalia Rodrigues,natalia.rodrigues513@exemplo.com,181.022.031-96,(11) 91981447
,Daniela Fernandes,daniela.fernandes514@exemplo.com,109.678.994-94,(11) 91989366
,Elisa Moura,elisa.moura515@exemplo.com,391.037.170-11,(11) 91997285
,Eduardo Rodrigues,eduardo.rodrigues516@exemplo.com,N/A,N/A
,Rafael Dias,rafael.dias517@exemplo.com,N/A,N/A
,Gabriel Pereira,gabriel.pereira518@exemplo.com,N/A,N/A
,Diego Araujo,diego.araujo519@exemplo.com,286.852.897-00,(11) 92028961
,Rodrigo Rodrigues,rodrigo.rodrigues520@exemplo.com,855.665.939-09,(11) 92036880
,Valentina Teixeira,valentina.teixeira521@exemplo.com,684.577.600-84,(11) 92044799
,Bruno Nascimento,bruno.nascimento522@exemplo.com,082.404.335-96,(11) 92052718
,Diego Costa,diego.costa523@exemplo.com,N/A,N/A
,Victor Carvalho,victor.carvalho524@exemplo.com,N/A,N/A
,Vinicius Santos,vinicius.santos525@exemplo.com,N/A,N/A
,Paulo Teixeira,paulo.teixeira526@exemplo.com,961.055.661-23,(11) 92084394
,Juliana Araujo,juliana.araujo527@exemplo.com,060.480.589-69,(11) 92092313
,Fernanda Almeida,fernanda.almeida528@exemplo.com,832.067.998-21,(11) 92100232
,Daniela Moura,daniela.moura529@exemplo.com,646.225.179-49,(11) 92108151
,Sara Rodrigues,sara.rodrigues530@exemplo.com,N/A,N/A
,Eduardo Nascimento,eduardo.nascimento531@exemplo.com,769.389.833-64,(11) 92123989
,Nicolas Araujo,nicolas.araujo532@exemplo.com,659.116.655-65,(11) 92131908
,Juliana Martins,juliana.martins533@exemplo.com,N/A,N/A
,Juliana Lima,juliana.lima534@exemplo.com,N/A,N/A
,Rodrigo Rodrigues,rodrigo.rodrigues535@exemplo.com,051.477.053-84,(11) 92155665
,Felipe Dias,felipe.dias536@exemplo.com,388.487.920-06,(11) 92163584
,Daniela Martins,daniela.martins537@exemplo.com,804.204.394-55,(11) 92171503
,Paulo Carvalho,paulo.carvalho538@exemplo.com,016.451.046-05,(11) 92179422
,Otavio Martins,otavio.martins539@exemplo.com,815.798.123-92,(11) 92187341
,Lucas Silva,lucas.silva540@exemplo.com,N/A,N/A
,Felipe Silva,felipe.silva541@exemplo.com,555.438.404-89,(11) 92203179
,Patricia Teixeira,patricia.teixeira542@exemplo.com,843.256.216-52,(11) 92211098
,Joao Moura,joao.moura543@exemplo.com,363.926.495-90,(11) 92219017
,Igor Gomes,igor.gomes544@exemplo.com,N/A,N/A
,Beatriz Costa,beatriz.costa545@exemplo.com,292.518.812-51,(11) 92234855
,Gabriel Costa,gabriel.costa546@exemplo.com,056.647.423-99,(11) 92242774
,Paulo Almeida,paulo.almeida547@exemplo.com,209.949.993-48,(11) 92250693
,Mariana Carvalho,mariana.carvalho548@exemplo.com,N/A,N/A
,Thiago Gomes,thiago.gomes549@exemplo.com,772.233.060-68,(11) 92266531
,Larissa Almeida,larissa.almeida550@exemplo.com,333.127.975-78,(11) 92274450
,Rodrigo Barbosa,rodrigo.barbosa551@exemplo.com,660.965.699-19,(11) 92282369
,Giovana Santos,giovana.santos552@exemplo.com,N/A,N/A
,Valentina Martins,valentina.martins553@exemplo.com,N/A,N/A
,Fernanda Barbosa,fernanda.barbosa554@exemplo.com,264.908.277-19,(11) 92306126
,Bruno Pereira,bruno.pereira555@exemplo.com,129.826.657-27,(11) 92314045
,Fernanda Souza,fernanda.souza556@exemplo.com,793.714.521-88,(11) 92321964
,Sara Carvalho,sara.carvalho557@exemplo.com,751.868.926-02,(11) 92329883
,Henrique Lima,henrique.lima558@exemplo.com,025.922.220-81,(11) 92337802
,Sofia Silva,sofia.silva559@exemplo.com,N/A,N/A
,Yasmin Ribeiro,yasmin.ribeiro560@exemplo.com,N/A,N/A
,Thiago Teixeira,thiago.teixeira561@exemplo.com,767.199.038-88,(11) 92361559
,Carlos Dias,carlos.dias562@exemplo.com,N/A,N/A
,Valentina Teixeira,valentina.teixeira563@exemplo.com,945.101.622-86,(11) 92377397
,Vinicius Araujo,vinicius.araujo564@exemplo.com,N/A,N/A
,Helena Nascimento,helena.nascimento565@exemplo.com,561.681.472-50,(11) 92393235
,Victor Barbosa,victor.barbosa566@exemplo.com,586.833.901-01,(11) 92401154
,Victor Teixeira,victor.teixeira567@exemplo.com,179.469.548-67,(11) 92409073
,Paulo Lima,paulo.lima568@exemplo.com,529.978.772-37,(11) 92416992
,Henrique Santos,henrique.santos569@exemplo.com,N/A,N/A
,Vinicius Lima,vinicius.lima570@exemplo.com,N/A,N/A
,Bruno Pereira,bruno.pereira571@exemplo.com,885.015.569-71,(11) 92440749
,Larissa Moura,larissa.moura572@exemplo.com,355.770.272-33,(11) 92448668
,Rodrigo Silva,rodrigo.silva573@exemplo.com,576.084.958-12,(11) 92456587
,Felipe Moura,felipe.moura574@exemplo.com,395.512.405-37,(11) 92464506
,Carlos Nascimento,carlos.nascimento575@exemplo.com,299.629.145-07,(11) 92472425
,Vinicius Pereira,vinicius.pereira576@exemplo.com,617.357.438-10,(11) 92480344
,Otavio Costa,otavio.costa577@exemplo.com,150.317.807-20,(11) 92488263
,Igor Rodrigues,igor.rodrigues578@exemplo.com,357.845.218-10,(11) 92496182
,Fernanda Araujo,fernanda.araujo579@exemplo.com,076.810.409-27,(11) 92504101
,Beatriz Rodrigues,beatriz.rodrigues580@exemplo.com,N/A,N/A
,Lucas Nascimento,lucas.nascimento581@exemplo.com,N/A,N/A
,Sara Araujo,sara.araujo582@exemplo.com,109.881.385-57,(11) 92527858
,Camila Moura,camila.moura583@exemplo.com,424.932.149-51,(11) 92535777
,Fernanda Gomes,fernanda.gomes584@exemplo.com,N/A,N/A
,Nicolas Moura,nicolas.moura585@exemplo.com,629.979.545-09,(11) 92551615
,Larissa Ribeiro,larissa.ribeiro586@exemplo.com,N/A,N/A
,Beatriz Martins,beatriz.martins587@exemplo.com,N/A,N/A
,Valentina Fernandes,valentina.fernandes588@exemplo.com,701.715.772-99,(11) 92575372
,Eduardo Lima,eduardo.lima589@exemplo.com,N/A,N/A
,Lucas Ribeiro,lucas.ribeiro590@exemplo.com,N/A,N/A
,Rodrigo Almeida,rodrigo.almeida591@exemplo.com,615.396.695-05,(11) 92599129
,Sara Souza,sara.souza592@exemplo.com,219.719.975-79,(11) 92607048
,Beatriz Ribeiro,beatriz.ribeiro593@exemplo.com,724.619.196-82,(11) 92614967
,Rodrigo Lima,rodrigo.lima594@exemplo.com,N/A,N/A
,Vinicius Gomes,vinicius.gomes595@exemplo.com,699.733.549-74,(11) 92630805
,Daniela Fernandes,daniela.fernandes596@exemplo.com,519.098.624-10,(11) 92638724
,Isabela Dias,isabela.dias597@exemplo.com,800.851.403-50,(11) 92646643
,Marcelo Costa,marcelo.costa598@exemplo.com,N/A,N/A
,Ana Oliveira,ana.oliveira599@exemplo.com,386.562.422-70,(11) 92662481
,Isabela Teixeira,isabela.teixeira600@exemplo.com,027.621.267-38,(11) 92670400
,Mariana Gomes,mariana.gomes601@exemplo.com,278.687.653-21,(11) 92678319
,Victor Fernandes,victor.fernandes602@exemplo.com,909.738.468-01,(11) 92686238
,Juliana Barbosa,juliana.barbosa603@exemplo.com,009.751.971-50,(11) 92694157
,Eduardo Moura,eduardo.moura604@exemplo.com,478.189.137-34,(11) 92702076
,Otavio Ribeiro,otavio.ribeiro605@exemplo.com,N/A,N/A
,Vinicius Dias,vinicius.dias606@exemplo.com,956.544.209-92,(11) 92717914
,Bruno Lima,bruno.lima607@exemplo.com,407.929.049-74,(11) 92725833
,Thiago Nascimento,thiago.nascimento608@exemplo.com,712.814.429-33,(11) 92733752
,Mariana Nascimento,mariana.nascimento609@exemplo.com,N/A,N/A
,Juliana Ribeiro,juliana.ribeiro610@exemplo.com,N/A,N/A
,Sofia Souza,sofia.souza611@exemplo.com,N/A,N/A
,Felipe Carvalho,felipe.carvalho612@exemplo.com,N/A,N/A
,Beatriz Barbosa,beatriz.barbosa613@exemplo.com,N/A,N/A
,Thiago Souza,thiago.souza614@exemplo.com,018.569.454-30,(11) 92781266
,Mariana Araujo,mariana.araujo615@exemplo.com,N/A,N/A
,Joao Fernandes,joao.fernandes616@exemplo.com,800.106.181-71,(11) 92797104
,Olivia Teixeira,olivia.teixeira617@exemplo.com,N/A,N/A
,Mariana Nascimento,mariana.nascimento618@exemplo.com,111.926.921-01,(11) 92812942
,Eduardo Nascimento,eduardo.nascimento619@exemplo.com,N/A,N/A
,Eduardo Ribeiro,eduardo.ribeiro620@exemplo.com,N/A,N/A
,Olivia Teixeira,olivia.teixeira621@exemplo.com,N/A,N/A
,Joao Silva,joao.silva622@exemplo.com,174.101.194-97,(11) 92844618
,Victor Silva,victor.silva623@exemplo.com,N/A,N/A
,Felipe Ribeiro,felipe.ribeiro624@exemplo.com,877.661.830-72,(11) 92860456
,Elisa Moura,elisa.moura625@exemplo.com,198.554.601-97,(11) 92868375
,Nicolas Lima,nicolas.lima626@exemplo.com,517.432.806-53,(11) 92876294
,Nicolas Silva,nicolas.silva627@exemplo.com,615.717.320-39,(11) 92884213
,Joao Silva,joao.silva628@exemplo.com,937.618.478-58,(11) 92892132
,Larissa Moura,larissa.moura629@exemplo.com,N/A,N/A
,Carlos Almeida,carlos.almeida630@exemplo.com,293.102.707-30,(11) 92907970
,Yasmin Oliveira,yasmin.oliveira631@exemplo.com,202.041.792-89,(11) 92915889
,Camila Carvalho,camila.carvalho632@exemplo.com,117.993.136-03,(11) 92923808
,Mariana Araujo,mariana.araujo633@exemplo.com,519.825.309-01,(11) 92931727
,Joao Almeida,joao.almeida634@exemplo.com,114.262.582-67,(11) 92939646
,Fernanda Silva,fernanda.silva635@exemplo.com,902.196.207-17,(11) 92947565
,Juliana Nascimento,juliana.nascimento636@exemplo.com,021.946.723-46,(11) 92955484
,Natalia Teixeira,natalia.teixeira637@exemplo.com,876.329.092-81,(11) 92963403
,Patricia Souza,patricia.souza638@exemplo.com,145.608.331-76,(11) 92971322
,Nicolas Souza,nicolas.souza639@exemplo.com,958.837.340-90,(11) 92979241
,Olivia Gomes,olivia.gomes640@exemplo.com,277.220.054-03,(11) 92987160
,Lucas Silva,lucas.silva641@exemplo.com,N/A,N/A
,Henrique Rodrigues,henrique.rodrigues642@exemplo.com,781.137.995-32,(11) 93002998
,Felipe Almeida,felipe.almeida643@exemplo.com,N/A,N/A
,Larissa Pereira,larissa.pereira644@exemplo.com,179.706.239-56,(11) 93018836
,Igor Santos,igor.santos645@exemplo.com,652.735.435-50,(11) 93026755
,Camila Almeida,camila.almeida646@exemplo.com,904.217.762-42,(11) 93034674
,Henrique Barbosa,henrique.barbosa647@exemplo.com,492.929.831-80,(11) 93042593
,Rafael Araujo,rafael.araujo648@exemplo.com,739.774.063-45,(11) 93050512
,Carlos Ribeiro,carlos.ribeiro649@exemplo.com,693.929.060-56,(11) 93058431
,Rafael Oliveira,rafael.oliveira650@exemplo.com,N/A,N/A
,Bruno Ribeiro,bruno.ribeiro651@exemplo.com,806.325.431-75,(11) 93074269
,Giovana Pereira,giovana.pereira652@exemplo.com,427.990.772-26,(11) 93082188
,Isabela Nascimento,isabela.nascimento653@exemplo.com,570.165.804-07,(11) 93090107
,Elisa Santos,elisa.santos654@exemplo.com,N/A,N/A
,Sara Oliveira,sara.oliveira655@exemplo.com,165.790.552-78,(11) 93105945
,Olivia Almeida,olivia.almeida656@exemplo.com,832.538.179-54,(11) 93113864
,Diego Martins,diego.martins657@exemplo.com,N/A,N/A
,Elisa Oliveira,elisa.oliveira658@exemplo.com,788.178.847-07,(11) 93129702
,Lucas Nascimento,lucas.nascimento659@exemplo.com,N/A,N/A
,Rodrigo Costa,rodrigo.costa660@exemplo.com,127.238.046-74,(11) 93145540
,Paulo Barbosa,paulo.barbosa661@exemplo.com,N/A,N/A
,Joao Martins,joao.martins662@exemplo.com,569.557.988-04,(11) 93161378
,Valentina Santos,valentina.santos663@exemplo.com,N/A,N/A
,Mariana Pereira,mariana.pereira664@exemplo.com,254.729.284-00,(11) 93177216
,Sofia Fernandes,sofia.fernandes665@exemplo.com,N/A,N/A
,Rodrigo Pereira,rodrigo.pereira666@exemplo.com,238.055.257-61,(11) 93193054
,Juliana Silva,juliana.silva667@exemplo.com,841.067.275-87,(11) 93200973
,Joao Araujo,joao.araujo668@exemplo.com,885.474.929-09,(11) 93208892
,Paulo Martins,paulo.martins669@exemplo.com,170.281.406-87,(11) 93216811
,Thiago Rodrigues,thiago.rodrigues670@exemplo.com,N/A,N/A
,Beatriz Teixeira,beatriz.teixeira671@exemplo.com,N/A,N/A
,Elisa Silva,elisa.silva672@exemplo.com,980.562.656-35,(11) 93240568
,Henrique Martins,henrique.martins673@exemplo.com,455.478.137-29,(11) 93248487
,Olivia Lima,olivia.lima674@exemplo.com,N/A,N/A
,Thiago Gomes,thiago.gomes675@exemplo.com,785.196.106-84,(11) 93264325
,Sara Ribeiro,sara.ribeiro676@exemplo.com,287.923.264-39,(11) 93272244
,Ana Costa,ana.costa677@exemplo.com,049.478.730-94,(11) 93280163
,Bruno Souza,bruno.souza678@exemplo.com,447.146.273-33,(11) 93288082
,Sofia Ribeiro,sofia.ribeiro679@exemplo.com,471.959.796-36,(11) 93296001
,Juliana Araujo,juliana.araujo680@exemplo.com,158.904.290-51,(11) 93303920
,Daniela Lima,daniela.lima681@exemplo.com,N/A,N/A
,Rodrigo Araujo,rodrigo.araujo682@exemplo.com,N/A,N/A
,Ana Costa,ana.costa683@exemplo.com,544.518.952-00,(11) 93327677
,Juliana Barbosa,juliana.barbosa684@exemplo.com,N/A,N/A
,Larissa Oliveira,larissa.oliveira685@exemplo.com,338.988.816-01,(11) 93343515
,Patricia Araujo,patricia.araujo686@exemplo.com,120.754.527-92,(11) 93351434
,Igor Rodrigues,igor.rodrigues687@exemplo.com,240.132.234-57,(11) 93359353
,Nicolas Souza,nicolas.souza688@exemplo.com,N/A,N/A
,Vinicius Silva,vinicius.silva689@exemplo.com,N/A,N/A
,Fernanda Costa,fernanda.costa690@exemplo.com,119.393.250-56,(11) 93383110
,Victor Oliveira,victor.oliveira691@exemplo.com,495.528.938-01,(11) 93391029
,Ana Souza,ana.souza692@exemplo.com,N/A,N/A
,Diego Carvalho,diego.carvalho693@exemplo.com,387.592.712-56,(11) 93406867
,Helena Barbosa,helena.barbosa694@exemplo.com,638.361.517-31,(11) 93414786
,Helena Carvalho,helena.carvalho695@exemplo.com,N/A,N/A
,Isabela Rodrigues,isabela.rodrigues696@exemplo.com,479.473.864-12,(11) 93430624
,Patricia Oliveira,patricia.oliveira697@exemplo.com,N/A,N/A
,Nicolas Araujo,nicolas.araujo698@exemplo.com,N/A,N/A
,Yasmin Nascimento,yasmin.nascimento699@exemplo.com,N/A,N/A
,Larissa Souza,larissa.souza700@exemplo.com,657.967.842-93,(11) 93462300
,Eduardo Ribeiro,eduardo.ribeiro701@exemplo.com,147.732.010-53,(11) 93470219
,Gabriel Oliveira,gabriel.oliveira702@exemplo.com,N/A,N/A
,Rodrigo Araujo,rodrigo.araujo703@exemplo.com,877.347.784-29,(11) 93486057
,Felipe Martins,felipe.martins704@exemplo.com,880.061.675-59,(11) 93493976
,Igor Lima,igor.lima705@exemplo.com,700.284.276-53,(11) 93501895
,Marcelo Moura,marcelo.moura706@exemplo.com,N/A,N/A
,Diego Lima,diego.lima707@exemplo.com,N/A,N/A
,Bruno Araujo,bruno.araujo708@exemplo.com,500.902.559-09,(11) 93525652
,Rafael Almeida,rafael.almeida709@exemplo.com,616.556.503-43,(11) 93533571
,Rodrigo Araujo,rodrigo.araujo710@exemplo.com,491.141.520-70,(11) 93541490
,Yasmin Silva,yasmin.silva711@exemplo.com,076.986.407-44,(11) 93549409
,Olivia Araujo,olivia.araujo712@exemplo.com,N/A,N/A
,Natalia Oliveira,natalia.oliveira713@exemplo.com,785.294.563-51,(11) 93565247
,Fernanda Dias,fernanda.dias714@exemplo.com,834.404.963-68,(11) 93573166
,Olivia Fernandes,olivia.fernandes715@exemplo.com,N/A,N/A
,Giovana Nascimento,giovana.nascimento716@exemplo.com,148.468.536-91,(11) 93589004
,Natalia Rodrigues,natalia.rodrigues717@exemplo.com,987.820.829-01,(11) 93596923
,Elisa Martins,elisa.martins718@exemplo.com,748.969.083-84,(11) 93604842
,Henrique Nascimento,henrique.nascimento719@exemplo.com,232.466.513-10,(11) 93612761
,Nicolas Silva,nicolas.silva720@exemplo.com,424.936.312-00,(11) 93620680
,Lucas Nascimento,lucas.nascimento721@exemplo.com,347.786.603-74,(11) 93628599
,Daniela Oliveira,daniela.oliveira722@exemplo.com,204.482.070-60,(11) 93636518
,Rafael Souza,rafael.souza723@exemplo.com,594.165.162-79,(11) 93644437
,Rafael Teixeira,rafael.teixeira724@exemplo.com,N/A,N/A
,Gabriel Pereira,gabriel.pereira725@exemplo.com,155.963.632-78,(11) 93660275
,Elisa Souza,elisa.souza726@exemplo.com,N/A,N/A
,Elisa Lima,elisa.lima727@exemplo.com,N/A,N/A
,Elisa Souza,elisa.souza728@exemplo.com,090.034.864-09,(11) 93684032
,Rafael Lima,rafael.lima729@exemplo.com,837.606.441-04,(11) 93691951
,Marcelo Gomes,marcelo.gomes730@exemplo.com,N/A,N/A
,Sara Araujo,sara.araujo731@exemplo.com,561.248.156-05,(11) 93707789
,Vinicius Araujo,vinicius.araujo732@exemplo.com,N/A,N/A
,Beatriz Martins,beatriz.martins733@exemplo.com,911.238.296-59,(11) 93723627
,Henrique Fernandes,henrique.fernandes734@exemplo.com,N/A,N/A
,Paulo Oliveira,paulo.oliveira735@exemplo.com,266.930.089-84,(11) 93739465
,Sofia Costa,sofia.costa736@exemplo.com,734.206.969-81,(11) 93747384
,Natalia Souza,natalia.souza737@exemplo.com,152.910.867-50,(11) 93755303
,Olivia Teixeira,olivia.teixeira738@exemplo.com,333.447.626-05,(11) 93763222
,Sofia Almeida,sofia.almeida739@exemplo.com,343.626.204-86,(11) 93771141
,Igor Araujo,igor.araujo740@exemplo.com,N/A,N/A
,Daniela Santos,daniela.santos741@exemplo.com,636.694.118-10,(11) 93786979
,Otavio Teixeira,otavio.teixeira742@exemplo.com,537.599.004-02,(11) 93794898
,Sofia Pereira,sofia.pereira743@exemplo.com,646.528.092-20,(11) 93802817
,Juliana Nascimento,juliana.nascimento744@exemplo.com,875.721.586-33,(11) 93810736
,Sofia Teixeira,sofia.teixeira745@exemplo.com,150.274.564-09,(11) 93818655
,Joao Santos,joao.santos746@exemplo.com,N/A,N/A
,Larissa Gomes,larissa.gomes747@exemplo.com,320.320.742-73,(11) 93834493
,Helena Costa,helena.costa748@exemplo.com,170.758.777-98,(11) 93842412
,Victor Dias,victor.dias749@exemplo.com,N/A,N/A
,Natalia Souza,natalia.souza750@exemplo.com,390.892.613-03,(11) 93858250
,Juliana Silva,juliana.silva751@exemplo.com,504.165.915-07,(11) 93866169
,Joao Araujo,joao.araujo752@exemplo.com,177.749.050-22,(11) 93874088
,Felipe Oliveira,felipe.oliveira753@exemplo.com,923.045.018-93,(11) 93882007
,Felipe Carvalho,felipe.carvalho754@exemplo.com,N/A,N/A
,Diego Souza,diego.souza755@exemplo.com,421.476.492-79,(11) 93897845
,Isabela Oliveira,isabela.oliveira756@exemplo.com,583.776.749-55,(11) 93905764
,Camila Martins,camila.martins757@exemplo.com,659.266.108-93,(11) 93913683
,Fernanda Ribeiro,fernanda.ribeiro758@exemplo.com,327.881.476-27,(11) 93921602
,Daniela Moura,daniela.moura759@exemplo.com,422.438.649-67,(11) 93929521
,Victor Nascimento,victor.nascimento760@exemplo.com,108.186.617-98,(11) 93937440
,Mariana Carvalho,mariana.carvalho761@exemplo.com,549.180.172-07,(11) 93945359
,Sofia Araujo,sofia.araujo762@exemplo.com,016.459.779-43,(11) 93953278
,Bruno Silva,bruno.silva763@exemplo.com,232.194.168-53,(11) 93961197
,Vinicius Teixeira,vinicius.teixeira764@exemplo.com,610.277.697-64,(11) 93969116
,Helena Silva,helena.silva765@exemplo.com,956.412.203-10,(11) 93977035
,Fernanda Lima,fernanda.lima766@exemplo.com,303.723.683-36,(11) 93984954
,Natalia Ribeiro,natalia.ribeiro767@exemplo.com,727.601.227-19,(11) 93992873
,Camila Silva,camila.silva768@exemplo.com,079.334.960-59,(11) 94000792
,Natalia Carvalho,natalia.carvalho769@exemplo.com,166.799.840-41,(11) 94008711
,Isabela Dias,isabela.dias770@exemplo.com,N/A,N/A
,Diego Martins,diego.martins771@exemplo.com,581.467.179-34,(11) 94024549
,Otavio Almeida,otavio.almeida772@exemplo.com,602.437.573-52,(11) 94032468
,Marcelo Pereira,marcelo.pereira773@exemplo.com,959.724.665-11,(11) 94040387
,Natalia Souza,natalia.souza774@exemplo.com,934.172.232-29,(11) 94048306
,Sofia Fernandes,sofia.fernandes775@exemplo.com,674.338.005-90,(11) 94056225
,Paulo Souza,paulo.souza776@exemplo.com,N/A,N/A
,Juliana Barbosa,juliana.barbosa777@exemplo.com,837.455.084-83,(11) 94072063
,Gabriel Moura,gabriel.moura778@exemplo.com,910.771.199-92,(11) 94079982
,Joao Barbosa,joao.barbosa779@exemplo.com,081.213.524-52,(11) 94087901
,Henrique Silva,henrique.silva780@exemplo.com,712.552.137-10,(11) 94095820
,Henrique Fernandes,henrique.fernandes781@exemplo.com,375.482.145-88,(11) 94103739
,Larissa Barbosa,larissa.barbosa782@exemplo.com,328.632.666-67,(11) 94111658
,Beatriz Carvalho,beatriz.carvalho783@exemplo.com,507.208.115-03,(11) 94119577
,Valentina Gomes,valentina.gomes784@exemplo.com,260.602.908-92,(11) 94127496
,Juliana Carvalho,juliana.carvalho785@exemplo.com,684.550.489-05,(11) 94135415
,Vinicius Oliveira,vinicius.oliveira786@exemplo.com,738.997.563-63,(11) 94143334
,Fernanda Barbosa,fernanda.barbosa787@exemplo.com,N/A,N/A
,Sofia Almeida,sofia.almeida788@exemplo.com,848.520.089-65,(11) 94159172
,Helena Santos,helena.santos789@exemplo.com,468.105.485-21,(11) 94167091
,Victor Moura,victor.moura790@exemplo.com,N/A,N/A
,Rafael Souza,rafael.souza791@exemplo.com,935.449.268-14,(11) 94182929
,Henrique Oliveira,henrique.oliveira792@exemplo.com,589.357.126-63,(11) 94190848
,Patricia Carvalho,patricia.carvalho793@exemplo.com,106.273.715-66,(11) 94198767
,Natalia Gomes,natalia.gomes794@exemplo.com,988.649.767-01,(11) 94206686
,Helena Rodrigues,helena.rodrigues795@exemplo.com,228.277.288-18,(11) 94214605
,Helena Souza,helena.souza796@exemplo.com,770.285.196-19,(11) 94222524
,Elisa Lima,elisa.lima797@exemplo.com,594.082.154-51,(11) 94230443
,Valentina Rodrigues,valentina.rodrigues798@exemplo.com,470.229.604-37,(11) 94238362
,Marcelo Dias,marcelo.dias799@exemplo.com,270.185.106-86,(11) 94246281
,Otavio Martins,otavio.martins800@exemplo.com,497.567.922-13,(11) 94254200
,Paulo Carvalho,paulo.carvalho801@exemplo.com,772.519.966-77,(11) 94262119
,Vinicius Moura,vinicius.moura802@exemplo.com,580.741.209-53,(11) 94270038
,Patricia Rodrigues,patricia.rodrigues803@exemplo.com,181.398.909-52,(11) 94277957
,Rafael Dias,rafael.dias804@exemplo.com,780.182.043-65,(11) 94285876
,Bruno Araujo,bruno.araujo805@exemplo.com,N/A,N/A
,Helena Souza,helena.souza806@exemplo.com,N/A,N/A
,Henrique Pereira,henrique.pereira807@exemplo.com,N/A,N/A
,Beatriz Costa,beatriz.costa808@exemplo.com,N/A,N/A
,Yasmin Almeida,yasmin.almeida809@exemplo.com,654.610.339-70,(11) 94325471
,Sara Gomes,sara.gomes810@exemplo.com,N/A,N/A
,Gabriel Almeida,gabriel.almeida811@exemplo.com,170.630.489-70,(11) 94341309
,Juliana Fernandes,juliana.fernandes812@exemplo.com,N/A,N/A
,Larissa Teixeira,larissa.teixeira813@exemplo.com,823.868.700-49,(11) 94357147
,Diego Rodrigues,diego.rodrigues814@exemplo.com,420.074.946-71,(11) 94365066
,Fernanda Carvalho,fernanda.carvalho815@exemplo.com,984.028.914-46,(11) 94372985
,Camila Nascimento,camila.nascimento816@exemplo.com,128.463.985-18,(11) 94380904
,Bruno Costa,bruno.costa817@exemplo.com,743.553.795-07,(11) 94388823
,Giovana Moura,giovana.moura818@exemplo.com,097.002.687-05,(11) 94396742
,Diego Carvalho,diego.carvalho819@exemplo.com,118.071.569-15,(11) 94404661
,Bruno Nascimento,bruno.nascimento820@exemplo.com,201.753.703-97,(11) 94412580
,Carlos Nascimento,carlos.nascimento821@exemplo.com,N/A,N/A
,Otavio Ribeiro,otavio.ribeiro822@exemplo.com,793.036.149-76,(11) 94428418
,Igor Oliveira,igor.oliveira823@exemplo.com,283.999.219-12,(11) 94436337
,Sofia Moura,sofia.moura824@exemplo.com,249.384.308-86,(11) 94444256
,Patricia Martins,patricia.martins825@exemplo.com,N/A,N/A
,Joao Araujo,joao.araujo826@exemplo.com,758.030.468-68,(11) 94460094
,Eduardo Almeida,eduardo.almeida827@exemplo.com,063.519.036-29,(11) 94468013
,Bruno Dias,bruno.dias828@exemplo.com,325.411.076-50,(11) 94475932
,Patricia Almeida,patricia.almeida829@exemplo.com,N/A,N/A
,Daniela Santos,daniela.santos830@exemplo.com,N/A,N/A
,Isabela Oliveira,isabela.oliveira831@exemplo.com,651.207.049-64,(11) 94499689
,Henrique Almeida,henrique.almeida832@exemplo.com,N/A,N/A
,Gabriel Araujo,gabriel.araujo833@exemplo.com,N/A,N/A
,Eduardo Dias,eduardo.dias834@exemplo.com,078.593.110-46,(11) 94523446
,Joao Pereira,joao.pereira835@exemplo.com,N/A,N/A
,Diego Lima,diego.lima836@exemplo.com,N/A,N/A
,Elisa Silva,elisa.silva837@exemplo.com,982.274.954-60,(11) 94547203
,Diego Rodrigues,diego.rodrigues838@exemplo.com,892.038.806-74,(11) 94555122
,Yasmin Dias,yasmin.dias839@exemplo.com,N/A,N/A
,Natalia Almeida,natalia.almeida840@exemplo.com,594.652.170-50,(11) 94570960
,Felipe Rodrigues,felipe.rodrigues841@exemplo.com,033.793.375-87,(11) 94578879
,Helena Costa,helena.costa842@exemplo.com,620.501.508-06,(11) 94586798
,Valentina Pereira,valentina.pereira843@exemplo.com,473.950.033-73,(11) 94594717
,Mariana Nascimento,mariana.nascimento844@exemplo.com,342.583.230-12,(11) 94602636
,Rafael Fernandes,rafael.fernandes845@exemplo.com,102.615.347-69,(11) 94610555
,Nicolas Rodrigues,nicolas.rodrigues846@exemplo.com,528.961.122-35,(11) 94618474
,Yasmin Rodrigues,yasmin.rodrigues847@exemplo.com,865.596.309-78,(11) 94626393
,Yasmin Ribeiro,yasmin.ribeiro848@exemplo.com,N/A,N/A
,Elisa Ribeiro,elisa.ribeiro849@exemplo.com,N/A,N/A
,Thiago Dias,thiago.dias850@exemplo.com,872.558.777-37,(11) 94650150
,Olivia Lima,olivia.lima851@exemplo.com,690.333.736-96,(11) 94658069
,Fernanda Lima,fernanda.lima852@exemplo.com,669.254.812-84,(11) 94665988
,Camila Gomes,camila.gomes853@exemplo.com,N/A,N/A
,Bruno Pereira,bruno.pereira854@exemplo.com,N/A,N/A
,Rodrigo Oliveira,rodrigo.oliveira855@exemplo.com,734.151.488-40,(11) 94689745
,Camila Rodrigues,camila.rodrigues856@exemplo.com,431.115.083-07,(11) 94697664
,Ana Lima,ana.lima857@exemplo.com,N/A,N/A
,Giovana Almeida,giovana.almeida858@exemplo.com,N/A,N/A
,Camila Oliveira,camila.oliveira859@exemplo.com,337.389.877-38,(11) 94721421
,Elisa Costa,elisa.costa860@exemplo.com,536.637.780-37,(11) 94729340
,Isabela Carvalho,isabela.carvalho861@exemplo.com,924.075.536-59,(11) 94737259
,Camila Dias,camila.dias862@exemplo.com,845.909.022-14,(11) 94745178
,Felipe Rodrigues,felipe.rodrigues863@exemplo.com,999.663.618-63,(11) 94753097
,Sara Pereira,sara.pereira864@exemplo.com,715.974.121-80,(11) 94761016
,Olivia Almeida,olivia.almeida865@exemplo.com,097.023.164-48,(11) 94768935
,Beatriz Gomes,beatriz.gomes866@exemplo.com,N/A,N/A
,Olivia Costa,olivia.costa867@exemplo.com,N/A,N/A
,Nicolas Barbosa,nicolas.barbosa868@exemplo.com,N/A,N/A
,Rafael Barbosa,rafael.barbosa869@exemplo.com,743.027.169-32,(11) 94800611
,Larissa Fernandes,larissa.fernandes870@exemplo.com,597.779.014-70,(11) 94808530
,Larissa Carvalho,larissa.carvalho871@exemplo.com,469.263.296-80,(11) 94816449
,Valentina Oliveira,valentina.oliveira872@exemplo.com,291.603.248-72,(11) 94824368
,Beatriz Gomes,beatriz.gomes873@exemplo.com,376.815.118-22,(11) 94832287
,Larissa Carvalho,larissa.carvalho874@exemplo.com,724.380.701-10,(11) 94840206
,Beatriz Martins,beatriz.martins875@exemplo.com,N/A,N/A
,Thiago Pereira,thiago.pereira876@exemplo.com,771.183.727-57,(11) 94856044
,Lucas Oliveira,lucas.oliveira877@exemplo.com,N/A,N/A
,Olivia Martins,olivia.martins878@exemplo.com,042.752.308-76,(11) 94871882
,Daniela Carvalho,daniela.carvalho879@exemplo.com,081.647.090-18,(11) 94879801
,Ana Araujo,ana.araujo880@exemplo.com,N/A,N/A
,Gabriel Araujo,gabriel.araujo881@exemplo.com,N/A,N/A
,Paulo Rodrigues,paulo.rodrigues882@exemplo.com,583.938.661-89,(11) 94903558
,Olivia Martins,olivia.martins883@exemplo.com,155.206.506-59,(11) 94911477
,Vinicius Teixeira,vinicius.teixeira884@exemplo.com,314.950.136-93,(11) 94919396
,Felipe Costa,felipe.costa885@exemplo.com,718.924.195-72,(11) 94927315
,Joao Carvalho,joao.carvalho886@exemplo.com,N/A,N/A
,Vinicius Almeida,vinicius.almeida887@exemplo.com,838.903.091-86,(11) 94943153
,Nicolas Costa,nicolas.costa888@exemplo.com,639.102.574-61,(11) 94951072
,Beatriz Santos,beatriz.santos889@exemplo.com,630.397.524-05,(11) 94958991
,Rodrigo Santos,rodrigo.santos890@exemplo.com,864.035.533-99,(11) 94966910
,Eduardo Ribeiro,eduardo.ribeiro891@exemplo.com,339.685.270-20,(11) 94974829
,Sara Rodrigues,sara.rodrigues892@exemplo.com,N/A,N/A
,Isabela Pereira,isabela.pereira893@exemplo.com,381.674.233-52,(11) 94990667
,Fernanda Fernandes,fernanda.fernandes894@exemplo.com,N/A,N/A
,Juliana Ribeiro,juliana.ribeiro895@exemplo.com,662.776.896-81,(11) 95006505
,Mariana Nascimento,mariana.nascimento896@exemplo.com,N/A,N/A
,Eduardo Araujo,eduardo.araujo897@exemplo.com,674.746.897-07,(11) 95022343
,Natalia Carvalho,natalia.carvalho898@exemplo.com,273.230.085-30,(11) 95030262
,Carlos Souza,carlos.souza899@exemplo.com,N/A,N/A
,Elisa Santos,elisa.santos900@exemplo.com,692.364.587-50,(11) 95046100
,Sofia Teixeira,sofia.teixeira901@exemplo.com,N/A,N/A
,Fernanda Carvalho,fernanda.carvalho902@exemplo.com,724.399.201-34,(11) 95061938
,Vinicius Barbosa,vinicius.barbosa903@exemplo.com,N/A,N/A
,Juliana Nascimento,juliana.nascimento904@exemplo.com,869.461.195-33,(11) 95077776
,Henrique Barbosa,henrique.barbosa905@exemplo.com,N/A,N/A
,Natalia Pereira,natalia.pereira906@exemplo.com,646.225.223-57,(11) 95093614
,Nicolas Nascimento,nicolas.nascimento907@exemplo.com,817.932.302-18,(11) 95101533
,Helena Nascimento,helena.nascimento908@exemplo.com,679.121.416-34,(11) 95109452
,Daniela Nascimento,daniela.nascimento909@exemplo.com,N/A,N/A
,Patricia Nascimento,patricia.nascimento910@exemplo.com,N/A,N/A
,Rafael Fernandes,rafael.fernandes911@exemplo.com,775.965.555-00,(11) 95133209
,Giovana Costa,giovana.costa912@exemplo.com,669.055.107-50,(11) 95141128
,Marcelo Barbosa,marcelo.barbosa913@exemplo.com,N/A,N/A
,Paulo Teixeira,paulo.teixeira914@exemplo.com,N/A,N/A
,Valentina Teixeira,valentina.teixeira915@exemplo.com,N/A,N/A
,Vinicius Moura,vinicius.moura916@exemplo.com,328.980.271-03,(11) 95172804
,Lucas Oliveira,lucas.oliveira917@exemplo.com,N/A,N/A
,Marcelo Souza,marcelo.souza918@exemplo.com,160.256.434-58,(11) 95188642
,Camila Carvalho,camila.carvalho919@exemplo.com,287.153.991-09,(11) 95196561
,Helena Oliveira,helena.oliveira920@exemplo.com,N/A,N/A
,Victor Silva,victor.silva921@exemplo.com,N/A,N/A
,Igor Barbosa,igor.barbosa922@exemplo.com,409.836.655-08,(11) 95220318
,Juliana Lima,juliana.lima923@exemplo.com,N/A,N/A
,Beatriz Lima,beatriz.lima924@exemplo.com,377.294.209-10,(11) 95236156
,Daniela Araujo,daniela.araujo925@exemplo.com,N/A,N/A
,Bruno Moura,bruno.moura926@exemplo.com,233.027.642-78,(11) 95251994
,Valentina Lima,valentina.lima927@exemplo.com,656.756.618-32,(11) 95259913
,Larissa Pereira,larissa.pereira928@exemplo.com,N/A,N/A
,Ana Fernandes,ana.fernandes929@exemplo.com,N/A,N/A
,Marcelo Pereira,marcelo.pereira930@exemplo.com,912.662.015-48,(11) 95283670
,Carlos Souza,carlos.souza931@exemplo.com,018.596.263-78,(11) 95291589
,Felipe Nascimento,felipe.nascimento932@exemplo.com,N/A,N/A
,Paulo Silva,paulo.silva933@exemplo.com,N/A,N/A
,Marcelo Gomes,marcelo.gomes934@exemplo.com,N/A,N/A
,Bruno Carvalho,bruno.carvalho935@exemplo.com,492.151.826-24,(11) 95323265
,Olivia Souza,olivia.souza936@exemplo.com,888.718.981-17,(11) 95331184
,Igor Dias,igor.dias937@exemplo.com,N/A,N/A
,Vinicius Fernandes,vinicius.fernandes938@exemplo.com,321.840.118-60,(11) 95347022
,Rodrigo Martins,rodrigo.martins939@exemplo.com,N/A,N/A
,Olivia Souza,olivia.souza940@exemplo.com,297.585.988-05,(11) 95362860
,Sara Rodrigues,sara.rodrigues941@exemplo.com,030.324.329-52,(11) 95370779
,Sofia Carvalho,sofia.carvalho942@exemplo.com,954.296.184-70,(11) 95378698
,Eduardo Nascimento,eduardo.nascimento943@exemplo.com,267.146.283-23,(11) 95386617
,Isabela Carvalho,isabela.carvalho944@exemplo.com,N/A,N/A
,Henrique Oliveira,henrique.oliveira945@exemplo.com,093.141.818-63,(11) 95402455
,Gabriel Carvalho,gabriel.carvalho946@exemplo.com,515.542.340-69,(11) 95410374
,Gabriel Barbosa,gabriel.barbosa947@exemplo.com,361.128.497-12,(11) 95418293
,Beatriz Carvalho,beatriz.carvalho948@exemplo.com,594.849.102-11,(11) 95426212
,Sofia Silva,sofia.silva949@exemplo.com,N/A,N/A
,Rafael Teixeira,rafael.teixeira950@exemplo.com,822.269.405-70,(11) 95442050
,Isabela Barbosa,isabela.barbosa951@exemplo.com,672.757.844-32,(11) 95449969
,Rafael Oliveira,rafael.oliveira952@exemplo.com,341.465.111-43,(11) 95457888
,Otavio Costa,otavio.costa953@exemplo.com,290.148.706-80,(11) 95465807
,Ana Gomes,ana.gomes954@exemplo.com,N/A,N/A
,Patricia Almeida,patricia.almeida955@exemplo.com,853.890.972-03,(11) 95481645
,Felipe Pereira,felipe.pereira956@exemplo.com,215.285.067-07,(11) 95489564
,Valentina Nascimento,valentina.nascimento957@exemplo.com,515.381.447-51,(11) 95497483
,Natalia Santos,natalia.santos958@exemplo.com,309.634.807-31,(11) 95505402
,Diego Pereira,diego.pereira959@exemplo.com,509.754.510-90,(11) 95513321
,Otavio Costa,otavio.costa960@exemplo.com,650.167.318-61,(11) 95521240
,Elisa Lima,elisa.lima961@exemplo.com,N/A,N/A
,Igor Fernandes,igor.fernandes962@exemplo.com,562.841.772-67,(11) 95537078
,Giovana Gomes,giovana.gomes963@exemplo.com,605.313.402-36,(11) 95544997
,Sara Ribeiro,sara.ribeiro964@exemplo.com,N/A,N/A
,Igor Costa,igor.costa965@exemplo.com,256.862.110-94,(11) 95560835
,Isabela Ribeiro,isabela.ribeiro966@exemplo.com,580.305.690-17,(11) 95568754
,Mariana Almeida,mariana.almeida967@exemplo.com,447.163.928-56,(11) 95576673
,Mariana Rodrigues,mariana.rodrigues968@exemplo.com,414.363.718-99,(11) 95584592
,Juliana Gomes,juliana.gomes969@exemplo.com,N/A,N/A
,Paulo Almeida,paulo.almeida970@exemplo.com,093.106.684-07,(11) 95600430
,Thiago Fernandes,thiago.fernandes971@exemplo.com,567.086.041-16,(11) 95608349
,Daniela Araujo,daniela.araujo972@exemplo.com,456.350.200-62,(11) 95616268
,Natalia Fernandes,natalia.fernandes973@exemplo.com,347.491.624-69,(11) 95624187
,Elisa Dias,elisa.dias974@exemplo.com,541.108.255-20,(11) 95632106
,Gabriel Costa,gabriel.costa975@exemplo.com,895.343.961-25,(11) 95640025
,Rodrigo Teixeira,rodrigo.teixeira976@exemplo.com,910.933.711-37,(11) 95647944
,Henrique Moura,henrique.moura977@exemplo.com,547.382.023-91,(11) 95655863
,Henrique Barbosa,henrique.barbosa978@exemplo.com,485.571.617-00,(11) 95663782
,Daniela Rodrigues,daniela.rodrigues979@exemplo.com,802.942.409-42,(11) 95671701
,Sara Carvalho,sara.carvalho980@exemplo.com,N/A,N/A
,Yasmin Silva,yasmin.silva981@exemplo.com,N/A,N/A
,Sara Souza,sara.souza982@exemplo.com,N/A,N/A
,Igor Nascimento,igor.nascimento983@exemplo.com,230.834.024-06,(11) 95703377
,Beatriz Oliveira,beatriz.oliveira984@exemplo.com,033.810.595-64,(11) 95711296
,Diego Almeida,diego.almeida985@exemplo.com,N/A,N/A
,Sara Rodrigues,sara.rodrigues986@exemplo.com,N/A,N/A
,Paulo Gomes,paulo.gomes987@exemplo.com,735.439.627-36,(11) 95735053
,Nicolas Dias,nicolas.dias988@exemplo.com,527.172.722-08,(11) 95742972
,Nicolas Oliveira,nicolas.oliveira989@exemplo.com,724.042.269-08,(11) 95750891
,Ana Teixeira,ana.teixeira990@exemplo.com,216.376.182-71,(11) 95758810
,Fernanda Nascimento,fernanda.nascimento991@exemplo.com,N/A,N/A
,Igor Ribeiro,igor.ribeiro992@exemplo.com,N/A,N/A
,Rodrigo Nascimento,rodrigo.nascimento993@exemplo.com,N/A,N/A
,Henrique Costa,henrique.costa994@exemplo.com,N/A,N/A
,Paulo Carvalho,paulo.carvalho995@exemplo.com,030.366.254-96,(11) 95798405
,Camila Souza,camila.souza996@exemplo.com,172.131.451-26,(11) 95806324
,Mariana Gomes,mariana.gomes997@exemplo.com,510.922.685-70,(11) 95814243
,Sofia Oliveira,sofia.oliveira998@exemplo.com,249.451.475-40,(11) 95822162
,Helena Dias,helena.dias999@exemplo.com,022.526.771-39,(11) 95830081
,Beatriz Ribeiro,beatriz.ribeiro1000@exemplo.com,642.152.265-38,(11) 95838000
,Sara Ribeiro,sara.ribeiro1001@exemplo.com,676.952.366-32,(11) 95845919
,Henrique Barbosa,henrique.barbosa1002@exemplo.com,887.883.619-26,(11) 95853838
,Sara Ribeiro,sara.ribeiro1003@exemplo.com,N/A,N/A
,Sara Gomes,sara.gomes1004@exemplo.com,210.552.472-97,(11) 95869676
,Isabela Fernandes,isabela.fernandes1005@exemplo.com,333.021.260-85,(11) 95877595
,Elisa Costa,elisa.costa1006@exemplo.com,019.179.202-02,(11) 95885514
,Igor Barbosa,igor.barbosa1007@exemplo.com,N/A,N/A
,Daniela Santos,daniela.santos1008@exemplo.com,476.570.412-26,(11) 95901352
,Sofia Dias,sofia.dias1009@exemplo.com,N/A,N/A
,Igor Rodrigues,igor.rodrigues1010@exemplo.com,843.624.186-01,(11) 95917190
,Larissa Ribeiro,larissa.ribeiro1011@exemplo.com,690.362.891-65,(11) 95925109
,Gabriel Souza,gabriel.souza1012@exemplo.com,566.205.634-06,(11) 95933028
,Gabriel Oliveira,gabriel.oliveira1013@exemplo.com,159.503.428-52,(11) 95940947
,Thiago Oliveira,thiago.oliveira1014@exemplo.com,N/A,N/A
,Vinicius Silva,vinicius.silva1015@exemplo.com,990.970.051-40,(11) 95956785
,Gabriel Araujo,gabriel.araujo1016@exemplo.com,546.835.652-00,(11) 95964704
,Yasmin Santos,yasmin.santos1017@exemplo.com,681.820.967-07,(11) 95972623
,Lucas Barbosa,lucas.barbosa1018@exemplo.com,422.711.332-62,(11) 95980542
,Isabela Santos,isabela.santos1019@exemplo.com,N/A,N/A
,Gabriel Silva,gabriel.silva1020@exemplo.com,633.991.297-42,(11) 95996380
,Valentina Pereira,valentina.pereira1021@exemplo.com,248.171.752-06,(11) 96004299
,Sofia Ribeiro,sofia.ribeiro1022@exemplo.com,149.551.127-81,(11) 96012218
,Giovana Gomes,giovana.gomes1023@exemplo.com,472.197.054-41,(11) 96020137
,Henrique Barbosa,henrique.barbosa1024@exemplo.com,N/A,N/A
,Gabriel Lima,gabriel.lima1025@exemplo.com,740.903.802-00,(11) 96035975
,Diego Martins,diego.martins1026@exemplo.com,629.613.671-40,(11) 96043894
,Nicolas Carvalho,nicolas.carvalho1027@exemplo.com,N/A,N/A
,Thiago Martins,thiago.martins1028@exemplo.com,515.597.371-66,(11) 96059732
,Felipe Santos,felipe.santos1029@exemplo.com,082.723.590-90,(11) 96067651
,Sofia Pereira,sofia.pereira1030@exemplo.com,567.303.064-91,(11) 96075570
,Patricia Rodrigues,patricia.rodrigues1031@exemplo.com,121.461.476-01,(11) 96083489
,Diego Gomes,diego.gomes1032@exemplo.com,420.165.423-06,(11) 96091408
,Sara Teixeira,sara.teixeira1033@exemplo.com,N/A,N/A
,Larissa Costa,larissa.costa1034@exemplo.com,319.925.502-71,(11) 96107246
,Joao Dias,joao.dias1035@exemplo.com,751.648.072-03,(11) 96115165
,Olivia Fernandes,olivia.fernandes1036@exemplo.com,103.368.296-98,(11) 96123084
,Otavio Souza,otavio.souza1037@exemplo.com,N/A,N/A
,Camila Souza,camila.souza1038@exemplo.com,N/A,N/A
,Isabela Carvalho,isabela.carvalho1039@exemplo.com,N/A,N/A
,Henrique Souza,henrique.souza1040@exemplo.com,464.911.110-24,(11) 96154760
,Henrique Rodrigues,henrique.rodrigues1041@exemplo.com,N/A,N/A
,Larissa Gomes,larissa.gomes1042@exemplo.com,378.613.715-30,(11) 96170598
,Henrique Almeida,henrique.almeida1043@exemplo.com,605.384.444-60,(11) 96178517
,Beatriz Araujo,beatriz.araujo1044@exemplo.com,060.002.589-68,(11) 96186436
,Daniela Dias,daniela.dias1045@exemplo.com,296.386.396-95,(11) 96194355
,Paulo Souza,paulo.souza1046@exemplo.com,626.265.826-20,(11) 96202274
,Olivia Oliveira,olivia.oliveira1047@exemplo.com,N/A,N/A
,Fernanda Dias,fernanda.dias1048@exemplo.com,106.092.098-09,(11) 96218112
,Nicolas Moura,nicolas.moura1049@exemplo.com,602.752.334-48,(11) 96226031
,Gabriel Souza,gabriel.souza1050@exemplo.com,N/A,N/A
,Eduardo Ribeiro,eduardo.ribeiro1051@exemplo.com,791.124.421-94,(11) 96241869
,Eduardo Rodrigues,eduardo.rodrigues1052@exemplo.com,536.170.617-53,(11) 96249788
,Victor Teixeira,victor.teixeira1053@exemplo.com,665.722.402-82,(11) 96257707
,Lucas Barbosa,lucas.barbosa1054@exemplo.com,015.579.980-00,(11) 96265626
,Juliana Rodrigues,juliana.rodrigues1055@exemplo.com,N/A,N/A
,Thiago Nascimento,thiago.nascimento1056@exemplo.com,N/A,N/A
,Otavio Carvalho,otavio.carvalho1057@exemplo.com,731.584.776-61,(11) 96289383
,Vinicius Pereira,vinicius.pereira1058@exemplo.com,342.346.199-30,(11) 96297302
,Gabriel Teixeira,gabriel.teixeira1059@exemplo.com,376.769.459-09,(11) 96305221
,Carlos Barbosa,carlos.barbosa1060@exemplo.com,663.955.172-10,(11) 96313140
,Helena Pereira,helena.pereira1061@exemplo.com,496.498.560-13,(11) 96321059
,Juliana Araujo,juliana.araujo1062@exemplo.com,N/A,N/A
,Paulo Moura,paulo.moura1063@exemplo.com,N/A,N/A
,Thiago Teixeira,thiago.teixeira1064@exemplo.com,164.938.318-57,(11) 96344816
,Natalia Ribeiro,natalia.ribeiro1065@exemplo.com,196.655.330-70,(11) 96352735
,Yasmin Carvalho,yasmin.carvalho1066@exemplo.com,046.117.295-08,(11) 96360654
,Igor Carvalho,igor.carvalho1067@exemplo.com,N/A,N/A
,Henrique Lima,henrique.lima1068@exemplo.com,088.050.171-59,(11) 96376492
,Daniela Carvalho,daniela.carvalho1069@exemplo.com,N/A,N/A
,Daniela Silva,daniela.silva1070@exemplo.com,477.159.103-25,(11) 96392330
,Rodrigo Silva,rodrigo.silva1071@exemplo.com,215.632.135-32,(11) 96400249
,Felipe Nascimento,felipe.nascimento1072@exemplo.com,040.104.145-02,(11) 96408168
,Henrique Martins,henrique.martins1073@exemplo.com,N/A,N/A
,Marcelo Almeida,marcelo.almeida1074@exemplo.com,N/A,N/A
,Eduardo Ribeiro,eduardo.ribeiro1075@exemplo.com,N/A,N/A
,Camila Rodrigues,camila.rodrigues1076@exemplo.com,030.376.371-02,(11) 96439844
,Igor Almeida,igor.almeida1077@exemplo.com,988.547.281-95,(11) 96447763
,Thiago Gomes,thiago.gomes1078@exemplo.com,N/A,N/A
,Bruno Martins,bruno.martins1079@exemplo.com,249.127.113-30,(11) 96463601
,Sara Oliveira,sara.oliveira1080@exemplo.com,240.787.541-98,(11) 96471520
,Daniela Martins,daniela.martins1081@exemplo.com,N/A,N/A
,Giovana Pereira,giovana.pereira1082@exemplo.com,N/A,N/A
,Rafael Souza,rafael.souza1083@exemplo.com,948.978.610-12,(11) 96495277
,Gabriel Nascimento,gabriel.nascimento1084@exemplo.com,310.094.318-03,(11) 96503196
,Olivia Pereira,olivia.pereira1085@exemplo.com,396.661.347-64,(11) 96511115
,Marcelo Lima,marcelo.lima1086@exemplo.com,N/A,N/A
,Ana Ribeiro,ana.ribeiro1087@exemplo.com,325.122.572-31,(11) 96526953
,Diego Ribeiro,diego.ribeiro1088@exemplo.com,N/A,N/A
,Valentina Almeida,valentina.almeida1089@exemplo.com,907.371.009-07,(11) 96542791
,Natalia Fernandes,natalia.fernandes1090@exemplo.com,882.211.457-42,(11) 96550710
,Camila Barbosa,camila.barbosa1091@exemplo.com,N/A,N/A
,Juliana Fernandes,juliana.fernandes1092@exemplo.com,971.480.263-69,(11) 96566548
,Felipe Souza,felipe.souza1093@exemplo.com,703.965.313-34,(11) 96574467
,Yasmin Gomes,yasmin.gomes1094@exemplo.com,487.824.556-51,(11) 96582386
,Isabela Martins,isabela.martins1095@exemplo.com,443.098.591-00,(11) 96590305
,Patricia Lima,patricia.lima1096@exemplo.com,N/A,N/A
,Larissa Santos,larissa.santos1097@exemplo.com,N/A,N/A
,Diego Silva,diego.silva1098@exemplo.com,N/A,N/A
,Thiago Costa,thiago.costa1099@exemplo.com,042.548.821-73,(11) 96621981
,Rafael Carvalho,rafael.carvalho1100@exemplo.com,369.143.075-98,(11) 96629900
,Isabela Araujo,isabela.araujo1101@exemplo.com,661.449.429-55,(11) 96637819
,Vinicius Oliveira,vinicius.oliveira1102@exemplo.com,923.426.834-21,(11) 96645738
,Patricia Martins,patricia.martins1103@exemplo.com,497.826.612-28,(11) 96653657
,Larissa Silva,larissa.silva1104@exemplo.com,N/A,N/A
,Otavio Fernandes,otavio.fernandes1105@exemplo.com,806.129.439-76,(11) 96669495
,Ana Martins,ana.martins1106@exemplo.com,298.940.626-36,(11) 96677414
,Gabriel Lima,gabriel.lima1107@exemplo.com,870.104.159-27,(11) 96685333
,Patricia Costa,patricia.costa1108@exemplo.com,975.019.803-49,(11) 96693252
,Nicolas Souza,nicolas.souza1109@exemplo.com,N/A,N/A
,Gabriel Ribeiro,gabriel.ribeiro1110@exemplo.com,102.918.133-05,(11) 96709090
,Mariana Almeida,mariana.almeida1111@exemplo.com,087.601.467-88,(11) 96717009
,Mariana Costa,mariana.costa1112@exemplo.com,849.791.620-45,(11) 96724928
,Gabriel Dias,gabriel.dias1113@exemplo.com,328.837.744-63,(11) 96732847
,Juliana Silva,juliana.silva1114@exemplo.com,754.661.766-99,(11) 96740766
,Joao Santos,joao.santos1115@exemplo.com,471.960.940-69,(11) 96748685
,Otavio Rodrigues,otavio.rodrigues1116@exemplo.com,527.740.258-69,(11) 96756604
,Camila Martins,camila.martins1117@exemplo.com,586.812.259-36,(11) 96764523
,Mariana Dias,mariana.dias1118@exemplo.com,N/A,N/A
,Giovana Oliveira,giovana.oliveira1119@exemplo.com,884.259.959-06,(11) 96780361
,Paulo Almeida,paulo.almeida1120@exemplo.com,N/A,N/A
,Carlos Oliveira,carlos.oliveira1121@exemplo.com,126.610.941-21,(11) 96796199
,Igor Dias,igor.dias1122@exemplo.com,759.025.176-30,(11) 96804118
,Lucas Gomes,lucas.gomes1123@exemplo.com,833.477.433-85,(11) 96812037
,Ana Fernandes,ana.fernandes1124@exemplo.com,831.901.302-05,(11) 96819956
,Olivia Dias,olivia.dias1125@exemplo.com,N/A,N/A
,Isabela Carvalho,isabela.carvalho1126@exemplo.com,N/A,N/A
,Paulo Santos,paulo.santos1127@exemplo.com,N/A,N/A
,Eduardo Pereira,eduardo.pereira1128@exemplo.com,N/A,N/A
,Giovana Teixeira,giovana.teixeira1129@exemplo.com,N/A,N/A
,Henrique Nascimento,henrique.nascimento1130@exemplo.com,N/A,N/A
,Natalia Oliveira,natalia.oliveira1131@exemplo.com,N/A,N/A
,Sara Ribeiro,sara.ribeiro1132@exemplo.com,N/A,N/A
,Isabela Ribeiro,isabela.ribeiro1133@exemplo.com,240.107.835-59,(11) 96891227
,Bruno Moura,bruno.moura1134@exemplo.com,430.003.896-10,(11) 96899146
,Helena Martins,helena.martins1135@exemplo.com,706.626.682-00,(11) 96907065
,Paulo Oliveira,paulo.oliveira1136@exemplo.com,195.535.603-34,(11) 96914984
,Daniela Oliveira,daniela.oliveira1137@exemplo.com,903.689.003-98,(11) 96922903
,Rafael Lima,rafael.lima1138@exemplo.com,027.240.559-00,(11) 96930822
,Olivia Ribeiro,olivia.ribeiro1139@exemplo.com,296.711.148-14,(11) 96938741
,Thiago Araujo,thiago.araujo1140@exemplo.com,537.458.438-35,(11) 96946660
,Fernanda Rodrigues,fernanda.rodrigues1141@exemplo.com,N/A,N/A
,Carlos Almeida,carlos.almeida1142@exemplo.com,283.483.152-17,(11) 96962498
,Felipe Lima,felipe.lima1143@exemplo.com,N/A,N/A
,Joao Santos,joao.santos1144@exemplo.com,104.967.066-32,(11) 96978336
,Rodrigo Fernandes,rodrigo.fernandes1145@exemplo.com,336.268.040-20,(11) 96986255
,Isabela Gomes,isabela.gomes1146@exemplo.com,N/A,N/A
,Victor Barbosa,victor.barbosa1147@exemplo.com,018.648.769-05,(11) 97002093
,Fernanda Almeida,fernanda.almeida1148@exemplo.com,N/A,N/A
,Thiago Nascimento,thiago.nascimento1149@exemplo.com,N/A,N/A
,Larissa Silva,larissa.silva1150@exemplo.com,N/A,N/A
,Daniela Dias,daniela.dias1151@exemplo.com,707.057.836-93,(11) 97033769
,Thiago Nascimento,thiago.nascimento1152@exemplo.com,149.851.724-21,(11) 97041688
,Carlos Pereira,carlos.pereira1153@exemplo.com,N/A,N/A
,Sofia Silva,sofia.silva1154@exemplo.com,N/A,N/A
,Joao Souza,joao.souza1155@exemplo.com,580.935.118-22,(11) 97065445
,Isabela Lima,isabela.lima1156@exemplo.com,813.359.561-40,(11) 97073364
,Valentina Teixeira,valentina.teixeira1157@exemplo.com,205.955.657-00,(11) 97081283
,Olivia Araujo,olivia.araujo1158@exemplo.com,025.042.901-28,(11) 97089202
,Felipe Oliveira,felipe.oliveira1159@exemplo.com,N/A,N/A
,Patricia Santos,patricia.santos1160@exemplo.com,139.898.681-01,(11) 97105040
,Valentina Almeida,valentina.almeida1161@exemplo.com,978.875.439-24,(11) 97112959
,Henrique Fernandes,henrique.fernandes1162@exemplo.com,535.375.137-04,(11) 97120878
,Joao Gomes,joao.gomes1163@exemplo.com,158.815.793-80,(11) 97128797
,Sofia Lima,sofia.lima1164@exemplo.com,392.836.929-69,(11) 97136716
,Natalia Rodrigues,natalia.rodrigues1165@exemplo.com,551.166.829-00,(11) 97144635
,Gabriel Costa,gabriel.costa1166@exemplo.com,270.216.487-07,(11) 97152554
,Isabela Fernandes,isabela.fernandes1167@exemplo.com,060.212.886-29,(11) 97160473
,Gabriel Santos,gabriel.santos1168@exemplo.com,268.341.559-10,(11) 97168392
,Mariana Dias,mariana.dias1169@exemplo.com,157.676.472-91,(11) 97176311
,Beatriz Martins,beatriz.martins1170@exemplo.com,812.099.576-71,(11) 97184230
,Daniela Dias,daniela.dias1171@exemplo.com,289.413.475-48,(11) 97192149
,Mariana Costa,mariana.costa1172@exemplo.com,889.864.565-16,(11) 97200068
,Diego Lima,diego.lima1173@exemplo.com,N/A,N/A
,Sofia Teixeira,sofia.teixeira1174@exemplo.com,214.477.324-64,(11) 97215906
,Bruno Teixeira,bruno.teixeira1175@exemplo.com,N/A,N/A
,Valentina Dias,valentina.dias1176@exemplo.com,088.307.053-73,(11) 97231744
,Isabela Ribeiro,isabela.ribeiro1177@exemplo.com,678.274.117-20,(11) 97239663
,Beatriz Pereira,beatriz.pereira1178@exemplo.com,412.415.131-47,(11) 97247582
,Gabriel Barbosa,gabriel.barbosa1179@exemplo.com,854.781.506-65,(11) 97255501
,Paulo Rodrigues,paulo.rodrigues1180@exemplo.com,N/A,N/A
,Fernanda Barbosa,fernanda.barbosa1181@exemplo.com,472.727.423-05,(11) 97271339
,Carlos Gomes,carlos.gomes1182@exemplo.com,306.178.932-41,(11) 97279258
,Vinicius Almeida,vinicius.almeida1183@exemplo.com,496.935.782-01,(11) 97287177
,Gabriel Almeida,gabriel.almeida1184@exemplo.com,477.695.874-09,(11) 97295096
,Larissa Araujo,larissa.araujo1185@exemplo.com,146.753.612-18,(11) 97303015
,Bruno Lima,bruno.lima1186@exemplo.com,156.277.963-08,(11) 97310934
,Henrique Carvalho,henrique.carvalho1187@exemplo.com,483.608.545-48,(11) 97318853
,Carlos Lima,carlos.lima1188@exemplo.com,766.404.735-85,(11) 97326772
,Camila Costa,camila.costa1189@exemplo.com,763.928.319-16,(11) 97334691
,Eduardo Santos,eduardo.santos1190@exemplo.com,980.061.558-01,(11) 97342610
,Valentina Pereira,valentina.pereira1191@exemplo.com,835.832.863-08,(11) 97350529
,Patricia Souza,patricia.souza1192@exemplo.com,N/A,N/A
,Rafael Santos,rafael.santos1193@exemplo.com,N/A,N/A
,Otavio Gomes,otavio.gomes1194@exemplo.com,416.624.111-70,(11) 97374286
,Vinicius Araujo,vinicius.araujo1195@exemplo.com,008.921.963-51,(11) 97382205
,Victor Ribeiro,victor.ribeiro1196@exemplo.com,N/A,N/A
,Valentina Moura,valentina.moura1197@exemplo.com,646.136.847-73,(11) 97398043
,Joao Almeida,joao.almeida1198@exemplo.com,836.076.581-29,(11) 97405962
,Vinicius Araujo,vinicius.araujo1199@exemplo.com,906.375.791-35,(11) 97413881
,Fernanda Costa,fernanda.costa1200@exemplo.com,211.823.793-62,(11) 97421800
,Henrique Lima,henrique.lima1201@exemplo.com,N/A,N/A
,Olivia Moura,olivia.moura1202@exemplo.com,520.599.604-87,(11) 97437638
,Sara Oliveira,sara.oliveira1203@exemplo.com,N/A,N/A
,Lucas Rodrigues,lucas.rodrigues1204@exemplo.com,161.620.281-51,(11) 97453476
,Sara Gomes,sara.gomes1205@exemplo.com,N/A,N/A
,Elisa Dias,elisa.dias1206@exemplo.com,N/A,N/A
,Sofia Ribeiro,sofia.ribeiro1207@exemplo.com,N/A,N/A
,Henrique Pereira,henrique.pereira1208@exemplo.com,735.228.705-14,(11) 97485152
,Larissa Araujo,larissa.araujo1209@exemplo.com,271.043.318-40,(11) 97493071
,Paulo Fernandes,paulo.fernandes1210@exemplo.com,N/A,N/A
,Giovana Nascimento,giovana.nascimento1211@exemplo.com,034.469.459-38,(11) 97508909
,Mariana Nascimento,mariana.nascimento1212@exemplo.com,N/A,N/A
,Thiago Teixeira,thiago.teixeira1213@exemplo.com,912.896.599-07,(11) 97524747
,Juliana Pereira,juliana.pereira1214@exemplo.com,N/A,N/A
,Marcelo Araujo,marcelo.araujo1215@exemplo.com,705.102.876-62,(11) 97540585
,Diego Lima,diego.lima1216@exemplo.com,481.386.667-06,(11) 97548504
,Isabela Moura,isabela.moura1217@exemplo.com,858.193.242-85,(11) 97556423
,Elisa Martins,elisa.martins1218@exemplo.com,774.186.520-03,(11) 97564342
,Ana Rodrigues,ana.rodrigues1219@exemplo.com,563.983.652-08,(11) 97572261
,Elisa Nascimento,elisa.nascimento1220@exemplo.com,N/A,N/A
,Sofia Nascimento,sofia.nascimento1221@exemplo.com,809.404.760-70,(11) 97588099
,Rodrigo Souza,rodrigo.souza1222@exemplo.com,090.797.727-80,(11) 97596018
,Helena Santos,helena.santos1223@exemplo.com,050.922.216-15,(11) 97603937
,Camila Araujo,camila.araujo1224@exemplo.com,N/A,N/A
,Nicolas Barbosa,nicolas.barbosa1225@exemplo.com,N/A,N/A
,Otavio Gomes,otavio.gomes1226@exemplo.com,241.270.493-75,(11) 97627694
,Victor Oliveira,victor.oliveira1227@exemplo.com,N/A,N/A
,Yasmin Silva,yasmin.silva1228@exemplo.com,971.112.125-50,(11) 97643532
,Igor Lima,igor.lima1229@exemplo.com,N/A,N/A
,Paulo Rodrigues,paulo.rodrigues1230@exemplo.com,N/A,N/A
,Diego Dias,diego.dias1231@exemplo.com,432.447.417-62,(11) 97667289
,Rodrigo Dias,rodrigo.dias1232@exemplo.com,558.720.962-83,(11) 97675208
,Fernanda Barbosa,fernanda.barbosa1233@exemplo.com,N/A,N/A
,Marcelo Costa,marcelo.costa1234@exemplo.com,N/A,N/A
,Gabriel Fernandes,gabriel.fernandes1235@exemplo.com,N/A,N/A
,Vinicius Pereira,vinicius.pereira1236@exemplo.com,026.755.125-83,(11) 97706884
,Isabela Carvalho,isabela.carvalho1237@exemplo.com,N/A,N/A
,Carlos Almeida,carlos.almeida1238@exemplo.com,734.595.764-05,(11) 97722722
,Lucas Barbosa,lucas.barbosa1239@exemplo.com,N/A,N/A
,Daniela Oliveira,daniela.oliveira1240@exemplo.com,249.839.225-47,(11) 97738560
,Nicolas Pereira,nicolas.pereira1241@exemplo.com,425.762.702-63,(11) 97746479
,Juliana Moura,juliana.moura1242@exemplo.com,441.233.613-15,(11) 97754398
,Olivia Ribeiro,olivia.ribeiro1243@exemplo.com,507.251.786-12,(11) 97762317
,Beatriz Lima,beatriz.lima1244@exemplo.com,N/A,N/A
,Paulo Teixeira,paulo.teixeira1245@exemplo.com,696.815.790-03,(11) 97778155
,Giovana Oliveira,giovana.oliveira1246@exemplo.com,235.558.099-54,(11) 97786074
,Camila Carvalho,camila.carvalho1247@exemplo.com,N/A,N/A
,Henrique Pereira,henrique.pereira1248@exemplo.com,262.446.704-18,(11) 97801912
,Ana Pereira,ana.pereira1249@exemplo.com,268.171.516-43,(11) 97809831
,Isabela Santos,isabela.santos1250@exemplo.com,529.867.076-88,(11) 97817750
,Camila Moura,camila.moura1251@exemplo.com,N/A,N/A
,Camila Dias,camila.dias1252@exemplo.com,512.686.120-49,(11) 97833588
,Carlos Souza,carlos.souza1253@exemplo.com,438.976.074-25,(11) 97841507
,Valentina Silva,valentina.silva1254@exemplo.com,N/A,N/A
,Vinicius Santos,vinicius.santos1255@exemplo.com,842.456.075-21,(11) 97857345
,Rodrigo Souza,rodrigo.souza1256@exemplo.com,N/A,N/A
,Patricia Dias,patricia.dias1257@exemplo.com,N/A,N/A
,Felipe Barbosa,felipe.barbosa1258@exemplo.com,701.550.291-77,(11) 97881102
,Isabela Souza,isabela.souza1259@exemplo.com,N/A,N/A
,Elisa Dias,elisa.dias1260@exemplo.com,394.498.830-25,(11) 97896940
,Giovana Pereira,giovana.pereira1261@exemplo.com,736.424.809-93,(11) 97904859
,Thiago Martins,thiago.martins1262@exemplo.com,N/A,N/A
,Valentina Teixeira,valentina.teixeira1263@exemplo.com,N/A,N/A
,Ana Araujo,ana.araujo1264@exemplo.com,796.958.678-39,(11) 97928616
,Lucas Carvalho,lucas.carvalho1265@exemplo.com,555.727.738-24,(11) 97936535
,Olivia Barbosa,olivia.barbosa1266@exemplo.com,460.917.851-68,(11) 97944454
,Yasmin Pereira,yasmin.pereira1267@exemplo.com,N/A,N/A
,Rafael Carvalho,rafael.carvalho1268@exemplo.com,N/A,N/A
,Helena Dias,helena.dias1269@exemplo.com,826.911.633-50,(11) 97968211
,Thiago Araujo,thiago.araujo1270@exemplo.com,N/A,N/A
,Natalia Martins,natalia.martins1271@exemplo.com,515.888.636-97,(11) 97984049
,Larissa Pereira,larissa.pereira1272@exemplo.com,N/A,N/A
,Paulo Costa,paulo.costa1273@exemplo.com,169.666.309-18,(11) 97999887
,Rafael Pereira,rafael.pereira1274@exemplo.com,998.199.605-09,(11) 98007806
,Nicolas Pereira,nicolas.pereira1275@exemplo.com,N/A,N/A
,Eduardo Silva,eduardo.silva1276@exemplo.com,753.273.524-98,(11) 98023644
,Larissa Barbosa,larissa.barbosa1277@exemplo.com,397.739.732-04,(11) 98031563
,Henrique Barbosa,henrique.barbosa1278@exemplo.com,195.237.100-79,(11) 98039482
,Bruno Martins,bruno.martins1279@exemplo.com,N/A,N/A
,Isabela Souza,isabela.souza1280@exemplo.com,704.605.687-01,(11) 98055320
,Juliana Almeida,juliana.almeida1281@exemplo.com,124.912.565-09,(11) 98063239
,Sofia Araujo,sofia.araujo1282@exemplo.com,734.151.773-51,(11) 98071158
,Igor Costa,igor.costa1283@exemplo.com,N/A,N/A
,Lucas Dias,lucas.dias1284@exemplo.com,N/A,N/A
,Felipe Nascimento,felipe.nascimento1285@exemplo.com,477.422.294-12,(11) 98094915
,Elisa Barbosa,elisa.barbosa1286@exemplo.com,303.942.904-37,(11) 98102834
,Beatriz Barbosa,beatriz.barbosa1287@exemplo.com,867.925.298-00,(11) 98110753
,Ana Oliveira,ana.oliveira1288@exemplo.com,567.287.276-04,(11) 98118672
,Nicolas Fernandes,nicolas.fernandes1289@exemplo.com,534.332.491-64,(11) 98126591
,Giovana Souza,giovana.souza1290@exemplo.com,N/A,N/A
,Joao Dias,joao.dias1291@exemplo.com,581.488.810-57,(11) 98142429
,Carlos Teixeira,carlos.teixeira1292@exemplo.com,N/A,N/A
,Daniela Rodrigues,daniela.rodrigues1293@exemplo.com,484.131.284-63,(11) 98158267
,Beatriz Oliveira,beatriz.oliveira1294@exemplo.com,339.977.180-08,(11) 98166186
,Yasmin Rodrigues,yasmin.rodrigues1295@exemplo.com,371.717.318-98,(11) 98174105
,Nicolas Dias,nicolas.dias1296@exemplo.com,974.909.617-77,(11) 98182024
,Camila Barbosa,camila.barbosa1297@exemplo.com,970.469.472-52,(11) 98189943
,Sara Barbosa,sara.barbosa1298@exemplo.com,N/A,N/A
,Natalia Pereira,natalia.pereira1299@exemplo.com,471.270.587-68,(11) 98205781
,Nicolas Souza,nicolas.souza1300@exemplo.com,N/A,N/A
,Vinicius Teixeira,vinicius.teixeira1301@exemplo.com,334.845.871-48,(11) 98221619
,Lucas Araujo,lucas.araujo1302@exemplo.com,392.523.622-82,(11) 98229538
,Elisa Costa,elisa.costa1303@exemplo.com,N/A,N/A
,Henrique Silva,henrique.silva1304@exemplo.com,455.574.696-13,(11) 98245376
,Olivia Nascimento,olivia.nascimento1305@exemplo.com,N/A,N/A
,Nicolas Rodrigues,nicolas.rodrigues1306@exemplo.com,N/A,N/A
,Marcelo Dias,marcelo.dias1307@exemplo.com,987.411.325-13,(11) 98269133
,Daniela Souza,daniela.souza1308@exemplo.com,N/A,N/A
,Igor Oliveira,igor.oliveira1309@exemplo.com,N/A,N/A
,Fernanda Martins,fernanda.martins1310@exemplo.com,562.294.938-61,(11) 98292890
,Igor Oliveira,igor.oliveira1311@exemplo.com,359.848.840-89,(11) 98300809
,Elisa Araujo,elisa.araujo1312@exemplo.com,557.325.737-47,(11) 98308728
,Giovana Ribeiro,giovana.ribeiro1313@exemplo.com,N/A,N/A
,Otavio Araujo,otavio.araujo1314@exemplo.com,080.850.960-80,(11) 98324566
,Sara Souza,sara.souza1315@exemplo.com,874.951.191-28,(11) 98332485
,Isabela Nascimento,isabela.nascimento1316@exemplo.com,828.197.931-34,(11) 98340404
,Patricia Gomes,patricia.gomes1317@exemplo.com,772.512.957-09,(11) 98348323
,Paulo Araujo,paulo.araujo1318@exemplo.com,N/A,N/A
,Victor Fernandes,victor.fernandes1319@exemplo.com,624.395.873-62,(11) 98364161
,Rodrigo Teixeira,rodrigo.teixeira1320@exemplo.com,N/A,N/A
,Nicolas Lima,nicolas.lima1321@exemplo.com,028.515.533-48,(11) 98379999
,Helena Carvalho,helena.carvalho1322@exemplo.com,264.335.027-84,(11) 98387918
,Olivia Carvalho,olivia.carvalho1323@exemplo.com,N/A,N/A
,Olivia Souza,olivia.souza1324@exemplo.com,N/A,N/A
,Elisa Ribeiro,elisa.ribeiro1325@exemplo.com,795.563.318-08,(11) 98411675
,Gabriel Fernandes,gabriel.fernandes1326@exemplo.com,481.700.666-89,(11) 98419594
,Bruno Nascimento,bruno.nascimento1327@exemplo.com,541.643.167-99,(11) 98427513
,Juliana Costa,juliana.costa1328@exemplo.com,502.329.028-01,(11) 98435432
,Lucas Gomes,lucas.gomes1329@exemplo.com,N/A,N/A
,Natalia Rodrigues,natalia.rodrigues1330@exemplo.com,228.225.120-27,(11) 98451270
,Bruno Ribeiro,bruno.ribeiro1331@exemplo.com,N/A,N/A
,Lucas Souza,lucas.souza1332@exemplo.com,026.086.982-12,(11) 98467108
,Henrique Moura,henrique.moura1333@exemplo.com,053.161.177-94,(11) 98475027
,Beatriz Moura,beatriz.moura1334@exemplo.com,N/A,N/A
,Otavio Costa,otavio.costa1335@exemplo.com,591.779.323-90,(11) 98490865
,Paulo Nascimento,paulo.nascimento1336@exemplo.com,N/A,N/A
,Igor Araujo,igor.araujo1337@exemplo.com,245.798.894-28,(11) 98506703
,Ana Costa,ana.costa1338@exemplo.com,652.906.032-47,(11) 98514622
,Diego Rodrigues,diego.rodrigues1339@exemplo.com,032.650.977-14,(11) 98522541
,Helena Nascimento,helena.nascimento1340@exemplo.com,N/A,N/A
,Gabriel Araujo,gabriel.araujo1341@exemplo.com,N/A,N/A
,Paulo Martins,paulo.martins1342@exemplo.com,841.560.821-72,(11) 98546298
,Sara Oliveira,sara.oliveira1343@exemplo.com,118.425.476-15,(11) 98554217
,Diego Barbosa,diego.barbosa1344@exemplo.com,826.832.303-54,(11) 98562136
,Paulo Barbosa,paulo.barbosa1345@exemplo.com,929.880.858-54,(11) 98570055
,Isabela Rodrigues,isabela.rodrigues1346@exemplo.com,N/A,N/A
,Beatriz Costa,beatriz.costa1347@exemplo.com,406.468.677-25,(11) 98585893
,Eduardo Santos,eduardo.santos1348@exemplo.com,N/A,N/A
,Giovana Dias,giovana.dias1349@exemplo.com,622.723.626-80,(11) 98601731
,Yasmin Costa,yasmin.costa1350@exemplo.com,335.134.261-60,(11) 98609650
,Patricia Souza,patricia.souza1351@exemplo.com,372.450.184-64,(11) 98617569
,Juliana Oliveira,juliana.oliveira1352@exemplo.com,973.741.897-29,(11) 98625488
,Lucas Ribeiro,lucas.ribeiro1353@exemplo.com,540.641.769-01,(11) 98633407
,Natalia Gomes,natalia.gomes1354@exemplo.com,N/A,N/A
,Sofia Fernandes,sofia.fernandes1355@exemplo.com,N/A,N/A
,Isabela Nascimento,isabela.nascimento1356@exemplo.com,101.739.739-22,(11) 98657164
,Carlos Teixeira,carlos.teixeira1357@exemplo.com,N/A,N/A
,Henrique Carvalho,henrique.carvalho1358@exemplo.com,N/A,N/A
,Bruno Rodrigues,bruno.rodrigues1359@exemplo.com,057.798.066-16,(11) 98680921
,Sofia Fernandes,sofia.fernandes1360@exemplo.com,920.514.607-28,(11) 98688840
,Lucas Rodrigues,lucas.rodrigues1361@exemplo.com,N/A,N/A
,Diego Teixeira,diego.teixeira1362@exemplo.com,N/A,N/A
,Natalia Pereira,natalia.pereira1363@exemplo.com,835.411.659-01,(11) 98712597
,Lucas Araujo,lucas.araujo1364@exemplo.com,N/A,N/A
,Rodrigo Pereira,rodrigo.pereira1365@exemplo.com,N/A,N/A
,Juliana Araujo,juliana.araujo1366@exemplo.com,691.311.964-03,(11) 98736354
,Fernanda Araujo,fernanda.araujo1367@exemplo.com,N/A,N/A
,Paulo Almeida,paulo.almeida1368@exemplo.com,N/A,N/A
,Marcelo Martins,marcelo.martins1369@exemplo.com,337.320.430-53,(11) 98760111
,Giovana Dias,giovana.dias1370@exemplo.com,N/A,N/A
,Rodrigo Fernandes,rodrigo.fernandes1371@exemplo.com,645.465.535-01,(11) 98775949
,Marcelo Moura,marcelo.moura1372@exemplo.com,125.389.218-05,(11) 98783868
,Victor Santos,victor.santos1373@exemplo.com,519.358.374-19,(11) 98791787
,Sara Martins,sara.martins1374@exemplo.com,N/A,N/A
,Victor Nascimento,victor.nascimento1375@exemplo.com,805.721.514-38,(11) 98807625
,Rodrigo Lima,rodrigo.lima1376@exemplo.com,097.626.374-29,(11) 98815544
,Ana Teixeira,ana.teixeira1377@exemplo.com,N/A,N/A
,Lucas Rodrigues,lucas.rodrigues1378@exemplo.com,059.119.186-50,(11) 98831382
,Gabriel Carvalho,gabriel.carvalho1379@exemplo.com,392.207.151-12,(11) 98839301
,Vinicius Fernandes,vinicius.fernandes1380@exemplo.com,966.672.521-56,(11) 98847220
,Paulo Fernandes,paulo.fernandes1381@exemplo.com,N/A,N/A
,Sara Santos,sara.santos1382@exemplo.com,157.184.090-72,(11) 98863058
,Vinicius Silva,vinicius.silva1383@exemplo.com,512.080.056-42,(11) 98870977
,Rodrigo Rodrigues,rodrigo.rodrigues1384@exemplo.com,995.123.972-26,(11) 98878896
,Otavio Costa,otavio.costa1385@exemplo.com,512.959.272-76,(11) 98886815
,Diego Pereira,diego.pereira1386@exemplo.com,709.081.441-64,(11) 98894734
,Camila Martins,camila.martins1387@exemplo.com,N/A,N/A
,Juliana Almeida,juliana.almeida1388@exemplo.com,867.181.535-83,(11) 98910572
,Patricia Oliveira,patricia.oliveira1389@exemplo.com,N/A,N/A
,Valentina Araujo,valentina.araujo1390@exemplo.com,589.988.683-85,(11) 98926410
,Natalia Silva,natalia.silva1391@exemplo.com,273.466.661-86,(11) 98934329
,Valentina Santos,valentina.santos1392@exemplo.com,715.879.647-75,(11) 98942248
,Beatriz Santos,beatriz.santos1393@exemplo.com,803.149.982-92,(11) 98950167
,Isabela Barbosa,isabela.barbosa1394@exemplo.com,800.463.580-64,(11) 98958086
,Paulo Araujo,paulo.araujo1395@exemplo.com,N/A,N/A
,Olivia Souza,olivia.souza1396@exemplo.com,137.399.006-60,(11) 98973924
,Carlos Costa,carlos.costa1397@exemplo.com,403.526.356-73,(11) 98981843
,Thiago Gomes,thiago.gomes1398@exemplo.com,N/A,N/A
,Ana Carvalho,ana.carvalho1399@exemplo.com,066.643.749-19,(11) 98997681
,Eduardo Pereira,eduardo.pereira1400@exemplo.com,072.311.127-81,(11) 99005600
,Victor Nascimento,victor.nascimento1401@exemplo.com,852.464.844-91,(11) 99013519
,Patricia Santos,patricia.santos1402@exemplo.com,116.318.732-10,(11) 99021438
,Eduardo Almeida,eduardo.almeida1403@exemplo.com,N/A,N/A
,Nicolas Rodrigues,nicolas.rodrigues1404@exemplo.com,695.727.908-11,(11) 99037276
,Larissa Rodrigues,larissa.rodrigues1405@exemplo.com,N/A,N/A
,Nicolas Araujo,nicolas.araujo1406@exemplo.com,066.248.132-10,(11) 99053114
,Lucas Costa,lucas.costa1407@exemplo.com,707.139.848-80,(11) 99061033
,Lucas Araujo,lucas.araujo1408@exemplo.com,850.116.880-70,(11) 99068952
,Daniela Carvalho,daniela.carvalho1409@exemplo.com,N/A,N/A
,Victor Carvalho,victor.carvalho1410@exemplo.com,913.098.107-70,(11) 99084790
,Larissa Ribeiro,larissa.ribeiro1411@exemplo.com,496.737.945-10,(11) 99092709
,Sofia Pereira,sofia.pereira1412@exemplo.com,278.532.426-97,(11) 99100628
,Paulo Carvalho,paulo.carvalho1413@exemplo.com,N/A,N/A
,Felipe Martins,felipe.martins1414@exemplo.com,N/A,N/A
,Nicolas Dias,nicolas.dias1415@exemplo.com,555.628.333-87,(11) 99124385
,Giovana Costa,giovana.costa1416@exemplo.com,395.786.543-32,(11) 99132304
,Olivia Araujo,olivia.araujo1417@exemplo.com,N/A,N/A
,Felipe Dias,felipe.dias1418@exemplo.com,N/A,N/A
,Beatriz Martins,beatriz.martins1419@exemplo.com,249.269.326-01,(11) 99156061
,Eduardo Oliveira,eduardo.oliveira1420@exemplo.com,327.599.801-38,(11) 99163980
,Olivia Lima,olivia.lima1421@exemplo.com,000.515.532-01,(11) 99171899
,Valentina Lima,valentina.lima1422@exemplo.com,N/A,N/A
,Henrique Pereira,henrique.pereira1423@exemplo.com,182.226.189-97,(11) 99187737
,Carlos Costa,carlos.costa1424@exemplo.com,N/A,N/A
,Yasmin Dias,yasmin.dias1425@exemplo.com,676.720.957-06,(11) 99203575
,Eduardo Pereira,eduardo.pereira1426@exemplo.com,270.795.515-95,(11) 99211494
,Fernanda Fernandes,fernanda.fernandes1427@exemplo.com,294.621.354-44,(11) 99219413
,Nicolas Barbosa,nicolas.barbosa1428@exemplo.com,970.996.254-03,(11) 99227332
,Sofia Martins,sofia.martins1429@exemplo.com,N/A,N/A
,Igor Teixeira,igor.teixeira1430@exemplo.com,N/A,N/A
,Carlos Nascimento,carlos.nascimento1431@exemplo.com,090.463.766-21,(11) 99251089
,Sofia Moura,sofia.moura1432@exemplo.com,655.866.525-52,(11) 99259008
,Helena Silva,helena.silva1433@exemplo.com,374.417.158-22,(11) 99266927
,Rafael Oliveira,rafael.oliveira1434@exemplo.com,213.125.129-70,(11) 99274846
,Camila Souza,camila.souza1435@exemplo.com,100.591.297-19,(11) 99282765
,Ana Gomes,ana.gomes1436@exemplo.com,N/A,N/A
,Nicolas Ribeiro,nicolas.ribeiro1437@exemplo.com,330.165.837-71,(11) 99298603
,Ana Oliveira,ana.oliveira1438@exemplo.com,927.490.728-16,(11) 99306522
,Nicolas Pereira,nicolas.pereira1439@exemplo.com,234.289.311-65,(11) 99314441
,Valentina Rodrigues,valentina.rodrigues1440@exemplo.com,532.694.968-77,(11) 99322360
,Eduardo Santos,eduardo.santos1441@exemplo.com,645.380.442-53,(11) 99330279
,Fernanda Araujo,fernanda.araujo1442@exemplo.com,175.096.170-90,(11) 99338198
,Marcelo Fernandes,marcelo.fernandes1443@exemplo.com,N/A,N/A
,Carlos Fernandes,carlos.fernandes1444@exemplo.com,747.583.392-52,(11) 99354036
,Juliana Carvalho,juliana.carvalho1445@exemplo.com,677.567.772-39,(11) 99361955
,Isabela Pereira,isabela.pereira1446@exemplo.com,N/A,N/A
,Thiago Araujo,thiago.araujo1447@exemplo.com,N/A,N/A
,Nicolas Ribeiro,nicolas.ribeiro1448@exemplo.com,307.624.843-06,(11) 99385712
,Eduardo Araujo,eduardo.araujo1449@exemplo.com,N/A,N/A
,Natalia Silva,natalia.silva1450@exemplo.com,N/A,N/A
,Igor Barbosa,igor.barbosa1451@exemplo.com,425.496.919-89,(11) 99409469
,Joao Fernandes,joao.fernandes1452@exemplo.com,455.259.710-89,(11) 99417388
,Camila Dias,camila.dias1453@exemplo.com,N/A,N/A
,Rafael Ribeiro,rafael.ribeiro1454@exemplo.com,N/A,N/A
,Beatriz Oliveira,beatriz.oliveira1455@exemplo.com,970.581.629-80,(11) 99441145
,Thiago Costa,thiago.costa1456@exemplo.com,877.941.763-95,(11) 99449064
,Marcelo Moura,marcelo.moura1457@exemplo.com,507.330.559-07,(11) 99456983
,Helena Lima,helena.lima1458@exemplo.com,245.759.833-81,(11) 99464902
,Vinicius Nascimento,vinicius.nascimento1459@exemplo.com,N/A,N/A
,Juliana Martins,juliana.martins1460@exemplo.com,324.006.157-05,(11) 99480740
,Thiago Rodrigues,thiago.rodrigues1461@exemplo.com,N/A,N/A
,Daniela Araujo,daniela.araujo1462@exemplo.com,974.292.501-14,(11) 99496578
,Beatriz Carvalho,beatriz.carvalho1463@exemplo.com,N/A,N/A
,Otavio Santos,otavio.santos1464@exemplo.com,259.045.990-48,(11) 99512416
,Rafael Oliveira,rafael.oliveira1465@exemplo.com,271.122.182-25,(11) 99520335
,Rodrigo Santos,rodrigo.santos1466@exemplo.com,555.165.176-21,(11) 99528254
,Helena Nascimento,helena.nascimento1467@exemplo.com,866.281.372-01,(11) 99536173
,Carlos Almeida,carlos.almeida1468@exemplo.com,330.800.370-81,(11) 99544092
,Otavio Lima,otavio.lima1469@exemplo.com,322.855.660-34,(11) 99552011
,Olivia Almeida,olivia.almeida1470@exemplo.com,N/A,N/A
,Giovana Rodrigues,giovana.rodrigues1471@exemplo.com,N/A,N/A
,Felipe Pereira,felipe.pereira1472@exemplo.com,280.944.858-25,(11) 99575768
,Valentina Martins,valentina.martins1473@exemplo.com,394.535.461-78,(11) 99583687
,Felipe Souza,felipe.souza1474@exemplo.com,079.863.210-08,(11) 99591606
,Daniela Almeida,daniela.almeida1475@exemplo.com,N/A,N/A
,Camila Rodrigues,camila.rodrigues1476@exemplo.com,943.804.032-38,(11) 99607444
,Sara Teixeira,sara.teixeira1477@exemplo.com,N/A,N/A
,Ana Nascimento,ana.nascimento1478@exemplo.com,431.910.090-51,(11) 99623282
,Olivia Rodrigues,olivia.rodrigues1479@exemplo.com,047.692.105-82,(11) 99631201
,Vinicius Costa,vinicius.costa1480@exemplo.com,651.460.401-33,(11) 99639120
,Fernanda Almeida,fernanda.almeida1481@exemplo.com,473.107.201-80,(11) 99647039
,Juliana Rodrigues,juliana.rodrigues1482@exemplo.com,N/A,N/A
,Mariana Silva,mariana.silva1483@exemplo.com,166.007.676-50,(11) 99662877
,Thiago Rodrigues,thiago.rodrigues1484@exemplo.com,901.447.340-01,(11) 99670796
,Daniela Lima,daniela.lima1485@exemplo.com,N/A,N/A
,Elisa Moura,elisa.moura1486@exemplo.com,519.577.825-60,(11) 99686634
,Larissa Fernandes,larissa.fernandes1487@exemplo.com,825.562.965-34,(11) 99694553
,Sofia Costa,sofia.costa1488@exemplo.com,N/A,N/A
,Juliana Teixeira,juliana.teixeira1489@exemplo.com,N/A,N/A
,Helena Barbosa,helena.barbosa1490@exemplo.com,582.923.616-85,(11) 99718310
,Paulo Araujo,paulo.araujo1491@exemplo.com,N/A,N/A
,Victor Fernandes,victor.fernandes1492@exemplo.com,715.586.863-98,(11) 99734148
,Natalia Costa,natalia.costa1493@exemplo.com,613.723.081-30,(11) 99742067
,Bruno Silva,bruno.silva1494@exemplo.com,143.643.813-65,(11) 99749986
,Helena Gomes,helena.gomes1495@exemplo.com,041.321.147-91,(11) 99757905
,Vinicius Gomes,vinicius.gomes1496@exemplo.com,N/A,N/A
,Beatriz Fernandes,beatriz.fernandes1497@exemplo.com,997.990.707-08,(11) 99773743
,Diego Ribeiro,diego.ribeiro1498@exemplo.com,N/A,N/A
,Fernanda Almeida,fernanda.almeida1499@exemplo.com,N/A,N/A
,Vinicius Moura,vinicius.moura1500@exemplo.com,176.539.705-75,(11) 99797500
,Otavio Martins,otavio.martins1501@exemplo.com,739.610.290-16,(11) 99805419
,Sofia Dias,sofia.dias1502@exemplo.com,N/A,N/A
,Camila Gomes,camila.gomes1503@exemplo.com,N/A,N/A
,Mariana Carvalho,mariana.carvalho1504@exemplo.com,N/A,N/A
,Helena Souza,helena.souza1505@exemplo.com,042.359.737-03,(11) 99837095
,Isabela Silva,isabela.silva1506@exemplo.com,222.990.775-10,(11) 99845014
,Sara Gomes,sara.gomes1507@exemplo.com,858.167.046-64,(11) 99852933
,Igor Souza,igor.souza1508@exemplo.com,111.457.683-26,(11) 99860852
,Sara Nascimento,sara.nascimento1509@exemplo.com,021.923.785-99,(11) 99868771
,Nicolas Costa,nicolas.costa1510@exemplo.com,712.961.803-52,(11) 99876690
,Patricia Nascimento,patricia.nascimento1511@exemplo.com,426.050.801-61,(11) 99884609
,Nicolas Ribeiro,nicolas.ribeiro1512@exemplo.com,N/A,N/A
,Juliana Costa,juliana.costa1513@exemplo.com,773.126.881-01,(11) 99900447
,Henrique Fernandes,henrique.fernandes1514@exemplo.com,821.781.923-86,(11) 99908366
,Nicolas Fernandes,nicolas.fernandes1515@exemplo.com,N/A,N/A
,Lucas Almeida,lucas.almeida1516@exemplo.com,679.327.986-63,(11) 99924204
,Eduardo Moura,eduardo.moura1517@exemplo.com,984.716.906-32,(11) 99932123
,Vinicius Moura,vinicius.moura1518@exemplo.com,120.546.475-19,(11) 99940042
,Victor Costa,victor.costa1519@exemplo.com,N/A,N/A
,Sofia Nascimento,sofia.nascimento1520@exemplo.com,N/A,N/A
,Nicolas Fernandes,nicolas.fernandes1521@exemplo.com,449.835.539-32,(11) 99963799
,Nicolas Teixeira,nicolas.teixeira1522@exemplo.com,435.864.496-15,(11) 99971718
,Yasmin Barbosa,yasmin.barbosa1523@exemplo.com,243.588.537-73,(11) 99979637
,Elisa Almeida,elisa.almeida1524@exemplo.com,214.339.527-26,(11) 99987556
,Eduardo Nascimento,eduardo.nascimento1525@exemplo.com,N/A,N/A
,Larissa Moura,larissa.moura1526@exemplo.com,168.601.347-71,(11) 90003394
,Natalia Teixeira,natalia.teixeira1527@exemplo.com,N/A,N/A
,Elisa Santos,elisa.santos1528@exemplo.com,N/A,N/A
,Isabela Rodrigues,isabela.rodrigues1529@exemplo.com,014.188.421-50,(11) 90027151
,Isabela Almeida,isabela.almeida1530@exemplo.com,090.015.944-84,(11) 90035070
,Juliana Silva,juliana.silva1531@exemplo.com,N/A,N/A
,Bruno Pereira,bruno.pereira1532@exemplo.com,895.326.389-11,(11) 90050908
,Paulo Almeida,paulo.almeida1533@exemplo.com,199.471.136-12,(11) 90058827
,Vinicius Gomes,vinicius.gomes1534@exemplo.com,792.234.103-20,(11) 90066746
,Joao Martins,joao.martins1535@exemplo.com,N/A,N/A
,Isabela Barbosa,isabela.barbosa1536@exemplo.com,269.608.437-82,(11) 90082584
,Olivia Fernandes,olivia.fernandes1537@exemplo.com,550.789.679-82,(11) 90090503
,Diego Carvalho,diego.carvalho1538@exemplo.com,219.626.335-43,(11) 90098422
,Rafael Oliveira,rafael.oliveira1539@exemplo.com,434.369.709-64,(11) 90106341
,Isabela Martins,isabela.martins1540@exemplo.com,N/A,N/A
,Marcelo Pereira,marcelo.pereira1541@exemplo.com,N/A,N/A
,Elisa Santos,elisa.santos1542@exemplo.com,239.898.306-43,(11) 90130098
,Patricia Nascimento,patricia.nascimento1543@exemplo.com,312.198.041-69,(11) 90138017
,Vinicius Pereira,vinicius.pereira1544@exemplo.com,724.264.236-17,(11) 90145936
,Sara Ribeiro,sara.ribeiro1545@exemplo.com,N/A,N/A
,Thiago Pereira,thiago.pereira1546@exemplo.com,623.039.111-25,(11) 90161774
,Rafael Silva,rafael.silva1547@exemplo.com,N/A,N/A
,Igor Pereira,igor.pereira1548@exemplo.com,524.808.806-21,(11) 90177612
,Larissa Almeida,larissa.almeida1549@exemplo.com,072.239.594-95,(11) 90185531
,Igor Silva,igor.silva1550@exemplo.com,N/A,N/A
,Larissa Barbosa,larissa.barbosa1551@exemplo.com,478.768.868-50,(11) 90201369
,Natalia Costa,natalia.costa1552@exemplo.com,599.648.628-81,(11) 90209288
,Felipe Carvalho,felipe.carvalho1553@exemplo.com,031.954.196-70,(11) 90217207
,Juliana Martins,juliana.martins1554@exemplo.com,450.573.036-00,(11) 90225126
,Sofia Ribeiro,sofia.ribeiro1555@exemplo.com,N/A,N/A
,Rafael Costa,rafael.costa1556@exemplo.com,677.537.260-48,(11) 90240964
,Valentina Fernandes,valentina.fernandes1557@exemplo.com,145.057.661-36,(11) 90248883
,Vinicius Barbosa,vinicius.barbosa1558@exemplo.com,887.071.553-10,(11) 90256802
,Olivia Barbosa,olivia.barbosa1559@exemplo.com,201.284.008-62,(11) 90264721
,Beatriz Lima,beatriz.lima1560@exemplo.com,507.659.759-20,(11) 90272640
,Carlos Moura,carlos.moura1561@exemplo.com,N/A,N/A
,Juliana Rodrigues,juliana.rodrigues1562@exemplo.com,N/A,N/A
,Ana Costa,ana.costa1563@exemplo.com,196.463.004-56,(11) 90296397
,Sofia Rodrigues,sofia.rodrigues1564@exemplo.com,369.362.689-86,(11) 90304316
,Lucas Ribeiro,lucas.ribeiro1565@exemplo.com,N/A,N/A
,Sara Moura,sara.moura1566@exemplo.com,117.595.749-61,(11) 90320154
,Paulo Silva,paulo.silva1567@exemplo.com,558.298.493-30,(11) 90328073
,Yasmin Lima,yasmin.lima1568@exemplo.com,N/A,N/A
,Gabriel Moura,gabriel.moura1569@exemplo.com,412.833.372-74,(11) 90343911
,Rafael Pereira,rafael.pereira1570@exemplo.com,N/A,N/A
,Henrique Ribeiro,henrique.ribeiro1571@exemplo.com,971.506.662-30,(11) 90359749
,Yasmin Rodrigues,yasmin.rodrigues1572@exemplo.com,055.143.776-60,(11) 90367668
,Beatriz Dias,beatriz.dias1573@exemplo.com,N/A,N/A
,Natalia Oliveira,natalia.oliveira1574@exemplo.com,611.110.286-99,(11) 90383506
,Diego Dias,diego.dias1575@exemplo.com,200.720.245-00,(11) 90391425
,Carlos Teixeira,carlos.teixeira1576@exemplo.com,102.451.091-37,(11) 90399344
,Patricia Oliveira,patricia.oliveira1577@exemplo.com,032.671.494-44,(11) 90407263
,Gabriel Ribeiro,gabriel.ribeiro1578@exemplo.com,942.179.428-18,(11) 90415182
,Diego Barbosa,diego.barbosa1579@exemplo.com,934.065.277-01,(11) 90423101
,Larissa Costa,larissa.costa1580@exemplo.com,446.634.533-33,(11) 90431020
,Igor Costa,igor.costa1581@exemplo.com,201.091.217-91,(11) 90438939
,Helena Moura,helena.moura1582@exemplo.com,145.593.766-54,(11) 90446858
,Diego Oliveira,diego.oliveira1583@exemplo.com,943.705.263-88,(11) 90454777
,Joao Costa,joao.costa1584@exemplo.com,004.627.765-06,(11) 90462696
,Fernanda Ribeiro,fernanda.ribeiro1585@exemplo.com,565.920.246-23,(11) 90470615
,Nicolas Pereira,nicolas.pereira1586@exemplo.com,N/A,N/A
,Gabriel Ribeiro,gabriel.ribeiro1587@exemplo.com,600.559.550-45,(11) 90486453
,Patricia Dias,patricia.dias1588@exemplo.com,833.258.486-80,(11) 90494372
,Rodrigo Martins,rodrigo.martins1589@exemplo.com,993.607.984-10,(11) 90502291
,Larissa Teixeira,larissa.teixeira1590@exemplo.com,045.069.176-42,(11) 90510210
,Paulo Dias,paulo.dias1591@exemplo.com,N/A,N/A
,Rafael Carvalho,rafael.carvalho1592@exemplo.com,464.083.037-81,(11) 90526048
,Otavio Lima,otavio.lima1593@exemplo.com,N/A,N/A
,Rafael Carvalho,rafael.carvalho1594@exemplo.com,907.938.841-60,(11) 90541886
,Rafael Ribeiro,rafael.ribeiro1595@exemplo.com,852.830.615-15,(11) 90549805
,Isabela Rodrigues,isabela.rodrigues1596@exemplo.com,N/A,N/A
,Juliana Souza,juliana.souza1597@exemplo.com,251.448.811-73,(11) 90565643
,Otavio Moura,otavio.moura1598@exemplo.com,031.421.751-72,(11) 90573562
,Diego Pereira,diego.pereira1599@exemplo.com,N/A,N/A
,Juliana Araujo,juliana.araujo1600@exemplo.com,638.409.112-73,(11) 90589400
,Isabela Souza,isabela.souza1601@exemplo.com,N/A,N/A
,Paulo Ribeiro,paulo.ribeiro1602@exemplo.com,N/A,N/A
,Nicolas Silva,nicolas.silva1603@exemplo.com,876.553.007-12,(11) 90613157
,Fernanda Costa,fernanda.costa1604@exemplo.com,N/A,N/A
,Sara Moura,sara.moura1605@exemplo.com,198.819.277-30,(11) 90628995
,Valentina Santos,valentina.santos1606@exemplo.com,N/A,N/A
,Henrique Oliveira,henrique.oliveira1607@exemplo.com,N/A,N/A
,Valentina Araujo,valentina.araujo1608@exemplo.com,N/A,N/A
,Gabriel Nascimento,gabriel.nascimento1609@exemplo.com,N/A,N/A
,Daniela Nascimento,daniela.nascimento1610@exemplo.com,551.293.913-06,(11) 90668590
,Vinicius Souza,vinicius.souza1611@exemplo.com,488.189.848-53,(11) 90676509
,Eduardo Souza,eduardo.souza1612@exemplo.com,N/A,N/A
,Gabriel Nascimento,gabriel.nascimento1613@exemplo.com,901.707.568-66,(11) 90692347
,Gabriel Silva,gabriel.silva1614@exemplo.com,N/A,N/A
,Thiago Dias,thiago.dias1615@exemplo.com,732.283.608-14,(11) 90708185
,Nicolas Barbosa,nicolas.barbosa1616@exemplo.com,378.306.396-55,(11) 90716104
,Rafael Teixeira,rafael.teixeira1617@exemplo.com,452.696.944-33,(11) 90724023
,Nicolas Nascimento,nicolas.nascimento1618@exemplo.com,164.970.169-10,(11) 90731942
,Rafael Santos,rafael.santos1619@exemplo.com,N/A,N/A
,Helena Silva,helena.silva1620@exemplo.com,162.341.903-40,(11) 90747780
,Beatriz Gomes,beatriz.gomes1621@exemplo.com,615.372.215-66,(11) 90755699
,Nicolas Almeida,nicolas.almeida1622@exemplo.com,684.732.365-56,(11) 90763618
,Lucas Santos,lucas.santos1623@exemplo.com,N/A,N/A
,Valentina Nascimento,valentina.nascimento1624@exemplo.com,078.436.142-81,(11) 90779456
,Vinicius Almeida,vinicius.almeida1625@exemplo.com,260.781.975-09,(11) 90787375
,Joao Costa,joao.costa1626@exemplo.com,N/A,N/A
,Thiago Fernandes,thiago.fernandes1627@exemplo.com,037.638.821-89,(11) 90803213
,Victor Souza,victor.souza1628@exemplo.com,841.484.601-71,(11) 90811132
,Natalia Barbosa,natalia.barbosa1629@exemplo.com,344.389.982-04,(11) 90819051
,Marcelo Rodrigues,marcelo.rodrigues1630@exemplo.com,020.586.950-54,(11) 90826970
,Victor Dias,victor.dias1631@exemplo.com,214.644.936-50,(11) 90834889
,Camila Fernandes,camila.fernandes1632@exemplo.com,N/A,N/A
,Eduardo Souza,eduardo.souza1633@exemplo.com,N/A,N/A
,Eduardo Souza,eduardo.souza1634@exemplo.com,N/A,N/A
,Sofia Silva,sofia.silva1635@exemplo.com,872.333.510-66,(11) 90866565
,Rafael Teixeira,rafael.teixeira1636@exemplo.com,961.497.315-37,(11) 90874484
,Rodrigo Pereira,rodrigo.pereira1637@exemplo.com,114.983.074-34,(11) 90882403
,Paulo Dias,paulo.dias1638@exemplo.com,073.651.189-03,(11) 90890322
,Gabriel Dias,gabriel.dias1639@exemplo.com,406.557.820-52,(11) 90898241
,Olivia Rodrigues,olivia.rodrigues1640@exemplo.com,N/A,N/A
,Helena Rodrigues,helena.rodrigues1641@exemplo.com,N/A,N/A
,Lucas Fernandes,lucas.fernandes1642@exemplo.com,546.212.760-00,(11) 90921998
,Juliana Gomes,juliana.gomes1643@exemplo.com,082.611.231-54,(11) 90929917
,Yasmin Araujo,yasmin.araujo1644@exemplo.com,163.248.889-24,(11) 90937836
,Joao Nascimento,joao.nascimento1645@exemplo.com,729.893.762-67,(11) 90945755
,Rodrigo Martins,rodrigo.martins1646@exemplo.com,549.303.646-04,(11) 90953674
,Marcelo Carvalho,marcelo.carvalho1647@exemplo.com,191.203.818-83,(11) 90961593
,Daniela Barbosa,daniela.barbosa1648@exemplo.com,N/A,N/A
,Rodrigo Oliveira,rodrigo.oliveira1649@exemplo.com,981.388.158-50,(11) 90977431
,Olivia Costa,olivia.costa1650@exemplo.com,445.822.067-51,(11) 90985350
,Fernanda Araujo,fernanda.araujo1651@exemplo.com,318.297.168-91,(11) 90993269
,Bruno Oliveira,bruno.oliveira1652@exemplo.com,724.500.000-03,(11) 91001188
,Rodrigo Fernandes,rodrigo.fernandes1653@exemplo.com,N/A,N/A
,Valentina Lima,valentina.lima1654@exemplo.com,090.255.618-53,(11) 91017026
,Valentina Ribeiro,valentina.ribeiro1655@exemplo.com,421.829.987-05,(11) 91024945
,Felipe Ribeiro,felipe.ribeiro1656@exemplo.com,N/A,N/A
,Sofia Almeida,sofia.almeida1657@exemplo.com,086.700.900-40,(11) 91040783
,Giovana Carvalho,giovana.carvalho1658@exemplo.com,655.158.482-92,(11) 91048702
,Elisa Santos,elisa.santos1659@exemplo.com,913.624.835-59,(11) 91056621
,Daniela Gomes,daniela.gomes1660@exemplo.com,542.960.807-68,(11) 91064540
,Bruno Teixeira,bruno.teixeira1661@exemplo.com,N/A,N/A
,Sofia Barbosa,sofia.barbosa1662@exemplo.com,N/A,N/A
,Natalia Almeida,natalia.almeida1663@exemplo.com,N/A,N/A
,Juliana Oliveira,juliana.oliveira1664@exemplo.com,N/A,N/A
,Vinicius Pereira,vinicius.pereira1665@exemplo.com,269.428.946-05,(11) 91104135
,Vinicius Nascimento,vinicius.nascimento1666@exemplo.com,036.258.631-46,(11) 91112054
,Valentina Santos,valentina.santos1667@exemplo.com,170.646.255-71,(11) 91119973
,Bruno Oliveira,bruno.oliveira1668@exemplo.com,263.558.243-24,(11) 91127892
,Otavio Silva,otavio.silva1669@exemplo.com,764.644.898-28,(11) 91135811
,Camila Costa,camila.costa1670@exemplo.com,315.388.824-85,(11) 91143730
,Olivia Rodrigues,olivia.rodrigues1671@exemplo.com,790.504.043-75,(11) 91151649
,Paulo Costa,paulo.costa1672@exemplo.com,N/A,N/A
,Daniela Teixeira,daniela.teixeira1673@exemplo.com,N/A,N/A
,Beatriz Almeida,beatriz.almeida1674@exemplo.com,339.137.326-16,(11) 91175406
,Felipe Souza,felipe.souza1675@exemplo.com,060.119.875-16,(11) 91183325
,Bruno Silva,bruno.silva1676@exemplo.com,N/A,N/A
,Ana Almeida,ana.almeida1677@exemplo.com,915.618.298-89,(11) 91199163
,Ana Teixeira,ana.teixeira1678@exemplo.com,657.744.916-33,(11) 91207082
,Eduardo Souza,eduardo.souza1679@exemplo.com,365.952.014-45,(11) 91215001
,Patricia Ribeiro,patricia.ribeiro1680@exemplo.com,N/A,N/A
,Otavio Costa,otavio.costa1681@exemplo.com,N/A,N/A
,Sofia Santos,sofia.santos1682@exemplo.com,137.455.611-47,(11) 91238758
,Rafael Ribeiro,rafael.ribeiro1683@exemplo.com,428.860.505-98,(11) 91246677
,Bruno Santos,bruno.santos1684@exemplo.com,N/A,N/A
,Bruno Carvalho,bruno.carvalho1685@exemplo.com,308.356.691-30,(11) 91262515
,Camila Fernandes,camila.fernandes1686@exemplo.com,271.531.234-23,(11) 91270434
,Natalia Gomes,natalia.gomes1687@exemplo.com,068.826.917-62,(11) 91278353
,Rafael Lima,rafael.lima1688@exemplo.com,N/A,N/A
,Sara Barbosa,sara.barbosa1689@exemplo.com,N/A,N/A
,Gabriel Fernandes,gabriel.fernandes1690@exemplo.com,260.335.910-03,(11) 91302110
,Valentina Lima,valentina.lima1691@exemplo.com,N/A,N/A
,Victor Teixeira,victor.teixeira1692@exemplo.com,920.749.269-52,(11) 91317948
,Fernanda Barbosa,fernanda.barbosa1693@exemplo.com,N/A,N/A
,Camila Dias,camila.dias1694@exemplo.com,428.596.932-70,(11) 91333786
,Nicolas Souza,nicolas.souza1695@exemplo.com,140.849.932-04,(11) 91341705
,Henrique Teixeira,henrique.teixeira1696@exemplo.com,N/A,N/A
,Joao Pereira,joao.pereira1697@exemplo.com,N/A,N/A
,Elisa Almeida,elisa.almeida1698@exemplo.com,N/A,N/A
,Juliana Dias,juliana.dias1699@exemplo.com,N/A,N/A
,Rodrigo Costa,rodrigo.costa1700@exemplo.com,965.082.695-50,(11) 91381300
,Eduardo Rodrigues,eduardo.rodrigues1701@exemplo.com,641.869.656-50,(11) 91389219
,Victor Araujo,victor.araujo1702@exemplo.com,087.612.385-03,(11) 91397138
,Vinicius Barbosa,vinicius.barbosa1703@exemplo.com,N/A,N/A
,Isabela Teixeira,isabela.teixeira1704@exemplo.com,N/A,N/A
,Fernanda Rodrigues,fernanda.rodrigues1705@exemplo.com,661.016.831-84,(11) 91420895
,Thiago Oliveira,thiago.oliveira1706@exemplo.com,950.016.809-05,(11) 91428814
,Nicolas Dias,nicolas.dias1707@exemplo.com,N/A,N/A
,Natalia Martins,natalia.martins1708@exemplo.com,N/A,N/A
,Henrique Costa,henrique.costa1709@exemplo.com,794.620.726-39,(11) 91452571
,Daniela Pereira,daniela.pereira1710@exemplo.com,925.081.776-28,(11) 91460490
,Eduardo Rodrigues,eduardo.rodrigues1711@exemplo.com,991.406.884-70,(11) 91468409
,Nicolas Fernandes,nicolas.fernandes1712@exemplo.com,N/A,N/A
,Gabriel Oliveira,gabriel.oliveira1713@exemplo.com,N/A,N/A
,Beatriz Costa,beatriz.costa1714@exemplo.com,N/A,N/A
,Joao Oliveira,joao.oliveira1715@exemplo.com,778.956.133-24,(11) 91500085
,Daniela Costa,daniela.costa1716@exemplo.com,844.490.295-00,(11) 91508004
,Rafael Martins,rafael.martins1717@exemplo.com,N/A,N/A
,Natalia Barbosa,natalia.barbosa1718@exemplo.com,341.678.127-97,(11) 91523842
,Mariana Souza,mariana.souza1719@exemplo.com,221.021.798-93,(11) 91531761
,Joao Almeida,joao.almeida1720@exemplo.com,348.629.857-77,(11) 91539680
,Henrique Silva,henrique.silva1721@exemplo.com,638.318.285-47,(11) 91547599
,Giovana Souza,giovana.souza1722@exemplo.com,N/A,N/A
,Ana Fernandes,ana.fernandes1723@exemplo.com,770.673.682-27,(11) 91563437
,Beatriz Pereira,beatriz.pereira1724@exemplo.com,N/A,N/A
,Giovana Dias,giovana.dias1725@exemplo.com,N/A,N/A
,Giovana Martins,giovana.martins1726@exemplo.com,218.219.259-04,(11) 91587194
,Rodrigo Lima,rodrigo.lima1727@exemplo.com,N/A,N/A
,Rodrigo Gomes,rodrigo.gomes1728@exemplo.com,802.205.093-87,(11) 91603032
,Otavio Moura,otavio.moura1729@exemplo.com,948.424.959-01,(11) 91610951
,Joao Oliveira,joao.oliveira1730@exemplo.com,114.578.870-02,(11) 91618870
,Rodrigo Pereira,rodrigo.pereira1731@exemplo.com,523.867.673-53,(11) 91626789
,Natalia Teixeira,natalia.teixeira1732@exemplo.com,N/A,N/A
,Natalia Costa,natalia.costa1733@exemplo.com,876.829.968-03,(11) 91642627
,Patricia Silva,patricia.silva1734@exemplo.com,N/A,N/A
,Felipe Teixeira,felipe.teixeira1735@exemplo.com,623.504.056-30,(11) 91658465
,Mariana Araujo,mariana.araujo1736@exemplo.com,N/A,N/A
,Nicolas Costa,nicolas.costa1737@exemplo.com,544.286.796-96,(11) 91674303
,Giovana Almeida,giovana.almeida1738@exemplo.com,594.232.894-36,(11) 91682222
,Beatriz Pereira,beatriz.pereira1739@exemplo.com,389.156.241-14,(11) 91690141
,Giovana Dias,giovana.dias1740@exemplo.com,857.256.292-36,(11) 91698060
,Gabriel Moura,gabriel.moura1741@exemplo.com,335.895.138-37,(11) 91705979
,Beatriz Silva,beatriz.silva1742@exemplo.com,N/A,N/A
,Helena Barbosa,helena.barbosa1743@exemplo.com,N/A,N/A
,Patricia Araujo,patricia.araujo1744@exemplo.com,911.797.203-50,(11) 91729736
,Fernanda Araujo,fernanda.araujo1745@exemplo.com,934.015.364-27,(11) 91737655
,Elisa Teixeira,elisa.teixeira1746@exemplo.com,471.553.132-11,(11) 91745574
,Carlos Silva,carlos.silva1747@exemplo.com,367.813.675-36,(11) 91753493
,Larissa Carvalho,larissa.carvalho1748@exemplo.com,942.141.052-14,(11) 91761412
,Igor Ribeiro,igor.ribeiro1749@exemplo.com,981.987.809-80,(11) 91769331
,Giovana Pereira,giovana.pereira1750@exemplo.com,N/A,N/A
,Henrique Martins,henrique.martins1751@exemplo.com,258.660.598-51,(11) 91785169
,Camila Nascimento,camila.nascimento1752@exemplo.com,874.422.758-26,(11) 91793088
,Otavio Costa,otavio.costa1753@exemplo.com,859.655.942-67,(11) 91801007
,Carlos Santos,carlos.santos1754@exemplo.com,491.165.020-60,(11) 91808926
,Helena Araujo,helena.araujo1755@exemplo.com,245.393.132-66,(11) 91816845
,Olivia Gomes,olivia.gomes1756@exemplo.com,N/A,N/A
,Felipe Carvalho,felipe.carvalho1757@exemplo.com,821.444.889-16,(11) 91832683
,Valentina Gomes,valentina.gomes1758@exemplo.com,997.273.677-63,(11) 91840602
,Eduardo Barbosa,eduardo.barbosa1759@exemplo.com,N/A,N/A
,Juliana Silva,juliana.silva1760@exemplo.com,328.123.123-35,(11) 91856440
,Henrique Nascimento,henrique.nascimento1761@exemplo.com,N/A,N/A
,Marcelo Carvalho,marcelo.carvalho1762@exemplo.com,723.875.082-11,(11) 91872278
,Sofia Fernandes,sofia.fernandes1763@exemplo.com,N/A,N/A
,Juliana Teixeira,juliana.teixeira1764@exemplo.com,847.262.905-84,(11) 91888116
,Sara Pereira,sara.pereira1765@exemplo.com,N/A,N/A
,Olivia Dias,olivia.dias1766@exemplo.com,717.217.337-60,(11) 91903954
,Olivia Gomes,olivia.gomes1767@exemplo.com,920.522.299-22,(11) 91911873
,Sara Costa,sara.costa1768@exemplo.com,N/A,N/A
,Sara Lima,sara.lima1769@exemplo.com,325.539.835-57,(11) 91927711
,Valentina Almeida,valentina.almeida1770@exemplo.com,461.777.326-66,(11) 91935630
,Mariana Martins,mariana.martins1771@exemplo.com,095.449.791-07,(11) 91943549
,Lucas Santos,lucas.santos1772@exemplo.com,997.029.271-45,(11) 91951468
,Beatriz Costa,beatriz.costa1773@exemplo.com,539.787.137-05,(11) 91959387
,Elisa Carvalho,elisa.carvalho1774@exemplo.com,988.322.012-08,(11) 91967306
,Larissa Barbosa,larissa.barbosa1775@exemplo.com,083.200.487-10,(11) 91975225
,Mariana Almeida,mariana.almeida1776@exemplo.com,N/A,N/A
,Felipe Oliveira,felipe.oliveira1777@exemplo.com,N/A,N/A
,Victor Oliveira,victor.oliveira1778@exemplo.com,N/A,N/A
,Nicolas Ribeiro,nicolas.ribeiro1779@exemplo.com,029.295.014-48,(11) 92006901
,Marcelo Oliveira,marcelo.oliveira1780@exemplo.com,483.093.096-94,(11) 92014820
,Juliana Costa,juliana.costa1781@exemplo.com,397.191.260-51,(11) 92022739
,Helena Teixeira,helena.teixeira1782@exemplo.com,132.176.720-03,(11) 92030658
,Helena Teixeira,helena.teixeira1783@exemplo.com,N/A,N/A
,Olivia Santos,olivia.santos1784@exemplo.com,072.587.339-65,(11) 92046496
,Mariana Martins,mariana.martins1785@exemplo.com,N/A,N/A
,Bruno Moura,bruno.moura1786@exemplo.com,N/A,N/A
,Valentina Carvalho,valentina.carvalho1787@exemplo.com,682.509.522-60,(11) 92070253
,Olivia Dias,olivia.dias1788@exemplo.com,209.355.610-30,(11) 92078172
,Helena Costa,helena.costa1789@exemplo.com,952.970.137-39,(11) 92086091
,Vinicius Costa,vinicius.costa1790@exemplo.com,436.585.856-41,(11) 92094010
,Isabela Souza,isabela.souza1791@exemplo.com,304.120.270-03,(11) 92101929
,Lucas Teixeira,lucas.teixeira1792@exemplo.com,N/A,N/A
,Paulo Costa,paulo.costa1793@exemplo.com,N/A,N/A
,Paulo Lima,paulo.lima1794@exemplo.com,N/A,N/A
,Victor Martins,victor.martins1795@exemplo.com,030.109.567-11,(11) 92133605
,Elisa Lima,elisa.lima1796@exemplo.com,N/A,N/A
,Isabela Silva,isabela.silva1797@exemplo.com,623.471.247-90,(11) 92149443
,Bruno Gomes,bruno.gomes1798@exemplo.com,108.018.103-29,(11) 92157362
,Isabela Barbosa,isabela.barbosa1799@exemplo.com,831.764.172-41,(11) 92165281
,Yasmin Silva,yasmin.silva1800@exemplo.com,080.815.712-48,(11) 92173200
,Joao Souza,joao.souza1801@exemplo.com,150.713.806-76,(11) 92181119
,Patricia Nascimento,patricia.nascimento1802@exemplo.com,N/A,N/A
,Victor Gomes,victor.gomes1803@exemplo.com,N/A,N/A
,Sofia Ribeiro,sofia.ribeiro1804@exemplo.com,N/A,N/A
,Giovana Pereira,giovana.pereira1805@exemplo.com,031.805.339-00,(11) 92212795
,Eduardo Barbosa,eduardo.barbosa1806@exemplo.com,746.662.159-72,(11) 92220714
,Isabela Souza,isabela.souza1807@exemplo.com,327.000.466-41,(11) 92228633
,Natalia Martins,natalia.martins1808@exemplo.com,459.011.079-26,(11) 92236552
,Eduardo Dias,eduardo.dias1809@exemplo.com,140.049.388-99,(11) 92244471
,Sofia Teixeira,sofia.teixeira1810@exemplo.com,N/A,N/A
,Patricia Ribeiro,patricia.ribeiro1811@exemplo.com,N/A,N/A
,Sara Lima,sara.lima1812@exemplo.com,313.797.166-75,(11) 92268228
,Natalia Ribeiro,natalia.ribeiro1813@exemplo.com,166.123.740-12,(11) 92276147
,Otavio Dias,otavio.dias1814@exemplo.com,N/A,N/A
,Sofia Pereira,sofia.pereira1815@exemplo.com,949.919.701-05,(11) 92291985
,Lucas Souza,lucas.souza1816@exemplo.com,N/A,N/A
,Rafael Fernandes,rafael.fernandes1817@exemplo.com,160.204.181-46,(11) 92307823
,Fernanda Martins,fernanda.martins1818@exemplo.com,N/A,N/A
,Giovana Nascimento,giovana.nascimento1819@exemplo.com,088.948.018-45,(11) 92323661
,Paulo Dias,paulo.dias1820@exemplo.com,N/A,N/A
,Sofia Moura,sofia.moura1821@exemplo.com,785.708.200-70,(11) 92339499
,Victor Oliveira,victor.oliveira1822@exemplo.com,N/A,N/A
,Thiago Pereira,thiago.pereira1823@exemplo.com,N/A,N/A
,Daniela Nascimento,daniela.nascimento1824@exemplo.com,968.827.697-96,(11) 92363256
,Helena Fernandes,helena.fernandes1825@exemplo.com,095.314.196-98,(11) 92371175
,Sara Almeida,sara.almeida1826@exemplo.com,607.832.748-82,(11) 92379094
,Carlos Teixeira,carlos.teixeira1827@exemplo.com,N/A,N/A
,Isabela Silva,isabela.silva1828@exemplo.com,649.668.349-29,(11) 92394932
,Sara Araujo,sara.araujo1829@exemplo.com,478.421.702-90,(11) 92402851
,Rodrigo Moura,rodrigo.moura1830@exemplo.com,162.259.364-24,(11) 92410770
,Otavio Almeida,otavio.almeida1831@exemplo.com,208.934.868-25,(11) 92418689
,Joao Teixeira,joao.teixeira1832@exemplo.com,906.246.728-83,(11) 92426608
,Olivia Souza,olivia.souza1833@exemplo.com,916.091.141-75,(11) 92434527
,Olivia Ribeiro,olivia.ribeiro1834@exemplo.com,935.923.613-68,(11) 92442446
,Otavio Souza,otavio.souza1835@exemplo.com,605.230.458-83,(11) 92450365
,Sofia Souza,sofia.souza1836@exemplo.com,650.254.472-08,(11) 92458284
,Victor Gomes,victor.gomes1837@exemplo.com,916.503.440-66,(11) 92466203
,Rodrigo Dias,rodrigo.dias1838@exemplo.com,617.718.249-64,(11) 92474122
,Gabriel Nascimento,gabriel.nascimento1839@exemplo.com,N/A,N/A
,Mariana Carvalho,mariana.carvalho1840@exemplo.com,N/A,N/A
,Giovana Teixeira,giovana.teixeira1841@exemplo.com,648.698.939-40,(11) 92497879
,Camila Dias,camila.dias1842@exemplo.com,N/A,N/A
,Daniela Ribeiro,daniela.ribeiro1843@exemplo.com,450.119.292-56,(11) 92513717
,Isabela Santos,isabela.santos1844@exemplo.com,N/A,N/A
,Henrique Costa,henrique.costa1845@exemplo.com,N/A,N/A
,Natalia Silva,natalia.silva1846@exemplo.com,N/A,N/A
,Sofia Pereira,sofia.pereira1847@exemplo.com,N/A,N/A
,Natalia Gomes,natalia.gomes1848@exemplo.com,046.648.966-89,(11) 92553312
,Elisa Ribeiro,elisa.ribeiro1849@exemplo.com,N/A,N/A
,Nicolas Barbosa,nicolas.barbosa1850@exemplo.com,758.097.453-34,(11) 92569150
,Igor Pereira,igor.pereira1851@exemplo.com,906.235.466-12,(11) 92577069
,Diego Almeida,diego.almeida1852@exemplo.com,654.016.599-46,(11) 92584988
,Mariana Martins,mariana.martins1853@exemplo.com,006.221.224-95,(11) 92592907
,Felipe Silva,felipe.silva1854@exemplo.com,N/A,N/A
,Rodrigo Barbosa,rodrigo.barbosa1855@exemplo.com,112.411.584-60,(11) 92608745
,Giovana Ribeiro,giovana.ribeiro1856@exemplo.com,600.801.798-60,(11) 92616664
,Joao Silva,joao.silva1857@exemplo.com,782.312.995-72,(11) 92624583
,Helena Pereira,helena.pereira1858@exemplo.com,472.642.612-55,(11) 92632502
,Diego Dias,diego.dias1859@exemplo.com,038.437.536-79,(11) 92640421
,Otavio Pereira,otavio.pereira1860@exemplo.com,N/A,N/A
,Thiago Santos,thiago.santos1861@exemplo.com,421.838.545-96,(11) 92656259
,Nicolas Oliveira,nicolas.oliveira1862@exemplo.com,064.454.752-99,(11) 92664178
,Fernanda Martins,fernanda.martins1863@exemplo.com,123.274.897-84,(11) 92672097
,Nicolas Moura,nicolas.moura1864@exemplo.com,763.342.720-55,(11) 92680016
,Eduardo Teixeira,eduardo.teixeira1865@exemplo.com,862.175.080-52,(11) 92687935
,Paulo Araujo,paulo.araujo1866@exemplo.com,630.453.069-26,(11) 92695854
,Ana Santos,ana.santos1867@exemplo.com,882.493.534-63,(11) 92703773
,Eduardo Gomes,eduardo.gomes1868@exemplo.com,181.677.848-60,(11) 92711692
,Daniela Moura,daniela.moura1869@exemplo.com,N/A,N/A
,Sara Souza,sara.souza1870@exemplo.com,385.179.937-21,(11) 92727530
,Otavio Nascimento,otavio.nascimento1871@exemplo.com,N/A,N/A
,Juliana Teixeira,juliana.teixeira1872@exemplo.com,869.996.988-05,(11) 92743368
,Joao Costa,joao.costa1873@exemplo.com,045.792.714-32,(11) 92751287
,Mariana Nascimento,mariana.nascimento1874@exemplo.com,N/A,N/A
,Rafael Dias,rafael.dias1875@exemplo.com,N/A,N/A
,Olivia Pereira,olivia.pereira1876@exemplo.com,121.870.629-53,(11) 92775044
,Carlos Souza,carlos.souza1877@exemplo.com,880.983.221-30,(11) 92782963
,Larissa Gomes,larissa.gomes1878@exemplo.com,023.200.186-38,(11) 92790882
,Helena Silva,helena.silva1879@exemplo.com,N/A,N/A
,Rafael Moura,rafael.moura1880@exemplo.com,814.356.140-20,(11) 92806720
,Henrique Moura,henrique.moura1881@exemplo.com,453.198.074-30,(11) 92814639
,Ana Rodrigues,ana.rodrigues1882@exemplo.com,235.469.510-18,(11) 92822558
,Felipe Martins,felipe.martins1883@exemplo.com,N/A,N/A
,Fernanda Oliveira,fernanda.oliveira1884@exemplo.com,150.066.664-55,(11) 92838396
,Joao Moura,joao.moura1885@exemplo.com,065.411.340-81,(11) 92846315
,Patricia Teixeira,patricia.teixeira1886@exemplo.com,N/A,N/A
,Sara Costa,sara.costa1887@exemplo.com,058.366.834-84,(11) 92862153
,Larissa Silva,larissa.silva1888@exemplo.com,689.996.269-11,(11) 92870072
,Marcelo Barbosa,marcelo.barbosa1889@exemplo.com,838.688.891-16,(11) 92877991
,Elisa Martins,elisa.martins1890@exemplo.com,791.505.962-92,(11) 92885910
,Fernanda Costa,fernanda.costa1891@exemplo.com,N/A,N/A
,Vinicius Oliveira,vinicius.oliveira1892@exemplo.com,N/A,N/A
,Otavio Araujo,otavio.araujo1893@exemplo.com,809.521.755-76,(11) 92909667
,Felipe Teixeira,felipe.teixeira1894@exemplo.com,177.741.274-96,(11) 92917586
,Yasmin Carvalho,yasmin.carvalho1895@exemplo.com,211.882.419-07,(11) 92925505
,Otavio Dias,otavio.dias1896@exemplo.com,264.222.975-05,(11) 92933424
,Diego Lima,diego.lima1897@exemplo.com,170.454.218-93,(11) 92941343
,Juliana Costa,juliana.costa1898@exemplo.com,570.568.209-30,(11) 92949262
,Camila Gomes,camila.gomes1899@exemplo.com,N/A,N/A
,Otavio Pereira,otavio.pereira1900@exemplo.com,407.232.472-85,(11) 92965100
,Patricia Pereira,patricia.pereira1901@exemplo.com,895.400.178-58,(11) 92973019
,Rodrigo Fernandes,rodrigo.fernandes1902@exemplo.com,N/A,N/A
,Victor Fernandes,victor.fernandes1903@exemplo.com,N/A,N/A
,Fernanda Santos,fernanda.santos1904@exemplo.com,N/A,N/A
,Larissa Oliveira,larissa.oliveira1905@exemplo.com,537.092.300-04,(11) 93004695
,Victor Lima,victor.lima1906@exemplo.com,N/A,N/A
,Yasmin Moura,yasmin.moura1907@exemplo.com,854.329.876-86,(11) 93020533
,Helena Gomes,helena.gomes1908@exemplo.com,N/A,N/A
,Olivia Oliveira,olivia.oliveira1909@exemplo.com,N/A,N/A
,Paulo Pereira,paulo.pereira1910@exemplo.com,045.025.896-32,(11) 93044290
,Camila Costa,camila.costa1911@exemplo.com,174.357.483-58,(11) 93052209
,Joao Rodrigues,joao.rodrigues1912@exemplo.com,680.648.606-10,(11) 93060128
,Vinicius Pereira,vinicius.pereira1913@exemplo.com,N/A,N/A
,Camila Santos,camila.santos1914@exemplo.com,N/A,N/A
,Diego Oliveira,diego.oliveira1915@exemplo.com,N/A,N/A
,Rodrigo Araujo,rodrigo.araujo1916@exemplo.com,562.392.090-07,(11) 93091804
,Gabriel Oliveira,gabriel.oliveira1917@exemplo.com,510.740.913-02,(11) 93099723
,Valentina Martins,valentina.martins1918@exemplo.com,178.619.025-79,(11) 93107642
,Beatriz Nascimento,beatriz.nascimento1919@exemplo.com,602.206.953-00,(11) 93115561
,Diego Santos,diego.santos1920@exemplo.com,120.122.759-31,(11) 93123480
,Mariana Fernandes,mariana.fernandes1921@exemplo.com,026.015.153-09,(11) 93131399
,Natalia Souza,natalia.souza1922@exemplo.com,947.950.740-46,(11) 93139318
,Elisa Silva,elisa.silva1923@exemplo.com,732.798.059-88,(11) 93147237
,Ana Rodrigues,ana.rodrigues1924@exemplo.com,310.064.934-68,(11) 93155156
,Carlos Barbosa,carlos.barbosa1925@exemplo.com,910.452.036-02,(11) 93163075
,Camila Teixeira,camila.teixeira1926@exemplo.com,N/A,N/A
,Juliana Santos,juliana.santos1927@exemplo.com,N/A,N/A
,Ana Silva,ana.silva1928@exemplo.com,561.006.799-57,(11) 93186832
,Marcelo Nascimento,marcelo.nascimento1929@exemplo.com,696.801.867-50,(11) 93194751
,Valentina Lima,valentina.lima1930@exemplo.com,037.842.339-88,(11) 93202670
,Lucas Araujo,lucas.araujo1931@exemplo.com,953.006.776-39,(11) 93210589
,Felipe Araujo,felipe.araujo1932@exemplo.com,503.250.173-52,(11) 93218508
,Mariana Dias,mariana.dias1933@exemplo.com,N/A,N/A
,Eduardo Silva,eduardo.silva1934@exemplo.com,029.233.451-69,(11) 93234346
,Sara Gomes,sara.gomes1935@exemplo.com,090.605.308-02,(11) 93242265
,Joao Almeida,joao.almeida1936@exemplo.com,N/A,N/A
,Rodrigo Martins,rodrigo.martins1937@exemplo.com,290.457.598-70,(11) 93258103
,Lucas Carvalho,lucas.carvalho1938@exemplo.com,592.129.964-26,(11) 93266022
,Diego Barbosa,diego.barbosa1939@exemplo.com,033.620.275-04,(11) 93273941
,Joao Souza,joao.souza1940@exemplo.com,214.770.920-48,(11) 93281860
,Lucas Souza,lucas.souza1941@exemplo.com,152.380.236-77,(11) 93289779
,Ana Fernandes,ana.fernandes1942@exemplo.com,921.581.897-97,(11) 93297698
,Elisa Araujo,elisa.araujo1943@exemplo.com,N/A,N/A
,Gabriel Carvalho,gabriel.carvalho1944@exemplo.com,881.959.772-19,(11) 93313536
,Olivia Oliveira,olivia.oliveira1945@exemplo.com,880.053.789-80,(11) 93321455
,Thiago Araujo,thiago.araujo1946@exemplo.com,869.289.728-07,(11) 93329374
,Daniela Pereira,daniela.pereira1947@exemplo.com,401.822.720-52,(11) 93337293
,Daniela Nascimento,daniela.nascimento1948@exemplo.com,N/A,N/A
,Eduardo Gomes,eduardo.gomes1949@exemplo.com,N/A,N/A
,Olivia Santos,olivia.santos1950@exemplo.com,599.302.020-21,(11) 93361050
,Gabriel Almeida,gabriel.almeida1951@exemplo.com,N/A,N/A
,Henrique Nascimento,henrique.nascimento1952@exemplo.com,530.281.650-40,(11) 93376888
,Larissa Fernandes,larissa.fernandes1953@exemplo.com,N/A,N/A
,Lucas Teixeira,lucas.teixeira1954@exemplo.com,N/A,N/A
,Yasmin Barbosa,yasmin.barbosa1955@exemplo.com,161.746.902-53,(11) 93400645
,Felipe Carvalho,felipe.carvalho1956@exemplo.com,310.438.419-38,(11) 93408564
,Otavio Santos,otavio.santos1957@exemplo.com,229.131.670-20,(11) 93416483
,Paulo Carvalho,paulo.carvalho1958@exemplo.com,568.566.706-05,(11) 93424402
,Yasmin Lima,yasmin.lima1959@exemplo.com,N/A,N/A
,Nicolas Almeida,nicolas.almeida1960@exemplo.com,N/A,N/A
,Nicolas Costa,nicolas.costa1961@exemplo.com,N/A,N/A
,Olivia Gomes,olivia.gomes1962@exemplo.com,262.611.424-32,(11) 93456078
,Carlos Moura,carlos.moura1963@exemplo.com,N/A,N/A
,Fernanda Teixeira,fernanda.teixeira1964@exemplo.com,799.196.234-23,(11) 93471916
,Valentina Martins,valentina.martins1965@exemplo.com,964.338.532-93,(11) 93479835
,Nicolas Santos,nicolas.santos1966@exemplo.com,250.583.334-65,(11) 93487754
,Thiago Fernandes,thiago.fernandes1967@exemplo.com,311.587.605-07,(11) 93495673
,Thiago Araujo,thiago.araujo1968@exemplo.com,N/A,N/A
,Felipe Teixeira,felipe.teixeira1969@exemplo.com,N/A,N/A
,Camila Lima,camila.lima1970@exemplo.com,N/A,N/A
,Fernanda Araujo,fernanda.araujo1971@exemplo.com,508.095.948-70,(11) 93527349
,Vinicius Martins,vinicius.martins1972@exemplo.com,269.255.966-50,(11) 93535268
,Yasmin Souza,yasmin.souza1973@exemplo.com,213.074.235-15,(11) 93543187
,Nicolas Almeida,nicolas.almeida1974@exemplo.com,426.140.489-33,(11) 93551106
,Victor Gomes,victor.gomes1975@exemplo.com,N/A,N/A
,Patricia Fernandes,patricia.fernandes1976@exemplo.com,373.100.817-30,(11) 93566944
,Thiago Araujo,thiago.araujo1977@exemplo.com,221.158.718-63,(11) 93574863
,Thiago Ribeiro,thiago.ribeiro1978@exemplo.com,N/A,N/A
,Juliana Almeida,juliana.almeida1979@exemplo.com,017.320.865-75,(11) 93590701
,Nicolas Rodrigues,nicolas.rodrigues1980@exemplo.com,777.296.656-38,(11) 93598620
,Rodrigo Oliveira,rodrigo.oliveira1981@exemplo.com,701.400.527-80,(11) 93606539
,Mariana Costa,mariana.costa1982@exemplo.com,N/A,N/A
,Vinicius Almeida,vinicius.almeida1983@exemplo.com,142.573.160-04,(11) 93622377
,Nicolas Souza,nicolas.souza1984@exemplo.com,913.681.720-16,(11) 93630296
,Bruno Teixeira,bruno.teixeira1985@exemplo.com,369.552.862-18,(11) 93638215
,Olivia Almeida,olivia.almeida1986@exemplo.com,297.352.595-08,(11) 93646134
,Mariana Silva,mariana.silva1987@exemplo.com,222.739.389-00,(11) 93654053
,Isabela Oliveira,isabela.oliveira1988@exemplo.com,N/A,N/A
,Carlos Barbosa,carlos.barbosa1989@exemplo.com,850.761.087-02,(11) 93669891
,Carlos Souza,carlos.souza1990@exemplo.com,N/A,N/A
,Sara Moura,sara.moura1991@exemplo.com,071.261.583-00,(11) 93685729
,Nicolas Araujo,nicolas.araujo1992@exemplo.com,217.648.467-37,(11) 93693648
,Otavio Silva,otavio.silva1993@exemplo.com,742.233.222-06,(11) 93701567
,Mariana Pereira,mariana.pereira1994@exemplo.com,194.425.892-29,(11) 93709486
,Daniela Carvalho,daniela.carvalho1995@exemplo.com,560.629.535-03,(11) 93717405
,Natalia Nascimento,natalia.nascimento1996@exemplo.com,373.118.046-47,(11) 93725324
,Sara Araujo,sara.araujo1997@exemplo.com,130.753.841-00,(11) 93733243
,Valentina Carvalho,valentina.carvalho1998@exemplo.com,N/A,N/A
,Carlos Fernandes,carlos.fernandes1999@exemplo.com,N/A,N/A
,Thiago Oliveira,thiago.oliveira2000@exemplo.com,549.121.516-37,(11) 93757000
ID02001,Sara Costa 2001,sara.costa.2001.2001@exemplo.com,115.845.919-37,(11) 95845919
ID02002,Igor Pereira 2002,igor.pereira.2002.2002@exemplo.com,115.853.838-74,(11) 95853838
ID02003,Fernanda Martins 2003,fernanda.martins.2003.2003@exemplo.com,115.861.757-11,(11) 95861757
ID02004,Olivia Martins 2004,olivia.martins.2004.2004@exemplo.com,115.869.676-48,(11) 95869676
ID02005,Olivia Costa 2005,olivia.costa.2005.2005@exemplo.com,115.877.595-85,(11) 95877595
ID02006,Natalia Barbosa 2006,natalia.barbosa.2006.2006@exemplo.com,N/A,N/A
ID02007,Giovana Fernandes 2007,giovana.fernandes.2007.2007@exemplo.com,115.893.433-59,(11) 95893433
ID02008,Paulo Araujo 2008,paulo.araujo.2008.2008@exemplo.com,115.901.352-96,(11) 95901352
ID02009,Gabriel Gomes 2009,gabriel.gomes.2009.2009@exemplo.com,115.909.271-33,(11) 95909271
ID02010,Rafael Pereira 2010,rafael.pereira.2010.2010@exemplo.com,115.917.190-70,(11) 95917190
ID02011,Victor Teixeira 2011,victor.teixeira.2011.2011@exemplo.com,N/A,N/A
ID02012,Henrique Nascimento 2012,henrique.nascimento.2012.2012@exemplo.com,N/A,N/A
ID02013,Felipe Pereira 2013,felipe.pereira.2013.2013@exemplo.com,115.940.947-81,(11) 95940947
ID02014,Yasmin Barbosa 2014,yasmin.barbosa.2014.2014@exemplo.com,115.948.866-18,(11) 95948866
ID02015,Camila Souza 2015,camila.souza.2015.2015@exemplo.com,115.956.785-55,(11) 95956785
ID02016,Beatriz Dias 2016,beatriz.dias.2016.2016@exemplo.com,N/A,N/A
ID02017,Nicolas Carvalho 2017,nicolas.carvalho.2017.2017@exemplo.com,N/A,N/A
ID02018,Juliana Oliveira 2018,juliana.oliveira.2018.2018@exemplo.com,115.980.542-66,(11) 95980542
ID02019,Patricia Ribeiro 2019,patricia.ribeiro.2019.2019@exemplo.com,115.988.461-03,(11) 95988461
ID02020,Sofia Teixeira 2020,sofia.teixeira.2020.2020@exemplo.com,115.996.380-40,(11) 95996380
ID02021,Sara Ribeiro 2021,sara.ribeiro.2021.2021@exemplo.com,116.004.299-77,(11) 96004299
ID02022,Otavio Teixeira 2022,otavio.teixeira.2022.2022@exemplo.com,116.012.218-14,(11) 96012218
ID02023,Olivia Martins 2023,olivia.martins.2023.2023@exemplo.com,116.020.137-51,(11) 96020137
ID02024,Felipe Silva 2024,felipe.silva.2024.2024@exemplo.com,116.028.056-88,(11) 96028056
ID02025,Sofia Rodrigues 2025,sofia.rodrigues.2025.2025@exemplo.com,N/A,N/A
ID02026,Ana Oliveira 2026,ana.oliveira.2026.2026@exemplo.com,N/A,N/A
ID02027,Bruno Araujo 2027,bruno.araujo.2027.2027@exemplo.com,N/A,N/A
ID02028,Rodrigo Martins 2028,rodrigo.martins.2028.2028@exemplo.com,116.059.732-36,(11) 96059732
ID02029,Camila Barbosa 2029,camila.barbosa.2029.2029@exemplo.com,116.067.651-73,(11) 96067651
ID02030,Vinicius Almeida 2030,vinicius.almeida.2030.2030@exemplo.com,N/A,N/A
ID02031,Sofia Teixeira 2031,sofia.teixeira.2031.2031@exemplo.com,N/A,N/A
ID02032,Ana Dias 2032,ana.dias.2032.2032@exemplo.com,116.091.408-84,(11) 96091408
ID02033,Bruno Ribeiro 2033,bruno.ribeiro.2033.2033@exemplo.com,116.099.327-21,(11) 96099327
ID02034,Gabriel Ribeiro 2034,gabriel.ribeiro.2034.2034@exemplo.com,N/A,N/A
ID02035,Mariana Almeida 2035,mariana.almeida.2035.2035@exemplo.com,N/A,N/A
ID02036,Paulo Souza 2036,paulo.souza.2036.2036@exemplo.com,116.123.084-32,(11) 96123084
ID02037,Rafael Martins 2037,rafael.martins.2037.2037@exemplo.com,N/A,N/A
ID02038,Felipe Ribeiro 2038,felipe.ribeiro.2038.2038@exemplo.com,116.138.922-06,(11) 96138922
ID02039,Fernanda Barbosa 2039,fernanda.barbosa.2039.2039@exemplo.com,116.146.841-43,(11) 96146841
ID02040,Ana Araujo 2040,ana.araujo.2040.2040@exemplo.com,N/A,N/A
ID02041,Bruno Fernandes 2041,bruno.fernandes.2041.2041@exemplo.com,116.162.679-17,(11) 96162679
ID02042,Eduardo Moura 2042,eduardo.moura.2042.2042@exemplo.com,N/A,N/A
ID02043,Patricia Santos 2043,patricia.santos.2043.2043@exemplo.com,116.178.517-91,(11) 96178517
ID02044,Rodrigo Araujo 2044,rodrigo.araujo.2044.2044@exemplo.com,116.186.436-28,(11) 96186436
ID02045,Rodrigo Almeida 2045,rodrigo.almeida.2045.2045@exemplo.com,116.194.355-65,(11) 96194355
ID02046,Ana Fernandes 2046,ana.fernandes.2046.2046@exemplo.com,N/A,N/A
ID02047,Sara Rodrigues 2047,sara.rodrigues.2047.2047@exemplo.com,N/A,N/A
ID02048,Valentina Carvalho 2048,valentina.carvalho.2048.2048@exemplo.com,116.218.112-76,(11) 96218112
ID02049,Isabela Nascimento 2049,isabela.nascimento.2049.2049@exemplo.com,116.226.031-13,(11) 96226031
ID02050,Valentina Fernandes 2050,valentina.fernandes.2050.2050@exemplo.com,N/A,N/A
ID02051,Sofia Nascimento 2051,sofia.nascimento.2051.2051@exemplo.com,116.241.869-87,(11) 96241869
ID02052,Thiago Oliveira 2052,thiago.oliveira.2052.2052@exemplo.com,116.249.788-24,(11) 96249788
ID02053,Elisa Souza 2053,elisa.souza.2053.2053@exemplo.com,N/A,N/A
ID02054,Marcelo Gomes 2054,marcelo.gomes.2054.2054@exemplo.com,116.265.626-98,(11) 96265626
ID02055,Camila Souza 2055,camila.souza.2055.2055@exemplo.com,116.273.545-35,(11) 96273545
ID02056,Giovana Moura 2056,giovana.moura.2056.2056@exemplo.com,116.281.464-72,(11) 96281464
ID02057,Yasmin Gomes 2057,yasmin.gomes.2057.2057@exemplo.com,N/A,N/A
ID02058,Henrique Almeida 2058,henrique.almeida.2058.2058@exemplo.com,116.297.302-46,(11) 96297302
ID02059,Larissa Fernandes 2059,larissa.fernandes.2059.2059@exemplo.com,116.305.221-83,(11) 96305221
ID02060,Fernanda Araujo 2060,fernanda.araujo.2060.2060@exemplo.com,116.313.140-20,(11) 96313140
ID02061,Natalia Silva 2061,natalia.silva.2061.2061@exemplo.com,116.321.059-57,(11) 96321059
ID02062,Helena Barbosa 2062,helena.barbosa.2062.2062@exemplo.com,116.328.978-94,(11) 96328978
ID02063,Henrique Fernandes 2063,henrique.fernandes.2063.2063@exemplo.com,116.336.897-31,(11) 96336897
ID02064,Joao Almeida 2064,joao.almeida.2064.2064@exemplo.com,116.344.816-68,(11) 96344816
ID02065,Otavio Ribeiro 2065,otavio.ribeiro.2065.2065@exemplo.com,116.352.735-05,(11) 96352735
ID02066,Giovana Pereira 2066,giovana.pereira.2066.2066@exemplo.com,116.360.654-42,(11) 96360654
ID02067,Sara Lima 2067,sara.lima.2067.2067@exemplo.com,N/A,N/A
ID02068,Daniela Santos 2068,daniela.santos.2068.2068@exemplo.com,116.376.492-16,(11) 96376492
ID02069,Lucas Martins 2069,lucas.martins.2069.2069@exemplo.com,116.384.411-53,(11) 96384411
ID02070,Olivia Souza 2070,olivia.souza.2070.2070@exemplo.com,N/A,N/A
ID02071,Rafael Carvalho 2071,rafael.carvalho.2071.2071@exemplo.com,116.400.249-27,(11) 96400249
ID02072,Yasmin Lima 2072,yasmin.lima.2072.2072@exemplo.com,116.408.168-64,(11) 96408168
ID02073,Bruno Moura 2073,bruno.moura.2073.2073@exemplo.com,116.416.087-01,(11) 96416087
ID02074,Nicolas Ribeiro 2074,nicolas.ribeiro.2074.2074@exemplo.com,116.424.006-38,(11) 96424006
ID02075,Victor Santos 2075,victor.santos.2075.2075@exemplo.com,116.431.925-75,(11) 96431925
ID02076,Rafael Oliveira 2076,rafael.oliveira.2076.2076@exemplo.com,116.439.844-12,(11) 96439844
ID02077,Paulo Barbosa 2077,paulo.barbosa.2077.2077@exemplo.com,116.447.763-49,(11) 96447763
ID02078,Sofia Ribeiro 2078,sofia.ribeiro.2078.2078@exemplo.com,N/A,N/A
ID02079,Giovana Teixeira 2079,giovana.teixeira.2079.2079@exemplo.com,N/A,N/A
ID02080,Helena Nascimento 2080,helena.nascimento.2080.2080@exemplo.com,116.471.520-60,(11) 96471520
ID02081,Henrique Moura 2081,henrique.moura.2081.2081@exemplo.com,116.479.439-97,(11) 96479439
ID02082,Beatriz Martins 2082,beatriz.martins.2082.2082@exemplo.com,116.487.358-34,(11) 96487358
ID02083,Igor Rodrigues 2083,igor.rodrigues.2083.2083@exemplo.com,116.495.277-71,(11) 96495277
ID02084,Vinicius Nascimento 2084,vinicius.nascimento.2084.2084@exemplo.com,116.503.196-08,(11) 96503196
ID02085,Elisa Dias 2085,elisa.dias.2085.2085@exemplo.com,116.511.115-45,(11) 96511115
ID02086,Victor Nascimento 2086,victor.nascimento.2086.2086@exemplo.com,N/A,N/A
ID02087,Otavio Carvalho 2087,otavio.carvalho.2087.2087@exemplo.com,116.526.953-19,(11) 96526953
ID02088,Elisa Moura 2088,elisa.moura.2088.2088@exemplo.com,116.534.872-56,(11) 96534872
ID02089,Isabela Barbosa 2089,isabela.barbosa.2089.2089@exemplo.com,N/A,N/A
ID02090,Vinicius Pereira 2090,vinicius.pereira.2090.2090@exemplo.com,N/A,N/A
ID02091,Larissa Carvalho 2091,larissa.carvalho.2091.2091@exemplo.com,116.558.629-67,(11) 96558629
ID02092,Daniela Nascimento 2092,daniela.nascimento.2092.2092@exemplo.com,116.566.548-04,(11) 96566548
ID02093,Bruno Santos 2093,bruno.santos.2093.2093@exemplo.com,116.574.467-41,(11) 96574467
ID02094,Sofia Fernandes 2094,sofia.fernandes.2094.2094@exemplo.com,116.582.386-78,(11) 96582386
ID02095,Isabela Silva 2095,isabela.silva.2095.2095@exemplo.com,N/A,N/A
ID02096,Otavio Costa 2096,otavio.costa.2096.2096@exemplo.com,116.598.224-52,(11) 96598224
ID02097,Rodrigo Araujo 2097,rodrigo.araujo.2097.2097@exemplo.com,N/A,N/A
ID02098,Rodrigo Pereira 2098,rodrigo.pereira.2098.2098@exemplo.com,116.614.062-26,(11) 96614062
ID02099,Rafael Pereira 2099,rafael.pereira.2099.2099@exemplo.com,N/A,N/A
ID02100,Valentina Pereira 2100,valentina.pereira.2100.2100@exemplo.com,116.629.900-00,(11) 96629900
ID02101,Vinicius Nascimento 2101,vinicius.nascimento.2101.2101@exemplo.com,N/A,N/A
ID02102,Sara Teixeira 2102,sara.teixeira.2102.2102@exemplo.com,116.645.738-74,(11) 96645738
ID02103,Daniela Nascimento 2103,daniela.nascimento.2103.2103@exemplo.com,N/A,N/A
ID02104,Rafael Barbosa 2104,rafael.barbosa.2104.2104@exemplo.com,116.661.576-48,(11) 96661576
ID02105,Rafael Carvalho 2105,rafael.carvalho.2105.2105@exemplo.com,N/A,N/A
ID02106,Natalia Oliveira 2106,natalia.oliveira.2106.2106@exemplo.com,116.677.414-22,(11) 96677414
ID02107,Carlos Moura 2107,carlos.moura.2107.2107@exemplo.com,N/A,N/A
ID02108,Natalia Rodrigues 2108,natalia.rodrigues.2108.2108@exemplo.com,116.693.252-96,(11) 96693252
ID02109,Isabela Carvalho 2109,isabela.carvalho.2109.2109@exemplo.com,116.701.171-33,(11) 96701171
ID02110,Larissa Ribeiro 2110,larissa.ribeiro.2110.2110@exemplo.com,116.709.090-70,(11) 96709090
ID02111,Bruno Pereira 2111,bruno.pereira.2111.2111@exemplo.com,N/A,N/A
ID02112,Juliana Rodrigues 2112,juliana.rodrigues.2112.2112@exemplo.com,116.724.928-44,(11) 96724928
ID02113,Mariana Costa 2113,mariana.costa.2113.2113@exemplo.com,N/A,N/A
ID02114,Marcelo Souza 2114,marcelo.souza.2114.2114@exemplo.com,N/A,N/A
ID02115,Gabriel Souza 2115,gabriel.souza.2115.2115@exemplo.com,N/A,N/A
ID02116,Rafael Lima 2116,rafael.lima.2116.2116@exemplo.com,N/A,N/A
ID02117,Mariana Lima 2117,mariana.lima.2117.2117@exemplo.com,N/A,N/A
ID02118,Valentina Pereira 2118,valentina.pereira.2118.2118@exemplo.com,116.772.442-66,(11) 96772442
ID02119,Larissa Dias 2119,larissa.dias.2119.2119@exemplo.com,116.780.361-03,(11) 96780361
ID02120,Felipe Barbosa 2120,felipe.barbosa.2120.2120@exemplo.com,116.788.280-40,(11) 96788280
ID02121,Ana Araujo 2121,ana.araujo.2121.2121@exemplo.com,N/A,N/A
ID02122,Igor Araujo 2122,igor.araujo.2122.2122@exemplo.com,116.804.118-14,(11) 96804118
ID02123,Igor Oliveira 2123,igor.oliveira.2123.2123@exemplo.com,116.812.037-51,(11) 96812037
ID02124,Eduardo Nascimento 2124,eduardo.nascimento.2124.2124@exemplo.com,N/A,N/A
ID02125,Eduardo Rodrigues 2125,eduardo.rodrigues.2125.2125@exemplo.com,N/A,N/A
ID02126,Natalia Oliveira 2126,natalia.oliveira.2126.2126@exemplo.com,116.835.794-62,(11) 96835794
ID02127,Carlos Lima 2127,carlos.lima.2127.2127@exemplo.com,116.843.713-99,(11) 96843713
ID02128,Isabela Almeida 2128,isabela.almeida.2128.2128@exemplo.com,116.851.632-36,(11) 96851632
ID02129,Larissa Silva 2129,larissa.silva.2129.2129@exemplo.com,116.859.551-73,(11) 96859551
ID02130,Thiago Araujo 2130,thiago.araujo.2130.2130@exemplo.com,116.867.470-10,(11) 96867470
ID02131,Natalia Oliveira 2131,natalia.oliveira.2131.2131@exemplo.com,116.875.389-47,(11) 96875389
ID02132,Patricia Costa 2132,patricia.costa.2132.2132@exemplo.com,N/A,N/A
ID02133,Lucas Araujo 2133,lucas.araujo.2133.2133@exemplo.com,N/A,N/A
ID02134,Giovana Oliveira 2134,giovana.oliveira.2134.2134@exemplo.com,116.899.146-58,(11) 96899146
ID02135,Larissa Teixeira 2135,larissa.teixeira.2135.2135@exemplo.com,116.907.065-95,(11) 96907065
ID02136,Thiago Nascimento 2136,thiago.nascimento.2136.2136@exemplo.com,116.914.984-32,(11) 96914984
ID02137,Elisa Dias 2137,elisa.dias.2137.2137@exemplo.com,116.922.903-69,(11) 96922903
ID02138,Eduardo Santos 2138,eduardo.santos.2138.2138@exemplo.com,N/A,N/A
ID02139,Helena Carvalho 2139,helena.carvalho.2139.2139@exemplo.com,116.938.741-43,(11) 96938741
ID02140,Larissa Carvalho 2140,larissa.carvalho.2140.2140@exemplo.com,116.946.660-80,(11) 96946660
ID02141,Nicolas Santos 2141,nicolas.santos.2141.2141@exemplo.com,N/A,N/A
ID02142,Sofia Rodrigues 2142,sofia.rodrigues.2142.2142@exemplo.com,N/A,N/A
ID02143,Fernanda Barbosa 2143,fernanda.barbosa.2143.2143@exemplo.com,116.970.417-91,(11) 96970417
ID02144,Giovana Moura 2144,giovana.moura.2144.2144@exemplo.com,116.978.336-28,(11) 96978336
ID02145,Olivia Almeida 2145,olivia.almeida.2145.2145@exemplo.com,116.986.255-65,(11) 96986255
ID02146,Nicolas Dias 2146,nicolas.dias.2146.2146@exemplo.com,116.994.174-02,(11) 96994174
ID02147,Thiago Moura 2147,thiago.moura.2147.2147@exemplo.com,N/A,N/A
ID02148,Larissa Dias 2148,larissa.dias.2148.2148@exemplo.com,117.010.012-76,(11) 97010012
ID02149,Yasmin Araujo 2149,yasmin.araujo.2149.2149@exemplo.com,N/A,N/A
ID02150,Olivia Dias 2150,olivia.dias.2150.2150@exemplo.com,117.025.850-50,(11) 97025850
ID02151,Nicolas Fernandes 2151,nicolas.fernandes.2151.2151@exemplo.com,117.033.769-87,(11) 97033769
ID02152,Valentina Teixeira 2152,valentina.teixeira.2152.2152@exemplo.com,117.041.688-24,(11) 97041688
ID02153,Sofia Souza 2153,sofia.souza.2153.2153@exemplo.com,N/A,N/A
ID02154,Valentina Fernandes 2154,valentina.fernandes.2154.2154@exemplo.com,N/A,N/A
ID02155,Rafael Barbosa 2155,rafael.barbosa.2155.2155@exemplo.com,117.065.445-35,(11) 97065445
ID02156,Olivia Souza 2156,olivia.souza.2156.2156@exemplo.com,117.073.364-72,(11) 97073364
ID02157,Gabriel Oliveira 2157,gabriel.oliveira.2157.2157@exemplo.com,N/A,N/A
ID02158,Joao Santos 2158,joao.santos.2158.2158@exemplo.com,117.089.202-46,(11) 97089202
ID02159,Larissa Ribeiro 2159,larissa.ribeiro.2159.2159@exemplo.com,117.097.121-83,(11) 97097121
ID02160,Yasmin Lima 2160,yasmin.lima.2160.2160@exemplo.com,N/A,N/A
ID02161,Otavio Silva 2161,otavio.silva.2161.2161@exemplo.com,117.112.959-57,(11) 97112959
ID02162,Lucas Gomes 2162,lucas.gomes.2162.2162@exemplo.com,117.120.878-94,(11) 97120878
ID02163,Diego Carvalho 2163,diego.carvalho.2163.2163@exemplo.com,117.128.797-31,(11) 97128797
ID02164,Larissa Teixeira 2164,larissa.teixeira.2164.2164@exemplo.com,117.136.716-68,(11) 97136716
ID02165,Diego Lima 2165,diego.lima.2165.2165@exemplo.com,N/A,N/A
ID02166,Natalia Barbosa 2166,natalia.barbosa.2166.2166@exemplo.com,117.152.554-42,(11) 97152554
ID02167,Felipe Almeida 2167,felipe.almeida.2167.2167@exemplo.com,117.160.473-79,(11) 97160473
ID02168,Juliana Souza 2168,juliana.souza.2168.2168@exemplo.com,N/A,N/A
ID02169,Paulo Martins 2169,paulo.martins.2169.2169@exemplo.com,N/A,N/A
ID02170,Beatriz Souza 2170,beatriz.souza.2170.2170@exemplo.com,117.184.230-90,(11) 97184230
ID02171,Otavio Araujo 2171,otavio.araujo.2171.2171@exemplo.com,117.192.149-27,(11) 97192149
ID02172,Yasmin Pereira 2172,yasmin.pereira.2172.2172@exemplo.com,N/A,N/A
ID02173,Vinicius Pereira 2173,vinicius.pereira.2173.2173@exemplo.com,N/A,N/A
ID02174,Juliana Carvalho 2174,juliana.carvalho.2174.2174@exemplo.com,N/A,N/A
ID02175,Isabela Barbosa 2175,isabela.barbosa.2175.2175@exemplo.com,N/A,N/A
ID02176,Beatriz Lima 2176,beatriz.lima.2176.2176@exemplo.com,N/A,N/A
ID02177,Camila Souza 2177,camila.souza.2177.2177@exemplo.com,117.239.663-49,(11) 97239663
ID02178,Nicolas Martins 2178,nicolas.martins.2178.2178@exemplo.com,117.247.582-86,(11) 97247582
ID02179,Patricia Nascimento 2179,patricia.nascimento.2179.2179@exemplo.com,117.255.501-23,(11) 97255501
ID02180,Sara Ribeiro 2180,sara.ribeiro.2180.2180@exemplo.com,117.263.420-60,(11) 97263420
ID02181,Carlos Souza 2181,carlos.souza.2181.2181@exemplo.com,117.271.339-97,(11) 97271339
ID02182,Patricia Nascimento 2182,patricia.nascimento.2182.2182@exemplo.com,117.279.258-34,(11) 97279258
ID02183,Paulo Carvalho 2183,paulo.carvalho.2183.2183@exemplo.com,117.287.177-71,(11) 97287177
ID02184,Beatriz Santos 2184,beatriz.santos.2184.2184@exemplo.com,117.295.096-08,(11) 97295096
ID02185,Igor Ribeiro 2185,igor.ribeiro.2185.2185@exemplo.com,117.303.015-45,(11) 97303015
ID02186,Isabela Pereira 2186,isabela.pereira.2186.2186@exemplo.com,N/A,N/A
ID02187,Camila Teixeira 2187,camila.teixeira.2187.2187@exemplo.com,117.318.853-19,(11) 97318853
ID02188,Bruno Silva 2188,bruno.silva.2188.2188@exemplo.com,117.326.772-56,(11) 97326772
ID02189,Joao Pereira 2189,joao.pereira.2189.2189@exemplo.com,117.334.691-93,(11) 97334691
ID02190,Eduardo Moura 2190,eduardo.moura.2190.2190@exemplo.com,117.342.610-30,(11) 97342610
ID02191,Paulo Almeida 2191,paulo.almeida.2191.2191@exemplo.com,117.350.529-67,(11) 97350529
ID02192,Giovana Pereira 2192,giovana.pereira.2192.2192@exemplo.com,N/A,N/A
ID02193,Marcelo Araujo 2193,marcelo.araujo.2193.2193@exemplo.com,117.366.367-41,(11) 97366367
ID02194,Rafael Teixeira 2194,rafael.teixeira.2194.2194@exemplo.com,117.374.286-78,(11) 97374286
ID02195,Diego Santos 2195,diego.santos.2195.2195@exemplo.com,N/A,N/A
ID02196,Valentina Ribeiro 2196,valentina.ribeiro.2196.2196@exemplo.com,N/A,N/A
ID02197,Patricia Araujo 2197,patricia.araujo.2197.2197@exemplo.com,N/A,N/A
ID02198,Henrique Santos 2198,henrique.santos.2198.2198@exemplo.com,117.405.962-26,(11) 97405962
ID02199,Bruno Souza 2199,bruno.souza.2199.2199@exemplo.com,117.413.881-63,(11) 97413881
ID02200,Ana Rodrigues 2200,ana.rodrigues.2200.2200@exemplo.com,117.421.800-00,(11) 97421800
ID02201,Beatriz Martins 2201,beatriz.martins.2201.2201@exemplo.com,N/A,N/A
ID02202,Fernanda Martins 2202,fernanda.martins.2202.2202@exemplo.com,117.437.638-74,(11) 97437638
ID02203,Fernanda Nascimento 2203,fernanda.nascimento.2203.2203@exemplo.com,117.445.557-11,(11) 97445557
ID02204,Eduardo Pereira 2204,eduardo.pereira.2204.2204@exemplo.com,N/A,N/A
ID02205,Valentina Teixeira 2205,valentina.teixeira.2205.2205@exemplo.com,N/A,N/A
ID02206,Nicolas Araujo 2206,nicolas.araujo.2206.2206@exemplo.com,117.469.314-22,(11) 97469314
ID02207,Isabela Rodrigues 2207,isabela.rodrigues.2207.2207@exemplo.com,117.477.233-59,(11) 97477233
ID02208,Diego Barbosa 2208,diego.barbosa.2208.2208@exemplo.com,117.485.152-96,(11) 97485152
ID02209,Fernanda Almeida 2209,fernanda.almeida.2209.2209@exemplo.com,N/A,N/A
ID02210,Vinicius Barbosa 2210,vinicius.barbosa.2210.2210@exemplo.com,117.500.990-70,(11) 97500990
ID02211,Diego Costa 2211,diego.costa.2211.2211@exemplo.com,N/A,N/A
ID02212,Rafael Oliveira 2212,rafael.oliveira.2212.2212@exemplo.com,117.516.828-44,(11) 97516828
ID02213,Diego Barbosa 2213,diego.barbosa.2213.2213@exemplo.com,117.524.747-81,(11) 97524747
ID02214,Carlos Souza 2214,carlos.souza.2214.2214@exemplo.com,117.532.666-18,(11) 97532666
ID02215,Felipe Souza 2215,felipe.souza.2215.2215@exemplo.com,N/A,N/A
ID02216,Beatriz Costa 2216,beatriz.costa.2216.2216@exemplo.com,N/A,N/A
ID02217,Carlos Lima 2217,carlos.lima.2217.2217@exemplo.com,N/A,N/A
ID02218,Elisa Moura 2218,elisa.moura.2218.2218@exemplo.com,117.564.342-66,(11) 97564342
ID02219,Juliana Ribeiro 2219,juliana.ribeiro.2219.2219@exemplo.com,117.572.261-03,(11) 97572261
ID02220,Eduardo Barbosa 2220,eduardo.barbosa.2220.2220@exemplo.com,117.580.180-40,(11) 97580180
ID02221,Rafael Dias 2221,rafael.dias.2221.2221@exemplo.com,117.588.099-77,(11) 97588099
ID02222,Giovana Costa 2222,giovana.costa.2222.2222@exemplo.com,117.596.018-14,(11) 97596018
ID02223,Daniela Carvalho 2223,daniela.carvalho.2223.2223@exemplo.com,117.603.937-51,(11) 97603937
ID02224,Igor Souza 2224,igor.souza.2224.2224@exemplo.com,N/A,N/A
ID02225,Carlos Fernandes 2225,carlos.fernandes.2225.2225@exemplo.com,117.619.775-25,(11) 97619775
ID02226,Felipe Carvalho 2226,felipe.carvalho.2226.2226@exemplo.com,N/A,N/A
ID02227,Nicolas Nascimento 2227,nicolas.nascimento.2227.2227@exemplo.com,117.635.613-99,(11) 97635613
ID02228,Felipe Oliveira 2228,felipe.oliveira.2228.2228@exemplo.com,117.643.532-36,(11) 97643532
ID02229,Yasmin Gomes 2229,yasmin.gomes.2229.2229@exemplo.com,N/A,N/A
ID02230,Henrique Souza 2230,henrique.souza.2230.2230@exemplo.com,117.659.370-10,(11) 97659370
ID02231,Valentina Lima 2231,valentina.lima.2231.2231@exemplo.com,N/A,N/A
ID02232,Beatriz Costa 2232,beatriz.costa.2232.2232@exemplo.com,117.675.208-84,(11) 97675208
ID02233,Juliana Almeida 2233,juliana.almeida.2233.2233@exemplo.com,117.683.127-21,(11) 97683127
ID02234,Vinicius Moura 2234,vinicius.moura.2234.2234@exemplo.com,117.691.046-58,(11) 97691046
ID02235,Sara Rodrigues 2235,sara.rodrigues.2235.2235@exemplo.com,N/A,N/A
ID02236,Nicolas Pereira 2236,nicolas.pereira.2236.2236@exemplo.com,117.706.884-32,(11) 97706884
ID02237,Bruno Nascimento 2237,bruno.nascimento.2237.2237@exemplo.com,N/A,N/A
ID02238,Olivia Almeida 2238,olivia.almeida.2238.2238@exemplo.com,117.722.722-06,(11) 97722722
ID02239,Mariana Nascimento 2239,mariana.nascimento.2239.2239@exemplo.com,117.730.641-43,(11) 97730641
ID02240,Vinicius Santos 2240,vinicius.santos.2240.2240@exemplo.com,N/A,N/A
ID02241,Rodrigo Fernandes 2241,rodrigo.fernandes.2241.2241@exemplo.com,N/A,N/A
ID02242,Mariana Dias 2242,mariana.dias.2242.2242@exemplo.com,117.754.398-54,(11) 97754398
ID02243,Vinicius Ribeiro 2243,vinicius.ribeiro.2243.2243@exemplo.com,117.762.317-91,(11) 97762317
ID02244,Nicolas Souza 2244,nicolas.souza.2244.2244@exemplo.com,117.770.236-28,(11) 97770236
ID02245,Felipe Barbosa 2245,felipe.barbosa.2245.2245@exemplo.com,117.778.155-65,(11) 97778155
ID02246,Natalia Ribeiro 2246,natalia.ribeiro.2246.2246@exemplo.com,N/A,N/A
ID02247,Nicolas Fernandes 2247,nicolas.fernandes.2247.2247@exemplo.com,117.793.993-39,(11) 97793993
ID02248,Henrique Almeida 2248,henrique.almeida.2248.2248@exemplo.com,117.801.912-76,(11) 97801912
ID02249,Natalia Oliveira 2249,natalia.oliveira.2249.2249@exemplo.com,117.809.831-13,(11) 97809831
ID02250,Vinicius Carvalho 2250,vinicius.carvalho.2250.2250@exemplo.com,117.817.750-50,(11) 97817750
ID02251,Joao Rodrigues 2251,joao.rodrigues.2251.2251@exemplo.com,117.825.669-87,(11) 97825669
ID02252,Nicolas Dias 2252,nicolas.dias.2252.2252@exemplo.com,117.833.588-24,(11) 97833588
ID02253,Isabela Ribeiro 2253,isabela.ribeiro.2253.2253@exemplo.com,117.841.507-61,(11) 97841507
ID02254,Rodrigo Costa 2254,rodrigo.costa.2254.2254@exemplo.com,117.849.426-98,(11) 97849426
ID02255,Helena Carvalho 2255,helena.carvalho.2255.2255@exemplo.com,N/A,N/A
ID02256,Larissa Silva 2256,larissa.silva.2256.2256@exemplo.com,117.865.264-72,(11) 97865264
ID02257,Isabela Nascimento 2257,isabela.nascimento.2257.2257@exemplo.com,N/A,N/A
ID02258,Patricia Almeida 2258,patricia.almeida.2258.2258@exemplo.com,117.881.102-46,(11) 97881102
ID02259,Victor Teixeira 2259,victor.teixeira.2259.2259@exemplo.com,117.889.021-83,(11) 97889021
ID02260,Valentina Dias 2260,valentina.dias.2260.2260@exemplo.com,117.896.940-20,(11) 97896940
ID02261,Gabriel Ribeiro 2261,gabriel.ribeiro.2261.2261@exemplo.com,117.904.859-57,(11) 97904859
ID02262,Felipe Pereira 2262,felipe.pereira.2262.2262@exemplo.com,117.912.778-94,(11) 97912778
ID02263,Isabela Teixeira 2263,isabela.teixeira.2263.2263@exemplo.com,117.920.697-31,(11) 97920697
ID02264,Igor Pereira 2264,igor.pereira.2264.2264@exemplo.com,N/A,N/A
ID02265,Nicolas Rodrigues 2265,nicolas.rodrigues.2265.2265@exemplo.com,117.936.535-05,(11) 97936535
ID02266,Joao Gomes 2266,joao.gomes.2266.2266@exemplo.com,N/A,N/A
ID02267,Juliana Ribeiro 2267,juliana.ribeiro.2267.2267@exemplo.com,N/A,N/A
ID02268,Helena Barbosa 2268,helena.barbosa.2268.2268@exemplo.com,N/A,N/A
ID02269,Nicolas Barbosa 2269,nicolas.barbosa.2269.2269@exemplo.com,N/A,N/A
ID02270,Carlos Gomes 2270,carlos.gomes.2270.2270@exemplo.com,117.976.130-90,(11) 97976130
ID02271,Lucas Ribeiro 2271,lucas.ribeiro.2271.2271@exemplo.com,117.984.049-27,(11) 97984049
ID02272,Beatriz Souza 2272,beatriz.souza.2272.2272@exemplo.com,N/A,N/A
ID02273,Yasmin Oliveira 2273,yasmin.oliveira.2273.2273@exemplo.com,117.999.887-01,(11) 97999887
ID02274,Valentina Martins 2274,valentina.martins.2274.2274@exemplo.com,118.007.806-38,(11) 98007806
ID02275,Elisa Silva 2275,elisa.silva.2275.2275@exemplo.com,118.015.725-75,(11) 98015725
ID02276,Igor Costa 2276,igor.costa.2276.2276@exemplo.com,118.023.644-12,(11) 98023644
ID02277,Bruno Carvalho 2277,bruno.carvalho.2277.2277@exemplo.com,118.031.563-49,(11) 98031563
ID02278,Sara Moura 2278,sara.moura.2278.2278@exemplo.com,N/A,N/A
ID02279,Mariana Costa 2279,mariana.costa.2279.2279@exemplo.com,N/A,N/A
ID02280,Marcelo Pereira 2280,marcelo.pereira.2280.2280@exemplo.com,118.055.320-60,(11) 98055320
ID02281,Giovana Santos 2281,giovana.santos.2281.2281@exemplo.com,118.063.239-97,(11) 98063239
ID02282,Elisa Dias 2282,elisa.dias.2282.2282@exemplo.com,118.071.158-34,(11) 98071158
ID02283,Sara Oliveira 2283,sara.oliveira.2283.2283@exemplo.com,N/A,N/A
ID02284,Sara Souza 2284,sara.souza.2284.2284@exemplo.com,118.086.996-08,(11) 98086996
ID02285,Olivia Martins 2285,olivia.martins.2285.2285@exemplo.com,118.094.915-45,(11) 98094915
ID02286,Olivia Pereira 2286,olivia.pereira.2286.2286@exemplo.com,118.102.834-82,(11) 98102834
ID02287,Nicolas Martins 2287,nicolas.martins.2287.2287@exemplo.com,N/A,N/A
ID02288,Joao Santos 2288,joao.santos.2288.2288@exemplo.com,118.118.672-56,(11) 98118672
ID02289,Olivia Pereira 2289,olivia.pereira.2289.2289@exemplo.com,118.126.591-93,(11) 98126591
ID02290,Gabriel Barbosa 2290,gabriel.barbosa.2290.2290@exemplo.com,N/A,N/A
ID02291,Nicolas Barbosa 2291,nicolas.barbosa.2291.2291@exemplo.com,118.142.429-67,(11) 98142429
ID02292,Juliana Lima 2292,juliana.lima.2292.2292@exemplo.com,118.150.348-04,(11) 98150348
ID02293,Helena Gomes 2293,helena.gomes.2293.2293@exemplo.com,118.158.267-41,(11) 98158267
ID02294,Mariana Pereira 2294,mariana.pereira.2294.2294@exemplo.com,N/A,N/A
ID02295,Camila Barbosa 2295,camila.barbosa.2295.2295@exemplo.com,118.174.105-15,(11) 98174105
ID02296,Larissa Gomes 2296,larissa.gomes.2296.2296@exemplo.com,N/A,N/A
ID02297,Rodrigo Costa 2297,rodrigo.costa.2297.2297@exemplo.com,N/A,N/A
ID02298,Olivia Martins 2298,olivia.martins.2298.2298@exemplo.com,N/A,N/A
ID02299,Vinicius Lima 2299,vinicius.lima.2299.2299@exemplo.com,118.205.781-63,(11) 98205781
ID02300,Isabela Fernandes 2300,isabela.fernandes.2300.2300@exemplo.com,N/A,N/A
ID02301,Elisa Souza 2301,elisa.souza.2301.2301@exemplo.com,N/A,N/A
ID02302,Rodrigo Fernandes 2302,rodrigo.fernandes.2302.2302@exemplo.com,N/A,N/A
ID02303,Yasmin Teixeira 2303,yasmin.teixeira.2303.2303@exemplo.com,N/A,N/A
ID02304,Paulo Costa 2304,paulo.costa.2304.2304@exemplo.com,118.245.376-48,(11) 98245376
ID02305,Marcelo Lima 2305,marcelo.lima.2305.2305@exemplo.com,118.253.295-85,(11) 98253295
ID02306,Rodrigo Fernandes 2306,rodrigo.fernandes.2306.2306@exemplo.com,118.261.214-22,(11) 98261214
ID02307,Otavio Ribeiro 2307,otavio.ribeiro.2307.2307@exemplo.com,118.269.133-59,(11) 98269133
ID02308,Nicolas Souza 2308,nicolas.souza.2308.2308@exemplo.com,118.277.052-96,(11) 98277052
ID02309,Camila Carvalho 2309,camila.carvalho.2309.2309@exemplo.com,N/A,N/A
ID02310,Elisa Oliveira 2310,elisa.oliveira.2310.2310@exemplo.com,118.292.890-70,(11) 98292890
ID02311,Lucas Souza 2311,lucas.souza.2311.2311@exemplo.com,118.300.809-07,(11) 98300809
ID02312,Paulo Barbosa 2312,paulo.barbosa.2312.2312@exemplo.com,N/A,N/A
ID02313,Valentina Costa 2313,valentina.costa.2313.2313@exemplo.com,N/A,N/A
ID02314,Valentina Teixeira 2314,valentina.teixeira.2314.2314@exemplo.com,N/A,N/A
ID02315,Giovana Barbosa 2315,giovana.barbosa.2315.2315@exemplo.com,N/A,N/A
ID02316,Victor Fernandes 2316,victor.fernandes.2316.2316@exemplo.com,118.340.404-92,(11) 98340404
ID02317,Thiago Rodrigues 2317,thiago.rodrigues.2317.2317@exemplo.com,118.348.323-29,(11) 98348323
ID02318,Rafael Ribeiro 2318,rafael.ribeiro.2318.2318@exemplo.com,N/A,N/A
ID02319,Larissa Gomes 2319,larissa.gomes.2319.2319@exemplo.com,118.364.161-03,(11) 98364161
ID02320,Diego Carvalho 2320,diego.carvalho.2320.2320@exemplo.com,N/A,N/A
ID02321,Henrique Rodrigues 2321,henrique.rodrigues.2321.2321@exemplo.com,118.379.999-77,(11) 98379999
ID02322,Valentina Fernandes 2322,valentina.fernandes.2322.2322@exemplo.com,118.387.918-14,(11) 98387918
ID02323,Paulo Rodrigues 2323,paulo.rodrigues.2323.2323@exemplo.com,N/A,N/A
ID02324,Olivia Souza 2324,olivia.souza.2324.2324@exemplo.com,118.403.756-88,(11) 98403756
ID02325,Gabriel Almeida 2325,gabriel.almeida.2325.2325@exemplo.com,118.411.675-25,(11) 98411675
ID02326,Carlos Carvalho 2326,carlos.carvalho.2326.2326@exemplo.com,118.419.594-62,(11) 98419594
ID02327,Beatriz Ribeiro 2327,beatriz.ribeiro.2327.2327@exemplo.com,118.427.513-99,(11) 98427513
ID02328,Mariana Lima 2328,mariana.lima.2328.2328@exemplo.com,118.435.432-36,(11) 98435432
ID02329,Isabela Pereira 2329,isabela.pereira.2329.2329@exemplo.com,118.443.351-73,(11) 98443351
ID02330,Gabriel Ribeiro 2330,gabriel.ribeiro.2330.2330@exemplo.com,118.451.270-10,(11) 98451270
ID02331,Yasmin Gomes 2331,yasmin.gomes.2331.2331@exemplo.com,118.459.189-47,(11) 98459189
ID02332,Otavio Teixeira 2332,otavio.teixeira.2332.2332@exemplo.com,N/A,N/A
ID02333,Eduardo Ribeiro 2333,eduardo.ribeiro.2333.2333@exemplo.com,118.475.027-21,(11) 98475027
ID02334,Daniela Gomes 2334,daniela.gomes.2334.2334@exemplo.com,N/A,N/A
ID02335,Victor Silva 2335,victor.silva.2335.2335@exemplo.com,118.490.865-95,(11) 98490865
ID02336,Rafael Teixeira 2336,rafael.teixeira.2336.2336@exemplo.com,N/A,N/A
ID02337,Juliana Santos 2337,juliana.santos.2337.2337@exemplo.com,118.506.703-69,(11) 98506703
ID02338,Fernanda Silva 2338,fernanda.silva.2338.2338@exemplo.com,N/A,N/A
ID02339,Thiago Carvalho 2339,thiago.carvalho.2339.2339@exemplo.com,N/A,N/A
ID02340,Victor Lima 2340,victor.lima.2340.2340@exemplo.com,118.530.460-80,(11) 98530460
ID02341,Thiago Araujo 2341,thiago.araujo.2341.2341@exemplo.com,118.538.379-17,(11) 98538379
ID02342,Sara Araujo 2342,sara.araujo.2342.2342@exemplo.com,N/A,N/A
ID02343,Beatriz Lima 2343,beatriz.lima.2343.2343@exemplo.com,118.554.217-91,(11) 98554217
ID02344,Patricia Rodrigues 2344,patricia.rodrigues.2344.2344@exemplo.com,118.562.136-28,(11) 98562136
ID02345,Sara Lima 2345,sara.lima.2345.2345@exemplo.com,118.570.055-65,(11) 98570055
ID02346,Beatriz Souza 2346,beatriz.souza.2346.2346@exemplo.com,118.577.974-02,(11) 98577974
ID02347,Vinicius Almeida 2347,vinicius.almeida.2347.2347@exemplo.com,118.585.893-39,(11) 98585893
ID02348,Joao Costa 2348,joao.costa.2348.2348@exemplo.com,N/A,N/A
ID02349,Bruno Almeida 2349,bruno.almeida.2349.2349@exemplo.com,118.601.731-13,(11) 98601731
ID02350,Paulo Dias 2350,paulo.dias.2350.2350@exemplo.com,118.609.650-50,(11) 98609650
ID02351,Igor Carvalho 2351,igor.carvalho.2351.2351@exemplo.com,118.617.569-87,(11) 98617569
ID02352,Daniela Rodrigues 2352,daniela.rodrigues.2352.2352@exemplo.com,118.625.488-24,(11) 98625488
ID02353,Marcelo Costa 2353,marcelo.costa.2353.2353@exemplo.com,118.633.407-61,(11) 98633407
ID02354,Larissa Carvalho 2354,larissa.carvalho.2354.2354@exemplo.com,118.641.326-98,(11) 98641326
ID02355,Diego Barbosa 2355,diego.barbosa.2355.2355@exemplo.com,118.649.245-35,(11) 98649245
ID02356,Bruno Teixeira 2356,bruno.teixeira.2356.2356@exemplo.com,118.657.164-72,(11) 98657164
ID02357,Daniela Lima 2357,daniela.lima.2357.2357@exemplo.com,118.665.083-09,(11) 98665083
ID02358,Olivia Santos 2358,olivia.santos.2358.2358@exemplo.com,N/A,N/A
ID02359,Lucas Araujo 2359,lucas.araujo.2359.2359@exemplo.com,N/A,N/A
ID02360,Diego Ribeiro 2360,diego.ribeiro.2360.2360@exemplo.com,118.688.840-20,(11) 98688840
ID02361,Victor Teixeira 2361,victor.teixeira.2361.2361@exemplo.com,118.696.759-57,(11) 98696759
ID02362,Helena Teixeira 2362,helena.teixeira.2362.2362@exemplo.com,118.704.678-94,(11) 98704678
ID02363,Victor Costa 2363,victor.costa.2363.2363@exemplo.com,118.712.597-31,(11) 98712597
ID02364,Valentina Carvalho 2364,valentina.carvalho.2364.2364@exemplo.com,118.720.516-68,(11) 98720516
ID02365,Igor Carvalho 2365,igor.carvalho.2365.2365@exemplo.com,118.728.435-05,(11) 98728435
ID02366,Camila Souza 2366,camila.souza.2366.2366@exemplo.com,N/A,N/A
ID02367,Olivia Souza 2367,olivia.souza.2367.2367@exemplo.com,118.744.273-79,(11) 98744273
ID02368,Camila Carvalho 2368,camila.carvalho.2368.2368@exemplo.com,N/A,N/A
ID02369,Carlos Gomes 2369,carlos.gomes.2369.2369@exemplo.com,N/A,N/A
ID02370,Sara Ribeiro 2370,sara.ribeiro.2370.2370@exemplo.com,N/A,N/A
ID02371,Elisa Silva 2371,elisa.silva.2371.2371@exemplo.com,N/A,N/A
ID02372,Olivia Souza 2372,olivia.souza.2372.2372@exemplo.com,118.783.868-64,(11) 98783868
ID02373,Carlos Nascimento 2373,carlos.nascimento.2373.2373@exemplo.com,118.791.787-01,(11) 98791787
ID02374,Helena Costa 2374,helena.costa.2374.2374@exemplo.com,118.799.706-38,(11) 98799706
ID02375,Beatriz Costa 2375,beatriz.costa.2375.2375@exemplo.com,118.807.625-75,(11) 98807625
ID02376,Rafael Pereira 2376,rafael.pereira.2376.2376@exemplo.com,118.815.544-12,(11) 98815544
ID02377,Felipe Souza 2377,felipe.souza.2377.2377@exemplo.com,N/A,N/A
ID02378,Bruno Silva 2378,bruno.silva.2378.2378@exemplo.com,118.831.382-86,(11) 98831382
ID02379,Victor Nascimento 2379,victor.nascimento.2379.2379@exemplo.com,N/A,N/A
ID02380,Vinicius Santos 2380,vinicius.santos.2380.2380@exemplo.com,N/A,N/A
ID02381,Lucas Ferreira 2381,lucas.ferreira.2381.2381@exemplo.com,118.855.139-97,(11) 98855139
ID02382,Mariana Nascimento 2382,mariana.nascimento.2382.2382@exemplo.com,N/A,N/A
ID02383,Otavio Dias 2383,otavio.dias.2383.2383@exemplo.com,N/A,N/A
ID02384,Sara Nascimento 2384,sara.nascimento.2384.2384@exemplo.com,118.878.896-08,(11) 98878896
ID02385,Vinicius Souza 2385,vinicius.souza.2385.2385@exemplo.com,118.886.815-45,(11) 98886815
ID02386,Ana Pereira 2386,ana.pereira.2386.2386@exemplo.com,N/A,N/A
ID02387,Rodrigo Almeida 2387,rodrigo.almeida.2387.2387@exemplo.com,N/A,N/A
ID02388,Natalia Almeida 2388,natalia.almeida.2388.2388@exemplo.com,118.910.572-56,(11) 98910572
ID02389,Olivia Santos 2389,olivia.santos.2389.2389@exemplo.com,118.918.491-93,(11) 98918491
ID02390,Victor Pereira 2390,victor.pereira.2390.2390@exemplo.com,N/A,N/A
ID02391,Bruno Silva 2391,bruno.silva.2391.2391@exemplo.com,118.934.329-67,(11) 98934329
ID02392,Joao Rodrigues 2392,joao.rodrigues.2392.2392@exemplo.com,118.942.248-04,(11) 98942248
ID02393,Paulo Oliveira 2393,paulo.oliveira.2393.2393@exemplo.com,N/A,N/A
ID02394,Vinicius Araujo 2394,vinicius.araujo.2394.2394@exemplo.com,118.958.086-78,(11) 98958086
ID02395,Valentina Rodrigues 2395,valentina.rodrigues.2395.2395@exemplo.com,118.966.005-15,(11) 98966005
ID02396,Giovana Pereira 2396,giovana.pereira.2396.2396@exemplo.com,118.973.924-52,(11) 98973924
ID02397,Daniela Rodrigues 2397,daniela.rodrigues.2397.2397@exemplo.com,N/A,N/A
ID02398,Helena Gomes 2398,helena.gomes.2398.2398@exemplo.com,118.989.762-26,(11) 98989762
ID02399,Carlos Dias 2399,carlos.dias.2399.2399@exemplo.com,N/A,N/A
ID02400,Olivia Teixeira 2400,olivia.teixeira.2400.2400@exemplo.com,119.005.600-00,(11) 99005600
ID02401,Sara Araujo 2401,sara.araujo.2401.2401@exemplo.com,N/A,N/A
ID02402,Sofia Ribeiro 2402,sofia.ribeiro.2402.2402@exemplo.com,119.021.438-74,(11) 99021438
ID02403,Lucas Silva 2403,lucas.silva.2403.2403@exemplo.com,119.029.357-11,(11) 99029357
ID02404,Gabriel Carvalho 2404,gabriel.carvalho.2404.2404@exemplo.com,119.037.276-48,(11) 99037276
ID02405,Helena Dias 2405,helena.dias.2405.2405@exemplo.com,119.045.195-85,(11) 99045195
ID02406,Henrique Barbosa 2406,henrique.barbosa.2406.2406@exemplo.com,N/A,N/A
ID02407,Nicolas Barbosa 2407,nicolas.barbosa.2407.2407@exemplo.com,119.061.033-59,(11) 99061033
ID02408,Olivia Gomes 2408,olivia.gomes.2408.2408@exemplo.com,119.068.952-96,(11) 99068952
ID02409,Daniela Moura 2409,daniela.moura.2409.2409@exemplo.com,N/A,N/A
ID02410,Larissa Lima 2410,larissa.lima.2410.2410@exemplo.com,119.084.790-70,(11) 99084790
ID02411,Diego Moura 2411,diego.moura.2411.2411@exemplo.com,119.092.709-07,(11) 99092709
ID02412,Fernanda Costa 2412,fernanda.costa.2412.2412@exemplo.com,N/A,N/A
ID02413,Sofia Silva 2413,sofia.silva.2413.2413@exemplo.com,119.108.547-81,(11) 99108547
ID02414,Otavio Gomes 2414,otavio.gomes.2414.2414@exemplo.com,119.116.466-18,(11) 99116466
ID02415,Olivia Araujo 2415,olivia.araujo.2415.2415@exemplo.com,119.124.385-55,(11) 99124385
ID02416,Isabela Nascimento 2416,isabela.nascimento.2416.2416@exemplo.com,119.132.304-92,(11) 99132304
ID02417,Diego Barbosa 2417,diego.barbosa.2417.2417@exemplo.com,119.140.223-29,(11) 99140223
ID02418,Patricia Nascimento 2418,patricia.nascimento.2418.2418@exemplo.com,119.148.142-66,(11) 99148142
ID02419,Rodrigo Lima 2419,rodrigo.lima.2419.2419@exemplo.com,119.156.061-03,(11) 99156061
ID02420,Gabriel Oliveira 2420,gabriel.oliveira.2420.2420@exemplo.com,N/A,N/A
ID02421,Giovana Ribeiro 2421,giovana.ribeiro.2421.2421@exemplo.com,119.171.899-77,(11) 99171899
ID02422,Patricia Oliveira 2422,patricia.oliveira.2422.2422@exemplo.com,N/A,N/A
ID02423,Paulo Almeida 2423,paulo.almeida.2423.2423@exemplo.com,119.187.737-51,(11) 99187737
ID02424,Joao Gomes 2424,joao.gomes.2424.2424@exemplo.com,N/A,N/A
ID02425,Joao Pereira 2425,joao.pereira.2425.2425@exemplo.com,119.203.575-25,(11) 99203575
ID02426,Sara Teixeira 2426,sara.teixeira.2426.2426@exemplo.com,119.211.494-62,(11) 99211494
ID02427,Otavio Moura 2427,otavio.moura.2427.2427@exemplo.com,N/A,N/A
ID02428,Gabriel Nascimento 2428,gabriel.nascimento.2428.2428@exemplo.com,119.227.332-36,(11) 99227332
ID02429,Nicolas Carvalho 2429,nicolas.carvalho.2429.2429@exemplo.com,119.235.251-73,(11) 99235251
ID02430,Carlos Nascimento 2430,carlos.nascimento.2430.2430@exemplo.com,119.243.170-10,(11) 99243170
ID02431,Natalia Ribeiro 2431,natalia.ribeiro.2431.2431@exemplo.com,N/A,N/A
ID02432,Ana Nascimento 2432,ana.nascimento.2432.2432@exemplo.com,119.259.008-84,(11) 99259008
ID02433,Bruno Oliveira 2433,bruno.oliveira.2433.2433@exemplo.com,N/A,N/A
ID02434,Sofia Costa 2434,sofia.costa.2434.2434@exemplo.com,119.274.846-58,(11) 99274846
ID02435,Nicolas Barbosa 2435,nicolas.barbosa.2435.2435@exemplo.com,119.282.765-95,(11) 99282765
ID02436,Beatriz Silva 2436,beatriz.silva.2436.2436@exemplo.com,119.290.684-32,(11) 99290684
ID02437,Helena Martins 2437,helena.martins.2437.2437@exemplo.com,119.298.603-69,(11) 99298603
ID02438,Giovana Ribeiro 2438,giovana.ribeiro.2438.2438@exemplo.com,119.306.522-06,(11) 99306522
ID02439,Otavio Dias 2439,otavio.dias.2439.2439@exemplo.com,N/A,N/A
ID02440,Helena Souza 2440,helena.souza.2440.2440@exemplo.com,N/A,N/A
ID02441,Daniela Pereira 2441,daniela.pereira.2441.2441@exemplo.com,119.330.279-17,(11) 99330279
ID02442,Victor Fernandes 2442,victor.fernandes.2442.2442@exemplo.com,N/A,N/A
ID02443,Lucas Teixeira 2443,lucas.teixeira.2443.2443@exemplo.com,119.346.117-91,(11) 99346117
ID02444,Henrique Barbosa 2444,henrique.barbosa.2444.2444@exemplo.com,N/A,N/A
ID02445,Yasmin Santos 2445,yasmin.santos.2445.2445@exemplo.com,N/A,N/A
ID02446,Gabriel Fernandes 2446,gabriel.fernandes.2446.2446@exemplo.com,119.369.874-02,(11) 99369874
ID02447,Joao Silva 2447,joao.silva.2447.2447@exemplo.com,119.377.793-39,(11) 99377793
ID02448,Joao Rodrigues 2448,joao.rodrigues.2448.2448@exemplo.com,119.385.712-76,(11) 99385712
ID02449,Henrique Almeida 2449,henrique.almeida.2449.2449@exemplo.com,119.393.631-13,(11) 99393631
ID02450,Rodrigo Silva 2450,rodrigo.silva.2450.2450@exemplo.com,119.401.550-50,(11) 99401550
ID02451,Mariana Fernandes 2451,mariana.fernandes.2451.2451@exemplo.com,N/A,N/A
ID02452,Nicolas Barbosa 2452,nicolas.barbosa.2452.2452@exemplo.com,N/A,N/A
ID02453,Helena Dias 2453,helena.dias.2453.2453@exemplo.com,119.425.307-61,(11) 99425307
ID02454,Nicolas Costa 2454,nicolas.costa.2454.2454@exemplo.com,119.433.226-98,(11) 99433226
ID02455,Otavio Gomes 2455,otavio.gomes.2455.2455@exemplo.com,119.441.145-35,(11) 99441145
ID02456,Mariana Almeida 2456,mariana.almeida.2456.2456@exemplo.com,N/A,N/A
ID02457,Rafael Moura 2457,rafael.moura.2457.2457@exemplo.com,119.456.983-09,(11) 99456983
ID02458,Rafael Carvalho 2458,rafael.carvalho.2458.2458@exemplo.com,N/A,N/A
ID02459,Sofia Santos 2459,sofia.santos.2459.2459@exemplo.com,119.472.821-83,(11) 99472821
ID02460,Sofia Pereira 2460,sofia.pereira.2460.2460@exemplo.com,119.480.740-20,(11) 99480740
ID02461,Thiago Araujo 2461,thiago.araujo.2461.2461@exemplo.com,119.488.659-57,(11) 99488659
ID02462,Rodrigo Fernandes 2462,rodrigo.fernandes.2462.2462@exemplo.com,119.496.578-94,(11) 99496578
ID02463,Diego Ribeiro 2463,diego.ribeiro.2463.2463@exemplo.com,119.504.497-31,(11) 99504497
ID02464,Yasmin Dias 2464,yasmin.dias.2464.2464@exemplo.com,119.512.416-68,(11) 99512416
ID02465,Patricia Carvalho 2465,patricia.carvalho.2465.2465@exemplo.com,N/A,N/A
ID02466,Mariana Dias 2466,mariana.dias.2466.2466@exemplo.com,119.528.254-42,(11) 99528254
ID02467,Natalia Santos 2467,natalia.santos.2467.2467@exemplo.com,119.536.173-79,(11) 99536173
ID02468,Rafael Santos 2468,rafael.santos.2468.2468@exemplo.com,119.544.092-16,(11) 99544092
ID02469,Diego Pereira 2469,diego.pereira.2469.2469@exemplo.com,119.552.011-53,(11) 99552011
ID02470,Ana Santos 2470,ana.santos.2470.2470@exemplo.com,N/A,N/A
ID02471,Sara Teixeira 2471,sara.teixeira.2471.2471@exemplo.com,N/A,N/A
ID02472,Gabriel Nascimento 2472,gabriel.nascimento.2472.2472@exemplo.com,119.575.768-64,(11) 99575768
ID02473,Olivia Almeida 2473,olivia.almeida.2473.2473@exemplo.com,119.583.687-01,(11) 99583687
ID02474,Bruno Carvalho 2474,bruno.carvalho.2474.2474@exemplo.com,119.591.606-38,(11) 99591606
ID02475,Helena Dias 2475,helena.dias.2475.2475@exemplo.com,119.599.525-75,(11) 99599525
ID02476,Rafael Pereira 2476,rafael.pereira.2476.2476@exemplo.com,119.607.444-12,(11) 99607444
ID02477,Camila Dias 2477,camila.dias.2477.2477@exemplo.com,119.615.363-49,(11) 99615363
ID02478,Olivia Araujo 2478,olivia.araujo.2478.2478@exemplo.com,119.623.282-86,(11) 99623282
ID02479,Juliana Costa 2479,juliana.costa.2479.2479@exemplo.com,119.631.201-23,(11) 99631201
ID02480,Lucas Araujo 2480,lucas.araujo.2480.2480@exemplo.com,119.639.120-60,(11) 99639120
ID02481,Vinicius Pereira 2481,vinicius.pereira.2481.2481@exemplo.com,N/A,N/A
ID02482,Elisa Santos 2482,elisa.santos.2482.2482@exemplo.com,119.654.958-34,(11) 99654958
ID02483,Olivia Ribeiro 2483,olivia.ribeiro.2483.2483@exemplo.com,N/A,N/A
ID02484,Rafael Carvalho 2484,rafael.carvalho.2484.2484@exemplo.com,119.670.796-08,(11) 99670796
ID02485,Valentina Lima 2485,valentina.lima.2485.2485@exemplo.com,N/A,N/A
ID02486,Mariana Gomes 2486,mariana.gomes.2486.2486@exemplo.com,119.686.634-82,(11) 99686634
ID02487,Paulo Martins 2487,paulo.martins.2487.2487@exemplo.com,119.694.553-19,(11) 99694553
ID02488,Juliana Araujo 2488,juliana.araujo.2488.2488@exemplo.com,119.702.472-56,(11) 99702472
ID02489,Juliana Silva 2489,juliana.silva.2489.2489@exemplo.com,119.710.391-93,(11) 99710391
ID02490,Thiago Teixeira 2490,thiago.teixeira.2490.2490@exemplo.com,N/A,N/A
ID02491,Ana Santos 2491,ana.santos.2491.2491@exemplo.com,119.726.229-67,(11) 99726229
ID02492,Mariana Araujo 2492,mariana.araujo.2492.2492@exemplo.com,119.734.148-04,(11) 99734148
ID02493,Sara Gomes 2493,sara.gomes.2493.2493@exemplo.com,119.742.067-41,(11) 99742067
ID02494,Sofia Ribeiro 2494,sofia.ribeiro.2494.2494@exemplo.com,119.749.986-78,(11) 99749986
ID02495,Beatriz Rodrigues 2495,beatriz.rodrigues.2495.2495@exemplo.com,N/A,N/A
ID02496,Joao Araujo 2496,joao.araujo.2496.2496@exemplo.com,N/A,N/A
ID02497,Valentina Costa 2497,valentina.costa.2497.2497@exemplo.com,119.773.743-89,(11) 99773743
ID02498,Victor Dias 2498,victor.dias.2498.2498@exemplo.com,N/A,N/A
ID02499,Mariana Martins 2499,mariana.martins.2499.2499@exemplo.com,119.789.581-63,(11) 99789581
ID02500,Fernanda Lima 2500,fernanda.lima.2500.2500@exemplo.com,119.797.500-00,(11) 99797500
ID02501,Victor Araujo 2501,victor.araujo.2501.2501@exemplo.com,N/A,N/A
ID02502,Henrique Silva 2502,henrique.silva.2502.2502@exemplo.com,119.813.338-74,(11) 99813338
ID02503,Camila Teixeira 2503,camila.teixeira.2503.2503@exemplo.com,119.821.257-11,(11) 99821257
ID02504,Felipe Teixeira 2504,felipe.teixeira.2504.2504@exemplo.com,N/A,N/A
ID02505,Thiago Gomes 2505,thiago.gomes.2505.2505@exemplo.com,119.837.095-85,(11) 99837095
ID02506,Helena Nascimento 2506,helena.nascimento.2506.2506@exemplo.com,119.845.014-22,(11) 99845014
ID02507,Paulo Moura 2507,paulo.moura.2507.2507@exemplo.com,119.852.933-59,(11) 99852933
ID02508,Rodrigo Nascimento 2508,rodrigo.nascimento.2508.2508@exemplo.com,N/A,N/A
ID02509,Paulo Carvalho 2509,paulo.carvalho.2509.2509@exemplo.com,N/A,N/A
ID02510,Igor Santos 2510,igor.santos.2510.2510@exemplo.com,119.876.690-70,(11) 99876690
ID02511,Carlos Souza 2511,carlos.souza.2511.2511@exemplo.com,119.884.609-07,(11) 99884609
ID02512,Natalia Costa 2512,natalia.costa.2512.2512@exemplo.com,119.892.528-44,(11) 99892528
ID02513,Sofia Santos 2513,sofia.santos.2513.2513@exemplo.com,119.900.447-81,(11) 99900447
ID02514,Eduardo Souza 2514,eduardo.souza.2514.2514@exemplo.com,119.908.366-18,(11) 99908366
ID02515,Beatriz Nascimento 2515,beatriz.nascimento.2515.2515@exemplo.com,119.916.285-55,(11) 99916285
ID02516,Patricia Ribeiro 2516,patricia.ribeiro.2516.2516@exemplo.com,119.924.204-92,(11) 99924204
ID02517,Juliana Teixeira 2517,juliana.teixeira.2517.2517@exemplo.com,N/A,N/A
ID02518,Patricia Lima 2518,patricia.lima.2518.2518@exemplo.com,119.940.042-66,(11) 99940042
ID02519,Isabela Barbosa 2519,isabela.barbosa.2519.2519@exemplo.com,119.947.961-03,(11) 99947961
ID02520,Camila Costa 2520,camila.costa.2520.2520@exemplo.com,N/A,N/A
ID02521,Giovana Nascimento 2521,giovana.nascimento.2521.2521@exemplo.com,119.963.799-77,(11) 99963799
ID02522,Helena Gomes 2522,helena.gomes.2522.2522@exemplo.com,119.971.718-14,(11) 99971718
ID02523,Valentina Souza 2523,valentina.souza.2523.2523@exemplo.com,119.979.637-51,(11) 99979637
ID02524,Olivia Costa 2524,olivia.costa.2524.2524@exemplo.com,N/A,N/A
ID02525,Patricia Souza 2525,patricia.souza.2525.2525@exemplo.com,119.995.475-25,(11) 99995475
ID02526,Olivia Teixeira 2526,olivia.teixeira.2526.2526@exemplo.com,120.003.394-62,(11) 90003394
ID02527,Sofia Pereira 2527,sofia.pereira.2527.2527@exemplo.com,N/A,N/A
ID02528,Olivia Gomes 2528,olivia.gomes.2528.2528@exemplo.com,120.019.232-36,(11) 90019232
ID02529,Otavio Almeida 2529,otavio.almeida.2529.2529@exemplo.com,120.027.151-73,(11) 90027151
ID02530,Camila Dias 2530,camila.dias.2530.2530@exemplo.com,N/A,N/A
ID02531,Joao Almeida 2531,joao.almeida.2531.2531@exemplo.com,120.042.989-47,(11) 90042989
ID02532,Natalia Santos 2532,natalia.santos.2532.2532@exemplo.com,120.050.908-84,(11) 90050908
ID02533,Rafael Martins 2533,rafael.martins.2533.2533@exemplo.com,120.058.827-21,(11) 90058827
ID02534,Vinicius Lima 2534,vinicius.lima.2534.2534@exemplo.com,N/A,N/A
ID02535,Joao Souza 2535,joao.souza.2535.2535@exemplo.com,120.074.665-95,(11) 90074665
ID02536,Carlos Silva 2536,carlos.silva.2536.2536@exemplo.com,N/A,N/A
ID02537,Giovana Costa 2537,giovana.costa.2537.2537@exemplo.com,N/A,N/A
ID02538,Rafael Almeida 2538,rafael.almeida.2538.2538@exemplo.com,120.098.422-06,(11) 90098422
ID02539,Daniela Martins 2539,daniela.martins.2539.2539@exemplo.com,N/A,N/A
ID02540,Rodrigo Araujo 2540,rodrigo.araujo.2540.2540@exemplo.com,N/A,N/A
ID02541,Beatriz Martins 2541,beatriz.martins.2541.2541@exemplo.com,120.122.179-17,(11) 90122179
ID02542,Gabriel Almeida 2542,gabriel.almeida.2542.2542@exemplo.com,120.130.098-54,(11) 90130098
ID02543,Thiago Oliveira 2543,thiago.oliveira.2543.2543@exemplo.com,120.138.017-91,(11) 90138017
ID02544,Marcelo Dias 2544,marcelo.dias.2544.2544@exemplo.com,120.145.936-28,(11) 90145936
ID02545,Sofia Barbosa 2545,sofia.barbosa.2545.2545@exemplo.com,120.153.855-65,(11) 90153855
ID02546,Carlos Lima 2546,carlos.lima.2546.2546@exemplo.com,120.161.774-02,(11) 90161774
ID02547,Camila Oliveira 2547,camila.oliveira.2547.2547@exemplo.com,120.169.693-39,(11) 90169693
ID02548,Vinicius Almeida 2548,vinicius.almeida.2548.2548@exemplo.com,120.177.612-76,(11) 90177612
ID02549,Diego Gomes 2549,diego.gomes.2549.2549@exemplo.com,N/A,N/A
ID02550,Diego Teixeira 2550,diego.teixeira.2550.2550@exemplo.com,120.193.450-50,(11) 90193450
ID02551,Henrique Oliveira 2551,henrique.oliveira.2551.2551@exemplo.com,120.201.369-87,(11) 90201369
ID02552,Sofia Almeida 2552,sofia.almeida.2552.2552@exemplo.com,N/A,N/A
ID02553,Sofia Almeida 2553,sofia.almeida.2553.2553@exemplo.com,120.217.207-61,(11) 90217207
ID02554,Juliana Nascimento 2554,juliana.nascimento.2554.2554@exemplo.com,120.225.126-98,(11) 90225126
ID02555,Felipe Teixeira 2555,felipe.teixeira.2555.2555@exemplo.com,120.233.045-35,(11) 90233045
ID02556,Igor Rodrigues 2556,igor.rodrigues.2556.2556@exemplo.com,N/A,N/A
ID02557,Valentina Martins 2557,valentina.martins.2557.2557@exemplo.com,120.248.883-09,(11) 90248883
ID02558,Henrique Martins 2558,henrique.martins.2558.2558@exemplo.com,120.256.802-46,(11) 90256802
ID02559,Nicolas Pereira 2559,nicolas.pereira.2559.2559@exemplo.com,120.264.721-83,(11) 90264721
ID02560,Vinicius Barbosa 2560,vinicius.barbosa.2560.2560@exemplo.com,N/A,N/A
ID02561,Marcelo Almeida 2561,marcelo.almeida.2561.2561@exemplo.com,120.280.559-57,(11) 90280559
ID02562,Marcelo Fernandes 2562,marcelo.fernandes.2562.2562@exemplo.com,120.288.478-94,(11) 90288478
ID02563,Paulo Gomes 2563,paulo.gomes.2563.2563@exemplo.com,120.296.397-31,(11) 90296397
ID02564,Diego Pereira 2564,diego.pereira.2564.2564@exemplo.com,120.304.316-68,(11) 90304316
ID02565,Nicolas Ribeiro 2565,nicolas.ribeiro.2565.2565@exemplo.com,120.312.235-05,(11) 90312235
ID02566,Igor Santos 2566,igor.santos.2566.2566@exemplo.com,120.320.154-42,(11) 90320154
ID02567,Thiago Carvalho 2567,thiago.carvalho.2567.2567@exemplo.com,N/A,N/A
ID02568,Natalia Rodrigues 2568,natalia.rodrigues.2568.2568@exemplo.com,120.335.992-16,(11) 90335992
ID02569,Elisa Barbosa 2569,elisa.barbosa.2569.2569@exemplo.com,120.343.911-53,(11) 90343911
ID02570,Felipe Lima 2570,felipe.lima.2570.2570@exemplo.com,N/A,N/A
ID02571,Juliana Costa 2571,juliana.costa.2571.2571@exemplo.com,120.359.749-27,(11) 90359749
ID02572,Gabriel Araujo 2572,gabriel.araujo.2572.2572@exemplo.com,120.367.668-64,(11) 90367668
ID02573,Helena Nascimento 2573,helena.nascimento.2573.2573@exemplo.com,N/A,N/A
ID02574,Felipe Araujo 2574,felipe.araujo.2574.2574@exemplo.com,120.383.506-38,(11) 90383506
ID02575,Rafael Barbosa 2575,rafael.barbosa.2575.2575@exemplo.com,120.391.425-75,(11) 90391425
ID02576,Helena Costa 2576,helena.costa.2576.2576@exemplo.com,120.399.344-12,(11) 90399344
ID02577,Diego Almeida 2577,diego.almeida.2577.2577@exemplo.com,120.407.263-49,(11) 90407263
ID02578,Fernanda Dias 2578,fernanda.dias.2578.2578@exemplo.com,120.415.182-86,(11) 90415182
ID02579,Olivia Dias 2579,olivia.dias.2579.2579@exemplo.com,120.423.101-23,(11) 90423101
ID02580,Marcelo Fernandes 2580,marcelo.fernandes.2580.2580@exemplo.com,120.431.020-60,(11) 90431020
ID02581,Beatriz Fernandes 2581,beatriz.fernandes.2581.2581@exemplo.com,120.438.939-97,(11) 90438939
ID02582,Valentina Santos 2582,valentina.santos.2582.2582@exemplo.com,120.446.858-34,(11) 90446858
ID02583,Sofia Carvalho 2583,sofia.carvalho.2583.2583@exemplo.com,120.454.777-71,(11) 90454777
ID02584,Vinicius Gomes 2584,vinicius.gomes.2584.2584@exemplo.com,120.462.696-08,(11) 90462696
ID02585,Yasmin Almeida 2585,yasmin.almeida.2585.2585@exemplo.com,120.470.615-45,(11) 90470615
ID02586,Nicolas Barbosa 2586,nicolas.barbosa.2586.2586@exemplo.com,N/A,N/A
ID02587,Gabriel Carvalho 2587,gabriel.carvalho.2587.2587@exemplo.com,N/A,N/A
ID02588,Paulo Santos 2588,paulo.santos.2588.2588@exemplo.com,120.494.372-56,(11) 90494372
ID02589,Felipe Souza 2589,felipe.souza.2589.2589@exemplo.com,120.502.291-93,(11) 90502291
ID02590,Rafael Lima 2590,rafael.lima.2590.2590@exemplo.com,120.510.210-30,(11) 90510210
ID02591,Paulo Ribeiro 2591,paulo.ribeiro.2591.2591@exemplo.com,N/A,N/A
ID02592,Eduardo Barbosa 2592,eduardo.barbosa.2592.2592@exemplo.com,120.526.048-04,(11) 90526048
ID02593,Rodrigo Araujo 2593,rodrigo.araujo.2593.2593@exemplo.com,N/A,N/A
ID02594,Nicolas Almeida 2594,nicolas.almeida.2594.2594@exemplo.com,120.541.886-78,(11) 90541886
ID02595,Henrique Rodrigues 2595,henrique.rodrigues.2595.2595@exemplo.com,120.549.805-15,(11) 90549805
ID02596,Sara Moura 2596,sara.moura.2596.2596@exemplo.com,120.557.724-52,(11) 90557724
ID02597,Felipe Oliveira 2597,felipe.oliveira.2597.2597@exemplo.com,120.565.643-89,(11) 90565643
ID02598,Olivia Barbosa 2598,olivia.barbosa.2598.2598@exemplo.com,120.573.562-26,(11) 90573562
ID02599,Rodrigo Souza 2599,rodrigo.souza.2599.2599@exemplo.com,120.581.481-63,(11) 90581481
ID02600,Felipe Nascimento 2600,felipe.nascimento.2600.2600@exemplo.com,120.589.400-00,(11) 90589400
ID02601,Fernanda Barbosa 2601,fernanda.barbosa.2601.2601@exemplo.com,120.597.319-37,(11) 90597319
ID02602,Vinicius Barbosa 2602,vinicius.barbosa.2602.2602@exemplo.com,120.605.238-74,(11) 90605238
ID02603,Olivia Rodrigues 2603,olivia.rodrigues.2603.2603@exemplo.com,120.613.157-11,(11) 90613157
ID02604,Rafael Barbosa 2604,rafael.barbosa.2604.2604@exemplo.com,120.621.076-48,(11) 90621076
ID02605,Rodrigo Fernandes 2605,rodrigo.fernandes.2605.2605@exemplo.com,120.628.995-85,(11) 90628995
ID02606,Henrique Martins 2606,henrique.martins.2606.2606@exemplo.com,N/A,N/A
ID02607,Henrique Barbosa 2607,henrique.barbosa.2607.2607@exemplo.com,N/A,N/A
ID02608,Felipe Santos 2608,felipe.santos.2608.2608@exemplo.com,N/A,N/A
ID02609,Eduardo Silva 2609,eduardo.silva.2609.2609@exemplo.com,120.660.671-33,(11) 90660671
ID02610,Daniela Costa 2610,daniela.costa.2610.2610@exemplo.com,120.668.590-70,(11) 90668590
ID02611,Bruno Oliveira 2611,bruno.oliveira.2611.2611@exemplo.com,N/A,N/A
ID02612,Bruno Moura 2612,bruno.moura.2612.2612@exemplo.com,120.684.428-44,(11) 90684428
ID02613,Gabriel Moura 2613,gabriel.moura.2613.2613@exemplo.com,120.692.347-81,(11) 90692347
ID02614,Diego Martins 2614,diego.martins.2614.2614@exemplo.com,N/A,N/A
ID02615,Victor Santos 2615,victor.santos.2615.2615@exemplo.com,120.708.185-55,(11) 90708185
ID02616,Isabela Souza 2616,isabela.souza.2616.2616@exemplo.com,N/A,N/A
ID02617,Juliana Santos 2617,juliana.santos.2617.2617@exemplo.com,N/A,N/A
ID02618,Juliana Martins 2618,juliana.martins.2618.2618@exemplo.com,N/A,N/A
ID02619,Patricia Lima 2619,patricia.lima.2619.2619@exemplo.com,120.739.861-03,(11) 90739861
ID02620,Valentina Pereira 2620,valentina.pereira.2620.2620@exemplo.com,120.747.780-40,(11) 90747780
ID02621,Nicolas Barbosa 2621,nicolas.barbosa.2621.2621@exemplo.com,120.755.699-77,(11) 90755699
ID02622,Felipe Pereira 2622,felipe.pereira.2622.2622@exemplo.com,N/A,N/A
ID02623,Bruno Fernandes 2623,bruno.fernandes.2623.2623@exemplo.com,N/A,N/A
ID02624,Eduardo Dias 2624,eduardo.dias.2624.2624@exemplo.com,120.779.456-88,(11) 90779456
ID02625,Larissa Araujo 2625,larissa.araujo.2625.2625@exemplo.com,120.787.375-25,(11) 90787375
ID02626,Mariana Gomes 2626,mariana.gomes.2626.2626@exemplo.com,120.795.294-62,(11) 90795294
ID02627,Ana Costa 2627,ana.costa.2627.2627@exemplo.com,120.803.213-99,(11) 90803213
ID02628,Sofia Costa 2628,sofia.costa.2628.2628@exemplo.com,120.811.132-36,(11) 90811132
ID02629,Larissa Ribeiro 2629,larissa.ribeiro.2629.2629@exemplo.com,N/A,N/A
ID02630,Beatriz Martins 2630,beatriz.martins.2630.2630@exemplo.com,N/A,N/A
ID02631,Felipe Souza 2631,felipe.souza.2631.2631@exemplo.com,120.834.889-47,(11) 90834889
ID02632,Sara Oliveira 2632,sara.oliveira.2632.2632@exemplo.com,120.842.808-84,(11) 90842808
ID02633,Nicolas Barbosa 2633,nicolas.barbosa.2633.2633@exemplo.com,120.850.727-21,(11) 90850727
ID02634,Daniela Moura 2634,daniela.moura.2634.2634@exemplo.com,120.858.646-58,(11) 90858646
ID02635,Olivia Martins 2635,olivia.martins.2635.2635@exemplo.com,120.866.565-95,(11) 90866565
ID02636,Marcelo Moura 2636,marcelo.moura.2636.2636@exemplo.com,120.874.484-32,(11) 90874484
ID02637,Natalia Rodrigues 2637,natalia.rodrigues.2637.2637@exemplo.com,120.882.403-69,(11) 90882403
ID02638,Rodrigo Lima 2638,rodrigo.lima.2638.2638@exemplo.com,120.890.322-06,(11) 90890322
ID02639,Nicolas Pereira 2639,nicolas.pereira.2639.2639@exemplo.com,120.898.241-43,(11) 90898241
ID02640,Juliana Costa 2640,juliana.costa.2640.2640@exemplo.com,N/A,N/A
ID02641,Paulo Martins 2641,paulo.martins.2641.2641@exemplo.com,120.914.079-17,(11) 90914079
ID02642,Olivia Souza 2642,olivia.souza.2642.2642@exemplo.com,120.921.998-54,(11) 90921998
ID02643,Henrique Costa 2643,henrique.costa.2643.2643@exemplo.com,120.929.917-91,(11) 90929917
ID02644,Igor Fernandes 2644,igor.fernandes.2644.2644@exemplo.com,120.937.836-28,(11) 90937836
ID02645,Marcelo Pereira 2645,marcelo.pereira.2645.2645@exemplo.com,120.945.755-65,(11) 90945755
ID02646,Diego Martins 2646,diego.martins.2646.2646@exemplo.com,120.953.674-02,(11) 90953674
ID02647,Victor Silva 2647,victor.silva.2647.2647@exemplo.com,N/A,N/A
ID02648,Rodrigo Silva 2648,rodrigo.silva.2648.2648@exemplo.com,120.969.512-76,(11) 90969512
ID02649,Mariana Fernandes 2649,mariana.fernandes.2649.2649@exemplo.com,120.977.431-13,(11) 90977431
ID02650,Elisa Almeida 2650,elisa.almeida.2650.2650@exemplo.com,120.985.350-50,(11) 90985350
ID02651,Daniela Rodrigues 2651,daniela.rodrigues.2651.2651@exemplo.com,N/A,N/A
ID02652,Nicolas Rodrigues 2652,nicolas.rodrigues.2652.2652@exemplo.com,N/A,N/A
ID02653,Igor Souza 2653,igor.souza.2653.2653@exemplo.com,121.009.107-61,(11) 91009107
ID02654,Gabriel Nascimento 2654,gabriel.nascimento.2654.2654@exemplo.com,N/A,N/A
ID02655,Gabriel Lima 2655,gabriel.lima.2655.2655@exemplo.com,121.024.945-35,(11) 91024945
ID02656,Yasmin Carvalho 2656,yasmin.carvalho.2656.2656@exemplo.com,N/A,N/A
ID02657,Paulo Almeida 2657,paulo.almeida.2657.2657@exemplo.com,121.040.783-09,(11) 91040783
ID02658,Olivia Barbosa 2658,olivia.barbosa.2658.2658@exemplo.com,121.048.702-46,(11) 91048702
ID02659,Joao Dias 2659,joao.dias.2659.2659@exemplo.com,121.056.621-83,(11) 91056621
ID02660,Otavio Costa 2660,otavio.costa.2660.2660@exemplo.com,121.064.540-20,(11) 91064540
ID02661,Henrique Souza 2661,henrique.souza.2661.2661@exemplo.com,121.072.459-57,(11) 91072459
ID02662,Olivia Almeida 2662,olivia.almeida.2662.2662@exemplo.com,121.080.378-94,(11) 91080378
ID02663,Marcelo Ribeiro 2663,marcelo.ribeiro.2663.2663@exemplo.com,N/A,N/A
ID02664,Igor Souza 2664,igor.souza.2664.2664@exemplo.com,N/A,N/A
ID02665,Vinicius Araujo 2665,vinicius.araujo.2665.2665@exemplo.com,N/A,N/A
ID02666,Valentina Araujo 2666,valentina.araujo.2666.2666@exemplo.com,N/A,N/A
ID02667,Igor Barbosa 2667,igor.barbosa.2667.2667@exemplo.com,N/A,N/A
ID02668,Giovana Souza 2668,giovana.souza.2668.2668@exemplo.com,121.127.892-16,(11) 91127892
ID02669,Rodrigo Dias 2669,rodrigo.dias.2669.2669@exemplo.com,121.135.811-53,(11) 91135811
ID02670,Lucas Teixeira 2670,lucas.teixeira.2670.2670@exemplo.com,121.143.730-90,(11) 91143730
ID02671,Victor Lima 2671,victor.lima.2671.2671@exemplo.com,121.151.649-27,(11) 91151649
ID02672,Igor Lima 2672,igor.lima.2672.2672@exemplo.com,121.159.568-64,(11) 91159568
ID02673,Paulo Costa 2673,paulo.costa.2673.2673@exemplo.com,121.167.487-01,(11) 91167487
ID02674,Daniela Santos 2674,daniela.santos.2674.2674@exemplo.com,121.175.406-38,(11) 91175406
ID02675,Beatriz Lima 2675,beatriz.lima.2675.2675@exemplo.com,N/A,N/A
ID02676,Joao Fernandes 2676,joao.fernandes.2676.2676@exemplo.com,N/A,N/A
ID02677,Henrique Fernandes 2677,henrique.fernandes.2677.2677@exemplo.com,121.199.163-49,(11) 91199163
ID02678,Natalia Ribeiro 2678,natalia.ribeiro.2678.2678@exemplo.com,121.207.082-86,(11) 91207082
ID02679,Olivia Oliveira 2679,olivia.oliveira.2679.2679@exemplo.com,121.215.001-23,(11) 91215001
ID02680,Juliana Teixeira 2680,juliana.teixeira.2680.2680@exemplo.com,N/A,N/A
ID02681,Thiago Araujo 2681,thiago.araujo.2681.2681@exemplo.com,N/A,N/A
ID02682,Igor Araujo 2682,igor.araujo.2682.2682@exemplo.com,N/A,N/A
ID02683,Diego Santos 2683,diego.santos.2683.2683@exemplo.com,N/A,N/A
ID02684,Valentina Martins 2684,valentina.martins.2684.2684@exemplo.com,N/A,N/A
ID02685,Rafael Oliveira 2685,rafael.oliveira.2685.2685@exemplo.com,121.262.515-45,(11) 91262515
ID02686,Paulo Ribeiro 2686,paulo.ribeiro.2686.2686@exemplo.com,121.270.434-82,(11) 91270434
ID02687,Diego Rodrigues 2687,diego.rodrigues.2687.2687@exemplo.com,121.278.353-19,(11) 91278353
ID02688,Carlos Lima 2688,carlos.lima.2688.2688@exemplo.com,121.286.272-56,(11) 91286272
ID02689,Eduardo Ribeiro 2689,eduardo.ribeiro.2689.2689@exemplo.com,121.294.191-93,(11) 91294191
ID02690,Sara Moura 2690,sara.moura.2690.2690@exemplo.com,121.302.110-30,(11) 91302110
ID02691,Mariana Pereira 2691,mariana.pereira.2691.2691@exemplo.com,121.310.029-67,(11) 91310029
ID02692,Paulo Dias 2692,paulo.dias.2692.2692@exemplo.com,121.317.948-04,(11) 91317948
ID02693,Fernanda Martins 2693,fernanda.martins.2693.2693@exemplo.com,121.325.867-41,(11) 91325867
ID02694,Otavio Araujo 2694,otavio.araujo.2694.2694@exemplo.com,121.333.786-78,(11) 91333786
ID02695,Yasmin Pereira 2695,yasmin.pereira.2695.2695@exemplo.com,121.341.705-15,(11) 91341705
ID02696,Nicolas Silva 2696,nicolas.silva.2696.2696@exemplo.com,121.349.624-52,(11) 91349624
ID02697,Carlos Fernandes 2697,carlos.fernandes.2697.2697@exemplo.com,N/A,N/A
ID02698,Fernanda Barbosa 2698,fernanda.barbosa.2698.2698@exemplo.com,121.365.462-26,(11) 91365462
ID02699,Diego Fernandes 2699,diego.fernandes.2699.2699@exemplo.com,N/A,N/A
ID02700,Daniela Santos 2700,daniela.santos.2700.2700@exemplo.com,121.381.300-00,(11) 91381300
ID02701,Larissa Gomes 2701,larissa.gomes.2701.2701@exemplo.com,N/A,N/A
ID02702,Fernanda Barbosa 2702,fernanda.barbosa.2702.2702@exemplo.com,121.397.138-74,(11) 91397138
ID02703,Yasmin Pereira 2703,yasmin.pereira.2703.2703@exemplo.com,N/A,N/A
ID02704,Lucas Teixeira 2704,lucas.teixeira.2704.2704@exemplo.com,121.412.976-48,(11) 91412976
ID02705,Camila Teixeira 2705,camila.teixeira.2705.2705@exemplo.com,121.420.895-85,(11) 91420895
ID02706,Henrique Nascimento 2706,henrique.nascimento.2706.2706@exemplo.com,121.428.814-22,(11) 91428814
ID02707,Sofia Mendes 2707,sofia.mendes.2707.2707@exemplo.com,121.436.733-59,(11) 91436733
ID02708,Rodrigo Fernandes 2708,rodrigo.fernandes.2708.2708@exemplo.com,121.444.652-96,(11) 91444652
ID02709,Rafael Oliveira 2709,rafael.oliveira.2709.2709@exemplo.com,N/A,N/A
ID02710,Felipe Nascimento 2710,felipe.nascimento.2710.2710@exemplo.com,121.460.490-70,(11) 91460490
ID02711,Bruno Rodrigues 2711,bruno.rodrigues.2711.2711@exemplo.com,121.468.409-07,(11) 91468409
ID02712,Paulo Souza 2712,paulo.souza.2712.2712@exemplo.com,121.476.328-44,(11) 91476328
ID02713,Thiago Costa 2713,thiago.costa.2713.2713@exemplo.com,N/A,N/A
ID02714,Elisa Santos 2714,elisa.santos.2714.2714@exemplo.com,N/A,N/A
ID02715,Giovana Teixeira 2715,giovana.teixeira.2715.2715@exemplo.com,121.500.085-55,(11) 91500085
ID02716,Diego Pereira 2716,diego.pereira.2716.2716@exemplo.com,121.508.004-92,(11) 91508004
ID02717,Olivia Fernandes 2717,olivia.fernandes.2717.2717@exemplo.com,121.515.923-29,(11) 91515923
ID02718,Diego Almeida 2718,diego.almeida.2718.2718@exemplo.com,121.523.842-66,(11) 91523842
ID02719,Juliana Souza 2719,juliana.souza.2719.2719@exemplo.com,121.531.761-03,(11) 91531761
ID02720,Fernanda Costa 2720,fernanda.costa.2720.2720@exemplo.com,N/A,N/A
ID02721,Natalia Pereira 2721,natalia.pereira.2721.2721@exemplo.com,121.547.599-77,(11) 91547599
ID02722,Fernanda Martins 2722,fernanda.martins.2722.2722@exemplo.com,121.555.518-14,(11) 91555518
ID02723,Valentina Lima 2723,valentina.lima.2723.2723@exemplo.com,121.563.437-51,(11) 91563437
ID02724,Rodrigo Santos 2724,rodrigo.santos.2724.2724@exemplo.com,N/A,N/A
ID02725,Yasmin Rodrigues 2725,yasmin.rodrigues.2725.2725@exemplo.com,N/A,N/A
ID02726,Olivia Carvalho 2726,olivia.carvalho.2726.2726@exemplo.com,121.587.194-62,(11) 91587194
ID02727,Marcelo Fernandes 2727,marcelo.fernandes.2727.2727@exemplo.com,N/A,N/A
ID02728,Valentina Ribeiro 2728,valentina.ribeiro.2728.2728@exemplo.com,121.603.032-36,(11) 91603032
ID02729,Henrique Moura 2729,henrique.moura.2729.2729@exemplo.com,N/A,N/A
ID02730,Isabela Nascimento 2730,isabela.nascimento.2730.2730@exemplo.com,N/A,N/A
ID02731,Helena Lima 2731,helena.lima.2731.2731@exemplo.com,N/A,N/A
ID02732,Diego Rodrigues 2732,diego.rodrigues.2732.2732@exemplo.com,121.634.708-84,(11) 91634708
ID02733,Isabela Santos 2733,isabela.santos.2733.2733@exemplo.com,N/A,N/A
ID02734,Larissa Almeida 2734,larissa.almeida.2734.2734@exemplo.com,121.650.546-58,(11) 91650546
ID02735,Mariana Barbosa 2735,mariana.barbosa.2735.2735@exemplo.com,N/A,N/A
ID02736,Sara Oliveira 2736,sara.oliveira.2736.2736@exemplo.com,N/A,N/A
ID02737,Daniela Araujo 2737,daniela.araujo.2737.2737@exemplo.com,121.674.303-69,(11) 91674303
ID02738,Joao Araujo 2738,joao.araujo.2738.2738@exemplo.com,N/A,N/A
ID02739,Sara Teixeira 2739,sara.teixeira.2739.2739@exemplo.com,N/A,N/A
ID02740,Isabela Silva 2740,isabela.silva.2740.2740@exemplo.com,121.698.060-80,(11) 91698060
ID02741,Sofia Silva 2741,sofia.silva.2741.2741@exemplo.com,121.705.979-17,(11) 91705979
ID02742,Larissa Moura 2742,larissa.moura.2742.2742@exemplo.com,121.713.898-54,(11) 91713898
ID02743,Helena Dias 2743,helena.dias.2743.2743@exemplo.com,121.721.817-91,(11) 91721817
ID02744,Patricia Teixeira 2744,patricia.teixeira.2744.2744@exemplo.com,121.729.736-28,(11) 91729736
ID02745,Paulo Dias 2745,paulo.dias.2745.2745@exemplo.com,N/A,N/A
ID02746,Rafael Lima 2746,rafael.lima.2746.2746@exemplo.com,N/A,N/A
ID02747,Natalia Ribeiro 2747,natalia.ribeiro.2747.2747@exemplo.com,N/A,N/A
ID02748,Larissa Moura 2748,larissa.moura.2748.2748@exemplo.com,121.761.412-76,(11) 91761412
ID02749,Nicolas Silva 2749,nicolas.silva.2749.2749@exemplo.com,N/A,N/A
ID02750,Victor Santos 2750,victor.santos.2750.2750@exemplo.com,121.777.250-50,(11) 91777250
ID02751,Elisa Silva 2751,elisa.silva.2751.2751@exemplo.com,121.785.169-87,(11) 91785169
ID02752,Igor Souza 2752,igor.souza.2752.2752@exemplo.com,121.793.088-24,(11) 91793088
ID02753,Rafael Fernandes 2753,rafael.fernandes.2753.2753@exemplo.com,N/A,N/A
ID02754,Joao Costa 2754,joao.costa.2754.2754@exemplo.com,121.808.926-98,(11) 91808926
ID02755,Mariana Almeida 2755,mariana.almeida.2755.2755@exemplo.com,121.816.845-35,(11) 91816845
ID02756,Thiago Pereira 2756,thiago.pereira.2756.2756@exemplo.com,N/A,N/A
ID02757,Daniela Almeida 2757,daniela.almeida.2757.2757@exemplo.com,N/A,N/A
ID02758,Natalia Ribeiro 2758,natalia.ribeiro.2758.2758@exemplo.com,N/A,N/A
ID02759,Rafael Dias 2759,rafael.dias.2759.2759@exemplo.com,121.848.521-83,(11) 91848521
ID02760,Juliana Martins 2760,juliana.martins.2760.2760@exemplo.com,121.856.440-20,(11) 91856440
ID02761,Isabela Oliveira 2761,isabela.oliveira.2761.2761@exemplo.com,121.864.359-57,(11) 91864359
ID02762,Ana Martins 2762,ana.martins.2762.2762@exemplo.com,121.872.278-94,(11) 91872278
ID02763,Camila Gomes 2763,camila.gomes.2763.2763@exemplo.com,N/A,N/A
ID02764,Joao Costa 2764,joao.costa.2764.2764@exemplo.com,N/A,N/A
ID02765,Daniela Oliveira 2765,daniela.oliveira.2765.2765@exemplo.com,121.896.035-05,(11) 91896035
ID02766,Carlos Moura 2766,carlos.moura.2766.2766@exemplo.com,121.903.954-42,(11) 91903954
ID02767,Otavio Gomes 2767,otavio.gomes.2767.2767@exemplo.com,121.911.873-79,(11) 91911873
ID02768,Diego Pereira 2768,diego.pereira.2768.2768@exemplo.com,N/A,N/A
ID02769,Valentina Pereira 2769,valentina.pereira.2769.2769@exemplo.com,121.927.711-53,(11) 91927711
ID02770,Felipe Oliveira 2770,felipe.oliveira.2770.2770@exemplo.com,N/A,N/A
ID02771,Henrique Silva 2771,henrique.silva.2771.2771@exemplo.com,N/A,N/A
ID02772,Nicolas Almeida 2772,nicolas.almeida.2772.2772@exemplo.com,N/A,N/A
ID02773,Juliana Lima 2773,juliana.lima.2773.2773@exemplo.com,N/A,N/A
ID02774,Ana Gomes 2774,ana.gomes.2774.2774@exemplo.com,121.967.306-38,(11) 91967306
ID02775,Fernanda Barbosa 2775,fernanda.barbosa.2775.2775@exemplo.com,121.975.225-75,(11) 91975225
ID02776,Victor Fernandes 2776,victor.fernandes.2776.2776@exemplo.com,121.983.144-12,(11) 91983144
ID02777,Yasmin Ribeiro 2777,yasmin.ribeiro.2777.2777@exemplo.com,N/A,N/A
ID02778,Henrique Santos 2778,henrique.santos.2778.2778@exemplo.com,121.998.982-86,(11) 91998982
ID02779,Patricia Teixeira 2779,patricia.teixeira.2779.2779@exemplo.com,122.006.901-23,(11) 92006901
ID02780,Victor Araujo 2780,victor.araujo.2780.2780@exemplo.com,122.014.820-60,(11) 92014820
ID02781,Olivia Gomes 2781,olivia.gomes.2781.2781@exemplo.com,N/A,N/A
ID02782,Nicolas Pereira 2782,nicolas.pereira.2782.2782@exemplo.com,N/A,N/A
ID02783,Ana Pereira 2783,ana.pereira.2783.2783@exemplo.com,122.038.577-71,(11) 92038577
ID02784,Patricia Nascimento 2784,patricia.nascimento.2784.2784@exemplo.com,N/A,N/A
ID02785,Valentina Nascimento 2785,valentina.nascimento.2785.2785@exemplo.com,122.054.415-45,(11) 92054415
ID02786,Isabela Ribeiro 2786,isabela.ribeiro.2786.2786@exemplo.com,122.062.334-82,(11) 92062334
ID02787,Rafael Souza 2787,rafael.souza.2787.2787@exemplo.com,122.070.253-19,(11) 92070253
ID02788,Victor Santos 2788,victor.santos.2788.2788@exemplo.com,122.078.172-56,(11) 92078172
ID02789,Natalia Fernandes 2789,natalia.fernandes.2789.2789@exemplo.com,122.086.091-93,(11) 92086091
ID02790,Gabriel Almeida 2790,gabriel.almeida.2790.2790@exemplo.com,N/A,N/A
ID02791,Igor Nascimento 2791,igor.nascimento.2791.2791@exemplo.com,122.101.929-67,(11) 92101929
ID02792,Daniela Nascimento 2792,daniela.nascimento.2792.2792@exemplo.com,N/A,N/A
ID02793,Isabela Pereira 2793,isabela.pereira.2793.2793@exemplo.com,N/A,N/A
ID02794,Fernanda Araujo 2794,fernanda.araujo.2794.2794@exemplo.com,N/A,N/A
ID02795,Felipe Rodrigues 2795,felipe.rodrigues.2795.2795@exemplo.com,122.133.605-15,(11) 92133605
ID02796,Rodrigo Almeida 2796,rodrigo.almeida.2796.2796@exemplo.com,122.141.524-52,(11) 92141524
ID02797,Rodrigo Martins 2797,rodrigo.martins.2797.2797@exemplo.com,N/A,N/A
ID02798,Marcelo Souza 2798,marcelo.souza.2798.2798@exemplo.com,N/A,N/A
ID02799,Yasmin Oliveira 2799,yasmin.oliveira.2799.2799@exemplo.com,122.165.281-63,(11) 92165281
ID02800,Felipe Costa 2800,felipe.costa.2800.2800@exemplo.com,122.173.200-00,(11) 92173200
ID02801,Gabriel Almeida 2801,gabriel.almeida.2801.2801@exemplo.com,N/A,N/A
ID02802,Eduardo Moura 2802,eduardo.moura.2802.2802@exemplo.com,N/A,N/A
ID02803,Diego Gomes 2803,diego.gomes.2803.2803@exemplo.com,N/A,N/A
ID02804,Victor Gomes 2804,victor.gomes.2804.2804@exemplo.com,N/A,N/A
ID02805,Sara Teixeira 2805,sara.teixeira.2805.2805@exemplo.com,122.212.795-85,(11) 92212795
ID02806,Ana Costa 2806,ana.costa.2806.2806@exemplo.com,122.220.714-22,(11) 92220714
ID02807,Natalia Fernandes 2807,natalia.fernandes.2807.2807@exemplo.com,N/A,N/A
ID02808,Rodrigo Santos 2808,rodrigo.santos.2808.2808@exemplo.com,122.236.552-96,(11) 92236552
ID02809,Larissa Barbosa 2809,larissa.barbosa.2809.2809@exemplo.com,122.244.471-33,(11) 92244471
ID02810,Daniela Carvalho 2810,daniela.carvalho.2810.2810@exemplo.com,N/A,N/A
ID02811,Ana Moura 2811,ana.moura.2811.2811@exemplo.com,N/A,N/A
ID02812,Eduardo Barbosa 2812,eduardo.barbosa.2812.2812@exemplo.com,122.268.228-44,(11) 92268228
ID02813,Marcelo Martins 2813,marcelo.martins.2813.2813@exemplo.com,N/A,N/A
ID02814,Paulo Lima 2814,paulo.lima.2814.2814@exemplo.com,N/A,N/A
ID02815,Rafael Costa 2815,rafael.costa.2815.2815@exemplo.com,122.291.985-55,(11) 92291985
ID02816,Beatriz Almeida 2816,beatriz.almeida.2816.2816@exemplo.com,122.299.904-92,(11) 92299904
ID02817,Marcelo Fernandes 2817,marcelo.fernandes.2817.2817@exemplo.com,122.307.823-29,(11) 92307823
ID02818,Otavio Araujo 2818,otavio.araujo.2818.2818@exemplo.com,N/A,N/A
ID02819,Lucas Souza 2819,lucas.souza.2819.2819@exemplo.com,122.323.661-03,(11) 92323661
ID02820,Carlos Fernandes 2820,carlos.fernandes.2820.2820@exemplo.com,122.331.580-40,(11) 92331580
ID02821,Valentina Rodrigues 2821,valentina.rodrigues.2821.2821@exemplo.com,122.339.499-77,(11) 92339499
ID02822,Lucas Souza 2822,lucas.souza.2822.2822@exemplo.com,122.347.418-14,(11) 92347418
ID02823,Yasmin Souza 2823,yasmin.souza.2823.2823@exemplo.com,N/A,N/A
ID02824,Vinicius Teixeira 2824,vinicius.teixeira.2824.2824@exemplo.com,122.363.256-88,(11) 92363256
ID02825,Camila Carvalho 2825,camila.carvalho.2825.2825@exemplo.com,122.371.175-25,(11) 92371175
ID02826,Yasmin Pereira 2826,yasmin.pereira.2826.2826@exemplo.com,122.379.094-62,(11) 92379094
ID02827,Diego Teixeira 2827,diego.teixeira.2827.2827@exemplo.com,122.387.013-99,(11) 92387013
ID02828,Victor Martins 2828,victor.martins.2828.2828@exemplo.com,N/A,N/A
ID02829,Rodrigo Lima 2829,rodrigo.lima.2829.2829@exemplo.com,122.402.851-73,(11) 92402851
ID02830,Paulo Ribeiro 2830,paulo.ribeiro.2830.2830@exemplo.com,N/A,N/A
ID02831,Joao Lima 2831,joao.lima.2831.2831@exemplo.com,N/A,N/A
ID02832,Sara Nascimento 2832,sara.nascimento.2832.2832@exemplo.com,122.426.608-84,(11) 92426608
ID02833,Nicolas Nascimento 2833,nicolas.nascimento.2833.2833@exemplo.com,122.434.527-21,(11) 92434527
ID02834,Larissa Ribeiro 2834,larissa.ribeiro.2834.2834@exemplo.com,122.442.446-58,(11) 92442446
ID02835,Henrique Costa 2835,henrique.costa.2835.2835@exemplo.com,122.450.365-95,(11) 92450365
ID02836,Juliana Martins 2836,juliana.martins.2836.2836@exemplo.com,N/A,N/A
ID02837,Rafael Teixeira 2837,rafael.teixeira.2837.2837@exemplo.com,N/A,N/A
ID02838,Rafael Oliveira 2838,rafael.oliveira.2838.2838@exemplo.com,N/A,N/A
ID02839,Otavio Oliveira 2839,otavio.oliveira.2839.2839@exemplo.com,N/A,N/A
ID02840,Victor Oliveira 2840,victor.oliveira.2840.2840@exemplo.com,N/A,N/A
ID02841,Igor Rodrigues 2841,igor.rodrigues.2841.2841@exemplo.com,122.497.879-17,(11) 92497879
ID02842,Giovana Ribeiro 2842,giovana.ribeiro.2842.2842@exemplo.com,122.505.798-54,(11) 92505798
ID02843,Giovana Nascimento 2843,giovana.nascimento.2843.2843@exemplo.com,122.513.717-91,(11) 92513717
ID02844,Vinicius Nascimento 2844,vinicius.nascimento.2844.2844@exemplo.com,N/A,N/A
ID02845,Lucas Ferreira 2845,lucas.ferreira.2845.2845@exemplo.com,N/A,N/A
ID02846,Lucas Ferreira 2846,lucas.ferreira.2846.2846@exemplo.com,N/A,N/A
ID02847,Bruno Almeida 2847,bruno.almeida.2847.2847@exemplo.com,N/A,N/A
ID02848,Vinicius Gomes 2848,vinicius.gomes.2848.2848@exemplo.com,122.553.312-76,(11) 92553312
ID02849,Olivia Rodrigues 2849,olivia.rodrigues.2849.2849@exemplo.com,N/A,N/A
ID02850,Mariana Nascimento 2850,mariana.nascimento.2850.2850@exemplo.com,122.569.150-50,(11) 92569150
ID02851,Nicolas Costa 2851,nicolas.costa.2851.2851@exemplo.com,122.577.069-87,(11) 92577069
ID02852,Nicolas Silva 2852,nicolas.silva.2852.2852@exemplo.com,N/A,N/A
ID02853,Juliana Santos 2853,juliana.santos.2853.2853@exemplo.com,122.592.907-61,(11) 92592907
ID02854,Joao Pereira 2854,joao.pereira.2854.2854@exemplo.com,122.600.826-98,(11) 92600826
ID02855,Vinicius Pereira 2855,vinicius.pereira.2855.2855@exemplo.com,122.608.745-35,(11) 92608745
ID02856,Juliana Dias 2856,juliana.dias.2856.2856@exemplo.com,N/A,N/A
ID02857,Marcelo Martins 2857,marcelo.martins.2857.2857@exemplo.com,122.624.583-09,(11) 92624583
ID02858,Gabriel Fernandes 2858,gabriel.fernandes.2858.2858@exemplo.com,N/A,N/A
ID02859,Diego Rodrigues 2859,diego.rodrigues.2859.2859@exemplo.com,122.640.421-83,(11) 92640421
ID02860,Paulo Ribeiro 2860,paulo.ribeiro.2860.2860@exemplo.com,N/A,N/A
ID02861,Rodrigo Martins 2861,rodrigo.martins.2861.2861@exemplo.com,122.656.259-57,(11) 92656259
ID02862,Giovana Ribeiro 2862,giovana.ribeiro.2862.2862@exemplo.com,N/A,N/A
ID02863,Juliana Silva 2863,juliana.silva.2863.2863@exemplo.com,122.672.097-31,(11) 92672097
ID02864,Sara Ribeiro 2864,sara.ribeiro.2864.2864@exemplo.com,122.680.016-68,(11) 92680016
ID02865,Fernanda Barbosa 2865,fernanda.barbosa.2865.2865@exemplo.com,122.687.935-05,(11) 92687935
ID02866,Carlos Costa 2866,carlos.costa.2866.2866@exemplo.com,122.695.854-42,(11) 92695854
ID02867,Olivia Rodrigues 2867,olivia.rodrigues.2867.2867@exemplo.com,N/A,N/A
ID02868,Bruno Silva 2868,bruno.silva.2868.2868@exemplo.com,122.711.692-16,(11) 92711692
ID02869,Fernanda Fernandes 2869,fernanda.fernandes.2869.2869@exemplo.com,N/A,N/A
ID02870,Ana Gomes 2870,ana.gomes.2870.2870@exemplo.com,122.727.530-90,(11) 92727530
ID02871,Marcelo Barbosa 2871,marcelo.barbosa.2871.2871@exemplo.com,N/A,N/A
ID02872,Ana Barbosa 2872,ana.barbosa.2872.2872@exemplo.com,122.743.368-64,(11) 92743368
ID02873,Victor Araujo 2873,victor.araujo.2873.2873@exemplo.com,122.751.287-01,(11) 92751287
ID02874,Isabela Almeida 2874,isabela.almeida.2874.2874@exemplo.com,122.759.206-38,(11) 92759206
ID02875,Paulo Araujo 2875,paulo.araujo.2875.2875@exemplo.com,122.767.125-75,(11) 92767125
ID02876,Igor Rodrigues 2876,igor.rodrigues.2876.2876@exemplo.com,N/A,N/A
ID02877,Sara Oliveira 2877,sara.oliveira.2877.2877@exemplo.com,122.782.963-49,(11) 92782963
ID02878,Paulo Araujo 2878,paulo.araujo.2878.2878@exemplo.com,N/A,N/A
ID02879,Larissa Santos 2879,larissa.santos.2879.2879@exemplo.com,122.798.801-23,(11) 92798801
ID02880,Giovana Pereira 2880,giovana.pereira.2880.2880@exemplo.com,122.806.720-60,(11) 92806720
ID02881,Rafael Fernandes 2881,rafael.fernandes.2881.2881@exemplo.com,N/A,N/A
ID02882,Vinicius Barbosa 2882,vinicius.barbosa.2882.2882@exemplo.com,122.822.558-34,(11) 92822558
ID02883,Natalia Carvalho 2883,natalia.carvalho.2883.2883@exemplo.com,122.830.477-71,(11) 92830477
ID02884,Beatriz Oliveira 2884,beatriz.oliveira.2884.2884@exemplo.com,N/A,N/A
ID02885,Thiago Fernandes 2885,thiago.fernandes.2885.2885@exemplo.com,122.846.315-45,(11) 92846315
ID02886,Olivia Almeida 2886,olivia.almeida.2886.2886@exemplo.com,122.854.234-82,(11) 92854234
ID02887,Carlos Lima 2887,carlos.lima.2887.2887@exemplo.com,N/A,N/A
ID02888,Ana Oliveira 2888,ana.oliveira.2888.2888@exemplo.com,N/A,N/A
ID02889,Olivia Araujo 2889,olivia.araujo.2889.2889@exemplo.com,122.877.991-93,(11) 92877991
ID02890,Patricia Teixeira 2890,patricia.teixeira.2890.2890@exemplo.com,N/A,N/A
ID02891,Victor Souza 2891,victor.souza.2891.2891@exemplo.com,122.893.829-67,(11) 92893829
ID02892,Eduardo Oliveira 2892,eduardo.oliveira.2892.2892@exemplo.com,122.901.748-04,(11) 92901748
ID02893,Paulo Souza 2893,paulo.souza.2893.2893@exemplo.com,122.909.667-41,(11) 92909667
ID02894,Nicolas Costa 2894,nicolas.costa.2894.2894@exemplo.com,122.917.586-78,(11) 92917586
ID02895,Fernanda Almeida 2895,fernanda.almeida.2895.2895@exemplo.com,122.925.505-15,(11) 92925505
ID02896,Camila Araujo 2896,camila.araujo.2896.2896@exemplo.com,N/A,N/A
ID02897,Isabela Santos 2897,isabela.santos.2897.2897@exemplo.com,N/A,N/A
ID02898,Giovana Silva 2898,giovana.silva.2898.2898@exemplo.com,122.949.262-26,(11) 92949262
ID02899,Nicolas Pereira 2899,nicolas.pereira.2899.2899@exemplo.com,122.957.181-63,(11) 92957181
ID02900,Fernanda Barbosa 2900,fernanda.barbosa.2900.2900@exemplo.com,N/A,N/A
ID02901,Igor Martins 2901,igor.martins.2901.2901@exemplo.com,N/A,N/A
ID02902,Beatriz Teixeira 2902,beatriz.teixeira.2902.2902@exemplo.com,N/A,N/A
ID02903,Otavio Costa 2903,otavio.costa.2903.2903@exemplo.com,122.988.857-11,(11) 92988857
ID02904,Sara Lima 2904,sara.lima.2904.2904@exemplo.com,122.996.776-48,(11) 92996776
ID02905,Marcelo Souza 2905,marcelo.souza.2905.2905@exemplo.com,N/A,N/A
ID02906,Eduardo Oliveira 2906,eduardo.oliveira.2906.2906@exemplo.com,123.012.614-22,(11) 93012614
ID02907,Sofia Moura 2907,sofia.moura.2907.2907@exemplo.com,N/A,N/A
ID02908,Sofia Oliveira 2908,sofia.oliveira.2908.2908@exemplo.com,N/A,N/A
ID02909,Sofia Pereira 2909,sofia.pereira.2909.2909@exemplo.com,123.036.371-33,(11) 93036371
ID02910,Camila Dias 2910,camila.dias.2910.2910@exemplo.com,N/A,N/A
ID02911,Marcelo Pereira 2911,marcelo.pereira.2911.2911@exemplo.com,123.052.209-07,(11) 93052209
ID02912,Thiago Nascimento 2912,thiago.nascimento.2912.2912@exemplo.com,123.060.128-44,(11) 93060128
ID02913,Felipe Oliveira 2913,felipe.oliveira.2913.2913@exemplo.com,123.068.047-81,(11) 93068047
ID02914,Nicolas Costa 2914,nicolas.costa.2914.2914@exemplo.com,123.075.966-18,(11) 93075966
ID02915,Gabriel Almeida 2915,gabriel.almeida.2915.2915@exemplo.com,123.083.885-55,(11) 93083885
ID02916,Marcelo Souza 2916,marcelo.souza.2916.2916@exemplo.com,123.091.804-92,(11) 93091804
ID02917,Ana Ribeiro 2917,ana.ribeiro.2917.2917@exemplo.com,N/A,N/A
ID02918,Gabriel Moura 2918,gabriel.moura.2918.2918@exemplo.com,123.107.642-66,(11) 93107642
ID02919,Sara Pereira 2919,sara.pereira.2919.2919@exemplo.com,123.115.561-03,(11) 93115561
ID02920,Paulo Costa 2920,paulo.costa.2920.2920@exemplo.com,123.123.480-40,(11) 93123480
ID02921,Elisa Teixeira 2921,elisa.teixeira.2921.2921@exemplo.com,N/A,N/A
ID02922,Rodrigo Fernandes 2922,rodrigo.fernandes.2922.2922@exemplo.com,N/A,N/A
ID02923,Fernanda Fernandes 2923,fernanda.fernandes.2923.2923@exemplo.com,N/A,N/A
ID02924,Fernanda Fernandes 2924,fernanda.fernandes.2924.2924@exemplo.com,123.155.156-88,(11) 93155156
ID02925,Joao Nascimento 2925,joao.nascimento.2925.2925@exemplo.com,N/A,N/A
ID02926,Otavio Araujo 2926,otavio.araujo.2926.2926@exemplo.com,N/A,N/A
ID02927,Rafael Souza 2927,rafael.souza.2927.2927@exemplo.com,N/A,N/A
ID02928,Juliana Barbosa 2928,juliana.barbosa.2928.2928@exemplo.com,123.186.832-36,(11) 93186832
ID02929,Elisa Silva 2929,elisa.silva.2929.2929@exemplo.com,123.194.751-73,(11) 93194751
ID02930,Valentina Teixeira 2930,valentina.teixeira.2930.2930@exemplo.com,123.202.670-10,(11) 93202670
ID02931,Camila Rodrigues 2931,camila.rodrigues.2931.2931@exemplo.com,123.210.589-47,(11) 93210589
ID02932,Eduardo Pereira 2932,eduardo.pereira.2932.2932@exemplo.com,123.218.508-84,(11) 93218508
ID02933,Elisa Moura 2933,elisa.moura.2933.2933@exemplo.com,123.226.427-21,(11) 93226427
ID02934,Natalia Pereira 2934,natalia.pereira.2934.2934@exemplo.com,123.234.346-58,(11) 93234346
ID02935,Joao Carvalho 2935,joao.carvalho.2935.2935@exemplo.com,123.242.265-95,(11) 93242265
ID02936,Ana Rodrigues 2936,ana.rodrigues.2936.2936@exemplo.com,N/A,N/A
ID02937,Victor Santos 2937,victor.santos.2937.2937@exemplo.com,123.258.103-69,(11) 93258103
ID02938,Rafael Moura 2938,rafael.moura.2938.2938@exemplo.com,N/A,N/A
ID02939,Beatriz Lima 2939,beatriz.lima.2939.2939@exemplo.com,N/A,N/A
ID02940,Yasmin Santos 2940,yasmin.santos.2940.2940@exemplo.com,123.281.860-80,(11) 93281860
ID02941,Sara Santos 2941,sara.santos.2941.2941@exemplo.com,123.289.779-17,(11) 93289779
ID02942,Yasmin Almeida 2942,yasmin.almeida.2942.2942@exemplo.com,123.297.698-54,(11) 93297698
ID02943,Isabela Silva 2943,isabela.silva.2943.2943@exemplo.com,123.305.617-91,(11) 93305617
ID02944,Sofia Silva 2944,sofia.silva.2944.2944@exemplo.com,123.313.536-28,(11) 93313536
ID02945,Camila Teixeira 2945,camila.teixeira.2945.2945@exemplo.com,123.321.455-65,(11) 93321455
ID02946,Sofia Ribeiro 2946,sofia.ribeiro.2946.2946@exemplo.com,123.329.374-02,(11) 93329374
ID02947,Daniela Pereira 2947,daniela.pereira.2947.2947@exemplo.com,123.337.293-39,(11) 93337293
ID02948,Joao Martins 2948,joao.martins.2948.2948@exemplo.com,N/A,N/A
ID02949,Otavio Dias 2949,otavio.dias.2949.2949@exemplo.com,123.353.131-13,(11) 93353131
ID02950,Sara Carvalho 2950,sara.carvalho.2950.2950@exemplo.com,123.361.050-50,(11) 93361050
ID02951,Beatriz Fernandes 2951,beatriz.fernandes.2951.2951@exemplo.com,123.368.969-87,(11) 93368969
ID02952,Juliana Ribeiro 2952,juliana.ribeiro.2952.2952@exemplo.com,123.376.888-24,(11) 93376888
ID02953,Paulo Rodrigues 2953,paulo.rodrigues.2953.2953@exemplo.com,123.384.807-61,(11) 93384807
ID02954,Camila Rodrigues 2954,camila.rodrigues.2954.2954@exemplo.com,N/A,N/A
ID02955,Yasmin Rodrigues 2955,yasmin.rodrigues.2955.2955@exemplo.com,123.400.645-35,(11) 93400645
ID02956,Rodrigo Souza 2956,rodrigo.souza.2956.2956@exemplo.com,123.408.564-72,(11) 93408564
ID02957,Vinicius Moura 2957,vinicius.moura.2957.2957@exemplo.com,123.416.483-09,(11) 93416483
ID02958,Thiago Araujo 2958,thiago.araujo.2958.2958@exemplo.com,N/A,N/A
ID02959,Elisa Araujo 2959,elisa.araujo.2959.2959@exemplo.com,N/A,N/A
ID02960,Sofia Moura 2960,sofia.moura.2960.2960@exemplo.com,N/A,N/A
ID02961,Victor Pereira 2961,victor.pereira.2961.2961@exemplo.com,123.448.159-57,(11) 93448159
ID02962,Giovana Moura 2962,giovana.moura.2962.2962@exemplo.com,N/A,N/A
ID02963,Otavio Costa 2963,otavio.costa.2963.2963@exemplo.com,123.463.997-31,(11) 93463997
ID02964,Eduardo Silva 2964,eduardo.silva.2964.2964@exemplo.com,N/A,N/A
ID02965,Camila Gomes 2965,camila.gomes.2965.2965@exemplo.com,123.479.835-05,(11) 93479835
ID02966,Isabela Ribeiro 2966,isabela.ribeiro.2966.2966@exemplo.com,N/A,N/A
ID02967,Lucas Rodrigues 2967,lucas.rodrigues.2967.2967@exemplo.com,N/A,N/A
ID02968,Fernanda Silva 2968,fernanda.silva.2968.2968@exemplo.com,123.503.592-16,(11) 93503592
ID02969,Giovana Teixeira 2969,giovana.teixeira.2969.2969@exemplo.com,123.511.511-53,(11) 93511511
ID02970,Vinicius Nascimento 2970,vinicius.nascimento.2970.2970@exemplo.com,N/A,N/A
ID02971,Marcelo Costa 2971,marcelo.costa.2971.2971@exemplo.com,N/A,N/A
ID02972,Elisa Silva 2972,elisa.silva.2972.2972@exemplo.com,123.535.268-64,(11) 93535268
ID02973,Patricia Almeida 2973,patricia.almeida.2973.2973@exemplo.com,123.543.187-01,(11) 93543187
ID02974,Sofia Silva 2974,sofia.silva.2974.2974@exemplo.com,123.551.106-38,(11) 93551106
ID02975,Igor Souza 2975,igor.souza.2975.2975@exemplo.com,123.559.025-75,(11) 93559025
ID02976,Fernanda Ribeiro 2976,fernanda.ribeiro.2976.2976@exemplo.com,N/A,N/A
ID02977,Daniela Santos 2977,daniela.santos.2977.2977@exemplo.com,123.574.863-49,(11) 93574863
ID02978,Rodrigo Fernandes 2978,rodrigo.fernandes.2978.2978@exemplo.com,N/A,N/A
ID02979,Gabriel Oliveira 2979,gabriel.oliveira.2979.2979@exemplo.com,123.590.701-23,(11) 93590701
ID02980,Sara Ribeiro 2980,sara.ribeiro.2980.2980@exemplo.com,N/A,N/A
ID02981,Paulo Rodrigues 2981,paulo.rodrigues.2981.2981@exemplo.com,123.606.539-97,(11) 93606539
ID02982,Larissa Rodrigues 2982,larissa.rodrigues.2982.2982@exemplo.com,N/A,N/A
ID02983,Isabela Martins 2983,isabela.martins.2983.2983@exemplo.com,N/A,N/A
ID02984,Nicolas Dias 2984,nicolas.dias.2984.2984@exemplo.com,123.630.296-08,(11) 93630296
ID02985,Bruno Teixeira 2985,bruno.teixeira.2985.2985@exemplo.com,N/A,N/A
ID02986,Olivia Nascimento 2986,olivia.nascimento.2986.2986@exemplo.com,N/A,N/A
ID02987,Marcelo Costa 2987,marcelo.costa.2987.2987@exemplo.com,123.654.053-19,(11) 93654053
ID02988,Mariana Araujo 2988,mariana.araujo.2988.2988@exemplo.com,123.661.972-56,(11) 93661972
ID02989,Diego Lima 2989,diego.lima.2989.2989@exemplo.com,N/A,N/A
ID02990,Diego Dias 2990,diego.dias.2990.2990@exemplo.com,123.677.810-30,(11) 93677810
ID02991,Patricia Araujo 2991,patricia.araujo.2991.2991@exemplo.com,123.685.729-67,(11) 93685729
ID02992,Thiago Costa 2992,thiago.costa.2992.2992@exemplo.com,123.693.648-04,(11) 93693648
ID02993,Paulo Araujo 2993,paulo.araujo.2993.2993@exemplo.com,N/A,N/A
ID02994,Felipe Rodrigues 2994,felipe.rodrigues.2994.2994@exemplo.com,N/A,N/A
ID02995,Carlos Barbosa 2995,carlos.barbosa.2995.2995@exemplo.com,123.717.405-15,(11) 93717405
ID02996,Carlos Souza 2996,carlos.souza.2996.2996@exemplo.com,123.725.324-52,(11) 93725324
ID02997,Victor Teixeira 2997,victor.teixeira.2997.2997@exemplo.com,123.733.243-89,(11) 93733243
ID02998,Daniela Oliveira 2998,daniela.oliveira.2998.2998@exemplo.com,123.741.162-26,(11) 93741162
ID02999,Ana Rodrigues 2999,ana.rodrigues.2999.2999@exemplo.com,N/A,N/A
ID03000,Diego Martins 3000,diego.martins.3000.3000@exemplo.com,123.757.000-00,(11) 93757000
ID03001,Rafael Teixeira 3001,rafael.teixeira.3001.3001@exemplo.com,123.764.919-37,(11) 93764919
ID03002,Felipe Souza 3002,felipe.souza.3002.3002@exemplo.com,123.772.838-74,(11) 93772838
ID03003,Camila Martins 3003,camila.martins.3003.3003@exemplo.com,123.780.757-11,(11) 93780757
ID03004,Beatriz Costa 3004,beatriz.costa.3004.3004@exemplo.com,123.788.676-48,(11) 93788676
ID03005,Juliana Oliveira 3005,juliana.oliveira.3005.3005@exemplo.com,123.796.595-85,(11) 93796595
ID03006,Daniela Ribeiro 3006,daniela.ribeiro.3006.3006@exemplo.com,N/A,N/A
ID03007,Eduardo Rodrigues 3007,eduardo.rodrigues.3007.3007@exemplo.com,123.812.433-59,(11) 93812433
ID03008,Daniela Santos 3008,daniela.santos.3008.3008@exemplo.com,123.820.352-96,(11) 93820352
ID03009,Helena Nascimento 3009,helena.nascimento.3009.3009@exemplo.com,123.828.271-33,(11) 93828271
ID03010,Henrique Rodrigues 3010,henrique.rodrigues.3010.3010@exemplo.com,123.836.190-70,(11) 93836190
ID03011,Paulo Carvalho 3011,paulo.carvalho.3011.3011@exemplo.com,N/A,N/A
ID03012,Juliana Araujo 3012,juliana.araujo.3012.3012@exemplo.com,123.852.028-44,(11) 93852028
ID03013,Joao Lima 3013,joao.lima.3013.3013@exemplo.com,123.859.947-81,(11) 93859947
ID03014,Larissa Moura 3014,larissa.moura.3014.3014@exemplo.com,N/A,N/A
ID03015,Isabela Carvalho 3015,isabela.carvalho.3015.3015@exemplo.com,N/A,N/A
ID03016,Felipe Souza 3016,felipe.souza.3016.3016@exemplo.com,123.883.704-92,(11) 93883704
ID03017,Camila Silva 3017,camila.silva.3017.3017@exemplo.com,N/A,N/A
ID03018,Nicolas Oliveira 3018,nicolas.oliveira.3018.3018@exemplo.com,N/A,N/A
ID03019,Vinicius Carvalho 3019,vinicius.carvalho.3019.3019@exemplo.com,N/A,N/A
ID03020,Igor Carvalho 3020,igor.carvalho.3020.3020@exemplo.com,123.915.380-40,(11) 93915380
ID03021,Vinicius Gomes 3021,vinicius.gomes.3021.3021@exemplo.com,123.923.299-77,(11) 93923299
ID03022,Joao Dias 3022,joao.dias.3022.3022@exemplo.com,N/A,N/A
ID03023,Giovana Almeida 3023,giovana.almeida.3023.3023@exemplo.com,123.939.137-51,(11) 93939137
ID03024,Bruno Santos 3024,bruno.santos.3024.3024@exemplo.com,N/A,N/A
ID03025,Yasmin Araujo 3025,yasmin.araujo.3025.3025@exemplo.com,123.954.975-25,(11) 93954975
ID03026,Vinicius Gomes 3026,vinicius.gomes.3026.3026@exemplo.com,123.962.894-62,(11) 93962894
ID03027,Sara Souza 3027,sara.souza.3027.3027@exemplo.com,123.970.813-99,(11) 93970813
ID03028,Carlos Dias 3028,carlos.dias.3028.3028@exemplo.com,N/A,N/A
ID03029,Natalia Oliveira 3029,natalia.oliveira.3029.3029@exemplo.com,123.986.651-73,(11) 93986651
ID03030,Paulo Martins 3030,paulo.martins.3030.3030@exemplo.com,123.994.570-10,(11) 93994570
ID03031,Rodrigo Teixeira 3031,rodrigo.teixeira.3031.3031@exemplo.com,N/A,N/A
ID03032,Bruno Rodrigues 3032,bruno.rodrigues.3032.3032@exemplo.com,124.010.408-84,(11) 94010408
ID03033,Daniela Araujo 3033,daniela.araujo.3033.3033@exemplo.com,N/A,N/A
ID03034,Joao Silva 3034,joao.silva.3034.3034@exemplo.com,124.026.246-58,(11) 94026246
ID03035,Patricia Lima 3035,patricia.lima.3035.3035@exemplo.com,N/A,N/A
ID03036,Elisa Moura 3036,elisa.moura.3036.3036@exemplo.com,124.042.084-32,(11) 94042084
ID03037,Eduardo Barbosa 3037,eduardo.barbosa.3037.3037@exemplo.com,124.050.003-69,(11) 94050003
ID03038,Otavio Oliveira 3038,otavio.oliveira.3038.3038@exemplo.com,124.057.922-06,(11) 94057922
ID03039,Larissa Carvalho 3039,larissa.carvalho.3039.3039@exemplo.com,124.065.841-43,(11) 94065841
ID03040,Valentina Ribeiro 3040,valentina.ribeiro.3040.3040@exemplo.com,N/A,N/A
ID03041,Paulo Carvalho 3041,paulo.carvalho.3041.3041@exemplo.com,124.081.679-17,(11) 94081679
ID03042,Beatriz Costa 3042,beatriz.costa.3042.3042@exemplo.com,124.089.598-54,(11) 94089598
ID03043,Isabela Oliveira 3043,isabela.oliveira.3043.3043@exemplo.com,N/A,N/A
ID03044,Sofia Teixeira 3044,sofia.teixeira.3044.3044@exemplo.com,124.105.436-28,(11) 94105436
ID03045,Beatriz Martins 3045,beatriz.martins.3045.3045@exemplo.com,124.113.355-65,(11) 94113355
ID03046,Carlos Silva 3046,carlos.silva.3046.3046@exemplo.com,N/A,N/A
ID03047,Felipe Rodrigues 3047,felipe.rodrigues.3047.3047@exemplo.com,124.129.193-39,(11) 94129193
ID03048,Olivia Moura 3048,olivia.moura.3048.3048@exemplo.com,N/A,N/A
ID03049,Igor Araujo 3049,igor.araujo.3049.3049@exemplo.com,124.145.031-13,(11) 94145031
ID03050,Rodrigo Santos 3050,rodrigo.santos.3050.3050@exemplo.com,124.152.950-50,(11) 94152950
ID03051,Yasmin Santos 3051,yasmin.santos.3051.3051@exemplo.com,N/A,N/A
ID03052,Marcelo Gomes 3052,marcelo.gomes.3052.3052@exemplo.com,124.168.788-24,(11) 94168788
ID03053,Sara Gomes 3053,sara.gomes.3053.3053@exemplo.com,N/A,N/A
ID03054,Gabriel Oliveira 3054,gabriel.oliveira.3054.3054@exemplo.com,124.184.626-98,(11) 94184626
ID03055,Rodrigo Almeida 3055,rodrigo.almeida.3055.3055@exemplo.com,N/A,N/A
ID03056,Sara Moura 3056,sara.moura.3056.3056@exemplo.com,124.200.464-72,(11) 94200464
ID03057,Elisa Santos 3057,elisa.santos.3057.3057@exemplo.com,124.208.383-09,(11) 94208383
ID03058,Sara Ribeiro 3058,sara.ribeiro.3058.3058@exemplo.com,124.216.302-46,(11) 94216302
ID03059,Elisa Ribeiro 3059,elisa.ribeiro.3059.3059@exemplo.com,N/A,N/A
ID03060,Joao Silva 3060,joao.silva.3060.3060@exemplo.com,124.232.140-20,(11) 94232140
ID03061,Elisa Santos 3061,elisa.santos.3061.3061@exemplo.com,N/A,N/A
ID03062,Rodrigo Lima 3062,rodrigo.lima.3062.3062@exemplo.com,124.247.978-94,(11) 94247978
ID03063,Victor Ribeiro 3063,victor.ribeiro.3063.3063@exemplo.com,N/A,N/A
ID03064,Larissa Ribeiro 3064,larissa.ribeiro.3064.3064@exemplo.com,124.263.816-68,(11) 94263816
ID03065,Sara Gomes 3065,sara.gomes.3065.3065@exemplo.com,124.271.735-05,(11) 94271735
ID03066,Paulo Souza 3066,paulo.souza.3066.3066@exemplo.com,124.279.654-42,(11) 94279654
ID03067,Diego Almeida 3067,diego.almeida.3067.3067@exemplo.com,124.287.573-79,(11) 94287573
ID03068,Sofia Araujo 3068,sofia.araujo.3068.3068@exemplo.com,124.295.492-16,(11) 94295492
ID03069,Joao Araujo 3069,joao.araujo.3069.3069@exemplo.com,N/A,N/A
ID03070,Eduardo Santos 3070,eduardo.santos.3070.3070@exemplo.com,124.311.330-90,(11) 94311330
ID03071,Yasmin Costa 3071,yasmin.costa.3071.3071@exemplo.com,124.319.249-27,(11) 94319249
ID03072,Ana Souza 3072,ana.souza.3072.3072@exemplo.com,N/A,N/A
ID03073,Henrique Fernandes 3073,henrique.fernandes.3073.3073@exemplo.com,124.335.087-01,(11) 94335087
ID03074,Eduardo Ribeiro 3074,eduardo.ribeiro.3074.3074@exemplo.com,124.343.006-38,(11) 94343006
ID03075,Marcelo Gomes 3075,marcelo.gomes.3075.3075@exemplo.com,N/A,N/A
ID03076,Felipe Nascimento 3076,felipe.nascimento.3076.3076@exemplo.com,N/A,N/A
ID03077,Carlos Costa 3077,carlos.costa.3077.3077@exemplo.com,N/A,N/A
ID03078,Natalia Santos 3078,natalia.santos.3078.3078@exemplo.com,124.374.682-86,(11) 94374682
ID03079,Diego Lima 3079,diego.lima.3079.3079@exemplo.com,124.382.601-23,(11) 94382601
ID03080,Daniela Teixeira 3080,daniela.teixeira.3080.3080@exemplo.com,124.390.520-60,(11) 94390520
ID03081,Giovana Teixeira 3081,giovana.teixeira.3081.3081@exemplo.com,124.398.439-97,(11) 94398439
ID03082,Juliana Almeida 3082,juliana.almeida.3082.3082@exemplo.com,124.406.358-34,(11) 94406358
ID03083,Gabriel Oliveira 3083,gabriel.oliveira.3083.3083@exemplo.com,N/A,N/A
ID03084,Mariana Costa 3084,mariana.costa.3084.3084@exemplo.com,N/A,N/A
ID03085,Diego Lima 3085,diego.lima.3085.3085@exemplo.com,124.430.115-45,(11) 94430115
ID03086,Eduardo Souza 3086,eduardo.souza.3086.3086@exemplo.com,124.438.034-82,(11) 94438034
ID03087,Fernanda Costa 3087,fernanda.costa.3087.3087@exemplo.com,N/A,N/A
ID03088,Rodrigo Oliveira 3088,rodrigo.oliveira.3088.3088@exemplo.com,N/A,N/A
ID03089,Lucas Araujo 3089,lucas.araujo.3089.3089@exemplo.com,N/A,N/A
ID03090,Rodrigo Pereira 3090,rodrigo.pereira.3090.3090@exemplo.com,N/A,N/A
ID03091,Elisa Costa 3091,elisa.costa.3091.3091@exemplo.com,124.477.629-67,(11) 94477629
ID03092,Eduardo Araujo 3092,eduardo.araujo.3092.3092@exemplo.com,124.485.548-04,(11) 94485548
ID03093,Camila Fernandes 3093,camila.fernandes.3093.3093@exemplo.com,124.493.467-41,(11) 94493467
ID03094,Vinicius Oliveira 3094,vinicius.oliveira.3094.3094@exemplo.com,N/A,N/A
ID03095,Elisa Oliveira 3095,elisa.oliveira.3095.3095@exemplo.com,124.509.305-15,(11) 94509305
ID03096,Daniela Almeida 3096,daniela.almeida.3096.3096@exemplo.com,124.517.224-52,(11) 94517224
ID03097,Olivia Rodrigues 3097,olivia.rodrigues.3097.3097@exemplo.com,124.525.143-89,(11) 94525143
ID03098,Patricia Nascimento 3098,patricia.nascimento.3098.3098@exemplo.com,124.533.062-26,(11) 94533062
ID03099,Juliana Oliveira 3099,juliana.oliveira.3099.3099@exemplo.com,N/A,N/A
ID03100,Nicolas Barbosa 3100,nicolas.barbosa.3100.3100@exemplo.com,N/A,N/A
ID03101,Otavio Costa 3101,otavio.costa.3101.3101@exemplo.com,124.556.819-37,(11) 94556819
ID03102,Rodrigo Martins 3102,rodrigo.martins.3102.3102@exemplo.com,N/A,N/A
ID03103,Rodrigo Dias 3103,rodrigo.dias.3103.3103@exemplo.com,124.572.657-11,(11) 94572657
ID03104,Juliana Nascimento 3104,juliana.nascimento.3104.3104@exemplo.com,124.580.576-48,(11) 94580576
ID03105,Beatriz Barbosa 3105,beatriz.barbosa.3105.3105@exemplo.com,124.588.495-85,(11) 94588495
ID03106,Bruno Almeida 3106,bruno.almeida.3106.3106@exemplo.com,124.596.414-22,(11) 94596414
ID03107,Rafael Lima 3107,rafael.lima.3107.3107@exemplo.com,124.604.333-59,(11) 94604333
ID03108,Sofia Pereira 3108,sofia.pereira.3108.3108@exemplo.com,N/A,N/A
ID03109,Ana Rodrigues 3109,ana.rodrigues.3109.3109@exemplo.com,124.620.171-33,(11) 94620171
ID03110,Daniela Rodrigues 3110,daniela.rodrigues.3110.3110@exemplo.com,124.628.090-70,(11) 94628090
ID03111,Lucas Carvalho 3111,lucas.carvalho.3111.3111@exemplo.com,124.636.009-07,(11) 94636009
ID03112,Mariana Gomes 3112,mariana.gomes.3112.3112@exemplo.com,N/A,N/A
ID03113,Henrique Lima 3113,henrique.lima.3113.3113@exemplo.com,124.651.847-81,(11) 94651847
ID03114,Nicolas Moura 3114,nicolas.moura.3114.3114@exemplo.com,124.659.766-18,(11) 94659766
ID03115,Beatriz Gomes 3115,beatriz.gomes.3115.3115@exemplo.com,124.667.685-55,(11) 94667685
ID03116,Yasmin Silva 3116,yasmin.silva.3116.3116@exemplo.com,124.675.604-92,(11) 94675604
ID03117,Nicolas Araujo 3117,nicolas.araujo.3117.3117@exemplo.com,124.683.523-29,(11) 94683523
ID03118,Diego Lima 3118,diego.lima.3118.3118@exemplo.com,124.691.442-66,(11) 94691442
ID03119,Thiago Araujo 3119,thiago.araujo.3119.3119@exemplo.com,124.699.361-03,(11) 94699361
ID03120,Paulo Gomes 3120,paulo.gomes.3120.3120@exemplo.com,124.707.280-40,(11) 94707280
ID03121,Larissa Lima 3121,larissa.lima.3121.3121@exemplo.com,124.715.199-77,(11) 94715199
ID03122,Natalia Ribeiro 3122,natalia.ribeiro.3122.3122@exemplo.com,124.723.118-14,(11) 94723118
ID03123,Paulo Carvalho 3123,paulo.carvalho.3123.3123@exemplo.com,N/A,N/A
ID03124,Giovana Barbosa 3124,giovana.barbosa.3124.3124@exemplo.com,124.738.956-88,(11) 94738956
ID03125,Sofia Santos 3125,sofia.santos.3125.3125@exemplo.com,124.746.875-25,(11) 94746875
ID03126,Rafael Lima 3126,rafael.lima.3126.3126@exemplo.com,124.754.794-62,(11) 94754794
ID03127,Henrique Costa 3127,henrique.costa.3127.3127@exemplo.com,N/A,N/A
ID03128,Eduardo Silva 3128,eduardo.silva.3128.3128@exemplo.com,N/A,N/A
ID03129,Gabriel Dias 3129,gabriel.dias.3129.3129@exemplo.com,124.778.551-73,(11) 94778551
ID03130,Natalia Pereira 3130,natalia.pereira.3130.3130@exemplo.com,124.786.470-10,(11) 94786470
ID03131,Diego Rodrigues 3131,diego.rodrigues.3131.3131@exemplo.com,124.794.389-47,(11) 94794389
ID03132,Gabriel Araujo 3132,gabriel.araujo.3132.3132@exemplo.com,124.802.308-84,(11) 94802308
ID03133,Rodrigo Martins 3133,rodrigo.martins.3133.3133@exemplo.com,124.810.227-21,(11) 94810227
ID03134,Larissa Moura 3134,larissa.moura.3134.3134@exemplo.com,124.818.146-58,(11) 94818146
ID03135,Yasmin Silva 3135,yasmin.silva.3135.3135@exemplo.com,124.826.065-95,(11) 94826065
ID03136,Olivia Dias 3136,olivia.dias.3136.3136@exemplo.com,N/A,N/A
ID03137,Natalia Silva 3137,natalia.silva.3137.3137@exemplo.com,124.841.903-69,(11) 94841903
ID03138,Henrique Fernandes 3138,henrique.fernandes.3138.3138@exemplo.com,124.849.822-06,(11) 94849822
ID03139,Sofia Costa 3139,sofia.costa.3139.3139@exemplo.com,124.857.741-43,(11) 94857741
ID03140,Sara Oliveira 3140,sara.oliveira.3140.3140@exemplo.com,124.865.660-80,(11) 94865660
ID03141,Sofia Fernandes 3141,sofia.fernandes.3141.3141@exemplo.com,124.873.579-17,(11) 94873579
ID03142,Ana Costa 3142,ana.costa.3142.3142@exemplo.com,124.881.498-54,(11) 94881498
ID03143,Fernanda Martins 3143,fernanda.martins.3143.3143@exemplo.com,N/A,N/A
ID03144,Sara Barbosa 3144,sara.barbosa.3144.3144@exemplo.com,124.897.336-28,(11) 94897336
ID03145,Valentina Santos 3145,valentina.santos.3145.3145@exemplo.com,N/A,N/A
ID03146,Isabela Ribeiro 3146,isabela.ribeiro.3146.3146@exemplo.com,124.913.174-02,(11) 94913174
ID03147,Paulo Moura 3147,paulo.moura.3147.3147@exemplo.com,N/A,N/A
ID03148,Diego Carvalho 3148,diego.carvalho.3148.3148@exemplo.com,124.929.012-76,(11) 94929012
ID03149,Gabriel Carvalho 3149,gabriel.carvalho.3149.3149@exemplo.com,N/A,N/A
ID03150,Fernanda Rodrigues 3150,fernanda.rodrigues.3150.3150@exemplo.com,N/A,N/A
ID03151,Igor Araujo 3151,igor.araujo.3151.3151@exemplo.com,124.952.769-87,(11) 94952769
ID03152,Igor Rodrigues 3152,igor.rodrigues.3152.3152@exemplo.com,124.960.688-24,(11) 94960688
ID03153,Camila Dias 3153,camila.dias.3153.3153@exemplo.com,124.968.607-61,(11) 94968607
ID03154,Paulo Dias 3154,paulo.dias.3154.3154@exemplo.com,124.976.526-98,(11) 94976526
ID03155,Juliana Ribeiro 3155,juliana.ribeiro.3155.3155@exemplo.com,124.984.445-35,(11) 94984445
ID03156,Bruno Teixeira 3156,bruno.teixeira.3156.3156@exemplo.com,124.992.364-72,(11) 94992364
ID03157,Juliana Silva 3157,juliana.silva.3157.3157@exemplo.com,125.000.283-09,(11) 95000283
ID03158,Eduardo Rodrigues 3158,eduardo.rodrigues.3158.3158@exemplo.com,125.008.202-46,(11) 95008202
ID03159,Natalia Carvalho 3159,natalia.carvalho.3159.3159@exemplo.com,N/A,N/A
ID03160,Rodrigo Araujo 3160,rodrigo.araujo.3160.3160@exemplo.com,125.024.040-20,(11) 95024040
ID03161,Gabriel Costa 3161,gabriel.costa.3161.3161@exemplo.com,125.031.959-57,(11) 95031959
ID03162,Sofia Oliveira 3162,sofia.oliveira.3162.3162@exemplo.com,N/A,N/A
ID03163,Henrique Teixeira 3163,henrique.teixeira.3163.3163@exemplo.com,125.047.797-31,(11) 95047797
ID03164,Paulo Moura 3164,paulo.moura.3164.3164@exemplo.com,125.055.716-68,(11) 95055716
ID03165,Larissa Costa 3165,larissa.costa.3165.3165@exemplo.com,125.063.635-05,(11) 95063635
ID03166,Valentina Santos 3166,valentina.santos.3166.3166@exemplo.com,125.071.554-42,(11) 95071554
ID03167,Isabela Fernandes 3167,isabela.fernandes.3167.3167@exemplo.com,125.079.473-79,(11) 95079473
ID03168,Valentina Rodrigues 3168,valentina.rodrigues.3168.3168@exemplo.com,125.087.392-16,(11) 95087392
ID03169,Sara Araujo 3169,sara.araujo.3169.3169@exemplo.com,N/A,N/A
ID03170,Otavio Souza 3170,otavio.souza.3170.3170@exemplo.com,125.103.230-90,(11) 95103230
ID03171,Felipe Barbosa 3171,felipe.barbosa.3171.3171@exemplo.com,N/A,N/A
ID03172,Thiago Martins 3172,thiago.martins.3172.3172@exemplo.com,N/A,N/A
ID03173,Valentina Gomes 3173,valentina.gomes.3173.3173@exemplo.com,125.126.987-01,(11) 95126987
ID03174,Carlos Pereira 3174,carlos.pereira.3174.3174@exemplo.com,N/A,N/A
ID03175,Vanessa Dias 3175,vanessa.dias.3175.3175@exemplo.com,125.142.825-75,(11) 95142825
ID03176,Bruno Souza 3176,bruno.souza.3176.3176@exemplo.com,N/A,N/A
ID03177,Mariana Araujo 3177,mariana.araujo.3177.3177@exemplo.com,125.158.663-49,(11) 95158663
ID03178,Gabriel Barbosa 3178,gabriel.barbosa.3178.3178@exemplo.com,125.166.582-86,(11) 95166582
ID03179,Diego Araujo 3179,diego.araujo.3179.3179@exemplo.com,N/A,N/A
ID03180,Nicolas Costa 3180,nicolas.costa.3180.3180@exemplo.com,N/A,N/A
ID03181,Diego Lima 3181,diego.lima.3181.3181@exemplo.com,125.190.339-97,(11) 95190339
ID03182,Rodrigo Barbosa 3182,rodrigo.barbosa.3182.3182@exemplo.com,N/A,N/A
ID03183,Sara Santos 3183,sara.santos.3183.3183@exemplo.com,125.206.177-71,(11) 95206177
ID03184,Eduardo Araujo 3184,eduardo.araujo.3184.3184@exemplo.com,125.214.096-08,(11) 95214096
ID03185,Felipe Rodrigues 3185,felipe.rodrigues.3185.3185@exemplo.com,125.222.015-45,(11) 95222015
ID03186,Joao Fernandes 3186,joao.fernandes.3186.3186@exemplo.com,125.229.934-82,(11) 95229934
ID03187,Daniela Nascimento 3187,daniela.nascimento.3187.3187@exemplo.com,N/A,N/A
ID03188,Valentina Moura 3188,valentina.moura.3188.3188@exemplo.com,N/A,N/A
ID03189,Bruno Moura 3189,bruno.moura.3189.3189@exemplo.com,125.253.691-93,(11) 95253691
ID03190,Rafael Barbosa 3190,rafael.barbosa.3190.3190@exemplo.com,N/A,N/A
ID03191,Henrique Almeida 3191,henrique.almeida.3191.3191@exemplo.com,N/A,N/A
ID03192,Sara Carvalho 3192,sara.carvalho.3192.3192@exemplo.com,125.277.448-04,(11) 95277448
ID03193,Joao Oliveira 3193,joao.oliveira.3193.3193@exemplo.com,125.285.367-41,(11) 95285367
ID03194,Lucas Costa 3194,lucas.costa.3194.3194@exemplo.com,125.293.286-78,(11) 95293286
ID03195,Eduardo Rodrigues 3195,eduardo.rodrigues.3195.3195@exemplo.com,N/A,N/A
ID03196,Rafael Carvalho 3196,rafael.carvalho.3196.3196@exemplo.com,125.309.124-52,(11) 95309124
ID03197,Fernanda Fernandes 3197,fernanda.fernandes.3197.3197@exemplo.com,125.317.043-89,(11) 95317043
ID03198,Fernanda Teixeira 3198,fernanda.teixeira.3198.3198@exemplo.com,125.324.962-26,(11) 95324962
ID03199,Valentina Santos 3199,valentina.santos.3199.3199@exemplo.com,N/A,N/A
ID03200,Nicolas Pereira 3200,nicolas.pereira.3200.3200@exemplo.com,N/A,N/A
ID03201,Eduardo Barbosa 3201,eduardo.barbosa.3201.3201@exemplo.com,N/A,N/A
ID03202,Felipe Pereira 3202,felipe.pereira.3202.3202@exemplo.com,125.356.638-74,(11) 95356638
ID03203,Camila Lima 3203,camila.lima.3203.3203@exemplo.com,125.364.557-11,(11) 95364557
ID03204,Yasmin Barbosa 3204,yasmin.barbosa.3204.3204@exemplo.com,125.372.476-48,(11) 95372476
ID03205,Lucas Araujo 3205,lucas.araujo.3205.3205@exemplo.com,125.380.395-85,(11) 95380395
ID03206,Isabela Souza 3206,isabela.souza.3206.3206@exemplo.com,125.388.314-22,(11) 95388314
ID03207,Patricia Rodrigues 3207,patricia.rodrigues.3207.3207@exemplo.com,N/A,N/A
ID03208,Fernanda Araujo 3208,fernanda.araujo.3208.3208@exemplo.com,N/A,N/A
ID03209,Vinicius Lima 3209,vinicius.lima.3209.3209@exemplo.com,125.412.071-33,(11) 95412071
ID03210,Juliana Santos 3210,juliana.santos.3210.3210@exemplo.com,125.419.990-70,(11) 95419990
ID03211,Camila Carvalho 3211,camila.carvalho.3211.3211@exemplo.com,125.427.909-07,(11) 95427909
ID03212,Lucas Ribeiro 3212,lucas.ribeiro.3212.3212@exemplo.com,N/A,N/A
ID03213,Igor Barbosa 3213,igor.barbosa.3213.3213@exemplo.com,125.443.747-81,(11) 95443747
ID03214,Patricia Silva 3214,patricia.silva.3214.3214@exemplo.com,125.451.666-18,(11) 95451666
ID03215,Juliana Fernandes 3215,juliana.fernandes.3215.3215@exemplo.com,N/A,N/A
ID03216,Vinicius Nascimento 3216,vinicius.nascimento.3216.3216@exemplo.com,125.467.504-92,(11) 95467504
ID03217,Vinicius Silva 3217,vinicius.silva.3217.3217@exemplo.com,N/A,N/A
ID03218,Rafael Oliveira 3218,rafael.oliveira.3218.3218@exemplo.com,125.483.342-66,(11) 95483342
ID03219,Rafael Santos 3219,rafael.santos.3219.3219@exemplo.com,125.491.261-03,(11) 95491261
ID03220,Gabriel Araujo 3220,gabriel.araujo.3220.3220@exemplo.com,125.499.180-40,(11) 95499180
ID03221,Nicolas Souza 3221,nicolas.souza.3221.3221@exemplo.com,N/A,N/A
ID03222,Gabriel Lima 3222,gabriel.lima.3222.3222@exemplo.com,125.515.018-14,(11) 95515018
ID03223,Ana Rodrigues 3223,ana.rodrigues.3223.3223@exemplo.com,N/A,N/A
ID03224,Igor Oliveira 3224,igor.oliveira.3224.3224@exemplo.com,125.530.856-88,(11) 95530856
ID03225,Eduardo Dias 3225,eduardo.dias.3225.3225@exemplo.com,N/A,N/A
ID03226,Joao Souza 3226,joao.souza.3226.3226@exemplo.com,N/A,N/A
ID03227,Elisa Almeida 3227,elisa.almeida.3227.3227@exemplo.com,N/A,N/A
ID03228,Camila Lima 3228,camila.lima.3228.3228@exemplo.com,125.562.532-36,(11) 95562532
ID03229,Henrique Almeida 3229,henrique.almeida.3229.3229@exemplo.com,N/A,N/A
ID03230,Otavio Costa 3230,otavio.costa.3230.3230@exemplo.com,N/A,N/A
ID03231,Juliana Gomes 3231,juliana.gomes.3231.3231@exemplo.com,125.586.289-47,(11) 95586289
ID03232,Carlos Almeida 3232,carlos.almeida.3232.3232@exemplo.com,N/A,N/A
ID03233,Lucas Souza 3233,lucas.souza.3233.3233@exemplo.com,125.602.127-21,(11) 95602127
ID03234,Vinicius Moura 3234,vinicius.moura.3234.3234@exemplo.com,N/A,N/A
ID03235,Nicolas Pereira 3235,nicolas.pereira.3235.3235@exemplo.com,125.617.965-95,(11) 95617965
ID03236,Diego Carvalho 3236,diego.carvalho.3236.3236@exemplo.com,125.625.884-32,(11) 95625884
ID03237,Juliana Lima 3237,juliana.lima.3237.3237@exemplo.com,N/A,N/A
ID03238,Beatriz Silva 3238,beatriz.silva.3238.3238@exemplo.com,125.641.722-06,(11) 95641722
ID03239,Daniela Fernandes 3239,daniela.fernandes.3239.3239@exemplo.com,125.649.641-43,(11) 95649641
ID03240,Eduardo Almeida 3240,eduardo.almeida.3240.3240@exemplo.com,N/A,N/A
ID03241,Yasmin Santos 3241,yasmin.santos.3241.3241@exemplo.com,125.665.479-17,(11) 95665479
ID03242,Sofia Ribeiro 3242,sofia.ribeiro.3242.3242@exemplo.com,125.673.398-54,(11) 95673398
ID03243,Juliana Santos 3243,juliana.santos.3243.3243@exemplo.com,N/A,N/A
ID03244,Sara Carvalho 3244,sara.carvalho.3244.3244@exemplo.com,N/A,N/A
ID03245,Henrique Martins 3245,henrique.martins.3245.3245@exemplo.com,125.697.155-65,(11) 95697155
ID03246,Vinicius Martins 3246,vinicius.martins.3246.3246@exemplo.com,125.705.074-02,(11) 95705074
ID03247,Joao Almeida 3247,joao.almeida.3247.3247@exemplo.com,125.712.993-39,(11) 95712993
ID03248,Marcelo Pereira 3248,marcelo.pereira.3248.3248@exemplo.com,N/A,N/A
ID03249,Bruno Ribeiro 3249,bruno.ribeiro.3249.3249@exemplo.com,125.728.831-13,(11) 95728831
ID03250,Felipe Carvalho 3250,felipe.carvalho.3250.3250@exemplo.com,125.736.750-50,(11) 95736750
ID03251,Valentina Martins 3251,valentina.martins.3251.3251@exemplo.com,N/A,N/A
ID03252,Sofia Moura 3252,sofia.moura.3252.3252@exemplo.com,N/A,N/A
ID03253,Juliana Fernandes 3253,juliana.fernandes.3253.3253@exemplo.com,125.760.507-61,(11) 95760507
ID03254,Patricia Dias 3254,patricia.dias.3254.3254@exemplo.com,125.768.426-98,(11) 95768426
ID03255,Nicolas Souza 3255,nicolas.souza.3255.3255@exemplo.com,N/A,N/A
ID03256,Rodrigo Lima 3256,rodrigo.lima.3256.3256@exemplo.com,125.784.264-72,(11) 95784264
ID03257,Joao Pereira 3257,joao.pereira.3257.3257@exemplo.com,N/A,N/A
ID03258,Mariana Almeida 3258,mariana.almeida.3258.3258@exemplo.com,125.800.102-46,(11) 95800102
ID03259,Daniela Martins 3259,daniela.martins.3259.3259@exemplo.com,N/A,N/A
ID03260,Sara Moura 3260,sara.moura.3260.3260@exemplo.com,125.815.940-20,(11) 95815940
ID03261,Juliana Martins 3261,juliana.martins.3261.3261@exemplo.com,125.823.859-57,(11) 95823859
ID03262,Nicolas Barbosa 3262,nicolas.barbosa.3262.3262@exemplo.com,125.831.778-94,(11) 95831778
ID03263,Beatriz Santos 3263,beatriz.santos.3263.3263@exemplo.com,N/A,N/A
ID03264,Rodrigo Martins 3264,rodrigo.martins.3264.3264@exemplo.com,125.847.616-68,(11) 95847616
ID03265,Camila Fernandes 3265,camila.fernandes.3265.3265@exemplo.com,N/A,N/A
ID03266,Marcelo Nascimento 3266,marcelo.nascimento.3266.3266@exemplo.com,125.863.454-42,(11) 95863454
ID03267,Gabriel Almeida 3267,gabriel.almeida.3267.3267@exemplo.com,N/A,N/A
ID03268,Joao Santos 3268,joao.santos.3268.3268@exemplo.com,N/A,N/A
ID03269,Yasmin Moura 3269,yasmin.moura.3269.3269@exemplo.com,N/A,N/A
ID03270,Henrique Costa 3270,henrique.costa.3270.3270@exemplo.com,N/A,N/A
ID03271,Olivia Teixeira 3271,olivia.teixeira.3271.3271@exemplo.com,125.903.049-27,(11) 95903049
ID03272,Lucas Araujo 3272,lucas.araujo.3272.3272@exemplo.com,125.910.968-64,(11) 95910968
ID03273,Nicolas Moura 3273,nicolas.moura.3273.3273@exemplo.com,125.918.887-01,(11) 95918887
ID03274,Patricia Souza 3274,patricia.souza.3274.3274@exemplo.com,125.926.806-38,(11) 95926806
ID03275,Larissa Moura 3275,larissa.moura.3275.3275@exemplo.com,125.934.725-75,(11) 95934725
ID03276,Fernanda Fernandes 3276,fernanda.fernandes.3276.3276@exemplo.com,N/A,N/A
ID03277,Sara Souza 3277,sara.souza.3277.3277@exemplo.com,N/A,N/A
ID03278,Igor Pereira 3278,igor.pereira.3278.3278@exemplo.com,125.958.482-86,(11) 95958482
ID03279,Thiago Rocha 3279,thiago.rocha.3279.3279@exemplo.com,125.966.401-23,(11) 95966401
ID03280,Rodrigo Pereira 3280,rodrigo.pereira.3280.3280@exemplo.com,N/A,N/A
ID03281,Vinicius Costa 3281,vinicius.costa.3281.3281@exemplo.com,125.982.239-97,(11) 95982239
ID03282,Olivia Rodrigues 3282,olivia.rodrigues.3282.3282@exemplo.com,125.990.158-34,(11) 95990158
ID03283,Fernanda Barbosa 3283,fernanda.barbosa.3283.3283@exemplo.com,125.998.077-71,(11) 95998077
ID03284,Paulo Ribeiro 3284,paulo.ribeiro.3284.3284@exemplo.com,126.005.996-08,(11) 96005996
ID03285,Vinicius Teixeira 3285,vinicius.teixeira.3285.3285@exemplo.com,126.013.915-45,(11) 96013915
ID03286,Henrique Costa 3286,henrique.costa.3286.3286@exemplo.com,126.021.834-82,(11) 96021834
ID03287,Lucas Souza 3287,lucas.souza.3287.3287@exemplo.com,N/A,N/A
ID03288,Eduardo Moura 3288,eduardo.moura.3288.3288@exemplo.com,126.037.672-56,(11) 96037672
ID03289,Marcelo Fernandes 3289,marcelo.fernandes.3289.3289@exemplo.com,126.045.591-93,(11) 96045591
ID03290,Beatriz Lima 3290,beatriz.lima.3290.3290@exemplo.com,N/A,N/A
ID03291,Larissa Dias 3291,larissa.dias.3291.3291@exemplo.com,N/A,N/A
ID03292,Rafael Martins 3292,rafael.martins.3292.3292@exemplo.com,126.069.348-04,(11) 96069348
ID03293,Nicolas Costa 3293,nicolas.costa.3293.3293@exemplo.com,126.077.267-41,(11) 96077267
ID03294,Juliana Lima 3294,juliana.lima.3294.3294@exemplo.com,126.085.186-78,(11) 96085186
ID03295,Fernanda Santos 3295,fernanda.santos.3295.3295@exemplo.com,126.093.105-15,(11) 96093105
ID03296,Sofia Pereira 3296,sofia.pereira.3296.3296@exemplo.com,126.101.024-52,(11) 96101024
ID03297,Paulo Teixeira 3297,paulo.teixeira.3297.3297@exemplo.com,N/A,N/A
ID03298,Sofia Fernandes 3298,sofia.fernandes.3298.3298@exemplo.com,N/A,N/A
ID03299,Juliana Araujo 3299,juliana.araujo.3299.3299@exemplo.com,N/A,N/A
ID03300,Igor Martins 3300,igor.martins.3300.3300@exemplo.com,N/A,N/A
ID03301,Sofia Nascimento 3301,sofia.nascimento.3301.3301@exemplo.com,N/A,N/A
ID03302,Patricia Rodrigues 3302,patricia.rodrigues.3302.3302@exemplo.com,126.148.538-74,(11) 96148538
ID03303,Eduardo Pereira 3303,eduardo.pereira.3303.3303@exemplo.com,126.156.457-11,(11) 96156457
ID03304,Lucas Teixeira 3304,lucas.teixeira.3304.3304@exemplo.com,126.164.376-48,(11) 96164376
ID03305,Rodrigo Souza 3305,rodrigo.souza.3305.3305@exemplo.com,126.172.295-85,(11) 96172295
ID03306,Diego Barbosa 3306,diego.barbosa.3306.3306@exemplo.com,126.180.214-22,(11) 96180214
ID03307,Ana Barbosa 3307,ana.barbosa.3307.3307@exemplo.com,N/A,N/A
ID03308,Beatriz Fernandes 3308,beatriz.fernandes.3308.3308@exemplo.com,126.196.052-96,(11) 96196052
ID03309,Isabela Oliveira 3309,isabela.oliveira.3309.3309@exemplo.com,126.203.971-33,(11) 96203971
ID03310,Thiago Oliveira 3310,thiago.oliveira.3310.3310@exemplo.com,N/A,N/A
ID03311,Nicolas Moura 3311,nicolas.moura.3311.3311@exemplo.com,126.219.809-07,(11) 96219809
ID03312,Patricia Oliveira 3312,patricia.oliveira.3312.3312@exemplo.com,126.227.728-44,(11) 96227728
ID03313,Beatriz Lima 3313,beatriz.lima.3313.3313@exemplo.com,126.235.647-81,(11) 96235647
ID03314,Nicolas Dias 3314,nicolas.dias.3314.3314@exemplo.com,126.243.566-18,(11) 96243566
ID03315,Eduardo Barbosa 3315,eduardo.barbosa.3315.3315@exemplo.com,126.251.485-55,(11) 96251485
ID03316,Marcelo Costa 3316,marcelo.costa.3316.3316@exemplo.com,N/A,N/A
ID03317,Eduardo Oliveira 3317,eduardo.oliveira.3317.3317@exemplo.com,N/A,N/A
ID03318,Fernanda Barbosa 3318,fernanda.barbosa.3318.3318@exemplo.com,126.275.242-66,(11) 96275242
ID03319,Natalia Carvalho 3319,natalia.carvalho.3319.3319@exemplo.com,N/A,N/A
ID03320,Natalia Gomes 3320,natalia.gomes.3320.3320@exemplo.com,126.291.080-40,(11) 96291080
ID03321,Felipe Barbosa 3321,felipe.barbosa.3321.3321@exemplo.com,N/A,N/A
ID03322,Larissa Almeida 3322,larissa.almeida.3322.3322@exemplo.com,126.306.918-14,(11) 96306918
ID03323,Rafael Carvalho 3323,rafael.carvalho.3323.3323@exemplo.com,126.314.837-51,(11) 96314837
ID03324,Elisa Carvalho 3324,elisa.carvalho.3324.3324@exemplo.com,126.322.756-88,(11) 96322756
ID03325,Natalia Costa 3325,natalia.costa.3325.3325@exemplo.com,N/A,N/A
ID03326,Olivia Pereira 3326,olivia.pereira.3326.3326@exemplo.com,N/A,N/A
ID03327,Bruno Rodrigues 3327,bruno.rodrigues.3327.3327@exemplo.com,126.346.513-99,(11) 96346513
ID03328,Rodrigo Lima 3328,rodrigo.lima.3328.3328@exemplo.com,126.354.432-36,(11) 96354432
ID03329,Patricia Souza 3329,patricia.souza.3329.3329@exemplo.com,126.362.351-73,(11) 96362351
ID03330,Juliana Barbosa 3330,juliana.barbosa.3330.3330@exemplo.com,N/A,N/A
ID03331,Elisa Santos 3331,elisa.santos.3331.3331@exemplo.com,126.378.189-47,(11) 96378189
ID03332,Ana Gomes 3332,ana.gomes.3332.3332@exemplo.com,126.386.108-84,(11) 96386108
ID03333,Thiago Dias 3333,thiago.dias.3333.3333@exemplo.com,N/A,N/A
ID03334,Thiago Dias 3334,thiago.dias.3334.3334@exemplo.com,126.401.946-58,(11) 96401946
ID03335,Henrique Lima 3335,henrique.lima.3335.3335@exemplo.com,126.409.865-95,(11) 96409865
ID03336,Valentina Carvalho 3336,valentina.carvalho.3336.3336@exemplo.com,N/A,N/A
ID03337,Larissa Barbosa 3337,larissa.barbosa.3337.3337@exemplo.com,126.425.703-69,(11) 96425703
ID03338,Beatriz Ribeiro 3338,beatriz.ribeiro.3338.3338@exemplo.com,126.433.622-06,(11) 96433622
ID03339,Larissa Barbosa 3339,larissa.barbosa.3339.3339@exemplo.com,N/A,N/A
ID03340,Camila Nascimento 3340,camila.nascimento.3340.3340@exemplo.com,N/A,N/A
ID03341,Daniela Carvalho 3341,daniela.carvalho.3341.3341@exemplo.com,N/A,N/A
ID03342,Yasmin Souza 3342,yasmin.souza.3342.3342@exemplo.com,N/A,N/A
ID03343,Sofia Ribeiro 3343,sofia.ribeiro.3343.3343@exemplo.com,126.473.217-91,(11) 96473217
ID03344,Larissa Silva 3344,larissa.silva.3344.3344@exemplo.com,126.481.136-28,(11) 96481136
ID03345,Vinicius Gomes 3345,vinicius.gomes.3345.3345@exemplo.com,N/A,N/A
ID03346,Natalia Nascimento 3346,natalia.nascimento.3346.3346@exemplo.com,N/A,N/A
ID03347,Nicolas Fernandes 3347,nicolas.fernandes.3347.3347@exemplo.com,126.504.893-39,(11) 96504893
ID03348,Patricia Santos 3348,patricia.santos.3348.3348@exemplo.com,N/A,N/A
ID03349,Olivia Almeida 3349,olivia.almeida.3349.3349@exemplo.com,126.520.731-13,(11) 96520731
ID03350,Valentina Pereira 3350,valentina.pereira.3350.3350@exemplo.com,126.528.650-50,(11) 96528650
ID03351,Larissa Silva 3351,larissa.silva.3351.3351@exemplo.com,126.536.569-87,(11) 96536569
ID03352,Juliana Carvalho 3352,juliana.carvalho.3352.3352@exemplo.com,126.544.488-24,(11) 96544488
ID03353,Igor Ribeiro 3353,igor.ribeiro.3353.3353@exemplo.com,126.552.407-61,(11) 96552407
ID03354,Otavio Almeida 3354,otavio.almeida.3354.3354@exemplo.com,126.560.326-98,(11) 96560326
ID03355,Otavio Costa 3355,otavio.costa.3355.3355@exemplo.com,126.568.245-35,(11) 96568245
ID03356,Henrique Costa 3356,henrique.costa.3356.3356@exemplo.com,126.576.164-72,(11) 96576164
ID03357,Vinicius Silva 3357,vinicius.silva.3357.3357@exemplo.com,126.584.083-09,(11) 96584083
ID03358,Joao Martins 3358,joao.martins.3358.3358@exemplo.com,N/A,N/A
ID03359,Patricia Almeida 3359,patricia.almeida.3359.3359@exemplo.com,126.599.921-83,(11) 96599921
ID03360,Sara Araujo 3360,sara.araujo.3360.3360@exemplo.com,N/A,N/A
ID03361,Rafael Souza 3361,rafael.souza.3361.3361@exemplo.com,126.615.759-57,(11) 96615759
ID03362,Igor Nascimento 3362,igor.nascimento.3362.3362@exemplo.com,126.623.678-94,(11) 96623678
ID03363,Gabriel Oliveira 3363,gabriel.oliveira.3363.3363@exemplo.com,N/A,N/A
ID03364,Ana Barbosa 3364,ana.barbosa.3364.3364@exemplo.com,N/A,N/A
ID03365,Gabriel Ribeiro 3365,gabriel.ribeiro.3365.3365@exemplo.com,N/A,N/A
ID03366,Olivia Araujo 3366,olivia.araujo.3366.3366@exemplo.com,126.655.354-42,(11) 96655354
ID03367,Eduardo Moura 3367,eduardo.moura.3367.3367@exemplo.com,N/A,N/A
ID03368,Nicolas Nascimento 3368,nicolas.nascimento.3368.3368@exemplo.com,126.671.192-16,(11) 96671192
ID03369,Juliana Santos 3369,juliana.santos.3369.3369@exemplo.com,126.679.111-53,(11) 96679111
ID03370,Thiago Araujo 3370,thiago.araujo.3370.3370@exemplo.com,N/A,N/A
ID03371,Marcelo Carvalho 3371,marcelo.carvalho.3371.3371@exemplo.com,126.694.949-27,(11) 96694949
ID03372,Igor Rodrigues 3372,igor.rodrigues.3372.3372@exemplo.com,126.702.868-64,(11) 96702868
ID03373,Elisa Santos 3373,elisa.santos.3373.3373@exemplo.com,126.710.787-01,(11) 96710787
ID03374,Felipe Rodrigues 3374,felipe.rodrigues.3374.3374@exemplo.com,126.718.706-38,(11) 96718706
ID03375,Larissa Barbosa 3375,larissa.barbosa.3375.3375@exemplo.com,N/A,N/A
ID03376,Beatriz Nascimento 3376,beatriz.nascimento.3376.3376@exemplo.com,N/A,N/A
ID03377,Carlos Barbosa 3377,carlos.barbosa.3377.3377@exemplo.com,126.742.463-49,(11) 96742463
ID03378,Mariana Carvalho 3378,mariana.carvalho.3378.3378@exemplo.com,126.750.382-86,(11) 96750382
ID03379,Igor Barbosa 3379,igor.barbosa.3379.3379@exemplo.com,126.758.301-23,(11) 96758301
ID03380,Giovana Pereira 3380,giovana.pereira.3380.3380@exemplo.com,126.766.220-60,(11) 96766220
ID03381,Olivia Gomes 3381,olivia.gomes.3381.3381@exemplo.com,126.774.139-97,(11) 96774139
ID03382,Vinicius Lima 3382,vinicius.lima.3382.3382@exemplo.com,N/A,N/A
ID03383,Helena Barbosa 3383,helena.barbosa.3383.3383@exemplo.com,126.789.977-71,(11) 96789977
ID03384,Paulo Lima 3384,paulo.lima.3384.3384@exemplo.com,N/A,N/A
ID03385,Marcelo Pereira 3385,marcelo.pereira.3385.3385@exemplo.com,126.805.815-45,(11) 96805815
ID03386,Natalia Rodrigues 3386,natalia.rodrigues.3386.3386@exemplo.com,126.813.734-82,(11) 96813734
ID03387,Carlos Oliveira 3387,carlos.oliveira.3387.3387@exemplo.com,126.821.653-19,(11) 96821653
ID03388,Bruno Ribeiro 3388,bruno.ribeiro.3388.3388@exemplo.com,N/A,N/A
ID03389,Helena Teixeira 3389,helena.teixeira.3389.3389@exemplo.com,N/A,N/A
ID03390,Giovana Nascimento 3390,giovana.nascimento.3390.3390@exemplo.com,126.845.410-30,(11) 96845410
ID03391,Beatriz Barbosa 3391,beatriz.barbosa.3391.3391@exemplo.com,126.853.329-67,(11) 96853329
ID03392,Carlos Barbosa 3392,carlos.barbosa.3392.3392@exemplo.com,N/A,N/A
ID03393,Thiago Araujo 3393,thiago.araujo.3393.3393@exemplo.com,126.869.167-41,(11) 96869167
ID03394,Daniela Lima 3394,daniela.lima.3394.3394@exemplo.com,126.877.086-78,(11) 96877086
ID03395,Valentina Teixeira 3395,valentina.teixeira.3395.3395@exemplo.com,N/A,N/A
ID03396,Carlos Gomes 3396,carlos.gomes.3396.3396@exemplo.com,126.892.924-52,(11) 96892924
ID03397,Daniela Oliveira 3397,daniela.oliveira.3397.3397@exemplo.com,N/A,N/A
ID03398,Marcelo Dias 3398,marcelo.dias.3398.3398@exemplo.com,126.908.762-26,(11) 96908762
ID03399,Nicolas Carvalho 3399,nicolas.carvalho.3399.3399@exemplo.com,126.916.681-63,(11) 96916681
ID03400,Ana Oliveira 3400,ana.oliveira.3400.3400@exemplo.com,N/A,N/A
ID03401,Daniela Pereira 3401,daniela.pereira.3401.3401@exemplo.com,126.932.519-37,(11) 96932519
ID03402,Rodrigo Pereira 3402,rodrigo.pereira.3402.3402@exemplo.com,N/A,N/A
ID03403,Isabela Teixeira 3403,isabela.teixeira.3403.3403@exemplo.com,126.948.357-11,(11) 96948357
ID03404,Igor Santos 3404,igor.santos.3404.3404@exemplo.com,126.956.276-48,(11) 96956276
ID03405,Gabriel Lima 3405,gabriel.lima.3405.3405@exemplo.com,N/A,N/A
ID03406,Beatriz Oliveira 3406,beatriz.oliveira.3406.3406@exemplo.com,N/A,N/A
ID03407,Helena Carvalho 3407,helena.carvalho.3407.3407@exemplo.com,N/A,N/A
ID03408,Igor Ribeiro 3408,igor.ribeiro.3408.3408@exemplo.com,N/A,N/A
ID03409,Daniela Souza 3409,daniela.souza.3409.3409@exemplo.com,126.995.871-33,(11) 96995871
ID03410,Victor Teixeira 3410,victor.teixeira.3410.3410@exemplo.com,127.003.790-70,(11) 97003790
ID03411,Beatriz Teixeira 3411,beatriz.teixeira.3411.3411@exemplo.com,127.011.709-07,(11) 97011709
ID03412,Lucas Gomes 3412,lucas.gomes.3412.3412@exemplo.com,N/A,N/A
ID03413,Olivia Ribeiro 3413,olivia.ribeiro.3413.3413@exemplo.com,127.027.547-81,(11) 97027547
ID03414,Joao Costa 3414,joao.costa.3414.3414@exemplo.com,N/A,N/A
ID03415,Daniela Dias 3415,daniela.dias.3415.3415@exemplo.com,127.043.385-55,(11) 97043385
ID03416,Yasmin Lima 3416,yasmin.lima.3416.3416@exemplo.com,N/A,N/A
ID03417,Thiago Araujo 3417,thiago.araujo.3417.3417@exemplo.com,N/A,N/A
ID03418,Lucas Oliveira 3418,lucas.oliveira.3418.3418@exemplo.com,127.067.142-66,(11) 97067142
ID03419,Giovana Souza 3419,giovana.souza.3419.3419@exemplo.com,127.075.061-03,(11) 97075061
ID03420,Otavio Costa 3420,otavio.costa.3420.3420@exemplo.com,N/A,N/A
ID03421,Otavio Pereira 3421,otavio.pereira.3421.3421@exemplo.com,N/A,N/A
ID03422,Carlos Souza 3422,carlos.souza.3422.3422@exemplo.com,127.098.818-14,(11) 97098818
ID03423,Gabriel Barbosa 3423,gabriel.barbosa.3423.3423@exemplo.com,N/A,N/A
ID03424,Yasmin Costa 3424,yasmin.costa.3424.3424@exemplo.com,N/A,N/A
ID03425,Beatriz Souza 3425,beatriz.souza.3425.3425@exemplo.com,127.122.575-25,(11) 97122575
ID03426,Marcelo Rodrigues 3426,marcelo.rodrigues.3426.3426@exemplo.com,N/A,N/A
ID03427,Diego Barbosa 3427,diego.barbosa.3427.3427@exemplo.com,127.138.413-99,(11) 97138413
ID03428,Eduardo Barbosa 3428,eduardo.barbosa.3428.3428@exemplo.com,127.146.332-36,(11) 97146332
ID03429,Rodrigo Rodrigues 3429,rodrigo.rodrigues.3429.3429@exemplo.com,127.154.251-73,(11) 97154251
ID03430,Carlos Teixeira 3430,carlos.teixeira.3430.3430@exemplo.com,N/A,N/A
ID03431,Sara Rodrigues 3431,sara.rodrigues.3431.3431@exemplo.com,127.170.089-47,(11) 97170089
ID03432,Valentina Souza 3432,valentina.souza.3432.3432@exemplo.com,127.178.008-84,(11) 97178008
ID03433,Lucas Teixeira 3433,lucas.teixeira.3433.3433@exemplo.com,127.185.927-21,(11) 97185927
ID03434,Olivia Dias 3434,olivia.dias.3434.3434@exemplo.com,127.193.846-58,(11) 97193846
ID03435,Nicolas Souza 3435,nicolas.souza.3435.3435@exemplo.com,127.201.765-95,(11) 97201765
ID03436,Marcelo Fernandes 3436,marcelo.fernandes.3436.3436@exemplo.com,127.209.684-32,(11) 97209684
ID03437,Rodrigo Oliveira 3437,rodrigo.oliveira.3437.3437@exemplo.com,127.217.603-69,(11) 97217603
ID03438,Nicolas Rodrigues 3438,nicolas.rodrigues.3438.3438@exemplo.com,N/A,N/A
ID03439,Patricia Souza 3439,patricia.souza.3439.3439@exemplo.com,127.233.441-43,(11) 97233441
ID03440,Camila Costa 3440,camila.costa.3440.3440@exemplo.com,127.241.360-80,(11) 97241360
ID03441,Beatriz Lima 3441,beatriz.lima.3441.3441@exemplo.com,127.249.279-17,(11) 97249279
ID03442,Diego Martins 3442,diego.martins.3442.3442@exemplo.com,127.257.198-54,(11) 97257198
ID03443,Sara Souza 3443,sara.souza.3443.3443@exemplo.com,127.265.117-91,(11) 97265117
ID03444,Beatriz Gomes 3444,beatriz.gomes.3444.3444@exemplo.com,127.273.036-28,(11) 97273036
ID03445,Valentina Pereira 3445,valentina.pereira.3445.3445@exemplo.com,N/A,N/A
ID03446,Elisa Ribeiro 3446,elisa.ribeiro.3446.3446@exemplo.com,N/A,N/A
ID03447,Carlos Souza 3447,carlos.souza.3447.3447@exemplo.com,127.296.793-39,(11) 97296793
ID03448,Diego Santos 3448,diego.santos.3448.3448@exemplo.com,127.304.712-76,(11) 97304712
ID03449,Olivia Rodrigues 3449,olivia.rodrigues.3449.3449@exemplo.com,127.312.631-13,(11) 97312631
ID03450,Patricia Almeida 3450,patricia.almeida.3450.3450@exemplo.com,N/A,N/A
ID03451,Valentina Fernandes 3451,valentina.fernandes.3451.3451@exemplo.com,N/A,N/A
ID03452,Juliana Oliveira 3452,juliana.oliveira.3452.3452@exemplo.com,127.336.388-24,(11) 97336388
ID03453,Larissa Nascimento 3453,larissa.nascimento.3453.3453@exemplo.com,N/A,N/A
ID03454,Diego Lima 3454,diego.lima.3454.3454@exemplo.com,127.352.226-98,(11) 97352226
ID03455,Rodrigo Fernandes 3455,rodrigo.fernandes.3455.3455@exemplo.com,127.360.145-35,(11) 97360145
ID03456,Juliana Pereira 3456,juliana.pereira.3456.3456@exemplo.com,127.368.064-72,(11) 97368064
ID03457,Camila Lima 3457,camila.lima.3457.3457@exemplo.com,127.375.983-09,(11) 97375983
ID03458,Rafael Fernandes 3458,rafael.fernandes.3458.3458@exemplo.com,127.383.902-46,(11) 97383902
ID03459,Fernanda Almeida 3459,fernanda.almeida.3459.3459@exemplo.com,N/A,N/A
ID03460,Sara Teixeira 3460,sara.teixeira.3460.3460@exemplo.com,127.399.740-20,(11) 97399740
ID03461,Igor Costa 3461,igor.costa.3461.3461@exemplo.com,N/A,N/A
ID03462,Nicolas Lima 3462,nicolas.lima.3462.3462@exemplo.com,127.415.578-94,(11) 97415578
ID03463,Felipe Almeida 3463,felipe.almeida.3463.3463@exemplo.com,N/A,N/A
ID03464,Fernanda Teixeira 3464,fernanda.teixeira.3464.3464@exemplo.com,127.431.416-68,(11) 97431416
ID03465,Isabela Teixeira 3465,isabela.teixeira.3465.3465@exemplo.com,127.439.335-05,(11) 97439335
ID03466,Giovana Barbosa 3466,giovana.barbosa.3466.3466@exemplo.com,127.447.254-42,(11) 97447254
ID03467,Larissa Pereira 3467,larissa.pereira.3467.3467@exemplo.com,127.455.173-79,(11) 97455173
ID03468,Isabela Dias 3468,isabela.dias.3468.3468@exemplo.com,127.463.092-16,(11) 97463092
ID03469,Rafael Costa 3469,rafael.costa.3469.3469@exemplo.com,127.471.011-53,(11) 97471011
ID03470,Beatriz Teixeira 3470,beatriz.teixeira.3470.3470@exemplo.com,127.478.930-90,(11) 97478930
ID03471,Elisa Lima 3471,elisa.lima.3471.3471@exemplo.com,N/A,N/A
ID03472,Carlos Costa 3472,carlos.costa.3472.3472@exemplo.com,127.494.768-64,(11) 97494768
ID03473,Carlos Souza 3473,carlos.souza.3473.3473@exemplo.com,127.502.687-01,(11) 97502687
ID03474,Lucas Dias 3474,lucas.dias.3474.3474@exemplo.com,N/A,N/A
ID03475,Yasmin Barbosa 3475,yasmin.barbosa.3475.3475@exemplo.com,127.518.525-75,(11) 97518525
ID03476,Otavio Ribeiro 3476,otavio.ribeiro.3476.3476@exemplo.com,N/A,N/A
ID03477,Sara Souza 3477,sara.souza.3477.3477@exemplo.com,N/A,N/A
ID03478,Helena Santos 3478,helena.santos.3478.3478@exemplo.com,N/A,N/A
ID03479,Ana Rodrigues 3479,ana.rodrigues.3479.3479@exemplo.com,127.550.201-23,(11) 97550201
ID03480,Eduardo Dias 3480,eduardo.dias.3480.3480@exemplo.com,127.558.120-60,(11) 97558120
ID03481,Yasmin Oliveira 3481,yasmin.oliveira.3481.3481@exemplo.com,127.566.039-97,(11) 97566039
ID03482,Daniela Souza 3482,daniela.souza.3482.3482@exemplo.com,127.573.958-34,(11) 97573958
ID03483,Beatriz Rodrigues 3483,beatriz.rodrigues.3483.3483@exemplo.com,127.581.877-71,(11) 97581877
ID03484,Felipe Almeida 3484,felipe.almeida.3484.3484@exemplo.com,127.589.796-08,(11) 97589796
ID03485,Daniela Santos 3485,daniela.santos.3485.3485@exemplo.com,N/A,N/A
ID03486,Giovana Martins 3486,giovana.martins.3486.3486@exemplo.com,127.605.634-82,(11) 97605634
ID03487,Sara Ribeiro 3487,sara.ribeiro.3487.3487@exemplo.com,N/A,N/A
ID03488,Carlos Oliveira 3488,carlos.oliveira.3488.3488@exemplo.com,127.621.472-56,(11) 97621472
ID03489,Felipe Martins 3489,felipe.martins.3489.3489@exemplo.com,127.629.391-93,(11) 97629391
ID03490,Yasmin Santos 3490,yasmin.santos.3490.3490@exemplo.com,127.637.310-30,(11) 97637310
ID03491,Larissa Almeida 3491,larissa.almeida.3491.3491@exemplo.com,N/A,N/A
ID03492,Sara Carvalho 3492,sara.carvalho.3492.3492@exemplo.com,N/A,N/A
ID03493,Larissa Costa 3493,larissa.costa.3493.3493@exemplo.com,127.661.067-41,(11) 97661067
ID03494,Juliana Silva 3494,juliana.silva.3494.3494@exemplo.com,127.668.986-78,(11) 97668986
ID03495,Carlos Nascimento 3495,carlos.nascimento.3495.3495@exemplo.com,N/A,N/A
ID03496,Felipe Rodrigues 3496,felipe.rodrigues.3496.3496@exemplo.com,127.684.824-52,(11) 97684824
ID03497,Patricia Martins 3497,patricia.martins.3497.3497@exemplo.com,127.692.743-89,(11) 97692743
ID03498,Juliana Rodrigues 3498,juliana.rodrigues.3498.3498@exemplo.com,127.700.662-26,(11) 97700662
ID03499,Bruno Carvalho 3499,bruno.carvalho.3499.3499@exemplo.com,127.708.581-63,(11) 97708581
ID03500,Rafael Ribeiro 3500,rafael.ribeiro.3500.3500@exemplo.com,N/A,N/A
ID03501,Carlos Barbosa 3501,carlos.barbosa.3501.3501@exemplo.com,127.724.419-37,(11) 97724419
ID03502,Valentina Teixeira 3502,valentina.teixeira.3502.3502@exemplo.com,N/A,N/A
ID03503,Gabriel Rodrigues 3503,gabriel.rodrigues.3503.3503@exemplo.com,127.740.257-11,(11) 97740257
ID03504,Igor Santos 3504,igor.santos.3504.3504@exemplo.com,N/A,N/A
ID03505,Vinicius Araujo 3505,vinicius.araujo.3505.3505@exemplo.com,127.756.095-85,(11) 97756095
ID03506,Lucas Araujo 3506,lucas.araujo.3506.3506@exemplo.com,127.764.014-22,(11) 97764014
ID03507,Sara Araujo 3507,sara.araujo.3507.3507@exemplo.com,N/A,N/A
ID03508,Otavio Costa 3508,otavio.costa.3508.3508@exemplo.com,127.779.852-96,(11) 97779852
ID03509,Rodrigo Lima 3509,rodrigo.lima.3509.3509@exemplo.com,N/A,N/A
ID03510,Fernanda Araujo 3510,fernanda.araujo.3510.3510@exemplo.com,127.795.690-70,(11) 97795690
ID03511,Juliana Silva 3511,juliana.silva.3511.3511@exemplo.com,127.803.609-07,(11) 97803609
ID03512,Thiago Carvalho 3512,thiago.carvalho.3512.3512@exemplo.com,127.811.528-44,(11) 97811528
ID03513,Sofia Costa 3513,sofia.costa.3513.3513@exemplo.com,127.819.447-81,(11) 97819447
ID03514,Joao Martins 3514,joao.martins.3514.3514@exemplo.com,127.827.366-18,(11) 97827366
ID03515,Paulo Silva 3515,paulo.silva.3515.3515@exemplo.com,N/A,N/A
ID03516,Thiago Santos 3516,thiago.santos.3516.3516@exemplo.com,127.843.204-92,(11) 97843204
ID03517,Isabela Ribeiro 3517,isabela.ribeiro.3517.3517@exemplo.com,127.851.123-29,(11) 97851123
ID03518,Henrique Costa 3518,henrique.costa.3518.3518@exemplo.com,N/A,N/A
ID03519,Ana Teixeira 3519,ana.teixeira.3519.3519@exemplo.com,127.866.961-03,(11) 97866961
ID03520,Igor Barbosa 3520,igor.barbosa.3520.3520@exemplo.com,N/A,N/A
ID03521,Rodrigo Gomes 3521,rodrigo.gomes.3521.3521@exemplo.com,127.882.799-77,(11) 97882799
ID03522,Carlos Costa 3522,carlos.costa.3522.3522@exemplo.com,N/A,N/A
ID03523,Joao Carvalho 3523,joao.carvalho.3523.3523@exemplo.com,127.898.637-51,(11) 97898637
ID03524,Giovana Barbosa 3524,giovana.barbosa.3524.3524@exemplo.com,N/A,N/A
ID03525,Henrique Pereira 3525,henrique.pereira.3525.3525@exemplo.com,127.914.475-25,(11) 97914475
ID03526,Marcelo Fernandes 3526,marcelo.fernandes.3526.3526@exemplo.com,N/A,N/A
ID03527,Nicolas Souza 3527,nicolas.souza.3527.3527@exemplo.com,N/A,N/A
ID03528,Lucas Ribeiro 3528,lucas.ribeiro.3528.3528@exemplo.com,N/A,N/A
ID03529,Paulo Silva 3529,paulo.silva.3529.3529@exemplo.com,127.946.151-73,(11) 97946151
ID03530,Rodrigo Dias 3530,rodrigo.dias.3530.3530@exemplo.com,127.954.070-10,(11) 97954070
ID03531,Victor Oliveira 3531,victor.oliveira.3531.3531@exemplo.com,N/A,N/A
ID03532,William Nunes 3532,william.nunes.3532.3532@exemplo.com,127.969.908-84,(11) 97969908
ID03533,Paulo Araujo 3533,paulo.araujo.3533.3533@exemplo.com,127.977.827-21,(11) 97977827
ID03534,Isabela Ribeiro 3534,isabela.ribeiro.3534.3534@exemplo.com,N/A,N/A
ID03535,Eduardo Souza 3535,eduardo.souza.3535.3535@exemplo.com,N/A,N/A
ID03536,Helena Dias 3536,helena.dias.3536.3536@exemplo.com,N/A,N/A
ID03537,Carlos Silva 3537,carlos.silva.3537.3537@exemplo.com,128.009.503-69,(11) 98009503
ID03538,Rodrigo Santos 3538,rodrigo.santos.3538.3538@exemplo.com,128.017.422-06,(11) 98017422
ID03539,Paulo Carvalho 3539,paulo.carvalho.3539.3539@exemplo.com,128.025.341-43,(11) 98025341
ID03540,Nicolas Pereira 3540,nicolas.pereira.3540.3540@exemplo.com,N/A,N/A
ID03541,Rafael Oliveira 3541,rafael.oliveira.3541.3541@exemplo.com,N/A,N/A
ID03542,Valentina Martins 3542,valentina.martins.3542.3542@exemplo.com,128.049.098-54,(11) 98049098
ID03543,Helena Rodrigues 3543,helena.rodrigues.3543.3543@exemplo.com,128.057.017-91,(11) 98057017
ID03544,Olivia Ribeiro 3544,olivia.ribeiro.3544.3544@exemplo.com,128.064.936-28,(11) 98064936
ID03545,Ana Rodrigues 3545,ana.rodrigues.3545.3545@exemplo.com,128.072.855-65,(11) 98072855
ID03546,Fernanda Barbosa 3546,fernanda.barbosa.3546.3546@exemplo.com,128.080.774-02,(11) 98080774
ID03547,Victor Nascimento 3547,victor.nascimento.3547.3547@exemplo.com,N/A,N/A
ID03548,Juliana Dias 3548,juliana.dias.3548.3548@exemplo.com,N/A,N/A
ID03549,Nicolas Dias 3549,nicolas.dias.3549.3549@exemplo.com,128.104.531-13,(11) 98104531
ID03550,Juliana Lima 3550,juliana.lima.3550.3550@exemplo.com,N/A,N/A
ID03551,Carlos Dias 3551,carlos.dias.3551.3551@exemplo.com,N/A,N/A
ID03552,Nicolas Dias 3552,nicolas.dias.3552.3552@exemplo.com,N/A,N/A
ID03553,Igor Carvalho 3553,igor.carvalho.3553.3553@exemplo.com,128.136.207-61,(11) 98136207
ID03554,Lucas Barbosa 3554,lucas.barbosa.3554.3554@exemplo.com,128.144.126-98,(11) 98144126
ID03555,Vinicius Moura 3555,vinicius.moura.3555.3555@exemplo.com,N/A,N/A
ID03556,Sara Ribeiro 3556,sara.ribeiro.3556.3556@exemplo.com,128.159.964-72,(11) 98159964
ID03557,Paulo Lima 3557,paulo.lima.3557.3557@exemplo.com,128.167.883-09,(11) 98167883
ID03558,Thiago Pereira 3558,thiago.pereira.3558.3558@exemplo.com,128.175.802-46,(11) 98175802
ID03559,Sara Moura 3559,sara.moura.3559.3559@exemplo.com,N/A,N/A
ID03560,Eduardo Rodrigues 3560,eduardo.rodrigues.3560.3560@exemplo.com,128.191.640-20,(11) 98191640
ID03561,Camila Moura 3561,camila.moura.3561.3561@exemplo.com,N/A,N/A
ID03562,Sara Pereira 3562,sara.pereira.3562.3562@exemplo.com,128.207.478-94,(11) 98207478
ID03563,Joao Nascimento 3563,joao.nascimento.3563.3563@exemplo.com,N/A,N/A
ID03564,Rodrigo Dias 3564,rodrigo.dias.3564.3564@exemplo.com,128.223.316-68,(11) 98223316
ID03565,Juliana Silva 3565,juliana.silva.3565.3565@exemplo.com,128.231.235-05,(11) 98231235
ID03566,Daniela Nascimento 3566,daniela.nascimento.3566.3566@exemplo.com,128.239.154-42,(11) 98239154
ID03567,Rodrigo Martins 3567,rodrigo.martins.3567.3567@exemplo.com,128.247.073-79,(11) 98247073
ID03568,Sofia Ribeiro 3568,sofia.ribeiro.3568.3568@exemplo.com,128.254.992-16,(11) 98254992
ID03569,Giovana Nascimento 3569,giovana.nascimento.3569.3569@exemplo.com,128.262.911-53,(11) 98262911
ID03570,Camila Lima 3570,camila.lima.3570.3570@exemplo.com,128.270.830-90,(11) 98270830
ID03571,Carlos Lima 3571,carlos.lima.3571.3571@exemplo.com,N/A,N/A
ID03572,Rafael Teixeira 3572,rafael.teixeira.3572.3572@exemplo.com,N/A,N/A
ID03573,Otavio Lima 3573,otavio.lima.3573.3573@exemplo.com,128.294.587-01,(11) 98294587
ID03574,Thiago Fernandes 3574,thiago.fernandes.3574.3574@exemplo.com,128.302.506-38,(11) 98302506
ID03575,Rafael Moura 3575,rafael.moura.3575.3575@exemplo.com,N/A,N/A
ID03576,Natalia Teixeira 3576,natalia.teixeira.3576.3576@exemplo.com,128.318.344-12,(11) 98318344
ID03577,Larissa Santos 3577,larissa.santos.3577.3577@exemplo.com,N/A,N/A
ID03578,Diego Pereira 3578,diego.pereira.3578.3578@exemplo.com,128.334.182-86,(11) 98334182
ID03579,Bruno Almeida 3579,bruno.almeida.3579.3579@exemplo.com,128.342.101-23,(11) 98342101
ID03580,Olivia Moura 3580,olivia.moura.3580.3580@exemplo.com,128.350.020-60,(11) 98350020
ID03581,Beatriz Ribeiro 3581,beatriz.ribeiro.3581.3581@exemplo.com,128.357.939-97,(11) 98357939
ID03582,Juliana Dias 3582,juliana.dias.3582.3582@exemplo.com,N/A,N/A
ID03583,Patricia Rodrigues 3583,patricia.rodrigues.3583.3583@exemplo.com,128.373.777-71,(11) 98373777
ID03584,Patricia Almeida 3584,patricia.almeida.3584.3584@exemplo.com,128.381.696-08,(11) 98381696
ID03585,Larissa Pereira 3585,larissa.pereira.3585.3585@exemplo.com,N/A,N/A
ID03586,Juliana Nascimento 3586,juliana.nascimento.3586.3586@exemplo.com,N/A,N/A
ID03587,Marcelo Carvalho 3587,marcelo.carvalho.3587.3587@exemplo.com,N/A,N/A
ID03588,Isabela Oliveira 3588,isabela.oliveira.3588.3588@exemplo.com,128.413.372-56,(11) 98413372
ID03589,Beatriz Pereira 3589,beatriz.pereira.3589.3589@exemplo.com,128.421.291-93,(11) 98421291
ID03590,Igor Martins 3590,igor.martins.3590.3590@exemplo.com,128.429.210-30,(11) 98429210
ID03591,Felipe Pereira 3591,felipe.pereira.3591.3591@exemplo.com,N/A,N/A
ID03592,Diego Carvalho 3592,diego.carvalho.3592.3592@exemplo.com,N/A,N/A
ID03593,Natalia Ribeiro 3593,natalia.ribeiro.3593.3593@exemplo.com,128.452.967-41,(11) 98452967
ID03594,Carlos Lima 3594,carlos.lima.3594.3594@exemplo.com,N/A,N/A
ID03595,Larissa Rodrigues 3595,larissa.rodrigues.3595.3595@exemplo.com,N/A,N/A
ID03596,Bruno Fernandes 3596,bruno.fernandes.3596.3596@exemplo.com,N/A,N/A
ID03597,Victor Fernandes 3597,victor.fernandes.3597.3597@exemplo.com,N/A,N/A
ID03598,Igor Barbosa 3598,igor.barbosa.3598.3598@exemplo.com,128.492.562-26,(11) 98492562
ID03599,Valentina Lima 3599,valentina.lima.3599.3599@exemplo.com,128.500.481-63,(11) 98500481
ID03600,Olivia Araujo 3600,olivia.araujo.3600.3600@exemplo.com,N/A,N/A
ID03601,Eduardo Moura 3601,eduardo.moura.3601.3601@exemplo.com,N/A,N/A
ID03602,Ana Nascimento 3602,ana.nascimento.3602.3602@exemplo.com,128.524.238-74,(11) 98524238
ID03603,Bruno Oliveira 3603,bruno.oliveira.3603.3603@exemplo.com,128.532.157-11,(11) 98532157
ID03604,Fernanda Silva 3604,fernanda.silva.3604.3604@exemplo.com,128.540.076-48,(11) 98540076
ID03605,Victor Carvalho 3605,victor.carvalho.3605.3605@exemplo.com,128.547.995-85,(11) 98547995
ID03606,Juliana Costa 3606,juliana.costa.3606.3606@exemplo.com,N/A,N/A
ID03607,Igor Souza 3607,igor.souza.3607.3607@exemplo.com,128.563.833-59,(11) 98563833
ID03608,Carlos Lima 3608,carlos.lima.3608.3608@exemplo.com,N/A,N/A
ID03609,Beatriz Ribeiro 3609,beatriz.ribeiro.3609.3609@exemplo.com,128.579.671-33,(11) 98579671
ID03610,Gabriel Oliveira 3610,gabriel.oliveira.3610.3610@exemplo.com,128.587.590-70,(11) 98587590
ID03611,Felipe Carvalho 3611,felipe.carvalho.3611.3611@exemplo.com,128.595.509-07,(11) 98595509
ID03612,Olivia Gomes 3612,olivia.gomes.3612.3612@exemplo.com,128.603.428-44,(11) 98603428
ID03613,Gabriel Araujo 3613,gabriel.araujo.3613.3613@exemplo.com,N/A,N/A
ID03614,Camila Martins 3614,camila.martins.3614.3614@exemplo.com,128.619.266-18,(11) 98619266
ID03615,Larissa Silva 3615,larissa.silva.3615.3615@exemplo.com,N/A,N/A
ID03616,Bruno Rodrigues 3616,bruno.rodrigues.3616.3616@exemplo.com,128.635.104-92,(11) 98635104
ID03617,Rodrigo Martins 3617,rodrigo.martins.3617.3617@exemplo.com,N/A,N/A
ID03618,Vinicius Silva 3618,vinicius.silva.3618.3618@exemplo.com,N/A,N/A
ID03619,Bruno Barbosa 3619,bruno.barbosa.3619.3619@exemplo.com,128.658.861-03,(11) 98658861
ID03620,Nicolas Souza 3620,nicolas.souza.3620.3620@exemplo.com,128.666.780-40,(11) 98666780
ID03621,Sara Rodrigues 3621,sara.rodrigues.3621.3621@exemplo.com,128.674.699-77,(11) 98674699
ID03622,Igor Martins 3622,igor.martins.3622.3622@exemplo.com,128.682.618-14,(11) 98682618
ID03623,Elisa Ribeiro 3623,elisa.ribeiro.3623.3623@exemplo.com,128.690.537-51,(11) 98690537
ID03624,Eduardo Almeida 3624,eduardo.almeida.3624.3624@exemplo.com,N/A,N/A
ID03625,Gabriel Lima 3625,gabriel.lima.3625.3625@exemplo.com,128.706.375-25,(11) 98706375
ID03626,Mariana Silva 3626,mariana.silva.3626.3626@exemplo.com,N/A,N/A
ID03627,Isabela Lima 3627,isabela.lima.3627.3627@exemplo.com,128.722.213-99,(11) 98722213
ID03628,Beatriz Martins 3628,beatriz.martins.3628.3628@exemplo.com,128.730.132-36,(11) 98730132
ID03629,Juliana Barbosa 3629,juliana.barbosa.3629.3629@exemplo.com,128.738.051-73,(11) 98738051
ID03630,Isabela Martins 3630,isabela.martins.3630.3630@exemplo.com,128.745.970-10,(11) 98745970
ID03631,Isabela Gomes 3631,isabela.gomes.3631.3631@exemplo.com,128.753.889-47,(11) 98753889
ID03632,Victor Martins 3632,victor.martins.3632.3632@exemplo.com,128.761.808-84,(11) 98761808
ID03633,Igor Lima 3633,igor.lima.3633.3633@exemplo.com,128.769.727-21,(11) 98769727
ID03634,Henrique Nascimento 3634,henrique.nascimento.3634.3634@exemplo.com,N/A,N/A
ID03635,Isabela Oliveira 3635,isabela.oliveira.3635.3635@exemplo.com,N/A,N/A
ID03636,Henrique Martins 3636,henrique.martins.3636.3636@exemplo.com,128.793.484-32,(11) 98793484
ID03637,Bruno Fernandes 3637,bruno.fernandes.3637.3637@exemplo.com,128.801.403-69,(11) 98801403
ID03638,Beatriz Lima 3638,beatriz.lima.3638.3638@exemplo.com,128.809.322-06,(11) 98809322
ID03639,Ana Almeida 3639,ana.almeida.3639.3639@exemplo.com,N/A,N/A
ID03640,Paulo Almeida 3640,paulo.almeida.3640.3640@exemplo.com,N/A,N/A
ID03641,Carlos Fernandes 3641,carlos.fernandes.3641.3641@exemplo.com,N/A,N/A
ID03642,Fernanda Teixeira 3642,fernanda.teixeira.3642.3642@exemplo.com,128.840.998-54,(11) 98840998
ID03643,Juliana Ribeiro 3643,juliana.ribeiro.3643.3643@exemplo.com,N/A,N/A
ID03644,Eduardo Santos 3644,eduardo.santos.3644.3644@exemplo.com,128.856.836-28,(11) 98856836
ID03645,Lucas Teixeira 3645,lucas.teixeira.3645.3645@exemplo.com,N/A,N/A
ID03646,Lucas Ribeiro 3646,lucas.ribeiro.3646.3646@exemplo.com,128.872.674-02,(11) 98872674
ID03647,Nicolas Souza 3647,nicolas.souza.3647.3647@exemplo.com,128.880.593-39,(11) 98880593
ID03648,Juliana Costa 3648,juliana.costa.3648.3648@exemplo.com,N/A,N/A
ID03649,Lucas Teixeira 3649,lucas.teixeira.3649.3649@exemplo.com,128.896.431-13,(11) 98896431
ID03650,Daniela Teixeira 3650,daniela.teixeira.3650.3650@exemplo.com,128.904.350-50,(11) 98904350
ID03651,Camila Gomes 3651,camila.gomes.3651.3651@exemplo.com,128.912.269-87,(11) 98912269
ID03652,Carlos Silva 3652,carlos.silva.3652.3652@exemplo.com,128.920.188-24,(11) 98920188
ID03653,Vinicius Gomes 3653,vinicius.gomes.3653.3653@exemplo.com,128.928.107-61,(11) 98928107
ID03654,Patricia Souza 3654,patricia.souza.3654.3654@exemplo.com,128.936.026-98,(11) 98936026
ID03655,Bruno Almeida 3655,bruno.almeida.3655.3655@exemplo.com,N/A,N/A
ID03656,Lucas Santos 3656,lucas.santos.3656.3656@exemplo.com,N/A,N/A
ID03657,Nicolas Souza 3657,nicolas.souza.3657.3657@exemplo.com,N/A,N/A
ID03658,Larissa Carvalho 3658,larissa.carvalho.3658.3658@exemplo.com,128.967.702-46,(11) 98967702
ID03659,Eduardo Souza 3659,eduardo.souza.3659.3659@exemplo.com,N/A,N/A
ID03660,Rodrigo Ribeiro 3660,rodrigo.ribeiro.3660.3660@exemplo.com,N/A,N/A
ID03661,Daniela Oliveira 3661,daniela.oliveira.3661.3661@exemplo.com,N/A,N/A
ID03662,Rodrigo Souza 3662,rodrigo.souza.3662.3662@exemplo.com,128.999.378-94,(11) 98999378
ID03663,Valentina Souza 3663,valentina.souza.3663.3663@exemplo.com,129.007.297-31,(11) 99007297
ID03664,Patricia Costa 3664,patricia.costa.3664.3664@exemplo.com,N/A,N/A
ID03665,Eduardo Ribeiro 3665,eduardo.ribeiro.3665.3665@exemplo.com,N/A,N/A
ID03666,Patricia Carvalho 3666,patricia.carvalho.3666.3666@exemplo.com,N/A,N/A
ID03667,Mariana Carvalho 3667,mariana.carvalho.3667.3667@exemplo.com,129.038.973-79,(11) 99038973
ID03668,Isabela Nascimento 3668,isabela.nascimento.3668.3668@exemplo.com,129.046.892-16,(11) 99046892
ID03669,Yasmin Carvalho 3669,yasmin.carvalho.3669.3669@exemplo.com,N/A,N/A
ID03670,Joao Fernandes 3670,joao.fernandes.3670.3670@exemplo.com,N/A,N/A
ID03671,Natalia Teixeira 3671,natalia.teixeira.3671.3671@exemplo.com,129.070.649-27,(11) 99070649
ID03672,Bruno Moura 3672,bruno.moura.3672.3672@exemplo.com,129.078.568-64,(11) 99078568
ID03673,Felipe Dias 3673,felipe.dias.3673.3673@exemplo.com,N/A,N/A
ID03674,Eduardo Moura 3674,eduardo.moura.3674.3674@exemplo.com,N/A,N/A
ID03675,Ana Gomes 3675,ana.gomes.3675.3675@exemplo.com,129.102.325-75,(11) 99102325
ID03676,Thiago Fernandes 3676,thiago.fernandes.3676.3676@exemplo.com,129.110.244-12,(11) 99110244
ID03677,Mariana Ribeiro 3677,mariana.ribeiro.3677.3677@exemplo.com,N/A,N/A
ID03678,Yasmin Dias 3678,yasmin.dias.3678.3678@exemplo.com,129.126.082-86,(11) 99126082
ID03679,Elisa Ribeiro 3679,elisa.ribeiro.3679.3679@exemplo.com,N/A,N/A
ID03680,Sofia Pereira 3680,sofia.pereira.3680.3680@exemplo.com,N/A,N/A
ID03681,Patricia Teixeira 3681,patricia.teixeira.3681.3681@exemplo.com,N/A,N/A
ID03682,Gabriel Almeida 3682,gabriel.almeida.3682.3682@exemplo.com,N/A,N/A
ID03683,Marcelo Ribeiro 3683,marcelo.ribeiro.3683.3683@exemplo.com,N/A,N/A
ID03684,Otavio Lima 3684,otavio.lima.3684.3684@exemplo.com,N/A,N/A
ID03685,Natalia Rodrigues 3685,natalia.rodrigues.3685.3685@exemplo.com,N/A,N/A
ID03686,Henrique Rodrigues 3686,henrique.rodrigues.3686.3686@exemplo.com,129.189.434-82,(11) 99189434
ID03687,Ana Lima 3687,ana.lima.3687.3687@exemplo.com,129.197.353-19,(11) 99197353
ID03688,Camila Nascimento 3688,camila.nascimento.3688.3688@exemplo.com,N/A,N/A
ID03689,Helena Silva 3689,helena.silva.3689.3689@exemplo.com,129.213.191-93,(11) 99213191
ID03690,Rafael Pereira 3690,rafael.pereira.3690.3690@exemplo.com,N/A,N/A
ID03691,Sara Ribeiro 3691,sara.ribeiro.3691.3691@exemplo.com,129.229.029-67,(11) 99229029
ID03692,Marcelo Oliveira 3692,marcelo.oliveira.3692.3692@exemplo.com,129.236.948-04,(11) 99236948
ID03693,Sara Souza 3693,sara.souza.3693.3693@exemplo.com,N/A,N/A
ID03694,Rafael Souza 3694,rafael.souza.3694.3694@exemplo.com,129.252.786-78,(11) 99252786
ID03695,Sara Moura 3695,sara.moura.3695.3695@exemplo.com,N/A,N/A
ID03696,Juliana Araujo 3696,juliana.araujo.3696.3696@exemplo.com,129.268.624-52,(11) 99268624
ID03697,Vinicius Fernandes 3697,vinicius.fernandes.3697.3697@exemplo.com,129.276.543-89,(11) 99276543
ID03698,Eduardo Barbosa 3698,eduardo.barbosa.3698.3698@exemplo.com,129.284.462-26,(11) 99284462
ID03699,Nicolas Silva 3699,nicolas.silva.3699.3699@exemplo.com,N/A,N/A
ID03700,Ana Rodrigues 3700,ana.rodrigues.3700.3700@exemplo.com,N/A,N/A
ID03701,Eduardo Nascimento 3701,eduardo.nascimento.3701.3701@exemplo.com,129.308.219-37,(11) 99308219
ID03702,Rafael Santos 3702,rafael.santos.3702.3702@exemplo.com,N/A,N/A
ID03703,Lucas Araujo 3703,lucas.araujo.3703.3703@exemplo.com,129.324.057-11,(11) 99324057
ID03704,Sara Teixeira 3704,sara.teixeira.3704.3704@exemplo.com,129.331.976-48,(11) 99331976
ID03705,Mariana Carvalho 3705,mariana.carvalho.3705.3705@exemplo.com,129.339.895-85,(11) 99339895
ID03706,Natalia Barbosa 3706,natalia.barbosa.3706.3706@exemplo.com,N/A,N/A
ID03707,Thiago Araujo 3707,thiago.araujo.3707.3707@exemplo.com,129.355.733-59,(11) 99355733
ID03708,Sara Almeida 3708,sara.almeida.3708.3708@exemplo.com,N/A,N/A
ID03709,Giovana Barbosa 3709,giovana.barbosa.3709.3709@exemplo.com,129.371.571-33,(11) 99371571
ID03710,Helena Moura 3710,helena.moura.3710.3710@exemplo.com,129.379.490-70,(11) 99379490
ID03711,Patricia Araujo 3711,patricia.araujo.3711.3711@exemplo.com,N/A,N/A
ID03712,Olivia Souza 3712,olivia.souza.3712.3712@exemplo.com,129.395.328-44,(11) 99395328
ID03713,Juliana Silva 3713,juliana.silva.3713.3713@exemplo.com,129.403.247-81,(11) 99403247
ID03714,Helena Nascimento 3714,helena.nascimento.3714.3714@exemplo.com,129.411.166-18,(11) 99411166
ID03715,Nicolas Fernandes 3715,nicolas.fernandes.3715.3715@exemplo.com,129.419.085-55,(11) 99419085
ID03716,Felipe Carvalho 3716,felipe.carvalho.3716.3716@exemplo.com,129.427.004-92,(11) 99427004
ID03717,Carlos Teixeira 3717,carlos.teixeira.3717.3717@exemplo.com,129.434.923-29,(11) 99434923
ID03718,Daniela Moura 3718,daniela.moura.3718.3718@exemplo.com,129.442.842-66,(11) 99442842
ID03719,Eduardo Almeida 3719,eduardo.almeida.3719.3719@exemplo.com,129.450.761-03,(11) 99450761
ID03720,Joao Dias 3720,joao.dias.3720.3720@exemplo.com,N/A,N/A
ID03721,Helena Rodrigues 3721,helena.rodrigues.3721.3721@exemplo.com,N/A,N/A
ID03722,Thiago Rodrigues 3722,thiago.rodrigues.3722.3722@exemplo.com,129.474.518-14,(11) 99474518
ID03723,Nicolas Rodrigues 3723,nicolas.rodrigues.3723.3723@exemplo.com,129.482.437-51,(11) 99482437
ID03724,Beatriz Carvalho 3724,beatriz.carvalho.3724.3724@exemplo.com,129.490.356-88,(11) 99490356
ID03725,Henrique Lima 3725,henrique.lima.3725.3725@exemplo.com,N/A,N/A
ID03726,Sara Moura 3726,sara.moura.3726.3726@exemplo.com,129.506.194-62,(11) 99506194
ID03727,Otavio Pereira 3727,otavio.pereira.3727.3727@exemplo.com,129.514.113-99,(11) 99514113
ID03728,Thiago Araujo 3728,thiago.araujo.3728.3728@exemplo.com,129.522.032-36,(11) 99522032
ID03729,Beatriz Santos 3729,beatriz.santos.3729.3729@exemplo.com,129.529.951-73,(11) 99529951
ID03730,Valentina Santos 3730,valentina.santos.3730.3730@exemplo.com,129.537.870-10,(11) 99537870
ID03731,Vinicius Barbosa 3731,vinicius.barbosa.3731.3731@exemplo.com,129.545.789-47,(11) 99545789
ID03732,Natalia Martins 3732,natalia.martins.3732.3732@exemplo.com,129.553.708-84,(11) 99553708
ID03733,Ana Carvalho 3733,ana.carvalho.3733.3733@exemplo.com,129.561.627-21,(11) 99561627
ID03734,Natalia Teixeira 3734,natalia.teixeira.3734.3734@exemplo.com,N/A,N/A
ID03735,Ana Fernandes 3735,ana.fernandes.3735.3735@exemplo.com,N/A,N/A
ID03736,Juliana Souza 3736,juliana.souza.3736.3736@exemplo.com,129.585.384-32,(11) 99585384
ID03737,Elisa Costa 3737,elisa.costa.3737.3737@exemplo.com,N/A,N/A
ID03738,Victor Souza 3738,victor.souza.3738.3738@exemplo.com,N/A,N/A
ID03739,Gabriel Pereira 3739,gabriel.pereira.3739.3739@exemplo.com,N/A,N/A
ID03740,Valentina Gomes 3740,valentina.gomes.3740.3740@exemplo.com,129.617.060-80,(11) 99617060
ID03741,Felipe Rodrigues 3741,felipe.rodrigues.3741.3741@exemplo.com,129.624.979-17,(11) 99624979
ID03742,Sofia Costa 3742,sofia.costa.3742.3742@exemplo.com,N/A,N/A
ID03743,Giovana Costa 3743,giovana.costa.3743.3743@exemplo.com,129.640.817-91,(11) 99640817
ID03744,Nicolas Gomes 3744,nicolas.gomes.3744.3744@exemplo.com,N/A,N/A
ID03745,Natalia Santos 3745,natalia.santos.3745.3745@exemplo.com,129.656.655-65,(11) 99656655
ID03746,Yasmin Lima 3746,yasmin.lima.3746.3746@exemplo.com,N/A,N/A
ID03747,Thiago Araujo 3747,thiago.araujo.3747.3747@exemplo.com,129.672.493-39,(11) 99672493
ID03748,Diego Souza 3748,diego.souza.3748.3748@exemplo.com,129.680.412-76,(11) 99680412
ID03749,Daniela Nascimento 3749,daniela.nascimento.3749.3749@exemplo.com,129.688.331-13,(11) 99688331
ID03750,Nicolas Pereira 3750,nicolas.pereira.3750.3750@exemplo.com,N/A,N/A
ID03751,Fernanda Martins 3751,fernanda.martins.3751.3751@exemplo.com,129.704.169-87,(11) 99704169
ID03752,Mariana Almeida 3752,mariana.almeida.3752.3752@exemplo.com,129.712.088-24,(11) 99712088
ID03753,Felipe Barbosa 3753,felipe.barbosa.3753.3753@exemplo.com,129.720.007-61,(11) 99720007
ID03754,Victor Moura 3754,victor.moura.3754.3754@exemplo.com,129.727.926-98,(11) 99727926
ID03755,Valentina Silva 3755,valentina.silva.3755.3755@exemplo.com,129.735.845-35,(11) 99735845
ID03756,Nicolas Souza 3756,nicolas.souza.3756.3756@exemplo.com,N/A,N/A
ID03757,Patricia Oliveira 3757,patricia.oliveira.3757.3757@exemplo.com,129.751.683-09,(11) 99751683
ID03758,Elisa Martins 3758,elisa.martins.3758.3758@exemplo.com,N/A,N/A
ID03759,Felipe Lima 3759,felipe.lima.3759.3759@exemplo.com,N/A,N/A
ID03760,Henrique Fernandes 3760,henrique.fernandes.3760.3760@exemplo.com,129.775.440-20,(11) 99775440
ID03761,Isabela Dias 3761,isabela.dias.3761.3761@exemplo.com,129.783.359-57,(11) 99783359
ID03762,Diego Carvalho 3762,diego.carvalho.3762.3762@exemplo.com,129.791.278-94,(11) 99791278
ID03763,Rafael Almeida 3763,rafael.almeida.3763.3763@exemplo.com,N/A,N/A
ID03764,Lucas Rodrigues 3764,lucas.rodrigues.3764.3764@exemplo.com,129.807.116-68,(11) 99807116
ID03765,Thiago Nascimento 3765,thiago.nascimento.3765.3765@exemplo.com,129.815.035-05,(11) 99815035
ID03766,Otavio Nascimento 3766,otavio.nascimento.3766.3766@exemplo.com,129.822.954-42,(11) 99822954
ID03767,Sofia Dias 3767,sofia.dias.3767.3767@exemplo.com,129.830.873-79,(11) 99830873
ID03768,Olivia Souza 3768,olivia.souza.3768.3768@exemplo.com,N/A,N/A
ID03769,Rodrigo Almeida 3769,rodrigo.almeida.3769.3769@exemplo.com,129.846.711-53,(11) 99846711
ID03770,Paulo Araujo 3770,paulo.araujo.3770.3770@exemplo.com,129.854.630-90,(11) 99854630
ID03771,Ana Costa 3771,ana.costa.3771.3771@exemplo.com,129.862.549-27,(11) 99862549
ID03772,Diego Souza 3772,diego.souza.3772.3772@exemplo.com,129.870.468-64,(11) 99870468
ID03773,Elisa Souza 3773,elisa.souza.3773.3773@exemplo.com,N/A,N/A
ID03774,Helena Santos 3774,helena.santos.3774.3774@exemplo.com,129.886.306-38,(11) 99886306
ID03775,Diego Carvalho 3775,diego.carvalho.3775.3775@exemplo.com,129.894.225-75,(11) 99894225
ID03776,Sofia Costa 3776,sofia.costa.3776.3776@exemplo.com,N/A,N/A
ID03777,Sofia Fernandes 3777,sofia.fernandes.3777.3777@exemplo.com,129.910.063-49,(11) 99910063
ID03778,Sara Ribeiro 3778,sara.ribeiro.3778.3778@exemplo.com,N/A,N/A
ID03779,Joao Fernandes 3779,joao.fernandes.3779.3779@exemplo.com,N/A,N/A
ID03780,Giovana Dias 3780,giovana.dias.3780.3780@exemplo.com,129.933.820-60,(11) 99933820
ID03781,Otavio Nascimento 3781,otavio.nascimento.3781.3781@exemplo.com,N/A,N/A
ID03782,Sofia Ribeiro 3782,sofia.ribeiro.3782.3782@exemplo.com,N/A,N/A
ID03783,Valentina Rodrigues 3783,valentina.rodrigues.3783.3783@exemplo.com,129.957.577-71,(11) 99957577
ID03784,Paulo Pereira 3784,paulo.pereira.3784.3784@exemplo.com,129.965.496-08,(11) 99965496
ID03785,Beatriz Oliveira 3785,beatriz.oliveira.3785.3785@exemplo.com,N/A,N/A
ID03786,Giovana Barbosa 3786,giovana.barbosa.3786.3786@exemplo.com,129.981.334-82,(11) 99981334
ID03787,Rafael Oliveira 3787,rafael.oliveira.3787.3787@exemplo.com,N/A,N/A
ID03788,Camila Souza 3788,camila.souza.3788.3788@exemplo.com,129.997.172-56,(11) 99997172
ID03789,Gabriel Carvalho 3789,gabriel.carvalho.3789.3789@exemplo.com,130.005.091-93,(11) 90005091
ID03790,Igor Souza 3790,igor.souza.3790.3790@exemplo.com,130.013.010-30,(11) 90013010
ID03791,Mariana Dias 3791,mariana.dias.3791.3791@exemplo.com,N/A,N/A
ID03792,Sofia Fernandes 3792,sofia.fernandes.3792.3792@exemplo.com,130.028.848-04,(11) 90028848
ID03793,Nicolas Souza 3793,nicolas.souza.3793.3793@exemplo.com,N/A,N/A
ID03794,Sara Carvalho 3794,sara.carvalho.3794.3794@exemplo.com,N/A,N/A
ID03795,Valentina Nascimento 3795,valentina.nascimento.3795.3795@exemplo.com,130.052.605-15,(11) 90052605
ID03796,Igor Souza 3796,igor.souza.3796.3796@exemplo.com,N/A,N/A
ID03797,Henrique Nascimento 3797,henrique.nascimento.3797.3797@exemplo.com,N/A,N/A
ID03798,Paulo Lima 3798,paulo.lima.3798.3798@exemplo.com,130.076.362-26,(11) 90076362
ID03799,Natalia Santos 3799,natalia.santos.3799.3799@exemplo.com,130.084.281-63,(11) 90084281
ID03800,Daniela Dias 3800,daniela.dias.3800.3800@exemplo.com,130.092.200-00,(11) 90092200
ID03801,Gabriel Fernandes 3801,gabriel.fernandes.3801.3801@exemplo.com,130.100.119-37,(11) 90100119
ID03802,Igor Dias 3802,igor.dias.3802.3802@exemplo.com,130.108.038-74,(11) 90108038
ID03803,Patricia Nascimento 3803,patricia.nascimento.3803.3803@exemplo.com,N/A,N/A
ID03804,Diego Araujo 3804,diego.araujo.3804.3804@exemplo.com,N/A,N/A
ID03805,Rafael Dias 3805,rafael.dias.3805.3805@exemplo.com,130.131.795-85,(11) 90131795
ID03806,Rafael Pereira 3806,rafael.pereira.3806.3806@exemplo.com,N/A,N/A
ID03807,Vanessa Dias 3807,vanessa.dias.3807.3807@exemplo.com,N/A,N/A
ID03808,Giovana Gomes 3808,giovana.gomes.3808.3808@exemplo.com,130.155.552-96,(11) 90155552
ID03809,Victor Oliveira 3809,victor.oliveira.3809.3809@exemplo.com,N/A,N/A
ID03810,Beatriz Nascimento 3810,beatriz.nascimento.3810.3810@exemplo.com,N/A,N/A
ID03811,Marcelo Martins 3811,marcelo.martins.3811.3811@exemplo.com,N/A,N/A
ID03812,Nicolas Rodrigues 3812,nicolas.rodrigues.3812.3812@exemplo.com,130.187.228-44,(11) 90187228
ID03813,Beatriz Costa 3813,beatriz.costa.3813.3813@exemplo.com,130.195.147-81,(11) 90195147
ID03814,Igor Ribeiro 3814,igor.ribeiro.3814.3814@exemplo.com,130.203.066-18,(11) 90203066
ID03815,Sara Costa 3815,sara.costa.3815.3815@exemplo.com,130.210.985-55,(11) 90210985
ID03816,Rodrigo Santos 3816,rodrigo.santos.3816.3816@exemplo.com,N/A,N/A
ID03817,Henrique Fernandes 3817,henrique.fernandes.3817.3817@exemplo.com,N/A,N/A
ID03818,Juliana Fernandes 3818,juliana.fernandes.3818.3818@exemplo.com,130.234.742-66,(11) 90234742
ID03819,Mariana Pereira 3819,mariana.pereira.3819.3819@exemplo.com,130.242.661-03,(11) 90242661
ID03820,Lucas Ribeiro 3820,lucas.ribeiro.3820.3820@exemplo.com,N/A,N/A
ID03821,Nicolas Lima 3821,nicolas.lima.3821.3821@exemplo.com,130.258.499-77,(11) 90258499
ID03822,Isabela Almeida 3822,isabela.almeida.3822.3822@exemplo.com,130.266.418-14,(11) 90266418
ID03823,Eduardo Moura 3823,eduardo.moura.3823.3823@exemplo.com,130.274.337-51,(11) 90274337
ID03824,Carlos Santos 3824,carlos.santos.3824.3824@exemplo.com,130.282.256-88,(11) 90282256
ID03825,Thiago Pereira 3825,thiago.pereira.3825.3825@exemplo.com,130.290.175-25,(11) 90290175
ID03826,Sofia Ribeiro 3826,sofia.ribeiro.3826.3826@exemplo.com,130.298.094-62,(11) 90298094
ID03827,Patricia Ribeiro 3827,patricia.ribeiro.3827.3827@exemplo.com,N/A,N/A
ID03828,Camila Lima 3828,camila.lima.3828.3828@exemplo.com,130.313.932-36,(11) 90313932
ID03829,Yasmin Silva 3829,yasmin.silva.3829.3829@exemplo.com,N/A,N/A
ID03830,Valentina Martins 3830,valentina.martins.3830.3830@exemplo.com,130.329.770-10,(11) 90329770
ID03831,Rodrigo Araujo 3831,rodrigo.araujo.3831.3831@exemplo.com,130.337.689-47,(11) 90337689
ID03832,Victor Lima 3832,victor.lima.3832.3832@exemplo.com,N/A,N/A
ID03833,Beatriz Pereira 3833,beatriz.pereira.3833.3833@exemplo.com,130.353.527-21,(11) 90353527
ID03834,Valentina Oliveira 3834,valentina.oliveira.3834.3834@exemplo.com,N/A,N/A
ID03835,Carlos Nascimento 3835,carlos.nascimento.3835.3835@exemplo.com,130.369.365-95,(11) 90369365
ID03836,Henrique Teixeira 3836,henrique.teixeira.3836.3836@exemplo.com,N/A,N/A
ID03837,Felipe Martins 3837,felipe.martins.3837.3837@exemplo.com,N/A,N/A
ID03838,Mariana Nascimento 3838,mariana.nascimento.3838.3838@exemplo.com,130.393.122-06,(11) 90393122
ID03839,Helena Almeida 3839,helena.almeida.3839.3839@exemplo.com,130.401.041-43,(11) 90401041
ID03840,Ana Martins 3840,ana.martins.3840.3840@exemplo.com,130.408.960-80,(11) 90408960
ID03841,Olivia Lima 3841,olivia.lima.3841.3841@exemplo.com,130.416.879-17,(11) 90416879
ID03842,Helena Costa 3842,helena.costa.3842.3842@exemplo.com,130.424.798-54,(11) 90424798
ID03843,Eduardo Souza 3843,eduardo.souza.3843.3843@exemplo.com,130.432.717-91,(11) 90432717
ID03844,Victor Teixeira 3844,victor.teixeira.3844.3844@exemplo.com,130.440.636-28,(11) 90440636
ID03845,Elisa Moura 3845,elisa.moura.3845.3845@exemplo.com,130.448.555-65,(11) 90448555
ID03846,Marcelo Costa 3846,marcelo.costa.3846.3846@exemplo.com,130.456.474-02,(11) 90456474
ID03847,Helena Souza 3847,helena.souza.3847.3847@exemplo.com,N/A,N/A
ID03848,Olivia Pereira 3848,olivia.pereira.3848.3848@exemplo.com,N/A,N/A
ID03849,Larissa Gomes 3849,larissa.gomes.3849.3849@exemplo.com,N/A,N/A
ID03850,Bruno Fernandes 3850,bruno.fernandes.3850.3850@exemplo.com,130.488.150-50,(11) 90488150
ID03851,Bruno Carvalho 3851,bruno.carvalho.3851.3851@exemplo.com,130.496.069-87,(11) 90496069
ID03852,Nicolas Silva 3852,nicolas.silva.3852.3852@exemplo.com,130.503.988-24,(11) 90503988
ID03853,Daniela Nascimento 3853,daniela.nascimento.3853.3853@exemplo.com,130.511.907-61,(11) 90511907
ID03854,Sara Moura 3854,sara.moura.3854.3854@exemplo.com,N/A,N/A
ID03855,Sofia Carvalho 3855,sofia.carvalho.3855.3855@exemplo.com,130.527.745-35,(11) 90527745
ID03856,Isabela Teixeira 3856,isabela.teixeira.3856.3856@exemplo.com,130.535.664-72,(11) 90535664
ID03857,Natalia Souza 3857,natalia.souza.3857.3857@exemplo.com,N/A,N/A
ID03858,Mariana Dias 3858,mariana.dias.3858.3858@exemplo.com,130.551.502-46,(11) 90551502
ID03859,Nicolas Moura 3859,nicolas.moura.3859.3859@exemplo.com,N/A,N/A
ID03860,Giovana Rodrigues 3860,giovana.rodrigues.3860.3860@exemplo.com,130.567.340-20,(11) 90567340
ID03861,Vinicius Costa 3861,vinicius.costa.3861.3861@exemplo.com,130.575.259-57,(11) 90575259
ID03862,Beatriz Ribeiro 3862,beatriz.ribeiro.3862.3862@exemplo.com,130.583.178-94,(11) 90583178
ID03863,Henrique Teixeira 3863,henrique.teixeira.3863.3863@exemplo.com,130.591.097-31,(11) 90591097
ID03864,Sofia Pereira 3864,sofia.pereira.3864.3864@exemplo.com,130.599.016-68,(11) 90599016
ID03865,Olivia Rodrigues 3865,olivia.rodrigues.3865.3865@exemplo.com,N/A,N/A
ID03866,Sara Gomes 3866,sara.gomes.3866.3866@exemplo.com,N/A,N/A
ID03867,Rodrigo Santos 3867,rodrigo.santos.3867.3867@exemplo.com,130.622.773-79,(11) 90622773
ID03868,Nicolas Fernandes 3868,nicolas.fernandes.3868.3868@exemplo.com,N/A,N/A
ID03869,Felipe Nascimento 3869,felipe.nascimento.3869.3869@exemplo.com,130.638.611-53,(11) 90638611
ID03870,Sara Ribeiro 3870,sara.ribeiro.3870.3870@exemplo.com,130.646.530-90,(11) 90646530
ID03871,Marcelo Fernandes 3871,marcelo.fernandes.3871.3871@exemplo.com,130.654.449-27,(11) 90654449
ID03872,Mariana Pereira 3872,mariana.pereira.3872.3872@exemplo.com,130.662.368-64,(11) 90662368
ID03873,Sofia Ribeiro 3873,sofia.ribeiro.3873.3873@exemplo.com,N/A,N/A
ID03874,Fernanda Oliveira 3874,fernanda.oliveira.3874.3874@exemplo.com,N/A,N/A
ID03875,Bruno Costa 3875,bruno.costa.3875.3875@exemplo.com,130.686.125-75,(11) 90686125
ID03876,Bruno Silva 3876,bruno.silva.3876.3876@exemplo.com,130.694.044-12,(11) 90694044
ID03877,Mariana Gomes 3877,mariana.gomes.3877.3877@exemplo.com,130.701.963-49,(11) 90701963
ID03878,Paulo Costa 3878,paulo.costa.3878.3878@exemplo.com,N/A,N/A
ID03879,Rafael Ribeiro 3879,rafael.ribeiro.3879.3879@exemplo.com,N/A,N/A
ID03880,Otavio Teixeira 3880,otavio.teixeira.3880.3880@exemplo.com,130.725.720-60,(11) 90725720
ID03881,Isabela Dias 3881,isabela.dias.3881.3881@exemplo.com,N/A,N/A
ID03882,Sara Rodrigues 3882,sara.rodrigues.3882.3882@exemplo.com,N/A,N/A
ID03883,Carlos Pereira 3883,carlos.pereira.3883.3883@exemplo.com,130.749.477-71,(11) 90749477
ID03884,Fernanda Barbosa 3884,fernanda.barbosa.3884.3884@exemplo.com,N/A,N/A
ID03885,Vinicius Pereira 3885,vinicius.pereira.3885.3885@exemplo.com,130.765.315-45,(11) 90765315
ID03886,Joao Rodrigues 3886,joao.rodrigues.3886.3886@exemplo.com,130.773.234-82,(11) 90773234
ID03887,Lucas Araujo 3887,lucas.araujo.3887.3887@exemplo.com,N/A,N/A
ID03888,Bruno Dias 3888,bruno.dias.3888.3888@exemplo.com,130.789.072-56,(11) 90789072
ID03889,Patricia Lima 3889,patricia.lima.3889.3889@exemplo.com,130.796.991-93,(11) 90796991
ID03890,Elisa Santos 3890,elisa.santos.3890.3890@exemplo.com,130.804.910-30,(11) 90804910
ID03891,Valentina Souza 3891,valentina.souza.3891.3891@exemplo.com,130.812.829-67,(11) 90812829
ID03892,Larissa Dias 3892,larissa.dias.3892.3892@exemplo.com,130.820.748-04,(11) 90820748
ID03893,Valentina Gomes 3893,valentina.gomes.3893.3893@exemplo.com,N/A,N/A
ID03894,Olivia Lima 3894,olivia.lima.3894.3894@exemplo.com,N/A,N/A
ID03895,Joao Martins 3895,joao.martins.3895.3895@exemplo.com,N/A,N/A
ID03896,Vinicius Barbosa 3896,vinicius.barbosa.3896.3896@exemplo.com,N/A,N/A
ID03897,Thiago Nascimento 3897,thiago.nascimento.3897.3897@exemplo.com,130.860.343-89,(11) 90860343
ID03898,Giovana Pereira 3898,giovana.pereira.3898.3898@exemplo.com,130.868.262-26,(11) 90868262
ID03899,Helena Gomes 3899,helena.gomes.3899.3899@exemplo.com,130.876.181-63,(11) 90876181
ID03900,Sofia Ribeiro 3900,sofia.ribeiro.3900.3900@exemplo.com,N/A,N/A
ID03901,Daniela Silva 3901,daniela.silva.3901.3901@exemplo.com,N/A,N/A
ID03902,Juliana Araujo 3902,juliana.araujo.3902.3902@exemplo.com,130.899.938-74,(11) 90899938
ID03903,Valentina Rodrigues 3903,valentina.rodrigues.3903.3903@exemplo.com,130.907.857-11,(11) 90907857
ID03904,Joao Nascimento 3904,joao.nascimento.3904.3904@exemplo.com,130.915.776-48,(11) 90915776
ID03905,Juliana Silva 3905,juliana.silva.3905.3905@exemplo.com,130.923.695-85,(11) 90923695
ID03906,Marcelo Martins 3906,marcelo.martins.3906.3906@exemplo.com,130.931.614-22,(11) 90931614
ID03907,Beatriz Ribeiro 3907,beatriz.ribeiro.3907.3907@exemplo.com,N/A,N/A
ID03908,Nicolas Martins 3908,nicolas.martins.3908.3908@exemplo.com,130.947.452-96,(11) 90947452
ID03909,Marcelo Nascimento 3909,marcelo.nascimento.3909.3909@exemplo.com,130.955.371-33,(11) 90955371
ID03910,Henrique Moura 3910,henrique.moura.3910.3910@exemplo.com,N/A,N/A
ID03911,Juliana Fernandes 3911,juliana.fernandes.3911.3911@exemplo.com,130.971.209-07,(11) 90971209
ID03912,Mariana Almeida 3912,mariana.almeida.3912.3912@exemplo.com,N/A,N/A
ID03913,Gabriel Pereira 3913,gabriel.pereira.3913.3913@exemplo.com,130.987.047-81,(11) 90987047
ID03914,Sofia Ribeiro 3914,sofia.ribeiro.3914.3914@exemplo.com,N/A,N/A
ID03915,Diego Martins 3915,diego.martins.3915.3915@exemplo.com,131.002.885-55,(11) 91002885
ID03916,Olivia Fernandes 3916,olivia.fernandes.3916.3916@exemplo.com,131.010.804-92,(11) 91010804
ID03917,Helena Nascimento 3917,helena.nascimento.3917.3917@exemplo.com,N/A,N/A
ID03918,Sara Souza 3918,sara.souza.3918.3918@exemplo.com,131.026.642-66,(11) 91026642
ID03919,Juliana Nascimento 3919,juliana.nascimento.3919.3919@exemplo.com,N/A,N/A
ID03920,Carlos Barbosa 3920,carlos.barbosa.3920.3920@exemplo.com,131.042.480-40,(11) 91042480
ID03921,Fernanda Barbosa 3921,fernanda.barbosa.3921.3921@exemplo.com,N/A,N/A
ID03922,Marcelo Almeida 3922,marcelo.almeida.3922.3922@exemplo.com,131.058.318-14,(11) 91058318
ID03923,Fernanda Araujo 3923,fernanda.araujo.3923.3923@exemplo.com,131.066.237-51,(11) 91066237
ID03924,Larissa Fernandes 3924,larissa.fernandes.3924.3924@exemplo.com,131.074.156-88,(11) 91074156
ID03925,Rafael Souza 3925,rafael.souza.3925.3925@exemplo.com,131.082.075-25,(11) 91082075
ID03926,Otavio Gomes 3926,otavio.gomes.3926.3926@exemplo.com,131.089.994-62,(11) 91089994
ID03927,Nicolas Silva 3927,nicolas.silva.3927.3927@exemplo.com,N/A,N/A
ID03928,Valentina Almeida 3928,valentina.almeida.3928.3928@exemplo.com,131.105.832-36,(11) 91105832
ID03929,Olivia Martins 3929,olivia.martins.3929.3929@exemplo.com,131.113.751-73,(11) 91113751
ID03930,Larissa Oliveira 3930,larissa.oliveira.3930.3930@exemplo.com,131.121.670-10,(11) 91121670
ID03931,Sara Costa 3931,sara.costa.3931.3931@exemplo.com,131.129.589-47,(11) 91129589
ID03932,Igor Costa 3932,igor.costa.3932.3932@exemplo.com,131.137.508-84,(11) 91137508
ID03933,Otavio Silva 3933,otavio.silva.3933.3933@exemplo.com,131.145.427-21,(11) 91145427
ID03934,Yasmin Moura 3934,yasmin.moura.3934.3934@exemplo.com,N/A,N/A
ID03935,Elisa Lima 3935,elisa.lima.3935.3935@exemplo.com,131.161.265-95,(11) 91161265
ID03936,Felipe Nascimento 3936,felipe.nascimento.3936.3936@exemplo.com,131.169.184-32,(11) 91169184
ID03937,Joao Santos 3937,joao.santos.3937.3937@exemplo.com,131.177.103-69,(11) 91177103
ID03938,Nicolas Souza 3938,nicolas.souza.3938.3938@exemplo.com,131.185.022-06,(11) 91185022
ID03939,Diego Santos 3939,diego.santos.3939.3939@exemplo.com,N/A,N/A
ID03940,Daniela Teixeira 3940,daniela.teixeira.3940.3940@exemplo.com,131.200.860-80,(11) 91200860
ID03941,Patricia Fernandes 3941,patricia.fernandes.3941.3941@exemplo.com,131.208.779-17,(11) 91208779
ID03942,Nicolas Silva 3942,nicolas.silva.3942.3942@exemplo.com,N/A,N/A
ID03943,Igor Ribeiro 3943,igor.ribeiro.3943.3943@exemplo.com,131.224.617-91,(11) 91224617
ID03944,Felipe Nascimento 3944,felipe.nascimento.3944.3944@exemplo.com,131.232.536-28,(11) 91232536
ID03945,Mariana Carvalho 3945,mariana.carvalho.3945.3945@exemplo.com,N/A,N/A
ID03946,Valentina Costa 3946,valentina.costa.3946.3946@exemplo.com,131.248.374-02,(11) 91248374
ID03947,Henrique Fernandes 3947,henrique.fernandes.3947.3947@exemplo.com,131.256.293-39,(11) 91256293
ID03948,Olivia Ribeiro 3948,olivia.ribeiro.3948.3948@exemplo.com,131.264.212-76,(11) 91264212
ID03949,Daniela Souza 3949,daniela.souza.3949.3949@exemplo.com,131.272.131-13,(11) 91272131
ID03950,Larissa Pereira 3950,larissa.pereira.3950.3950@exemplo.com,131.280.050-50,(11) 91280050
ID03951,Otavio Almeida 3951,otavio.almeida.3951.3951@exemplo.com,131.287.969-87,(11) 91287969
ID03952,Isabela Moura 3952,isabela.moura.3952.3952@exemplo.com,N/A,N/A
ID03953,Valentina Oliveira 3953,valentina.oliveira.3953.3953@exemplo.com,131.303.807-61,(11) 91303807
ID03954,Carlos Souza 3954,carlos.souza.3954.3954@exemplo.com,N/A,N/A
ID03955,Ana Fernandes 3955,ana.fernandes.3955.3955@exemplo.com,131.319.645-35,(11) 91319645
ID03956,Paulo Carvalho 3956,paulo.carvalho.3956.3956@exemplo.com,131.327.564-72,(11) 91327564
ID03957,Vinicius Pereira 3957,vinicius.pereira.3957.3957@exemplo.com,131.335.483-09,(11) 91335483
ID03958,Thiago Teixeira 3958,thiago.teixeira.3958.3958@exemplo.com,131.343.402-46,(11) 91343402
ID03959,Nicolas Lima 3959,nicolas.lima.3959.3959@exemplo.com,131.351.321-83,(11) 91351321
ID03960,Beatriz Pereira 3960,beatriz.pereira.3960.3960@exemplo.com,N/A,N/A
ID03961,Patricia Ribeiro 3961,patricia.ribeiro.3961.3961@exemplo.com,131.367.159-57,(11) 91367159
ID03962,Thiago Ribeiro 3962,thiago.ribeiro.3962.3962@exemplo.com,N/A,N/A
ID03963,Victor Nascimento 3963,victor.nascimento.3963.3963@exemplo.com,131.382.997-31,(11) 91382997
ID03964,Rodrigo Pereira 3964,rodrigo.pereira.3964.3964@exemplo.com,131.390.916-68,(11) 91390916
ID03965,Eduardo Souza 3965,eduardo.souza.3965.3965@exemplo.com,131.398.835-05,(11) 91398835
ID03966,Thiago Rodrigues 3966,thiago.rodrigues.3966.3966@exemplo.com,N/A,N/A
ID03967,Otavio Teixeira 3967,otavio.teixeira.3967.3967@exemplo.com,N/A,N/A
ID03968,Vinicius Fernandes 3968,vinicius.fernandes.3968.3968@exemplo.com,131.422.592-16,(11) 91422592
ID03969,Eduardo Souza 3969,eduardo.souza.3969.3969@exemplo.com,131.430.511-53,(11) 91430511
ID03970,Patricia Oliveira 3970,patricia.oliveira.3970.3970@exemplo.com,131.438.430-90,(11) 91438430
ID03971,Giovana Carvalho 3971,giovana.carvalho.3971.3971@exemplo.com,131.446.349-27,(11) 91446349
ID03972,Camila Dias 3972,camila.dias.3972.3972@exemplo.com,131.454.268-64,(11) 91454268
ID03973,Lucas Araujo 3973,lucas.araujo.3973.3973@exemplo.com,131.462.187-01,(11) 91462187
ID03974,Ana Costa 3974,ana.costa.3974.3974@exemplo.com,N/A,N/A
ID03975,Giovana Oliveira 3975,giovana.oliveira.3975.3975@exemplo.com,N/A,N/A
ID03976,Diego Fernandes 3976,diego.fernandes.3976.3976@exemplo.com,131.485.944-12,(11) 91485944
ID03977,Nicolas Moura 3977,nicolas.moura.3977.3977@exemplo.com,131.493.863-49,(11) 91493863
ID03978,Larissa Oliveira 3978,larissa.oliveira.3978.3978@exemplo.com,131.501.782-86,(11) 91501782
ID03979,Gabriel Fernandes 3979,gabriel.fernandes.3979.3979@exemplo.com,131.509.701-23,(11) 91509701
ID03980,Rodrigo Martins 3980,rodrigo.martins.3980.3980@exemplo.com,131.517.620-60,(11) 91517620
ID03981,Isabela Nascimento 3981,isabela.nascimento.3981.3981@exemplo.com,131.525.539-97,(11) 91525539
ID03982,Giovana Oliveira 3982,giovana.oliveira.3982.3982@exemplo.com,131.533.458-34,(11) 91533458
ID03983,Valentina Araujo 3983,valentina.araujo.3983.3983@exemplo.com,N/A,N/A
ID03984,Sofia Dias 3984,sofia.dias.3984.3984@exemplo.com,131.549.296-08,(11) 91549296
ID03985,Nicolas Pereira 3985,nicolas.pereira.3985.3985@exemplo.com,131.557.215-45,(11) 91557215
ID03986,Patricia Dias 3986,patricia.dias.3986.3986@exemplo.com,131.565.134-82,(11) 91565134
ID03987,Valentina Ribeiro 3987,valentina.ribeiro.3987.3987@exemplo.com,131.573.053-19,(11) 91573053
ID03988,Victor Almeida 3988,victor.almeida.3988.3988@exemplo.com,131.580.972-56,(11) 91580972
ID03989,Ana Oliveira 3989,ana.oliveira.3989.3989@exemplo.com,131.588.891-93,(11) 91588891
ID03990,Natalia Gomes 3990,natalia.gomes.3990.3990@exemplo.com,131.596.810-30,(11) 91596810
ID03991,Paulo Moura 3991,paulo.moura.3991.3991@exemplo.com,N/A,N/A
ID03992,Thiago Pereira 3992,thiago.pereira.3992.3992@exemplo.com,131.612.648-04,(11) 91612648
ID03993,Carlos Nascimento 3993,carlos.nascimento.3993.3993@exemplo.com,N/A,N/A
ID03994,Bruno Martins 3994,bruno.martins.3994.3994@exemplo.com,131.628.486-78,(11) 91628486
ID03995,Igor Souza 3995,igor.souza.3995.3995@exemplo.com,N/A,N/A
ID03996,Eduardo Costa 3996,eduardo.costa.3996.3996@exemplo.com,131.644.324-52,(11) 91644324
ID03997,Ana Martins 3997,ana.martins.3997.3997@exemplo.com,131.652.243-89,(11) 91652243
ID03998,Mariana Silva 3998,mariana.silva.3998.3998@exemplo.com,131.660.162-26,(11) 91660162
ID03999,Carlos Dias 3999,carlos.dias.3999.3999@exemplo.com,131.668.081-63,(11) 91668081
ID04000,Carlos Dias 4000,carlos.dias.4000.4000@exemplo.com,131.676.000-00,(11) 91676000
ID04001,Felipe Carvalho 4001,felipe.carvalho.4001.4001@exemplo.com,N/A,N/A
ID04002,Sofia Fernandes 4002,sofia.fernandes.4002.4002@exemplo.com,N/A,N/A
ID04003,Helena Souza 4003,helena.souza.4003.4003@exemplo.com,131.699.757-11,(11) 91699757
ID04004,Lucas Oliveira 4004,lucas.oliveira.4004.4004@exemplo.com,131.707.676-48,(11) 91707676
ID04005,Isabela Rodrigues 4005,isabela.rodrigues.4005.4005@exemplo.com,N/A,N/A
ID04006,Camila Teixeira 4006,camila.teixeira.4006.4006@exemplo.com,131.723.514-22,(11) 91723514
ID04007,Rafael Barbosa 4007,rafael.barbosa.4007.4007@exemplo.com,N/A,N/A
ID04008,Patricia Nascimento 4008,patricia.nascimento.4008.4008@exemplo.com,131.739.352-96,(11) 91739352
ID04009,Carlos Teixeira 4009,carlos.teixeira.4009.4009@exemplo.com,131.747.271-33,(11) 91747271
ID04010,Lucas Carvalho 4010,lucas.carvalho.4010.4010@exemplo.com,N/A,N/A
ID04011,Henrique Costa 4011,henrique.costa.4011.4011@exemplo.com,N/A,N/A
ID04012,Vinicius Oliveira 4012,vinicius.oliveira.4012.4012@exemplo.com,131.771.028-44,(11) 91771028
ID04013,Victor Pereira 4013,victor.pereira.4013.4013@exemplo.com,131.778.947-81,(11) 91778947
ID04014,Isabela Santos 4014,isabela.santos.4014.4014@exemplo.com,131.786.866-18,(11) 91786866
ID04015,Nicolas Dias 4015,nicolas.dias.4015.4015@exemplo.com,N/A,N/A
ID04016,Nicolas Souza 4016,nicolas.souza.4016.4016@exemplo.com,N/A,N/A
ID04017,Bruno Dias 4017,bruno.dias.4017.4017@exemplo.com,131.810.623-29,(11) 91810623
ID04018,Camila Dias 4018,camila.dias.4018.4018@exemplo.com,131.818.542-66,(11) 91818542
ID04019,Valentina Rodrigues 4019,valentina.rodrigues.4019.4019@exemplo.com,131.826.461-03,(11) 91826461
ID04020,Juliana Lima 4020,juliana.lima.4020.4020@exemplo.com,N/A,N/A
ID04021,Vinicius Dias 4021,vinicius.dias.4021.4021@exemplo.com,131.842.299-77,(11) 91842299
ID04022,Rodrigo Teixeira 4022,rodrigo.teixeira.4022.4022@exemplo.com,131.850.218-14,(11) 91850218
ID04023,Patricia Gomes 4023,patricia.gomes.4023.4023@exemplo.com,N/A,N/A
ID04024,Fernanda Costa 4024,fernanda.costa.4024.4024@exemplo.com,131.866.056-88,(11) 91866056
ID04025,Camila Oliveira 4025,camila.oliveira.4025.4025@exemplo.com,131.873.975-25,(11) 91873975
ID04026,Gabriel Carvalho 4026,gabriel.carvalho.4026.4026@exemplo.com,N/A,N/A
ID04027,Yasmin Silva 4027,yasmin.silva.4027.4027@exemplo.com,131.889.813-99,(11) 91889813
ID04028,Patricia Pereira 4028,patricia.pereira.4028.4028@exemplo.com,N/A,N/A
ID04029,Eduardo Rodrigues 4029,eduardo.rodrigues.4029.4029@exemplo.com,131.905.651-73,(11) 91905651
ID04030,Patricia Araujo 4030,patricia.araujo.4030.4030@exemplo.com,131.913.570-10,(11) 91913570
ID04031,Mariana Costa 4031,mariana.costa.4031.4031@exemplo.com,N/A,N/A
ID04032,Gabriel Lima 4032,gabriel.lima.4032.4032@exemplo.com,131.929.408-84,(11) 91929408
ID04033,Lucas Araujo 4033,lucas.araujo.4033.4033@exemplo.com,N/A,N/A
ID04034,Carlos Teixeira 4034,carlos.teixeira.4034.4034@exemplo.com,N/A,N/A
ID04035,Yasmin Souza 4035,yasmin.souza.4035.4035@exemplo.com,131.953.165-95,(11) 91953165
ID04036,Fernanda Barbosa 4036,fernanda.barbosa.4036.4036@exemplo.com,131.961.084-32,(11) 91961084
ID04037,Gabriel Santos 4037,gabriel.santos.4037.4037@exemplo.com,131.969.003-69,(11) 91969003
ID04038,Ana Gomes 4038,ana.gomes.4038.4038@exemplo.com,131.976.922-06,(11) 91976922
ID04039,Patricia Fernandes 4039,patricia.fernandes.4039.4039@exemplo.com,131.984.841-43,(11) 91984841
ID04040,Elisa Santos 4040,elisa.santos.4040.4040@exemplo.com,131.992.760-80,(11) 91992760
ID04041,Beatriz Rodrigues 4041,beatriz.rodrigues.4041.4041@exemplo.com,N/A,N/A
ID04042,Mariana Martins 4042,mariana.martins.4042.4042@exemplo.com,132.008.598-54,(11) 92008598
ID04043,Natalia Costa 4043,natalia.costa.4043.4043@exemplo.com,132.016.517-91,(11) 92016517
ID04044,Vinicius Moura 4044,vinicius.moura.4044.4044@exemplo.com,132.024.436-28,(11) 92024436
ID04045,Fernanda Souza 4045,fernanda.souza.4045.4045@exemplo.com,132.032.355-65,(11) 92032355
ID04046,Nicolas Souza 4046,nicolas.souza.4046.4046@exemplo.com,132.040.274-02,(11) 92040274
ID04047,Natalia Pereira 4047,natalia.pereira.4047.4047@exemplo.com,N/A,N/A
ID04048,Paulo Moura 4048,paulo.moura.4048.4048@exemplo.com,N/A,N/A
ID04049,Sofia Dias 4049,sofia.dias.4049.4049@exemplo.com,N/A,N/A
ID04050,Rodrigo Teixeira 4050,rodrigo.teixeira.4050.4050@exemplo.com,N/A,N/A
ID04051,Juliana Santos 4051,juliana.santos.4051.4051@exemplo.com,N/A,N/A
ID04052,Otavio Ribeiro 4052,otavio.ribeiro.4052.4052@exemplo.com,132.087.788-24,(11) 92087788
ID04053,Rafael Souza 4053,rafael.souza.4053.4053@exemplo.com,N/A,N/A
ID04054,Otavio Dias 4054,otavio.dias.4054.4054@exemplo.com,132.103.626-98,(11) 92103626
ID04055,Igor Teixeira 4055,igor.teixeira.4055.4055@exemplo.com,132.111.545-35,(11) 92111545
ID04056,Beatriz Martins 4056,beatriz.martins.4056.4056@exemplo.com,N/A,N/A
ID04057,Olivia Almeida 4057,olivia.almeida.4057.4057@exemplo.com,N/A,N/A
ID04058,Ana Nascimento 4058,ana.nascimento.4058.4058@exemplo.com,132.135.302-46,(11) 92135302
ID04059,Helena Santos 4059,helena.santos.4059.4059@exemplo.com,N/A,N/A
ID04060,Henrique Pereira 4060,henrique.pereira.4060.4060@exemplo.com,132.151.140-20,(11) 92151140
ID04061,Helena Costa 4061,helena.costa.4061.4061@exemplo.com,132.159.059-57,(11) 92159059
ID04062,Ana Fernandes 4062,ana.fernandes.4062.4062@exemplo.com,132.166.978-94,(11) 92166978
ID04063,Mariana Ribeiro 4063,mariana.ribeiro.4063.4063@exemplo.com,132.174.897-31,(11) 92174897
ID04064,Valentina Rodrigues 4064,valentina.rodrigues.4064.4064@exemplo.com,132.182.816-68,(11) 92182816
ID04065,Paulo Rodrigues 4065,paulo.rodrigues.4065.4065@exemplo.com,132.190.735-05,(11) 92190735
ID04066,Lucas Barbosa 4066,lucas.barbosa.4066.4066@exemplo.com,132.198.654-42,(11) 92198654
ID04067,Igor Barbosa 4067,igor.barbosa.4067.4067@exemplo.com,132.206.573-79,(11) 92206573
ID04068,Sofia Pereira 4068,sofia.pereira.4068.4068@exemplo.com,132.214.492-16,(11) 92214492
ID04069,Paulo Barbosa 4069,paulo.barbosa.4069.4069@exemplo.com,N/A,N/A
ID04070,Yasmin Dias 4070,yasmin.dias.4070.4070@exemplo.com,N/A,N/A
ID04071,Yasmin Lima 4071,yasmin.lima.4071.4071@exemplo.com,N/A,N/A
ID04072,Yasmin Rodrigues 4072,yasmin.rodrigues.4072.4072@exemplo.com,132.246.168-64,(11) 92246168
ID04073,Helena Souza 4073,helena.souza.4073.4073@exemplo.com,132.254.087-01,(11) 92254087
ID04074,Larissa Oliveira 4074,larissa.oliveira.4074.4074@exemplo.com,132.262.006-38,(11) 92262006
ID04075,Isabela Barbosa 4075,isabela.barbosa.4075.4075@exemplo.com,132.269.925-75,(11) 92269925
ID04076,Bruno Costa 4076,bruno.costa.4076.4076@exemplo.com,132.277.844-12,(11) 92277844
ID04077,Ana Fernandes 4077,ana.fernandes.4077.4077@exemplo.com,N/A,N/A
ID04078,Gabriel Araujo 4078,gabriel.araujo.4078.4078@exemplo.com,132.293.682-86,(11) 92293682
ID04079,Gabriel Pereira 4079,gabriel.pereira.4079.4079@exemplo.com,132.301.601-23,(11) 92301601
ID04080,Valentina Almeida 4080,valentina.almeida.4080.4080@exemplo.com,N/A,N/A
ID04081,Valentina Ribeiro 4081,valentina.ribeiro.4081.4081@exemplo.com,N/A,N/A
ID04082,Camila Dias 4082,camila.dias.4082.4082@exemplo.com,N/A,N/A
ID04083,Rafael Oliveira 4083,rafael.oliveira.4083.4083@exemplo.com,N/A,N/A
ID04084,Otavio Costa 4084,otavio.costa.4084.4084@exemplo.com,N/A,N/A
ID04085,Sofia Costa 4085,sofia.costa.4085.4085@exemplo.com,132.349.115-45,(11) 92349115
ID04086,Elisa Araujo 4086,elisa.araujo.4086.4086@exemplo.com,132.357.034-82,(11) 92357034
ID04087,Helena Nascimento 4087,helena.nascimento.4087.4087@exemplo.com,N/A,N/A
ID04088,Gabriel Fernandes 4088,gabriel.fernandes.4088.4088@exemplo.com,N/A,N/A
ID04089,Sofia Souza 4089,sofia.souza.4089.4089@exemplo.com,132.380.791-93,(11) 92380791
ID04090,Juliana Almeida 4090,juliana.almeida.4090.4090@exemplo.com,132.388.710-30,(11) 92388710
ID04091,Larissa Barbosa 4091,larissa.barbosa.4091.4091@exemplo.com,N/A,N/A
ID04092,Elisa Santos 4092,elisa.santos.4092.4092@exemplo.com,132.404.548-04,(11) 92404548
ID04093,Vinicius Souza 4093,vinicius.souza.4093.4093@exemplo.com,132.412.467-41,(11) 92412467
ID04094,Natalia Araujo 4094,natalia.araujo.4094.4094@exemplo.com,N/A,N/A
ID04095,Thiago Martins 4095,thiago.martins.4095.4095@exemplo.com,132.428.305-15,(11) 92428305
ID04096,Valentina Fernandes 4096,valentina.fernandes.4096.4096@exemplo.com,132.436.224-52,(11) 92436224
ID04097,Rafael Moura 4097,rafael.moura.4097.4097@exemplo.com,132.444.143-89,(11) 92444143
ID04098,Giovana Souza 4098,giovana.souza.4098.4098@exemplo.com,132.452.062-26,(11) 92452062
ID04099,Camila Gomes 4099,camila.gomes.4099.4099@exemplo.com,132.459.981-63,(11) 92459981
ID04100,Paulo Silva 4100,paulo.silva.4100.4100@exemplo.com,132.467.900-00,(11) 92467900
ID04101,Carlos Teixeira 4101,carlos.teixeira.4101.4101@exemplo.com,N/A,N/A
ID04102,Paulo Nascimento 4102,paulo.nascimento.4102.4102@exemplo.com,N/A,N/A
ID04103,Juliana Santos 4103,juliana.santos.4103.4103@exemplo.com,N/A,N/A
ID04104,Camila Teixeira 4104,camila.teixeira.4104.4104@exemplo.com,132.499.576-48,(11) 92499576
ID04105,Helena Barbosa 4105,helena.barbosa.4105.4105@exemplo.com,N/A,N/A
ID04106,Rodrigo Barbosa 4106,rodrigo.barbosa.4106.4106@exemplo.com,132.515.414-22,(11) 92515414
ID04107,Bruno Pereira 4107,bruno.pereira.4107.4107@exemplo.com,N/A,N/A
ID04108,Natalia Costa 4108,natalia.costa.4108.4108@exemplo.com,132.531.252-96,(11) 92531252
ID04109,Carlos Dias 4109,carlos.dias.4109.4109@exemplo.com,N/A,N/A
ID04110,Paulo Lima 4110,paulo.lima.4110.4110@exemplo.com,132.547.090-70,(11) 92547090
ID04111,Valentina Teixeira 4111,valentina.teixeira.4111.4111@exemplo.com,132.555.009-07,(11) 92555009
ID04112,Yasmin Costa 4112,yasmin.costa.4112.4112@exemplo.com,132.562.928-44,(11) 92562928
ID04113,Sara Araujo 4113,sara.araujo.4113.4113@exemplo.com,132.570.847-81,(11) 92570847
ID04114,Sofia Moura 4114,sofia.moura.4114.4114@exemplo.com,132.578.766-18,(11) 92578766
ID04115,Thiago Rodrigues 4115,thiago.rodrigues.4115.4115@exemplo.com,132.586.685-55,(11) 92586685
ID04116,Thiago Carvalho 4116,thiago.carvalho.4116.4116@exemplo.com,132.594.604-92,(11) 92594604
ID04117,Natalia Souza 4117,natalia.souza.4117.4117@exemplo.com,N/A,N/A
ID04118,Olivia Pereira 4118,olivia.pereira.4118.4118@exemplo.com,N/A,N/A
ID04119,Juliana Fernandes 4119,juliana.fernandes.4119.4119@exemplo.com,132.618.361-03,(11) 92618361
ID04120,Eduardo Almeida 4120,eduardo.almeida.4120.4120@exemplo.com,132.626.280-40,(11) 92626280
ID04121,Rafael Oliveira 4121,rafael.oliveira.4121.4121@exemplo.com,132.634.199-77,(11) 92634199
ID04122,Victor Lima 4122,victor.lima.4122.4122@exemplo.com,132.642.118-14,(11) 92642118
ID04123,Natalia Rodrigues 4123,natalia.rodrigues.4123.4123@exemplo.com,132.650.037-51,(11) 92650037
ID04124,Sofia Nascimento 4124,sofia.nascimento.4124.4124@exemplo.com,132.657.956-88,(11) 92657956
ID04125,Victor Fernandes 4125,victor.fernandes.4125.4125@exemplo.com,132.665.875-25,(11) 92665875
ID04126,Rodrigo Carvalho 4126,rodrigo.carvalho.4126.4126@exemplo.com,132.673.794-62,(11) 92673794
ID04127,Joao Fernandes 4127,joao.fernandes.4127.4127@exemplo.com,N/A,N/A
ID04128,Camila Moura 4128,camila.moura.4128.4128@exemplo.com,132.689.632-36,(11) 92689632
ID04129,Sara Silva 4129,sara.silva.4129.4129@exemplo.com,132.697.551-73,(11) 92697551
ID04130,Lucas Silva 4130,lucas.silva.4130.4130@exemplo.com,132.705.470-10,(11) 92705470
ID04131,Ana Gomes 4131,ana.gomes.4131.4131@exemplo.com,132.713.389-47,(11) 92713389
ID04132,Larissa Fernandes 4132,larissa.fernandes.4132.4132@exemplo.com,N/A,N/A
ID04133,Isabela Carvalho 4133,isabela.carvalho.4133.4133@exemplo.com,132.729.227-21,(11) 92729227
ID04134,Otavio Martins 4134,otavio.martins.4134.4134@exemplo.com,N/A,N/A
ID04135,Gabriel Araujo 4135,gabriel.araujo.4135.4135@exemplo.com,132.745.065-95,(11) 92745065
ID04136,Rodrigo Fernandes 4136,rodrigo.fernandes.4136.4136@exemplo.com,132.752.984-32,(11) 92752984
ID04137,Valentina Almeida 4137,valentina.almeida.4137.4137@exemplo.com,132.760.903-69,(11) 92760903
ID04138,Nicolas Gomes 4138,nicolas.gomes.4138.4138@exemplo.com,132.768.822-06,(11) 92768822
ID04139,Bruno Martins 4139,bruno.martins.4139.4139@exemplo.com,N/A,N/A
ID04140,Paulo Carvalho 4140,paulo.carvalho.4140.4140@exemplo.com,132.784.660-80,(11) 92784660
ID04141,Patricia Santos 4141,patricia.santos.4141.4141@exemplo.com,132.792.579-17,(11) 92792579
ID04142,Henrique Martins 4142,henrique.martins.4142.4142@exemplo.com,132.800.498-54,(11) 92800498
ID04143,Carlos Barbosa 4143,carlos.barbosa.4143.4143@exemplo.com,132.808.417-91,(11) 92808417
ID04144,Sofia Nascimento 4144,sofia.nascimento.4144.4144@exemplo.com,132.816.336-28,(11) 92816336
ID04145,Elisa Souza 4145,elisa.souza.4145.4145@exemplo.com,132.824.255-65,(11) 92824255
ID04146,Nicolas Costa 4146,nicolas.costa.4146.4146@exemplo.com,N/A,N/A
ID04147,Sara Carvalho 4147,sara.carvalho.4147.4147@exemplo.com,132.840.093-39,(11) 92840093
ID04148,Juliana Teixeira 4148,juliana.teixeira.4148.4148@exemplo.com,N/A,N/A
ID04149,Nicolas Souza 4149,nicolas.souza.4149.4149@exemplo.com,132.855.931-13,(11) 92855931
ID04150,Natalia Martins 4150,natalia.martins.4150.4150@exemplo.com,132.863.850-50,(11) 92863850
ID04151,Diego Martins 4151,diego.martins.4151.4151@exemplo.com,132.871.769-87,(11) 92871769
ID04152,Igor Santos 4152,igor.santos.4152.4152@exemplo.com,N/A,N/A
ID04153,Beatriz Costa 4153,beatriz.costa.4153.4153@exemplo.com,132.887.607-61,(11) 92887607
ID04154,Natalia Fernandes 4154,natalia.fernandes.4154.4154@exemplo.com,132.895.526-98,(11) 92895526
ID04155,Victor Carvalho 4155,victor.carvalho.4155.4155@exemplo.com,132.903.445-35,(11) 92903445
ID04156,Sara Carvalho 4156,sara.carvalho.4156.4156@exemplo.com,132.911.364-72,(11) 92911364
ID04157,Joao Carvalho 4157,joao.carvalho.4157.4157@exemplo.com,N/A,N/A
ID04158,Lucas Carvalho 4158,lucas.carvalho.4158.4158@exemplo.com,N/A,N/A
ID04159,Joao Costa 4159,joao.costa.4159.4159@exemplo.com,132.935.121-83,(11) 92935121
ID04160,Paulo Martins 4160,paulo.martins.4160.4160@exemplo.com,132.943.040-20,(11) 92943040
ID04161,Rafael Santos 4161,rafael.santos.4161.4161@exemplo.com,132.950.959-57,(11) 92950959
ID04162,Rafael Lima 4162,rafael.lima.4162.4162@exemplo.com,132.958.878-94,(11) 92958878
ID04163,Helena Souza 4163,helena.souza.4163.4163@exemplo.com,132.966.797-31,(11) 92966797
ID04164,Sara Almeida 4164,sara.almeida.4164.4164@exemplo.com,N/A,N/A
ID04165,Olivia Oliveira 4165,olivia.oliveira.4165.4165@exemplo.com,132.982.635-05,(11) 92982635
ID04166,Natalia Gomes 4166,natalia.gomes.4166.4166@exemplo.com,132.990.554-42,(11) 92990554
ID04167,Mariana Araujo 4167,mariana.araujo.4167.4167@exemplo.com,N/A,N/A
ID04168,Natalia Gomes 4168,natalia.gomes.4168.4168@exemplo.com,N/A,N/A
ID04169,Joao Costa 4169,joao.costa.4169.4169@exemplo.com,133.014.311-53,(11) 93014311
ID04170,Otavio Santos 4170,otavio.santos.4170.4170@exemplo.com,133.022.230-90,(11) 93022230
ID04171,Paulo Silva 4171,paulo.silva.4171.4171@exemplo.com,N/A,N/A
ID04172,Helena Barbosa 4172,helena.barbosa.4172.4172@exemplo.com,133.038.068-64,(11) 93038068
ID04173,Mariana Pereira 4173,mariana.pereira.4173.4173@exemplo.com,N/A,N/A
ID04174,Isabela Almeida 4174,isabela.almeida.4174.4174@exemplo.com,133.053.906-38,(11) 93053906
ID04175,Sofia Moura 4175,sofia.moura.4175.4175@exemplo.com,133.061.825-75,(11) 93061825
ID04176,Larissa Moura 4176,larissa.moura.4176.4176@exemplo.com,133.069.744-12,(11) 93069744
ID04177,Patricia Ribeiro 4177,patricia.ribeiro.4177.4177@exemplo.com,133.077.663-49,(11) 93077663
ID04178,Igor Fernandes 4178,igor.fernandes.4178.4178@exemplo.com,133.085.582-86,(11) 93085582
ID04179,Carlos Souza 4179,carlos.souza.4179.4179@exemplo.com,133.093.501-23,(11) 93093501
ID04180,Marcelo Barbosa 4180,marcelo.barbosa.4180.4180@exemplo.com,N/A,N/A
ID04181,Eduardo Pereira 4181,eduardo.pereira.4181.4181@exemplo.com,N/A,N/A
ID04182,Daniela Rodrigues 4182,daniela.rodrigues.4182.4182@exemplo.com,133.117.258-34,(11) 93117258
ID04183,Thiago Teixeira 4183,thiago.teixeira.4183.4183@exemplo.com,N/A,N/A
ID04184,Giovana Souza 4184,giovana.souza.4184.4184@exemplo.com,133.133.096-08,(11) 93133096
ID04185,Rafael Carvalho 4185,rafael.carvalho.4185.4185@exemplo.com,133.141.015-45,(11) 93141015
ID04186,Fernanda Araujo 4186,fernanda.araujo.4186.4186@exemplo.com,133.148.934-82,(11) 93148934
ID04187,Sofia Souza 4187,sofia.souza.4187.4187@exemplo.com,133.156.853-19,(11) 93156853
ID04188,Eduardo Rodrigues 4188,eduardo.rodrigues.4188.4188@exemplo.com,133.164.772-56,(11) 93164772
ID04189,Beatriz Lima 4189,beatriz.lima.4189.4189@exemplo.com,N/A,N/A
ID04190,Mariana Costa 4190,mariana.costa.4190.4190@exemplo.com,N/A,N/A
ID04191,Elisa Souza 4191,elisa.souza.4191.4191@exemplo.com,133.188.529-67,(11) 93188529
ID04192,Bruno Nascimento 4192,bruno.nascimento.4192.4192@exemplo.com,133.196.448-04,(11) 93196448
ID04193,Rodrigo Silva 4193,rodrigo.silva.4193.4193@exemplo.com,N/A,N/A
ID04194,Larissa Barbosa 4194,larissa.barbosa.4194.4194@exemplo.com,133.212.286-78,(11) 93212286
ID04195,Sara Souza 4195,sara.souza.4195.4195@exemplo.com,133.220.205-15,(11) 93220205
ID04196,Eduardo Souza 4196,eduardo.souza.4196.4196@exemplo.com,133.228.124-52,(11) 93228124
ID04197,Sara Araujo 4197,sara.araujo.4197.4197@exemplo.com,N/A,N/A
ID04198,Giovana Souza 4198,giovana.souza.4198.4198@exemplo.com,133.243.962-26,(11) 93243962
ID04199,Carlos Almeida 4199,carlos.almeida.4199.4199@exemplo.com,133.251.881-63,(11) 93251881
ID04200,Yasmin Pereira 4200,yasmin.pereira.4200.4200@exemplo.com,133.259.800-00,(11) 93259800
ID04201,Vinicius Araujo 4201,vinicius.araujo.4201.4201@exemplo.com,133.267.719-37,(11) 93267719
ID04202,Sofia Mendes 4202,sofia.mendes.4202.4202@exemplo.com,133.275.638-74,(11) 93275638
ID04203,Patricia Carvalho 4203,patricia.carvalho.4203.4203@exemplo.com,N/A,N/A
ID04204,Henrique Martins 4204,henrique.martins.4204.4204@exemplo.com,N/A,N/A
ID04205,Daniela Nascimento 4205,daniela.nascimento.4205.4205@exemplo.com,133.299.395-85,(11) 93299395
ID04206,Isabela Rodrigues 4206,isabela.rodrigues.4206.4206@exemplo.com,133.307.314-22,(11) 93307314
ID04207,Joao Martins 4207,joao.martins.4207.4207@exemplo.com,133.315.233-59,(11) 93315233
ID04208,Eduardo Souza 4208,eduardo.souza.4208.4208@exemplo.com,133.323.152-96,(11) 93323152
ID04209,Eduardo Moura 4209,eduardo.moura.4209.4209@exemplo.com,133.331.071-33,(11) 93331071
ID04210,Lucas Ribeiro 4210,lucas.ribeiro.4210.4210@exemplo.com,133.338.990-70,(11) 93338990
ID04211,Eduardo Pereira 4211,eduardo.pereira.4211.4211@exemplo.com,N/A,N/A
ID04212,Larissa Almeida 4212,larissa.almeida.4212.4212@exemplo.com,133.354.828-44,(11) 93354828
ID04213,Paulo Fernandes 4213,paulo.fernandes.4213.4213@exemplo.com,133.362.747-81,(11) 93362747
ID04214,Igor Carvalho 4214,igor.carvalho.4214.4214@exemplo.com,133.370.666-18,(11) 93370666
ID04215,Rafael Almeida 4215,rafael.almeida.4215.4215@exemplo.com,133.378.585-55,(11) 93378585
ID04216,Henrique Fernandes 4216,henrique.fernandes.4216.4216@exemplo.com,133.386.504-92,(11) 93386504
ID04217,Fernanda Carvalho 4217,fernanda.carvalho.4217.4217@exemplo.com,133.394.423-29,(11) 93394423
ID04218,Valentina Carvalho 4218,valentina.carvalho.4218.4218@exemplo.com,133.402.342-66,(11) 93402342
ID04219,Rodrigo Silva 4219,rodrigo.silva.4219.4219@exemplo.com,133.410.261-03,(11) 93410261
ID04220,Henrique Lima 4220,henrique.lima.4220.4220@exemplo.com,N/A,N/A
ID04221,Vinicius Oliveira 4221,vinicius.oliveira.4221.4221@exemplo.com,133.426.099-77,(11) 93426099
ID04222,Carlos Silva 4222,carlos.silva.4222.4222@exemplo.com,N/A,N/A
ID04223,Beatriz Martins 4223,beatriz.martins.4223.4223@exemplo.com,N/A,N/A
ID04224,Nicolas Rodrigues 4224,nicolas.rodrigues.4224.4224@exemplo.com,133.449.856-88,(11) 93449856
ID04225,Patricia Rodrigues 4225,patricia.rodrigues.4225.4225@exemplo.com,N/A,N/A
ID04226,Daniela Oliveira 4226,daniela.oliveira.4226.4226@exemplo.com,133.465.694-62,(11) 93465694
ID04227,Olivia Gomes 4227,olivia.gomes.4227.4227@exemplo.com,133.473.613-99,(11) 93473613
ID04228,Paulo Araujo 4228,paulo.araujo.4228.4228@exemplo.com,133.481.532-36,(11) 93481532
ID04229,Beatriz Rodrigues 4229,beatriz.rodrigues.4229.4229@exemplo.com,133.489.451-73,(11) 93489451
ID04230,Olivia Gomes 4230,olivia.gomes.4230.4230@exemplo.com,N/A,N/A
ID04231,Olivia Barbosa 4231,olivia.barbosa.4231.4231@exemplo.com,133.505.289-47,(11) 93505289
ID04232,Helena Barbosa 4232,helena.barbosa.4232.4232@exemplo.com,133.513.208-84,(11) 93513208
ID04233,Carlos Souza 4233,carlos.souza.4233.4233@exemplo.com,133.521.127-21,(11) 93521127
ID04234,Henrique Teixeira 4234,henrique.teixeira.4234.4234@exemplo.com,N/A,N/A
ID04235,Beatriz Pereira 4235,beatriz.pereira.4235.4235@exemplo.com,133.536.965-95,(11) 93536965
ID04236,Helena Moura 4236,helena.moura.4236.4236@exemplo.com,N/A,N/A
ID04237,Natalia Rodrigues 4237,natalia.rodrigues.4237.4237@exemplo.com,133.552.803-69,(11) 93552803
ID04238,Patricia Teixeira 4238,patricia.teixeira.4238.4238@exemplo.com,133.560.722-06,(11) 93560722
ID04239,Otavio Costa 4239,otavio.costa.4239.4239@exemplo.com,N/A,N/A
ID04240,Valentina Almeida 4240,valentina.almeida.4240.4240@exemplo.com,N/A,N/A
ID04241,Valentina Oliveira 4241,valentina.oliveira.4241.4241@exemplo.com,133.584.479-17,(11) 93584479
ID04242,Bruno Nascimento 4242,bruno.nascimento.4242.4242@exemplo.com,N/A,N/A
ID04243,Natalia Pereira 4243,natalia.pereira.4243.4243@exemplo.com,N/A,N/A
ID04244,Giovana Barbosa 4244,giovana.barbosa.4244.4244@exemplo.com,N/A,N/A
ID04245,Valentina Lima 4245,valentina.lima.4245.4245@exemplo.com,133.616.155-65,(11) 93616155
ID04246,Vinicius Nascimento 4246,vinicius.nascimento.4246.4246@exemplo.com,N/A,N/A
ID04247,Thiago Nascimento 4247,thiago.nascimento.4247.4247@exemplo.com,N/A,N/A
ID04248,Sara Carvalho 4248,sara.carvalho.4248.4248@exemplo.com,133.639.912-76,(11) 93639912
ID04249,Rafael Martins 4249,rafael.martins.4249.4249@exemplo.com,N/A,N/A
ID04250,Yasmin Rodrigues 4250,yasmin.rodrigues.4250.4250@exemplo.com,133.655.750-50,(11) 93655750
ID04251,Gabriel Oliveira 4251,gabriel.oliveira.4251.4251@exemplo.com,133.663.669-87,(11) 93663669
ID04252,Otavio Fernandes 4252,otavio.fernandes.4252.4252@exemplo.com,133.671.588-24,(11) 93671588
ID04253,Giovana Barbosa 4253,giovana.barbosa.4253.4253@exemplo.com,N/A,N/A
ID04254,Henrique Barbosa 4254,henrique.barbosa.4254.4254@exemplo.com,133.687.426-98,(11) 93687426
ID04255,Rodrigo Almeida 4255,rodrigo.almeida.4255.4255@exemplo.com,133.695.345-35,(11) 93695345
ID04256,Victor Santos 4256,victor.santos.4256.4256@exemplo.com,N/A,N/A
ID04257,Otavio Lima 4257,otavio.lima.4257.4257@exemplo.com,133.711.183-09,(11) 93711183
ID04258,Nicolas Rodrigues 4258,nicolas.rodrigues.4258.4258@exemplo.com,N/A,N/A
ID04259,Carlos Oliveira 4259,carlos.oliveira.4259.4259@exemplo.com,133.727.021-83,(11) 93727021
ID04260,Bruno Teixeira 4260,bruno.teixeira.4260.4260@exemplo.com,133.734.940-20,(11) 93734940
ID04261,Valentina Rodrigues 4261,valentina.rodrigues.4261.4261@exemplo.com,133.742.859-57,(11) 93742859
ID04262,Carlos Fernandes 4262,carlos.fernandes.4262.4262@exemplo.com,133.750.778-94,(11) 93750778
ID04263,Vinicius Souza 4263,vinicius.souza.4263.4263@exemplo.com,133.758.697-31,(11) 93758697
ID04264,Sara Teixeira 4264,sara.teixeira.4264.4264@exemplo.com,N/A,N/A
ID04265,Sofia Pereira 4265,sofia.pereira.4265.4265@exemplo.com,133.774.535-05,(11) 93774535
ID04266,Daniela Santos 4266,daniela.santos.4266.4266@exemplo.com,133.782.454-42,(11) 93782454
ID04267,Fernanda Araujo 4267,fernanda.araujo.4267.4267@exemplo.com,N/A,N/A
ID04268,Thiago Costa 4268,thiago.costa.4268.4268@exemplo.com,N/A,N/A
ID04269,Henrique Santos 4269,henrique.santos.4269.4269@exemplo.com,N/A,N/A
ID04270,Lucas Teixeira 4270,lucas.teixeira.4270.4270@exemplo.com,133.814.130-90,(11) 93814130
ID04271,Lucas Silva 4271,lucas.silva.4271.4271@exemplo.com,133.822.049-27,(11) 93822049
ID04272,Natalia Teixeira 4272,natalia.teixeira.4272.4272@exemplo.com,133.829.968-64,(11) 93829968
ID04273,Rodrigo Lima 4273,rodrigo.lima.4273.4273@exemplo.com,133.837.887-01,(11) 93837887
ID04274,Juliana Lima 4274,juliana.lima.4274.4274@exemplo.com,133.845.806-38,(11) 93845806
ID04275,Carlos Pereira 4275,carlos.pereira.4275.4275@exemplo.com,133.853.725-75,(11) 93853725
ID04276,Thiago Dias 4276,thiago.dias.4276.4276@exemplo.com,133.861.644-12,(11) 93861644
ID04277,Helena Carvalho 4277,helena.carvalho.4277.4277@exemplo.com,133.869.563-49,(11) 93869563
ID04278,Larissa Nascimento 4278,larissa.nascimento.4278.4278@exemplo.com,N/A,N/A
ID04279,Olivia Teixeira 4279,olivia.teixeira.4279.4279@exemplo.com,133.885.401-23,(11) 93885401
ID04280,Paulo Barbosa 4280,paulo.barbosa.4280.4280@exemplo.com,N/A,N/A
ID04281,Natalia Teixeira 4281,natalia.teixeira.4281.4281@exemplo.com,N/A,N/A
ID04282,Diego Lima 4282,diego.lima.4282.4282@exemplo.com,133.909.158-34,(11) 93909158
ID04283,Rafael Araujo 4283,rafael.araujo.4283.4283@exemplo.com,N/A,N/A
ID04284,Diego Dias 4284,diego.dias.4284.4284@exemplo.com,133.924.996-08,(11) 93924996
ID04285,Natalia Pereira 4285,natalia.pereira.4285.4285@exemplo.com,133.932.915-45,(11) 93932915
ID04286,Vinicius Pereira 4286,vinicius.pereira.4286.4286@exemplo.com,N/A,N/A
ID04287,Natalia Ribeiro 4287,natalia.ribeiro.4287.4287@exemplo.com,133.948.753-19,(11) 93948753
ID04288,Juliana Gomes 4288,juliana.gomes.4288.4288@exemplo.com,133.956.672-56,(11) 93956672
ID04289,Joao Costa 4289,joao.costa.4289.4289@exemplo.com,N/A,N/A
ID04290,Eduardo Dias 4290,eduardo.dias.4290.4290@exemplo.com,N/A,N/A
ID04291,Victor Moura 4291,victor.moura.4291.4291@exemplo.com,133.980.429-67,(11) 93980429
ID04292,Larissa Pereira 4292,larissa.pereira.4292.4292@exemplo.com,133.988.348-04,(11) 93988348
ID04293,Natalia Rodrigues 4293,natalia.rodrigues.4293.4293@exemplo.com,133.996.267-41,(11) 93996267
ID04294,Diego Ribeiro 4294,diego.ribeiro.4294.4294@exemplo.com,134.004.186-78,(11) 94004186
ID04295,Sofia Martins 4295,sofia.martins.4295.4295@exemplo.com,134.012.105-15,(11) 94012105
ID04296,Nicolas Silva 4296,nicolas.silva.4296.4296@exemplo.com,N/A,N/A
ID04297,Beatriz Costa 4297,beatriz.costa.4297.4297@exemplo.com,N/A,N/A
ID04298,Igor Nascimento 4298,igor.nascimento.4298.4298@exemplo.com,134.035.862-26,(11) 94035862
ID04299,Joao Pereira 4299,joao.pereira.4299.4299@exemplo.com,134.043.781-63,(11) 94043781
ID04300,Valentina Carvalho 4300,valentina.carvalho.4300.4300@exemplo.com,134.051.700-00,(11) 94051700
ID04301,Rodrigo Rodrigues 4301,rodrigo.rodrigues.4301.4301@exemplo.com,134.059.619-37,(11) 94059619
ID04302,Olivia Gomes 4302,olivia.gomes.4302.4302@exemplo.com,134.067.538-74,(11) 94067538
ID04303,Thiago Araujo 4303,thiago.araujo.4303.4303@exemplo.com,N/A,N/A
ID04304,Eduardo Barbosa 4304,eduardo.barbosa.4304.4304@exemplo.com,134.083.376-48,(11) 94083376
ID04305,Joao Teixeira 4305,joao.teixeira.4305.4305@exemplo.com,N/A,N/A
ID04306,Elisa Moura 4306,elisa.moura.4306.4306@exemplo.com,134.099.214-22,(11) 94099214
ID04307,Giovana Pereira 4307,giovana.pereira.4307.4307@exemplo.com,N/A,N/A
ID04308,Carlos Silva 4308,carlos.silva.4308.4308@exemplo.com,N/A,N/A
ID04309,Joao Fernandes 4309,joao.fernandes.4309.4309@exemplo.com,N/A,N/A
ID04310,Henrique Lima 4310,henrique.lima.4310.4310@exemplo.com,134.130.890-70,(11) 94130890
ID04311,Carlos Dias 4311,carlos.dias.4311.4311@exemplo.com,134.138.809-07,(11) 94138809
ID04312,Rodrigo Almeida 4312,rodrigo.almeida.4312.4312@exemplo.com,N/A,N/A
ID04313,Valentina Pereira 4313,valentina.pereira.4313.4313@exemplo.com,N/A,N/A
ID04314,Natalia Lima 4314,natalia.lima.4314.4314@exemplo.com,134.162.566-18,(11) 94162566
ID04315,Sofia Ribeiro 4315,sofia.ribeiro.4315.4315@exemplo.com,134.170.485-55,(11) 94170485
ID04316,Bruno Santos 4316,bruno.santos.4316.4316@exemplo.com,134.178.404-92,(11) 94178404
ID04317,Joao Oliveira 4317,joao.oliveira.4317.4317@exemplo.com,134.186.323-29,(11) 94186323
ID04318,Beatriz Gomes 4318,beatriz.gomes.4318.4318@exemplo.com,134.194.242-66,(11) 94194242
ID04319,Victor Araujo 4319,victor.araujo.4319.4319@exemplo.com,134.202.161-03,(11) 94202161
ID04320,Igor Silva 4320,igor.silva.4320.4320@exemplo.com,N/A,N/A
ID04321,Camila Souza 4321,camila.souza.4321.4321@exemplo.com,134.217.999-77,(11) 94217999
ID04322,Thiago Moura 4322,thiago.moura.4322.4322@exemplo.com,134.225.918-14,(11) 94225918
ID04323,Ana Costa 4323,ana.costa.4323.4323@exemplo.com,N/A,N/A
ID04324,Olivia Nascimento 4324,olivia.nascimento.4324.4324@exemplo.com,134.241.756-88,(11) 94241756
ID04325,Bruno Silva 4325,bruno.silva.4325.4325@exemplo.com,134.249.675-25,(11) 94249675
ID04326,Marcelo Carvalho 4326,marcelo.carvalho.4326.4326@exemplo.com,134.257.594-62,(11) 94257594
ID04327,Larissa Oliveira 4327,larissa.oliveira.4327.4327@exemplo.com,134.265.513-99,(11) 94265513
ID04328,Carlos Pereira 4328,carlos.pereira.4328.4328@exemplo.com,134.273.432-36,(11) 94273432
ID04329,Beatriz Martins 4329,beatriz.martins.4329.4329@exemplo.com,134.281.351-73,(11) 94281351
ID04330,Elisa Lima 4330,elisa.lima.4330.4330@exemplo.com,N/A,N/A
ID04331,Henrique Martins 4331,henrique.martins.4331.4331@exemplo.com,N/A,N/A
ID04332,Giovana Souza 4332,giovana.souza.4332.4332@exemplo.com,N/A,N/A
ID04333,Daniela Martins 4333,daniela.martins.4333.4333@exemplo.com,N/A,N/A
ID04334,Marcelo Carvalho 4334,marcelo.carvalho.4334.4334@exemplo.com,134.320.946-58,(11) 94320946
ID04335,Gabriel Lima 4335,gabriel.lima.4335.4335@exemplo.com,N/A,N/A
ID04336,Thiago Gomes 4336,thiago.gomes.4336.4336@exemplo.com,134.336.784-32,(11) 94336784
ID04337,Patricia Nascimento 4337,patricia.nascimento.4337.4337@exemplo.com,134.344.703-69,(11) 94344703
ID04338,Gabriel Dias 4338,gabriel.dias.4338.4338@exemplo.com,134.352.622-06,(11) 94352622
ID04339,Marcelo Fernandes 4339,marcelo.fernandes.4339.4339@exemplo.com,134.360.541-43,(11) 94360541
ID04340,Daniela Pereira 4340,daniela.pereira.4340.4340@exemplo.com,N/A,N/A
ID04341,Yasmin Rodrigues 4341,yasmin.rodrigues.4341.4341@exemplo.com,N/A,N/A
ID04342,Helena Santos 4342,helena.santos.4342.4342@exemplo.com,N/A,N/A
ID04343,Juliana Fernandes 4343,juliana.fernandes.4343.4343@exemplo.com,134.392.217-91,(11) 94392217
ID04344,Camila Rodrigues 4344,camila.rodrigues.4344.4344@exemplo.com,134.400.136-28,(11) 94400136
ID04345,Valentina Dias 4345,valentina.dias.4345.4345@exemplo.com,N/A,N/A
ID04346,Elisa Moura 4346,elisa.moura.4346.4346@exemplo.com,N/A,N/A
ID04347,Sara Oliveira 4347,sara.oliveira.4347.4347@exemplo.com,134.423.893-39,(11) 94423893
ID04348,Helena Souza 4348,helena.souza.4348.4348@exemplo.com,N/A,N/A
ID04349,Gabriel Gomes 4349,gabriel.gomes.4349.4349@exemplo.com,N/A,N/A
ID04350,Sofia Dias 4350,sofia.dias.4350.4350@exemplo.com,134.447.650-50,(11) 94447650
ID04351,Thiago Gomes 4351,thiago.gomes.4351.4351@exemplo.com,134.455.569-87,(11) 94455569
ID04352,Otavio Martins 4352,otavio.martins.4352.4352@exemplo.com,134.463.488-24,(11) 94463488
ID04353,Sofia Martins 4353,sofia.martins.4353.4353@exemplo.com,134.471.407-61,(11) 94471407
ID04354,Marcelo Pereira 4354,marcelo.pereira.4354.4354@exemplo.com,N/A,N/A
ID04355,Eduardo Nascimento 4355,eduardo.nascimento.4355.4355@exemplo.com,134.487.245-35,(11) 94487245
ID04356,Sofia Costa 4356,sofia.costa.4356.4356@exemplo.com,134.495.164-72,(11) 94495164
ID04357,Sofia Moura 4357,sofia.moura.4357.4357@exemplo.com,N/A,N/A
ID04358,Otavio Costa 4358,otavio.costa.4358.4358@exemplo.com,N/A,N/A
ID04359,Camila Moura 4359,camila.moura.4359.4359@exemplo.com,N/A,N/A
ID04360,Mariana Barbosa 4360,mariana.barbosa.4360.4360@exemplo.com,134.526.840-20,(11) 94526840
ID04361,Sara Barbosa 4361,sara.barbosa.4361.4361@exemplo.com,N/A,N/A
ID04362,Camila Gomes 4362,camila.gomes.4362.4362@exemplo.com,134.542.678-94,(11) 94542678
ID04363,Ana Rodrigues 4363,ana.rodrigues.4363.4363@exemplo.com,134.550.597-31,(11) 94550597
ID04364,Valentina Costa 4364,valentina.costa.4364.4364@exemplo.com,N/A,N/A
ID04365,Sofia Nascimento 4365,sofia.nascimento.4365.4365@exemplo.com,134.566.435-05,(11) 94566435
ID04366,Giovana Fernandes 4366,giovana.fernandes.4366.4366@exemplo.com,134.574.354-42,(11) 94574354
ID04367,Thiago Gomes 4367,thiago.gomes.4367.4367@exemplo.com,134.582.273-79,(11) 94582273
ID04368,Sara Carvalho 4368,sara.carvalho.4368.4368@exemplo.com,N/A,N/A
ID04369,Thiago Martins 4369,thiago.martins.4369.4369@exemplo.com,134.598.111-53,(11) 94598111
ID04370,Victor Teixeira 4370,victor.teixeira.4370.4370@exemplo.com,134.606.030-90,(11) 94606030
ID04371,Giovana Moura 4371,giovana.moura.4371.4371@exemplo.com,134.613.949-27,(11) 94613949
ID04372,Marcelo Carvalho 4372,marcelo.carvalho.4372.4372@exemplo.com,N/A,N/A
ID04373,Patricia Lima 4373,patricia.lima.4373.4373@exemplo.com,134.629.787-01,(11) 94629787
ID04374,Valentina Rodrigues 4374,valentina.rodrigues.4374.4374@exemplo.com,134.637.706-38,(11) 94637706
ID04375,Ana Carvalho 4375,ana.carvalho.4375.4375@exemplo.com,134.645.625-75,(11) 94645625
ID04376,Rodrigo Oliveira 4376,rodrigo.oliveira.4376.4376@exemplo.com,134.653.544-12,(11) 94653544
ID04377,Natalia Martins 4377,natalia.martins.4377.4377@exemplo.com,134.661.463-49,(11) 94661463
ID04378,Igor Araujo 4378,igor.araujo.4378.4378@exemplo.com,134.669.382-86,(11) 94669382
ID04379,Patricia Fernandes 4379,patricia.fernandes.4379.4379@exemplo.com,134.677.301-23,(11) 94677301
ID04380,Daniela Souza 4380,daniela.souza.4380.4380@exemplo.com,134.685.220-60,(11) 94685220
ID04381,Otavio Carvalho 4381,otavio.carvalho.4381.4381@exemplo.com,N/A,N/A
ID04382,Natalia Carvalho 4382,natalia.carvalho.4382.4382@exemplo.com,N/A,N/A
ID04383,Sofia Souza 4383,sofia.souza.4383.4383@exemplo.com,N/A,N/A
ID04384,Vinicius Oliveira 4384,vinicius.oliveira.4384.4384@exemplo.com,134.716.896-08,(11) 94716896
ID04385,Thiago Nascimento 4385,thiago.nascimento.4385.4385@exemplo.com,N/A,N/A
ID04386,Henrique Martins 4386,henrique.martins.4386.4386@exemplo.com,N/A,N/A
ID04387,Victor Lima 4387,victor.lima.4387.4387@exemplo.com,134.740.653-19,(11) 94740653
ID04388,Henrique Nascimento 4388,henrique.nascimento.4388.4388@exemplo.com,N/A,N/A
ID04389,Joao Rodrigues 4389,joao.rodrigues.4389.4389@exemplo.com,N/A,N/A
ID04390,Elisa Teixeira 4390,elisa.teixeira.4390.4390@exemplo.com,134.764.410-30,(11) 94764410
ID04391,Daniela Nascimento 4391,daniela.nascimento.4391.4391@exemplo.com,134.772.329-67,(11) 94772329
ID04392,Valentina Souza 4392,valentina.souza.4392.4392@exemplo.com,134.780.248-04,(11) 94780248
ID04393,Gabriel Fernandes 4393,gabriel.fernandes.4393.4393@exemplo.com,134.788.167-41,(11) 94788167
ID04394,Rodrigo Dias 4394,rodrigo.dias.4394.4394@exemplo.com,134.796.086-78,(11) 94796086
ID04395,Gabriel Barbosa 4395,gabriel.barbosa.4395.4395@exemplo.com,N/A,N/A
ID04396,Giovana Ribeiro 4396,giovana.ribeiro.4396.4396@exemplo.com,134.811.924-52,(11) 94811924
ID04397,Felipe Teixeira 4397,felipe.teixeira.4397.4397@exemplo.com,134.819.843-89,(11) 94819843
ID04398,Fernanda Araujo 4398,fernanda.araujo.4398.4398@exemplo.com,134.827.762-26,(11) 94827762
ID04399,Lucas Nascimento 4399,lucas.nascimento.4399.4399@exemplo.com,N/A,N/A
ID04400,Olivia Almeida 4400,olivia.almeida.4400.4400@exemplo.com,134.843.600-00,(11) 94843600
ID04401,Nathan Ribeiro 4401,nathan.ribeiro.4401.4401@exemplo.com,134.851.519-37,(11) 94851519
ID04402,Isabela Ribeiro 4402,isabela.ribeiro.4402.4402@exemplo.com,134.859.438-74,(11) 94859438
ID04403,Victor Fernandes 4403,victor.fernandes.4403.4403@exemplo.com,N/A,N/A
ID04404,Vinicius Oliveira 4404,vinicius.oliveira.4404.4404@exemplo.com,134.875.276-48,(11) 94875276
ID04405,Camila Silva 4405,camila.silva.4405.4405@exemplo.com,N/A,N/A
ID04406,Giovana Carvalho 4406,giovana.carvalho.4406.4406@exemplo.com,N/A,N/A
ID04407,Sofia Pereira 4407,sofia.pereira.4407.4407@exemplo.com,134.899.033-59,(11) 94899033
ID04408,Valentina Lima 4408,valentina.lima.4408.4408@exemplo.com,N/A,N/A
ID04409,Ana Fernandes 4409,ana.fernandes.4409.4409@exemplo.com,134.914.871-33,(11) 94914871
ID04410,Rafael Nascimento 4410,rafael.nascimento.4410.4410@exemplo.com,N/A,N/A
ID04411,Juliana Araujo 4411,juliana.araujo.4411.4411@exemplo.com,N/A,N/A
ID04412,Felipe Araujo 4412,felipe.araujo.4412.4412@exemplo.com,134.938.628-44,(11) 94938628
ID04413,Nicolas Oliveira 4413,nicolas.oliveira.4413.4413@exemplo.com,134.946.547-81,(11) 94946547
ID04414,Lucas Rodrigues 4414,lucas.rodrigues.4414.4414@exemplo.com,134.954.466-18,(11) 94954466
ID04415,Sofia Teixeira 4415,sofia.teixeira.4415.4415@exemplo.com,134.962.385-55,(11) 94962385
ID04416,Natalia Fernandes 4416,natalia.fernandes.4416.4416@exemplo.com,N/A,N/A
ID04417,Lucas Barbosa 4417,lucas.barbosa.4417.4417@exemplo.com,134.978.223-29,(11) 94978223
ID04418,Valentina Teixeira 4418,valentina.teixeira.4418.4418@exemplo.com,134.986.142-66,(11) 94986142
ID04419,Otavio Costa 4419,otavio.costa.4419.4419@exemplo.com,N/A,N/A
ID04420,Diego Rodrigues 4420,diego.rodrigues.4420.4420@exemplo.com,N/A,N/A
ID04421,Gabriel Pereira 4421,gabriel.pereira.4421.4421@exemplo.com,135.009.899-77,(11) 95009899
ID04422,Lucas Almeida 4422,lucas.almeida.4422.4422@exemplo.com,N/A,N/A
ID04423,Sara Pereira 4423,sara.pereira.4423.4423@exemplo.com,135.025.737-51,(11) 95025737
ID04424,Valentina Lima 4424,valentina.lima.4424.4424@exemplo.com,N/A,N/A
ID04425,Nicolas Araujo 4425,nicolas.araujo.4425.4425@exemplo.com,135.041.575-25,(11) 95041575
ID04426,Lucas Gomes 4426,lucas.gomes.4426.4426@exemplo.com,N/A,N/A
ID04427,Victor Santos 4427,victor.santos.4427.4427@exemplo.com,135.057.413-99,(11) 95057413
ID04428,Diego Martins 4428,diego.martins.4428.4428@exemplo.com,135.065.332-36,(11) 95065332
ID04429,Nicolas Costa 4429,nicolas.costa.4429.4429@exemplo.com,N/A,N/A
ID04430,Patricia Teixeira 4430,patricia.teixeira.4430.4430@exemplo.com,135.081.170-10,(11) 95081170
ID04431,Lucas Teixeira 4431,lucas.teixeira.4431.4431@exemplo.com,135.089.089-47,(11) 95089089
ID04432,Beatriz Araujo 4432,beatriz.araujo.4432.4432@exemplo.com,N/A,N/A
ID04433,Thiago Martins 4433,thiago.martins.4433.4433@exemplo.com,135.104.927-21,(11) 95104927
ID04434,Carlos Almeida 4434,carlos.almeida.4434.4434@exemplo.com,135.112.846-58,(11) 95112846
ID04435,Sofia Teixeira 4435,sofia.teixeira.4435.4435@exemplo.com,135.120.765-95,(11) 95120765
ID04436,Giovana Teixeira 4436,giovana.teixeira.4436.4436@exemplo.com,135.128.684-32,(11) 95128684
ID04437,Bruno Martins 4437,bruno.martins.4437.4437@exemplo.com,N/A,N/A
ID04438,Natalia Gomes 4438,natalia.gomes.4438.4438@exemplo.com,135.144.522-06,(11) 95144522
ID04439,Sara Barbosa 4439,sara.barbosa.4439.4439@exemplo.com,135.152.441-43,(11) 95152441
ID04440,Henrique Nascimento 4440,henrique.nascimento.4440.4440@exemplo.com,135.160.360-80,(11) 95160360
ID04441,Gabriel Pereira 4441,gabriel.pereira.4441.4441@exemplo.com,135.168.279-17,(11) 95168279
ID04442,Carlos Oliveira 4442,carlos.oliveira.4442.4442@exemplo.com,N/A,N/A
ID04443,William Nunes 4443,william.nunes.4443.4443@exemplo.com,135.184.117-91,(11) 95184117
ID04444,Helena Moura 4444,helena.moura.4444.4444@exemplo.com,135.192.036-28,(11) 95192036
ID04445,Valentina Moura 4445,valentina.moura.4445.4445@exemplo.com,135.199.955-65,(11) 95199955
ID04446,Vinicius Costa 4446,vinicius.costa.4446.4446@exemplo.com,135.207.874-02,(11) 95207874
ID04447,Igor Pereira 4447,igor.pereira.4447.4447@exemplo.com,N/A,N/A
ID04448,Daniela Rodrigues 4448,daniela.rodrigues.4448.4448@exemplo.com,135.223.712-76,(11) 95223712
ID04449,Valentina Fernandes 4449,valentina.fernandes.4449.4449@exemplo.com,N/A,N/A
ID04450,Rodrigo Nascimento 4450,rodrigo.nascimento.4450.4450@exemplo.com,135.239.550-50,(11) 95239550
ID04451,Patricia Ribeiro 4451,patricia.ribeiro.4451.4451@exemplo.com,N/A,N/A
ID04452,Juliana Costa 4452,juliana.costa.4452.4452@exemplo.com,N/A,N/A
ID04453,Daniela Santos 4453,daniela.santos.4453.4453@exemplo.com,N/A,N/A
ID04454,Olivia Souza 4454,olivia.souza.4454.4454@exemplo.com,135.271.226-98,(11) 95271226
ID04455,Bruno Teixeira 4455,bruno.teixeira.4455.4455@exemplo.com,N/A,N/A
ID04456,Otavio Costa 4456,otavio.costa.4456.4456@exemplo.com,N/A,N/A
ID04457,Otavio Costa 4457,otavio.costa.4457.4457@exemplo.com,N/A,N/A
ID04458,Juliana Teixeira 4458,juliana.teixeira.4458.4458@exemplo.com,135.302.902-46,(11) 95302902
ID04459,Rafael Teixeira 4459,rafael.teixeira.4459.4459@exemplo.com,N/A,N/A
ID04460,Bruno Pereira 4460,bruno.pereira.4460.4460@exemplo.com,N/A,N/A
ID04461,Daniela Lima 4461,daniela.lima.4461.4461@exemplo.com,135.326.659-57,(11) 95326659
ID04462,Eduardo Nascimento 4462,eduardo.nascimento.4462.4462@exemplo.com,N/A,N/A
ID04463,Sofia Silva 4463,sofia.silva.4463.4463@exemplo.com,N/A,N/A
ID04464,Mariana Costa 4464,mariana.costa.4464.4464@exemplo.com,N/A,N/A
ID04465,Larissa Pereira 4465,larissa.pereira.4465.4465@exemplo.com,135.358.335-05,(11) 95358335
ID04466,Marcelo Gomes 4466,marcelo.gomes.4466.4466@exemplo.com,N/A,N/A
ID04467,Juliana Barbosa 4467,juliana.barbosa.4467.4467@exemplo.com,N/A,N/A
ID04468,Sofia Fernandes 4468,sofia.fernandes.4468.4468@exemplo.com,135.382.092-16,(11) 95382092
ID04469,Rafael Nascimento 4469,rafael.nascimento.4469.4469@exemplo.com,N/A,N/A
ID04470,Vinicius Rodrigues 4470,vinicius.rodrigues.4470.4470@exemplo.com,N/A,N/A
ID04471,Mariana Martins 4471,mariana.martins.4471.4471@exemplo.com,135.405.849-27,(11) 95405849
ID04472,Paulo Santos 4472,paulo.santos.4472.4472@exemplo.com,135.413.768-64,(11) 95413768
ID04473,Daniela Santos 4473,daniela.santos.4473.4473@exemplo.com,135.421.687-01,(11) 95421687
ID04474,Mariana Pereira 4474,mariana.pereira.4474.4474@exemplo.com,135.429.606-38,(11) 95429606
ID04475,Valentina Santos 4475,valentina.santos.4475.4475@exemplo.com,N/A,N/A
ID04476,Nicolas Rodrigues 4476,nicolas.rodrigues.4476.4476@exemplo.com,135.445.444-12,(11) 95445444
ID04477,Henrique Almeida 4477,henrique.almeida.4477.4477@exemplo.com,135.453.363-49,(11) 95453363
ID04478,Sara Carvalho 4478,sara.carvalho.4478.4478@exemplo.com,135.461.282-86,(11) 95461282
ID04479,Sara Souza 4479,sara.souza.4479.4479@exemplo.com,N/A,N/A
ID04480,Rafael Barbosa 4480,rafael.barbosa.4480.4480@exemplo.com,135.477.120-60,(11) 95477120
ID04481,Henrique Silva 4481,henrique.silva.4481.4481@exemplo.com,135.485.039-97,(11) 95485039
ID04482,Henrique Silva 4482,henrique.silva.4482.4482@exemplo.com,135.492.958-34,(11) 95492958
ID04483,Carlos Martins 4483,carlos.martins.4483.4483@exemplo.com,135.500.877-71,(11) 95500877
ID04484,Lucas Silva 4484,lucas.silva.4484.4484@exemplo.com,135.508.796-08,(11) 95508796
ID04485,Nicolas Souza 4485,nicolas.souza.4485.4485@exemplo.com,135.516.715-45,(11) 95516715
ID04486,Daniela Oliveira 4486,daniela.oliveira.4486.4486@exemplo.com,135.524.634-82,(11) 95524634
ID04487,Rafael Lima 4487,rafael.lima.4487.4487@exemplo.com,135.532.553-19,(11) 95532553
ID04488,Gabriel Almeida 4488,gabriel.almeida.4488.4488@exemplo.com,135.540.472-56,(11) 95540472
ID04489,Eduardo Ribeiro 4489,eduardo.ribeiro.4489.4489@exemplo.com,135.548.391-93,(11) 95548391
ID04490,Olivia Fernandes 4490,olivia.fernandes.4490.4490@exemplo.com,N/A,N/A
ID04491,Larissa Oliveira 4491,larissa.oliveira.4491.4491@exemplo.com,135.564.229-67,(11) 95564229
ID04492,Sara Rodrigues 4492,sara.rodrigues.4492.4492@exemplo.com,135.572.148-04,(11) 95572148
ID04493,Diego Dias 4493,diego.dias.4493.4493@exemplo.com,135.580.067-41,(11) 95580067
ID04494,Sofia Nascimento 4494,sofia.nascimento.4494.4494@exemplo.com,135.587.986-78,(11) 95587986
ID04495,Diego Rodrigues 4495,diego.rodrigues.4495.4495@exemplo.com,135.595.905-15,(11) 95595905
ID04496,Joao Souza 4496,joao.souza.4496.4496@exemplo.com,N/A,N/A
ID04497,Nicolas Silva 4497,nicolas.silva.4497.4497@exemplo.com,N/A,N/A
ID04498,Felipe Oliveira 4498,felipe.oliveira.4498.4498@exemplo.com,135.619.662-26,(11) 95619662
ID04499,Rafael Souza 4499,rafael.souza.4499.4499@exemplo.com,135.627.581-63,(11) 95627581
ID04500,Otavio Pereira 4500,otavio.pereira.4500.4500@exemplo.com,135.635.500-00,(11) 95635500
ID04501,Ana Carvalho 4501,ana.carvalho.4501.4501@exemplo.com,N/A,N/A
ID04502,Victor Souza 4502,victor.souza.4502.4502@exemplo.com,135.651.338-74,(11) 95651338
ID04503,Sara Gomes 4503,sara.gomes.4503.4503@exemplo.com,135.659.257-11,(11) 95659257
ID04504,Elisa Almeida 4504,elisa.almeida.4504.4504@exemplo.com,135.667.176-48,(11) 95667176
ID04505,Fernanda Teixeira 4505,fernanda.teixeira.4505.4505@exemplo.com,135.675.095-85,(11) 95675095
ID04506,Rafael Almeida 4506,rafael.almeida.4506.4506@exemplo.com,135.683.014-22,(11) 95683014
ID04507,Helena Oliveira 4507,helena.oliveira.4507.4507@exemplo.com,N/A,N/A
ID04508,Daniela Oliveira 4508,daniela.oliveira.4508.4508@exemplo.com,N/A,N/A
ID04509,Fernanda Carvalho 4509,fernanda.carvalho.4509.4509@exemplo.com,N/A,N/A
ID04510,Patricia Nascimento 4510,patricia.nascimento.4510.4510@exemplo.com,135.714.690-70,(11) 95714690
ID04511,Vinicius Barbosa 4511,vinicius.barbosa.4511.4511@exemplo.com,135.722.609-07,(11) 95722609
ID04512,Fernanda Rodrigues 4512,fernanda.rodrigues.4512.4512@exemplo.com,N/A,N/A
ID04513,Camila Teixeira 4513,camila.teixeira.4513.4513@exemplo.com,135.738.447-81,(11) 95738447
ID04514,Sara Nascimento 4514,sara.nascimento.4514.4514@exemplo.com,N/A,N/A
ID04515,Patricia Almeida 4515,patricia.almeida.4515.4515@exemplo.com,N/A,N/A
ID04516,Olivia Rodrigues 4516,olivia.rodrigues.4516.4516@exemplo.com,N/A,N/A
ID04517,Rodrigo Rodrigues 4517,rodrigo.rodrigues.4517.4517@exemplo.com,135.770.123-29,(11) 95770123
ID04518,Victor Teixeira 4518,victor.teixeira.4518.4518@exemplo.com,135.778.042-66,(11) 95778042
ID04519,Larissa Ribeiro 4519,larissa.ribeiro.4519.4519@exemplo.com,135.785.961-03,(11) 95785961
ID04520,Mariana Pereira 4520,mariana.pereira.4520.4520@exemplo.com,135.793.880-40,(11) 95793880
ID04521,Joao Carvalho 4521,joao.carvalho.4521.4521@exemplo.com,135.801.799-77,(11) 95801799
ID04522,Ana Moura 4522,ana.moura.4522.4522@exemplo.com,135.809.718-14,(11) 95809718
ID04523,Helena Carvalho 4523,helena.carvalho.4523.4523@exemplo.com,135.817.637-51,(11) 95817637
ID04524,Patricia Rodrigues 4524,patricia.rodrigues.4524.4524@exemplo.com,N/A,N/A
ID04525,Sofia Fernandes 4525,sofia.fernandes.4525.4525@exemplo.com,135.833.475-25,(11) 95833475
ID04526,Rafael Araujo 4526,rafael.araujo.4526.4526@exemplo.com,135.841.394-62,(11) 95841394
ID04527,Igor Dias 4527,igor.dias.4527.4527@exemplo.com,N/A,N/A
ID04528,Juliana Costa 4528,juliana.costa.4528.4528@exemplo.com,135.857.232-36,(11) 95857232
ID04529,Rafael Fernandes 4529,rafael.fernandes.4529.4529@exemplo.com,N/A,N/A
ID04530,Sofia Silva 4530,sofia.silva.4530.4530@exemplo.com,135.873.070-10,(11) 95873070
ID04531,Joao Teixeira 4531,joao.teixeira.4531.4531@exemplo.com,N/A,N/A
ID04532,Gabriel Nascimento 4532,gabriel.nascimento.4532.4532@exemplo.com,N/A,N/A
ID04533,Nicolas Barbosa 4533,nicolas.barbosa.4533.4533@exemplo.com,135.896.827-21,(11) 95896827
ID04534,Joao Oliveira 4534,joao.oliveira.4534.4534@exemplo.com,135.904.746-58,(11) 95904746
ID04535,Nicolas Silva 4535,nicolas.silva.4535.4535@exemplo.com,135.912.665-95,(11) 95912665
ID04536,Paulo Carvalho 4536,paulo.carvalho.4536.4536@exemplo.com,135.920.584-32,(11) 95920584
ID04537,Isabela Nascimento 4537,isabela.nascimento.4537.4537@exemplo.com,N/A,N/A
ID04538,Sofia Oliveira 4538,sofia.oliveira.4538.4538@exemplo.com,N/A,N/A
ID04539,Juliana Araujo 4539,juliana.araujo.4539.4539@exemplo.com,135.944.341-43,(11) 95944341
ID04540,Nicolas Dias 4540,nicolas.dias.4540.4540@exemplo.com,135.952.260-80,(11) 95952260
ID04541,Beatriz Rodrigues 4541,beatriz.rodrigues.4541.4541@exemplo.com,N/A,N/A
ID04542,Ana Fernandes 4542,ana.fernandes.4542.4542@exemplo.com,N/A,N/A
ID04543,Vinicius Pereira 4543,vinicius.pereira.4543.4543@exemplo.com,135.976.017-91,(11) 95976017
ID04544,Sofia Araujo 4544,sofia.araujo.4544.4544@exemplo.com,135.983.936-28,(11) 95983936
ID04545,Vinicius Souza 4545,vinicius.souza.4545.4545@exemplo.com,135.991.855-65,(11) 95991855
ID04546,Helena Souza 4546,helena.souza.4546.4546@exemplo.com,135.999.774-02,(11) 95999774
ID04547,Larissa Teixeira 4547,larissa.teixeira.4547.4547@exemplo.com,N/A,N/A
ID04548,Beatriz Martins 4548,beatriz.martins.4548.4548@exemplo.com,136.015.612-76,(11) 96015612
ID04549,Sara Rodrigues 4549,sara.rodrigues.4549.4549@exemplo.com,N/A,N/A
ID04550,Juliana Oliveira 4550,juliana.oliveira.4550.4550@exemplo.com,N/A,N/A
ID04551,Fernanda Martins 4551,fernanda.martins.4551.4551@exemplo.com,N/A,N/A
ID04552,Felipe Almeida 4552,felipe.almeida.4552.4552@exemplo.com,136.047.288-24,(11) 96047288
ID04553,Isabela Nascimento 4553,isabela.nascimento.4553.4553@exemplo.com,N/A,N/A
ID04554,Ana Oliveira 4554,ana.oliveira.4554.4554@exemplo.com,136.063.126-98,(11) 96063126
ID04555,Fernanda Teixeira 4555,fernanda.teixeira.4555.4555@exemplo.com,136.071.045-35,(11) 96071045
ID04556,Patricia Almeida 4556,patricia.almeida.4556.4556@exemplo.com,136.078.964-72,(11) 96078964
ID04557,Otavio Moura 4557,otavio.moura.4557.4557@exemplo.com,136.086.883-09,(11) 96086883
ID04558,Natalia Costa 4558,natalia.costa.4558.4558@exemplo.com,136.094.802-46,(11) 96094802
ID04559,Helena Dias 4559,helena.dias.4559.4559@exemplo.com,136.102.721-83,(11) 96102721
ID04560,Gabriel Barbosa 4560,gabriel.barbosa.4560.4560@exemplo.com,136.110.640-20,(11) 96110640
ID04561,Joao Souza 4561,joao.souza.4561.4561@exemplo.com,136.118.559-57,(11) 96118559
ID04562,Elisa Martins 4562,elisa.martins.4562.4562@exemplo.com,136.126.478-94,(11) 96126478
ID04563,Beatriz Moura 4563,beatriz.moura.4563.4563@exemplo.com,136.134.397-31,(11) 96134397
ID04564,Giovana Moura 4564,giovana.moura.4564.4564@exemplo.com,136.142.316-68,(11) 96142316
ID04565,Ana Araujo 4565,ana.araujo.4565.4565@exemplo.com,136.150.235-05,(11) 96150235
ID04566,Sara Pereira 4566,sara.pereira.4566.4566@exemplo.com,136.158.154-42,(11) 96158154
ID04567,Paulo Ribeiro 4567,paulo.ribeiro.4567.4567@exemplo.com,136.166.073-79,(11) 96166073
ID04568,Yasmin Pereira 4568,yasmin.pereira.4568.4568@exemplo.com,136.173.992-16,(11) 96173992
ID04569,Daniela Moura 4569,daniela.moura.4569.4569@exemplo.com,N/A,N/A
ID04570,Felipe Silva 4570,felipe.silva.4570.4570@exemplo.com,136.189.830-90,(11) 96189830
ID04571,Sara Moura 4571,sara.moura.4571.4571@exemplo.com,136.197.749-27,(11) 96197749
ID04572,Paulo Araujo 4572,paulo.araujo.4572.4572@exemplo.com,136.205.668-64,(11) 96205668
ID04573,Daniela Araujo 4573,daniela.araujo.4573.4573@exemplo.com,N/A,N/A
ID04574,Beatriz Carvalho 4574,beatriz.carvalho.4574.4574@exemplo.com,136.221.506-38,(11) 96221506
ID04575,Thiago Pereira 4575,thiago.pereira.4575.4575@exemplo.com,136.229.425-75,(11) 96229425
ID04576,Lucas Nascimento 4576,lucas.nascimento.4576.4576@exemplo.com,136.237.344-12,(11) 96237344
ID04577,Patricia Teixeira 4577,patricia.teixeira.4577.4577@exemplo.com,136.245.263-49,(11) 96245263
ID04578,Vinicius Barbosa 4578,vinicius.barbosa.4578.4578@exemplo.com,N/A,N/A
ID04579,Diego Barbosa 4579,diego.barbosa.4579.4579@exemplo.com,N/A,N/A
ID04580,Paulo Oliveira 4580,paulo.oliveira.4580.4580@exemplo.com,136.269.020-60,(11) 96269020
ID04581,Camila Silva 4581,camila.silva.4581.4581@exemplo.com,136.276.939-97,(11) 96276939
ID04582,Beatriz Lima 4582,beatriz.lima.4582.4582@exemplo.com,136.284.858-34,(11) 96284858
ID04583,Camila Moura 4583,camila.moura.4583.4583@exemplo.com,136.292.777-71,(11) 96292777
ID04584,Paulo Araujo 4584,paulo.araujo.4584.4584@exemplo.com,136.300.696-08,(11) 96300696
ID04585,Eduardo Ribeiro 4585,eduardo.ribeiro.4585.4585@exemplo.com,N/A,N/A
ID04586,Nicolas Souza 4586,nicolas.souza.4586.4586@exemplo.com,N/A,N/A
ID04587,Igor Araujo 4587,igor.araujo.4587.4587@exemplo.com,136.324.453-19,(11) 96324453
ID04588,Henrique Rodrigues 4588,henrique.rodrigues.4588.4588@exemplo.com,136.332.372-56,(11) 96332372
ID04589,Lucas Souza 4589,lucas.souza.4589.4589@exemplo.com,N/A,N/A
ID04590,Ana Souza 4590,ana.souza.4590.4590@exemplo.com,136.348.210-30,(11) 96348210
ID04591,Victor Teixeira 4591,victor.teixeira.4591.4591@exemplo.com,N/A,N/A
ID04592,Fernanda Ribeiro 4592,fernanda.ribeiro.4592.4592@exemplo.com,N/A,N/A
ID04593,Natalia Ribeiro 4593,natalia.ribeiro.4593.4593@exemplo.com,136.371.967-41,(11) 96371967
ID04594,Vinicius Ribeiro 4594,vinicius.ribeiro.4594.4594@exemplo.com,136.379.886-78,(11) 96379886
ID04595,Felipe Carvalho 4595,felipe.carvalho.4595.4595@exemplo.com,N/A,N/A
ID04596,Camila Teixeira 4596,camila.teixeira.4596.4596@exemplo.com,136.395.724-52,(11) 96395724
ID04597,Henrique Barbosa 4597,henrique.barbosa.4597.4597@exemplo.com,136.403.643-89,(11) 96403643
ID04598,Thiago Araujo 4598,thiago.araujo.4598.4598@exemplo.com,136.411.562-26,(11) 96411562
ID04599,Rodrigo Martins 4599,rodrigo.martins.4599.4599@exemplo.com,N/A,N/A
ID04600,Joao Barbosa 4600,joao.barbosa.4600.4600@exemplo.com,N/A,N/A
ID04601,Rodrigo Lima 4601,rodrigo.lima.4601.4601@exemplo.com,136.435.319-37,(11) 96435319
ID04602,Sofia Rodrigues 4602,sofia.rodrigues.4602.4602@exemplo.com,N/A,N/A
ID04603,Carlos Moura 4603,carlos.moura.4603.4603@exemplo.com,136.451.157-11,(11) 96451157
ID04604,Isabela Carvalho 4604,isabela.carvalho.4604.4604@exemplo.com,136.459.076-48,(11) 96459076
ID04605,Eduardo Moura 4605,eduardo.moura.4605.4605@exemplo.com,136.466.995-85,(11) 96466995
ID04606,Nicolas Ribeiro 4606,nicolas.ribeiro.4606.4606@exemplo.com,N/A,N/A
ID04607,Natalia Ribeiro 4607,natalia.ribeiro.4607.4607@exemplo.com,136.482.833-59,(11) 96482833
ID04608,Elisa Moura 4608,elisa.moura.4608.4608@exemplo.com,136.490.752-96,(11) 96490752
ID04609,Victor Teixeira 4609,victor.teixeira.4609.4609@exemplo.com,136.498.671-33,(11) 96498671
ID04610,Valentina Lima 4610,valentina.lima.4610.4610@exemplo.com,N/A,N/A
ID04611,Ana Fernandes 4611,ana.fernandes.4611.4611@exemplo.com,136.514.509-07,(11) 96514509
ID04612,Giovana Ribeiro 4612,giovana.ribeiro.4612.4612@exemplo.com,N/A,N/A
ID04613,Diego Pereira 4613,diego.pereira.4613.4613@exemplo.com,N/A,N/A
ID04614,Vinicius Araujo 4614,vinicius.araujo.4614.4614@exemplo.com,136.538.266-18,(11) 96538266
ID04615,Valentina Santos 4615,valentina.santos.4615.4615@exemplo.com,N/A,N/A
ID04616,Ana Costa 4616,ana.costa.4616.4616@exemplo.com,136.554.104-92,(11) 96554104
ID04617,Bruno Teixeira 4617,bruno.teixeira.4617.4617@exemplo.com,136.562.023-29,(11) 96562023
ID04618,Natalia Lima 4618,natalia.lima.4618.4618@exemplo.com,136.569.942-66,(11) 96569942
ID04619,Otavio Araujo 4619,otavio.araujo.4619.4619@exemplo.com,136.577.861-03,(11) 96577861
ID04620,Vinicius Oliveira 4620,vinicius.oliveira.4620.4620@exemplo.com,N/A,N/A
ID04621,Nicolas Souza 4621,nicolas.souza.4621.4621@exemplo.com,136.593.699-77,(11) 96593699
ID04622,Juliana Carvalho 4622,juliana.carvalho.4622.4622@exemplo.com,N/A,N/A
ID04623,Sara Pereira 4623,sara.pereira.4623.4623@exemplo.com,136.609.537-51,(11) 96609537
ID04624,Natalia Gomes 4624,natalia.gomes.4624.4624@exemplo.com,136.617.456-88,(11) 96617456
ID04625,Daniela Ribeiro 4625,daniela.ribeiro.4625.4625@exemplo.com,136.625.375-25,(11) 96625375
ID04626,Olivia Araujo 4626,olivia.araujo.4626.4626@exemplo.com,136.633.294-62,(11) 96633294
ID04627,Paulo Carvalho 4627,paulo.carvalho.4627.4627@exemplo.com,N/A,N/A
ID04628,Juliana Lima 4628,juliana.lima.4628.4628@exemplo.com,136.649.132-36,(11) 96649132
ID04629,Marcelo Costa 4629,marcelo.costa.4629.4629@exemplo.com,N/A,N/A
ID04630,Victor Lima 4630,victor.lima.4630.4630@exemplo.com,136.664.970-10,(11) 96664970
ID04631,Juliana Teixeira 4631,juliana.teixeira.4631.4631@exemplo.com,136.672.889-47,(11) 96672889
ID04632,Lucas Rodrigues 4632,lucas.rodrigues.4632.4632@exemplo.com,N/A,N/A
ID04633,Carlos Teixeira 4633,carlos.teixeira.4633.4633@exemplo.com,N/A,N/A
ID04634,Isabela Carvalho 4634,isabela.carvalho.4634.4634@exemplo.com,136.696.646-58,(11) 96696646
ID04635,Beatriz Lima 4635,beatriz.lima.4635.4635@exemplo.com,136.704.565-95,(11) 96704565
ID04636,Rafael Nascimento 4636,rafael.nascimento.4636.4636@exemplo.com,136.712.484-32,(11) 96712484
ID04637,Elisa Silva 4637,elisa.silva.4637.4637@exemplo.com,136.720.403-69,(11) 96720403
ID04638,Larissa Fernandes 4638,larissa.fernandes.4638.4638@exemplo.com,136.728.322-06,(11) 96728322
ID04639,Yasmin Oliveira 4639,yasmin.oliveira.4639.4639@exemplo.com,136.736.241-43,(11) 96736241
ID04640,Fernanda Rodrigues 4640,fernanda.rodrigues.4640.4640@exemplo.com,136.744.160-80,(11) 96744160
ID04641,Felipe Rodrigues 4641,felipe.rodrigues.4641.4641@exemplo.com,136.752.079-17,(11) 96752079
ID04642,Rodrigo Nascimento 4642,rodrigo.nascimento.4642.4642@exemplo.com,136.759.998-54,(11) 96759998
ID04643,Sara Araujo 4643,sara.araujo.4643.4643@exemplo.com,136.767.917-91,(11) 96767917
ID04644,Felipe Nascimento 4644,felipe.nascimento.4644.4644@exemplo.com,136.775.836-28,(11) 96775836
ID04645,Henrique Barbosa 4645,henrique.barbosa.4645.4645@exemplo.com,N/A,N/A
ID04646,Lucas Ferreira 4646,lucas.ferreira.4646.4646@exemplo.com,136.791.674-02,(11) 96791674
ID04647,Paulo Oliveira 4647,paulo.oliveira.4647.4647@exemplo.com,136.799.593-39,(11) 96799593
ID04648,Natalia Oliveira 4648,natalia.oliveira.4648.4648@exemplo.com,N/A,N/A
ID04649,Joao Costa 4649,joao.costa.4649.4649@exemplo.com,136.815.431-13,(11) 96815431
ID04650,Joao Martins 4650,joao.martins.4650.4650@exemplo.com,136.823.350-50,(11) 96823350
ID04651,Marcelo Carvalho 4651,marcelo.carvalho.4651.4651@exemplo.com,136.831.269-87,(11) 96831269
ID04652,Valentina Gomes 4652,valentina.gomes.4652.4652@exemplo.com,136.839.188-24,(11) 96839188
ID04653,Thiago Araujo 4653,thiago.araujo.4653.4653@exemplo.com,136.847.107-61,(11) 96847107
ID04654,Larissa Gomes 4654,larissa.gomes.4654.4654@exemplo.com,N/A,N/A
ID04655,Victor Araujo 4655,victor.araujo.4655.4655@exemplo.com,N/A,N/A
ID04656,Natalia Oliveira 4656,natalia.oliveira.4656.4656@exemplo.com,136.870.864-72,(11) 96870864
ID04657,Olivia Dias 4657,olivia.dias.4657.4657@exemplo.com,136.878.783-09,(11) 96878783
ID04658,Felipe Silva 4658,felipe.silva.4658.4658@exemplo.com,136.886.702-46,(11) 96886702
ID04659,Paulo Barbosa 4659,paulo.barbosa.4659.4659@exemplo.com,136.894.621-83,(11) 96894621
ID04660,Igor Rodrigues 4660,igor.rodrigues.4660.4660@exemplo.com,136.902.540-20,(11) 96902540
ID04661,Larissa Fernandes 4661,larissa.fernandes.4661.4661@exemplo.com,136.910.459-57,(11) 96910459
ID04662,Igor Silva 4662,igor.silva.4662.4662@exemplo.com,N/A,N/A
ID04663,Mariana Ribeiro 4663,mariana.ribeiro.4663.4663@exemplo.com,136.926.297-31,(11) 96926297
ID04664,Henrique Costa 4664,henrique.costa.4664.4664@exemplo.com,136.934.216-68,(11) 96934216
ID04665,Sofia Rodrigues 4665,sofia.rodrigues.4665.4665@exemplo.com,136.942.135-05,(11) 96942135
ID04666,Henrique Martins 4666,henrique.martins.4666.4666@exemplo.com,136.950.054-42,(11) 96950054
ID04667,Sara Nascimento 4667,sara.nascimento.4667.4667@exemplo.com,N/A,N/A
ID04668,Lucas Araujo 4668,lucas.araujo.4668.4668@exemplo.com,N/A,N/A
ID04669,Rodrigo Almeida 4669,rodrigo.almeida.4669.4669@exemplo.com,136.973.811-53,(11) 96973811
ID04670,Ana Silva 4670,ana.silva.4670.4670@exemplo.com,136.981.730-90,(11) 96981730
ID04671,Joao Costa 4671,joao.costa.4671.4671@exemplo.com,136.989.649-27,(11) 96989649
ID04672,Nicolas Fernandes 4672,nicolas.fernandes.4672.4672@exemplo.com,136.997.568-64,(11) 96997568
ID04673,Isabela Teixeira 4673,isabela.teixeira.4673.4673@exemplo.com,N/A,N/A
ID04674,Olivia Pereira 4674,olivia.pereira.4674.4674@exemplo.com,N/A,N/A
ID04675,Fernanda Martins 4675,fernanda.martins.4675.4675@exemplo.com,137.021.325-75,(11) 97021325
ID04676,Camila Costa 4676,camila.costa.4676.4676@exemplo.com,137.029.244-12,(11) 97029244
ID04677,Carlos Barbosa 4677,carlos.barbosa.4677.4677@exemplo.com,137.037.163-49,(11) 97037163
ID04678,Felipe Carvalho 4678,felipe.carvalho.4678.4678@exemplo.com,137.045.082-86,(11) 97045082
ID04679,Patricia Santos 4679,patricia.santos.4679.4679@exemplo.com,137.053.001-23,(11) 97053001
ID04680,Victor Dias 4680,victor.dias.4680.4680@exemplo.com,137.060.920-60,(11) 97060920
ID04681,Olivia Carvalho 4681,olivia.carvalho.4681.4681@exemplo.com,137.068.839-97,(11) 97068839
ID04682,Nicolas Almeida 4682,nicolas.almeida.4682.4682@exemplo.com,137.076.758-34,(11) 97076758
ID04683,Henrique Silva 4683,henrique.silva.4683.4683@exemplo.com,137.084.677-71,(11) 97084677
ID04684,Nicolas Almeida 4684,nicolas.almeida.4684.4684@exemplo.com,N/A,N/A
ID04685,Larissa Ribeiro 4685,larissa.ribeiro.4685.4685@exemplo.com,137.100.515-45,(11) 97100515
ID04686,Sara Ribeiro 4686,sara.ribeiro.4686.4686@exemplo.com,N/A,N/A
ID04687,Rafael Lima 4687,rafael.lima.4687.4687@exemplo.com,N/A,N/A
ID04688,Giovana Teixeira 4688,giovana.teixeira.4688.4688@exemplo.com,137.124.272-56,(11) 97124272
ID04689,Larissa Barbosa 4689,larissa.barbosa.4689.4689@exemplo.com,137.132.191-93,(11) 97132191
ID04690,Valentina Martins 4690,valentina.martins.4690.4690@exemplo.com,137.140.110-30,(11) 97140110
ID04691,Vinicius Nascimento 4691,vinicius.nascimento.4691.4691@exemplo.com,N/A,N/A
ID04692,Marcelo Araujo 4692,marcelo.araujo.4692.4692@exemplo.com,137.155.948-04,(11) 97155948
ID04693,Sofia Moura 4693,sofia.moura.4693.4693@exemplo.com,137.163.867-41,(11) 97163867
ID04694,Thiago Dias 4694,thiago.dias.4694.4694@exemplo.com,137.171.786-78,(11) 97171786
ID04695,Sara Souza 4695,sara.souza.4695.4695@exemplo.com,137.179.705-15,(11) 97179705
ID04696,Igor Araujo 4696,igor.araujo.4696.4696@exemplo.com,N/A,N/A
ID04697,Rafael Dias 4697,rafael.dias.4697.4697@exemplo.com,137.195.543-89,(11) 97195543
ID04698,Diego Lima 4698,diego.lima.4698.4698@exemplo.com,137.203.462-26,(11) 97203462
ID04699,Rafael Ribeiro 4699,rafael.ribeiro.4699.4699@exemplo.com,137.211.381-63,(11) 97211381
ID04700,Henrique Santos 4700,henrique.santos.4700.4700@exemplo.com,137.219.300-00,(11) 97219300
ID04701,Sofia Fernandes 4701,sofia.fernandes.4701.4701@exemplo.com,137.227.219-37,(11) 97227219
ID04702,Larissa Teixeira 4702,larissa.teixeira.4702.4702@exemplo.com,N/A,N/A
ID04703,Paulo Barbosa 4703,paulo.barbosa.4703.4703@exemplo.com,137.243.057-11,(11) 97243057
ID04704,Bruno Silva 4704,bruno.silva.4704.4704@exemplo.com,137.250.976-48,(11) 97250976
ID04705,Beatriz Pereira 4705,beatriz.pereira.4705.4705@exemplo.com,N/A,N/A
ID04706,Henrique Santos 4706,henrique.santos.4706.4706@exemplo.com,N/A,N/A
ID04707,Paulo Carvalho 4707,paulo.carvalho.4707.4707@exemplo.com,137.274.733-59,(11) 97274733
ID04708,Thiago Nascimento 4708,thiago.nascimento.4708.4708@exemplo.com,137.282.652-96,(11) 97282652
ID04709,Daniela Araujo 4709,daniela.araujo.4709.4709@exemplo.com,137.290.571-33,(11) 97290571
ID04710,Igor Ribeiro 4710,igor.ribeiro.4710.4710@exemplo.com,137.298.490-70,(11) 97298490
ID04711,Henrique Nascimento 4711,henrique.nascimento.4711.4711@exemplo.com,137.306.409-07,(11) 97306409
ID04712,Valentina Rodrigues 4712,valentina.rodrigues.4712.4712@exemplo.com,137.314.328-44,(11) 97314328
ID04713,Henrique Moura 4713,henrique.moura.4713.4713@exemplo.com,137.322.247-81,(11) 97322247
ID04714,Henrique Rodrigues 4714,henrique.rodrigues.4714.4714@exemplo.com,137.330.166-18,(11) 97330166
ID04715,Gabriel Oliveira 4715,gabriel.oliveira.4715.4715@exemplo.com,N/A,N/A
ID04716,Larissa Pereira 4716,larissa.pereira.4716.4716@exemplo.com,137.346.004-92,(11) 97346004
ID04717,Nicolas Barbosa 4717,nicolas.barbosa.4717.4717@exemplo.com,137.353.923-29,(11) 97353923
ID04718,Paulo Fernandes 4718,paulo.fernandes.4718.4718@exemplo.com,137.361.842-66,(11) 97361842
ID04719,Patricia Santos 4719,patricia.santos.4719.4719@exemplo.com,137.369.761-03,(11) 97369761
ID04720,Rodrigo Silva 4720,rodrigo.silva.4720.4720@exemplo.com,137.377.680-40,(11) 97377680
ID04721,Valentina Silva 4721,valentina.silva.4721.4721@exemplo.com,137.385.599-77,(11) 97385599
ID04722,Igor Araujo 4722,igor.araujo.4722.4722@exemplo.com,137.393.518-14,(11) 97393518
ID04723,Victor Araujo 4723,victor.araujo.4723.4723@exemplo.com,137.401.437-51,(11) 97401437
ID04724,Felipe Carvalho 4724,felipe.carvalho.4724.4724@exemplo.com,137.409.356-88,(11) 97409356
ID04725,Helena Moura 4725,helena.moura.4725.4725@exemplo.com,137.417.275-25,(11) 97417275
ID04726,Carlos Almeida 4726,carlos.almeida.4726.4726@exemplo.com,137.425.194-62,(11) 97425194
ID04727,Nicolas Martins 4727,nicolas.martins.4727.4727@exemplo.com,137.433.113-99,(11) 97433113
ID04728,Ana Gomes 4728,ana.gomes.4728.4728@exemplo.com,N/A,N/A
ID04729,Joao Gomes 4729,joao.gomes.4729.4729@exemplo.com,137.448.951-73,(11) 97448951
ID04730,Beatriz Lima 4730,beatriz.lima.4730.4730@exemplo.com,N/A,N/A
ID04731,Elisa Silva 4731,elisa.silva.4731.4731@exemplo.com,137.464.789-47,(11) 97464789
ID04732,Daniela Dias 4732,daniela.dias.4732.4732@exemplo.com,137.472.708-84,(11) 97472708
ID04733,Fernanda Martins 4733,fernanda.martins.4733.4733@exemplo.com,N/A,N/A
ID04734,Vinicius Rodrigues 4734,vinicius.rodrigues.4734.4734@exemplo.com,137.488.546-58,(11) 97488546
ID04735,Juliana Ribeiro 4735,juliana.ribeiro.4735.4735@exemplo.com,137.496.465-95,(11) 97496465
ID04736,Valentina Pereira 4736,valentina.pereira.4736.4736@exemplo.com,137.504.384-32,(11) 97504384
ID04737,Thiago Nascimento 4737,thiago.nascimento.4737.4737@exemplo.com,137.512.303-69,(11) 97512303
ID04738,Isabela Ribeiro 4738,isabela.ribeiro.4738.4738@exemplo.com,137.520.222-06,(11) 97520222
ID04739,Diego Almeida 4739,diego.almeida.4739.4739@exemplo.com,137.528.141-43,(11) 97528141
ID04740,Vinicius Silva 4740,vinicius.silva.4740.4740@exemplo.com,137.536.060-80,(11) 97536060
ID04741,Paulo Lima 4741,paulo.lima.4741.4741@exemplo.com,137.543.979-17,(11) 97543979
ID04742,Helena Costa 4742,helena.costa.4742.4742@exemplo.com,137.551.898-54,(11) 97551898
ID04743,Gabriel Lima 4743,gabriel.lima.4743.4743@exemplo.com,N/A,N/A
ID04744,Yasmin Carvalho 4744,yasmin.carvalho.4744.4744@exemplo.com,N/A,N/A
ID04745,Natalia Silva 4745,natalia.silva.4745.4745@exemplo.com,137.575.655-65,(11) 97575655
ID04746,Sara Gomes 4746,sara.gomes.4746.4746@exemplo.com,N/A,N/A
ID04747,Eduardo Almeida 4747,eduardo.almeida.4747.4747@exemplo.com,137.591.493-39,(11) 97591493
ID04748,Nicolas Nascimento 4748,nicolas.nascimento.4748.4748@exemplo.com,137.599.412-76,(11) 97599412
ID04749,Daniela Santos 4749,daniela.santos.4749.4749@exemplo.com,137.607.331-13,(11) 97607331
ID04750,Eduardo Gomes 4750,eduardo.gomes.4750.4750@exemplo.com,137.615.250-50,(11) 97615250
ID04751,Larissa Dias 4751,larissa.dias.4751.4751@exemplo.com,137.623.169-87,(11) 97623169
ID04752,Otavio Dias 4752,otavio.dias.4752.4752@exemplo.com,N/A,N/A
ID04753,Gabriel Costa 4753,gabriel.costa.4753.4753@exemplo.com,137.639.007-61,(11) 97639007
ID04754,Henrique Silva 4754,henrique.silva.4754.4754@exemplo.com,137.646.926-98,(11) 97646926
ID04755,Mariana Costa 4755,mariana.costa.4755.4755@exemplo.com,N/A,N/A
ID04756,Helena Barbosa 4756,helena.barbosa.4756.4756@exemplo.com,N/A,N/A
ID04757,Sara Lima 4757,sara.lima.4757.4757@exemplo.com,137.670.683-09,(11) 97670683
ID04758,Helena Dias 4758,helena.dias.4758.4758@exemplo.com,137.678.602-46,(11) 97678602
ID04759,Nicolas Silva 4759,nicolas.silva.4759.4759@exemplo.com,137.686.521-83,(11) 97686521
ID04760,Camila Oliveira 4760,camila.oliveira.4760.4760@exemplo.com,137.694.440-20,(11) 97694440
ID04761,Juliana Fernandes 4761,juliana.fernandes.4761.4761@exemplo.com,137.702.359-57,(11) 97702359
ID04762,Felipe Rodrigues 4762,felipe.rodrigues.4762.4762@exemplo.com,137.710.278-94,(11) 97710278
ID04763,Rafael Lima 4763,rafael.lima.4763.4763@exemplo.com,137.718.197-31,(11) 97718197
ID04764,Elisa Ribeiro 4764,elisa.ribeiro.4764.4764@exemplo.com,137.726.116-68,(11) 97726116
ID04765,Valentina Gomes 4765,valentina.gomes.4765.4765@exemplo.com,137.734.035-05,(11) 97734035
ID04766,Daniela Silva 4766,daniela.silva.4766.4766@exemplo.com,137.741.954-42,(11) 97741954
ID04767,Sofia Almeida 4767,sofia.almeida.4767.4767@exemplo.com,N/A,N/A
ID04768,Isabela Oliveira 4768,isabela.oliveira.4768.4768@exemplo.com,137.757.792-16,(11) 97757792
ID04769,Natalia Santos 4769,natalia.santos.4769.4769@exemplo.com,137.765.711-53,(11) 97765711
ID04770,Valentina Martins 4770,valentina.martins.4770.4770@exemplo.com,N/A,N/A
ID04771,Helena Carvalho 4771,helena.carvalho.4771.4771@exemplo.com,137.781.549-27,(11) 97781549
ID04772,Ana Gomes 4772,ana.gomes.4772.4772@exemplo.com,137.789.468-64,(11) 97789468
ID04773,Sara Araujo 4773,sara.araujo.4773.4773@exemplo.com,137.797.387-01,(11) 97797387
ID04774,Sofia Pereira 4774,sofia.pereira.4774.4774@exemplo.com,N/A,N/A
ID04775,Camila Barbosa 4775,camila.barbosa.4775.4775@exemplo.com,N/A,N/A
ID04776,Eduardo Moura 4776,eduardo.moura.4776.4776@exemplo.com,N/A,N/A
ID04777,Daniela Dias 4777,daniela.dias.4777.4777@exemplo.com,137.829.063-49,(11) 97829063
ID04778,Eduardo Barbosa 4778,eduardo.barbosa.4778.4778@exemplo.com,137.836.982-86,(11) 97836982
ID04779,Gabriel Moura 4779,gabriel.moura.4779.4779@exemplo.com,N/A,N/A
ID04780,Rafael Pereira 4780,rafael.pereira.4780.4780@exemplo.com,137.852.820-60,(11) 97852820
ID04781,Joao Silva 4781,joao.silva.4781.4781@exemplo.com,137.860.739-97,(11) 97860739
ID04782,Juliana Teixeira 4782,juliana.teixeira.4782.4782@exemplo.com,137.868.658-34,(11) 97868658
ID04783,Elisa Almeida 4783,elisa.almeida.4783.4783@exemplo.com,137.876.577-71,(11) 97876577
ID04784,Felipe Souza 4784,felipe.souza.4784.4784@exemplo.com,N/A,N/A
ID04785,Daniela Nascimento 4785,daniela.nascimento.4785.4785@exemplo.com,137.892.415-45,(11) 97892415
ID04786,Sofia Fernandes 4786,sofia.fernandes.4786.4786@exemplo.com,137.900.334-82,(11) 97900334
ID04787,Victor Barbosa 4787,victor.barbosa.4787.4787@exemplo.com,137.908.253-19,(11) 97908253
ID04788,Elisa Barbosa 4788,elisa.barbosa.4788.4788@exemplo.com,N/A,N/A
ID04789,Juliana Lima 4789,juliana.lima.4789.4789@exemplo.com,137.924.091-93,(11) 97924091
ID04790,Camila Costa 4790,camila.costa.4790.4790@exemplo.com,137.932.010-30,(11) 97932010
ID04791,Mariana Nascimento 4791,mariana.nascimento.4791.4791@exemplo.com,137.939.929-67,(11) 97939929
ID04792,Rafael Martins 4792,rafael.martins.4792.4792@exemplo.com,137.947.848-04,(11) 97947848
ID04793,Juliana Carvalho 4793,juliana.carvalho.4793.4793@exemplo.com,137.955.767-41,(11) 97955767
ID04794,Daniela Silva 4794,daniela.silva.4794.4794@exemplo.com,137.963.686-78,(11) 97963686
ID04795,Giovana Barbosa 4795,giovana.barbosa.4795.4795@exemplo.com,137.971.605-15,(11) 97971605
ID04796,Joao Teixeira 4796,joao.teixeira.4796.4796@exemplo.com,137.979.524-52,(11) 97979524
ID04797,Helena Barbosa 4797,helena.barbosa.4797.4797@exemplo.com,137.987.443-89,(11) 97987443
ID04798,Helena Martins 4798,helena.martins.4798.4798@exemplo.com,N/A,N/A
ID04799,Giovana Costa 4799,giovana.costa.4799.4799@exemplo.com,N/A,N/A
ID04800,Helena Rodrigues 4800,helena.rodrigues.4800.4800@exemplo.com,138.011.200-00,(11) 98011200
ID04801,Nicolas Pereira 4801,nicolas.pereira.4801.4801@exemplo.com,138.019.119-37,(11) 98019119
ID04802,Eduardo Ribeiro 4802,eduardo.ribeiro.4802.4802@exemplo.com,138.027.038-74,(11) 98027038
ID04803,Juliana Almeida 4803,juliana.almeida.4803.4803@exemplo.com,138.034.957-11,(11) 98034957
ID04804,Daniela Lima 4804,daniela.lima.4804.4804@exemplo.com,138.042.876-48,(11) 98042876
ID04805,Juliana Santos 4805,juliana.santos.4805.4805@exemplo.com,138.050.795-85,(11) 98050795
ID04806,Lucas Carvalho 4806,lucas.carvalho.4806.4806@exemplo.com,138.058.714-22,(11) 98058714
ID04807,Igor Rodrigues 4807,igor.rodrigues.4807.4807@exemplo.com,138.066.633-59,(11) 98066633
ID04808,Joao Silva 4808,joao.silva.4808.4808@exemplo.com,N/A,N/A
ID04809,Diego Oliveira 4809,diego.oliveira.4809.4809@exemplo.com,138.082.471-33,(11) 98082471
ID04810,Yasmin Lima 4810,yasmin.lima.4810.4810@exemplo.com,138.090.390-70,(11) 98090390
ID04811,Thiago Martins 4811,thiago.martins.4811.4811@exemplo.com,138.098.309-07,(11) 98098309
ID04812,Rodrigo Silva 4812,rodrigo.silva.4812.4812@exemplo.com,138.106.228-44,(11) 98106228
ID04813,Natalia Araujo 4813,natalia.araujo.4813.4813@exemplo.com,138.114.147-81,(11) 98114147
ID04814,Marcelo Nascimento 4814,marcelo.nascimento.4814.4814@exemplo.com,138.122.066-18,(11) 98122066
ID04815,Sara Teixeira 4815,sara.teixeira.4815.4815@exemplo.com,N/A,N/A
ID04816,Rafael Pereira 4816,rafael.pereira.4816.4816@exemplo.com,138.137.904-92,(11) 98137904
ID04817,Eduardo Santos 4817,eduardo.santos.4817.4817@exemplo.com,138.145.823-29,(11) 98145823
ID04818,Felipe Teixeira 4818,felipe.teixeira.4818.4818@exemplo.com,138.153.742-66,(11) 98153742
ID04819,Fernanda Teixeira 4819,fernanda.teixeira.4819.4819@exemplo.com,138.161.661-03,(11) 98161661
ID04820,Giovana Costa 4820,giovana.costa.4820.4820@exemplo.com,N/A,N/A
ID04821,Giovana Pereira 4821,giovana.pereira.4821.4821@exemplo.com,N/A,N/A
ID04822,Bruno Teixeira 4822,bruno.teixeira.4822.4822@exemplo.com,N/A,N/A
ID04823,Isabela Martins 4823,isabela.martins.4823.4823@exemplo.com,N/A,N/A
ID04824,Henrique Nascimento 4824,henrique.nascimento.4824.4824@exemplo.com,N/A,N/A
ID04825,Lucas Barbosa 4825,lucas.barbosa.4825.4825@exemplo.com,138.209.175-25,(11) 98209175
ID04826,Bruno Carvalho 4826,bruno.carvalho.4826.4826@exemplo.com,138.217.094-62,(11) 98217094
ID04827,Rafael Teixeira 4827,rafael.teixeira.4827.4827@exemplo.com,138.225.013-99,(11) 98225013
ID04828,Sara Costa 4828,sara.costa.4828.4828@exemplo.com,N/A,N/A
ID04829,Carlos Souza 4829,carlos.souza.4829.4829@exemplo.com,138.240.851-73,(11) 98240851
ID04830,Isabela Martins 4830,isabela.martins.4830.4830@exemplo.com,138.248.770-10,(11) 98248770
ID04831,Natalia Silva 4831,natalia.silva.4831.4831@exemplo.com,138.256.689-47,(11) 98256689
ID04832,Rafael Carvalho 4832,rafael.carvalho.4832.4832@exemplo.com,138.264.608-84,(11) 98264608
ID04833,Mariana Gomes 4833,mariana.gomes.4833.4833@exemplo.com,138.272.527-21,(11) 98272527
ID04834,Juliana Fernandes 4834,juliana.fernandes.4834.4834@exemplo.com,N/A,N/A
ID04835,Juliana Barbosa 4835,juliana.barbosa.4835.4835@exemplo.com,N/A,N/A
ID04836,Ana Ribeiro 4836,ana.ribeiro.4836.4836@exemplo.com,138.296.284-32,(11) 98296284
ID04837,Lucas Araujo 4837,lucas.araujo.4837.4837@exemplo.com,N/A,N/A
ID04838,Bruno Gomes 4838,bruno.gomes.4838.4838@exemplo.com,N/A,N/A
ID04839,Valentina Teixeira 4839,valentina.teixeira.4839.4839@exemplo.com,138.320.041-43,(11) 98320041
ID04840,Gabriel Carvalho 4840,gabriel.carvalho.4840.4840@exemplo.com,N/A,N/A
ID04841,Thiago Pereira 4841,thiago.pereira.4841.4841@exemplo.com,138.335.879-17,(11) 98335879
ID04842,Victor Carvalho 4842,victor.carvalho.4842.4842@exemplo.com,138.343.798-54,(11) 98343798
ID04843,Isabela Rodrigues 4843,isabela.rodrigues.4843.4843@exemplo.com,138.351.717-91,(11) 98351717
ID04844,Isabela Ribeiro 4844,isabela.ribeiro.4844.4844@exemplo.com,N/A,N/A
ID04845,Paulo Teixeira 4845,paulo.teixeira.4845.4845@exemplo.com,138.367.555-65,(11) 98367555
ID04846,Marcelo Barbosa 4846,marcelo.barbosa.4846.4846@exemplo.com,138.375.474-02,(11) 98375474
ID04847,Giovana Martins 4847,giovana.martins.4847.4847@exemplo.com,N/A,N/A
ID04848,Marcelo Pereira 4848,marcelo.pereira.4848.4848@exemplo.com,138.391.312-76,(11) 98391312
ID04849,Yasmin Ribeiro 4849,yasmin.ribeiro.4849.4849@exemplo.com,138.399.231-13,(11) 98399231
ID04850,Rafael Teixeira 4850,rafael.teixeira.4850.4850@exemplo.com,138.407.150-50,(11) 98407150
ID04851,Thiago Oliveira 4851,thiago.oliveira.4851.4851@exemplo.com,138.415.069-87,(11) 98415069
ID04852,Valentina Gomes 4852,valentina.gomes.4852.4852@exemplo.com,N/A,N/A
ID04853,Vinicius Nascimento 4853,vinicius.nascimento.4853.4853@exemplo.com,N/A,N/A
ID04854,Victor Oliveira 4854,victor.oliveira.4854.4854@exemplo.com,138.438.826-98,(11) 98438826
ID04855,Nicolas Ribeiro 4855,nicolas.ribeiro.4855.4855@exemplo.com,138.446.745-35,(11) 98446745
ID04856,Otavio Barbosa 4856,otavio.barbosa.4856.4856@exemplo.com,N/A,N/A
ID04857,Daniela Oliveira 4857,daniela.oliveira.4857.4857@exemplo.com,138.462.583-09,(11) 98462583
ID04858,Beatriz Lima 4858,beatriz.lima.4858.4858@exemplo.com,138.470.502-46,(11) 98470502
ID04859,Eduardo Araujo 4859,eduardo.araujo.4859.4859@exemplo.com,138.478.421-83,(11) 98478421
ID04860,Isabela Pereira 4860,isabela.pereira.4860.4860@exemplo.com,138.486.340-20,(11) 98486340
ID04861,Paulo Martins 4861,paulo.martins.4861.4861@exemplo.com,138.494.259-57,(11) 98494259
ID04862,Nicolas Oliveira 4862,nicolas.oliveira.4862.4862@exemplo.com,138.502.178-94,(11) 98502178
ID04863,Olivia Rodrigues 4863,olivia.rodrigues.4863.4863@exemplo.com,N/A,N/A
ID04864,Nicolas Barbosa 4864,nicolas.barbosa.4864.4864@exemplo.com,138.518.016-68,(11) 98518016
ID04865,Joao Oliveira 4865,joao.oliveira.4865.4865@exemplo.com,N/A,N/A
ID04866,Marcelo Ribeiro 4866,marcelo.ribeiro.4866.4866@exemplo.com,138.533.854-42,(11) 98533854
ID04867,Yasmin Oliveira 4867,yasmin.oliveira.4867.4867@exemplo.com,138.541.773-79,(11) 98541773
ID04868,Victor Santos 4868,victor.santos.4868.4868@exemplo.com,138.549.692-16,(11) 98549692
ID04869,Henrique Silva 4869,henrique.silva.4869.4869@exemplo.com,138.557.611-53,(11) 98557611
ID04870,Felipe Carvalho 4870,felipe.carvalho.4870.4870@exemplo.com,138.565.530-90,(11) 98565530
ID04871,Victor Barbosa 4871,victor.barbosa.4871.4871@exemplo.com,138.573.449-27,(11) 98573449
ID04872,Henrique Nascimento 4872,henrique.nascimento.4872.4872@exemplo.com,N/A,N/A
ID04873,Rodrigo Pereira 4873,rodrigo.pereira.4873.4873@exemplo.com,138.589.287-01,(11) 98589287
ID04874,Larissa Barbosa 4874,larissa.barbosa.4874.4874@exemplo.com,138.597.206-38,(11) 98597206
ID04875,Camila Silva 4875,camila.silva.4875.4875@exemplo.com,138.605.125-75,(11) 98605125
ID04876,Diego Gomes 4876,diego.gomes.4876.4876@exemplo.com,N/A,N/A
ID04877,Lucas Gomes 4877,lucas.gomes.4877.4877@exemplo.com,138.620.963-49,(11) 98620963
ID04878,Joao Costa 4878,joao.costa.4878.4878@exemplo.com,138.628.882-86,(11) 98628882
ID04879,Helena Barbosa 4879,helena.barbosa.4879.4879@exemplo.com,138.636.801-23,(11) 98636801
ID04880,Yasmin Barbosa 4880,yasmin.barbosa.4880.4880@exemplo.com,138.644.720-60,(11) 98644720
ID04881,Eduardo Almeida 4881,eduardo.almeida.4881.4881@exemplo.com,138.652.639-97,(11) 98652639
ID04882,Beatriz Ribeiro 4882,beatriz.ribeiro.4882.4882@exemplo.com,138.660.558-34,(11) 98660558
ID04883,Paulo Santos 4883,paulo.santos.4883.4883@exemplo.com,138.668.477-71,(11) 98668477
ID04884,Felipe Araujo 4884,felipe.araujo.4884.4884@exemplo.com,138.676.396-08,(11) 98676396
ID04885,Yasmin Silva 4885,yasmin.silva.4885.4885@exemplo.com,138.684.315-45,(11) 98684315
ID04886,Carlos Silva 4886,carlos.silva.4886.4886@exemplo.com,138.692.234-82,(11) 98692234
ID04887,Paulo Araujo 4887,paulo.araujo.4887.4887@exemplo.com,138.700.153-19,(11) 98700153
ID04888,Daniela Lima 4888,daniela.lima.4888.4888@exemplo.com,138.708.072-56,(11) 98708072
ID04889,Rafael Moura 4889,rafael.moura.4889.4889@exemplo.com,138.715.991-93,(11) 98715991
ID04890,Marcelo Gomes 4890,marcelo.gomes.4890.4890@exemplo.com,138.723.910-30,(11) 98723910
ID04891,Otavio Rodrigues 4891,otavio.rodrigues.4891.4891@exemplo.com,138.731.829-67,(11) 98731829
ID04892,Rafael Lima 4892,rafael.lima.4892.4892@exemplo.com,138.739.748-04,(11) 98739748
ID04893,Rafael Lima 4893,rafael.lima.4893.4893@exemplo.com,N/A,N/A
ID04894,Helena Fernandes 4894,helena.fernandes.4894.4894@exemplo.com,138.755.586-78,(11) 98755586
ID04895,Bruno Nascimento 4895,bruno.nascimento.4895.4895@exemplo.com,138.763.505-15,(11) 98763505
ID04896,Eduardo Ribeiro 4896,eduardo.ribeiro.4896.4896@exemplo.com,138.771.424-52,(11) 98771424
ID04897,Nicolas Lima 4897,nicolas.lima.4897.4897@exemplo.com,138.779.343-89,(11) 98779343
ID04898,Camila Dias 4898,camila.dias.4898.4898@exemplo.com,138.787.262-26,(11) 98787262
ID04899,Otavio Lima 4899,otavio.lima.4899.4899@exemplo.com,138.795.181-63,(11) 98795181
ID04900,Ana Barbosa 4900,ana.barbosa.4900.4900@exemplo.com,N/A,N/A
ID04901,Vinicius Silva 4901,vinicius.silva.4901.4901@exemplo.com,N/A,N/A
ID04902,Paulo Ribeiro 4902,paulo.ribeiro.4902.4902@exemplo.com,N/A,N/A
ID04903,Rodrigo Lima 4903,rodrigo.lima.4903.4903@exemplo.com,138.826.857-11,(11) 98826857
ID04904,Vinicius Pereira 4904,vinicius.pereira.4904.4904@exemplo.com,N/A,N/A
ID04905,Henrique Silva 4905,henrique.silva.4905.4905@exemplo.com,138.842.695-85,(11) 98842695
ID04906,Otavio Moura 4906,otavio.moura.4906.4906@exemplo.com,138.850.614-22,(11) 98850614
ID04907,Isabela Santos 4907,isabela.santos.4907.4907@exemplo.com,N/A,N/A
ID04908,Juliana Costa 4908,juliana.costa.4908.4908@exemplo.com,138.866.452-96,(11) 98866452
ID04909,Rafael Dias 4909,rafael.dias.4909.4909@exemplo.com,N/A,N/A
ID04910,Isabela Rodrigues 4910,isabela.rodrigues.4910.4910@exemplo.com,138.882.290-70,(11) 98882290
ID04911,Felipe Almeida 4911,felipe.almeida.4911.4911@exemplo.com,138.890.209-07,(11) 98890209
ID04912,Lucas Araujo 4912,lucas.araujo.4912.4912@exemplo.com,N/A,N/A
ID04913,Isabela Carvalho 4913,isabela.carvalho.4913.4913@exemplo.com,138.906.047-81,(11) 98906047
ID04914,Fernanda Ribeiro 4914,fernanda.ribeiro.4914.4914@exemplo.com,138.913.966-18,(11) 98913966
ID04915,Fernanda Carvalho 4915,fernanda.carvalho.4915.4915@exemplo.com,138.921.885-55,(11) 98921885
ID04916,Thiago Pereira 4916,thiago.pereira.4916.4916@exemplo.com,138.929.804-92,(11) 98929804
ID04917,Juliana Moura 4917,juliana.moura.4917.4917@exemplo.com,N/A,N/A
ID04918,Vinicius Oliveira 4918,vinicius.oliveira.4918.4918@exemplo.com,N/A,N/A
ID04919,Juliana Dias 4919,juliana.dias.4919.4919@exemplo.com,N/A,N/A
ID04920,Camila Martins 4920,camila.martins.4920.4920@exemplo.com,N/A,N/A
ID04921,Giovana Pereira 4921,giovana.pereira.4921.4921@exemplo.com,N/A,N/A
ID04922,Elisa Santos 4922,elisa.santos.4922.4922@exemplo.com,138.977.318-14,(11) 98977318
ID04923,Beatriz Silva 4923,beatriz.silva.4923.4923@exemplo.com,N/A,N/A
ID04924,Daniela Martins 4924,daniela.martins.4924.4924@exemplo.com,138.993.156-88,(11) 98993156
ID04925,Yasmin Rodrigues 4925,yasmin.rodrigues.4925.4925@exemplo.com,139.001.075-25,(11) 99001075
ID04926,Olivia Martins 4926,olivia.martins.4926.4926@exemplo.com,N/A,N/A
ID04927,Fernanda Barbosa 4927,fernanda.barbosa.4927.4927@exemplo.com,139.016.913-99,(11) 99016913
ID04928,Henrique Rodrigues 4928,henrique.rodrigues.4928.4928@exemplo.com,N/A,N/A
ID04929,Paulo Lima 4929,paulo.lima.4929.4929@exemplo.com,N/A,N/A
ID04930,Marcelo Dias 4930,marcelo.dias.4930.4930@exemplo.com,139.040.670-10,(11) 99040670
ID04931,Diego Moura 4931,diego.moura.4931.4931@exemplo.com,139.048.589-47,(11) 99048589
ID04932,Isabela Rodrigues 4932,isabela.rodrigues.4932.4932@exemplo.com,139.056.508-84,(11) 99056508
ID04933,Thiago Martins 4933,thiago.martins.4933.4933@exemplo.com,N/A,N/A
ID04934,Larissa Fernandes 4934,larissa.fernandes.4934.4934@exemplo.com,139.072.346-58,(11) 99072346
ID04935,Nicolas Barbosa 4935,nicolas.barbosa.4935.4935@exemplo.com,139.080.265-95,(11) 99080265
ID04936,Marcelo Nascimento 4936,marcelo.nascimento.4936.4936@exemplo.com,N/A,N/A
ID04937,Isabela Barbosa 4937,isabela.barbosa.4937.4937@exemplo.com,N/A,N/A
ID04938,Carlos Fernandes 4938,carlos.fernandes.4938.4938@exemplo.com,139.104.022-06,(11) 99104022
ID04939,Eduardo Barbosa 4939,eduardo.barbosa.4939.4939@exemplo.com,139.111.941-43,(11) 99111941
ID04940,Eduardo Almeida 4940,eduardo.almeida.4940.4940@exemplo.com,139.119.860-80,(11) 99119860
ID04941,Carlos Nascimento 4941,carlos.nascimento.4941.4941@exemplo.com,139.127.779-17,(11) 99127779
ID04942,Mariana Nascimento 4942,mariana.nascimento.4942.4942@exemplo.com,N/A,N/A
ID04943,Natalia Teixeira 4943,natalia.teixeira.4943.4943@exemplo.com,139.143.617-91,(11) 99143617
ID04944,Olivia Pereira 4944,olivia.pereira.4944.4944@exemplo.com,139.151.536-28,(11) 99151536
ID04945,Joao Nascimento 4945,joao.nascimento.4945.4945@exemplo.com,N/A,N/A
ID04946,Elisa Almeida 4946,elisa.almeida.4946.4946@exemplo.com,139.167.374-02,(11) 99167374
ID04947,Beatriz Pereira 4947,beatriz.pereira.4947.4947@exemplo.com,N/A,N/A
ID04948,Camila Souza 4948,camila.souza.4948.4948@exemplo.com,139.183.212-76,(11) 99183212
ID04949,Paulo Moura 4949,paulo.moura.4949.4949@exemplo.com,N/A,N/A
ID04950,Henrique Souza 4950,henrique.souza.4950.4950@exemplo.com,139.199.050-50,(11) 99199050
ID04951,Helena Dias 4951,helena.dias.4951.4951@exemplo.com,139.206.969-87,(11) 99206969
ID04952,Yasmin Santos 4952,yasmin.santos.4952.4952@exemplo.com,139.214.888-24,(11) 99214888
ID04953,Mariana Nascimento 4953,mariana.nascimento.4953.4953@exemplo.com,N/A,N/A
ID04954,Larissa Carvalho 4954,larissa.carvalho.4954.4954@exemplo.com,139.230.726-98,(11) 99230726
ID04955,Fernanda Barbosa 4955,fernanda.barbosa.4955.4955@exemplo.com,139.238.645-35,(11) 99238645
ID04956,Carlos Souza 4956,carlos.souza.4956.4956@exemplo.com,N/A,N/A
ID04957,Camila Souza 4957,camila.souza.4957.4957@exemplo.com,139.254.483-09,(11) 99254483
ID04958,Natalia Fernandes 4958,natalia.fernandes.4958.4958@exemplo.com,N/A,N/A
ID04959,Diego Martins 4959,diego.martins.4959.4959@exemplo.com,139.270.321-83,(11) 99270321
ID04960,Felipe Pereira 4960,felipe.pereira.4960.4960@exemplo.com,139.278.240-20,(11) 99278240
ID04961,Isabela Santos 4961,isabela.santos.4961.4961@exemplo.com,N/A,N/A
ID04962,Mariana Nascimento 4962,mariana.nascimento.4962.4962@exemplo.com,139.294.078-94,(11) 99294078
ID04963,Daniela Pereira 4963,daniela.pereira.4963.4963@exemplo.com,139.301.997-31,(11) 99301997
ID04964,Patricia Lima 4964,patricia.lima.4964.4964@exemplo.com,139.309.916-68,(11) 99309916
ID04965,Carlos Almeida 4965,carlos.almeida.4965.4965@exemplo.com,139.317.835-05,(11) 99317835
ID04966,Bruno Lima 4966,bruno.lima.4966.4966@exemplo.com,139.325.754-42,(11) 99325754
ID04967,Sara Nascimento 4967,sara.nascimento.4967.4967@exemplo.com,139.333.673-79,(11) 99333673
ID04968,Gabriel Costa 4968,gabriel.costa.4968.4968@exemplo.com,139.341.592-16,(11) 99341592
ID04969,Valentina Rodrigues 4969,valentina.rodrigues.4969.4969@exemplo.com,139.349.511-53,(11) 99349511
ID04970,Eduardo Silva 4970,eduardo.silva.4970.4970@exemplo.com,N/A,N/A
ID04971,Helena Santos 4971,helena.santos.4971.4971@exemplo.com,N/A,N/A
ID04972,Fernanda Teixeira 4972,fernanda.teixeira.4972.4972@exemplo.com,139.373.268-64,(11) 99373268
ID04973,Victor Ribeiro 4973,victor.ribeiro.4973.4973@exemplo.com,139.381.187-01,(11) 99381187
ID04974,Carlos Moura 4974,carlos.moura.4974.4974@exemplo.com,N/A,N/A
ID04975,Sara Lima 4975,sara.lima.4975.4975@exemplo.com,139.397.025-75,(11) 99397025
ID04976,Rodrigo Martins 4976,rodrigo.martins.4976.4976@exemplo.com,N/A,N/A
ID04977,Nicolas Oliveira 4977,nicolas.oliveira.4977.4977@exemplo.com,139.412.863-49,(11) 99412863
ID04978,Paulo Lima 4978,paulo.lima.4978.4978@exemplo.com,139.420.782-86,(11) 99420782
ID04979,Victor Barbosa 4979,victor.barbosa.4979.4979@exemplo.com,139.428.701-23,(11) 99428701
ID04980,Rafael Oliveira 4980,rafael.oliveira.4980.4980@exemplo.com,N/A,N/A
ID04981,Camila Souza 4981,camila.souza.4981.4981@exemplo.com,139.444.539-97,(11) 99444539
ID04982,Larissa Silva 4982,larissa.silva.4982.4982@exemplo.com,N/A,N/A
ID04983,Nicolas Silva 4983,nicolas.silva.4983.4983@exemplo.com,N/A,N/A
ID04984,Joao Nascimento 4984,joao.nascimento.4984.4984@exemplo.com,N/A,N/A
ID04985,Valentina Rodrigues 4985,valentina.rodrigues.4985.4985@exemplo.com,139.476.215-45,(11) 99476215
ID04986,Camila Barbosa 4986,camila.barbosa.4986.4986@exemplo.com,139.484.134-82,(11) 99484134
ID04987,Vinicius Gomes 4987,vinicius.gomes.4987.4987@exemplo.com,N/A,N/A
ID04988,Sofia Rodrigues 4988,sofia.rodrigues.4988.4988@exemplo.com,N/A,N/A
ID04989,Isabela Souza 4989,isabela.souza.4989.4989@exemplo.com,139.507.891-93,(11) 99507891
ID04990,Ana Lima 4990,ana.lima.4990.4990@exemplo.com,N/A,N/A
ID04991,Marcelo Barbosa 4991,marcelo.barbosa.4991.4991@exemplo.com,139.523.729-67,(11) 99523729
ID04992,Eduardo Silva 4992,eduardo.silva.4992.4992@exemplo.com,N/A,N/A
ID04993,Ana Oliveira 4993,ana.oliveira.4993.4993@exemplo.com,139.539.567-41,(11) 99539567
ID04994,Gabriel Oliveira 4994,gabriel.oliveira.4994.4994@exemplo.com,139.547.486-78,(11) 99547486
ID04995,Elisa Santos 4995,elisa.santos.4995.4995@exemplo.com,139.555.405-15,(11) 99555405
ID04996,Valentina Teixeira 4996,valentina.teixeira.4996.4996@exemplo.com,N/A,N/A
ID04997,Eduardo Moura 4997,eduardo.moura.4997.4997@exemplo.com,139.571.243-89,(11) 99571243
ID04998,Isabela Rodrigues 4998,isabela.rodrigues.4998.4998@exemplo.com,139.579.162-26,(11) 99579162
ID04999,Larissa Fernandes 4999,larissa.fernandes.4999.4999@exemplo.com,N/A,N/A
ID05000,Gabriel Fernandes 5000,gabriel.fernandes.5000.5000@exemplo.com,139.595.000-00,(11) 99595000
ID05001,Valentina Fernandes 5001,valentina.fernandes.5001.5001@exemplo.com,N/A,N/A
ID05002,Diego Barbosa 5002,diego.barbosa.5002.5002@exemplo.com,139.610.838-74,(11) 99610838
ID05003,Otavio Pereira 5003,otavio.pereira.5003.5003@exemplo.com,N/A,N/A
ID05004,Natalia Souza 5004,natalia.souza.5004.5004@exemplo.com,139.626.676-48,(11) 99626676
ID05005,Victor Carvalho 5005,victor.carvalho.5005.5005@exemplo.com,139.634.595-85,(11) 99634595
ID05006,Otavio Teixeira 5006,otavio.teixeira.5006.5006@exemplo.com,139.642.514-22,(11) 99642514
ID05007,Vinicius Araujo 5007,vinicius.araujo.5007.5007@exemplo.com,N/A,N/A
ID05008,Olivia Lima 5008,olivia.lima.5008.5008@exemplo.com,139.658.352-96,(11) 99658352
ID05009,Isabela Souza 5009,isabela.souza.5009.5009@exemplo.com,139.666.271-33,(11) 99666271
ID05010,Vinicius Almeida 5010,vinicius.almeida.5010.5010@exemplo.com,N/A,N/A
ID05011,Sofia Almeida 5011,sofia.almeida.5011.5011@exemplo.com,139.682.109-07,(11) 99682109
ID05012,Gabriel Souza 5012,gabriel.souza.5012.5012@exemplo.com,N/A,N/A
ID05013,Helena Costa 5013,helena.costa.5013.5013@exemplo.com,139.697.947-81,(11) 99697947
ID05014,Felipe Souza 5014,felipe.souza.5014.5014@exemplo.com,139.705.866-18,(11) 99705866
ID05015,Sara Carvalho 5015,sara.carvalho.5015.5015@exemplo.com,N/A,N/A
ID05016,Helena Oliveira 5016,helena.oliveira.5016.5016@exemplo.com,139.721.704-92,(11) 99721704
ID05017,Natalia Ribeiro 5017,natalia.ribeiro.5017.5017@exemplo.com,N/A,N/A
ID05018,Eduardo Nascimento 5018,eduardo.nascimento.5018.5018@exemplo.com,N/A,N/A
ID05019,Victor Ribeiro 5019,victor.ribeiro.5019.5019@exemplo.com,139.745.461-03,(11) 99745461
ID05020,Paulo Araujo 5020,paulo.araujo.5020.5020@exemplo.com,139.753.380-40,(11) 99753380
ID05021,Larissa Souza 5021,larissa.souza.5021.5021@exemplo.com,139.761.299-77,(11) 99761299
ID05022,Sofia Costa 5022,sofia.costa.5022.5022@exemplo.com,N/A,N/A
ID05023,Natalia Souza 5023,natalia.souza.5023.5023@exemplo.com,N/A,N/A
ID05024,Natalia Silva 5024,natalia.silva.5024.5024@exemplo.com,139.785.056-88,(11) 99785056
ID05025,Helena Costa 5025,helena.costa.5025.5025@exemplo.com,139.792.975-25,(11) 99792975
ID05026,Valentina Silva 5026,valentina.silva.5026.5026@exemplo.com,N/A,N/A
ID05027,Carlos Carvalho 5027,carlos.carvalho.5027.5027@exemplo.com,N/A,N/A
ID05028,Helena Gomes 5028,helena.gomes.5028.5028@exemplo.com,139.816.732-36,(11) 99816732
ID05029,Eduardo Almeida 5029,eduardo.almeida.5029.5029@exemplo.com,139.824.651-73,(11) 99824651
ID05030,Vinicius Costa 5030,vinicius.costa.5030.5030@exemplo.com,139.832.570-10,(11) 99832570
ID05031,Rafael Oliveira 5031,rafael.oliveira.5031.5031@exemplo.com,139.840.489-47,(11) 99840489
ID05032,Gabriel Costa 5032,gabriel.costa.5032.5032@exemplo.com,N/A,N/A
ID05033,Paulo Santos 5033,paulo.santos.5033.5033@exemplo.com,139.856.327-21,(11) 99856327
ID05034,Rodrigo Santos 5034,rodrigo.santos.5034.5034@exemplo.com,139.864.246-58,(11) 99864246
ID05035,Victor Souza 5035,victor.souza.5035.5035@exemplo.com,139.872.165-95,(11) 99872165
ID05036,Vinicius Pereira 5036,vinicius.pereira.5036.5036@exemplo.com,139.880.084-32,(11) 99880084
ID05037,Sara Moura 5037,sara.moura.5037.5037@exemplo.com,139.888.003-69,(11) 99888003
ID05038,Henrique Almeida 5038,henrique.almeida.5038.5038@exemplo.com,N/A,N/A
ID05039,Victor Barbosa 5039,victor.barbosa.5039.5039@exemplo.com,139.903.841-43,(11) 99903841
ID05040,Natalia Araujo 5040,natalia.araujo.5040.5040@exemplo.com,N/A,N/A
ID05041,Rafael Souza 5041,rafael.souza.5041.5041@exemplo.com,N/A,N/A
ID05042,Camila Moura 5042,camila.moura.5042.5042@exemplo.com,N/A,N/A
ID05043,Diego Martins 5043,diego.martins.5043.5043@exemplo.com,139.935.517-91,(11) 99935517
ID05044,Gabriel Teixeira 5044,gabriel.teixeira.5044.5044@exemplo.com,139.943.436-28,(11) 99943436
ID05045,Yasmin Lima 5045,yasmin.lima.5045.5045@exemplo.com,139.951.355-65,(11) 99951355
ID05046,Olivia Dias 5046,olivia.dias.5046.5046@exemplo.com,139.959.274-02,(11) 99959274
ID05047,Thiago Costa 5047,thiago.costa.5047.5047@exemplo.com,139.967.193-39,(11) 99967193
ID05048,Nicolas Teixeira 5048,nicolas.teixeira.5048.5048@exemplo.com,N/A,N/A
ID05049,Rafael Oliveira 5049,rafael.oliveira.5049.5049@exemplo.com,139.983.031-13,(11) 99983031
ID05050,Olivia Araujo 5050,olivia.araujo.5050.5050@exemplo.com,N/A,N/A
ID05051,Daniela Teixeira 5051,daniela.teixeira.5051.5051@exemplo.com,N/A,N/A
ID05052,Victor Teixeira 5052,victor.teixeira.5052.5052@exemplo.com,140.006.788-24,(11) 90006788
ID05053,Camila Gomes 5053,camila.gomes.5053.5053@exemplo.com,140.014.707-61,(11) 90014707
ID05054,Giovana Nascimento 5054,giovana.nascimento.5054.5054@exemplo.com,N/A,N/A
ID05055,Carlos Teixeira 5055,carlos.teixeira.5055.5055@exemplo.com,140.030.545-35,(11) 90030545
ID05056,Valentina Nascimento 5056,valentina.nascimento.5056.5056@exemplo.com,140.038.464-72,(11) 90038464
ID05057,Sara Moura 5057,sara.moura.5057.5057@exemplo.com,140.046.383-09,(11) 90046383
ID05058,Lucas Martins 5058,lucas.martins.5058.5058@exemplo.com,N/A,N/A
ID05059,Joao Barbosa 5059,joao.barbosa.5059.5059@exemplo.com,N/A,N/A
ID05060,Paulo Almeida 5060,paulo.almeida.5060.5060@exemplo.com,140.070.140-20,(11) 90070140
ID05061,Joao Nascimento 5061,joao.nascimento.5061.5061@exemplo.com,N/A,N/A
ID05062,Olivia Teixeira 5062,olivia.teixeira.5062.5062@exemplo.com,140.085.978-94,(11) 90085978
ID05063,Helena Silva 5063,helena.silva.5063.5063@exemplo.com,140.093.897-31,(11) 90093897
ID05064,Fernanda Teixeira 5064,fernanda.teixeira.5064.5064@exemplo.com,140.101.816-68,(11) 90101816
ID05065,Nicolas Dias 5065,nicolas.dias.5065.5065@exemplo.com,N/A,N/A
ID05066,Isabela Araujo 5066,isabela.araujo.5066.5066@exemplo.com,N/A,N/A
ID05067,Elisa Santos 5067,elisa.santos.5067.5067@exemplo.com,N/A,N/A
ID05068,Larissa Ribeiro 5068,larissa.ribeiro.5068.5068@exemplo.com,140.133.492-16,(11) 90133492
ID05069,Eduardo Barbosa 5069,eduardo.barbosa.5069.5069@exemplo.com,140.141.411-53,(11) 90141411
ID05070,Helena Barbosa 5070,helena.barbosa.5070.5070@exemplo.com,140.149.330-90,(11) 90149330
ID05071,Nicolas Rodrigues 5071,nicolas.rodrigues.5071.5071@exemplo.com,140.157.249-27,(11) 90157249
ID05072,Giovana Gomes 5072,giovana.gomes.5072.5072@exemplo.com,N/A,N/A
ID05073,Daniela Rodrigues 5073,daniela.rodrigues.5073.5073@exemplo.com,140.173.087-01,(11) 90173087
ID05074,Lucas Ribeiro 5074,lucas.ribeiro.5074.5074@exemplo.com,140.181.006-38,(11) 90181006
ID05075,Sofia Lima 5075,sofia.lima.5075.5075@exemplo.com,140.188.925-75,(11) 90188925
ID05076,Vinicius Gomes 5076,vinicius.gomes.5076.5076@exemplo.com,140.196.844-12,(11) 90196844
ID05077,Lucas Araujo 5077,lucas.araujo.5077.5077@exemplo.com,140.204.763-49,(11) 90204763
ID05078,Victor Dias 5078,victor.dias.5078.5078@exemplo.com,N/A,N/A
ID05079,Paulo Fernandes 5079,paulo.fernandes.5079.5079@exemplo.com,140.220.601-23,(11) 90220601
ID05080,Eduardo Araujo 5080,eduardo.araujo.5080.5080@exemplo.com,140.228.520-60,(11) 90228520
ID05081,Daniela Carvalho 5081,daniela.carvalho.5081.5081@exemplo.com,N/A,N/A
ID05082,Lucas Fernandes 5082,lucas.fernandes.5082.5082@exemplo.com,N/A,N/A
ID05083,Fernanda Barbosa 5083,fernanda.barbosa.5083.5083@exemplo.com,N/A,N/A
ID05084,Sara Nascimento 5084,sara.nascimento.5084.5084@exemplo.com,140.260.196-08,(11) 90260196
ID05085,Juliana Araujo 5085,juliana.araujo.5085.5085@exemplo.com,140.268.115-45,(11) 90268115
ID05086,Daniela Oliveira 5086,daniela.oliveira.5086.5086@exemplo.com,N/A,N/A
ID05087,Paulo Almeida 5087,paulo.almeida.5087.5087@exemplo.com,N/A,N/A
ID05088,Sara Carvalho 5088,sara.carvalho.5088.5088@exemplo.com,140.291.872-56,(11) 90291872
ID05089,Lucas Santos 5089,lucas.santos.5089.5089@exemplo.com,N/A,N/A
ID05090,Bruno Carvalho 5090,bruno.carvalho.5090.5090@exemplo.com,140.307.710-30,(11) 90307710
ID05091,Igor Rodrigues 5091,igor.rodrigues.5091.5091@exemplo.com,N/A,N/A
ID05092,Juliana Carvalho 5092,juliana.carvalho.5092.5092@exemplo.com,140.323.548-04,(11) 90323548
ID05093,Nicolas Pereira 5093,nicolas.pereira.5093.5093@exemplo.com,140.331.467-41,(11) 90331467
ID05094,Sara Nascimento 5094,sara.nascimento.5094.5094@exemplo.com,140.339.386-78,(11) 90339386
ID05095,Paulo Dias 5095,paulo.dias.5095.5095@exemplo.com,N/A,N/A
ID05096,Mariana Carvalho 5096,mariana.carvalho.5096.5096@exemplo.com,N/A,N/A
ID05097,Marcelo Dias 5097,marcelo.dias.5097.5097@exemplo.com,140.363.143-89,(11) 90363143
ID05098,Joao Silva 5098,joao.silva.5098.5098@exemplo.com,140.371.062-26,(11) 90371062
ID05099,Thiago Nascimento 5099,thiago.nascimento.5099.5099@exemplo.com,140.378.981-63,(11) 90378981
ID05100,Gabriel Costa 5100,gabriel.costa.5100.5100@exemplo.com,140.386.900-00,(11) 90386900
ID05101,Sara Araujo 5101,sara.araujo.5101.5101@exemplo.com,N/A,N/A
ID05102,Bruno Martins 5102,bruno.martins.5102.5102@exemplo.com,N/A,N/A
ID05103,Rodrigo Santos 5103,rodrigo.santos.5103.5103@exemplo.com,N/A,N/A
ID05104,Olivia Martins 5104,olivia.martins.5104.5104@exemplo.com,140.418.576-48,(11) 90418576
ID05105,Patricia Santos 5105,patricia.santos.5105.5105@exemplo.com,140.426.495-85,(11) 90426495
ID05106,Vinicius Dias 5106,vinicius.dias.5106.5106@exemplo.com,140.434.414-22,(11) 90434414
ID05107,Henrique Silva 5107,henrique.silva.5107.5107@exemplo.com,140.442.333-59,(11) 90442333
ID05108,Sofia Almeida 5108,sofia.almeida.5108.5108@exemplo.com,N/A,N/A
ID05109,Patricia Nascimento 5109,patricia.nascimento.5109.5109@exemplo.com,140.458.171-33,(11) 90458171
ID05110,Juliana Souza 5110,juliana.souza.5110.5110@exemplo.com,140.466.090-70,(11) 90466090
ID05111,Bruno Martins 5111,bruno.martins.5111.5111@exemplo.com,N/A,N/A
ID05112,Natalia Teixeira 5112,natalia.teixeira.5112.5112@exemplo.com,140.481.928-44,(11) 90481928
ID05113,Bruno Pereira 5113,bruno.pereira.5113.5113@exemplo.com,N/A,N/A
ID05114,Thiago Santos 5114,thiago.santos.5114.5114@exemplo.com,N/A,N/A
ID05115,Marcelo Gomes 5115,marcelo.gomes.5115.5115@exemplo.com,140.505.685-55,(11) 90505685
ID05116,Camila Souza 5116,camila.souza.5116.5116@exemplo.com,140.513.604-92,(11) 90513604
ID05117,Patricia Dias 5117,patricia.dias.5117.5117@exemplo.com,140.521.523-29,(11) 90521523
ID05118,Elisa Barbosa 5118,elisa.barbosa.5118.5118@exemplo.com,140.529.442-66,(11) 90529442
ID05119,Valentina Rodrigues 5119,valentina.rodrigues.5119.5119@exemplo.com,140.537.361-03,(11) 90537361
ID05120,Felipe Teixeira 5120,felipe.teixeira.5120.5120@exemplo.com,140.545.280-40,(11) 90545280
ID05121,Henrique Pereira 5121,henrique.pereira.5121.5121@exemplo.com,140.553.199-77,(11) 90553199
ID05122,Valentina Carvalho 5122,valentina.carvalho.5122.5122@exemplo.com,140.561.118-14,(11) 90561118
ID05123,Isabela Carvalho 5123,isabela.carvalho.5123.5123@exemplo.com,140.569.037-51,(11) 90569037
ID05124,Yasmin Silva 5124,yasmin.silva.5124.5124@exemplo.com,N/A,N/A
ID05125,Olivia Martins 5125,olivia.martins.5125.5125@exemplo.com,N/A,N/A
ID05126,Marcelo Oliveira 5126,marcelo.oliveira.5126.5126@exemplo.com,140.592.794-62,(11) 90592794
ID05127,Vinicius Pereira 5127,vinicius.pereira.5127.5127@exemplo.com,140.600.713-99,(11) 90600713
ID05128,Fernanda Martins 5128,fernanda.martins.5128.5128@exemplo.com,140.608.632-36,(11) 90608632
ID05129,Sofia Dias 5129,sofia.dias.5129.5129@exemplo.com,N/A,N/A
ID05130,Diego Oliveira 5130,diego.oliveira.5130.5130@exemplo.com,140.624.470-10,(11) 90624470
ID05131,Elisa Martins 5131,elisa.martins.5131.5131@exemplo.com,140.632.389-47,(11) 90632389
ID05132,Igor Barbosa 5132,igor.barbosa.5132.5132@exemplo.com,140.640.308-84,(11) 90640308
ID05133,Nicolas Fernandes 5133,nicolas.fernandes.5133.5133@exemplo.com,N/A,N/A
ID05134,Henrique Pereira 5134,henrique.pereira.5134.5134@exemplo.com,N/A,N/A
ID05135,Olivia Lima 5135,olivia.lima.5135.5135@exemplo.com,140.664.065-95,(11) 90664065
ID05136,Olivia Araujo 5136,olivia.araujo.5136.5136@exemplo.com,N/A,N/A
ID05137,Henrique Fernandes 5137,henrique.fernandes.5137.5137@exemplo.com,140.679.903-69,(11) 90679903
ID05138,Patricia Almeida 5138,patricia.almeida.5138.5138@exemplo.com,140.687.822-06,(11) 90687822
ID05139,Vinicius Fernandes 5139,vinicius.fernandes.5139.5139@exemplo.com,N/A,N/A
ID05140,Nicolas Oliveira 5140,nicolas.oliveira.5140.5140@exemplo.com,140.703.660-80,(11) 90703660
ID05141,Beatriz Oliveira 5141,beatriz.oliveira.5141.5141@exemplo.com,N/A,N/A
ID05142,Fernanda Carvalho 5142,fernanda.carvalho.5142.5142@exemplo.com,140.719.498-54,(11) 90719498
ID05143,Vinicius Barbosa 5143,vinicius.barbosa.5143.5143@exemplo.com,140.727.417-91,(11) 90727417
ID05144,Daniela Oliveira 5144,daniela.oliveira.5144.5144@exemplo.com,140.735.336-28,(11) 90735336
ID05145,Natalia Teixeira 5145,natalia.teixeira.5145.5145@exemplo.com,N/A,N/A
ID05146,Otavio Fernandes 5146,otavio.fernandes.5146.5146@exemplo.com,140.751.174-02,(11) 90751174
ID05147,Elisa Barbosa 5147,elisa.barbosa.5147.5147@exemplo.com,140.759.093-39,(11) 90759093
ID05148,Beatriz Almeida 5148,beatriz.almeida.5148.5148@exemplo.com,N/A,N/A
ID05149,Nicolas Rodrigues 5149,nicolas.rodrigues.5149.5149@exemplo.com,140.774.931-13,(11) 90774931
ID05150,Elisa Oliveira 5150,elisa.oliveira.5150.5150@exemplo.com,140.782.850-50,(11) 90782850
ID05151,Eduardo Pereira 5151,eduardo.pereira.5151.5151@exemplo.com,140.790.769-87,(11) 90790769
ID05152,Juliana Teixeira 5152,juliana.teixeira.5152.5152@exemplo.com,N/A,N/A
ID05153,Paulo Araujo 5153,paulo.araujo.5153.5153@exemplo.com,140.806.607-61,(11) 90806607
ID05154,Gabriel Ribeiro 5154,gabriel.ribeiro.5154.5154@exemplo.com,140.814.526-98,(11) 90814526
ID05155,Beatriz Pereira 5155,beatriz.pereira.5155.5155@exemplo.com,140.822.445-35,(11) 90822445
ID05156,Henrique Teixeira 5156,henrique.teixeira.5156.5156@exemplo.com,N/A,N/A
ID05157,Elisa Santos 5157,elisa.santos.5157.5157@exemplo.com,N/A,N/A
ID05158,Carlos Souza 5158,carlos.souza.5158.5158@exemplo.com,N/A,N/A
ID05159,Paulo Nascimento 5159,paulo.nascimento.5159.5159@exemplo.com,140.854.121-83,(11) 90854121
ID05160,Elisa Teixeira 5160,elisa.teixeira.5160.5160@exemplo.com,140.862.040-20,(11) 90862040
ID05161,Valentina Costa 5161,valentina.costa.5161.5161@exemplo.com,140.869.959-57,(11) 90869959
ID05162,Marcelo Oliveira 5162,marcelo.oliveira.5162.5162@exemplo.com,140.877.878-94,(11) 90877878
ID05163,Sara Moura 5163,sara.moura.5163.5163@exemplo.com,N/A,N/A
ID05164,Larissa Moura 5164,larissa.moura.5164.5164@exemplo.com,140.893.716-68,(11) 90893716
ID05165,Juliana Oliveira 5165,juliana.oliveira.5165.5165@exemplo.com,140.901.635-05,(11) 90901635
ID05166,Rafael Dias 5166,rafael.dias.5166.5166@exemplo.com,N/A,N/A
ID05167,Diego Ribeiro 5167,diego.ribeiro.5167.5167@exemplo.com,N/A,N/A
ID05168,Daniela Martins 5168,daniela.martins.5168.5168@exemplo.com,140.925.392-16,(11) 90925392
ID05169,Joao Nascimento 5169,joao.nascimento.5169.5169@exemplo.com,140.933.311-53,(11) 90933311
ID05170,Thiago Teixeira 5170,thiago.teixeira.5170.5170@exemplo.com,140.941.230-90,(11) 90941230
ID05171,Felipe Barbosa 5171,felipe.barbosa.5171.5171@exemplo.com,140.949.149-27,(11) 90949149
ID05172,Larissa Gomes 5172,larissa.gomes.5172.5172@exemplo.com,140.957.068-64,(11) 90957068
ID05173,Sara Pereira 5173,sara.pereira.5173.5173@exemplo.com,140.964.987-01,(11) 90964987
ID05174,Fernanda Costa 5174,fernanda.costa.5174.5174@exemplo.com,140.972.906-38,(11) 90972906
ID05175,Carlos Souza 5175,carlos.souza.5175.5175@exemplo.com,N/A,N/A
ID05176,Joao Santos 5176,joao.santos.5176.5176@exemplo.com,140.988.744-12,(11) 90988744
ID05177,Paulo Rodrigues 5177,paulo.rodrigues.5177.5177@exemplo.com,N/A,N/A
ID05178,Beatriz Ribeiro 5178,beatriz.ribeiro.5178.5178@exemplo.com,141.004.582-86,(11) 91004582
ID05179,Eduardo Nascimento 5179,eduardo.nascimento.5179.5179@exemplo.com,141.012.501-23,(11) 91012501
ID05180,Henrique Ribeiro 5180,henrique.ribeiro.5180.5180@exemplo.com,N/A,N/A
ID05181,Valentina Oliveira 5181,valentina.oliveira.5181.5181@exemplo.com,141.028.339-97,(11) 91028339
ID05182,Marcelo Gomes 5182,marcelo.gomes.5182.5182@exemplo.com,141.036.258-34,(11) 91036258
ID05183,Bruno Silva 5183,bruno.silva.5183.5183@exemplo.com,141.044.177-71,(11) 91044177
ID05184,Olivia Teixeira 5184,olivia.teixeira.5184.5184@exemplo.com,141.052.096-08,(11) 91052096
ID05185,Isabela Souza 5185,isabela.souza.5185.5185@exemplo.com,141.060.015-45,(11) 91060015
ID05186,Camila Gomes 5186,camila.gomes.5186.5186@exemplo.com,141.067.934-82,(11) 91067934
ID05187,Bruno Pereira 5187,bruno.pereira.5187.5187@exemplo.com,141.075.853-19,(11) 91075853
ID05188,Helena Souza 5188,helena.souza.5188.5188@exemplo.com,N/A,N/A
ID05189,Bruno Pereira 5189,bruno.pereira.5189.5189@exemplo.com,N/A,N/A
ID05190,Otavio Silva 5190,otavio.silva.5190.5190@exemplo.com,N/A,N/A
ID05191,Gabriel Pereira 5191,gabriel.pereira.5191.5191@exemplo.com,N/A,N/A
ID05192,Natalia Pereira 5192,natalia.pereira.5192.5192@exemplo.com,141.115.448-04,(11) 91115448
ID05193,Paulo Martins 5193,paulo.martins.5193.5193@exemplo.com,141.123.367-41,(11) 91123367
ID05194,Gabriel Barbosa 5194,gabriel.barbosa.5194.5194@exemplo.com,141.131.286-78,(11) 91131286
ID05195,Vinicius Costa 5195,vinicius.costa.5195.5195@exemplo.com,141.139.205-15,(11) 91139205
ID05196,Victor Teixeira 5196,victor.teixeira.5196.5196@exemplo.com,141.147.124-52,(11) 91147124
ID05197,Fernanda Ribeiro 5197,fernanda.ribeiro.5197.5197@exemplo.com,141.155.043-89,(11) 91155043
ID05198,Valentina Nascimento 5198,valentina.nascimento.5198.5198@exemplo.com,N/A,N/A
ID05199,Yasmin Lima 5199,yasmin.lima.5199.5199@exemplo.com,141.170.881-63,(11) 91170881
ID05200,Sara Rodrigues 5200,sara.rodrigues.5200.5200@exemplo.com,N/A,N/A
ID05201,Daniela Ribeiro 5201,daniela.ribeiro.5201.5201@exemplo.com,N/A,N/A
ID05202,Carlos Teixeira 5202,carlos.teixeira.5202.5202@exemplo.com,141.194.638-74,(11) 91194638
ID05203,Rafael Oliveira 5203,rafael.oliveira.5203.5203@exemplo.com,141.202.557-11,(11) 91202557
ID05204,Rodrigo Fernandes 5204,rodrigo.fernandes.5204.5204@exemplo.com,141.210.476-48,(11) 91210476
ID05205,Ana Oliveira 5205,ana.oliveira.5205.5205@exemplo.com,141.218.395-85,(11) 91218395
ID05206,Isabela Nascimento 5206,isabela.nascimento.5206.5206@exemplo.com,N/A,N/A
ID05207,Carlos Fernandes 5207,carlos.fernandes.5207.5207@exemplo.com,N/A,N/A
ID05208,Natalia Barbosa 5208,natalia.barbosa.5208.5208@exemplo.com,141.242.152-96,(11) 91242152
ID05209,Felipe Rodrigues 5209,felipe.rodrigues.5209.5209@exemplo.com,141.250.071-33,(11) 91250071
ID05210,Natalia Rodrigues 5210,natalia.rodrigues.5210.5210@exemplo.com,141.257.990-70,(11) 91257990
ID05211,Mariana Fernandes 5211,mariana.fernandes.5211.5211@exemplo.com,141.265.909-07,(11) 91265909
ID05212,Valentina Martins 5212,valentina.martins.5212.5212@exemplo.com,141.273.828-44,(11) 91273828
ID05213,Larissa Oliveira 5213,larissa.oliveira.5213.5213@exemplo.com,N/A,N/A
ID05214,Valentina Lima 5214,valentina.lima.5214.5214@exemplo.com,141.289.666-18,(11) 91289666
ID05215,Ana Fernandes 5215,ana.fernandes.5215.5215@exemplo.com,141.297.585-55,(11) 91297585
ID05216,Sara Rodrigues 5216,sara.rodrigues.5216.5216@exemplo.com,141.305.504-92,(11) 91305504
ID05217,Lucas Ferreira 5217,lucas.ferreira.5217.5217@exemplo.com,141.313.423-29,(11) 91313423
ID05218,Elisa Costa 5218,elisa.costa.5218.5218@exemplo.com,141.321.342-66,(11) 91321342
ID05219,Yasmin Souza 5219,yasmin.souza.5219.5219@exemplo.com,141.329.261-03,(11) 91329261
ID05220,Beatriz Gomes 5220,beatriz.gomes.5220.5220@exemplo.com,141.337.180-40,(11) 91337180
ID05221,Eduardo Pereira 5221,eduardo.pereira.5221.5221@exemplo.com,141.345.099-77,(11) 91345099
ID05222,Nicolas Silva 5222,nicolas.silva.5222.5222@exemplo.com,141.353.018-14,(11) 91353018
ID05223,Natalia Costa 5223,natalia.costa.5223.5223@exemplo.com,141.360.937-51,(11) 91360937
ID05224,Natalia Costa 5224,natalia.costa.5224.5224@exemplo.com,N/A,N/A
ID05225,Isabela Moura 5225,isabela.moura.5225.5225@exemplo.com,141.376.775-25,(11) 91376775
ID05226,Vinicius Pereira 5226,vinicius.pereira.5226.5226@exemplo.com,141.384.694-62,(11) 91384694
ID05227,Olivia Araujo 5227,olivia.araujo.5227.5227@exemplo.com,141.392.613-99,(11) 91392613
ID05228,Camila Martins 5228,camila.martins.5228.5228@exemplo.com,141.400.532-36,(11) 91400532
ID05229,Camila Rodrigues 5229,camila.rodrigues.5229.5229@exemplo.com,141.408.451-73,(11) 91408451
ID05230,Olivia Rodrigues 5230,olivia.rodrigues.5230.5230@exemplo.com,N/A,N/A
ID05231,Rafael Ribeiro 5231,rafael.ribeiro.5231.5231@exemplo.com,N/A,N/A
ID05232,Rodrigo Almeida 5232,rodrigo.almeida.5232.5232@exemplo.com,141.432.208-84,(11) 91432208
ID05233,Natalia Gomes 5233,natalia.gomes.5233.5233@exemplo.com,141.440.127-21,(11) 91440127
ID05234,Igor Martins 5234,igor.martins.5234.5234@exemplo.com,141.448.046-58,(11) 91448046
ID05235,Joao Santos 5235,joao.santos.5235.5235@exemplo.com,141.455.965-95,(11) 91455965
ID05236,Felipe Lima 5236,felipe.lima.5236.5236@exemplo.com,141.463.884-32,(11) 91463884
ID05237,Elisa Lima 5237,elisa.lima.5237.5237@exemplo.com,141.471.803-69,(11) 91471803
ID05238,Carlos Barbosa 5238,carlos.barbosa.5238.5238@exemplo.com,N/A,N/A
ID05239,Olivia Dias 5239,olivia.dias.5239.5239@exemplo.com,N/A,N/A
ID05240,Victor Lima 5240,victor.lima.5240.5240@exemplo.com,N/A,N/A
ID05241,Paulo Rodrigues 5241,paulo.rodrigues.5241.5241@exemplo.com,N/A,N/A
ID05242,Daniela Teixeira 5242,daniela.teixeira.5242.5242@exemplo.com,141.511.398-54,(11) 91511398
ID05243,Elisa Lima 5243,elisa.lima.5243.5243@exemplo.com,141.519.317-91,(11) 91519317
ID05244,Camila Souza 5244,camila.souza.5244.5244@exemplo.com,141.527.236-28,(11) 91527236
ID05245,Helena Lima 5245,helena.lima.5245.5245@exemplo.com,141.535.155-65,(11) 91535155
ID05246,Helena Silva 5246,helena.silva.5246.5246@exemplo.com,141.543.074-02,(11) 91543074
ID05247,Isabela Barbosa 5247,isabela.barbosa.5247.5247@exemplo.com,N/A,N/A
ID05248,Sara Costa 5248,sara.costa.5248.5248@exemplo.com,N/A,N/A
ID05249,Rodrigo Fernandes 5249,rodrigo.fernandes.5249.5249@exemplo.com,141.566.831-13,(11) 91566831
ID05250,Rafael Souza 5250,rafael.souza.5250.5250@exemplo.com,141.574.750-50,(11) 91574750
ID05251,Ana Costa 5251,ana.costa.5251.5251@exemplo.com,141.582.669-87,(11) 91582669
ID05252,Helena Gomes 5252,helena.gomes.5252.5252@exemplo.com,N/A,N/A
ID05253,Bruno Almeida 5253,bruno.almeida.5253.5253@exemplo.com,141.598.507-61,(11) 91598507
ID05254,Juliana Nascimento 5254,juliana.nascimento.5254.5254@exemplo.com,N/A,N/A
ID05255,Igor Santos 5255,igor.santos.5255.5255@exemplo.com,141.614.345-35,(11) 91614345
ID05256,Nicolas Silva 5256,nicolas.silva.5256.5256@exemplo.com,141.622.264-72,(11) 91622264
ID05257,Bruno Rodrigues 5257,bruno.rodrigues.5257.5257@exemplo.com,141.630.183-09,(11) 91630183
ID05258,Marcelo Gomes 5258,marcelo.gomes.5258.5258@exemplo.com,141.638.102-46,(11) 91638102
ID05259,Giovana Teixeira 5259,giovana.teixeira.5259.5259@exemplo.com,141.646.021-83,(11) 91646021
ID05260,Carlos Nascimento 5260,carlos.nascimento.5260.5260@exemplo.com,141.653.940-20,(11) 91653940
ID05261,Larissa Carvalho 5261,larissa.carvalho.5261.5261@exemplo.com,N/A,N/A
ID05262,Diego Pereira 5262,diego.pereira.5262.5262@exemplo.com,141.669.778-94,(11) 91669778
ID05263,Mariana Silva 5263,mariana.silva.5263.5263@exemplo.com,N/A,N/A
ID05264,Beatriz Pereira 5264,beatriz.pereira.5264.5264@exemplo.com,141.685.616-68,(11) 91685616
ID05265,Victor Teixeira 5265,victor.teixeira.5265.5265@exemplo.com,141.693.535-05,(11) 91693535
ID05266,Felipe Nascimento 5266,felipe.nascimento.5266.5266@exemplo.com,141.701.454-42,(11) 91701454
ID05267,Ana Nascimento 5267,ana.nascimento.5267.5267@exemplo.com,N/A,N/A
ID05268,Paulo Fernandes 5268,paulo.fernandes.5268.5268@exemplo.com,141.717.292-16,(11) 91717292
ID05269,Joao Martins 5269,joao.martins.5269.5269@exemplo.com,N/A,N/A
ID05270,Nicolas Santos 5270,nicolas.santos.5270.5270@exemplo.com,141.733.130-90,(11) 91733130
ID05271,Paulo Dias 5271,paulo.dias.5271.5271@exemplo.com,N/A,N/A
ID05272,Sofia Moura 5272,sofia.moura.5272.5272@exemplo.com,141.748.968-64,(11) 91748968
ID05273,Nicolas Rodrigues 5273,nicolas.rodrigues.5273.5273@exemplo.com,141.756.887-01,(11) 91756887
ID05274,Henrique Pereira 5274,henrique.pereira.5274.5274@exemplo.com,141.764.806-38,(11) 91764806
ID05275,Fernanda Rodrigues 5275,fernanda.rodrigues.5275.5275@exemplo.com,141.772.725-75,(11) 91772725
ID05276,Sofia Pereira 5276,sofia.pereira.5276.5276@exemplo.com,141.780.644-12,(11) 91780644
ID05277,Valentina Oliveira 5277,valentina.oliveira.5277.5277@exemplo.com,N/A,N/A
ID05278,Joao Lima 5278,joao.lima.5278.5278@exemplo.com,141.796.482-86,(11) 91796482
ID05279,Olivia Almeida 5279,olivia.almeida.5279.5279@exemplo.com,141.804.401-23,(11) 91804401
ID05280,Juliana Martins 5280,juliana.martins.5280.5280@exemplo.com,N/A,N/A
ID05281,Joao Oliveira 5281,joao.oliveira.5281.5281@exemplo.com,N/A,N/A
ID05282,Nicolas Costa 5282,nicolas.costa.5282.5282@exemplo.com,141.828.158-34,(11) 91828158
ID05283,Joao Souza 5283,joao.souza.5283.5283@exemplo.com,141.836.077-71,(11) 91836077
ID05284,Juliana Teixeira 5284,juliana.teixeira.5284.5284@exemplo.com,N/A,N/A
ID05285,Patricia Almeida 5285,patricia.almeida.5285.5285@exemplo.com,141.851.915-45,(11) 91851915
ID05286,Igor Dias 5286,igor.dias.5286.5286@exemplo.com,N/A,N/A
ID05287,Sofia Costa 5287,sofia.costa.5287.5287@exemplo.com,141.867.753-19,(11) 91867753
ID05288,Gabriel Nascimento 5288,gabriel.nascimento.5288.5288@exemplo.com,N/A,N/A
ID05289,Sofia Martins 5289,sofia.martins.5289.5289@exemplo.com,141.883.591-93,(11) 91883591
ID05290,Valentina Souza 5290,valentina.souza.5290.5290@exemplo.com,N/A,N/A
ID05291,Beatriz Costa 5291,beatriz.costa.5291.5291@exemplo.com,N/A,N/A
ID05292,Larissa Pereira 5292,larissa.pereira.5292.5292@exemplo.com,141.907.348-04,(11) 91907348
ID05293,Beatriz Fernandes 5293,beatriz.fernandes.5293.5293@exemplo.com,N/A,N/A
ID05294,Fernanda Araujo 5294,fernanda.araujo.5294.5294@exemplo.com,141.923.186-78,(11) 91923186
ID05295,Valentina Souza 5295,valentina.souza.5295.5295@exemplo.com,N/A,N/A
ID05296,Otavio Lima 5296,otavio.lima.5296.5296@exemplo.com,N/A,N/A
ID05297,Victor Almeida 5297,victor.almeida.5297.5297@exemplo.com,141.946.943-89,(11) 91946943
ID05298,Lucas Souza 5298,lucas.souza.5298.5298@exemplo.com,141.954.862-26,(11) 91954862
ID05299,Thiago Gomes 5299,thiago.gomes.5299.5299@exemplo.com,141.962.781-63,(11) 91962781
ID05300,Valentina Santos 5300,valentina.santos.5300.5300@exemplo.com,141.970.700-00,(11) 91970700
ID05301,Paulo Costa 5301,paulo.costa.5301.5301@exemplo.com,N/A,N/A
ID05302,Juliana Martins 5302,juliana.martins.5302.5302@exemplo.com,N/A,N/A
ID05303,Sara Oliveira 5303,sara.oliveira.5303.5303@exemplo.com,141.994.457-11,(11) 91994457
ID05304,Thiago Gomes 5304,thiago.gomes.5304.5304@exemplo.com,142.002.376-48,(11) 92002376
ID05305,Valentina Costa 5305,valentina.costa.5305.5305@exemplo.com,142.010.295-85,(11) 92010295
ID05306,Ana Barbosa 5306,ana.barbosa.5306.5306@exemplo.com,142.018.214-22,(11) 92018214
ID05307,Giovana Santos 5307,giovana.santos.5307.5307@exemplo.com,142.026.133-59,(11) 92026133
ID05308,Mariana Pereira 5308,mariana.pereira.5308.5308@exemplo.com,N/A,N/A
ID05309,Valentina Rodrigues 5309,valentina.rodrigues.5309.5309@exemplo.com,142.041.971-33,(11) 92041971
ID05310,Larissa Silva 5310,larissa.silva.5310.5310@exemplo.com,N/A,N/A
ID05311,Nicolas Carvalho 5311,nicolas.carvalho.5311.5311@exemplo.com,142.057.809-07,(11) 92057809
ID05312,Bruno Araujo 5312,bruno.araujo.5312.5312@exemplo.com,N/A,N/A
ID05313,Otavio Pereira 5313,otavio.pereira.5313.5313@exemplo.com,N/A,N/A
ID05314,Eduardo Almeida 5314,eduardo.almeida.5314.5314@exemplo.com,N/A,N/A
ID05315,Helena Souza 5315,helena.souza.5315.5315@exemplo.com,142.089.485-55,(11) 92089485
ID05316,Camila Dias 5316,camila.dias.5316.5316@exemplo.com,N/A,N/A
ID05317,Lucas Carvalho 5317,lucas.carvalho.5317.5317@exemplo.com,N/A,N/A
ID05318,Marcelo Dias 5318,marcelo.dias.5318.5318@exemplo.com,N/A,N/A
ID05319,Beatriz Souza 5319,beatriz.souza.5319.5319@exemplo.com,142.121.161-03,(11) 92121161
ID05320,Marcelo Ribeiro 5320,marcelo.ribeiro.5320.5320@exemplo.com,N/A,N/A
ID05321,Lucas Martins 5321,lucas.martins.5321.5321@exemplo.com,142.136.999-77,(11) 92136999
ID05322,Isabela Carvalho 5322,isabela.carvalho.5322.5322@exemplo.com,N/A,N/A
ID05323,Natalia Oliveira 5323,natalia.oliveira.5323.5323@exemplo.com,142.152.837-51,(11) 92152837
ID05324,Bruno Martins 5324,bruno.martins.5324.5324@exemplo.com,N/A,N/A
ID05325,Olivia Costa 5325,olivia.costa.5325.5325@exemplo.com,142.168.675-25,(11) 92168675
ID05326,Sara Moura 5326,sara.moura.5326.5326@exemplo.com,N/A,N/A
ID05327,Igor Rodrigues 5327,igor.rodrigues.5327.5327@exemplo.com,142.184.513-99,(11) 92184513
ID05328,Ana Oliveira 5328,ana.oliveira.5328.5328@exemplo.com,142.192.432-36,(11) 92192432
ID05329,Vinicius Oliveira 5329,vinicius.oliveira.5329.5329@exemplo.com,N/A,N/A
ID05330,Otavio Souza 5330,otavio.souza.5330.5330@exemplo.com,N/A,N/A
ID05331,Igor Lima 5331,igor.lima.5331.5331@exemplo.com,142.216.189-47,(11) 92216189
ID05332,Victor Araujo 5332,victor.araujo.5332.5332@exemplo.com,142.224.108-84,(11) 92224108
ID05333,Joao Nascimento 5333,joao.nascimento.5333.5333@exemplo.com,N/A,N/A
ID05334,Joao Pereira 5334,joao.pereira.5334.5334@exemplo.com,142.239.946-58,(11) 92239946
ID05335,Joao Dias 5335,joao.dias.5335.5335@exemplo.com,142.247.865-95,(11) 92247865
ID05336,Gabriel Costa 5336,gabriel.costa.5336.5336@exemplo.com,142.255.784-32,(11) 92255784
ID05337,Olivia Oliveira 5337,olivia.oliveira.5337.5337@exemplo.com,142.263.703-69,(11) 92263703
ID05338,Fernanda Teixeira 5338,fernanda.teixeira.5338.5338@exemplo.com,142.271.622-06,(11) 92271622
ID05339,Rafael Martins 5339,rafael.martins.5339.5339@exemplo.com,142.279.541-43,(11) 92279541
ID05340,Felipe Teixeira 5340,felipe.teixeira.5340.5340@exemplo.com,142.287.460-80,(11) 92287460
ID05341,Rafael Souza 5341,rafael.souza.5341.5341@exemplo.com,142.295.379-17,(11) 92295379
ID05342,Felipe Carvalho 5342,felipe.carvalho.5342.5342@exemplo.com,N/A,N/A
ID05343,Camila Souza 5343,camila.souza.5343.5343@exemplo.com,142.311.217-91,(11) 92311217
ID05344,Carlos Almeida 5344,carlos.almeida.5344.5344@exemplo.com,142.319.136-28,(11) 92319136
ID05345,Camila Rodrigues 5345,camila.rodrigues.5345.5345@exemplo.com,N/A,N/A
ID05346,Sofia Nascimento 5346,sofia.nascimento.5346.5346@exemplo.com,N/A,N/A
ID05347,Elisa Dias 5347,elisa.dias.5347.5347@exemplo.com,N/A,N/A
ID05348,Juliana Oliveira 5348,juliana.oliveira.5348.5348@exemplo.com,142.350.812-76,(11) 92350812
ID05349,Patricia Nascimento 5349,patricia.nascimento.5349.5349@exemplo.com,N/A,N/A
ID05350,Juliana Rodrigues 5350,juliana.rodrigues.5350.5350@exemplo.com,N/A,N/A
ID05351,Sofia Souza 5351,sofia.souza.5351.5351@exemplo.com,N/A,N/A
ID05352,Larissa Gomes 5352,larissa.gomes.5352.5352@exemplo.com,142.382.488-24,(11) 92382488
ID05353,Sofia Pereira 5353,sofia.pereira.5353.5353@exemplo.com,142.390.407-61,(11) 92390407
ID05354,Marcelo Moura 5354,marcelo.moura.5354.5354@exemplo.com,N/A,N/A
ID05355,Gabriel Almeida 5355,gabriel.almeida.5355.5355@exemplo.com,142.406.245-35,(11) 92406245
ID05356,Olivia Martins 5356,olivia.martins.5356.5356@exemplo.com,142.414.164-72,(11) 92414164
ID05357,Natalia Teixeira 5357,natalia.teixeira.5357.5357@exemplo.com,142.422.083-09,(11) 92422083
ID05358,Carlos Santos 5358,carlos.santos.5358.5358@exemplo.com,N/A,N/A
ID05359,Beatriz Pereira 5359,beatriz.pereira.5359.5359@exemplo.com,142.437.921-83,(11) 92437921
ID05360,Juliana Rodrigues 5360,juliana.rodrigues.5360.5360@exemplo.com,N/A,N/A
ID05361,Camila Lima 5361,camila.lima.5361.5361@exemplo.com,N/A,N/A
ID05362,Helena Barbosa 5362,helena.barbosa.5362.5362@exemplo.com,N/A,N/A
ID05363,Sara Costa 5363,sara.costa.5363.5363@exemplo.com,142.469.597-31,(11) 92469597
ID05364,Lucas Fernandes 5364,lucas.fernandes.5364.5364@exemplo.com,142.477.516-68,(11) 92477516
ID05365,Nicolas Martins 5365,nicolas.martins.5365.5365@exemplo.com,142.485.435-05,(11) 92485435
ID05366,Fernanda Almeida 5366,fernanda.almeida.5366.5366@exemplo.com,N/A,N/A
ID05367,Juliana Moura 5367,juliana.moura.5367.5367@exemplo.com,142.501.273-79,(11) 92501273
ID05368,Vinicius Pereira 5368,vinicius.pereira.5368.5368@exemplo.com,142.509.192-16,(11) 92509192
ID05369,Yasmin Ribeiro 5369,yasmin.ribeiro.5369.5369@exemplo.com,N/A,N/A
ID05370,Sofia Fernandes 5370,sofia.fernandes.5370.5370@exemplo.com,N/A,N/A
ID05371,Nicolas Almeida 5371,nicolas.almeida.5371.5371@exemplo.com,142.532.949-27,(11) 92532949
ID05372,Camila Fernandes 5372,camila.fernandes.5372.5372@exemplo.com,142.540.868-64,(11) 92540868
ID05373,Mariana Nascimento 5373,mariana.nascimento.5373.5373@exemplo.com,N/A,N/A
ID05374,Elisa Costa 5374,elisa.costa.5374.5374@exemplo.com,N/A,N/A
ID05375,Paulo Barbosa 5375,paulo.barbosa.5375.5375@exemplo.com,142.564.625-75,(11) 92564625
ID05376,Larissa Ribeiro 5376,larissa.ribeiro.5376.5376@exemplo.com,142.572.544-12,(11) 92572544
ID05377,Larissa Ribeiro 5377,larissa.ribeiro.5377.5377@exemplo.com,142.580.463-49,(11) 92580463
ID05378,Gabriel Costa 5378,gabriel.costa.5378.5378@exemplo.com,N/A,N/A
ID05379,Daniela Costa 5379,daniela.costa.5379.5379@exemplo.com,142.596.301-23,(11) 92596301
ID05380,Rafael Souza 5380,rafael.souza.5380.5380@exemplo.com,142.604.220-60,(11) 92604220
ID05381,Vinicius Pereira 5381,vinicius.pereira.5381.5381@exemplo.com,142.612.139-97,(11) 92612139
ID05382,Natalia Oliveira 5382,natalia.oliveira.5382.5382@exemplo.com,N/A,N/A
ID05383,Elisa Silva 5383,elisa.silva.5383.5383@exemplo.com,142.627.977-71,(11) 92627977
ID05384,Carlos Teixeira 5384,carlos.teixeira.5384.5384@exemplo.com,142.635.896-08,(11) 92635896
ID05385,Juliana Souza 5385,juliana.souza.5385.5385@exemplo.com,142.643.815-45,(11) 92643815
ID05386,Paulo Silva 5386,paulo.silva.5386.5386@exemplo.com,142.651.734-82,(11) 92651734
ID05387,Larissa Almeida 5387,larissa.almeida.5387.5387@exemplo.com,142.659.653-19,(11) 92659653
ID05388,Felipe Souza 5388,felipe.souza.5388.5388@exemplo.com,N/A,N/A
ID05389,Beatriz Rodrigues 5389,beatriz.rodrigues.5389.5389@exemplo.com,N/A,N/A
ID05390,Isabela Nascimento 5390,isabela.nascimento.5390.5390@exemplo.com,142.683.410-30,(11) 92683410
ID05391,Diego Costa 5391,diego.costa.5391.5391@exemplo.com,142.691.329-67,(11) 92691329
ID05392,Olivia Oliveira 5392,olivia.oliveira.5392.5392@exemplo.com,142.699.248-04,(11) 92699248
ID05393,Rafael Carvalho 5393,rafael.carvalho.5393.5393@exemplo.com,N/A,N/A
ID05394,Nicolas Silva 5394,nicolas.silva.5394.5394@exemplo.com,142.715.086-78,(11) 92715086
ID05395,Olivia Lima 5395,olivia.lima.5395.5395@exemplo.com,N/A,N/A
ID05396,Paulo Dias 5396,paulo.dias.5396.5396@exemplo.com,142.730.924-52,(11) 92730924
ID05397,Helena Nascimento 5397,helena.nascimento.5397.5397@exemplo.com,142.738.843-89,(11) 92738843
ID05398,Natalia Souza 5398,natalia.souza.5398.5398@exemplo.com,N/A,N/A
ID05399,Sofia Mendes 5399,sofia.mendes.5399.5399@exemplo.com,142.754.681-63,(11) 92754681
ID05400,Carlos Fernandes 5400,carlos.fernandes.5400.5400@exemplo.com,142.762.600-00,(11) 92762600
ID05401,Natalia Barbosa 5401,natalia.barbosa.5401.5401@exemplo.com,142.770.519-37,(11) 92770519
ID05402,Sofia Souza 5402,sofia.souza.5402.5402@exemplo.com,N/A,N/A
ID05403,Patricia Almeida 5403,patricia.almeida.5403.5403@exemplo.com,N/A,N/A
ID05404,Felipe Teixeira 5404,felipe.teixeira.5404.5404@exemplo.com,N/A,N/A
ID05405,Juliana Carvalho 5405,juliana.carvalho.5405.5405@exemplo.com,142.802.195-85,(11) 92802195
ID05406,Igor Lima 5406,igor.lima.5406.5406@exemplo.com,142.810.114-22,(11) 92810114
ID05407,Olivia Araujo 5407,olivia.araujo.5407.5407@exemplo.com,142.818.033-59,(11) 92818033
ID05408,Larissa Barbosa 5408,larissa.barbosa.5408.5408@exemplo.com,142.825.952-96,(11) 92825952
ID05409,Victor Fernandes 5409,victor.fernandes.5409.5409@exemplo.com,142.833.871-33,(11) 92833871
ID05410,Beatriz Carvalho 5410,beatriz.carvalho.5410.5410@exemplo.com,142.841.790-70,(11) 92841790
ID05411,Yasmin Santos 5411,yasmin.santos.5411.5411@exemplo.com,N/A,N/A
ID05412,Nicolas Almeida 5412,nicolas.almeida.5412.5412@exemplo.com,142.857.628-44,(11) 92857628
ID05413,Helena Almeida 5413,helena.almeida.5413.5413@exemplo.com,142.865.547-81,(11) 92865547
ID05414,Helena Nascimento 5414,helena.nascimento.5414.5414@exemplo.com,N/A,N/A
ID05415,Vinicius Araujo 5415,vinicius.araujo.5415.5415@exemplo.com,142.881.385-55,(11) 92881385
ID05416,Patricia Martins 5416,patricia.martins.5416.5416@exemplo.com,N/A,N/A
ID05417,Rodrigo Dias 5417,rodrigo.dias.5417.5417@exemplo.com,142.897.223-29,(11) 92897223
ID05418,Camila Nascimento 5418,camila.nascimento.5418.5418@exemplo.com,142.905.142-66,(11) 92905142
ID05419,Otavio Carvalho 5419,otavio.carvalho.5419.5419@exemplo.com,142.913.061-03,(11) 92913061
ID05420,Henrique Santos 5420,henrique.santos.5420.5420@exemplo.com,142.920.980-40,(11) 92920980
ID05421,Larissa Costa 5421,larissa.costa.5421.5421@exemplo.com,N/A,N/A
ID05422,Carlos Teixeira 5422,carlos.teixeira.5422.5422@exemplo.com,142.936.818-14,(11) 92936818
ID05423,Olivia Moura 5423,olivia.moura.5423.5423@exemplo.com,142.944.737-51,(11) 92944737
ID05424,Fernanda Lima 5424,fernanda.lima.5424.5424@exemplo.com,142.952.656-88,(11) 92952656
ID05425,Sofia Nascimento 5425,sofia.nascimento.5425.5425@exemplo.com,142.960.575-25,(11) 92960575
ID05426,Nicolas Almeida 5426,nicolas.almeida.5426.5426@exemplo.com,142.968.494-62,(11) 92968494
ID05427,Elisa Lima 5427,elisa.lima.5427.5427@exemplo.com,142.976.413-99,(11) 92976413
ID05428,Sara Costa 5428,sara.costa.5428.5428@exemplo.com,N/A,N/A
ID05429,Beatriz Lima 5429,beatriz.lima.5429.5429@exemplo.com,N/A,N/A
ID05430,Juliana Barbosa 5430,juliana.barbosa.5430.5430@exemplo.com,N/A,N/A
ID05431,Juliana Santos 5431,juliana.santos.5431.5431@exemplo.com,N/A,N/A
ID05432,Marcelo Pereira 5432,marcelo.pereira.5432.5432@exemplo.com,143.016.008-84,(11) 93016008
ID05433,Lucas Dias 5433,lucas.dias.5433.5433@exemplo.com,143.023.927-21,(11) 93023927
ID05434,Olivia Lima 5434,olivia.lima.5434.5434@exemplo.com,143.031.846-58,(11) 93031846
ID05435,Natalia Rodrigues 5435,natalia.rodrigues.5435.5435@exemplo.com,143.039.765-95,(11) 93039765
ID05436,Thiago Teixeira 5436,thiago.teixeira.5436.5436@exemplo.com,143.047.684-32,(11) 93047684
ID05437,Eduardo Lima 5437,eduardo.lima.5437.5437@exemplo.com,N/A,N/A
ID05438,Patricia Gomes 5438,patricia.gomes.5438.5438@exemplo.com,143.063.522-06,(11) 93063522
ID05439,Sara Souza 5439,sara.souza.5439.5439@exemplo.com,N/A,N/A
ID05440,Daniela Gomes 5440,daniela.gomes.5440.5440@exemplo.com,143.079.360-80,(11) 93079360
ID05441,Otavio Dias 5441,otavio.dias.5441.5441@exemplo.com,143.087.279-17,(11) 93087279
ID05442,Marcelo Pereira 5442,marcelo.pereira.5442.5442@exemplo.com,143.095.198-54,(11) 93095198
ID05443,Rafael Fernandes 5443,rafael.fernandes.5443.5443@exemplo.com,N/A,N/A
ID05444,Felipe Ribeiro 5444,felipe.ribeiro.5444.5444@exemplo.com,143.111.036-28,(11) 93111036
ID05445,Sofia Souza 5445,sofia.souza.5445.5445@exemplo.com,N/A,N/A
ID05446,Carlos Costa 5446,carlos.costa.5446.5446@exemplo.com,143.126.874-02,(11) 93126874
ID05447,Lucas Silva 5447,lucas.silva.5447.5447@exemplo.com,143.134.793-39,(11) 93134793
ID05448,Eduardo Pereira 5448,eduardo.pereira.5448.5448@exemplo.com,N/A,N/A
ID05449,Giovana Nascimento 5449,giovana.nascimento.5449.5449@exemplo.com,N/A,N/A
ID05450,Igor Ribeiro 5450,igor.ribeiro.5450.5450@exemplo.com,143.158.550-50,(11) 93158550
ID05451,Sofia Silva 5451,sofia.silva.5451.5451@exemplo.com,143.166.469-87,(11) 93166469
ID05452,Gabriel Almeida 5452,gabriel.almeida.5452.5452@exemplo.com,143.174.388-24,(11) 93174388
ID05453,Henrique Barbosa 5453,henrique.barbosa.5453.5453@exemplo.com,N/A,N/A
ID05454,Patricia Oliveira 5454,patricia.oliveira.5454.5454@exemplo.com,143.190.226-98,(11) 93190226
ID05455,Rodrigo Pereira 5455,rodrigo.pereira.5455.5455@exemplo.com,143.198.145-35,(11) 93198145
ID05456,Rodrigo Pereira 5456,rodrigo.pereira.5456.5456@exemplo.com,N/A,N/A
ID05457,Otavio Martins 5457,otavio.martins.5457.5457@exemplo.com,143.213.983-09,(11) 93213983
ID05458,Eduardo Santos 5458,eduardo.santos.5458.5458@exemplo.com,143.221.902-46,(11) 93221902
ID05459,Rafael Ribeiro 5459,rafael.ribeiro.5459.5459@exemplo.com,143.229.821-83,(11) 93229821
ID05460,Patricia Carvalho 5460,patricia.carvalho.5460.5460@exemplo.com,143.237.740-20,(11) 93237740
ID05461,Gabriel Araujo 5461,gabriel.araujo.5461.5461@exemplo.com,143.245.659-57,(11) 93245659
ID05462,Fernanda Costa 5462,fernanda.costa.5462.5462@exemplo.com,143.253.578-94,(11) 93253578
ID05463,Felipe Teixeira 5463,felipe.teixeira.5463.5463@exemplo.com,143.261.497-31,(11) 93261497
ID05464,Fernanda Teixeira 5464,fernanda.teixeira.5464.5464@exemplo.com,143.269.416-68,(11) 93269416
ID05465,Nicolas Silva 5465,nicolas.silva.5465.5465@exemplo.com,143.277.335-05,(11) 93277335
ID05466,Vinicius Moura 5466,vinicius.moura.5466.5466@exemplo.com,143.285.254-42,(11) 93285254
ID05467,Thiago Gomes 5467,thiago.gomes.5467.5467@exemplo.com,143.293.173-79,(11) 93293173
ID05468,Eduardo Rodrigues 5468,eduardo.rodrigues.5468.5468@exemplo.com,143.301.092-16,(11) 93301092
ID05469,Gabriel Souza 5469,gabriel.souza.5469.5469@exemplo.com,143.309.011-53,(11) 93309011
ID05470,Patricia Silva 5470,patricia.silva.5470.5470@exemplo.com,N/A,N/A
ID05471,Victor Costa 5471,victor.costa.5471.5471@exemplo.com,N/A,N/A
ID05472,Natalia Costa 5472,natalia.costa.5472.5472@exemplo.com,N/A,N/A
ID05473,Olivia Almeida 5473,olivia.almeida.5473.5473@exemplo.com,N/A,N/A
ID05474,Lucas Santos 5474,lucas.santos.5474.5474@exemplo.com,N/A,N/A
ID05475,Daniela Fernandes 5475,daniela.fernandes.5475.5475@exemplo.com,143.356.525-75,(11) 93356525
ID05476,Valentina Teixeira 5476,valentina.teixeira.5476.5476@exemplo.com,143.364.444-12,(11) 93364444
ID05477,Patricia Lima 5477,patricia.lima.5477.5477@exemplo.com,143.372.363-49,(11) 93372363
ID05478,Paulo Moura 5478,paulo.moura.5478.5478@exemplo.com,N/A,N/A
ID05479,Bruno Nascimento 5479,bruno.nascimento.5479.5479@exemplo.com,N/A,N/A
ID05480,Olivia Barbosa 5480,olivia.barbosa.5480.5480@exemplo.com,N/A,N/A
ID05481,Diego Pereira 5481,diego.pereira.5481.5481@exemplo.com,143.404.039-97,(11) 93404039
ID05482,Joao Lima 5482,joao.lima.5482.5482@exemplo.com,N/A,N/A
ID05483,Rafael Carvalho 5483,rafael.carvalho.5483.5483@exemplo.com,143.419.877-71,(11) 93419877
ID05484,Ana Rodrigues 5484,ana.rodrigues.5484.5484@exemplo.com,143.427.796-08,(11) 93427796
ID05485,Camila Nascimento 5485,camila.nascimento.5485.5485@exemplo.com,143.435.715-45,(11) 93435715
ID05486,Camila Araujo 5486,camila.araujo.5486.5486@exemplo.com,N/A,N/A
ID05487,Daniela Lima 5487,daniela.lima.5487.5487@exemplo.com,N/A,N/A
ID05488,Valentina Martins 5488,valentina.martins.5488.5488@exemplo.com,143.459.472-56,(11) 93459472
ID05489,Joao Carvalho 5489,joao.carvalho.5489.5489@exemplo.com,N/A,N/A
ID05490,Olivia Lima 5490,olivia.lima.5490.5490@exemplo.com,143.475.310-30,(11) 93475310
ID05491,Valentina Fernandes 5491,valentina.fernandes.5491.5491@exemplo.com,143.483.229-67,(11) 93483229
ID05492,Larissa Pereira 5492,larissa.pereira.5492.5492@exemplo.com,143.491.148-04,(11) 93491148
ID05493,Juliana Nascimento 5493,juliana.nascimento.5493.5493@exemplo.com,143.499.067-41,(11) 93499067
ID05494,Sofia Costa 5494,sofia.costa.5494.5494@exemplo.com,143.506.986-78,(11) 93506986
ID05495,Joao Silva 5495,joao.silva.5495.5495@exemplo.com,143.514.905-15,(11) 93514905
ID05496,Thiago Teixeira 5496,thiago.teixeira.5496.5496@exemplo.com,143.522.824-52,(11) 93522824
ID05497,Rodrigo Nascimento 5497,rodrigo.nascimento.5497.5497@exemplo.com,143.530.743-89,(11) 93530743
ID05498,Otavio Costa 5498,otavio.costa.5498.5498@exemplo.com,143.538.662-26,(11) 93538662
ID05499,Olivia Dias 5499,olivia.dias.5499.5499@exemplo.com,N/A,N/A
ID05500,Elisa Santos 5500,elisa.santos.5500.5500@exemplo.com,143.554.500-00,(11) 93554500
ID05501,Patricia Lima 5501,patricia.lima.5501.5501@exemplo.com,N/A,N/A
ID05502,Juliana Almeida 5502,juliana.almeida.5502.5502@exemplo.com,143.570.338-74,(11) 93570338
ID05503,Olivia Teixeira 5503,olivia.teixeira.5503.5503@exemplo.com,143.578.257-11,(11) 93578257
ID05504,Ana Barbosa 5504,ana.barbosa.5504.5504@exemplo.com,143.586.176-48,(11) 93586176
ID05505,Sara Lima 5505,sara.lima.5505.5505@exemplo.com,143.594.095-85,(11) 93594095
ID05506,Felipe Oliveira 5506,felipe.oliveira.5506.5506@exemplo.com,N/A,N/A
ID05507,Felipe Souza 5507,felipe.souza.5507.5507@exemplo.com,143.609.933-59,(11) 93609933
ID05508,Valentina Nascimento 5508,valentina.nascimento.5508.5508@exemplo.com,143.617.852-96,(11) 93617852
ID05509,Olivia Dias 5509,olivia.dias.5509.5509@exemplo.com,N/A,N/A
ID05510,Larissa Souza 5510,larissa.souza.5510.5510@exemplo.com,N/A,N/A
ID05511,Elisa Araujo 5511,elisa.araujo.5511.5511@exemplo.com,143.641.609-07,(11) 93641609
ID05512,Olivia Araujo 5512,olivia.araujo.5512.5512@exemplo.com,143.649.528-44,(11) 93649528
ID05513,Juliana Oliveira 5513,juliana.oliveira.5513.5513@exemplo.com,143.657.447-81,(11) 93657447
ID05514,Isabela Pereira 5514,isabela.pereira.5514.5514@exemplo.com,N/A,N/A
ID05515,Juliana Araujo 5515,juliana.araujo.5515.5515@exemplo.com,143.673.285-55,(11) 93673285
ID05516,Olivia Oliveira 5516,olivia.oliveira.5516.5516@exemplo.com,N/A,N/A
ID05517,Henrique Ribeiro 5517,henrique.ribeiro.5517.5517@exemplo.com,N/A,N/A
ID05518,Eduardo Barbosa 5518,eduardo.barbosa.5518.5518@exemplo.com,N/A,N/A
ID05519,Carlos Teixeira 5519,carlos.teixeira.5519.5519@exemplo.com,143.704.961-03,(11) 93704961
ID05520,Isabela Santos 5520,isabela.santos.5520.5520@exemplo.com,143.712.880-40,(11) 93712880
ID05521,Rodrigo Fernandes 5521,rodrigo.fernandes.5521.5521@exemplo.com,143.720.799-77,(11) 93720799
ID05522,Sofia Fernandes 5522,sofia.fernandes.5522.5522@exemplo.com,143.728.718-14,(11) 93728718
ID05523,Felipe Ribeiro 5523,felipe.ribeiro.5523.5523@exemplo.com,143.736.637-51,(11) 93736637
ID05524,Rafael Oliveira 5524,rafael.oliveira.5524.5524@exemplo.com,143.744.556-88,(11) 93744556
ID05525,Sara Araujo 5525,sara.araujo.5525.5525@exemplo.com,143.752.475-25,(11) 93752475
ID05526,Victor Almeida 5526,victor.almeida.5526.5526@exemplo.com,143.760.394-62,(11) 93760394
ID05527,Yasmin Barbosa 5527,yasmin.barbosa.5527.5527@exemplo.com,143.768.313-99,(11) 93768313
ID05528,Yasmin Pereira 5528,yasmin.pereira.5528.5528@exemplo.com,N/A,N/A
ID05529,Beatriz Pereira 5529,beatriz.pereira.5529.5529@exemplo.com,143.784.151-73,(11) 93784151
ID05530,Juliana Silva 5530,juliana.silva.5530.5530@exemplo.com,N/A,N/A
ID05531,Mariana Carvalho 5531,mariana.carvalho.5531.5531@exemplo.com,143.799.989-47,(11) 93799989
ID05532,Yasmin Santos 5532,yasmin.santos.5532.5532@exemplo.com,143.807.908-84,(11) 93807908
ID05533,Patricia Lima 5533,patricia.lima.5533.5533@exemplo.com,143.815.827-21,(11) 93815827
ID05534,Nicolas Rodrigues 5534,nicolas.rodrigues.5534.5534@exemplo.com,N/A,N/A
ID05535,Valentina Ribeiro 5535,valentina.ribeiro.5535.5535@exemplo.com,N/A,N/A
ID05536,Juliana Fernandes 5536,juliana.fernandes.5536.5536@exemplo.com,N/A,N/A
ID05537,Felipe Nascimento 5537,felipe.nascimento.5537.5537@exemplo.com,N/A,N/A
ID05538,Paulo Barbosa 5538,paulo.barbosa.5538.5538@exemplo.com,143.855.422-06,(11) 93855422
ID05539,Thiago Nascimento 5539,thiago.nascimento.5539.5539@exemplo.com,143.863.341-43,(11) 93863341
ID05540,Valentina Ribeiro 5540,valentina.ribeiro.5540.5540@exemplo.com,N/A,N/A
ID05541,Olivia Almeida 5541,olivia.almeida.5541.5541@exemplo.com,N/A,N/A
ID05542,Valentina Almeida 5542,valentina.almeida.5542.5542@exemplo.com,N/A,N/A
ID05543,Lucas Martins 5543,lucas.martins.5543.5543@exemplo.com,143.895.017-91,(11) 93895017
ID05544,Larissa Almeida 5544,larissa.almeida.5544.5544@exemplo.com,N/A,N/A
ID05545,Mariana Lima 5545,mariana.lima.5545.5545@exemplo.com,143.910.855-65,(11) 93910855
ID05546,Thiago Martins 5546,thiago.martins.5546.5546@exemplo.com,N/A,N/A
ID05547,Diego Carvalho 5547,diego.carvalho.5547.5547@exemplo.com,143.926.693-39,(11) 93926693
ID05548,Sara Pereira 5548,sara.pereira.5548.5548@exemplo.com,N/A,N/A
ID05549,Joao Fernandes 5549,joao.fernandes.5549.5549@exemplo.com,143.942.531-13,(11) 93942531
ID05550,Larissa Barbosa 5550,larissa.barbosa.5550.5550@exemplo.com,143.950.450-50,(11) 93950450
ID05551,Ana Araujo 5551,ana.araujo.5551.5551@exemplo.com,N/A,N/A
ID05552,Daniela Dias 5552,daniela.dias.5552.5552@exemplo.com,N/A,N/A
ID05553,Larissa Gomes 5553,larissa.gomes.5553.5553@exemplo.com,143.974.207-61,(11) 93974207
ID05554,Eduardo Pereira 5554,eduardo.pereira.5554.5554@exemplo.com,143.982.126-98,(11) 93982126
ID05555,Daniela Santos 5555,daniela.santos.5555.5555@exemplo.com,143.990.045-35,(11) 93990045
ID05556,Juliana Ribeiro 5556,juliana.ribeiro.5556.5556@exemplo.com,N/A,N/A
ID05557,Victor Carvalho 5557,victor.carvalho.5557.5557@exemplo.com,144.005.883-09,(11) 94005883
ID05558,Diego Carvalho 5558,diego.carvalho.5558.5558@exemplo.com,144.013.802-46,(11) 94013802
ID05559,Yasmin Pereira 5559,yasmin.pereira.5559.5559@exemplo.com,144.021.721-83,(11) 94021721
ID05560,Olivia Souza 5560,olivia.souza.5560.5560@exemplo.com,144.029.640-20,(11) 94029640
ID05561,Eduardo Araujo 5561,eduardo.araujo.5561.5561@exemplo.com,N/A,N/A
ID05562,Henrique Ribeiro 5562,henrique.ribeiro.5562.5562@exemplo.com,N/A,N/A
ID05563,Helena Costa 5563,helena.costa.5563.5563@exemplo.com,144.053.397-31,(11) 94053397
ID05564,Rafael Carvalho 5564,rafael.carvalho.5564.5564@exemplo.com,N/A,N/A
ID05565,Ana Costa 5565,ana.costa.5565.5565@exemplo.com,144.069.235-05,(11) 94069235
ID05566,Bruno Nascimento 5566,bruno.nascimento.5566.5566@exemplo.com,144.077.154-42,(11) 94077154
ID05567,Mariana Nascimento 5567,mariana.nascimento.5567.5567@exemplo.com,144.085.073-79,(11) 94085073
ID05568,Carlos Silva 5568,carlos.silva.5568.5568@exemplo.com,144.092.992-16,(11) 94092992
ID05569,Patricia Nascimento 5569,patricia.nascimento.5569.5569@exemplo.com,144.100.911-53,(11) 94100911
ID05570,Diego Lima 5570,diego.lima.5570.5570@exemplo.com,144.108.830-90,(11) 94108830
ID05571,Juliana Araujo 5571,juliana.araujo.5571.5571@exemplo.com,N/A,N/A
ID05572,Bruno Carvalho 5572,bruno.carvalho.5572.5572@exemplo.com,144.124.668-64,(11) 94124668
ID05573,Gabriel Carvalho 5573,gabriel.carvalho.5573.5573@exemplo.com,144.132.587-01,(11) 94132587
ID05574,Paulo Barbosa 5574,paulo.barbosa.5574.5574@exemplo.com,144.140.506-38,(11) 94140506
ID05575,Victor Lima 5575,victor.lima.5575.5575@exemplo.com,144.148.425-75,(11) 94148425
ID05576,Victor Santos 5576,victor.santos.5576.5576@exemplo.com,144.156.344-12,(11) 94156344
ID05577,Carlos Teixeira 5577,carlos.teixeira.5577.5577@exemplo.com,N/A,N/A
ID05578,Gabriel Oliveira 5578,gabriel.oliveira.5578.5578@exemplo.com,N/A,N/A
ID05579,Sofia Fernandes 5579,sofia.fernandes.5579.5579@exemplo.com,144.180.101-23,(11) 94180101
ID05580,Sara Souza 5580,sara.souza.5580.5580@exemplo.com,144.188.020-60,(11) 94188020
ID05581,Juliana Teixeira 5581,juliana.teixeira.5581.5581@exemplo.com,144.195.939-97,(11) 94195939
ID05582,Juliana Silva 5582,juliana.silva.5582.5582@exemplo.com,144.203.858-34,(11) 94203858
ID05583,Mariana Pereira 5583,mariana.pereira.5583.5583@exemplo.com,144.211.777-71,(11) 94211777
ID05584,Joao Fernandes 5584,joao.fernandes.5584.5584@exemplo.com,144.219.696-08,(11) 94219696
ID05585,Isabela Silva 5585,isabela.silva.5585.5585@exemplo.com,144.227.615-45,(11) 94227615
ID05586,Isabela Nascimento 5586,isabela.nascimento.5586.5586@exemplo.com,N/A,N/A
ID05587,Henrique Barbosa 5587,henrique.barbosa.5587.5587@exemplo.com,144.243.453-19,(11) 94243453
ID05588,Lucas Rodrigues 5588,lucas.rodrigues.5588.5588@exemplo.com,N/A,N/A
ID05589,Vinicius Teixeira 5589,vinicius.teixeira.5589.5589@exemplo.com,144.259.291-93,(11) 94259291
ID05590,Paulo Dias 5590,paulo.dias.5590.5590@exemplo.com,144.267.210-30,(11) 94267210
ID05591,Giovana Barbosa 5591,giovana.barbosa.5591.5591@exemplo.com,144.275.129-67,(11) 94275129
ID05592,Rodrigo Almeida 5592,rodrigo.almeida.5592.5592@exemplo.com,N/A,N/A
ID05593,Camila Lima 5593,camila.lima.5593.5593@exemplo.com,144.290.967-41,(11) 94290967
ID05594,Rafael Lima 5594,rafael.lima.5594.5594@exemplo.com,N/A,N/A
ID05595,Mariana Souza 5595,mariana.souza.5595.5595@exemplo.com,144.306.805-15,(11) 94306805
ID05596,Beatriz Rodrigues 5596,beatriz.rodrigues.5596.5596@exemplo.com,144.314.724-52,(11) 94314724
ID05597,Sofia Ribeiro 5597,sofia.ribeiro.5597.5597@exemplo.com,N/A,N/A
ID05598,Nicolas Souza 5598,nicolas.souza.5598.5598@exemplo.com,N/A,N/A
ID05599,Vinicius Lima 5599,vinicius.lima.5599.5599@exemplo.com,144.338.481-63,(11) 94338481
ID05600,Beatriz Lima 5600,beatriz.lima.5600.5600@exemplo.com,N/A,N/A
ID05601,Eduardo Ribeiro 5601,eduardo.ribeiro.5601.5601@exemplo.com,144.354.319-37,(11) 94354319
ID05602,Sofia Nascimento 5602,sofia.nascimento.5602.5602@exemplo.com,144.362.238-74,(11) 94362238
ID05603,Beatriz Oliveira 5603,beatriz.oliveira.5603.5603@exemplo.com,144.370.157-11,(11) 94370157
ID05604,Henrique Pereira 5604,henrique.pereira.5604.5604@exemplo.com,144.378.076-48,(11) 94378076
ID05605,Nicolas Barbosa 5605,nicolas.barbosa.5605.5605@exemplo.com,144.385.995-85,(11) 94385995
ID05606,Mariana Pereira 5606,mariana.pereira.5606.5606@exemplo.com,144.393.914-22,(11) 94393914
ID05607,Sara Oliveira 5607,sara.oliveira.5607.5607@exemplo.com,144.401.833-59,(11) 94401833
ID05608,Juliana Almeida 5608,juliana.almeida.5608.5608@exemplo.com,N/A,N/A
ID05609,Gabriel Fernandes 5609,gabriel.fernandes.5609.5609@exemplo.com,144.417.671-33,(11) 94417671
ID05610,Yasmin Costa 5610,yasmin.costa.5610.5610@exemplo.com,N/A,N/A
ID05611,Paulo Almeida 5611,paulo.almeida.5611.5611@exemplo.com,144.433.509-07,(11) 94433509
ID05612,Juliana Araujo 5612,juliana.araujo.5612.5612@exemplo.com,144.441.428-44,(11) 94441428
ID05613,Ana Rodrigues 5613,ana.rodrigues.5613.5613@exemplo.com,N/A,N/A
ID05614,Juliana Fernandes 5614,juliana.fernandes.5614.5614@exemplo.com,N/A,N/A
ID05615,Camila Gomes 5615,camila.gomes.5615.5615@exemplo.com,N/A,N/A
ID05616,Fernanda Fernandes 5616,fernanda.fernandes.5616.5616@exemplo.com,N/A,N/A
ID05617,Larissa Nascimento 5617,larissa.nascimento.5617.5617@exemplo.com,N/A,N/A
ID05618,Diego Carvalho 5618,diego.carvalho.5618.5618@exemplo.com,144.488.942-66,(11) 94488942
ID05619,Larissa Carvalho 5619,larissa.carvalho.5619.5619@exemplo.com,144.496.861-03,(11) 94496861
ID05620,Joao Oliveira 5620,joao.oliveira.5620.5620@exemplo.com,144.504.780-40,(11) 94504780
ID05621,Otavio Silva 5621,otavio.silva.5621.5621@exemplo.com,144.512.699-77,(11) 94512699
ID05622,Helena Almeida 5622,helena.almeida.5622.5622@exemplo.com,144.520.618-14,(11) 94520618
ID05623,Joao Martins 5623,joao.martins.5623.5623@exemplo.com,144.528.537-51,(11) 94528537
ID05624,Paulo Rodrigues 5624,paulo.rodrigues.5624.5624@exemplo.com,N/A,N/A
ID05625,Vinicius Nascimento 5625,vinicius.nascimento.5625.5625@exemplo.com,N/A,N/A
ID05626,Elisa Moura 5626,elisa.moura.5626.5626@exemplo.com,144.552.294-62,(11) 94552294
ID05627,Elisa Santos 5627,elisa.santos.5627.5627@exemplo.com,N/A,N/A
ID05628,Larissa Souza 5628,larissa.souza.5628.5628@exemplo.com,144.568.132-36,(11) 94568132
ID05629,Valentina Lima 5629,valentina.lima.5629.5629@exemplo.com,144.576.051-73,(11) 94576051
ID05630,Daniela Gomes 5630,daniela.gomes.5630.5630@exemplo.com,N/A,N/A
ID05631,Larissa Pereira 5631,larissa.pereira.5631.5631@exemplo.com,N/A,N/A
ID05632,Juliana Fernandes 5632,juliana.fernandes.5632.5632@exemplo.com,144.599.808-84,(11) 94599808
ID05633,Mariana Lima 5633,mariana.lima.5633.5633@exemplo.com,144.607.727-21,(11) 94607727
ID05634,Nicolas Fernandes 5634,nicolas.fernandes.5634.5634@exemplo.com,144.615.646-58,(11) 94615646
ID05635,Natalia Souza 5635,natalia.souza.5635.5635@exemplo.com,144.623.565-95,(11) 94623565
ID05636,Gabriel Carvalho 5636,gabriel.carvalho.5636.5636@exemplo.com,N/A,N/A
ID05637,Giovana Pereira 5637,giovana.pereira.5637.5637@exemplo.com,144.639.403-69,(11) 94639403
ID05638,Helena Dias 5638,helena.dias.5638.5638@exemplo.com,144.647.322-06,(11) 94647322
ID05639,Marcelo Pereira 5639,marcelo.pereira.5639.5639@exemplo.com,N/A,N/A
ID05640,Daniela Oliveira 5640,daniela.oliveira.5640.5640@exemplo.com,N/A,N/A
ID05641,Marcelo Fernandes 5641,marcelo.fernandes.5641.5641@exemplo.com,144.671.079-17,(11) 94671079
ID05642,Giovana Ribeiro 5642,giovana.ribeiro.5642.5642@exemplo.com,N/A,N/A
ID05643,Otavio Pereira 5643,otavio.pereira.5643.5643@exemplo.com,144.686.917-91,(11) 94686917
ID05644,Beatriz Oliveira 5644,beatriz.oliveira.5644.5644@exemplo.com,144.694.836-28,(11) 94694836
ID05645,Valentina Martins 5645,valentina.martins.5645.5645@exemplo.com,144.702.755-65,(11) 94702755
ID05646,Vinicius Pereira 5646,vinicius.pereira.5646.5646@exemplo.com,N/A,N/A
ID05647,Felipe Nascimento 5647,felipe.nascimento.5647.5647@exemplo.com,144.718.593-39,(11) 94718593
ID05648,Lucas Rodrigues 5648,lucas.rodrigues.5648.5648@exemplo.com,144.726.512-76,(11) 94726512
ID05649,Valentina Carvalho 5649,valentina.carvalho.5649.5649@exemplo.com,N/A,N/A
ID05650,Camila Rodrigues 5650,camila.rodrigues.5650.5650@exemplo.com,144.742.350-50,(11) 94742350
ID05651,Juliana Silva 5651,juliana.silva.5651.5651@exemplo.com,N/A,N/A
ID05652,Valentina Oliveira 5652,valentina.oliveira.5652.5652@exemplo.com,144.758.188-24,(11) 94758188
ID05653,Bruno Nascimento 5653,bruno.nascimento.5653.5653@exemplo.com,144.766.107-61,(11) 94766107
ID05654,Diego Gomes 5654,diego.gomes.5654.5654@exemplo.com,N/A,N/A
ID05655,Ana Costa 5655,ana.costa.5655.5655@exemplo.com,N/A,N/A
ID05656,Sara Ribeiro 5656,sara.ribeiro.5656.5656@exemplo.com,N/A,N/A
ID05657,Sofia Pereira 5657,sofia.pereira.5657.5657@exemplo.com,144.797.783-09,(11) 94797783
ID05658,Isabela Santos 5658,isabela.santos.5658.5658@exemplo.com,144.805.702-46,(11) 94805702
ID05659,Thiago Rodrigues 5659,thiago.rodrigues.5659.5659@exemplo.com,144.813.621-83,(11) 94813621
ID05660,Nicolas Dias 5660,nicolas.dias.5660.5660@exemplo.com,N/A,N/A
ID05661,Joao Santos 5661,joao.santos.5661.5661@exemplo.com,144.829.459-57,(11) 94829459
ID05662,Igor Dias 5662,igor.dias.5662.5662@exemplo.com,N/A,N/A
ID05663,Rodrigo Martins 5663,rodrigo.martins.5663.5663@exemplo.com,144.845.297-31,(11) 94845297
ID05664,Carlos Barbosa 5664,carlos.barbosa.5664.5664@exemplo.com,N/A,N/A
ID05665,Nicolas Carvalho 5665,nicolas.carvalho.5665.5665@exemplo.com,N/A,N/A
ID05666,Fernanda Carvalho 5666,fernanda.carvalho.5666.5666@exemplo.com,144.869.054-42,(11) 94869054
ID05667,Beatriz Pereira 5667,beatriz.pereira.5667.5667@exemplo.com,144.876.973-79,(11) 94876973
ID05668,Bruno Almeida 5668,bruno.almeida.5668.5668@exemplo.com,N/A,N/A
ID05669,Fernanda Lima 5669,fernanda.lima.5669.5669@exemplo.com,144.892.811-53,(11) 94892811
ID05670,Isabela Nascimento 5670,isabela.nascimento.5670.5670@exemplo.com,144.900.730-90,(11) 94900730
ID05671,Victor Ribeiro 5671,victor.ribeiro.5671.5671@exemplo.com,144.908.649-27,(11) 94908649
ID05672,Daniela Santos 5672,daniela.santos.5672.5672@exemplo.com,144.916.568-64,(11) 94916568
ID05673,Bruno Teixeira 5673,bruno.teixeira.5673.5673@exemplo.com,144.924.487-01,(11) 94924487
ID05674,Bruno Santos 5674,bruno.santos.5674.5674@exemplo.com,N/A,N/A
ID05675,Daniela Rodrigues 5675,daniela.rodrigues.5675.5675@exemplo.com,144.940.325-75,(11) 94940325
ID05676,Sara Pereira 5676,sara.pereira.5676.5676@exemplo.com,N/A,N/A
ID05677,Beatriz Martins 5677,beatriz.martins.5677.5677@exemplo.com,144.956.163-49,(11) 94956163
ID05678,Rafael Oliveira 5678,rafael.oliveira.5678.5678@exemplo.com,144.964.082-86,(11) 94964082
ID05679,Thiago Gomes 5679,thiago.gomes.5679.5679@exemplo.com,144.972.001-23,(11) 94972001
ID05680,Helena Nascimento 5680,helena.nascimento.5680.5680@exemplo.com,N/A,N/A
ID05681,Beatriz Martins 5681,beatriz.martins.5681.5681@exemplo.com,144.987.839-97,(11) 94987839
ID05682,Rafael Souza 5682,rafael.souza.5682.5682@exemplo.com,144.995.758-34,(11) 94995758
ID05683,Eduardo Nascimento 5683,eduardo.nascimento.5683.5683@exemplo.com,145.003.677-71,(11) 95003677
ID05684,Thiago Araujo 5684,thiago.araujo.5684.5684@exemplo.com,145.011.596-08,(11) 95011596
ID05685,Henrique Nascimento 5685,henrique.nascimento.5685.5685@exemplo.com,N/A,N/A
ID05686,Henrique Almeida 5686,henrique.almeida.5686.5686@exemplo.com,N/A,N/A
ID05687,Sofia Pereira 5687,sofia.pereira.5687.5687@exemplo.com,N/A,N/A
ID05688,Felipe Martins 5688,felipe.martins.5688.5688@exemplo.com,145.043.272-56,(11) 95043272
ID05689,Eduardo Silva 5689,eduardo.silva.5689.5689@exemplo.com,145.051.191-93,(11) 95051191
ID05690,Beatriz Costa 5690,beatriz.costa.5690.5690@exemplo.com,145.059.110-30,(11) 95059110
ID05691,Rafael Dias 5691,rafael.dias.5691.5691@exemplo.com,145.067.029-67,(11) 95067029
ID05692,Valentina Silva 5692,valentina.silva.5692.5692@exemplo.com,145.074.948-04,(11) 95074948
ID05693,Marcelo Gomes 5693,marcelo.gomes.5693.5693@exemplo.com,145.082.867-41,(11) 95082867
ID05694,Isabela Nascimento 5694,isabela.nascimento.5694.5694@exemplo.com,145.090.786-78,(11) 95090786
ID05695,Rafael Souza 5695,rafael.souza.5695.5695@exemplo.com,N/A,N/A
ID05696,Lucas Dias 5696,lucas.dias.5696.5696@exemplo.com,145.106.624-52,(11) 95106624
ID05697,Olivia Teixeira 5697,olivia.teixeira.5697.5697@exemplo.com,145.114.543-89,(11) 95114543
ID05698,Patricia Martins 5698,patricia.martins.5698.5698@exemplo.com,145.122.462-26,(11) 95122462
ID05699,Beatriz Rodrigues 5699,beatriz.rodrigues.5699.5699@exemplo.com,145.130.381-63,(11) 95130381
ID05700,Sofia Nascimento 5700,sofia.nascimento.5700.5700@exemplo.com,145.138.300-00,(11) 95138300
ID05701,Victor Pereira 5701,victor.pereira.5701.5701@exemplo.com,N/A,N/A
ID05702,Ana Rodrigues 5702,ana.rodrigues.5702.5702@exemplo.com,145.154.138-74,(11) 95154138
ID05703,Juliana Santos 5703,juliana.santos.5703.5703@exemplo.com,145.162.057-11,(11) 95162057
ID05704,Sara Lima 5704,sara.lima.5704.5704@exemplo.com,N/A,N/A
ID05705,Marcelo Barbosa 5705,marcelo.barbosa.5705.5705@exemplo.com,145.177.895-85,(11) 95177895
ID05706,Sara Ribeiro 5706,sara.ribeiro.5706.5706@exemplo.com,145.185.814-22,(11) 95185814
ID05707,Bruno Almeida 5707,bruno.almeida.5707.5707@exemplo.com,145.193.733-59,(11) 95193733
ID05708,Juliana Costa 5708,juliana.costa.5708.5708@exemplo.com,145.201.652-96,(11) 95201652
ID05709,Diego Almeida 5709,diego.almeida.5709.5709@exemplo.com,N/A,N/A
ID05710,Rodrigo Costa 5710,rodrigo.costa.5710.5710@exemplo.com,145.217.490-70,(11) 95217490
ID05711,Nicolas Silva 5711,nicolas.silva.5711.5711@exemplo.com,N/A,N/A
ID05712,Valentina Carvalho 5712,valentina.carvalho.5712.5712@exemplo.com,145.233.328-44,(11) 95233328
ID05713,Thiago Dias 5713,thiago.dias.5713.5713@exemplo.com,145.241.247-81,(11) 95241247
ID05714,Valentina Oliveira 5714,valentina.oliveira.5714.5714@exemplo.com,145.249.166-18,(11) 95249166
ID05715,Joao Fernandes 5715,joao.fernandes.5715.5715@exemplo.com,N/A,N/A
ID05716,Felipe Moura 5716,felipe.moura.5716.5716@exemplo.com,145.265.004-92,(11) 95265004
ID05717,Larissa Souza 5717,larissa.souza.5717.5717@exemplo.com,145.272.923-29,(11) 95272923
ID05718,Ana Souza 5718,ana.souza.5718.5718@exemplo.com,145.280.842-66,(11) 95280842
ID05719,Rodrigo Pereira 5719,rodrigo.pereira.5719.5719@exemplo.com,145.288.761-03,(11) 95288761
ID05720,Paulo Teixeira 5720,paulo.teixeira.5720.5720@exemplo.com,145.296.680-40,(11) 95296680
ID05721,Henrique Barbosa 5721,henrique.barbosa.5721.5721@exemplo.com,145.304.599-77,(11) 95304599
ID05722,Natalia Rodrigues 5722,natalia.rodrigues.5722.5722@exemplo.com,145.312.518-14,(11) 95312518
ID05723,Sofia Dias 5723,sofia.dias.5723.5723@exemplo.com,145.320.437-51,(11) 95320437
ID05724,Isabela Oliveira 5724,isabela.oliveira.5724.5724@exemplo.com,145.328.356-88,(11) 95328356
ID05725,Vanessa Dias 5725,vanessa.dias.5725.5725@exemplo.com,145.336.275-25,(11) 95336275
ID05726,Rodrigo Oliveira 5726,rodrigo.oliveira.5726.5726@exemplo.com,N/A,N/A
ID05727,Lucas Araujo 5727,lucas.araujo.5727.5727@exemplo.com,N/A,N/A
ID05728,Lucas Barbosa 5728,lucas.barbosa.5728.5728@exemplo.com,145.360.032-36,(11) 95360032
ID05729,Rodrigo Araujo 5729,rodrigo.araujo.5729.5729@exemplo.com,N/A,N/A
ID05730,Bruno Martins 5730,bruno.martins.5730.5730@exemplo.com,N/A,N/A
ID05731,Carlos Fernandes 5731,carlos.fernandes.5731.5731@exemplo.com,145.383.789-47,(11) 95383789
ID05732,Joao Almeida 5732,joao.almeida.5732.5732@exemplo.com,N/A,N/A
ID05733,Rafael Dias 5733,rafael.dias.5733.5733@exemplo.com,145.399.627-21,(11) 95399627
ID05734,Paulo Araujo 5734,paulo.araujo.5734.5734@exemplo.com,145.407.546-58,(11) 95407546
ID05735,Igor Santos 5735,igor.santos.5735.5735@exemplo.com,145.415.465-95,(11) 95415465
ID05736,Otavio Moura 5736,otavio.moura.5736.5736@exemplo.com,N/A,N/A
ID05737,Daniela Moura 5737,daniela.moura.5737.5737@exemplo.com,145.431.303-69,(11) 95431303
ID05738,Vinicius Pereira 5738,vinicius.pereira.5738.5738@exemplo.com,145.439.222-06,(11) 95439222
ID05739,Igor Araujo 5739,igor.araujo.5739.5739@exemplo.com,145.447.141-43,(11) 95447141
ID05740,Vinicius Nascimento 5740,vinicius.nascimento.5740.5740@exemplo.com,145.455.060-80,(11) 95455060
ID05741,Eduardo Almeida 5741,eduardo.almeida.5741.5741@exemplo.com,145.462.979-17,(11) 95462979
ID05742,Bruno Lima 5742,bruno.lima.5742.5742@exemplo.com,N/A,N/A
ID05743,Larissa Gomes 5743,larissa.gomes.5743.5743@exemplo.com,145.478.817-91,(11) 95478817
ID05744,Ana Araujo 5744,ana.araujo.5744.5744@exemplo.com,145.486.736-28,(11) 95486736
ID05745,Valentina Martins 5745,valentina.martins.5745.5745@exemplo.com,145.494.655-65,(11) 95494655
ID05746,Vinicius Martins 5746,vinicius.martins.5746.5746@exemplo.com,N/A,N/A
ID05747,Natalia Carvalho 5747,natalia.carvalho.5747.5747@exemplo.com,145.510.493-39,(11) 95510493
ID05748,Fernanda Araujo 5748,fernanda.araujo.5748.5748@exemplo.com,145.518.412-76,(11) 95518412
ID05749,Gabriel Nascimento 5749,gabriel.nascimento.5749.5749@exemplo.com,N/A,N/A
ID05750,Natalia Ribeiro 5750,natalia.ribeiro.5750.5750@exemplo.com,145.534.250-50,(11) 95534250
ID05751,Sofia Lima 5751,sofia.lima.5751.5751@exemplo.com,N/A,N/A
ID05752,Juliana Souza 5752,juliana.souza.5752.5752@exemplo.com,145.550.088-24,(11) 95550088
ID05753,Natalia Souza 5753,natalia.souza.5753.5753@exemplo.com,145.558.007-61,(11) 95558007
ID05754,Otavio Martins 5754,otavio.martins.5754.5754@exemplo.com,N/A,N/A
ID05755,Natalia Souza 5755,natalia.souza.5755.5755@exemplo.com,N/A,N/A
ID05756,Henrique Rodrigues 5756,henrique.rodrigues.5756.5756@exemplo.com,145.581.764-72,(11) 95581764
ID05757,Rafael Pereira 5757,rafael.pereira.5757.5757@exemplo.com,145.589.683-09,(11) 95589683
ID05758,Isabela Martins 5758,isabela.martins.5758.5758@exemplo.com,145.597.602-46,(11) 95597602
ID05759,Otavio Dias 5759,otavio.dias.5759.5759@exemplo.com,145.605.521-83,(11) 95605521
ID05760,Igor Dias 5760,igor.dias.5760.5760@exemplo.com,N/A,N/A
ID05761,Diego Moura 5761,diego.moura.5761.5761@exemplo.com,N/A,N/A
ID05762,Gabriel Souza 5762,gabriel.souza.5762.5762@exemplo.com,N/A,N/A
ID05763,Thiago Nascimento 5763,thiago.nascimento.5763.5763@exemplo.com,N/A,N/A
ID05764,Rafael Pereira 5764,rafael.pereira.5764.5764@exemplo.com,145.645.116-68,(11) 95645116
ID05765,Joao Araujo 5765,joao.araujo.5765.5765@exemplo.com,145.653.035-05,(11) 95653035
ID05766,Bruno Costa 5766,bruno.costa.5766.5766@exemplo.com,145.660.954-42,(11) 95660954
ID05767,Henrique Carvalho 5767,henrique.carvalho.5767.5767@exemplo.com,N/A,N/A
ID05768,Fernanda Almeida 5768,fernanda.almeida.5768.5768@exemplo.com,145.676.792-16,(11) 95676792
ID05769,Nicolas Barbosa 5769,nicolas.barbosa.5769.5769@exemplo.com,145.684.711-53,(11) 95684711
ID05770,Joao Araujo 5770,joao.araujo.5770.5770@exemplo.com,N/A,N/A
ID05771,Elisa Ribeiro 5771,elisa.ribeiro.5771.5771@exemplo.com,N/A,N/A
ID05772,Joao Martins 5772,joao.martins.5772.5772@exemplo.com,145.708.468-64,(11) 95708468
ID05773,Thiago Nascimento 5773,thiago.nascimento.5773.5773@exemplo.com,145.716.387-01,(11) 95716387
ID05774,Fernanda Teixeira 5774,fernanda.teixeira.5774.5774@exemplo.com,145.724.306-38,(11) 95724306
ID05775,Isabela Carvalho 5775,isabela.carvalho.5775.5775@exemplo.com,N/A,N/A
ID05776,Nicolas Silva 5776,nicolas.silva.5776.5776@exemplo.com,145.740.144-12,(11) 95740144
ID05777,Natalia Ribeiro 5777,natalia.ribeiro.5777.5777@exemplo.com,145.748.063-49,(11) 95748063
ID05778,Victor Araujo 5778,victor.araujo.5778.5778@exemplo.com,N/A,N/A
ID05779,Fernanda Araujo 5779,fernanda.araujo.5779.5779@exemplo.com,145.763.901-23,(11) 95763901
ID05780,Isabela Pereira 5780,isabela.pereira.5780.5780@exemplo.com,145.771.820-60,(11) 95771820
ID05781,Rodrigo Costa 5781,rodrigo.costa.5781.5781@exemplo.com,N/A,N/A
ID05782,Gabriel Costa 5782,gabriel.costa.5782.5782@exemplo.com,N/A,N/A
ID05783,Valentina Santos 5783,valentina.santos.5783.5783@exemplo.com,145.795.577-71,(11) 95795577
ID05784,Victor Costa 5784,victor.costa.5784.5784@exemplo.com,145.803.496-08,(11) 95803496
ID05785,Camila Lima 5785,camila.lima.5785.5785@exemplo.com,145.811.415-45,(11) 95811415
ID05786,Patricia Costa 5786,patricia.costa.5786.5786@exemplo.com,145.819.334-82,(11) 95819334
ID05787,Henrique Souza 5787,henrique.souza.5787.5787@exemplo.com,145.827.253-19,(11) 95827253
ID05788,Rodrigo Araujo 5788,rodrigo.araujo.5788.5788@exemplo.com,145.835.172-56,(11) 95835172
ID05789,Larissa Fernandes 5789,larissa.fernandes.5789.5789@exemplo.com,145.843.091-93,(11) 95843091
ID05790,Mariana Araujo 5790,mariana.araujo.5790.5790@exemplo.com,145.851.010-30,(11) 95851010
ID05791,Felipe Almeida 5791,felipe.almeida.5791.5791@exemplo.com,N/A,N/A
ID05792,Gabriel Lima 5792,gabriel.lima.5792.5792@exemplo.com,145.866.848-04,(11) 95866848
ID05793,Rodrigo Carvalho 5793,rodrigo.carvalho.5793.5793@exemplo.com,145.874.767-41,(11) 95874767
ID05794,Elisa Araujo 5794,elisa.araujo.5794.5794@exemplo.com,145.882.686-78,(11) 95882686
ID05795,Olivia Santos 5795,olivia.santos.5795.5795@exemplo.com,145.890.605-15,(11) 95890605
ID05796,Rodrigo Barbosa 5796,rodrigo.barbosa.5796.5796@exemplo.com,145.898.524-52,(11) 95898524
ID05797,Victor Nascimento 5797,victor.nascimento.5797.5797@exemplo.com,145.906.443-89,(11) 95906443
ID05798,Mariana Costa 5798,mariana.costa.5798.5798@exemplo.com,145.914.362-26,(11) 95914362
ID05799,Rafael Almeida 5799,rafael.almeida.5799.5799@exemplo.com,145.922.281-63,(11) 95922281
ID05800,Giovana Silva 5800,giovana.silva.5800.5800@exemplo.com,145.930.200-00,(11) 95930200
ID05801,Sofia Pereira 5801,sofia.pereira.5801.5801@exemplo.com,145.938.119-37,(11) 95938119
ID05802,Sofia Lima 5802,sofia.lima.5802.5802@exemplo.com,145.946.038-74,(11) 95946038
ID05803,Vinicius Souza 5803,vinicius.souza.5803.5803@exemplo.com,145.953.957-11,(11) 95953957
ID05804,Isabela Fernandes 5804,isabela.fernandes.5804.5804@exemplo.com,N/A,N/A
ID05805,Carlos Gomes 5805,carlos.gomes.5805.5805@exemplo.com,145.969.795-85,(11) 95969795
ID05806,Elisa Almeida 5806,elisa.almeida.5806.5806@exemplo.com,145.977.714-22,(11) 95977714
ID05807,Rodrigo Nascimento 5807,rodrigo.nascimento.5807.5807@exemplo.com,145.985.633-59,(11) 95985633
ID05808,Beatriz Oliveira 5808,beatriz.oliveira.5808.5808@exemplo.com,145.993.552-96,(11) 95993552
ID05809,Camila Souza 5809,camila.souza.5809.5809@exemplo.com,N/A,N/A
ID05810,Juliana Pereira 5810,juliana.pereira.5810.5810@exemplo.com,146.009.390-70,(11) 96009390
ID05811,Marcelo Nascimento 5811,marcelo.nascimento.5811.5811@exemplo.com,146.017.309-07,(11) 96017309
ID05812,Rodrigo Santos 5812,rodrigo.santos.5812.5812@exemplo.com,N/A,N/A
ID05813,Yasmin Costa 5813,yasmin.costa.5813.5813@exemplo.com,N/A,N/A
ID05814,Joao Carvalho 5814,joao.carvalho.5814.5814@exemplo.com,N/A,N/A
ID05815,Fernanda Lima 5815,fernanda.lima.5815.5815@exemplo.com,146.048.985-55,(11) 96048985
ID05816,Valentina Oliveira 5816,valentina.oliveira.5816.5816@exemplo.com,146.056.904-92,(11) 96056904
ID05817,Juliana Nascimento 5817,juliana.nascimento.5817.5817@exemplo.com,146.064.823-29,(11) 96064823
ID05818,Valentina Santos 5818,valentina.santos.5818.5818@exemplo.com,N/A,N/A
ID05819,Valentina Silva 5819,valentina.silva.5819.5819@exemplo.com,N/A,N/A
ID05820,Valentina Carvalho 5820,valentina.carvalho.5820.5820@exemplo.com,146.088.580-40,(11) 96088580
ID05821,Gabriel Oliveira 5821,gabriel.oliveira.5821.5821@exemplo.com,N/A,N/A
ID05822,Olivia Moura 5822,olivia.moura.5822.5822@exemplo.com,146.104.418-14,(11) 96104418
ID05823,Larissa Santos 5823,larissa.santos.5823.5823@exemplo.com,N/A,N/A
ID05824,Gabriel Almeida 5824,gabriel.almeida.5824.5824@exemplo.com,146.120.256-88,(11) 96120256
ID05825,Carlos Lima 5825,carlos.lima.5825.5825@exemplo.com,146.128.175-25,(11) 96128175
ID05826,Natalia Martins 5826,natalia.martins.5826.5826@exemplo.com,146.136.094-62,(11) 96136094
ID05827,Thiago Gomes 5827,thiago.gomes.5827.5827@exemplo.com,146.144.013-99,(11) 96144013
ID05828,Thiago Costa 5828,thiago.costa.5828.5828@exemplo.com,146.151.932-36,(11) 96151932
ID05829,Lucas Araujo 5829,lucas.araujo.5829.5829@exemplo.com,N/A,N/A
ID05830,Giovana Barbosa 5830,giovana.barbosa.5830.5830@exemplo.com,146.167.770-10,(11) 96167770
ID05831,Victor Martins 5831,victor.martins.5831.5831@exemplo.com,146.175.689-47,(11) 96175689
ID05832,Thiago Carvalho 5832,thiago.carvalho.5832.5832@exemplo.com,146.183.608-84,(11) 96183608
ID05833,Rafael Teixeira 5833,rafael.teixeira.5833.5833@exemplo.com,146.191.527-21,(11) 96191527
ID05834,Rodrigo Teixeira 5834,rodrigo.teixeira.5834.5834@exemplo.com,146.199.446-58,(11) 96199446
ID05835,Carlos Martins 5835,carlos.martins.5835.5835@exemplo.com,N/A,N/A
ID05836,Natalia Silva 5836,natalia.silva.5836.5836@exemplo.com,N/A,N/A
ID05837,Helena Gomes 5837,helena.gomes.5837.5837@exemplo.com,N/A,N/A
ID05838,Vinicius Araujo 5838,vinicius.araujo.5838.5838@exemplo.com,N/A,N/A
ID05839,Diego Santos 5839,diego.santos.5839.5839@exemplo.com,146.239.041-43,(11) 96239041
ID05840,Yasmin Moura 5840,yasmin.moura.5840.5840@exemplo.com,146.246.960-80,(11) 96246960
ID05841,Helena Barbosa 5841,helena.barbosa.5841.5841@exemplo.com,N/A,N/A
ID05842,Nicolas Oliveira 5842,nicolas.oliveira.5842.5842@exemplo.com,146.262.798-54,(11) 96262798
ID05843,Paulo Almeida 5843,paulo.almeida.5843.5843@exemplo.com,146.270.717-91,(11) 96270717
ID05844,Mariana Gomes 5844,mariana.gomes.5844.5844@exemplo.com,146.278.636-28,(11) 96278636
ID05845,Camila Dias 5845,camila.dias.5845.5845@exemplo.com,N/A,N/A
ID05846,Patricia Almeida 5846,patricia.almeida.5846.5846@exemplo.com,N/A,N/A
ID05847,Vinicius Pereira 5847,vinicius.pereira.5847.5847@exemplo.com,146.302.393-39,(11) 96302393
ID05848,Nicolas Silva 5848,nicolas.silva.5848.5848@exemplo.com,146.310.312-76,(11) 96310312
ID05849,Fernanda Almeida 5849,fernanda.almeida.5849.5849@exemplo.com,N/A,N/A
ID05850,Juliana Dias 5850,juliana.dias.5850.5850@exemplo.com,146.326.150-50,(11) 96326150
ID05851,Carlos Almeida 5851,carlos.almeida.5851.5851@exemplo.com,146.334.069-87,(11) 96334069
ID05852,Helena Costa 5852,helena.costa.5852.5852@exemplo.com,N/A,N/A
ID05853,Valentina Santos 5853,valentina.santos.5853.5853@exemplo.com,N/A,N/A
ID05854,Igor Lima 5854,igor.lima.5854.5854@exemplo.com,146.357.826-98,(11) 96357826
ID05855,Igor Costa 5855,igor.costa.5855.5855@exemplo.com,N/A,N/A
ID05856,Henrique Pereira 5856,henrique.pereira.5856.5856@exemplo.com,146.373.664-72,(11) 96373664
ID05857,Henrique Nascimento 5857,henrique.nascimento.5857.5857@exemplo.com,146.381.583-09,(11) 96381583
ID05858,Carlos Silva 5858,carlos.silva.5858.5858@exemplo.com,146.389.502-46,(11) 96389502
ID05859,Bruno Ribeiro 5859,bruno.ribeiro.5859.5859@exemplo.com,146.397.421-83,(11) 96397421
ID05860,Daniela Carvalho 5860,daniela.carvalho.5860.5860@exemplo.com,146.405.340-20,(11) 96405340
ID05861,Diego Ribeiro 5861,diego.ribeiro.5861.5861@exemplo.com,146.413.259-57,(11) 96413259
ID05862,Nicolas Fernandes 5862,nicolas.fernandes.5862.5862@exemplo.com,N/A,N/A
ID05863,Rodrigo Nascimento 5863,rodrigo.nascimento.5863.5863@exemplo.com,N/A,N/A
ID05864,Sofia Nascimento 5864,sofia.nascimento.5864.5864@exemplo.com,146.437.016-68,(11) 96437016
ID05865,Ana Araujo 5865,ana.araujo.5865.5865@exemplo.com,146.444.935-05,(11) 96444935
ID05866,Juliana Martins 5866,juliana.martins.5866.5866@exemplo.com,N/A,N/A
ID05867,Daniela Dias 5867,daniela.dias.5867.5867@exemplo.com,N/A,N/A
ID05868,Nicolas Almeida 5868,nicolas.almeida.5868.5868@exemplo.com,146.468.692-16,(11) 96468692
ID05869,Joao Pereira 5869,joao.pereira.5869.5869@exemplo.com,N/A,N/A
ID05870,Carlos Costa 5870,carlos.costa.5870.5870@exemplo.com,146.484.530-90,(11) 96484530
ID05871,Helena Costa 5871,helena.costa.5871.5871@exemplo.com,146.492.449-27,(11) 96492449
ID05872,Rodrigo Nascimento 5872,rodrigo.nascimento.5872.5872@exemplo.com,146.500.368-64,(11) 96500368
ID05873,Joao Oliveira 5873,joao.oliveira.5873.5873@exemplo.com,N/A,N/A
ID05874,Isabela Barbosa 5874,isabela.barbosa.5874.5874@exemplo.com,N/A,N/A
ID05875,Juliana Moura 5875,juliana.moura.5875.5875@exemplo.com,N/A,N/A
ID05876,Sofia Ribeiro 5876,sofia.ribeiro.5876.5876@exemplo.com,N/A,N/A
ID05877,Valentina Araujo 5877,valentina.araujo.5877.5877@exemplo.com,146.539.963-49,(11) 96539963
ID05878,Joao Lima 5878,joao.lima.5878.5878@exemplo.com,N/A,N/A
ID05879,Rafael Santos 5879,rafael.santos.5879.5879@exemplo.com,146.555.801-23,(11) 96555801
ID05880,Carlos Pereira 5880,carlos.pereira.5880.5880@exemplo.com,146.563.720-60,(11) 96563720
ID05881,Joao Oliveira 5881,joao.oliveira.5881.5881@exemplo.com,N/A,N/A
ID05882,Valentina Oliveira 5882,valentina.oliveira.5882.5882@exemplo.com,146.579.558-34,(11) 96579558
ID05883,Daniela Dias 5883,daniela.dias.5883.5883@exemplo.com,146.587.477-71,(11) 96587477
ID05884,Patricia Nascimento 5884,patricia.nascimento.5884.5884@exemplo.com,146.595.396-08,(11) 96595396
ID05885,Thiago Martins 5885,thiago.martins.5885.5885@exemplo.com,146.603.315-45,(11) 96603315
ID05886,Bruno Dias 5886,bruno.dias.5886.5886@exemplo.com,146.611.234-82,(11) 96611234
ID05887,Beatriz Lima 5887,beatriz.lima.5887.5887@exemplo.com,146.619.153-19,(11) 96619153
ID05888,Henrique Souza 5888,henrique.souza.5888.5888@exemplo.com,146.627.072-56,(11) 96627072
ID05889,Valentina Pereira 5889,valentina.pereira.5889.5889@exemplo.com,146.634.991-93,(11) 96634991
ID05890,Rodrigo Oliveira 5890,rodrigo.oliveira.5890.5890@exemplo.com,N/A,N/A
ID05891,Helena Martins 5891,helena.martins.5891.5891@exemplo.com,146.650.829-67,(11) 96650829
ID05892,Diego Almeida 5892,diego.almeida.5892.5892@exemplo.com,N/A,N/A
ID05893,Valentina Oliveira 5893,valentina.oliveira.5893.5893@exemplo.com,146.666.667-41,(11) 96666667
ID05894,Gabriel Gomes 5894,gabriel.gomes.5894.5894@exemplo.com,146.674.586-78,(11) 96674586
ID05895,Elisa Martins 5895,elisa.martins.5895.5895@exemplo.com,146.682.505-15,(11) 96682505
ID05896,Otavio Pereira 5896,otavio.pereira.5896.5896@exemplo.com,146.690.424-52,(11) 96690424
ID05897,Yasmin Carvalho 5897,yasmin.carvalho.5897.5897@exemplo.com,146.698.343-89,(11) 96698343
ID05898,Olivia Araujo 5898,olivia.araujo.5898.5898@exemplo.com,N/A,N/A
ID05899,Thiago Nascimento 5899,thiago.nascimento.5899.5899@exemplo.com,146.714.181-63,(11) 96714181
ID05900,Nicolas Barbosa 5900,nicolas.barbosa.5900.5900@exemplo.com,N/A,N/A
ID05901,Otavio Souza 5901,otavio.souza.5901.5901@exemplo.com,146.730.019-37,(11) 96730019
ID05902,Fernanda Santos 5902,fernanda.santos.5902.5902@exemplo.com,146.737.938-74,(11) 96737938
ID05903,Isabela Santos 5903,isabela.santos.5903.5903@exemplo.com,146.745.857-11,(11) 96745857
ID05904,Gabriel Almeida 5904,gabriel.almeida.5904.5904@exemplo.com,146.753.776-48,(11) 96753776
ID05905,Carlos Silva 5905,carlos.silva.5905.5905@exemplo.com,N/A,N/A
ID05906,Natalia Teixeira 5906,natalia.teixeira.5906.5906@exemplo.com,N/A,N/A
ID05907,Carlos Nascimento 5907,carlos.nascimento.5907.5907@exemplo.com,146.777.533-59,(11) 96777533
ID05908,Lucas Souza 5908,lucas.souza.5908.5908@exemplo.com,N/A,N/A
ID05909,Helena Gomes 5909,helena.gomes.5909.5909@exemplo.com,146.793.371-33,(11) 96793371
ID05910,Sara Lima 5910,sara.lima.5910.5910@exemplo.com,N/A,N/A
ID05911,Mariana Gomes 5911,mariana.gomes.5911.5911@exemplo.com,N/A,N/A
ID05912,Ana Fernandes 5912,ana.fernandes.5912.5912@exemplo.com,146.817.128-44,(11) 96817128
ID05913,Joao Carvalho 5913,joao.carvalho.5913.5913@exemplo.com,146.825.047-81,(11) 96825047
ID05914,Isabela Araujo 5914,isabela.araujo.5914.5914@exemplo.com,146.832.966-18,(11) 96832966
ID05915,Diego Barbosa 5915,diego.barbosa.5915.5915@exemplo.com,146.840.885-55,(11) 96840885
ID05916,Isabela Oliveira 5916,isabela.oliveira.5916.5916@exemplo.com,N/A,N/A
ID05917,Patricia Lima 5917,patricia.lima.5917.5917@exemplo.com,146.856.723-29,(11) 96856723
ID05918,Rodrigo Costa 5918,rodrigo.costa.5918.5918@exemplo.com,N/A,N/A
ID05919,Larissa Silva 5919,larissa.silva.5919.5919@exemplo.com,N/A,N/A
ID05920,Yasmin Silva 5920,yasmin.silva.5920.5920@exemplo.com,N/A,N/A
ID05921,Carlos Souza 5921,carlos.souza.5921.5921@exemplo.com,N/A,N/A
ID05922,Paulo Rodrigues 5922,paulo.rodrigues.5922.5922@exemplo.com,N/A,N/A
ID05923,Giovana Gomes 5923,giovana.gomes.5923.5923@exemplo.com,146.904.237-51,(11) 96904237
ID05924,Joao Pereira 5924,joao.pereira.5924.5924@exemplo.com,N/A,N/A
ID05925,Larissa Barbosa 5925,larissa.barbosa.5925.5925@exemplo.com,146.920.075-25,(11) 96920075
ID05926,Joao Santos 5926,joao.santos.5926.5926@exemplo.com,146.927.994-62,(11) 96927994
ID05927,Sara Gomes 5927,sara.gomes.5927.5927@exemplo.com,146.935.913-99,(11) 96935913
ID05928,Carlos Silva 5928,carlos.silva.5928.5928@exemplo.com,N/A,N/A
ID05929,Gabriel Fernandes 5929,gabriel.fernandes.5929.5929@exemplo.com,N/A,N/A
ID05930,Vinicius Costa 5930,vinicius.costa.5930.5930@exemplo.com,146.959.670-10,(11) 96959670
ID05931,Felipe Dias 5931,felipe.dias.5931.5931@exemplo.com,146.967.589-47,(11) 96967589
ID05932,Camila Ribeiro 5932,camila.ribeiro.5932.5932@exemplo.com,146.975.508-84,(11) 96975508
ID05933,Nicolas Araujo 5933,nicolas.araujo.5933.5933@exemplo.com,N/A,N/A
ID05934,Juliana Martins 5934,juliana.martins.5934.5934@exemplo.com,146.991.346-58,(11) 96991346
ID05935,Sara Teixeira 5935,sara.teixeira.5935.5935@exemplo.com,146.999.265-95,(11) 96999265
ID05936,Elisa Almeida 5936,elisa.almeida.5936.5936@exemplo.com,147.007.184-32,(11) 97007184
ID05937,Fernanda Dias 5937,fernanda.dias.5937.5937@exemplo.com,147.015.103-69,(11) 97015103
ID05938,Henrique Oliveira 5938,henrique.oliveira.5938.5938@exemplo.com,N/A,N/A
ID05939,Isabela Pereira 5939,isabela.pereira.5939.5939@exemplo.com,147.030.941-43,(11) 97030941
ID05940,Gabriel Silva 5940,gabriel.silva.5940.5940@exemplo.com,147.038.860-80,(11) 97038860
ID05941,Natalia Fernandes 5941,natalia.fernandes.5941.5941@exemplo.com,N/A,N/A
ID05942,Elisa Moura 5942,elisa.moura.5942.5942@exemplo.com,147.054.698-54,(11) 97054698
ID05943,Giovana Ribeiro 5943,giovana.ribeiro.5943.5943@exemplo.com,147.062.617-91,(11) 97062617
ID05944,Diego Barbosa 5944,diego.barbosa.5944.5944@exemplo.com,N/A,N/A
ID05945,Felipe Nascimento 5945,felipe.nascimento.5945.5945@exemplo.com,147.078.455-65,(11) 97078455
ID05946,Helena Nascimento 5946,helena.nascimento.5946.5946@exemplo.com,147.086.374-02,(11) 97086374
ID05947,Nicolas Gomes 5947,nicolas.gomes.5947.5947@exemplo.com,147.094.293-39,(11) 97094293
ID05948,Olivia Teixeira 5948,olivia.teixeira.5948.5948@exemplo.com,147.102.212-76,(11) 97102212
ID05949,Joao Souza 5949,joao.souza.5949.5949@exemplo.com,147.110.131-13,(11) 97110131
ID05950,Marcelo Dias 5950,marcelo.dias.5950.5950@exemplo.com,147.118.050-50,(11) 97118050
ID05951,Felipe Carvalho 5951,felipe.carvalho.5951.5951@exemplo.com,147.125.969-87,(11) 97125969
ID05952,Paulo Ribeiro 5952,paulo.ribeiro.5952.5952@exemplo.com,147.133.888-24,(11) 97133888
ID05953,Marcelo Moura 5953,marcelo.moura.5953.5953@exemplo.com,147.141.807-61,(11) 97141807
ID05954,Larissa Pereira 5954,larissa.pereira.5954.5954@exemplo.com,147.149.726-98,(11) 97149726
ID05955,Henrique Carvalho 5955,henrique.carvalho.5955.5955@exemplo.com,147.157.645-35,(11) 97157645
ID05956,Patricia Teixeira 5956,patricia.teixeira.5956.5956@exemplo.com,147.165.564-72,(11) 97165564
ID05957,Henrique Almeida 5957,henrique.almeida.5957.5957@exemplo.com,N/A,N/A
ID05958,Otavio Lima 5958,otavio.lima.5958.5958@exemplo.com,147.181.402-46,(11) 97181402
ID05959,Juliana Teixeira 5959,juliana.teixeira.5959.5959@exemplo.com,147.189.321-83,(11) 97189321
ID05960,Eduardo Nascimento 5960,eduardo.nascimento.5960.5960@exemplo.com,N/A,N/A
ID05961,Felipe Teixeira 5961,felipe.teixeira.5961.5961@exemplo.com,N/A,N/A
ID05962,Joao Almeida 5962,joao.almeida.5962.5962@exemplo.com,N/A,N/A
ID05963,Otavio Araujo 5963,otavio.araujo.5963.5963@exemplo.com,N/A,N/A
ID05964,Camila Martins 5964,camila.martins.5964.5964@exemplo.com,147.228.916-68,(11) 97228916
ID05965,Sara Teixeira 5965,sara.teixeira.5965.5965@exemplo.com,147.236.835-05,(11) 97236835
ID05966,Isabela Teixeira 5966,isabela.teixeira.5966.5966@exemplo.com,N/A,N/A
ID05967,Henrique Ribeiro 5967,henrique.ribeiro.5967.5967@exemplo.com,N/A,N/A
ID05968,Valentina Martins 5968,valentina.martins.5968.5968@exemplo.com,147.260.592-16,(11) 97260592
ID05969,Paulo Rodrigues 5969,paulo.rodrigues.5969.5969@exemplo.com,147.268.511-53,(11) 97268511
ID05970,Carlos Almeida 5970,carlos.almeida.5970.5970@exemplo.com,147.276.430-90,(11) 97276430
ID05971,Patricia Almeida 5971,patricia.almeida.5971.5971@exemplo.com,N/A,N/A
ID05972,Felipe Silva 5972,felipe.silva.5972.5972@exemplo.com,147.292.268-64,(11) 97292268
ID05973,Victor Carvalho 5973,victor.carvalho.5973.5973@exemplo.com,N/A,N/A
ID05974,Eduardo Rodrigues 5974,eduardo.rodrigues.5974.5974@exemplo.com,147.308.106-38,(11) 97308106
ID05975,Daniela Santos 5975,daniela.santos.5975.5975@exemplo.com,147.316.025-75,(11) 97316025
ID05976,Diego Pereira 5976,diego.pereira.5976.5976@exemplo.com,147.323.944-12,(11) 97323944
ID05977,Nicolas Fernandes 5977,nicolas.fernandes.5977.5977@exemplo.com,147.331.863-49,(11) 97331863
ID05978,Victor Gomes 5978,victor.gomes.5978.5978@exemplo.com,147.339.782-86,(11) 97339782
ID05979,Olivia Pereira 5979,olivia.pereira.5979.5979@exemplo.com,147.347.701-23,(11) 97347701
ID05980,Juliana Nascimento 5980,juliana.nascimento.5980.5980@exemplo.com,N/A,N/A
ID05981,Fernanda Carvalho 5981,fernanda.carvalho.5981.5981@exemplo.com,N/A,N/A
ID05982,Diego Oliveira 5982,diego.oliveira.5982.5982@exemplo.com,N/A,N/A
ID05983,Paulo Martins 5983,paulo.martins.5983.5983@exemplo.com,147.379.377-71,(11) 97379377
ID05984,Giovana Dias 5984,giovana.dias.5984.5984@exemplo.com,N/A,N/A
ID05985,Daniela Costa 5985,daniela.costa.5985.5985@exemplo.com,147.395.215-45,(11) 97395215
ID05986,Juliana Araujo 5986,juliana.araujo.5986.5986@exemplo.com,147.403.134-82,(11) 97403134
ID05987,Olivia Teixeira 5987,olivia.teixeira.5987.5987@exemplo.com,147.411.053-19,(11) 97411053
ID05988,Yasmin Santos 5988,yasmin.santos.5988.5988@exemplo.com,147.418.972-56,(11) 97418972
ID05989,Isabela Oliveira 5989,isabela.oliveira.5989.5989@exemplo.com,N/A,N/A
ID05990,Isabela Barbosa 5990,isabela.barbosa.5990.5990@exemplo.com,N/A,N/A
ID05991,Sara Nascimento 5991,sara.nascimento.5991.5991@exemplo.com,N/A,N/A
ID05992,Igor Souza 5992,igor.souza.5992.5992@exemplo.com,147.450.648-04,(11) 97450648
ID05993,Rodrigo Fernandes 5993,rodrigo.fernandes.5993.5993@exemplo.com,N/A,N/A
ID05994,Bruno Pereira 5994,bruno.pereira.5994.5994@exemplo.com,147.466.486-78,(11) 97466486
ID05995,Giovana Gomes 5995,giovana.gomes.5995.5995@exemplo.com,147.474.405-15,(11) 97474405
ID05996,Beatriz Teixeira 5996,beatriz.teixeira.5996.5996@exemplo.com,147.482.324-52,(11) 97482324
ID05997,Patricia Martins 5997,patricia.martins.5997.5997@exemplo.com,147.490.243-89,(11) 97490243
ID05998,Victor Teixeira 5998,victor.teixeira.5998.5998@exemplo.com,147.498.162-26,(11) 97498162
ID05999,Beatriz Carvalho 5999,beatriz.carvalho.5999.5999@exemplo.com,N/A,N/A
ID06000,Henrique Rodrigues 6000,henrique.rodrigues.6000.6000@exemplo.com,147.514.000-00,(11) 97514000
ID06001,Fernanda Silva 6001,fernanda.silva.6001.6001@exemplo.com,147.521.919-37,(11) 97521919
ID06002,Camila Fernandes 6002,camila.fernandes.6002.6002@exemplo.com,147.529.838-74,(11) 97529838
ID06003,Marcelo Ribeiro 6003,marcelo.ribeiro.6003.6003@exemplo.com,147.537.757-11,(11) 97537757
ID06004,Isabela Pereira 6004,isabela.pereira.6004.6004@exemplo.com,N/A,N/A
ID06005,Paulo Ribeiro 6005,paulo.ribeiro.6005.6005@exemplo.com,N/A,N/A
ID06006,Victor Lima 6006,victor.lima.6006.6006@exemplo.com,147.561.514-22,(11) 97561514
ID06007,Marcelo Lima 6007,marcelo.lima.6007.6007@exemplo.com,N/A,N/A
ID06008,Lucas Araujo 6008,lucas.araujo.6008.6008@exemplo.com,N/A,N/A
ID06009,Camila Gomes 6009,camila.gomes.6009.6009@exemplo.com,147.585.271-33,(11) 97585271
ID06010,Igor Carvalho 6010,igor.carvalho.6010.6010@exemplo.com,147.593.190-70,(11) 97593190
ID06011,Diego Lima 6011,diego.lima.6011.6011@exemplo.com,147.601.109-07,(11) 97601109
ID06012,Mariana Martins 6012,mariana.martins.6012.6012@exemplo.com,147.609.028-44,(11) 97609028
ID06013,Gabriel Carvalho 6013,gabriel.carvalho.6013.6013@exemplo.com,147.616.947-81,(11) 97616947
ID06014,Daniela Rodrigues 6014,daniela.rodrigues.6014.6014@exemplo.com,147.624.866-18,(11) 97624866
ID06015,Victor Barbosa 6015,victor.barbosa.6015.6015@exemplo.com,N/A,N/A
ID06016,Rodrigo Pereira 6016,rodrigo.pereira.6016.6016@exemplo.com,147.640.704-92,(11) 97640704
ID06017,Patricia Teixeira 6017,patricia.teixeira.6017.6017@exemplo.com,147.648.623-29,(11) 97648623
ID06018,Patricia Oliveira 6018,patricia.oliveira.6018.6018@exemplo.com,147.656.542-66,(11) 97656542
ID06019,Beatriz Pereira 6019,beatriz.pereira.6019.6019@exemplo.com,147.664.461-03,(11) 97664461
ID06020,Rodrigo Lima 6020,rodrigo.lima.6020.6020@exemplo.com,147.672.380-40,(11) 97672380
ID06021,Paulo Barbosa 6021,paulo.barbosa.6021.6021@exemplo.com,N/A,N/A
ID06022,Marcelo Fernandes 6022,marcelo.fernandes.6022.6022@exemplo.com,N/A,N/A
ID06023,Olivia Pereira 6023,olivia.pereira.6023.6023@exemplo.com,147.696.137-51,(11) 97696137
ID06024,Felipe Moura 6024,felipe.moura.6024.6024@exemplo.com,147.704.056-88,(11) 97704056
ID06025,Patricia Nascimento 6025,patricia.nascimento.6025.6025@exemplo.com,N/A,N/A
ID06026,Valentina Pereira 6026,valentina.pereira.6026.6026@exemplo.com,N/A,N/A
ID06027,Helena Carvalho 6027,helena.carvalho.6027.6027@exemplo.com,147.727.813-99,(11) 97727813
ID06028,Olivia Martins 6028,olivia.martins.6028.6028@exemplo.com,N/A,N/A
ID06029,Paulo Fernandes 6029,paulo.fernandes.6029.6029@exemplo.com,N/A,N/A
ID06030,Patricia Almeida 6030,patricia.almeida.6030.6030@exemplo.com,N/A,N/A
ID06031,Gabriel Nascimento 6031,gabriel.nascimento.6031.6031@exemplo.com,N/A,N/A
ID06032,Beatriz Araujo 6032,beatriz.araujo.6032.6032@exemplo.com,147.767.408-84,(11) 97767408
ID06033,Paulo Carvalho 6033,paulo.carvalho.6033.6033@exemplo.com,147.775.327-21,(11) 97775327
ID06034,Yasmin Ribeiro 6034,yasmin.ribeiro.6034.6034@exemplo.com,N/A,N/A
ID06035,Fernanda Lima 6035,fernanda.lima.6035.6035@exemplo.com,N/A,N/A
ID06036,Rafael Souza 6036,rafael.souza.6036.6036@exemplo.com,147.799.084-32,(11) 97799084
ID06037,Rodrigo Fernandes 6037,rodrigo.fernandes.6037.6037@exemplo.com,147.807.003-69,(11) 97807003
ID06038,Igor Lima 6038,igor.lima.6038.6038@exemplo.com,147.814.922-06,(11) 97814922
ID06039,Beatriz Barbosa 6039,beatriz.barbosa.6039.6039@exemplo.com,N/A,N/A
ID06040,Helena Costa 6040,helena.costa.6040.6040@exemplo.com,147.830.760-80,(11) 97830760
ID06041,Elisa Oliveira 6041,elisa.oliveira.6041.6041@exemplo.com,N/A,N/A
ID06042,Elisa Costa 6042,elisa.costa.6042.6042@exemplo.com,N/A,N/A
ID06043,Sofia Nascimento 6043,sofia.nascimento.6043.6043@exemplo.com,N/A,N/A
ID06044,Elisa Oliveira 6044,elisa.oliveira.6044.6044@exemplo.com,N/A,N/A
ID06045,Eduardo Almeida 6045,eduardo.almeida.6045.6045@exemplo.com,147.870.355-65,(11) 97870355
ID06046,Larissa Lima 6046,larissa.lima.6046.6046@exemplo.com,N/A,N/A
ID06047,Henrique Barbosa 6047,henrique.barbosa.6047.6047@exemplo.com,147.886.193-39,(11) 97886193
ID06048,Joao Nascimento 6048,joao.nascimento.6048.6048@exemplo.com,147.894.112-76,(11) 97894112
ID06049,Elisa Silva 6049,elisa.silva.6049.6049@exemplo.com,147.902.031-13,(11) 97902031
ID06050,Paulo Teixeira 6050,paulo.teixeira.6050.6050@exemplo.com,147.909.950-50,(11) 97909950
ID06051,Rafael Araujo 6051,rafael.araujo.6051.6051@exemplo.com,N/A,N/A
ID06052,Helena Santos 6052,helena.santos.6052.6052@exemplo.com,147.925.788-24,(11) 97925788
ID06053,Isabela Almeida 6053,isabela.almeida.6053.6053@exemplo.com,N/A,N/A
ID06054,Beatriz Gomes 6054,beatriz.gomes.6054.6054@exemplo.com,N/A,N/A
ID06055,Mariana Gomes 6055,mariana.gomes.6055.6055@exemplo.com,147.949.545-35,(11) 97949545
ID06056,Isabela Oliveira 6056,isabela.oliveira.6056.6056@exemplo.com,147.957.464-72,(11) 97957464
ID06057,Camila Dias 6057,camila.dias.6057.6057@exemplo.com,147.965.383-09,(11) 97965383
ID06058,Helena Pereira 6058,helena.pereira.6058.6058@exemplo.com,N/A,N/A
ID06059,Joao Souza 6059,joao.souza.6059.6059@exemplo.com,N/A,N/A
ID06060,Carlos Lima 6060,carlos.lima.6060.6060@exemplo.com,N/A,N/A
ID06061,Larissa Silva 6061,larissa.silva.6061.6061@exemplo.com,147.997.059-57,(11) 97997059
ID06062,Isabela Fernandes 6062,isabela.fernandes.6062.6062@exemplo.com,148.004.978-94,(11) 98004978
ID06063,Lucas Carvalho 6063,lucas.carvalho.6063.6063@exemplo.com,148.012.897-31,(11) 98012897
ID06064,Patricia Rodrigues 6064,patricia.rodrigues.6064.6064@exemplo.com,148.020.816-68,(11) 98020816
ID06065,Henrique Fernandes 6065,henrique.fernandes.6065.6065@exemplo.com,148.028.735-05,(11) 98028735
ID06066,Fernanda Costa 6066,fernanda.costa.6066.6066@exemplo.com,N/A,N/A
ID06067,Henrique Costa 6067,henrique.costa.6067.6067@exemplo.com,N/A,N/A
ID06068,Valentina Pereira 6068,valentina.pereira.6068.6068@exemplo.com,148.052.492-16,(11) 98052492
ID06069,Sara Teixeira 6069,sara.teixeira.6069.6069@exemplo.com,148.060.411-53,(11) 98060411
ID06070,Otavio Teixeira 6070,otavio.teixeira.6070.6070@exemplo.com,N/A,N/A
ID06071,Otavio Carvalho 6071,otavio.carvalho.6071.6071@exemplo.com,148.076.249-27,(11) 98076249
ID06072,Sara Moura 6072,sara.moura.6072.6072@exemplo.com,N/A,N/A
ID06073,Bruno Oliveira 6073,bruno.oliveira.6073.6073@exemplo.com,148.092.087-01,(11) 98092087
ID06074,Joao Moura 6074,joao.moura.6074.6074@exemplo.com,N/A,N/A
ID06075,Rafael Oliveira 6075,rafael.oliveira.6075.6075@exemplo.com,148.107.925-75,(11) 98107925
ID06076,Carlos Gomes 6076,carlos.gomes.6076.6076@exemplo.com,148.115.844-12,(11) 98115844
ID06077,Nicolas Almeida 6077,nicolas.almeida.6077.6077@exemplo.com,148.123.763-49,(11) 98123763
ID06078,Sara Oliveira 6078,sara.oliveira.6078.6078@exemplo.com,148.131.682-86,(11) 98131682
ID06079,Felipe Carvalho 6079,felipe.carvalho.6079.6079@exemplo.com,N/A,N/A
ID06080,Elisa Santos 6080,elisa.santos.6080.6080@exemplo.com,148.147.520-60,(11) 98147520
ID06081,Natalia Martins 6081,natalia.martins.6081.6081@exemplo.com,148.155.439-97,(11) 98155439
ID06082,Vinicius Lima 6082,vinicius.lima.6082.6082@exemplo.com,148.163.358-34,(11) 98163358
ID06083,Isabela Martins 6083,isabela.martins.6083.6083@exemplo.com,148.171.277-71,(11) 98171277
ID06084,Carlos Teixeira 6084,carlos.teixeira.6084.6084@exemplo.com,N/A,N/A
ID06085,Sara Gomes 6085,sara.gomes.6085.6085@exemplo.com,148.187.115-45,(11) 98187115
ID06086,Lucas Carvalho 6086,lucas.carvalho.6086.6086@exemplo.com,148.195.034-82,(11) 98195034
ID06087,Lucas Silva 6087,lucas.silva.6087.6087@exemplo.com,148.202.953-19,(11) 98202953
ID06088,Diego Dias 6088,diego.dias.6088.6088@exemplo.com,148.210.872-56,(11) 98210872
ID06089,Thiago Fernandes 6089,thiago.fernandes.6089.6089@exemplo.com,N/A,N/A
ID06090,Carlos Moura 6090,carlos.moura.6090.6090@exemplo.com,N/A,N/A
ID06091,Daniela Almeida 6091,daniela.almeida.6091.6091@exemplo.com,148.234.629-67,(11) 98234629
ID06092,Beatriz Teixeira 6092,beatriz.teixeira.6092.6092@exemplo.com,148.242.548-04,(11) 98242548
ID06093,Beatriz Martins 6093,beatriz.martins.6093.6093@exemplo.com,148.250.467-41,(11) 98250467
ID06094,Rodrigo Santos 6094,rodrigo.santos.6094.6094@exemplo.com,N/A,N/A
ID06095,Diego Santos 6095,diego.santos.6095.6095@exemplo.com,148.266.305-15,(11) 98266305
ID06096,Yasmin Gomes 6096,yasmin.gomes.6096.6096@exemplo.com,N/A,N/A
ID06097,Henrique Martins 6097,henrique.martins.6097.6097@exemplo.com,148.282.143-89,(11) 98282143
ID06098,Elisa Lima 6098,elisa.lima.6098.6098@exemplo.com,148.290.062-26,(11) 98290062
ID06099,Patricia Dias 6099,patricia.dias.6099.6099@exemplo.com,148.297.981-63,(11) 98297981
ID06100,Henrique Martins 6100,henrique.martins.6100.6100@exemplo.com,148.305.900-00,(11) 98305900
ID06101,Camila Dias 6101,camila.dias.6101.6101@exemplo.com,N/A,N/A
ID06102,Patricia Fernandes 6102,patricia.fernandes.6102.6102@exemplo.com,148.321.738-74,(11) 98321738
ID06103,Paulo Costa 6103,paulo.costa.6103.6103@exemplo.com,N/A,N/A
ID06104,Larissa Teixeira 6104,larissa.teixeira.6104.6104@exemplo.com,148.337.576-48,(11) 98337576
ID06105,Sara Souza 6105,sara.souza.6105.6105@exemplo.com,148.345.495-85,(11) 98345495
ID06106,Natalia Pereira 6106,natalia.pereira.6106.6106@exemplo.com,N/A,N/A
ID06107,Rodrigo Nascimento 6107,rodrigo.nascimento.6107.6107@exemplo.com,148.361.333-59,(11) 98361333
ID06108,Camila Fernandes 6108,camila.fernandes.6108.6108@exemplo.com,148.369.252-96,(11) 98369252
ID06109,Gabriel Lima 6109,gabriel.lima.6109.6109@exemplo.com,N/A,N/A
ID06110,Rafael Araujo 6110,rafael.araujo.6110.6110@exemplo.com,N/A,N/A
ID06111,Gabriel Pereira 6111,gabriel.pereira.6111.6111@exemplo.com,148.393.009-07,(11) 98393009
ID06112,Otavio Costa 6112,otavio.costa.6112.6112@exemplo.com,N/A,N/A
ID06113,Yasmin Oliveira 6113,yasmin.oliveira.6113.6113@exemplo.com,148.408.847-81,(11) 98408847
ID06114,Otavio Santos 6114,otavio.santos.6114.6114@exemplo.com,148.416.766-18,(11) 98416766
ID06115,Camila Moura 6115,camila.moura.6115.6115@exemplo.com,N/A,N/A
ID06116,Rafael Teixeira 6116,rafael.teixeira.6116.6116@exemplo.com,148.432.604-92,(11) 98432604
ID06117,Helena Oliveira 6117,helena.oliveira.6117.6117@exemplo.com,148.440.523-29,(11) 98440523
ID06118,Bruno Martins 6118,bruno.martins.6118.6118@exemplo.com,148.448.442-66,(11) 98448442
ID06119,Lucas Dias 6119,lucas.dias.6119.6119@exemplo.com,148.456.361-03,(11) 98456361
ID06120,Vinicius Gomes 6120,vinicius.gomes.6120.6120@exemplo.com,N/A,N/A
ID06121,Joao Fernandes 6121,joao.fernandes.6121.6121@exemplo.com,148.472.199-77,(11) 98472199
ID06122,Fernanda Costa 6122,fernanda.costa.6122.6122@exemplo.com,148.480.118-14,(11) 98480118
ID06123,Fernanda Araujo 6123,fernanda.araujo.6123.6123@exemplo.com,N/A,N/A
ID06124,Nicolas Araujo 6124,nicolas.araujo.6124.6124@exemplo.com,N/A,N/A
ID06125,Gabriel Ribeiro 6125,gabriel.ribeiro.6125.6125@exemplo.com,148.503.875-25,(11) 98503875
ID06126,Sofia Dias 6126,sofia.dias.6126.6126@exemplo.com,148.511.794-62,(11) 98511794
ID06127,Helena Costa 6127,helena.costa.6127.6127@exemplo.com,148.519.713-99,(11) 98519713
ID06128,Lucas Araujo 6128,lucas.araujo.6128.6128@exemplo.com,148.527.632-36,(11) 98527632
ID06129,Patricia Lima 6129,patricia.lima.6129.6129@exemplo.com,148.535.551-73,(11) 98535551
ID06130,Yasmin Ribeiro 6130,yasmin.ribeiro.6130.6130@exemplo.com,N/A,N/A
ID06131,Thiago Rocha 6131,thiago.rocha.6131.6131@exemplo.com,148.551.389-47,(11) 98551389
ID06132,Thiago Santos 6132,thiago.santos.6132.6132@exemplo.com,N/A,N/A
ID06133,Thiago Rodrigues 6133,thiago.rodrigues.6133.6133@exemplo.com,N/A,N/A
ID06134,Isabela Fernandes 6134,isabela.fernandes.6134.6134@exemplo.com,148.575.146-58,(11) 98575146
ID06135,Nicolas Almeida 6135,nicolas.almeida.6135.6135@exemplo.com,N/A,N/A
ID06136,Elisa Araujo 6136,elisa.araujo.6136.6136@exemplo.com,148.590.984-32,(11) 98590984
ID06137,Daniela Nascimento 6137,daniela.nascimento.6137.6137@exemplo.com,N/A,N/A
ID06138,Gabriel Pereira 6138,gabriel.pereira.6138.6138@exemplo.com,148.606.822-06,(11) 98606822
ID06139,Marcelo Carvalho 6139,marcelo.carvalho.6139.6139@exemplo.com,N/A,N/A
ID06140,Igor Rodrigues 6140,igor.rodrigues.6140.6140@exemplo.com,148.622.660-80,(11) 98622660
ID06141,Camila Dias 6141,camila.dias.6141.6141@exemplo.com,148.630.579-17,(11) 98630579
ID06142,Joao Almeida 6142,joao.almeida.6142.6142@exemplo.com,148.638.498-54,(11) 98638498
ID06143,Rodrigo Silva 6143,rodrigo.silva.6143.6143@exemplo.com,148.646.417-91,(11) 98646417
ID06144,Eduardo Araujo 6144,eduardo.araujo.6144.6144@exemplo.com,N/A,N/A
ID06145,Rafael Ribeiro 6145,rafael.ribeiro.6145.6145@exemplo.com,148.662.255-65,(11) 98662255
ID06146,Sofia Silva 6146,sofia.silva.6146.6146@exemplo.com,N/A,N/A
ID06147,Bruno Dias 6147,bruno.dias.6147.6147@exemplo.com,148.678.093-39,(11) 98678093
ID06148,Eduardo Rodrigues 6148,eduardo.rodrigues.6148.6148@exemplo.com,148.686.012-76,(11) 98686012
ID06149,Giovana Martins 6149,giovana.martins.6149.6149@exemplo.com,148.693.931-13,(11) 98693931
ID06150,Henrique Silva 6150,henrique.silva.6150.6150@exemplo.com,N/A,N/A
ID06151,Lucas Nascimento 6151,lucas.nascimento.6151.6151@exemplo.com,148.709.769-87,(11) 98709769
ID06152,Juliana Araujo 6152,juliana.araujo.6152.6152@exemplo.com,148.717.688-24,(11) 98717688
ID06153,Daniela Nascimento 6153,daniela.nascimento.6153.6153@exemplo.com,148.725.607-61,(11) 98725607
ID06154,Lucas Teixeira 6154,lucas.teixeira.6154.6154@exemplo.com,N/A,N/A
ID06155,Sofia Ribeiro 6155,sofia.ribeiro.6155.6155@exemplo.com,148.741.445-35,(11) 98741445
ID06156,Daniela Dias 6156,daniela.dias.6156.6156@exemplo.com,N/A,N/A
ID06157,Felipe Martins 6157,felipe.martins.6157.6157@exemplo.com,148.757.283-09,(11) 98757283
ID06158,Juliana Barbosa 6158,juliana.barbosa.6158.6158@exemplo.com,N/A,N/A
ID06159,Sara Teixeira 6159,sara.teixeira.6159.6159@exemplo.com,148.773.121-83,(11) 98773121
ID06160,Helena Dias 6160,helena.dias.6160.6160@exemplo.com,148.781.040-20,(11) 98781040
ID06161,Henrique Pereira 6161,henrique.pereira.6161.6161@exemplo.com,148.788.959-57,(11) 98788959
ID06162,Valentina Gomes 6162,valentina.gomes.6162.6162@exemplo.com,148.796.878-94,(11) 98796878
ID06163,Paulo Santos 6163,paulo.santos.6163.6163@exemplo.com,N/A,N/A
ID06164,Diego Lima 6164,diego.lima.6164.6164@exemplo.com,148.812.716-68,(11) 98812716
ID06165,Sofia Martins 6165,sofia.martins.6165.6165@exemplo.com,N/A,N/A
ID06166,Lucas Rodrigues 6166,lucas.rodrigues.6166.6166@exemplo.com,N/A,N/A
ID06167,Daniela Araujo 6167,daniela.araujo.6167.6167@exemplo.com,148.836.473-79,(11) 98836473
ID06168,Diego Pereira 6168,diego.pereira.6168.6168@exemplo.com,148.844.392-16,(11) 98844392
ID06169,Thiago Oliveira 6169,thiago.oliveira.6169.6169@exemplo.com,148.852.311-53,(11) 98852311
ID06170,Yasmin Costa 6170,yasmin.costa.6170.6170@exemplo.com,N/A,N/A
ID06171,Joao Santos 6171,joao.santos.6171.6171@exemplo.com,148.868.149-27,(11) 98868149
ID06172,Juliana Araujo 6172,juliana.araujo.6172.6172@exemplo.com,148.876.068-64,(11) 98876068
ID06173,Thiago Oliveira 6173,thiago.oliveira.6173.6173@exemplo.com,148.883.987-01,(11) 98883987
ID06174,Yasmin Silva 6174,yasmin.silva.6174.6174@exemplo.com,148.891.906-38,(11) 98891906
ID06175,Vinicius Moura 6175,vinicius.moura.6175.6175@exemplo.com,148.899.825-75,(11) 98899825
ID06176,Nicolas Araujo 6176,nicolas.araujo.6176.6176@exemplo.com,148.907.744-12,(11) 98907744
ID06177,Bruno Lima 6177,bruno.lima.6177.6177@exemplo.com,N/A,N/A
ID06178,Rafael Oliveira 6178,rafael.oliveira.6178.6178@exemplo.com,148.923.582-86,(11) 98923582
ID06179,Victor Silva 6179,victor.silva.6179.6179@exemplo.com,N/A,N/A
ID06180,Marcelo Gomes 6180,marcelo.gomes.6180.6180@exemplo.com,148.939.420-60,(11) 98939420
ID06181,Marcelo Dias 6181,marcelo.dias.6181.6181@exemplo.com,148.947.339-97,(11) 98947339
ID06182,Rafael Souza 6182,rafael.souza.6182.6182@exemplo.com,148.955.258-34,(11) 98955258
ID06183,Nicolas Almeida 6183,nicolas.almeida.6183.6183@exemplo.com,148.963.177-71,(11) 98963177
ID06184,Thiago Oliveira 6184,thiago.oliveira.6184.6184@exemplo.com,N/A,N/A
ID06185,Vinicius Gomes 6185,vinicius.gomes.6185.6185@exemplo.com,148.979.015-45,(11) 98979015
ID06186,Joao Santos 6186,joao.santos.6186.6186@exemplo.com,148.986.934-82,(11) 98986934
ID06187,Nicolas Araujo 6187,nicolas.araujo.6187.6187@exemplo.com,148.994.853-19,(11) 98994853
ID06188,Sara Costa 6188,sara.costa.6188.6188@exemplo.com,149.002.772-56,(11) 99002772
ID06189,Vinicius Carvalho 6189,vinicius.carvalho.6189.6189@exemplo.com,N/A,N/A
ID06190,Joao Souza 6190,joao.souza.6190.6190@exemplo.com,149.018.610-30,(11) 99018610
ID06191,Camila Oliveira 6191,camila.oliveira.6191.6191@exemplo.com,N/A,N/A
ID06192,Patricia Araujo 6192,patricia.araujo.6192.6192@exemplo.com,N/A,N/A
ID06193,Mariana Silva 6193,mariana.silva.6193.6193@exemplo.com,149.042.367-41,(11) 99042367
ID06194,Victor Lima 6194,victor.lima.6194.6194@exemplo.com,N/A,N/A
ID06195,Henrique Nascimento 6195,henrique.nascimento.6195.6195@exemplo.com,149.058.205-15,(11) 99058205
ID06196,Ana Teixeira 6196,ana.teixeira.6196.6196@exemplo.com,149.066.124-52,(11) 99066124
ID06197,Gabriel Lima 6197,gabriel.lima.6197.6197@exemplo.com,N/A,N/A
ID06198,Beatriz Silva 6198,beatriz.silva.6198.6198@exemplo.com,N/A,N/A
ID06199,Victor Lima 6199,victor.lima.6199.6199@exemplo.com,149.089.881-63,(11) 99089881
ID06200,Camila Fernandes 6200,camila.fernandes.6200.6200@exemplo.com,149.097.800-00,(11) 99097800
ID06201,Carlos Teixeira 6201,carlos.teixeira.6201.6201@exemplo.com,N/A,N/A
ID06202,Helena Gomes 6202,helena.gomes.6202.6202@exemplo.com,N/A,N/A
ID06203,Nicolas Souza 6203,nicolas.souza.6203.6203@exemplo.com,149.121.557-11,(11) 99121557
ID06204,Bruno Martins 6204,bruno.martins.6204.6204@exemplo.com,149.129.476-48,(11) 99129476
ID06205,Rodrigo Lima 6205,rodrigo.lima.6205.6205@exemplo.com,149.137.395-85,(11) 99137395
ID06206,Gabriel Silva 6206,gabriel.silva.6206.6206@exemplo.com,149.145.314-22,(11) 99145314
ID06207,Natalia Ribeiro 6207,natalia.ribeiro.6207.6207@exemplo.com,N/A,N/A
ID06208,Mariana Nascimento 6208,mariana.nascimento.6208.6208@exemplo.com,149.161.152-96,(11) 99161152
ID06209,Patricia Gomes 6209,patricia.gomes.6209.6209@exemplo.com,149.169.071-33,(11) 99169071
ID06210,Juliana Pereira 6210,juliana.pereira.6210.6210@exemplo.com,149.176.990-70,(11) 99176990
ID06211,Yasmin Oliveira 6211,yasmin.oliveira.6211.6211@exemplo.com,149.184.909-07,(11) 99184909
ID06212,Olivia Lima 6212,olivia.lima.6212.6212@exemplo.com,149.192.828-44,(11) 99192828
ID06213,Henrique Almeida 6213,henrique.almeida.6213.6213@exemplo.com,149.200.747-81,(11) 99200747
ID06214,Nicolas Barbosa 6214,nicolas.barbosa.6214.6214@exemplo.com,N/A,N/A
ID06215,Rodrigo Fernandes 6215,rodrigo.fernandes.6215.6215@exemplo.com,149.216.585-55,(11) 99216585
ID06216,Olivia Almeida 6216,olivia.almeida.6216.6216@exemplo.com,N/A,N/A
ID06217,Henrique Barbosa 6217,henrique.barbosa.6217.6217@exemplo.com,149.232.423-29,(11) 99232423
ID06218,Juliana Barbosa 6218,juliana.barbosa.6218.6218@exemplo.com,149.240.342-66,(11) 99240342
ID06219,Lucas Barbosa 6219,lucas.barbosa.6219.6219@exemplo.com,149.248.261-03,(11) 99248261
ID06220,Sara Ribeiro 6220,sara.ribeiro.6220.6220@exemplo.com,149.256.180-40,(11) 99256180
ID06221,Giovana Barbosa 6221,giovana.barbosa.6221.6221@exemplo.com,149.264.099-77,(11) 99264099
ID06222,Isabela Carvalho 6222,isabela.carvalho.6222.6222@exemplo.com,N/A,N/A
ID06223,Fernanda Araujo 6223,fernanda.araujo.6223.6223@exemplo.com,N/A,N/A
ID06224,Igor Carvalho 6224,igor.carvalho.6224.6224@exemplo.com,149.287.856-88,(11) 99287856
ID06225,Sofia Rodrigues 6225,sofia.rodrigues.6225.6225@exemplo.com,149.295.775-25,(11) 99295775
ID06226,Carlos Pereira 6226,carlos.pereira.6226.6226@exemplo.com,N/A,N/A
ID06227,Carlos Souza 6227,carlos.souza.6227.6227@exemplo.com,N/A,N/A
ID06228,Victor Oliveira 6228,victor.oliveira.6228.6228@exemplo.com,149.319.532-36,(11) 99319532
ID06229,Isabela Rodrigues 6229,isabela.rodrigues.6229.6229@exemplo.com,149.327.451-73,(11) 99327451
ID06230,Rodrigo Santos 6230,rodrigo.santos.6230.6230@exemplo.com,149.335.370-10,(11) 99335370
ID06231,Lucas Fernandes 6231,lucas.fernandes.6231.6231@exemplo.com,N/A,N/A
ID06232,Giovana Ribeiro 6232,giovana.ribeiro.6232.6232@exemplo.com,149.351.208-84,(11) 99351208
ID06233,Giovana Nascimento 6233,giovana.nascimento.6233.6233@exemplo.com,149.359.127-21,(11) 99359127
ID06234,Sara Rodrigues 6234,sara.rodrigues.6234.6234@exemplo.com,149.367.046-58,(11) 99367046
ID06235,Gabriel Pereira 6235,gabriel.pereira.6235.6235@exemplo.com,149.374.965-95,(11) 99374965
ID06236,Gabriel Rodrigues 6236,gabriel.rodrigues.6236.6236@exemplo.com,N/A,N/A
ID06237,Elisa Martins 6237,elisa.martins.6237.6237@exemplo.com,149.390.803-69,(11) 99390803
ID06238,Henrique Moura 6238,henrique.moura.6238.6238@exemplo.com,149.398.722-06,(11) 99398722
ID06239,Victor Costa 6239,victor.costa.6239.6239@exemplo.com,N/A,N/A
ID06240,Daniela Rodrigues 6240,daniela.rodrigues.6240.6240@exemplo.com,149.414.560-80,(11) 99414560
ID06241,Elisa Silva 6241,elisa.silva.6241.6241@exemplo.com,N/A,N/A
ID06242,Mariana Carvalho 6242,mariana.carvalho.6242.6242@exemplo.com,149.430.398-54,(11) 99430398
ID06243,Olivia Costa 6243,olivia.costa.6243.6243@exemplo.com,149.438.317-91,(11) 99438317
ID06244,Eduardo Barbosa 6244,eduardo.barbosa.6244.6244@exemplo.com,149.446.236-28,(11) 99446236
ID06245,Igor Lima 6245,igor.lima.6245.6245@exemplo.com,149.454.155-65,(11) 99454155
ID06246,Sofia Silva 6246,sofia.silva.6246.6246@exemplo.com,149.462.074-02,(11) 99462074
ID06247,Gabriel Costa 6247,gabriel.costa.6247.6247@exemplo.com,N/A,N/A
ID06248,Henrique Lima 6248,henrique.lima.6248.6248@exemplo.com,149.477.912-76,(11) 99477912
ID06249,Helena Fernandes 6249,helena.fernandes.6249.6249@exemplo.com,N/A,N/A
ID06250,Fernanda Ribeiro 6250,fernanda.ribeiro.6250.6250@exemplo.com,N/A,N/A
ID06251,Elisa Silva 6251,elisa.silva.6251.6251@exemplo.com,149.501.669-87,(11) 99501669
ID06252,Diego Martins 6252,diego.martins.6252.6252@exemplo.com,149.509.588-24,(11) 99509588
ID06253,Nicolas Costa 6253,nicolas.costa.6253.6253@exemplo.com,149.517.507-61,(11) 99517507
ID06254,Sofia Ribeiro 6254,sofia.ribeiro.6254.6254@exemplo.com,149.525.426-98,(11) 99525426
ID06255,Juliana Barbosa 6255,juliana.barbosa.6255.6255@exemplo.com,149.533.345-35,(11) 99533345
ID06256,Olivia Almeida 6256,olivia.almeida.6256.6256@exemplo.com,N/A,N/A
ID06257,Elisa Santos 6257,elisa.santos.6257.6257@exemplo.com,N/A,N/A
ID06258,Victor Oliveira 6258,victor.oliveira.6258.6258@exemplo.com,N/A,N/A
ID06259,Larissa Araujo 6259,larissa.araujo.6259.6259@exemplo.com,149.565.021-83,(11) 99565021
ID06260,Nicolas Carvalho 6260,nicolas.carvalho.6260.6260@exemplo.com,149.572.940-20,(11) 99572940
ID06261,Fernanda Ribeiro 6261,fernanda.ribeiro.6261.6261@exemplo.com,149.580.859-57,(11) 99580859
ID06262,Igor Souza 6262,igor.souza.6262.6262@exemplo.com,149.588.778-94,(11) 99588778
ID06263,Camila Moura 6263,camila.moura.6263.6263@exemplo.com,N/A,N/A
ID06264,Henrique Fernandes 6264,henrique.fernandes.6264.6264@exemplo.com,149.604.616-68,(11) 99604616
ID06265,Vinicius Araujo 6265,vinicius.araujo.6265.6265@exemplo.com,149.612.535-05,(11) 99612535
ID06266,Mariana Costa 6266,mariana.costa.6266.6266@exemplo.com,149.620.454-42,(11) 99620454
ID06267,Rodrigo Araujo 6267,rodrigo.araujo.6267.6267@exemplo.com,N/A,N/A
ID06268,Helena Pereira 6268,helena.pereira.6268.6268@exemplo.com,N/A,N/A
ID06269,Daniela Rodrigues 6269,daniela.rodrigues.6269.6269@exemplo.com,149.644.211-53,(11) 99644211
ID06270,Sofia Dias 6270,sofia.dias.6270.6270@exemplo.com,149.652.130-90,(11) 99652130
ID06271,Otavio Moura 6271,otavio.moura.6271.6271@exemplo.com,149.660.049-27,(11) 99660049
ID06272,Thiago Teixeira 6272,thiago.teixeira.6272.6272@exemplo.com,149.667.968-64,(11) 99667968
ID06273,Ana Santos 6273,ana.santos.6273.6273@exemplo.com,149.675.887-01,(11) 99675887
ID06274,Carlos Almeida 6274,carlos.almeida.6274.6274@exemplo.com,N/A,N/A
ID06275,Isabela Pereira 6275,isabela.pereira.6275.6275@exemplo.com,N/A,N/A
ID06276,Igor Pereira 6276,igor.pereira.6276.6276@exemplo.com,149.699.644-12,(11) 99699644
ID06277,Eduardo Araujo 6277,eduardo.araujo.6277.6277@exemplo.com,149.707.563-49,(11) 99707563
ID06278,Isabela Almeida 6278,isabela.almeida.6278.6278@exemplo.com,149.715.482-86,(11) 99715482
ID06279,Helena Nascimento 6279,helena.nascimento.6279.6279@exemplo.com,149.723.401-23,(11) 99723401
ID06280,Sara Barbosa 6280,sara.barbosa.6280.6280@exemplo.com,149.731.320-60,(11) 99731320
ID06281,Natalia Santos 6281,natalia.santos.6281.6281@exemplo.com,149.739.239-97,(11) 99739239
ID06282,Lucas Teixeira 6282,lucas.teixeira.6282.6282@exemplo.com,149.747.158-34,(11) 99747158
ID06283,Henrique Ribeiro 6283,henrique.ribeiro.6283.6283@exemplo.com,149.755.077-71,(11) 99755077
ID06284,Rafael Barbosa 6284,rafael.barbosa.6284.6284@exemplo.com,149.762.996-08,(11) 99762996
ID06285,Patricia Nascimento 6285,patricia.nascimento.6285.6285@exemplo.com,149.770.915-45,(11) 99770915
ID06286,Vinicius Gomes 6286,vinicius.gomes.6286.6286@exemplo.com,149.778.834-82,(11) 99778834
ID06287,Sofia Martins 6287,sofia.martins.6287.6287@exemplo.com,149.786.753-19,(11) 99786753
ID06288,Gabriel Nascimento 6288,gabriel.nascimento.6288.6288@exemplo.com,149.794.672-56,(11) 99794672
ID06289,Isabela Rodrigues 6289,isabela.rodrigues.6289.6289@exemplo.com,149.802.591-93,(11) 99802591
ID06290,Olivia Teixeira 6290,olivia.teixeira.6290.6290@exemplo.com,N/A,N/A
ID06291,Eduardo Araujo 6291,eduardo.araujo.6291.6291@exemplo.com,149.818.429-67,(11) 99818429
ID06292,Diego Dias 6292,diego.dias.6292.6292@exemplo.com,149.826.348-04,(11) 99826348
ID06293,Sara Rodrigues 6293,sara.rodrigues.6293.6293@exemplo.com,149.834.267-41,(11) 99834267
ID06294,Rafael Pereira 6294,rafael.pereira.6294.6294@exemplo.com,N/A,N/A
ID06295,Rodrigo Barbosa 6295,rodrigo.barbosa.6295.6295@exemplo.com,149.850.105-15,(11) 99850105
ID06296,Carlos Barbosa 6296,carlos.barbosa.6296.6296@exemplo.com,149.858.024-52,(11) 99858024
ID06297,Eduardo Ribeiro 6297,eduardo.ribeiro.6297.6297@exemplo.com,149.865.943-89,(11) 99865943
ID06298,Marcelo Pereira 6298,marcelo.pereira.6298.6298@exemplo.com,149.873.862-26,(11) 99873862
ID06299,Vinicius Nascimento 6299,vinicius.nascimento.6299.6299@exemplo.com,149.881.781-63,(11) 99881781
ID06300,Beatriz Fernandes 6300,beatriz.fernandes.6300.6300@exemplo.com,149.889.700-00,(11) 99889700
ID06301,Fernanda Barbosa 6301,fernanda.barbosa.6301.6301@exemplo.com,149.897.619-37,(11) 99897619
ID06302,Giovana Ribeiro 6302,giovana.ribeiro.6302.6302@exemplo.com,149.905.538-74,(11) 99905538
ID06303,Yasmin Barbosa 6303,yasmin.barbosa.6303.6303@exemplo.com,N/A,N/A
ID06304,Bruno Ribeiro 6304,bruno.ribeiro.6304.6304@exemplo.com,149.921.376-48,(11) 99921376
ID06305,Ana Costa 6305,ana.costa.6305.6305@exemplo.com,149.929.295-85,(11) 99929295
ID06306,Marcelo Pereira 6306,marcelo.pereira.6306.6306@exemplo.com,N/A,N/A
ID06307,Olivia Rodrigues 6307,olivia.rodrigues.6307.6307@exemplo.com,149.945.133-59,(11) 99945133
ID06308,Diego Pereira 6308,diego.pereira.6308.6308@exemplo.com,149.953.052-96,(11) 99953052
ID06309,Valentina Santos 6309,valentina.santos.6309.6309@exemplo.com,149.960.971-33,(11) 99960971
ID06310,Sara Gomes 6310,sara.gomes.6310.6310@exemplo.com,149.968.890-70,(11) 99968890
ID06311,Isabela Carvalho 6311,isabela.carvalho.6311.6311@exemplo.com,149.976.809-07,(11) 99976809
ID06312,Beatriz Costa 6312,beatriz.costa.6312.6312@exemplo.com,149.984.728-44,(11) 99984728
ID06313,Patricia Oliveira 6313,patricia.oliveira.6313.6313@exemplo.com,149.992.647-81,(11) 99992647
ID06314,Juliana Teixeira 6314,juliana.teixeira.6314.6314@exemplo.com,N/A,N/A
ID06315,Mariana Carvalho 6315,mariana.carvalho.6315.6315@exemplo.com,N/A,N/A
ID06316,Giovana Santos 6316,giovana.santos.6316.6316@exemplo.com,N/A,N/A
ID06317,Paulo Carvalho 6317,paulo.carvalho.6317.6317@exemplo.com,150.024.323-29,(11) 90024323
ID06318,Patricia Almeida 6318,patricia.almeida.6318.6318@exemplo.com,N/A,N/A
ID06319,Isabela Teixeira 6319,isabela.teixeira.6319.6319@exemplo.com,150.040.161-03,(11) 90040161
ID06320,Beatriz Teixeira 6320,beatriz.teixeira.6320.6320@exemplo.com,150.048.080-40,(11) 90048080
ID06321,Victor Fernandes 6321,victor.fernandes.6321.6321@exemplo.com,150.055.999-77,(11) 90055999
ID06322,Eduardo Araujo 6322,eduardo.araujo.6322.6322@exemplo.com,150.063.918-14,(11) 90063918
ID06323,Bruno Moura 6323,bruno.moura.6323.6323@exemplo.com,150.071.837-51,(11) 90071837
ID06324,Eduardo Nascimento 6324,eduardo.nascimento.6324.6324@exemplo.com,N/A,N/A
ID06325,Elisa Araujo 6325,elisa.araujo.6325.6325@exemplo.com,N/A,N/A
ID06326,Vinicius Oliveira 6326,vinicius.oliveira.6326.6326@exemplo.com,150.095.594-62,(11) 90095594
ID06327,Eduardo Rodrigues 6327,eduardo.rodrigues.6327.6327@exemplo.com,150.103.513-99,(11) 90103513
ID06328,Olivia Lima 6328,olivia.lima.6328.6328@exemplo.com,150.111.432-36,(11) 90111432
ID06329,Igor Barbosa 6329,igor.barbosa.6329.6329@exemplo.com,150.119.351-73,(11) 90119351
ID06330,Eduardo Barbosa 6330,eduardo.barbosa.6330.6330@exemplo.com,N/A,N/A
ID06331,Valentina Souza 6331,valentina.souza.6331.6331@exemplo.com,N/A,N/A
ID06332,Felipe Silva 6332,felipe.silva.6332.6332@exemplo.com,N/A,N/A
ID06333,Ana Fernandes 6333,ana.fernandes.6333.6333@exemplo.com,150.151.027-21,(11) 90151027
ID06334,Olivia Dias 6334,olivia.dias.6334.6334@exemplo.com,150.158.946-58,(11) 90158946
ID06335,Olivia Ribeiro 6335,olivia.ribeiro.6335.6335@exemplo.com,150.166.865-95,(11) 90166865
ID06336,Fernanda Lima 6336,fernanda.lima.6336.6336@exemplo.com,150.174.784-32,(11) 90174784
ID06337,Henrique Fernandes 6337,henrique.fernandes.6337.6337@exemplo.com,N/A,N/A
ID06338,Olivia Almeida 6338,olivia.almeida.6338.6338@exemplo.com,N/A,N/A
ID06339,Fernanda Almeida 6339,fernanda.almeida.6339.6339@exemplo.com,150.198.541-43,(11) 90198541
ID06340,Elisa Costa 6340,elisa.costa.6340.6340@exemplo.com,150.206.460-80,(11) 90206460
ID06341,Vinicius Gomes 6341,vinicius.gomes.6341.6341@exemplo.com,150.214.379-17,(11) 90214379
ID06342,Diego Lima 6342,diego.lima.6342.6342@exemplo.com,N/A,N/A
ID06343,Olivia Souza 6343,olivia.souza.6343.6343@exemplo.com,N/A,N/A
ID06344,Elisa Moura 6344,elisa.moura.6344.6344@exemplo.com,150.238.136-28,(11) 90238136
ID06345,Victor Dias 6345,victor.dias.6345.6345@exemplo.com,150.246.055-65,(11) 90246055
ID06346,Elisa Costa 6346,elisa.costa.6346.6346@exemplo.com,150.253.974-02,(11) 90253974
ID06347,Isabela Souza 6347,isabela.souza.6347.6347@exemplo.com,150.261.893-39,(11) 90261893
ID06348,Daniela Lima 6348,daniela.lima.6348.6348@exemplo.com,150.269.812-76,(11) 90269812
ID06349,Vinicius Gomes 6349,vinicius.gomes.6349.6349@exemplo.com,150.277.731-13,(11) 90277731
ID06350,Felipe Martins 6350,felipe.martins.6350.6350@exemplo.com,150.285.650-50,(11) 90285650
ID06351,Isabela Moura 6351,isabela.moura.6351.6351@exemplo.com,N/A,N/A
ID06352,Sara Ribeiro 6352,sara.ribeiro.6352.6352@exemplo.com,150.301.488-24,(11) 90301488
ID06353,Patricia Martins 6353,patricia.martins.6353.6353@exemplo.com,N/A,N/A
ID06354,Eduardo Almeida 6354,eduardo.almeida.6354.6354@exemplo.com,150.317.326-98,(11) 90317326
ID06355,Mariana Almeida 6355,mariana.almeida.6355.6355@exemplo.com,150.325.245-35,(11) 90325245
ID06356,Daniela Barbosa 6356,daniela.barbosa.6356.6356@exemplo.com,150.333.164-72,(11) 90333164
ID06357,Lucas Araujo 6357,lucas.araujo.6357.6357@exemplo.com,150.341.083-09,(11) 90341083
ID06358,Daniela Fernandes 6358,daniela.fernandes.6358.6358@exemplo.com,150.349.002-46,(11) 90349002
ID06359,Diego Rodrigues 6359,diego.rodrigues.6359.6359@exemplo.com,N/A,N/A
ID06360,Joao Souza 6360,joao.souza.6360.6360@exemplo.com,150.364.840-20,(11) 90364840
ID06361,Sofia Mendes 6361,sofia.mendes.6361.6361@exemplo.com,N/A,N/A
ID06362,Rafael Pereira 6362,rafael.pereira.6362.6362@exemplo.com,150.380.678-94,(11) 90380678
ID06363,Henrique Costa 6363,henrique.costa.6363.6363@exemplo.com,N/A,N/A
ID06364,Joao Almeida 6364,joao.almeida.6364.6364@exemplo.com,N/A,N/A
ID06365,Valentina Teixeira 6365,valentina.teixeira.6365.6365@exemplo.com,150.404.435-05,(11) 90404435
ID06366,Ana Almeida 6366,ana.almeida.6366.6366@exemplo.com,N/A,N/A
ID06367,Camila Teixeira 6367,camila.teixeira.6367.6367@exemplo.com,150.420.273-79,(11) 90420273
ID06368,Daniela Nascimento 6368,daniela.nascimento.6368.6368@exemplo.com,150.428.192-16,(11) 90428192
ID06369,Felipe Silva 6369,felipe.silva.6369.6369@exemplo.com,150.436.111-53,(11) 90436111
ID06370,Victor Teixeira 6370,victor.teixeira.6370.6370@exemplo.com,150.444.030-90,(11) 90444030
ID06371,Camila Martins 6371,camila.martins.6371.6371@exemplo.com,N/A,N/A
ID06372,Henrique Ribeiro 6372,henrique.ribeiro.6372.6372@exemplo.com,150.459.868-64,(11) 90459868
ID06373,Sofia Ribeiro 6373,sofia.ribeiro.6373.6373@exemplo.com,N/A,N/A
ID06374,Rodrigo Pereira 6374,rodrigo.pereira.6374.6374@exemplo.com,150.475.706-38,(11) 90475706
ID06375,Bruno Lima 6375,bruno.lima.6375.6375@exemplo.com,N/A,N/A
ID06376,Mariana Dias 6376,mariana.dias.6376.6376@exemplo.com,150.491.544-12,(11) 90491544
ID06377,Joao Almeida 6377,joao.almeida.6377.6377@exemplo.com,150.499.463-49,(11) 90499463
ID06378,Juliana Araujo 6378,juliana.araujo.6378.6378@exemplo.com,150.507.382-86,(11) 90507382
ID06379,Camila Teixeira 6379,camila.teixeira.6379.6379@exemplo.com,150.515.301-23,(11) 90515301
ID06380,Otavio Pereira 6380,otavio.pereira.6380.6380@exemplo.com,N/A,N/A
ID06381,Henrique Moura 6381,henrique.moura.6381.6381@exemplo.com,150.531.139-97,(11) 90531139
ID06382,Rafael Almeida 6382,rafael.almeida.6382.6382@exemplo.com,150.539.058-34,(11) 90539058
ID06383,Diego Lima 6383,diego.lima.6383.6383@exemplo.com,N/A,N/A
ID06384,Eduardo Pereira 6384,eduardo.pereira.6384.6384@exemplo.com,N/A,N/A
ID06385,Natalia Ribeiro 6385,natalia.ribeiro.6385.6385@exemplo.com,150.562.815-45,(11) 90562815
ID06386,Marcelo Fernandes 6386,marcelo.fernandes.6386.6386@exemplo.com,150.570.734-82,(11) 90570734
ID06387,Valentina Teixeira 6387,valentina.teixeira.6387.6387@exemplo.com,150.578.653-19,(11) 90578653
ID06388,Rodrigo Nascimento 6388,rodrigo.nascimento.6388.6388@exemplo.com,150.586.572-56,(11) 90586572
ID06389,Olivia Lima 6389,olivia.lima.6389.6389@exemplo.com,150.594.491-93,(11) 90594491
ID06390,Victor Ribeiro 6390,victor.ribeiro.6390.6390@exemplo.com,150.602.410-30,(11) 90602410
ID06391,Bruno Almeida 6391,bruno.almeida.6391.6391@exemplo.com,150.610.329-67,(11) 90610329
ID06392,Camila Fernandes 6392,camila.fernandes.6392.6392@exemplo.com,150.618.248-04,(11) 90618248
ID06393,Gabriel Almeida 6393,gabriel.almeida.6393.6393@exemplo.com,150.626.167-41,(11) 90626167
ID06394,Rodrigo Almeida 6394,rodrigo.almeida.6394.6394@exemplo.com,150.634.086-78,(11) 90634086
ID06395,Lucas Barbosa 6395,lucas.barbosa.6395.6395@exemplo.com,150.642.005-15,(11) 90642005
ID06396,Gabriel Lima 6396,gabriel.lima.6396.6396@exemplo.com,N/A,N/A
ID06397,Lucas Ribeiro 6397,lucas.ribeiro.6397.6397@exemplo.com,150.657.843-89,(11) 90657843
ID06398,Gabriel Pereira 6398,gabriel.pereira.6398.6398@exemplo.com,N/A,N/A
ID06399,Helena Barbosa 6399,helena.barbosa.6399.6399@exemplo.com,150.673.681-63,(11) 90673681
ID06400,Gabriel Fernandes 6400,gabriel.fernandes.6400.6400@exemplo.com,N/A,N/A
ID06401,Daniela Moura 6401,daniela.moura.6401.6401@exemplo.com,N/A,N/A
ID06402,Valentina Costa 6402,valentina.costa.6402.6402@exemplo.com,150.697.438-74,(11) 90697438
ID06403,Otavio Martins 6403,otavio.martins.6403.6403@exemplo.com,150.705.357-11,(11) 90705357
ID06404,Rafael Dias 6404,rafael.dias.6404.6404@exemplo.com,150.713.276-48,(11) 90713276
ID06405,Diego Costa 6405,diego.costa.6405.6405@exemplo.com,150.721.195-85,(11) 90721195
ID06406,Vinicius Costa 6406,vinicius.costa.6406.6406@exemplo.com,150.729.114-22,(11) 90729114
ID06407,Gabriel Pereira 6407,gabriel.pereira.6407.6407@exemplo.com,150.737.033-59,(11) 90737033
ID06408,Paulo Lima 6408,paulo.lima.6408.6408@exemplo.com,150.744.952-96,(11) 90744952
ID06409,Bruno Nascimento 6409,bruno.nascimento.6409.6409@exemplo.com,150.752.871-33,(11) 90752871
ID06410,Henrique Barbosa 6410,henrique.barbosa.6410.6410@exemplo.com,150.760.790-70,(11) 90760790
ID06411,Bruno Silva 6411,bruno.silva.6411.6411@exemplo.com,150.768.709-07,(11) 90768709
ID06412,Valentina Dias 6412,valentina.dias.6412.6412@exemplo.com,N/A,N/A
ID06413,Juliana Silva 6413,juliana.silva.6413.6413@exemplo.com,150.784.547-81,(11) 90784547
ID06414,Nicolas Ribeiro 6414,nicolas.ribeiro.6414.6414@exemplo.com,150.792.466-18,(11) 90792466
ID06415,Sara Souza 6415,sara.souza.6415.6415@exemplo.com,150.800.385-55,(11) 90800385
ID06416,Joao Carvalho 6416,joao.carvalho.6416.6416@exemplo.com,150.808.304-92,(11) 90808304
ID06417,Sofia Carvalho 6417,sofia.carvalho.6417.6417@exemplo.com,150.816.223-29,(11) 90816223
ID06418,Bruno Almeida 6418,bruno.almeida.6418.6418@exemplo.com,150.824.142-66,(11) 90824142
ID06419,Eduardo Pereira 6419,eduardo.pereira.6419.6419@exemplo.com,150.832.061-03,(11) 90832061
ID06420,Victor Almeida 6420,victor.almeida.6420.6420@exemplo.com,N/A,N/A
ID06421,Carlos Fernandes 6421,carlos.fernandes.6421.6421@exemplo.com,N/A,N/A
ID06422,Thiago Oliveira 6422,thiago.oliveira.6422.6422@exemplo.com,N/A,N/A
ID06423,Elisa Santos 6423,elisa.santos.6423.6423@exemplo.com,150.863.737-51,(11) 90863737
ID06424,Rafael Fernandes 6424,rafael.fernandes.6424.6424@exemplo.com,N/A,N/A
ID06425,Larissa Moura 6425,larissa.moura.6425.6425@exemplo.com,150.879.575-25,(11) 90879575
ID06426,Elisa Teixeira 6426,elisa.teixeira.6426.6426@exemplo.com,150.887.494-62,(11) 90887494
ID06427,Elisa Moura 6427,elisa.moura.6427.6427@exemplo.com,150.895.413-99,(11) 90895413
ID06428,Igor Costa 6428,igor.costa.6428.6428@exemplo.com,N/A,N/A
ID06429,Elisa Santos 6429,elisa.santos.6429.6429@exemplo.com,150.911.251-73,(11) 90911251
ID06430,Henrique Costa 6430,henrique.costa.6430.6430@exemplo.com,150.919.170-10,(11) 90919170
ID06431,Camila Dias 6431,camila.dias.6431.6431@exemplo.com,150.927.089-47,(11) 90927089
ID06432,Valentina Ribeiro 6432,valentina.ribeiro.6432.6432@exemplo.com,150.935.008-84,(11) 90935008
ID06433,Isabela Silva 6433,isabela.silva.6433.6433@exemplo.com,150.942.927-21,(11) 90942927
ID06434,Vinicius Nascimento 6434,vinicius.nascimento.6434.6434@exemplo.com,150.950.846-58,(11) 90950846
ID06435,Mariana Dias 6435,mariana.dias.6435.6435@exemplo.com,150.958.765-95,(11) 90958765
ID06436,Otavio Pereira 6436,otavio.pereira.6436.6436@exemplo.com,150.966.684-32,(11) 90966684
ID06437,Fernanda Martins 6437,fernanda.martins.6437.6437@exemplo.com,150.974.603-69,(11) 90974603
ID06438,Yasmin Carvalho 6438,yasmin.carvalho.6438.6438@exemplo.com,150.982.522-06,(11) 90982522
ID06439,Vinicius Silva 6439,vinicius.silva.6439.6439@exemplo.com,N/A,N/A
ID06440,Carlos Almeida 6440,carlos.almeida.6440.6440@exemplo.com,150.998.360-80,(11) 90998360
ID06441,Isabela Nascimento 6441,isabela.nascimento.6441.6441@exemplo.com,151.006.279-17,(11) 91006279
ID06442,Yasmin Silva 6442,yasmin.silva.6442.6442@exemplo.com,151.014.198-54,(11) 91014198
ID06443,Juliana Araujo 6443,juliana.araujo.6443.6443@exemplo.com,N/A,N/A
ID06444,Henrique Barbosa 6444,henrique.barbosa.6444.6444@exemplo.com,151.030.036-28,(11) 91030036
ID06445,Daniela Almeida 6445,daniela.almeida.6445.6445@exemplo.com,151.037.955-65,(11) 91037955
ID06446,Gabriel Araujo 6446,gabriel.araujo.6446.6446@exemplo.com,151.045.874-02,(11) 91045874
ID06447,Joao Fernandes 6447,joao.fernandes.6447.6447@exemplo.com,151.053.793-39,(11) 91053793
ID06448,Paulo Costa 6448,paulo.costa.6448.6448@exemplo.com,151.061.712-76,(11) 91061712
ID06449,Patricia Martins 6449,patricia.martins.6449.6449@exemplo.com,N/A,N/A
ID06450,Isabela Silva 6450,isabela.silva.6450.6450@exemplo.com,N/A,N/A
ID06451,Natalia Barbosa 6451,natalia.barbosa.6451.6451@exemplo.com,N/A,N/A
ID06452,Nicolas Silva 6452,nicolas.silva.6452.6452@exemplo.com,151.093.388-24,(11) 91093388
ID06453,Felipe Pereira 6453,felipe.pereira.6453.6453@exemplo.com,N/A,N/A
ID06454,Larissa Ribeiro 6454,larissa.ribeiro.6454.6454@exemplo.com,N/A,N/A
ID06455,Nicolas Barbosa 6455,nicolas.barbosa.6455.6455@exemplo.com,N/A,N/A
ID06456,Igor Nascimento 6456,igor.nascimento.6456.6456@exemplo.com,151.125.064-72,(11) 91125064
ID06457,Vinicius Almeida 6457,vinicius.almeida.6457.6457@exemplo.com,N/A,N/A
ID06458,Victor Lima 6458,victor.lima.6458.6458@exemplo.com,151.140.902-46,(11) 91140902
ID06459,Nicolas Santos 6459,nicolas.santos.6459.6459@exemplo.com,N/A,N/A
ID06460,Daniela Souza 6460,daniela.souza.6460.6460@exemplo.com,N/A,N/A
ID06461,Rodrigo Nascimento 6461,rodrigo.nascimento.6461.6461@exemplo.com,151.164.659-57,(11) 91164659
ID06462,Sofia Ribeiro 6462,sofia.ribeiro.6462.6462@exemplo.com,151.172.578-94,(11) 91172578
ID06463,Isabela Ribeiro 6463,isabela.ribeiro.6463.6463@exemplo.com,N/A,N/A
ID06464,Igor Oliveira 6464,igor.oliveira.6464.6464@exemplo.com,151.188.416-68,(11) 91188416
ID06465,Sara Rodrigues 6465,sara.rodrigues.6465.6465@exemplo.com,151.196.335-05,(11) 91196335
ID06466,Rafael Pereira 6466,rafael.pereira.6466.6466@exemplo.com,N/A,N/A
ID06467,Diego Pereira 6467,diego.pereira.6467.6467@exemplo.com,151.212.173-79,(11) 91212173
ID06468,Otavio Pereira 6468,otavio.pereira.6468.6468@exemplo.com,N/A,N/A
ID06469,Victor Oliveira 6469,victor.oliveira.6469.6469@exemplo.com,151.228.011-53,(11) 91228011
ID06470,Diego Ribeiro 6470,diego.ribeiro.6470.6470@exemplo.com,N/A,N/A
ID06471,Bruno Araujo 6471,bruno.araujo.6471.6471@exemplo.com,151.243.849-27,(11) 91243849
ID06472,Otavio Costa 6472,otavio.costa.6472.6472@exemplo.com,151.251.768-64,(11) 91251768
ID06473,Henrique Moura 6473,henrique.moura.6473.6473@exemplo.com,151.259.687-01,(11) 91259687
ID06474,Nicolas Martins 6474,nicolas.martins.6474.6474@exemplo.com,N/A,N/A
ID06475,Victor Araujo 6475,victor.araujo.6475.6475@exemplo.com,151.275.525-75,(11) 91275525
ID06476,Lucas Silva 6476,lucas.silva.6476.6476@exemplo.com,151.283.444-12,(11) 91283444
ID06477,Larissa Gomes 6477,larissa.gomes.6477.6477@exemplo.com,151.291.363-49,(11) 91291363
ID06478,Natalia Souza 6478,natalia.souza.6478.6478@exemplo.com,N/A,N/A
ID06479,Beatriz Pereira 6479,beatriz.pereira.6479.6479@exemplo.com,151.307.201-23,(11) 91307201
ID06480,Eduardo Ribeiro 6480,eduardo.ribeiro.6480.6480@exemplo.com,151.315.120-60,(11) 91315120
ID06481,Bruno Carvalho 6481,bruno.carvalho.6481.6481@exemplo.com,151.323.039-97,(11) 91323039
ID06482,Rodrigo Lima 6482,rodrigo.lima.6482.6482@exemplo.com,N/A,N/A
ID06483,Paulo Costa 6483,paulo.costa.6483.6483@exemplo.com,N/A,N/A
ID06484,Beatriz Teixeira 6484,beatriz.teixeira.6484.6484@exemplo.com,151.346.796-08,(11) 91346796
ID06485,Vinicius Fernandes 6485,vinicius.fernandes.6485.6485@exemplo.com,151.354.715-45,(11) 91354715
ID06486,Olivia Teixeira 6486,olivia.teixeira.6486.6486@exemplo.com,151.362.634-82,(11) 91362634
ID06487,Ana Ribeiro 6487,ana.ribeiro.6487.6487@exemplo.com,151.370.553-19,(11) 91370553
ID06488,Ana Barbosa 6488,ana.barbosa.6488.6488@exemplo.com,N/A,N/A
ID06489,Natalia Rodrigues 6489,natalia.rodrigues.6489.6489@exemplo.com,N/A,N/A
ID06490,Otavio Almeida 6490,otavio.almeida.6490.6490@exemplo.com,151.394.310-30,(11) 91394310
ID06491,Isabela Ribeiro 6491,isabela.ribeiro.6491.6491@exemplo.com,N/A,N/A
ID06492,Paulo Araujo 6492,paulo.araujo.6492.6492@exemplo.com,151.410.148-04,(11) 91410148
ID06493,Isabela Barbosa 6493,isabela.barbosa.6493.6493@exemplo.com,N/A,N/A
ID06494,Victor Carvalho 6494,victor.carvalho.6494.6494@exemplo.com,151.425.986-78,(11) 91425986
ID06495,Mariana Araujo 6495,mariana.araujo.6495.6495@exemplo.com,151.433.905-15,(11) 91433905
ID06496,Valentina Silva 6496,valentina.silva.6496.6496@exemplo.com,151.441.824-52,(11) 91441824
ID06497,Rodrigo Costa 6497,rodrigo.costa.6497.6497@exemplo.com,151.449.743-89,(11) 91449743
ID06498,Juliana Barbosa 6498,juliana.barbosa.6498.6498@exemplo.com,151.457.662-26,(11) 91457662
ID06499,Rafael Lima 6499,rafael.lima.6499.6499@exemplo.com,151.465.581-63,(11) 91465581
ID06500,Victor Oliveira 6500,victor.oliveira.6500.6500@exemplo.com,151.473.500-00,(11) 91473500
ID06501,Diego Pereira 6501,diego.pereira.6501.6501@exemplo.com,151.481.419-37,(11) 91481419
ID06502,Henrique Lima 6502,henrique.lima.6502.6502@exemplo.com,151.489.338-74,(11) 91489338
ID06503,Natalia Nascimento 6503,natalia.nascimento.6503.6503@exemplo.com,151.497.257-11,(11) 91497257
ID06504,Vinicius Pereira 6504,vinicius.pereira.6504.6504@exemplo.com,151.505.176-48,(11) 91505176
ID06505,Eduardo Almeida 6505,eduardo.almeida.6505.6505@exemplo.com,151.513.095-85,(11) 91513095
ID06506,Fernanda Ribeiro 6506,fernanda.ribeiro.6506.6506@exemplo.com,151.521.014-22,(11) 91521014
ID06507,Beatriz Rodrigues 6507,beatriz.rodrigues.6507.6507@exemplo.com,N/A,N/A
ID06508,Valentina Dias 6508,valentina.dias.6508.6508@exemplo.com,N/A,N/A
ID06509,Nicolas Araujo 6509,nicolas.araujo.6509.6509@exemplo.com,151.544.771-33,(11) 91544771
ID06510,Mariana Dias 6510,mariana.dias.6510.6510@exemplo.com,N/A,N/A
ID06511,Ana Oliveira 6511,ana.oliveira.6511.6511@exemplo.com,N/A,N/A
ID06512,Beatriz Araujo 6512,beatriz.araujo.6512.6512@exemplo.com,151.568.528-44,(11) 91568528
ID06513,Ana Pereira 6513,ana.pereira.6513.6513@exemplo.com,151.576.447-81,(11) 91576447
ID06514,Paulo Dias 6514,paulo.dias.6514.6514@exemplo.com,151.584.366-18,(11) 91584366
ID06515,Daniela Nascimento 6515,daniela.nascimento.6515.6515@exemplo.com,151.592.285-55,(11) 91592285
ID06516,Patricia Dias 6516,patricia.dias.6516.6516@exemplo.com,151.600.204-92,(11) 91600204
ID06517,Felipe Martins 6517,felipe.martins.6517.6517@exemplo.com,N/A,N/A
ID06518,Rodrigo Nascimento 6518,rodrigo.nascimento.6518.6518@exemplo.com,N/A,N/A
ID06519,Valentina Lima 6519,valentina.lima.6519.6519@exemplo.com,151.623.961-03,(11) 91623961
ID06520,Camila Oliveira 6520,camila.oliveira.6520.6520@exemplo.com,151.631.880-40,(11) 91631880
ID06521,Rodrigo Oliveira 6521,rodrigo.oliveira.6521.6521@exemplo.com,151.639.799-77,(11) 91639799
ID06522,Carlos Costa 6522,carlos.costa.6522.6522@exemplo.com,151.647.718-14,(11) 91647718
ID06523,Thiago Gomes 6523,thiago.gomes.6523.6523@exemplo.com,N/A,N/A
ID06524,Nicolas Almeida 6524,nicolas.almeida.6524.6524@exemplo.com,N/A,N/A
ID06525,Isabela Souza 6525,isabela.souza.6525.6525@exemplo.com,N/A,N/A
ID06526,Lucas Oliveira 6526,lucas.oliveira.6526.6526@exemplo.com,151.679.394-62,(11) 91679394
ID06527,Helena Oliveira 6527,helena.oliveira.6527.6527@exemplo.com,151.687.313-99,(11) 91687313
ID06528,Daniela Pereira 6528,daniela.pereira.6528.6528@exemplo.com,151.695.232-36,(11) 91695232
ID06529,Nicolas Costa 6529,nicolas.costa.6529.6529@exemplo.com,151.703.151-73,(11) 91703151
ID06530,Olivia Dias 6530,olivia.dias.6530.6530@exemplo.com,151.711.070-10,(11) 91711070
ID06531,Felipe Nascimento 6531,felipe.nascimento.6531.6531@exemplo.com,151.718.989-47,(11) 91718989
ID06532,Isabela Martins 6532,isabela.martins.6532.6532@exemplo.com,N/A,N/A
ID06533,Daniela Carvalho 6533,daniela.carvalho.6533.6533@exemplo.com,151.734.827-21,(11) 91734827
ID06534,Mariana Carvalho 6534,mariana.carvalho.6534.6534@exemplo.com,151.742.746-58,(11) 91742746
ID06535,Igor Martins 6535,igor.martins.6535.6535@exemplo.com,151.750.665-95,(11) 91750665
ID06536,Gabriel Araujo 6536,gabriel.araujo.6536.6536@exemplo.com,151.758.584-32,(11) 91758584
ID06537,Otavio Dias 6537,otavio.dias.6537.6537@exemplo.com,N/A,N/A
ID06538,Thiago Araujo 6538,thiago.araujo.6538.6538@exemplo.com,151.774.422-06,(11) 91774422
ID06539,Otavio Silva 6539,otavio.silva.6539.6539@exemplo.com,151.782.341-43,(11) 91782341
ID06540,Beatriz Pereira 6540,beatriz.pereira.6540.6540@exemplo.com,151.790.260-80,(11) 91790260
ID06541,Valentina Moura 6541,valentina.moura.6541.6541@exemplo.com,N/A,N/A
ID06542,Felipe Barbosa 6542,felipe.barbosa.6542.6542@exemplo.com,151.806.098-54,(11) 91806098
ID06543,Felipe Silva 6543,felipe.silva.6543.6543@exemplo.com,151.814.017-91,(11) 91814017
ID06544,Nicolas Barbosa 6544,nicolas.barbosa.6544.6544@exemplo.com,N/A,N/A
ID06545,Isabela Pereira 6545,isabela.pereira.6545.6545@exemplo.com,151.829.855-65,(11) 91829855
ID06546,Nicolas Costa 6546,nicolas.costa.6546.6546@exemplo.com,N/A,N/A
ID06547,Carlos Gomes 6547,carlos.gomes.6547.6547@exemplo.com,151.845.693-39,(11) 91845693
ID06548,Bruno Carvalho 6548,bruno.carvalho.6548.6548@exemplo.com,151.853.612-76,(11) 91853612
ID06549,Gabriel Souza 6549,gabriel.souza.6549.6549@exemplo.com,151.861.531-13,(11) 91861531
ID06550,Beatriz Pereira 6550,beatriz.pereira.6550.6550@exemplo.com,N/A,N/A
ID06551,Daniela Rodrigues 6551,daniela.rodrigues.6551.6551@exemplo.com,N/A,N/A
ID06552,Vinicius Nascimento 6552,vinicius.nascimento.6552.6552@exemplo.com,N/A,N/A
ID06553,Paulo Santos 6553,paulo.santos.6553.6553@exemplo.com,151.893.207-61,(11) 91893207
ID06554,Gabriel Dias 6554,gabriel.dias.6554.6554@exemplo.com,151.901.126-98,(11) 91901126
ID06555,Felipe Dias 6555,felipe.dias.6555.6555@exemplo.com,151.909.045-35,(11) 91909045
ID06556,Juliana Dias 6556,juliana.dias.6556.6556@exemplo.com,151.916.964-72,(11) 91916964
ID06557,Rafael Martins 6557,rafael.martins.6557.6557@exemplo.com,151.924.883-09,(11) 91924883
ID06558,Henrique Silva 6558,henrique.silva.6558.6558@exemplo.com,151.932.802-46,(11) 91932802
ID06559,Sofia Dias 6559,sofia.dias.6559.6559@exemplo.com,N/A,N/A
ID06560,Camila Barbosa 6560,camila.barbosa.6560.6560@exemplo.com,N/A,N/A
ID06561,Henrique Moura 6561,henrique.moura.6561.6561@exemplo.com,151.956.559-57,(11) 91956559
ID06562,Felipe Rodrigues 6562,felipe.rodrigues.6562.6562@exemplo.com,151.964.478-94,(11) 91964478
ID06563,Paulo Silva 6563,paulo.silva.6563.6563@exemplo.com,N/A,N/A
ID06564,Isabela Ribeiro 6564,isabela.ribeiro.6564.6564@exemplo.com,N/A,N/A
ID06565,Paulo Lima 6565,paulo.lima.6565.6565@exemplo.com,151.988.235-05,(11) 91988235
ID06566,Sofia Ribeiro 6566,sofia.ribeiro.6566.6566@exemplo.com,N/A,N/A
ID06567,Victor Carvalho 6567,victor.carvalho.6567.6567@exemplo.com,N/A,N/A
ID06568,Lucas Araujo 6568,lucas.araujo.6568.6568@exemplo.com,N/A,N/A
ID06569,Eduardo Nascimento 6569,eduardo.nascimento.6569.6569@exemplo.com,152.019.911-53,(11) 92019911
ID06570,Valentina Gomes 6570,valentina.gomes.6570.6570@exemplo.com,152.027.830-90,(11) 92027830
ID06571,Rodrigo Rodrigues 6571,rodrigo.rodrigues.6571.6571@exemplo.com,N/A,N/A
ID06572,Helena Nascimento 6572,helena.nascimento.6572.6572@exemplo.com,N/A,N/A
ID06573,Ana Teixeira 6573,ana.teixeira.6573.6573@exemplo.com,N/A,N/A
ID06574,Felipe Oliveira 6574,felipe.oliveira.6574.6574@exemplo.com,152.059.506-38,(11) 92059506
ID06575,Henrique Pereira 6575,henrique.pereira.6575.6575@exemplo.com,152.067.425-75,(11) 92067425
ID06576,Isabela Rodrigues 6576,isabela.rodrigues.6576.6576@exemplo.com,152.075.344-12,(11) 92075344
ID06577,Beatriz Lima 6577,beatriz.lima.6577.6577@exemplo.com,N/A,N/A
ID06578,Sara Teixeira 6578,sara.teixeira.6578.6578@exemplo.com,N/A,N/A
ID06579,Rodrigo Barbosa 6579,rodrigo.barbosa.6579.6579@exemplo.com,152.099.101-23,(11) 92099101
ID06580,Nicolas Moura 6580,nicolas.moura.6580.6580@exemplo.com,152.107.020-60,(11) 92107020
ID06581,Beatriz Gomes 6581,beatriz.gomes.6581.6581@exemplo.com,152.114.939-97,(11) 92114939
ID06582,Olivia Oliveira 6582,olivia.oliveira.6582.6582@exemplo.com,152.122.858-34,(11) 92122858
ID06583,Paulo Dias 6583,paulo.dias.6583.6583@exemplo.com,N/A,N/A
ID06584,Olivia Araujo 6584,olivia.araujo.6584.6584@exemplo.com,N/A,N/A
ID06585,Sofia Teixeira 6585,sofia.teixeira.6585.6585@exemplo.com,152.146.615-45,(11) 92146615
ID06586,Rodrigo Souza 6586,rodrigo.souza.6586.6586@exemplo.com,152.154.534-82,(11) 92154534
ID06587,Sofia Rodrigues 6587,sofia.rodrigues.6587.6587@exemplo.com,152.162.453-19,(11) 92162453
ID06588,Joao Fernandes 6588,joao.fernandes.6588.6588@exemplo.com,N/A,N/A
ID06589,Thiago Teixeira 6589,thiago.teixeira.6589.6589@exemplo.com,152.178.291-93,(11) 92178291
ID06590,Ana Oliveira 6590,ana.oliveira.6590.6590@exemplo.com,N/A,N/A
ID06591,Patricia Oliveira 6591,patricia.oliveira.6591.6591@exemplo.com,152.194.129-67,(11) 92194129
ID06592,Gabriel Rodrigues 6592,gabriel.rodrigues.6592.6592@exemplo.com,152.202.048-04,(11) 92202048
ID06593,Camila Oliveira 6593,camila.oliveira.6593.6593@exemplo.com,152.209.967-41,(11) 92209967
ID06594,Marcelo Moura 6594,marcelo.moura.6594.6594@exemplo.com,152.217.886-78,(11) 92217886
ID06595,Marcelo Costa 6595,marcelo.costa.6595.6595@exemplo.com,N/A,N/A
ID06596,Marcelo Fernandes 6596,marcelo.fernandes.6596.6596@exemplo.com,N/A,N/A
ID06597,Isabela Barbosa 6597,isabela.barbosa.6597.6597@exemplo.com,152.241.643-89,(11) 92241643
ID06598,Juliana Lima 6598,juliana.lima.6598.6598@exemplo.com,152.249.562-26,(11) 92249562
ID06599,Joao Rodrigues 6599,joao.rodrigues.6599.6599@exemplo.com,152.257.481-63,(11) 92257481
ID06600,Vinicius Nascimento 6600,vinicius.nascimento.6600.6600@exemplo.com,152.265.400-00,(11) 92265400
ID06601,Thiago Araujo 6601,thiago.araujo.6601.6601@exemplo.com,N/A,N/A
ID06602,Juliana Costa 6602,juliana.costa.6602.6602@exemplo.com,N/A,N/A
ID06603,Nicolas Silva 6603,nicolas.silva.6603.6603@exemplo.com,152.289.157-11,(11) 92289157
ID06604,Henrique Fernandes 6604,henrique.fernandes.6604.6604@exemplo.com,152.297.076-48,(11) 92297076
ID06605,Ana Oliveira 6605,ana.oliveira.6605.6605@exemplo.com,152.304.995-85,(11) 92304995
ID06606,Isabela Carvalho 6606,isabela.carvalho.6606.6606@exemplo.com,152.312.914-22,(11) 92312914
ID06607,Daniela Rodrigues 6607,daniela.rodrigues.6607.6607@exemplo.com,152.320.833-59,(11) 92320833
ID06608,Natalia Fernandes 6608,natalia.fernandes.6608.6608@exemplo.com,N/A,N/A
ID06609,Fernanda Araujo 6609,fernanda.araujo.6609.6609@exemplo.com,N/A,N/A
ID06610,Beatriz Gomes 6610,beatriz.gomes.6610.6610@exemplo.com,152.344.590-70,(11) 92344590
ID06611,Bruno Ribeiro 6611,bruno.ribeiro.6611.6611@exemplo.com,152.352.509-07,(11) 92352509
ID06612,Rafael Oliveira 6612,rafael.oliveira.6612.6612@exemplo.com,152.360.428-44,(11) 92360428
ID06613,Natalia Oliveira 6613,natalia.oliveira.6613.6613@exemplo.com,152.368.347-81,(11) 92368347
ID06614,Beatriz Araujo 6614,beatriz.araujo.6614.6614@exemplo.com,152.376.266-18,(11) 92376266
ID06615,Carlos Oliveira 6615,carlos.oliveira.6615.6615@exemplo.com,152.384.185-55,(11) 92384185
ID06616,Felipe Rodrigues 6616,felipe.rodrigues.6616.6616@exemplo.com,152.392.104-92,(11) 92392104
ID06617,Larissa Ribeiro 6617,larissa.ribeiro.6617.6617@exemplo.com,152.400.023-29,(11) 92400023
ID06618,Valentina Moura 6618,valentina.moura.6618.6618@exemplo.com,152.407.942-66,(11) 92407942
ID06619,Yasmin Pereira 6619,yasmin.pereira.6619.6619@exemplo.com,152.415.861-03,(11) 92415861
ID06620,Isabela Silva 6620,isabela.silva.6620.6620@exemplo.com,N/A,N/A
ID06621,Vinicius Pereira 6621,vinicius.pereira.6621.6621@exemplo.com,152.431.699-77,(11) 92431699
ID06622,Sara Moura 6622,sara.moura.6622.6622@exemplo.com,152.439.618-14,(11) 92439618
ID06623,Valentina Lima 6623,valentina.lima.6623.6623@exemplo.com,N/A,N/A
ID06624,Rafael Carvalho 6624,rafael.carvalho.6624.6624@exemplo.com,N/A,N/A
ID06625,Juliana Carvalho 6625,juliana.carvalho.6625.6625@exemplo.com,N/A,N/A
ID06626,Isabela Dias 6626,isabela.dias.6626.6626@exemplo.com,152.471.294-62,(11) 92471294
ID06627,Gabriel Pereira 6627,gabriel.pereira.6627.6627@exemplo.com,152.479.213-99,(11) 92479213
ID06628,Bruno Almeida 6628,bruno.almeida.6628.6628@exemplo.com,152.487.132-36,(11) 92487132
ID06629,Eduardo Nascimento 6629,eduardo.nascimento.6629.6629@exemplo.com,N/A,N/A
ID06630,Igor Lima 6630,igor.lima.6630.6630@exemplo.com,N/A,N/A
ID06631,Igor Souza 6631,igor.souza.6631.6631@exemplo.com,N/A,N/A
ID06632,Carlos Nascimento 6632,carlos.nascimento.6632.6632@exemplo.com,152.518.808-84,(11) 92518808
ID06633,Larissa Almeida 6633,larissa.almeida.6633.6633@exemplo.com,152.526.727-21,(11) 92526727
ID06634,Marcelo Dias 6634,marcelo.dias.6634.6634@exemplo.com,152.534.646-58,(11) 92534646
ID06635,Nicolas Almeida 6635,nicolas.almeida.6635.6635@exemplo.com,N/A,N/A
ID06636,Isabela Rodrigues 6636,isabela.rodrigues.6636.6636@exemplo.com,152.550.484-32,(11) 92550484
ID06637,Olivia Costa 6637,olivia.costa.6637.6637@exemplo.com,N/A,N/A
ID06638,Rodrigo Nascimento 6638,rodrigo.nascimento.6638.6638@exemplo.com,N/A,N/A
ID06639,Diego Dias 6639,diego.dias.6639.6639@exemplo.com,152.574.241-43,(11) 92574241
ID06640,Gabriel Nascimento 6640,gabriel.nascimento.6640.6640@exemplo.com,152.582.160-80,(11) 92582160
ID06641,Camila Fernandes 6641,camila.fernandes.6641.6641@exemplo.com,152.590.079-17,(11) 92590079
ID06642,Eduardo Barbosa 6642,eduardo.barbosa.6642.6642@exemplo.com,152.597.998-54,(11) 92597998
ID06643,Victor Lima 6643,victor.lima.6643.6643@exemplo.com,152.605.917-91,(11) 92605917
ID06644,Patricia Lima 6644,patricia.lima.6644.6644@exemplo.com,152.613.836-28,(11) 92613836
ID06645,Rafael Nascimento 6645,rafael.nascimento.6645.6645@exemplo.com,152.621.755-65,(11) 92621755
ID06646,Henrique Pereira 6646,henrique.pereira.6646.6646@exemplo.com,152.629.674-02,(11) 92629674
ID06647,Victor Fernandes 6647,victor.fernandes.6647.6647@exemplo.com,N/A,N/A
ID06648,Daniela Almeida 6648,daniela.almeida.6648.6648@exemplo.com,N/A,N/A
ID06649,Larissa Ribeiro 6649,larissa.ribeiro.6649.6649@exemplo.com,152.653.431-13,(11) 92653431
ID06650,Paulo Teixeira 6650,paulo.teixeira.6650.6650@exemplo.com,N/A,N/A
ID06651,Helena Rodrigues 6651,helena.rodrigues.6651.6651@exemplo.com,N/A,N/A
ID06652,Yasmin Souza 6652,yasmin.souza.6652.6652@exemplo.com,152.677.188-24,(11) 92677188
ID06653,Valentina Santos 6653,valentina.santos.6653.6653@exemplo.com,152.685.107-61,(11) 92685107
ID06654,Paulo Rodrigues 6654,paulo.rodrigues.6654.6654@exemplo.com,N/A,N/A
ID06655,Paulo Lima 6655,paulo.lima.6655.6655@exemplo.com,N/A,N/A
ID06656,Rafael Oliveira 6656,rafael.oliveira.6656.6656@exemplo.com,152.708.864-72,(11) 92708864
ID06657,Yasmin Barbosa 6657,yasmin.barbosa.6657.6657@exemplo.com,N/A,N/A
ID06658,Fernanda Almeida 6658,fernanda.almeida.6658.6658@exemplo.com,152.724.702-46,(11) 92724702
ID06659,Helena Costa 6659,helena.costa.6659.6659@exemplo.com,152.732.621-83,(11) 92732621
ID06660,Camila Souza 6660,camila.souza.6660.6660@exemplo.com,152.740.540-20,(11) 92740540
ID06661,Vinicius Pereira 6661,vinicius.pereira.6661.6661@exemplo.com,N/A,N/A
ID06662,Valentina Almeida 6662,valentina.almeida.6662.6662@exemplo.com,N/A,N/A
ID06663,Beatriz Oliveira 6663,beatriz.oliveira.6663.6663@exemplo.com,152.764.297-31,(11) 92764297
ID06664,Felipe Carvalho 6664,felipe.carvalho.6664.6664@exemplo.com,152.772.216-68,(11) 92772216
ID06665,Nicolas Lima 6665,nicolas.lima.6665.6665@exemplo.com,152.780.135-05,(11) 92780135
ID06666,Valentina Lima 6666,valentina.lima.6666.6666@exemplo.com,152.788.054-42,(11) 92788054
ID06667,Mariana Araujo 6667,mariana.araujo.6667.6667@exemplo.com,N/A,N/A
ID06668,Natalia Costa 6668,natalia.costa.6668.6668@exemplo.com,152.803.892-16,(11) 92803892
ID06669,Valentina Martins 6669,valentina.martins.6669.6669@exemplo.com,152.811.811-53,(11) 92811811
ID06670,Ana Lima 6670,ana.lima.6670.6670@exemplo.com,152.819.730-90,(11) 92819730
ID06671,Igor Nascimento 6671,igor.nascimento.6671.6671@exemplo.com,N/A,N/A
ID06672,Vinicius Fernandes 6672,vinicius.fernandes.6672.6672@exemplo.com,152.835.568-64,(11) 92835568
ID06673,Ana Oliveira 6673,ana.oliveira.6673.6673@exemplo.com,N/A,N/A
ID06674,Nicolas Costa 6674,nicolas.costa.6674.6674@exemplo.com,N/A,N/A
ID06675,Vinicius Pereira 6675,vinicius.pereira.6675.6675@exemplo.com,152.859.325-75,(11) 92859325
ID06676,Igor Araujo 6676,igor.araujo.6676.6676@exemplo.com,152.867.244-12,(11) 92867244
ID06677,Mariana Costa 6677,mariana.costa.6677.6677@exemplo.com,152.875.163-49,(11) 92875163
ID06678,Paulo Oliveira 6678,paulo.oliveira.6678.6678@exemplo.com,N/A,N/A
ID06679,Marcelo Dias 6679,marcelo.dias.6679.6679@exemplo.com,152.891.001-23,(11) 92891001
ID06680,Giovana Barbosa 6680,giovana.barbosa.6680.6680@exemplo.com,N/A,N/A
ID06681,Rafael Oliveira 6681,rafael.oliveira.6681.6681@exemplo.com,152.906.839-97,(11) 92906839
ID06682,Joao Oliveira 6682,joao.oliveira.6682.6682@exemplo.com,152.914.758-34,(11) 92914758
ID06683,Paulo Araujo 6683,paulo.araujo.6683.6683@exemplo.com,152.922.677-71,(11) 92922677
ID06684,Giovana Barbosa 6684,giovana.barbosa.6684.6684@exemplo.com,N/A,N/A
ID06685,Larissa Costa 6685,larissa.costa.6685.6685@exemplo.com,152.938.515-45,(11) 92938515
ID06686,Thiago Costa 6686,thiago.costa.6686.6686@exemplo.com,N/A,N/A
ID06687,Diego Lima 6687,diego.lima.6687.6687@exemplo.com,152.954.353-19,(11) 92954353
ID06688,Otavio Costa 6688,otavio.costa.6688.6688@exemplo.com,152.962.272-56,(11) 92962272
ID06689,Sofia Mendes 6689,sofia.mendes.6689.6689@exemplo.com,152.970.191-93,(11) 92970191
ID06690,Nicolas Ribeiro 6690,nicolas.ribeiro.6690.6690@exemplo.com,152.978.110-30,(11) 92978110
ID06691,Daniela Souza 6691,daniela.souza.6691.6691@exemplo.com,152.986.029-67,(11) 92986029
ID06692,Henrique Nascimento 6692,henrique.nascimento.6692.6692@exemplo.com,152.993.948-04,(11) 92993948
ID06693,Rodrigo Oliveira 6693,rodrigo.oliveira.6693.6693@exemplo.com,153.001.867-41,(11) 93001867
ID06694,Giovana Martins 6694,giovana.martins.6694.6694@exemplo.com,153.009.786-78,(11) 93009786
ID06695,Giovana Costa 6695,giovana.costa.6695.6695@exemplo.com,153.017.705-15,(11) 93017705
ID06696,Paulo Costa 6696,paulo.costa.6696.6696@exemplo.com,153.025.624-52,(11) 93025624
ID06697,Camila Ribeiro 6697,camila.ribeiro.6697.6697@exemplo.com,N/A,N/A
ID06698,Helena Rodrigues 6698,helena.rodrigues.6698.6698@exemplo.com,153.041.462-26,(11) 93041462
ID06699,Victor Fernandes 6699,victor.fernandes.6699.6699@exemplo.com,153.049.381-63,(11) 93049381
ID06700,Valentina Rodrigues 6700,valentina.rodrigues.6700.6700@exemplo.com,N/A,N/A
ID06701,Felipe Oliveira 6701,felipe.oliveira.6701.6701@exemplo.com,153.065.219-37,(11) 93065219
ID06702,Rodrigo Costa 6702,rodrigo.costa.6702.6702@exemplo.com,N/A,N/A
ID06703,Valentina Almeida 6703,valentina.almeida.6703.6703@exemplo.com,N/A,N/A
ID06704,Natalia Martins 6704,natalia.martins.6704.6704@exemplo.com,N/A,N/A
ID06705,Olivia Almeida 6705,olivia.almeida.6705.6705@exemplo.com,153.096.895-85,(11) 93096895
ID06706,Eduardo Moura 6706,eduardo.moura.6706.6706@exemplo.com,N/A,N/A
ID06707,Sara Rodrigues 6707,sara.rodrigues.6707.6707@exemplo.com,N/A,N/A
ID06708,Larissa Santos 6708,larissa.santos.6708.6708@exemplo.com,153.120.652-96,(11) 93120652
ID06709,Isabela Barbosa 6709,isabela.barbosa.6709.6709@exemplo.com,153.128.571-33,(11) 93128571
ID06710,Camila Gomes 6710,camila.gomes.6710.6710@exemplo.com,N/A,N/A
ID06711,Bruno Pereira 6711,bruno.pereira.6711.6711@exemplo.com,153.144.409-07,(11) 93144409
ID06712,Rafael Carvalho 6712,rafael.carvalho.6712.6712@exemplo.com,153.152.328-44,(11) 93152328
ID06713,Beatriz Costa 6713,beatriz.costa.6713.6713@exemplo.com,153.160.247-81,(11) 93160247
ID06714,Henrique Barbosa 6714,henrique.barbosa.6714.6714@exemplo.com,153.168.166-18,(11) 93168166
ID06715,Bruno Dias 6715,bruno.dias.6715.6715@exemplo.com,153.176.085-55,(11) 93176085
ID06716,Henrique Barbosa 6716,henrique.barbosa.6716.6716@exemplo.com,153.184.004-92,(11) 93184004
ID06717,Nicolas Ribeiro 6717,nicolas.ribeiro.6717.6717@exemplo.com,N/A,N/A
ID06718,Juliana Almeida 6718,juliana.almeida.6718.6718@exemplo.com,153.199.842-66,(11) 93199842
ID06719,Patricia Rodrigues 6719,patricia.rodrigues.6719.6719@exemplo.com,N/A,N/A
ID06720,Giovana Barbosa 6720,giovana.barbosa.6720.6720@exemplo.com,N/A,N/A
ID06721,Rodrigo Fernandes 6721,rodrigo.fernandes.6721.6721@exemplo.com,N/A,N/A
ID06722,Sofia Barbosa 6722,sofia.barbosa.6722.6722@exemplo.com,153.231.518-14,(11) 93231518
ID06723,Fernanda Costa 6723,fernanda.costa.6723.6723@exemplo.com,N/A,N/A
ID06724,Vinicius Gomes 6724,vinicius.gomes.6724.6724@exemplo.com,153.247.356-88,(11) 93247356
ID06725,Sara Araujo 6725,sara.araujo.6725.6725@exemplo.com,153.255.275-25,(11) 93255275
ID06726,Felipe Pereira 6726,felipe.pereira.6726.6726@exemplo.com,153.263.194-62,(11) 93263194
ID06727,Yasmin Araujo 6727,yasmin.araujo.6727.6727@exemplo.com,N/A,N/A
ID06728,Beatriz Costa 6728,beatriz.costa.6728.6728@exemplo.com,153.279.032-36,(11) 93279032
ID06729,Felipe Almeida 6729,felipe.almeida.6729.6729@exemplo.com,N/A,N/A
ID06730,Bruno Ribeiro 6730,bruno.ribeiro.6730.6730@exemplo.com,N/A,N/A
ID06731,Rodrigo Dias 6731,rodrigo.dias.6731.6731@exemplo.com,N/A,N/A
ID06732,Rodrigo Fernandes 6732,rodrigo.fernandes.6732.6732@exemplo.com,N/A,N/A
ID06733,Natalia Teixeira 6733,natalia.teixeira.6733.6733@exemplo.com,153.318.627-21,(11) 93318627
ID06734,Juliana Araujo 6734,juliana.araujo.6734.6734@exemplo.com,153.326.546-58,(11) 93326546
ID06735,Valentina Ribeiro 6735,valentina.ribeiro.6735.6735@exemplo.com,153.334.465-95,(11) 93334465
ID06736,Diego Rodrigues 6736,diego.rodrigues.6736.6736@exemplo.com,153.342.384-32,(11) 93342384
ID06737,Patricia Lima 6737,patricia.lima.6737.6737@exemplo.com,153.350.303-69,(11) 93350303
ID06738,Henrique Fernandes 6738,henrique.fernandes.6738.6738@exemplo.com,153.358.222-06,(11) 93358222
ID06739,Larissa Souza 6739,larissa.souza.6739.6739@exemplo.com,153.366.141-43,(11) 93366141
ID06740,Henrique Almeida 6740,henrique.almeida.6740.6740@exemplo.com,N/A,N/A
ID06741,Sara Rodrigues 6741,sara.rodrigues.6741.6741@exemplo.com,153.381.979-17,(11) 93381979
ID06742,Daniela Araujo 6742,daniela.araujo.6742.6742@exemplo.com,153.389.898-54,(11) 93389898
ID06743,Camila Rodrigues 6743,camila.rodrigues.6743.6743@exemplo.com,N/A,N/A
ID06744,Elisa Santos 6744,elisa.santos.6744.6744@exemplo.com,N/A,N/A
ID06745,Beatriz Santos 6745,beatriz.santos.6745.6745@exemplo.com,153.413.655-65,(11) 93413655
ID06746,Sofia Souza 6746,sofia.souza.6746.6746@exemplo.com,N/A,N/A
ID06747,Bruno Pereira 6747,bruno.pereira.6747.6747@exemplo.com,N/A,N/A
ID06748,Olivia Ribeiro 6748,olivia.ribeiro.6748.6748@exemplo.com,153.437.412-76,(11) 93437412
ID06749,Joao Oliveira 6749,joao.oliveira.6749.6749@exemplo.com,N/A,N/A
ID06750,Sara Araujo 6750,sara.araujo.6750.6750@exemplo.com,153.453.250-50,(11) 93453250
ID06751,Eduardo Almeida 6751,eduardo.almeida.6751.6751@exemplo.com,N/A,N/A
ID06752,Mariana Ribeiro 6752,mariana.ribeiro.6752.6752@exemplo.com,153.469.088-24,(11) 93469088
ID06753,Gabriel Nascimento 6753,gabriel.nascimento.6753.6753@exemplo.com,153.477.007-61,(11) 93477007
ID06754,Fernanda Araujo 6754,fernanda.araujo.6754.6754@exemplo.com,153.484.926-98,(11) 93484926
ID06755,Victor Almeida 6755,victor.almeida.6755.6755@exemplo.com,153.492.845-35,(11) 93492845
ID06756,Sara Gomes 6756,sara.gomes.6756.6756@exemplo.com,N/A,N/A
ID06757,Thiago Nascimento 6757,thiago.nascimento.6757.6757@exemplo.com,153.508.683-09,(11) 93508683
ID06758,Juliana Fernandes 6758,juliana.fernandes.6758.6758@exemplo.com,153.516.602-46,(11) 93516602
ID06759,Juliana Nascimento 6759,juliana.nascimento.6759.6759@exemplo.com,N/A,N/A
ID06760,Juliana Almeida 6760,juliana.almeida.6760.6760@exemplo.com,N/A,N/A
ID06761,Sara Gomes 6761,sara.gomes.6761.6761@exemplo.com,153.540.359-57,(11) 93540359
ID06762,Henrique Teixeira 6762,henrique.teixeira.6762.6762@exemplo.com,N/A,N/A
ID06763,Juliana Teixeira 6763,juliana.teixeira.6763.6763@exemplo.com,153.556.197-31,(11) 93556197
ID06764,Beatriz Fernandes 6764,beatriz.fernandes.6764.6764@exemplo.com,153.564.116-68,(11) 93564116
ID06765,Larissa Carvalho 6765,larissa.carvalho.6765.6765@exemplo.com,153.572.035-05,(11) 93572035
ID06766,Juliana Nascimento 6766,juliana.nascimento.6766.6766@exemplo.com,153.579.954-42,(11) 93579954
ID06767,Carlos Almeida 6767,carlos.almeida.6767.6767@exemplo.com,153.587.873-79,(11) 93587873
ID06768,Vanessa Dias 6768,vanessa.dias.6768.6768@exemplo.com,153.595.792-16,(11) 93595792
ID06769,Victor Araujo 6769,victor.araujo.6769.6769@exemplo.com,N/A,N/A
ID06770,Marcelo Fernandes 6770,marcelo.fernandes.6770.6770@exemplo.com,N/A,N/A
ID06771,Rodrigo Almeida 6771,rodrigo.almeida.6771.6771@exemplo.com,153.619.549-27,(11) 93619549
ID06772,Eduardo Nascimento 6772,eduardo.nascimento.6772.6772@exemplo.com,N/A,N/A
ID06773,Gabriel Lima 6773,gabriel.lima.6773.6773@exemplo.com,153.635.387-01,(11) 93635387
ID06774,Victor Gomes 6774,victor.gomes.6774.6774@exemplo.com,N/A,N/A
ID06775,Lucas Silva 6775,lucas.silva.6775.6775@exemplo.com,N/A,N/A
ID06776,Daniela Rodrigues 6776,daniela.rodrigues.6776.6776@exemplo.com,153.659.144-12,(11) 93659144
ID06777,Beatriz Teixeira 6777,beatriz.teixeira.6777.6777@exemplo.com,153.667.063-49,(11) 93667063
ID06778,Beatriz Fernandes 6778,beatriz.fernandes.6778.6778@exemplo.com,153.674.982-86,(11) 93674982
ID06779,Sofia Carvalho 6779,sofia.carvalho.6779.6779@exemplo.com,153.682.901-23,(11) 93682901
ID06780,Valentina Oliveira 6780,valentina.oliveira.6780.6780@exemplo.com,153.690.820-60,(11) 93690820
ID06781,Juliana Dias 6781,juliana.dias.6781.6781@exemplo.com,153.698.739-97,(11) 93698739
ID06782,Larissa Araujo 6782,larissa.araujo.6782.6782@exemplo.com,153.706.658-34,(11) 93706658
ID06783,Igor Rodrigues 6783,igor.rodrigues.6783.6783@exemplo.com,N/A,N/A
ID06784,Juliana Costa 6784,juliana.costa.6784.6784@exemplo.com,153.722.496-08,(11) 93722496
ID06785,Sara Barbosa 6785,sara.barbosa.6785.6785@exemplo.com,N/A,N/A
ID06786,Henrique Nascimento 6786,henrique.nascimento.6786.6786@exemplo.com,153.738.334-82,(11) 93738334
ID06787,Lucas Gomes 6787,lucas.gomes.6787.6787@exemplo.com,153.746.253-19,(11) 93746253
ID06788,Eduardo Santos 6788,eduardo.santos.6788.6788@exemplo.com,153.754.172-56,(11) 93754172
ID06789,Beatriz Barbosa 6789,beatriz.barbosa.6789.6789@exemplo.com,153.762.091-93,(11) 93762091
ID06790,Valentina Pereira 6790,valentina.pereira.6790.6790@exemplo.com,153.770.010-30,(11) 93770010
ID06791,Juliana Moura 6791,juliana.moura.6791.6791@exemplo.com,153.777.929-67,(11) 93777929
ID06792,Vinicius Almeida 6792,vinicius.almeida.6792.6792@exemplo.com,N/A,N/A
ID06793,Elisa Araujo 6793,elisa.araujo.6793.6793@exemplo.com,N/A,N/A
ID06794,Eduardo Rodrigues 6794,eduardo.rodrigues.6794.6794@exemplo.com,153.801.686-78,(11) 93801686
ID06795,Patricia Carvalho 6795,patricia.carvalho.6795.6795@exemplo.com,153.809.605-15,(11) 93809605
ID06796,Yasmin Lima 6796,yasmin.lima.6796.6796@exemplo.com,153.817.524-52,(11) 93817524
ID06797,Daniela Santos 6797,daniela.santos.6797.6797@exemplo.com,153.825.443-89,(11) 93825443
ID06798,Beatriz Silva 6798,beatriz.silva.6798.6798@exemplo.com,153.833.362-26,(11) 93833362
ID06799,Larissa Barbosa 6799,larissa.barbosa.6799.6799@exemplo.com,153.841.281-63,(11) 93841281
ID06800,Mariana Almeida 6800,mariana.almeida.6800.6800@exemplo.com,N/A,N/A
ID06801,Camila Araujo 6801,camila.araujo.6801.6801@exemplo.com,153.857.119-37,(11) 93857119
ID06802,Rafael Santos 6802,rafael.santos.6802.6802@exemplo.com,153.865.038-74,(11) 93865038
ID06803,Paulo Barbosa 6803,paulo.barbosa.6803.6803@exemplo.com,153.872.957-11,(11) 93872957
ID06804,Fernanda Ribeiro 6804,fernanda.ribeiro.6804.6804@exemplo.com,153.880.876-48,(11) 93880876
ID06805,Rodrigo Rodrigues 6805,rodrigo.rodrigues.6805.6805@exemplo.com,153.888.795-85,(11) 93888795
ID06806,Sara Gomes 6806,sara.gomes.6806.6806@exemplo.com,153.896.714-22,(11) 93896714
ID06807,Olivia Souza 6807,olivia.souza.6807.6807@exemplo.com,N/A,N/A
ID06808,Bruno Moura 6808,bruno.moura.6808.6808@exemplo.com,153.912.552-96,(11) 93912552
ID06809,Henrique Silva 6809,henrique.silva.6809.6809@exemplo.com,N/A,N/A
ID06810,Eduardo Souza 6810,eduardo.souza.6810.6810@exemplo.com,N/A,N/A
ID06811,Otavio Moura 6811,otavio.moura.6811.6811@exemplo.com,N/A,N/A
ID06812,Felipe Carvalho 6812,felipe.carvalho.6812.6812@exemplo.com,N/A,N/A
ID06813,Lucas Barbosa 6813,lucas.barbosa.6813.6813@exemplo.com,153.952.147-81,(11) 93952147
ID06814,Mariana Costa 6814,mariana.costa.6814.6814@exemplo.com,153.960.066-18,(11) 93960066
ID06815,Natalia Costa 6815,natalia.costa.6815.6815@exemplo.com,153.967.985-55,(11) 93967985
ID06816,Vinicius Gomes 6816,vinicius.gomes.6816.6816@exemplo.com,153.975.904-92,(11) 93975904
ID06817,Elisa Teixeira 6817,elisa.teixeira.6817.6817@exemplo.com,153.983.823-29,(11) 93983823
ID06818,Rodrigo Costa 6818,rodrigo.costa.6818.6818@exemplo.com,N/A,N/A
ID06819,Daniela Carvalho 6819,daniela.carvalho.6819.6819@exemplo.com,153.999.661-03,(11) 93999661
ID06820,Nicolas Moura 6820,nicolas.moura.6820.6820@exemplo.com,154.007.580-40,(11) 94007580
ID06821,Bruno Martins 6821,bruno.martins.6821.6821@exemplo.com,154.015.499-77,(11) 94015499
ID06822,Lucas Araujo 6822,lucas.araujo.6822.6822@exemplo.com,N/A,N/A
ID06823,Fernanda Martins 6823,fernanda.martins.6823.6823@exemplo.com,154.031.337-51,(11) 94031337
ID06824,Olivia Santos 6824,olivia.santos.6824.6824@exemplo.com,154.039.256-88,(11) 94039256
ID06825,Helena Dias 6825,helena.dias.6825.6825@exemplo.com,N/A,N/A
ID06826,Eduardo Dias 6826,eduardo.dias.6826.6826@exemplo.com,N/A,N/A
ID06827,Paulo Araujo 6827,paulo.araujo.6827.6827@exemplo.com,154.063.013-99,(11) 94063013
ID06828,Eduardo Ribeiro 6828,eduardo.ribeiro.6828.6828@exemplo.com,N/A,N/A
ID06829,Victor Gomes 6829,victor.gomes.6829.6829@exemplo.com,N/A,N/A
ID06830,Gabriel Costa 6830,gabriel.costa.6830.6830@exemplo.com,N/A,N/A
ID06831,Patricia Oliveira 6831,patricia.oliveira.6831.6831@exemplo.com,N/A,N/A
ID06832,Elisa Almeida 6832,elisa.almeida.6832.6832@exemplo.com,154.102.608-84,(11) 94102608
ID06833,Henrique Silva 6833,henrique.silva.6833.6833@exemplo.com,154.110.527-21,(11) 94110527
ID06834,Igor Santos 6834,igor.santos.6834.6834@exemplo.com,154.118.446-58,(11) 94118446
ID06835,Lucas Teixeira 6835,lucas.teixeira.6835.6835@exemplo.com,154.126.365-95,(11) 94126365
ID06836,Thiago Nascimento 6836,thiago.nascimento.6836.6836@exemplo.com,154.134.284-32,(11) 94134284
ID06837,Yasmin Souza 6837,yasmin.souza.6837.6837@exemplo.com,154.142.203-69,(11) 94142203
ID06838,Igor Nascimento 6838,igor.nascimento.6838.6838@exemplo.com,N/A,N/A
ID06839,Victor Araujo 6839,victor.araujo.6839.6839@exemplo.com,154.158.041-43,(11) 94158041
ID06840,Fernanda Martins 6840,fernanda.martins.6840.6840@exemplo.com,154.165.960-80,(11) 94165960
ID06841,Natalia Teixeira 6841,natalia.teixeira.6841.6841@exemplo.com,154.173.879-17,(11) 94173879
ID06842,Beatriz Silva 6842,beatriz.silva.6842.6842@exemplo.com,154.181.798-54,(11) 94181798
ID06843,Yasmin Araujo 6843,yasmin.araujo.6843.6843@exemplo.com,N/A,N/A
ID06844,Natalia Araujo 6844,natalia.araujo.6844.6844@exemplo.com,154.197.636-28,(11) 94197636
ID06845,Camila Gomes 6845,camila.gomes.6845.6845@exemplo.com,154.205.555-65,(11) 94205555
ID06846,Juliana Silva 6846,juliana.silva.6846.6846@exemplo.com,N/A,N/A
ID06847,Bruno Silva 6847,bruno.silva.6847.6847@exemplo.com,154.221.393-39,(11) 94221393
ID06848,Helena Costa 6848,helena.costa.6848.6848@exemplo.com,N/A,N/A
ID06849,Victor Pereira 6849,victor.pereira.6849.6849@exemplo.com,154.237.231-13,(11) 94237231
ID06850,Joao Souza 6850,joao.souza.6850.6850@exemplo.com,N/A,N/A
ID06851,Helena Pereira 6851,helena.pereira.6851.6851@exemplo.com,154.253.069-87,(11) 94253069
ID06852,Joao Fernandes 6852,joao.fernandes.6852.6852@exemplo.com,N/A,N/A
ID06853,Otavio Araujo 6853,otavio.araujo.6853.6853@exemplo.com,N/A,N/A
ID06854,Beatriz Pereira 6854,beatriz.pereira.6854.6854@exemplo.com,154.276.826-98,(11) 94276826
ID06855,Vinicius Gomes 6855,vinicius.gomes.6855.6855@exemplo.com,N/A,N/A
ID06856,Rodrigo Rodrigues 6856,rodrigo.rodrigues.6856.6856@exemplo.com,154.292.664-72,(11) 94292664
ID06857,Victor Teixeira 6857,victor.teixeira.6857.6857@exemplo.com,154.300.583-09,(11) 94300583
ID06858,Ana Araujo 6858,ana.araujo.6858.6858@exemplo.com,N/A,N/A
ID06859,Vinicius Santos 6859,vinicius.santos.6859.6859@exemplo.com,154.316.421-83,(11) 94316421
ID06860,Nicolas Fernandes 6860,nicolas.fernandes.6860.6860@exemplo.com,154.324.340-20,(11) 94324340
ID06861,Bruno Pereira 6861,bruno.pereira.6861.6861@exemplo.com,154.332.259-57,(11) 94332259
ID06862,Sofia Almeida 6862,sofia.almeida.6862.6862@exemplo.com,N/A,N/A
ID06863,Olivia Santos 6863,olivia.santos.6863.6863@exemplo.com,154.348.097-31,(11) 94348097
ID06864,Nicolas Ribeiro 6864,nicolas.ribeiro.6864.6864@exemplo.com,N/A,N/A
ID06865,Eduardo Barbosa 6865,eduardo.barbosa.6865.6865@exemplo.com,N/A,N/A
ID06866,Diego Lima 6866,diego.lima.6866.6866@exemplo.com,154.371.854-42,(11) 94371854
ID06867,Igor Dias 6867,igor.dias.6867.6867@exemplo.com,N/A,N/A
ID06868,Igor Santos 6868,igor.santos.6868.6868@exemplo.com,N/A,N/A
ID06869,Isabela Santos 6869,isabela.santos.6869.6869@exemplo.com,154.395.611-53,(11) 94395611
ID06870,Paulo Araujo 6870,paulo.araujo.6870.6870@exemplo.com,154.403.530-90,(11) 94403530
ID06871,Paulo Costa 6871,paulo.costa.6871.6871@exemplo.com,N/A,N/A
ID06872,Camila Santos 6872,camila.santos.6872.6872@exemplo.com,154.419.368-64,(11) 94419368
ID06873,Bruno Pereira 6873,bruno.pereira.6873.6873@exemplo.com,154.427.287-01,(11) 94427287
ID06874,Valentina Dias 6874,valentina.dias.6874.6874@exemplo.com,154.435.206-38,(11) 94435206
ID06875,Sofia Moura 6875,sofia.moura.6875.6875@exemplo.com,154.443.125-75,(11) 94443125
ID06876,Lucas Gomes 6876,lucas.gomes.6876.6876@exemplo.com,154.451.044-12,(11) 94451044
ID06877,Joao Araujo 6877,joao.araujo.6877.6877@exemplo.com,N/A,N/A
ID06878,Beatriz Martins 6878,beatriz.martins.6878.6878@exemplo.com,154.466.882-86,(11) 94466882
ID06879,Diego Barbosa 6879,diego.barbosa.6879.6879@exemplo.com,N/A,N/A
ID06880,Juliana Costa 6880,juliana.costa.6880.6880@exemplo.com,154.482.720-60,(11) 94482720
ID06881,Mariana Carvalho 6881,mariana.carvalho.6881.6881@exemplo.com,N/A,N/A
ID06882,Natalia Nascimento 6882,natalia.nascimento.6882.6882@exemplo.com,154.498.558-34,(11) 94498558
ID06883,Mariana Gomes 6883,mariana.gomes.6883.6883@exemplo.com,154.506.477-71,(11) 94506477
ID06884,Sara Moura 6884,sara.moura.6884.6884@exemplo.com,N/A,N/A
ID06885,Nathan Ribeiro 6885,nathan.ribeiro.6885.6885@exemplo.com,154.522.315-45,(11) 94522315
ID06886,Igor Souza 6886,igor.souza.6886.6886@exemplo.com,154.530.234-82,(11) 94530234
ID06887,Vinicius Silva 6887,vinicius.silva.6887.6887@exemplo.com,N/A,N/A
ID06888,Bruno Martins 6888,bruno.martins.6888.6888@exemplo.com,154.546.072-56,(11) 94546072
ID06889,Sara Ribeiro 6889,sara.ribeiro.6889.6889@exemplo.com,154.553.991-93,(11) 94553991
ID06890,Giovana Gomes 6890,giovana.gomes.6890.6890@exemplo.com,N/A,N/A
ID06891,Ana Almeida 6891,ana.almeida.6891.6891@exemplo.com,N/A,N/A
ID06892,Joao Santos 6892,joao.santos.6892.6892@exemplo.com,N/A,N/A
ID06893,Olivia Dias 6893,olivia.dias.6893.6893@exemplo.com,N/A,N/A
ID06894,Felipe Araujo 6894,felipe.araujo.6894.6894@exemplo.com,154.593.586-78,(11) 94593586
ID06895,Igor Costa 6895,igor.costa.6895.6895@exemplo.com,154.601.505-15,(11) 94601505
ID06896,Yasmin Almeida 6896,yasmin.almeida.6896.6896@exemplo.com,N/A,N/A
ID06897,Victor Araujo 6897,victor.araujo.6897.6897@exemplo.com,154.617.343-89,(11) 94617343
ID06898,Gabriel Costa 6898,gabriel.costa.6898.6898@exemplo.com,154.625.262-26,(11) 94625262
ID06899,Henrique Fernandes 6899,henrique.fernandes.6899.6899@exemplo.com,N/A,N/A
ID06900,Daniela Dias 6900,daniela.dias.6900.6900@exemplo.com,N/A,N/A
ID06901,Victor Oliveira 6901,victor.oliveira.6901.6901@exemplo.com,154.649.019-37,(11) 94649019
ID06902,Sara Souza 6902,sara.souza.6902.6902@exemplo.com,154.656.938-74,(11) 94656938
ID06903,Olivia Ribeiro 6903,olivia.ribeiro.6903.6903@exemplo.com,N/A,N/A
ID06904,Eduardo Santos 6904,eduardo.santos.6904.6904@exemplo.com,154.672.776-48,(11) 94672776
ID06905,Yasmin Lima 6905,yasmin.lima.6905.6905@exemplo.com,N/A,N/A
ID06906,Lucas Dias 6906,lucas.dias.6906.6906@exemplo.com,154.688.614-22,(11) 94688614
ID06907,Bruno Pereira 6907,bruno.pereira.6907.6907@exemplo.com,154.696.533-59,(11) 94696533
ID06908,Igor Costa 6908,igor.costa.6908.6908@exemplo.com,N/A,N/A
ID06909,Otavio Moura 6909,otavio.moura.6909.6909@exemplo.com,154.712.371-33,(11) 94712371
ID06910,Isabela Santos 6910,isabela.santos.6910.6910@exemplo.com,154.720.290-70,(11) 94720290
ID06911,Felipe Teixeira 6911,felipe.teixeira.6911.6911@exemplo.com,154.728.209-07,(11) 94728209
ID06912,Camila Rodrigues 6912,camila.rodrigues.6912.6912@exemplo.com,154.736.128-44,(11) 94736128
ID06913,Nicolas Carvalho 6913,nicolas.carvalho.6913.6913@exemplo.com,154.744.047-81,(11) 94744047
ID06914,Thiago Teixeira 6914,thiago.teixeira.6914.6914@exemplo.com,N/A,N/A
ID06915,Rafael Costa 6915,rafael.costa.6915.6915@exemplo.com,154.759.885-55,(11) 94759885
ID06916,Nicolas Almeida 6916,nicolas.almeida.6916.6916@exemplo.com,154.767.804-92,(11) 94767804
ID06917,Valentina Santos 6917,valentina.santos.6917.6917@exemplo.com,154.775.723-29,(11) 94775723
ID06918,Paulo Almeida 6918,paulo.almeida.6918.6918@exemplo.com,154.783.642-66,(11) 94783642
ID06919,Sara Barbosa 6919,sara.barbosa.6919.6919@exemplo.com,154.791.561-03,(11) 94791561
ID06920,Juliana Rodrigues 6920,juliana.rodrigues.6920.6920@exemplo.com,154.799.480-40,(11) 94799480
ID06921,Larissa Fernandes 6921,larissa.fernandes.6921.6921@exemplo.com,154.807.399-77,(11) 94807399
ID06922,Elisa Teixeira 6922,elisa.teixeira.6922.6922@exemplo.com,154.815.318-14,(11) 94815318
ID06923,Gabriel Ribeiro 6923,gabriel.ribeiro.6923.6923@exemplo.com,154.823.237-51,(11) 94823237
ID06924,Bruno Rodrigues 6924,bruno.rodrigues.6924.6924@exemplo.com,N/A,N/A
ID06925,Valentina Santos 6925,valentina.santos.6925.6925@exemplo.com,154.839.075-25,(11) 94839075
ID06926,Yasmin Pereira 6926,yasmin.pereira.6926.6926@exemplo.com,N/A,N/A
ID06927,Valentina Rodrigues 6927,valentina.rodrigues.6927.6927@exemplo.com,154.854.913-99,(11) 94854913
ID06928,Larissa Araujo 6928,larissa.araujo.6928.6928@exemplo.com,154.862.832-36,(11) 94862832
ID06929,Ana Almeida 6929,ana.almeida.6929.6929@exemplo.com,N/A,N/A
ID06930,Joao Pereira 6930,joao.pereira.6930.6930@exemplo.com,154.878.670-10,(11) 94878670
ID06931,Otavio Oliveira 6931,otavio.oliveira.6931.6931@exemplo.com,N/A,N/A
ID06932,Otavio Lima 6932,otavio.lima.6932.6932@exemplo.com,N/A,N/A
ID06933,Isabela Barbosa 6933,isabela.barbosa.6933.6933@exemplo.com,154.902.427-21,(11) 94902427
ID06934,Valentina Ribeiro 6934,valentina.ribeiro.6934.6934@exemplo.com,N/A,N/A
ID06935,Victor Nascimento 6935,victor.nascimento.6935.6935@exemplo.com,N/A,N/A
ID06936,Henrique Carvalho 6936,henrique.carvalho.6936.6936@exemplo.com,154.926.184-32,(11) 94926184
ID06937,Natalia Souza 6937,natalia.souza.6937.6937@exemplo.com,154.934.103-69,(11) 94934103
ID06938,Vinicius Almeida 6938,vinicius.almeida.6938.6938@exemplo.com,154.942.022-06,(11) 94942022
ID06939,Sara Souza 6939,sara.souza.6939.6939@exemplo.com,154.949.941-43,(11) 94949941
ID06940,Bruno Souza 6940,bruno.souza.6940.6940@exemplo.com,154.957.860-80,(11) 94957860
ID06941,Beatriz Oliveira 6941,beatriz.oliveira.6941.6941@exemplo.com,154.965.779-17,(11) 94965779
ID06942,Isabela Pereira 6942,isabela.pereira.6942.6942@exemplo.com,154.973.698-54,(11) 94973698
ID06943,Felipe Souza 6943,felipe.souza.6943.6943@exemplo.com,N/A,N/A
ID06944,Otavio Moura 6944,otavio.moura.6944.6944@exemplo.com,154.989.536-28,(11) 94989536
ID06945,Elisa Ribeiro 6945,elisa.ribeiro.6945.6945@exemplo.com,154.997.455-65,(11) 94997455
ID06946,Thiago Araujo 6946,thiago.araujo.6946.6946@exemplo.com,N/A,N/A
ID06947,Igor Araujo 6947,igor.araujo.6947.6947@exemplo.com,155.013.293-39,(11) 95013293
ID06948,Henrique Souza 6948,henrique.souza.6948.6948@exemplo.com,155.021.212-76,(11) 95021212
ID06949,Sara Rodrigues 6949,sara.rodrigues.6949.6949@exemplo.com,155.029.131-13,(11) 95029131
ID06950,Natalia Souza 6950,natalia.souza.6950.6950@exemplo.com,N/A,N/A
ID06951,Paulo Barbosa 6951,paulo.barbosa.6951.6951@exemplo.com,155.044.969-87,(11) 95044969
ID06952,Diego Fernandes 6952,diego.fernandes.6952.6952@exemplo.com,155.052.888-24,(11) 95052888
ID06953,Sara Moura 6953,sara.moura.6953.6953@exemplo.com,155.060.807-61,(11) 95060807
ID06954,Larissa Ribeiro 6954,larissa.ribeiro.6954.6954@exemplo.com,155.068.726-98,(11) 95068726
ID06955,Joao Araujo 6955,joao.araujo.6955.6955@exemplo.com,N/A,N/A
ID06956,Ana Oliveira 6956,ana.oliveira.6956.6956@exemplo.com,155.084.564-72,(11) 95084564
ID06957,Igor Rodrigues 6957,igor.rodrigues.6957.6957@exemplo.com,155.092.483-09,(11) 95092483
ID06958,Larissa Gomes 6958,larissa.gomes.6958.6958@exemplo.com,155.100.402-46,(11) 95100402
ID06959,Rodrigo Dias 6959,rodrigo.dias.6959.6959@exemplo.com,155.108.321-83,(11) 95108321
ID06960,Marcelo Barbosa 6960,marcelo.barbosa.6960.6960@exemplo.com,N/A,N/A
ID06961,Vinicius Teixeira 6961,vinicius.teixeira.6961.6961@exemplo.com,155.124.159-57,(11) 95124159
ID06962,Larissa Ribeiro 6962,larissa.ribeiro.6962.6962@exemplo.com,155.132.078-94,(11) 95132078
ID06963,Vinicius Martins 6963,vinicius.martins.6963.6963@exemplo.com,155.139.997-31,(11) 95139997
ID06964,Eduardo Moura 6964,eduardo.moura.6964.6964@exemplo.com,155.147.916-68,(11) 95147916
ID06965,Elisa Martins 6965,elisa.martins.6965.6965@exemplo.com,N/A,N/A
ID06966,Sofia Pereira 6966,sofia.pereira.6966.6966@exemplo.com,155.163.754-42,(11) 95163754
ID06967,Fernanda Ribeiro 6967,fernanda.ribeiro.6967.6967@exemplo.com,155.171.673-79,(11) 95171673
ID06968,Ana Costa 6968,ana.costa.6968.6968@exemplo.com,N/A,N/A
ID06969,Mariana Lima 6969,mariana.lima.6969.6969@exemplo.com,155.187.511-53,(11) 95187511
ID06970,Camila Fernandes 6970,camila.fernandes.6970.6970@exemplo.com,155.195.430-90,(11) 95195430
ID06971,Eduardo Rodrigues 6971,eduardo.rodrigues.6971.6971@exemplo.com,155.203.349-27,(11) 95203349
ID06972,Natalia Ribeiro 6972,natalia.ribeiro.6972.6972@exemplo.com,155.211.268-64,(11) 95211268
ID06973,Daniela Teixeira 6973,daniela.teixeira.6973.6973@exemplo.com,155.219.187-01,(11) 95219187
ID06974,Thiago Pereira 6974,thiago.pereira.6974.6974@exemplo.com,N/A,N/A
ID06975,Nicolas Silva 6975,nicolas.silva.6975.6975@exemplo.com,N/A,N/A
ID06976,Valentina Santos 6976,valentina.santos.6976.6976@exemplo.com,155.242.944-12,(11) 95242944
ID06977,Victor Barbosa 6977,victor.barbosa.6977.6977@exemplo.com,155.250.863-49,(11) 95250863
ID06978,Rodrigo Santos 6978,rodrigo.santos.6978.6978@exemplo.com,N/A,N/A
ID06979,Sofia Pereira 6979,sofia.pereira.6979.6979@exemplo.com,155.266.701-23,(11) 95266701
ID06980,Elisa Martins 6980,elisa.martins.6980.6980@exemplo.com,155.274.620-60,(11) 95274620
ID06981,Victor Gomes 6981,victor.gomes.6981.6981@exemplo.com,155.282.539-97,(11) 95282539
ID06982,Beatriz Nascimento 6982,beatriz.nascimento.6982.6982@exemplo.com,155.290.458-34,(11) 95290458
ID06983,Beatriz Pereira 6983,beatriz.pereira.6983.6983@exemplo.com,N/A,N/A
ID06984,Bruno Araujo 6984,bruno.araujo.6984.6984@exemplo.com,N/A,N/A
ID06985,Valentina Souza 6985,valentina.souza.6985.6985@exemplo.com,155.314.215-45,(11) 95314215
ID06986,Fernanda Teixeira 6986,fernanda.teixeira.6986.6986@exemplo.com,155.322.134-82,(11) 95322134
ID06987,Mariana Dias 6987,mariana.dias.6987.6987@exemplo.com,155.330.053-19,(11) 95330053
ID06988,Sofia Pereira 6988,sofia.pereira.6988.6988@exemplo.com,155.337.972-56,(11) 95337972
ID06989,Nicolas Moura 6989,nicolas.moura.6989.6989@exemplo.com,N/A,N/A
ID06990,Sara Costa 6990,sara.costa.6990.6990@exemplo.com,155.353.810-30,(11) 95353810
ID06991,Sara Barbosa 6991,sara.barbosa.6991.6991@exemplo.com,155.361.729-67,(11) 95361729
ID06992,Daniela Dias 6992,daniela.dias.6992.6992@exemplo.com,155.369.648-04,(11) 95369648
ID06993,Vinicius Almeida 6993,vinicius.almeida.6993.6993@exemplo.com,N/A,N/A
ID06994,Otavio Fernandes 6994,otavio.fernandes.6994.6994@exemplo.com,155.385.486-78,(11) 95385486
ID06995,Felipe Nascimento 6995,felipe.nascimento.6995.6995@exemplo.com,N/A,N/A
ID06996,Victor Almeida 6996,victor.almeida.6996.6996@exemplo.com,155.401.324-52,(11) 95401324
ID06997,Bruno Silva 6997,bruno.silva.6997.6997@exemplo.com,155.409.243-89,(11) 95409243
ID06998,Gabriel Dias 6998,gabriel.dias.6998.6998@exemplo.com,155.417.162-26,(11) 95417162
ID06999,Henrique Carvalho 6999,henrique.carvalho.6999.6999@exemplo.com,155.425.081-63,(11) 95425081
ID07000,Sofia Oliveira 7000,sofia.oliveira.7000.7000@exemplo.com,155.433.000-00,(11) 95433000
ID07001,Natalia Araujo 7001,natalia.araujo.7001.7001@exemplo.com,N/A,N/A
ID07002,Beatriz Almeida 7002,beatriz.almeida.7002.7002@exemplo.com,155.448.838-74,(11) 95448838
ID07003,Vinicius Santos 7003,vinicius.santos.7003.7003@exemplo.com,N/A,N/A
ID07004,Fernanda Araujo 7004,fernanda.araujo.7004.7004@exemplo.com,N/A,N/A
ID07005,Thiago Pereira 7005,thiago.pereira.7005.7005@exemplo.com,155.472.595-85,(11) 95472595
ID07006,Patricia Pereira 7006,patricia.pereira.7006.7006@exemplo.com,N/A,N/A
ID07007,Paulo Carvalho 7007,paulo.carvalho.7007.7007@exemplo.com,155.488.433-59,(11) 95488433
ID07008,Elisa Santos 7008,elisa.santos.7008.7008@exemplo.com,155.496.352-96,(11) 95496352
ID07009,Helena Silva 7009,helena.silva.7009.7009@exemplo.com,155.504.271-33,(11) 95504271
ID07010,Bruno Pereira 7010,bruno.pereira.7010.7010@exemplo.com,155.512.190-70,(11) 95512190
ID07011,Valentina Lima 7011,valentina.lima.7011.7011@exemplo.com,N/A,N/A
ID07012,Carlos Lima 7012,carlos.lima.7012.7012@exemplo.com,155.528.028-44,(11) 95528028
ID07013,Joao Almeida 7013,joao.almeida.7013.7013@exemplo.com,155.535.947-81,(11) 95535947
ID07014,Henrique Moura 7014,henrique.moura.7014.7014@exemplo.com,N/A,N/A
ID07015,Paulo Araujo 7015,paulo.araujo.7015.7015@exemplo.com,155.551.785-55,(11) 95551785
ID07016,Rafael Dias 7016,rafael.dias.7016.7016@exemplo.com,155.559.704-92,(11) 95559704
ID07017,Rodrigo Costa 7017,rodrigo.costa.7017.7017@exemplo.com,155.567.623-29,(11) 95567623
ID07018,Natalia Ribeiro 7018,natalia.ribeiro.7018.7018@exemplo.com,155.575.542-66,(11) 95575542
ID07019,Juliana Rodrigues 7019,juliana.rodrigues.7019.7019@exemplo.com,155.583.461-03,(11) 95583461
ID07020,Felipe Nascimento 7020,felipe.nascimento.7020.7020@exemplo.com,155.591.380-40,(11) 95591380
ID07021,Marcelo Carvalho 7021,marcelo.carvalho.7021.7021@exemplo.com,N/A,N/A
ID07022,Bruno Moura 7022,bruno.moura.7022.7022@exemplo.com,N/A,N/A
ID07023,Juliana Araujo 7023,juliana.araujo.7023.7023@exemplo.com,N/A,N/A
ID07024,Natalia Almeida 7024,natalia.almeida.7024.7024@exemplo.com,155.623.056-88,(11) 95623056
ID07025,Fernanda Araujo 7025,fernanda.araujo.7025.7025@exemplo.com,155.630.975-25,(11) 95630975
ID07026,Sofia Ribeiro 7026,sofia.ribeiro.7026.7026@exemplo.com,N/A,N/A
ID07027,Sara Pereira 7027,sara.pereira.7027.7027@exemplo.com,155.646.813-99,(11) 95646813
ID07028,Helena Costa 7028,helena.costa.7028.7028@exemplo.com,155.654.732-36,(11) 95654732
ID07029,Larissa Rodrigues 7029,larissa.rodrigues.7029.7029@exemplo.com,N/A,N/A
ID07030,Mariana Gomes 7030,mariana.gomes.7030.7030@exemplo.com,155.670.570-10,(11) 95670570
ID07031,Fernanda Silva 7031,fernanda.silva.7031.7031@exemplo.com,155.678.489-47,(11) 95678489
ID07032,Beatriz Almeida 7032,beatriz.almeida.7032.7032@exemplo.com,N/A,N/A
ID07033,Lucas Nascimento 7033,lucas.nascimento.7033.7033@exemplo.com,N/A,N/A
ID07034,Olivia Ribeiro 7034,olivia.ribeiro.7034.7034@exemplo.com,155.702.246-58,(11) 95702246
ID07035,Paulo Silva 7035,paulo.silva.7035.7035@exemplo.com,N/A,N/A
ID07036,Sofia Ribeiro 7036,sofia.ribeiro.7036.7036@exemplo.com,N/A,N/A
ID07037,Rodrigo Moura 7037,rodrigo.moura.7037.7037@exemplo.com,155.726.003-69,(11) 95726003
ID07038,Diego Silva 7038,diego.silva.7038.7038@exemplo.com,155.733.922-06,(11) 95733922
ID07039,Carlos Souza 7039,carlos.souza.7039.7039@exemplo.com,155.741.841-43,(11) 95741841
ID07040,Eduardo Nascimento 7040,eduardo.nascimento.7040.7040@exemplo.com,N/A,N/A
ID07041,Rodrigo Araujo 7041,rodrigo.araujo.7041.7041@exemplo.com,N/A,N/A
ID07042,Rodrigo Silva 7042,rodrigo.silva.7042.7042@exemplo.com,155.765.598-54,(11) 95765598
ID07043,Elisa Lima 7043,elisa.lima.7043.7043@exemplo.com,155.773.517-91,(11) 95773517
ID07044,Paulo Santos 7044,paulo.santos.7044.7044@exemplo.com,155.781.436-28,(11) 95781436
ID07045,Rafael Teixeira 7045,rafael.teixeira.7045.7045@exemplo.com,155.789.355-65,(11) 95789355
ID07046,Natalia Souza 7046,natalia.souza.7046.7046@exemplo.com,155.797.274-02,(11) 95797274
ID07047,Vinicius Pereira 7047,vinicius.pereira.7047.7047@exemplo.com,155.805.193-39,(11) 95805193
ID07048,Carlos Souza 7048,carlos.souza.7048.7048@exemplo.com,155.813.112-76,(11) 95813112
ID07049,Fernanda Gomes 7049,fernanda.gomes.7049.7049@exemplo.com,155.821.031-13,(11) 95821031
ID07050,Helena Fernandes 7050,helena.fernandes.7050.7050@exemplo.com,155.828.950-50,(11) 95828950
ID07051,Rafael Barbosa 7051,rafael.barbosa.7051.7051@exemplo.com,N/A,N/A
ID07052,Juliana Nascimento 7052,juliana.nascimento.7052.7052@exemplo.com,N/A,N/A
ID07053,Camila Teixeira 7053,camila.teixeira.7053.7053@exemplo.com,155.852.707-61,(11) 95852707
ID07054,Carlos Teixeira 7054,carlos.teixeira.7054.7054@exemplo.com,155.860.626-98,(11) 95860626
ID07055,Isabela Souza 7055,isabela.souza.7055.7055@exemplo.com,155.868.545-35,(11) 95868545
ID07056,Giovana Pereira 7056,giovana.pereira.7056.7056@exemplo.com,155.876.464-72,(11) 95876464
ID07057,Yasmin Carvalho 7057,yasmin.carvalho.7057.7057@exemplo.com,155.884.383-09,(11) 95884383
ID07058,Elisa Santos 7058,elisa.santos.7058.7058@exemplo.com,N/A,N/A
ID07059,Ana Barbosa 7059,ana.barbosa.7059.7059@exemplo.com,N/A,N/A
ID07060,Valentina Teixeira 7060,valentina.teixeira.7060.7060@exemplo.com,N/A,N/A
ID07061,Igor Almeida 7061,igor.almeida.7061.7061@exemplo.com,155.916.059-57,(11) 95916059
ID07062,Nicolas Pereira 7062,nicolas.pereira.7062.7062@exemplo.com,155.923.978-94,(11) 95923978
ID07063,Fernanda Barbosa 7063,fernanda.barbosa.7063.7063@exemplo.com,155.931.897-31,(11) 95931897
ID07064,Bruno Martins 7064,bruno.martins.7064.7064@exemplo.com,N/A,N/A
ID07065,Felipe Santos 7065,felipe.santos.7065.7065@exemplo.com,N/A,N/A
ID07066,Paulo Fernandes 7066,paulo.fernandes.7066.7066@exemplo.com,155.955.654-42,(11) 95955654
ID07067,Lucas Barbosa 7067,lucas.barbosa.7067.7067@exemplo.com,155.963.573-79,(11) 95963573
ID07068,Larissa Teixeira 7068,larissa.teixeira.7068.7068@exemplo.com,155.971.492-16,(11) 95971492
ID07069,Marcelo Ribeiro 7069,marcelo.ribeiro.7069.7069@exemplo.com,N/A,N/A
ID07070,Gabriel Oliveira 7070,gabriel.oliveira.7070.7070@exemplo.com,155.987.330-90,(11) 95987330
ID07071,Giovana Nascimento 7071,giovana.nascimento.7071.7071@exemplo.com,155.995.249-27,(11) 95995249
ID07072,Mariana Costa 7072,mariana.costa.7072.7072@exemplo.com,156.003.168-64,(11) 96003168
ID07073,Marcelo Dias 7073,marcelo.dias.7073.7073@exemplo.com,N/A,N/A
ID07074,Ana Costa 7074,ana.costa.7074.7074@exemplo.com,N/A,N/A
ID07075,Larissa Ribeiro 7075,larissa.ribeiro.7075.7075@exemplo.com,156.026.925-75,(11) 96026925
ID07076,Diego Souza 7076,diego.souza.7076.7076@exemplo.com,156.034.844-12,(11) 96034844
ID07077,Rodrigo Costa 7077,rodrigo.costa.7077.7077@exemplo.com,156.042.763-49,(11) 96042763
ID07078,Gabriel Almeida 7078,gabriel.almeida.7078.7078@exemplo.com,156.050.682-86,(11) 96050682
ID07079,Thiago Dias 7079,thiago.dias.7079.7079@exemplo.com,156.058.601-23,(11) 96058601
ID07080,Gabriel Silva 7080,gabriel.silva.7080.7080@exemplo.com,156.066.520-60,(11) 96066520
ID07081,Mariana Araujo 7081,mariana.araujo.7081.7081@exemplo.com,156.074.439-97,(11) 96074439
ID07082,Vinicius Silva 7082,vinicius.silva.7082.7082@exemplo.com,156.082.358-34,(11) 96082358
ID07083,Ana Silva 7083,ana.silva.7083.7083@exemplo.com,156.090.277-71,(11) 96090277
ID07084,Larissa Carvalho 7084,larissa.carvalho.7084.7084@exemplo.com,156.098.196-08,(11) 96098196
ID07085,Henrique Souza 7085,henrique.souza.7085.7085@exemplo.com,156.106.115-45,(11) 96106115
ID07086,Juliana Araujo 7086,juliana.araujo.7086.7086@exemplo.com,156.114.034-82,(11) 96114034
ID07087,Bruno Teixeira 7087,bruno.teixeira.7087.7087@exemplo.com,156.121.953-19,(11) 96121953
ID07088,Juliana Santos 7088,juliana.santos.7088.7088@exemplo.com,156.129.872-56,(11) 96129872
ID07089,Henrique Teixeira 7089,henrique.teixeira.7089.7089@exemplo.com,156.137.791-93,(11) 96137791
ID07090,Thiago Nascimento 7090,thiago.nascimento.7090.7090@exemplo.com,156.145.710-30,(11) 96145710
ID07091,Larissa Barbosa 7091,larissa.barbosa.7091.7091@exemplo.com,156.153.629-67,(11) 96153629
ID07092,Juliana Silva 7092,juliana.silva.7092.7092@exemplo.com,156.161.548-04,(11) 96161548
ID07093,Otavio Nascimento 7093,otavio.nascimento.7093.7093@exemplo.com,N/A,N/A
ID07094,Joao Souza 7094,joao.souza.7094.7094@exemplo.com,N/A,N/A
ID07095,Beatriz Santos 7095,beatriz.santos.7095.7095@exemplo.com,N/A,N/A
ID07096,Bruno Rodrigues 7096,bruno.rodrigues.7096.7096@exemplo.com,156.193.224-52,(11) 96193224
ID07097,Rodrigo Dias 7097,rodrigo.dias.7097.7097@exemplo.com,156.201.143-89,(11) 96201143
ID07098,Olivia Gomes 7098,olivia.gomes.7098.7098@exemplo.com,N/A,N/A
ID07099,Olivia Pereira 7099,olivia.pereira.7099.7099@exemplo.com,156.216.981-63,(11) 96216981
ID07100,Valentina Fernandes 7100,valentina.fernandes.7100.7100@exemplo.com,N/A,N/A
ID07101,Isabela Araujo 7101,isabela.araujo.7101.7101@exemplo.com,N/A,N/A
ID07102,Ana Ribeiro 7102,ana.ribeiro.7102.7102@exemplo.com,156.240.738-74,(11) 96240738
ID07103,Lucas Araujo 7103,lucas.araujo.7103.7103@exemplo.com,156.248.657-11,(11) 96248657
ID07104,Helena Dias 7104,helena.dias.7104.7104@exemplo.com,156.256.576-48,(11) 96256576
ID07105,Lucas Araujo 7105,lucas.araujo.7105.7105@exemplo.com,156.264.495-85,(11) 96264495
ID07106,Ana Oliveira 7106,ana.oliveira.7106.7106@exemplo.com,156.272.414-22,(11) 96272414
ID07107,Eduardo Moura 7107,eduardo.moura.7107.7107@exemplo.com,156.280.333-59,(11) 96280333
ID07108,Patricia Pereira 7108,patricia.pereira.7108.7108@exemplo.com,N/A,N/A
ID07109,Giovana Pereira 7109,giovana.pereira.7109.7109@exemplo.com,N/A,N/A
ID07110,Bruno Pereira 7110,bruno.pereira.7110.7110@exemplo.com,156.304.090-70,(11) 96304090
ID07111,Diego Silva 7111,diego.silva.7111.7111@exemplo.com,156.312.009-07,(11) 96312009
ID07112,Diego Pereira 7112,diego.pereira.7112.7112@exemplo.com,156.319.928-44,(11) 96319928
ID07113,Bruno Teixeira 7113,bruno.teixeira.7113.7113@exemplo.com,156.327.847-81,(11) 96327847
ID07114,Nicolas Carvalho 7114,nicolas.carvalho.7114.7114@exemplo.com,156.335.766-18,(11) 96335766
ID07115,Camila Fernandes 7115,camila.fernandes.7115.7115@exemplo.com,156.343.685-55,(11) 96343685
ID07116,Vinicius Santos 7116,vinicius.santos.7116.7116@exemplo.com,156.351.604-92,(11) 96351604
ID07117,Rodrigo Carvalho 7117,rodrigo.carvalho.7117.7117@exemplo.com,N/A,N/A
ID07118,Larissa Pereira 7118,larissa.pereira.7118.7118@exemplo.com,156.367.442-66,(11) 96367442
ID07119,Elisa Teixeira 7119,elisa.teixeira.7119.7119@exemplo.com,156.375.361-03,(11) 96375361
ID07120,Eduardo Santos 7120,eduardo.santos.7120.7120@exemplo.com,156.383.280-40,(11) 96383280
ID07121,Camila Fernandes 7121,camila.fernandes.7121.7121@exemplo.com,N/A,N/A
ID07122,Vinicius Pereira 7122,vinicius.pereira.7122.7122@exemplo.com,156.399.118-14,(11) 96399118
ID07123,Diego Dias 7123,diego.dias.7123.7123@exemplo.com,N/A,N/A
ID07124,Carlos Teixeira 7124,carlos.teixeira.7124.7124@exemplo.com,156.414.956-88,(11) 96414956
ID07125,Rafael Almeida 7125,rafael.almeida.7125.7125@exemplo.com,156.422.875-25,(11) 96422875
ID07126,Bruno Silva 7126,bruno.silva.7126.7126@exemplo.com,156.430.794-62,(11) 96430794
ID07127,Joao Nascimento 7127,joao.nascimento.7127.7127@exemplo.com,156.438.713-99,(11) 96438713
ID07128,Larissa Costa 7128,larissa.costa.7128.7128@exemplo.com,156.446.632-36,(11) 96446632
ID07129,Natalia Gomes 7129,natalia.gomes.7129.7129@exemplo.com,156.454.551-73,(11) 96454551
ID07130,Henrique Pereira 7130,henrique.pereira.7130.7130@exemplo.com,156.462.470-10,(11) 96462470
ID07131,Henrique Barbosa 7131,henrique.barbosa.7131.7131@exemplo.com,156.470.389-47,(11) 96470389
ID07132,Patricia Carvalho 7132,patricia.carvalho.7132.7132@exemplo.com,156.478.308-84,(11) 96478308
ID07133,Ana Gomes 7133,ana.gomes.7133.7133@exemplo.com,156.486.227-21,(11) 96486227
ID07134,Juliana Oliveira 7134,juliana.oliveira.7134.7134@exemplo.com,156.494.146-58,(11) 96494146
ID07135,Camila Dias 7135,camila.dias.7135.7135@exemplo.com,N/A,N/A
ID07136,Victor Souza 7136,victor.souza.7136.7136@exemplo.com,N/A,N/A
ID07137,Marcelo Souza 7137,marcelo.souza.7137.7137@exemplo.com,156.517.903-69,(11) 96517903
ID07138,Fernanda Martins 7138,fernanda.martins.7138.7138@exemplo.com,N/A,N/A
ID07139,Daniela Almeida 7139,daniela.almeida.7139.7139@exemplo.com,156.533.741-43,(11) 96533741
ID07140,Nicolas Araujo 7140,nicolas.araujo.7140.7140@exemplo.com,156.541.660-80,(11) 96541660
ID07141,Diego Souza 7141,diego.souza.7141.7141@exemplo.com,156.549.579-17,(11) 96549579
ID07142,Olivia Araujo 7142,olivia.araujo.7142.7142@exemplo.com,156.557.498-54,(11) 96557498
ID07143,Paulo Araujo 7143,paulo.araujo.7143.7143@exemplo.com,156.565.417-91,(11) 96565417
ID07144,Otavio Rodrigues 7144,otavio.rodrigues.7144.7144@exemplo.com,156.573.336-28,(11) 96573336
ID07145,Juliana Almeida 7145,juliana.almeida.7145.7145@exemplo.com,N/A,N/A
ID07146,Camila Gomes 7146,camila.gomes.7146.7146@exemplo.com,156.589.174-02,(11) 96589174
ID07147,Rafael Oliveira 7147,rafael.oliveira.7147.7147@exemplo.com,156.597.093-39,(11) 96597093
ID07148,Valentina Lima 7148,valentina.lima.7148.7148@exemplo.com,156.605.012-76,(11) 96605012
ID07149,Daniela Santos 7149,daniela.santos.7149.7149@exemplo.com,156.612.931-13,(11) 96612931
ID07150,Camila Barbosa 7150,camila.barbosa.7150.7150@exemplo.com,N/A,N/A
ID07151,Joao Martins 7151,joao.martins.7151.7151@exemplo.com,156.628.769-87,(11) 96628769
ID07152,Daniela Oliveira 7152,daniela.oliveira.7152.7152@exemplo.com,N/A,N/A
ID07153,Victor Carvalho 7153,victor.carvalho.7153.7153@exemplo.com,N/A,N/A
ID07154,Isabela Barbosa 7154,isabela.barbosa.7154.7154@exemplo.com,N/A,N/A
ID07155,Nicolas Silva 7155,nicolas.silva.7155.7155@exemplo.com,156.660.445-35,(11) 96660445
ID07156,Natalia Barbosa 7156,natalia.barbosa.7156.7156@exemplo.com,N/A,N/A
ID07157,Diego Dias 7157,diego.dias.7157.7157@exemplo.com,156.676.283-09,(11) 96676283
ID07158,Paulo Lima 7158,paulo.lima.7158.7158@exemplo.com,156.684.202-46,(11) 96684202
ID07159,Henrique Teixeira 7159,henrique.teixeira.7159.7159@exemplo.com,N/A,N/A
ID07160,Mariana Martins 7160,mariana.martins.7160.7160@exemplo.com,156.700.040-20,(11) 96700040
ID07161,Sofia Araujo 7161,sofia.araujo.7161.7161@exemplo.com,156.707.959-57,(11) 96707959
ID07162,Beatriz Martins 7162,beatriz.martins.7162.7162@exemplo.com,156.715.878-94,(11) 96715878
ID07163,Felipe Moura 7163,felipe.moura.7163.7163@exemplo.com,N/A,N/A
ID07164,Daniela Teixeira 7164,daniela.teixeira.7164.7164@exemplo.com,N/A,N/A
ID07165,Rodrigo Araujo 7165,rodrigo.araujo.7165.7165@exemplo.com,156.739.635-05,(11) 96739635
ID07166,Rodrigo Almeida 7166,rodrigo.almeida.7166.7166@exemplo.com,156.747.554-42,(11) 96747554
ID07167,Juliana Carvalho 7167,juliana.carvalho.7167.7167@exemplo.com,156.755.473-79,(11) 96755473
ID07168,Thiago Oliveira 7168,thiago.oliveira.7168.7168@exemplo.com,N/A,N/A
ID07169,Marcelo Moura 7169,marcelo.moura.7169.7169@exemplo.com,N/A,N/A
ID07170,Helena Rodrigues 7170,helena.rodrigues.7170.7170@exemplo.com,N/A,N/A
ID07171,Lucas Rodrigues 7171,lucas.rodrigues.7171.7171@exemplo.com,N/A,N/A
ID07172,Eduardo Ribeiro 7172,eduardo.ribeiro.7172.7172@exemplo.com,156.795.068-64,(11) 96795068
ID07173,Felipe Teixeira 7173,felipe.teixeira.7173.7173@exemplo.com,N/A,N/A
ID07174,Paulo Martins 7174,paulo.martins.7174.7174@exemplo.com,156.810.906-38,(11) 96810906
ID07175,Thiago Pereira 7175,thiago.pereira.7175.7175@exemplo.com,156.818.825-75,(11) 96818825
ID07176,Natalia Santos 7176,natalia.santos.7176.7176@exemplo.com,156.826.744-12,(11) 96826744
ID07177,Diego Lima 7177,diego.lima.7177.7177@exemplo.com,N/A,N/A
ID07178,Vinicius Barbosa 7178,vinicius.barbosa.7178.7178@exemplo.com,156.842.582-86,(11) 96842582
ID07179,Bruno Pereira 7179,bruno.pereira.7179.7179@exemplo.com,156.850.501-23,(11) 96850501
ID07180,Bruno Araujo 7180,bruno.araujo.7180.7180@exemplo.com,156.858.420-60,(11) 96858420
ID07181,Daniela Pereira 7181,daniela.pereira.7181.7181@exemplo.com,156.866.339-97,(11) 96866339
ID07182,Isabela Barbosa 7182,isabela.barbosa.7182.7182@exemplo.com,156.874.258-34,(11) 96874258
ID07183,Nicolas Pereira 7183,nicolas.pereira.7183.7183@exemplo.com,156.882.177-71,(11) 96882177
ID07184,Valentina Carvalho 7184,valentina.carvalho.7184.7184@exemplo.com,156.890.096-08,(11) 96890096
ID07185,Carlos Moura 7185,carlos.moura.7185.7185@exemplo.com,156.898.015-45,(11) 96898015
ID07186,Nicolas Rodrigues 7186,nicolas.rodrigues.7186.7186@exemplo.com,156.905.934-82,(11) 96905934
ID07187,Rodrigo Lima 7187,rodrigo.lima.7187.7187@exemplo.com,N/A,N/A
ID07188,Victor Carvalho 7188,victor.carvalho.7188.7188@exemplo.com,156.921.772-56,(11) 96921772
ID07189,Rodrigo Pereira 7189,rodrigo.pereira.7189.7189@exemplo.com,156.929.691-93,(11) 96929691
ID07190,Rodrigo Almeida 7190,rodrigo.almeida.7190.7190@exemplo.com,156.937.610-30,(11) 96937610
ID07191,Helena Nascimento 7191,helena.nascimento.7191.7191@exemplo.com,156.945.529-67,(11) 96945529
ID07192,Carlos Teixeira 7192,carlos.teixeira.7192.7192@exemplo.com,156.953.448-04,(11) 96953448
ID07193,Rodrigo Nascimento 7193,rodrigo.nascimento.7193.7193@exemplo.com,156.961.367-41,(11) 96961367
ID07194,Helena Rodrigues 7194,helena.rodrigues.7194.7194@exemplo.com,156.969.286-78,(11) 96969286
ID07195,Daniela Santos 7195,daniela.santos.7195.7195@exemplo.com,156.977.205-15,(11) 96977205
ID07196,Diego Rodrigues 7196,diego.rodrigues.7196.7196@exemplo.com,N/A,N/A
ID07197,Mariana Nascimento 7197,mariana.nascimento.7197.7197@exemplo.com,N/A,N/A
ID07198,Patricia Teixeira 7198,patricia.teixeira.7198.7198@exemplo.com,157.000.962-26,(11) 97000962
ID07199,Daniela Oliveira 7199,daniela.oliveira.7199.7199@exemplo.com,N/A,N/A
ID07200,Rodrigo Fernandes 7200,rodrigo.fernandes.7200.7200@exemplo.com,157.016.800-00,(11) 97016800
ID07201,Beatriz Gomes 7201,beatriz.gomes.7201.7201@exemplo.com,157.024.719-37,(11) 97024719
ID07202,Igor Oliveira 7202,igor.oliveira.7202.7202@exemplo.com,N/A,N/A
ID07203,Beatriz Almeida 7203,beatriz.almeida.7203.7203@exemplo.com,157.040.557-11,(11) 97040557
ID07204,Otavio Costa 7204,otavio.costa.7204.7204@exemplo.com,N/A,N/A
ID07205,Daniela Dias 7205,daniela.dias.7205.7205@exemplo.com,157.056.395-85,(11) 97056395
ID07206,Paulo Teixeira 7206,paulo.teixeira.7206.7206@exemplo.com,157.064.314-22,(11) 97064314
ID07207,Sofia Pereira 7207,sofia.pereira.7207.7207@exemplo.com,157.072.233-59,(11) 97072233
ID07208,Sara Gomes 7208,sara.gomes.7208.7208@exemplo.com,157.080.152-96,(11) 97080152
ID07209,Sara Souza 7209,sara.souza.7209.7209@exemplo.com,157.088.071-33,(11) 97088071
ID07210,Vinicius Souza 7210,vinicius.souza.7210.7210@exemplo.com,157.095.990-70,(11) 97095990
ID07211,Marcelo Fernandes 7211,marcelo.fernandes.7211.7211@exemplo.com,N/A,N/A
ID07212,Victor Ribeiro 7212,victor.ribeiro.7212.7212@exemplo.com,157.111.828-44,(11) 97111828
ID07213,Daniela Araujo 7213,daniela.araujo.7213.7213@exemplo.com,157.119.747-81,(11) 97119747
ID07214,Igor Lima 7214,igor.lima.7214.7214@exemplo.com,157.127.666-18,(11) 97127666
ID07215,Valentina Araujo 7215,valentina.araujo.7215.7215@exemplo.com,N/A,N/A
ID07216,Mariana Gomes 7216,mariana.gomes.7216.7216@exemplo.com,157.143.504-92,(11) 97143504
ID07217,Natalia Oliveira 7217,natalia.oliveira.7217.7217@exemplo.com,N/A,N/A
ID07218,Henrique Moura 7218,henrique.moura.7218.7218@exemplo.com,157.159.342-66,(11) 97159342
ID07219,Vinicius Gomes 7219,vinicius.gomes.7219.7219@exemplo.com,N/A,N/A
ID07220,Rodrigo Araujo 7220,rodrigo.araujo.7220.7220@exemplo.com,157.175.180-40,(11) 97175180
ID07221,Vinicius Dias 7221,vinicius.dias.7221.7221@exemplo.com,157.183.099-77,(11) 97183099
ID07222,Elisa Carvalho 7222,elisa.carvalho.7222.7222@exemplo.com,157.191.018-14,(11) 97191018
ID07223,Daniela Ribeiro 7223,daniela.ribeiro.7223.7223@exemplo.com,157.198.937-51,(11) 97198937
ID07224,Gabriel Dias 7224,gabriel.dias.7224.7224@exemplo.com,N/A,N/A
ID07225,Otavio Carvalho 7225,otavio.carvalho.7225.7225@exemplo.com,157.214.775-25,(11) 97214775
ID07226,Sara Rodrigues 7226,sara.rodrigues.7226.7226@exemplo.com,157.222.694-62,(11) 97222694
ID07227,Victor Silva 7227,victor.silva.7227.7227@exemplo.com,157.230.613-99,(11) 97230613
ID07228,Thiago Pereira 7228,thiago.pereira.7228.7228@exemplo.com,157.238.532-36,(11) 97238532
ID07229,Rafael Fernandes 7229,rafael.fernandes.7229.7229@exemplo.com,157.246.451-73,(11) 97246451
ID07230,Joao Moura 7230,joao.moura.7230.7230@exemplo.com,157.254.370-10,(11) 97254370
ID07231,Mariana Pereira 7231,mariana.pereira.7231.7231@exemplo.com,157.262.289-47,(11) 97262289
ID07232,Nicolas Oliveira 7232,nicolas.oliveira.7232.7232@exemplo.com,N/A,N/A
ID07233,Isabela Teixeira 7233,isabela.teixeira.7233.7233@exemplo.com,157.278.127-21,(11) 97278127
ID07234,Juliana Moura 7234,juliana.moura.7234.7234@exemplo.com,N/A,N/A
ID07235,Felipe Oliveira 7235,felipe.oliveira.7235.7235@exemplo.com,N/A,N/A
ID07236,Giovana Souza 7236,giovana.souza.7236.7236@exemplo.com,N/A,N/A
ID07237,Camila Martins 7237,camila.martins.7237.7237@exemplo.com,N/A,N/A
ID07238,Marcelo Carvalho 7238,marcelo.carvalho.7238.7238@exemplo.com,157.317.722-06,(11) 97317722
ID07239,Isabela Silva 7239,isabela.silva.7239.7239@exemplo.com,N/A,N/A
ID07240,Giovana Pereira 7240,giovana.pereira.7240.7240@exemplo.com,157.333.560-80,(11) 97333560
ID07241,Rodrigo Araujo 7241,rodrigo.araujo.7241.7241@exemplo.com,157.341.479-17,(11) 97341479
ID07242,Helena Araujo 7242,helena.araujo.7242.7242@exemplo.com,157.349.398-54,(11) 97349398
ID07243,Giovana Nascimento 7243,giovana.nascimento.7243.7243@exemplo.com,N/A,N/A
ID07244,Diego Santos 7244,diego.santos.7244.7244@exemplo.com,N/A,N/A
ID07245,Rodrigo Araujo 7245,rodrigo.araujo.7245.7245@exemplo.com,157.373.155-65,(11) 97373155
ID07246,Thiago Carvalho 7246,thiago.carvalho.7246.7246@exemplo.com,N/A,N/A
ID07247,Mariana Dias 7247,mariana.dias.7247.7247@exemplo.com,157.388.993-39,(11) 97388993
ID07248,Nicolas Moura 7248,nicolas.moura.7248.7248@exemplo.com,157.396.912-76,(11) 97396912
ID07249,Patricia Nascimento 7249,patricia.nascimento.7249.7249@exemplo.com,157.404.831-13,(11) 97404831
ID07250,Felipe Lima 7250,felipe.lima.7250.7250@exemplo.com,157.412.750-50,(11) 97412750
ID07251,Eduardo Barbosa 7251,eduardo.barbosa.7251.7251@exemplo.com,157.420.669-87,(11) 97420669
ID07252,Rafael Fernandes 7252,rafael.fernandes.7252.7252@exemplo.com,N/A,N/A
ID07253,Sofia Martins 7253,sofia.martins.7253.7253@exemplo.com,157.436.507-61,(11) 97436507
ID07254,Carlos Oliveira 7254,carlos.oliveira.7254.7254@exemplo.com,N/A,N/A
ID07255,Victor Oliveira 7255,victor.oliveira.7255.7255@exemplo.com,N/A,N/A
ID07256,Patricia Araujo 7256,patricia.araujo.7256.7256@exemplo.com,157.460.264-72,(11) 97460264
ID07257,Elisa Barbosa 7257,elisa.barbosa.7257.7257@exemplo.com,157.468.183-09,(11) 97468183
ID07258,Igor Rodrigues 7258,igor.rodrigues.7258.7258@exemplo.com,157.476.102-46,(11) 97476102
ID07259,Diego Rodrigues 7259,diego.rodrigues.7259.7259@exemplo.com,157.484.021-83,(11) 97484021
ID07260,Rodrigo Pereira 7260,rodrigo.pereira.7260.7260@exemplo.com,157.491.940-20,(11) 97491940
ID07261,Mariana Silva 7261,mariana.silva.7261.7261@exemplo.com,157.499.859-57,(11) 97499859
ID07262,Rafael Souza 7262,rafael.souza.7262.7262@exemplo.com,N/A,N/A
ID07263,Beatriz Pereira 7263,beatriz.pereira.7263.7263@exemplo.com,N/A,N/A
ID07264,Henrique Costa 7264,henrique.costa.7264.7264@exemplo.com,157.523.616-68,(11) 97523616
ID07265,Valentina Santos 7265,valentina.santos.7265.7265@exemplo.com,157.531.535-05,(11) 97531535
ID07266,Mariana Almeida 7266,mariana.almeida.7266.7266@exemplo.com,N/A,N/A
ID07267,Ana Ribeiro 7267,ana.ribeiro.7267.7267@exemplo.com,N/A,N/A
ID07268,Giovana Pereira 7268,giovana.pereira.7268.7268@exemplo.com,157.555.292-16,(11) 97555292
ID07269,Thiago Gomes 7269,thiago.gomes.7269.7269@exemplo.com,N/A,N/A
ID07270,Larissa Gomes 7270,larissa.gomes.7270.7270@exemplo.com,157.571.130-90,(11) 97571130
ID07271,Nicolas Araujo 7271,nicolas.araujo.7271.7271@exemplo.com,157.579.049-27,(11) 97579049
ID07272,Giovana Almeida 7272,giovana.almeida.7272.7272@exemplo.com,157.586.968-64,(11) 97586968
ID07273,Valentina Martins 7273,valentina.martins.7273.7273@exemplo.com,N/A,N/A
ID07274,Ana Fernandes 7274,ana.fernandes.7274.7274@exemplo.com,N/A,N/A
ID07275,Diego Dias 7275,diego.dias.7275.7275@exemplo.com,157.610.725-75,(11) 97610725
ID07276,Ana Souza 7276,ana.souza.7276.7276@exemplo.com,157.618.644-12,(11) 97618644
ID07277,Natalia Rodrigues 7277,natalia.rodrigues.7277.7277@exemplo.com,157.626.563-49,(11) 97626563
ID07278,Rodrigo Martins 7278,rodrigo.martins.7278.7278@exemplo.com,157.634.482-86,(11) 97634482
ID07279,Isabela Oliveira 7279,isabela.oliveira.7279.7279@exemplo.com,N/A,N/A
ID07280,Rafael Oliveira 7280,rafael.oliveira.7280.7280@exemplo.com,157.650.320-60,(11) 97650320
ID07281,Fernanda Fernandes 7281,fernanda.fernandes.7281.7281@exemplo.com,N/A,N/A
ID07282,Rafael Oliveira 7282,rafael.oliveira.7282.7282@exemplo.com,157.666.158-34,(11) 97666158
ID07283,Rodrigo Fernandes 7283,rodrigo.fernandes.7283.7283@exemplo.com,157.674.077-71,(11) 97674077
ID07284,Sofia Nascimento 7284,sofia.nascimento.7284.7284@exemplo.com,157.681.996-08,(11) 97681996
ID07285,Nicolas Souza 7285,nicolas.souza.7285.7285@exemplo.com,157.689.915-45,(11) 97689915
ID07286,Larissa Silva 7286,larissa.silva.7286.7286@exemplo.com,157.697.834-82,(11) 97697834
ID07287,Felipe Moura 7287,felipe.moura.7287.7287@exemplo.com,157.705.753-19,(11) 97705753
ID07288,Giovana Martins 7288,giovana.martins.7288.7288@exemplo.com,N/A,N/A
ID07289,Sara Rodrigues 7289,sara.rodrigues.7289.7289@exemplo.com,157.721.591-93,(11) 97721591
ID07290,Camila Moura 7290,camila.moura.7290.7290@exemplo.com,157.729.510-30,(11) 97729510
ID07291,Sofia Almeida 7291,sofia.almeida.7291.7291@exemplo.com,N/A,N/A
ID07292,Juliana Teixeira 7292,juliana.teixeira.7292.7292@exemplo.com,157.745.348-04,(11) 97745348
ID07293,Sofia Ribeiro 7293,sofia.ribeiro.7293.7293@exemplo.com,N/A,N/A
ID07294,Vinicius Nascimento 7294,vinicius.nascimento.7294.7294@exemplo.com,N/A,N/A
ID07295,Henrique Costa 7295,henrique.costa.7295.7295@exemplo.com,157.769.105-15,(11) 97769105
ID07296,Otavio Moura 7296,otavio.moura.7296.7296@exemplo.com,N/A,N/A
ID07297,Juliana Lima 7297,juliana.lima.7297.7297@exemplo.com,157.784.943-89,(11) 97784943
ID07298,Natalia Rodrigues 7298,natalia.rodrigues.7298.7298@exemplo.com,157.792.862-26,(11) 97792862
ID07299,Henrique Ribeiro 7299,henrique.ribeiro.7299.7299@exemplo.com,157.800.781-63,(11) 97800781
ID07300,Fernanda Barbosa 7300,fernanda.barbosa.7300.7300@exemplo.com,157.808.700-00,(11) 97808700
ID07301,Igor Nascimento 7301,igor.nascimento.7301.7301@exemplo.com,157.816.619-37,(11) 97816619
ID07302,Mariana Silva 7302,mariana.silva.7302.7302@exemplo.com,157.824.538-74,(11) 97824538
ID07303,Gabriel Lima 7303,gabriel.lima.7303.7303@exemplo.com,N/A,N/A
ID07304,Felipe Rodrigues 7304,felipe.rodrigues.7304.7304@exemplo.com,N/A,N/A
ID07305,Henrique Fernandes 7305,henrique.fernandes.7305.7305@exemplo.com,157.848.295-85,(11) 97848295
ID07306,Victor Souza 7306,victor.souza.7306.7306@exemplo.com,N/A,N/A
ID07307,Fernanda Barbosa 7307,fernanda.barbosa.7307.7307@exemplo.com,157.864.133-59,(11) 97864133
ID07308,Helena Barbosa 7308,helena.barbosa.7308.7308@exemplo.com,N/A,N/A
ID07309,Igor Nascimento 7309,igor.nascimento.7309.7309@exemplo.com,157.879.971-33,(11) 97879971
ID07310,Natalia Pereira 7310,natalia.pereira.7310.7310@exemplo.com,N/A,N/A
ID07311,Thiago Pereira 7311,thiago.pereira.7311.7311@exemplo.com,N/A,N/A
ID07312,Felipe Silva 7312,felipe.silva.7312.7312@exemplo.com,N/A,N/A
ID07313,Paulo Rodrigues 7313,paulo.rodrigues.7313.7313@exemplo.com,N/A,N/A
ID07314,Helena Santos 7314,helena.santos.7314.7314@exemplo.com,157.919.566-18,(11) 97919566
ID07315,Diego Carvalho 7315,diego.carvalho.7315.7315@exemplo.com,N/A,N/A
ID07316,Natalia Oliveira 7316,natalia.oliveira.7316.7316@exemplo.com,N/A,N/A
ID07317,Eduardo Ribeiro 7317,eduardo.ribeiro.7317.7317@exemplo.com,N/A,N/A
ID07318,Sofia Pereira 7318,sofia.pereira.7318.7318@exemplo.com,157.951.242-66,(11) 97951242
ID07319,Larissa Moura 7319,larissa.moura.7319.7319@exemplo.com,157.959.161-03,(11) 97959161
ID07320,Fernanda Ribeiro 7320,fernanda.ribeiro.7320.7320@exemplo.com,157.967.080-40,(11) 97967080
ID07321,Carlos Almeida 7321,carlos.almeida.7321.7321@exemplo.com,N/A,N/A
ID07322,Sofia Santos 7322,sofia.santos.7322.7322@exemplo.com,157.982.918-14,(11) 97982918
ID07323,Vinicius Fernandes 7323,vinicius.fernandes.7323.7323@exemplo.com,157.990.837-51,(11) 97990837
ID07324,Natalia Gomes 7324,natalia.gomes.7324.7324@exemplo.com,N/A,N/A
ID07325,Helena Fernandes 7325,helena.fernandes.7325.7325@exemplo.com,158.006.675-25,(11) 98006675
ID07326,Helena Santos 7326,helena.santos.7326.7326@exemplo.com,N/A,N/A
ID07327,Natalia Oliveira 7327,natalia.oliveira.7327.7327@exemplo.com,158.022.513-99,(11) 98022513
ID07328,Joao Lima 7328,joao.lima.7328.7328@exemplo.com,N/A,N/A
ID07329,Sara Teixeira 7329,sara.teixeira.7329.7329@exemplo.com,158.038.351-73,(11) 98038351
ID07330,Beatriz Oliveira 7330,beatriz.oliveira.7330.7330@exemplo.com,158.046.270-10,(11) 98046270
ID07331,Paulo Santos 7331,paulo.santos.7331.7331@exemplo.com,158.054.189-47,(11) 98054189
ID07332,Eduardo Souza 7332,eduardo.souza.7332.7332@exemplo.com,158.062.108-84,(11) 98062108
ID07333,Larissa Barbosa 7333,larissa.barbosa.7333.7333@exemplo.com,158.070.027-21,(11) 98070027
ID07334,Isabela Souza 7334,isabela.souza.7334.7334@exemplo.com,158.077.946-58,(11) 98077946
ID07335,Marcelo Araujo 7335,marcelo.araujo.7335.7335@exemplo.com,158.085.865-95,(11) 98085865
ID07336,Nicolas Pereira 7336,nicolas.pereira.7336.7336@exemplo.com,N/A,N/A
ID07337,Olivia Rodrigues 7337,olivia.rodrigues.7337.7337@exemplo.com,158.101.703-69,(11) 98101703
ID07338,Larissa Silva 7338,larissa.silva.7338.7338@exemplo.com,N/A,N/A
ID07339,Joao Barbosa 7339,joao.barbosa.7339.7339@exemplo.com,N/A,N/A
ID07340,Bruno Carvalho 7340,bruno.carvalho.7340.7340@exemplo.com,N/A,N/A
ID07341,Eduardo Moura 7341,eduardo.moura.7341.7341@exemplo.com,158.133.379-17,(11) 98133379
ID07342,Igor Lima 7342,igor.lima.7342.7342@exemplo.com,158.141.298-54,(11) 98141298
ID07343,Bruno Moura 7343,bruno.moura.7343.7343@exemplo.com,158.149.217-91,(11) 98149217
ID07344,Juliana Ribeiro 7344,juliana.ribeiro.7344.7344@exemplo.com,158.157.136-28,(11) 98157136
ID07345,Bruno Pereira 7345,bruno.pereira.7345.7345@exemplo.com,N/A,N/A
ID07346,Valentina Rodrigues 7346,valentina.rodrigues.7346.7346@exemplo.com,158.172.974-02,(11) 98172974
ID07347,Camila Souza 7347,camila.souza.7347.7347@exemplo.com,158.180.893-39,(11) 98180893
ID07348,Isabela Carvalho 7348,isabela.carvalho.7348.7348@exemplo.com,158.188.812-76,(11) 98188812
ID07349,Eduardo Nascimento 7349,eduardo.nascimento.7349.7349@exemplo.com,158.196.731-13,(11) 98196731
ID07350,Sofia Lima 7350,sofia.lima.7350.7350@exemplo.com,158.204.650-50,(11) 98204650
ID07351,Sofia Ribeiro 7351,sofia.ribeiro.7351.7351@exemplo.com,158.212.569-87,(11) 98212569
ID07352,Henrique Barbosa 7352,henrique.barbosa.7352.7352@exemplo.com,158.220.488-24,(11) 98220488
ID07353,Patricia Nascimento 7353,patricia.nascimento.7353.7353@exemplo.com,N/A,N/A
ID07354,Henrique Oliveira 7354,henrique.oliveira.7354.7354@exemplo.com,N/A,N/A
ID07355,Yasmin Lima 7355,yasmin.lima.7355.7355@exemplo.com,158.244.245-35,(11) 98244245
ID07356,Rafael Teixeira 7356,rafael.teixeira.7356.7356@exemplo.com,N/A,N/A
ID07357,Valentina Araujo 7357,valentina.araujo.7357.7357@exemplo.com,158.260.083-09,(11) 98260083
ID07358,Victor Fernandes 7358,victor.fernandes.7358.7358@exemplo.com,158.268.002-46,(11) 98268002
ID07359,Juliana Pereira 7359,juliana.pereira.7359.7359@exemplo.com,158.275.921-83,(11) 98275921
ID07360,Ana Costa 7360,ana.costa.7360.7360@exemplo.com,158.283.840-20,(11) 98283840
ID07361,Igor Oliveira 7361,igor.oliveira.7361.7361@exemplo.com,158.291.759-57,(11) 98291759
ID07362,Paulo Ribeiro 7362,paulo.ribeiro.7362.7362@exemplo.com,158.299.678-94,(11) 98299678
ID07363,Gabriel Costa 7363,gabriel.costa.7363.7363@exemplo.com,N/A,N/A
ID07364,Natalia Martins 7364,natalia.martins.7364.7364@exemplo.com,158.315.516-68,(11) 98315516
ID07365,Paulo Almeida 7365,paulo.almeida.7365.7365@exemplo.com,158.323.435-05,(11) 98323435
ID07366,Victor Pereira 7366,victor.pereira.7366.7366@exemplo.com,158.331.354-42,(11) 98331354
ID07367,Rafael Fernandes 7367,rafael.fernandes.7367.7367@exemplo.com,158.339.273-79,(11) 98339273
ID07368,Gabriel Costa 7368,gabriel.costa.7368.7368@exemplo.com,158.347.192-16,(11) 98347192
ID07369,Bruno Ribeiro 7369,bruno.ribeiro.7369.7369@exemplo.com,N/A,N/A
ID07370,Bruno Pereira 7370,bruno.pereira.7370.7370@exemplo.com,158.363.030-90,(11) 98363030
ID07371,Yasmin Lima 7371,yasmin.lima.7371.7371@exemplo.com,158.370.949-27,(11) 98370949
ID07372,Olivia Rodrigues 7372,olivia.rodrigues.7372.7372@exemplo.com,N/A,N/A
ID07373,Lucas Nascimento 7373,lucas.nascimento.7373.7373@exemplo.com,N/A,N/A
ID07374,Joao Pereira 7374,joao.pereira.7374.7374@exemplo.com,158.394.706-38,(11) 98394706
ID07375,Daniela Lima 7375,daniela.lima.7375.7375@exemplo.com,158.402.625-75,(11) 98402625
ID07376,Sara Oliveira 7376,sara.oliveira.7376.7376@exemplo.com,158.410.544-12,(11) 98410544
ID07377,Felipe Pereira 7377,felipe.pereira.7377.7377@exemplo.com,158.418.463-49,(11) 98418463
ID07378,Rodrigo Carvalho 7378,rodrigo.carvalho.7378.7378@exemplo.com,N/A,N/A
ID07379,Daniela Araujo 7379,daniela.araujo.7379.7379@exemplo.com,N/A,N/A
ID07380,Giovana Gomes 7380,giovana.gomes.7380.7380@exemplo.com,158.442.220-60,(11) 98442220
ID07381,Natalia Santos 7381,natalia.santos.7381.7381@exemplo.com,158.450.139-97,(11) 98450139
ID07382,Juliana Costa 7382,juliana.costa.7382.7382@exemplo.com,158.458.058-34,(11) 98458058
ID07383,Gabriel Moura 7383,gabriel.moura.7383.7383@exemplo.com,158.465.977-71,(11) 98465977
ID07384,Bruno Silva 7384,bruno.silva.7384.7384@exemplo.com,158.473.896-08,(11) 98473896
ID07385,Beatriz Teixeira 7385,beatriz.teixeira.7385.7385@exemplo.com,N/A,N/A
ID07386,Camila Nascimento 7386,camila.nascimento.7386.7386@exemplo.com,158.489.734-82,(11) 98489734
ID07387,Natalia Rodrigues 7387,natalia.rodrigues.7387.7387@exemplo.com,N/A,N/A
ID07388,Nicolas Almeida 7388,nicolas.almeida.7388.7388@exemplo.com,158.505.572-56,(11) 98505572
ID07389,Rodrigo Nascimento 7389,rodrigo.nascimento.7389.7389@exemplo.com,N/A,N/A
ID07390,Giovana Pereira 7390,giovana.pereira.7390.7390@exemplo.com,N/A,N/A
ID07391,Joao Rodrigues 7391,joao.rodrigues.7391.7391@exemplo.com,158.529.329-67,(11) 98529329
ID07392,Natalia Santos 7392,natalia.santos.7392.7392@exemplo.com,N/A,N/A
ID07393,Nicolas Silva 7393,nicolas.silva.7393.7393@exemplo.com,N/A,N/A
ID07394,Olivia Rodrigues 7394,olivia.rodrigues.7394.7394@exemplo.com,158.553.086-78,(11) 98553086
ID07395,Ana Ribeiro 7395,ana.ribeiro.7395.7395@exemplo.com,N/A,N/A
ID07396,Rafael Souza 7396,rafael.souza.7396.7396@exemplo.com,158.568.924-52,(11) 98568924
ID07397,Larissa Silva 7397,larissa.silva.7397.7397@exemplo.com,N/A,N/A
ID07398,Fernanda Barbosa 7398,fernanda.barbosa.7398.7398@exemplo.com,158.584.762-26,(11) 98584762
ID07399,Juliana Teixeira 7399,juliana.teixeira.7399.7399@exemplo.com,N/A,N/A
ID07400,Beatriz Silva 7400,beatriz.silva.7400.7400@exemplo.com,N/A,N/A
ID07401,Vinicius Barbosa 7401,vinicius.barbosa.7401.7401@exemplo.com,158.608.519-37,(11) 98608519
ID07402,Lucas Rodrigues 7402,lucas.rodrigues.7402.7402@exemplo.com,158.616.438-74,(11) 98616438
ID07403,Beatriz Costa 7403,beatriz.costa.7403.7403@exemplo.com,158.624.357-11,(11) 98624357
ID07404,Yasmin Carvalho 7404,yasmin.carvalho.7404.7404@exemplo.com,158.632.276-48,(11) 98632276
ID07405,Nicolas Costa 7405,nicolas.costa.7405.7405@exemplo.com,N/A,N/A
ID07406,Paulo Souza 7406,paulo.souza.7406.7406@exemplo.com,158.648.114-22,(11) 98648114
ID07407,Daniela Araujo 7407,daniela.araujo.7407.7407@exemplo.com,158.656.033-59,(11) 98656033
ID07408,Vinicius Almeida 7408,vinicius.almeida.7408.7408@exemplo.com,158.663.952-96,(11) 98663952
ID07409,Paulo Almeida 7409,paulo.almeida.7409.7409@exemplo.com,N/A,N/A
ID07410,Eduardo Oliveira 7410,eduardo.oliveira.7410.7410@exemplo.com,N/A,N/A
ID07411,Isabela Fernandes 7411,isabela.fernandes.7411.7411@exemplo.com,N/A,N/A
ID07412,Igor Dias 7412,igor.dias.7412.7412@exemplo.com,158.695.628-44,(11) 98695628
ID07413,Gabriel Araujo 7413,gabriel.araujo.7413.7413@exemplo.com,158.703.547-81,(11) 98703547
ID07414,Mariana Martins 7414,mariana.martins.7414.7414@exemplo.com,158.711.466-18,(11) 98711466
ID07415,Victor Silva 7415,victor.silva.7415.7415@exemplo.com,158.719.385-55,(11) 98719385
ID07416,Fernanda Costa 7416,fernanda.costa.7416.7416@exemplo.com,158.727.304-92,(11) 98727304
ID07417,Igor Lima 7417,igor.lima.7417.7417@exemplo.com,158.735.223-29,(11) 98735223
ID07418,Joao Oliveira 7418,joao.oliveira.7418.7418@exemplo.com,158.743.142-66,(11) 98743142
ID07419,Camila Martins 7419,camila.martins.7419.7419@exemplo.com,158.751.061-03,(11) 98751061
ID07420,Elisa Barbosa 7420,elisa.barbosa.7420.7420@exemplo.com,158.758.980-40,(11) 98758980
ID07421,Nicolas Silva 7421,nicolas.silva.7421.7421@exemplo.com,158.766.899-77,(11) 98766899
ID07422,Gabriel Carvalho 7422,gabriel.carvalho.7422.7422@exemplo.com,158.774.818-14,(11) 98774818
ID07423,Camila Souza 7423,camila.souza.7423.7423@exemplo.com,N/A,N/A
ID07424,Felipe Carvalho 7424,felipe.carvalho.7424.7424@exemplo.com,158.790.656-88,(11) 98790656
ID07425,Victor Fernandes 7425,victor.fernandes.7425.7425@exemplo.com,158.798.575-25,(11) 98798575
ID07426,Juliana Santos 7426,juliana.santos.7426.7426@exemplo.com,N/A,N/A
ID07427,Valentina Ribeiro 7427,valentina.ribeiro.7427.7427@exemplo.com,158.814.413-99,(11) 98814413
ID07428,Natalia Pereira 7428,natalia.pereira.7428.7428@exemplo.com,158.822.332-36,(11) 98822332
ID07429,Igor Martins 7429,igor.martins.7429.7429@exemplo.com,158.830.251-73,(11) 98830251
ID07430,Giovana Souza 7430,giovana.souza.7430.7430@exemplo.com,158.838.170-10,(11) 98838170
ID07431,Ana Rodrigues 7431,ana.rodrigues.7431.7431@exemplo.com,N/A,N/A
ID07432,Patricia Gomes 7432,patricia.gomes.7432.7432@exemplo.com,158.854.008-84,(11) 98854008
ID07433,Rodrigo Pereira 7433,rodrigo.pereira.7433.7433@exemplo.com,158.861.927-21,(11) 98861927
ID07434,Igor Barbosa 7434,igor.barbosa.7434.7434@exemplo.com,158.869.846-58,(11) 98869846
ID07435,Eduardo Rodrigues 7435,eduardo.rodrigues.7435.7435@exemplo.com,158.877.765-95,(11) 98877765
ID07436,Mariana Costa 7436,mariana.costa.7436.7436@exemplo.com,N/A,N/A
ID07437,Yasmin Almeida 7437,yasmin.almeida.7437.7437@exemplo.com,N/A,N/A
ID07438,Gabriel Almeida 7438,gabriel.almeida.7438.7438@exemplo.com,158.901.522-06,(11) 98901522
ID07439,Nicolas Rodrigues 7439,nicolas.rodrigues.7439.7439@exemplo.com,158.909.441-43,(11) 98909441
ID07440,Gabriel Dias 7440,gabriel.dias.7440.7440@exemplo.com,158.917.360-80,(11) 98917360
ID07441,Larissa Costa 7441,larissa.costa.7441.7441@exemplo.com,158.925.279-17,(11) 98925279
ID07442,Gabriel Lima 7442,gabriel.lima.7442.7442@exemplo.com,158.933.198-54,(11) 98933198
ID07443,Natalia Silva 7443,natalia.silva.7443.7443@exemplo.com,158.941.117-91,(11) 98941117
ID07444,Thiago Dias 7444,thiago.dias.7444.7444@exemplo.com,158.949.036-28,(11) 98949036
ID07445,Lucas Nascimento 7445,lucas.nascimento.7445.7445@exemplo.com,N/A,N/A
ID07446,Yasmin Silva 7446,yasmin.silva.7446.7446@exemplo.com,158.964.874-02,(11) 98964874
ID07447,Paulo Nascimento 7447,paulo.nascimento.7447.7447@exemplo.com,158.972.793-39,(11) 98972793
ID07448,Carlos Nascimento 7448,carlos.nascimento.7448.7448@exemplo.com,158.980.712-76,(11) 98980712
ID07449,Ana Lima 7449,ana.lima.7449.7449@exemplo.com,158.988.631-13,(11) 98988631
ID07450,Yasmin Pereira 7450,yasmin.pereira.7450.7450@exemplo.com,N/A,N/A
ID07451,Sara Pereira 7451,sara.pereira.7451.7451@exemplo.com,159.004.469-87,(11) 99004469
ID07452,Juliana Rodrigues 7452,juliana.rodrigues.7452.7452@exemplo.com,N/A,N/A
ID07453,Camila Fernandes 7453,camila.fernandes.7453.7453@exemplo.com,159.020.307-61,(11) 99020307
ID07454,Rafael Pereira 7454,rafael.pereira.7454.7454@exemplo.com,159.028.226-98,(11) 99028226
ID07455,Joao Fernandes 7455,joao.fernandes.7455.7455@exemplo.com,N/A,N/A
ID07456,Yasmin Souza 7456,yasmin.souza.7456.7456@exemplo.com,N/A,N/A
ID07457,Rafael Fernandes 7457,rafael.fernandes.7457.7457@exemplo.com,159.051.983-09,(11) 99051983
ID07458,Fernanda Barbosa 7458,fernanda.barbosa.7458.7458@exemplo.com,N/A,N/A
ID07459,Olivia Fernandes 7459,olivia.fernandes.7459.7459@exemplo.com,N/A,N/A
ID07460,Bruno Moura 7460,bruno.moura.7460.7460@exemplo.com,159.075.740-20,(11) 99075740
ID07461,Bruno Gomes 7461,bruno.gomes.7461.7461@exemplo.com,N/A,N/A
ID07462,Fernanda Alves 7462,fernanda.alves.7462.7462@exemplo.com,N/A,N/A
ID07463,Giovana Costa 7463,giovana.costa.7463.7463@exemplo.com,159.099.497-31,(11) 99099497
ID07464,Marcelo Costa 7464,marcelo.costa.7464.7464@exemplo.com,159.107.416-68,(11) 99107416
ID07465,Natalia Araujo 7465,natalia.araujo.7465.7465@exemplo.com,159.115.335-05,(11) 99115335
ID07466,Mariana Almeida 7466,mariana.almeida.7466.7466@exemplo.com,N/A,N/A
ID07467,Beatriz Almeida 7467,beatriz.almeida.7467.7467@exemplo.com,159.131.173-79,(11) 99131173
ID07468,Paulo Martins 7468,paulo.martins.7468.7468@exemplo.com,159.139.092-16,(11) 99139092
ID07469,Otavio Fernandes 7469,otavio.fernandes.7469.7469@exemplo.com,159.147.011-53,(11) 99147011
ID07470,Beatriz Costa 7470,beatriz.costa.7470.7470@exemplo.com,159.154.930-90,(11) 99154930
ID07471,Henrique Carvalho 7471,henrique.carvalho.7471.7471@exemplo.com,N/A,N/A
ID07472,Victor Silva 7472,victor.silva.7472.7472@exemplo.com,N/A,N/A
ID07473,Diego Pereira 7473,diego.pereira.7473.7473@exemplo.com,159.178.687-01,(11) 99178687
ID07474,Paulo Almeida 7474,paulo.almeida.7474.7474@exemplo.com,159.186.606-38,(11) 99186606
ID07475,Gabriel Fernandes 7475,gabriel.fernandes.7475.7475@exemplo.com,159.194.525-75,(11) 99194525
ID07476,Carlos Barbosa 7476,carlos.barbosa.7476.7476@exemplo.com,N/A,N/A
ID07477,Daniela Fernandes 7477,daniela.fernandes.7477.7477@exemplo.com,159.210.363-49,(11) 99210363
ID07478,Felipe Martins 7478,felipe.martins.7478.7478@exemplo.com,159.218.282-86,(11) 99218282
ID07479,Beatriz Fernandes 7479,beatriz.fernandes.7479.7479@exemplo.com,159.226.201-23,(11) 99226201
ID07480,Daniela Dias 7480,daniela.dias.7480.7480@exemplo.com,159.234.120-60,(11) 99234120
ID07481,Nicolas Rodrigues 7481,nicolas.rodrigues.7481.7481@exemplo.com,N/A,N/A
ID07482,Beatriz Fernandes 7482,beatriz.fernandes.7482.7482@exemplo.com,159.249.958-34,(11) 99249958
ID07483,Eduardo Moura 7483,eduardo.moura.7483.7483@exemplo.com,159.257.877-71,(11) 99257877
ID07484,Sara Barbosa 7484,sara.barbosa.7484.7484@exemplo.com,159.265.796-08,(11) 99265796
ID07485,Henrique Lima 7485,henrique.lima.7485.7485@exemplo.com,159.273.715-45,(11) 99273715
ID07486,Marcelo Dias 7486,marcelo.dias.7486.7486@exemplo.com,159.281.634-82,(11) 99281634
ID07487,Rodrigo Almeida 7487,rodrigo.almeida.7487.7487@exemplo.com,159.289.553-19,(11) 99289553
ID07488,Isabela Almeida 7488,isabela.almeida.7488.7488@exemplo.com,159.297.472-56,(11) 99297472
ID07489,Giovana Souza 7489,giovana.souza.7489.7489@exemplo.com,N/A,N/A
ID07490,Daniela Oliveira 7490,daniela.oliveira.7490.7490@exemplo.com,N/A,N/A
ID07491,Beatriz Carvalho 7491,beatriz.carvalho.7491.7491@exemplo.com,159.321.229-67,(11) 99321229
ID07492,Sara Moura 7492,sara.moura.7492.7492@exemplo.com,N/A,N/A
ID07493,Henrique Souza 7493,henrique.souza.7493.7493@exemplo.com,159.337.067-41,(11) 99337067
ID07494,Paulo Fernandes 7494,paulo.fernandes.7494.7494@exemplo.com,N/A,N/A
ID07495,Larissa Almeida 7495,larissa.almeida.7495.7495@exemplo.com,159.352.905-15,(11) 99352905
ID07496,Vinicius Gomes 7496,vinicius.gomes.7496.7496@exemplo.com,159.360.824-52,(11) 99360824
ID07497,Elisa Santos 7497,elisa.santos.7497.7497@exemplo.com,159.368.743-89,(11) 99368743
ID07498,Paulo Carvalho 7498,paulo.carvalho.7498.7498@exemplo.com,159.376.662-26,(11) 99376662
ID07499,Rodrigo Oliveira 7499,rodrigo.oliveira.7499.7499@exemplo.com,N/A,N/A
ID07500,Eduardo Barbosa 7500,eduardo.barbosa.7500.7500@exemplo.com,159.392.500-00,(11) 99392500
ID07501,Vinicius Oliveira 7501,vinicius.oliveira.7501.7501@exemplo.com,159.400.419-37,(11) 99400419
ID07502,Juliana Teixeira 7502,juliana.teixeira.7502.7502@exemplo.com,N/A,N/A
ID07503,Marcelo Ribeiro 7503,marcelo.ribeiro.7503.7503@exemplo.com,N/A,N/A
ID07504,Eduardo Araujo 7504,eduardo.araujo.7504.7504@exemplo.com,159.424.176-48,(11) 99424176
ID07505,Yasmin Carvalho 7505,yasmin.carvalho.7505.7505@exemplo.com,159.432.095-85,(11) 99432095
ID07506,Felipe Souza 7506,felipe.souza.7506.7506@exemplo.com,N/A,N/A
ID07507,Henrique Moura 7507,henrique.moura.7507.7507@exemplo.com,159.447.933-59,(11) 99447933
ID07508,Otavio Dias 7508,otavio.dias.7508.7508@exemplo.com,159.455.852-96,(11) 99455852
ID07509,Helena Martins 7509,helena.martins.7509.7509@exemplo.com,159.463.771-33,(11) 99463771
ID07510,Sara Pereira 7510,sara.pereira.7510.7510@exemplo.com,N/A,N/A
ID07511,Juliana Fernandes 7511,juliana.fernandes.7511.7511@exemplo.com,159.479.609-07,(11) 99479609
ID07512,Isabela Rodrigues 7512,isabela.rodrigues.7512.7512@exemplo.com,159.487.528-44,(11) 99487528
ID07513,Natalia Ribeiro 7513,natalia.ribeiro.7513.7513@exemplo.com,159.495.447-81,(11) 99495447
ID07514,Giovana Dias 7514,giovana.dias.7514.7514@exemplo.com,159.503.366-18,(11) 99503366
ID07515,Lucas Barbosa 7515,lucas.barbosa.7515.7515@exemplo.com,159.511.285-55,(11) 99511285
ID07516,Carlos Costa 7516,carlos.costa.7516.7516@exemplo.com,N/A,N/A
ID07517,Eduardo Rodrigues 7517,eduardo.rodrigues.7517.7517@exemplo.com,159.527.123-29,(11) 99527123
ID07518,Giovana Dias 7518,giovana.dias.7518.7518@exemplo.com,159.535.042-66,(11) 99535042
ID07519,Helena Martins 7519,helena.martins.7519.7519@exemplo.com,159.542.961-03,(11) 99542961
ID07520,Eduardo Ribeiro 7520,eduardo.ribeiro.7520.7520@exemplo.com,N/A,N/A
ID07521,Larissa Carvalho 7521,larissa.carvalho.7521.7521@exemplo.com,N/A,N/A
ID07522,Nicolas Rodrigues 7522,nicolas.rodrigues.7522.7522@exemplo.com,N/A,N/A
ID07523,Camila Gomes 7523,camila.gomes.7523.7523@exemplo.com,159.574.637-51,(11) 99574637
ID07524,Gabriel Nascimento 7524,gabriel.nascimento.7524.7524@exemplo.com,N/A,N/A
ID07525,Victor Oliveira 7525,victor.oliveira.7525.7525@exemplo.com,159.590.475-25,(11) 99590475
ID07526,Felipe Araujo 7526,felipe.araujo.7526.7526@exemplo.com,N/A,N/A
ID07527,Bruno Teixeira 7527,bruno.teixeira.7527.7527@exemplo.com,N/A,N/A
ID07528,Camila Carvalho 7528,camila.carvalho.7528.7528@exemplo.com,N/A,N/A
ID07529,Rafael Nascimento 7529,rafael.nascimento.7529.7529@exemplo.com,159.622.151-73,(11) 99622151
ID07530,Joao Dias 7530,joao.dias.7530.7530@exemplo.com,159.630.070-10,(11) 99630070
ID07531,Vinicius Almeida 7531,vinicius.almeida.7531.7531@exemplo.com,159.637.989-47,(11) 99637989
ID07532,Elisa Martins 7532,elisa.martins.7532.7532@exemplo.com,159.645.908-84,(11) 99645908
ID07533,Gabriel Souza 7533,gabriel.souza.7533.7533@exemplo.com,N/A,N/A
ID07534,Eduardo Ribeiro 7534,eduardo.ribeiro.7534.7534@exemplo.com,159.661.746-58,(11) 99661746
ID07535,Helena Rodrigues 7535,helena.rodrigues.7535.7535@exemplo.com,N/A,N/A
ID07536,Patricia Souza 7536,patricia.souza.7536.7536@exemplo.com,159.677.584-32,(11) 99677584
ID07537,Gabriel Almeida 7537,gabriel.almeida.7537.7537@exemplo.com,159.685.503-69,(11) 99685503
ID07538,Rafael Ribeiro 7538,rafael.ribeiro.7538.7538@exemplo.com,159.693.422-06,(11) 99693422
ID07539,Eduardo Souza 7539,eduardo.souza.7539.7539@exemplo.com,159.701.341-43,(11) 99701341
ID07540,Vinicius Almeida 7540,vinicius.almeida.7540.7540@exemplo.com,159.709.260-80,(11) 99709260
ID07541,Henrique Santos 7541,henrique.santos.7541.7541@exemplo.com,N/A,N/A
ID07542,Isabela Carvalho 7542,isabela.carvalho.7542.7542@exemplo.com,159.725.098-54,(11) 99725098
ID07543,Isabela Teixeira 7543,isabela.teixeira.7543.7543@exemplo.com,N/A,N/A
ID07544,Juliana Araujo 7544,juliana.araujo.7544.7544@exemplo.com,N/A,N/A
ID07545,Larissa Barbosa 7545,larissa.barbosa.7545.7545@exemplo.com,159.748.855-65,(11) 99748855
ID07546,Larissa Barbosa 7546,larissa.barbosa.7546.7546@exemplo.com,N/A,N/A
ID07547,Henrique Almeida 7547,henrique.almeida.7547.7547@exemplo.com,159.764.693-39,(11) 99764693
ID07548,Henrique Costa 7548,henrique.costa.7548.7548@exemplo.com,N/A,N/A
ID07549,Otavio Costa 7549,otavio.costa.7549.7549@exemplo.com,159.780.531-13,(11) 99780531
ID07550,Sara Nascimento 7550,sara.nascimento.7550.7550@exemplo.com,159.788.450-50,(11) 99788450
ID07551,Sara Gomes 7551,sara.gomes.7551.7551@exemplo.com,159.796.369-87,(11) 99796369
ID07552,Rodrigo Araujo 7552,rodrigo.araujo.7552.7552@exemplo.com,159.804.288-24,(11) 99804288
ID07553,Giovana Ribeiro 7553,giovana.ribeiro.7553.7553@exemplo.com,159.812.207-61,(11) 99812207
ID07554,Sara Barbosa 7554,sara.barbosa.7554.7554@exemplo.com,N/A,N/A
ID07555,Gabriel Ribeiro 7555,gabriel.ribeiro.7555.7555@exemplo.com,N/A,N/A
ID07556,Felipe Santos 7556,felipe.santos.7556.7556@exemplo.com,159.835.964-72,(11) 99835964
ID07557,Nicolas Almeida 7557,nicolas.almeida.7557.7557@exemplo.com,N/A,N/A
ID07558,Rodrigo Rodrigues 7558,rodrigo.rodrigues.7558.7558@exemplo.com,159.851.802-46,(11) 99851802
ID07559,Thiago Nascimento 7559,thiago.nascimento.7559.7559@exemplo.com,159.859.721-83,(11) 99859721
ID07560,Mariana Pereira 7560,mariana.pereira.7560.7560@exemplo.com,159.867.640-20,(11) 99867640
ID07561,Rafael Oliveira 7561,rafael.oliveira.7561.7561@exemplo.com,N/A,N/A
ID07562,Olivia Ribeiro 7562,olivia.ribeiro.7562.7562@exemplo.com,159.883.478-94,(11) 99883478
ID07563,Diego Dias 7563,diego.dias.7563.7563@exemplo.com,159.891.397-31,(11) 99891397
ID07564,Patricia Almeida 7564,patricia.almeida.7564.7564@exemplo.com,159.899.316-68,(11) 99899316
ID07565,Daniela Pereira 7565,daniela.pereira.7565.7565@exemplo.com,159.907.235-05,(11) 99907235
ID07566,Eduardo Silva 7566,eduardo.silva.7566.7566@exemplo.com,N/A,N/A
ID07567,Rodrigo Dias 7567,rodrigo.dias.7567.7567@exemplo.com,N/A,N/A
ID07568,Rodrigo Araujo 7568,rodrigo.araujo.7568.7568@exemplo.com,159.930.992-16,(11) 99930992
ID07569,Larissa Moura 7569,larissa.moura.7569.7569@exemplo.com,159.938.911-53,(11) 99938911
ID07570,Isabela Nascimento 7570,isabela.nascimento.7570.7570@exemplo.com,N/A,N/A
ID07571,Elisa Almeida 7571,elisa.almeida.7571.7571@exemplo.com,159.954.749-27,(11) 99954749
ID07572,Rodrigo Rodrigues 7572,rodrigo.rodrigues.7572.7572@exemplo.com,159.962.668-64,(11) 99962668
ID07573,Joao Pereira 7573,joao.pereira.7573.7573@exemplo.com,159.970.587-01,(11) 99970587
ID07574,Sara Martins 7574,sara.martins.7574.7574@exemplo.com,159.978.506-38,(11) 99978506
ID07575,Fernanda Fernandes 7575,fernanda.fernandes.7575.7575@exemplo.com,N/A,N/A
ID07576,Bruno Martins 7576,bruno.martins.7576.7576@exemplo.com,159.994.344-12,(11) 99994344
ID07577,Valentina Teixeira 7577,valentina.teixeira.7577.7577@exemplo.com,N/A,N/A
ID07578,Sara Souza 7578,sara.souza.7578.7578@exemplo.com,160.010.182-86,(11) 90010182
ID07579,Helena Nascimento 7579,helena.nascimento.7579.7579@exemplo.com,160.018.101-23,(11) 90018101
ID07580,Diego Martins 7580,diego.martins.7580.7580@exemplo.com,160.026.020-60,(11) 90026020
ID07581,Bruno Martins 7581,bruno.martins.7581.7581@exemplo.com,N/A,N/A
ID07582,Paulo Costa 7582,paulo.costa.7582.7582@exemplo.com,160.041.858-34,(11) 90041858
ID07583,Eduardo Oliveira 7583,eduardo.oliveira.7583.7583@exemplo.com,N/A,N/A
ID07584,Camila Ribeiro 7584,camila.ribeiro.7584.7584@exemplo.com,160.057.696-08,(11) 90057696
ID07585,Camila Carvalho 7585,camila.carvalho.7585.7585@exemplo.com,160.065.615-45,(11) 90065615
ID07586,Vinicius Costa 7586,vinicius.costa.7586.7586@exemplo.com,160.073.534-82,(11) 90073534
ID07587,Valentina Oliveira 7587,valentina.oliveira.7587.7587@exemplo.com,160.081.453-19,(11) 90081453
ID07588,Thiago Araujo 7588,thiago.araujo.7588.7588@exemplo.com,160.089.372-56,(11) 90089372
ID07589,Rafael Teixeira 7589,rafael.teixeira.7589.7589@exemplo.com,160.097.291-93,(11) 90097291
ID07590,Camila Dias 7590,camila.dias.7590.7590@exemplo.com,160.105.210-30,(11) 90105210
ID07591,Bruno Carvalho 7591,bruno.carvalho.7591.7591@exemplo.com,160.113.129-67,(11) 90113129
ID07592,Patricia Santos 7592,patricia.santos.7592.7592@exemplo.com,160.121.048-04,(11) 90121048
ID07593,Thiago Nascimento 7593,thiago.nascimento.7593.7593@exemplo.com,160.128.967-41,(11) 90128967
ID07594,Valentina Silva 7594,valentina.silva.7594.7594@exemplo.com,160.136.886-78,(11) 90136886
ID07595,Eduardo Rodrigues 7595,eduardo.rodrigues.7595.7595@exemplo.com,160.144.805-15,(11) 90144805
ID07596,Diego Lima 7596,diego.lima.7596.7596@exemplo.com,N/A,N/A
ID07597,Henrique Lima 7597,henrique.lima.7597.7597@exemplo.com,160.160.643-89,(11) 90160643
ID07598,Bruno Rodrigues 7598,bruno.rodrigues.7598.7598@exemplo.com,N/A,N/A
ID07599,Sara Gomes 7599,sara.gomes.7599.7599@exemplo.com,160.176.481-63,(11) 90176481
ID07600,Marcelo Pereira 7600,marcelo.pereira.7600.7600@exemplo.com,N/A,N/A
ID07601,Olivia Lima 7601,olivia.lima.7601.7601@exemplo.com,N/A,N/A
ID07602,Sara Araujo 7602,sara.araujo.7602.7602@exemplo.com,160.200.238-74,(11) 90200238
ID07603,Yasmin Teixeira 7603,yasmin.teixeira.7603.7603@exemplo.com,N/A,N/A
ID07604,Diego Almeida 7604,diego.almeida.7604.7604@exemplo.com,160.216.076-48,(11) 90216076
ID07605,Elisa Martins 7605,elisa.martins.7605.7605@exemplo.com,160.223.995-85,(11) 90223995
ID07606,Patricia Lima 7606,patricia.lima.7606.7606@exemplo.com,N/A,N/A
ID07607,Vinicius Barbosa 7607,vinicius.barbosa.7607.7607@exemplo.com,160.239.833-59,(11) 90239833
ID07608,Patricia Souza 7608,patricia.souza.7608.7608@exemplo.com,160.247.752-96,(11) 90247752
ID07609,Diego Lima 7609,diego.lima.7609.7609@exemplo.com,N/A,N/A
ID07610,Sofia Ribeiro 7610,sofia.ribeiro.7610.7610@exemplo.com,160.263.590-70,(11) 90263590
ID07611,Fernanda Souza 7611,fernanda.souza.7611.7611@exemplo.com,160.271.509-07,(11) 90271509
ID07612,Marcelo Martins 7612,marcelo.martins.7612.7612@exemplo.com,N/A,N/A
ID07613,Isabela Souza 7613,isabela.souza.7613.7613@exemplo.com,N/A,N/A
ID07614,Elisa Oliveira 7614,elisa.oliveira.7614.7614@exemplo.com,160.295.266-18,(11) 90295266
ID07615,Felipe Lima 7615,felipe.lima.7615.7615@exemplo.com,N/A,N/A
ID07616,Beatriz Carvalho 7616,beatriz.carvalho.7616.7616@exemplo.com,N/A,N/A
ID07617,Rafael Ribeiro 7617,rafael.ribeiro.7617.7617@exemplo.com,160.319.023-29,(11) 90319023
ID07618,Thiago Nascimento 7618,thiago.nascimento.7618.7618@exemplo.com,N/A,N/A
ID07619,Natalia Martins 7619,natalia.martins.7619.7619@exemplo.com,160.334.861-03,(11) 90334861
ID07620,Natalia Santos 7620,natalia.santos.7620.7620@exemplo.com,160.342.780-40,(11) 90342780
ID07621,Isabela Fernandes 7621,isabela.fernandes.7621.7621@exemplo.com,N/A,N/A
ID07622,Daniela Rodrigues 7622,daniela.rodrigues.7622.7622@exemplo.com,160.358.618-14,(11) 90358618
ID07623,Gabriel Gomes 7623,gabriel.gomes.7623.7623@exemplo.com,160.366.537-51,(11) 90366537
ID07624,Carlos Silva 7624,carlos.silva.7624.7624@exemplo.com,N/A,N/A
ID07625,Daniela Teixeira 7625,daniela.teixeira.7625.7625@exemplo.com,N/A,N/A
ID07626,Juliana Almeida 7626,juliana.almeida.7626.7626@exemplo.com,160.390.294-62,(11) 90390294
ID07627,Elisa Silva 7627,elisa.silva.7627.7627@exemplo.com,160.398.213-99,(11) 90398213
ID07628,Gabriel Rodrigues 7628,gabriel.rodrigues.7628.7628@exemplo.com,160.406.132-36,(11) 90406132
ID07629,Beatriz Santos 7629,beatriz.santos.7629.7629@exemplo.com,N/A,N/A
ID07630,Bruno Dias 7630,bruno.dias.7630.7630@exemplo.com,160.421.970-10,(11) 90421970
ID07631,Otavio Costa 7631,otavio.costa.7631.7631@exemplo.com,160.429.889-47,(11) 90429889
ID07632,Mariana Dias 7632,mariana.dias.7632.7632@exemplo.com,N/A,N/A
ID07633,Henrique Almeida 7633,henrique.almeida.7633.7633@exemplo.com,N/A,N/A
ID07634,Victor Barbosa 7634,victor.barbosa.7634.7634@exemplo.com,160.453.646-58,(11) 90453646
ID07635,Vinicius Gomes 7635,vinicius.gomes.7635.7635@exemplo.com,160.461.565-95,(11) 90461565
ID07636,Otavio Gomes 7636,otavio.gomes.7636.7636@exemplo.com,N/A,N/A
ID07637,Ana Barbosa 7637,ana.barbosa.7637.7637@exemplo.com,160.477.403-69,(11) 90477403
ID07638,Larissa Fernandes 7638,larissa.fernandes.7638.7638@exemplo.com,160.485.322-06,(11) 90485322
ID07639,Elisa Oliveira 7639,elisa.oliveira.7639.7639@exemplo.com,160.493.241-43,(11) 90493241
ID07640,Sofia Pereira 7640,sofia.pereira.7640.7640@exemplo.com,160.501.160-80,(11) 90501160
ID07641,Sara Gomes 7641,sara.gomes.7641.7641@exemplo.com,160.509.079-17,(11) 90509079
ID07642,Vinicius Pereira 7642,vinicius.pereira.7642.7642@exemplo.com,N/A,N/A
ID07643,Yasmin Costa 7643,yasmin.costa.7643.7643@exemplo.com,160.524.917-91,(11) 90524917
ID07644,Bruno Rodrigues 7644,bruno.rodrigues.7644.7644@exemplo.com,N/A,N/A
ID07645,Elisa Nascimento 7645,elisa.nascimento.7645.7645@exemplo.com,160.540.755-65,(11) 90540755
ID07646,Valentina Araujo 7646,valentina.araujo.7646.7646@exemplo.com,160.548.674-02,(11) 90548674
ID07647,Valentina Gomes 7647,valentina.gomes.7647.7647@exemplo.com,N/A,N/A
ID07648,Joao Rodrigues 7648,joao.rodrigues.7648.7648@exemplo.com,160.564.512-76,(11) 90564512
ID07649,Eduardo Gomes 7649,eduardo.gomes.7649.7649@exemplo.com,160.572.431-13,(11) 90572431
ID07650,Olivia Gomes 7650,olivia.gomes.7650.7650@exemplo.com,160.580.350-50,(11) 90580350
ID07651,Helena Pereira 7651,helena.pereira.7651.7651@exemplo.com,160.588.269-87,(11) 90588269
ID07652,Olivia Rodrigues 7652,olivia.rodrigues.7652.7652@exemplo.com,160.596.188-24,(11) 90596188
ID07653,Natalia Teixeira 7653,natalia.teixeira.7653.7653@exemplo.com,160.604.107-61,(11) 90604107
ID07654,Carlos Souza 7654,carlos.souza.7654.7654@exemplo.com,160.612.026-98,(11) 90612026
ID07655,Larissa Dias 7655,larissa.dias.7655.7655@exemplo.com,160.619.945-35,(11) 90619945
ID07656,Paulo Ribeiro 7656,paulo.ribeiro.7656.7656@exemplo.com,160.627.864-72,(11) 90627864
ID07657,Sofia Barbosa 7657,sofia.barbosa.7657.7657@exemplo.com,160.635.783-09,(11) 90635783
ID07658,Joao Costa 7658,joao.costa.7658.7658@exemplo.com,160.643.702-46,(11) 90643702
ID07659,Daniela Dias 7659,daniela.dias.7659.7659@exemplo.com,160.651.621-83,(11) 90651621
ID07660,Valentina Martins 7660,valentina.martins.7660.7660@exemplo.com,N/A,N/A
ID07661,Camila Teixeira 7661,camila.teixeira.7661.7661@exemplo.com,160.667.459-57,(11) 90667459
ID07662,Joao Pereira 7662,joao.pereira.7662.7662@exemplo.com,N/A,N/A
ID07663,Henrique Silva 7663,henrique.silva.7663.7663@exemplo.com,N/A,N/A
ID07664,Vinicius Barbosa 7664,vinicius.barbosa.7664.7664@exemplo.com,N/A,N/A
ID07665,Yasmin Gomes 7665,yasmin.gomes.7665.7665@exemplo.com,160.699.135-05,(11) 90699135
ID07666,Bruno Moura 7666,bruno.moura.7666.7666@exemplo.com,160.707.054-42,(11) 90707054
ID07667,Igor Souza 7667,igor.souza.7667.7667@exemplo.com,N/A,N/A
ID07668,Rodrigo Fernandes 7668,rodrigo.fernandes.7668.7668@exemplo.com,N/A,N/A
ID07669,Eduardo Moura 7669,eduardo.moura.7669.7669@exemplo.com,160.730.811-53,(11) 90730811
ID07670,Paulo Almeida 7670,paulo.almeida.7670.7670@exemplo.com,160.738.730-90,(11) 90738730
ID07671,Diego Lima 7671,diego.lima.7671.7671@exemplo.com,160.746.649-27,(11) 90746649
ID07672,Beatriz Barbosa 7672,beatriz.barbosa.7672.7672@exemplo.com,160.754.568-64,(11) 90754568
ID07673,Yasmin Moura 7673,yasmin.moura.7673.7673@exemplo.com,N/A,N/A
ID07674,Nicolas Souza 7674,nicolas.souza.7674.7674@exemplo.com,N/A,N/A
ID07675,Nicolas Oliveira 7675,nicolas.oliveira.7675.7675@exemplo.com,N/A,N/A
ID07676,Felipe Silva 7676,felipe.silva.7676.7676@exemplo.com,160.786.244-12,(11) 90786244
ID07677,Paulo Souza 7677,paulo.souza.7677.7677@exemplo.com,N/A,N/A
ID07678,Juliana Nascimento 7678,juliana.nascimento.7678.7678@exemplo.com,N/A,N/A
ID07679,Helena Santos 7679,helena.santos.7679.7679@exemplo.com,N/A,N/A
ID07680,Helena Costa 7680,helena.costa.7680.7680@exemplo.com,160.817.920-60,(11) 90817920
ID07681,Paulo Costa 7681,paulo.costa.7681.7681@exemplo.com,160.825.839-97,(11) 90825839
ID07682,Natalia Oliveira 7682,natalia.oliveira.7682.7682@exemplo.com,160.833.758-34,(11) 90833758
ID07683,Sofia Araujo 7683,sofia.araujo.7683.7683@exemplo.com,160.841.677-71,(11) 90841677
ID07684,Beatriz Gomes 7684,beatriz.gomes.7684.7684@exemplo.com,160.849.596-08,(11) 90849596
ID07685,Diego Ribeiro 7685,diego.ribeiro.7685.7685@exemplo.com,160.857.515-45,(11) 90857515
ID07686,Lucas Oliveira 7686,lucas.oliveira.7686.7686@exemplo.com,160.865.434-82,(11) 90865434
ID07687,Vinicius Moura 7687,vinicius.moura.7687.7687@exemplo.com,N/A,N/A
ID07688,Larissa Dias 7688,larissa.dias.7688.7688@exemplo.com,160.881.272-56,(11) 90881272
ID07689,Eduardo Moura 7689,eduardo.moura.7689.7689@exemplo.com,N/A,N/A
ID07690,Ana Souza 7690,ana.souza.7690.7690@exemplo.com,160.897.110-30,(11) 90897110
ID07691,Otavio Teixeira 7691,otavio.teixeira.7691.7691@exemplo.com,N/A,N/A
ID07692,Valentina Dias 7692,valentina.dias.7692.7692@exemplo.com,160.912.948-04,(11) 90912948
ID07693,Lucas Santos 7693,lucas.santos.7693.7693@exemplo.com,160.920.867-41,(11) 90920867
ID07694,Mariana Gomes 7694,mariana.gomes.7694.7694@exemplo.com,160.928.786-78,(11) 90928786
ID07695,Bruno Teixeira 7695,bruno.teixeira.7695.7695@exemplo.com,N/A,N/A
ID07696,Sara Silva 7696,sara.silva.7696.7696@exemplo.com,160.944.624-52,(11) 90944624
ID07697,Camila Ribeiro 7697,camila.ribeiro.7697.7697@exemplo.com,160.952.543-89,(11) 90952543
ID07698,Isabela Barbosa 7698,isabela.barbosa.7698.7698@exemplo.com,160.960.462-26,(11) 90960462
ID07699,Ana Oliveira 7699,ana.oliveira.7699.7699@exemplo.com,160.968.381-63,(11) 90968381
ID07700,Felipe Oliveira 7700,felipe.oliveira.7700.7700@exemplo.com,160.976.300-00,(11) 90976300
ID07701,Giovana Oliveira 7701,giovana.oliveira.7701.7701@exemplo.com,160.984.219-37,(11) 90984219
ID07702,Mariana Carvalho 7702,mariana.carvalho.7702.7702@exemplo.com,N/A,N/A
ID07703,Bruno Pereira 7703,bruno.pereira.7703.7703@exemplo.com,161.000.057-11,(11) 91000057
ID07704,Felipe Rodrigues 7704,felipe.rodrigues.7704.7704@exemplo.com,161.007.976-48,(11) 91007976
ID07705,Felipe Ribeiro 7705,felipe.ribeiro.7705.7705@exemplo.com,161.015.895-85,(11) 91015895
ID07706,Victor Dias 7706,victor.dias.7706.7706@exemplo.com,161.023.814-22,(11) 91023814
ID07707,Sofia Moura 7707,sofia.moura.7707.7707@exemplo.com,161.031.733-59,(11) 91031733
ID07708,Henrique Rodrigues 7708,henrique.rodrigues.7708.7708@exemplo.com,161.039.652-96,(11) 91039652
ID07709,Henrique Martins 7709,henrique.martins.7709.7709@exemplo.com,161.047.571-33,(11) 91047571
ID07710,Eduardo Moura 7710,eduardo.moura.7710.7710@exemplo.com,161.055.490-70,(11) 91055490
ID07711,Mariana Carvalho 7711,mariana.carvalho.7711.7711@exemplo.com,161.063.409-07,(11) 91063409
ID07712,Rafael Moura 7712,rafael.moura.7712.7712@exemplo.com,161.071.328-44,(11) 91071328
ID07713,Larissa Pereira 7713,larissa.pereira.7713.7713@exemplo.com,N/A,N/A
ID07714,Helena Carvalho 7714,helena.carvalho.7714.7714@exemplo.com,161.087.166-18,(11) 91087166
ID07715,Diego Oliveira 7715,diego.oliveira.7715.7715@exemplo.com,N/A,N/A
ID07716,Sara Pereira 7716,sara.pereira.7716.7716@exemplo.com,161.103.004-92,(11) 91103004
ID07717,Sara Teixeira 7717,sara.teixeira.7717.7717@exemplo.com,161.110.923-29,(11) 91110923
ID07718,Vinicius Gomes 7718,vinicius.gomes.7718.7718@exemplo.com,161.118.842-66,(11) 91118842
ID07719,Patricia Carvalho 7719,patricia.carvalho.7719.7719@exemplo.com,N/A,N/A
ID07720,Vinicius Moura 7720,vinicius.moura.7720.7720@exemplo.com,N/A,N/A
ID07721,Nicolas Almeida 7721,nicolas.almeida.7721.7721@exemplo.com,161.142.599-77,(11) 91142599
ID07722,Patricia Almeida 7722,patricia.almeida.7722.7722@exemplo.com,161.150.518-14,(11) 91150518
ID07723,Marcelo Martins 7723,marcelo.martins.7723.7723@exemplo.com,161.158.437-51,(11) 91158437
ID07724,Eduardo Ribeiro 7724,eduardo.ribeiro.7724.7724@exemplo.com,161.166.356-88,(11) 91166356
ID07725,Sofia Rodrigues 7725,sofia.rodrigues.7725.7725@exemplo.com,N/A,N/A
ID07726,Juliana Nascimento 7726,juliana.nascimento.7726.7726@exemplo.com,161.182.194-62,(11) 91182194
ID07727,Fernanda Dias 7727,fernanda.dias.7727.7727@exemplo.com,161.190.113-99,(11) 91190113
ID07728,Victor Almeida 7728,victor.almeida.7728.7728@exemplo.com,161.198.032-36,(11) 91198032
ID07729,Daniela Santos 7729,daniela.santos.7729.7729@exemplo.com,161.205.951-73,(11) 91205951
ID07730,Daniela Santos 7730,daniela.santos.7730.7730@exemplo.com,N/A,N/A
ID07731,Camila Costa 7731,camila.costa.7731.7731@exemplo.com,161.221.789-47,(11) 91221789
ID07732,Beatriz Silva 7732,beatriz.silva.7732.7732@exemplo.com,N/A,N/A
ID07733,Camila Fernandes 7733,camila.fernandes.7733.7733@exemplo.com,161.237.627-21,(11) 91237627
ID07734,Carlos Nascimento 7734,carlos.nascimento.7734.7734@exemplo.com,N/A,N/A
ID07735,Elisa Costa 7735,elisa.costa.7735.7735@exemplo.com,161.253.465-95,(11) 91253465
ID07736,Juliana Silva 7736,juliana.silva.7736.7736@exemplo.com,N/A,N/A
ID07737,Isabela Teixeira 7737,isabela.teixeira.7737.7737@exemplo.com,161.269.303-69,(11) 91269303
ID07738,Nicolas Oliveira 7738,nicolas.oliveira.7738.7738@exemplo.com,161.277.222-06,(11) 91277222
ID07739,Juliana Dias 7739,juliana.dias.7739.7739@exemplo.com,161.285.141-43,(11) 91285141
ID07740,Vinicius Nascimento 7740,vinicius.nascimento.7740.7740@exemplo.com,161.293.060-80,(11) 91293060
ID07741,Otavio Martins 7741,otavio.martins.7741.7741@exemplo.com,161.300.979-17,(11) 91300979
ID07742,Olivia Ribeiro 7742,olivia.ribeiro.7742.7742@exemplo.com,161.308.898-54,(11) 91308898
ID07743,Helena Teixeira 7743,helena.teixeira.7743.7743@exemplo.com,161.316.817-91,(11) 91316817
ID07744,Vinicius Moura 7744,vinicius.moura.7744.7744@exemplo.com,N/A,N/A
ID07745,Eduardo Almeida 7745,eduardo.almeida.7745.7745@exemplo.com,N/A,N/A
ID07746,Lucas Souza 7746,lucas.souza.7746.7746@exemplo.com,161.340.574-02,(11) 91340574
ID07747,Olivia Costa 7747,olivia.costa.7747.7747@exemplo.com,161.348.493-39,(11) 91348493
ID07748,Juliana Santos 7748,juliana.santos.7748.7748@exemplo.com,161.356.412-76,(11) 91356412
ID07749,Henrique Costa 7749,henrique.costa.7749.7749@exemplo.com,N/A,N/A
ID07750,Henrique Santos 7750,henrique.santos.7750.7750@exemplo.com,161.372.250-50,(11) 91372250
ID07751,Marcelo Carvalho 7751,marcelo.carvalho.7751.7751@exemplo.com,161.380.169-87,(11) 91380169
ID07752,Isabela Nascimento 7752,isabela.nascimento.7752.7752@exemplo.com,N/A,N/A
ID07753,Sofia Ribeiro 7753,sofia.ribeiro.7753.7753@exemplo.com,N/A,N/A
ID07754,Larissa Almeida 7754,larissa.almeida.7754.7754@exemplo.com,N/A,N/A
ID07755,Victor Ribeiro 7755,victor.ribeiro.7755.7755@exemplo.com,N/A,N/A
ID07756,Patricia Rodrigues 7756,patricia.rodrigues.7756.7756@exemplo.com,161.419.764-72,(11) 91419764
ID07757,Paulo Barbosa 7757,paulo.barbosa.7757.7757@exemplo.com,161.427.683-09,(11) 91427683
ID07758,Gabriel Teixeira 7758,gabriel.teixeira.7758.7758@exemplo.com,N/A,N/A
ID07759,Eduardo Ribeiro 7759,eduardo.ribeiro.7759.7759@exemplo.com,161.443.521-83,(11) 91443521
ID07760,Bruno Santos 7760,bruno.santos.7760.7760@exemplo.com,161.451.440-20,(11) 91451440
ID07761,Isabela Almeida 7761,isabela.almeida.7761.7761@exemplo.com,161.459.359-57,(11) 91459359
ID07762,Isabela Carvalho 7762,isabela.carvalho.7762.7762@exemplo.com,N/A,N/A
ID07763,Thiago Oliveira 7763,thiago.oliveira.7763.7763@exemplo.com,161.475.197-31,(11) 91475197
ID07764,Helena Nascimento 7764,helena.nascimento.7764.7764@exemplo.com,161.483.116-68,(11) 91483116
ID07765,Carlos Almeida 7765,carlos.almeida.7765.7765@exemplo.com,161.491.035-05,(11) 91491035
ID07766,Rafael Carvalho 7766,rafael.carvalho.7766.7766@exemplo.com,161.498.954-42,(11) 91498954
ID07767,Mariana Nascimento 7767,mariana.nascimento.7767.7767@exemplo.com,161.506.873-79,(11) 91506873
ID07768,Lucas Nascimento 7768,lucas.nascimento.7768.7768@exemplo.com,N/A,N/A
ID07769,Olivia Souza 7769,olivia.souza.7769.7769@exemplo.com,N/A,N/A
ID07770,Larissa Santos 7770,larissa.santos.7770.7770@exemplo.com,161.530.630-90,(11) 91530630
ID07771,Joao Martins 7771,joao.martins.7771.7771@exemplo.com,N/A,N/A
ID07772,Joao Pereira 7772,joao.pereira.7772.7772@exemplo.com,161.546.468-64,(11) 91546468
ID07773,Diego Carvalho 7773,diego.carvalho.7773.7773@exemplo.com,N/A,N/A
ID07774,Marcelo Pereira 7774,marcelo.pereira.7774.7774@exemplo.com,161.562.306-38,(11) 91562306
ID07775,Sara Rodrigues 7775,sara.rodrigues.7775.7775@exemplo.com,161.570.225-75,(11) 91570225
ID07776,Felipe Martins 7776,felipe.martins.7776.7776@exemplo.com,161.578.144-12,(11) 91578144
ID07777,Helena Souza 7777,helena.souza.7777.7777@exemplo.com,161.586.063-49,(11) 91586063
ID07778,Henrique Moura 7778,henrique.moura.7778.7778@exemplo.com,161.593.982-86,(11) 91593982
ID07779,Nicolas Dias 7779,nicolas.dias.7779.7779@exemplo.com,161.601.901-23,(11) 91601901
ID07780,Isabela Martins 7780,isabela.martins.7780.7780@exemplo.com,161.609.820-60,(11) 91609820
ID07781,Paulo Martins 7781,paulo.martins.7781.7781@exemplo.com,161.617.739-97,(11) 91617739
ID07782,Elisa Lima 7782,elisa.lima.7782.7782@exemplo.com,N/A,N/A
ID07783,Sara Costa 7783,sara.costa.7783.7783@exemplo.com,N/A,N/A
ID07784,Carlos Moura 7784,carlos.moura.7784.7784@exemplo.com,161.641.496-08,(11) 91641496
ID07785,Thiago Araujo 7785,thiago.araujo.7785.7785@exemplo.com,N/A,N/A
ID07786,Vinicius Pereira 7786,vinicius.pereira.7786.7786@exemplo.com,N/A,N/A
ID07787,Joao Dias 7787,joao.dias.7787.7787@exemplo.com,161.665.253-19,(11) 91665253
ID07788,Sofia Nascimento 7788,sofia.nascimento.7788.7788@exemplo.com,161.673.172-56,(11) 91673172
ID07789,Valentina Almeida 7789,valentina.almeida.7789.7789@exemplo.com,161.681.091-93,(11) 91681091
ID07790,Nicolas Almeida 7790,nicolas.almeida.7790.7790@exemplo.com,N/A,N/A
ID07791,Helena Nascimento 7791,helena.nascimento.7791.7791@exemplo.com,N/A,N/A
ID07792,Diego Oliveira 7792,diego.oliveira.7792.7792@exemplo.com,161.704.848-04,(11) 91704848
ID07793,Valentina Gomes 7793,valentina.gomes.7793.7793@exemplo.com,161.712.767-41,(11) 91712767
ID07794,Olivia Santos 7794,olivia.santos.7794.7794@exemplo.com,N/A,N/A
ID07795,Beatriz Costa 7795,beatriz.costa.7795.7795@exemplo.com,161.728.605-15,(11) 91728605
ID07796,Valentina Gomes 7796,valentina.gomes.7796.7796@exemplo.com,161.736.524-52,(11) 91736524
ID07797,Nicolas Costa 7797,nicolas.costa.7797.7797@exemplo.com,161.744.443-89,(11) 91744443
ID07798,Camila Carvalho 7798,camila.carvalho.7798.7798@exemplo.com,161.752.362-26,(11) 91752362
ID07799,Isabela Carvalho 7799,isabela.carvalho.7799.7799@exemplo.com,161.760.281-63,(11) 91760281
ID07800,Felipe Rodrigues 7800,felipe.rodrigues.7800.7800@exemplo.com,N/A,N/A
ID07801,Victor Carvalho 7801,victor.carvalho.7801.7801@exemplo.com,161.776.119-37,(11) 91776119
ID07802,Camila Silva 7802,camila.silva.7802.7802@exemplo.com,161.784.038-74,(11) 91784038
ID07803,Beatriz Martins 7803,beatriz.martins.7803.7803@exemplo.com,N/A,N/A
ID07804,Fernanda Martins 7804,fernanda.martins.7804.7804@exemplo.com,N/A,N/A
ID07805,Mariana Araujo 7805,mariana.araujo.7805.7805@exemplo.com,N/A,N/A
ID07806,Eduardo Barbosa 7806,eduardo.barbosa.7806.7806@exemplo.com,N/A,N/A
ID07807,Camila Rodrigues 7807,camila.rodrigues.7807.7807@exemplo.com,161.823.633-59,(11) 91823633
ID07808,Daniela Carvalho 7808,daniela.carvalho.7808.7808@exemplo.com,161.831.552-96,(11) 91831552
ID07809,Igor Costa 7809,igor.costa.7809.7809@exemplo.com,161.839.471-33,(11) 91839471
ID07810,Daniela Moura 7810,daniela.moura.7810.7810@exemplo.com,161.847.390-70,(11) 91847390
ID07811,Beatriz Moura 7811,beatriz.moura.7811.7811@exemplo.com,161.855.309-07,(11) 91855309
ID07812,Sara Barbosa 7812,sara.barbosa.7812.7812@exemplo.com,161.863.228-44,(11) 91863228
ID07813,Ana Oliveira 7813,ana.oliveira.7813.7813@exemplo.com,161.871.147-81,(11) 91871147
ID07814,Joao Almeida 7814,joao.almeida.7814.7814@exemplo.com,161.879.066-18,(11) 91879066
ID07815,Bruno Lima 7815,bruno.lima.7815.7815@exemplo.com,N/A,N/A
ID07816,Olivia Teixeira 7816,olivia.teixeira.7816.7816@exemplo.com,N/A,N/A
ID07817,Camila Nascimento 7817,camila.nascimento.7817.7817@exemplo.com,161.902.823-29,(11) 91902823
ID07818,Natalia Silva 7818,natalia.silva.7818.7818@exemplo.com,161.910.742-66,(11) 91910742
ID07819,Fernanda Barbosa 7819,fernanda.barbosa.7819.7819@exemplo.com,N/A,N/A
ID07820,Paulo Oliveira 7820,paulo.oliveira.7820.7820@exemplo.com,161.926.580-40,(11) 91926580
ID07821,Otavio Gomes 7821,otavio.gomes.7821.7821@exemplo.com,161.934.499-77,(11) 91934499
ID07822,Daniela Carvalho 7822,daniela.carvalho.7822.7822@exemplo.com,N/A,N/A
ID07823,Fernanda Araujo 7823,fernanda.araujo.7823.7823@exemplo.com,161.950.337-51,(11) 91950337
ID07824,Eduardo Barbosa 7824,eduardo.barbosa.7824.7824@exemplo.com,161.958.256-88,(11) 91958256
ID07825,Larissa Costa 7825,larissa.costa.7825.7825@exemplo.com,161.966.175-25,(11) 91966175
ID07826,Igor Carvalho 7826,igor.carvalho.7826.7826@exemplo.com,161.974.094-62,(11) 91974094
ID07827,Patricia Nascimento 7827,patricia.nascimento.7827.7827@exemplo.com,N/A,N/A
ID07828,Eduardo Santos 7828,eduardo.santos.7828.7828@exemplo.com,161.989.932-36,(11) 91989932
ID07829,Henrique Santos 7829,henrique.santos.7829.7829@exemplo.com,N/A,N/A
ID07830,Marcelo Barbosa 7830,marcelo.barbosa.7830.7830@exemplo.com,N/A,N/A
ID07831,Paulo Barbosa 7831,paulo.barbosa.7831.7831@exemplo.com,162.013.689-47,(11) 92013689
ID07832,Otavio Santos 7832,otavio.santos.7832.7832@exemplo.com,N/A,N/A
ID07833,Joao Nascimento 7833,joao.nascimento.7833.7833@exemplo.com,162.029.527-21,(11) 92029527
ID07834,Rafael Lima 7834,rafael.lima.7834.7834@exemplo.com,162.037.446-58,(11) 92037446
ID07835,Rodrigo Carvalho 7835,rodrigo.carvalho.7835.7835@exemplo.com,162.045.365-95,(11) 92045365
ID07836,Henrique Costa 7836,henrique.costa.7836.7836@exemplo.com,162.053.284-32,(11) 92053284
ID07837,Helena Araujo 7837,helena.araujo.7837.7837@exemplo.com,162.061.203-69,(11) 92061203
ID07838,Bruno Ribeiro 7838,bruno.ribeiro.7838.7838@exemplo.com,162.069.122-06,(11) 92069122
ID07839,Fernanda Souza 7839,fernanda.souza.7839.7839@exemplo.com,162.077.041-43,(11) 92077041
ID07840,Felipe Dias 7840,felipe.dias.7840.7840@exemplo.com,162.084.960-80,(11) 92084960
ID07841,Valentina Fernandes 7841,valentina.fernandes.7841.7841@exemplo.com,162.092.879-17,(11) 92092879
ID07842,Carlos Fernandes 7842,carlos.fernandes.7842.7842@exemplo.com,162.100.798-54,(11) 92100798
ID07843,Gabriel Ribeiro 7843,gabriel.ribeiro.7843.7843@exemplo.com,N/A,N/A
ID07844,Rafael Barbosa 7844,rafael.barbosa.7844.7844@exemplo.com,N/A,N/A
ID07845,Larissa Carvalho 7845,larissa.carvalho.7845.7845@exemplo.com,162.124.555-65,(11) 92124555
ID07846,Nicolas Martins 7846,nicolas.martins.7846.7846@exemplo.com,162.132.474-02,(11) 92132474
ID07847,Bruno Silva 7847,bruno.silva.7847.7847@exemplo.com,N/A,N/A
ID07848,Giovana Dias 7848,giovana.dias.7848.7848@exemplo.com,162.148.312-76,(11) 92148312
ID07849,Henrique Pereira 7849,henrique.pereira.7849.7849@exemplo.com,N/A,N/A
ID07850,Elisa Barbosa 7850,elisa.barbosa.7850.7850@exemplo.com,162.164.150-50,(11) 92164150
ID07851,Rafael Oliveira 7851,rafael.oliveira.7851.7851@exemplo.com,N/A,N/A
ID07852,Paulo Rodrigues 7852,paulo.rodrigues.7852.7852@exemplo.com,N/A,N/A
ID07853,Rodrigo Carvalho 7853,rodrigo.carvalho.7853.7853@exemplo.com,162.187.907-61,(11) 92187907
ID07854,Marcelo Martins 7854,marcelo.martins.7854.7854@exemplo.com,162.195.826-98,(11) 92195826
ID07855,Sofia Moura 7855,sofia.moura.7855.7855@exemplo.com,162.203.745-35,(11) 92203745
ID07856,Isabela Ribeiro 7856,isabela.ribeiro.7856.7856@exemplo.com,162.211.664-72,(11) 92211664
ID07857,Rafael Teixeira 7857,rafael.teixeira.7857.7857@exemplo.com,162.219.583-09,(11) 92219583
ID07858,Sara Araujo 7858,sara.araujo.7858.7858@exemplo.com,162.227.502-46,(11) 92227502
ID07859,Larissa Oliveira 7859,larissa.oliveira.7859.7859@exemplo.com,N/A,N/A
ID07860,Paulo Araujo 7860,paulo.araujo.7860.7860@exemplo.com,N/A,N/A
ID07861,Felipe Santos 7861,felipe.santos.7861.7861@exemplo.com,162.251.259-57,(11) 92251259
ID07862,Camila Costa 7862,camila.costa.7862.7862@exemplo.com,162.259.178-94,(11) 92259178
ID07863,Joao Souza 7863,joao.souza.7863.7863@exemplo.com,162.267.097-31,(11) 92267097
ID07864,Daniela Teixeira 7864,daniela.teixeira.7864.7864@exemplo.com,162.275.016-68,(11) 92275016
ID07865,Carlos Teixeira 7865,carlos.teixeira.7865.7865@exemplo.com,162.282.935-05,(11) 92282935
ID07866,Paulo Santos 7866,paulo.santos.7866.7866@exemplo.com,162.290.854-42,(11) 92290854
ID07867,Nicolas Ribeiro 7867,nicolas.ribeiro.7867.7867@exemplo.com,162.298.773-79,(11) 92298773
ID07868,Juliana Teixeira 7868,juliana.teixeira.7868.7868@exemplo.com,162.306.692-16,(11) 92306692
ID07869,Nicolas Barbosa 7869,nicolas.barbosa.7869.7869@exemplo.com,162.314.611-53,(11) 92314611
ID07870,Beatriz Moura 7870,beatriz.moura.7870.7870@exemplo.com,162.322.530-90,(11) 92322530
ID07871,Diego Dias 7871,diego.dias.7871.7871@exemplo.com,162.330.449-27,(11) 92330449
ID07872,Isabela Carvalho 7872,isabela.carvalho.7872.7872@exemplo.com,162.338.368-64,(11) 92338368
ID07873,Camila Rodrigues 7873,camila.rodrigues.7873.7873@exemplo.com,162.346.287-01,(11) 92346287
ID07874,Larissa Pereira 7874,larissa.pereira.7874.7874@exemplo.com,162.354.206-38,(11) 92354206
ID07875,Carlos Costa 7875,carlos.costa.7875.7875@exemplo.com,162.362.125-75,(11) 92362125
ID07876,Giovana Fernandes 7876,giovana.fernandes.7876.7876@exemplo.com,162.370.044-12,(11) 92370044
ID07877,Sara Araujo 7877,sara.araujo.7877.7877@exemplo.com,162.377.963-49,(11) 92377963
ID07878,Marcelo Martins 7878,marcelo.martins.7878.7878@exemplo.com,N/A,N/A
ID07879,Otavio Araujo 7879,otavio.araujo.7879.7879@exemplo.com,162.393.801-23,(11) 92393801
ID07880,Olivia Moura 7880,olivia.moura.7880.7880@exemplo.com,162.401.720-60,(11) 92401720
ID07881,Rafael Martins 7881,rafael.martins.7881.7881@exemplo.com,162.409.639-97,(11) 92409639
ID07882,Nicolas Almeida 7882,nicolas.almeida.7882.7882@exemplo.com,162.417.558-34,(11) 92417558
ID07883,Valentina Santos 7883,valentina.santos.7883.7883@exemplo.com,N/A,N/A
ID07884,Helena Almeida 7884,helena.almeida.7884.7884@exemplo.com,N/A,N/A
ID07885,Bruno Martins 7885,bruno.martins.7885.7885@exemplo.com,N/A,N/A
ID07886,Marcelo Rodrigues 7886,marcelo.rodrigues.7886.7886@exemplo.com,N/A,N/A
ID07887,Rodrigo Oliveira 7887,rodrigo.oliveira.7887.7887@exemplo.com,N/A,N/A
ID07888,Eduardo Almeida 7888,eduardo.almeida.7888.7888@exemplo.com,N/A,N/A
ID07889,Juliana Costa 7889,juliana.costa.7889.7889@exemplo.com,162.472.991-93,(11) 92472991
ID07890,Paulo Lima 7890,paulo.lima.7890.7890@exemplo.com,162.480.910-30,(11) 92480910
ID07891,Juliana Teixeira 7891,juliana.teixeira.7891.7891@exemplo.com,162.488.829-67,(11) 92488829
ID07892,Elisa Silva 7892,elisa.silva.7892.7892@exemplo.com,162.496.748-04,(11) 92496748
ID07893,Joao Ribeiro 7893,joao.ribeiro.7893.7893@exemplo.com,N/A,N/A
ID07894,Carlos Ribeiro 7894,carlos.ribeiro.7894.7894@exemplo.com,162.512.586-78,(11) 92512586
ID07895,Thiago Gomes 7895,thiago.gomes.7895.7895@exemplo.com,N/A,N/A
ID07896,Juliana Souza 7896,juliana.souza.7896.7896@exemplo.com,162.528.424-52,(11) 92528424
ID07897,Rodrigo Araujo 7897,rodrigo.araujo.7897.7897@exemplo.com,162.536.343-89,(11) 92536343
ID07898,Rodrigo Araujo 7898,rodrigo.araujo.7898.7898@exemplo.com,162.544.262-26,(11) 92544262
ID07899,Nicolas Souza 7899,nicolas.souza.7899.7899@exemplo.com,162.552.181-63,(11) 92552181
ID07900,Henrique Martins 7900,henrique.martins.7900.7900@exemplo.com,162.560.100-00,(11) 92560100
ID07901,Thiago Santos 7901,thiago.santos.7901.7901@exemplo.com,N/A,N/A
ID07902,Carlos Silva 7902,carlos.silva.7902.7902@exemplo.com,162.575.938-74,(11) 92575938
ID07903,Helena Nascimento 7903,helena.nascimento.7903.7903@exemplo.com,N/A,N/A
ID07904,Juliana Martins 7904,juliana.martins.7904.7904@exemplo.com,N/A,N/A
ID07905,Olivia Pereira 7905,olivia.pereira.7905.7905@exemplo.com,162.599.695-85,(11) 92599695
ID07906,Igor Souza 7906,igor.souza.7906.7906@exemplo.com,162.607.614-22,(11) 92607614
ID07907,Vinicius Fernandes 7907,vinicius.fernandes.7907.7907@exemplo.com,162.615.533-59,(11) 92615533
ID07908,Carlos Teixeira 7908,carlos.teixeira.7908.7908@exemplo.com,162.623.452-96,(11) 92623452
ID07909,Rafael Carvalho 7909,rafael.carvalho.7909.7909@exemplo.com,162.631.371-33,(11) 92631371
ID07910,Olivia Fernandes 7910,olivia.fernandes.7910.7910@exemplo.com,N/A,N/A
ID07911,Helena Gomes 7911,helena.gomes.7911.7911@exemplo.com,N/A,N/A
ID07912,Henrique Martins 7912,henrique.martins.7912.7912@exemplo.com,N/A,N/A
ID07913,Ana Teixeira 7913,ana.teixeira.7913.7913@exemplo.com,162.663.047-81,(11) 92663047
ID07914,Henrique Fernandes 7914,henrique.fernandes.7914.7914@exemplo.com,N/A,N/A
ID07915,Nicolas Moura 7915,nicolas.moura.7915.7915@exemplo.com,N/A,N/A
ID07916,Gabriel Gomes 7916,gabriel.gomes.7916.7916@exemplo.com,N/A,N/A
ID07917,Bruno Ribeiro 7917,bruno.ribeiro.7917.7917@exemplo.com,162.694.723-29,(11) 92694723
ID07918,Rodrigo Nascimento 7918,rodrigo.nascimento.7918.7918@exemplo.com,N/A,N/A
ID07919,Natalia Pereira 7919,natalia.pereira.7919.7919@exemplo.com,N/A,N/A
ID07920,Sara Araujo 7920,sara.araujo.7920.7920@exemplo.com,162.718.480-40,(11) 92718480
ID07921,Helena Gomes 7921,helena.gomes.7921.7921@exemplo.com,162.726.399-77,(11) 92726399
ID07922,Rafael Ribeiro 7922,rafael.ribeiro.7922.7922@exemplo.com,162.734.318-14,(11) 92734318
ID07923,Elisa Araujo 7923,elisa.araujo.7923.7923@exemplo.com,N/A,N/A
ID07924,Joao Souza 7924,joao.souza.7924.7924@exemplo.com,162.750.156-88,(11) 92750156
ID07925,Daniela Nascimento 7925,daniela.nascimento.7925.7925@exemplo.com,162.758.075-25,(11) 92758075
ID07926,Felipe Araujo 7926,felipe.araujo.7926.7926@exemplo.com,N/A,N/A
ID07927,Larissa Fernandes 7927,larissa.fernandes.7927.7927@exemplo.com,162.773.913-99,(11) 92773913
ID07928,Larissa Araujo 7928,larissa.araujo.7928.7928@exemplo.com,162.781.832-36,(11) 92781832
ID07929,Carlos Carvalho 7929,carlos.carvalho.7929.7929@exemplo.com,162.789.751-73,(11) 92789751
ID07930,Elisa Moura 7930,elisa.moura.7930.7930@exemplo.com,162.797.670-10,(11) 92797670
ID07931,Felipe Silva 7931,felipe.silva.7931.7931@exemplo.com,N/A,N/A
ID07932,Marcelo Lima 7932,marcelo.lima.7932.7932@exemplo.com,162.813.508-84,(11) 92813508
ID07933,Ana Costa 7933,ana.costa.7933.7933@exemplo.com,N/A,N/A
ID07934,Lucas Silva 7934,lucas.silva.7934.7934@exemplo.com,N/A,N/A
ID07935,Bruno Silva 7935,bruno.silva.7935.7935@exemplo.com,162.837.265-95,(11) 92837265
ID07936,Victor Teixeira 7936,victor.teixeira.7936.7936@exemplo.com,N/A,N/A
ID07937,Joao Martins 7937,joao.martins.7937.7937@exemplo.com,162.853.103-69,(11) 92853103
ID07938,Fernanda Almeida 7938,fernanda.almeida.7938.7938@exemplo.com,162.861.022-06,(11) 92861022
ID07939,Olivia Almeida 7939,olivia.almeida.7939.7939@exemplo.com,162.868.941-43,(11) 92868941
ID07940,Sara Teixeira 7940,sara.teixeira.7940.7940@exemplo.com,N/A,N/A
ID07941,Rodrigo Carvalho 7941,rodrigo.carvalho.7941.7941@exemplo.com,162.884.779-17,(11) 92884779
ID07942,Rodrigo Martins 7942,rodrigo.martins.7942.7942@exemplo.com,N/A,N/A
ID07943,Sara Teixeira 7943,sara.teixeira.7943.7943@exemplo.com,N/A,N/A
ID07944,Lucas Araujo 7944,lucas.araujo.7944.7944@exemplo.com,N/A,N/A
ID07945,Rodrigo Ribeiro 7945,rodrigo.ribeiro.7945.7945@exemplo.com,162.916.455-65,(11) 92916455
ID07946,Juliana Oliveira 7946,juliana.oliveira.7946.7946@exemplo.com,162.924.374-02,(11) 92924374
ID07947,Diego Costa 7947,diego.costa.7947.7947@exemplo.com,N/A,N/A
ID07948,Nicolas Oliveira 7948,nicolas.oliveira.7948.7948@exemplo.com,162.940.212-76,(11) 92940212
ID07949,Sara Souza 7949,sara.souza.7949.7949@exemplo.com,N/A,N/A
ID07950,Gabriel Souza 7950,gabriel.souza.7950.7950@exemplo.com,162.956.050-50,(11) 92956050
ID07951,Paulo Carvalho 7951,paulo.carvalho.7951.7951@exemplo.com,162.963.969-87,(11) 92963969
ID07952,Olivia Rodrigues 7952,olivia.rodrigues.7952.7952@exemplo.com,162.971.888-24,(11) 92971888
ID07953,Beatriz Gomes 7953,beatriz.gomes.7953.7953@exemplo.com,162.979.807-61,(11) 92979807
ID07954,Daniela Souza 7954,daniela.souza.7954.7954@exemplo.com,N/A,N/A
ID07955,Lucas Rodrigues 7955,lucas.rodrigues.7955.7955@exemplo.com,162.995.645-35,(11) 92995645
ID07956,Olivia Lima 7956,olivia.lima.7956.7956@exemplo.com,163.003.564-72,(11) 93003564
ID07957,Eduardo Silva 7957,eduardo.silva.7957.7957@exemplo.com,N/A,N/A
ID07958,Helena Silva 7958,helena.silva.7958.7958@exemplo.com,163.019.402-46,(11) 93019402
ID07959,Camila Araujo 7959,camila.araujo.7959.7959@exemplo.com,163.027.321-83,(11) 93027321
ID07960,Henrique Martins 7960,henrique.martins.7960.7960@exemplo.com,163.035.240-20,(11) 93035240
ID07961,Diego Moura 7961,diego.moura.7961.7961@exemplo.com,163.043.159-57,(11) 93043159
ID07962,Yasmin Silva 7962,yasmin.silva.7962.7962@exemplo.com,163.051.078-94,(11) 93051078
ID07963,Daniela Gomes 7963,daniela.gomes.7963.7963@exemplo.com,N/A,N/A
ID07964,Sara Carvalho 7964,sara.carvalho.7964.7964@exemplo.com,N/A,N/A
ID07965,Sofia Costa 7965,sofia.costa.7965.7965@exemplo.com,N/A,N/A
ID07966,Victor Souza 7966,victor.souza.7966.7966@exemplo.com,163.082.754-42,(11) 93082754
ID07967,Nicolas Ribeiro 7967,nicolas.ribeiro.7967.7967@exemplo.com,N/A,N/A
ID07968,Thiago Teixeira 7968,thiago.teixeira.7968.7968@exemplo.com,163.098.592-16,(11) 93098592
ID07969,Henrique Lima 7969,henrique.lima.7969.7969@exemplo.com,163.106.511-53,(11) 93106511
ID07970,Henrique Nascimento 7970,henrique.nascimento.7970.7970@exemplo.com,163.114.430-90,(11) 93114430
ID07971,Paulo Araujo 7971,paulo.araujo.7971.7971@exemplo.com,163.122.349-27,(11) 93122349
ID07972,Rodrigo Pereira 7972,rodrigo.pereira.7972.7972@exemplo.com,N/A,N/A
ID07973,Paulo Carvalho 7973,paulo.carvalho.7973.7973@exemplo.com,163.138.187-01,(11) 93138187
ID07974,Beatriz Teixeira 7974,beatriz.teixeira.7974.7974@exemplo.com,N/A,N/A
ID07975,Juliana Santos 7975,juliana.santos.7975.7975@exemplo.com,163.154.025-75,(11) 93154025
ID07976,Diego Silva 7976,diego.silva.7976.7976@exemplo.com,163.161.944-12,(11) 93161944
ID07977,Nicolas Moura 7977,nicolas.moura.7977.7977@exemplo.com,N/A,N/A
ID07978,Sara Moura 7978,sara.moura.7978.7978@exemplo.com,163.177.782-86,(11) 93177782
ID07979,Felipe Carvalho 7979,felipe.carvalho.7979.7979@exemplo.com,163.185.701-23,(11) 93185701
ID07980,Sofia Nascimento 7980,sofia.nascimento.7980.7980@exemplo.com,163.193.620-60,(11) 93193620
ID07981,Larissa Araujo 7981,larissa.araujo.7981.7981@exemplo.com,163.201.539-97,(11) 93201539
ID07982,Helena Moura 7982,helena.moura.7982.7982@exemplo.com,N/A,N/A
ID07983,Joao Silva 7983,joao.silva.7983.7983@exemplo.com,N/A,N/A
ID07984,Yasmin Araujo 7984,yasmin.araujo.7984.7984@exemplo.com,N/A,N/A
ID07985,Rodrigo Fernandes 7985,rodrigo.fernandes.7985.7985@exemplo.com,163.233.215-45,(11) 93233215
ID07986,Eduardo Ribeiro 7986,eduardo.ribeiro.7986.7986@exemplo.com,163.241.134-82,(11) 93241134
ID07987,Isabela Silva 7987,isabela.silva.7987.7987@exemplo.com,163.249.053-19,(11) 93249053
ID07988,Diego Silva 7988,diego.silva.7988.7988@exemplo.com,163.256.972-56,(11) 93256972
ID07989,Felipe Teixeira 7989,felipe.teixeira.7989.7989@exemplo.com,163.264.891-93,(11) 93264891
ID07990,Paulo Santos 7990,paulo.santos.7990.7990@exemplo.com,163.272.810-30,(11) 93272810
ID07991,Isabela Souza 7991,isabela.souza.7991.7991@exemplo.com,N/A,N/A
ID07992,Gabriel Carvalho 7992,gabriel.carvalho.7992.7992@exemplo.com,163.288.648-04,(11) 93288648
ID07993,Olivia Costa 7993,olivia.costa.7993.7993@exemplo.com,163.296.567-41,(11) 93296567
ID07994,Igor Oliveira 7994,igor.oliveira.7994.7994@exemplo.com,163.304.486-78,(11) 93304486
ID07995,Paulo Barbosa 7995,paulo.barbosa.7995.7995@exemplo.com,163.312.405-15,(11) 93312405
ID07996,Natalia Santos 7996,natalia.santos.7996.7996@exemplo.com,N/A,N/A
ID07997,Henrique Costa 7997,henrique.costa.7997.7997@exemplo.com,163.328.243-89,(11) 93328243
ID07998,Yasmin Lima 7998,yasmin.lima.7998.7998@exemplo.com,163.336.162-26,(11) 93336162
ID07999,Isabela Silva 7999,isabela.silva.7999.7999@exemplo.com,163.344.081-63,(11) 93344081
ID08000,Yasmin Araujo 8000,yasmin.araujo.8000.8000@exemplo.com,N/A,N/A
ID08001,Lucas Barbosa 8001,lucas.barbosa.8001.8001@exemplo.com,N/A,N/A
ID08002,Elisa Santos 8002,elisa.santos.8002.8002@exemplo.com,163.367.838-74,(11) 93367838
ID08003,Juliana Almeida 8003,juliana.almeida.8003.8003@exemplo.com,163.375.757-11,(11) 93375757
ID08004,Camila Costa 8004,camila.costa.8004.8004@exemplo.com,163.383.676-48,(11) 93383676
ID08005,Bruno Carvalho 8005,bruno.carvalho.8005.8005@exemplo.com,163.391.595-85,(11) 93391595
ID08006,Marcelo Martins 8006,marcelo.martins.8006.8006@exemplo.com,N/A,N/A
ID08007,Carlos Dias 8007,carlos.dias.8007.8007@exemplo.com,163.407.433-59,(11) 93407433
ID08008,Victor Fernandes 8008,victor.fernandes.8008.8008@exemplo.com,N/A,N/A
ID08009,Helena Barbosa 8009,helena.barbosa.8009.8009@exemplo.com,163.423.271-33,(11) 93423271
ID08010,Natalia Ribeiro 8010,natalia.ribeiro.8010.8010@exemplo.com,163.431.190-70,(11) 93431190
ID08011,Natalia Gomes 8011,natalia.gomes.8011.8011@exemplo.com,N/A,N/A
ID08012,Larissa Almeida 8012,larissa.almeida.8012.8012@exemplo.com,163.447.028-44,(11) 93447028
ID08013,Sara Souza 8013,sara.souza.8013.8013@exemplo.com,N/A,N/A
ID08014,Paulo Rodrigues 8014,paulo.rodrigues.8014.8014@exemplo.com,163.462.866-18,(11) 93462866
ID08015,Daniela Carvalho 8015,daniela.carvalho.8015.8015@exemplo.com,163.470.785-55,(11) 93470785
ID08016,Rodrigo Santos 8016,rodrigo.santos.8016.8016@exemplo.com,163.478.704-92,(11) 93478704
ID08017,Mariana Pereira 8017,mariana.pereira.8017.8017@exemplo.com,163.486.623-29,(11) 93486623
ID08018,Olivia Costa 8018,olivia.costa.8018.8018@exemplo.com,N/A,N/A
ID08019,Eduardo Moura 8019,eduardo.moura.8019.8019@exemplo.com,163.502.461-03,(11) 93502461
ID08020,Sofia Dias 8020,sofia.dias.8020.8020@exemplo.com,163.510.380-40,(11) 93510380
ID08021,Rafael Dias 8021,rafael.dias.8021.8021@exemplo.com,163.518.299-77,(11) 93518299
ID08022,Larissa Ribeiro 8022,larissa.ribeiro.8022.8022@exemplo.com,163.526.218-14,(11) 93526218
ID08023,Fernanda Silva 8023,fernanda.silva.8023.8023@exemplo.com,163.534.137-51,(11) 93534137
ID08024,Nicolas Ribeiro 8024,nicolas.ribeiro.8024.8024@exemplo.com,163.542.056-88,(11) 93542056
ID08025,Henrique Barbosa 8025,henrique.barbosa.8025.8025@exemplo.com,163.549.975-25,(11) 93549975
ID08026,Eduardo Nascimento 8026,eduardo.nascimento.8026.8026@exemplo.com,163.557.894-62,(11) 93557894
ID08027,Natalia Carvalho 8027,natalia.carvalho.8027.8027@exemplo.com,163.565.813-99,(11) 93565813
ID08028,Carlos Costa 8028,carlos.costa.8028.8028@exemplo.com,163.573.732-36,(11) 93573732
ID08029,Otavio Carvalho 8029,otavio.carvalho.8029.8029@exemplo.com,N/A,N/A
ID08030,Henrique Lima 8030,henrique.lima.8030.8030@exemplo.com,N/A,N/A
ID08031,Otavio Costa 8031,otavio.costa.8031.8031@exemplo.com,163.597.489-47,(11) 93597489
ID08032,Felipe Dias 8032,felipe.dias.8032.8032@exemplo.com,N/A,N/A
ID08033,Rafael Oliveira 8033,rafael.oliveira.8033.8033@exemplo.com,163.613.327-21,(11) 93613327
ID08034,Diego Lima 8034,diego.lima.8034.8034@exemplo.com,163.621.246-58,(11) 93621246
ID08035,Mariana Souza 8035,mariana.souza.8035.8035@exemplo.com,163.629.165-95,(11) 93629165
ID08036,Camila Dias 8036,camila.dias.8036.8036@exemplo.com,N/A,N/A
ID08037,Natalia Rodrigues 8037,natalia.rodrigues.8037.8037@exemplo.com,163.645.003-69,(11) 93645003
ID08038,Isabela Nascimento 8038,isabela.nascimento.8038.8038@exemplo.com,N/A,N/A
ID08039,Valentina Oliveira 8039,valentina.oliveira.8039.8039@exemplo.com,163.660.841-43,(11) 93660841
ID08040,Eduardo Moura 8040,eduardo.moura.8040.8040@exemplo.com,N/A,N/A
ID08041,Elisa Lima 8041,elisa.lima.8041.8041@exemplo.com,163.676.679-17,(11) 93676679
ID08042,Fernanda Barbosa 8042,fernanda.barbosa.8042.8042@exemplo.com,N/A,N/A
ID08043,Gabriel Oliveira 8043,gabriel.oliveira.8043.8043@exemplo.com,N/A,N/A
ID08044,Daniela Lima 8044,daniela.lima.8044.8044@exemplo.com,163.700.436-28,(11) 93700436
ID08045,Bruno Lima 8045,bruno.lima.8045.8045@exemplo.com,N/A,N/A
ID08046,Sofia Silva 8046,sofia.silva.8046.8046@exemplo.com,163.716.274-02,(11) 93716274
ID08047,Bruno Almeida 8047,bruno.almeida.8047.8047@exemplo.com,163.724.193-39,(11) 93724193
ID08048,Carlos Almeida 8048,carlos.almeida.8048.8048@exemplo.com,163.732.112-76,(11) 93732112
ID08049,Victor Teixeira 8049,victor.teixeira.8049.8049@exemplo.com,N/A,N/A
ID08050,Larissa Moura 8050,larissa.moura.8050.8050@exemplo.com,163.747.950-50,(11) 93747950
ID08051,Daniela Santos 8051,daniela.santos.8051.8051@exemplo.com,163.755.869-87,(11) 93755869
ID08052,Isabela Pereira 8052,isabela.pereira.8052.8052@exemplo.com,163.763.788-24,(11) 93763788
ID08053,Joao Barbosa 8053,joao.barbosa.8053.8053@exemplo.com,163.771.707-61,(11) 93771707
ID08054,Juliana Lima 8054,juliana.lima.8054.8054@exemplo.com,163.779.626-98,(11) 93779626
ID08055,Rodrigo Costa 8055,rodrigo.costa.8055.8055@exemplo.com,163.787.545-35,(11) 93787545
ID08056,Joao Almeida 8056,joao.almeida.8056.8056@exemplo.com,N/A,N/A
ID08057,Juliana Lima 8057,juliana.lima.8057.8057@exemplo.com,163.803.383-09,(11) 93803383
ID08058,Sara Gomes 8058,sara.gomes.8058.8058@exemplo.com,163.811.302-46,(11) 93811302
ID08059,Sofia Araujo 8059,sofia.araujo.8059.8059@exemplo.com,163.819.221-83,(11) 93819221
ID08060,Isabela Oliveira 8060,isabela.oliveira.8060.8060@exemplo.com,163.827.140-20,(11) 93827140
ID08061,Rodrigo Martins 8061,rodrigo.martins.8061.8061@exemplo.com,163.835.059-57,(11) 93835059
ID08062,Larissa Costa 8062,larissa.costa.8062.8062@exemplo.com,N/A,N/A
ID08063,Isabela Oliveira 8063,isabela.oliveira.8063.8063@exemplo.com,163.850.897-31,(11) 93850897
ID08064,Sara Silva 8064,sara.silva.8064.8064@exemplo.com,N/A,N/A
ID08065,Joao Santos 8065,joao.santos.8065.8065@exemplo.com,N/A,N/A
ID08066,Rodrigo Ribeiro 8066,rodrigo.ribeiro.8066.8066@exemplo.com,163.874.654-42,(11) 93874654
ID08067,Fernanda Lima 8067,fernanda.lima.8067.8067@exemplo.com,163.882.573-79,(11) 93882573
ID08068,Carlos Carvalho 8068,carlos.carvalho.8068.8068@exemplo.com,163.890.492-16,(11) 93890492
ID08069,Mariana Ribeiro 8069,mariana.ribeiro.8069.8069@exemplo.com,163.898.411-53,(11) 93898411
ID08070,Fernanda Araujo 8070,fernanda.araujo.8070.8070@exemplo.com,N/A,N/A
ID08071,Rafael Ribeiro 8071,rafael.ribeiro.8071.8071@exemplo.com,163.914.249-27,(11) 93914249
ID08072,Paulo Carvalho 8072,paulo.carvalho.8072.8072@exemplo.com,163.922.168-64,(11) 93922168
ID08073,Ana Gomes 8073,ana.gomes.8073.8073@exemplo.com,163.930.087-01,(11) 93930087
ID08074,Vinicius Pereira 8074,vinicius.pereira.8074.8074@exemplo.com,163.938.006-38,(11) 93938006
ID08075,Thiago Pereira 8075,thiago.pereira.8075.8075@exemplo.com,163.945.925-75,(11) 93945925
ID08076,Juliana Lima 8076,juliana.lima.8076.8076@exemplo.com,163.953.844-12,(11) 93953844
ID08077,Eduardo Moura 8077,eduardo.moura.8077.8077@exemplo.com,163.961.763-49,(11) 93961763
ID08078,Igor Silva 8078,igor.silva.8078.8078@exemplo.com,163.969.682-86,(11) 93969682
ID08079,Sofia Silva 8079,sofia.silva.8079.8079@exemplo.com,163.977.601-23,(11) 93977601
ID08080,Larissa Pereira 8080,larissa.pereira.8080.8080@exemplo.com,163.985.520-60,(11) 93985520
ID08081,Elisa Lima 8081,elisa.lima.8081.8081@exemplo.com,163.993.439-97,(11) 93993439
ID08082,Victor Nascimento 8082,victor.nascimento.8082.8082@exemplo.com,164.001.358-34,(11) 94001358
ID08083,Juliana Souza 8083,juliana.souza.8083.8083@exemplo.com,164.009.277-71,(11) 94009277
ID08084,Elisa Ribeiro 8084,elisa.ribeiro.8084.8084@exemplo.com,164.017.196-08,(11) 94017196
ID08085,Isabela Rodrigues 8085,isabela.rodrigues.8085.8085@exemplo.com,164.025.115-45,(11) 94025115
ID08086,Isabela Almeida 8086,isabela.almeida.8086.8086@exemplo.com,164.033.034-82,(11) 94033034
ID08087,Rodrigo Santos 8087,rodrigo.santos.8087.8087@exemplo.com,164.040.953-19,(11) 94040953
ID08088,Juliana Ribeiro 8088,juliana.ribeiro.8088.8088@exemplo.com,164.048.872-56,(11) 94048872
ID08089,Joao Barbosa 8089,joao.barbosa.8089.8089@exemplo.com,164.056.791-93,(11) 94056791
ID08090,Vinicius Moura 8090,vinicius.moura.8090.8090@exemplo.com,164.064.710-30,(11) 94064710
ID08091,Ana Oliveira 8091,ana.oliveira.8091.8091@exemplo.com,164.072.629-67,(11) 94072629
ID08092,Gabriel Almeida 8092,gabriel.almeida.8092.8092@exemplo.com,164.080.548-04,(11) 94080548
ID08093,Isabela Oliveira 8093,isabela.oliveira.8093.8093@exemplo.com,N/A,N/A
ID08094,Igor Barbosa 8094,igor.barbosa.8094.8094@exemplo.com,164.096.386-78,(11) 94096386
ID08095,Carlos Almeida 8095,carlos.almeida.8095.8095@exemplo.com,N/A,N/A
ID08096,Elisa Barbosa 8096,elisa.barbosa.8096.8096@exemplo.com,164.112.224-52,(11) 94112224
ID08097,Diego Teixeira 8097,diego.teixeira.8097.8097@exemplo.com,N/A,N/A
ID08098,Rodrigo Dias 8098,rodrigo.dias.8098.8098@exemplo.com,164.128.062-26,(11) 94128062
ID08099,Diego Barbosa 8099,diego.barbosa.8099.8099@exemplo.com,164.135.981-63,(11) 94135981
ID08100,Mariana Souza 8100,mariana.souza.8100.8100@exemplo.com,164.143.900-00,(11) 94143900
ID08101,Mariana Pereira 8101,mariana.pereira.8101.8101@exemplo.com,N/A,N/A
ID08102,Elisa Carvalho 8102,elisa.carvalho.8102.8102@exemplo.com,164.159.738-74,(11) 94159738
ID08103,Rodrigo Teixeira 8103,rodrigo.teixeira.8103.8103@exemplo.com,N/A,N/A
ID08104,Juliana Teixeira 8104,juliana.teixeira.8104.8104@exemplo.com,N/A,N/A
ID08105,Olivia Costa 8105,olivia.costa.8105.8105@exemplo.com,164.183.495-85,(11) 94183495
ID08106,Camila Barbosa 8106,camila.barbosa.8106.8106@exemplo.com,164.191.414-22,(11) 94191414
ID08107,Patricia Martins 8107,patricia.martins.8107.8107@exemplo.com,164.199.333-59,(11) 94199333
ID08108,Sara Moura 8108,sara.moura.8108.8108@exemplo.com,164.207.252-96,(11) 94207252
ID08109,Marcelo Araujo 8109,marcelo.araujo.8109.8109@exemplo.com,164.215.171-33,(11) 94215171
ID08110,Paulo Rodrigues 8110,paulo.rodrigues.8110.8110@exemplo.com,164.223.090-70,(11) 94223090
ID08111,Joao Oliveira 8111,joao.oliveira.8111.8111@exemplo.com,N/A,N/A
ID08112,Igor Ribeiro 8112,igor.ribeiro.8112.8112@exemplo.com,164.238.928-44,(11) 94238928
ID08113,Juliana Lima 8113,juliana.lima.8113.8113@exemplo.com,164.246.847-81,(11) 94246847
ID08114,Gabriel Fernandes 8114,gabriel.fernandes.8114.8114@exemplo.com,164.254.766-18,(11) 94254766
ID08115,Natalia Araujo 8115,natalia.araujo.8115.8115@exemplo.com,164.262.685-55,(11) 94262685
ID08116,Daniela Lima 8116,daniela.lima.8116.8116@exemplo.com,164.270.604-92,(11) 94270604
ID08117,Rafael Lima 8117,rafael.lima.8117.8117@exemplo.com,N/A,N/A
ID08118,Valentina Teixeira 8118,valentina.teixeira.8118.8118@exemplo.com,164.286.442-66,(11) 94286442
ID08119,Sofia Dias 8119,sofia.dias.8119.8119@exemplo.com,164.294.361-03,(11) 94294361
ID08120,Lucas Silva 8120,lucas.silva.8120.8120@exemplo.com,164.302.280-40,(11) 94302280
ID08121,Carlos Carvalho 8121,carlos.carvalho.8121.8121@exemplo.com,164.310.199-77,(11) 94310199
ID08122,Victor Ribeiro 8122,victor.ribeiro.8122.8122@exemplo.com,164.318.118-14,(11) 94318118
ID08123,Sara Moura 8123,sara.moura.8123.8123@exemplo.com,N/A,N/A
ID08124,Vinicius Teixeira 8124,vinicius.teixeira.8124.8124@exemplo.com,164.333.956-88,(11) 94333956
ID08125,Natalia Costa 8125,natalia.costa.8125.8125@exemplo.com,164.341.875-25,(11) 94341875
ID08126,Rafael Lima 8126,rafael.lima.8126.8126@exemplo.com,N/A,N/A
ID08127,Paulo Dias 8127,paulo.dias.8127.8127@exemplo.com,164.357.713-99,(11) 94357713
ID08128,Olivia Dias 8128,olivia.dias.8128.8128@exemplo.com,164.365.632-36,(11) 94365632
ID08129,Olivia Gomes 8129,olivia.gomes.8129.8129@exemplo.com,164.373.551-73,(11) 94373551
ID08130,Helena Costa 8130,helena.costa.8130.8130@exemplo.com,N/A,N/A
ID08131,Yasmin Santos 8131,yasmin.santos.8131.8131@exemplo.com,164.389.389-47,(11) 94389389
ID08132,Isabela Pereira 8132,isabela.pereira.8132.8132@exemplo.com,164.397.308-84,(11) 94397308
ID08133,Isabela Silva 8133,isabela.silva.8133.8133@exemplo.com,164.405.227-21,(11) 94405227
ID08134,Bruno Nascimento 8134,bruno.nascimento.8134.8134@exemplo.com,164.413.146-58,(11) 94413146
ID08135,Elisa Costa 8135,elisa.costa.8135.8135@exemplo.com,164.421.065-95,(11) 94421065
ID08136,Paulo Almeida 8136,paulo.almeida.8136.8136@exemplo.com,164.428.984-32,(11) 94428984
ID08137,Victor Nascimento 8137,victor.nascimento.8137.8137@exemplo.com,164.436.903-69,(11) 94436903
ID08138,Otavio Santos 8138,otavio.santos.8138.8138@exemplo.com,164.444.822-06,(11) 94444822
ID08139,Juliana Pereira 8139,juliana.pereira.8139.8139@exemplo.com,164.452.741-43,(11) 94452741
ID08140,Eduardo Araujo 8140,eduardo.araujo.8140.8140@exemplo.com,N/A,N/A
ID08141,Joao Almeida 8141,joao.almeida.8141.8141@exemplo.com,N/A,N/A
ID08142,Larissa Teixeira 8142,larissa.teixeira.8142.8142@exemplo.com,164.476.498-54,(11) 94476498
ID08143,Paulo Moura 8143,paulo.moura.8143.8143@exemplo.com,164.484.417-91,(11) 94484417
ID08144,Marcelo Nascimento 8144,marcelo.nascimento.8144.8144@exemplo.com,N/A,N/A
ID08145,Giovana Barbosa 8145,giovana.barbosa.8145.8145@exemplo.com,164.500.255-65,(11) 94500255
ID08146,Camila Fernandes 8146,camila.fernandes.8146.8146@exemplo.com,164.508.174-02,(11) 94508174
ID08147,Bruno Martins 8147,bruno.martins.8147.8147@exemplo.com,164.516.093-39,(11) 94516093
ID08148,Nicolas Ribeiro 8148,nicolas.ribeiro.8148.8148@exemplo.com,164.524.012-76,(11) 94524012
ID08149,Helena Costa 8149,helena.costa.8149.8149@exemplo.com,N/A,N/A
ID08150,Beatriz Pereira 8150,beatriz.pereira.8150.8150@exemplo.com,N/A,N/A
ID08151,Olivia Moura 8151,olivia.moura.8151.8151@exemplo.com,164.547.769-87,(11) 94547769
ID08152,Otavio Dias 8152,otavio.dias.8152.8152@exemplo.com,164.555.688-24,(11) 94555688
ID08153,Isabela Nascimento 8153,isabela.nascimento.8153.8153@exemplo.com,N/A,N/A
ID08154,Thiago Gomes 8154,thiago.gomes.8154.8154@exemplo.com,164.571.526-98,(11) 94571526
ID08155,Rafael Barbosa 8155,rafael.barbosa.8155.8155@exemplo.com,164.579.445-35,(11) 94579445
ID08156,Rodrigo Souza 8156,rodrigo.souza.8156.8156@exemplo.com,N/A,N/A
ID08157,Bruno Pereira 8157,bruno.pereira.8157.8157@exemplo.com,164.595.283-09,(11) 94595283
ID08158,Elisa Martins 8158,elisa.martins.8158.8158@exemplo.com,N/A,N/A
ID08159,Rafael Silva 8159,rafael.silva.8159.8159@exemplo.com,164.611.121-83,(11) 94611121
ID08160,Rodrigo Rodrigues 8160,rodrigo.rodrigues.8160.8160@exemplo.com,164.619.040-20,(11) 94619040
ID08161,Joao Pereira 8161,joao.pereira.8161.8161@exemplo.com,164.626.959-57,(11) 94626959
ID08162,Joao Pereira 8162,joao.pereira.8162.8162@exemplo.com,164.634.878-94,(11) 94634878
ID08163,Eduardo Almeida 8163,eduardo.almeida.8163.8163@exemplo.com,164.642.797-31,(11) 94642797
ID08164,Victor Araujo 8164,victor.araujo.8164.8164@exemplo.com,164.650.716-68,(11) 94650716
ID08165,Juliana Santos 8165,juliana.santos.8165.8165@exemplo.com,N/A,N/A
ID08166,Victor Fernandes 8166,victor.fernandes.8166.8166@exemplo.com,N/A,N/A
ID08167,Vinicius Dias 8167,vinicius.dias.8167.8167@exemplo.com,164.674.473-79,(11) 94674473
ID08168,Juliana Rodrigues 8168,juliana.rodrigues.8168.8168@exemplo.com,164.682.392-16,(11) 94682392
ID08169,Gabriel Dias 8169,gabriel.dias.8169.8169@exemplo.com,164.690.311-53,(11) 94690311
ID08170,Nicolas Teixeira 8170,nicolas.teixeira.8170.8170@exemplo.com,164.698.230-90,(11) 94698230
ID08171,Sara Oliveira 8171,sara.oliveira.8171.8171@exemplo.com,164.706.149-27,(11) 94706149
ID08172,Mariana Araujo 8172,mariana.araujo.8172.8172@exemplo.com,164.714.068-64,(11) 94714068
ID08173,Otavio Pereira 8173,otavio.pereira.8173.8173@exemplo.com,164.721.987-01,(11) 94721987
ID08174,Joao Souza 8174,joao.souza.8174.8174@exemplo.com,164.729.906-38,(11) 94729906
ID08175,Marcelo Pereira 8175,marcelo.pereira.8175.8175@exemplo.com,164.737.825-75,(11) 94737825
ID08176,Helena Nascimento 8176,helena.nascimento.8176.8176@exemplo.com,N/A,N/A
ID08177,Victor Fernandes 8177,victor.fernandes.8177.8177@exemplo.com,164.753.663-49,(11) 94753663
ID08178,Yasmin Gomes 8178,yasmin.gomes.8178.8178@exemplo.com,164.761.582-86,(11) 94761582
ID08179,Juliana Araujo 8179,juliana.araujo.8179.8179@exemplo.com,N/A,N/A
ID08180,Gabriel Nascimento 8180,gabriel.nascimento.8180.8180@exemplo.com,N/A,N/A
ID08181,Larissa Barbosa 8181,larissa.barbosa.8181.8181@exemplo.com,N/A,N/A
ID08182,Giovana Pereira 8182,giovana.pereira.8182.8182@exemplo.com,N/A,N/A
ID08183,Henrique Ribeiro 8183,henrique.ribeiro.8183.8183@exemplo.com,164.801.177-71,(11) 94801177
ID08184,Olivia Souza 8184,olivia.souza.8184.8184@exemplo.com,164.809.096-08,(11) 94809096
ID08185,Carlos Pereira 8185,carlos.pereira.8185.8185@exemplo.com,164.817.015-45,(11) 94817015
ID08186,Eduardo Rodrigues 8186,eduardo.rodrigues.8186.8186@exemplo.com,N/A,N/A
ID08187,Henrique Fernandes 8187,henrique.fernandes.8187.8187@exemplo.com,N/A,N/A
ID08188,Valentina Lima 8188,valentina.lima.8188.8188@exemplo.com,N/A,N/A
ID08189,Camila Teixeira 8189,camila.teixeira.8189.8189@exemplo.com,164.848.691-93,(11) 94848691
ID08190,Carlos Souza 8190,carlos.souza.8190.8190@exemplo.com,164.856.610-30,(11) 94856610
ID08191,Sofia Ribeiro 8191,sofia.ribeiro.8191.8191@exemplo.com,164.864.529-67,(11) 94864529
ID08192,Marcelo Fernandes 8192,marcelo.fernandes.8192.8192@exemplo.com,164.872.448-04,(11) 94872448
ID08193,Eduardo Nascimento 8193,eduardo.nascimento.8193.8193@exemplo.com,N/A,N/A
ID08194,Daniela Araujo 8194,daniela.araujo.8194.8194@exemplo.com,164.888.286-78,(11) 94888286
ID08195,Felipe Almeida 8195,felipe.almeida.8195.8195@exemplo.com,164.896.205-15,(11) 94896205
ID08196,Henrique Fernandes 8196,henrique.fernandes.8196.8196@exemplo.com,164.904.124-52,(11) 94904124
ID08197,Carlos Almeida 8197,carlos.almeida.8197.8197@exemplo.com,164.912.043-89,(11) 94912043
ID08198,Eduardo Rodrigues 8198,eduardo.rodrigues.8198.8198@exemplo.com,164.919.962-26,(11) 94919962
ID08199,Joao Martins 8199,joao.martins.8199.8199@exemplo.com,164.927.881-63,(11) 94927881
ID08200,Henrique Ribeiro 8200,henrique.ribeiro.8200.8200@exemplo.com,164.935.800-00,(11) 94935800
ID08201,Carlos Souza 8201,carlos.souza.8201.8201@exemplo.com,164.943.719-37,(11) 94943719
ID08202,Yasmin Moura 8202,yasmin.moura.8202.8202@exemplo.com,164.951.638-74,(11) 94951638
ID08203,Paulo Barbosa 8203,paulo.barbosa.8203.8203@exemplo.com,164.959.557-11,(11) 94959557
ID08204,Marcelo Gomes 8204,marcelo.gomes.8204.8204@exemplo.com,N/A,N/A
ID08205,Valentina Araujo 8205,valentina.araujo.8205.8205@exemplo.com,164.975.395-85,(11) 94975395
ID08206,Beatriz Nascimento 8206,beatriz.nascimento.8206.8206@exemplo.com,164.983.314-22,(11) 94983314
ID08207,Paulo Carvalho 8207,paulo.carvalho.8207.8207@exemplo.com,164.991.233-59,(11) 94991233
ID08208,Nicolas Teixeira 8208,nicolas.teixeira.8208.8208@exemplo.com,164.999.152-96,(11) 94999152
ID08209,Sara Araujo 8209,sara.araujo.8209.8209@exemplo.com,N/A,N/A
ID08210,Sofia Araujo 8210,sofia.araujo.8210.8210@exemplo.com,N/A,N/A
ID08211,Elisa Barbosa 8211,elisa.barbosa.8211.8211@exemplo.com,N/A,N/A
ID08212,Lucas Ribeiro 8212,lucas.ribeiro.8212.8212@exemplo.com,N/A,N/A
ID08213,Patricia Santos 8213,patricia.santos.8213.8213@exemplo.com,165.038.747-81,(11) 95038747
ID08214,Valentina Santos 8214,valentina.santos.8214.8214@exemplo.com,165.046.666-18,(11) 95046666
ID08215,Olivia Lima 8215,olivia.lima.8215.8215@exemplo.com,N/A,N/A
ID08216,Daniela Rodrigues 8216,daniela.rodrigues.8216.8216@exemplo.com,N/A,N/A
ID08217,Olivia Martins 8217,olivia.martins.8217.8217@exemplo.com,165.070.423-29,(11) 95070423
ID08218,Vinicius Gomes 8218,vinicius.gomes.8218.8218@exemplo.com,165.078.342-66,(11) 95078342
ID08219,Valentina Rodrigues 8219,valentina.rodrigues.8219.8219@exemplo.com,N/A,N/A
ID08220,Olivia Pereira 8220,olivia.pereira.8220.8220@exemplo.com,165.094.180-40,(11) 95094180
ID08221,Valentina Teixeira 8221,valentina.teixeira.8221.8221@exemplo.com,165.102.099-77,(11) 95102099
ID08222,Eduardo Moura 8222,eduardo.moura.8222.8222@exemplo.com,165.110.018-14,(11) 95110018
ID08223,Natalia Pereira 8223,natalia.pereira.8223.8223@exemplo.com,N/A,N/A
ID08224,Rodrigo Carvalho 8224,rodrigo.carvalho.8224.8224@exemplo.com,N/A,N/A
ID08225,Joao Araujo 8225,joao.araujo.8225.8225@exemplo.com,165.133.775-25,(11) 95133775
ID08226,Henrique Pereira 8226,henrique.pereira.8226.8226@exemplo.com,165.141.694-62,(11) 95141694
ID08227,Valentina Pereira 8227,valentina.pereira.8227.8227@exemplo.com,165.149.613-99,(11) 95149613
ID08228,Giovana Ribeiro 8228,giovana.ribeiro.8228.8228@exemplo.com,165.157.532-36,(11) 95157532
ID08229,Juliana Lima 8229,juliana.lima.8229.8229@exemplo.com,165.165.451-73,(11) 95165451
ID08230,Vinicius Barbosa 8230,vinicius.barbosa.8230.8230@exemplo.com,165.173.370-10,(11) 95173370
ID08231,Isabela Barbosa 8231,isabela.barbosa.8231.8231@exemplo.com,165.181.289-47,(11) 95181289
ID08232,Lucas Carvalho 8232,lucas.carvalho.8232.8232@exemplo.com,165.189.208-84,(11) 95189208
ID08233,Yasmin Oliveira 8233,yasmin.oliveira.8233.8233@exemplo.com,N/A,N/A
ID08234,Sofia Souza 8234,sofia.souza.8234.8234@exemplo.com,165.205.046-58,(11) 95205046
ID08235,Eduardo Nascimento 8235,eduardo.nascimento.8235.8235@exemplo.com,N/A,N/A
ID08236,Beatriz Costa 8236,beatriz.costa.8236.8236@exemplo.com,N/A,N/A
ID08237,Lucas Santos 8237,lucas.santos.8237.8237@exemplo.com,165.228.803-69,(11) 95228803
ID08238,Patricia Teixeira 8238,patricia.teixeira.8238.8238@exemplo.com,165.236.722-06,(11) 95236722
ID08239,Natalia Nascimento 8239,natalia.nascimento.8239.8239@exemplo.com,165.244.641-43,(11) 95244641
ID08240,Gabriel Costa 8240,gabriel.costa.8240.8240@exemplo.com,165.252.560-80,(11) 95252560
ID08241,Lucas Araujo 8241,lucas.araujo.8241.8241@exemplo.com,165.260.479-17,(11) 95260479
ID08242,Thiago Martins 8242,thiago.martins.8242.8242@exemplo.com,N/A,N/A
ID08243,Rodrigo Dias 8243,rodrigo.dias.8243.8243@exemplo.com,165.276.317-91,(11) 95276317
ID08244,Sofia Fernandes 8244,sofia.fernandes.8244.8244@exemplo.com,N/A,N/A
ID08245,Sara Moura 8245,sara.moura.8245.8245@exemplo.com,165.292.155-65,(11) 95292155
ID08246,Valentina Santos 8246,valentina.santos.8246.8246@exemplo.com,N/A,N/A
ID08247,Helena Moura 8247,helena.moura.8247.8247@exemplo.com,N/A,N/A
ID08248,Daniela Nascimento 8248,daniela.nascimento.8248.8248@exemplo.com,165.315.912-76,(11) 95315912
ID08249,Sofia Fernandes 8249,sofia.fernandes.8249.8249@exemplo.com,165.323.831-13,(11) 95323831
ID08250,Paulo Costa 8250,paulo.costa.8250.8250@exemplo.com,165.331.750-50,(11) 95331750
ID08251,Fernanda Araujo 8251,fernanda.araujo.8251.8251@exemplo.com,165.339.669-87,(11) 95339669
ID08252,Ana Oliveira 8252,ana.oliveira.8252.8252@exemplo.com,165.347.588-24,(11) 95347588
ID08253,Rodrigo Barbosa 8253,rodrigo.barbosa.8253.8253@exemplo.com,165.355.507-61,(11) 95355507
ID08254,Gabriel Nascimento 8254,gabriel.nascimento.8254.8254@exemplo.com,N/A,N/A
ID08255,Nicolas Silva 8255,nicolas.silva.8255.8255@exemplo.com,165.371.345-35,(11) 95371345
ID08256,Rafael Ribeiro 8256,rafael.ribeiro.8256.8256@exemplo.com,165.379.264-72,(11) 95379264
ID08257,Ana Pereira 8257,ana.pereira.8257.8257@exemplo.com,165.387.183-09,(11) 95387183
ID08258,Lucas Rodrigues 8258,lucas.rodrigues.8258.8258@exemplo.com,N/A,N/A
ID08259,Helena Nascimento 8259,helena.nascimento.8259.8259@exemplo.com,165.403.021-83,(11) 95403021
ID08260,Larissa Silva 8260,larissa.silva.8260.8260@exemplo.com,N/A,N/A
ID08261,Victor Carvalho 8261,victor.carvalho.8261.8261@exemplo.com,N/A,N/A
ID08262,Bruno Pereira 8262,bruno.pereira.8262.8262@exemplo.com,N/A,N/A
ID08263,Larissa Dias 8263,larissa.dias.8263.8263@exemplo.com,165.434.697-31,(11) 95434697
ID08264,Victor Gomes 8264,victor.gomes.8264.8264@exemplo.com,N/A,N/A
ID08265,Sara Oliveira 8265,sara.oliveira.8265.8265@exemplo.com,165.450.535-05,(11) 95450535
ID08266,Yasmin Araujo 8266,yasmin.araujo.8266.8266@exemplo.com,165.458.454-42,(11) 95458454
ID08267,Otavio Costa 8267,otavio.costa.8267.8267@exemplo.com,165.466.373-79,(11) 95466373
ID08268,Carlos Pereira 8268,carlos.pereira.8268.8268@exemplo.com,165.474.292-16,(11) 95474292
ID08269,Thiago Gomes 8269,thiago.gomes.8269.8269@exemplo.com,165.482.211-53,(11) 95482211
ID08270,Marcelo Fernandes 8270,marcelo.fernandes.8270.8270@exemplo.com,165.490.130-90,(11) 95490130
ID08271,Gabriel Oliveira 8271,gabriel.oliveira.8271.8271@exemplo.com,165.498.049-27,(11) 95498049
ID08272,Yasmin Barbosa 8272,yasmin.barbosa.8272.8272@exemplo.com,N/A,N/A
ID08273,Felipe Lima 8273,felipe.lima.8273.8273@exemplo.com,165.513.887-01,(11) 95513887
ID08274,Natalia Gomes 8274,natalia.gomes.8274.8274@exemplo.com,165.521.806-38,(11) 95521806
ID08275,Isabela Carvalho 8275,isabela.carvalho.8275.8275@exemplo.com,N/A,N/A
ID08276,Natalia Teixeira 8276,natalia.teixeira.8276.8276@exemplo.com,N/A,N/A
ID08277,Yasmin Santos 8277,yasmin.santos.8277.8277@exemplo.com,N/A,N/A
ID08278,Juliana Martins 8278,juliana.martins.8278.8278@exemplo.com,165.553.482-86,(11) 95553482
ID08279,Victor Lima 8279,victor.lima.8279.8279@exemplo.com,N/A,N/A
ID08280,Felipe Carvalho 8280,felipe.carvalho.8280.8280@exemplo.com,N/A,N/A
ID08281,Larissa Teixeira 8281,larissa.teixeira.8281.8281@exemplo.com,165.577.239-97,(11) 95577239
ID08282,Bruno Lima 8282,bruno.lima.8282.8282@exemplo.com,165.585.158-34,(11) 95585158
ID08283,Valentina Pereira 8283,valentina.pereira.8283.8283@exemplo.com,N/A,N/A
ID08284,Sofia Oliveira 8284,sofia.oliveira.8284.8284@exemplo.com,N/A,N/A
ID08285,Paulo Silva 8285,paulo.silva.8285.8285@exemplo.com,165.608.915-45,(11) 95608915
ID08286,Otavio Silva 8286,otavio.silva.8286.8286@exemplo.com,N/A,N/A
ID08287,Nicolas Pereira 8287,nicolas.pereira.8287.8287@exemplo.com,165.624.753-19,(11) 95624753
ID08288,Paulo Souza 8288,paulo.souza.8288.8288@exemplo.com,165.632.672-56,(11) 95632672
ID08289,Joao Moura 8289,joao.moura.8289.8289@exemplo.com,N/A,N/A
ID08290,Valentina Ribeiro 8290,valentina.ribeiro.8290.8290@exemplo.com,N/A,N/A
ID08291,Juliana Fernandes 8291,juliana.fernandes.8291.8291@exemplo.com,N/A,N/A
ID08292,Bruno Martins 8292,bruno.martins.8292.8292@exemplo.com,165.664.348-04,(11) 95664348
ID08293,Beatriz Almeida 8293,beatriz.almeida.8293.8293@exemplo.com,165.672.267-41,(11) 95672267
ID08294,Giovana Rodrigues 8294,giovana.rodrigues.8294.8294@exemplo.com,165.680.186-78,(11) 95680186
ID08295,Igor Nascimento 8295,igor.nascimento.8295.8295@exemplo.com,165.688.105-15,(11) 95688105
ID08296,Carlos Costa 8296,carlos.costa.8296.8296@exemplo.com,165.696.024-52,(11) 95696024
ID08297,Igor Souza 8297,igor.souza.8297.8297@exemplo.com,N/A,N/A
ID08298,Rafael Martins 8298,rafael.martins.8298.8298@exemplo.com,165.711.862-26,(11) 95711862
ID08299,Beatriz Ribeiro 8299,beatriz.ribeiro.8299.8299@exemplo.com,165.719.781-63,(11) 95719781
ID08300,Thiago Nascimento 8300,thiago.nascimento.8300.8300@exemplo.com,165.727.700-00,(11) 95727700
ID08301,Olivia Lima 8301,olivia.lima.8301.8301@exemplo.com,165.735.619-37,(11) 95735619
ID08302,Bruno Santos 8302,bruno.santos.8302.8302@exemplo.com,N/A,N/A
ID08303,Bruno Fernandes 8303,bruno.fernandes.8303.8303@exemplo.com,165.751.457-11,(11) 95751457
ID08304,Joao Almeida 8304,joao.almeida.8304.8304@exemplo.com,N/A,N/A
ID08305,Victor Fernandes 8305,victor.fernandes.8305.8305@exemplo.com,165.767.295-85,(11) 95767295
ID08306,Bruno Araujo 8306,bruno.araujo.8306.8306@exemplo.com,N/A,N/A
ID08307,Thiago Dias 8307,thiago.dias.8307.8307@exemplo.com,165.783.133-59,(11) 95783133
ID08308,Beatriz Silva 8308,beatriz.silva.8308.8308@exemplo.com,N/A,N/A
ID08309,Henrique Oliveira 8309,henrique.oliveira.8309.8309@exemplo.com,165.798.971-33,(11) 95798971
ID08310,Daniela Dias 8310,daniela.dias.8310.8310@exemplo.com,N/A,N/A
ID08311,Isabela Ribeiro 8311,isabela.ribeiro.8311.8311@exemplo.com,165.814.809-07,(11) 95814809
ID08312,Mariana Pereira 8312,mariana.pereira.8312.8312@exemplo.com,N/A,N/A
ID08313,Sara Costa 8313,sara.costa.8313.8313@exemplo.com,N/A,N/A
ID08314,Nicolas Pereira 8314,nicolas.pereira.8314.8314@exemplo.com,165.838.566-18,(11) 95838566
ID08315,Fernanda Rodrigues 8315,fernanda.rodrigues.8315.8315@exemplo.com,N/A,N/A
ID08316,Natalia Teixeira 8316,natalia.teixeira.8316.8316@exemplo.com,165.854.404-92,(11) 95854404
ID08317,Sara Moura 8317,sara.moura.8317.8317@exemplo.com,N/A,N/A
ID08318,Olivia Souza 8318,olivia.souza.8318.8318@exemplo.com,N/A,N/A
ID08319,Felipe Nascimento 8319,felipe.nascimento.8319.8319@exemplo.com,N/A,N/A
ID08320,Elisa Moura 8320,elisa.moura.8320.8320@exemplo.com,165.886.080-40,(11) 95886080
ID08321,Felipe Carvalho 8321,felipe.carvalho.8321.8321@exemplo.com,165.893.999-77,(11) 95893999
ID08322,Valentina Martins 8322,valentina.martins.8322.8322@exemplo.com,165.901.918-14,(11) 95901918
ID08323,Juliana Silva 8323,juliana.silva.8323.8323@exemplo.com,N/A,N/A
ID08324,Marcelo Nascimento 8324,marcelo.nascimento.8324.8324@exemplo.com,N/A,N/A
ID08325,Larissa Silva 8325,larissa.silva.8325.8325@exemplo.com,165.925.675-25,(11) 95925675
ID08326,Victor Nascimento 8326,victor.nascimento.8326.8326@exemplo.com,165.933.594-62,(11) 95933594
ID08327,Giovana Silva 8327,giovana.silva.8327.8327@exemplo.com,N/A,N/A
ID08328,Igor Teixeira 8328,igor.teixeira.8328.8328@exemplo.com,165.949.432-36,(11) 95949432
ID08329,Sara Souza 8329,sara.souza.8329.8329@exemplo.com,N/A,N/A
ID08330,Olivia Moura 8330,olivia.moura.8330.8330@exemplo.com,165.965.270-10,(11) 95965270
ID08331,Mariana Costa 8331,mariana.costa.8331.8331@exemplo.com,165.973.189-47,(11) 95973189
ID08332,Sara Santos 8332,sara.santos.8332.8332@exemplo.com,165.981.108-84,(11) 95981108
ID08333,Giovana Dias 8333,giovana.dias.8333.8333@exemplo.com,165.989.027-21,(11) 95989027
ID08334,Elisa Moura 8334,elisa.moura.8334.8334@exemplo.com,N/A,N/A
ID08335,Patricia Lima 8335,patricia.lima.8335.8335@exemplo.com,166.004.865-95,(11) 96004865
ID08336,Nicolas Silva 8336,nicolas.silva.8336.8336@exemplo.com,166.012.784-32,(11) 96012784
ID08337,Giovana Pereira 8337,giovana.pereira.8337.8337@exemplo.com,166.020.703-69,(11) 96020703
ID08338,Rodrigo Almeida 8338,rodrigo.almeida.8338.8338@exemplo.com,166.028.622-06,(11) 96028622
ID08339,Sara Moura 8339,sara.moura.8339.8339@exemplo.com,N/A,N/A
ID08340,Larissa Araujo 8340,larissa.araujo.8340.8340@exemplo.com,166.044.460-80,(11) 96044460
ID08341,Vinicius Gomes 8341,vinicius.gomes.8341.8341@exemplo.com,166.052.379-17,(11) 96052379
ID08342,Nicolas Almeida 8342,nicolas.almeida.8342.8342@exemplo.com,166.060.298-54,(11) 96060298
ID08343,Paulo Araujo 8343,paulo.araujo.8343.8343@exemplo.com,166.068.217-91,(11) 96068217
ID08344,Diego Barbosa 8344,diego.barbosa.8344.8344@exemplo.com,166.076.136-28,(11) 96076136
ID08345,Sofia Martins 8345,sofia.martins.8345.8345@exemplo.com,166.084.055-65,(11) 96084055
ID08346,Valentina Lima 8346,valentina.lima.8346.8346@exemplo.com,N/A,N/A
ID08347,Giovana Oliveira 8347,giovana.oliveira.8347.8347@exemplo.com,166.099.893-39,(11) 96099893
ID08348,Camila Lima 8348,camila.lima.8348.8348@exemplo.com,166.107.812-76,(11) 96107812
ID08349,Felipe Pereira 8349,felipe.pereira.8349.8349@exemplo.com,N/A,N/A
ID08350,Carlos Teixeira 8350,carlos.teixeira.8350.8350@exemplo.com,N/A,N/A
ID08351,Ana Costa 8351,ana.costa.8351.8351@exemplo.com,166.131.569-87,(11) 96131569
ID08352,Ana Gomes 8352,ana.gomes.8352.8352@exemplo.com,166.139.488-24,(11) 96139488
ID08353,Rafael Dias 8353,rafael.dias.8353.8353@exemplo.com,166.147.407-61,(11) 96147407
ID08354,Felipe Teixeira 8354,felipe.teixeira.8354.8354@exemplo.com,N/A,N/A
ID08355,Sara Teixeira 8355,sara.teixeira.8355.8355@exemplo.com,N/A,N/A
ID08356,Marcelo Gomes 8356,marcelo.gomes.8356.8356@exemplo.com,166.171.164-72,(11) 96171164
ID08357,Olivia Souza 8357,olivia.souza.8357.8357@exemplo.com,166.179.083-09,(11) 96179083
ID08358,Igor Martins 8358,igor.martins.8358.8358@exemplo.com,166.187.002-46,(11) 96187002
ID08359,Mariana Lima 8359,mariana.lima.8359.8359@exemplo.com,N/A,N/A
ID08360,Vinicius Silva 8360,vinicius.silva.8360.8360@exemplo.com,N/A,N/A
ID08361,Isabela Santos 8361,isabela.santos.8361.8361@exemplo.com,166.210.759-57,(11) 96210759
ID08362,Rafael Dias 8362,rafael.dias.8362.8362@exemplo.com,166.218.678-94,(11) 96218678
ID08363,Sofia Nascimento 8363,sofia.nascimento.8363.8363@exemplo.com,166.226.597-31,(11) 96226597
ID08364,Elisa Moura 8364,elisa.moura.8364.8364@exemplo.com,166.234.516-68,(11) 96234516
ID08365,Victor Dias 8365,victor.dias.8365.8365@exemplo.com,N/A,N/A
ID08366,Beatriz Oliveira 8366,beatriz.oliveira.8366.8366@exemplo.com,166.250.354-42,(11) 96250354
ID08367,Rodrigo Fernandes 8367,rodrigo.fernandes.8367.8367@exemplo.com,N/A,N/A
ID08368,Sofia Martins 8368,sofia.martins.8368.8368@exemplo.com,N/A,N/A
ID08369,Beatriz Martins 8369,beatriz.martins.8369.8369@exemplo.com,166.274.111-53,(11) 96274111
ID08370,Olivia Teixeira 8370,olivia.teixeira.8370.8370@exemplo.com,166.282.030-90,(11) 96282030
ID08371,Mariana Costa 8371,mariana.costa.8371.8371@exemplo.com,166.289.949-27,(11) 96289949
ID08372,Otavio Dias 8372,otavio.dias.8372.8372@exemplo.com,166.297.868-64,(11) 96297868
ID08373,Helena Silva 8373,helena.silva.8373.8373@exemplo.com,166.305.787-01,(11) 96305787
ID08374,Beatriz Oliveira 8374,beatriz.oliveira.8374.8374@exemplo.com,166.313.706-38,(11) 96313706
ID08375,Helena Gomes 8375,helena.gomes.8375.8375@exemplo.com,166.321.625-75,(11) 96321625
ID08376,Otavio Moura 8376,otavio.moura.8376.8376@exemplo.com,166.329.544-12,(11) 96329544
ID08377,Victor Ribeiro 8377,victor.ribeiro.8377.8377@exemplo.com,166.337.463-49,(11) 96337463
ID08378,Larissa Ribeiro 8378,larissa.ribeiro.8378.8378@exemplo.com,N/A,N/A
ID08379,Thiago Nascimento 8379,thiago.nascimento.8379.8379@exemplo.com,166.353.301-23,(11) 96353301
ID08380,Otavio Costa 8380,otavio.costa.8380.8380@exemplo.com,N/A,N/A
ID08381,Sara Araujo 8381,sara.araujo.8381.8381@exemplo.com,N/A,N/A
ID08382,Marcelo Gomes 8382,marcelo.gomes.8382.8382@exemplo.com,166.377.058-34,(11) 96377058
ID08383,Diego Lima 8383,diego.lima.8383.8383@exemplo.com,166.384.977-71,(11) 96384977
ID08384,Rafael Nascimento 8384,rafael.nascimento.8384.8384@exemplo.com,166.392.896-08,(11) 96392896
ID08385,Larissa Dias 8385,larissa.dias.8385.8385@exemplo.com,N/A,N/A
ID08386,Gabriel Lima 8386,gabriel.lima.8386.8386@exemplo.com,166.408.734-82,(11) 96408734
ID08387,Elisa Dias 8387,elisa.dias.8387.8387@exemplo.com,166.416.653-19,(11) 96416653
ID08388,Eduardo Pereira 8388,eduardo.pereira.8388.8388@exemplo.com,166.424.572-56,(11) 96424572
ID08389,Juliana Dias 8389,juliana.dias.8389.8389@exemplo.com,166.432.491-93,(11) 96432491
ID08390,Nicolas Dias 8390,nicolas.dias.8390.8390@exemplo.com,N/A,N/A
ID08391,Sofia Nascimento 8391,sofia.nascimento.8391.8391@exemplo.com,N/A,N/A
ID08392,Juliana Barbosa 8392,juliana.barbosa.8392.8392@exemplo.com,N/A,N/A
ID08393,Daniela Fernandes 8393,daniela.fernandes.8393.8393@exemplo.com,N/A,N/A
ID08394,Mariana Almeida 8394,mariana.almeida.8394.8394@exemplo.com,166.472.086-78,(11) 96472086
ID08395,Olivia Araujo 8395,olivia.araujo.8395.8395@exemplo.com,166.480.005-15,(11) 96480005
ID08396,Rafael Pereira 8396,rafael.pereira.8396.8396@exemplo.com,166.487.924-52,(11) 96487924
ID08397,Natalia Oliveira 8397,natalia.oliveira.8397.8397@exemplo.com,166.495.843-89,(11) 96495843
ID08398,Henrique Almeida 8398,henrique.almeida.8398.8398@exemplo.com,166.503.762-26,(11) 96503762
ID08399,Rafael Lima 8399,rafael.lima.8399.8399@exemplo.com,N/A,N/A
ID08400,Nicolas Moura 8400,nicolas.moura.8400.8400@exemplo.com,166.519.600-00,(11) 96519600
ID08401,Eduardo Ribeiro 8401,eduardo.ribeiro.8401.8401@exemplo.com,166.527.519-37,(11) 96527519
ID08402,Elisa Almeida 8402,elisa.almeida.8402.8402@exemplo.com,166.535.438-74,(11) 96535438
ID08403,Eduardo Ribeiro 8403,eduardo.ribeiro.8403.8403@exemplo.com,166.543.357-11,(11) 96543357
ID08404,Natalia Silva 8404,natalia.silva.8404.8404@exemplo.com,N/A,N/A
ID08405,Joao Costa 8405,joao.costa.8405.8405@exemplo.com,166.559.195-85,(11) 96559195
ID08406,Olivia Ribeiro 8406,olivia.ribeiro.8406.8406@exemplo.com,N/A,N/A
ID08407,Thiago Rodrigues 8407,thiago.rodrigues.8407.8407@exemplo.com,166.575.033-59,(11) 96575033
ID08408,Natalia Pereira 8408,natalia.pereira.8408.8408@exemplo.com,166.582.952-96,(11) 96582952
ID08409,Eduardo Ribeiro 8409,eduardo.ribeiro.8409.8409@exemplo.com,N/A,N/A
ID08410,Joao Silva 8410,joao.silva.8410.8410@exemplo.com,166.598.790-70,(11) 96598790
ID08411,Joao Pereira 8411,joao.pereira.8411.8411@exemplo.com,166.606.709-07,(11) 96606709
ID08412,Eduardo Dias 8412,eduardo.dias.8412.8412@exemplo.com,N/A,N/A
ID08413,Giovana Fernandes 8413,giovana.fernandes.8413.8413@exemplo.com,N/A,N/A
ID08414,Helena Rodrigues 8414,helena.rodrigues.8414.8414@exemplo.com,166.630.466-18,(11) 96630466
ID08415,Sofia Moura 8415,sofia.moura.8415.8415@exemplo.com,166.638.385-55,(11) 96638385
ID08416,Igor Moura 8416,igor.moura.8416.8416@exemplo.com,166.646.304-92,(11) 96646304
ID08417,Victor Almeida 8417,victor.almeida.8417.8417@exemplo.com,N/A,N/A
ID08418,Lucas Araujo 8418,lucas.araujo.8418.8418@exemplo.com,166.662.142-66,(11) 96662142
ID08419,Carlos Moura 8419,carlos.moura.8419.8419@exemplo.com,166.670.061-03,(11) 96670061
ID08420,Daniela Santos 8420,daniela.santos.8420.8420@exemplo.com,166.677.980-40,(11) 96677980
ID08421,Valentina Silva 8421,valentina.silva.8421.8421@exemplo.com,166.685.899-77,(11) 96685899
ID08422,Felipe Martins 8422,felipe.martins.8422.8422@exemplo.com,166.693.818-14,(11) 96693818
ID08423,Diego Moura 8423,diego.moura.8423.8423@exemplo.com,N/A,N/A
ID08424,Eduardo Almeida 8424,eduardo.almeida.8424.8424@exemplo.com,166.709.656-88,(11) 96709656
ID08425,Ana Fernandes 8425,ana.fernandes.8425.8425@exemplo.com,166.717.575-25,(11) 96717575
ID08426,Helena Moura 8426,helena.moura.8426.8426@exemplo.com,166.725.494-62,(11) 96725494
ID08427,Gabriel Almeida 8427,gabriel.almeida.8427.8427@exemplo.com,166.733.413-99,(11) 96733413
ID08428,Fernanda Barbosa 8428,fernanda.barbosa.8428.8428@exemplo.com,N/A,N/A
ID08429,Eduardo Santos 8429,eduardo.santos.8429.8429@exemplo.com,166.749.251-73,(11) 96749251
ID08430,Helena Gomes 8430,helena.gomes.8430.8430@exemplo.com,166.757.170-10,(11) 96757170
ID08431,Fernanda Rodrigues 8431,fernanda.rodrigues.8431.8431@exemplo.com,166.765.089-47,(11) 96765089
ID08432,Vinicius Gomes 8432,vinicius.gomes.8432.8432@exemplo.com,N/A,N/A
ID08433,Sara Pereira 8433,sara.pereira.8433.8433@exemplo.com,166.780.927-21,(11) 96780927
ID08434,Rodrigo Araujo 8434,rodrigo.araujo.8434.8434@exemplo.com,166.788.846-58,(11) 96788846
ID08435,Rodrigo Souza 8435,rodrigo.souza.8435.8435@exemplo.com,166.796.765-95,(11) 96796765
ID08436,Rafael Oliveira 8436,rafael.oliveira.8436.8436@exemplo.com,166.804.684-32,(11) 96804684
ID08437,Rafael Teixeira 8437,rafael.teixeira.8437.8437@exemplo.com,166.812.603-69,(11) 96812603
ID08438,Carlos Dias 8438,carlos.dias.8438.8438@exemplo.com,166.820.522-06,(11) 96820522
ID08439,Igor Barbosa 8439,igor.barbosa.8439.8439@exemplo.com,166.828.441-43,(11) 96828441
ID08440,Joao Martins 8440,joao.martins.8440.8440@exemplo.com,N/A,N/A
ID08441,Paulo Costa 8441,paulo.costa.8441.8441@exemplo.com,N/A,N/A
ID08442,Thiago Gomes 8442,thiago.gomes.8442.8442@exemplo.com,N/A,N/A
ID08443,Bruno Martins 8443,bruno.martins.8443.8443@exemplo.com,166.860.117-91,(11) 96860117
ID08444,Valentina Nascimento 8444,valentina.nascimento.8444.8444@exemplo.com,166.868.036-28,(11) 96868036
ID08445,Beatriz Almeida 8445,beatriz.almeida.8445.8445@exemplo.com,N/A,N/A
ID08446,Sofia Nascimento 8446,sofia.nascimento.8446.8446@exemplo.com,166.883.874-02,(11) 96883874
ID08447,Igor Rodrigues 8447,igor.rodrigues.8447.8447@exemplo.com,N/A,N/A
ID08448,Valentina Santos 8448,valentina.santos.8448.8448@exemplo.com,N/A,N/A
ID08449,Isabela Ribeiro 8449,isabela.ribeiro.8449.8449@exemplo.com,N/A,N/A
ID08450,Natalia Pereira 8450,natalia.pereira.8450.8450@exemplo.com,166.915.550-50,(11) 96915550
ID08451,Patricia Oliveira 8451,patricia.oliveira.8451.8451@exemplo.com,166.923.469-87,(11) 96923469
ID08452,Nicolas Barbosa 8452,nicolas.barbosa.8452.8452@exemplo.com,166.931.388-24,(11) 96931388
ID08453,Carlos Moura 8453,carlos.moura.8453.8453@exemplo.com,N/A,N/A
ID08454,Sofia Fernandes 8454,sofia.fernandes.8454.8454@exemplo.com,166.947.226-98,(11) 96947226
ID08455,Felipe Nascimento 8455,felipe.nascimento.8455.8455@exemplo.com,166.955.145-35,(11) 96955145
ID08456,Thiago Oliveira 8456,thiago.oliveira.8456.8456@exemplo.com,166.963.064-72,(11) 96963064
ID08457,Rodrigo Almeida 8457,rodrigo.almeida.8457.8457@exemplo.com,N/A,N/A
ID08458,Camila Barbosa 8458,camila.barbosa.8458.8458@exemplo.com,N/A,N/A
ID08459,Diego Carvalho 8459,diego.carvalho.8459.8459@exemplo.com,N/A,N/A
ID08460,Mariana Rodrigues 8460,mariana.rodrigues.8460.8460@exemplo.com,166.994.740-20,(11) 96994740
ID08461,Carlos Pereira 8461,carlos.pereira.8461.8461@exemplo.com,N/A,N/A
ID08462,Daniela Carvalho 8462,daniela.carvalho.8462.8462@exemplo.com,167.010.578-94,(11) 97010578
ID08463,Beatriz Fernandes 8463,beatriz.fernandes.8463.8463@exemplo.com,167.018.497-31,(11) 97018497
ID08464,Felipe Almeida 8464,felipe.almeida.8464.8464@exemplo.com,167.026.416-68,(11) 97026416
ID08465,Otavio Gomes 8465,otavio.gomes.8465.8465@exemplo.com,167.034.335-05,(11) 97034335
ID08466,Otavio Souza 8466,otavio.souza.8466.8466@exemplo.com,167.042.254-42,(11) 97042254
ID08467,Beatriz Martins 8467,beatriz.martins.8467.8467@exemplo.com,N/A,N/A
ID08468,Victor Souza 8468,victor.souza.8468.8468@exemplo.com,N/A,N/A
ID08469,Felipe Santos 8469,felipe.santos.8469.8469@exemplo.com,167.066.011-53,(11) 97066011
ID08470,Patricia Fernandes 8470,patricia.fernandes.8470.8470@exemplo.com,167.073.930-90,(11) 97073930
ID08471,Yasmin Teixeira 8471,yasmin.teixeira.8471.8471@exemplo.com,167.081.849-27,(11) 97081849
ID08472,Paulo Barbosa 8472,paulo.barbosa.8472.8472@exemplo.com,N/A,N/A
ID08473,Natalia Carvalho 8473,natalia.carvalho.8473.8473@exemplo.com,N/A,N/A
ID08474,Olivia Oliveira 8474,olivia.oliveira.8474.8474@exemplo.com,167.105.606-38,(11) 97105606
ID08475,Valentina Martins 8475,valentina.martins.8475.8475@exemplo.com,167.113.525-75,(11) 97113525
ID08476,Vinicius Lima 8476,vinicius.lima.8476.8476@exemplo.com,167.121.444-12,(11) 97121444
ID08477,Elisa Dias 8477,elisa.dias.8477.8477@exemplo.com,N/A,N/A
ID08478,Yasmin Silva 8478,yasmin.silva.8478.8478@exemplo.com,167.137.282-86,(11) 97137282
ID08479,Camila Souza 8479,camila.souza.8479.8479@exemplo.com,N/A,N/A
ID08480,Igor Santos 8480,igor.santos.8480.8480@exemplo.com,167.153.120-60,(11) 97153120
ID08481,Isabela Nascimento 8481,isabela.nascimento.8481.8481@exemplo.com,N/A,N/A
ID08482,Isabela Silva 8482,isabela.silva.8482.8482@exemplo.com,N/A,N/A
ID08483,Otavio Araujo 8483,otavio.araujo.8483.8483@exemplo.com,167.176.877-71,(11) 97176877
ID08484,Isabela Carvalho 8484,isabela.carvalho.8484.8484@exemplo.com,167.184.796-08,(11) 97184796
ID08485,Fernanda Fernandes 8485,fernanda.fernandes.8485.8485@exemplo.com,167.192.715-45,(11) 97192715
ID08486,Gabriel Nascimento 8486,gabriel.nascimento.8486.8486@exemplo.com,167.200.634-82,(11) 97200634
ID08487,Natalia Oliveira 8487,natalia.oliveira.8487.8487@exemplo.com,N/A,N/A
ID08488,Isabela Teixeira 8488,isabela.teixeira.8488.8488@exemplo.com,167.216.472-56,(11) 97216472
ID08489,Lucas Teixeira 8489,lucas.teixeira.8489.8489@exemplo.com,167.224.391-93,(11) 97224391
ID08490,Felipe Barbosa 8490,felipe.barbosa.8490.8490@exemplo.com,N/A,N/A
ID08491,Sara Pereira 8491,sara.pereira.8491.8491@exemplo.com,167.240.229-67,(11) 97240229
ID08492,Gabriel Dias 8492,gabriel.dias.8492.8492@exemplo.com,167.248.148-04,(11) 97248148
ID08493,Beatriz Ribeiro 8493,beatriz.ribeiro.8493.8493@exemplo.com,167.256.067-41,(11) 97256067
ID08494,Ana Souza 8494,ana.souza.8494.8494@exemplo.com,167.263.986-78,(11) 97263986
ID08495,Vinicius Araujo 8495,vinicius.araujo.8495.8495@exemplo.com,N/A,N/A
ID08496,Fernanda Costa 8496,fernanda.costa.8496.8496@exemplo.com,167.279.824-52,(11) 97279824
ID08497,Nicolas Barbosa 8497,nicolas.barbosa.8497.8497@exemplo.com,167.287.743-89,(11) 97287743
ID08498,Eduardo Barbosa 8498,eduardo.barbosa.8498.8498@exemplo.com,167.295.662-26,(11) 97295662
ID08499,Eduardo Moura 8499,eduardo.moura.8499.8499@exemplo.com,N/A,N/A
ID08500,Gabriel Carvalho 8500,gabriel.carvalho.8500.8500@exemplo.com,167.311.500-00,(11) 97311500
ID08501,Patricia Nascimento 8501,patricia.nascimento.8501.8501@exemplo.com,167.319.419-37,(11) 97319419
ID08502,Elisa Araujo 8502,elisa.araujo.8502.8502@exemplo.com,167.327.338-74,(11) 97327338
ID08503,Henrique Barbosa 8503,henrique.barbosa.8503.8503@exemplo.com,N/A,N/A
ID08504,Gabriel Lima 8504,gabriel.lima.8504.8504@exemplo.com,N/A,N/A
ID08505,Bruno Dias 8505,bruno.dias.8505.8505@exemplo.com,167.351.095-85,(11) 97351095
ID08506,Patricia Teixeira 8506,patricia.teixeira.8506.8506@exemplo.com,167.359.014-22,(11) 97359014
ID08507,Diego Lima 8507,diego.lima.8507.8507@exemplo.com,167.366.933-59,(11) 97366933
ID08508,Henrique Barbosa 8508,henrique.barbosa.8508.8508@exemplo.com,N/A,N/A
ID08509,Yasmin Costa 8509,yasmin.costa.8509.8509@exemplo.com,167.382.771-33,(11) 97382771
ID08510,Mariana Lima 8510,mariana.lima.8510.8510@exemplo.com,167.390.690-70,(11) 97390690
ID08511,Giovana Santos 8511,giovana.santos.8511.8511@exemplo.com,N/A,N/A
ID08512,Gabriel Nascimento 8512,gabriel.nascimento.8512.8512@exemplo.com,167.406.528-44,(11) 97406528
ID08513,Valentina Ribeiro 8513,valentina.ribeiro.8513.8513@exemplo.com,167.414.447-81,(11) 97414447
ID08514,Nicolas Almeida 8514,nicolas.almeida.8514.8514@exemplo.com,N/A,N/A
ID08515,Helena Silva 8515,helena.silva.8515.8515@exemplo.com,N/A,N/A
ID08516,Mariana Nascimento 8516,mariana.nascimento.8516.8516@exemplo.com,167.438.204-92,(11) 97438204
ID08517,Mariana Carvalho 8517,mariana.carvalho.8517.8517@exemplo.com,167.446.123-29,(11) 97446123
ID08518,Natalia Oliveira 8518,natalia.oliveira.8518.8518@exemplo.com,N/A,N/A
ID08519,Thiago Oliveira 8519,thiago.oliveira.8519.8519@exemplo.com,N/A,N/A
ID08520,Carlos Pereira 8520,carlos.pereira.8520.8520@exemplo.com,167.469.880-40,(11) 97469880
ID08521,Igor Martins 8521,igor.martins.8521.8521@exemplo.com,167.477.799-77,(11) 97477799
ID08522,Carlos Lima 8522,carlos.lima.8522.8522@exemplo.com,N/A,N/A
ID08523,Joao Martins 8523,joao.martins.8523.8523@exemplo.com,167.493.637-51,(11) 97493637
ID08524,Beatriz Santos 8524,beatriz.santos.8524.8524@exemplo.com,167.501.556-88,(11) 97501556
ID08525,Daniela Fernandes 8525,daniela.fernandes.8525.8525@exemplo.com,167.509.475-25,(11) 97509475
ID08526,Valentina Oliveira 8526,valentina.oliveira.8526.8526@exemplo.com,167.517.394-62,(11) 97517394
ID08527,Rodrigo Santos 8527,rodrigo.santos.8527.8527@exemplo.com,N/A,N/A
ID08528,Patricia Almeida 8528,patricia.almeida.8528.8528@exemplo.com,167.533.232-36,(11) 97533232
ID08529,Otavio Costa 8529,otavio.costa.8529.8529@exemplo.com,167.541.151-73,(11) 97541151
ID08530,Bruno Souza 8530,bruno.souza.8530.8530@exemplo.com,N/A,N/A
ID08531,Paulo Souza 8531,paulo.souza.8531.8531@exemplo.com,N/A,N/A
ID08532,Thiago Carvalho 8532,thiago.carvalho.8532.8532@exemplo.com,N/A,N/A
ID08533,Helena Dias 8533,helena.dias.8533.8533@exemplo.com,167.572.827-21,(11) 97572827
ID08534,Nicolas Silva 8534,nicolas.silva.8534.8534@exemplo.com,167.580.746-58,(11) 97580746
ID08535,Otavio Santos 8535,otavio.santos.8535.8535@exemplo.com,167.588.665-95,(11) 97588665
ID08536,Natalia Teixeira 8536,natalia.teixeira.8536.8536@exemplo.com,167.596.584-32,(11) 97596584
ID08537,Fernanda Costa 8537,fernanda.costa.8537.8537@exemplo.com,N/A,N/A
ID08538,Fernanda Santos 8538,fernanda.santos.8538.8538@exemplo.com,N/A,N/A
ID08539,Bruno Ribeiro 8539,bruno.ribeiro.8539.8539@exemplo.com,167.620.341-43,(11) 97620341
ID08540,Rodrigo Fernandes 8540,rodrigo.fernandes.8540.8540@exemplo.com,N/A,N/A
ID08541,Carlos Souza 8541,carlos.souza.8541.8541@exemplo.com,167.636.179-17,(11) 97636179
ID08542,Diego Santos 8542,diego.santos.8542.8542@exemplo.com,167.644.098-54,(11) 97644098
ID08543,Nicolas Lima 8543,nicolas.lima.8543.8543@exemplo.com,N/A,N/A
ID08544,Eduardo Santos 8544,eduardo.santos.8544.8544@exemplo.com,167.659.936-28,(11) 97659936
ID08545,Sofia Oliveira 8545,sofia.oliveira.8545.8545@exemplo.com,167.667.855-65,(11) 97667855
ID08546,Lucas Dias 8546,lucas.dias.8546.8546@exemplo.com,167.675.774-02,(11) 97675774
ID08547,Paulo Fernandes 8547,paulo.fernandes.8547.8547@exemplo.com,167.683.693-39,(11) 97683693
ID08548,Eduardo Oliveira 8548,eduardo.oliveira.8548.8548@exemplo.com,N/A,N/A
ID08549,Rafael Lima 8549,rafael.lima.8549.8549@exemplo.com,167.699.531-13,(11) 97699531
ID08550,Daniela Carvalho 8550,daniela.carvalho.8550.8550@exemplo.com,167.707.450-50,(11) 97707450
ID08551,Mariana Almeida 8551,mariana.almeida.8551.8551@exemplo.com,167.715.369-87,(11) 97715369
ID08552,Olivia Rodrigues 8552,olivia.rodrigues.8552.8552@exemplo.com,167.723.288-24,(11) 97723288
ID08553,Otavio Carvalho 8553,otavio.carvalho.8553.8553@exemplo.com,167.731.207-61,(11) 97731207
ID08554,Mariana Almeida 8554,mariana.almeida.8554.8554@exemplo.com,167.739.126-98,(11) 97739126
ID08555,Gabriel Araujo 8555,gabriel.araujo.8555.8555@exemplo.com,167.747.045-35,(11) 97747045
ID08556,Igor Carvalho 8556,igor.carvalho.8556.8556@exemplo.com,N/A,N/A
ID08557,Daniela Nascimento 8557,daniela.nascimento.8557.8557@exemplo.com,167.762.883-09,(11) 97762883
ID08558,Rafael Araujo 8558,rafael.araujo.8558.8558@exemplo.com,167.770.802-46,(11) 97770802
ID08559,Olivia Oliveira 8559,olivia.oliveira.8559.8559@exemplo.com,167.778.721-83,(11) 97778721
ID08560,Patricia Ribeiro 8560,patricia.ribeiro.8560.8560@exemplo.com,N/A,N/A
ID08561,Natalia Martins 8561,natalia.martins.8561.8561@exemplo.com,167.794.559-57,(11) 97794559
ID08562,Natalia Rodrigues 8562,natalia.rodrigues.8562.8562@exemplo.com,N/A,N/A
ID08563,Rafael Teixeira 8563,rafael.teixeira.8563.8563@exemplo.com,167.810.397-31,(11) 97810397
ID08564,Beatriz Almeida 8564,beatriz.almeida.8564.8564@exemplo.com,167.818.316-68,(11) 97818316
ID08565,Bruno Ribeiro 8565,bruno.ribeiro.8565.8565@exemplo.com,167.826.235-05,(11) 97826235
ID08566,Giovana Santos 8566,giovana.santos.8566.8566@exemplo.com,N/A,N/A
ID08567,Rodrigo Nascimento 8567,rodrigo.nascimento.8567.8567@exemplo.com,167.842.073-79,(11) 97842073
ID08568,Rafael Pereira 8568,rafael.pereira.8568.8568@exemplo.com,N/A,N/A
ID08569,Sara Moura 8569,sara.moura.8569.8569@exemplo.com,167.857.911-53,(11) 97857911
ID08570,Sofia Moura 8570,sofia.moura.8570.8570@exemplo.com,167.865.830-90,(11) 97865830
ID08571,Ana Almeida 8571,ana.almeida.8571.8571@exemplo.com,167.873.749-27,(11) 97873749
ID08572,Henrique Barbosa 8572,henrique.barbosa.8572.8572@exemplo.com,167.881.668-64,(11) 97881668
ID08573,Felipe Nascimento 8573,felipe.nascimento.8573.8573@exemplo.com,167.889.587-01,(11) 97889587
ID08574,Patricia Dias 8574,patricia.dias.8574.8574@exemplo.com,167.897.506-38,(11) 97897506
ID08575,Yasmin Souza 8575,yasmin.souza.8575.8575@exemplo.com,N/A,N/A
ID08576,Valentina Pereira 8576,valentina.pereira.8576.8576@exemplo.com,N/A,N/A
ID08577,Sofia Ribeiro 8577,sofia.ribeiro.8577.8577@exemplo.com,167.921.263-49,(11) 97921263
ID08578,Yasmin Pereira 8578,yasmin.pereira.8578.8578@exemplo.com,167.929.182-86,(11) 97929182
ID08579,Paulo Barbosa 8579,paulo.barbosa.8579.8579@exemplo.com,167.937.101-23,(11) 97937101
ID08580,Olivia Costa 8580,olivia.costa.8580.8580@exemplo.com,167.945.020-60,(11) 97945020
ID08581,Valentina Lima 8581,valentina.lima.8581.8581@exemplo.com,N/A,N/A
ID08582,Marcelo Moura 8582,marcelo.moura.8582.8582@exemplo.com,167.960.858-34,(11) 97960858
ID08583,Nicolas Pereira 8583,nicolas.pereira.8583.8583@exemplo.com,N/A,N/A
ID08584,Eduardo Santos 8584,eduardo.santos.8584.8584@exemplo.com,N/A,N/A
ID08585,Helena Lima 8585,helena.lima.8585.8585@exemplo.com,167.984.615-45,(11) 97984615
ID08586,Felipe Oliveira 8586,felipe.oliveira.8586.8586@exemplo.com,N/A,N/A
ID08587,Juliana Fernandes 8587,juliana.fernandes.8587.8587@exemplo.com,168.000.453-19,(11) 98000453
ID08588,Beatriz Oliveira 8588,beatriz.oliveira.8588.8588@exemplo.com,N/A,N/A
ID08589,Beatriz Fernandes 8589,beatriz.fernandes.8589.8589@exemplo.com,N/A,N/A
ID08590,Elisa Dias 8590,elisa.dias.8590.8590@exemplo.com,168.024.210-30,(11) 98024210
ID08591,Rafael Almeida 8591,rafael.almeida.8591.8591@exemplo.com,168.032.129-67,(11) 98032129
ID08592,Mariana Dias 8592,mariana.dias.8592.8592@exemplo.com,N/A,N/A
ID08593,Daniela Santos 8593,daniela.santos.8593.8593@exemplo.com,N/A,N/A
ID08594,Juliana Costa 8594,juliana.costa.8594.8594@exemplo.com,N/A,N/A
ID08595,Camila Santos 8595,camila.santos.8595.8595@exemplo.com,168.063.805-15,(11) 98063805
ID08596,Henrique Costa 8596,henrique.costa.8596.8596@exemplo.com,N/A,N/A
ID08597,Beatriz Pereira 8597,beatriz.pereira.8597.8597@exemplo.com,168.079.643-89,(11) 98079643
ID08598,Diego Pereira 8598,diego.pereira.8598.8598@exemplo.com,168.087.562-26,(11) 98087562
ID08599,Lucas Teixeira 8599,lucas.teixeira.8599.8599@exemplo.com,168.095.481-63,(11) 98095481
ID08600,Beatriz Martins 8600,beatriz.martins.8600.8600@exemplo.com,168.103.400-00,(11) 98103400
ID08601,Ana Rodrigues 8601,ana.rodrigues.8601.8601@exemplo.com,168.111.319-37,(11) 98111319
ID08602,Patricia Teixeira 8602,patricia.teixeira.8602.8602@exemplo.com,168.119.238-74,(11) 98119238
ID08603,Isabela Barbosa 8603,isabela.barbosa.8603.8603@exemplo.com,N/A,N/A
ID08604,Nicolas Souza 8604,nicolas.souza.8604.8604@exemplo.com,168.135.076-48,(11) 98135076
ID08605,Isabela Pereira 8605,isabela.pereira.8605.8605@exemplo.com,168.142.995-85,(11) 98142995
ID08606,Beatriz Souza 8606,beatriz.souza.8606.8606@exemplo.com,168.150.914-22,(11) 98150914
ID08607,Beatriz Silva 8607,beatriz.silva.8607.8607@exemplo.com,168.158.833-59,(11) 98158833
ID08608,Carlos Fernandes 8608,carlos.fernandes.8608.8608@exemplo.com,168.166.752-96,(11) 98166752
ID08609,Rodrigo Lima 8609,rodrigo.lima.8609.8609@exemplo.com,168.174.671-33,(11) 98174671
ID08610,Ana Oliveira 8610,ana.oliveira.8610.8610@exemplo.com,168.182.590-70,(11) 98182590
ID08611,Elisa Silva 8611,elisa.silva.8611.8611@exemplo.com,168.190.509-07,(11) 98190509
ID08612,Marcelo Fernandes 8612,marcelo.fernandes.8612.8612@exemplo.com,168.198.428-44,(11) 98198428
ID08613,Henrique Costa 8613,henrique.costa.8613.8613@exemplo.com,168.206.347-81,(11) 98206347
ID08614,Joao Almeida 8614,joao.almeida.8614.8614@exemplo.com,168.214.266-18,(11) 98214266
ID08615,Felipe Carvalho 8615,felipe.carvalho.8615.8615@exemplo.com,168.222.185-55,(11) 98222185
ID08616,Patricia Martins 8616,patricia.martins.8616.8616@exemplo.com,168.230.104-92,(11) 98230104
ID08617,Eduardo Nascimento 8617,eduardo.nascimento.8617.8617@exemplo.com,168.238.023-29,(11) 98238023
ID08618,Fernanda Costa 8618,fernanda.costa.8618.8618@exemplo.com,168.245.942-66,(11) 98245942
ID08619,Henrique Rodrigues 8619,henrique.rodrigues.8619.8619@exemplo.com,168.253.861-03,(11) 98253861
ID08620,Valentina Oliveira 8620,valentina.oliveira.8620.8620@exemplo.com,168.261.780-40,(11) 98261780
ID08621,Nicolas Santos 8621,nicolas.santos.8621.8621@exemplo.com,N/A,N/A
ID08622,Ana Santos 8622,ana.santos.8622.8622@exemplo.com,168.277.618-14,(11) 98277618
ID08623,Eduardo Souza 8623,eduardo.souza.8623.8623@exemplo.com,N/A,N/A
ID08624,Mariana Nascimento 8624,mariana.nascimento.8624.8624@exemplo.com,168.293.456-88,(11) 98293456
ID08625,Juliana Araujo 8625,juliana.araujo.8625.8625@exemplo.com,168.301.375-25,(11) 98301375
ID08626,Felipe Souza 8626,felipe.souza.8626.8626@exemplo.com,168.309.294-62,(11) 98309294
ID08627,Yasmin Rodrigues 8627,yasmin.rodrigues.8627.8627@exemplo.com,N/A,N/A
ID08628,Marcelo Costa 8628,marcelo.costa.8628.8628@exemplo.com,168.325.132-36,(11) 98325132
ID08629,Beatriz Gomes 8629,beatriz.gomes.8629.8629@exemplo.com,168.333.051-73,(11) 98333051
ID08630,Fernanda Gomes 8630,fernanda.gomes.8630.8630@exemplo.com,168.340.970-10,(11) 98340970
ID08631,Daniela Araujo 8631,daniela.araujo.8631.8631@exemplo.com,168.348.889-47,(11) 98348889
ID08632,Paulo Souza 8632,paulo.souza.8632.8632@exemplo.com,N/A,N/A
ID08633,Valentina Souza 8633,valentina.souza.8633.8633@exemplo.com,N/A,N/A
ID08634,Daniela Almeida 8634,daniela.almeida.8634.8634@exemplo.com,168.372.646-58,(11) 98372646
ID08635,Nicolas Costa 8635,nicolas.costa.8635.8635@exemplo.com,168.380.565-95,(11) 98380565
ID08636,Marcelo Fernandes 8636,marcelo.fernandes.8636.8636@exemplo.com,N/A,N/A
ID08637,Helena Costa 8637,helena.costa.8637.8637@exemplo.com,N/A,N/A
ID08638,Giovana Fernandes 8638,giovana.fernandes.8638.8638@exemplo.com,N/A,N/A
ID08639,Joao Costa 8639,joao.costa.8639.8639@exemplo.com,168.412.241-43,(11) 98412241
ID08640,Victor Silva 8640,victor.silva.8640.8640@exemplo.com,168.420.160-80,(11) 98420160
ID08641,Elisa Santos 8641,elisa.santos.8641.8641@exemplo.com,168.428.079-17,(11) 98428079
ID08642,Gabriel Almeida 8642,gabriel.almeida.8642.8642@exemplo.com,168.435.998-54,(11) 98435998
ID08643,Thiago Araujo 8643,thiago.araujo.8643.8643@exemplo.com,168.443.917-91,(11) 98443917
ID08644,Rafael Barbosa 8644,rafael.barbosa.8644.8644@exemplo.com,168.451.836-28,(11) 98451836
ID08645,Rafael Ribeiro 8645,rafael.ribeiro.8645.8645@exemplo.com,168.459.755-65,(11) 98459755
ID08646,Giovana Costa 8646,giovana.costa.8646.8646@exemplo.com,168.467.674-02,(11) 98467674
ID08647,Rodrigo Pereira 8647,rodrigo.pereira.8647.8647@exemplo.com,168.475.593-39,(11) 98475593
ID08648,Nicolas Silva 8648,nicolas.silva.8648.8648@exemplo.com,168.483.512-76,(11) 98483512
ID08649,Isabela Araujo 8649,isabela.araujo.8649.8649@exemplo.com,168.491.431-13,(11) 98491431
ID08650,Larissa Araujo 8650,larissa.araujo.8650.8650@exemplo.com,N/A,N/A
ID08651,Diego Lima 8651,diego.lima.8651.8651@exemplo.com,168.507.269-87,(11) 98507269
ID08652,Camila Dias 8652,camila.dias.8652.8652@exemplo.com,168.515.188-24,(11) 98515188
ID08653,Nicolas Moura 8653,nicolas.moura.8653.8653@exemplo.com,N/A,N/A
ID08654,Diego Rodrigues 8654,diego.rodrigues.8654.8654@exemplo.com,168.531.026-98,(11) 98531026
ID08655,Bruno Ribeiro 8655,bruno.ribeiro.8655.8655@exemplo.com,168.538.945-35,(11) 98538945
ID08656,Elisa Almeida 8656,elisa.almeida.8656.8656@exemplo.com,168.546.864-72,(11) 98546864
ID08657,Larissa Barbosa 8657,larissa.barbosa.8657.8657@exemplo.com,168.554.783-09,(11) 98554783
ID08658,Gabriel Oliveira 8658,gabriel.oliveira.8658.8658@exemplo.com,168.562.702-46,(11) 98562702
ID08659,Felipe Oliveira 8659,felipe.oliveira.8659.8659@exemplo.com,168.570.621-83,(11) 98570621
ID08660,Victor Costa 8660,victor.costa.8660.8660@exemplo.com,168.578.540-20,(11) 98578540
ID08661,Igor Nascimento 8661,igor.nascimento.8661.8661@exemplo.com,168.586.459-57,(11) 98586459
ID08662,Marcelo Barbosa 8662,marcelo.barbosa.8662.8662@exemplo.com,168.594.378-94,(11) 98594378
ID08663,Isabela Ribeiro 8663,isabela.ribeiro.8663.8663@exemplo.com,168.602.297-31,(11) 98602297
ID08664,Larissa Almeida 8664,larissa.almeida.8664.8664@exemplo.com,168.610.216-68,(11) 98610216
ID08665,Camila Martins 8665,camila.martins.8665.8665@exemplo.com,168.618.135-05,(11) 98618135
ID08666,Beatriz Martins 8666,beatriz.martins.8666.8666@exemplo.com,168.626.054-42,(11) 98626054
ID08667,Olivia Costa 8667,olivia.costa.8667.8667@exemplo.com,168.633.973-79,(11) 98633973
ID08668,Elisa Dias 8668,elisa.dias.8668.8668@exemplo.com,168.641.892-16,(11) 98641892
ID08669,Fernanda Carvalho 8669,fernanda.carvalho.8669.8669@exemplo.com,168.649.811-53,(11) 98649811
ID08670,Henrique Fernandes 8670,henrique.fernandes.8670.8670@exemplo.com,N/A,N/A
ID08671,Beatriz Pereira 8671,beatriz.pereira.8671.8671@exemplo.com,168.665.649-27,(11) 98665649
ID08672,Rodrigo Araujo 8672,rodrigo.araujo.8672.8672@exemplo.com,N/A,N/A
ID08673,Joao Araujo 8673,joao.araujo.8673.8673@exemplo.com,168.681.487-01,(11) 98681487
ID08674,Gabriel Souza 8674,gabriel.souza.8674.8674@exemplo.com,168.689.406-38,(11) 98689406
ID08675,Isabela Carvalho 8675,isabela.carvalho.8675.8675@exemplo.com,168.697.325-75,(11) 98697325
ID08676,Olivia Gomes 8676,olivia.gomes.8676.8676@exemplo.com,168.705.244-12,(11) 98705244
ID08677,Gabriel Silva 8677,gabriel.silva.8677.8677@exemplo.com,168.713.163-49,(11) 98713163
ID08678,Nicolas Moura 8678,nicolas.moura.8678.8678@exemplo.com,168.721.082-86,(11) 98721082
ID08679,Eduardo Barbosa 8679,eduardo.barbosa.8679.8679@exemplo.com,N/A,N/A
ID08680,Larissa Gomes 8680,larissa.gomes.8680.8680@exemplo.com,168.736.920-60,(11) 98736920
ID08681,Olivia Pereira 8681,olivia.pereira.8681.8681@exemplo.com,N/A,N/A
ID08682,Daniela Lima 8682,daniela.lima.8682.8682@exemplo.com,168.752.758-34,(11) 98752758
ID08683,Thiago Rodrigues 8683,thiago.rodrigues.8683.8683@exemplo.com,168.760.677-71,(11) 98760677
ID08684,Yasmin Araujo 8684,yasmin.araujo.8684.8684@exemplo.com,N/A,N/A
ID08685,Victor Dias 8685,victor.dias.8685.8685@exemplo.com,168.776.515-45,(11) 98776515
ID08686,Victor Santos 8686,victor.santos.8686.8686@exemplo.com,168.784.434-82,(11) 98784434
ID08687,Gabriel Barbosa 8687,gabriel.barbosa.8687.8687@exemplo.com,168.792.353-19,(11) 98792353
ID08688,Sara Pereira 8688,sara.pereira.8688.8688@exemplo.com,N/A,N/A
ID08689,Thiago Gomes 8689,thiago.gomes.8689.8689@exemplo.com,N/A,N/A
ID08690,Elisa Costa 8690,elisa.costa.8690.8690@exemplo.com,168.816.110-30,(11) 98816110
ID08691,Vinicius Barbosa 8691,vinicius.barbosa.8691.8691@exemplo.com,168.824.029-67,(11) 98824029
ID08692,Diego Barbosa 8692,diego.barbosa.8692.8692@exemplo.com,168.831.948-04,(11) 98831948
ID08693,Giovana Carvalho 8693,giovana.carvalho.8693.8693@exemplo.com,N/A,N/A
ID08694,Rafael Carvalho 8694,rafael.carvalho.8694.8694@exemplo.com,168.847.786-78,(11) 98847786
ID08695,Igor Araujo 8695,igor.araujo.8695.8695@exemplo.com,N/A,N/A
ID08696,Paulo Rodrigues 8696,paulo.rodrigues.8696.8696@exemplo.com,N/A,N/A
ID08697,Olivia Dias 8697,olivia.dias.8697.8697@exemplo.com,168.871.543-89,(11) 98871543
ID08698,Igor Pereira 8698,igor.pereira.8698.8698@exemplo.com,168.879.462-26,(11) 98879462
ID08699,Lucas Nascimento 8699,lucas.nascimento.8699.8699@exemplo.com,N/A,N/A
ID08700,Vinicius Oliveira 8700,vinicius.oliveira.8700.8700@exemplo.com,168.895.300-00,(11) 98895300
ID08701,Juliana Costa 8701,juliana.costa.8701.8701@exemplo.com,N/A,N/A
ID08702,Eduardo Barbosa 8702,eduardo.barbosa.8702.8702@exemplo.com,168.911.138-74,(11) 98911138
ID08703,Eduardo Ribeiro 8703,eduardo.ribeiro.8703.8703@exemplo.com,168.919.057-11,(11) 98919057
ID08704,Nicolas Santos 8704,nicolas.santos.8704.8704@exemplo.com,168.926.976-48,(11) 98926976
ID08705,Vinicius Costa 8705,vinicius.costa.8705.8705@exemplo.com,168.934.895-85,(11) 98934895
ID08706,Victor Lima 8706,victor.lima.8706.8706@exemplo.com,168.942.814-22,(11) 98942814
ID08707,Nicolas Gomes 8707,nicolas.gomes.8707.8707@exemplo.com,N/A,N/A
ID08708,Elisa Oliveira 8708,elisa.oliveira.8708.8708@exemplo.com,168.958.652-96,(11) 98958652
ID08709,Diego Lima 8709,diego.lima.8709.8709@exemplo.com,168.966.571-33,(11) 98966571
ID08710,Fernanda Nascimento 8710,fernanda.nascimento.8710.8710@exemplo.com,N/A,N/A
ID08711,Isabela Teixeira 8711,isabela.teixeira.8711.8711@exemplo.com,168.982.409-07,(11) 98982409
ID08712,Natalia Oliveira 8712,natalia.oliveira.8712.8712@exemplo.com,N/A,N/A
ID08713,Henrique Nascimento 8713,henrique.nascimento.8713.8713@exemplo.com,168.998.247-81,(11) 98998247
ID08714,Igor Dias 8714,igor.dias.8714.8714@exemplo.com,169.006.166-18,(11) 99006166
ID08715,Sara Souza 8715,sara.souza.8715.8715@exemplo.com,N/A,N/A
ID08716,Igor Fernandes 8716,igor.fernandes.8716.8716@exemplo.com,169.022.004-92,(11) 99022004
ID08717,Giovana Teixeira 8717,giovana.teixeira.8717.8717@exemplo.com,N/A,N/A
ID08718,Isabela Nascimento 8718,isabela.nascimento.8718.8718@exemplo.com,N/A,N/A
ID08719,Diego Moura 8719,diego.moura.8719.8719@exemplo.com,169.045.761-03,(11) 99045761
ID08720,Beatriz Moura 8720,beatriz.moura.8720.8720@exemplo.com,N/A,N/A
ID08721,Beatriz Pereira 8721,beatriz.pereira.8721.8721@exemplo.com,N/A,N/A
ID08722,Natalia Teixeira 8722,natalia.teixeira.8722.8722@exemplo.com,169.069.518-14,(11) 99069518
ID08723,Rafael Santos 8723,rafael.santos.8723.8723@exemplo.com,169.077.437-51,(11) 99077437
ID08724,Diego Carvalho 8724,diego.carvalho.8724.8724@exemplo.com,169.085.356-88,(11) 99085356
ID08725,Rodrigo Barbosa 8725,rodrigo.barbosa.8725.8725@exemplo.com,N/A,N/A
ID08726,Daniela Dias 8726,daniela.dias.8726.8726@exemplo.com,169.101.194-62,(11) 99101194
ID08727,Rodrigo Gomes 8727,rodrigo.gomes.8727.8727@exemplo.com,169.109.113-99,(11) 99109113
ID08728,Rafael Santos 8728,rafael.santos.8728.8728@exemplo.com,169.117.032-36,(11) 99117032
ID08729,Valentina Almeida 8729,valentina.almeida.8729.8729@exemplo.com,169.124.951-73,(11) 99124951
ID08730,Carlos Almeida 8730,carlos.almeida.8730.8730@exemplo.com,N/A,N/A
ID08731,Gabriel Carvalho 8731,gabriel.carvalho.8731.8731@exemplo.com,169.140.789-47,(11) 99140789
ID08732,Paulo Barbosa 8732,paulo.barbosa.8732.8732@exemplo.com,169.148.708-84,(11) 99148708
ID08733,Diego Lima 8733,diego.lima.8733.8733@exemplo.com,169.156.627-21,(11) 99156627
ID08734,Patricia Oliveira 8734,patricia.oliveira.8734.8734@exemplo.com,N/A,N/A
ID08735,Lucas Nascimento 8735,lucas.nascimento.8735.8735@exemplo.com,169.172.465-95,(11) 99172465
ID08736,Yasmin Rodrigues 8736,yasmin.rodrigues.8736.8736@exemplo.com,169.180.384-32,(11) 99180384
ID08737,Elisa Lima 8737,elisa.lima.8737.8737@exemplo.com,169.188.303-69,(11) 99188303
ID08738,Mariana Pereira 8738,mariana.pereira.8738.8738@exemplo.com,169.196.222-06,(11) 99196222
ID08739,Sofia Teixeira 8739,sofia.teixeira.8739.8739@exemplo.com,169.204.141-43,(11) 99204141
ID08740,Olivia Martins 8740,olivia.martins.8740.8740@exemplo.com,169.212.060-80,(11) 99212060
ID08741,Eduardo Costa 8741,eduardo.costa.8741.8741@exemplo.com,169.219.979-17,(11) 99219979
ID08742,Bruno Moura 8742,bruno.moura.8742.8742@exemplo.com,169.227.898-54,(11) 99227898
ID08743,Thiago Nascimento 8743,thiago.nascimento.8743.8743@exemplo.com,169.235.817-91,(11) 99235817
ID08744,Vinicius Nascimento 8744,vinicius.nascimento.8744.8744@exemplo.com,169.243.736-28,(11) 99243736
ID08745,Mariana Araujo 8745,mariana.araujo.8745.8745@exemplo.com,169.251.655-65,(11) 99251655
ID08746,Eduardo Rodrigues 8746,eduardo.rodrigues.8746.8746@exemplo.com,169.259.574-02,(11) 99259574
ID08747,Gabriel Almeida 8747,gabriel.almeida.8747.8747@exemplo.com,169.267.493-39,(11) 99267493
ID08748,Rodrigo Silva 8748,rodrigo.silva.8748.8748@exemplo.com,169.275.412-76,(11) 99275412
ID08749,Elisa Souza 8749,elisa.souza.8749.8749@exemplo.com,N/A,N/A
ID08750,Vinicius Silva 8750,vinicius.silva.8750.8750@exemplo.com,N/A,N/A
ID08751,Joao Fernandes 8751,joao.fernandes.8751.8751@exemplo.com,169.299.169-87,(11) 99299169
ID08752,Elisa Ribeiro 8752,elisa.ribeiro.8752.8752@exemplo.com,169.307.088-24,(11) 99307088
ID08753,Camila Araujo 8753,camila.araujo.8753.8753@exemplo.com,169.315.007-61,(11) 99315007
ID08754,Rafael Almeida 8754,rafael.almeida.8754.8754@exemplo.com,N/A,N/A
ID08755,Paulo Araujo 8755,paulo.araujo.8755.8755@exemplo.com,169.330.845-35,(11) 99330845
ID08756,Otavio Almeida 8756,otavio.almeida.8756.8756@exemplo.com,N/A,N/A
ID08757,Victor Teixeira 8757,victor.teixeira.8757.8757@exemplo.com,N/A,N/A
ID08758,Patricia Nascimento 8758,patricia.nascimento.8758.8758@exemplo.com,169.354.602-46,(11) 99354602
ID08759,Vinicius Gomes 8759,vinicius.gomes.8759.8759@exemplo.com,N/A,N/A
ID08760,Olivia Oliveira 8760,olivia.oliveira.8760.8760@exemplo.com,N/A,N/A
ID08761,Isabela Pereira 8761,isabela.pereira.8761.8761@exemplo.com,N/A,N/A
ID08762,Felipe Moura 8762,felipe.moura.8762.8762@exemplo.com,169.386.278-94,(11) 99386278
ID08763,Natalia Costa 8763,natalia.costa.8763.8763@exemplo.com,169.394.197-31,(11) 99394197
ID08764,Natalia Costa 8764,natalia.costa.8764.8764@exemplo.com,169.402.116-68,(11) 99402116
ID08765,Isabela Ribeiro 8765,isabela.ribeiro.8765.8765@exemplo.com,169.410.035-05,(11) 99410035
ID08766,Henrique Costa 8766,henrique.costa.8766.8766@exemplo.com,169.417.954-42,(11) 99417954
ID08767,Bruno Ribeiro 8767,bruno.ribeiro.8767.8767@exemplo.com,169.425.873-79,(11) 99425873
ID08768,Juliana Silva 8768,juliana.silva.8768.8768@exemplo.com,169.433.792-16,(11) 99433792
ID08769,Joao Dias 8769,joao.dias.8769.8769@exemplo.com,169.441.711-53,(11) 99441711
ID08770,Thiago Carvalho 8770,thiago.carvalho.8770.8770@exemplo.com,N/A,N/A
ID08771,Olivia Dias 8771,olivia.dias.8771.8771@exemplo.com,N/A,N/A
ID08772,Rodrigo Fernandes 8772,rodrigo.fernandes.8772.8772@exemplo.com,169.465.468-64,(11) 99465468
ID08773,Lucas Araujo 8773,lucas.araujo.8773.8773@exemplo.com,N/A,N/A
ID08774,Diego Silva 8774,diego.silva.8774.8774@exemplo.com,169.481.306-38,(11) 99481306
ID08775,Larissa Gomes 8775,larissa.gomes.8775.8775@exemplo.com,N/A,N/A
ID08776,Elisa Martins 8776,elisa.martins.8776.8776@exemplo.com,N/A,N/A
ID08777,Paulo Souza 8777,paulo.souza.8777.8777@exemplo.com,N/A,N/A
ID08778,Daniela Carvalho 8778,daniela.carvalho.8778.8778@exemplo.com,169.512.982-86,(11) 99512982
ID08779,Victor Nascimento 8779,victor.nascimento.8779.8779@exemplo.com,N/A,N/A
ID08780,Paulo Carvalho 8780,paulo.carvalho.8780.8780@exemplo.com,169.528.820-60,(11) 99528820
ID08781,Eduardo Barbosa 8781,eduardo.barbosa.8781.8781@exemplo.com,169.536.739-97,(11) 99536739
ID08782,Lucas Ribeiro 8782,lucas.ribeiro.8782.8782@exemplo.com,169.544.658-34,(11) 99544658
ID08783,Helena Rodrigues 8783,helena.rodrigues.8783.8783@exemplo.com,169.552.577-71,(11) 99552577
ID08784,Thiago Gomes 8784,thiago.gomes.8784.8784@exemplo.com,169.560.496-08,(11) 99560496
ID08785,Sara Nascimento 8785,sara.nascimento.8785.8785@exemplo.com,169.568.415-45,(11) 99568415
ID08786,Eduardo Gomes 8786,eduardo.gomes.8786.8786@exemplo.com,169.576.334-82,(11) 99576334
ID08787,Natalia Pereira 8787,natalia.pereira.8787.8787@exemplo.com,169.584.253-19,(11) 99584253
ID08788,Bruno Dias 8788,bruno.dias.8788.8788@exemplo.com,N/A,N/A
ID08789,Felipe Carvalho 8789,felipe.carvalho.8789.8789@exemplo.com,N/A,N/A
ID08790,Fernanda Almeida 8790,fernanda.almeida.8790.8790@exemplo.com,169.608.010-30,(11) 99608010
ID08791,Rodrigo Lima 8791,rodrigo.lima.8791.8791@exemplo.com,169.615.929-67,(11) 99615929
ID08792,Felipe Silva 8792,felipe.silva.8792.8792@exemplo.com,N/A,N/A
ID08793,Vinicius Barbosa 8793,vinicius.barbosa.8793.8793@exemplo.com,169.631.767-41,(11) 99631767
ID08794,Igor Barbosa 8794,igor.barbosa.8794.8794@exemplo.com,N/A,N/A
ID08795,Juliana Martins 8795,juliana.martins.8795.8795@exemplo.com,169.647.605-15,(11) 99647605
ID08796,Bruno Carvalho 8796,bruno.carvalho.8796.8796@exemplo.com,169.655.524-52,(11) 99655524
ID08797,Rodrigo Almeida 8797,rodrigo.almeida.8797.8797@exemplo.com,N/A,N/A
ID08798,Rodrigo Rodrigues 8798,rodrigo.rodrigues.8798.8798@exemplo.com,169.671.362-26,(11) 99671362
ID08799,Valentina Nascimento 8799,valentina.nascimento.8799.8799@exemplo.com,N/A,N/A
ID08800,Nicolas Dias 8800,nicolas.dias.8800.8800@exemplo.com,169.687.200-00,(11) 99687200
ID08801,Vinicius Barbosa 8801,vinicius.barbosa.8801.8801@exemplo.com,169.695.119-37,(11) 99695119
ID08802,Beatriz Pereira 8802,beatriz.pereira.8802.8802@exemplo.com,169.703.038-74,(11) 99703038
ID08803,Thiago Nascimento 8803,thiago.nascimento.8803.8803@exemplo.com,169.710.957-11,(11) 99710957
ID08804,Otavio Silva 8804,otavio.silva.8804.8804@exemplo.com,169.718.876-48,(11) 99718876
ID08805,Gabriel Araujo 8805,gabriel.araujo.8805.8805@exemplo.com,169.726.795-85,(11) 99726795
ID08806,Olivia Oliveira 8806,olivia.oliveira.8806.8806@exemplo.com,169.734.714-22,(11) 99734714
ID08807,Camila Souza 8807,camila.souza.8807.8807@exemplo.com,N/A,N/A
ID08808,Sofia Pereira 8808,sofia.pereira.8808.8808@exemplo.com,N/A,N/A
ID08809,Isabela Souza 8809,isabela.souza.8809.8809@exemplo.com,169.758.471-33,(11) 99758471
ID08810,Olivia Gomes 8810,olivia.gomes.8810.8810@exemplo.com,169.766.390-70,(11) 99766390
ID08811,Eduardo Souza 8811,eduardo.souza.8811.8811@exemplo.com,169.774.309-07,(11) 99774309
ID08812,Joao Costa 8812,joao.costa.8812.8812@exemplo.com,N/A,N/A
ID08813,Patricia Martins 8813,patricia.martins.8813.8813@exemplo.com,169.790.147-81,(11) 99790147
ID08814,Diego Gomes 8814,diego.gomes.8814.8814@exemplo.com,N/A,N/A
ID08815,Olivia Teixeira 8815,olivia.teixeira.8815.8815@exemplo.com,169.805.985-55,(11) 99805985
ID08816,Lucas Nascimento 8816,lucas.nascimento.8816.8816@exemplo.com,N/A,N/A
ID08817,Henrique Martins 8817,henrique.martins.8817.8817@exemplo.com,169.821.823-29,(11) 99821823
ID08818,Gabriel Souza 8818,gabriel.souza.8818.8818@exemplo.com,N/A,N/A
ID08819,Thiago Araujo 8819,thiago.araujo.8819.8819@exemplo.com,169.837.661-03,(11) 99837661
ID08820,Felipe Araujo 8820,felipe.araujo.8820.8820@exemplo.com,169.845.580-40,(11) 99845580
ID08821,Gabriel Ribeiro 8821,gabriel.ribeiro.8821.8821@exemplo.com,169.853.499-77,(11) 99853499
ID08822,Paulo Araujo 8822,paulo.araujo.8822.8822@exemplo.com,169.861.418-14,(11) 99861418
ID08823,Natalia Nascimento 8823,natalia.nascimento.8823.8823@exemplo.com,N/A,N/A
ID08824,Juliana Fernandes 8824,juliana.fernandes.8824.8824@exemplo.com,169.877.256-88,(11) 99877256
ID08825,Daniela Martins 8825,daniela.martins.8825.8825@exemplo.com,169.885.175-25,(11) 99885175
ID08826,Giovana Gomes 8826,giovana.gomes.8826.8826@exemplo.com,N/A,N/A
ID08827,Igor Almeida 8827,igor.almeida.8827.8827@exemplo.com,N/A,N/A
ID08828,Valentina Araujo 8828,valentina.araujo.8828.8828@exemplo.com,169.908.932-36,(11) 99908932
ID08829,Gabriel Barbosa 8829,gabriel.barbosa.8829.8829@exemplo.com,169.916.851-73,(11) 99916851
ID08830,Isabela Teixeira 8830,isabela.teixeira.8830.8830@exemplo.com,169.924.770-10,(11) 99924770
ID08831,Gabriel Fernandes 8831,gabriel.fernandes.8831.8831@exemplo.com,169.932.689-47,(11) 99932689
ID08832,Diego Fernandes 8832,diego.fernandes.8832.8832@exemplo.com,169.940.608-84,(11) 99940608
ID08833,Larissa Carvalho 8833,larissa.carvalho.8833.8833@exemplo.com,N/A,N/A
ID08834,Nicolas Pereira 8834,nicolas.pereira.8834.8834@exemplo.com,169.956.446-58,(11) 99956446
ID08835,Sara Silva 8835,sara.silva.8835.8835@exemplo.com,169.964.365-95,(11) 99964365
ID08836,Natalia Oliveira 8836,natalia.oliveira.8836.8836@exemplo.com,169.972.284-32,(11) 99972284
ID08837,Sofia Moura 8837,sofia.moura.8837.8837@exemplo.com,N/A,N/A
ID08838,Gabriel Fernandes 8838,gabriel.fernandes.8838.8838@exemplo.com,N/A,N/A
ID08839,Mariana Costa 8839,mariana.costa.8839.8839@exemplo.com,169.996.041-43,(11) 99996041
ID08840,Eduardo Rodrigues 8840,eduardo.rodrigues.8840.8840@exemplo.com,170.003.960-80,(11) 90003960
ID08841,Victor Teixeira 8841,victor.teixeira.8841.8841@exemplo.com,170.011.879-17,(11) 90011879
ID08842,Giovana Souza 8842,giovana.souza.8842.8842@exemplo.com,N/A,N/A
ID08843,Helena Dias 8843,helena.dias.8843.8843@exemplo.com,N/A,N/A
ID08844,Larissa Oliveira 8844,larissa.oliveira.8844.8844@exemplo.com,170.035.636-28,(11) 90035636
ID08845,Mariana Carvalho 8845,mariana.carvalho.8845.8845@exemplo.com,N/A,N/A
ID08846,Victor Fernandes 8846,victor.fernandes.8846.8846@exemplo.com,170.051.474-02,(11) 90051474
ID08847,Daniela Martins 8847,daniela.martins.8847.8847@exemplo.com,N/A,N/A
ID08848,Helena Souza 8848,helena.souza.8848.8848@exemplo.com,170.067.312-76,(11) 90067312
ID08849,Ana Souza 8849,ana.souza.8849.8849@exemplo.com,170.075.231-13,(11) 90075231
ID08850,Henrique Almeida 8850,henrique.almeida.8850.8850@exemplo.com,170.083.150-50,(11) 90083150
ID08851,Marcelo Moura 8851,marcelo.moura.8851.8851@exemplo.com,170.091.069-87,(11) 90091069
ID08852,Vinicius Pereira 8852,vinicius.pereira.8852.8852@exemplo.com,170.098.988-24,(11) 90098988
ID08853,Isabela Nascimento 8853,isabela.nascimento.8853.8853@exemplo.com,170.106.907-61,(11) 90106907
ID08854,Rafael Fernandes 8854,rafael.fernandes.8854.8854@exemplo.com,170.114.826-98,(11) 90114826
ID08855,Fernanda Araujo 8855,fernanda.araujo.8855.8855@exemplo.com,N/A,N/A
ID08856,Felipe Carvalho 8856,felipe.carvalho.8856.8856@exemplo.com,170.130.664-72,(11) 90130664
ID08857,Rodrigo Rodrigues 8857,rodrigo.rodrigues.8857.8857@exemplo.com,170.138.583-09,(11) 90138583
ID08858,Elisa Ribeiro 8858,elisa.ribeiro.8858.8858@exemplo.com,170.146.502-46,(11) 90146502
ID08859,Camila Rodrigues 8859,camila.rodrigues.8859.8859@exemplo.com,N/A,N/A
ID08860,Yasmin Araujo 8860,yasmin.araujo.8860.8860@exemplo.com,N/A,N/A
ID08861,Beatriz Oliveira 8861,beatriz.oliveira.8861.8861@exemplo.com,170.170.259-57,(11) 90170259
ID08862,Isabela Carvalho 8862,isabela.carvalho.8862.8862@exemplo.com,170.178.178-94,(11) 90178178
ID08863,Otavio Carvalho 8863,otavio.carvalho.8863.8863@exemplo.com,N/A,N/A
ID08864,Otavio Rodrigues 8864,otavio.rodrigues.8864.8864@exemplo.com,N/A,N/A
ID08865,Victor Gomes 8865,victor.gomes.8865.8865@exemplo.com,170.201.935-05,(11) 90201935
ID08866,Camila Lima 8866,camila.lima.8866.8866@exemplo.com,170.209.854-42,(11) 90209854
ID08867,Eduardo Araujo 8867,eduardo.araujo.8867.8867@exemplo.com,N/A,N/A
ID08868,Rodrigo Nascimento 8868,rodrigo.nascimento.8868.8868@exemplo.com,170.225.692-16,(11) 90225692
ID08869,Vinicius Gomes 8869,vinicius.gomes.8869.8869@exemplo.com,170.233.611-53,(11) 90233611
ID08870,Patricia Santos 8870,patricia.santos.8870.8870@exemplo.com,N/A,N/A
ID08871,Yasmin Oliveira 8871,yasmin.oliveira.8871.8871@exemplo.com,170.249.449-27,(11) 90249449
ID08872,Ana Fernandes 8872,ana.fernandes.8872.8872@exemplo.com,170.257.368-64,(11) 90257368
ID08873,Rodrigo Oliveira 8873,rodrigo.oliveira.8873.8873@exemplo.com,170.265.287-01,(11) 90265287
ID08874,Elisa Oliveira 8874,elisa.oliveira.8874.8874@exemplo.com,170.273.206-38,(11) 90273206
ID08875,Vinicius Almeida 8875,vinicius.almeida.8875.8875@exemplo.com,N/A,N/A
ID08876,Igor Santos 8876,igor.santos.8876.8876@exemplo.com,170.289.044-12,(11) 90289044
ID08877,Paulo Rodrigues 8877,paulo.rodrigues.8877.8877@exemplo.com,170.296.963-49,(11) 90296963
ID08878,Rafael Barbosa 8878,rafael.barbosa.8878.8878@exemplo.com,170.304.882-86,(11) 90304882
ID08879,Eduardo Santos 8879,eduardo.santos.8879.8879@exemplo.com,N/A,N/A
ID08880,Rafael Santos 8880,rafael.santos.8880.8880@exemplo.com,N/A,N/A
ID08881,Camila Carvalho 8881,camila.carvalho.8881.8881@exemplo.com,170.328.639-97,(11) 90328639
ID08882,Daniela Moura 8882,daniela.moura.8882.8882@exemplo.com,170.336.558-34,(11) 90336558
ID08883,Elisa Almeida 8883,elisa.almeida.8883.8883@exemplo.com,170.344.477-71,(11) 90344477
ID08884,Olivia Pereira 8884,olivia.pereira.8884.8884@exemplo.com,170.352.396-08,(11) 90352396
ID08885,Marcelo Fernandes 8885,marcelo.fernandes.8885.8885@exemplo.com,170.360.315-45,(11) 90360315
ID08886,Ana Gomes 8886,ana.gomes.8886.8886@exemplo.com,N/A,N/A
ID08887,Juliana Teixeira 8887,juliana.teixeira.8887.8887@exemplo.com,N/A,N/A
ID08888,Rafael Lima 8888,rafael.lima.8888.8888@exemplo.com,170.384.072-56,(11) 90384072
ID08889,Marcelo Fernandes 8889,marcelo.fernandes.8889.8889@exemplo.com,170.391.991-93,(11) 90391991
ID08890,Valentina Gomes 8890,valentina.gomes.8890.8890@exemplo.com,N/A,N/A
ID08891,Otavio Rodrigues 8891,otavio.rodrigues.8891.8891@exemplo.com,170.407.829-67,(11) 90407829
ID08892,Olivia Lima 8892,olivia.lima.8892.8892@exemplo.com,170.415.748-04,(11) 90415748
ID08893,Paulo Silva 8893,paulo.silva.8893.8893@exemplo.com,N/A,N/A
ID08894,Bruno Rodrigues 8894,bruno.rodrigues.8894.8894@exemplo.com,170.431.586-78,(11) 90431586
ID08895,Ana Carvalho 8895,ana.carvalho.8895.8895@exemplo.com,170.439.505-15,(11) 90439505
ID08896,Henrique Fernandes 8896,henrique.fernandes.8896.8896@exemplo.com,N/A,N/A
ID08897,Juliana Araujo 8897,juliana.araujo.8897.8897@exemplo.com,N/A,N/A
ID08898,Diego Martins 8898,diego.martins.8898.8898@exemplo.com,170.463.262-26,(11) 90463262
ID08899,Carlos Souza 8899,carlos.souza.8899.8899@exemplo.com,170.471.181-63,(11) 90471181
ID08900,Yasmin Araujo 8900,yasmin.araujo.8900.8900@exemplo.com,N/A,N/A
ID08901,Mariana Lima 8901,mariana.lima.8901.8901@exemplo.com,170.487.019-37,(11) 90487019
ID08902,Rodrigo Rodrigues 8902,rodrigo.rodrigues.8902.8902@exemplo.com,170.494.938-74,(11) 90494938
ID08903,Joao Costa 8903,joao.costa.8903.8903@exemplo.com,N/A,N/A
ID08904,Giovana Oliveira 8904,giovana.oliveira.8904.8904@exemplo.com,170.510.776-48,(11) 90510776
ID08905,Isabela Souza 8905,isabela.souza.8905.8905@exemplo.com,170.518.695-85,(11) 90518695
ID08906,Bruno Santos 8906,bruno.santos.8906.8906@exemplo.com,170.526.614-22,(11) 90526614
ID08907,Felipe Nascimento 8907,felipe.nascimento.8907.8907@exemplo.com,170.534.533-59,(11) 90534533
ID08908,Marcelo Ribeiro 8908,marcelo.ribeiro.8908.8908@exemplo.com,N/A,N/A
ID08909,Joao Martins 8909,joao.martins.8909.8909@exemplo.com,170.550.371-33,(11) 90550371
ID08910,Mariana Costa 8910,mariana.costa.8910.8910@exemplo.com,N/A,N/A
ID08911,Helena Dias 8911,helena.dias.8911.8911@exemplo.com,170.566.209-07,(11) 90566209
ID08912,Lucas Ribeiro 8912,lucas.ribeiro.8912.8912@exemplo.com,170.574.128-44,(11) 90574128
ID08913,Sara Souza 8913,sara.souza.8913.8913@exemplo.com,170.582.047-81,(11) 90582047
ID08914,Olivia Pereira 8914,olivia.pereira.8914.8914@exemplo.com,170.589.966-18,(11) 90589966
ID08915,Natalia Silva 8915,natalia.silva.8915.8915@exemplo.com,170.597.885-55,(11) 90597885
ID08916,Giovana Pereira 8916,giovana.pereira.8916.8916@exemplo.com,170.605.804-92,(11) 90605804
ID08917,Eduardo Santos 8917,eduardo.santos.8917.8917@exemplo.com,170.613.723-29,(11) 90613723
ID08918,Lucas Souza 8918,lucas.souza.8918.8918@exemplo.com,170.621.642-66,(11) 90621642
ID08919,Rafael Carvalho 8919,rafael.carvalho.8919.8919@exemplo.com,N/A,N/A
ID08920,Joao Costa 8920,joao.costa.8920.8920@exemplo.com,170.637.480-40,(11) 90637480
ID08921,Elisa Moura 8921,elisa.moura.8921.8921@exemplo.com,170.645.399-77,(11) 90645399
ID08922,Vinicius Barbosa 8922,vinicius.barbosa.8922.8922@exemplo.com,170.653.318-14,(11) 90653318
ID08923,Eduardo Nascimento 8923,eduardo.nascimento.8923.8923@exemplo.com,N/A,N/A
ID08924,Larissa Costa 8924,larissa.costa.8924.8924@exemplo.com,N/A,N/A
ID08925,Nicolas Araujo 8925,nicolas.araujo.8925.8925@exemplo.com,170.677.075-25,(11) 90677075
ID08926,Patricia Carvalho 8926,patricia.carvalho.8926.8926@exemplo.com,N/A,N/A
ID08927,Marcelo Pereira 8927,marcelo.pereira.8927.8927@exemplo.com,170.692.913-99,(11) 90692913
ID08928,Otavio Costa 8928,otavio.costa.8928.8928@exemplo.com,170.700.832-36,(11) 90700832
ID08929,Daniela Araujo 8929,daniela.araujo.8929.8929@exemplo.com,N/A,N/A
ID08930,Camila Gomes 8930,camila.gomes.8930.8930@exemplo.com,N/A,N/A
ID08931,Camila Dias 8931,camila.dias.8931.8931@exemplo.com,N/A,N/A
ID08932,Gabriel Ribeiro 8932,gabriel.ribeiro.8932.8932@exemplo.com,N/A,N/A
ID08933,Nicolas Pereira 8933,nicolas.pereira.8933.8933@exemplo.com,N/A,N/A
ID08934,Daniela Oliveira 8934,daniela.oliveira.8934.8934@exemplo.com,170.748.346-58,(11) 90748346
ID08935,Joao Barbosa 8935,joao.barbosa.8935.8935@exemplo.com,170.756.265-95,(11) 90756265
ID08936,Juliana Barbosa 8936,juliana.barbosa.8936.8936@exemplo.com,170.764.184-32,(11) 90764184
ID08937,Mariana Almeida 8937,mariana.almeida.8937.8937@exemplo.com,170.772.103-69,(11) 90772103
ID08938,Olivia Teixeira 8938,olivia.teixeira.8938.8938@exemplo.com,N/A,N/A
ID08939,Patricia Dias 8939,patricia.dias.8939.8939@exemplo.com,N/A,N/A
ID08940,Eduardo Silva 8940,eduardo.silva.8940.8940@exemplo.com,N/A,N/A
ID08941,Camila Fernandes 8941,camila.fernandes.8941.8941@exemplo.com,N/A,N/A
ID08942,Daniela Carvalho 8942,daniela.carvalho.8942.8942@exemplo.com,N/A,N/A
ID08943,Igor Barbosa 8943,igor.barbosa.8943.8943@exemplo.com,170.819.617-91,(11) 90819617
ID08944,Juliana Ribeiro 8944,juliana.ribeiro.8944.8944@exemplo.com,N/A,N/A
ID08945,Patricia Dias 8945,patricia.dias.8945.8945@exemplo.com,N/A,N/A
ID08946,Otavio Fernandes 8946,otavio.fernandes.8946.8946@exemplo.com,170.843.374-02,(11) 90843374
ID08947,Igor Dias 8947,igor.dias.8947.8947@exemplo.com,N/A,N/A
ID08948,Bruno Nascimento 8948,bruno.nascimento.8948.8948@exemplo.com,170.859.212-76,(11) 90859212
ID08949,Juliana Silva 8949,juliana.silva.8949.8949@exemplo.com,170.867.131-13,(11) 90867131
ID08950,Ana Martins 8950,ana.martins.8950.8950@exemplo.com,170.875.050-50,(11) 90875050
ID08951,Lucas Rodrigues 8951,lucas.rodrigues.8951.8951@exemplo.com,N/A,N/A
ID08952,Olivia Almeida 8952,olivia.almeida.8952.8952@exemplo.com,170.890.888-24,(11) 90890888
ID08953,Gabriel Silva 8953,gabriel.silva.8953.8953@exemplo.com,170.898.807-61,(11) 90898807
ID08954,Valentina Lima 8954,valentina.lima.8954.8954@exemplo.com,170.906.726-98,(11) 90906726
ID08955,Camila Oliveira 8955,camila.oliveira.8955.8955@exemplo.com,170.914.645-35,(11) 90914645
ID08956,Giovana Nascimento 8956,giovana.nascimento.8956.8956@exemplo.com,N/A,N/A
ID08957,Sofia Oliveira 8957,sofia.oliveira.8957.8957@exemplo.com,170.930.483-09,(11) 90930483
ID08958,Eduardo Teixeira 8958,eduardo.teixeira.8958.8958@exemplo.com,N/A,N/A
ID08959,Eduardo Lima 8959,eduardo.lima.8959.8959@exemplo.com,170.946.321-83,(11) 90946321
ID08960,Giovana Teixeira 8960,giovana.teixeira.8960.8960@exemplo.com,N/A,N/A
ID08961,Paulo Lima 8961,paulo.lima.8961.8961@exemplo.com,N/A,N/A
ID08962,Felipe Costa 8962,felipe.costa.8962.8962@exemplo.com,170.970.078-94,(11) 90970078
ID08963,Daniela Lima 8963,daniela.lima.8963.8963@exemplo.com,170.977.997-31,(11) 90977997
ID08964,Larissa Ribeiro 8964,larissa.ribeiro.8964.8964@exemplo.com,N/A,N/A
ID08965,Henrique Pereira 8965,henrique.pereira.8965.8965@exemplo.com,170.993.835-05,(11) 90993835
ID08966,Ana Almeida 8966,ana.almeida.8966.8966@exemplo.com,171.001.754-42,(11) 91001754
ID08967,Natalia Martins 8967,natalia.martins.8967.8967@exemplo.com,171.009.673-79,(11) 91009673
ID08968,Isabela Carvalho 8968,isabela.carvalho.8968.8968@exemplo.com,171.017.592-16,(11) 91017592
ID08969,Isabela Martins 8969,isabela.martins.8969.8969@exemplo.com,171.025.511-53,(11) 91025511
ID08970,Eduardo Pereira 8970,eduardo.pereira.8970.8970@exemplo.com,N/A,N/A
ID08971,Vinicius Barbosa 8971,vinicius.barbosa.8971.8971@exemplo.com,171.041.349-27,(11) 91041349
ID08972,Vinicius Moura 8972,vinicius.moura.8972.8972@exemplo.com,171.049.268-64,(11) 91049268
ID08973,Larissa Barbosa 8973,larissa.barbosa.8973.8973@exemplo.com,171.057.187-01,(11) 91057187
ID08974,Lucas Ribeiro 8974,lucas.ribeiro.8974.8974@exemplo.com,171.065.106-38,(11) 91065106
ID08975,Felipe Carvalho 8975,felipe.carvalho.8975.8975@exemplo.com,171.073.025-75,(11) 91073025
ID08976,Natalia Costa 8976,natalia.costa.8976.8976@exemplo.com,171.080.944-12,(11) 91080944
ID08977,Diego Oliveira 8977,diego.oliveira.8977.8977@exemplo.com,171.088.863-49,(11) 91088863
ID08978,Paulo Rodrigues 8978,paulo.rodrigues.8978.8978@exemplo.com,171.096.782-86,(11) 91096782
ID08979,Gabriel Fernandes 8979,gabriel.fernandes.8979.8979@exemplo.com,171.104.701-23,(11) 91104701
ID08980,Mariana Gomes 8980,mariana.gomes.8980.8980@exemplo.com,171.112.620-60,(11) 91112620
ID08981,Eduardo Lima 8981,eduardo.lima.8981.8981@exemplo.com,171.120.539-97,(11) 91120539
ID08982,Isabela Ribeiro 8982,isabela.ribeiro.8982.8982@exemplo.com,N/A,N/A
ID08983,Olivia Almeida 8983,olivia.almeida.8983.8983@exemplo.com,N/A,N/A
ID08984,Eduardo Costa 8984,eduardo.costa.8984.8984@exemplo.com,171.144.296-08,(11) 91144296
ID08985,Camila Santos 8985,camila.santos.8985.8985@exemplo.com,171.152.215-45,(11) 91152215
ID08986,Nicolas Fernandes 8986,nicolas.fernandes.8986.8986@exemplo.com,171.160.134-82,(11) 91160134
ID08987,Gabriel Teixeira 8987,gabriel.teixeira.8987.8987@exemplo.com,171.168.053-19,(11) 91168053
ID08988,Sofia Nascimento 8988,sofia.nascimento.8988.8988@exemplo.com,171.175.972-56,(11) 91175972
ID08989,Sofia Almeida 8989,sofia.almeida.8989.8989@exemplo.com,171.183.891-93,(11) 91183891
ID08990,Camila Teixeira 8990,camila.teixeira.8990.8990@exemplo.com,171.191.810-30,(11) 91191810
ID08991,Felipe Lima 8991,felipe.lima.8991.8991@exemplo.com,N/A,N/A
ID08992,Eduardo Souza 8992,eduardo.souza.8992.8992@exemplo.com,N/A,N/A
ID08993,Lucas Santos 8993,lucas.santos.8993.8993@exemplo.com,171.215.567-41,(11) 91215567
ID08994,Camila Souza 8994,camila.souza.8994.8994@exemplo.com,N/A,N/A
ID08995,Beatriz Fernandes 8995,beatriz.fernandes.8995.8995@exemplo.com,171.231.405-15,(11) 91231405
ID08996,Eduardo Moura 8996,eduardo.moura.8996.8996@exemplo.com,171.239.324-52,(11) 91239324
ID08997,Daniela Lima 8997,daniela.lima.8997.8997@exemplo.com,N/A,N/A
ID08998,Juliana Carvalho 8998,juliana.carvalho.8998.8998@exemplo.com,171.255.162-26,(11) 91255162
ID08999,Gabriel Araujo 8999,gabriel.araujo.8999.8999@exemplo.com,171.263.081-63,(11) 91263081
ID09000,Henrique Costa 9000,henrique.costa.9000.9000@exemplo.com,N/A,N/A
ID09001,Joao Souza 9001,joao.souza.9001.9001@exemplo.com,171.278.919-37,(11) 91278919
ID09002,Patricia Almeida 9002,patricia.almeida.9002.9002@exemplo.com,171.286.838-74,(11) 91286838
ID09003,Joao Souza 9003,joao.souza.9003.9003@exemplo.com,171.294.757-11,(11) 91294757
ID09004,Carlos Almeida 9004,carlos.almeida.9004.9004@exemplo.com,N/A,N/A
ID09005,Diego Martins 9005,diego.martins.9005.9005@exemplo.com,171.310.595-85,(11) 91310595
ID09006,Bruno Santos 9006,bruno.santos.9006.9006@exemplo.com,171.318.514-22,(11) 91318514
ID09007,Helena Santos 9007,helena.santos.9007.9007@exemplo.com,171.326.433-59,(11) 91326433
ID09008,Giovana Souza 9008,giovana.souza.9008.9008@exemplo.com,171.334.352-96,(11) 91334352
ID09009,Rodrigo Martins 9009,rodrigo.martins.9009.9009@exemplo.com,171.342.271-33,(11) 91342271
ID09010,Nicolas Ribeiro 9010,nicolas.ribeiro.9010.9010@exemplo.com,N/A,N/A
ID09011,Igor Martins 9011,igor.martins.9011.9011@exemplo.com,N/A,N/A
ID09012,Helena Martins 9012,helena.martins.9012.9012@exemplo.com,171.366.028-44,(11) 91366028
ID09013,Elisa Moura 9013,elisa.moura.9013.9013@exemplo.com,171.373.947-81,(11) 91373947
ID09014,Henrique Costa 9014,henrique.costa.9014.9014@exemplo.com,171.381.866-18,(11) 91381866
ID09015,Camila Oliveira 9015,camila.oliveira.9015.9015@exemplo.com,171.389.785-55,(11) 91389785
ID09016,Helena Silva 9016,helena.silva.9016.9016@exemplo.com,171.397.704-92,(11) 91397704
ID09017,Helena Santos 9017,helena.santos.9017.9017@exemplo.com,171.405.623-29,(11) 91405623
ID09018,Natalia Pereira 9018,natalia.pereira.9018.9018@exemplo.com,171.413.542-66,(11) 91413542
ID09019,Ana Fernandes 9019,ana.fernandes.9019.9019@exemplo.com,171.421.461-03,(11) 91421461
ID09020,Sara Carvalho 9020,sara.carvalho.9020.9020@exemplo.com,171.429.380-40,(11) 91429380
ID09021,Isabela Carvalho 9021,isabela.carvalho.9021.9021@exemplo.com,171.437.299-77,(11) 91437299
ID09022,Beatriz Nascimento 9022,beatriz.nascimento.9022.9022@exemplo.com,N/A,N/A
ID09023,Elisa Dias 9023,elisa.dias.9023.9023@exemplo.com,171.453.137-51,(11) 91453137
ID09024,Nicolas Dias 9024,nicolas.dias.9024.9024@exemplo.com,N/A,N/A
ID09025,Victor Carvalho 9025,victor.carvalho.9025.9025@exemplo.com,171.468.975-25,(11) 91468975
ID09026,Patricia Fernandes 9026,patricia.fernandes.9026.9026@exemplo.com,N/A,N/A
ID09027,Marcelo Martins 9027,marcelo.martins.9027.9027@exemplo.com,171.484.813-99,(11) 91484813
ID09028,Elisa Araujo 9028,elisa.araujo.9028.9028@exemplo.com,N/A,N/A
ID09029,Sara Rodrigues 9029,sara.rodrigues.9029.9029@exemplo.com,N/A,N/A
ID09030,Rodrigo Dias 9030,rodrigo.dias.9030.9030@exemplo.com,171.508.570-10,(11) 91508570
ID09031,Olivia Santos 9031,olivia.santos.9031.9031@exemplo.com,171.516.489-47,(11) 91516489
ID09032,Patricia Nascimento 9032,patricia.nascimento.9032.9032@exemplo.com,171.524.408-84,(11) 91524408
ID09033,Olivia Souza 9033,olivia.souza.9033.9033@exemplo.com,171.532.327-21,(11) 91532327
ID09034,Ana Rodrigues 9034,ana.rodrigues.9034.9034@exemplo.com,171.540.246-58,(11) 91540246
ID09035,Elisa Almeida 9035,elisa.almeida.9035.9035@exemplo.com,171.548.165-95,(11) 91548165
ID09036,Juliana Santos 9036,juliana.santos.9036.9036@exemplo.com,N/A,N/A
ID09037,Nicolas Pereira 9037,nicolas.pereira.9037.9037@exemplo.com,N/A,N/A
ID09038,Ana Ribeiro 9038,ana.ribeiro.9038.9038@exemplo.com,171.571.922-06,(11) 91571922
ID09039,Helena Silva 9039,helena.silva.9039.9039@exemplo.com,N/A,N/A
ID09040,Juliana Silva 9040,juliana.silva.9040.9040@exemplo.com,N/A,N/A
ID09041,Thiago Nascimento 9041,thiago.nascimento.9041.9041@exemplo.com,171.595.679-17,(11) 91595679
ID09042,Larissa Gomes 9042,larissa.gomes.9042.9042@exemplo.com,171.603.598-54,(11) 91603598
ID09043,Elisa Nascimento 9043,elisa.nascimento.9043.9043@exemplo.com,N/A,N/A
ID09044,Nicolas Costa 9044,nicolas.costa.9044.9044@exemplo.com,171.619.436-28,(11) 91619436
ID09045,Bruno Santos 9045,bruno.santos.9045.9045@exemplo.com,171.627.355-65,(11) 91627355
ID09046,Daniela Martins 9046,daniela.martins.9046.9046@exemplo.com,171.635.274-02,(11) 91635274
ID09047,Patricia Souza 9047,patricia.souza.9047.9047@exemplo.com,171.643.193-39,(11) 91643193
ID09048,Sofia Araujo 9048,sofia.araujo.9048.9048@exemplo.com,171.651.112-76,(11) 91651112
ID09049,Diego Pereira 9049,diego.pereira.9049.9049@exemplo.com,N/A,N/A
ID09050,Gabriel Souza 9050,gabriel.souza.9050.9050@exemplo.com,171.666.950-50,(11) 91666950
ID09051,Vinicius Almeida 9051,vinicius.almeida.9051.9051@exemplo.com,N/A,N/A
ID09052,Olivia Almeida 9052,olivia.almeida.9052.9052@exemplo.com,N/A,N/A
ID09053,Bruno Rodrigues 9053,bruno.rodrigues.9053.9053@exemplo.com,171.690.707-61,(11) 91690707
ID09054,Elisa Oliveira 9054,elisa.oliveira.9054.9054@exemplo.com,N/A,N/A
ID09055,Eduardo Teixeira 9055,eduardo.teixeira.9055.9055@exemplo.com,171.706.545-35,(11) 91706545
ID09056,Carlos Silva 9056,carlos.silva.9056.9056@exemplo.com,N/A,N/A
ID09057,Camila Martins 9057,camila.martins.9057.9057@exemplo.com,N/A,N/A
ID09058,Bruno Silva 9058,bruno.silva.9058.9058@exemplo.com,N/A,N/A
ID09059,Sara Gomes 9059,sara.gomes.9059.9059@exemplo.com,171.738.221-83,(11) 91738221
ID09060,Juliana Gomes 9060,juliana.gomes.9060.9060@exemplo.com,171.746.140-20,(11) 91746140
ID09061,Paulo Almeida 9061,paulo.almeida.9061.9061@exemplo.com,171.754.059-57,(11) 91754059
ID09062,Henrique Costa 9062,henrique.costa.9062.9062@exemplo.com,N/A,N/A
ID09063,Paulo Carvalho 9063,paulo.carvalho.9063.9063@exemplo.com,N/A,N/A
ID09064,Larissa Teixeira 9064,larissa.teixeira.9064.9064@exemplo.com,N/A,N/A
ID09065,Beatriz Martins 9065,beatriz.martins.9065.9065@exemplo.com,N/A,N/A
ID09066,Gabriel Barbosa 9066,gabriel.barbosa.9066.9066@exemplo.com,N/A,N/A
ID09067,Helena Rodrigues 9067,helena.rodrigues.9067.9067@exemplo.com,N/A,N/A
ID09068,Patricia Fernandes 9068,patricia.fernandes.9068.9068@exemplo.com,171.809.492-16,(11) 91809492
ID09069,Rodrigo Souza 9069,rodrigo.souza.9069.9069@exemplo.com,171.817.411-53,(11) 91817411
ID09070,Larissa Ribeiro 9070,larissa.ribeiro.9070.9070@exemplo.com,N/A,N/A
ID09071,Isabela Dias 9071,isabela.dias.9071.9071@exemplo.com,171.833.249-27,(11) 91833249
ID09072,Paulo Dias 9072,paulo.dias.9072.9072@exemplo.com,171.841.168-64,(11) 91841168
ID09073,Diego Lima 9073,diego.lima.9073.9073@exemplo.com,171.849.087-01,(11) 91849087
ID09074,Thiago Carvalho 9074,thiago.carvalho.9074.9074@exemplo.com,171.857.006-38,(11) 91857006
ID09075,Yasmin Dias 9075,yasmin.dias.9075.9075@exemplo.com,171.864.925-75,(11) 91864925
ID09076,Larissa Araujo 9076,larissa.araujo.9076.9076@exemplo.com,171.872.844-12,(11) 91872844
ID09077,Vinicius Almeida 9077,vinicius.almeida.9077.9077@exemplo.com,N/A,N/A
ID09078,Henrique Almeida 9078,henrique.almeida.9078.9078@exemplo.com,N/A,N/A
ID09079,Ana Rodrigues 9079,ana.rodrigues.9079.9079@exemplo.com,N/A,N/A
ID09080,Thiago Nascimento 9080,thiago.nascimento.9080.9080@exemplo.com,N/A,N/A
ID09081,Ana Costa 9081,ana.costa.9081.9081@exemplo.com,N/A,N/A
ID09082,Victor Oliveira 9082,victor.oliveira.9082.9082@exemplo.com,171.920.358-34,(11) 91920358
ID09083,Rodrigo Santos 9083,rodrigo.santos.9083.9083@exemplo.com,N/A,N/A
ID09084,Valentina Almeida 9084,valentina.almeida.9084.9084@exemplo.com,171.936.196-08,(11) 91936196
ID09085,Daniela Martins 9085,daniela.martins.9085.9085@exemplo.com,171.944.115-45,(11) 91944115
ID09086,Lucas Santos 9086,lucas.santos.9086.9086@exemplo.com,171.952.034-82,(11) 91952034
ID09087,Fernanda Fernandes 9087,fernanda.fernandes.9087.9087@exemplo.com,N/A,N/A
ID09088,Juliana Teixeira 9088,juliana.teixeira.9088.9088@exemplo.com,N/A,N/A
ID09089,Yasmin Souza 9089,yasmin.souza.9089.9089@exemplo.com,171.975.791-93,(11) 91975791
ID09090,Paulo Barbosa 9090,paulo.barbosa.9090.9090@exemplo.com,171.983.710-30,(11) 91983710
ID09091,Marcelo Dias 9091,marcelo.dias.9091.9091@exemplo.com,171.991.629-67,(11) 91991629
ID09092,Sofia Carvalho 9092,sofia.carvalho.9092.9092@exemplo.com,171.999.548-04,(11) 91999548
ID09093,Mariana Nascimento 9093,mariana.nascimento.9093.9093@exemplo.com,172.007.467-41,(11) 92007467
ID09094,Elisa Lima 9094,elisa.lima.9094.9094@exemplo.com,172.015.386-78,(11) 92015386
ID09095,Olivia Santos 9095,olivia.santos.9095.9095@exemplo.com,172.023.305-15,(11) 92023305
ID09096,Natalia Nascimento 9096,natalia.nascimento.9096.9096@exemplo.com,172.031.224-52,(11) 92031224
ID09097,Nicolas Martins 9097,nicolas.martins.9097.9097@exemplo.com,N/A,N/A
ID09098,Vinicius Nascimento 9098,vinicius.nascimento.9098.9098@exemplo.com,172.047.062-26,(11) 92047062
ID09099,Rafael Lima 9099,rafael.lima.9099.9099@exemplo.com,N/A,N/A
ID09100,Isabela Teixeira 9100,isabela.teixeira.9100.9100@exemplo.com,N/A,N/A
ID09101,Helena Oliveira 9101,helena.oliveira.9101.9101@exemplo.com,172.070.819-37,(11) 92070819
ID09102,Rodrigo Gomes 9102,rodrigo.gomes.9102.9102@exemplo.com,N/A,N/A
ID09103,Beatriz Oliveira 9103,beatriz.oliveira.9103.9103@exemplo.com,N/A,N/A
ID09104,Gabriel Lima 9104,gabriel.lima.9104.9104@exemplo.com,172.094.576-48,(11) 92094576
ID09105,Vinicius Araujo 9105,vinicius.araujo.9105.9105@exemplo.com,172.102.495-85,(11) 92102495
ID09106,Vinicius Silva 9106,vinicius.silva.9106.9106@exemplo.com,N/A,N/A
ID09107,Igor Souza 9107,igor.souza.9107.9107@exemplo.com,N/A,N/A
ID09108,Isabela Carvalho 9108,isabela.carvalho.9108.9108@exemplo.com,172.126.252-96,(11) 92126252
ID09109,Thiago Teixeira 9109,thiago.teixeira.9109.9109@exemplo.com,172.134.171-33,(11) 92134171
ID09110,Nicolas Moura 9110,nicolas.moura.9110.9110@exemplo.com,172.142.090-70,(11) 92142090
ID09111,Gabriel Rodrigues 9111,gabriel.rodrigues.9111.9111@exemplo.com,172.150.009-07,(11) 92150009
ID09112,Diego Pereira 9112,diego.pereira.9112.9112@exemplo.com,172.157.928-44,(11) 92157928
ID09113,Helena Silva 9113,helena.silva.9113.9113@exemplo.com,172.165.847-81,(11) 92165847
ID09114,Mariana Gomes 9114,mariana.gomes.9114.9114@exemplo.com,172.173.766-18,(11) 92173766
ID09115,Henrique Martins 9115,henrique.martins.9115.9115@exemplo.com,N/A,N/A
ID09116,Diego Almeida 9116,diego.almeida.9116.9116@exemplo.com,172.189.604-92,(11) 92189604
ID09117,Giovana Gomes 9117,giovana.gomes.9117.9117@exemplo.com,N/A,N/A
ID09118,Giovana Oliveira 9118,giovana.oliveira.9118.9118@exemplo.com,172.205.442-66,(11) 92205442
ID09119,Ana Lima 9119,ana.lima.9119.9119@exemplo.com,172.213.361-03,(11) 92213361
ID09120,Felipe Santos 9120,felipe.santos.9120.9120@exemplo.com,172.221.280-40,(11) 92221280
ID09121,Beatriz Araujo 9121,beatriz.araujo.9121.9121@exemplo.com,172.229.199-77,(11) 92229199
ID09122,Henrique Pereira 9122,henrique.pereira.9122.9122@exemplo.com,172.237.118-14,(11) 92237118
ID09123,Larissa Araujo 9123,larissa.araujo.9123.9123@exemplo.com,N/A,N/A
ID09124,Daniela Santos 9124,daniela.santos.9124.9124@exemplo.com,172.252.956-88,(11) 92252956
ID09125,Patricia Santos 9125,patricia.santos.9125.9125@exemplo.com,172.260.875-25,(11) 92260875
ID09126,Sofia Teixeira 9126,sofia.teixeira.9126.9126@exemplo.com,N/A,N/A
ID09127,Felipe Oliveira 9127,felipe.oliveira.9127.9127@exemplo.com,N/A,N/A
ID09128,Igor Silva 9128,igor.silva.9128.9128@exemplo.com,172.284.632-36,(11) 92284632
ID09129,Beatriz Martins 9129,beatriz.martins.9129.9129@exemplo.com,N/A,N/A
ID09130,Daniela Pereira 9130,daniela.pereira.9130.9130@exemplo.com,172.300.470-10,(11) 92300470
ID09131,Felipe Almeida 9131,felipe.almeida.9131.9131@exemplo.com,172.308.389-47,(11) 92308389
ID09132,Vinicius Almeida 9132,vinicius.almeida.9132.9132@exemplo.com,172.316.308-84,(11) 92316308
ID09133,Yasmin Rodrigues 9133,yasmin.rodrigues.9133.9133@exemplo.com,N/A,N/A
ID09134,Giovana Souza 9134,giovana.souza.9134.9134@exemplo.com,172.332.146-58,(11) 92332146
ID09135,Larissa Teixeira 9135,larissa.teixeira.9135.9135@exemplo.com,N/A,N/A
ID09136,Isabela Ribeiro 9136,isabela.ribeiro.9136.9136@exemplo.com,172.347.984-32,(11) 92347984
ID09137,Sara Ribeiro 9137,sara.ribeiro.9137.9137@exemplo.com,172.355.903-69,(11) 92355903
ID09138,Felipe Souza 9138,felipe.souza.9138.9138@exemplo.com,172.363.822-06,(11) 92363822
ID09139,Juliana Dias 9139,juliana.dias.9139.9139@exemplo.com,N/A,N/A
ID09140,Thiago Souza 9140,thiago.souza.9140.9140@exemplo.com,172.379.660-80,(11) 92379660
ID09141,Otavio Carvalho 9141,otavio.carvalho.9141.9141@exemplo.com,172.387.579-17,(11) 92387579
ID09142,Elisa Almeida 9142,elisa.almeida.9142.9142@exemplo.com,172.395.498-54,(11) 92395498
ID09143,Valentina Carvalho 9143,valentina.carvalho.9143.9143@exemplo.com,172.403.417-91,(11) 92403417
ID09144,Rodrigo Fernandes 9144,rodrigo.fernandes.9144.9144@exemplo.com,172.411.336-28,(11) 92411336
ID09145,Sofia Moura 9145,sofia.moura.9145.9145@exemplo.com,172.419.255-65,(11) 92419255
ID09146,Mariana Araujo 9146,mariana.araujo.9146.9146@exemplo.com,172.427.174-02,(11) 92427174
ID09147,Nicolas Ribeiro 9147,nicolas.ribeiro.9147.9147@exemplo.com,172.435.093-39,(11) 92435093
ID09148,Sara Rodrigues 9148,sara.rodrigues.9148.9148@exemplo.com,172.443.012-76,(11) 92443012
ID09149,Vinicius Araujo 9149,vinicius.araujo.9149.9149@exemplo.com,172.450.931-13,(11) 92450931
ID09150,Igor Santos 9150,igor.santos.9150.9150@exemplo.com,N/A,N/A
ID09151,Valentina Moura 9151,valentina.moura.9151.9151@exemplo.com,172.466.769-87,(11) 92466769
ID09152,Sofia Fernandes 9152,sofia.fernandes.9152.9152@exemplo.com,N/A,N/A
ID09153,Rodrigo Fernandes 9153,rodrigo.fernandes.9153.9153@exemplo.com,N/A,N/A
ID09154,Helena Rodrigues 9154,helena.rodrigues.9154.9154@exemplo.com,N/A,N/A
ID09155,Rafael Fernandes 9155,rafael.fernandes.9155.9155@exemplo.com,172.498.445-35,(11) 92498445
ID09156,Daniela Fernandes 9156,daniela.fernandes.9156.9156@exemplo.com,172.506.364-72,(11) 92506364
ID09157,Marcelo Moura 9157,marcelo.moura.9157.9157@exemplo.com,172.514.283-09,(11) 92514283
ID09158,Paulo Araujo 9158,paulo.araujo.9158.9158@exemplo.com,172.522.202-46,(11) 92522202
ID09159,Beatriz Oliveira 9159,beatriz.oliveira.9159.9159@exemplo.com,172.530.121-83,(11) 92530121
ID09160,Camila Souza 9160,camila.souza.9160.9160@exemplo.com,172.538.040-20,(11) 92538040
ID09161,Rafael Pereira 9161,rafael.pereira.9161.9161@exemplo.com,172.545.959-57,(11) 92545959
ID09162,Bruno Pereira 9162,bruno.pereira.9162.9162@exemplo.com,172.553.878-94,(11) 92553878
ID09163,Camila Dias 9163,camila.dias.9163.9163@exemplo.com,172.561.797-31,(11) 92561797
ID09164,Fernanda Ribeiro 9164,fernanda.ribeiro.9164.9164@exemplo.com,172.569.716-68,(11) 92569716
ID09165,Carlos Souza 9165,carlos.souza.9165.9165@exemplo.com,N/A,N/A
ID09166,Rafael Dias 9166,rafael.dias.9166.9166@exemplo.com,172.585.554-42,(11) 92585554
ID09167,Paulo Rodrigues 9167,paulo.rodrigues.9167.9167@exemplo.com,N/A,N/A
ID09168,Juliana Carvalho 9168,juliana.carvalho.9168.9168@exemplo.com,172.601.392-16,(11) 92601392
ID09169,Valentina Rodrigues 9169,valentina.rodrigues.9169.9169@exemplo.com,N/A,N/A
ID09170,Otavio Almeida 9170,otavio.almeida.9170.9170@exemplo.com,172.617.230-90,(11) 92617230
ID09171,Yasmin Silva 9171,yasmin.silva.9171.9171@exemplo.com,N/A,N/A
ID09172,Paulo Ribeiro 9172,paulo.ribeiro.9172.9172@exemplo.com,172.633.068-64,(11) 92633068
ID09173,Bruno Teixeira 9173,bruno.teixeira.9173.9173@exemplo.com,172.640.987-01,(11) 92640987
ID09174,Henrique Fernandes 9174,henrique.fernandes.9174.9174@exemplo.com,172.648.906-38,(11) 92648906
ID09175,Vinicius Nascimento 9175,vinicius.nascimento.9175.9175@exemplo.com,172.656.825-75,(11) 92656825
ID09176,Juliana Gomes 9176,juliana.gomes.9176.9176@exemplo.com,N/A,N/A
ID09177,Victor Fernandes 9177,victor.fernandes.9177.9177@exemplo.com,172.672.663-49,(11) 92672663
ID09178,Olivia Barbosa 9178,olivia.barbosa.9178.9178@exemplo.com,N/A,N/A
ID09179,Gabriel Moura 9179,gabriel.moura.9179.9179@exemplo.com,172.688.501-23,(11) 92688501
ID09180,Larissa Ribeiro 9180,larissa.ribeiro.9180.9180@exemplo.com,N/A,N/A
ID09181,Eduardo Ribeiro 9181,eduardo.ribeiro.9181.9181@exemplo.com,N/A,N/A
ID09182,Valentina Araujo 9182,valentina.araujo.9182.9182@exemplo.com,N/A,N/A
ID09183,Beatriz Teixeira 9183,beatriz.teixeira.9183.9183@exemplo.com,172.720.177-71,(11) 92720177
ID09184,Diego Martins 9184,diego.martins.9184.9184@exemplo.com,N/A,N/A
ID09185,Fernanda Costa 9185,fernanda.costa.9185.9185@exemplo.com,172.736.015-45,(11) 92736015
ID09186,Eduardo Souza 9186,eduardo.souza.9186.9186@exemplo.com,172.743.934-82,(11) 92743934
ID09187,Olivia Souza 9187,olivia.souza.9187.9187@exemplo.com,N/A,N/A
ID09188,Joao Oliveira 9188,joao.oliveira.9188.9188@exemplo.com,N/A,N/A
ID09189,Victor Carvalho 9189,victor.carvalho.9189.9189@exemplo.com,172.767.691-93,(11) 92767691
ID09190,Ana Moura 9190,ana.moura.9190.9190@exemplo.com,N/A,N/A
ID09191,Rafael Oliveira 9191,rafael.oliveira.9191.9191@exemplo.com,172.783.529-67,(11) 92783529
ID09192,Natalia Nascimento 9192,natalia.nascimento.9192.9192@exemplo.com,N/A,N/A
ID09193,Helena Martins 9193,helena.martins.9193.9193@exemplo.com,172.799.367-41,(11) 92799367
ID09194,Beatriz Pereira 9194,beatriz.pereira.9194.9194@exemplo.com,172.807.286-78,(11) 92807286
ID09195,Elisa Moura 9195,elisa.moura.9195.9195@exemplo.com,N/A,N/A
ID09196,Olivia Dias 9196,olivia.dias.9196.9196@exemplo.com,172.823.124-52,(11) 92823124
ID09197,Victor Silva 9197,victor.silva.9197.9197@exemplo.com,172.831.043-89,(11) 92831043
ID09198,Victor Fernandes 9198,victor.fernandes.9198.9198@exemplo.com,172.838.962-26,(11) 92838962
ID09199,Joao Pereira 9199,joao.pereira.9199.9199@exemplo.com,172.846.881-63,(11) 92846881
ID09200,Lucas Oliveira 9200,lucas.oliveira.9200.9200@exemplo.com,172.854.800-00,(11) 92854800
ID09201,Natalia Pereira 9201,natalia.pereira.9201.9201@exemplo.com,N/A,N/A
ID09202,Felipe Moura 9202,felipe.moura.9202.9202@exemplo.com,172.870.638-74,(11) 92870638
ID09203,Daniela Moura 9203,daniela.moura.9203.9203@exemplo.com,172.878.557-11,(11) 92878557
ID09204,Felipe Nascimento 9204,felipe.nascimento.9204.9204@exemplo.com,172.886.476-48,(11) 92886476
ID09205,Igor Martins 9205,igor.martins.9205.9205@exemplo.com,172.894.395-85,(11) 92894395
ID09206,Sara Ribeiro 9206,sara.ribeiro.9206.9206@exemplo.com,N/A,N/A
ID09207,Nicolas Almeida 9207,nicolas.almeida.9207.9207@exemplo.com,172.910.233-59,(11) 92910233
ID09208,Felipe Ribeiro 9208,felipe.ribeiro.9208.9208@exemplo.com,172.918.152-96,(11) 92918152
ID09209,Gabriel Araujo 9209,gabriel.araujo.9209.9209@exemplo.com,172.926.071-33,(11) 92926071
ID09210,Juliana Teixeira 9210,juliana.teixeira.9210.9210@exemplo.com,N/A,N/A
ID09211,Sara Ribeiro 9211,sara.ribeiro.9211.9211@exemplo.com,172.941.909-07,(11) 92941909
ID09212,Igor Martins 9212,igor.martins.9212.9212@exemplo.com,N/A,N/A
ID09213,Henrique Barbosa 9213,henrique.barbosa.9213.9213@exemplo.com,N/A,N/A
ID09214,Larissa Ribeiro 9214,larissa.ribeiro.9214.9214@exemplo.com,172.965.666-18,(11) 92965666
ID09215,Felipe Carvalho 9215,felipe.carvalho.9215.9215@exemplo.com,172.973.585-55,(11) 92973585
ID09216,Diego Lima 9216,diego.lima.9216.9216@exemplo.com,172.981.504-92,(11) 92981504
ID09217,Nicolas Barbosa 9217,nicolas.barbosa.9217.9217@exemplo.com,172.989.423-29,(11) 92989423
ID09218,Natalia Silva 9218,natalia.silva.9218.9218@exemplo.com,172.997.342-66,(11) 92997342
ID09219,Lucas Nascimento 9219,lucas.nascimento.9219.9219@exemplo.com,N/A,N/A
ID09220,Fernanda Ribeiro 9220,fernanda.ribeiro.9220.9220@exemplo.com,173.013.180-40,(11) 93013180
ID09221,Fernanda Dias 9221,fernanda.dias.9221.9221@exemplo.com,173.021.099-77,(11) 93021099
ID09222,Giovana Ribeiro 9222,giovana.ribeiro.9222.9222@exemplo.com,173.029.018-14,(11) 93029018
ID09223,Otavio Martins 9223,otavio.martins.9223.9223@exemplo.com,173.036.937-51,(11) 93036937
ID09224,Olivia Almeida 9224,olivia.almeida.9224.9224@exemplo.com,173.044.856-88,(11) 93044856
ID09225,Olivia Fernandes 9225,olivia.fernandes.9225.9225@exemplo.com,173.052.775-25,(11) 93052775
ID09226,Diego Dias 9226,diego.dias.9226.9226@exemplo.com,N/A,N/A
ID09227,Yasmin Teixeira 9227,yasmin.teixeira.9227.9227@exemplo.com,173.068.613-99,(11) 93068613
ID09228,Juliana Costa 9228,juliana.costa.9228.9228@exemplo.com,173.076.532-36,(11) 93076532
ID09229,Olivia Souza 9229,olivia.souza.9229.9229@exemplo.com,173.084.451-73,(11) 93084451
ID09230,Elisa Dias 9230,elisa.dias.9230.9230@exemplo.com,173.092.370-10,(11) 93092370
ID09231,Larissa Silva 9231,larissa.silva.9231.9231@exemplo.com,N/A,N/A
ID09232,Valentina Araujo 9232,valentina.araujo.9232.9232@exemplo.com,N/A,N/A
ID09233,Paulo Rodrigues 9233,paulo.rodrigues.9233.9233@exemplo.com,173.116.127-21,(11) 93116127
ID09234,Vinicius Araujo 9234,vinicius.araujo.9234.9234@exemplo.com,173.124.046-58,(11) 93124046
ID09235,Marcelo Moura 9235,marcelo.moura.9235.9235@exemplo.com,173.131.965-95,(11) 93131965
ID09236,Rafael Fernandes 9236,rafael.fernandes.9236.9236@exemplo.com,N/A,N/A
ID09237,Rafael Ribeiro 9237,rafael.ribeiro.9237.9237@exemplo.com,173.147.803-69,(11) 93147803
ID09238,Henrique Rodrigues 9238,henrique.rodrigues.9238.9238@exemplo.com,173.155.722-06,(11) 93155722
ID09239,Henrique Santos 9239,henrique.santos.9239.9239@exemplo.com,N/A,N/A
ID09240,Marcelo Nascimento 9240,marcelo.nascimento.9240.9240@exemplo.com,173.171.560-80,(11) 93171560
ID09241,Thiago Oliveira 9241,thiago.oliveira.9241.9241@exemplo.com,N/A,N/A
ID09242,Beatriz Lima 9242,beatriz.lima.9242.9242@exemplo.com,173.187.398-54,(11) 93187398
ID09243,Larissa Dias 9243,larissa.dias.9243.9243@exemplo.com,N/A,N/A
ID09244,Fernanda Souza 9244,fernanda.souza.9244.9244@exemplo.com,N/A,N/A
ID09245,Marcelo Moura 9245,marcelo.moura.9245.9245@exemplo.com,173.211.155-65,(11) 93211155
ID09246,Fernanda Carvalho 9246,fernanda.carvalho.9246.9246@exemplo.com,173.219.074-02,(11) 93219074
ID09247,Igor Souza 9247,igor.souza.9247.9247@exemplo.com,173.226.993-39,(11) 93226993
ID09248,Paulo Costa 9248,paulo.costa.9248.9248@exemplo.com,N/A,N/A
ID09249,Helena Souza 9249,helena.souza.9249.9249@exemplo.com,N/A,N/A
ID09250,Igor Araujo 9250,igor.araujo.9250.9250@exemplo.com,173.250.750-50,(11) 93250750
ID09251,Ana Costa 9251,ana.costa.9251.9251@exemplo.com,173.258.669-87,(11) 93258669
ID09252,Igor Dias 9252,igor.dias.9252.9252@exemplo.com,N/A,N/A
ID09253,Natalia Costa 9253,natalia.costa.9253.9253@exemplo.com,173.274.507-61,(11) 93274507
ID09254,Mariana Martins 9254,mariana.martins.9254.9254@exemplo.com,173.282.426-98,(11) 93282426
ID09255,Lucas Dias 9255,lucas.dias.9255.9255@exemplo.com,173.290.345-35,(11) 93290345
ID09256,Paulo Barbosa 9256,paulo.barbosa.9256.9256@exemplo.com,173.298.264-72,(11) 93298264
ID09257,Rodrigo Moura 9257,rodrigo.moura.9257.9257@exemplo.com,173.306.183-09,(11) 93306183
ID09258,Elisa Barbosa 9258,elisa.barbosa.9258.9258@exemplo.com,173.314.102-46,(11) 93314102
ID09259,Larissa Ribeiro 9259,larissa.ribeiro.9259.9259@exemplo.com,N/A,N/A
ID09260,Camila Gomes 9260,camila.gomes.9260.9260@exemplo.com,173.329.940-20,(11) 93329940
ID09261,Thiago Carvalho 9261,thiago.carvalho.9261.9261@exemplo.com,173.337.859-57,(11) 93337859
ID09262,Otavio Araujo 9262,otavio.araujo.9262.9262@exemplo.com,173.345.778-94,(11) 93345778
ID09263,Igor Souza 9263,igor.souza.9263.9263@exemplo.com,N/A,N/A
ID09264,Lucas Araujo 9264,lucas.araujo.9264.9264@exemplo.com,173.361.616-68,(11) 93361616
ID09265,Larissa Costa 9265,larissa.costa.9265.9265@exemplo.com,173.369.535-05,(11) 93369535
ID09266,Joao Almeida 9266,joao.almeida.9266.9266@exemplo.com,173.377.454-42,(11) 93377454
ID09267,Igor Pereira 9267,igor.pereira.9267.9267@exemplo.com,N/A,N/A
ID09268,Henrique Almeida 9268,henrique.almeida.9268.9268@exemplo.com,173.393.292-16,(11) 93393292
ID09269,Henrique Oliveira 9269,henrique.oliveira.9269.9269@exemplo.com,N/A,N/A
ID09270,Gabriel Barbosa 9270,gabriel.barbosa.9270.9270@exemplo.com,173.409.130-90,(11) 93409130
ID09271,Juliana Ribeiro 9271,juliana.ribeiro.9271.9271@exemplo.com,173.417.049-27,(11) 93417049
ID09272,Joao Almeida 9272,joao.almeida.9272.9272@exemplo.com,173.424.968-64,(11) 93424968
ID09273,Paulo Oliveira 9273,paulo.oliveira.9273.9273@exemplo.com,173.432.887-01,(11) 93432887
ID09274,Joao Nascimento 9274,joao.nascimento.9274.9274@exemplo.com,173.440.806-38,(11) 93440806
ID09275,Lucas Fernandes 9275,lucas.fernandes.9275.9275@exemplo.com,173.448.725-75,(11) 93448725
ID09276,Isabela Nascimento 9276,isabela.nascimento.9276.9276@exemplo.com,173.456.644-12,(11) 93456644
ID09277,Paulo Teixeira 9277,paulo.teixeira.9277.9277@exemplo.com,173.464.563-49,(11) 93464563
ID09278,Daniela Nascimento 9278,daniela.nascimento.9278.9278@exemplo.com,N/A,N/A
ID09279,Igor Rodrigues 9279,igor.rodrigues.9279.9279@exemplo.com,173.480.401-23,(11) 93480401
ID09280,Daniela Carvalho 9280,daniela.carvalho.9280.9280@exemplo.com,173.488.320-60,(11) 93488320
ID09281,Joao Dias 9281,joao.dias.9281.9281@exemplo.com,173.496.239-97,(11) 93496239
ID09282,Fernanda Barbosa 9282,fernanda.barbosa.9282.9282@exemplo.com,N/A,N/A
ID09283,Nicolas Barbosa 9283,nicolas.barbosa.9283.9283@exemplo.com,N/A,N/A
ID09284,Felipe Nascimento 9284,felipe.nascimento.9284.9284@exemplo.com,N/A,N/A
ID09285,Victor Araujo 9285,victor.araujo.9285.9285@exemplo.com,173.527.915-45,(11) 93527915
ID09286,Camila Fernandes 9286,camila.fernandes.9286.9286@exemplo.com,173.535.834-82,(11) 93535834
ID09287,Patricia Gomes 9287,patricia.gomes.9287.9287@exemplo.com,173.543.753-19,(11) 93543753
ID09288,Sara Carvalho 9288,sara.carvalho.9288.9288@exemplo.com,N/A,N/A
ID09289,Olivia Martins 9289,olivia.martins.9289.9289@exemplo.com,N/A,N/A
ID09290,Vinicius Gomes 9290,vinicius.gomes.9290.9290@exemplo.com,173.567.510-30,(11) 93567510
ID09291,Diego Barbosa 9291,diego.barbosa.9291.9291@exemplo.com,N/A,N/A
ID09292,Nicolas Ribeiro 9292,nicolas.ribeiro.9292.9292@exemplo.com,173.583.348-04,(11) 93583348
ID09293,Sara Carvalho 9293,sara.carvalho.9293.9293@exemplo.com,173.591.267-41,(11) 93591267
ID09294,Eduardo Ribeiro 9294,eduardo.ribeiro.9294.9294@exemplo.com,173.599.186-78,(11) 93599186
ID09295,Igor Santos 9295,igor.santos.9295.9295@exemplo.com,173.607.105-15,(11) 93607105
ID09296,Joao Barbosa 9296,joao.barbosa.9296.9296@exemplo.com,173.615.024-52,(11) 93615024
ID09297,Beatriz Costa 9297,beatriz.costa.9297.9297@exemplo.com,173.622.943-89,(11) 93622943
ID09298,Felipe Carvalho 9298,felipe.carvalho.9298.9298@exemplo.com,173.630.862-26,(11) 93630862
ID09299,Isabela Carvalho 9299,isabela.carvalho.9299.9299@exemplo.com,173.638.781-63,(11) 93638781
ID09300,Mariana Souza 9300,mariana.souza.9300.9300@exemplo.com,173.646.700-00,(11) 93646700
ID09301,Larissa Moura 9301,larissa.moura.9301.9301@exemplo.com,N/A,N/A
ID09302,Vinicius Gomes 9302,vinicius.gomes.9302.9302@exemplo.com,173.662.538-74,(11) 93662538
ID09303,Patricia Teixeira 9303,patricia.teixeira.9303.9303@exemplo.com,173.670.457-11,(11) 93670457
ID09304,Natalia Santos 9304,natalia.santos.9304.9304@exemplo.com,173.678.376-48,(11) 93678376
ID09305,Victor Oliveira 9305,victor.oliveira.9305.9305@exemplo.com,173.686.295-85,(11) 93686295
ID09306,Eduardo Nascimento 9306,eduardo.nascimento.9306.9306@exemplo.com,173.694.214-22,(11) 93694214
ID09307,Daniela Martins 9307,daniela.martins.9307.9307@exemplo.com,N/A,N/A
ID09308,Sara Araujo 9308,sara.araujo.9308.9308@exemplo.com,173.710.052-96,(11) 93710052
ID09309,Eduardo Nascimento 9309,eduardo.nascimento.9309.9309@exemplo.com,N/A,N/A
ID09310,Juliana Nascimento 9310,juliana.nascimento.9310.9310@exemplo.com,N/A,N/A
ID09311,Elisa Teixeira 9311,elisa.teixeira.9311.9311@exemplo.com,173.733.809-07,(11) 93733809
ID09312,Marcelo Pereira 9312,marcelo.pereira.9312.9312@exemplo.com,173.741.728-44,(11) 93741728
ID09313,Isabela Fernandes 9313,isabela.fernandes.9313.9313@exemplo.com,N/A,N/A
ID09314,Joao Martins 9314,joao.martins.9314.9314@exemplo.com,N/A,N/A
ID09315,Victor Oliveira 9315,victor.oliveira.9315.9315@exemplo.com,N/A,N/A
ID09316,Joao Pereira 9316,joao.pereira.9316.9316@exemplo.com,N/A,N/A
ID09317,Giovana Dias 9317,giovana.dias.9317.9317@exemplo.com,N/A,N/A
ID09318,Eduardo Barbosa 9318,eduardo.barbosa.9318.9318@exemplo.com,N/A,N/A
ID09319,Felipe Nascimento 9319,felipe.nascimento.9319.9319@exemplo.com,N/A,N/A
ID09320,Gabriel Fernandes 9320,gabriel.fernandes.9320.9320@exemplo.com,173.805.080-40,(11) 93805080
ID09321,Rodrigo Dias 9321,rodrigo.dias.9321.9321@exemplo.com,173.812.999-77,(11) 93812999
ID09322,Valentina Lima 9322,valentina.lima.9322.9322@exemplo.com,N/A,N/A
ID09323,Sara Araujo 9323,sara.araujo.9323.9323@exemplo.com,173.828.837-51,(11) 93828837
ID09324,Rafael Fernandes 9324,rafael.fernandes.9324.9324@exemplo.com,173.836.756-88,(11) 93836756
ID09325,Ana Gomes 9325,ana.gomes.9325.9325@exemplo.com,N/A,N/A
ID09326,Juliana Costa 9326,juliana.costa.9326.9326@exemplo.com,N/A,N/A
ID09327,Diego Lima 9327,diego.lima.9327.9327@exemplo.com,N/A,N/A
ID09328,Bruno Rodrigues 9328,bruno.rodrigues.9328.9328@exemplo.com,173.868.432-36,(11) 93868432
ID09329,Valentina Gomes 9329,valentina.gomes.9329.9329@exemplo.com,173.876.351-73,(11) 93876351
ID09330,Daniela Rodrigues 9330,daniela.rodrigues.9330.9330@exemplo.com,N/A,N/A
ID09331,Ana Souza 9331,ana.souza.9331.9331@exemplo.com,173.892.189-47,(11) 93892189
ID09332,Natalia Almeida 9332,natalia.almeida.9332.9332@exemplo.com,N/A,N/A
ID09333,Juliana Araujo 9333,juliana.araujo.9333.9333@exemplo.com,173.908.027-21,(11) 93908027
ID09334,Bruno Martins 9334,bruno.martins.9334.9334@exemplo.com,173.915.946-58,(11) 93915946
ID09335,Paulo Martins 9335,paulo.martins.9335.9335@exemplo.com,173.923.865-95,(11) 93923865
ID09336,Rafael Ribeiro 9336,rafael.ribeiro.9336.9336@exemplo.com,173.931.784-32,(11) 93931784
ID09337,Joao Souza 9337,joao.souza.9337.9337@exemplo.com,173.939.703-69,(11) 93939703
ID09338,Victor Nascimento 9338,victor.nascimento.9338.9338@exemplo.com,N/A,N/A
ID09339,Elisa Almeida 9339,elisa.almeida.9339.9339@exemplo.com,173.955.541-43,(11) 93955541
ID09340,Thiago Nascimento 9340,thiago.nascimento.9340.9340@exemplo.com,N/A,N/A
ID09341,Olivia Gomes 9341,olivia.gomes.9341.9341@exemplo.com,173.971.379-17,(11) 93971379
ID09342,Nicolas Silva 9342,nicolas.silva.9342.9342@exemplo.com,N/A,N/A
ID09343,Valentina Lima 9343,valentina.lima.9343.9343@exemplo.com,173.987.217-91,(11) 93987217
ID09344,Rodrigo Souza 9344,rodrigo.souza.9344.9344@exemplo.com,173.995.136-28,(11) 93995136
ID09345,Olivia Rodrigues 9345,olivia.rodrigues.9345.9345@exemplo.com,N/A,N/A
ID09346,Beatriz Ribeiro 9346,beatriz.ribeiro.9346.9346@exemplo.com,174.010.974-02,(11) 94010974
ID09347,Marcelo Nascimento 9347,marcelo.nascimento.9347.9347@exemplo.com,174.018.893-39,(11) 94018893
ID09348,Ana Souza 9348,ana.souza.9348.9348@exemplo.com,174.026.812-76,(11) 94026812
ID09349,Elisa Ribeiro 9349,elisa.ribeiro.9349.9349@exemplo.com,174.034.731-13,(11) 94034731
ID09350,Helena Moura 9350,helena.moura.9350.9350@exemplo.com,174.042.650-50,(11) 94042650
ID09351,Gabriel Moura 9351,gabriel.moura.9351.9351@exemplo.com,174.050.569-87,(11) 94050569
ID09352,Felipe Carvalho 9352,felipe.carvalho.9352.9352@exemplo.com,174.058.488-24,(11) 94058488
ID09353,Larissa Gomes 9353,larissa.gomes.9353.9353@exemplo.com,N/A,N/A
ID09354,Igor Santos 9354,igor.santos.9354.9354@exemplo.com,N/A,N/A
ID09355,Igor Pereira 9355,igor.pereira.9355.9355@exemplo.com,174.082.245-35,(11) 94082245
ID09356,Joao Santos 9356,joao.santos.9356.9356@exemplo.com,174.090.164-72,(11) 94090164
ID09357,Daniela Fernandes 9357,daniela.fernandes.9357.9357@exemplo.com,174.098.083-09,(11) 94098083
ID09358,Sara Carvalho 9358,sara.carvalho.9358.9358@exemplo.com,174.106.002-46,(11) 94106002
ID09359,Helena Araujo 9359,helena.araujo.9359.9359@exemplo.com,174.113.921-83,(11) 94113921
ID09360,Carlos Lima 9360,carlos.lima.9360.9360@exemplo.com,174.121.840-20,(11) 94121840
ID09361,Joao Almeida 9361,joao.almeida.9361.9361@exemplo.com,174.129.759-57,(11) 94129759
ID09362,Camila Rodrigues 9362,camila.rodrigues.9362.9362@exemplo.com,174.137.678-94,(11) 94137678
ID09363,Carlos Oliveira 9363,carlos.oliveira.9363.9363@exemplo.com,N/A,N/A
ID09364,Lucas Teixeira 9364,lucas.teixeira.9364.9364@exemplo.com,174.153.516-68,(11) 94153516
ID09365,Mariana Costa 9365,mariana.costa.9365.9365@exemplo.com,174.161.435-05,(11) 94161435
ID09366,Fernanda Lima 9366,fernanda.lima.9366.9366@exemplo.com,174.169.354-42,(11) 94169354
ID09367,Thiago Costa 9367,thiago.costa.9367.9367@exemplo.com,174.177.273-79,(11) 94177273
ID09368,Gabriel Costa 9368,gabriel.costa.9368.9368@exemplo.com,174.185.192-16,(11) 94185192
ID09369,Lucas Araujo 9369,lucas.araujo.9369.9369@exemplo.com,174.193.111-53,(11) 94193111
ID09370,Igor Silva 9370,igor.silva.9370.9370@exemplo.com,174.201.030-90,(11) 94201030
ID09371,Yasmin Barbosa 9371,yasmin.barbosa.9371.9371@exemplo.com,N/A,N/A
ID09372,Vinicius Ribeiro 9372,vinicius.ribeiro.9372.9372@exemplo.com,N/A,N/A
ID09373,Eduardo Santos 9373,eduardo.santos.9373.9373@exemplo.com,174.224.787-01,(11) 94224787
ID09374,Patricia Oliveira 9374,patricia.oliveira.9374.9374@exemplo.com,174.232.706-38,(11) 94232706
ID09375,Daniela Santos 9375,daniela.santos.9375.9375@exemplo.com,174.240.625-75,(11) 94240625
ID09376,Larissa Oliveira 9376,larissa.oliveira.9376.9376@exemplo.com,174.248.544-12,(11) 94248544
ID09377,Mariana Nascimento 9377,mariana.nascimento.9377.9377@exemplo.com,N/A,N/A
ID09378,Diego Dias 9378,diego.dias.9378.9378@exemplo.com,N/A,N/A
ID09379,Eduardo Ribeiro 9379,eduardo.ribeiro.9379.9379@exemplo.com,N/A,N/A
ID09380,Bruno Silva 9380,bruno.silva.9380.9380@exemplo.com,N/A,N/A
ID09381,Marcelo Moura 9381,marcelo.moura.9381.9381@exemplo.com,174.288.139-97,(11) 94288139
ID09382,Victor Lima 9382,victor.lima.9382.9382@exemplo.com,174.296.058-34,(11) 94296058
ID09383,Larissa Souza 9383,larissa.souza.9383.9383@exemplo.com,N/A,N/A
ID09384,Henrique Lima 9384,henrique.lima.9384.9384@exemplo.com,N/A,N/A
ID09385,Henrique Pereira 9385,henrique.pereira.9385.9385@exemplo.com,N/A,N/A
ID09386,Bruno Ribeiro 9386,bruno.ribeiro.9386.9386@exemplo.com,174.327.734-82,(11) 94327734
ID09387,Carlos Teixeira 9387,carlos.teixeira.9387.9387@exemplo.com,N/A,N/A
ID09388,Marcelo Lima 9388,marcelo.lima.9388.9388@exemplo.com,174.343.572-56,(11) 94343572
ID09389,Beatriz Fernandes 9389,beatriz.fernandes.9389.9389@exemplo.com,174.351.491-93,(11) 94351491
ID09390,Mariana Carvalho 9390,mariana.carvalho.9390.9390@exemplo.com,174.359.410-30,(11) 94359410
ID09391,Mariana Costa 9391,mariana.costa.9391.9391@exemplo.com,174.367.329-67,(11) 94367329
ID09392,Yasmin Ribeiro 9392,yasmin.ribeiro.9392.9392@exemplo.com,174.375.248-04,(11) 94375248
ID09393,Victor Teixeira 9393,victor.teixeira.9393.9393@exemplo.com,174.383.167-41,(11) 94383167
ID09394,Ana Oliveira 9394,ana.oliveira.9394.9394@exemplo.com,174.391.086-78,(11) 94391086
ID09395,Bruno Lima 9395,bruno.lima.9395.9395@exemplo.com,N/A,N/A
ID09396,Marcelo Fernandes 9396,marcelo.fernandes.9396.9396@exemplo.com,N/A,N/A
ID09397,Mariana Almeida 9397,mariana.almeida.9397.9397@exemplo.com,N/A,N/A
ID09398,Nicolas Costa 9398,nicolas.costa.9398.9398@exemplo.com,N/A,N/A
ID09399,Victor Lima 9399,victor.lima.9399.9399@exemplo.com,174.430.681-63,(11) 94430681
ID09400,Isabela Carvalho 9400,isabela.carvalho.9400.9400@exemplo.com,N/A,N/A
ID09401,Victor Fernandes 9401,victor.fernandes.9401.9401@exemplo.com,174.446.519-37,(11) 94446519
ID09402,Olivia Gomes 9402,olivia.gomes.9402.9402@exemplo.com,174.454.438-74,(11) 94454438
ID09403,Valentina Ribeiro 9403,valentina.ribeiro.9403.9403@exemplo.com,174.462.357-11,(11) 94462357
ID09404,Rafael Lima 9404,rafael.lima.9404.9404@exemplo.com,174.470.276-48,(11) 94470276
ID09405,Mariana Nascimento 9405,mariana.nascimento.9405.9405@exemplo.com,N/A,N/A
ID09406,Thiago Nascimento 9406,thiago.nascimento.9406.9406@exemplo.com,N/A,N/A
ID09407,Victor Gomes 9407,victor.gomes.9407.9407@exemplo.com,174.494.033-59,(11) 94494033
ID09408,Marcelo Martins 9408,marcelo.martins.9408.9408@exemplo.com,174.501.952-96,(11) 94501952
ID09409,Igor Almeida 9409,igor.almeida.9409.9409@exemplo.com,174.509.871-33,(11) 94509871
ID09410,Beatriz Teixeira 9410,beatriz.teixeira.9410.9410@exemplo.com,174.517.790-70,(11) 94517790
ID09411,Otavio Dias 9411,otavio.dias.9411.9411@exemplo.com,174.525.709-07,(11) 94525709
ID09412,Victor Pereira 9412,victor.pereira.9412.9412@exemplo.com,174.533.628-44,(11) 94533628
ID09413,Helena Carvalho 9413,helena.carvalho.9413.9413@exemplo.com,174.541.547-81,(11) 94541547
ID09414,Valentina Santos 9414,valentina.santos.9414.9414@exemplo.com,174.549.466-18,(11) 94549466
ID09415,Sara Nascimento 9415,sara.nascimento.9415.9415@exemplo.com,N/A,N/A
ID09416,Gabriel Araujo 9416,gabriel.araujo.9416.9416@exemplo.com,174.565.304-92,(11) 94565304
ID09417,Victor Dias 9417,victor.dias.9417.9417@exemplo.com,174.573.223-29,(11) 94573223
ID09418,Daniela Carvalho 9418,daniela.carvalho.9418.9418@exemplo.com,N/A,N/A
ID09419,Juliana Teixeira 9419,juliana.teixeira.9419.9419@exemplo.com,174.589.061-03,(11) 94589061
ID09420,Otavio Lima 9420,otavio.lima.9420.9420@exemplo.com,174.596.980-40,(11) 94596980
ID09421,Helena Silva 9421,helena.silva.9421.9421@exemplo.com,174.604.899-77,(11) 94604899
ID09422,Mariana Araujo 9422,mariana.araujo.9422.9422@exemplo.com,174.612.818-14,(11) 94612818
ID09423,Thiago Nascimento 9423,thiago.nascimento.9423.9423@exemplo.com,N/A,N/A
ID09424,Eduardo Moura 9424,eduardo.moura.9424.9424@exemplo.com,N/A,N/A
ID09425,Rodrigo Araujo 9425,rodrigo.araujo.9425.9425@exemplo.com,N/A,N/A
ID09426,Bruno Teixeira 9426,bruno.teixeira.9426.9426@exemplo.com,N/A,N/A
ID09427,Valentina Teixeira 9427,valentina.teixeira.9427.9427@exemplo.com,N/A,N/A
ID09428,Sara Nascimento 9428,sara.nascimento.9428.9428@exemplo.com,174.660.332-36,(11) 94660332
ID09429,Victor Oliveira 9429,victor.oliveira.9429.9429@exemplo.com,N/A,N/A
ID09430,Fernanda Rodrigues 9430,fernanda.rodrigues.9430.9430@exemplo.com,174.676.170-10,(11) 94676170
ID09431,Elisa Lima 9431,elisa.lima.9431.9431@exemplo.com,N/A,N/A
ID09432,Vinicius Pereira 9432,vinicius.pereira.9432.9432@exemplo.com,174.692.008-84,(11) 94692008
ID09433,Bruno Silva 9433,bruno.silva.9433.9433@exemplo.com,174.699.927-21,(11) 94699927
ID09434,Thiago Rodrigues 9434,thiago.rodrigues.9434.9434@exemplo.com,N/A,N/A
ID09435,Carlos Nascimento 9435,carlos.nascimento.9435.9435@exemplo.com,N/A,N/A
ID09436,Fernanda Costa 9436,fernanda.costa.9436.9436@exemplo.com,174.723.684-32,(11) 94723684
ID09437,Beatriz Gomes 9437,beatriz.gomes.9437.9437@exemplo.com,N/A,N/A
ID09438,Sara Souza 9438,sara.souza.9438.9438@exemplo.com,174.739.522-06,(11) 94739522
ID09439,Isabela Ribeiro 9439,isabela.ribeiro.9439.9439@exemplo.com,174.747.441-43,(11) 94747441
ID09440,Isabela Barbosa 9440,isabela.barbosa.9440.9440@exemplo.com,N/A,N/A
ID09441,Natalia Santos 9441,natalia.santos.9441.9441@exemplo.com,174.763.279-17,(11) 94763279
ID09442,Larissa Barbosa 9442,larissa.barbosa.9442.9442@exemplo.com,174.771.198-54,(11) 94771198
ID09443,Isabela Ribeiro 9443,isabela.ribeiro.9443.9443@exemplo.com,174.779.117-91,(11) 94779117
ID09444,Sofia Pereira 9444,sofia.pereira.9444.9444@exemplo.com,174.787.036-28,(11) 94787036
ID09445,Lucas Ribeiro 9445,lucas.ribeiro.9445.9445@exemplo.com,174.794.955-65,(11) 94794955
ID09446,Vinicius Barbosa 9446,vinicius.barbosa.9446.9446@exemplo.com,N/A,N/A
ID09447,Otavio Rodrigues 9447,otavio.rodrigues.9447.9447@exemplo.com,174.810.793-39,(11) 94810793
ID09448,Felipe Rodrigues 9448,felipe.rodrigues.9448.9448@exemplo.com,174.818.712-76,(11) 94818712
ID09449,Juliana Carvalho 9449,juliana.carvalho.9449.9449@exemplo.com,N/A,N/A
ID09450,Olivia Rodrigues 9450,olivia.rodrigues.9450.9450@exemplo.com,174.834.550-50,(11) 94834550
ID09451,Valentina Fernandes 9451,valentina.fernandes.9451.9451@exemplo.com,174.842.469-87,(11) 94842469
ID09452,Diego Pereira 9452,diego.pereira.9452.9452@exemplo.com,N/A,N/A
ID09453,Eduardo Rodrigues 9453,eduardo.rodrigues.9453.9453@exemplo.com,174.858.307-61,(11) 94858307
ID09454,Ana Rodrigues 9454,ana.rodrigues.9454.9454@exemplo.com,174.866.226-98,(11) 94866226
ID09455,Isabela Moura 9455,isabela.moura.9455.9455@exemplo.com,N/A,N/A
ID09456,Mariana Souza 9456,mariana.souza.9456.9456@exemplo.com,174.882.064-72,(11) 94882064
ID09457,Eduardo Pereira 9457,eduardo.pereira.9457.9457@exemplo.com,174.889.983-09,(11) 94889983
ID09458,Eduardo Oliveira 9458,eduardo.oliveira.9458.9458@exemplo.com,174.897.902-46,(11) 94897902
ID09459,Felipe Araujo 9459,felipe.araujo.9459.9459@exemplo.com,174.905.821-83,(11) 94905821
ID09460,Henrique Fernandes 9460,henrique.fernandes.9460.9460@exemplo.com,174.913.740-20,(11) 94913740
ID09461,Valentina Almeida 9461,valentina.almeida.9461.9461@exemplo.com,174.921.659-57,(11) 94921659
ID09462,Joao Costa 9462,joao.costa.9462.9462@exemplo.com,N/A,N/A
ID09463,Victor Almeida 9463,victor.almeida.9463.9463@exemplo.com,174.937.497-31,(11) 94937497
ID09464,Otavio Dias 9464,otavio.dias.9464.9464@exemplo.com,N/A,N/A
ID09465,Eduardo Araujo 9465,eduardo.araujo.9465.9465@exemplo.com,174.953.335-05,(11) 94953335
ID09466,Fernanda Almeida 9466,fernanda.almeida.9466.9466@exemplo.com,174.961.254-42,(11) 94961254
ID09467,Nicolas Lima 9467,nicolas.lima.9467.9467@exemplo.com,174.969.173-79,(11) 94969173
ID09468,Felipe Oliveira 9468,felipe.oliveira.9468.9468@exemplo.com,174.977.092-16,(11) 94977092
ID09469,Natalia Martins 9469,natalia.martins.9469.9469@exemplo.com,174.985.011-53,(11) 94985011
ID09470,Beatriz Costa 9470,beatriz.costa.9470.9470@exemplo.com,174.992.930-90,(11) 94992930
ID09471,Juliana Martins 9471,juliana.martins.9471.9471@exemplo.com,175.000.849-27,(11) 95000849
ID09472,Olivia Santos 9472,olivia.santos.9472.9472@exemplo.com,175.008.768-64,(11) 95008768
ID09473,Felipe Ribeiro 9473,felipe.ribeiro.9473.9473@exemplo.com,175.016.687-01,(11) 95016687
ID09474,Rodrigo Carvalho 9474,rodrigo.carvalho.9474.9474@exemplo.com,N/A,N/A
ID09475,Isabela Barbosa 9475,isabela.barbosa.9475.9475@exemplo.com,175.032.525-75,(11) 95032525
ID09476,Natalia Silva 9476,natalia.silva.9476.9476@exemplo.com,175.040.444-12,(11) 95040444
ID09477,Valentina Martins 9477,valentina.martins.9477.9477@exemplo.com,175.048.363-49,(11) 95048363
ID09478,Rafael Carvalho 9478,rafael.carvalho.9478.9478@exemplo.com,175.056.282-86,(11) 95056282
ID09479,Rodrigo Martins 9479,rodrigo.martins.9479.9479@exemplo.com,175.064.201-23,(11) 95064201
ID09480,Olivia Martins 9480,olivia.martins.9480.9480@exemplo.com,N/A,N/A
ID09481,Joao Dias 9481,joao.dias.9481.9481@exemplo.com,175.080.039-97,(11) 95080039
ID09482,Bruno Martins 9482,bruno.martins.9482.9482@exemplo.com,175.087.958-34,(11) 95087958
ID09483,Valentina Lima 9483,valentina.lima.9483.9483@exemplo.com,N/A,N/A
ID09484,Nicolas Silva 9484,nicolas.silva.9484.9484@exemplo.com,N/A,N/A
ID09485,Camila Araujo 9485,camila.araujo.9485.9485@exemplo.com,175.111.715-45,(11) 95111715
ID09486,Gabriel Oliveira 9486,gabriel.oliveira.9486.9486@exemplo.com,175.119.634-82,(11) 95119634
ID09487,Daniela Nascimento 9487,daniela.nascimento.9487.9487@exemplo.com,175.127.553-19,(11) 95127553
ID09488,Sofia Ribeiro 9488,sofia.ribeiro.9488.9488@exemplo.com,175.135.472-56,(11) 95135472
ID09489,Rodrigo Santos 9489,rodrigo.santos.9489.9489@exemplo.com,N/A,N/A
ID09490,Yasmin Pereira 9490,yasmin.pereira.9490.9490@exemplo.com,N/A,N/A
ID09491,Giovana Barbosa 9491,giovana.barbosa.9491.9491@exemplo.com,175.159.229-67,(11) 95159229
ID09492,Camila Souza 9492,camila.souza.9492.9492@exemplo.com,175.167.148-04,(11) 95167148
ID09493,Sara Araujo 9493,sara.araujo.9493.9493@exemplo.com,175.175.067-41,(11) 95175067
ID09494,Ana Souza 9494,ana.souza.9494.9494@exemplo.com,N/A,N/A
ID09495,Ana Fernandes 9495,ana.fernandes.9495.9495@exemplo.com,N/A,N/A
ID09496,Otavio Costa 9496,otavio.costa.9496.9496@exemplo.com,175.198.824-52,(11) 95198824
ID09497,Natalia Teixeira 9497,natalia.teixeira.9497.9497@exemplo.com,175.206.743-89,(11) 95206743
ID09498,Eduardo Ribeiro 9498,eduardo.ribeiro.9498.9498@exemplo.com,175.214.662-26,(11) 95214662
ID09499,Patricia Santos 9499,patricia.santos.9499.9499@exemplo.com,N/A,N/A
ID09500,Diego Lima 9500,diego.lima.9500.9500@exemplo.com,N/A,N/A
ID09501,Daniela Costa 9501,daniela.costa.9501.9501@exemplo.com,N/A,N/A
ID09502,Rodrigo Lima 9502,rodrigo.lima.9502.9502@exemplo.com,175.246.338-74,(11) 95246338
ID09503,Juliana Teixeira 9503,juliana.teixeira.9503.9503@exemplo.com,175.254.257-11,(11) 95254257
ID09504,Henrique Barbosa 9504,henrique.barbosa.9504.9504@exemplo.com,N/A,N/A
ID09505,Nicolas Fernandes 9505,nicolas.fernandes.9505.9505@exemplo.com,N/A,N/A
ID09506,Fernanda Carvalho 9506,fernanda.carvalho.9506.9506@exemplo.com,175.278.014-22,(11) 95278014
ID09507,Joao Nascimento 9507,joao.nascimento.9507.9507@exemplo.com,175.285.933-59,(11) 95285933
ID09508,Camila Gomes 9508,camila.gomes.9508.9508@exemplo.com,175.293.852-96,(11) 95293852
ID09509,Valentina Teixeira 9509,valentina.teixeira.9509.9509@exemplo.com,175.301.771-33,(11) 95301771
ID09510,Marcelo Pereira 9510,marcelo.pereira.9510.9510@exemplo.com,N/A,N/A
ID09511,Joao Santos 9511,joao.santos.9511.9511@exemplo.com,175.317.609-07,(11) 95317609
ID09512,Nicolas Souza 9512,nicolas.souza.9512.9512@exemplo.com,175.325.528-44,(11) 95325528
ID09513,Giovana Gomes 9513,giovana.gomes.9513.9513@exemplo.com,175.333.447-81,(11) 95333447
ID09514,Victor Carvalho 9514,victor.carvalho.9514.9514@exemplo.com,N/A,N/A
ID09515,Helena Nascimento 9515,helena.nascimento.9515.9515@exemplo.com,175.349.285-55,(11) 95349285
ID09516,Sara Carvalho 9516,sara.carvalho.9516.9516@exemplo.com,N/A,N/A
ID09517,Rafael Oliveira 9517,rafael.oliveira.9517.9517@exemplo.com,175.365.123-29,(11) 95365123
ID09518,Giovana Ribeiro 9518,giovana.ribeiro.9518.9518@exemplo.com,N/A,N/A
ID09519,Igor Santos 9519,igor.santos.9519.9519@exemplo.com,175.380.961-03,(11) 95380961
ID09520,Bruno Fernandes 9520,bruno.fernandes.9520.9520@exemplo.com,175.388.880-40,(11) 95388880
ID09521,Yasmin Oliveira 9521,yasmin.oliveira.9521.9521@exemplo.com,N/A,N/A
ID09522,Thiago Araujo 9522,thiago.araujo.9522.9522@exemplo.com,175.404.718-14,(11) 95404718
ID09523,Ana Gomes 9523,ana.gomes.9523.9523@exemplo.com,N/A,N/A
ID09524,Elisa Santos 9524,elisa.santos.9524.9524@exemplo.com,175.420.556-88,(11) 95420556
ID09525,Beatriz Costa 9525,beatriz.costa.9525.9525@exemplo.com,N/A,N/A
ID09526,Diego Oliveira 9526,diego.oliveira.9526.9526@exemplo.com,N/A,N/A
ID09527,Joao Silva 9527,joao.silva.9527.9527@exemplo.com,175.444.313-99,(11) 95444313
ID09528,Mariana Souza 9528,mariana.souza.9528.9528@exemplo.com,N/A,N/A
ID09529,Henrique Oliveira 9529,henrique.oliveira.9529.9529@exemplo.com,175.460.151-73,(11) 95460151
ID09530,Olivia Dias 9530,olivia.dias.9530.9530@exemplo.com,175.468.070-10,(11) 95468070
ID09531,Olivia Lima 9531,olivia.lima.9531.9531@exemplo.com,175.475.989-47,(11) 95475989
ID09532,Igor Costa 9532,igor.costa.9532.9532@exemplo.com,175.483.908-84,(11) 95483908
ID09533,Bruno Oliveira 9533,bruno.oliveira.9533.9533@exemplo.com,175.491.827-21,(11) 95491827
ID09534,Diego Martins 9534,diego.martins.9534.9534@exemplo.com,N/A,N/A
ID09535,Henrique Silva 9535,henrique.silva.9535.9535@exemplo.com,175.507.665-95,(11) 95507665
ID09536,Olivia Lima 9536,olivia.lima.9536.9536@exemplo.com,N/A,N/A
ID09537,Helena Almeida 9537,helena.almeida.9537.9537@exemplo.com,175.523.503-69,(11) 95523503
ID09538,Elisa Ribeiro 9538,elisa.ribeiro.9538.9538@exemplo.com,N/A,N/A
ID09539,Larissa Ribeiro 9539,larissa.ribeiro.9539.9539@exemplo.com,175.539.341-43,(11) 95539341
ID09540,Thiago Martins 9540,thiago.martins.9540.9540@exemplo.com,N/A,N/A
ID09541,Elisa Araujo 9541,elisa.araujo.9541.9541@exemplo.com,N/A,N/A
ID09542,Rafael Moura 9542,rafael.moura.9542.9542@exemplo.com,175.563.098-54,(11) 95563098
ID09543,Daniela Santos 9543,daniela.santos.9543.9543@exemplo.com,175.571.017-91,(11) 95571017
ID09544,Elisa Silva 9544,elisa.silva.9544.9544@exemplo.com,N/A,N/A
ID09545,Vinicius Moura 9545,vinicius.moura.9545.9545@exemplo.com,N/A,N/A
ID09546,Diego Teixeira 9546,diego.teixeira.9546.9546@exemplo.com,175.594.774-02,(11) 95594774
ID09547,Olivia Souza 9547,olivia.souza.9547.9547@exemplo.com,175.602.693-39,(11) 95602693
ID09548,Rafael Teixeira 9548,rafael.teixeira.9548.9548@exemplo.com,175.610.612-76,(11) 95610612
ID09549,Rodrigo Martins 9549,rodrigo.martins.9549.9549@exemplo.com,175.618.531-13,(11) 95618531
ID09550,Fernanda Ribeiro 9550,fernanda.ribeiro.9550.9550@exemplo.com,175.626.450-50,(11) 95626450
ID09551,Yasmin Silva 9551,yasmin.silva.9551.9551@exemplo.com,N/A,N/A
ID09552,Igor Nascimento 9552,igor.nascimento.9552.9552@exemplo.com,N/A,N/A
ID09553,Beatriz Ribeiro 9553,beatriz.ribeiro.9553.9553@exemplo.com,175.650.207-61,(11) 95650207
ID09554,Daniela Carvalho 9554,daniela.carvalho.9554.9554@exemplo.com,175.658.126-98,(11) 95658126
ID09555,Isabela Carvalho 9555,isabela.carvalho.9555.9555@exemplo.com,175.666.045-35,(11) 95666045
ID09556,Isabela Oliveira 9556,isabela.oliveira.9556.9556@exemplo.com,N/A,N/A
ID09557,Rafael Santos 9557,rafael.santos.9557.9557@exemplo.com,175.681.883-09,(11) 95681883
ID09558,Eduardo Moura 9558,eduardo.moura.9558.9558@exemplo.com,N/A,N/A
ID09559,Valentina Santos 9559,valentina.santos.9559.9559@exemplo.com,175.697.721-83,(11) 95697721
ID09560,Ana Rodrigues 9560,ana.rodrigues.9560.9560@exemplo.com,175.705.640-20,(11) 95705640
ID09561,Helena Carvalho 9561,helena.carvalho.9561.9561@exemplo.com,175.713.559-57,(11) 95713559
ID09562,Rodrigo Lima 9562,rodrigo.lima.9562.9562@exemplo.com,175.721.478-94,(11) 95721478
ID09563,Igor Nascimento 9563,igor.nascimento.9563.9563@exemplo.com,175.729.397-31,(11) 95729397
ID09564,Daniela Teixeira 9564,daniela.teixeira.9564.9564@exemplo.com,175.737.316-68,(11) 95737316
ID09565,Yasmin Ribeiro 9565,yasmin.ribeiro.9565.9565@exemplo.com,175.745.235-05,(11) 95745235
ID09566,Paulo Araujo 9566,paulo.araujo.9566.9566@exemplo.com,175.753.154-42,(11) 95753154
ID09567,Elisa Silva 9567,elisa.silva.9567.9567@exemplo.com,175.761.073-79,(11) 95761073
ID09568,Patricia Gomes 9568,patricia.gomes.9568.9568@exemplo.com,175.768.992-16,(11) 95768992
ID09569,Natalia Oliveira 9569,natalia.oliveira.9569.9569@exemplo.com,N/A,N/A
ID09570,Gabriel Souza 9570,gabriel.souza.9570.9570@exemplo.com,175.784.830-90,(11) 95784830
ID09571,Ana Teixeira 9571,ana.teixeira.9571.9571@exemplo.com,175.792.749-27,(11) 95792749
ID09572,Giovana Ribeiro 9572,giovana.ribeiro.9572.9572@exemplo.com,175.800.668-64,(11) 95800668
ID09573,Thiago Oliveira 9573,thiago.oliveira.9573.9573@exemplo.com,175.808.587-01,(11) 95808587
ID09574,Mariana Fernandes 9574,mariana.fernandes.9574.9574@exemplo.com,175.816.506-38,(11) 95816506
ID09575,Thiago Nascimento 9575,thiago.nascimento.9575.9575@exemplo.com,175.824.425-75,(11) 95824425
ID09576,Rafael Dias 9576,rafael.dias.9576.9576@exemplo.com,175.832.344-12,(11) 95832344
ID09577,Mariana Martins 9577,mariana.martins.9577.9577@exemplo.com,175.840.263-49,(11) 95840263
ID09578,Yasmin Nascimento 9578,yasmin.nascimento.9578.9578@exemplo.com,175.848.182-86,(11) 95848182
ID09579,Juliana Moura 9579,juliana.moura.9579.9579@exemplo.com,175.856.101-23,(11) 95856101
ID09580,Carlos Costa 9580,carlos.costa.9580.9580@exemplo.com,N/A,N/A
ID09581,Henrique Ribeiro 9581,henrique.ribeiro.9581.9581@exemplo.com,N/A,N/A
ID09582,Joao Pereira 9582,joao.pereira.9582.9582@exemplo.com,175.879.858-34,(11) 95879858
ID09583,Victor Santos 9583,victor.santos.9583.9583@exemplo.com,175.887.777-71,(11) 95887777
ID09584,Rafael Oliveira 9584,rafael.oliveira.9584.9584@exemplo.com,175.895.696-08,(11) 95895696
ID09585,William Nunes 9585,william.nunes.9585.9585@exemplo.com,N/A,N/A
ID09586,Nicolas Gomes 9586,nicolas.gomes.9586.9586@exemplo.com,N/A,N/A
ID09587,Rodrigo Fernandes 9587,rodrigo.fernandes.9587.9587@exemplo.com,N/A,N/A
ID09588,Carlos Silva 9588,carlos.silva.9588.9588@exemplo.com,175.927.372-56,(11) 95927372
ID09589,Otavio Teixeira 9589,otavio.teixeira.9589.9589@exemplo.com,N/A,N/A
ID09590,Olivia Dias 9590,olivia.dias.9590.9590@exemplo.com,175.943.210-30,(11) 95943210
ID09591,Valentina Costa 9591,valentina.costa.9591.9591@exemplo.com,175.951.129-67,(11) 95951129
ID09592,Marcelo Dias 9592,marcelo.dias.9592.9592@exemplo.com,175.959.048-04,(11) 95959048
ID09593,Valentina Almeida 9593,valentina.almeida.9593.9593@exemplo.com,N/A,N/A
ID09594,Sara Barbosa 9594,sara.barbosa.9594.9594@exemplo.com,175.974.886-78,(11) 95974886
ID09595,Beatriz Oliveira 9595,beatriz.oliveira.9595.9595@exemplo.com,175.982.805-15,(11) 95982805
ID09596,Valentina Fernandes 9596,valentina.fernandes.9596.9596@exemplo.com,175.990.724-52,(11) 95990724
ID09597,Giovana Souza 9597,giovana.souza.9597.9597@exemplo.com,175.998.643-89,(11) 95998643
ID09598,Isabela Oliveira 9598,isabela.oliveira.9598.9598@exemplo.com,176.006.562-26,(11) 96006562
ID09599,Yasmin Teixeira 9599,yasmin.teixeira.9599.9599@exemplo.com,176.014.481-63,(11) 96014481
ID09600,Paulo Almeida 9600,paulo.almeida.9600.9600@exemplo.com,176.022.400-00,(11) 96022400
ID09601,Sofia Costa 9601,sofia.costa.9601.9601@exemplo.com,176.030.319-37,(11) 96030319
ID09602,Olivia Araujo 9602,olivia.araujo.9602.9602@exemplo.com,176.038.238-74,(11) 96038238
ID09603,Paulo Almeida 9603,paulo.almeida.9603.9603@exemplo.com,176.046.157-11,(11) 96046157
ID09604,Mariana Pereira 9604,mariana.pereira.9604.9604@exemplo.com,N/A,N/A
ID09605,Rodrigo Almeida 9605,rodrigo.almeida.9605.9605@exemplo.com,176.061.995-85,(11) 96061995
ID09606,Elisa Moura 9606,elisa.moura.9606.9606@exemplo.com,176.069.914-22,(11) 96069914
ID09607,Thiago Oliveira 9607,thiago.oliveira.9607.9607@exemplo.com,176.077.833-59,(11) 96077833
ID09608,Rafael Santos 9608,rafael.santos.9608.9608@exemplo.com,N/A,N/A
ID09609,Paulo Almeida 9609,paulo.almeida.9609.9609@exemplo.com,176.093.671-33,(11) 96093671
ID09610,Lucas Souza 9610,lucas.souza.9610.9610@exemplo.com,N/A,N/A
ID09611,Diego Fernandes 9611,diego.fernandes.9611.9611@exemplo.com,176.109.509-07,(11) 96109509
ID09612,Henrique Fernandes 9612,henrique.fernandes.9612.9612@exemplo.com,N/A,N/A
ID09613,Natalia Pereira 9613,natalia.pereira.9613.9613@exemplo.com,176.125.347-81,(11) 96125347
ID09614,Henrique Moura 9614,henrique.moura.9614.9614@exemplo.com,176.133.266-18,(11) 96133266
ID09615,Patricia Oliveira 9615,patricia.oliveira.9615.9615@exemplo.com,176.141.185-55,(11) 96141185
ID09616,Elisa Dias 9616,elisa.dias.9616.9616@exemplo.com,176.149.104-92,(11) 96149104
ID09617,Marcelo Costa 9617,marcelo.costa.9617.9617@exemplo.com,N/A,N/A
ID09618,Juliana Teixeira 9618,juliana.teixeira.9618.9618@exemplo.com,N/A,N/A
ID09619,Beatriz Souza 9619,beatriz.souza.9619.9619@exemplo.com,176.172.861-03,(11) 96172861
ID09620,Juliana Souza 9620,juliana.souza.9620.9620@exemplo.com,N/A,N/A
ID09621,Mariana Nascimento 9621,mariana.nascimento.9621.9621@exemplo.com,176.188.699-77,(11) 96188699
ID09622,Paulo Oliveira 9622,paulo.oliveira.9622.9622@exemplo.com,176.196.618-14,(11) 96196618
ID09623,Sofia Santos 9623,sofia.santos.9623.9623@exemplo.com,176.204.537-51,(11) 96204537
ID09624,Henrique Teixeira 9624,henrique.teixeira.9624.9624@exemplo.com,N/A,N/A
ID09625,Valentina Gomes 9625,valentina.gomes.9625.9625@exemplo.com,N/A,N/A
ID09626,Giovana Teixeira 9626,giovana.teixeira.9626.9626@exemplo.com,N/A,N/A
ID09627,Joao Pereira 9627,joao.pereira.9627.9627@exemplo.com,176.236.213-99,(11) 96236213
ID09628,Joao Almeida 9628,joao.almeida.9628.9628@exemplo.com,176.244.132-36,(11) 96244132
ID09629,Valentina Rodrigues 9629,valentina.rodrigues.9629.9629@exemplo.com,176.252.051-73,(11) 96252051
ID09630,Camila Dias 9630,camila.dias.9630.9630@exemplo.com,176.259.970-10,(11) 96259970
ID09631,Olivia Teixeira 9631,olivia.teixeira.9631.9631@exemplo.com,176.267.889-47,(11) 96267889
ID09632,Henrique Fernandes 9632,henrique.fernandes.9632.9632@exemplo.com,N/A,N/A
ID09633,Vinicius Almeida 9633,vinicius.almeida.9633.9633@exemplo.com,176.283.727-21,(11) 96283727
ID09634,Camila Rodrigues 9634,camila.rodrigues.9634.9634@exemplo.com,N/A,N/A
ID09635,Rafael Carvalho 9635,rafael.carvalho.9635.9635@exemplo.com,176.299.565-95,(11) 96299565
ID09636,Yasmin Ribeiro 9636,yasmin.ribeiro.9636.9636@exemplo.com,N/A,N/A
ID09637,Fernanda Fernandes 9637,fernanda.fernandes.9637.9637@exemplo.com,N/A,N/A
ID09638,Marcelo Moura 9638,marcelo.moura.9638.9638@exemplo.com,176.323.322-06,(11) 96323322
ID09639,Isabela Souza 9639,isabela.souza.9639.9639@exemplo.com,176.331.241-43,(11) 96331241
ID09640,Sofia Santos 9640,sofia.santos.9640.9640@exemplo.com,N/A,N/A
ID09641,Olivia Barbosa 9641,olivia.barbosa.9641.9641@exemplo.com,176.347.079-17,(11) 96347079
ID09642,Diego Carvalho 9642,diego.carvalho.9642.9642@exemplo.com,N/A,N/A
ID09643,Joao Pereira 9643,joao.pereira.9643.9643@exemplo.com,176.362.917-91,(11) 96362917
ID09644,Rodrigo Souza 9644,rodrigo.souza.9644.9644@exemplo.com,176.370.836-28,(11) 96370836
ID09645,Sofia Carvalho 9645,sofia.carvalho.9645.9645@exemplo.com,176.378.755-65,(11) 96378755
ID09646,Igor Almeida 9646,igor.almeida.9646.9646@exemplo.com,176.386.674-02,(11) 96386674
ID09647,Joao Santos 9647,joao.santos.9647.9647@exemplo.com,N/A,N/A
ID09648,Helena Dias 9648,helena.dias.9648.9648@exemplo.com,176.402.512-76,(11) 96402512
ID09649,Larissa Santos 9649,larissa.santos.9649.9649@exemplo.com,N/A,N/A
ID09650,Isabela Pereira 9650,isabela.pereira.9650.9650@exemplo.com,176.418.350-50,(11) 96418350
ID09651,Sofia Costa 9651,sofia.costa.9651.9651@exemplo.com,N/A,N/A
ID09652,Natalia Fernandes 9652,natalia.fernandes.9652.9652@exemplo.com,N/A,N/A
ID09653,Rodrigo Silva 9653,rodrigo.silva.9653.9653@exemplo.com,N/A,N/A
ID09654,Patricia Teixeira 9654,patricia.teixeira.9654.9654@exemplo.com,176.450.026-98,(11) 96450026
ID09655,Camila Teixeira 9655,camila.teixeira.9655.9655@exemplo.com,N/A,N/A
ID09656,Olivia Almeida 9656,olivia.almeida.9656.9656@exemplo.com,176.465.864-72,(11) 96465864
ID09657,Henrique Oliveira 9657,henrique.oliveira.9657.9657@exemplo.com,176.473.783-09,(11) 96473783
ID09658,Juliana Teixeira 9658,juliana.teixeira.9658.9658@exemplo.com,176.481.702-46,(11) 96481702
ID09659,Larissa Pereira 9659,larissa.pereira.9659.9659@exemplo.com,176.489.621-83,(11) 96489621
ID09660,Ana Pereira 9660,ana.pereira.9660.9660@exemplo.com,N/A,N/A
ID09661,Yasmin Silva 9661,yasmin.silva.9661.9661@exemplo.com,N/A,N/A
ID09662,Rafael Oliveira 9662,rafael.oliveira.9662.9662@exemplo.com,176.513.378-94,(11) 96513378
ID09663,Yasmin Rodrigues 9663,yasmin.rodrigues.9663.9663@exemplo.com,176.521.297-31,(11) 96521297
ID09664,Juliana Moura 9664,juliana.moura.9664.9664@exemplo.com,176.529.216-68,(11) 96529216
ID09665,Gabriel Moura 9665,gabriel.moura.9665.9665@exemplo.com,N/A,N/A
ID09666,Bruno Dias 9666,bruno.dias.9666.9666@exemplo.com,N/A,N/A
ID09667,Sara Ribeiro 9667,sara.ribeiro.9667.9667@exemplo.com,N/A,N/A
ID09668,Sara Rodrigues 9668,sara.rodrigues.9668.9668@exemplo.com,176.560.892-16,(11) 96560892
ID09669,Larissa Moura 9669,larissa.moura.9669.9669@exemplo.com,176.568.811-53,(11) 96568811
ID09670,Lucas Nascimento 9670,lucas.nascimento.9670.9670@exemplo.com,176.576.730-90,(11) 96576730
ID09671,Rafael Carvalho 9671,rafael.carvalho.9671.9671@exemplo.com,N/A,N/A
ID09672,Ana Araujo 9672,ana.araujo.9672.9672@exemplo.com,176.592.568-64,(11) 96592568
ID09673,Yasmin Dias 9673,yasmin.dias.9673.9673@exemplo.com,176.600.487-01,(11) 96600487
ID09674,Marcelo Moura 9674,marcelo.moura.9674.9674@exemplo.com,N/A,N/A
ID09675,Vinicius Martins 9675,vinicius.martins.9675.9675@exemplo.com,N/A,N/A
ID09676,Gabriel Rodrigues 9676,gabriel.rodrigues.9676.9676@exemplo.com,N/A,N/A
ID09677,Nicolas Teixeira 9677,nicolas.teixeira.9677.9677@exemplo.com,176.632.163-49,(11) 96632163
ID09678,Paulo Dias 9678,paulo.dias.9678.9678@exemplo.com,176.640.082-86,(11) 96640082
ID09679,Beatriz Gomes 9679,beatriz.gomes.9679.9679@exemplo.com,176.648.001-23,(11) 96648001
ID09680,Victor Barbosa 9680,victor.barbosa.9680.9680@exemplo.com,176.655.920-60,(11) 96655920
ID09681,Olivia Fernandes 9681,olivia.fernandes.9681.9681@exemplo.com,176.663.839-97,(11) 96663839
ID09682,Juliana Araujo 9682,juliana.araujo.9682.9682@exemplo.com,176.671.758-34,(11) 96671758
ID09683,Giovana Dias 9683,giovana.dias.9683.9683@exemplo.com,176.679.677-71,(11) 96679677
ID09684,Elisa Barbosa 9684,elisa.barbosa.9684.9684@exemplo.com,N/A,N/A
ID09685,Felipe Santos 9685,felipe.santos.9685.9685@exemplo.com,176.695.515-45,(11) 96695515
ID09686,Nicolas Rodrigues 9686,nicolas.rodrigues.9686.9686@exemplo.com,N/A,N/A
ID09687,Victor Teixeira 9687,victor.teixeira.9687.9687@exemplo.com,N/A,N/A
ID09688,Isabela Moura 9688,isabela.moura.9688.9688@exemplo.com,176.719.272-56,(11) 96719272
ID09689,Beatriz Teixeira 9689,beatriz.teixeira.9689.9689@exemplo.com,176.727.191-93,(11) 96727191
ID09690,Beatriz Nascimento 9690,beatriz.nascimento.9690.9690@exemplo.com,176.735.110-30,(11) 96735110
ID09691,Nicolas Ribeiro 9691,nicolas.ribeiro.9691.9691@exemplo.com,N/A,N/A
ID09692,Yasmin Santos 9692,yasmin.santos.9692.9692@exemplo.com,176.750.948-04,(11) 96750948
ID09693,Victor Dias 9693,victor.dias.9693.9693@exemplo.com,176.758.867-41,(11) 96758867
ID09694,Rafael Oliveira 9694,rafael.oliveira.9694.9694@exemplo.com,176.766.786-78,(11) 96766786
ID09695,Eduardo Silva 9695,eduardo.silva.9695.9695@exemplo.com,176.774.705-15,(11) 96774705
ID09696,Larissa Ribeiro 9696,larissa.ribeiro.9696.9696@exemplo.com,176.782.624-52,(11) 96782624
ID09697,Diego Gomes 9697,diego.gomes.9697.9697@exemplo.com,N/A,N/A
ID09698,Beatriz Ribeiro 9698,beatriz.ribeiro.9698.9698@exemplo.com,176.798.462-26,(11) 96798462
ID09699,Lucas Fernandes 9699,lucas.fernandes.9699.9699@exemplo.com,176.806.381-63,(11) 96806381
ID09700,Victor Teixeira 9700,victor.teixeira.9700.9700@exemplo.com,176.814.300-00,(11) 96814300
ID09701,Vinicius Pereira 9701,vinicius.pereira.9701.9701@exemplo.com,N/A,N/A
ID09702,Elisa Ribeiro 9702,elisa.ribeiro.9702.9702@exemplo.com,N/A,N/A
ID09703,Gabriel Oliveira 9703,gabriel.oliveira.9703.9703@exemplo.com,N/A,N/A
ID09704,Fernanda Souza 9704,fernanda.souza.9704.9704@exemplo.com,176.845.976-48,(11) 96845976
ID09705,Olivia Pereira 9705,olivia.pereira.9705.9705@exemplo.com,176.853.895-85,(11) 96853895
ID09706,Henrique Fernandes 9706,henrique.fernandes.9706.9706@exemplo.com,176.861.814-22,(11) 96861814
ID09707,Fernanda Barbosa 9707,fernanda.barbosa.9707.9707@exemplo.com,N/A,N/A
ID09708,Larissa Barbosa 9708,larissa.barbosa.9708.9708@exemplo.com,N/A,N/A
ID09709,Nicolas Costa 9709,nicolas.costa.9709.9709@exemplo.com,176.885.571-33,(11) 96885571
ID09710,Henrique Pereira 9710,henrique.pereira.9710.9710@exemplo.com,176.893.490-70,(11) 96893490
ID09711,Juliana Araujo 9711,juliana.araujo.9711.9711@exemplo.com,176.901.409-07,(11) 96901409
ID09712,Paulo Ribeiro 9712,paulo.ribeiro.9712.9712@exemplo.com,176.909.328-44,(11) 96909328
ID09713,Daniela Moura 9713,daniela.moura.9713.9713@exemplo.com,176.917.247-81,(11) 96917247
ID09714,Gabriel Nascimento 9714,gabriel.nascimento.9714.9714@exemplo.com,176.925.166-18,(11) 96925166
ID09715,Larissa Silva 9715,larissa.silva.9715.9715@exemplo.com,176.933.085-55,(11) 96933085
ID09716,Thiago Pereira 9716,thiago.pereira.9716.9716@exemplo.com,176.941.004-92,(11) 96941004
ID09717,Paulo Barbosa 9717,paulo.barbosa.9717.9717@exemplo.com,N/A,N/A
ID09718,Paulo Carvalho 9718,paulo.carvalho.9718.9718@exemplo.com,N/A,N/A
ID09719,Rafael Barbosa 9719,rafael.barbosa.9719.9719@exemplo.com,176.964.761-03,(11) 96964761
ID09720,Henrique Pereira 9720,henrique.pereira.9720.9720@exemplo.com,N/A,N/A
ID09721,Olivia Araujo 9721,olivia.araujo.9721.9721@exemplo.com,N/A,N/A
ID09722,Olivia Souza 9722,olivia.souza.9722.9722@exemplo.com,176.988.518-14,(11) 96988518
ID09723,Beatriz Gomes 9723,beatriz.gomes.9723.9723@exemplo.com,N/A,N/A
ID09724,Bruno Dias 9724,bruno.dias.9724.9724@exemplo.com,177.004.356-88,(11) 97004356
ID09725,Larissa Barbosa 9725,larissa.barbosa.9725.9725@exemplo.com,177.012.275-25,(11) 97012275
ID09726,Juliana Oliveira 9726,juliana.oliveira.9726.9726@exemplo.com,177.020.194-62,(11) 97020194
ID09727,Thiago Rocha 9727,thiago.rocha.9727.9727@exemplo.com,177.028.113-99,(11) 97028113
ID09728,Nicolas Souza 9728,nicolas.souza.9728.9728@exemplo.com,N/A,N/A
ID09729,Rodrigo Dias 9729,rodrigo.dias.9729.9729@exemplo.com,177.043.951-73,(11) 97043951
ID09730,Camila Gomes 9730,camila.gomes.9730.9730@exemplo.com,177.051.870-10,(11) 97051870
ID09731,Gabriel Ribeiro 9731,gabriel.ribeiro.9731.9731@exemplo.com,177.059.789-47,(11) 97059789
ID09732,Carlos Ribeiro 9732,carlos.ribeiro.9732.9732@exemplo.com,177.067.708-84,(11) 97067708
ID09733,Sara Carvalho 9733,sara.carvalho.9733.9733@exemplo.com,177.075.627-21,(11) 97075627
ID09734,Eduardo Pereira 9734,eduardo.pereira.9734.9734@exemplo.com,177.083.546-58,(11) 97083546
ID09735,Lucas Ferreira 9735,lucas.ferreira.9735.9735@exemplo.com,N/A,N/A
ID09736,Elisa Moura 9736,elisa.moura.9736.9736@exemplo.com,N/A,N/A
ID09737,Bruno Fernandes 9737,bruno.fernandes.9737.9737@exemplo.com,N/A,N/A
ID09738,Nicolas Pereira 9738,nicolas.pereira.9738.9738@exemplo.com,177.115.222-06,(11) 97115222
ID09739,Diego Rodrigues 9739,diego.rodrigues.9739.9739@exemplo.com,177.123.141-43,(11) 97123141
ID09740,Bruno Carvalho 9740,bruno.carvalho.9740.9740@exemplo.com,177.131.060-80,(11) 97131060
ID09741,Rodrigo Fernandes 9741,rodrigo.fernandes.9741.9741@exemplo.com,177.138.979-17,(11) 97138979
ID09742,Otavio Teixeira 9742,otavio.teixeira.9742.9742@exemplo.com,177.146.898-54,(11) 97146898
ID09743,Camila Fernandes 9743,camila.fernandes.9743.9743@exemplo.com,177.154.817-91,(11) 97154817
ID09744,Otavio Moura 9744,otavio.moura.9744.9744@exemplo.com,177.162.736-28,(11) 97162736
ID09745,Rodrigo Silva 9745,rodrigo.silva.9745.9745@exemplo.com,N/A,N/A
ID09746,Giovana Barbosa 9746,giovana.barbosa.9746.9746@exemplo.com,177.178.574-02,(11) 97178574
ID09747,Eduardo Souza 9747,eduardo.souza.9747.9747@exemplo.com,177.186.493-39,(11) 97186493
ID09748,Rodrigo Santos 9748,rodrigo.santos.9748.9748@exemplo.com,177.194.412-76,(11) 97194412
ID09749,Sofia Lima 9749,sofia.lima.9749.9749@exemplo.com,177.202.331-13,(11) 97202331
ID09750,Carlos Fernandes 9750,carlos.fernandes.9750.9750@exemplo.com,177.210.250-50,(11) 97210250
ID09751,Lucas Dias 9751,lucas.dias.9751.9751@exemplo.com,177.218.169-87,(11) 97218169
ID09752,Patricia Martins 9752,patricia.martins.9752.9752@exemplo.com,177.226.088-24,(11) 97226088
ID09753,Mariana Pereira 9753,mariana.pereira.9753.9753@exemplo.com,177.234.007-61,(11) 97234007
ID09754,Daniela Souza 9754,daniela.souza.9754.9754@exemplo.com,177.241.926-98,(11) 97241926
ID09755,Rafael Martins 9755,rafael.martins.9755.9755@exemplo.com,177.249.845-35,(11) 97249845
ID09756,Victor Lima 9756,victor.lima.9756.9756@exemplo.com,177.257.764-72,(11) 97257764
ID09757,Olivia Gomes 9757,olivia.gomes.9757.9757@exemplo.com,N/A,N/A
ID09758,Juliana Almeida 9758,juliana.almeida.9758.9758@exemplo.com,N/A,N/A
ID09759,Eduardo Souza 9759,eduardo.souza.9759.9759@exemplo.com,N/A,N/A
ID09760,Diego Rodrigues 9760,diego.rodrigues.9760.9760@exemplo.com,177.289.440-20,(11) 97289440
ID09761,Fernanda Dias 9761,fernanda.dias.9761.9761@exemplo.com,177.297.359-57,(11) 97297359
ID09762,Camila Souza 9762,camila.souza.9762.9762@exemplo.com,N/A,N/A
ID09763,Olivia Oliveira 9763,olivia.oliveira.9763.9763@exemplo.com,177.313.197-31,(11) 97313197
ID09764,Rodrigo Moura 9764,rodrigo.moura.9764.9764@exemplo.com,N/A,N/A
ID09765,Olivia Souza 9765,olivia.souza.9765.9765@exemplo.com,177.329.035-05,(11) 97329035
ID09766,Eduardo Pereira 9766,eduardo.pereira.9766.9766@exemplo.com,N/A,N/A
ID09767,Valentina Gomes 9767,valentina.gomes.9767.9767@exemplo.com,177.344.873-79,(11) 97344873
ID09768,Larissa Pereira 9768,larissa.pereira.9768.9768@exemplo.com,177.352.792-16,(11) 97352792
ID09769,Henrique Santos 9769,henrique.santos.9769.9769@exemplo.com,177.360.711-53,(11) 97360711
ID09770,Eduardo Gomes 9770,eduardo.gomes.9770.9770@exemplo.com,177.368.630-90,(11) 97368630
ID09771,Sofia Ribeiro 9771,sofia.ribeiro.9771.9771@exemplo.com,177.376.549-27,(11) 97376549
ID09772,Patricia Carvalho 9772,patricia.carvalho.9772.9772@exemplo.com,N/A,N/A
ID09773,Valentina Teixeira 9773,valentina.teixeira.9773.9773@exemplo.com,177.392.387-01,(11) 97392387
ID09774,Nicolas Almeida 9774,nicolas.almeida.9774.9774@exemplo.com,177.400.306-38,(11) 97400306
ID09775,Rafael Fernandes 9775,rafael.fernandes.9775.9775@exemplo.com,177.408.225-75,(11) 97408225
ID09776,Juliana Dias 9776,juliana.dias.9776.9776@exemplo.com,177.416.144-12,(11) 97416144
ID09777,Bruno Teixeira 9777,bruno.teixeira.9777.9777@exemplo.com,177.424.063-49,(11) 97424063
ID09778,Helena Pereira 9778,helena.pereira.9778.9778@exemplo.com,177.431.982-86,(11) 97431982
ID09779,Mariana Nascimento 9779,mariana.nascimento.9779.9779@exemplo.com,177.439.901-23,(11) 97439901
ID09780,Ana Barbosa 9780,ana.barbosa.9780.9780@exemplo.com,N/A,N/A
ID09781,Gabriel Lima 9781,gabriel.lima.9781.9781@exemplo.com,177.455.739-97,(11) 97455739
ID09782,Daniela Nascimento 9782,daniela.nascimento.9782.9782@exemplo.com,177.463.658-34,(11) 97463658
ID09783,Camila Fernandes 9783,camila.fernandes.9783.9783@exemplo.com,177.471.577-71,(11) 97471577
ID09784,Bruno Nascimento 9784,bruno.nascimento.9784.9784@exemplo.com,177.479.496-08,(11) 97479496
ID09785,Mariana Almeida 9785,mariana.almeida.9785.9785@exemplo.com,177.487.415-45,(11) 97487415
ID09786,Diego Gomes 9786,diego.gomes.9786.9786@exemplo.com,177.495.334-82,(11) 97495334
ID09787,Yasmin Dias 9787,yasmin.dias.9787.9787@exemplo.com,177.503.253-19,(11) 97503253
ID09788,Olivia Oliveira 9788,olivia.oliveira.9788.9788@exemplo.com,177.511.172-56,(11) 97511172
ID09789,Patricia Ribeiro 9789,patricia.ribeiro.9789.9789@exemplo.com,177.519.091-93,(11) 97519091
ID09790,Nicolas Barbosa 9790,nicolas.barbosa.9790.9790@exemplo.com,177.527.010-30,(11) 97527010
ID09791,Otavio Pereira 9791,otavio.pereira.9791.9791@exemplo.com,177.534.929-67,(11) 97534929
ID09792,Nicolas Pereira 9792,nicolas.pereira.9792.9792@exemplo.com,177.542.848-04,(11) 97542848
ID09793,Elisa Moura 9793,elisa.moura.9793.9793@exemplo.com,N/A,N/A
ID09794,Victor Silva 9794,victor.silva.9794.9794@exemplo.com,177.558.686-78,(11) 97558686
ID09795,Sofia Ribeiro 9795,sofia.ribeiro.9795.9795@exemplo.com,177.566.605-15,(11) 97566605
ID09796,Paulo Carvalho 9796,paulo.carvalho.9796.9796@exemplo.com,N/A,N/A
ID09797,Patricia Araujo 9797,patricia.araujo.9797.9797@exemplo.com,177.582.443-89,(11) 97582443
ID09798,Yasmin Barbosa 9798,yasmin.barbosa.9798.9798@exemplo.com,177.590.362-26,(11) 97590362
ID09799,Juliana Fernandes 9799,juliana.fernandes.9799.9799@exemplo.com,177.598.281-63,(11) 97598281
ID09800,Valentina Souza 9800,valentina.souza.9800.9800@exemplo.com,177.606.200-00,(11) 97606200
ID09801,Camila Oliveira 9801,camila.oliveira.9801.9801@exemplo.com,177.614.119-37,(11) 97614119
ID09802,Larissa Ribeiro 9802,larissa.ribeiro.9802.9802@exemplo.com,177.622.038-74,(11) 97622038
ID09803,Olivia Almeida 9803,olivia.almeida.9803.9803@exemplo.com,N/A,N/A
ID09804,Beatriz Gomes 9804,beatriz.gomes.9804.9804@exemplo.com,177.637.876-48,(11) 97637876
ID09805,Eduardo Moura 9805,eduardo.moura.9805.9805@exemplo.com,177.645.795-85,(11) 97645795
ID09806,Victor Carvalho 9806,victor.carvalho.9806.9806@exemplo.com,177.653.714-22,(11) 97653714
ID09807,Natalia Rodrigues 9807,natalia.rodrigues.9807.9807@exemplo.com,177.661.633-59,(11) 97661633
ID09808,Helena Pereira 9808,helena.pereira.9808.9808@exemplo.com,177.669.552-96,(11) 97669552
ID09809,Valentina Santos 9809,valentina.santos.9809.9809@exemplo.com,N/A,N/A
ID09810,Victor Dias 9810,victor.dias.9810.9810@exemplo.com,177.685.390-70,(11) 97685390
ID09811,Gabriel Souza 9811,gabriel.souza.9811.9811@exemplo.com,N/A,N/A
ID09812,Igor Araujo 9812,igor.araujo.9812.9812@exemplo.com,177.701.228-44,(11) 97701228
ID09813,Helena Costa 9813,helena.costa.9813.9813@exemplo.com,N/A,N/A
ID09814,Joao Costa 9814,joao.costa.9814.9814@exemplo.com,N/A,N/A
ID09815,Marcelo Souza 9815,marcelo.souza.9815.9815@exemplo.com,177.724.985-55,(11) 97724985
ID09816,Sofia Fernandes 9816,sofia.fernandes.9816.9816@exemplo.com,177.732.904-92,(11) 97732904
ID09817,Juliana Rodrigues 9817,juliana.rodrigues.9817.9817@exemplo.com,177.740.823-29,(11) 97740823
ID09818,Isabela Martins 9818,isabela.martins.9818.9818@exemplo.com,N/A,N/A
ID09819,Diego Pereira 9819,diego.pereira.9819.9819@exemplo.com,N/A,N/A
ID09820,Olivia Rodrigues 9820,olivia.rodrigues.9820.9820@exemplo.com,177.764.580-40,(11) 97764580
ID09821,Victor Santos 9821,victor.santos.9821.9821@exemplo.com,N/A,N/A
ID09822,Giovana Gomes 9822,giovana.gomes.9822.9822@exemplo.com,N/A,N/A
ID09823,Igor Martins 9823,igor.martins.9823.9823@exemplo.com,177.788.337-51,(11) 97788337
ID09824,Rafael Teixeira 9824,rafael.teixeira.9824.9824@exemplo.com,N/A,N/A
ID09825,Victor Souza 9825,victor.souza.9825.9825@exemplo.com,N/A,N/A
ID09826,Rodrigo Pereira 9826,rodrigo.pereira.9826.9826@exemplo.com,177.812.094-62,(11) 97812094
ID09827,Paulo Lima 9827,paulo.lima.9827.9827@exemplo.com,177.820.013-99,(11) 97820013
ID09828,Marcelo Pereira 9828,marcelo.pereira.9828.9828@exemplo.com,177.827.932-36,(11) 97827932
ID09829,Larissa Silva 9829,larissa.silva.9829.9829@exemplo.com,177.835.851-73,(11) 97835851
ID09830,Henrique Oliveira 9830,henrique.oliveira.9830.9830@exemplo.com,177.843.770-10,(11) 97843770
ID09831,Rafael Santos 9831,rafael.santos.9831.9831@exemplo.com,177.851.689-47,(11) 97851689
ID09832,Juliana Ribeiro 9832,juliana.ribeiro.9832.9832@exemplo.com,177.859.608-84,(11) 97859608
ID09833,Yasmin Almeida 9833,yasmin.almeida.9833.9833@exemplo.com,177.867.527-21,(11) 97867527
ID09834,Camila Souza 9834,camila.souza.9834.9834@exemplo.com,N/A,N/A
ID09835,Camila Dias 9835,camila.dias.9835.9835@exemplo.com,177.883.365-95,(11) 97883365
ID09836,Natalia Fernandes 9836,natalia.fernandes.9836.9836@exemplo.com,177.891.284-32,(11) 97891284
ID09837,Sofia Fernandes 9837,sofia.fernandes.9837.9837@exemplo.com,N/A,N/A
ID09838,Nicolas Lima 9838,nicolas.lima.9838.9838@exemplo.com,177.907.122-06,(11) 97907122
ID09839,Rafael Silva 9839,rafael.silva.9839.9839@exemplo.com,177.915.041-43,(11) 97915041
ID09840,Camila Dias 9840,camila.dias.9840.9840@exemplo.com,177.922.960-80,(11) 97922960
ID09841,Daniela Rodrigues 9841,daniela.rodrigues.9841.9841@exemplo.com,177.930.879-17,(11) 97930879
ID09842,Eduardo Silva 9842,eduardo.silva.9842.9842@exemplo.com,177.938.798-54,(11) 97938798
ID09843,Joao Oliveira 9843,joao.oliveira.9843.9843@exemplo.com,N/A,N/A
ID09844,Patricia Silva 9844,patricia.silva.9844.9844@exemplo.com,177.954.636-28,(11) 97954636
ID09845,Marcelo Dias 9845,marcelo.dias.9845.9845@exemplo.com,177.962.555-65,(11) 97962555
ID09846,Diego Carvalho 9846,diego.carvalho.9846.9846@exemplo.com,N/A,N/A
ID09847,Igor Gomes 9847,igor.gomes.9847.9847@exemplo.com,177.978.393-39,(11) 97978393
ID09848,Natalia Silva 9848,natalia.silva.9848.9848@exemplo.com,N/A,N/A
ID09849,Henrique Martins 9849,henrique.martins.9849.9849@exemplo.com,177.994.231-13,(11) 97994231
ID09850,Lucas Dias 9850,lucas.dias.9850.9850@exemplo.com,N/A,N/A
ID09851,Carlos Almeida 9851,carlos.almeida.9851.9851@exemplo.com,178.010.069-87,(11) 98010069
ID09852,Carlos Oliveira 9852,carlos.oliveira.9852.9852@exemplo.com,178.017.988-24,(11) 98017988
ID09853,Mariana Souza 9853,mariana.souza.9853.9853@exemplo.com,178.025.907-61,(11) 98025907
ID09854,Marcelo Almeida 9854,marcelo.almeida.9854.9854@exemplo.com,178.033.826-98,(11) 98033826
ID09855,Helena Gomes 9855,helena.gomes.9855.9855@exemplo.com,178.041.745-35,(11) 98041745
ID09856,Giovana Carvalho 9856,giovana.carvalho.9856.9856@exemplo.com,178.049.664-72,(11) 98049664
ID09857,Paulo Santos 9857,paulo.santos.9857.9857@exemplo.com,178.057.583-09,(11) 98057583
ID09858,Natalia Costa 9858,natalia.costa.9858.9858@exemplo.com,178.065.502-46,(11) 98065502
ID09859,Daniela Santos 9859,daniela.santos.9859.9859@exemplo.com,N/A,N/A
ID09860,Paulo Dias 9860,paulo.dias.9860.9860@exemplo.com,N/A,N/A
ID09861,Olivia Nascimento 9861,olivia.nascimento.9861.9861@exemplo.com,178.089.259-57,(11) 98089259
ID09862,Paulo Moura 9862,paulo.moura.9862.9862@exemplo.com,178.097.178-94,(11) 98097178
ID09863,Helena Moura 9863,helena.moura.9863.9863@exemplo.com,N/A,N/A
ID09864,Diego Lima 9864,diego.lima.9864.9864@exemplo.com,178.113.016-68,(11) 98113016
ID09865,Natalia Rodrigues 9865,natalia.rodrigues.9865.9865@exemplo.com,178.120.935-05,(11) 98120935
ID09866,Valentina Pereira 9866,valentina.pereira.9866.9866@exemplo.com,N/A,N/A
ID09867,Lucas Costa 9867,lucas.costa.9867.9867@exemplo.com,178.136.773-79,(11) 98136773
ID09868,Vinicius Nascimento 9868,vinicius.nascimento.9868.9868@exemplo.com,178.144.692-16,(11) 98144692
ID09869,Thiago Teixeira 9869,thiago.teixeira.9869.9869@exemplo.com,178.152.611-53,(11) 98152611
ID09870,Paulo Carvalho 9870,paulo.carvalho.9870.9870@exemplo.com,178.160.530-90,(11) 98160530
ID09871,Helena Barbosa 9871,helena.barbosa.9871.9871@exemplo.com,N/A,N/A
ID09872,Fernanda Almeida 9872,fernanda.almeida.9872.9872@exemplo.com,N/A,N/A
ID09873,Natalia Carvalho 9873,natalia.carvalho.9873.9873@exemplo.com,178.184.287-01,(11) 98184287
ID09874,Patricia Araujo 9874,patricia.araujo.9874.9874@exemplo.com,N/A,N/A
ID09875,Lucas Nascimento 9875,lucas.nascimento.9875.9875@exemplo.com,178.200.125-75,(11) 98200125
ID09876,Natalia Pereira 9876,natalia.pereira.9876.9876@exemplo.com,178.208.044-12,(11) 98208044
ID09877,Yasmin Almeida 9877,yasmin.almeida.9877.9877@exemplo.com,178.215.963-49,(11) 98215963
ID09878,Camila Souza 9878,camila.souza.9878.9878@exemplo.com,178.223.882-86,(11) 98223882
ID09879,Juliana Souza 9879,juliana.souza.9879.9879@exemplo.com,N/A,N/A
ID09880,Beatriz Fernandes 9880,beatriz.fernandes.9880.9880@exemplo.com,N/A,N/A
ID09881,Nicolas Silva 9881,nicolas.silva.9881.9881@exemplo.com,178.247.639-97,(11) 98247639
ID09882,Lucas Fernandes 9882,lucas.fernandes.9882.9882@exemplo.com,178.255.558-34,(11) 98255558
ID09883,Rodrigo Barbosa 9883,rodrigo.barbosa.9883.9883@exemplo.com,178.263.477-71,(11) 98263477
ID09884,Paulo Lima 9884,paulo.lima.9884.9884@exemplo.com,N/A,N/A
ID09885,Olivia Rodrigues 9885,olivia.rodrigues.9885.9885@exemplo.com,178.279.315-45,(11) 98279315
ID09886,Sofia Moura 9886,sofia.moura.9886.9886@exemplo.com,178.287.234-82,(11) 98287234
ID09887,Carlos Ribeiro 9887,carlos.ribeiro.9887.9887@exemplo.com,N/A,N/A
ID09888,Isabela Moura 9888,isabela.moura.9888.9888@exemplo.com,N/A,N/A
ID09889,Natalia Almeida 9889,natalia.almeida.9889.9889@exemplo.com,178.310.991-93,(11) 98310991
ID09890,Carlos Pereira 9890,carlos.pereira.9890.9890@exemplo.com,N/A,N/A
ID09891,Rodrigo Almeida 9891,rodrigo.almeida.9891.9891@exemplo.com,178.326.829-67,(11) 98326829
ID09892,Juliana Teixeira 9892,juliana.teixeira.9892.9892@exemplo.com,178.334.748-04,(11) 98334748
ID09893,Larissa Pereira 9893,larissa.pereira.9893.9893@exemplo.com,178.342.667-41,(11) 98342667
ID09894,Helena Carvalho 9894,helena.carvalho.9894.9894@exemplo.com,N/A,N/A
ID09895,Sofia Costa 9895,sofia.costa.9895.9895@exemplo.com,178.358.505-15,(11) 98358505
ID09896,Igor Lima 9896,igor.lima.9896.9896@exemplo.com,178.366.424-52,(11) 98366424
ID09897,Patricia Silva 9897,patricia.silva.9897.9897@exemplo.com,178.374.343-89,(11) 98374343
ID09898,Camila Nascimento 9898,camila.nascimento.9898.9898@exemplo.com,178.382.262-26,(11) 98382262
ID09899,Beatriz Costa 9899,beatriz.costa.9899.9899@exemplo.com,N/A,N/A
ID09900,Rodrigo Almeida 9900,rodrigo.almeida.9900.9900@exemplo.com,N/A,N/A
ID09901,Vinicius Nascimento 9901,vinicius.nascimento.9901.9901@exemplo.com,178.406.019-37,(11) 98406019
ID09902,Olivia Lima 9902,olivia.lima.9902.9902@exemplo.com,178.413.938-74,(11) 98413938
ID09903,Thiago Rodrigues 9903,thiago.rodrigues.9903.9903@exemplo.com,178.421.857-11,(11) 98421857
ID09904,Beatriz Nascimento 9904,beatriz.nascimento.9904.9904@exemplo.com,178.429.776-48,(11) 98429776
ID09905,Ana Araujo 9905,ana.araujo.9905.9905@exemplo.com,178.437.695-85,(11) 98437695
ID09906,Marcelo Barbosa 9906,marcelo.barbosa.9906.9906@exemplo.com,178.445.614-22,(11) 98445614
ID09907,Sofia Dias 9907,sofia.dias.9907.9907@exemplo.com,178.453.533-59,(11) 98453533
ID09908,Igor Teixeira 9908,igor.teixeira.9908.9908@exemplo.com,178.461.452-96,(11) 98461452
ID09909,Giovana Barbosa 9909,giovana.barbosa.9909.9909@exemplo.com,178.469.371-33,(11) 98469371
ID09910,Beatriz Pereira 9910,beatriz.pereira.9910.9910@exemplo.com,178.477.290-70,(11) 98477290
ID09911,Sara Costa 9911,sara.costa.9911.9911@exemplo.com,N/A,N/A
ID09912,Henrique Carvalho 9912,henrique.carvalho.9912.9912@exemplo.com,N/A,N/A
ID09913,Ana Barbosa 9913,ana.barbosa.9913.9913@exemplo.com,178.501.047-81,(11) 98501047
ID09914,Juliana Almeida 9914,juliana.almeida.9914.9914@exemplo.com,178.508.966-18,(11) 98508966
ID09915,Paulo Barbosa 9915,paulo.barbosa.9915.9915@exemplo.com,178.516.885-55,(11) 98516885
ID09916,Felipe Teixeira 9916,felipe.teixeira.9916.9916@exemplo.com,N/A,N/A
ID09917,Paulo Nascimento 9917,paulo.nascimento.9917.9917@exemplo.com,178.532.723-29,(11) 98532723
ID09918,Otavio Araujo 9918,otavio.araujo.9918.9918@exemplo.com,178.540.642-66,(11) 98540642
ID09919,Olivia Dias 9919,olivia.dias.9919.9919@exemplo.com,178.548.561-03,(11) 98548561
ID09920,Henrique Oliveira 9920,henrique.oliveira.9920.9920@exemplo.com,178.556.480-40,(11) 98556480
ID09921,Bruno Souza 9921,bruno.souza.9921.9921@exemplo.com,178.564.399-77,(11) 98564399
ID09922,Camila Carvalho 9922,camila.carvalho.9922.9922@exemplo.com,178.572.318-14,(11) 98572318
ID09923,Vinicius Pereira 9923,vinicius.pereira.9923.9923@exemplo.com,178.580.237-51,(11) 98580237
ID09924,Nicolas Ribeiro 9924,nicolas.ribeiro.9924.9924@exemplo.com,178.588.156-88,(11) 98588156
ID09925,Camila Teixeira 9925,camila.teixeira.9925.9925@exemplo.com,178.596.075-25,(11) 98596075
ID09926,Valentina Araujo 9926,valentina.araujo.9926.9926@exemplo.com,N/A,N/A
ID09927,Rodrigo Oliveira 9927,rodrigo.oliveira.9927.9927@exemplo.com,N/A,N/A
ID09928,Mariana Carvalho 9928,mariana.carvalho.9928.9928@exemplo.com,178.619.832-36,(11) 98619832
ID09929,Nicolas Moura 9929,nicolas.moura.9929.9929@exemplo.com,178.627.751-73,(11) 98627751
ID09930,Fernanda Costa 9930,fernanda.costa.9930.9930@exemplo.com,N/A,N/A
ID09931,Elisa Silva 9931,elisa.silva.9931.9931@exemplo.com,N/A,N/A
ID09932,Yasmin Pereira 9932,yasmin.pereira.9932.9932@exemplo.com,178.651.508-84,(11) 98651508
ID09933,Yasmin Rodrigues 9933,yasmin.rodrigues.9933.9933@exemplo.com,N/A,N/A
ID09934,Camila Souza 9934,camila.souza.9934.9934@exemplo.com,178.667.346-58,(11) 98667346
ID09935,Juliana Costa 9935,juliana.costa.9935.9935@exemplo.com,178.675.265-95,(11) 98675265
ID09936,Joao Nascimento 9936,joao.nascimento.9936.9936@exemplo.com,N/A,N/A
ID09937,Nicolas Silva 9937,nicolas.silva.9937.9937@exemplo.com,178.691.103-69,(11) 98691103
ID09938,Olivia Almeida 9938,olivia.almeida.9938.9938@exemplo.com,178.699.022-06,(11) 98699022
ID09939,Helena Barbosa 9939,helena.barbosa.9939.9939@exemplo.com,N/A,N/A
ID09940,Larissa Ribeiro 9940,larissa.ribeiro.9940.9940@exemplo.com,178.714.860-80,(11) 98714860
ID09941,Isabela Souza 9941,isabela.souza.9941.9941@exemplo.com,N/A,N/A
ID09942,Helena Gomes 9942,helena.gomes.9942.9942@exemplo.com,178.730.698-54,(11) 98730698
ID09943,Isabela Gomes 9943,isabela.gomes.9943.9943@exemplo.com,178.738.617-91,(11) 98738617
ID09944,Larissa Silva 9944,larissa.silva.9944.9944@exemplo.com,N/A,N/A
ID09945,Mariana Costa 9945,mariana.costa.9945.9945@exemplo.com,N/A,N/A
ID09946,Beatriz Araujo 9946,beatriz.araujo.9946.9946@exemplo.com,178.762.374-02,(11) 98762374
ID09947,Rafael Oliveira 9947,rafael.oliveira.9947.9947@exemplo.com,N/A,N/A
ID09948,Paulo Araujo 9948,paulo.araujo.9948.9948@exemplo.com,178.778.212-76,(11) 98778212
ID09949,Valentina Teixeira 9949,valentina.teixeira.9949.9949@exemplo.com,178.786.131-13,(11) 98786131
ID09950,Lucas Martins 9950,lucas.martins.9950.9950@exemplo.com,178.794.050-50,(11) 98794050
ID09951,Camila Dias 9951,camila.dias.9951.9951@exemplo.com,N/A,N/A
ID09952,Igor Souza 9952,igor.souza.9952.9952@exemplo.com,N/A,N/A
ID09953,Paulo Dias 9953,paulo.dias.9953.9953@exemplo.com,N/A,N/A
ID09954,Giovana Silva 9954,giovana.silva.9954.9954@exemplo.com,178.825.726-98,(11) 98825726
ID09955,Nicolas Rodrigues 9955,nicolas.rodrigues.9955.9955@exemplo.com,178.833.645-35,(11) 98833645
ID09956,Natalia Pereira 9956,natalia.pereira.9956.9956@exemplo.com,178.841.564-72,(11) 98841564
ID09957,Victor Nascimento 9957,victor.nascimento.9957.9957@exemplo.com,N/A,N/A
ID09958,Paulo Gomes 9958,paulo.gomes.9958.9958@exemplo.com,178.857.402-46,(11) 98857402
ID09959,Sara Gomes 9959,sara.gomes.9959.9959@exemplo.com,178.865.321-83,(11) 98865321
ID09960,Henrique Silva 9960,henrique.silva.9960.9960@exemplo.com,178.873.240-20,(11) 98873240
ID09961,Juliana Nascimento 9961,juliana.nascimento.9961.9961@exemplo.com,N/A,N/A
ID09962,Bruno Pereira 9962,bruno.pereira.9962.9962@exemplo.com,N/A,N/A
ID09963,Patricia Souza 9963,patricia.souza.9963.9963@exemplo.com,178.896.997-31,(11) 98896997
ID09964,Olivia Martins 9964,olivia.martins.9964.9964@exemplo.com,178.904.916-68,(11) 98904916
ID09965,Natalia Lima 9965,natalia.lima.9965.9965@exemplo.com,178.912.835-05,(11) 98912835
ID09966,Joao Gomes 9966,joao.gomes.9966.9966@exemplo.com,N/A,N/A
ID09967,Helena Carvalho 9967,helena.carvalho.9967.9967@exemplo.com,178.928.673-79,(11) 98928673
ID09968,Henrique Fernandes 9968,henrique.fernandes.9968.9968@exemplo.com,178.936.592-16,(11) 98936592
ID09969,Vanessa Dias 9969,vanessa.dias.9969.9969@exemplo.com,N/A,N/A
ID09970,Sofia Teixeira 9970,sofia.teixeira.9970.9970@exemplo.com,N/A,N/A
ID09971,Sofia Moura 9971,sofia.moura.9971.9971@exemplo.com,N/A,N/A
ID09972,Valentina Oliveira 9972,valentina.oliveira.9972.9972@exemplo.com,178.968.268-64,(11) 98968268
ID09973,Rafael Barbosa 9973,rafael.barbosa.9973.9973@exemplo.com,178.976.187-01,(11) 98976187
ID09974,Felipe Ribeiro 9974,felipe.ribeiro.9974.9974@exemplo.com,N/A,N/A
ID09975,Joao Martins 9975,joao.martins.9975.9975@exemplo.com,N/A,N/A
ID09976,Marcelo Gomes 9976,marcelo.gomes.9976.9976@exemplo.com,N/A,N/A
ID09977,Daniela Lima 9977,daniela.lima.9977.9977@exemplo.com,N/A,N/A
ID09978,Rodrigo Oliveira 9978,rodrigo.oliveira.9978.9978@exemplo.com,N/A,N/A
ID09979,Sofia Carvalho 9979,sofia.carvalho.9979.9979@exemplo.com,179.023.701-23,(11) 99023701
ID09980,Otavio Silva 9980,otavio.silva.9980.9980@exemplo.com,N/A,N/A
ID09981,Sofia Fernandes 9981,sofia.fernandes.9981.9981@exemplo.com,179.039.539-97,(11) 99039539
ID09982,Nicolas Almeida 9982,nicolas.almeida.9982.9982@exemplo.com,179.047.458-34,(11) 99047458
ID09983,Marcelo Lima 9983,marcelo.lima.9983.9983@exemplo.com,N/A,N/A
ID09984,Yasmin Rodrigues 9984,yasmin.rodrigues.9984.9984@exemplo.com,179.063.296-08,(11) 99063296
ID09985,Valentina Rodrigues 9985,valentina.rodrigues.9985.9985@exemplo.com,179.071.215-45,(11) 99071215
ID09986,Otavio Dias 9986,otavio.dias.9986.9986@exemplo.com,179.079.134-82,(11) 99079134
ID09987,Otavio Costa 9987,otavio.costa.9987.9987@exemplo.com,179.087.053-19,(11) 99087053
ID09988,Rafael Araujo 9988,rafael.araujo.9988.9988@exemplo.com,179.094.972-56,(11) 99094972
ID09989,Rafael Barbosa 9989,rafael.barbosa.9989.9989@exemplo.com,N/A,N/A
ID09990,Beatriz Fernandes 9990,beatriz.fernandes.9990.9990@exemplo.com,179.110.810-30,(11) 99110810
ID09991,Lucas Araujo 9991,lucas.araujo.9991.9991@exemplo.com,N/A,N/A
ID09992,Rodrigo Santos 9992,rodrigo.santos.9992.9992@exemplo.com,N/A,N/A
ID09993,Ana Costa 9993,ana.costa.9993.9993@exemplo.com,179.134.567-41,(11) 99134567
ID09994,Daniela Santos 9994,daniela.santos.9994.9994@exemplo.com,N/A,N/A
ID09995,Camila Dias 9995,camila.dias.9995.9995@exemplo.com,179.150.405-15,(11) 99150405
ID09996,Nicolas Nascimento 9996,nicolas.nascimento.9996.9996@exemplo.com,N/A,N/A
ID09997,Nicolas Ribeiro 9997,nicolas.ribeiro.9997.9997@exemplo.com,179.166.243-89,(11) 99166243
ID09998,Juliana Araujo 9998,juliana.araujo.9998.9998@exemplo.com,179.174.162-26,(11) 99174162
ID09999,Otavio Gomes 9999,otavio.gomes.9999.9999@exemplo.com,N/A,N/A
ID10000,Carlos Martins 10000,carlos.martins.10000.10000@exemplo.com,N/A,N/A
